window_id,event_id,network,station,location,channel,latitude,longitude,start_time,end_time,sampling_rate,native_sampling_rate,window_len_sec,p_offset_sec,window_type,label,label_name,label_method,source,bandpass_hz,rms,peak,rms_band,peak_band,band_ratio,stalta_band_max,kurtosis_band,reviewed,review_label
0,,AK,K222,,HNZ,61.0876,-149.8366,2026-09-09T08:00:00.000000Z,2026-09-09T08:01:00.000000Z,100.0,200.0,60.0,,noise,0,Noise,events:arr_summer_2026.csv,AK,2.0-20.0,11.451088361744405,82.70421768040113,10.937628059814932,72.53540887240324,0.9123317099936099,4.43186918022973,5.737911238483655,,
1,,AK,K222,,HNZ,61.0876,-149.8366,2026-09-09T08:01:00.000000Z,2026-09-09T08:02:00.000000Z,100.0,200.0,60.0,,noise,0,Noise,events:arr_summer_2026.csv,AK,2.0-20.0,8.181059740219998,61.162782019306974,7.546982101564619,60.4065668504145,0.8509959868477943,4.421120971545433,5.974474903705078,,
2,,AK,K222,,HNZ,61.0876,-149.8366,2026-09-09T08:02:00.000000Z,2026-09-09T08:03:00.000000Z,100.0,200.0,60.0,,noise,0,Noise,events:arr_summer_2026.csv,AK,2.0-20.0,8.088881495740628,144.86341363718003,7.669552888498521,123.66379444885278,0.8990071533910893,8.862893615022907,49.0808837571283,,
3,,AK,K222,,HNZ,61.0876,-149.8366,2026-09-09T08:03:00.000000Z,2026-09-09T08:04:00.000000Z,100.0,200.0,60.0,,noise,0,Noise,events:arr_summer_2026.csv,AK,2.0-20.0,4.556713258384795,36.46750342605127,4.268033338120988,37.97170311608495,0.8773082335730207,4.352274349206653,9.500899308348707,,
4,,AK,K222,,HNZ,61.0876,-149.8366,2026-09-09T08:04:00.000000Z,2026-09-09T08:05:00.000000Z,100.0,200.0,60.0,,noise,0,Noise,events:arr_summer_2026.csv,AK,2.0-20.0,2.789273142139647,11.439931750874011,2.414732723224878,9.020792436750977,0.7494730915230534,2.081255522750343,-0.13720131600976515,,
5,,AK,K222,,HNZ,61.0876,-149.8366,2026-09-09T08:05:00.000000Z,2026-09-09T08:06:00.000000Z,100.0,200.0,60.0,,noise,0,Noise,events:arr_summer_2026.csv,AK,2.0-20.0,17.017233107689446,118.15162724056222,16.807515582234778,103.95527801320185,0.9755042124253266,3.918436938634644,5.985917791105459,,
6,,AK,K222,,HNZ,61.0876,-149.8366,2026-09-09T08:06:00.000000Z,2026-09-09T08:07:00.000000Z,100.0,200.0,60.0,,noise,0,Noise,events:arr_summer_2026.csv,AK,2.0-20.0,4.802089601559059,41.88896462598738,4.358427695804921,36.25935593551814,0.8237571037780271,3.4664352462541324,10.331497131979539,,
7,,AK,K222,,HNZ,61.0876,-149.8366,2026-09-09T08:07:00.000000Z,2026-09-09T08:08:00.000000Z,100.0,200.0,60.0,,noise,0,Noise,events:arr_summer_2026.csv,AK,2.0-20.0,4.9790059384050505,42.70591737675705,4.642081707326962,46.92798771480918,0.8692411391636512,2.491903233934183,12.355181451205855,,
8,,AK,K222,,HNZ,61.0876,-149.8366,2026-09-09T08:08:00.000000Z,2026-09-09T08:09:00.000000Z,100.0,200.0,60.0,,noise,0,Noise,events:arr_summer_2026.csv,AK,2.0-20.0,2.660059009432609,13.177800731391708,2.3635032615777942,10.07138989655136,0.7894595270460862,2.6011760159551733,0.23936765949106542,,
9,,AK,K222,,HNZ,61.0876,-149.8366,2026-09-09T08:09:00.000000Z,2026-09-09T08:10:00.000000Z,100.0,200.0,60.0,,noise,0,Noise,events:arr_summer_2026.csv,AK,2.0-20.0,3.1295630072458853,31.443059650519007,2.8426240722624243,34.31767366413348,0.825033265495629,4.778896922579446,9.818710877242996,,
10,,AK,K222,,HNZ,61.0876,-149.8366,2026-09-09T08:10:00.000000Z,2026-09-09T08:11:00.000000Z,100.0,200.0,60.0,,noise,0,Noise,events:arr_summer_2026.csv,AK,2.0-20.0,2.2965790666697212,8.789401157864733,1.9509143435648528,8.425261919395496,0.7216283717563285,1.804028100459267,-0.17939408728913842,,
11,,AK,K222,,HNZ,61.0876,-149.8366,2026-09-09T08:11:00.000000Z,2026-09-09T08:12:00.000000Z,100.0,200.0,60.0,,noise,0,Noise,events:arr_summer_2026.csv,AK,2.0-20.0,5.158249871809692,43.23547277878852,4.851561004536151,41.152117470517695,0.8846230294672074,3.7617529011262745,6.327399994980622,,
12,,AK,K222,,HNZ,61.0876,-149.8366,2026-09-09T08:12:00.000000Z,2026-09-09T08:13:00.000000Z,100.0,200.0,60.0,,noise,0,Noise,events:arr_summer_2026.csv,AK,2.0-20.0,7.057865081751748,48.98271122984691,6.872742302719049,51.32592102163784,0.94822939868301,5.096351614775681,7.230593584241703,,
13,,AK,K222,,HNZ,61.0876,-149.8366,2026-09-09T08:13:00.000000Z,2026-09-09T08:14:00.000000Z,100.0,200.0,60.0,,noise,0,Noise,events:arr_summer_2026.csv,AK,2.0-20.0,3.4583439438295094,19.66511199228182,3.152333207278353,20.66550069534615,0.8308600313374415,3.503029633489822,3.101868027964626,,
14,,AK,K222,,HNZ,61.0876,-149.8366,2026-09-09T08:14:00.000000Z,2026-09-09T08:15:00.000000Z,100.0,200.0,60.0,,noise,0,Noise,events:arr_summer_2026.csv,AK,2.0-20.0,11.434453438083995,82.44553912422936,11.252783102942285,88.32562275468112,0.9684764734844062,4.743316718858984,10.449556988930746,,
15,,AK,K222,,HNZ,61.0876,-149.8366,2026-09-09T08:15:00.000000Z,2026-09-09T08:16:00.000000Z,100.0,200.0,60.0,,noise,0,Noise,events:arr_summer_2026.csv,AK,2.0-20.0,3.658146322542376,24.74480634774816,3.4141024853200825,25.89976924017347,0.8710256848723432,5.454654307551941,6.390491972983321,,
16,,AK,K222,,HNZ,61.0876,-149.8366,2026-09-09T08:16:00.000000Z,2026-09-09T08:17:00.000000Z,100.0,200.0,60.0,,noise,0,Noise,events:arr_summer_2026.csv,AK,2.0-20.0,6.416663353486495,57.99714182223834,6.166522872071349,62.734999744381426,0.9235537659757079,5.2891068823949405,10.056738463628399,,
17,,AK,K222,,HNZ,61.0876,-149.8366,2026-09-09T08:17:00.000000Z,2026-09-09T08:18:00.000000Z,100.0,200.0,60.0,,noise,0,Noise,events:arr_summer_2026.csv,AK,2.0-20.0,3.6320548871151246,19.212871444525835,3.076757186005809,18.03719992396462,0.717598696916499,2.784145881062569,0.697974528173519,,
18,,AK,K222,,HNZ,61.0876,-149.8366,2026-09-09T08:18:00.000000Z,2026-09-09T08:19:00.000000Z,100.0,200.0,60.0,,noise,0,Noise,events:arr_summer_2026.csv,AK,2.0-20.0,6.981785298890715,45.72915867069562,6.614081881107897,44.606536952034986,0.8974415140042574,4.078561497419402,3.345229248620541,,
19,,AK,K222,,HNZ,61.0876,-149.8366,2026-09-09T08:19:00.000000Z,2026-09-09T08:20:00.000000Z,100.0,200.0,60.0,,noise,0,Noise,events:arr_summer_2026.csv,AK,2.0-20.0,9.141622573690618,76.69487693347396,8.863707118653078,68.62103859140117,0.9401220113931817,5.082304201858996,6.278352558072861,,
20,,AK,K222,,HNZ,61.0876,-149.8366,2026-09-09T08:20:00.000000Z,2026-09-09T08:21:00.000000Z,100.0,200.0,60.0,,noise,0,Noise,events:arr_summer_2026.csv,AK,2.0-20.0,5.556334379288701,72.38719148603795,5.319201380312631,75.41012257261511,0.9164654942689762,5.41814973450056,19.142390667605863,,
21,,AK,K222,,HNZ,61.0876,-149.8366,2026-09-09T08:21:00.000000Z,2026-09-09T08:22:00.000000Z,100.0,200.0,60.0,,noise,0,Noise,events:arr_summer_2026.csv,AK,2.0-20.0,3.855808577198363,33.09831009535775,3.5037861041451555,31.614475316509555,0.8257417467619335,4.715568590240428,8.055832469444246,,
22,,AK,K222,,HNZ,61.0876,-149.8366,2026-09-09T08:22:00.000000Z,2026-09-09T08:23:00.000000Z,100.0,200.0,60.0,,noise,0,Noise,events:arr_summer_2026.csv,AK,2.0-20.0,2.825965696571097,24.308059545966117,2.4950441649866653,18.748701820006428,0.7795118173214833,2.3809435707110427,1.4157493373152326,,
23,,AK,K222,,HNZ,61.0876,-149.8366,2026-09-09T08:23:00.000000Z,2026-09-09T08:24:00.000000Z,100.0,200.0,60.0,,noise,0,Noise,events:arr_summer_2026.csv,AK,2.0-20.0,8.87544416427928,90.62478768936639,8.636720822572503,86.92738445076415,0.9469293345790654,6.083636290182798,12.508600118124708,,
24,,AK,K222,,HNZ,61.0876,-149.8366,2026-09-09T08:27:00.000000Z,2026-09-09T08:28:00.000000Z,100.0,200.0,60.0,,noise,0,Noise,events:arr_summer_2026.csv,AK,2.0-20.0,16.296026138046365,106.01534011176645,15.502707504286816,105.28380933069396,0.9050064637682095,4.383588365692466,7.0166624404562,,
25,,AK,K222,,HNZ,61.0876,-149.8366,2026-09-09T08:28:00.000000Z,2026-09-09T08:29:00.000000Z,100.0,200.0,60.0,,noise,0,Noise,events:arr_summer_2026.csv,AK,2.0-20.0,12.981844183314855,100.02494711999499,12.663709939094085,99.23057566737678,0.9515883681016588,2.530892752616456,12.81127842455452,,
26,,AK,K222,,HNZ,61.0876,-149.8366,2026-09-09T08:29:00.000000Z,2026-09-09T08:30:00.000000Z,100.0,200.0,60.0,,noise,0,Noise,events:arr_summer_2026.csv,AK,2.0-20.0,8.542050694558082,51.853140728121566,8.201237144431355,49.71599803916353,0.9217952183916065,3.651487760773927,4.332121311352797,,
27,,AK,K222,,HNZ,61.0876,-149.8366,2026-09-09T08:30:00.000000Z,2026-09-09T08:31:00.000000Z,100.0,200.0,60.0,,noise,0,Noise,events:arr_summer_2026.csv,AK,2.0-20.0,6.8417334676409745,32.2961109443234,5.841612785861268,24.392162136545927,0.72900956993129,2.8213910529798114,1.1499044485583436,,
28,,AK,K222,,HNZ,61.0876,-149.8366,2026-09-09T08:31:00.000000Z,2026-09-09T08:32:00.000000Z,100.0,200.0,60.0,,noise,0,Noise,events:arr_summer_2026.csv,AK,2.0-20.0,7.423793837206641,51.27271714509743,6.830212574936237,51.218206632476026,0.8464798707857406,3.135808161459323,7.092122128722915,,
29,,AK,K222,,HNZ,61.0876,-149.8366,2026-09-09T08:32:00.000000Z,2026-09-09T08:33:00.000000Z,100.0,200.0,60.0,,noise,0,Noise,events:arr_summer_2026.csv,AK,2.0-20.0,8.136580640177058,59.33117596975774,6.5810871154329575,49.782548522319786,0.6542013159305147,3.7187821188848518,7.612667897592781,,
30,,AK,K222,,HNZ,61.0876,-149.8366,2026-09-09T08:33:00.000000Z,2026-09-09T08:34:00.000000Z,100.0,200.0,60.0,,noise,0,Noise,events:arr_summer_2026.csv,AK,2.0-20.0,6.046058625529527,49.589519720044706,5.306991600400675,52.86160273410346,0.7704635413025868,6.194901541871342,9.310724008536859,,
31,,AK,K222,,HNZ,61.0876,-149.8366,2026-09-09T08:34:00.000000Z,2026-09-09T08:35:00.000000Z,100.0,200.0,60.0,,noise,0,Noise,events:arr_summer_2026.csv,AK,2.0-20.0,4.950230679962892,38.12166309385571,3.9424569437361305,34.04105929465078,0.6342829583677143,4.183530233834844,7.480914717928853,,
32,,AK,K222,,HNZ,61.0876,-149.8366,2026-09-09T08:35:00.000000Z,2026-09-09T08:36:00.000000Z,100.0,200.0,60.0,,noise,0,Noise,events:arr_summer_2026.csv,AK,2.0-20.0,9.543505180772073,38.06477747722955,8.326362367094745,35.3933280729135,0.7611930040111039,2.234031743743431,0.674435540278659,,
33,,AK,K222,,HNZ,61.0876,-149.8366,2026-09-09T08:36:00.000000Z,2026-09-09T08:37:00.000000Z,100.0,200.0,60.0,,noise,0,Noise,events:arr_summer_2026.csv,AK,2.0-20.0,112.76840927499309,1174.7345030647687,104.48017477546531,1038.2575753278998,0.8584062525244339,4.001184829993081,16.646368572606494,,
34,,AK,K222,,HNZ,61.0876,-149.8366,2026-09-09T08:37:00.000000Z,2026-09-09T08:38:00.000000Z,100.0,200.0,60.0,,noise,0,Noise,events:arr_summer_2026.csv,AK,2.0-20.0,458.47942227825416,2855.5274163527442,428.6388778719479,2627.742997635032,0.8740643801869731,3.317160090714222,2.486983438439192,,
35,,AK,K222,,HNZ,61.0876,-149.8366,2026-09-09T08:38:00.000000Z,2026-09-09T08:39:00.000000Z,100.0,200.0,60.0,,noise,0,Noise,events:arr_summer_2026.csv,AK,2.0-20.0,9.336299138949062,41.11210948580644,8.098164322837873,35.309360975157965,0.7523564584336769,2.234634500570927,1.129994007063619,,
36,,AK,K222,,HNZ,61.0876,-149.8366,2026-09-09T08:39:00.000000Z,2026-09-09T08:40:00.000000Z,100.0,200.0,60.0,,noise,0,Noise,events:arr_summer_2026.csv,AK,2.0-20.0,4.658035496333947,41.06311137136961,3.868657106414503,26.821325536575113,0.6897868155556003,2.4866244109385045,2.5610714262421155,,
37,,AK,K222,,HNZ,61.0876,-149.8366,2026-09-09T08:40:00.000000Z,2026-09-09T08:41:00.000000Z,100.0,200.0,60.0,,noise,0,Noise,events:arr_summer_2026.csv,AK,2.0-20.0,11.024501257780699,91.97437157881102,10.523303970216158,84.67175696800554,0.9111425490394895,5.277030269062678,5.929196527724875,,
38,,AK,K222,,HNZ,61.0876,-149.8366,2026-09-09T08:41:00.000000Z,2026-09-09T08:42:00.000000Z,100.0,200.0,60.0,,noise,0,Noise,events:arr_summer_2026.csv,AK,2.0-20.0,26.729372861573427,214.38666332528962,26.254882898063595,206.61622518816722,0.9648118584318407,7.427711711233773,12.07445540136869,,
39,,AK,K222,,HNZ,61.0876,-149.8366,2026-09-09T08:42:00.000000Z,2026-09-09T08:43:00.000000Z,100.0,200.0,60.0,,noise,0,Noise,events:arr_summer_2026.csv,AK,2.0-20.0,3.535828686626274,44.692831757481116,2.5857433368726386,23.789304042419218,0.534796305652543,2.974418803367949,1.8907783598167063,,
40,,AK,K222,,HNZ,61.0876,-149.8366,2026-09-09T08:43:00.000000Z,2026-09-09T08:44:00.000000Z,100.0,200.0,60.0,,noise,0,Noise,events:arr_summer_2026.csv,AK,2.0-20.0,5.029533622077746,34.33211773274162,3.717740633848986,33.02223176790972,0.5463900032617871,3.398973605310216,8.280332009486992,,
41,,AK,K222,,HNZ,61.0876,-149.8366,2026-09-09T08:44:00.000000Z,2026-09-09T08:45:00.000000Z,100.0,200.0,60.0,,noise,0,Noise,events:arr_summer_2026.csv,AK,2.0-20.0,7.500445329513325,53.36506564880117,6.701755058579943,48.102360487218746,0.7983677805483265,4.537158828556363,7.276741041558875,,
42,,AK,K222,,HNZ,61.0876,-149.8366,2026-09-09T08:45:00.000000Z,2026-09-09T08:46:00.000000Z,100.0,200.0,60.0,,noise,0,Noise,events:arr_summer_2026.csv,AK,2.0-20.0,12.00080298067394,148.99649276329848,10.364098412701704,122.36083684950242,0.7458344586910934,7.408868408364394,16.70060168517037,,
43,,AK,K222,,HNZ,61.0876,-149.8366,2026-09-09T08:46:00.000000Z,2026-09-09T08:47:00.000000Z,100.0,200.0,60.0,,noise,0,Noise,events:arr_summer_2026.csv,AK,2.0-20.0,10.031123011634593,185.68317245965088,7.6711137455172524,91.95784508258609,0.5848139618659938,8.912228569039362,18.997799695559504,,
44,,AK,K222,,HNZ,61.0876,-149.8366,2026-09-09T08:47:00.000000Z,2026-09-09T08:48:00.000000Z,100.0,200.0,60.0,,noise,0,Noise,events:arr_summer_2026.csv,AK,2.0-20.0,7.959966481949626,73.13683156001818,6.492089318698033,46.02941529552391,0.6651911989616212,4.428012129871936,4.76501820067677,,
45,,AK,K222,,HNZ,61.0876,-149.8366,2026-09-09T08:48:00.000000Z,2026-09-09T08:49:00.000000Z,100.0,200.0,60.0,,noise,0,Noise,events:arr_summer_2026.csv,AK,2.0-20.0,25.82397837268929,430.2980553183081,17.13886258945848,218.7085081518126,0.4404713800272802,8.138306236905988,26.933117696409994,,
46,,AK,K222,,HNZ,61.0876,-149.8366,2026-09-09T08:49:00.000000Z,2026-09-09T08:50:00.000000Z,100.0,200.0,60.0,,noise,0,Noise,events:arr_summer_2026.csv,AK,2.0-20.0,3.682698241379145,24.13705746952515,2.7028576399609654,19.275147279890025,0.5386591916377752,2.962062575348699,1.880318352181379,,
47,,AK,K222,,HNZ,61.0876,-149.8366,2026-09-09T08:50:00.000000Z,2026-09-09T08:51:00.000000Z,100.0,200.0,60.0,,noise,0,Noise,events:arr_summer_2026.csv,AK,2.0-20.0,5.906972716491759,37.60329394934965,5.1233393396685765,33.918329809247226,0.752274453781916,4.348024863960266,3.591792759535008,,
48,,AK,K222,,HNZ,61.0876,-149.8366,2026-09-09T08:51:00.000000Z,2026-09-09T08:52:00.000000Z,100.0,200.0,60.0,,noise,0,Noise,events:arr_summer_2026.csv,AK,2.0-20.0,6.318364446174195,38.69738882198727,5.576930747905634,31.788880899499773,0.7790783899399619,2.87249875461576,3.265083865101956,,
49,,AK,K222,,HNZ,61.0876,-149.8366,2026-09-09T08:52:00.000000Z,2026-09-09T08:53:00.000000Z,100.0,200.0,60.0,,noise,0,Noise,events:arr_summer_2026.csv,AK,2.0-20.0,5.696832358049379,39.11083503388183,4.929818013831111,36.37240573458686,0.748850106195498,4.268822456857594,3.3061090635253008,,
50,,AK,K222,,HNZ,61.0876,-149.8366,2026-09-09T08:53:00.000000Z,2026-09-09T08:54:00.000000Z,100.0,200.0,60.0,,noise,0,Noise,events:arr_summer_2026.csv,AK,2.0-20.0,5.0505006785001685,33.884048950311076,3.9587402215319547,32.22977832520483,0.6143914165502609,4.181232908668772,6.0250115833691105,,
51,,AK,K222,,HNZ,61.0876,-149.8366,2026-09-09T08:54:00.000000Z,2026-09-09T08:55:00.000000Z,100.0,200.0,60.0,,noise,0,Noise,events:arr_summer_2026.csv,AK,2.0-20.0,8.970296324242748,53.14142163865138,7.943347728912994,44.27747519788078,0.7841399305883127,2.668694700954566,2.061804621961935,,
52,,AK,K222,,HNZ,61.0876,-149.8366,2026-09-09T08:55:00.000000Z,2026-09-09T08:56:00.000000Z,100.0,200.0,60.0,,noise,0,Noise,events:arr_summer_2026.csv,AK,2.0-20.0,12.12689069611466,101.9740343771273,10.989514482871115,102.685009023285,0.8212172912186295,5.827290163216129,6.293509901110287,,
53,,AK,K222,,HNZ,61.0876,-149.8366,2026-09-09T08:56:00.000000Z,2026-09-09T08:57:00.000000Z,100.0,200.0,60.0,,noise,0,Noise,events:arr_summer_2026.csv,AK,2.0-20.0,5.012323217978097,25.148857762505717,4.083618540597609,22.175527026228465,0.6637617113036277,1.9484840171857845,0.8897818086049303,,
54,,AK,K222,,HNZ,61.0876,-149.8366,2026-09-09T08:57:00.000000Z,2026-09-09T08:58:00.000000Z,100.0,200.0,60.0,,noise,0,Noise,events:arr_summer_2026.csv,AK,2.0-20.0,6.05462281085336,66.7023799000501,5.281360972943076,62.258493899807114,0.760882364363917,4.833188919029498,11.049555878523844,,
55,,AK,K222,,HNZ,61.0876,-149.8366,2026-09-09T08:58:00.000000Z,2026-09-09T08:59:00.000000Z,100.0,200.0,60.0,,noise,0,Noise,events:arr_summer_2026.csv,AK,2.0-20.0,15.724676689850035,73.75200489683691,15.021882936461376,77.42078377276451,0.912610154666544,4.440565620555391,2.9716067558778816,,
56,,AK,K222,,HNZ,61.0876,-149.8366,2026-09-09T08:59:00.000000Z,2026-09-09T09:00:00.000000Z,100.0,200.0,60.0,,noise,0,Noise,events:arr_summer_2026.csv,AK,2.0-20.0,4.013018745868917,24.03156284774875,3.239110274037795,21.63057098432684,0.6514920047936721,1.4697314363007854,2.3317501863003267,,
57,,AK,K222,,HNZ,61.0876,-149.8366,2026-09-09T09:00:00.000000Z,2026-09-09T09:01:00.000000Z,100.0,200.0,60.0,,noise,0,Noise,events:arr_summer_2026.csv,AK,2.0-20.0,5.209333538331638,28.00251176263265,4.389451810612583,23.82820371585174,0.7099965545042057,2.5705823409760784,1.6497046124145065,,
58,,AK,K222,,HNZ,61.0876,-149.8366,2026-09-09T09:01:00.000000Z,2026-09-09T09:02:00.000000Z,100.0,200.0,60.0,,noise,0,Noise,events:arr_summer_2026.csv,AK,2.0-20.0,7.1553072282463095,45.935062348427856,6.387383688505739,40.15308805322354,0.7968735981403201,3.100330587862791,4.589115138987649,,
59,,AK,K222,,HNZ,61.0876,-149.8366,2026-09-09T09:02:00.000000Z,2026-09-09T09:03:00.000000Z,100.0,200.0,60.0,,noise,0,Noise,events:arr_summer_2026.csv,AK,2.0-20.0,4.007020989640364,34.33069183845663,3.3256503932763977,32.18389996796318,0.6888266640061477,4.111276746009444,4.149798430493922,,
60,,AK,K222,,HNZ,61.0876,-149.8366,2026-09-09T09:03:00.000000Z,2026-09-09T09:04:00.000000Z,100.0,200.0,60.0,,noise,0,Noise,events:arr_summer_2026.csv,AK,2.0-20.0,10.259985004064905,68.7501312221721,9.833626439903748,68.96166109028934,0.9186159049196482,7.707736579501457,7.98416348292429,,
61,,AK,K222,,HNZ,61.0876,-149.8366,2026-09-09T09:04:00.000000Z,2026-09-09T09:05:00.000000Z,100.0,200.0,60.0,,noise,0,Noise,events:arr_summer_2026.csv,AK,2.0-20.0,4.575185622942591,29.554973886095116,4.16411072585634,28.97345609420924,0.8283752231390153,1.5451470841674266,6.6160851111756305,,
62,,AK,K222,,HNZ,61.0876,-149.8366,2026-09-09T09:05:00.000000Z,2026-09-09T09:06:00.000000Z,100.0,200.0,60.0,,noise,0,Noise,events:arr_summer_2026.csv,AK,2.0-20.0,4.18503709387093,23.091004197556877,3.375773311086448,20.881946188566086,0.6506507387968874,2.8434981407943125,1.5202937445473985,,
63,,AK,K222,,HNZ,61.0876,-149.8366,2026-09-09T09:06:00.000000Z,2026-09-09T09:07:00.000000Z,100.0,200.0,60.0,,noise,0,Noise,events:arr_summer_2026.csv,AK,2.0-20.0,4.646869716376717,56.27693046011198,4.218222777098256,54.29274382203005,0.8240205300055369,6.428123352205648,25.656067043369774,,
64,,AK,K222,,HNZ,61.0876,-149.8366,2026-09-09T09:07:00.000000Z,2026-09-09T09:08:00.000000Z,100.0,200.0,60.0,,noise,0,Noise,events:arr_summer_2026.csv,AK,2.0-20.0,5.825015116051767,43.70454019822202,5.0085690711223165,35.01575735642175,0.7393213046936638,4.248004820130273,4.3054302686048995,,
65,,AK,K222,,HNZ,61.0876,-149.8366,2026-09-09T09:08:00.000000Z,2026-09-09T09:09:00.000000Z,100.0,200.0,60.0,,noise,0,Noise,events:arr_summer_2026.csv,AK,2.0-20.0,6.242365546185258,67.02043245186707,5.812316986466761,70.52550539152948,0.8669622530913065,5.627620184558776,19.022969048660638,,
66,,AK,K222,,HNZ,61.0876,-149.8366,2026-09-09T09:09:00.000000Z,2026-09-09T09:10:00.000000Z,100.0,200.0,60.0,,noise,0,Noise,events:arr_summer_2026.csv,AK,2.0-20.0,17.24967267280521,105.7242087124397,13.559492333803805,77.74823100502898,0.6179098851829511,6.88355848400853,4.138827685826802,,
67,,AK,K222,,HNZ,61.0876,-149.8366,2026-09-09T09:10:00.000000Z,2026-09-09T09:11:00.000000Z,100.0,200.0,60.0,,noise,0,Noise,events:arr_summer_2026.csv,AK,2.0-20.0,13.195740976643995,84.08752124912166,12.015862212375092,87.34769546586324,0.8291675837388525,4.101877048394611,4.294480997140459,,
68,,AK,K222,,HNZ,61.0876,-149.8366,2026-09-09T09:11:00.000000Z,2026-09-09T09:12:00.000000Z,100.0,200.0,60.0,,noise,0,Noise,events:arr_summer_2026.csv,AK,2.0-20.0,5.7134902297245596,26.5628950508321,4.800115907329414,23.606655199711618,0.7058305805530967,2.8987351463389692,0.7577378620316044,,
69,,AK,K222,,HNZ,61.0876,-149.8366,2026-09-09T09:12:00.000000Z,2026-09-09T09:13:00.000000Z,100.0,200.0,60.0,,noise,0,Noise,events:arr_summer_2026.csv,AK,2.0-20.0,4.560592266974183,21.662319652909474,3.6545154082814015,18.62371243851404,0.6421213374258029,3.7042234172235986,1.1447517277473382,,
70,,AK,K222,,HNZ,61.0876,-149.8366,2026-09-09T09:13:00.000000Z,2026-09-09T09:14:00.000000Z,100.0,200.0,60.0,,noise,0,Noise,events:arr_summer_2026.csv,AK,2.0-20.0,3.454173970166647,12.518886077443137,2.5844020523217544,10.18582501454705,0.559798512699841,1.489240755215338,-0.18639203211093713,,
71,,AK,K222,,HNZ,61.0876,-149.8366,2026-09-09T09:14:00.000000Z,2026-09-09T09:15:00.000000Z,100.0,200.0,60.0,,noise,0,Noise,events:arr_summer_2026.csv,AK,2.0-20.0,3.2152274491346517,11.222887006183281,2.423059193353094,9.180816700392711,0.5679428621037188,1.6292448933198964,-0.3283122489455086,,
72,,AK,K222,,HNZ,61.0876,-149.8366,2026-09-09T09:15:00.000000Z,2026-09-09T09:16:00.000000Z,100.0,200.0,60.0,,noise,0,Noise,events:arr_summer_2026.csv,AK,2.0-20.0,7.550381062497516,54.20816536458936,6.805413267181424,49.93186483274063,0.8124025265472776,4.6702373067322185,4.8780305291929436,,
73,,AK,K222,,HNZ,61.0876,-149.8366,2026-09-09T09:16:00.000000Z,2026-09-09T09:17:00.000000Z,100.0,200.0,60.0,,noise,0,Noise,events:arr_summer_2026.csv,AK,2.0-20.0,10.731820610537918,102.73462191259576,10.145320698763001,84.55431071977546,0.8936855803412667,6.138630077452458,18.929730934416458,,
74,,AK,K222,,HNZ,61.0876,-149.8366,2026-09-09T09:17:00.000000Z,2026-09-09T09:18:00.000000Z,100.0,200.0,60.0,,noise,0,Noise,events:arr_summer_2026.csv,AK,2.0-20.0,3.18817305560006,11.441001728157351,2.516154679038753,9.164367014798723,0.6228606533626366,1.759387619481199,-0.3279608351512744,,
75,,AK,K222,,HNZ,61.0876,-149.8366,2026-09-09T09:18:00.000000Z,2026-09-09T09:19:00.000000Z,100.0,200.0,60.0,,noise,0,Noise,events:arr_summer_2026.csv,AK,2.0-20.0,3.037246477631157,12.977134030913687,2.437545404134751,12.098967646686487,0.6440882166066418,1.569444286587824,-0.25167888833926666,,
76,,AK,K222,,HNZ,61.0876,-149.8366,2026-09-09T09:19:00.000000Z,2026-09-09T09:20:00.000000Z,100.0,200.0,60.0,,noise,0,Noise,events:arr_summer_2026.csv,AK,2.0-20.0,4.130867333725729,71.4927602569504,3.7341604699618496,78.33190067908589,0.8171531504112547,7.965862847841657,87.68128860184996,,
77,,AK,K222,,HNZ,61.0876,-149.8366,2026-09-09T09:20:00.000000Z,2026-09-09T09:21:00.000000Z,100.0,200.0,60.0,,noise,0,Noise,events:arr_summer_2026.csv,AK,2.0-20.0,11.861236382573738,79.64098915001885,11.298145177491804,89.14537244677969,0.9073072472120597,5.1439453825670975,8.360212674466123,,
78,,AK,K222,,HNZ,61.0876,-149.8366,2026-09-09T09:21:00.000000Z,2026-09-09T09:22:00.000000Z,100.0,200.0,60.0,,noise,0,Noise,events:arr_summer_2026.csv,AK,2.0-20.0,8.982821129883948,160.2481968340207,8.768587850010869,149.76048271530814,0.952870344745652,7.074989267528531,79.30946823229857,,
79,,AK,K222,,HNZ,61.0876,-149.8366,2026-09-09T09:22:00.000000Z,2026-09-09T09:23:00.000000Z,100.0,200.0,60.0,,noise,0,Noise,events:arr_summer_2026.csv,AK,2.0-20.0,9.667623415789654,53.6558081789806,9.300105820834057,44.360736663643785,0.925414564921252,6.113425347764316,2.425826819623391,,
80,,AK,K222,,HNZ,61.0876,-149.8366,2026-09-09T09:23:00.000000Z,2026-09-09T09:24:00.000000Z,100.0,200.0,60.0,,noise,0,Noise,events:arr_summer_2026.csv,AK,2.0-20.0,10.126402892350018,68.64034140451253,9.322407038408631,73.92315206348769,0.8475117302887913,3.5793669191751816,6.577333641867481,,
81,,AK,K222,,HNZ,61.0876,-149.8366,2026-09-09T09:27:00.000000Z,2026-09-09T09:28:00.000000Z,100.0,200.0,60.0,,noise,0,Noise,events:arr_summer_2026.csv,AK,2.0-20.0,9.54434036353486,45.7698318634549,7.905948298713939,41.67910035203795,0.6861453160270613,2.2151563086537527,1.1691574993772065,,
82,,AK,K222,,HNZ,61.0876,-149.8366,2026-09-09T09:28:00.000000Z,2026-09-09T09:29:00.000000Z,100.0,200.0,60.0,,noise,0,Noise,events:arr_summer_2026.csv,AK,2.0-20.0,5.551191724050076,23.10150593348864,4.313370085559255,16.766731434958004,0.6037553471023801,1.8346960111112574,0.1781509818806568,,
83,,AK,K222,,HNZ,61.0876,-149.8366,2026-09-09T09:29:00.000000Z,2026-09-09T09:30:00.000000Z,100.0,200.0,60.0,,noise,0,Noise,events:arr_summer_2026.csv,AK,2.0-20.0,3.4947399483305075,14.649592139314512,2.751512676622002,12.14142282809602,0.619888111258775,1.5134253178754489,0.004118090258486529,,
84,,AK,K222,,HNZ,61.0876,-149.8366,2026-09-09T09:30:00.000000Z,2026-09-09T09:31:00.000000Z,100.0,200.0,60.0,,noise,0,Noise,events:arr_summer_2026.csv,AK,2.0-20.0,12.024832767355015,71.92200508748977,11.782924732506787,67.96693278545052,0.9601699645209881,4.683918250158541,5.111610929146435,,
85,,AK,K222,,HNZ,61.0876,-149.8366,2026-09-09T09:31:00.000000Z,2026-09-09T09:32:00.000000Z,100.0,200.0,60.0,,noise,0,Noise,events:arr_summer_2026.csv,AK,2.0-20.0,3.7321181483027424,15.266429181931567,2.9615410711885555,11.726041219690394,0.6296870359942799,1.5018238052318762,0.18450007970163584,,
86,,AK,K222,,HNZ,61.0876,-149.8366,2026-09-09T09:32:00.000000Z,2026-09-09T09:33:00.000000Z,100.0,200.0,60.0,,noise,0,Noise,events:arr_summer_2026.csv,AK,2.0-20.0,3.5100211621020594,12.130212579030317,2.636182070536739,9.372806796150153,0.5640678332158143,1.7465033115183324,-0.35316853417450966,,
87,,AK,K222,,HNZ,61.0876,-149.8366,2026-09-09T09:33:00.000000Z,2026-09-09T09:34:00.000000Z,100.0,200.0,60.0,,noise,0,Noise,events:arr_summer_2026.csv,AK,2.0-20.0,4.982249247601957,52.038937978534854,4.30755051633696,52.178756732760164,0.7474976954977931,6.44292273620183,15.520328901364547,,
88,,AK,K222,,HNZ,61.0876,-149.8366,2026-09-09T09:34:00.000000Z,2026-09-09T09:35:00.000000Z,100.0,200.0,60.0,,noise,0,Noise,events:arr_summer_2026.csv,AK,2.0-20.0,7.19430925254549,40.43336216714447,6.488833552640216,37.960326468030374,0.8134953286713756,4.090601086865858,3.783005859398246,,
89,,AK,K222,,HNZ,61.0876,-149.8366,2026-09-09T09:35:00.000000Z,2026-09-09T09:36:00.000000Z,100.0,200.0,60.0,,noise,0,Noise,events:arr_summer_2026.csv,AK,2.0-20.0,3.756246812294208,15.214265971796062,2.5957337024792135,8.804939855951584,0.47754250179000995,1.3838530573920682,-0.3984302979782659,,
90,,AK,K222,,HNZ,61.0876,-149.8366,2026-09-09T09:36:00.000000Z,2026-09-09T09:37:00.000000Z,100.0,200.0,60.0,,noise,0,Noise,events:arr_summer_2026.csv,AK,2.0-20.0,3.0696420933218036,11.153127175288713,2.4233024603603446,7.916494646939428,0.6232176770782977,1.4357610255285924,-0.45036524864513794,,
91,,AK,K222,,HNZ,61.0876,-149.8366,2026-09-09T09:37:00.000000Z,2026-09-09T09:38:00.000000Z,100.0,200.0,60.0,,noise,0,Noise,events:arr_summer_2026.csv,AK,2.0-20.0,4.964944536911427,28.91568634748814,4.246228708061092,25.257419330185503,0.7314387450393046,3.8322866288876494,3.544137458200181,,
92,,AK,K222,,HNZ,61.0876,-149.8366,2026-09-09T09:38:00.000000Z,2026-09-09T09:39:00.000000Z,100.0,200.0,60.0,,noise,0,Noise,events:arr_summer_2026.csv,AK,2.0-20.0,6.444449114589002,35.76607508258814,5.933663798091523,35.70205095430218,0.8477626391772005,2.872273496398045,3.0106498070001884,,
93,,AK,K222,,HNZ,61.0876,-149.8366,2026-09-09T09:39:00.000000Z,2026-09-09T09:40:00.000000Z,100.0,200.0,60.0,,noise,0,Noise,events:arr_summer_2026.csv,AK,2.0-20.0,19.287123967074606,97.24846203593536,17.568288101457217,82.59794481163865,0.8297054557359255,3.8336298799288535,1.2126792961047705,,
94,,AK,K222,,HNZ,61.0876,-149.8366,2026-09-09T09:40:00.000000Z,2026-09-09T09:41:00.000000Z,100.0,200.0,60.0,,noise,0,Noise,events:arr_summer_2026.csv,AK,2.0-20.0,9.63776328119784,82.74927547227315,8.445869431405285,79.2000632177988,0.7679557846839495,6.949757704064452,6.320723237102703,,
95,,AK,K222,,HNZ,61.0876,-149.8366,2026-09-09T09:41:00.000000Z,2026-09-09T09:42:00.000000Z,100.0,200.0,60.0,,noise,0,Noise,events:arr_summer_2026.csv,AK,2.0-20.0,8.933454978406393,56.959867331572184,7.6227823704624935,59.79693033277041,0.7280951458908353,5.623917703720861,5.089597876415635,,
96,,AK,K222,,HNZ,61.0876,-149.8366,2026-09-09T09:42:00.000000Z,2026-09-09T09:43:00.000000Z,100.0,200.0,60.0,,noise,0,Noise,events:arr_summer_2026.csv,AK,2.0-20.0,4.7807018241999915,21.390986836995715,4.000918188131269,20.302528123542544,0.7003836951915493,3.1112403377571667,0.9375600822854988,,
97,,AK,K222,,HNZ,61.0876,-149.8366,2026-09-09T09:43:00.000000Z,2026-09-09T09:44:00.000000Z,100.0,200.0,60.0,,noise,0,Noise,events:arr_summer_2026.csv,AK,2.0-20.0,7.902171311555238,50.626589617040686,7.507860247756941,43.92875422235371,0.9026917617078392,3.1082436062353507,5.742783888275291,,
98,,AK,K222,,HNZ,61.0876,-149.8366,2026-09-09T09:44:00.000000Z,2026-09-09T09:45:00.000000Z,100.0,200.0,60.0,,noise,0,Noise,events:arr_summer_2026.csv,AK,2.0-20.0,5.3731641844090685,27.8708019472352,4.731540311743581,23.793192594566264,0.7754340486878534,4.4458692195873954,1.3013378769828314,,
99,,AK,K222,,HNZ,61.0876,-149.8366,2026-09-09T09:45:00.000000Z,2026-09-09T09:46:00.000000Z,100.0,200.0,60.0,,noise,0,Noise,events:arr_summer_2026.csv,AK,2.0-20.0,7.987768812163536,67.13227975117015,7.396690848905574,55.41186523902827,0.8574799250324161,2.8652423190005294,5.821094479924648,,
100,,AK,K222,,HNZ,61.0876,-149.8366,2026-09-09T09:46:00.000000Z,2026-09-09T09:47:00.000000Z,100.0,200.0,60.0,,noise,0,Noise,events:arr_summer_2026.csv,AK,2.0-20.0,6.37503627516624,36.47569305007546,5.143483557877155,25.15287756191389,0.6509526376194501,3.771125115018133,1.0062726179625,,
101,,AK,K222,,HNZ,61.0876,-149.8366,2026-09-09T09:47:00.000000Z,2026-09-09T09:48:00.000000Z,100.0,200.0,60.0,,noise,0,Noise,events:arr_summer_2026.csv,AK,2.0-20.0,3.600088253514358,15.686221512929636,3.037905837465101,12.765750784534491,0.7120693985219811,1.5964399698606075,-0.039406728039271144,,
102,,AK,K222,,HNZ,61.0876,-149.8366,2026-09-09T09:48:00.000000Z,2026-09-09T09:49:00.000000Z,100.0,200.0,60.0,,noise,0,Noise,events:arr_summer_2026.csv,AK,2.0-20.0,6.425391828151405,59.96142033337425,5.819160780515251,64.48784059240373,0.8202032393410198,5.401669565638678,9.566527798179148,,
103,,AK,K222,,HNZ,61.0876,-149.8366,2026-09-09T09:49:00.000000Z,2026-09-09T09:50:00.000000Z,100.0,200.0,60.0,,noise,0,Noise,events:arr_summer_2026.csv,AK,2.0-20.0,8.540883265266624,57.02743556198988,7.749339529838613,50.85553436870359,0.8232349632154059,3.3510066706813495,7.933492904813269,,
104,,AK,K222,,HNZ,61.0876,-149.8366,2026-09-09T09:50:00.000000Z,2026-09-09T09:51:00.000000Z,100.0,200.0,60.0,,noise,0,Noise,events:arr_summer_2026.csv,AK,2.0-20.0,10.669028578827135,68.31527799256793,10.093896908049514,61.96353012237149,0.8950926124885255,3.637165911568881,4.715626099772132,,
105,,AK,K222,,HNZ,61.0876,-149.8366,2026-09-09T09:51:00.000000Z,2026-09-09T09:52:00.000000Z,100.0,200.0,60.0,,noise,0,Noise,events:arr_summer_2026.csv,AK,2.0-20.0,3.579900546613577,15.934135524998313,2.790704023542256,11.543992272266673,0.6076949589765278,1.8081091792465787,-0.18035377259515473,,
106,,AK,K222,,HNZ,61.0876,-149.8366,2026-09-09T09:52:00.000000Z,2026-09-09T09:53:00.000000Z,100.0,200.0,60.0,,noise,0,Noise,events:arr_summer_2026.csv,AK,2.0-20.0,8.090220833245054,46.250105464502674,7.501192447494451,43.68451794189393,0.8596860163071866,3.7804498359670307,4.183646896899007,,
107,,AK,K222,,HNZ,61.0876,-149.8366,2026-09-09T09:53:00.000000Z,2026-09-09T09:54:00.000000Z,100.0,200.0,60.0,,noise,0,Noise,events:arr_summer_2026.csv,AK,2.0-20.0,8.384896349854131,52.22690344698029,7.370766145251926,50.00790611040324,0.7727337268926681,4.011350274761672,6.825165818974002,,
108,,AK,K222,,HNZ,61.0876,-149.8366,2026-09-09T09:54:00.000000Z,2026-09-09T09:55:00.000000Z,100.0,200.0,60.0,,noise,0,Noise,events:arr_summer_2026.csv,AK,2.0-20.0,3.586849526693774,12.53449947391322,2.4407014327983982,8.223375857479482,0.46302346066942474,1.5399124532897255,-0.39677894201830455,,
109,,AK,K222,,HNZ,61.0876,-149.8366,2026-09-09T09:55:00.000000Z,2026-09-09T09:56:00.000000Z,100.0,200.0,60.0,,noise,0,Noise,events:arr_summer_2026.csv,AK,2.0-20.0,3.7805478814987197,16.52958909806482,2.53864128741596,11.91159893050217,0.4509134524828584,2.6148023347139127,-0.2132805188373612,,
110,,AK,K222,,HNZ,61.0876,-149.8366,2026-09-09T09:56:00.000000Z,2026-09-09T09:57:00.000000Z,100.0,200.0,60.0,,noise,0,Noise,events:arr_summer_2026.csv,AK,2.0-20.0,5.454844439242028,53.92424837496155,4.9586362987907355,56.62353072639738,0.8263418928672506,5.442184189818433,15.007688668020037,,
111,,AK,K222,,HNZ,61.0876,-149.8366,2026-09-09T09:57:00.000000Z,2026-09-09T09:58:00.000000Z,100.0,200.0,60.0,,noise,0,Noise,events:arr_summer_2026.csv,AK,2.0-20.0,12.243141123790357,60.99529970600831,10.914525662953718,56.6631227375274,0.7947380778462324,3.2273145826166694,1.7408538083696943,,
112,,AK,K222,,HNZ,61.0876,-149.8366,2026-09-09T09:58:00.000000Z,2026-09-09T09:59:00.000000Z,100.0,200.0,60.0,,noise,0,Noise,events:arr_summer_2026.csv,AK,2.0-20.0,9.029770267234301,50.6992831389344,7.135907646631145,35.04192345894174,0.624518113211232,2.7442166816956752,1.0881069445577731,,
113,,AK,K222,,HNZ,61.0876,-149.8366,2026-09-09T09:59:00.000000Z,2026-09-09T10:00:00.000000Z,100.0,200.0,60.0,,noise,0,Noise,events:arr_summer_2026.csv,AK,2.0-20.0,6.002858619082215,37.541434968879955,4.585954306333015,28.985376434882163,0.5836375378230294,2.9171533338770566,2.488140036243192,,
114,,AK,K222,,HNZ,61.0876,-149.8366,2026-09-09T10:00:00.000000Z,2026-09-09T10:01:00.000000Z,100.0,200.0,60.0,,noise,0,Noise,events:arr_summer_2026.csv,AK,2.0-20.0,14.309576041791937,103.08918406415764,13.30079286900999,95.73265879775482,0.8639756983214791,3.235125429299661,6.6075309491724,,
115,,AK,K222,,HNZ,61.0876,-149.8366,2026-09-09T10:01:00.000000Z,2026-09-09T10:02:00.000000Z,100.0,200.0,60.0,,noise,0,Noise,events:arr_summer_2026.csv,AK,2.0-20.0,3.045883833878551,12.427628860758759,2.591177690254412,9.521953179432224,0.7237152428803968,1.582289377947907,-0.26397545927625155,,
116,,AK,K222,,HNZ,61.0876,-149.8366,2026-09-09T10:02:00.000000Z,2026-09-09T10:03:00.000000Z,100.0,200.0,60.0,,noise,0,Noise,events:arr_summer_2026.csv,AK,2.0-20.0,2.8876419630630203,10.286944557300775,2.5232881888790595,8.330767697167177,0.7635667719803015,1.7168682779905189,-0.4268332233940706,,
117,,AK,K222,,HNZ,61.0876,-149.8366,2026-09-09T10:03:00.000000Z,2026-09-09T10:04:00.000000Z,100.0,200.0,60.0,,noise,0,Noise,events:arr_summer_2026.csv,AK,2.0-20.0,8.188736255649276,60.677871893596745,7.218795799261936,62.22456414643878,0.7771337081467482,4.807965996781284,8.849196010862729,,
118,,AK,K222,,HNZ,61.0876,-149.8366,2026-09-09T10:04:00.000000Z,2026-09-09T10:05:00.000000Z,100.0,200.0,60.0,,noise,0,Noise,events:arr_summer_2026.csv,AK,2.0-20.0,6.560918454850428,97.68209519175069,6.264922696432484,91.46171424561356,0.9118053858341617,8.353721174556213,40.35921234481394,,
119,,AK,K222,,HNZ,61.0876,-149.8366,2026-09-09T10:05:00.000000Z,2026-09-09T10:06:00.000000Z,100.0,200.0,60.0,,noise,0,Noise,events:arr_summer_2026.csv,AK,2.0-20.0,5.194837835605648,28.670042605674738,3.7837324178180145,19.935653016778634,0.5305139910157775,8.076209623577505,1.9398281128544728,,
120,,AK,K222,,HNZ,61.0876,-149.8366,2026-09-09T10:06:00.000000Z,2026-09-09T10:07:00.000000Z,100.0,200.0,60.0,,noise,0,Noise,events:arr_summer_2026.csv,AK,2.0-20.0,13.641721444311887,69.9876651792342,12.834211166643101,60.98852991241148,0.8851156236376007,3.5293582399422823,1.20976866880285,,
121,,AK,K222,,HNZ,61.0876,-149.8366,2026-09-09T10:07:00.000000Z,2026-09-09T10:08:00.000000Z,100.0,200.0,60.0,,noise,0,Noise,events:arr_summer_2026.csv,AK,2.0-20.0,9.907955030173854,69.89239322959658,9.052824573071685,62.18293873933485,0.8348340531046291,2.8118317930003918,5.897135932308176,,
122,,AK,K222,,HNZ,61.0876,-149.8366,2026-09-09T10:08:00.000000Z,2026-09-09T10:09:00.000000Z,100.0,200.0,60.0,,noise,0,Noise,events:arr_summer_2026.csv,AK,2.0-20.0,7.8821808834987985,46.057821283357136,6.596594759390394,51.59051014347088,0.7004010956805196,3.1212958552722743,3.612531391966707,,
123,,AK,K222,,HNZ,61.0876,-149.8366,2026-09-09T10:09:00.000000Z,2026-09-09T10:10:00.000000Z,100.0,200.0,60.0,,noise,0,Noise,events:arr_summer_2026.csv,AK,2.0-20.0,7.488718487744782,41.542446794230216,5.991892113053008,41.71864215924813,0.6401960053566459,1.6227653471854853,2.8774025674216697,,
124,,AK,K222,,HNZ,61.0876,-149.8366,2026-09-09T10:10:00.000000Z,2026-09-09T10:11:00.000000Z,100.0,200.0,60.0,,noise,0,Noise,events:arr_summer_2026.csv,AK,2.0-20.0,8.385008088704623,67.25262289148746,7.940122637034594,67.83094235929129,0.8967005760112778,4.722208191026425,8.711583691497566,,
125,,AK,K222,,HNZ,61.0876,-149.8366,2026-09-09T10:11:00.000000Z,2026-09-09T10:12:00.000000Z,100.0,200.0,60.0,,noise,0,Noise,events:arr_summer_2026.csv,AK,2.0-20.0,6.852672400155901,45.64820366964564,6.391013180929164,49.08130154194963,0.8698001650767391,4.080185967301192,5.447709837867922,,
126,,AK,K222,,HNZ,61.0876,-149.8366,2026-09-09T10:12:00.000000Z,2026-09-09T10:13:00.000000Z,100.0,200.0,60.0,,noise,0,Noise,events:arr_summer_2026.csv,AK,2.0-20.0,27.54383677945478,191.83613322156413,27.070628792588487,193.93163375240482,0.965934804786037,5.925922672583389,10.081589010043958,,
127,,AK,K222,,HNZ,61.0876,-149.8366,2026-09-09T10:13:00.000000Z,2026-09-09T10:14:00.000000Z,100.0,200.0,60.0,,noise,0,Noise,events:arr_summer_2026.csv,AK,2.0-20.0,4.939101747598537,41.62559894848103,4.63138194097637,43.211949821604634,0.8792760623300209,5.096030386710161,8.158277749366375,,
128,,AK,K222,,HNZ,61.0876,-149.8366,2026-09-09T10:14:00.000000Z,2026-09-09T10:15:00.000000Z,100.0,200.0,60.0,,noise,0,Noise,events:arr_summer_2026.csv,AK,2.0-20.0,6.174968320554775,41.159327320514066,5.685033056107148,36.08909117666806,0.847610876255846,3.416637733045358,4.908553769871525,,
129,,AK,K222,,HNZ,61.0876,-149.8366,2026-09-09T10:15:00.000000Z,2026-09-09T10:16:00.000000Z,100.0,200.0,60.0,,noise,0,Noise,events:arr_summer_2026.csv,AK,2.0-20.0,9.131158852300175,67.42350642833195,8.359943115166402,72.26663677619759,0.838213880536148,3.9110232847333415,6.524944578268128,,
130,,AK,K222,,HNZ,61.0876,-149.8366,2026-09-09T10:16:00.000000Z,2026-09-09T10:17:00.000000Z,100.0,200.0,60.0,,noise,0,Noise,events:arr_summer_2026.csv,AK,2.0-20.0,5.3232263765214105,23.45246495697161,4.619008140501614,19.744999361288762,0.7529178343382322,2.527798055828133,0.45331035422216015,,
131,,AK,K222,,HNZ,61.0876,-149.8366,2026-09-09T10:17:00.000000Z,2026-09-09T10:18:00.000000Z,100.0,200.0,60.0,,noise,0,Noise,events:arr_summer_2026.csv,AK,2.0-20.0,7.224043346161473,61.105515762876344,6.577340270976437,52.40649510350838,0.8289721377962685,5.336640590039211,4.17803444618487,,
132,,AK,K222,,HNZ,61.0876,-149.8366,2026-09-09T10:18:00.000000Z,2026-09-09T10:19:00.000000Z,100.0,200.0,60.0,,noise,0,Noise,events:arr_summer_2026.csv,AK,2.0-20.0,4.619584418160559,20.741586973301526,4.126283374492967,19.938516701966442,0.797833530602446,3.4194675109288304,1.1448971993368264,,
133,,AK,K222,,HNZ,61.0876,-149.8366,2026-09-09T10:19:00.000000Z,2026-09-09T10:20:00.000000Z,100.0,200.0,60.0,,noise,0,Noise,events:arr_summer_2026.csv,AK,2.0-20.0,9.154894643813847,59.857649808965846,8.459711578423844,58.497439339266215,0.853894884599032,2.9634936686862865,4.053489725854643,,
134,,AK,K222,,HNZ,61.0876,-149.8366,2026-09-09T10:20:00.000000Z,2026-09-09T10:21:00.000000Z,100.0,200.0,60.0,,noise,0,Noise,events:arr_summer_2026.csv,AK,2.0-20.0,4.123034085056895,43.98262964011236,3.765426518057156,42.74124396280288,0.8340546411545606,4.655902438756962,13.121081832545215,,
135,,AK,K222,,HNZ,61.0876,-149.8366,2026-09-09T10:21:00.000000Z,2026-09-09T10:22:00.000000Z,100.0,200.0,60.0,,noise,0,Noise,events:arr_summer_2026.csv,AK,2.0-20.0,3.3309976508448513,21.583545299116555,2.923065259719025,23.403664077277348,0.7700667468883933,1.7942246698562982,3.171701190639973,,
136,,AK,K222,,HNZ,61.0876,-149.8366,2026-09-09T10:22:00.000000Z,2026-09-09T10:23:00.000000Z,100.0,200.0,60.0,,noise,0,Noise,events:arr_summer_2026.csv,AK,2.0-20.0,3.6447218204458065,22.15135994357385,2.965566017988214,20.32453097134458,0.6620433374666426,3.4319578766893684,2.127457159813325,,
137,,AK,K222,,HNZ,61.0876,-149.8366,2026-09-09T10:23:00.000000Z,2026-09-09T10:24:00.000000Z,100.0,200.0,60.0,,noise,0,Noise,events:arr_summer_2026.csv,AK,2.0-20.0,7.034534656788129,52.31216148739085,6.447807257756362,47.97143009409706,0.8401432574675769,3.661317375649824,7.359617655171052,,
138,,AK,K222,,HNZ,61.0876,-149.8366,2026-09-09T10:24:00.000000Z,2026-09-09T10:25:00.000000Z,100.0,200.0,60.0,,noise,0,Noise,events:arr_summer_2026.csv,AK,2.0-20.0,3.513484319674022,12.57675900113813,2.5659333428831648,8.777927191409564,0.5333529494313386,2.015232590699329,-0.3678671978857784,,
139,,AK,K222,,HNZ,61.0876,-149.8366,2026-09-09T10:27:00.000000Z,2026-09-09T10:28:00.000000Z,100.0,200.0,60.0,,noise,0,Noise,events:arr_summer_2026.csv,AK,2.0-20.0,11.870058020146802,81.25892232486169,11.377197476913306,85.24432088208106,0.9186813693945515,3.972782102893225,8.386803580126392,,
140,,AK,K222,,HNZ,61.0876,-149.8366,2026-09-09T10:28:00.000000Z,2026-09-09T10:29:00.000000Z,100.0,200.0,60.0,,noise,0,Noise,events:arr_summer_2026.csv,AK,2.0-20.0,3.356118562847699,14.845747179273259,2.909401792463291,16.12204639846969,0.7515066263726038,2.5281757606299293,0.4066494782844594,,
141,,AK,K222,,HNZ,61.0876,-149.8366,2026-09-09T10:29:00.000000Z,2026-09-09T10:30:00.000000Z,100.0,200.0,60.0,,noise,0,Noise,events:arr_summer_2026.csv,AK,2.0-20.0,4.512368587084011,34.00575626617975,4.105261452828822,33.4737891637509,0.8276991482520873,4.616997480204721,8.452231060762635,,
142,,AK,K222,,HNZ,61.0876,-149.8366,2026-09-09T10:30:00.000000Z,2026-09-09T10:31:00.000000Z,100.0,200.0,60.0,,noise,0,Noise,events:arr_summer_2026.csv,AK,2.0-20.0,6.996700895486473,50.9135248299279,6.154309984798581,45.60022615217863,0.773699146302437,3.141987830399742,7.071457578311886,,
143,,AK,K222,,HNZ,61.0876,-149.8366,2026-09-09T10:31:00.000000Z,2026-09-09T10:32:00.000000Z,100.0,200.0,60.0,,noise,0,Noise,events:arr_summer_2026.csv,AK,2.0-20.0,5.89635568433131,66.14499407213924,5.437610961736121,68.87836183640559,0.8504502592632567,5.501658665520106,15.014663768203018,,
144,,AK,K222,,HNZ,61.0876,-149.8366,2026-09-09T10:32:00.000000Z,2026-09-09T10:33:00.000000Z,100.0,200.0,60.0,,noise,0,Noise,events:arr_summer_2026.csv,AK,2.0-20.0,12.11032598880097,71.48407800901884,11.42836166827681,70.07997676766291,0.8905458501253918,3.816991890714467,4.47804139573981,,
145,,AK,K222,,HNZ,61.0876,-149.8366,2026-09-09T10:33:00.000000Z,2026-09-09T10:34:00.000000Z,100.0,200.0,60.0,,noise,0,Noise,events:arr_summer_2026.csv,AK,2.0-20.0,11.295117293606026,80.31053091051164,11.100815618689218,81.74975984656703,0.9658913750389803,5.0280295631791105,5.5135272990577775,,
146,,AK,K222,,HNZ,61.0876,-149.8366,2026-09-09T10:34:00.000000Z,2026-09-09T10:35:00.000000Z,100.0,200.0,60.0,,noise,0,Noise,events:arr_summer_2026.csv,AK,2.0-20.0,3.409553033045898,13.947476890624426,2.485429117503741,8.171499575614542,0.5313832539556358,1.3843201156705032,-0.3309331125312225,,
147,,AK,K222,,HNZ,61.0876,-149.8366,2026-09-09T10:35:00.000000Z,2026-09-09T10:36:00.000000Z,100.0,200.0,60.0,,noise,0,Noise,events:arr_summer_2026.csv,AK,2.0-20.0,8.940442259026174,57.796530317189514,8.191885535684372,56.246502123974444,0.8395561461019383,3.880087514854265,9.235496014544466,,
148,,AK,K222,,HNZ,61.0876,-149.8366,2026-09-09T10:36:00.000000Z,2026-09-09T10:37:00.000000Z,100.0,200.0,60.0,,noise,0,Noise,events:arr_summer_2026.csv,AK,2.0-20.0,3.481062048131885,13.734826141377917,2.9607950012599917,13.296277988459659,0.7234243935199067,2.1498303579590434,0.08551988955807044,,
149,,AK,K222,,HNZ,61.0876,-149.8366,2026-09-09T10:37:00.000000Z,2026-09-09T10:38:00.000000Z,100.0,200.0,60.0,,noise,0,Noise,events:arr_summer_2026.csv,AK,2.0-20.0,3.381450387461415,19.560852411698644,2.8109929079856677,14.408119905505997,0.6910563470001055,3.1478523468124315,1.1213486685551262,,
150,,AK,K222,,HNZ,61.0876,-149.8366,2026-09-09T10:38:00.000000Z,2026-09-09T10:39:00.000000Z,100.0,200.0,60.0,,noise,0,Noise,events:arr_summer_2026.csv,AK,2.0-20.0,8.243625029811527,69.67596421246176,7.650435335047571,56.360279936277834,0.8612630964497661,3.616403802103398,6.772013705721282,,
151,,AK,K222,,HNZ,61.0876,-149.8366,2026-09-09T10:39:00.000000Z,2026-09-09T10:40:00.000000Z,100.0,200.0,60.0,,noise,0,Noise,events:arr_summer_2026.csv,AK,2.0-20.0,4.103693228716034,20.905165479534702,3.396127018494215,17.998878450085332,0.6848856621601271,2.4799991502308987,0.6995252951612922,,
152,,AK,K222,,HNZ,61.0876,-149.8366,2026-09-09T10:40:00.000000Z,2026-09-09T10:41:00.000000Z,100.0,200.0,60.0,,noise,0,Noise,events:arr_summer_2026.csv,AK,2.0-20.0,2.958436390406189,11.213697960373942,2.4217770142686805,9.601812711593613,0.6701065051450193,1.5536147265746338,-0.20711879031081448,,
153,,AK,K222,,HNZ,61.0876,-149.8366,2026-09-09T10:41:00.000000Z,2026-09-09T10:42:00.000000Z,100.0,200.0,60.0,,noise,0,Noise,events:arr_summer_2026.csv,AK,2.0-20.0,4.35253774870467,57.1669564414154,3.99355544488669,57.436924165642324,0.8418492785341593,5.8257770465361345,32.98511726341593,,
154,,AK,K222,,HNZ,61.0876,-149.8366,2026-09-09T10:42:00.000000Z,2026-09-09T10:43:00.000000Z,100.0,200.0,60.0,,noise,0,Noise,events:arr_summer_2026.csv,AK,2.0-20.0,4.63938861232708,77.99733599204117,4.309802430114145,73.61340343548005,0.862965073650131,7.6600679640184275,52.88405337839993,,
155,,AK,K222,,HNZ,61.0876,-149.8366,2026-09-09T10:43:00.000000Z,2026-09-09T10:44:00.000000Z,100.0,200.0,60.0,,noise,0,Noise,events:arr_summer_2026.csv,AK,2.0-20.0,2.5490110493174605,9.793201544747484,2.181216905380045,7.638706763195391,0.7322413902871603,1.5611367229151638,-0.3073745105962957,,
156,,AK,K222,,HNZ,61.0876,-149.8366,2026-09-09T10:44:00.000000Z,2026-09-09T10:45:00.000000Z,100.0,200.0,60.0,,noise,0,Noise,events:arr_summer_2026.csv,AK,2.0-20.0,2.4870955575701488,9.036362113569979,2.063381973902524,6.889381692094983,0.6882945341089857,1.506519956108612,-0.47672338184390295,,
157,,AK,K222,,HNZ,61.0876,-149.8366,2026-09-09T10:45:00.000000Z,2026-09-09T10:46:00.000000Z,100.0,200.0,60.0,,noise,0,Noise,events:arr_summer_2026.csv,AK,2.0-20.0,4.906986538443521,40.66537785131786,4.547179025645319,34.94693730043568,0.8587255264535547,4.027171030194961,10.880838980106807,,
158,,AK,K222,,HNZ,61.0876,-149.8366,2026-09-09T10:46:00.000000Z,2026-09-09T10:47:00.000000Z,100.0,200.0,60.0,,noise,0,Noise,events:arr_summer_2026.csv,AK,2.0-20.0,4.475455339337051,54.856956852025974,4.197858810393736,50.10403910659679,0.8797944131479504,2.978082761958824,17.02515091717433,,
159,,AK,K222,,HNZ,61.0876,-149.8366,2026-09-09T10:47:00.000000Z,2026-09-09T10:48:00.000000Z,100.0,200.0,60.0,,noise,0,Noise,events:arr_summer_2026.csv,AK,2.0-20.0,3.0289710256221785,12.061000574998562,2.614026024600612,10.85456430929474,0.7447826927978937,1.743003493137061,-0.023937763549616964,,
160,,AK,K222,,HNZ,61.0876,-149.8366,2026-09-09T10:48:00.000000Z,2026-09-09T10:49:00.000000Z,100.0,200.0,60.0,,noise,0,Noise,events:arr_summer_2026.csv,AK,2.0-20.0,8.579104385087843,68.25233240866747,7.961010597967762,55.45556989686721,0.8610978402816294,4.028995177059521,5.60425889805456,,
161,,AK,K222,,HNZ,61.0876,-149.8366,2026-09-09T10:49:00.000000Z,2026-09-09T10:50:00.000000Z,100.0,200.0,60.0,,noise,0,Noise,events:arr_summer_2026.csv,AK,2.0-20.0,3.2763483012633356,28.486372876219317,2.754297353445765,25.719023243302463,0.7067104623336886,3.5952215624942223,4.074098132712567,,
162,,AK,K222,,HNZ,61.0876,-149.8366,2026-09-09T10:50:00.000000Z,2026-09-09T10:51:00.000000Z,100.0,200.0,60.0,,noise,0,Noise,events:arr_summer_2026.csv,AK,2.0-20.0,3.2127287296721816,15.938375818528671,2.5411679113422134,11.667235675436089,0.6256315063311128,1.6866799161194248,0.3935188570482895,,
163,,AK,K222,,HNZ,61.0876,-149.8366,2026-09-09T10:51:00.000000Z,2026-09-09T10:52:00.000000Z,100.0,200.0,60.0,,noise,0,Noise,events:arr_summer_2026.csv,AK,2.0-20.0,5.1514198481957525,37.95562000418506,4.641089862707291,31.22969686813004,0.8116822728479106,5.726542923171994,6.922713276157371,,
164,,AK,K222,,HNZ,61.0876,-149.8366,2026-09-09T10:52:00.000000Z,2026-09-09T10:53:00.000000Z,100.0,200.0,60.0,,noise,0,Noise,events:arr_summer_2026.csv,AK,2.0-20.0,6.97646328939851,48.90681016510937,6.599888399372047,52.067580879103275,0.8949577995213575,5.348297508279682,6.007042454454957,,
165,,AK,K222,,HNZ,61.0876,-149.8366,2026-09-09T10:53:00.000000Z,2026-09-09T10:54:00.000000Z,100.0,200.0,60.0,,noise,0,Noise,events:arr_summer_2026.csv,AK,2.0-20.0,7.046807057139079,53.58140840404017,6.509591385622165,52.38103933193925,0.8533411629001678,4.093182336909164,10.661274655655621,,
166,,AK,K222,,HNZ,61.0876,-149.8366,2026-09-09T10:57:00.000000Z,2026-09-09T10:58:00.000000Z,100.0,200.0,60.0,,noise,0,Noise,events:arr_summer_2026.csv,AK,2.0-20.0,2.599620569825701,9.234897353176414,1.9433707858476033,6.334620256757384,0.5588450521809804,1.4978502452606322,-0.3994769027569034,,
167,,AK,K222,,HNZ,61.0876,-149.8366,2026-09-09T10:58:00.000000Z,2026-09-09T10:59:00.000000Z,100.0,200.0,60.0,,noise,0,Noise,events:arr_summer_2026.csv,AK,2.0-20.0,5.741399485372439,28.361867175900127,4.461527999370389,23.77315334229908,0.6038536748577215,2.9169780997083605,0.7509420258559749,,
168,,AK,K222,,HNZ,61.0876,-149.8366,2026-09-09T10:59:00.000000Z,2026-09-09T11:00:00.000000Z,100.0,200.0,60.0,,noise,0,Noise,events:arr_summer_2026.csv,AK,2.0-20.0,11.170540793941372,50.581651830883985,10.445323534932992,49.584514581480285,0.8743702952563853,2.863638711188421,1.3640073351898705,,
169,,AK,K222,,HNZ,61.0876,-149.8366,2026-09-09T11:00:00.000000Z,2026-09-09T11:01:00.000000Z,100.0,200.0,60.0,,noise,0,Noise,events:arr_summer_2026.csv,AK,2.0-20.0,7.469139152922269,47.4200517775247,7.0102818357895105,41.61872250378742,0.8809065830965715,2.6648521042706936,4.378394859510397,,
170,,AK,K222,,HNZ,61.0876,-149.8366,2026-09-09T11:01:00.000000Z,2026-09-09T11:02:00.000000Z,100.0,200.0,60.0,,noise,0,Noise,events:arr_summer_2026.csv,AK,2.0-20.0,9.39662675942429,61.52862444071921,9.06779330585593,66.96456255497358,0.9312349580907838,4.1958328887409735,9.326915103038983,,
171,,AK,K222,,HNZ,61.0876,-149.8366,2026-09-09T11:02:00.000000Z,2026-09-09T11:03:00.000000Z,100.0,200.0,60.0,,noise,0,Noise,events:arr_summer_2026.csv,AK,2.0-20.0,8.128837406245651,138.86309169766275,7.884836298610677,141.26936218385538,0.9408675464669423,6.6361834395834105,63.965500661950216,,
172,,AK,K222,,HNZ,61.0876,-149.8366,2026-09-09T11:03:00.000000Z,2026-09-09T11:04:00.000000Z,100.0,200.0,60.0,,noise,0,Noise,events:arr_summer_2026.csv,AK,2.0-20.0,2.6459473798885758,10.291971887983884,2.1254127719410203,7.087923965435615,0.6452442837459653,1.4804181064020414,-0.3417627388199955,,
173,,AK,K222,,HNZ,61.0876,-149.8366,2026-09-09T11:04:00.000000Z,2026-09-09T11:05:00.000000Z,100.0,200.0,60.0,,noise,0,Noise,events:arr_summer_2026.csv,AK,2.0-20.0,8.691078878309414,55.465068210189024,8.349032495540737,60.83988507675199,0.9228368322999178,4.964512227012463,8.194476028147418,,
174,,AK,K222,,HNZ,61.0876,-149.8366,2026-09-09T11:05:00.000000Z,2026-09-09T11:06:00.000000Z,100.0,200.0,60.0,,noise,0,Noise,events:arr_summer_2026.csv,AK,2.0-20.0,3.8104126049182274,29.541739706066675,3.2854449209780765,27.086915869834186,0.743437341877635,1.633688831938359,6.817420243528318,,
175,,AK,K222,,HNZ,61.0876,-149.8366,2026-09-09T11:06:00.000000Z,2026-09-09T11:07:00.000000Z,100.0,200.0,60.0,,noise,0,Noise,events:arr_summer_2026.csv,AK,2.0-20.0,3.0499006790473455,11.816997319482224,2.290185085252229,7.961555986440986,0.5638580313831995,1.6240335934889527,-0.39633731434047403,,
176,,AK,K222,,HNZ,61.0876,-149.8366,2026-09-09T11:07:00.000000Z,2026-09-09T11:08:00.000000Z,100.0,200.0,60.0,,noise,0,Noise,events:arr_summer_2026.csv,AK,2.0-20.0,2.9425058232208974,11.663006282505378,2.226899686242022,7.3514717990220815,0.5727520419539939,1.5953743813806396,-0.34007111443558724,,
177,,AK,K222,,HNZ,61.0876,-149.8366,2026-09-09T11:08:00.000000Z,2026-09-09T11:09:00.000000Z,100.0,200.0,60.0,,noise,0,Noise,events:arr_summer_2026.csv,AK,2.0-20.0,3.0798037817384225,11.25328831095888,2.33571361752088,9.615722978652423,0.5751658465244575,1.8178358097381344,-0.18880079161543106,,
178,,AK,K222,,HNZ,61.0876,-149.8366,2026-09-09T11:09:00.000000Z,2026-09-09T11:10:00.000000Z,100.0,200.0,60.0,,noise,0,Noise,events:arr_summer_2026.csv,AK,2.0-20.0,2.918432515964792,11.623902763840794,2.333815437508157,8.20696142334539,0.6394899235499617,1.3978154518914452,-0.2693773006650164,,
179,,AK,K222,,HNZ,61.0876,-149.8366,2026-09-09T11:10:00.000000Z,2026-09-09T11:11:00.000000Z,100.0,200.0,60.0,,noise,0,Noise,events:arr_summer_2026.csv,AK,2.0-20.0,6.636764410578271,51.11785864144961,6.044687082149295,47.29653478208822,0.8295352470358279,3.6219686599392533,6.167339944283711,,
180,,AK,K222,,HNZ,61.0876,-149.8366,2026-09-09T11:11:00.000000Z,2026-09-09T11:12:00.000000Z,100.0,200.0,60.0,,noise,0,Noise,events:arr_summer_2026.csv,AK,2.0-20.0,3.382913006165882,18.29485383776519,3.031512741203635,23.3193889074533,0.8030399221444091,3.574124149971299,3.1815477478744505,,
181,,AK,K222,,HNZ,61.0876,-149.8366,2026-09-09T11:12:00.000000Z,2026-09-09T11:13:00.000000Z,100.0,200.0,60.0,,noise,0,Noise,events:arr_summer_2026.csv,AK,2.0-20.0,6.3606677419848525,54.93543483319953,5.8622372227990684,52.808285023576516,0.849417798848987,4.041459090099288,7.868822694102601,,
182,,AK,K222,,HNZ,61.0876,-149.8366,2026-09-09T11:13:00.000000Z,2026-09-09T11:14:00.000000Z,100.0,200.0,60.0,,noise,0,Noise,events:arr_summer_2026.csv,AK,2.0-20.0,3.822744834911032,16.05186974242877,3.1562663246577314,14.198645608431486,0.6817052882990989,2.1102622455487667,0.4172839611785739,,
183,,AK,K222,,HNZ,61.0876,-149.8366,2026-09-09T11:14:00.000000Z,2026-09-09T11:15:00.000000Z,100.0,200.0,60.0,,noise,0,Noise,events:arr_summer_2026.csv,AK,2.0-20.0,5.00485422763212,33.68254766558326,4.2345970125690435,30.53087687917185,0.7158817783624503,4.446980536790993,5.817468786315445,,
184,,AK,K222,,HNZ,61.0876,-149.8366,2026-09-09T11:15:00.000000Z,2026-09-09T11:16:00.000000Z,100.0,200.0,60.0,,noise,0,Noise,events:arr_summer_2026.csv,AK,2.0-20.0,9.575803113137534,50.837296010276305,7.891862560781496,49.63360542947804,0.6792170989412113,3.26339466451782,2.0195699249401766,,
185,,AK,K222,,HNZ,61.0876,-149.8366,2026-09-09T11:16:00.000000Z,2026-09-09T11:17:00.000000Z,100.0,200.0,60.0,,noise,0,Noise,events:arr_summer_2026.csv,AK,2.0-20.0,9.881734468183533,70.43065084096894,8.994924112693857,58.232025867458404,0.8285689373865575,3.7412223075417956,3.92885816226625,,
186,,AK,K222,,HNZ,61.0876,-149.8366,2026-09-09T11:17:00.000000Z,2026-09-09T11:18:00.000000Z,100.0,200.0,60.0,,noise,0,Noise,events:arr_summer_2026.csv,AK,2.0-20.0,13.671791580569764,90.57573666791531,13.213876822464231,85.0853375121379,0.934135011522325,4.275293495989414,7.206791758083078,,
187,,AK,K222,,HNZ,61.0876,-149.8366,2026-09-09T11:18:00.000000Z,2026-09-09T11:19:00.000000Z,100.0,200.0,60.0,,noise,0,Noise,events:arr_summer_2026.csv,AK,2.0-20.0,3.9047660965440647,14.018003423061401,2.6033445793460834,9.411458255442295,0.44450153263335307,1.5397303426997013,-0.32108037891695673,,
188,,AK,K222,,HNZ,61.0876,-149.8366,2026-09-09T11:19:00.000000Z,2026-09-09T11:20:00.000000Z,100.0,200.0,60.0,,noise,0,Noise,events:arr_summer_2026.csv,AK,2.0-20.0,5.718386793183798,22.417738740401422,3.866834886319557,15.135524807920639,0.45726104087879577,3.3542516287855326,0.307105250313072,,
189,,AK,K222,,HNZ,61.0876,-149.8366,2026-09-09T11:20:00.000000Z,2026-09-09T11:21:00.000000Z,100.0,200.0,60.0,,noise,0,Noise,events:arr_summer_2026.csv,AK,2.0-20.0,15.113853926389936,78.87076854254846,13.984102380192747,65.90125943514664,0.8560886686972499,3.2705276898372064,1.4050413312795795,,
190,,AK,K222,,HNZ,61.0876,-149.8366,2026-09-09T11:21:00.000000Z,2026-09-09T11:22:00.000000Z,100.0,200.0,60.0,,noise,0,Noise,events:arr_summer_2026.csv,AK,2.0-20.0,11.41257694626114,62.70807648938816,10.435459343858035,58.20481945003175,0.8360951486806868,3.938787227254757,3.3231059694565506,,
191,,AK,K222,,HNZ,61.0876,-149.8366,2026-09-09T11:22:00.000000Z,2026-09-09T11:23:00.000000Z,100.0,200.0,60.0,,noise,0,Noise,events:arr_summer_2026.csv,AK,2.0-20.0,4.306373764777613,17.037840064492727,3.44630876810461,15.832005079561537,0.6404495545452519,1.6624746297666615,0.06936633257732483,,
192,,AK,K222,,HNZ,61.0876,-149.8366,2026-09-09T11:23:00.000000Z,2026-09-09T11:24:00.000000Z,100.0,200.0,60.0,,noise,0,Noise,events:arr_summer_2026.csv,AK,2.0-20.0,9.288333329387044,38.75163357115915,6.65740458417088,26.291472375127945,0.513729276954988,3.6518337831591623,0.3698842842507233,,
193,,AK,K222,,HNZ,61.0876,-149.8366,2026-09-09T11:27:00.000000Z,2026-09-09T11:28:00.000000Z,100.0,200.0,60.0,,noise,0,Noise,events:arr_summer_2026.csv,AK,2.0-20.0,4.526781250553683,17.250092796899242,2.8799369862461504,10.139516096994248,0.40475008995199124,1.493384211248122,-0.3092501899374356,,
194,,AK,K222,,HNZ,61.0876,-149.8366,2026-09-09T11:28:00.000000Z,2026-09-09T11:29:00.000000Z,100.0,200.0,60.0,,noise,0,Noise,events:arr_summer_2026.csv,AK,2.0-20.0,3.201923649027938,10.752877289022942,2.656938861695523,10.514339612634302,0.6885590305667533,1.894071732560054,-0.21496904737605815,,
195,,AK,K222,,HNZ,61.0876,-149.8366,2026-09-09T11:29:00.000000Z,2026-09-09T11:30:00.000000Z,100.0,200.0,60.0,,noise,0,Noise,events:arr_summer_2026.csv,AK,2.0-20.0,3.09929813211339,11.035499062707155,2.5803009889819073,10.877799429082861,0.693128934331179,1.6508831189316715,-0.286314121499347,,
196,,AK,K222,,HNZ,61.0876,-149.8366,2026-09-09T11:30:00.000000Z,2026-09-09T11:31:00.000000Z,100.0,200.0,60.0,,noise,0,Noise,events:arr_summer_2026.csv,AK,2.0-20.0,7.928171068829381,59.97481997835749,7.473688914323595,54.69099860362648,0.8886362155551171,3.762864659039788,5.265283933064056,,
197,,AK,K222,,HNZ,61.0876,-149.8366,2026-09-09T11:31:00.000000Z,2026-09-09T11:32:00.000000Z,100.0,200.0,60.0,,noise,0,Noise,events:arr_summer_2026.csv,AK,2.0-20.0,7.3544059276665985,50.0240391840992,6.888648511702425,54.18703934340361,0.8773499531147624,5.239650997558384,5.016603564163892,,
198,,AK,K222,,HNZ,61.0876,-149.8366,2026-09-09T11:32:00.000000Z,2026-09-09T11:33:00.000000Z,100.0,200.0,60.0,,noise,0,Noise,events:arr_summer_2026.csv,AK,2.0-20.0,3.3351724676302936,15.456761192770395,2.842011842959271,11.82711041143656,0.7261313255349632,1.7925597862935745,-0.003357694158284019,,
199,,AK,K222,,HNZ,61.0876,-149.8366,2026-09-09T11:33:00.000000Z,2026-09-09T11:34:00.000000Z,100.0,200.0,60.0,,noise,0,Noise,events:arr_summer_2026.csv,AK,2.0-20.0,6.687298706516769,88.01131102721214,6.3242641033425135,97.70078088238188,0.89437273378862,7.733297690945989,30.85129764096724,,
200,,AK,K222,,HNZ,61.0876,-149.8366,2026-09-09T11:34:00.000000Z,2026-09-09T11:35:00.000000Z,100.0,200.0,60.0,,noise,0,Noise,events:arr_summer_2026.csv,AK,2.0-20.0,9.231276919530755,51.131907857931935,8.229663749933227,52.21396861854703,0.7947684597069886,3.6006388038905546,3.47984599405965,,
201,,AK,K222,,HNZ,61.0876,-149.8366,2026-09-09T11:35:00.000000Z,2026-09-09T11:36:00.000000Z,100.0,200.0,60.0,,noise,0,Noise,events:arr_summer_2026.csv,AK,2.0-20.0,4.280273844168637,17.7861373219114,2.5051189704218366,9.117552537178907,0.34254182002335104,1.7263644008418115,-0.15045502479358364,,
202,,AK,K222,,HNZ,61.0876,-149.8366,2026-09-09T11:36:00.000000Z,2026-09-09T11:37:00.000000Z,100.0,200.0,60.0,,noise,0,Noise,events:arr_summer_2026.csv,AK,2.0-20.0,3.423514821904541,10.745253719250409,2.3050888548945965,7.777240897008474,0.45334717825210274,1.4960121915894589,-0.4952098792273616,,
203,,AK,K222,,HNZ,61.0876,-149.8366,2026-09-09T11:37:00.000000Z,2026-09-09T11:38:00.000000Z,100.0,200.0,60.0,,noise,0,Noise,events:arr_summer_2026.csv,AK,2.0-20.0,6.130454025997205,38.347472993875016,5.4384794798120515,44.69180729897778,0.78699089644072,3.98988072249239,5.737459533994858,,
204,,AK,K222,,HNZ,61.0876,-149.8366,2026-09-09T11:38:00.000000Z,2026-09-09T11:39:00.000000Z,100.0,200.0,60.0,,noise,0,Noise,events:arr_summer_2026.csv,AK,2.0-20.0,7.929573297947051,74.04325930908789,7.476987797138377,75.55433007127807,0.8891063415701086,6.1680016221351845,20.837340949179044,,
205,,AK,K222,,HNZ,61.0876,-149.8366,2026-09-09T11:39:00.000000Z,2026-09-09T11:40:00.000000Z,100.0,200.0,60.0,,noise,0,Noise,events:arr_summer_2026.csv,AK,2.0-20.0,11.163594775656351,72.9197265279964,10.511482396136069,64.69935611578757,0.8865838319908546,7.12903856184397,3.477576981651662,,
206,,AK,K222,,HNZ,61.0876,-149.8366,2026-09-09T11:40:00.000000Z,2026-09-09T11:41:00.000000Z,100.0,200.0,60.0,,noise,0,Noise,events:arr_summer_2026.csv,AK,2.0-20.0,30.112615729927487,407.59393190703054,29.855865150061963,364.5484926383604,0.9830200066296406,6.091988374917281,25.24488618632907,,
207,,AK,K222,,HNZ,61.0876,-149.8366,2026-09-09T11:41:00.000000Z,2026-09-09T11:42:00.000000Z,100.0,200.0,60.0,,noise,0,Noise,events:arr_summer_2026.csv,AK,2.0-20.0,8.031899871086418,63.59297894867174,7.684441467107408,53.15225152849666,0.9153518050701661,4.019064746738675,7.042941540075809,,
208,,AK,K222,,HNZ,61.0876,-149.8366,2026-09-09T11:42:00.000000Z,2026-09-09T11:43:00.000000Z,100.0,200.0,60.0,,noise,0,Noise,events:arr_summer_2026.csv,AK,2.0-20.0,6.9058073255166885,52.51762595838419,6.569842187529893,48.77215999574151,0.9050674805561133,6.989656728075958,6.931203236095252,,
209,,AK,K222,,HNZ,61.0876,-149.8366,2026-09-09T11:43:00.000000Z,2026-09-09T11:44:00.000000Z,100.0,200.0,60.0,,noise,0,Noise,events:arr_summer_2026.csv,AK,2.0-20.0,3.8053667744331188,37.30663488107741,3.4002120624709655,37.203552721100806,0.7983971234678351,2.131656472524509,8.535642785201516,,
210,,AK,K222,,HNZ,61.0876,-149.8366,2026-09-09T11:44:00.000000Z,2026-09-09T11:45:00.000000Z,100.0,200.0,60.0,,noise,0,Noise,events:arr_summer_2026.csv,AK,2.0-20.0,6.237915754010399,37.00117490390926,5.912056444386574,35.807838111975485,0.8982518768330721,4.879845710462886,4.729768018340835,,
211,,AK,K222,,HNZ,61.0876,-149.8366,2026-09-09T11:45:00.000000Z,2026-09-09T11:46:00.000000Z,100.0,200.0,60.0,,noise,0,Noise,events:arr_summer_2026.csv,AK,2.0-20.0,17.19363311458081,96.95891169916155,16.841712929560405,90.84890819421818,0.9594828361998703,5.797326491102105,4.637825494781798,,
212,,AK,K222,,HNZ,61.0876,-149.8366,2026-09-09T11:46:00.000000Z,2026-09-09T11:47:00.000000Z,100.0,200.0,60.0,,noise,0,Noise,events:arr_summer_2026.csv,AK,2.0-20.0,4.019164107502945,18.86310752659118,3.6433296445167302,17.258294841202808,0.8217230251874279,2.351210400798851,0.9490595640963981,,
213,,AK,K222,,HNZ,61.0876,-149.8366,2026-09-09T11:47:00.000000Z,2026-09-09T11:48:00.000000Z,100.0,200.0,60.0,,noise,0,Noise,events:arr_summer_2026.csv,AK,2.0-20.0,6.411299132859774,38.85254527922336,5.932593801194094,42.261523604484665,0.8562432220992732,4.2033841225308075,6.138905228504813,,
214,,AK,K222,,HNZ,61.0876,-149.8366,2026-09-09T11:48:00.000000Z,2026-09-09T11:49:00.000000Z,100.0,200.0,60.0,,noise,0,Noise,events:arr_summer_2026.csv,AK,2.0-20.0,2.87722276420226,12.538273325869032,2.3394438075341037,9.236067433546001,0.6611169024825285,1.6723152515139676,-0.13459314727901406,,
215,,AK,K222,,HNZ,61.0876,-149.8366,2026-09-09T11:49:00.000000Z,2026-09-09T11:50:00.000000Z,100.0,200.0,60.0,,noise,0,Noise,events:arr_summer_2026.csv,AK,2.0-20.0,2.643965475184408,10.424640130406209,2.05986632240828,6.851341007519761,0.6069690055689765,1.7621889808920574,-0.39511534925189373,,
216,,AK,K222,,HNZ,61.0876,-149.8366,2026-09-09T11:50:00.000000Z,2026-09-09T11:51:00.000000Z,100.0,200.0,60.0,,noise,0,Noise,events:arr_summer_2026.csv,AK,2.0-20.0,5.127896977529279,39.21581356118434,4.532760026797336,34.39286576213918,0.7813522584638095,3.9632554567837763,7.821227632033574,,
217,,AK,K222,,HNZ,61.0876,-149.8366,2026-09-09T11:51:00.000000Z,2026-09-09T11:52:00.000000Z,100.0,200.0,60.0,,noise,0,Noise,events:arr_summer_2026.csv,AK,2.0-20.0,3.6945627175913263,22.99915665145693,2.949217099994059,22.564396911588048,0.6372170679273707,1.753061458908236,5.1024060661618265,,
218,,AK,K222,,HNZ,61.0876,-149.8366,2026-09-09T11:52:00.000000Z,2026-09-09T11:53:00.000000Z,100.0,200.0,60.0,,noise,0,Noise,events:arr_summer_2026.csv,AK,2.0-20.0,7.828012571107529,68.4268864506228,7.2474537604744524,68.3436917587852,0.8571718053913954,3.626198322698108,7.105259830355438,,
219,,AK,K222,,HNZ,61.0876,-149.8366,2026-09-09T11:53:00.000000Z,2026-09-09T11:54:00.000000Z,100.0,200.0,60.0,,noise,0,Noise,events:arr_summer_2026.csv,AK,2.0-20.0,3.2446973524392404,17.567669648108755,2.4109048842425786,14.983161055105613,0.5520923949002446,3.319426052688888,0.7798716536890749,,
220,,AK,K222,,HNZ,61.0876,-149.8366,2026-09-09T11:54:00.000000Z,2026-09-09T11:55:00.000000Z,100.0,200.0,60.0,,noise,0,Noise,events:arr_summer_2026.csv,AK,2.0-20.0,13.715020124832472,124.40398369460675,13.32628706810745,111.21457633176365,0.9441161579160446,5.0187178128648045,12.346300438338744,,
221,,AK,K222,,HNZ,61.0876,-149.8366,2026-09-09T11:55:00.000000Z,2026-09-09T11:56:00.000000Z,100.0,200.0,60.0,,noise,0,Noise,events:arr_summer_2026.csv,AK,2.0-20.0,8.697080401293652,63.13627540174707,8.274961730309702,67.87467186507735,0.90528436105238,4.141766696184776,6.273037407561615,,
222,,AK,K222,,HNZ,61.0876,-149.8366,2026-09-09T11:56:00.000000Z,2026-09-09T11:57:00.000000Z,100.0,200.0,60.0,,noise,0,Noise,events:arr_summer_2026.csv,AK,2.0-20.0,4.985859589168076,35.21521181456034,4.2816302861456315,26.947656633208865,0.7374596107991301,2.8825012618049275,3.0609447527284024,,
223,,AK,K222,,HNZ,61.0876,-149.8366,2026-09-09T11:57:00.000000Z,2026-09-09T11:58:00.000000Z,100.0,200.0,60.0,,noise,0,Noise,events:arr_summer_2026.csv,AK,2.0-20.0,6.498870596587706,34.922983631298,5.961986766481584,30.58355637883063,0.8416009874922483,3.483646314058327,2.329117667678248,,
224,,AK,K222,,HNZ,61.0876,-149.8366,2026-09-09T11:58:00.000000Z,2026-09-09T11:59:00.000000Z,100.0,200.0,60.0,,noise,0,Noise,events:arr_summer_2026.csv,AK,2.0-20.0,3.007318362166349,10.359972947831936,2.022728939089856,7.106585412876978,0.4523937161331214,1.5994106483655293,-0.22013329533791737,,
225,,AK,K222,,HNZ,61.0876,-149.8366,2026-09-09T11:59:00.000000Z,2026-09-09T12:00:00.000000Z,100.0,200.0,60.0,,noise,0,Noise,events:arr_summer_2026.csv,AK,2.0-20.0,3.0903581347947844,14.777712386680184,2.2487973081814165,10.59179733989421,0.5295207728575365,2.014032498271654,-0.013460735079353636,,
226,,AK,K222,,HNZ,61.0876,-149.8366,2026-09-09T12:00:00.000000Z,2026-09-09T12:01:00.000000Z,100.0,200.0,60.0,,noise,0,Noise,events:arr_summer_2026.csv,AK,2.0-20.0,3.399672713063425,12.144318637545876,2.3242252511306174,10.900363058648738,0.46739300821654417,2.0899074045345016,0.16761522202397616,,
227,,AK,K222,,HNZ,61.0876,-149.8366,2026-09-09T12:01:00.000000Z,2026-09-09T12:02:00.000000Z,100.0,200.0,60.0,,noise,0,Noise,events:arr_summer_2026.csv,AK,2.0-20.0,4.722052517436308,33.954726568598026,3.4074010463241704,20.766467724031777,0.5206967645319384,4.851754266209753,3.6601032412605816,,
228,,AK,K222,,HNZ,61.0876,-149.8366,2026-09-09T12:02:00.000000Z,2026-09-09T12:03:00.000000Z,100.0,200.0,60.0,,noise,0,Noise,events:arr_summer_2026.csv,AK,2.0-20.0,10.773738489984025,50.640923162499256,8.08630632648919,37.93845239028906,0.5633360173869147,3.4725371624900663,0.8603613412153344,,
229,,AK,K222,,HNZ,61.0876,-149.8366,2026-09-09T12:03:00.000000Z,2026-09-09T12:04:00.000000Z,100.0,200.0,60.0,,noise,0,Noise,events:arr_summer_2026.csv,AK,2.0-20.0,6.4900633264043,26.287665359864608,4.96752006566117,20.93881482513906,0.585843197212797,1.8645055722714337,0.13030386367128788,,
230,,AK,K222,,HNZ,61.0876,-149.8366,2026-09-09T12:04:00.000000Z,2026-09-09T12:05:00.000000Z,100.0,200.0,60.0,,noise,0,Noise,events:arr_summer_2026.csv,AK,2.0-20.0,6.846464765219753,32.92882533421553,5.892489093432471,33.54311265054673,0.7407383329582002,3.2897746790814564,2.140422142544679,,
231,,AK,K222,,HNZ,61.0876,-149.8366,2026-09-09T12:05:00.000000Z,2026-09-09T12:06:00.000000Z,100.0,200.0,60.0,,noise,0,Noise,events:arr_summer_2026.csv,AK,2.0-20.0,5.8617972799435965,59.98219051787093,5.410382122355869,59.12240673468729,0.851911122992923,6.095057156399796,14.88755426351598,,
232,,AK,K222,,HNZ,61.0876,-149.8366,2026-09-09T12:06:00.000000Z,2026-09-09T12:07:00.000000Z,100.0,200.0,60.0,,noise,0,Noise,events:arr_summer_2026.csv,AK,2.0-20.0,5.225297585567557,73.42318324734886,4.812207808397076,76.36881563278257,0.8481383265643149,7.473220298278714,44.5617331736058,,
233,,AK,K222,,HNZ,61.0876,-149.8366,2026-09-09T12:07:00.000000Z,2026-09-09T12:08:00.000000Z,100.0,200.0,60.0,,noise,0,Noise,events:arr_summer_2026.csv,AK,2.0-20.0,12.867959016152883,170.8647165072098,12.145434174801482,141.27087437729037,0.8908544445967126,5.593552634480822,18.21022771824363,,
234,,AK,K222,,HNZ,61.0876,-149.8366,2026-09-09T12:08:00.000000Z,2026-09-09T12:09:00.000000Z,100.0,200.0,60.0,,noise,0,Noise,events:arr_summer_2026.csv,AK,2.0-20.0,5.575832289641047,35.95278640287103,5.184504247676479,31.688692035156258,0.8645598521380848,3.555663688126197,5.145698753464647,,
235,,AK,K222,,HNZ,61.0876,-149.8366,2026-09-09T12:09:00.000000Z,2026-09-09T12:10:00.000000Z,100.0,200.0,60.0,,noise,0,Noise,events:arr_summer_2026.csv,AK,2.0-20.0,3.7285611756241615,26.36273932618631,3.08009409156913,22.32489903562275,0.6824100609635055,4.076385391624417,3.8278960293208266,,
236,,AK,K222,,HNZ,61.0876,-149.8366,2026-09-09T12:10:00.000000Z,2026-09-09T12:11:00.000000Z,100.0,200.0,60.0,,noise,0,Noise,events:arr_summer_2026.csv,AK,2.0-20.0,6.583124411428394,41.372103758517966,5.813009077518568,42.81076115993362,0.7797185686799619,2.708942685824997,4.017362907234485,,
237,,AK,K222,,HNZ,61.0876,-149.8366,2026-09-09T12:11:00.000000Z,2026-09-09T12:12:00.000000Z,100.0,200.0,60.0,,noise,0,Noise,events:arr_summer_2026.csv,AK,2.0-20.0,6.319350983191939,45.424604833036625,5.634545957232315,46.58468343088478,0.7950105586045296,4.051107343830205,12.737407645336841,,
238,,AK,K222,,HNZ,61.0876,-149.8366,2026-09-09T12:12:00.000000Z,2026-09-09T12:13:00.000000Z,100.0,200.0,60.0,,noise,0,Noise,events:arr_summer_2026.csv,AK,2.0-20.0,7.4821629427871015,61.67188174687387,7.057116946327407,60.636183342226715,0.8896113293786452,3.583226410944315,14.589722045326607,,
239,,AK,K222,,HNZ,61.0876,-149.8366,2026-09-09T12:13:00.000000Z,2026-09-09T12:14:00.000000Z,100.0,200.0,60.0,,noise,0,Noise,events:arr_summer_2026.csv,AK,2.0-20.0,3.5636315011528863,13.403485000742625,2.708394250884958,9.393868597522985,0.5776146343817075,1.7587617382608638,-0.23547577625141436,,
240,,AK,K222,,HNZ,61.0876,-149.8366,2026-09-09T12:14:00.000000Z,2026-09-09T12:15:00.000000Z,100.0,200.0,60.0,,noise,0,Noise,events:arr_summer_2026.csv,AK,2.0-20.0,7.067336735692031,39.945819991032366,6.363075166706099,39.92466617276275,0.8106297496696557,3.8301476581135248,3.608152672784482,,
241,,AK,K222,,HNZ,61.0876,-149.8366,2026-09-09T12:15:00.000000Z,2026-09-09T12:16:00.000000Z,100.0,200.0,60.0,,noise,0,Noise,events:arr_summer_2026.csv,AK,2.0-20.0,7.946095111149686,73.17851829651295,7.319769920787215,64.0878859785809,0.8485693524986343,4.176606026361333,9.489662371530855,,
242,,AK,K222,,HNZ,61.0876,-149.8366,2026-09-09T12:16:00.000000Z,2026-09-09T12:17:00.000000Z,100.0,200.0,60.0,,noise,0,Noise,events:arr_summer_2026.csv,AK,2.0-20.0,3.1799881950544076,11.57125134553917,2.4327196025829827,9.21838613335349,0.585238776563203,1.7274096943534845,-0.37792421974042956,,
243,,AK,K222,,HNZ,61.0876,-149.8366,2026-09-09T12:17:00.000000Z,2026-09-09T12:18:00.000000Z,100.0,200.0,60.0,,noise,0,Noise,events:arr_summer_2026.csv,AK,2.0-20.0,3.465350652240558,18.685928604300155,2.9075981595481792,15.670933890312677,0.7040028176966344,3.6930767201103327,0.49377013090570676,,
244,,AK,K222,,HNZ,61.0876,-149.8366,2026-09-09T12:18:00.000000Z,2026-09-09T12:19:00.000000Z,100.0,200.0,60.0,,noise,0,Noise,events:arr_summer_2026.csv,AK,2.0-20.0,3.355317166288848,11.671919678662306,2.9160483959992067,11.733210625680874,0.7553048916190599,1.6834112015059286,-0.1648785617881603,,
245,,AK,K222,,HNZ,61.0876,-149.8366,2026-09-09T12:19:00.000000Z,2026-09-09T12:20:00.000000Z,100.0,200.0,60.0,,noise,0,Noise,events:arr_summer_2026.csv,AK,2.0-20.0,9.951419503149523,71.02333649479185,9.234766500364465,57.94931208053287,0.8611558753853173,4.887810115914339,7.429630929622334,,
246,,AK,K222,,HNZ,61.0876,-149.8366,2026-09-09T12:20:00.000000Z,2026-09-09T12:21:00.000000Z,100.0,200.0,60.0,,noise,0,Noise,events:arr_summer_2026.csv,AK,2.0-20.0,3.1704156743561525,13.51044669851348,2.5841774187602895,11.43001445487735,0.6643734083818023,1.8631392239477205,-0.22723284222517215,,
247,,AK,K222,,HNZ,61.0876,-149.8366,2026-09-09T12:21:00.000000Z,2026-09-09T12:22:00.000000Z,100.0,200.0,60.0,,noise,0,Noise,events:arr_summer_2026.csv,AK,2.0-20.0,7.863282677988542,66.85302058333336,7.495906522226549,64.1110752875222,0.9087418881870257,4.134464476625127,12.454604014168686,,
248,,AK,K222,,HNZ,61.0876,-149.8366,2026-09-09T12:22:00.000000Z,2026-09-09T12:23:00.000000Z,100.0,200.0,60.0,,noise,0,Noise,events:arr_summer_2026.csv,AK,2.0-20.0,9.576125473354459,85.44125797089777,9.197027801788167,70.7591659224937,0.9223916076384162,2.9089203584621846,12.631427695063236,,
249,,AK,K222,,HNZ,61.0876,-149.8366,2026-09-09T12:23:00.000000Z,2026-09-09T12:24:00.000000Z,100.0,200.0,60.0,,noise,0,Noise,events:arr_summer_2026.csv,AK,2.0-20.0,5.624390967541662,42.97674727932974,5.057206922373159,38.97002107449808,0.8084821638151447,3.6185068726944385,5.554059112892519,,
250,,AK,K222,,HNZ,61.0876,-149.8366,2026-09-09T12:27:00.000000Z,2026-09-09T12:28:00.000000Z,100.0,200.0,60.0,,noise,0,Noise,events:arr_summer_2026.csv,AK,2.0-20.0,41.719285602277296,419.5887568712761,28.175772524181387,221.6380144125673,0.45611876397990403,3.6400341455404077,8.614773550365848,,
251,,AK,K222,,HNZ,61.0876,-149.8366,2026-09-09T12:28:00.000000Z,2026-09-09T12:29:00.000000Z,100.0,200.0,60.0,,noise,0,Noise,events:arr_summer_2026.csv,AK,2.0-20.0,276.18634380822124,2661.833684574872,249.56077189995494,2407.440613485265,0.8164850531926288,4.962148276404685,11.27348724171099,,
252,,AK,K222,,HNZ,61.0876,-149.8366,2026-09-09T12:29:00.000000Z,2026-09-09T12:30:00.000000Z,100.0,200.0,60.0,,noise,0,Noise,events:arr_summer_2026.csv,AK,2.0-20.0,9.311167626007812,73.51843471732168,8.362009922980016,73.73363234782653,0.8065161472032595,3.0543433299044214,8.1131984530257,,
253,,AK,K222,,HNZ,61.0876,-149.8366,2026-09-09T12:30:00.000000Z,2026-09-09T12:31:00.000000Z,100.0,200.0,60.0,,noise,0,Noise,events:arr_summer_2026.csv,AK,2.0-20.0,8.584637502322598,62.81730339305426,7.826948017817493,57.03881838635611,0.8312678354846301,4.024381643160569,4.772278489120892,,
254,,AK,K222,,HNZ,61.0876,-149.8366,2026-09-09T12:31:00.000000Z,2026-09-09T12:32:00.000000Z,100.0,200.0,60.0,,noise,0,Noise,events:arr_summer_2026.csv,AK,2.0-20.0,6.166203413888357,28.649873082730117,5.539030112478398,28.75269025424168,0.8069223740730014,2.642455418024543,1.5332553104365996,,
255,,AK,K222,,HNZ,61.0876,-149.8366,2026-09-09T12:32:00.000000Z,2026-09-09T12:33:00.000000Z,100.0,200.0,60.0,,noise,0,Noise,events:arr_summer_2026.csv,AK,2.0-20.0,8.729061973901901,66.30823350592463,8.157697362387069,57.79293742046865,0.8733735305089128,4.321384198401764,3.3761338831561654,,
256,,AK,K222,,HNZ,61.0876,-149.8366,2026-09-09T12:33:00.000000Z,2026-09-09T12:34:00.000000Z,100.0,200.0,60.0,,noise,0,Noise,events:arr_summer_2026.csv,AK,2.0-20.0,3.4183212380777586,14.273819596121236,2.6962728921585275,9.66224085519405,0.6221597969906277,1.5131459676683927,-0.29277681383988785,,
257,,AK,K222,,HNZ,61.0876,-149.8366,2026-09-09T12:34:00.000000Z,2026-09-09T12:35:00.000000Z,100.0,200.0,60.0,,noise,0,Noise,events:arr_summer_2026.csv,AK,2.0-20.0,5.733559548608675,55.504667310739066,4.91310317847617,44.706507901565416,0.7342823928973906,3.435842330424644,6.064772824813476,,
258,,AK,K222,,HNZ,61.0876,-149.8366,2026-09-09T12:35:00.000000Z,2026-09-09T12:36:00.000000Z,100.0,200.0,60.0,,noise,0,Noise,events:arr_summer_2026.csv,AK,2.0-20.0,6.570974548027328,60.84597801301049,5.73416703404497,61.22629149065287,0.7615196413011469,5.727349352254438,16.813343777763798,,
259,,AK,K222,,HNZ,61.0876,-149.8366,2026-09-09T12:36:00.000000Z,2026-09-09T12:37:00.000000Z,100.0,200.0,60.0,,noise,0,Noise,events:arr_summer_2026.csv,AK,2.0-20.0,3.392807201294467,12.895776439152973,2.427300857102898,8.727971812958842,0.5118336750287187,1.4634270948296222,-0.4987355707737122,,
260,,AK,K222,,HNZ,61.0876,-149.8366,2026-09-09T12:37:00.000000Z,2026-09-09T12:38:00.000000Z,100.0,200.0,60.0,,noise,0,Noise,events:arr_summer_2026.csv,AK,2.0-20.0,4.200623217891411,51.090281811304436,3.497588321722766,47.56409718644904,0.6932819981135049,4.380644451546304,15.584501624284766,,
261,,AK,K222,,HNZ,61.0876,-149.8366,2026-09-09T12:38:00.000000Z,2026-09-09T12:39:00.000000Z,100.0,200.0,60.0,,noise,0,Noise,events:arr_summer_2026.csv,AK,2.0-20.0,3.2493620112375523,12.583149941558611,2.7142431057622467,12.575527912907386,0.6977523201019432,1.9690052537974858,-0.05945340208318317,,
262,,AK,K222,,HNZ,61.0876,-149.8366,2026-09-09T12:39:00.000000Z,2026-09-09T12:40:00.000000Z,100.0,200.0,60.0,,noise,0,Noise,events:arr_summer_2026.csv,AK,2.0-20.0,7.529839741199075,73.18782521804232,7.123099408113325,57.5542271570629,0.8948835901057346,3.719735357932908,8.09125482369783,,
263,,AK,K222,,HNZ,61.0876,-149.8366,2026-09-09T12:40:00.000000Z,2026-09-09T12:41:00.000000Z,100.0,200.0,60.0,,noise,0,Noise,events:arr_summer_2026.csv,AK,2.0-20.0,3.753001506311077,24.407325250018314,3.1986160883908448,21.89846722217632,0.7263848158091292,1.5789694546534525,3.528957508269679,,
264,,AK,K222,,HNZ,61.0876,-149.8366,2026-09-09T12:41:00.000000Z,2026-09-09T12:42:00.000000Z,100.0,200.0,60.0,,noise,0,Noise,events:arr_summer_2026.csv,AK,2.0-20.0,14.53642186339997,109.54944587046363,14.27323350038412,116.71323989498609,0.9641169203172484,5.658628297412172,6.048465971266092,,
265,,AK,K222,,HNZ,61.0876,-149.8366,2026-09-09T12:42:00.000000Z,2026-09-09T12:43:00.000000Z,100.0,200.0,60.0,,noise,0,Noise,events:arr_summer_2026.csv,AK,2.0-20.0,7.313429281521769,50.95885054574579,6.835447152095559,44.99658570422724,0.8735579638160609,2.549351729417382,4.015432661268652,,
266,,AK,K222,,HNZ,61.0876,-149.8366,2026-09-09T12:43:00.000000Z,2026-09-09T12:44:00.000000Z,100.0,200.0,60.0,,noise,0,Noise,events:arr_summer_2026.csv,AK,2.0-20.0,2.9957658743873816,14.038912119015194,2.5046603084706907,12.25360987950939,0.6990076495889587,2.149244822944341,0.4240177968134722,,
267,,AK,K222,,HNZ,61.0876,-149.8366,2026-09-09T12:44:00.000000Z,2026-09-09T12:45:00.000000Z,100.0,200.0,60.0,,noise,0,Noise,events:arr_summer_2026.csv,AK,2.0-20.0,3.01597462356166,13.527111380062214,2.5321508647934023,12.70226653182808,0.7048939585929471,2.365671363704321,0.11883682962189912,,
268,,AK,K222,,HNZ,61.0876,-149.8366,2026-09-09T12:45:00.000000Z,2026-09-09T12:46:00.000000Z,100.0,200.0,60.0,,noise,0,Noise,events:arr_summer_2026.csv,AK,2.0-20.0,2.919795537101479,11.109247960113288,2.3461553607766397,9.11583415755075,0.6456670948241245,1.73714890532474,-0.23770734999064835,,
269,,AK,K222,,HNZ,61.0876,-149.8366,2026-09-09T12:46:00.000000Z,2026-09-09T12:47:00.000000Z,100.0,200.0,60.0,,noise,0,Noise,events:arr_summer_2026.csv,AK,2.0-20.0,4.427692813815941,48.84225928372331,4.080642245303599,47.728197766794594,0.8493800916185152,6.381164642611567,21.929013763549246,,
270,,AK,K222,,HNZ,61.0876,-149.8366,2026-09-09T12:47:00.000000Z,2026-09-09T12:48:00.000000Z,100.0,200.0,60.0,,noise,0,Noise,events:arr_summer_2026.csv,AK,2.0-20.0,4.655361963716911,84.95916700765632,4.37376313908937,81.88900017717773,0.8826806628979376,7.065370104397276,51.788557340750685,,
271,,AK,K222,,HNZ,61.0876,-149.8366,2026-09-09T12:48:00.000000Z,2026-09-09T12:49:00.000000Z,100.0,200.0,60.0,,noise,0,Noise,events:arr_summer_2026.csv,AK,2.0-20.0,2.693462329498652,9.660443443225283,2.197412655492184,7.3154958479472985,0.6655817893994488,1.9411537345170946,-0.2973475190494752,,
272,,AK,K222,,HNZ,61.0876,-149.8366,2026-09-09T12:49:00.000000Z,2026-09-09T12:50:00.000000Z,100.0,200.0,60.0,,noise,0,Noise,events:arr_summer_2026.csv,AK,2.0-20.0,7.476794599342543,66.19045676512619,7.003293936142401,59.03783307664695,0.877351876219236,3.833185301401808,7.811006940042862,,
273,,AK,K222,,HNZ,61.0876,-149.8366,2026-09-09T12:50:00.000000Z,2026-09-09T12:51:00.000000Z,100.0,200.0,60.0,,noise,0,Noise,events:arr_summer_2026.csv,AK,2.0-20.0,7.788111178545049,53.99088722456802,6.282544832767081,49.79875393676731,0.6507391079268554,4.318399243230883,3.6014808774831337,,
274,,AK,K222,,HNZ,61.0876,-149.8366,2026-09-09T12:51:00.000000Z,2026-09-09T12:52:00.000000Z,100.0,200.0,60.0,,noise,0,Noise,events:arr_summer_2026.csv,AK,2.0-20.0,7.410141841838022,26.11460903719363,6.257779806064311,27.438982437774023,0.7131608807111384,3.0472068242869073,0.44758350390673707,,
275,,AK,K222,,HNZ,61.0876,-149.8366,2026-09-09T12:52:00.000000Z,2026-09-09T12:53:00.000000Z,100.0,200.0,60.0,,noise,0,Noise,events:arr_summer_2026.csv,AK,2.0-20.0,12.046098444307027,68.70945358014016,11.641163451624166,67.40533000879759,0.9338991028536018,4.097555857756502,3.680557963933329,,
276,,AK,K222,,HNZ,61.0876,-149.8366,2026-09-09T12:53:00.000000Z,2026-09-09T12:54:00.000000Z,100.0,200.0,60.0,,noise,0,Noise,events:arr_summer_2026.csv,AK,2.0-20.0,14.136583158335155,215.24421097548995,13.890086391599944,218.11807316163464,0.9654304428950315,7.616648496544077,49.974949506316875,,
277,,AK,K222,,HNZ,61.0876,-149.8366,2026-09-09T12:54:00.000000Z,2026-09-09T12:55:00.000000Z,100.0,200.0,60.0,,noise,0,Noise,events:arr_summer_2026.csv,AK,2.0-20.0,3.1141404545199425,17.473339715112193,2.5620721255741787,11.898856531898018,0.6768716280100386,2.345522919020791,0.45171122819628806,,
278,,AK,K222,,HNZ,61.0876,-149.8366,2026-09-09T12:55:00.000000Z,2026-09-09T12:56:00.000000Z,100.0,200.0,60.0,,noise,0,Noise,events:arr_summer_2026.csv,AK,2.0-20.0,2.8455525600943488,9.830897495766175,2.139678568961758,6.910162894115503,0.5654104746973684,1.4670445311889888,-0.4059221874790824,,
279,,AK,K222,,HNZ,61.0876,-149.8366,2026-09-09T12:56:00.000000Z,2026-09-09T12:57:00.000000Z,100.0,200.0,60.0,,noise,0,Noise,events:arr_summer_2026.csv,AK,2.0-20.0,3.731040713657531,29.434504334243933,3.279372174560988,26.561966207640637,0.7725408239052044,4.903317054518131,6.625728879158073,,
280,,AK,K222,,HNZ,61.0876,-149.8366,2026-09-09T12:57:00.000000Z,2026-09-09T12:58:00.000000Z,100.0,200.0,60.0,,noise,0,Noise,events:arr_summer_2026.csv,AK,2.0-20.0,11.927995147281674,66.37740403241266,11.551758992032138,73.53241740544968,0.9379103566494834,2.5097178689488793,2.342446564465032,,
281,,AK,K222,,HNZ,61.0876,-149.8366,2026-09-09T12:58:00.000000Z,2026-09-09T12:59:00.000000Z,100.0,200.0,60.0,,noise,0,Noise,events:arr_summer_2026.csv,AK,2.0-20.0,4.321846795761601,71.44884083936218,3.8607883253752537,74.01605977071964,0.7980190290787458,6.730335041367855,58.86432961574669,,
282,,AK,K222,,HNZ,61.0876,-149.8366,2026-09-09T12:59:00.000000Z,2026-09-09T13:00:00.000000Z,100.0,200.0,60.0,,noise,0,Noise,events:arr_summer_2026.csv,AK,2.0-20.0,5.4001193492788255,29.3663205363122,4.696282629554307,28.113095022376037,0.7563132942064856,2.721358145190474,1.8179925773582664,,
283,,AK,K222,,HNZ,61.0876,-149.8366,2026-09-09T13:00:00.000000Z,2026-09-09T13:01:00.000000Z,100.0,200.0,60.0,,noise,0,Noise,events:arr_summer_2026.csv,AK,2.0-20.0,4.440386851193033,36.690889919936744,3.9419017155164906,36.583281793018145,0.7880793856085169,3.924622992988792,7.311650812349621,,
284,,AK,K222,,HNZ,61.0876,-149.8366,2026-09-09T13:01:00.000000Z,2026-09-09T13:02:00.000000Z,100.0,200.0,60.0,,noise,0,Noise,events:arr_summer_2026.csv,AK,2.0-20.0,3.8849313524157125,16.71857879141599,2.930451577785741,13.179322386564223,0.5689870746686443,2.9539028307444237,0.2232858903814714,,
285,,AK,K222,,HNZ,61.0876,-149.8366,2026-09-09T13:02:00.000000Z,2026-09-09T13:03:00.000000Z,100.0,200.0,60.0,,noise,0,Noise,events:arr_summer_2026.csv,AK,2.0-20.0,3.372062442881562,14.246731645707454,2.69222950935534,14.153135872511857,0.6374306529208388,1.9997314967736504,0.6338765337361316,,
286,,AK,K222,,HNZ,61.0876,-149.8366,2026-09-09T13:03:00.000000Z,2026-09-09T13:04:00.000000Z,100.0,200.0,60.0,,noise,0,Noise,events:arr_summer_2026.csv,AK,2.0-20.0,5.763772443285594,38.443024164945115,5.422134734695397,32.684132731777666,0.8849667582281905,5.2057263734919035,7.368830213197226,,
287,,AK,K222,,HNZ,61.0876,-149.8366,2026-09-09T13:04:00.000000Z,2026-09-09T13:05:00.000000Z,100.0,200.0,60.0,,noise,0,Noise,events:arr_summer_2026.csv,AK,2.0-20.0,8.621027832152336,101.3322812264469,8.282257647975225,94.2885684064606,0.9229525601895123,8.298646594379724,15.089657215073938,,
288,,AK,K222,,HNZ,61.0876,-149.8366,2026-09-09T13:05:00.000000Z,2026-09-09T13:06:00.000000Z,100.0,200.0,60.0,,noise,0,Noise,events:arr_summer_2026.csv,AK,2.0-20.0,4.514590216558643,27.391518282026254,3.7545202703510765,22.18487172656316,0.6916274705933935,3.6119386777731273,2.8942406819241233,,
289,,AK,K222,,HNZ,61.0876,-149.8366,2026-09-09T13:06:00.000000Z,2026-09-09T13:07:00.000000Z,100.0,200.0,60.0,,noise,0,Noise,events:arr_summer_2026.csv,AK,2.0-20.0,8.797541991756292,67.3946826576831,8.34639162383156,62.142859810019665,0.9000669608433198,6.544313264916485,5.7675746175857245,,
290,,AK,K222,,HNZ,61.0876,-149.8366,2026-09-09T13:07:00.000000Z,2026-09-09T13:08:00.000000Z,100.0,200.0,60.0,,noise,0,Noise,events:arr_summer_2026.csv,AK,2.0-20.0,3.3587827519168836,21.49003098179629,2.806805849900297,15.914204187595505,0.6983303502095897,2.1758311811482374,0.9532890539642751,,
291,,AK,K222,,HNZ,61.0876,-149.8366,2026-09-09T13:08:00.000000Z,2026-09-09T13:09:00.000000Z,100.0,200.0,60.0,,noise,0,Noise,events:arr_summer_2026.csv,AK,2.0-20.0,3.2243457108667886,12.858691059173276,2.614127997785286,9.891640477748862,0.6573103891018707,1.6361438858779365,-0.010402816137146331,,
292,,AK,K222,,HNZ,61.0876,-149.8366,2026-09-09T13:09:00.000000Z,2026-09-09T13:10:00.000000Z,100.0,200.0,60.0,,noise,0,Noise,events:arr_summer_2026.csv,AK,2.0-20.0,4.3184836878193105,54.91030493857843,3.9619027633567634,54.513072469495086,0.8416762216256574,5.079526042052787,18.130231945052763,,
293,,AK,K222,,HNZ,61.0876,-149.8366,2026-09-09T13:10:00.000000Z,2026-09-09T13:11:00.000000Z,100.0,200.0,60.0,,noise,0,Noise,events:arr_summer_2026.csv,AK,2.0-20.0,7.60543585675866,140.43596716744457,7.34586395556867,129.63495379060916,0.9329052695400502,8.64559956697046,77.69612891388152,,
294,,AK,K222,,HNZ,61.0876,-149.8366,2026-09-09T13:11:00.000000Z,2026-09-09T13:12:00.000000Z,100.0,200.0,60.0,,noise,0,Noise,events:arr_summer_2026.csv,AK,2.0-20.0,13.684102927857232,98.92685445694964,12.928961743134824,94.47027639013514,0.892677598538938,5.976889706290917,6.865639909084875,,
295,,AK,K222,,HNZ,61.0876,-149.8366,2026-09-09T13:12:00.000000Z,2026-09-09T13:13:00.000000Z,100.0,200.0,60.0,,noise,0,Noise,events:arr_summer_2026.csv,AK,2.0-20.0,6.0719662161291055,56.97249182141685,5.607268088315887,42.005795014054996,0.8527936308557287,5.954967789355327,9.52130990174614,,
296,,AK,K222,,HNZ,61.0876,-149.8366,2026-09-09T13:13:00.000000Z,2026-09-09T13:14:00.000000Z,100.0,200.0,60.0,,noise,0,Noise,events:arr_summer_2026.csv,AK,2.0-20.0,11.892554998606462,78.35912769654148,11.397311582548564,86.97347885308315,0.9184478576847555,3.2574913971628257,7.090868051355608,,
297,,AK,K222,,HNZ,61.0876,-149.8366,2026-09-09T13:14:00.000000Z,2026-09-09T13:15:00.000000Z,100.0,200.0,60.0,,noise,0,Noise,events:arr_summer_2026.csv,AK,2.0-20.0,6.430610261323998,48.60785977338732,5.830549734072579,49.124223279389824,0.822081036251894,3.8663337772097552,6.838939837227189,,
298,,AK,K222,,HNZ,61.0876,-149.8366,2026-09-09T13:15:00.000000Z,2026-09-09T13:16:00.000000Z,100.0,200.0,60.0,,noise,0,Noise,events:arr_summer_2026.csv,AK,2.0-20.0,5.232259329929516,31.143008901308395,3.970667623635129,25.329611873059445,0.5759019475972069,4.390796007871381,1.603500806379424,,
299,,AK,K222,,HNZ,61.0876,-149.8366,2026-09-09T13:16:00.000000Z,2026-09-09T13:17:00.000000Z,100.0,200.0,60.0,,noise,0,Noise,events:arr_summer_2026.csv,AK,2.0-20.0,6.676256042621614,79.41689608771318,5.894781702578992,72.6485823974823,0.7795957905914012,4.974413636204823,20.688555095474054,,
300,,AK,K222,,HNZ,61.0876,-149.8366,2026-09-09T13:17:00.000000Z,2026-09-09T13:18:00.000000Z,100.0,200.0,60.0,,noise,0,Noise,events:arr_summer_2026.csv,AK,2.0-20.0,7.274756349550625,93.06653893490154,6.199721045871579,81.09532353998661,0.7262855331145543,6.028628456724524,33.69353792350679,,
301,,AK,K222,,HNZ,61.0876,-149.8366,2026-09-09T13:18:00.000000Z,2026-09-09T13:19:00.000000Z,100.0,200.0,60.0,,noise,0,Noise,events:arr_summer_2026.csv,AK,2.0-20.0,3.332531383150828,18.693134972704975,2.769784606801351,15.106301831006018,0.6907859546966008,2.7059404435423184,0.015189266034042692,,
302,,AK,K222,,HNZ,61.0876,-149.8366,2026-09-09T13:19:00.000000Z,2026-09-09T13:20:00.000000Z,100.0,200.0,60.0,,noise,0,Noise,events:arr_summer_2026.csv,AK,2.0-20.0,8.078370671625379,74.18258839197227,7.389533478665827,56.81192155532725,0.8367322126118479,4.468605226588021,5.506082635940379,,
303,,AK,K222,,HNZ,61.0876,-149.8366,2026-09-09T13:20:00.000000Z,2026-09-09T13:21:00.000000Z,100.0,200.0,60.0,,noise,0,Noise,events:arr_summer_2026.csv,AK,2.0-20.0,15.276344958563802,121.68768958069884,14.588921292303121,138.93680076732903,0.9120264824645504,6.707800341171718,7.0011298678733045,,
304,,AK,K222,,HNZ,61.0876,-149.8366,2026-09-09T13:21:00.000000Z,2026-09-09T13:22:00.000000Z,100.0,200.0,60.0,,noise,0,Noise,events:arr_summer_2026.csv,AK,2.0-20.0,10.525114286896141,80.9985545907207,9.719197200406033,70.69785122479513,0.8527213706449003,4.297791034150583,6.570031986603798,,
305,,AK,K222,,HNZ,61.0876,-149.8366,2026-09-09T13:22:00.000000Z,2026-09-09T13:23:00.000000Z,100.0,200.0,60.0,,noise,0,Noise,events:arr_summer_2026.csv,AK,2.0-20.0,8.545519664046559,67.59665902165203,7.864397695429044,68.9601559539363,0.8469426018974541,3.8757087971375936,9.920721927144552,,
306,,AK,K222,,HNZ,61.0876,-149.8366,2026-09-09T13:23:00.000000Z,2026-09-09T13:24:00.000000Z,100.0,200.0,60.0,,noise,0,Noise,events:arr_summer_2026.csv,AK,2.0-20.0,13.628546156038126,106.51264387018807,12.95754165950354,103.45999705983304,0.903953662945194,6.782109369487074,11.078228905575529,,
307,,AK,K222,,HNZ,61.0876,-149.8366,2026-09-09T13:27:00.000000Z,2026-09-09T13:28:00.000000Z,100.0,200.0,60.0,,noise,0,Noise,events:arr_summer_2026.csv,AK,2.0-20.0,7.788569791092275,71.46445102662607,7.251787882692971,60.14048133266874,0.8669114778252387,2.385604390859,7.923477056308215,,
308,,AK,K222,,HNZ,61.0876,-149.8366,2026-09-09T13:28:00.000000Z,2026-09-09T13:29:00.000000Z,100.0,200.0,60.0,,noise,0,Noise,events:arr_summer_2026.csv,AK,2.0-20.0,10.613755784750586,71.06480823740026,9.982404238243612,62.111840294650335,0.8845698327606494,6.186329832900435,3.9408445510539227,,
309,,AK,K222,,HNZ,61.0876,-149.8366,2026-09-09T13:29:00.000000Z,2026-09-09T13:30:00.000000Z,100.0,200.0,60.0,,noise,0,Noise,events:arr_summer_2026.csv,AK,2.0-20.0,6.770108899616597,60.070936881614045,6.040116411019289,55.46126875413124,0.7959747819528169,7.350705601761928,10.82629015939866,,
310,,AK,K222,,HNZ,61.0876,-149.8366,2026-09-09T13:30:00.000000Z,2026-09-09T13:31:00.000000Z,100.0,200.0,60.0,,noise,0,Noise,events:arr_summer_2026.csv,AK,2.0-20.0,9.926020944455729,54.69157167769992,9.189430572419425,51.842710410709785,0.8570907881300863,4.778482210015661,3.2835203495773557,,
311,,AK,K222,,HNZ,61.0876,-149.8366,2026-09-09T13:31:00.000000Z,2026-09-09T13:32:00.000000Z,100.0,200.0,60.0,,noise,0,Noise,events:arr_summer_2026.csv,AK,2.0-20.0,11.213075712604303,83.03097770035502,10.717878883949265,95.57705344704247,0.9136254333868481,5.411421505688191,7.733809247371807,,
312,,AK,K222,,HNZ,61.0876,-149.8366,2026-09-09T13:32:00.000000Z,2026-09-09T13:33:00.000000Z,100.0,200.0,60.0,,noise,0,Noise,events:arr_summer_2026.csv,AK,2.0-20.0,3.960952240033575,22.268688560252198,3.4766158828185936,22.57634826345983,0.7703963350948678,2.223277078908734,1.9775242171724736,,
313,,AK,K222,,HNZ,61.0876,-149.8366,2026-09-09T13:33:00.000000Z,2026-09-09T13:34:00.000000Z,100.0,200.0,60.0,,noise,0,Noise,events:arr_summer_2026.csv,AK,2.0-20.0,10.498569932480704,119.66548818845781,10.123006897429667,116.29860367079468,0.9297341313220335,6.137693677352042,20.835248935935347,,
314,,AK,K222,,HNZ,61.0876,-149.8366,2026-09-09T13:34:00.000000Z,2026-09-09T13:35:00.000000Z,100.0,200.0,60.0,,noise,0,Noise,events:arr_summer_2026.csv,AK,2.0-20.0,12.01518519445837,72.93111819728865,11.404877455288005,68.50717978332436,0.90099069968788,4.309233050349507,4.829479695729792,,
315,,AK,K222,,HNZ,61.0876,-149.8366,2026-09-09T13:35:00.000000Z,2026-09-09T13:36:00.000000Z,100.0,200.0,60.0,,noise,0,Noise,events:arr_summer_2026.csv,AK,2.0-20.0,5.99798950097055,36.37745784656673,5.044481804721792,41.108231228468874,0.70732941222861,3.7082608499008756,4.3609051203282245,,
316,,AK,K222,,HNZ,61.0876,-149.8366,2026-09-09T13:36:00.000000Z,2026-09-09T13:37:00.000000Z,100.0,200.0,60.0,,noise,0,Noise,events:arr_summer_2026.csv,AK,2.0-20.0,10.15598854665175,61.7003161067724,9.247135634591022,62.23100421896084,0.8290296261173874,3.5908779414281327,3.706478364250705,,
317,,AK,K222,,HNZ,61.0876,-149.8366,2026-09-09T13:37:00.000000Z,2026-09-09T13:38:00.000000Z,100.0,200.0,60.0,,noise,0,Noise,events:arr_summer_2026.csv,AK,2.0-20.0,5.787899245607875,54.30025519682603,5.142314479724095,49.41241786590389,0.7893604089883884,4.679087148907949,6.525678269520066,,
318,,AK,K222,,HNZ,61.0876,-149.8366,2026-09-09T13:38:00.000000Z,2026-09-09T13:39:00.000000Z,100.0,200.0,60.0,,noise,0,Noise,events:arr_summer_2026.csv,AK,2.0-20.0,8.640048638991267,103.30295120662493,8.206012810255046,102.60971425873228,0.9020528988892054,5.541370361739285,19.913396699594873,,
319,,AK,K222,,HNZ,61.0876,-149.8366,2026-09-09T13:39:00.000000Z,2026-09-09T13:40:00.000000Z,100.0,200.0,60.0,,noise,0,Noise,events:arr_summer_2026.csv,AK,2.0-20.0,4.343470189310418,22.33360974190661,3.7518020154328307,22.046808705491355,0.746115624028144,2.863103234159188,1.1023261275441776,,
320,,AK,K222,,HNZ,61.0876,-149.8366,2026-09-09T13:40:00.000000Z,2026-09-09T13:41:00.000000Z,100.0,200.0,60.0,,noise,0,Noise,events:arr_summer_2026.csv,AK,2.0-20.0,6.055258012586464,40.43891654740671,5.460057522694841,40.25133679563225,0.8130722335774149,3.461404882022139,3.454226910831993,,
321,,AK,K222,,HNZ,61.0876,-149.8366,2026-09-09T13:41:00.000000Z,2026-09-09T13:42:00.000000Z,100.0,200.0,60.0,,noise,0,Noise,events:arr_summer_2026.csv,AK,2.0-20.0,3.7740564455636774,27.32533454486109,3.143362129740626,19.186486079124254,0.6937005689344566,2.322649882174168,1.6613400905375553,,
322,,AK,K222,,HNZ,61.0876,-149.8366,2026-09-09T13:42:00.000000Z,2026-09-09T13:43:00.000000Z,100.0,200.0,60.0,,noise,0,Noise,events:arr_summer_2026.csv,AK,2.0-20.0,10.206867493577516,105.4273773652083,9.858939838572601,114.63455816675798,0.9329867571622104,5.872021329306886,19.11051600720533,,
323,,AK,K222,,HNZ,61.0876,-149.8366,2026-09-09T13:43:00.000000Z,2026-09-09T13:44:00.000000Z,100.0,200.0,60.0,,noise,0,Noise,events:arr_summer_2026.csv,AK,2.0-20.0,8.069566977998097,159.42620398880632,7.571407247898997,157.46206614860216,0.8803446954334051,3.27431817110511,83.59789427780181,,
324,,AK,K222,,HNZ,61.0876,-149.8366,2026-09-09T13:44:00.000000Z,2026-09-09T13:45:00.000000Z,100.0,200.0,60.0,,noise,0,Noise,events:arr_summer_2026.csv,AK,2.0-20.0,6.103557596834083,63.59054461960342,5.439475391837142,58.43336376761946,0.7942330191756511,6.115506891055482,19.06093062783774,,
325,,AK,K222,,HNZ,61.0876,-149.8366,2026-09-09T13:45:00.000000Z,2026-09-09T13:46:00.000000Z,100.0,200.0,60.0,,noise,0,Noise,events:arr_summer_2026.csv,AK,2.0-20.0,7.9277405702892905,77.26295474496752,7.008195157332313,84.95612002103816,0.7814721671075525,4.679481653934461,10.483465469694766,,
326,,AK,K222,,HNZ,61.0876,-149.8366,2026-09-09T13:46:00.000000Z,2026-09-09T13:47:00.000000Z,100.0,200.0,60.0,,noise,0,Noise,events:arr_summer_2026.csv,AK,2.0-20.0,10.039740413686285,132.07191073259193,9.205953056822894,136.9647827300468,0.8407996925686914,4.747393459170966,16.32281982279911,,
327,,AK,K222,,HNZ,61.0876,-149.8366,2026-09-09T13:47:00.000000Z,2026-09-09T13:48:00.000000Z,100.0,200.0,60.0,,noise,0,Noise,events:arr_summer_2026.csv,AK,2.0-20.0,8.202284655174894,46.754203140605796,7.48831391491402,42.81627497468164,0.8334861925889718,1.4962285586515045,3.89262898331539,,
328,,AK,K222,,HNZ,61.0876,-149.8366,2026-09-09T13:48:00.000000Z,2026-09-09T13:49:00.000000Z,100.0,200.0,60.0,,noise,0,Noise,events:arr_summer_2026.csv,AK,2.0-20.0,6.2768468647593645,39.762156800800966,5.354904305455818,47.71054568270367,0.7278139269084604,2.771319023309285,3.6262562153257996,,
329,,AK,K222,,HNZ,61.0876,-149.8366,2026-09-09T13:49:00.000000Z,2026-09-09T13:50:00.000000Z,100.0,200.0,60.0,,noise,0,Noise,events:arr_summer_2026.csv,AK,2.0-20.0,3.6837960489957653,14.674951541589701,3.0302385938827556,16.10723708974306,0.6766475206768038,2.5631094913887944,-0.05718773712902259,,
330,,AK,K222,,HNZ,61.0876,-149.8366,2026-09-09T13:50:00.000000Z,2026-09-09T13:51:00.000000Z,100.0,200.0,60.0,,noise,0,Noise,events:arr_summer_2026.csv,AK,2.0-20.0,8.62645802300569,77.6084862876212,8.13319849329999,75.4645771294897,0.8889098453187902,6.773300302268206,9.21591128653034,,
331,,AK,K222,,HNZ,61.0876,-149.8366,2026-09-09T13:51:00.000000Z,2026-09-09T13:52:00.000000Z,100.0,200.0,60.0,,noise,0,Noise,events:arr_summer_2026.csv,AK,2.0-20.0,9.543859131938497,103.97815182175184,9.004746721916753,101.03190374290061,0.8902151125515212,5.544907706498656,16.413978181626806,,
332,,AK,K222,,HNZ,61.0876,-149.8366,2026-09-09T13:52:00.000000Z,2026-09-09T13:53:00.000000Z,100.0,200.0,60.0,,noise,0,Noise,events:arr_summer_2026.csv,AK,2.0-20.0,9.003946016028348,123.49671139472167,6.812421983584748,100.26622830006772,0.5724496820693187,5.604605885603554,30.325999920173622,,
333,,AK,K222,,HNZ,61.0876,-149.8366,2026-09-09T13:53:00.000000Z,2026-09-09T13:54:00.000000Z,100.0,200.0,60.0,,noise,0,Noise,events:arr_summer_2026.csv,AK,2.0-20.0,8.21680353281936,107.00877090157502,7.65849320855208,105.18343992899707,0.8687220745980119,5.75342627183105,27.00908208792324,,
334,,AK,K222,,HNZ,61.0876,-149.8366,2026-09-09T13:54:00.000000Z,2026-09-09T13:55:00.000000Z,100.0,200.0,60.0,,noise,0,Noise,events:arr_summer_2026.csv,AK,2.0-20.0,6.525074188153243,64.4111379258311,6.081709401251428,60.621951668164414,0.8687212032557309,4.3322216992868325,11.899660242334468,,
335,,AK,K222,,HNZ,61.0876,-149.8366,2026-09-09T13:55:00.000000Z,2026-09-09T13:56:00.000000Z,100.0,200.0,60.0,,noise,0,Noise,events:arr_summer_2026.csv,AK,2.0-20.0,4.781024903255369,60.60782670909387,4.074193201475586,57.88172422375636,0.7261748903218522,5.5643952547576925,28.16927898168993,,
336,,AK,K222,,HNZ,61.0876,-149.8366,2026-09-09T13:56:00.000000Z,2026-09-09T13:57:00.000000Z,100.0,200.0,60.0,,noise,0,Noise,events:arr_summer_2026.csv,AK,2.0-20.0,5.694131135267437,83.3578241526468,5.093104957063668,81.74749734578454,0.8000374607631004,5.702658983087189,42.024289743933,,
337,,AK,K222,,HNZ,61.0876,-149.8366,2026-09-09T13:57:00.000000Z,2026-09-09T13:58:00.000000Z,100.0,200.0,60.0,,noise,0,Noise,events:arr_summer_2026.csv,AK,2.0-20.0,4.955671168262575,22.12377130015869,3.881329191189811,19.015115696773485,0.6134172641817376,2.650719829344037,0.83049838032743,,
338,,AK,K222,,HNZ,61.0876,-149.8366,2026-09-09T13:58:00.000000Z,2026-09-09T13:59:00.000000Z,100.0,200.0,60.0,,noise,0,Noise,events:arr_summer_2026.csv,AK,2.0-20.0,12.493912072641699,98.60688343648899,11.373035111704569,100.35538283821553,0.8286208738124127,4.657173511056209,10.74037727293738,,
339,,AK,K222,,HNZ,61.0876,-149.8366,2026-09-09T13:59:00.000000Z,2026-09-09T14:00:00.000000Z,100.0,200.0,60.0,,noise,0,Noise,events:arr_summer_2026.csv,AK,2.0-20.0,23.038890452196494,196.68047602595018,22.133800030184155,181.19701245212633,0.9229726765057001,7.095170431649742,9.264331936500044,,
340,,AK,K222,,HNZ,61.0876,-149.8366,2026-09-09T14:00:00.000000Z,2026-09-09T14:01:00.000000Z,100.0,200.0,60.0,,noise,0,Noise,events:arr_summer_2026.csv,AK,2.0-20.0,10.875240524448834,80.88025621474208,9.813357839360442,90.5734675095738,0.8142495536265095,4.652601026539529,5.694098707508374,,
341,,AK,K222,,HNZ,61.0876,-149.8366,2026-09-09T14:01:00.000000Z,2026-09-09T14:02:00.000000Z,100.0,200.0,60.0,,noise,0,Noise,events:arr_summer_2026.csv,AK,2.0-20.0,10.182851794657765,50.93473334946555,7.236535672170476,33.9095643718051,0.505036269921712,2.988033344353889,1.4198361163525313,,
342,,AK,K222,,HNZ,61.0876,-149.8366,2026-09-09T14:02:00.000000Z,2026-09-09T14:03:00.000000Z,100.0,200.0,60.0,,noise,0,Noise,events:arr_summer_2026.csv,AK,2.0-20.0,12.746913100944912,85.67215054779783,11.662917181151476,81.36781070740928,0.8371520270305438,4.302234391171177,3.246552595234493,,
343,,AK,K222,,HNZ,61.0876,-149.8366,2026-09-09T14:03:00.000000Z,2026-09-09T14:04:00.000000Z,100.0,200.0,60.0,,noise,0,Noise,events:arr_summer_2026.csv,AK,2.0-20.0,8.42305535788403,71.17476476872301,7.949598993836332,72.84587441005942,0.8907403658332471,5.518506013689014,9.037318062153252,,
344,,AK,K222,,HNZ,61.0876,-149.8366,2026-09-09T14:04:00.000000Z,2026-09-09T14:05:00.000000Z,100.0,200.0,60.0,,noise,0,Noise,events:arr_summer_2026.csv,AK,2.0-20.0,4.775518655290499,56.69279713858224,4.099576460046057,61.380082075813,0.7369480763463486,5.260312858268339,41.35665914808589,,
345,,AK,K222,,HNZ,61.0876,-149.8366,2026-09-09T14:05:00.000000Z,2026-09-09T14:06:00.000000Z,100.0,200.0,60.0,,noise,0,Noise,events:arr_summer_2026.csv,AK,2.0-20.0,8.821257138558137,151.23818934753174,8.439149696679085,155.44633058611433,0.9152430031350168,7.593186852787205,62.14052792482782,,
346,,AK,K222,,HNZ,61.0876,-149.8366,2026-09-09T14:06:00.000000Z,2026-09-09T14:07:00.000000Z,100.0,200.0,60.0,,noise,0,Noise,events:arr_summer_2026.csv,AK,2.0-20.0,5.829661398350307,45.8494601712095,5.3056885075262405,43.697292255205966,0.828317501310983,3.0704821353046134,7.833672920472157,,
347,,AK,K222,,HNZ,61.0876,-149.8366,2026-09-09T14:07:00.000000Z,2026-09-09T14:08:00.000000Z,100.0,200.0,60.0,,noise,0,Noise,events:arr_summer_2026.csv,AK,2.0-20.0,10.059476265941742,86.8615406252524,9.211516448038347,88.20232335331181,0.8385163268184179,6.416477337711686,9.533320169290988,,
348,,AK,K222,,HNZ,61.0876,-149.8366,2026-09-09T14:08:00.000000Z,2026-09-09T14:09:00.000000Z,100.0,200.0,60.0,,noise,0,Noise,events:arr_summer_2026.csv,AK,2.0-20.0,9.789076482757745,81.59095122023368,9.001951762294778,75.88824585239081,0.8456485711935768,5.79286303980467,6.556842553900534,,
349,,AK,K222,,HNZ,61.0876,-149.8366,2026-09-09T14:09:00.000000Z,2026-09-09T14:10:00.000000Z,100.0,200.0,60.0,,noise,0,Noise,events:arr_summer_2026.csv,AK,2.0-20.0,8.1527826845876,91.34136522740553,7.385202902363845,94.80223192336919,0.8205652686011229,6.618904691157229,18.595248847674377,,
350,,AK,K222,,HNZ,61.0876,-149.8366,2026-09-09T14:10:00.000000Z,2026-09-09T14:11:00.000000Z,100.0,200.0,60.0,,noise,0,Noise,events:arr_summer_2026.csv,AK,2.0-20.0,5.98772325462522,88.03108659355937,5.374264237936769,87.96529616375926,0.8055909751404852,7.218147324260459,61.822006035260955,,
351,,AK,K222,,HNZ,61.0876,-149.8366,2026-09-09T14:11:00.000000Z,2026-09-09T14:12:00.000000Z,100.0,200.0,60.0,,noise,0,Noise,events:arr_summer_2026.csv,AK,2.0-20.0,13.781841389422576,223.49506995999144,12.732885161967017,246.04504532098716,0.8535700131841266,7.804305108921291,83.39464863238457,,
352,,AK,K222,,HNZ,61.0876,-149.8366,2026-09-09T14:12:00.000000Z,2026-09-09T14:13:00.000000Z,100.0,200.0,60.0,,noise,0,Noise,events:arr_summer_2026.csv,AK,2.0-20.0,8.210030545625347,67.05561099672126,6.737653209941176,78.57944583809208,0.6734847432775548,5.677937980173722,10.858001039573729,,
353,,AK,K222,,HNZ,61.0876,-149.8366,2026-09-09T14:13:00.000000Z,2026-09-09T14:14:00.000000Z,100.0,200.0,60.0,,noise,0,Noise,events:arr_summer_2026.csv,AK,2.0-20.0,12.297644601397563,112.38307893890278,11.114154890945944,115.86861884418718,0.8167873710116481,5.872477971282555,10.884713617572483,,
354,,AK,K222,,HNZ,61.0876,-149.8366,2026-09-09T14:14:00.000000Z,2026-09-09T14:15:00.000000Z,100.0,200.0,60.0,,noise,0,Noise,events:arr_summer_2026.csv,AK,2.0-20.0,7.870637967663058,45.647393840110766,6.130691736365961,42.0875824119795,0.606735053288231,3.5223375318855874,3.8392305701279428,,
355,,AK,K222,,HNZ,61.0876,-149.8366,2026-09-09T14:15:00.000000Z,2026-09-09T14:16:00.000000Z,100.0,200.0,60.0,,noise,0,Noise,events:arr_summer_2026.csv,AK,2.0-20.0,8.58744323257299,71.84865991515902,7.539459497801258,66.39113207835193,0.7708194536571116,5.8422766836304065,10.919148228107328,,
356,,AK,K222,,HNZ,61.0876,-149.8366,2026-09-09T14:16:00.000000Z,2026-09-09T14:17:00.000000Z,100.0,200.0,60.0,,noise,0,Noise,events:arr_summer_2026.csv,AK,2.0-20.0,8.562530015387715,90.3384047733675,7.672697672401874,84.60600513900074,0.8029563893268703,5.485530863380443,15.333654399062265,,
357,,AK,K222,,HNZ,61.0876,-149.8366,2026-09-09T14:17:00.000000Z,2026-09-09T14:18:00.000000Z,100.0,200.0,60.0,,noise,0,Noise,events:arr_summer_2026.csv,AK,2.0-20.0,4.572461436816276,25.46906520566164,3.4878088706178105,19.817794378904743,0.5818422486040692,4.257785795632307,1.8193345922697732,,
358,,AK,K222,,HNZ,61.0876,-149.8366,2026-09-09T14:18:00.000000Z,2026-09-09T14:19:00.000000Z,100.0,200.0,60.0,,noise,0,Noise,events:arr_summer_2026.csv,AK,2.0-20.0,6.863170572695738,76.43515643314252,5.813587625046452,61.0880149314917,0.7175280114565535,3.36706037875788,10.423307560663826,,
359,,AK,K222,,HNZ,61.0876,-149.8366,2026-09-09T14:19:00.000000Z,2026-09-09T14:20:00.000000Z,100.0,200.0,60.0,,noise,0,Noise,events:arr_summer_2026.csv,AK,2.0-20.0,4.9978481199093725,24.912764121634883,3.718420453609849,17.12572720322823,0.5535423870006572,2.419778460198878,0.9460329768656122,,
360,,AK,K222,,HNZ,61.0876,-149.8366,2026-09-09T14:20:00.000000Z,2026-09-09T14:21:00.000000Z,100.0,200.0,60.0,,noise,0,Noise,events:arr_summer_2026.csv,AK,2.0-20.0,10.626922921788868,182.30492478338707,10.056739643052259,171.87796453981866,0.8955696196387926,7.2054081912518075,70.96394363472851,,
361,,AK,K222,,HNZ,61.0876,-149.8366,2026-09-09T14:21:00.000000Z,2026-09-09T14:22:00.000000Z,100.0,200.0,60.0,,noise,0,Noise,events:arr_summer_2026.csv,AK,2.0-20.0,12.995305310444689,91.91752110655118,12.043791714414747,87.07413841226305,0.8589215476329054,6.444550014743964,5.804702965212211,,
362,,AK,K222,,HNZ,61.0876,-149.8366,2026-09-09T14:22:00.000000Z,2026-09-09T14:23:00.000000Z,100.0,200.0,60.0,,noise,0,Noise,events:arr_summer_2026.csv,AK,2.0-20.0,20.93655833609904,261.73102313166584,20.184109732138808,276.1525615379378,0.9294127244993866,6.548729243956824,23.058807578837936,,
363,,AK,K222,,HNZ,61.0876,-149.8366,2026-09-09T14:23:00.000000Z,2026-09-09T14:24:00.000000Z,100.0,200.0,60.0,,noise,0,Noise,events:arr_summer_2026.csv,AK,2.0-20.0,6.216144285799919,27.54630409777964,5.320952353097042,27.552009321728097,0.7327175046809008,2.6530454804513104,1.265429155766654,,
364,,AK,K222,,HNZ,61.0876,-149.8366,2026-09-09T14:27:00.000000Z,2026-09-09T14:28:00.000000Z,100.0,200.0,60.0,,noise,0,Noise,events:arr_summer_2026.csv,AK,2.0-20.0,9.582473728318934,89.36664181470819,8.8298318816786,79.725045740665,0.8490819234272812,5.145230723957283,8.303816521884212,,
365,,AK,K222,,HNZ,61.0876,-149.8366,2026-09-09T14:28:00.000000Z,2026-09-09T14:29:00.000000Z,100.0,200.0,60.0,,noise,0,Noise,events:arr_summer_2026.csv,AK,2.0-20.0,18.754328697606976,194.9215828705038,17.92237849840353,183.4015500712603,0.913246976150615,5.429291028638884,11.137842220028652,,
366,,AK,K222,,HNZ,61.0876,-149.8366,2026-09-09T14:29:00.000000Z,2026-09-09T14:30:00.000000Z,100.0,200.0,60.0,,noise,0,Noise,events:arr_summer_2026.csv,AK,2.0-20.0,6.254885114185438,58.80457872310282,5.508138389999818,52.33930307609992,0.775480732619783,3.048081281743251,5.536393180673819,,
367,,AK,K222,,HNZ,61.0876,-149.8366,2026-09-09T14:30:00.000000Z,2026-09-09T14:31:00.000000Z,100.0,200.0,60.0,,noise,0,Noise,events:arr_summer_2026.csv,AK,2.0-20.0,6.339383153695653,76.5160367039609,5.761283021473795,64.27202236603529,0.8259322378580569,5.42002772903124,12.59386732958674,,
368,,AK,K222,,HNZ,61.0876,-149.8366,2026-09-09T14:31:00.000000Z,2026-09-09T14:32:00.000000Z,100.0,200.0,60.0,,noise,0,Noise,events:arr_summer_2026.csv,AK,2.0-20.0,6.6191815614751635,72.29814039723188,6.028574509819773,73.56831319578095,0.8295081899610984,4.92293439622492,11.957372736862595,,
369,,AK,K222,,HNZ,61.0876,-149.8366,2026-09-09T14:32:00.000000Z,2026-09-09T14:33:00.000000Z,100.0,200.0,60.0,,noise,0,Noise,events:arr_summer_2026.csv,AK,2.0-20.0,9.184276971105806,99.51021763085213,8.846482562491003,103.29402420758446,0.9277934602494647,5.207820361493343,22.271093706618935,,
370,,AK,K222,,HNZ,61.0876,-149.8366,2026-09-09T14:33:00.000000Z,2026-09-09T14:34:00.000000Z,100.0,200.0,60.0,,noise,0,Noise,events:arr_summer_2026.csv,AK,2.0-20.0,10.171450751898208,73.7022674405637,9.721164266297368,86.83739066312276,0.9134205167905639,5.057709426559242,4.180648755090793,,
371,,AK,K222,,HNZ,61.0876,-149.8366,2026-09-09T14:34:00.000000Z,2026-09-09T14:35:00.000000Z,100.0,200.0,60.0,,noise,0,Noise,events:arr_summer_2026.csv,AK,2.0-20.0,14.042364704438024,125.33801173468872,13.714793594439403,113.98080186540395,0.9538894716970577,6.563129820754368,6.167752825394743,,
372,,AK,K222,,HNZ,61.0876,-149.8366,2026-09-09T14:35:00.000000Z,2026-09-09T14:36:00.000000Z,100.0,200.0,60.0,,noise,0,Noise,events:arr_summer_2026.csv,AK,2.0-20.0,15.29593269116635,102.77495536911323,14.649877906062192,93.96624621840253,0.9173099045555854,5.5306616112608795,5.399042916092759,,
373,,AK,K222,,HNZ,61.0876,-149.8366,2026-09-09T14:36:00.000000Z,2026-09-09T14:37:00.000000Z,100.0,200.0,60.0,,noise,0,Noise,events:arr_summer_2026.csv,AK,2.0-20.0,10.817146037405589,80.30222903386942,10.122032063636928,63.48157480319723,0.8756086262492485,4.130219619870351,5.1419887191311116,,
374,,AK,K222,,HNZ,61.0876,-149.8366,2026-09-09T14:37:00.000000Z,2026-09-09T14:38:00.000000Z,100.0,200.0,60.0,,noise,0,Noise,events:arr_summer_2026.csv,AK,2.0-20.0,5.804502288195219,53.813512166036524,5.146315265757863,60.39526815380479,0.7860728600572844,6.209704548964828,21.615687740471976,,
375,,AK,K222,,HNZ,61.0876,-149.8366,2026-09-09T14:38:00.000000Z,2026-09-09T14:39:00.000000Z,100.0,200.0,60.0,,noise,0,Noise,events:arr_summer_2026.csv,AK,2.0-20.0,13.532015855841653,111.03452184048471,13.254919912462556,98.47623251742937,0.9594651837932112,6.225960685615371,8.12378855543526,,
376,,AK,K222,,HNZ,61.0876,-149.8366,2026-09-09T14:39:00.000000Z,2026-09-09T14:40:00.000000Z,100.0,200.0,60.0,,noise,0,Noise,events:arr_summer_2026.csv,AK,2.0-20.0,16.518275190418137,138.4026608233665,16.215269181009553,121.56097802700963,0.9636491240393605,5.2000787910496005,7.860833050817581,,
377,,AK,K222,,HNZ,61.0876,-149.8366,2026-09-09T14:40:00.000000Z,2026-09-09T14:41:00.000000Z,100.0,200.0,60.0,,noise,0,Noise,events:arr_summer_2026.csv,AK,2.0-20.0,12.51906360192246,93.90851576483462,11.744972870796326,100.26216980572173,0.8801573991103223,3.664087436140957,8.59190983663749,,
378,,AK,K222,,HNZ,61.0876,-149.8366,2026-09-09T14:41:00.000000Z,2026-09-09T14:42:00.000000Z,100.0,200.0,60.0,,noise,0,Noise,events:arr_summer_2026.csv,AK,2.0-20.0,9.171428549286249,79.80097130074076,8.306907093634148,61.795192258156646,0.8203604836855274,4.822967652389749,3.387800443534922,,
379,,AK,K222,,HNZ,61.0876,-149.8366,2026-09-09T14:42:00.000000Z,2026-09-09T14:43:00.000000Z,100.0,200.0,60.0,,noise,0,Noise,events:arr_summer_2026.csv,AK,2.0-20.0,14.729204187952478,127.89095971481798,14.166183289702342,114.19463756582476,0.925011533505872,4.867639467540742,6.39283313701125,,
380,,AK,K222,,HNZ,61.0876,-149.8366,2026-09-09T14:43:00.000000Z,2026-09-09T14:44:00.000000Z,100.0,200.0,60.0,,noise,0,Noise,events:arr_summer_2026.csv,AK,2.0-20.0,6.307717158818848,64.3266892501947,5.926490139436351,62.858479484209624,0.8827763914525858,5.475570781268165,9.470609812001866,,
381,,AK,K222,,HNZ,61.0876,-149.8366,2026-09-09T14:44:00.000000Z,2026-09-09T14:45:00.000000Z,100.0,200.0,60.0,,noise,0,Noise,events:arr_summer_2026.csv,AK,2.0-20.0,11.823508858406171,66.53852928386951,11.35668295962581,61.45412203090748,0.9225931837377007,4.615160569354011,2.5566123883511214,,
382,,AK,K222,,HNZ,61.0876,-149.8366,2026-09-09T14:45:00.000000Z,2026-09-09T14:46:00.000000Z,100.0,200.0,60.0,,noise,0,Noise,events:arr_summer_2026.csv,AK,2.0-20.0,8.00084051788306,66.84404451736098,7.663372641436969,69.6460978332319,0.9174209664646289,4.809856769304124,9.150672487173068,,
383,,AK,K222,,HNZ,61.0876,-149.8366,2026-09-09T14:46:00.000000Z,2026-09-09T14:47:00.000000Z,100.0,200.0,60.0,,noise,0,Noise,events:arr_summer_2026.csv,AK,2.0-20.0,15.974872340729922,168.0287364302886,15.64294237422399,153.55490731501413,0.958875226442601,4.062773045176849,5.879922781135294,,
384,,AK,K222,,HNZ,61.0876,-149.8366,2026-09-09T14:47:00.000000Z,2026-09-09T14:48:00.000000Z,100.0,200.0,60.0,,noise,0,Noise,events:arr_summer_2026.csv,AK,2.0-20.0,8.108822008609703,53.487284498672324,7.664403324604414,50.6560630679473,0.8933901624928787,2.9434861010081246,3.4464585055243457,,
385,,AK,K222,,HNZ,61.0876,-149.8366,2026-09-09T14:48:00.000000Z,2026-09-09T14:49:00.000000Z,100.0,200.0,60.0,,noise,0,Noise,events:arr_summer_2026.csv,AK,2.0-20.0,17.852346127607646,126.10934560217025,17.618216875256905,128.94559784379464,0.9739424750005443,4.788248185243608,4.65550653473233,,
386,,AK,K222,,HNZ,61.0876,-149.8366,2026-09-09T14:49:00.000000Z,2026-09-09T14:50:00.000000Z,100.0,200.0,60.0,,noise,0,Noise,events:arr_summer_2026.csv,AK,2.0-20.0,9.894737120004226,117.61685995384369,9.594528890865684,128.4965306425658,0.940240142245517,8.167466659779205,20.382224185292326,,
387,,AK,K222,,HNZ,61.0876,-149.8366,2026-09-09T14:50:00.000000Z,2026-09-09T14:51:00.000000Z,100.0,200.0,60.0,,noise,0,Noise,events:arr_summer_2026.csv,AK,2.0-20.0,8.754473794568696,73.6482467202549,8.422697111113795,80.76608438961804,0.9256403385004639,4.6408824776439275,6.15640878478427,,
388,,AK,K222,,HNZ,61.0876,-149.8366,2026-09-09T14:51:00.000000Z,2026-09-09T14:52:00.000000Z,100.0,200.0,60.0,,noise,0,Noise,events:arr_summer_2026.csv,AK,2.0-20.0,7.221200869695215,69.59193394344057,6.876498159704973,68.58168296253923,0.9068089766559333,4.401130004865314,15.198080414091411,,
389,,AK,K222,,HNZ,61.0876,-149.8366,2026-09-09T14:52:00.000000Z,2026-09-09T14:53:00.000000Z,100.0,200.0,60.0,,noise,0,Noise,events:arr_summer_2026.csv,AK,2.0-20.0,10.272992208037676,69.09053509291604,9.937861313080859,63.81130664755935,0.9358191885869833,4.120846522413226,3.888690362633012,,
390,,AK,K222,,HNZ,61.0876,-149.8366,2026-09-09T14:53:00.000000Z,2026-09-09T14:54:00.000000Z,100.0,200.0,60.0,,noise,0,Noise,events:arr_summer_2026.csv,AK,2.0-20.0,16.733789916395448,148.29335747655938,16.203483630208524,149.10992524449523,0.9376228113439522,6.655478269606899,9.920223882896725,,
391,,AK,K222,,HNZ,61.0876,-149.8366,2026-09-09T14:54:00.000000Z,2026-09-09T14:55:00.000000Z,100.0,200.0,60.0,,noise,0,Noise,events:arr_summer_2026.csv,AK,2.0-20.0,8.784414416929751,75.99784935881159,8.534294585895827,78.48030577367624,0.9438644464428423,7.172042951333134,10.912578327887449,,
392,,AK,K222,,HNZ,61.0876,-149.8366,2026-09-09T14:55:00.000000Z,2026-09-09T14:56:00.000000Z,100.0,200.0,60.0,,noise,0,Noise,events:arr_summer_2026.csv,AK,2.0-20.0,4.090376762376151,31.563596477429794,3.653854197728992,30.276161561219247,0.7979502256225294,4.16963154915156,8.110374284359393,,
393,,AK,K222,,HNZ,61.0876,-149.8366,2026-09-09T14:56:00.000000Z,2026-09-09T14:57:00.000000Z,100.0,200.0,60.0,,noise,0,Noise,events:arr_summer_2026.csv,AK,2.0-20.0,13.200282517432091,150.95302760037592,12.962636405783739,131.79996930084582,0.9643178959190085,6.4899478633296095,7.827318549829727,,
394,,AK,K222,,HNZ,61.0876,-149.8366,2026-09-09T14:57:00.000000Z,2026-09-09T14:58:00.000000Z,100.0,200.0,60.0,,noise,0,Noise,events:arr_summer_2026.csv,AK,2.0-20.0,7.884868831378549,56.26213978969265,7.667062871469496,58.562248740227645,0.9455164805623294,5.028854238918921,6.193804329112481,,
395,,AK,K222,,HNZ,61.0876,-149.8366,2026-09-09T14:58:00.000000Z,2026-09-09T14:59:00.000000Z,100.0,200.0,60.0,,noise,0,Noise,events:arr_summer_2026.csv,AK,2.0-20.0,5.1729112645045685,62.26310398058157,4.883281493780989,68.87129870903277,0.8911554388789298,6.405158297336122,36.70776235309678,,
396,,AK,K222,,HNZ,61.0876,-149.8366,2026-09-09T14:59:00.000000Z,2026-09-09T15:00:00.000000Z,100.0,200.0,60.0,,noise,0,Noise,events:arr_summer_2026.csv,AK,2.0-20.0,13.471034493536079,87.0631147036474,12.892257244059511,88.51436381484609,0.9159168078803889,4.601933659475622,5.58952722692017,,
397,coastal_classic_out_2026-09-09,AK,K222,,HNZ,61.0876,-149.8366,2026-09-09T15:13:00.000000Z,2026-09-09T15:14:00.000000Z,100.0,200.0,60.0,,train,4,Train,"events:search900s,rms>=3x",AK,2.0-20.0,299.2537541019715,2866.4290415027044,273.4287216102082,2090.830015483506,0.8348511492710526,4.356426564974612,7.590298039964383,,
398,,AK,K222,,HNZ,61.0876,-149.8366,2026-09-09T15:31:00.000000Z,2026-09-09T15:32:00.000000Z,100.0,200.0,60.0,,noise,0,Noise,events:arr_summer_2026.csv,AK,2.0-20.0,16.770427635574993,138.8686173318397,15.785882024503373,139.07490775812127,0.8860320498167701,5.8942643696298616,7.10003846631388,,
399,,AK,K222,,HNZ,61.0876,-149.8366,2026-09-09T15:32:00.000000Z,2026-09-09T15:33:00.000000Z,100.0,200.0,60.0,,noise,0,Noise,events:arr_summer_2026.csv,AK,2.0-20.0,21.72899975166369,187.19286494840028,20.869652718958935,206.8014768666555,0.9224672884138838,5.289188374399583,8.26556045784465,,
400,,AK,K222,,HNZ,61.0876,-149.8366,2026-09-09T15:33:00.000000Z,2026-09-09T15:34:00.000000Z,100.0,200.0,60.0,,noise,0,Noise,events:arr_summer_2026.csv,AK,2.0-20.0,17.02703781872204,226.41554450049765,16.333734238505485,236.85217676675921,0.9202223325075817,4.887394884680207,23.055165275518615,,
401,,AK,K222,,HNZ,61.0876,-149.8366,2026-09-09T15:34:00.000000Z,2026-09-09T15:35:00.000000Z,100.0,200.0,60.0,,noise,0,Noise,events:arr_summer_2026.csv,AK,2.0-20.0,24.27193196660287,201.0910549170581,23.44617626583417,193.2748928367124,0.9331154042967977,5.121176900310555,7.737545129677342,,
402,,AK,K222,,HNZ,61.0876,-149.8366,2026-09-09T15:35:00.000000Z,2026-09-09T15:36:00.000000Z,100.0,200.0,60.0,,noise,0,Noise,events:arr_summer_2026.csv,AK,2.0-20.0,17.671393557713152,156.70174828884305,17.240220903244282,158.98392996164037,0.9517963922040868,8.172308161876295,7.283027823700204,,
403,,AK,K222,,HNZ,61.0876,-149.8366,2026-09-09T15:36:00.000000Z,2026-09-09T15:37:00.000000Z,100.0,200.0,60.0,,noise,0,Noise,events:arr_summer_2026.csv,AK,2.0-20.0,14.2767489792593,118.5380029769451,13.704443627695372,130.19615569418448,0.9214338664847034,4.774080607453188,8.196777034361796,,
404,,AK,K222,,HNZ,61.0876,-149.8366,2026-09-09T15:37:00.000000Z,2026-09-09T15:38:00.000000Z,100.0,200.0,60.0,,noise,0,Noise,events:arr_summer_2026.csv,AK,2.0-20.0,18.32489744296719,137.89358024441245,17.698569832771334,116.99914808552998,0.9328101049029222,6.529290852717765,5.530124161970434,,
405,,AK,K222,,HNZ,61.0876,-149.8366,2026-09-09T15:38:00.000000Z,2026-09-09T15:39:00.000000Z,100.0,200.0,60.0,,noise,0,Noise,events:arr_summer_2026.csv,AK,2.0-20.0,10.829557261981456,76.53532122462487,10.399968559960506,82.6385459520236,0.9222372266325327,4.464195124857763,5.06717903164237,,
406,,AK,K222,,HNZ,61.0876,-149.8366,2026-09-09T15:39:00.000000Z,2026-09-09T15:40:00.000000Z,100.0,200.0,60.0,,noise,0,Noise,events:arr_summer_2026.csv,AK,2.0-20.0,14.035228473533115,159.35310732399023,13.651375519159137,160.18231989004346,0.9460494839642601,5.6807925934538215,17.30280132937296,,
407,,AK,K222,,HNZ,61.0876,-149.8366,2026-09-09T15:40:00.000000Z,2026-09-09T15:41:00.000000Z,100.0,200.0,60.0,,noise,0,Noise,events:arr_summer_2026.csv,AK,2.0-20.0,12.486036896286393,108.52095820974814,12.033250059128427,93.3940004045912,0.9287881281621856,4.443124996413602,6.129967198398967,,
408,,AK,K222,,HNZ,61.0876,-149.8366,2026-09-09T15:41:00.000000Z,2026-09-09T15:42:00.000000Z,100.0,200.0,60.0,,noise,0,Noise,events:arr_summer_2026.csv,AK,2.0-20.0,18.765293576958282,133.65897941356494,18.155785028866468,121.93453873004913,0.9360937322968514,5.040808090146996,3.0906104026037484,,
409,,AK,K222,,HNZ,61.0876,-149.8366,2026-09-09T15:42:00.000000Z,2026-09-09T15:43:00.000000Z,100.0,200.0,60.0,,noise,0,Noise,events:arr_summer_2026.csv,AK,2.0-20.0,10.959834525661039,151.72635514092397,10.32487232010471,144.4038948971475,0.8874857435152593,4.985385065656537,17.944958566968076,,
410,,AK,K222,,HNZ,61.0876,-149.8366,2026-09-09T15:43:00.000000Z,2026-09-09T15:44:00.000000Z,100.0,200.0,60.0,,noise,0,Noise,events:arr_summer_2026.csv,AK,2.0-20.0,16.405945066623463,101.335105993046,15.615821052700177,93.03447074933457,0.9059977959640114,5.155431294691107,3.0353889845112443,,
411,,AK,K222,,HNZ,61.0876,-149.8366,2026-09-09T15:44:00.000000Z,2026-09-09T15:45:00.000000Z,100.0,200.0,60.0,,noise,0,Noise,events:arr_summer_2026.csv,AK,2.0-20.0,15.451849406076356,106.84824467061694,14.857073704498895,102.02902900006993,0.9244972464903058,4.923339107084854,4.630263225999126,,
412,,AK,K222,,HNZ,61.0876,-149.8366,2026-09-09T15:45:00.000000Z,2026-09-09T15:46:00.000000Z,100.0,200.0,60.0,,noise,0,Noise,events:arr_summer_2026.csv,AK,2.0-20.0,13.977739827524811,152.48883497343496,13.650069253947585,129.73660284303241,0.9536649130334927,7.429820398778668,13.135406841062778,,
413,,AK,K222,,HNZ,61.0876,-149.8366,2026-09-09T15:46:00.000000Z,2026-09-09T15:47:00.000000Z,100.0,200.0,60.0,,noise,0,Noise,events:arr_summer_2026.csv,AK,2.0-20.0,17.234651383959868,163.57969211183618,16.839330364408948,155.6744110362556,0.9546509924570042,5.711290443343142,7.110403105495937,,
414,,AK,K222,,HNZ,61.0876,-149.8366,2026-09-09T15:47:00.000000Z,2026-09-09T15:48:00.000000Z,100.0,200.0,60.0,,noise,0,Noise,events:arr_summer_2026.csv,AK,2.0-20.0,29.000291900606285,244.21877861450747,28.601075415621196,263.2251626425672,0.9726576070453663,5.445290262961535,6.692634731152257,,
415,,AK,K222,,HNZ,61.0876,-149.8366,2026-09-09T15:48:00.000000Z,2026-09-09T15:49:00.000000Z,100.0,200.0,60.0,,noise,0,Noise,events:arr_summer_2026.csv,AK,2.0-20.0,19.609916783530313,150.54630552249478,19.191333290961516,156.9007448923947,0.9577646289862588,5.878586089414374,5.210573521519905,,
416,,AK,K222,,HNZ,61.0876,-149.8366,2026-09-09T15:49:00.000000Z,2026-09-09T15:50:00.000000Z,100.0,200.0,60.0,,noise,0,Noise,events:arr_summer_2026.csv,AK,2.0-20.0,15.778306767262617,132.12661076693163,15.244477809201886,138.06979514928167,0.933478487550044,5.622353820492142,5.905330681635892,,
417,,AK,K222,,HNZ,61.0876,-149.8366,2026-09-09T15:50:00.000000Z,2026-09-09T15:51:00.000000Z,100.0,200.0,60.0,,noise,0,Noise,events:arr_summer_2026.csv,AK,2.0-20.0,22.964596224966897,140.11796179890493,22.26413143201781,153.4963766605961,0.9399264835503593,6.759185822734235,4.423183818382471,,
418,,AK,K222,,HNZ,61.0876,-149.8366,2026-09-09T15:51:00.000000Z,2026-09-09T15:52:00.000000Z,100.0,200.0,60.0,,noise,0,Noise,events:arr_summer_2026.csv,AK,2.0-20.0,12.77087714091614,93.69699949021827,12.37857199764481,88.79728580641573,0.9395061778657033,4.579672887646295,4.447567171625781,,
419,,AK,K222,,HNZ,61.0876,-149.8366,2026-09-09T15:52:00.000000Z,2026-09-09T15:53:00.000000Z,100.0,200.0,60.0,,noise,0,Noise,events:arr_summer_2026.csv,AK,2.0-20.0,16.93157540094956,108.6469822762059,16.49741634224179,119.40185563552495,0.949373557939417,4.523954163164603,3.7710415035935494,,
420,,AK,K222,,HNZ,61.0876,-149.8366,2026-09-09T15:53:00.000000Z,2026-09-09T15:54:00.000000Z,100.0,200.0,60.0,,noise,0,Noise,events:arr_summer_2026.csv,AK,2.0-20.0,16.882274491171465,129.83976255506232,16.164236634631663,145.51452712687436,0.9167448623726847,8.10375441012539,6.1560145537406346,,
421,,AK,K222,,HNZ,61.0876,-149.8366,2026-09-09T15:54:00.000000Z,2026-09-09T15:55:00.000000Z,100.0,200.0,60.0,,noise,0,Noise,events:arr_summer_2026.csv,AK,2.0-20.0,10.13442927239243,65.48434944707772,9.466166257340006,67.51273695865743,0.8724683142330407,4.255997891817191,3.525620806850789,,
422,,AK,K222,,HNZ,61.0876,-149.8366,2026-09-09T15:55:00.000000Z,2026-09-09T15:56:00.000000Z,100.0,200.0,60.0,,noise,0,Noise,events:arr_summer_2026.csv,AK,2.0-20.0,18.210575777373148,171.79108263930135,17.750182281428707,162.54313829628012,0.95007585188797,4.103271148172555,7.475751863721506,,
423,,AK,K222,,HNZ,61.0876,-149.8366,2026-09-09T15:56:00.000000Z,2026-09-09T15:57:00.000000Z,100.0,200.0,60.0,,noise,0,Noise,events:arr_summer_2026.csv,AK,2.0-20.0,26.937006464243858,167.25464711376532,24.77119696348954,146.46200125345553,0.8456590950888473,3.502215247838489,2.038017935931623,,
424,,AK,K222,,HNZ,61.0876,-149.8366,2026-09-09T15:57:00.000000Z,2026-09-09T15:58:00.000000Z,100.0,200.0,60.0,,noise,0,Noise,events:arr_summer_2026.csv,AK,2.0-20.0,29.294853973211563,239.5231371068739,28.018242386222486,223.8249888850413,0.9147430133181005,5.238374447181775,6.094956777831047,,
425,,AK,K222,,HNZ,61.0876,-149.8366,2026-09-09T15:58:00.000000Z,2026-09-09T15:59:00.000000Z,100.0,200.0,60.0,,noise,0,Noise,events:arr_summer_2026.csv,AK,2.0-20.0,22.33527846999764,146.49134607061833,21.67612962932046,142.74734634236057,0.9418478182573591,5.9060456413483955,3.6511273475448442,,
426,,AK,K222,,HNZ,61.0876,-149.8366,2026-09-09T15:59:00.000000Z,2026-09-09T16:00:00.000000Z,100.0,200.0,60.0,,noise,0,Noise,events:arr_summer_2026.csv,AK,2.0-20.0,16.131950287127182,145.50522072590147,15.45757553063435,136.82915547938228,0.9181402032339011,6.973465721817047,8.151755764193235,,
427,,AK,K222,,HNZ,61.0876,-149.8366,2026-09-09T16:00:00.000000Z,2026-09-09T16:01:00.000000Z,100.0,200.0,60.0,,noise,0,Noise,events:arr_summer_2026.csv,AK,2.0-20.0,15.81867526455578,116.88944072488762,14.82998600312768,120.14989664680988,0.8789036355217892,5.908866313241644,6.046893417365117,,
428,,AK,K222,,HNZ,61.0876,-149.8366,2026-09-09T16:01:00.000000Z,2026-09-09T16:02:00.000000Z,100.0,200.0,60.0,,noise,0,Noise,events:arr_summer_2026.csv,AK,2.0-20.0,30.295563666281836,243.42706850454502,29.514801541612908,217.2687006678806,0.9491211698492985,5.225840173345892,6.879512780548355,,
429,,AK,K222,,HNZ,61.0876,-149.8366,2026-09-09T16:02:00.000000Z,2026-09-09T16:03:00.000000Z,100.0,200.0,60.0,,noise,0,Noise,events:arr_summer_2026.csv,AK,2.0-20.0,12.178090422498546,123.76831997621395,11.762797308599495,116.49266256370575,0.9329596008572534,4.03423161995147,12.509139055827331,,
430,,AK,K222,,HNZ,61.0876,-149.8366,2026-09-09T16:03:00.000000Z,2026-09-09T16:04:00.000000Z,100.0,200.0,60.0,,noise,0,Noise,events:arr_summer_2026.csv,AK,2.0-20.0,22.39948910490619,172.50015844458295,21.929545850651298,165.23092051560215,0.9584799879457255,5.888237289157738,6.1977950220608555,,
431,,AK,K222,,HNZ,61.0876,-149.8366,2026-09-09T16:04:00.000000Z,2026-09-09T16:05:00.000000Z,100.0,200.0,60.0,,noise,0,Noise,events:arr_summer_2026.csv,AK,2.0-20.0,14.676134934277165,153.55802384502107,14.23808653035781,148.1956022793114,0.9411955471689794,4.77358595736353,7.26288428707006,,
432,,AK,K222,,HNZ,61.0876,-149.8366,2026-09-09T16:05:00.000000Z,2026-09-09T16:06:00.000000Z,100.0,200.0,60.0,,noise,0,Noise,events:arr_summer_2026.csv,AK,2.0-20.0,17.418778214654463,122.53598913385001,16.999459149052672,108.51790761908363,0.9524338659270231,4.5591138435457905,3.24038570158897,,
433,,AK,K222,,HNZ,61.0876,-149.8366,2026-09-09T16:06:00.000000Z,2026-09-09T16:07:00.000000Z,100.0,200.0,60.0,,noise,0,Noise,events:arr_summer_2026.csv,AK,2.0-20.0,8.775306275045072,67.57308935752332,8.294940821909087,74.68301968013807,0.8935153499940919,4.541658029727273,8.618403506255907,,
434,,AK,K222,,HNZ,61.0876,-149.8366,2026-09-09T16:07:00.000000Z,2026-09-09T16:08:00.000000Z,100.0,200.0,60.0,,noise,0,Noise,events:arr_summer_2026.csv,AK,2.0-20.0,24.60056631801194,205.1979185760487,24.290067247023337,207.40270942060118,0.9749160595809886,8.006112366732928,11.761132121467286,,
435,,AK,K222,,HNZ,61.0876,-149.8366,2026-09-09T16:08:00.000000Z,2026-09-09T16:09:00.000000Z,100.0,200.0,60.0,,noise,0,Noise,events:arr_summer_2026.csv,AK,2.0-20.0,15.349759122657128,110.80989897655847,14.954698239824712,113.7440175700778,0.9491878686084273,4.518012507971536,4.463351025593517,,
436,,AK,K222,,HNZ,61.0876,-149.8366,2026-09-09T16:09:00.000000Z,2026-09-09T16:10:00.000000Z,100.0,200.0,60.0,,noise,0,Noise,events:arr_summer_2026.csv,AK,2.0-20.0,13.060623054501342,105.95757229048648,12.463919452673531,104.1942963696103,0.9107128757875242,4.24847373393178,3.6814819334247515,,
437,,AK,K222,,HNZ,61.0876,-149.8366,2026-09-09T16:10:00.000000Z,2026-09-09T16:11:00.000000Z,100.0,200.0,60.0,,noise,0,Noise,events:arr_summer_2026.csv,AK,2.0-20.0,17.93858871068926,127.34311485028577,16.82761907227701,120.17936613034249,0.8799718903181837,6.368825909286552,5.579235131310092,,
438,,AK,K222,,HNZ,61.0876,-149.8366,2026-09-09T16:11:00.000000Z,2026-09-09T16:12:00.000000Z,100.0,200.0,60.0,,noise,0,Noise,events:arr_summer_2026.csv,AK,2.0-20.0,20.058006119141403,91.62209911465642,18.96729013031871,99.71124559695212,0.8942008035687523,2.789164771768402,1.2132819475043704,,
439,,AK,K222,,HNZ,61.0876,-149.8366,2026-09-09T16:12:00.000000Z,2026-09-09T16:13:00.000000Z,100.0,200.0,60.0,,noise,0,Noise,events:arr_summer_2026.csv,AK,2.0-20.0,19.58365082598283,185.97552828251514,19.06612038679959,161.21044256453428,0.9478450526096371,5.6017495066309415,6.036013707616716,,
440,,AK,K222,,HNZ,61.0876,-149.8366,2026-09-09T16:13:00.000000Z,2026-09-09T16:14:00.000000Z,100.0,200.0,60.0,,noise,0,Noise,events:arr_summer_2026.csv,AK,2.0-20.0,9.127635083818674,62.34066699254287,8.589760247255589,53.74220159909384,0.885616188261561,3.9968063834562972,3.6873152166012817,,
441,,AK,K222,,HNZ,61.0876,-149.8366,2026-09-09T16:14:00.000000Z,2026-09-09T16:15:00.000000Z,100.0,200.0,60.0,,noise,0,Noise,events:arr_summer_2026.csv,AK,2.0-20.0,16.3570285999815,133.83724508403418,15.999135207439892,116.70277001280016,0.9567185422357923,7.6083216869160575,8.340731812130809,,
442,,AK,K222,,HNZ,61.0876,-149.8366,2026-09-09T16:15:00.000000Z,2026-09-09T16:16:00.000000Z,100.0,200.0,60.0,,noise,0,Noise,events:arr_summer_2026.csv,AK,2.0-20.0,25.02681196858784,224.93762451701124,24.55669785827204,211.71337047257003,0.962784017333136,6.539896082579661,6.477105423780467,,
443,,AK,K222,,HNZ,61.0876,-149.8366,2026-09-09T16:16:00.000000Z,2026-09-09T16:17:00.000000Z,100.0,200.0,60.0,,noise,0,Noise,events:arr_summer_2026.csv,AK,2.0-20.0,16.33306791121769,107.19132712031312,15.782564229662507,106.00573794680697,0.9337263077354099,3.189509076456562,3.2723248082513505,,
444,,AK,K222,,HNZ,61.0876,-149.8366,2026-09-09T16:17:00.000000Z,2026-09-09T16:18:00.000000Z,100.0,200.0,60.0,,noise,0,Noise,events:arr_summer_2026.csv,AK,2.0-20.0,16.782860844875824,131.8318568478742,16.326641388960137,144.07827605264896,0.9463716461078368,6.400611310654196,6.204731181816626,,
445,,AK,K222,,HNZ,61.0876,-149.8366,2026-09-09T16:18:00.000000Z,2026-09-09T16:19:00.000000Z,100.0,200.0,60.0,,noise,0,Noise,events:arr_summer_2026.csv,AK,2.0-20.0,16.53985174385248,195.15442114508673,15.683541783510066,168.63580810404545,0.8991353360392091,5.905310937195532,12.25005046081512,,
446,,AK,K222,,HNZ,61.0876,-149.8366,2026-09-09T16:19:00.000000Z,2026-09-09T16:20:00.000000Z,100.0,200.0,60.0,,noise,0,Noise,events:arr_summer_2026.csv,AK,2.0-20.0,13.488931503077175,81.95839168595576,12.79531166679563,83.27905261153155,0.899801347172867,4.032645480770959,3.1644331331838575,,
447,,AK,K222,,HNZ,61.0876,-149.8366,2026-09-09T16:20:00.000000Z,2026-09-09T16:21:00.000000Z,100.0,200.0,60.0,,noise,0,Noise,events:arr_summer_2026.csv,AK,2.0-20.0,19.97159011170112,118.30332388367317,18.99066741793264,116.80074724510243,0.9041805648718174,3.812307735676886,3.2690269915104206,,
448,,AK,K222,,HNZ,61.0876,-149.8366,2026-09-09T16:21:00.000000Z,2026-09-09T16:22:00.000000Z,100.0,200.0,60.0,,noise,0,Noise,events:arr_summer_2026.csv,AK,2.0-20.0,17.344707666755312,130.6990029267487,16.413859718906334,138.03770871355954,0.895545107897212,6.407733668347437,5.439839941912592,,
449,,AK,K222,,HNZ,61.0876,-149.8366,2026-09-09T16:22:00.000000Z,2026-09-09T16:23:00.000000Z,100.0,200.0,60.0,,noise,0,Noise,events:arr_summer_2026.csv,AK,2.0-20.0,24.76204661273546,193.86366449417505,24.134799160528917,185.802814761894,0.9499796556674215,5.247613304651305,6.778354333486821,,
450,,AK,K222,,HNZ,61.0876,-149.8366,2026-09-09T16:23:00.000000Z,2026-09-09T16:24:00.000000Z,100.0,200.0,60.0,,noise,0,Noise,events:arr_summer_2026.csv,AK,2.0-20.0,27.738379265371332,167.9978860928113,26.890338315899157,179.92266291100947,0.9397890242540408,5.294311941500313,4.457584607565693,,
451,,AK,K222,,HNZ,61.0876,-149.8366,2026-09-09T16:27:00.000000Z,2026-09-09T16:28:00.000000Z,100.0,200.0,60.0,,noise,0,Noise,events:arr_summer_2026.csv,AK,2.0-20.0,14.882374754543035,149.81689442841628,14.331171790793103,161.76640699277846,0.9272971634996324,5.295842462941774,10.98246955736989,,
452,,AK,K222,,HNZ,61.0876,-149.8366,2026-09-09T16:28:00.000000Z,2026-09-09T16:29:00.000000Z,100.0,200.0,60.0,,noise,0,Noise,events:arr_summer_2026.csv,AK,2.0-20.0,32.757461048009056,308.0946195093327,32.29493260080928,284.4538659948381,0.9719597898980955,5.435832820336813,8.320882808813641,,
453,,AK,K222,,HNZ,61.0876,-149.8366,2026-09-09T16:29:00.000000Z,2026-09-09T16:30:00.000000Z,100.0,200.0,60.0,,noise,0,Noise,events:arr_summer_2026.csv,AK,2.0-20.0,15.881921699685282,100.20890221241906,15.220654325181487,98.79045518024478,0.9184606293109158,4.8071661710288485,2.350847504926464,,
454,,AK,K222,,HNZ,61.0876,-149.8366,2026-09-09T16:30:00.000000Z,2026-09-09T16:31:00.000000Z,100.0,200.0,60.0,,noise,0,Noise,events:arr_summer_2026.csv,AK,2.0-20.0,30.212504167906825,218.46798431953977,29.395730617175186,233.00755439837192,0.9466622759640926,4.828888031453025,9.16816915568284,,
455,,AK,K222,,HNZ,61.0876,-149.8366,2026-09-09T16:31:00.000000Z,2026-09-09T16:32:00.000000Z,100.0,200.0,60.0,,noise,0,Noise,events:arr_summer_2026.csv,AK,2.0-20.0,30.367870226714217,292.7738385108471,29.623458540653203,298.3387271445463,0.9515746248455682,4.692666979717546,8.148232231899367,,
456,,AK,K222,,HNZ,61.0876,-149.8366,2026-09-09T16:32:00.000000Z,2026-09-09T16:33:00.000000Z,100.0,200.0,60.0,,noise,0,Noise,events:arr_summer_2026.csv,AK,2.0-20.0,24.452276178940604,247.51397470191503,23.704952092501543,231.98148893591866,0.9398089557365158,5.038594846522341,7.75093138754859,,
457,,AK,K222,,HNZ,61.0876,-149.8366,2026-09-09T16:33:00.000000Z,2026-09-09T16:34:00.000000Z,100.0,200.0,60.0,,noise,0,Noise,events:arr_summer_2026.csv,AK,2.0-20.0,19.02838739677551,150.2225149562455,18.380544732519898,158.02220451776134,0.9330669080805648,5.433319427306332,5.426794427499527,,
458,,AK,K222,,HNZ,61.0876,-149.8366,2026-09-09T16:34:00.000000Z,2026-09-09T16:35:00.000000Z,100.0,200.0,60.0,,noise,0,Noise,events:arr_summer_2026.csv,AK,2.0-20.0,14.619226773157141,107.70527054596054,14.034476433121329,99.08920294670278,0.9216024600024517,4.323907934698353,5.734790041322556,,
459,,AK,K222,,HNZ,61.0876,-149.8366,2026-09-09T16:36:00.000000Z,2026-09-09T16:37:00.000000Z,100.0,200.0,60.0,,noise,0,Noise,events:arr_summer_2026.csv,AK,2.0-20.0,12.320654999621345,94.1757745367119,11.260586117466525,93.1988691132792,0.8353229222531243,4.642948028584371,5.70788288807633,,
460,,AK,K222,,HNZ,61.0876,-149.8366,2026-09-09T16:37:00.000000Z,2026-09-09T16:38:00.000000Z,100.0,200.0,60.0,,noise,0,Noise,events:arr_summer_2026.csv,AK,2.0-20.0,22.15212807714004,179.03012662211304,21.3658472780248,161.94086340373133,0.9302706776127204,6.469210679411962,8.21649651245312,,
461,,AK,K222,,HNZ,61.0876,-149.8366,2026-09-09T16:38:00.000000Z,2026-09-09T16:39:00.000000Z,100.0,200.0,60.0,,noise,0,Noise,events:arr_summer_2026.csv,AK,2.0-20.0,19.411628713984268,173.44977938048407,18.684165094194594,169.06808258791514,0.9264531029049305,4.383893187099737,8.76953416300892,,
462,,AK,K222,,HNZ,61.0876,-149.8366,2026-09-09T16:39:00.000000Z,2026-09-09T16:40:00.000000Z,100.0,200.0,60.0,,noise,0,Noise,events:arr_summer_2026.csv,AK,2.0-20.0,16.47591283676343,148.53577412532894,15.922521914336686,119.23827176562062,0.9339523928183951,3.8186983071973675,3.922422900368119,,
463,,AK,K222,,HNZ,61.0876,-149.8366,2026-09-09T16:40:00.000000Z,2026-09-09T16:41:00.000000Z,100.0,200.0,60.0,,noise,0,Noise,events:arr_summer_2026.csv,AK,2.0-20.0,24.647652678693635,148.21272101782142,24.01770343293032,149.5263455288448,0.9495368524979176,4.513376560943993,2.6018723659306833,,
464,,AK,K222,,HNZ,61.0876,-149.8366,2026-09-09T16:41:00.000000Z,2026-09-09T16:42:00.000000Z,100.0,200.0,60.0,,noise,0,Noise,events:arr_summer_2026.csv,AK,2.0-20.0,20.710366724278252,98.08980911669121,20.162525830164427,99.79526862465845,0.9477947424335674,3.8033670830423594,1.4864912325483788,,
465,,AK,K222,,HNZ,61.0876,-149.8366,2026-09-09T16:42:00.000000Z,2026-09-09T16:43:00.000000Z,100.0,200.0,60.0,,noise,0,Noise,events:arr_summer_2026.csv,AK,2.0-20.0,10.223887329365716,89.55694972925338,9.857148683206864,91.85225605482526,0.9295451843503303,4.038940858140108,4.806559848925398,,
466,,AK,K222,,HNZ,61.0876,-149.8366,2026-09-09T16:43:00.000000Z,2026-09-09T16:44:00.000000Z,100.0,200.0,60.0,,noise,0,Noise,events:arr_summer_2026.csv,AK,2.0-20.0,20.030645477729234,169.87376680591112,19.36437758680188,162.86243118115942,0.9345815342814392,5.567740482102266,6.300801501504155,,
467,,AK,K222,,HNZ,61.0876,-149.8366,2026-09-09T16:44:00.000000Z,2026-09-09T16:45:00.000000Z,100.0,200.0,60.0,,noise,0,Noise,events:arr_summer_2026.csv,AK,2.0-20.0,22.359773090229005,209.22599711407887,21.872272834462517,216.54162197609526,0.9568702350016229,5.770826448420637,9.343226093222194,,
468,,AK,K222,,HNZ,61.0876,-149.8366,2026-09-09T16:45:00.000000Z,2026-09-09T16:46:00.000000Z,100.0,200.0,60.0,,noise,0,Noise,events:arr_summer_2026.csv,AK,2.0-20.0,17.882725774153013,157.99419825098488,17.507240707965405,150.32823309179022,0.9584467127162719,6.059542557053554,5.760474266837763,,
469,,AK,K222,,HNZ,61.0876,-149.8366,2026-09-09T16:46:00.000000Z,2026-09-09T16:47:00.000000Z,100.0,200.0,60.0,,noise,0,Noise,events:arr_summer_2026.csv,AK,2.0-20.0,14.855611764371803,89.85112385720419,14.479156369819398,89.8871168031068,0.949960253300399,4.846976575149689,2.129620601084758,,
470,,AK,K222,,HNZ,61.0876,-149.8366,2026-09-09T16:47:00.000000Z,2026-09-09T16:48:00.000000Z,100.0,200.0,60.0,,noise,0,Noise,events:arr_summer_2026.csv,AK,2.0-20.0,19.226281987354984,125.17742271536471,18.838175321601362,141.20395110404505,0.9600349713383529,3.9529489763236185,2.6517433724260355,,
471,,AK,K222,,HNZ,61.0876,-149.8366,2026-09-09T16:48:00.000000Z,2026-09-09T16:49:00.000000Z,100.0,200.0,60.0,,noise,0,Noise,events:arr_summer_2026.csv,AK,2.0-20.0,24.458218570517886,283.0475065939255,24.069438146956653,283.19329233383104,0.9684612798265313,4.4175099694838895,17.31365219279136,,
472,,AK,K222,,HNZ,61.0876,-149.8366,2026-09-09T16:49:00.000000Z,2026-09-09T16:50:00.000000Z,100.0,200.0,60.0,,noise,0,Noise,events:arr_summer_2026.csv,AK,2.0-20.0,15.728118844192128,128.33440968608386,15.162481472863425,140.4955384837323,0.9293664751687981,4.4590151074688915,6.579792380965635,,
473,,AK,K222,,HNZ,61.0876,-149.8366,2026-09-09T16:50:00.000000Z,2026-09-09T16:51:00.000000Z,100.0,200.0,60.0,,noise,0,Noise,events:arr_summer_2026.csv,AK,2.0-20.0,13.832015668336592,114.37937763660868,13.489166490224056,106.99622296770109,0.951041099599946,4.182168492766608,3.974413626269512,,
474,,AK,K222,,HNZ,61.0876,-149.8366,2026-09-09T16:51:00.000000Z,2026-09-09T16:52:00.000000Z,100.0,200.0,60.0,,noise,0,Noise,events:arr_summer_2026.csv,AK,2.0-20.0,16.53794298138667,102.88665809796598,16.143393977893307,95.58156513024765,0.9528547671489757,5.958489164377696,2.2942174772961454,,
475,,AK,K222,,HNZ,61.0876,-149.8366,2026-09-09T16:52:00.000000Z,2026-09-09T16:53:00.000000Z,100.0,200.0,60.0,,noise,0,Noise,events:arr_summer_2026.csv,AK,2.0-20.0,12.313311320460283,86.95450926080372,11.987096676973763,95.65410201226929,0.9477161815893611,4.967685274591186,5.141033259230182,,
476,,AK,K222,,HNZ,61.0876,-149.8366,2026-09-09T16:53:00.000000Z,2026-09-09T16:54:00.000000Z,100.0,200.0,60.0,,noise,0,Noise,events:arr_summer_2026.csv,AK,2.0-20.0,11.97563425953013,86.23848339075401,11.69493041042251,84.82760523327767,0.9536702519811056,6.140888653445974,4.961898271628367,,
477,,AK,K222,,HNZ,61.0876,-149.8366,2026-09-09T16:54:00.000000Z,2026-09-09T16:55:00.000000Z,100.0,200.0,60.0,,noise,0,Noise,events:arr_summer_2026.csv,AK,2.0-20.0,12.952430343635095,93.9835499475087,12.622086433013658,93.54140894228465,0.9496416825200399,5.242325172795618,3.634234854594311,,
478,,AK,K222,,HNZ,61.0876,-149.8366,2026-09-09T16:55:00.000000Z,2026-09-09T16:56:00.000000Z,100.0,200.0,60.0,,noise,0,Noise,events:arr_summer_2026.csv,AK,2.0-20.0,13.071027521399134,101.24541095086785,12.828353897222724,92.60228333633464,0.9632131577943833,8.342084453886804,7.682335021907043,,
479,,AK,K222,,HNZ,61.0876,-149.8366,2026-09-09T16:56:00.000000Z,2026-09-09T16:57:00.000000Z,100.0,200.0,60.0,,noise,0,Noise,events:arr_summer_2026.csv,AK,2.0-20.0,17.999281176357425,103.37703708892373,17.692803485717867,102.54795963946144,0.966235489474932,3.89068026389252,2.2960054319907206,,
480,,AK,K222,,HNZ,61.0876,-149.8366,2026-09-09T16:57:00.000000Z,2026-09-09T16:58:00.000000Z,100.0,200.0,60.0,,noise,0,Noise,events:arr_summer_2026.csv,AK,2.0-20.0,20.59937290975953,112.18601008259027,20.35267674406761,113.45475607381839,0.9761916091670878,5.256003325392916,2.540054981421245,,
481,,AK,K222,,HNZ,61.0876,-149.8366,2026-09-09T16:58:00.000000Z,2026-09-09T16:59:00.000000Z,100.0,200.0,60.0,,noise,0,Noise,events:arr_summer_2026.csv,AK,2.0-20.0,22.86110157734285,162.71026173950156,22.4860896425409,169.57124864421814,0.9674612267850385,5.073752084197746,3.9737060415974383,,
482,,AK,K222,,HNZ,61.0876,-149.8366,2026-09-09T16:59:00.000000Z,2026-09-09T17:00:00.000000Z,100.0,200.0,60.0,,noise,0,Noise,events:arr_summer_2026.csv,AK,2.0-20.0,15.802529512449658,120.777741202913,15.435712169980917,119.3528353517469,0.954113680935507,3.6704862721218667,4.285537743439504,,
483,,AK,K222,,HNZ,61.0876,-149.8366,2026-09-09T17:00:00.000000Z,2026-09-09T17:01:00.000000Z,100.0,200.0,60.0,,noise,0,Noise,events:arr_summer_2026.csv,AK,2.0-20.0,16.8858400169565,107.25662111044174,16.60206206733856,113.93985342748198,0.9666710795254475,2.7852332587842703,3.4881907616023753,,
484,,AK,K222,,HNZ,61.0876,-149.8366,2026-09-09T17:01:00.000000Z,2026-09-09T17:02:00.000000Z,100.0,200.0,60.0,,noise,0,Noise,events:arr_summer_2026.csv,AK,2.0-20.0,12.190445068008648,87.85453081273023,11.885016565284884,88.1513624561056,0.9505182486301685,4.048466469199359,3.8439239238635547,,
485,,AK,K222,,HNZ,61.0876,-149.8366,2026-09-09T17:02:00.000000Z,2026-09-09T17:03:00.000000Z,100.0,200.0,60.0,,noise,0,Noise,events:arr_summer_2026.csv,AK,2.0-20.0,13.741878322950884,141.04092365040967,13.487373141412515,128.49753558401642,0.9633021911822075,5.528127675149431,10.783675084262887,,
486,,AK,K222,,HNZ,61.0876,-149.8366,2026-09-09T17:03:00.000000Z,2026-09-09T17:04:00.000000Z,100.0,200.0,60.0,,noise,0,Noise,events:arr_summer_2026.csv,AK,2.0-20.0,17.680989605281606,120.68841157029053,17.4289961569807,123.81641666322234,0.9716986752234769,3.0964395096386212,3.081923240681834,,
487,,AK,K222,,HNZ,61.0876,-149.8366,2026-09-09T17:04:00.000000Z,2026-09-09T17:05:00.000000Z,100.0,200.0,60.0,,noise,0,Noise,events:arr_summer_2026.csv,AK,2.0-20.0,20.209083336435338,100.21189724742828,19.22345783815617,100.22601394317113,0.9048358295716691,3.680511282680679,1.9619283547137698,,
488,,AK,K222,,HNZ,61.0876,-149.8366,2026-09-09T17:05:00.000000Z,2026-09-09T17:06:00.000000Z,100.0,200.0,60.0,,noise,0,Noise,events:arr_summer_2026.csv,AK,2.0-20.0,13.410176293595315,85.07832576468343,12.482781971728839,82.25776594560597,0.8664705287206942,4.698558877937191,3.0258304325909515,,
489,,AK,K222,,HNZ,61.0876,-149.8366,2026-09-09T17:06:00.000000Z,2026-09-09T17:07:00.000000Z,100.0,200.0,60.0,,noise,0,Noise,events:arr_summer_2026.csv,AK,2.0-20.0,21.795216782290904,140.4561355301584,21.147882982081196,158.64363239514535,0.9414806777015757,5.028415893324779,3.323782425114552,,
490,,AK,K222,,HNZ,61.0876,-149.8366,2026-09-09T17:07:00.000000Z,2026-09-09T17:08:00.000000Z,100.0,200.0,60.0,,noise,0,Noise,events:arr_summer_2026.csv,AK,2.0-20.0,15.563236265430662,124.79768713774352,15.22772963813586,135.16138420353002,0.9573494540239551,5.6627923150924175,4.250975243595363,,
491,,AK,K222,,HNZ,61.0876,-149.8366,2026-09-09T17:08:00.000000Z,2026-09-09T17:09:00.000000Z,100.0,200.0,60.0,,noise,0,Noise,events:arr_summer_2026.csv,AK,2.0-20.0,18.70935163999025,111.97348004650266,18.39508198249499,112.58056427048093,0.9666872271269399,3.624838770066001,3.6124362029836856,,
492,,AK,K222,,HNZ,61.0876,-149.8366,2026-09-09T17:09:00.000000Z,2026-09-09T17:10:00.000000Z,100.0,200.0,60.0,,noise,0,Noise,events:arr_summer_2026.csv,AK,2.0-20.0,18.98736673151435,164.05193444478058,18.647694791694565,168.89914527561155,0.9645412987624239,6.602156533196565,8.31770711392089,,
493,,AK,K222,,HNZ,61.0876,-149.8366,2026-09-09T17:10:00.000000Z,2026-09-09T17:11:00.000000Z,100.0,200.0,60.0,,noise,0,Noise,events:arr_summer_2026.csv,AK,2.0-20.0,17.64547891421037,87.73480952344944,15.79684631745708,86.72339253074028,0.8014452995207318,3.069385232017977,1.1374982338631412,,
494,,AK,K222,,HNZ,61.0876,-149.8366,2026-09-09T17:11:00.000000Z,2026-09-09T17:12:00.000000Z,100.0,200.0,60.0,,noise,0,Noise,events:arr_summer_2026.csv,AK,2.0-20.0,15.509912529931258,100.90997703993088,14.528269090303615,81.17071911251433,0.8774230784094698,4.025434294987802,2.1003662718182152,,
495,,AK,K222,,HNZ,61.0876,-149.8366,2026-09-09T17:12:00.000000Z,2026-09-09T17:13:00.000000Z,100.0,200.0,60.0,,noise,0,Noise,events:arr_summer_2026.csv,AK,2.0-20.0,19.947165711269584,141.70939467819844,19.106786896203186,145.3724447894055,0.9175144832372877,3.450886554956622,3.1308717963569226,,
496,,AK,K222,,HNZ,61.0876,-149.8366,2026-09-09T17:13:00.000000Z,2026-09-09T17:14:00.000000Z,100.0,200.0,60.0,,noise,0,Noise,events:arr_summer_2026.csv,AK,2.0-20.0,23.772979223434387,143.20010050345093,22.802508173022936,145.1989612789709,0.92002158898969,4.33688161514508,1.826616726184934,,
497,,AK,K222,,HNZ,61.0876,-149.8366,2026-09-09T17:14:00.000000Z,2026-09-09T17:15:00.000000Z,100.0,200.0,60.0,,noise,0,Noise,events:arr_summer_2026.csv,AK,2.0-20.0,23.306362841942995,129.8110484535977,22.476222852156354,132.9066956825997,0.9300314867957417,6.837750584079099,2.5743937600567968,,
498,,AK,K222,,HNZ,61.0876,-149.8366,2026-09-09T17:15:00.000000Z,2026-09-09T17:16:00.000000Z,100.0,200.0,60.0,,noise,0,Noise,events:arr_summer_2026.csv,AK,2.0-20.0,29.5764050006875,185.08667306895487,28.982637734775054,173.3719409837728,0.9602516183545999,3.20642764045514,2.5899435131864443,,
499,,AK,K222,,HNZ,61.0876,-149.8366,2026-09-09T17:16:00.000000Z,2026-09-09T17:17:00.000000Z,100.0,200.0,60.0,,noise,0,Noise,events:arr_summer_2026.csv,AK,2.0-20.0,38.31288461644824,196.03934917938872,37.7494487744272,199.54079329161334,0.9708039289846611,4.638514950784767,2.32935436230283,,
500,,AK,K222,,HNZ,61.0876,-149.8366,2026-09-09T17:17:00.000000Z,2026-09-09T17:18:00.000000Z,100.0,200.0,60.0,,noise,0,Noise,events:arr_summer_2026.csv,AK,2.0-20.0,20.166837883695724,199.6864317127106,19.799836250758904,187.82367753840037,0.9639346300124103,3.8876076364309977,6.569015810851589,,
501,,AK,K222,,HNZ,61.0876,-149.8366,2026-09-09T17:18:00.000000Z,2026-09-09T17:19:00.000000Z,100.0,200.0,60.0,,noise,0,Noise,events:arr_summer_2026.csv,AK,2.0-20.0,12.080693694064609,92.78954228931144,11.559725563117075,88.90522973440801,0.9156116324720162,5.964118773800356,6.419782435002457,,
502,,AK,K222,,HNZ,61.0876,-149.8366,2026-09-09T17:19:00.000000Z,2026-09-09T17:20:00.000000Z,100.0,200.0,60.0,,noise,0,Noise,events:arr_summer_2026.csv,AK,2.0-20.0,330.8253528233233,2503.8895080121274,307.05083885215873,2433.346852851083,0.8614359810355433,8.295360937185848,6.46950140165557,,
503,,AK,K222,,HNZ,61.0876,-149.8366,2026-09-09T17:20:00.000000Z,2026-09-09T17:21:00.000000Z,100.0,200.0,60.0,,noise,0,Noise,events:arr_summer_2026.csv,AK,2.0-20.0,23.983310910922455,226.93564946906463,21.625974145401532,207.7372852708438,0.8130796355561153,5.115697794936952,7.967312555364524,,
504,,AK,K222,,HNZ,61.0876,-149.8366,2026-09-09T17:21:00.000000Z,2026-09-09T17:22:00.000000Z,100.0,200.0,60.0,,noise,0,Noise,events:arr_summer_2026.csv,AK,2.0-20.0,14.956215472747106,92.90282134850412,14.236065191483846,98.56412818532172,0.906017339783303,4.9884239154738195,4.292871269784162,,
505,,AK,K222,,HNZ,61.0876,-149.8366,2026-09-09T17:22:00.000000Z,2026-09-09T17:23:00.000000Z,100.0,200.0,60.0,,noise,0,Noise,events:arr_summer_2026.csv,AK,2.0-20.0,15.242314799677036,142.9089655044891,14.661450087906845,141.8416517252384,0.9252348844047048,6.524067762183076,7.344742174217313,,
506,,AK,K222,,HNZ,61.0876,-149.8366,2026-09-09T17:23:00.000000Z,2026-09-09T17:24:00.000000Z,100.0,200.0,60.0,,noise,0,Noise,events:arr_summer_2026.csv,AK,2.0-20.0,15.186474442783451,90.8192639261959,14.714761298622875,97.93108810518802,0.9388420122411447,7.123159985721506,5.28872735186774,,
507,,AK,K222,,HNZ,61.0876,-149.8366,2026-09-09T17:27:00.000000Z,2026-09-09T17:28:00.000000Z,100.0,200.0,60.0,,noise,0,Noise,events:arr_summer_2026.csv,AK,2.0-20.0,25.520689384034895,170.49060637994378,24.53837292975238,159.2619119231114,0.9244995872816923,3.8584251595164027,2.9518683271280093,,
508,,AK,K222,,HNZ,61.0876,-149.8366,2026-09-09T17:28:00.000000Z,2026-09-09T17:29:00.000000Z,100.0,200.0,60.0,,noise,0,Noise,events:arr_summer_2026.csv,AK,2.0-20.0,15.715153523481671,103.28431989263484,14.960293437694482,117.39242570932012,0.9062394588257074,4.626241251511322,3.227773107657102,,
509,,AK,K222,,HNZ,61.0876,-149.8366,2026-09-09T17:29:00.000000Z,2026-09-09T17:30:00.000000Z,100.0,200.0,60.0,,noise,0,Noise,events:arr_summer_2026.csv,AK,2.0-20.0,19.418947321741243,243.16316387636465,18.955097122561696,208.0263034656037,0.952797613742971,5.748619946417714,11.558315821710172,,
510,,AK,K222,,HNZ,61.0876,-149.8366,2026-09-09T17:30:00.000000Z,2026-09-09T17:31:00.000000Z,100.0,200.0,60.0,,noise,0,Noise,events:arr_summer_2026.csv,AK,2.0-20.0,17.114029509207334,126.97388369123595,16.673152784036013,126.99915855636264,0.9491413773945071,4.8906855144581485,6.647541763581431,,
511,,AK,K222,,HNZ,61.0876,-149.8366,2026-09-09T17:31:00.000000Z,2026-09-09T17:32:00.000000Z,100.0,200.0,60.0,,noise,0,Noise,events:arr_summer_2026.csv,AK,2.0-20.0,14.770013565563318,122.99408017906367,14.32063569481635,130.23746197192446,0.9400756533148212,6.870813294982753,6.469727816807586,,
512,,AK,K222,,HNZ,61.0876,-149.8366,2026-09-09T17:32:00.000000Z,2026-09-09T17:33:00.000000Z,100.0,200.0,60.0,,noise,0,Noise,events:arr_summer_2026.csv,AK,2.0-20.0,15.527516323541846,134.69802453008447,14.935389932584451,133.5268455720429,0.9251861916140759,5.291428348737091,5.690864063918127,,
513,,AK,K222,,HNZ,61.0876,-149.8366,2026-09-09T17:33:00.000000Z,2026-09-09T17:34:00.000000Z,100.0,200.0,60.0,,noise,0,Noise,events:arr_summer_2026.csv,AK,2.0-20.0,23.12542939546729,201.70562387926228,22.456035157477956,201.85519680169136,0.9429454040874703,5.802842506196315,8.905146301631216,,
514,,AK,K222,,HNZ,61.0876,-149.8366,2026-09-09T17:34:00.000000Z,2026-09-09T17:35:00.000000Z,100.0,200.0,60.0,,noise,0,Noise,events:arr_summer_2026.csv,AK,2.0-20.0,19.09505205096036,151.3471302030535,18.527740115335057,149.77843474668293,0.9414628935345917,5.338222037166316,7.887808606109447,,
515,,AK,K222,,HNZ,61.0876,-149.8366,2026-09-09T17:35:00.000000Z,2026-09-09T17:36:00.000000Z,100.0,200.0,60.0,,noise,0,Noise,events:arr_summer_2026.csv,AK,2.0-20.0,25.60294885381815,235.25553512305473,24.93953986125439,219.7648711236016,0.9488485440655122,5.514490958349204,7.286026173593211,,
516,,AK,K222,,HNZ,61.0876,-149.8366,2026-09-09T17:36:00.000000Z,2026-09-09T17:37:00.000000Z,100.0,200.0,60.0,,noise,0,Noise,events:arr_summer_2026.csv,AK,2.0-20.0,17.78301087561619,141.26270121964964,17.03713882921963,127.35570761319131,0.9178732991600909,4.36679243716395,5.3571364020609735,,
517,,AK,K222,,HNZ,61.0876,-149.8366,2026-09-09T17:37:00.000000Z,2026-09-09T17:38:00.000000Z,100.0,200.0,60.0,,noise,0,Noise,events:arr_summer_2026.csv,AK,2.0-20.0,28.126305768889456,280.4296429602532,27.600877191832424,303.1526234855241,0.9629869058653783,5.278005833783511,9.656956023670691,,
518,,AK,K222,,HNZ,61.0876,-149.8366,2026-09-09T17:38:00.000000Z,2026-09-09T17:39:00.000000Z,100.0,200.0,60.0,,noise,0,Noise,events:arr_summer_2026.csv,AK,2.0-20.0,23.70377515898579,154.02524752532912,22.798103399003704,133.9134255282366,0.9250440201628779,3.859772658167009,3.119131061991104,,
519,,AK,K222,,HNZ,61.0876,-149.8366,2026-09-09T17:39:00.000000Z,2026-09-09T17:40:00.000000Z,100.0,200.0,60.0,,noise,0,Noise,events:arr_summer_2026.csv,AK,2.0-20.0,11.44068325013287,95.89752714052642,10.941832880444942,92.41126884187398,0.9146948441001591,5.027124795209943,7.81991421456153,,
520,,AK,K222,,HNZ,61.0876,-149.8366,2026-09-09T17:40:00.000000Z,2026-09-09T17:41:00.000000Z,100.0,200.0,60.0,,noise,0,Noise,events:arr_summer_2026.csv,AK,2.0-20.0,23.335466530773825,211.94539354660094,22.86910076598325,182.56313017110668,0.9604288571078794,5.178095980859418,6.780495537773769,,
521,,AK,K222,,HNZ,61.0876,-149.8366,2026-09-09T17:41:00.000000Z,2026-09-09T17:42:00.000000Z,100.0,200.0,60.0,,noise,0,Noise,events:arr_summer_2026.csv,AK,2.0-20.0,22.220328045239267,260.13660349553135,21.21749676054826,224.30981880679263,0.9117743207367219,5.872612091802778,15.89778037341415,,
522,,AK,K222,,HNZ,61.0876,-149.8366,2026-09-09T17:42:00.000000Z,2026-09-09T17:43:00.000000Z,100.0,200.0,60.0,,noise,0,Noise,events:arr_summer_2026.csv,AK,2.0-20.0,14.945560012370702,110.16495620666996,14.298970671416829,113.24939082718413,0.9153457411797349,7.268093356006871,5.21791909651467,,
523,,AK,K222,,HNZ,61.0876,-149.8366,2026-09-09T17:43:00.000000Z,2026-09-09T17:44:00.000000Z,100.0,200.0,60.0,,noise,0,Noise,events:arr_summer_2026.csv,AK,2.0-20.0,28.314264282637307,396.23210791087797,27.981793631621144,461.0452127487351,0.9766535562602828,6.5926278657498205,27.471919663784348,,
524,,AK,K222,,HNZ,61.0876,-149.8366,2026-09-09T17:44:00.000000Z,2026-09-09T17:45:00.000000Z,100.0,200.0,60.0,,noise,0,Noise,events:arr_summer_2026.csv,AK,2.0-20.0,19.00243928359645,141.51044434016157,18.52522331716639,136.1134818392594,0.9504038718062383,4.751827992203919,4.664138521340884,,
525,,AK,K222,,HNZ,61.0876,-149.8366,2026-09-09T17:45:00.000000Z,2026-09-09T17:46:00.000000Z,100.0,200.0,60.0,,noise,0,Noise,events:arr_summer_2026.csv,AK,2.0-20.0,17.937938073488183,207.4050445505962,17.48260808431804,213.97369175265558,0.9498770680037059,7.750096296901475,21.76258906947341,,
526,,AK,K222,,HNZ,61.0876,-149.8366,2026-09-09T17:46:00.000000Z,2026-09-09T17:47:00.000000Z,100.0,200.0,60.0,,noise,0,Noise,events:arr_summer_2026.csv,AK,2.0-20.0,22.546246925801587,139.8377264444488,22.107032570001973,137.39278479586727,0.9614182991745205,5.039588882311424,3.7596412503337318,,
527,,AK,K222,,HNZ,61.0876,-149.8366,2026-09-09T17:47:00.000000Z,2026-09-09T17:48:00.000000Z,100.0,200.0,60.0,,noise,0,Noise,events:arr_summer_2026.csv,AK,2.0-20.0,14.1618984149792,86.79160646221757,12.093298404007143,99.21882272404329,0.729199880728162,2.5749161568624834,4.4868488659407255,,
528,,AK,K222,,HNZ,61.0876,-149.8366,2026-09-09T17:48:00.000000Z,2026-09-09T17:49:00.000000Z,100.0,200.0,60.0,,noise,0,Noise,events:arr_summer_2026.csv,AK,2.0-20.0,9.633408823640638,93.00483135245281,8.612555097424497,94.25669514194516,0.799289382312388,4.973544300920523,7.363865509950619,,
529,,AK,K222,,HNZ,61.0876,-149.8366,2026-09-09T17:49:00.000000Z,2026-09-09T17:50:00.000000Z,100.0,200.0,60.0,,noise,0,Noise,events:arr_summer_2026.csv,AK,2.0-20.0,16.771835789854133,128.50691384061003,14.935623374964532,134.52068238850853,0.793022490024509,3.405073768447327,6.982901486860214,,
530,,AK,K222,,HNZ,61.0876,-149.8366,2026-09-09T17:50:00.000000Z,2026-09-09T17:51:00.000000Z,100.0,200.0,60.0,,noise,0,Noise,events:arr_summer_2026.csv,AK,2.0-20.0,16.831363170720874,136.58952883605676,15.843707739426169,112.63586241746748,0.8860843445551226,3.6884305253833505,4.2637309710592675,,
531,,AK,K222,,HNZ,61.0876,-149.8366,2026-09-09T17:51:00.000000Z,2026-09-09T17:52:00.000000Z,100.0,200.0,60.0,,noise,0,Noise,events:arr_summer_2026.csv,AK,2.0-20.0,19.330715915704857,191.1247128816494,18.80743645035542,172.5069355235404,0.9465930883431559,5.238833649386696,6.870018924230081,,
532,,AK,K222,,HNZ,61.0876,-149.8366,2026-09-09T17:52:00.000000Z,2026-09-09T17:53:00.000000Z,100.0,200.0,60.0,,noise,0,Noise,events:arr_summer_2026.csv,AK,2.0-20.0,12.35690200800196,90.22681946548055,11.564700305004635,92.4898489657908,0.8758899837542834,4.977677767109864,4.654720302822436,,
533,,AK,K222,,HNZ,61.0876,-149.8366,2026-09-09T17:53:00.000000Z,2026-09-09T17:54:00.000000Z,100.0,200.0,60.0,,noise,0,Noise,events:arr_summer_2026.csv,AK,2.0-20.0,14.060793862966053,103.5596032784069,13.568540847428475,119.78928188397884,0.9312078108262464,4.16330664916392,6.787652561580089,,
534,,AK,K222,,HNZ,61.0876,-149.8366,2026-09-09T17:54:00.000000Z,2026-09-09T17:55:00.000000Z,100.0,200.0,60.0,,noise,0,Noise,events:arr_summer_2026.csv,AK,2.0-20.0,14.116984084372346,101.2685192905051,13.617047591011437,109.69510927729225,0.9304264767746218,3.5229719791669183,4.50595692609808,,
535,,AK,K222,,HNZ,61.0876,-149.8366,2026-09-09T17:55:00.000000Z,2026-09-09T17:56:00.000000Z,100.0,200.0,60.0,,noise,0,Noise,events:arr_summer_2026.csv,AK,2.0-20.0,17.493094182778137,101.20656585999227,17.05966922817116,100.38343024752484,0.9510600602817165,4.185325227885263,2.5607669641225286,,
536,,AK,K222,,HNZ,61.0876,-149.8366,2026-09-09T17:56:00.000000Z,2026-09-09T17:57:00.000000Z,100.0,200.0,60.0,,noise,0,Noise,events:arr_summer_2026.csv,AK,2.0-20.0,16.188060903858915,98.77968180794548,14.969719663812858,106.04632998091878,0.8551408941569959,2.9217516526935645,2.263469638279666,,
537,,AK,K222,,HNZ,61.0876,-149.8366,2026-09-09T17:57:00.000000Z,2026-09-09T17:58:00.000000Z,100.0,200.0,60.0,,noise,0,Noise,events:arr_summer_2026.csv,AK,2.0-20.0,17.389957632086425,108.61063339093421,16.749544557688044,114.7208722391492,0.9277029917475302,6.57744603818665,3.3585256293901384,,
538,,AK,K222,,HNZ,61.0876,-149.8366,2026-09-09T17:58:00.000000Z,2026-09-09T17:59:00.000000Z,100.0,200.0,60.0,,noise,0,Noise,events:arr_summer_2026.csv,AK,2.0-20.0,24.234191959214836,131.06948830280476,22.940028940111084,146.4453091619677,0.8960470939449798,6.036996419636848,3.238739314108324,,
539,,AK,K222,,HNZ,61.0876,-149.8366,2026-09-09T17:59:00.000000Z,2026-09-09T18:00:00.000000Z,100.0,200.0,60.0,,noise,0,Noise,events:arr_summer_2026.csv,AK,2.0-20.0,25.5056103137111,202.76597756882464,24.827158542683364,227.2545868514821,0.947507366379295,4.868842129606519,8.033652549384843,,
540,glacier_discovery_out_2026-09-09,AK,K222,,HNZ,61.0876,-149.8366,2026-09-09T18:07:00.000000Z,2026-09-09T18:08:00.000000Z,100.0,200.0,60.0,,train,4,Train,"events:search900s,rms>=3x",AK,2.0-20.0,216.90585792121405,1483.345250401967,193.91742062617146,1220.6920199252725,0.7992655409991452,4.246701343666396,7.786446634273826,,
541,glacier_discovery_out_2026-09-09,AK,K222,,HNZ,61.0876,-149.8366,2026-09-09T18:08:00.000000Z,2026-09-09T18:09:00.000000Z,100.0,200.0,60.0,,train,4,Train,"events:search900s,rms>=3x",AK,2.0-20.0,90.38005993920937,701.158078575242,82.63403967113157,686.1358276854035,0.8359354030482865,2.0703154502823344,10.688105293717197,,
542,glacier_discovery_out_2026-09-09,AK,K222,,HNZ,61.0876,-149.8366,2026-09-09T18:18:00.000000Z,2026-09-09T18:19:00.000000Z,100.0,200.0,60.0,,train,4,Train,"events:search900s,rms>=3x",AK,2.0-20.0,228.68252326624406,1704.2132754551671,210.01054810638945,1313.6112002966295,0.8433663439264736,4.689403389134156,7.842019254185974,,
543,glacier_discovery_out_2026-09-09,AK,K222,,HNZ,61.0876,-149.8366,2026-09-09T18:19:00.000000Z,2026-09-09T18:20:00.000000Z,100.0,200.0,60.0,,train,4,Train,"events:search900s,rms>=3x",AK,2.0-20.0,91.41281310686303,957.2885100345665,79.44250547772951,931.3512646425443,0.7552517099543697,5.764539415144045,35.485137845332886,,
544,,AK,K222,,HNZ,61.0876,-149.8366,2026-09-09T18:31:00.000000Z,2026-09-09T18:32:00.000000Z,100.0,200.0,60.0,,noise,0,Noise,events:arr_summer_2026.csv,AK,2.0-20.0,21.61998156219128,183.00628296058946,20.82679741510369,176.79964784529665,0.9279708769910684,6.980883480370724,10.397422021834922,,
545,,AK,K222,,HNZ,61.0876,-149.8366,2026-09-09T18:32:00.000000Z,2026-09-09T18:33:00.000000Z,100.0,200.0,60.0,,noise,0,Noise,events:arr_summer_2026.csv,AK,2.0-20.0,17.081782111988094,120.7922447407803,15.939693941131347,120.63839566220138,0.8707502356895014,5.812054000181714,4.785451236189707,,
546,,AK,K222,,HNZ,61.0876,-149.8366,2026-09-09T18:33:00.000000Z,2026-09-09T18:34:00.000000Z,100.0,200.0,60.0,,noise,0,Noise,events:arr_summer_2026.csv,AK,2.0-20.0,19.73837751117807,206.59130729674058,19.07960971459071,216.43668324452918,0.9343639447730075,7.582859884492822,27.851732438481882,,
547,,AK,K222,,HNZ,61.0876,-149.8366,2026-09-09T18:34:00.000000Z,2026-09-09T18:35:00.000000Z,100.0,200.0,60.0,,noise,0,Noise,events:arr_summer_2026.csv,AK,2.0-20.0,17.425169775573174,155.4595162442856,16.894650476690686,135.8318576692076,0.9400357846403724,6.459752290497812,9.587144369087886,,
548,,AK,K222,,HNZ,61.0876,-149.8366,2026-09-09T18:38:00.000000Z,2026-09-09T18:39:00.000000Z,100.0,200.0,60.0,,noise,0,Noise,events:arr_summer_2026.csv,AK,2.0-20.0,17.39136221931175,177.66677399477567,16.885313828232402,172.6764723764731,0.942651303988243,6.150482623422132,9.196960199566792,,
549,,AK,K222,,HNZ,61.0876,-149.8366,2026-09-09T18:39:00.000000Z,2026-09-09T18:40:00.000000Z,100.0,200.0,60.0,,noise,0,Noise,events:arr_summer_2026.csv,AK,2.0-20.0,14.975535557802045,141.87016938430997,14.286631899307414,148.80718991523352,0.910112302268181,5.07248000251669,10.245373793051508,,
550,,AK,K222,,HNZ,61.0876,-149.8366,2026-09-09T18:40:00.000000Z,2026-09-09T18:41:00.000000Z,100.0,200.0,60.0,,noise,0,Noise,events:arr_summer_2026.csv,AK,2.0-20.0,14.989571247733782,166.05362834939558,14.579909416517147,154.76485127232533,0.9460873378333604,4.380332650943131,8.194979183158988,,
551,,AK,K222,,HNZ,61.0876,-149.8366,2026-09-09T18:41:00.000000Z,2026-09-09T18:42:00.000000Z,100.0,200.0,60.0,,noise,0,Noise,events:arr_summer_2026.csv,AK,2.0-20.0,19.51956150442822,255.68702164571587,19.11644682879704,239.5515041168419,0.959122837102258,6.410818852435181,15.712852262042322,,
552,,AK,K222,,HNZ,61.0876,-149.8366,2026-09-09T18:42:00.000000Z,2026-09-09T18:43:00.000000Z,100.0,200.0,60.0,,noise,0,Noise,events:arr_summer_2026.csv,AK,2.0-20.0,14.899922290017882,129.58333811593818,13.727482203735628,117.36500074618121,0.8488164195383733,3.7886693609368507,4.647416767969134,,
553,,AK,K222,,HNZ,61.0876,-149.8366,2026-09-09T18:43:00.000000Z,2026-09-09T18:44:00.000000Z,100.0,200.0,60.0,,noise,0,Noise,events:arr_summer_2026.csv,AK,2.0-20.0,15.389184378020426,106.51541874907498,14.950343003883892,113.23601583061175,0.943780733945519,5.214576383345602,5.095956875563125,,
554,,AK,K222,,HNZ,61.0876,-149.8366,2026-09-09T18:44:00.000000Z,2026-09-09T18:45:00.000000Z,100.0,200.0,60.0,,noise,0,Noise,events:arr_summer_2026.csv,AK,2.0-20.0,10.731760415507251,113.65203135822509,9.823730899061635,101.97787283300957,0.8379362475171667,5.386431470478793,6.909506737815356,,
555,,AK,K222,,HNZ,61.0876,-149.8366,2026-09-09T18:45:00.000000Z,2026-09-09T18:46:00.000000Z,100.0,200.0,60.0,,noise,0,Noise,events:arr_summer_2026.csv,AK,2.0-20.0,19.833502806125587,141.09611461692876,19.409983400334834,129.39035873940128,0.9577485077799132,4.517365000157008,3.0133060077923837,,
556,,AK,K222,,HNZ,61.0876,-149.8366,2026-09-09T18:46:00.000000Z,2026-09-09T18:47:00.000000Z,100.0,200.0,60.0,,noise,0,Noise,events:arr_summer_2026.csv,AK,2.0-20.0,16.43310772378169,141.45280429268254,16.081663591281718,144.71635390603365,0.9576846832159276,4.871841546243877,8.691042598619841,,
557,,AK,K222,,HNZ,61.0876,-149.8366,2026-09-09T18:47:00.000000Z,2026-09-09T18:48:00.000000Z,100.0,200.0,60.0,,noise,0,Noise,events:arr_summer_2026.csv,AK,2.0-20.0,13.879391870641387,168.5368955251494,13.448446878897427,153.4793110508663,0.9388655163135051,4.3652317546524,17.526097660617083,,
558,,AK,K222,,HNZ,61.0876,-149.8366,2026-09-09T18:48:00.000000Z,2026-09-09T18:49:00.000000Z,100.0,200.0,60.0,,noise,0,Noise,events:arr_summer_2026.csv,AK,2.0-20.0,22.953242322068075,248.30923579847823,22.445230681145148,239.15537996365413,0.9562249323158232,4.654747210498343,8.577322698696404,,
559,,AK,K222,,HNZ,61.0876,-149.8366,2026-09-09T18:49:00.000000Z,2026-09-09T18:50:00.000000Z,100.0,200.0,60.0,,noise,0,Noise,events:arr_summer_2026.csv,AK,2.0-20.0,13.066069605403495,86.81844296601682,12.49856568662513,91.7718926268753,0.9150196468851308,5.614955376137032,5.134306542633476,,
560,,AK,K222,,HNZ,61.0876,-149.8366,2026-09-09T18:50:00.000000Z,2026-09-09T18:51:00.000000Z,100.0,200.0,60.0,,noise,0,Noise,events:arr_summer_2026.csv,AK,2.0-20.0,13.532425031985005,118.72832500282834,12.92977691515226,114.36734049233394,0.9129159690270229,6.069867918514696,9.822534974033069,,
561,,AK,K222,,HNZ,61.0876,-149.8366,2026-09-09T18:51:00.000000Z,2026-09-09T18:52:00.000000Z,100.0,200.0,60.0,,noise,0,Noise,events:arr_summer_2026.csv,AK,2.0-20.0,22.043655668744865,168.64736885828546,21.46130510695723,155.02388198929827,0.9478617988662583,5.81417711549403,6.620922159596816,,
562,,AK,K222,,HNZ,61.0876,-149.8366,2026-09-09T18:52:00.000000Z,2026-09-09T18:53:00.000000Z,100.0,200.0,60.0,,noise,0,Noise,events:arr_summer_2026.csv,AK,2.0-20.0,22.002404947697443,242.12453939385222,21.58476151827078,231.6851462948084,0.9623968710996159,3.9702933958880138,17.393054422127513,,
563,,AK,K222,,HNZ,61.0876,-149.8366,2026-09-09T18:53:00.000000Z,2026-09-09T18:54:00.000000Z,100.0,200.0,60.0,,noise,0,Noise,events:arr_summer_2026.csv,AK,2.0-20.0,13.451358668971503,108.75724581502409,13.082470931448874,104.20898358036203,0.9459044116409636,4.807702433142004,5.35989824114878,,
564,,AK,K222,,HNZ,61.0876,-149.8366,2026-09-09T18:54:00.000000Z,2026-09-09T18:55:00.000000Z,100.0,200.0,60.0,,noise,0,Noise,events:arr_summer_2026.csv,AK,2.0-20.0,10.033604421478199,89.71566726896421,9.377709475230594,80.11030534672884,0.8735335675422805,3.0659618090003518,9.289900826847342,,
565,,AK,K222,,HNZ,61.0876,-149.8366,2026-09-09T18:55:00.000000Z,2026-09-09T18:56:00.000000Z,100.0,200.0,60.0,,noise,0,Noise,events:arr_summer_2026.csv,AK,2.0-20.0,19.41370465547894,168.2907526959876,18.527891358402595,178.9029044867825,0.9108254443134376,6.524798638150994,12.91182228324979,,
566,,AK,K222,,HNZ,61.0876,-149.8366,2026-09-09T18:56:00.000000Z,2026-09-09T18:57:00.000000Z,100.0,200.0,60.0,,noise,0,Noise,events:arr_summer_2026.csv,AK,2.0-20.0,13.943674759267804,122.20131674638587,13.057864258818634,119.66416693753125,0.8769802459714054,5.562605178754873,12.446237580116282,,
567,,AK,K222,,HNZ,61.0876,-149.8366,2026-09-09T18:57:00.000000Z,2026-09-09T18:58:00.000000Z,100.0,200.0,60.0,,noise,0,Noise,events:arr_summer_2026.csv,AK,2.0-20.0,15.904752881840558,88.48528513073614,14.623579690966878,93.43783854589039,0.8453830595971592,3.7291060315403683,2.6663267989618635,,
568,,AK,K222,,HNZ,61.0876,-149.8366,2026-09-09T18:58:00.000000Z,2026-09-09T18:59:00.000000Z,100.0,200.0,60.0,,noise,0,Noise,events:arr_summer_2026.csv,AK,2.0-20.0,19.78318112386697,121.69506330363254,19.016128473573147,119.92016549940807,0.9239574068881671,4.621355261220328,5.162385595573909,,
569,,AK,K222,,HNZ,61.0876,-149.8366,2026-09-09T18:59:00.000000Z,2026-09-09T19:00:00.000000Z,100.0,200.0,60.0,,noise,0,Noise,events:arr_summer_2026.csv,AK,2.0-20.0,21.690399104851338,214.33587819150776,20.905254352918714,192.4073250401749,0.9289146786617426,5.551132216363098,11.247983281922608,,
570,,AK,K222,,HNZ,61.0876,-149.8366,2026-09-09T19:00:00.000000Z,2026-09-09T19:01:00.000000Z,100.0,200.0,60.0,,noise,0,Noise,events:arr_summer_2026.csv,AK,2.0-20.0,23.64868553190299,252.93601916839052,23.248684895671385,243.48222007092286,0.9664575206035606,5.561572481896646,18.404903325880145,,
571,,AK,K222,,HNZ,61.0876,-149.8366,2026-09-09T19:01:00.000000Z,2026-09-09T19:02:00.000000Z,100.0,200.0,60.0,,noise,0,Noise,events:arr_summer_2026.csv,AK,2.0-20.0,14.456209294890574,87.77574186577789,13.481845006003413,81.04439284889936,0.8697407236890856,2.8789531027653976,1.58932309733974,,
572,,AK,K222,,HNZ,61.0876,-149.8366,2026-09-09T19:02:00.000000Z,2026-09-09T19:03:00.000000Z,100.0,200.0,60.0,,noise,0,Noise,events:arr_summer_2026.csv,AK,2.0-20.0,10.177713346495285,106.10214741284005,9.51752009145129,104.8470582952116,0.8744745503139146,4.318863992738208,7.310091003722425,,
573,,AK,K222,,HNZ,61.0876,-149.8366,2026-09-09T19:03:00.000000Z,2026-09-09T19:04:00.000000Z,100.0,200.0,60.0,,noise,0,Noise,events:arr_summer_2026.csv,AK,2.0-20.0,11.878865233116171,108.52927901609237,11.429933506059374,106.72961007576451,0.9258433195942405,6.932938801900889,6.418524281099494,,
574,,AK,K222,,HNZ,61.0876,-149.8366,2026-09-09T19:04:00.000000Z,2026-09-09T19:05:00.000000Z,100.0,200.0,60.0,,noise,0,Noise,events:arr_summer_2026.csv,AK,2.0-20.0,15.056684807607201,106.21284779175176,14.600083722250064,94.86346904443695,0.9402686887307,4.667900422997519,2.8201284957788184,,
575,,AK,K222,,HNZ,61.0876,-149.8366,2026-09-09T19:05:00.000000Z,2026-09-09T19:06:00.000000Z,100.0,200.0,60.0,,noise,0,Noise,events:arr_summer_2026.csv,AK,2.0-20.0,22.220483155730353,296.3600502309562,21.864367552786575,247.54406232223698,0.968203934640995,5.692828475101863,16.924779193026655,,
576,,AK,K222,,HNZ,61.0876,-149.8366,2026-09-09T19:06:00.000000Z,2026-09-09T19:07:00.000000Z,100.0,200.0,60.0,,noise,0,Noise,events:arr_summer_2026.csv,AK,2.0-20.0,8.758959052812509,87.05145626799627,8.277334680932311,69.48540818194968,0.8930505432506042,3.8113113325682564,6.660078306419592,,
577,,AK,K222,,HNZ,61.0876,-149.8366,2026-09-09T19:07:00.000000Z,2026-09-09T19:08:00.000000Z,100.0,200.0,60.0,,noise,0,Noise,events:arr_summer_2026.csv,AK,2.0-20.0,13.561561042696834,141.6541482275256,13.042717706018836,144.63276584367838,0.9249469463473564,6.193100723168462,18.57114511188678,,
578,,AK,K222,,HNZ,61.0876,-149.8366,2026-09-09T19:08:00.000000Z,2026-09-09T19:09:00.000000Z,100.0,200.0,60.0,,noise,0,Noise,events:arr_summer_2026.csv,AK,2.0-20.0,18.8252854962436,165.1478380812118,18.169542838882126,158.61319540047788,0.9315471853440921,6.402103175065569,8.712033868947708,,
579,,AK,K222,,HNZ,61.0876,-149.8366,2026-09-09T19:09:00.000000Z,2026-09-09T19:10:00.000000Z,100.0,200.0,60.0,,noise,0,Noise,events:arr_summer_2026.csv,AK,2.0-20.0,22.512019303774405,156.27556201313786,22.03230066823243,170.53830169437572,0.9578352025897374,4.064657405964033,4.4328911150986245,,
580,,AK,K222,,HNZ,61.0876,-149.8366,2026-09-09T19:10:00.000000Z,2026-09-09T19:11:00.000000Z,100.0,200.0,60.0,,noise,0,Noise,events:arr_summer_2026.csv,AK,2.0-20.0,13.82876413447017,92.92680351908774,13.151495054152265,76.46361085703103,0.904447813830261,4.032167434521047,2.6611035073719593,,
581,,AK,K222,,HNZ,61.0876,-149.8366,2026-09-09T19:11:00.000000Z,2026-09-09T19:12:00.000000Z,100.0,200.0,60.0,,noise,0,Noise,events:arr_summer_2026.csv,AK,2.0-20.0,12.11374181268906,95.3538464845766,11.493747492747886,80.49710189221614,0.900257353739101,3.9274267271677905,3.4706210175644285,,
582,,AK,K222,,HNZ,61.0876,-149.8366,2026-09-09T19:12:00.000000Z,2026-09-09T19:13:00.000000Z,100.0,200.0,60.0,,noise,0,Noise,events:arr_summer_2026.csv,AK,2.0-20.0,18.1034529519719,125.6296109819466,17.704944603716392,133.42420294092375,0.9564588921503118,7.021952557700369,5.296352756599697,,
583,,AK,K222,,HNZ,61.0876,-149.8366,2026-09-09T19:13:00.000000Z,2026-09-09T19:14:00.000000Z,100.0,200.0,60.0,,noise,0,Noise,events:arr_summer_2026.csv,AK,2.0-20.0,22.279935441639232,155.19950934340775,21.563747397476785,171.74123001291096,0.9367433427809446,4.1934530573150415,6.497767036869256,,
584,,AK,K222,,HNZ,61.0876,-149.8366,2026-09-09T19:14:00.000000Z,2026-09-09T19:15:00.000000Z,100.0,200.0,60.0,,noise,0,Noise,events:arr_summer_2026.csv,AK,2.0-20.0,14.079009550114614,102.39111161600685,13.69749539356463,113.76541698662169,0.9465381418708715,4.612631669607692,6.390130124547126,,
585,,AK,K222,,HNZ,61.0876,-149.8366,2026-09-09T19:15:00.000000Z,2026-09-09T19:16:00.000000Z,100.0,200.0,60.0,,noise,0,Noise,events:arr_summer_2026.csv,AK,2.0-20.0,12.179047729826651,87.0158072083507,11.686232277873554,92.59660408169151,0.9207089469429731,4.444160429210592,4.316185761898832,,
586,,AK,K222,,HNZ,61.0876,-149.8366,2026-09-09T19:16:00.000000Z,2026-09-09T19:17:00.000000Z,100.0,200.0,60.0,,noise,0,Noise,events:arr_summer_2026.csv,AK,2.0-20.0,14.708723213838669,118.42100833763918,14.229749361716445,121.55994567409306,0.9359325470380143,4.165490796401615,4.9983758044002276,,
587,,AK,K222,,HNZ,61.0876,-149.8366,2026-09-09T19:17:00.000000Z,2026-09-09T19:18:00.000000Z,100.0,200.0,60.0,,noise,0,Noise,events:arr_summer_2026.csv,AK,2.0-20.0,17.85563175517467,149.1236274397236,17.241633681521687,141.25272867595956,0.9324088481622917,4.559074525204847,6.105142988222056,,
588,,AK,K222,,HNZ,61.0876,-149.8366,2026-09-09T19:18:00.000000Z,2026-09-09T19:19:00.000000Z,100.0,200.0,60.0,,noise,0,Noise,events:arr_summer_2026.csv,AK,2.0-20.0,11.458539388424331,112.89917057775861,10.663274039111856,116.66720325729426,0.8660094217330174,5.976710328155131,12.373263788112656,,
589,,AK,K222,,HNZ,61.0876,-149.8366,2026-09-09T19:19:00.000000Z,2026-09-09T19:20:00.000000Z,100.0,200.0,60.0,,noise,0,Noise,events:arr_summer_2026.csv,AK,2.0-20.0,14.34251698329289,103.09622779188668,13.72037791421772,101.90336628002126,0.9151270692414621,5.60157083197577,3.5071708217110826,,
590,,AK,K222,,HNZ,61.0876,-149.8366,2026-09-09T19:20:00.000000Z,2026-09-09T19:21:00.000000Z,100.0,200.0,60.0,,noise,0,Noise,events:arr_summer_2026.csv,AK,2.0-20.0,19.963981113304634,139.30801256181246,19.266995920699017,142.4780899011113,0.9313945882491935,4.947128931217969,7.07129418613672,,
591,,AK,K222,,HNZ,61.0876,-149.8366,2026-09-09T19:21:00.000000Z,2026-09-09T19:22:00.000000Z,100.0,200.0,60.0,,noise,0,Noise,events:arr_summer_2026.csv,AK,2.0-20.0,16.96960633737695,138.7191543239284,15.901424564908222,139.11054649305066,0.8780687707230161,5.616834565736671,6.495871254584571,,
592,,AK,K222,,HNZ,61.0876,-149.8366,2026-09-09T19:22:00.000000Z,2026-09-09T19:23:00.000000Z,100.0,200.0,60.0,,noise,0,Noise,events:arr_summer_2026.csv,AK,2.0-20.0,14.554439508461725,89.13975805144798,13.483477963727013,88.82499738946377,0.858248174971372,4.6878227366628655,3.3086440142622564,,
593,,AK,K222,,HNZ,61.0876,-149.8366,2026-09-09T19:23:00.000000Z,2026-09-09T19:24:00.000000Z,100.0,200.0,60.0,,noise,0,Noise,events:arr_summer_2026.csv,AK,2.0-20.0,19.923472559917837,157.75482182100265,18.746670588238555,166.73233396590413,0.8853565900852501,5.224063034945759,7.6680567655908405,,
594,,AK,K222,,HNZ,61.0876,-149.8366,2026-09-09T19:29:00.000000Z,2026-09-09T19:30:00.000000Z,100.0,200.0,60.0,,noise,0,Noise,events:arr_summer_2026.csv,AK,2.0-20.0,15.09939929453478,144.72607790463957,14.549302743547951,150.37489468107273,0.9284638986675662,6.072652571643316,11.314016462582842,,
595,,AK,K222,,HNZ,61.0876,-149.8366,2026-09-09T19:30:00.000000Z,2026-09-09T19:31:00.000000Z,100.0,200.0,60.0,,noise,0,Noise,events:arr_summer_2026.csv,AK,2.0-20.0,20.60453946418313,123.10128385724542,19.794218368999633,104.00025406750639,0.9228920187787928,2.983078303319566,1.7392396906625764,,
596,,AK,K222,,HNZ,61.0876,-149.8366,2026-09-09T19:31:00.000000Z,2026-09-09T19:32:00.000000Z,100.0,200.0,60.0,,noise,0,Noise,events:arr_summer_2026.csv,AK,2.0-20.0,18.004236075864824,144.61684505280635,17.200055574351474,134.55155727100697,0.9126627020976164,4.729599369661478,5.827953768449174,,
597,,AK,K222,,HNZ,61.0876,-149.8366,2026-09-09T19:32:00.000000Z,2026-09-09T19:33:00.000000Z,100.0,200.0,60.0,,noise,0,Noise,events:arr_summer_2026.csv,AK,2.0-20.0,22.35433538110311,212.42910757735442,22.005071170968698,216.312141085373,0.9689961028464664,5.481803692533904,10.917360531718433,,
598,,AK,K222,,HNZ,61.0876,-149.8366,2026-09-09T19:33:00.000000Z,2026-09-09T19:34:00.000000Z,100.0,200.0,60.0,,noise,0,Noise,events:arr_summer_2026.csv,AK,2.0-20.0,27.36829438086027,174.29153401171345,26.930685832751973,170.5138876938802,0.9682764336349954,5.065950171546454,2.9142443663986564,,
599,,AK,K222,,HNZ,61.0876,-149.8366,2026-09-09T19:34:00.000000Z,2026-09-09T19:35:00.000000Z,100.0,200.0,60.0,,noise,0,Noise,events:arr_summer_2026.csv,AK,2.0-20.0,15.610882565688469,137.63953906111269,14.91607968968445,126.24824308748498,0.912965731461615,7.136848509669087,8.741617766112817,,
600,,AK,K222,,HNZ,61.0876,-149.8366,2026-09-09T19:35:00.000000Z,2026-09-09T19:36:00.000000Z,100.0,200.0,60.0,,noise,0,Noise,events:arr_summer_2026.csv,AK,2.0-20.0,15.540404145401542,116.89129039814458,14.799586607414133,98.14055989820103,0.9069316356340663,3.664244244096826,3.3720260506802253,,
601,,AK,K222,,HNZ,61.0876,-149.8366,2026-09-09T19:36:00.000000Z,2026-09-09T19:37:00.000000Z,100.0,200.0,60.0,,noise,0,Noise,events:arr_summer_2026.csv,AK,2.0-20.0,27.00885944072582,263.13637676137705,26.660118527949262,265.2006305052818,0.9743425355715649,6.545848866854343,10.949052606098073,,
602,,AK,K222,,HNZ,61.0876,-149.8366,2026-09-09T19:37:00.000000Z,2026-09-09T19:38:00.000000Z,100.0,200.0,60.0,,noise,0,Noise,events:arr_summer_2026.csv,AK,2.0-20.0,12.766275815198338,77.8663976413643,12.23772959139261,85.42961127862131,0.9189105952806682,4.146365819774209,3.9403726398747096,,
603,,AK,K222,,HNZ,61.0876,-149.8366,2026-09-09T19:38:00.000000Z,2026-09-09T19:39:00.000000Z,100.0,200.0,60.0,,noise,0,Noise,events:arr_summer_2026.csv,AK,2.0-20.0,12.752914777207529,116.18384142389482,12.426787232147134,108.01351372756183,0.9495083977392176,5.107439073669085,8.934226551600934,,
604,,AK,K222,,HNZ,61.0876,-149.8366,2026-09-09T19:39:00.000000Z,2026-09-09T19:40:00.000000Z,100.0,200.0,60.0,,noise,0,Noise,events:arr_summer_2026.csv,AK,2.0-20.0,19.55974545126543,220.22019151415125,19.251464095835622,225.49291695178482,0.9687263882511968,7.065981268114568,20.14799902577807,,
605,,AK,K222,,HNZ,61.0876,-149.8366,2026-09-09T19:40:00.000000Z,2026-09-09T19:41:00.000000Z,100.0,200.0,60.0,,noise,0,Noise,events:arr_summer_2026.csv,AK,2.0-20.0,13.97288777686545,93.02436493402092,13.486949872878789,87.76109630736988,0.9316550548565766,3.482788092975956,2.1546358110930184,,
606,,AK,K222,,HNZ,61.0876,-149.8366,2026-09-09T19:41:00.000000Z,2026-09-09T19:42:00.000000Z,100.0,200.0,60.0,,noise,0,Noise,events:arr_summer_2026.csv,AK,2.0-20.0,14.463646149543566,93.87793106291006,14.088197122026353,101.6673184212402,0.9487575886905388,6.393753994970449,4.393341356341795,,
607,,AK,K222,,HNZ,61.0876,-149.8366,2026-09-09T19:42:00.000000Z,2026-09-09T19:43:00.000000Z,100.0,200.0,60.0,,noise,0,Noise,events:arr_summer_2026.csv,AK,2.0-20.0,13.632955006292057,129.69023513508017,13.237224374794167,132.30444235739813,0.942787591475389,5.45885324656627,9.339128295578982,,
608,,AK,K222,,HNZ,61.0876,-149.8366,2026-09-09T19:43:00.000000Z,2026-09-09T19:44:00.000000Z,100.0,200.0,60.0,,noise,0,Noise,events:arr_summer_2026.csv,AK,2.0-20.0,12.422653118536656,88.91060169547649,12.074466293194973,90.18672445753943,0.9447288327257506,6.1633787608728845,4.987748521421522,,
609,,AK,K222,,HNZ,61.0876,-149.8366,2026-09-09T19:44:00.000000Z,2026-09-09T19:45:00.000000Z,100.0,200.0,60.0,,noise,0,Noise,events:arr_summer_2026.csv,AK,2.0-20.0,15.090539719630074,144.99739178101044,14.723434573714743,155.7388397876109,0.9519381150613371,4.925352156179111,9.835758091259914,,
610,,AK,K222,,HNZ,61.0876,-149.8366,2026-09-09T19:45:00.000000Z,2026-09-09T19:46:00.000000Z,100.0,200.0,60.0,,noise,0,Noise,events:arr_summer_2026.csv,AK,2.0-20.0,8.895474033325673,156.46780440787552,8.57155540067077,134.6407752306012,0.9284982304446436,8.33398181628932,41.83508374941829,,
611,,AK,K222,,HNZ,61.0876,-149.8366,2026-09-09T19:46:00.000000Z,2026-09-09T19:47:00.000000Z,100.0,200.0,60.0,,noise,0,Noise,events:arr_summer_2026.csv,AK,2.0-20.0,13.056007544245302,99.7635362865474,12.68595398380149,91.90713109263838,0.9441162631058813,4.8500159254061455,4.5077349816517875,,
612,,AK,K222,,HNZ,61.0876,-149.8366,2026-09-09T19:47:00.000000Z,2026-09-09T19:48:00.000000Z,100.0,200.0,60.0,,noise,0,Noise,events:arr_summer_2026.csv,AK,2.0-20.0,8.832316232467933,109.30696108137468,8.484186180988138,119.27491134932994,0.9227226053453572,6.130825715706422,23.414480916418682,,
613,,AK,K222,,HNZ,61.0876,-149.8366,2026-09-09T19:48:00.000000Z,2026-09-09T19:49:00.000000Z,100.0,200.0,60.0,,noise,0,Noise,events:arr_summer_2026.csv,AK,2.0-20.0,10.842926043468507,94.80020254880735,10.492669597083223,95.53190114341923,0.9364379467497634,5.797569350218596,5.362247964731024,,
614,,AK,K222,,HNZ,61.0876,-149.8366,2026-09-09T19:49:00.000000Z,2026-09-09T19:50:00.000000Z,100.0,200.0,60.0,,noise,0,Noise,events:arr_summer_2026.csv,AK,2.0-20.0,11.774538931396197,98.05592624495097,11.465823088563607,98.3454138926485,0.9482495671945553,4.687326479936626,4.441939416425069,,
615,,AK,K222,,HNZ,61.0876,-149.8366,2026-09-09T19:50:00.000000Z,2026-09-09T19:51:00.000000Z,100.0,200.0,60.0,,noise,0,Noise,events:arr_summer_2026.csv,AK,2.0-20.0,14.73906051680244,107.81102290142707,14.514222391398556,100.84538530019755,0.9697235492094647,5.121651518982801,6.114983499041372,,
616,,AK,K222,,HNZ,61.0876,-149.8366,2026-09-09T19:51:00.000000Z,2026-09-09T19:52:00.000000Z,100.0,200.0,60.0,,noise,0,Noise,events:arr_summer_2026.csv,AK,2.0-20.0,12.474985413168678,95.4159109903451,12.1613962177379,97.55094968316963,0.9503570111857098,5.081277834126077,5.581358611724372,,
617,,AK,K222,,HNZ,61.0876,-149.8366,2026-09-09T19:52:00.000000Z,2026-09-09T19:53:00.000000Z,100.0,200.0,60.0,,noise,0,Noise,events:arr_summer_2026.csv,AK,2.0-20.0,16.183161798581907,130.67727396524177,15.780074983767536,125.2007125285767,0.9508048156890373,5.358702278233118,4.796440196834792,,
618,,AK,K222,,HNZ,61.0876,-149.8366,2026-09-09T19:56:00.000000Z,2026-09-09T19:57:00.000000Z,100.0,200.0,60.0,,noise,0,Noise,events:arr_summer_2026.csv,AK,2.0-20.0,11.683232845810513,133.97120785856595,11.421427758578726,119.0047040906017,0.9556849126064878,4.178392627986519,6.544177455800314,,
619,,AK,K222,,HNZ,61.0876,-149.8366,2026-09-09T19:57:00.000000Z,2026-09-09T19:58:00.000000Z,100.0,200.0,60.0,,noise,0,Noise,events:arr_summer_2026.csv,AK,2.0-20.0,16.69617361277666,94.85471407729996,16.461827288941034,91.96024789743568,0.9721251473618089,4.270500014175978,2.4986613315937243,,
620,,AK,K222,,HNZ,61.0876,-149.8366,2026-09-09T19:58:00.000000Z,2026-09-09T19:59:00.000000Z,100.0,200.0,60.0,,noise,0,Noise,events:arr_summer_2026.csv,AK,2.0-20.0,13.890625242729367,120.08781930910835,13.651809642885015,122.67193002552321,0.965910436961239,7.248231361197694,6.629904474659858,,
621,,AK,K222,,HNZ,61.0876,-149.8366,2026-09-09T19:59:00.000000Z,2026-09-09T20:00:00.000000Z,100.0,200.0,60.0,,noise,0,Noise,events:arr_summer_2026.csv,AK,2.0-20.0,10.61058758924406,116.61565809341694,10.306952089172025,106.86801569987665,0.9435863397838123,6.25332722964504,12.166022846868485,,
622,,AK,K222,,HNZ,61.0876,-149.8366,2026-09-09T20:00:00.000000Z,2026-09-09T20:01:00.000000Z,100.0,200.0,60.0,,noise,0,Noise,events:arr_summer_2026.csv,AK,2.0-20.0,10.916783292570706,65.47152284783688,10.564978366189722,70.49859767805154,0.9365863966404189,4.918100228262835,5.074908323241788,,
623,,AK,K222,,HNZ,61.0876,-149.8366,2026-09-09T20:01:00.000000Z,2026-09-09T20:02:00.000000Z,100.0,200.0,60.0,,noise,0,Noise,events:arr_summer_2026.csv,AK,2.0-20.0,11.742640457778458,79.59417448783597,10.963116364501714,78.24792756358133,0.8716387322363062,5.966522390962212,4.915224342078439,,
624,,AK,K222,,HNZ,61.0876,-149.8366,2026-09-09T20:02:00.000000Z,2026-09-09T20:03:00.000000Z,100.0,200.0,60.0,,noise,0,Noise,events:arr_summer_2026.csv,AK,2.0-20.0,19.2203992645598,173.321675209702,18.183622249426907,173.75926079300257,0.8950267003655646,7.158848655061821,10.149654421165469,,
625,,AK,K222,,HNZ,61.0876,-149.8366,2026-09-09T20:03:00.000000Z,2026-09-09T20:04:00.000000Z,100.0,200.0,60.0,,noise,0,Noise,events:arr_summer_2026.csv,AK,2.0-20.0,15.213653328066687,136.36135713764557,14.584617202461827,123.4492305925797,0.9190159270973696,5.31765315333259,7.257991588473759,,
626,,AK,K222,,HNZ,61.0876,-149.8366,2026-09-09T20:04:00.000000Z,2026-09-09T20:05:00.000000Z,100.0,200.0,60.0,,noise,0,Noise,events:arr_summer_2026.csv,AK,2.0-20.0,11.341452247414063,102.42163154468382,10.948161690048465,92.47167073219705,0.9318479806145429,5.444338761818178,7.788860771385293,,
627,,AK,K222,,HNZ,61.0876,-149.8366,2026-09-09T20:05:00.000000Z,2026-09-09T20:06:00.000000Z,100.0,200.0,60.0,,noise,0,Noise,events:arr_summer_2026.csv,AK,2.0-20.0,12.712623364444909,183.90014480360006,12.342206430751089,175.05701760555144,0.942573555479772,6.65869821511995,24.817801903000923,,
628,,AK,K222,,HNZ,61.0876,-149.8366,2026-09-09T20:06:00.000000Z,2026-09-09T20:07:00.000000Z,100.0,200.0,60.0,,noise,0,Noise,events:arr_summer_2026.csv,AK,2.0-20.0,15.885422255041703,96.83848535723101,15.50269646574771,95.55214626973668,0.9523946801853668,3.8253441025820627,1.9244283151367698,,
629,,AK,K222,,HNZ,61.0876,-149.8366,2026-09-09T20:07:00.000000Z,2026-09-09T20:08:00.000000Z,100.0,200.0,60.0,,noise,0,Noise,events:arr_summer_2026.csv,AK,2.0-20.0,23.836192352253537,192.19677655374235,23.409003172257503,208.63161391905962,0.9644774501806181,6.3675798053961135,6.2429137949433855,,
630,,AK,K222,,HNZ,61.0876,-149.8366,2026-09-09T20:08:00.000000Z,2026-09-09T20:09:00.000000Z,100.0,200.0,60.0,,noise,0,Noise,events:arr_summer_2026.csv,AK,2.0-20.0,15.768117652930794,157.1689149954318,15.516040226394683,145.27716024257035,0.9682825165509418,5.55092484318533,5.812774719114655,,
631,,AK,K222,,HNZ,61.0876,-149.8366,2026-09-09T20:09:00.000000Z,2026-09-09T20:10:00.000000Z,100.0,200.0,60.0,,noise,0,Noise,events:arr_summer_2026.csv,AK,2.0-20.0,22.661320041134587,143.7320355344029,22.237649589980865,173.87139777470668,0.9629580243998539,5.374973750161268,5.098920557612219,,
632,,AK,K222,,HNZ,61.0876,-149.8366,2026-09-09T20:10:00.000000Z,2026-09-09T20:11:00.000000Z,100.0,200.0,60.0,,noise,0,Noise,events:arr_summer_2026.csv,AK,2.0-20.0,17.702429134620363,186.24823276416348,17.40384836077444,171.15028154005063,0.9665511730545243,4.972865553118535,9.299527239816257,,
633,,AK,K222,,HNZ,61.0876,-149.8366,2026-09-09T20:11:00.000000Z,2026-09-09T20:12:00.000000Z,100.0,200.0,60.0,,noise,0,Noise,events:arr_summer_2026.csv,AK,2.0-20.0,18.464302135260187,209.89361229486886,18.069430791950754,204.5939613375363,0.9576860205486039,7.405113374195698,12.611970152394658,,
634,,AK,K222,,HNZ,61.0876,-149.8366,2026-09-09T20:12:00.000000Z,2026-09-09T20:13:00.000000Z,100.0,200.0,60.0,,noise,0,Noise,events:arr_summer_2026.csv,AK,2.0-20.0,14.359890959089867,88.00727488577596,13.980895302319901,80.11694473633874,0.9479112610380045,6.284283798116112,2.5982526153215373,,
635,,AK,K222,,HNZ,61.0876,-149.8366,2026-09-09T20:13:00.000000Z,2026-09-09T20:14:00.000000Z,100.0,200.0,60.0,,noise,0,Noise,events:arr_summer_2026.csv,AK,2.0-20.0,16.790758866247987,115.18902788821433,16.413540560859822,110.74048169940511,0.9555730568793577,4.796164875472122,3.6060595723578297,,
636,,AK,K222,,HNZ,61.0876,-149.8366,2026-09-09T20:14:00.000000Z,2026-09-09T20:15:00.000000Z,100.0,200.0,60.0,,noise,0,Noise,events:arr_summer_2026.csv,AK,2.0-20.0,16.56282522506988,149.16292625146704,16.14605667554463,131.80099728066628,0.9503073909981217,4.047316406724607,6.825620469683475,,
637,,AK,K222,,HNZ,61.0876,-149.8366,2026-09-09T20:15:00.000000Z,2026-09-09T20:16:00.000000Z,100.0,200.0,60.0,,noise,0,Noise,events:arr_summer_2026.csv,AK,2.0-20.0,14.271750875518507,216.17944352985424,13.897411836313644,191.26136522480076,0.9482292391760602,6.376179298952435,22.673955547976057,,
638,,AK,K222,,HNZ,61.0876,-149.8366,2026-09-09T20:16:00.000000Z,2026-09-09T20:17:00.000000Z,100.0,200.0,60.0,,noise,0,Noise,events:arr_summer_2026.csv,AK,2.0-20.0,14.392599487958902,103.6526403207108,13.973937869643128,109.58517831350247,0.9426688051410257,5.182024953971776,6.407736982096859,,
639,,AK,K222,,HNZ,61.0876,-149.8366,2026-09-09T20:17:00.000000Z,2026-09-09T20:18:00.000000Z,100.0,200.0,60.0,,noise,0,Noise,events:arr_summer_2026.csv,AK,2.0-20.0,21.512351257938167,228.92857813830318,21.030110933691894,209.81861028418493,0.9556687085594998,5.367301493704298,9.563204867617282,,
640,,AK,K222,,HNZ,61.0876,-149.8366,2026-09-09T20:18:00.000000Z,2026-09-09T20:19:00.000000Z,100.0,200.0,60.0,,noise,0,Noise,events:arr_summer_2026.csv,AK,2.0-20.0,25.864292885823403,279.3554053686775,25.377606014572265,273.491608937634,0.9627201954194395,4.961199513253913,13.821080807452738,,
641,,AK,K222,,HNZ,61.0876,-149.8366,2026-09-09T20:19:00.000000Z,2026-09-09T20:20:00.000000Z,100.0,200.0,60.0,,noise,0,Noise,events:arr_summer_2026.csv,AK,2.0-20.0,20.27564979132802,183.34873464601154,19.760410947193495,178.79008354631702,0.9498223435056901,4.349270707191487,9.434769154596413,,
642,,AK,K222,,HNZ,61.0876,-149.8366,2026-09-09T20:20:00.000000Z,2026-09-09T20:21:00.000000Z,100.0,200.0,60.0,,noise,0,Noise,events:arr_summer_2026.csv,AK,2.0-20.0,19.407329597717343,156.5155113546799,18.951788516077173,138.2356565500706,0.9536057028792904,6.442836257836705,4.765218537021074,,
643,,AK,K222,,HNZ,61.0876,-149.8366,2026-09-09T20:21:00.000000Z,2026-09-09T20:22:00.000000Z,100.0,200.0,60.0,,noise,0,Noise,events:arr_summer_2026.csv,AK,2.0-20.0,35.11993734769617,199.56769854356097,34.0951206752589,196.83985260524864,0.9424905380323306,3.326349561764391,1.596523686195634,,
644,,AK,K222,,HNZ,61.0876,-149.8366,2026-09-09T20:27:00.000000Z,2026-09-09T20:28:00.000000Z,100.0,200.0,60.0,,noise,0,Noise,events:arr_summer_2026.csv,AK,2.0-20.0,13.177648468491885,88.59292677718891,12.817891201989958,89.2486931292244,0.9461441882007551,6.433060868248697,6.047955004662857,,
645,,AK,K222,,HNZ,61.0876,-149.8366,2026-09-09T20:28:00.000000Z,2026-09-09T20:29:00.000000Z,100.0,200.0,60.0,,noise,0,Noise,events:arr_summer_2026.csv,AK,2.0-20.0,15.588547685214929,168.13881819575923,15.040768276214635,172.01914374718356,0.9309550865746253,6.395597143505665,14.577904030185547,,
646,,AK,K222,,HNZ,61.0876,-149.8366,2026-09-09T20:29:00.000000Z,2026-09-09T20:30:00.000000Z,100.0,200.0,60.0,,noise,0,Noise,events:arr_summer_2026.csv,AK,2.0-20.0,20.01786944586412,157.88924653675045,19.505427585130555,136.29812686485343,0.9494568784234674,5.184163485681088,6.058599823597762,,
647,,AK,K222,,HNZ,61.0876,-149.8366,2026-09-09T20:30:00.000000Z,2026-09-09T20:31:00.000000Z,100.0,200.0,60.0,,noise,0,Noise,events:arr_summer_2026.csv,AK,2.0-20.0,20.68698730996979,169.80805650567933,20.16051064696966,157.46038626762552,0.9497483774861594,2.752480360095012,2.3078426168015023,,
648,,AK,K222,,HNZ,61.0876,-149.8366,2026-09-09T20:31:00.000000Z,2026-09-09T20:32:00.000000Z,100.0,200.0,60.0,,noise,0,Noise,events:arr_summer_2026.csv,AK,2.0-20.0,31.542639877762554,240.09158307367477,30.93794042568706,203.972478462198,0.9620258069137883,4.5854495128194985,5.4505843890758285,,
649,,AK,K222,,HNZ,61.0876,-149.8366,2026-09-09T20:32:00.000000Z,2026-09-09T20:33:00.000000Z,100.0,200.0,60.0,,noise,0,Noise,events:arr_summer_2026.csv,AK,2.0-20.0,19.628048770134168,139.93828249479463,19.129079411177404,148.53135166680664,0.9498037574134012,6.528018686172067,5.400956408884154,,
650,,AK,K222,,HNZ,61.0876,-149.8366,2026-09-09T20:33:00.000000Z,2026-09-09T20:34:00.000000Z,100.0,200.0,60.0,,noise,0,Noise,events:arr_summer_2026.csv,AK,2.0-20.0,18.06474475460762,169.960811330824,17.637526758408686,191.76941946917952,0.9532607512126271,7.35770593156572,12.870044127416042,,
651,,AK,K222,,HNZ,61.0876,-149.8366,2026-09-09T20:34:00.000000Z,2026-09-09T20:35:00.000000Z,100.0,200.0,60.0,,noise,0,Noise,events:arr_summer_2026.csv,AK,2.0-20.0,18.270905680875195,163.5578747805734,17.739775839520288,134.19339956235484,0.9427056374162275,4.7508978397842885,6.001142153125937,,
652,,AK,K222,,HNZ,61.0876,-149.8366,2026-09-09T20:35:00.000000Z,2026-09-09T20:36:00.000000Z,100.0,200.0,60.0,,noise,0,Noise,events:arr_summer_2026.csv,AK,2.0-20.0,15.71194312386649,90.54280241685758,15.013507422919748,96.09801830090237,0.9130709579512378,4.216227235950877,4.082757966627442,,
653,,AK,K222,,HNZ,61.0876,-149.8366,2026-09-09T20:36:00.000000Z,2026-09-09T20:37:00.000000Z,100.0,200.0,60.0,,noise,0,Noise,events:arr_summer_2026.csv,AK,2.0-20.0,14.938197240325291,107.60720816857955,14.109479201178127,114.2236120462496,0.8921247508127478,5.780110939829478,5.472370949408777,,
654,,AK,K222,,HNZ,61.0876,-149.8366,2026-09-09T20:37:00.000000Z,2026-09-09T20:38:00.000000Z,100.0,200.0,60.0,,noise,0,Noise,events:arr_summer_2026.csv,AK,2.0-20.0,16.384647306632424,121.46922157187123,15.69380742424341,110.53084674917963,0.9174500819398328,3.9001411164166493,3.9557134796153335,,
655,,AK,K222,,HNZ,61.0876,-149.8366,2026-09-09T20:38:00.000000Z,2026-09-09T20:39:00.000000Z,100.0,200.0,60.0,,noise,0,Noise,events:arr_summer_2026.csv,AK,2.0-20.0,15.073930181393443,101.93966726467609,14.417659352068387,90.94879217291864,0.9148218344513104,4.993431127873541,2.354489650564494,,
656,,AK,K222,,HNZ,61.0876,-149.8366,2026-09-09T20:39:00.000000Z,2026-09-09T20:40:00.000000Z,100.0,200.0,60.0,,noise,0,Noise,events:arr_summer_2026.csv,AK,2.0-20.0,14.923572978986952,116.18299471736039,14.24394723309241,117.50051639954447,0.9109930943907455,4.266152407697686,7.837826955763635,,
657,,AK,K222,,HNZ,61.0876,-149.8366,2026-09-09T20:40:00.000000Z,2026-09-09T20:41:00.000000Z,100.0,200.0,60.0,,noise,0,Noise,events:arr_summer_2026.csv,AK,2.0-20.0,13.878318363838252,87.14354269820412,13.47167067364769,83.23863119193136,0.9422566767639425,4.591955097739585,3.4586801415640567,,
658,,AK,K222,,HNZ,61.0876,-149.8366,2026-09-09T20:41:00.000000Z,2026-09-09T20:42:00.000000Z,100.0,200.0,60.0,,noise,0,Noise,events:arr_summer_2026.csv,AK,2.0-20.0,15.294581432409721,147.9580642628937,14.986067185895495,140.57367433351806,0.9600639410283798,5.789812331665429,15.462093108485924,,
659,,AK,K222,,HNZ,61.0876,-149.8366,2026-09-09T20:42:00.000000Z,2026-09-09T20:43:00.000000Z,100.0,200.0,60.0,,noise,0,Noise,events:arr_summer_2026.csv,AK,2.0-20.0,18.1612454527505,225.9635899228591,17.704070883047297,205.04746730402772,0.9502875148294243,6.002351168022678,14.233337510047797,,
660,,AK,K222,,HNZ,61.0876,-149.8366,2026-09-09T20:43:00.000000Z,2026-09-09T20:44:00.000000Z,100.0,200.0,60.0,,noise,0,Noise,events:arr_summer_2026.csv,AK,2.0-20.0,23.045310006752906,210.66700189979443,22.61575719279554,194.697380961916,0.9630684515635192,5.619844713255404,9.813295345857833,,
661,,AK,K222,,HNZ,61.0876,-149.8366,2026-09-09T20:44:00.000000Z,2026-09-09T20:45:00.000000Z,100.0,200.0,60.0,,noise,0,Noise,events:arr_summer_2026.csv,AK,2.0-20.0,17.939562418519905,124.11244242710796,17.602441427534572,135.40965052043623,0.9627690589696389,4.522432621508146,3.34488707281612,,
662,,AK,K222,,HNZ,61.0876,-149.8366,2026-09-09T20:45:00.000000Z,2026-09-09T20:46:00.000000Z,100.0,200.0,60.0,,noise,0,Noise,events:arr_summer_2026.csv,AK,2.0-20.0,19.009165872334975,128.8144860654392,18.366223904769576,124.9632197199123,0.9334985086537949,4.560059475427845,2.52031501773061,,
663,,AK,K222,,HNZ,61.0876,-149.8366,2026-09-09T20:46:00.000000Z,2026-09-09T20:47:00.000000Z,100.0,200.0,60.0,,noise,0,Noise,events:arr_summer_2026.csv,AK,2.0-20.0,16.587441437162294,124.40669222427553,16.20493381687623,135.30906066551228,0.9544116198051082,4.843388812412725,4.8236455693086375,,
664,,AK,K222,,HNZ,61.0876,-149.8366,2026-09-09T20:47:00.000000Z,2026-09-09T20:48:00.000000Z,100.0,200.0,60.0,,noise,0,Noise,events:arr_summer_2026.csv,AK,2.0-20.0,17.627181418489805,105.47496882105138,17.2012417728093,94.54157861851827,0.9522562937344644,4.375194042546774,1.6770851990004507,,
665,,AK,K222,,HNZ,61.0876,-149.8366,2026-09-09T20:48:00.000000Z,2026-09-09T20:49:00.000000Z,100.0,200.0,60.0,,noise,0,Noise,events:arr_summer_2026.csv,AK,2.0-20.0,12.059184612901298,120.40275703760118,11.319375117909876,105.76818902451376,0.8810671665352537,7.36267940717719,16.38911977843997,,
666,,AK,K222,,HNZ,61.0876,-149.8366,2026-09-09T20:49:00.000000Z,2026-09-09T20:50:00.000000Z,100.0,200.0,60.0,,noise,0,Noise,events:arr_summer_2026.csv,AK,2.0-20.0,7.548954248173546,83.06920047351136,7.216927384651434,77.8209615902415,0.9139681981123237,5.477706710846938,9.311451132758048,,
667,,AK,K222,,HNZ,61.0876,-149.8366,2026-09-09T20:50:00.000000Z,2026-09-09T20:51:00.000000Z,100.0,200.0,60.0,,noise,0,Noise,events:arr_summer_2026.csv,AK,2.0-20.0,15.073145306165486,127.92677001554783,14.830574400755491,138.47655168407232,0.9680731441825904,3.9342123387625034,7.1187039320490975,,
668,,AK,K222,,HNZ,61.0876,-149.8366,2026-09-09T20:51:00.000000Z,2026-09-09T20:52:00.000000Z,100.0,200.0,60.0,,noise,0,Noise,events:arr_summer_2026.csv,AK,2.0-20.0,11.080697299700548,83.79257232097268,10.636052161115401,80.7320566389225,0.9213544439556649,4.216091853026925,5.169079499093188,,
669,,AK,K222,,HNZ,61.0876,-149.8366,2026-09-09T20:52:00.000000Z,2026-09-09T20:53:00.000000Z,100.0,200.0,60.0,,noise,0,Noise,events:arr_summer_2026.csv,AK,2.0-20.0,11.023286165630642,80.46878577811965,10.69282660355606,84.18537155534199,0.9409420663666795,5.722752959924645,5.924107367849379,,
670,,AK,K222,,HNZ,61.0876,-149.8366,2026-09-09T20:53:00.000000Z,2026-09-09T20:54:00.000000Z,100.0,200.0,60.0,,noise,0,Noise,events:arr_summer_2026.csv,AK,2.0-20.0,14.944144488894626,86.12720432392156,14.67965844907162,87.31373421173441,0.9649166183310175,3.172061956088417,2.352454343844829,,
671,,AK,K222,,HNZ,61.0876,-149.8366,2026-09-09T20:54:00.000000Z,2026-09-09T20:55:00.000000Z,100.0,200.0,60.0,,noise,0,Noise,events:arr_summer_2026.csv,AK,2.0-20.0,26.532786413867168,285.8760986368608,26.314401886229323,315.5305938088544,0.9836062605065216,6.071015050930887,15.140239585704663,,
672,,AK,K222,,HNZ,61.0876,-149.8366,2026-09-09T20:55:00.000000Z,2026-09-09T20:56:00.000000Z,100.0,200.0,60.0,,noise,0,Noise,events:arr_summer_2026.csv,AK,2.0-20.0,14.315306333990469,178.12033703447025,13.837625294733055,187.78913898704118,0.9343763568762754,8.021893742758836,14.564285563680148,,
673,,AK,K222,,HNZ,61.0876,-149.8366,2026-09-09T20:56:00.000000Z,2026-09-09T20:57:00.000000Z,100.0,200.0,60.0,,noise,0,Noise,events:arr_summer_2026.csv,AK,2.0-20.0,12.965138245888035,127.31497784958178,12.68705956565596,108.75469911901362,0.9575636551554899,6.432124182577532,8.136805466306408,,
674,,AK,K222,,HNZ,61.0876,-149.8366,2026-09-09T20:57:00.000000Z,2026-09-09T20:58:00.000000Z,100.0,200.0,60.0,,noise,0,Noise,events:arr_summer_2026.csv,AK,2.0-20.0,10.716089350003788,56.07551155721568,10.333390565581848,53.87914564046227,0.929850302837753,5.2385856325218825,2.559605989322148,,
675,,AK,K222,,HNZ,61.0876,-149.8366,2026-09-09T20:58:00.000000Z,2026-09-09T20:59:00.000000Z,100.0,200.0,60.0,,noise,0,Noise,events:arr_summer_2026.csv,AK,2.0-20.0,18.254369203503117,172.5301731187033,17.911947285482,158.63280787258097,0.9628351680108771,5.767009913276034,7.8820255020949705,,
676,,AK,K222,,HNZ,61.0876,-149.8366,2026-09-09T20:59:00.000000Z,2026-09-09T21:00:00.000000Z,100.0,200.0,60.0,,noise,0,Noise,events:arr_summer_2026.csv,AK,2.0-20.0,18.03137097042379,105.51959278459917,17.661395432037196,101.36619037405627,0.9593841334404328,4.394903706917118,2.604011600426994,,
677,,AK,K222,,HNZ,61.0876,-149.8366,2026-09-09T21:00:00.000000Z,2026-09-09T21:01:00.000000Z,100.0,200.0,60.0,,noise,0,Noise,events:arr_summer_2026.csv,AK,2.0-20.0,13.30317475653076,101.39312158509647,13.046949818544013,102.94610449092252,0.9618500935756789,5.160442945436445,6.1342657840749215,,
678,,AK,K222,,HNZ,61.0876,-149.8366,2026-09-09T21:01:00.000000Z,2026-09-09T21:02:00.000000Z,100.0,200.0,60.0,,noise,0,Noise,events:arr_summer_2026.csv,AK,2.0-20.0,14.039967417101147,72.07955387417587,13.673216645483604,72.61491469582637,0.948438533301797,4.028411381717064,1.4146671571686547,,
679,,AK,K222,,HNZ,61.0876,-149.8366,2026-09-09T21:02:00.000000Z,2026-09-09T21:03:00.000000Z,100.0,200.0,60.0,,noise,0,Noise,events:arr_summer_2026.csv,AK,2.0-20.0,14.308627999516315,156.50208471224795,13.983922020715184,139.56322537881132,0.9551289335070345,5.652743835786303,6.949832075372845,,
680,,AK,K222,,HNZ,61.0876,-149.8366,2026-09-09T21:03:00.000000Z,2026-09-09T21:04:00.000000Z,100.0,200.0,60.0,,noise,0,Noise,events:arr_summer_2026.csv,AK,2.0-20.0,24.780386228034253,220.38954455433782,24.589020531402177,242.50580543306336,0.9846147039590252,6.549901497805686,17.06115583966897,,
681,,AK,K222,,HNZ,61.0876,-149.8366,2026-09-09T21:04:00.000000Z,2026-09-09T21:05:00.000000Z,100.0,200.0,60.0,,noise,0,Noise,events:arr_summer_2026.csv,AK,2.0-20.0,11.301586594611562,65.17308367035204,10.975454469015663,65.26062917567955,0.9431183412712854,3.2626521078261717,2.2398816705645137,,
682,,AK,K222,,HNZ,61.0876,-149.8366,2026-09-09T21:05:00.000000Z,2026-09-09T21:06:00.000000Z,100.0,200.0,60.0,,noise,0,Noise,events:arr_summer_2026.csv,AK,2.0-20.0,13.713202075342187,98.30084973243194,13.429135456609583,106.14273560587739,0.9589994486114286,4.803904056913828,3.9772987508926505,,
683,,AK,K222,,HNZ,61.0876,-149.8366,2026-09-09T21:06:00.000000Z,2026-09-09T21:07:00.000000Z,100.0,200.0,60.0,,noise,0,Noise,events:arr_summer_2026.csv,AK,2.0-20.0,17.316017803173438,120.84655280706446,16.940680351121653,120.69690103394494,0.9571183630928031,5.041644992524751,5.055204203876862,,
684,,AK,K222,,HNZ,61.0876,-149.8366,2026-09-09T21:07:00.000000Z,2026-09-09T21:08:00.000000Z,100.0,200.0,60.0,,noise,0,Noise,events:arr_summer_2026.csv,AK,2.0-20.0,15.578539702532458,111.18391669191388,15.269498683763608,111.33001108601162,0.9607183077780945,4.448101554126617,5.434484405047245,,
685,,AK,K222,,HNZ,61.0876,-149.8366,2026-09-09T21:08:00.000000Z,2026-09-09T21:09:00.000000Z,100.0,200.0,60.0,,noise,0,Noise,events:arr_summer_2026.csv,AK,2.0-20.0,16.738252605834205,168.5455213406806,16.34846165840886,166.6134790738876,0.9539674372134811,5.108081065390974,9.94484781391537,,
686,,AK,K222,,HNZ,61.0876,-149.8366,2026-09-09T21:09:00.000000Z,2026-09-09T21:10:00.000000Z,100.0,200.0,60.0,,noise,0,Noise,events:arr_summer_2026.csv,AK,2.0-20.0,25.609013636399467,201.8456953305828,25.119343172561567,174.59606701759412,0.9621235732590644,3.5804397591438213,4.422325907558163,,
687,,AK,K222,,HNZ,61.0876,-149.8366,2026-09-09T21:10:00.000000Z,2026-09-09T21:11:00.000000Z,100.0,200.0,60.0,,noise,0,Noise,events:arr_summer_2026.csv,AK,2.0-20.0,16.37685283880244,87.77468373088797,15.855042483668676,81.75688231226069,0.9372898782127637,2.8898887374155064,0.9532652057417952,,
688,,AK,K222,,HNZ,61.0876,-149.8366,2026-09-09T21:11:00.000000Z,2026-09-09T21:12:00.000000Z,100.0,200.0,60.0,,noise,0,Noise,events:arr_summer_2026.csv,AK,2.0-20.0,15.218580966294128,185.60824528279892,14.837815593331403,148.49082723178373,0.9505864517789511,6.068750159248314,8.189185320780572,,
689,,AK,K222,,HNZ,61.0876,-149.8366,2026-09-09T21:12:00.000000Z,2026-09-09T21:13:00.000000Z,100.0,200.0,60.0,,noise,0,Noise,events:arr_summer_2026.csv,AK,2.0-20.0,28.631622593750127,191.53038925370404,28.200351518324755,205.36270142371,0.9701013794060415,6.362134063732179,7.635746840510317,,
690,,AK,K222,,HNZ,61.0876,-149.8366,2026-09-09T21:13:00.000000Z,2026-09-09T21:14:00.000000Z,100.0,200.0,60.0,,noise,0,Noise,events:arr_summer_2026.csv,AK,2.0-20.0,17.73520877048074,127.45888548622688,17.50818839466536,114.32573332352914,0.9745627597369805,5.307466558497565,2.990959839854116,,
691,,AK,K222,,HNZ,61.0876,-149.8366,2026-09-09T21:14:00.000000Z,2026-09-09T21:15:00.000000Z,100.0,200.0,60.0,,noise,0,Noise,events:arr_summer_2026.csv,AK,2.0-20.0,16.273860106601386,119.6997387854521,15.90381092470075,121.59049682523678,0.9550393171050245,5.193059068726001,4.8855907403675545,,
692,,AK,K222,,HNZ,61.0876,-149.8366,2026-09-09T21:15:00.000000Z,2026-09-09T21:16:00.000000Z,100.0,200.0,60.0,,noise,0,Noise,events:arr_summer_2026.csv,AK,2.0-20.0,15.220778728483474,75.36265514918685,14.626994943472011,70.23982317862647,0.9234991022447963,4.07194892374487,1.847223529331382,,
693,,AK,K222,,HNZ,61.0876,-149.8366,2026-09-09T21:16:00.000000Z,2026-09-09T21:17:00.000000Z,100.0,200.0,60.0,,noise,0,Noise,events:arr_summer_2026.csv,AK,2.0-20.0,25.026288604447856,162.4655104659386,24.437734121358858,143.1698285788683,0.9535181710672199,4.429994352154348,3.1280682039705825,,
694,,AK,K222,,HNZ,61.0876,-149.8366,2026-09-09T21:17:00.000000Z,2026-09-09T21:18:00.000000Z,100.0,200.0,60.0,,noise,0,Noise,events:arr_summer_2026.csv,AK,2.0-20.0,19.435459244530886,183.47950242321198,18.912488589566617,184.3101208379489,0.9469079085239149,4.520506022919919,5.412453783265903,,
695,,AK,K222,,HNZ,61.0876,-149.8366,2026-09-09T21:18:00.000000Z,2026-09-09T21:19:00.000000Z,100.0,200.0,60.0,,noise,0,Noise,events:arr_summer_2026.csv,AK,2.0-20.0,13.63542165763445,132.77165043386975,13.28147382516316,137.11057136432242,0.9487578810433543,7.601497720796763,10.788295054970837,,
696,,AK,K222,,HNZ,61.0876,-149.8366,2026-09-09T21:19:00.000000Z,2026-09-09T21:20:00.000000Z,100.0,200.0,60.0,,noise,0,Noise,events:arr_summer_2026.csv,AK,2.0-20.0,14.332641328002628,118.3477352269654,13.857960831045062,116.21626844455989,0.9348591718911637,3.757463015842444,5.674645493513413,,
697,,AK,K222,,HNZ,61.0876,-149.8366,2026-09-09T21:20:00.000000Z,2026-09-09T21:21:00.000000Z,100.0,200.0,60.0,,noise,0,Noise,events:arr_summer_2026.csv,AK,2.0-20.0,16.367954851584344,111.91972347947205,15.98797960476724,120.76075486445828,0.9541097508191368,3.8975207591111456,5.554223349728769,,
698,,AK,K222,,HNZ,61.0876,-149.8366,2026-09-09T21:21:00.000000Z,2026-09-09T21:22:00.000000Z,100.0,200.0,60.0,,noise,0,Noise,events:arr_summer_2026.csv,AK,2.0-20.0,29.879764804756054,184.40290007937287,28.936574255909136,179.59988411793302,0.9378640303583254,4.782064784127382,4.014002062984928,,
699,,AK,K222,,HNZ,61.0876,-149.8366,2026-09-09T21:22:00.000000Z,2026-09-09T21:23:00.000000Z,100.0,200.0,60.0,,noise,0,Noise,events:arr_summer_2026.csv,AK,2.0-20.0,19.643233827949413,158.51825513066683,18.91278411333319,141.08991719497385,0.9270111493976845,4.5464477828781895,5.051792275677599,,
700,,AK,K222,,HNZ,61.0876,-149.8366,2026-09-09T21:23:00.000000Z,2026-09-09T21:24:00.000000Z,100.0,200.0,60.0,,noise,0,Noise,events:arr_summer_2026.csv,AK,2.0-20.0,21.637354812650365,157.7269788743131,21.095469508345648,163.21830026011145,0.9505392568739448,4.721040481630315,3.9721972406397787,,
701,,AK,K222,,HNZ,61.0876,-149.8366,2026-09-09T21:27:00.000000Z,2026-09-09T21:28:00.000000Z,100.0,200.0,60.0,,noise,0,Noise,events:arr_summer_2026.csv,AK,2.0-20.0,13.954134471131864,117.39455614943807,13.45100378249268,109.12838623681836,0.9291879776414398,6.270850165616071,7.254828184938807,,
702,,AK,K222,,HNZ,61.0876,-149.8366,2026-09-09T21:28:00.000000Z,2026-09-09T21:29:00.000000Z,100.0,200.0,60.0,,noise,0,Noise,events:arr_summer_2026.csv,AK,2.0-20.0,17.85862924387295,148.60947065112927,17.477108332454087,141.50587403180083,0.9577296089505639,4.789614438835707,3.6873538697081125,,
703,,AK,K222,,HNZ,61.0876,-149.8366,2026-09-09T21:29:00.000000Z,2026-09-09T21:30:00.000000Z,100.0,200.0,60.0,,noise,0,Noise,events:arr_summer_2026.csv,AK,2.0-20.0,21.70007597562578,127.04391697383161,21.24021969887078,125.73001644257712,0.958066159355327,5.19676592403593,2.6358571519125285,,
704,,AK,K222,,HNZ,61.0876,-149.8366,2026-09-09T21:30:00.000000Z,2026-09-09T21:31:00.000000Z,100.0,200.0,60.0,,noise,0,Noise,events:arr_summer_2026.csv,AK,2.0-20.0,28.400033492911117,222.3643400063067,28.076911548520886,234.96239628554258,0.9773744082869015,4.648295605738723,9.370579332071554,,
705,,AK,K222,,HNZ,61.0876,-149.8366,2026-09-09T21:31:00.000000Z,2026-09-09T21:32:00.000000Z,100.0,200.0,60.0,,noise,0,Noise,events:arr_summer_2026.csv,AK,2.0-20.0,17.089688323831872,99.43433485537041,16.730625097164605,106.29079698588089,0.9584204032859203,5.7868371226676585,3.3608648962746326,,
706,,AK,K222,,HNZ,61.0876,-149.8366,2026-09-09T21:32:00.000000Z,2026-09-09T21:33:00.000000Z,100.0,200.0,60.0,,noise,0,Noise,events:arr_summer_2026.csv,AK,2.0-20.0,13.743370995159975,78.60273842604848,13.319494653934859,78.56020868411318,0.9392667645321618,4.255991300433719,2.3944985468477133,,
707,,AK,K222,,HNZ,61.0876,-149.8366,2026-09-09T21:33:00.000000Z,2026-09-09T21:34:00.000000Z,100.0,200.0,60.0,,noise,0,Noise,events:arr_summer_2026.csv,AK,2.0-20.0,12.94842066845638,112.69139535762008,12.578262207732216,117.31900766529255,0.9436429226226069,4.997941701879546,7.501002511964156,,
708,,AK,K222,,HNZ,61.0876,-149.8366,2026-09-09T21:34:00.000000Z,2026-09-09T21:35:00.000000Z,100.0,200.0,60.0,,noise,0,Noise,events:arr_summer_2026.csv,AK,2.0-20.0,17.415852831476055,101.69676165734488,16.740438877788907,101.34063491671925,0.9239408880546338,4.168988383879896,3.7941165629110882,,
709,,AK,K222,,HNZ,61.0876,-149.8366,2026-09-09T21:35:00.000000Z,2026-09-09T21:36:00.000000Z,100.0,200.0,60.0,,noise,0,Noise,events:arr_summer_2026.csv,AK,2.0-20.0,26.51123646046211,185.06963589680876,25.905740833910876,178.6051223829437,0.9548432146978414,4.9622222351854255,3.6695183514906526,,
710,,AK,K222,,HNZ,61.0876,-149.8366,2026-09-09T21:36:00.000000Z,2026-09-09T21:37:00.000000Z,100.0,200.0,60.0,,noise,0,Noise,events:arr_summer_2026.csv,AK,2.0-20.0,15.861980208283796,148.58528971534588,15.270163871534173,136.1038509896227,0.9267713253790575,4.618398893179457,7.919636530761505,,
711,,AK,K222,,HNZ,61.0876,-149.8366,2026-09-09T21:37:00.000000Z,2026-09-09T21:38:00.000000Z,100.0,200.0,60.0,,noise,0,Noise,events:arr_summer_2026.csv,AK,2.0-20.0,22.709437182846372,194.11489799846035,22.377579751467792,203.6779760741515,0.9709871556863308,4.448282335774954,6.3733211823223925,,
712,,AK,K222,,HNZ,61.0876,-149.8366,2026-09-09T21:38:00.000000Z,2026-09-09T21:39:00.000000Z,100.0,200.0,60.0,,noise,0,Noise,events:arr_summer_2026.csv,AK,2.0-20.0,15.647863680290733,105.60669134826063,15.257180305434185,97.85524008453504,0.950688956990986,3.7930511102025166,3.308316780342868,,
713,,AK,K222,,HNZ,61.0876,-149.8366,2026-09-09T21:39:00.000000Z,2026-09-09T21:40:00.000000Z,100.0,200.0,60.0,,noise,0,Noise,events:arr_summer_2026.csv,AK,2.0-20.0,11.266026164533422,80.896408073829,10.901226324003195,71.38170488619467,0.9362874486296454,5.612466556861746,4.33410208384259,,
714,,AK,K222,,HNZ,61.0876,-149.8366,2026-09-09T21:40:00.000000Z,2026-09-09T21:41:00.000000Z,100.0,200.0,60.0,,noise,0,Noise,events:arr_summer_2026.csv,AK,2.0-20.0,16.612131213407686,92.74085599803365,16.2203695316022,94.50542250650804,0.9533904175203506,4.280422384016714,2.409745624800558,,
715,,AK,K222,,HNZ,61.0876,-149.8366,2026-09-09T21:41:00.000000Z,2026-09-09T21:42:00.000000Z,100.0,200.0,60.0,,noise,0,Noise,events:arr_summer_2026.csv,AK,2.0-20.0,11.046520727126481,79.01554808229173,10.485272358379737,65.74415512455474,0.9009660124806724,5.365933434063313,5.324119560286217,,
716,,AK,K222,,HNZ,61.0876,-149.8366,2026-09-09T21:42:00.000000Z,2026-09-09T21:43:00.000000Z,100.0,200.0,60.0,,noise,0,Noise,events:arr_summer_2026.csv,AK,2.0-20.0,10.89910910497575,69.3452711300536,10.423924366422902,60.11821600266175,0.9147038414452666,4.300268699975909,2.6381882737976747,,
717,,AK,K222,,HNZ,61.0876,-149.8366,2026-09-09T21:43:00.000000Z,2026-09-09T21:44:00.000000Z,100.0,200.0,60.0,,noise,0,Noise,events:arr_summer_2026.csv,AK,2.0-20.0,19.839908863719096,336.13575868945173,19.38371415854345,304.7917434531886,0.9545411336749442,6.162840069422632,37.81688978788239,,
718,,AK,K222,,HNZ,61.0876,-149.8366,2026-09-09T21:44:00.000000Z,2026-09-09T21:45:00.000000Z,100.0,200.0,60.0,,noise,0,Noise,events:arr_summer_2026.csv,AK,2.0-20.0,17.53277204995343,144.1008830630405,17.158239323211436,140.30116029808224,0.9577325973633944,4.04762452686486,4.694157879429558,,
719,,AK,K222,,HNZ,61.0876,-149.8366,2026-09-09T21:45:00.000000Z,2026-09-09T21:46:00.000000Z,100.0,200.0,60.0,,noise,0,Noise,events:arr_summer_2026.csv,AK,2.0-20.0,21.82259340605034,214.66738228876318,21.372914078516427,223.16614801285166,0.9592123408465828,6.33550404674919,15.67727481829246,,
720,,AK,K222,,HNZ,61.0876,-149.8366,2026-09-09T21:46:00.000000Z,2026-09-09T21:47:00.000000Z,100.0,200.0,60.0,,noise,0,Noise,events:arr_summer_2026.csv,AK,2.0-20.0,19.99092716467662,197.15350877753448,19.561119051753966,200.99940747013886,0.9574619388052403,6.268434990402386,11.408794649834736,,
721,,AK,K222,,HNZ,61.0876,-149.8366,2026-09-09T21:47:00.000000Z,2026-09-09T21:48:00.000000Z,100.0,200.0,60.0,,noise,0,Noise,events:arr_summer_2026.csv,AK,2.0-20.0,20.97022020983541,154.33400512242588,20.761451104859624,147.03939925043977,0.9801881046457102,5.28514443645065,5.199564561701376,,
722,,AK,K222,,HNZ,61.0876,-149.8366,2026-09-09T21:48:00.000000Z,2026-09-09T21:49:00.000000Z,100.0,200.0,60.0,,noise,0,Noise,events:arr_summer_2026.csv,AK,2.0-20.0,28.408158645741967,261.69827100479364,28.18197834291928,262.7645651577204,0.984139774522698,4.724629515346025,7.835736783257902,,
723,,AK,K222,,HNZ,61.0876,-149.8366,2026-09-09T21:49:00.000000Z,2026-09-09T21:50:00.000000Z,100.0,200.0,60.0,,noise,0,Noise,events:arr_summer_2026.csv,AK,2.0-20.0,15.532608182251934,143.02421176573299,15.262269799940736,151.37646628583016,0.9654937770426024,4.795287326134288,9.673628305820143,,
724,,AK,K222,,HNZ,61.0876,-149.8366,2026-09-09T21:50:00.000000Z,2026-09-09T21:51:00.000000Z,100.0,200.0,60.0,,noise,0,Noise,events:arr_summer_2026.csv,AK,2.0-20.0,24.25389070401557,254.7392781131939,23.956760675359277,284.1955363890361,0.975648444273305,5.502414440440018,14.874497588423587,,
725,,AK,K222,,HNZ,61.0876,-149.8366,2026-09-09T21:51:00.000000Z,2026-09-09T21:52:00.000000Z,100.0,200.0,60.0,,noise,0,Noise,events:arr_summer_2026.csv,AK,2.0-20.0,14.144050379026964,89.38469684808263,13.804181054483156,84.58660758562701,0.9525191253902889,6.314526376711548,5.5161153501733065,,
726,,AK,K222,,HNZ,61.0876,-149.8366,2026-09-09T21:52:00.000000Z,2026-09-09T21:53:00.000000Z,100.0,200.0,60.0,,noise,0,Noise,events:arr_summer_2026.csv,AK,2.0-20.0,15.561200144013114,89.69495925294332,15.220118799877989,86.81992619581625,0.9566430210452831,4.692492720032645,2.1301050476031493,,
727,,AK,K222,,HNZ,61.0876,-149.8366,2026-09-09T21:53:00.000000Z,2026-09-09T21:54:00.000000Z,100.0,200.0,60.0,,noise,0,Noise,events:arr_summer_2026.csv,AK,2.0-20.0,13.734291965167325,102.16070697454715,13.509220242796005,99.3917956247264,0.9674934050894386,4.866411313722859,4.906646791315243,,
728,,AK,K222,,HNZ,61.0876,-149.8366,2026-09-09T21:54:00.000000Z,2026-09-09T21:55:00.000000Z,100.0,200.0,60.0,,noise,0,Noise,events:arr_summer_2026.csv,AK,2.0-20.0,10.330248221122003,69.55004537552166,10.001568831906877,74.77315497492714,0.9373779687970285,3.4388957582902084,3.267490345398768,,
729,,AK,K222,,HNZ,61.0876,-149.8366,2026-09-09T21:55:00.000000Z,2026-09-09T21:56:00.000000Z,100.0,200.0,60.0,,noise,0,Noise,events:arr_summer_2026.csv,AK,2.0-20.0,11.548353276172302,88.29018747884206,11.289366907836554,81.82047455003288,0.9556504179515096,5.513940652911492,4.169586755681912,,
730,,AK,K222,,HNZ,61.0876,-149.8366,2026-09-09T21:56:00.000000Z,2026-09-09T21:57:00.000000Z,100.0,200.0,60.0,,noise,0,Noise,events:arr_summer_2026.csv,AK,2.0-20.0,24.071642185717383,266.00868050483854,23.863243379463253,250.5636342062546,0.9827600705812599,5.214300142190438,16.570746855603886,,
731,,AK,K222,,HNZ,61.0876,-149.8366,2026-09-09T21:57:00.000000Z,2026-09-09T21:58:00.000000Z,100.0,200.0,60.0,,noise,0,Noise,events:arr_summer_2026.csv,AK,2.0-20.0,11.585797833147696,83.52250018164072,11.239900780097885,83.96274963078801,0.9411808087733436,5.9228833914873205,6.708325491641357,,
732,,AK,K222,,HNZ,61.0876,-149.8366,2026-09-09T21:58:00.000000Z,2026-09-09T21:59:00.000000Z,100.0,200.0,60.0,,noise,0,Noise,events:arr_summer_2026.csv,AK,2.0-20.0,21.528132745321724,246.04777485739143,21.152603684226946,228.57262007784277,0.9654169947697662,5.37052625340584,14.835296511881285,,
733,,AK,K222,,HNZ,61.0876,-149.8366,2026-09-09T21:59:00.000000Z,2026-09-09T22:00:00.000000Z,100.0,200.0,60.0,,noise,0,Noise,events:arr_summer_2026.csv,AK,2.0-20.0,11.154659045282653,96.10193415159056,10.731842747029733,102.34810884126213,0.9256269706441713,5.329531478243209,5.0585695405182936,,
734,,AK,K222,,HNZ,61.0876,-149.8366,2026-09-09T22:00:00.000000Z,2026-09-09T22:01:00.000000Z,100.0,200.0,60.0,,noise,0,Noise,events:arr_summer_2026.csv,AK,2.0-20.0,20.326715936752546,122.07631090133823,20.060523257873946,105.66989098975866,0.9739800871639454,6.453892384810704,2.6794298926064704,,
735,,AK,K222,,HNZ,61.0876,-149.8366,2026-09-09T22:04:00.000000Z,2026-09-09T22:05:00.000000Z,100.0,200.0,60.0,,noise,0,Noise,events:arr_summer_2026.csv,AK,2.0-20.0,16.521339602901204,126.6169656368265,16.19345444887505,120.3078043841887,0.960701549490965,4.299668207261254,4.099632849006661,,
736,,AK,K222,,HNZ,61.0876,-149.8366,2026-09-09T22:05:00.000000Z,2026-09-09T22:06:00.000000Z,100.0,200.0,60.0,,noise,0,Noise,events:arr_summer_2026.csv,AK,2.0-20.0,21.717233668719324,171.14192917905558,20.733291576899923,177.3602847001087,0.9114387782328882,3.8332463879845617,4.029532101373987,,
737,,AK,K222,,HNZ,61.0876,-149.8366,2026-09-09T22:06:00.000000Z,2026-09-09T22:07:00.000000Z,100.0,200.0,60.0,,noise,0,Noise,events:arr_summer_2026.csv,AK,2.0-20.0,16.223496155076283,108.58074402966254,15.368734082601218,106.65321128099134,0.8974025353501567,4.570216427874387,3.617458817305107,,
738,,AK,K222,,HNZ,61.0876,-149.8366,2026-09-09T22:07:00.000000Z,2026-09-09T22:08:00.000000Z,100.0,200.0,60.0,,noise,0,Noise,events:arr_summer_2026.csv,AK,2.0-20.0,21.231812862608184,149.71871007411602,20.895070107935304,142.54201996298806,0.9685309645858295,3.7050977233882247,3.280354360226003,,
739,,AK,K222,,HNZ,61.0876,-149.8366,2026-09-09T22:08:00.000000Z,2026-09-09T22:09:00.000000Z,100.0,200.0,60.0,,noise,0,Noise,events:arr_summer_2026.csv,AK,2.0-20.0,25.62441819335209,168.82461802130595,25.32784439044332,171.065712006804,0.9769862053700972,4.646838534048815,4.628983792226127,,
740,,AK,K222,,HNZ,61.0876,-149.8366,2026-09-09T22:09:00.000000Z,2026-09-09T22:10:00.000000Z,100.0,200.0,60.0,,noise,0,Noise,events:arr_summer_2026.csv,AK,2.0-20.0,18.315254948771955,131.22020729397025,17.915201499904803,125.05717281065398,0.9567918285579493,3.440034555861936,3.3356903397675275,,
741,,AK,K222,,HNZ,61.0876,-149.8366,2026-09-09T22:10:00.000000Z,2026-09-09T22:11:00.000000Z,100.0,200.0,60.0,,noise,0,Noise,events:arr_summer_2026.csv,AK,2.0-20.0,16.050287555655707,161.39803587633634,15.759570137498702,145.11286979614388,0.9641022569963471,5.537285738560531,8.508889241377236,,
742,,AK,K222,,HNZ,61.0876,-149.8366,2026-09-09T22:11:00.000000Z,2026-09-09T22:12:00.000000Z,100.0,200.0,60.0,,noise,0,Noise,events:arr_summer_2026.csv,AK,2.0-20.0,32.02783775346993,324.9172460593453,31.731218746965695,377.69679863077914,0.9815631968751459,5.803281535462269,13.016806651143021,,
743,,AK,K222,,HNZ,61.0876,-149.8366,2026-09-09T22:12:00.000000Z,2026-09-09T22:13:00.000000Z,100.0,200.0,60.0,,noise,0,Noise,events:arr_summer_2026.csv,AK,2.0-20.0,11.969296713354584,79.96448388735848,11.529732850161691,73.20467183011347,0.9279001031985601,3.4351954922786816,3.761479015571666,,
744,,AK,K222,,HNZ,61.0876,-149.8366,2026-09-09T22:13:00.000000Z,2026-09-09T22:14:00.000000Z,100.0,200.0,60.0,,noise,0,Noise,events:arr_summer_2026.csv,AK,2.0-20.0,18.912785003064734,151.8560516552707,18.225116365010233,146.30231517421905,0.9286020724933401,4.677432927550654,4.993671876889756,,
745,,AK,K222,,HNZ,61.0876,-149.8366,2026-09-09T22:14:00.000000Z,2026-09-09T22:15:00.000000Z,100.0,200.0,60.0,,noise,0,Noise,events:arr_summer_2026.csv,AK,2.0-20.0,17.36037298756573,98.51836621322163,16.695552916914135,89.88483483694748,0.9248759988067214,4.293161208373245,2.1925859134788386,,
746,,AK,K222,,HNZ,61.0876,-149.8366,2026-09-09T22:15:00.000000Z,2026-09-09T22:16:00.000000Z,100.0,200.0,60.0,,noise,0,Noise,events:arr_summer_2026.csv,AK,2.0-20.0,25.430630252292797,203.6651875535898,24.87036796851246,173.9753359034088,0.9564233596777084,4.137403188856956,4.350665640684794,,
747,,AK,K222,,HNZ,61.0876,-149.8366,2026-09-09T22:16:00.000000Z,2026-09-09T22:17:00.000000Z,100.0,200.0,60.0,,noise,0,Noise,events:arr_summer_2026.csv,AK,2.0-20.0,27.053064797125458,163.7617111616952,26.1593352343186,172.39276720770846,0.9350190545940371,3.7232147833822977,3.389362972304901,,
748,,AK,K222,,HNZ,61.0876,-149.8366,2026-09-09T22:17:00.000000Z,2026-09-09T22:18:00.000000Z,100.0,200.0,60.0,,noise,0,Noise,events:arr_summer_2026.csv,AK,2.0-20.0,21.502194412710022,155.19107160165592,20.56734291818165,163.60656871999637,0.9149361972105771,4.10199786816329,5.516258231533902,,
749,,AK,K222,,HNZ,61.0876,-149.8366,2026-09-09T22:18:00.000000Z,2026-09-09T22:19:00.000000Z,100.0,200.0,60.0,,noise,0,Noise,events:arr_summer_2026.csv,AK,2.0-20.0,16.586635238315107,139.8060112382461,15.933237269167051,126.08860830164988,0.9227657334838568,5.81563322347715,5.0844231298676394,,
750,,AK,K222,,HNZ,61.0876,-149.8366,2026-09-09T22:19:00.000000Z,2026-09-09T22:20:00.000000Z,100.0,200.0,60.0,,noise,0,Noise,events:arr_summer_2026.csv,AK,2.0-20.0,21.089198154113355,142.3017568447353,20.61109597831825,127.07721699905412,0.9551729970748224,4.768146630706073,3.079277031841692,,
751,,AK,K222,,HNZ,61.0876,-149.8366,2026-09-09T22:20:00.000000Z,2026-09-09T22:21:00.000000Z,100.0,200.0,60.0,,noise,0,Noise,events:arr_summer_2026.csv,AK,2.0-20.0,25.508755038092673,170.369762573879,25.103355664347664,149.37185074355386,0.9684674570298607,4.025215831102298,2.545479052718316,,
752,,AK,K222,,HNZ,61.0876,-149.8366,2026-09-09T22:21:00.000000Z,2026-09-09T22:22:00.000000Z,100.0,200.0,60.0,,noise,0,Noise,events:arr_summer_2026.csv,AK,2.0-20.0,11.396511102719366,72.10079006595697,11.003456096553911,72.62710743954607,0.9322113666262037,3.6492591667530068,2.6897218729223953,,
753,,AK,K222,,HNZ,61.0876,-149.8366,2026-09-09T22:22:00.000000Z,2026-09-09T22:23:00.000000Z,100.0,200.0,60.0,,noise,0,Noise,events:arr_summer_2026.csv,AK,2.0-20.0,18.056146110969603,130.45843591044786,17.659104848490067,118.95761783337382,0.9565050106917774,5.634838485444064,4.498090530039087,,
754,,AK,K222,,HNZ,61.0876,-149.8366,2026-09-09T22:23:00.000000Z,2026-09-09T22:24:00.000000Z,100.0,200.0,60.0,,noise,0,Noise,events:arr_summer_2026.csv,AK,2.0-20.0,15.714674512815932,125.88769177362751,15.134376307530804,108.01038518451773,0.9275093067649891,4.05542325960208,3.3872284886185646,,
755,,AK,K222,,HNZ,61.0876,-149.8366,2026-09-09T22:24:00.000000Z,2026-09-09T22:25:00.000000Z,100.0,200.0,60.0,,noise,0,Noise,events:arr_summer_2026.csv,AK,2.0-20.0,22.212459499260472,181.89892503269513,21.65324852661861,180.10051830489644,0.9502827006029937,7.574592868748052,7.059553454685599,,
756,,AK,K222,,HNZ,61.0876,-149.8366,2026-09-09T22:28:00.000000Z,2026-09-09T22:29:00.000000Z,100.0,200.0,60.0,,noise,0,Noise,events:arr_summer_2026.csv,AK,2.0-20.0,15.803305669009875,137.9685614075653,15.335306913424464,138.01931357379954,0.941649030566089,4.800201231069302,5.443932368978684,,
757,,AK,K222,,HNZ,61.0876,-149.8366,2026-09-09T22:29:00.000000Z,2026-09-09T22:30:00.000000Z,100.0,200.0,60.0,,noise,0,Noise,events:arr_summer_2026.csv,AK,2.0-20.0,16.54910836665639,113.12941189069251,16.0732244956443,116.85896900784203,0.9433151762334961,4.876550436263189,4.500711891557152,,
758,,AK,K222,,HNZ,61.0876,-149.8366,2026-09-09T22:30:00.000000Z,2026-09-09T22:31:00.000000Z,100.0,200.0,60.0,,noise,0,Noise,events:arr_summer_2026.csv,AK,2.0-20.0,20.965177277968046,152.15048759042793,20.58931180352881,158.76589740440346,0.9644652467789161,4.7130541350225945,6.116824002828746,,
759,,AK,K222,,HNZ,61.0876,-149.8366,2026-09-09T22:31:00.000000Z,2026-09-09T22:32:00.000000Z,100.0,200.0,60.0,,noise,0,Noise,events:arr_summer_2026.csv,AK,2.0-20.0,26.57395890520945,161.20076187304775,25.96329464207879,161.13983353776078,0.954568471040333,4.603375063173695,4.6260273221771975,,
760,,AK,K222,,HNZ,61.0876,-149.8366,2026-09-09T22:32:00.000000Z,2026-09-09T22:33:00.000000Z,100.0,200.0,60.0,,noise,0,Noise,events:arr_summer_2026.csv,AK,2.0-20.0,20.219724769981788,123.00408638212036,19.56517486842012,129.9004356115868,0.9363042362640669,4.291210964681648,2.8873327586608504,,
761,,AK,K222,,HNZ,61.0876,-149.8366,2026-09-09T22:33:00.000000Z,2026-09-09T22:34:00.000000Z,100.0,200.0,60.0,,noise,0,Noise,events:arr_summer_2026.csv,AK,2.0-20.0,16.151622564376606,122.53740229841469,15.598739709949736,125.9790403699431,0.932710160494416,4.867730106891983,4.480596879002081,,
762,,AK,K222,,HNZ,61.0876,-149.8366,2026-09-09T22:34:00.000000Z,2026-09-09T22:35:00.000000Z,100.0,200.0,60.0,,noise,0,Noise,events:arr_summer_2026.csv,AK,2.0-20.0,22.790300611484593,143.25246969461418,21.988060495754276,130.2995126168356,0.9308372167514009,3.761052637500641,2.0102737331934346,,
763,,AK,K222,,HNZ,61.0876,-149.8366,2026-09-09T22:38:00.000000Z,2026-09-09T22:39:00.000000Z,100.0,200.0,60.0,,noise,0,Noise,events:arr_summer_2026.csv,AK,2.0-20.0,21.729161001046965,296.0336605172492,20.63915176253191,290.52782413470624,0.9021895104367146,7.666046042496662,34.198862133829394,,
764,,AK,K222,,HNZ,61.0876,-149.8366,2026-09-09T22:39:00.000000Z,2026-09-09T22:40:00.000000Z,100.0,200.0,60.0,,noise,0,Noise,events:arr_summer_2026.csv,AK,2.0-20.0,15.75523566227179,99.99023279327369,14.081920093571815,100.7940730545021,0.7988660114086592,5.919414821929826,5.212438620063962,,
765,,AK,K222,,HNZ,61.0876,-149.8366,2026-09-09T22:40:00.000000Z,2026-09-09T22:41:00.000000Z,100.0,200.0,60.0,,noise,0,Noise,events:arr_summer_2026.csv,AK,2.0-20.0,29.489616517496213,216.82535254412338,28.10742439700074,208.83545231393066,0.9084559052114023,4.980619174175007,4.466894448843503,,
766,,AK,K222,,HNZ,61.0876,-149.8366,2026-09-09T22:41:00.000000Z,2026-09-09T22:42:00.000000Z,100.0,200.0,60.0,,noise,0,Noise,events:arr_summer_2026.csv,AK,2.0-20.0,18.767365753145008,202.5313570332864,17.174303429899393,171.6578886656131,0.8374360014204261,5.825610673431585,10.527778994497869,,
767,,AK,K222,,HNZ,61.0876,-149.8366,2026-09-09T22:42:00.000000Z,2026-09-09T22:43:00.000000Z,100.0,200.0,60.0,,noise,0,Noise,events:arr_summer_2026.csv,AK,2.0-20.0,17.97348848229778,126.67871548717679,16.56445155733397,110.17068713045663,0.8493552329739523,6.134209601595835,3.910201143793893,,
768,,AK,K222,,HNZ,61.0876,-149.8366,2026-09-09T22:43:00.000000Z,2026-09-09T22:44:00.000000Z,100.0,200.0,60.0,,noise,0,Noise,events:arr_summer_2026.csv,AK,2.0-20.0,23.17990906968046,241.95849453225924,22.296805324177765,250.24987989592012,0.9252558252889075,6.316193404817421,17.590154147255607,,
769,,AK,K222,,HNZ,61.0876,-149.8366,2026-09-09T22:44:00.000000Z,2026-09-09T22:45:00.000000Z,100.0,200.0,60.0,,noise,0,Noise,events:arr_summer_2026.csv,AK,2.0-20.0,14.032475464843667,127.76300612267089,13.225742580013844,131.18714404952505,0.8883243115195413,6.285386327904603,7.653038628117756,,
770,,AK,K222,,HNZ,61.0876,-149.8366,2026-09-09T22:45:00.000000Z,2026-09-09T22:46:00.000000Z,100.0,200.0,60.0,,noise,0,Noise,events:arr_summer_2026.csv,AK,2.0-20.0,15.52282624819335,200.30713129469692,15.067961697950837,177.46286925664788,0.9422527692780064,6.309926834094913,10.384693175511075,,
771,,AK,K222,,HNZ,61.0876,-149.8366,2026-09-09T22:46:00.000000Z,2026-09-09T22:47:00.000000Z,100.0,200.0,60.0,,noise,0,Noise,events:arr_summer_2026.csv,AK,2.0-20.0,13.974833294894493,112.39629075143303,13.64830788195239,104.71026729117605,0.9538154433918321,4.970301151605903,7.461240582723944,,
772,,AK,K222,,HNZ,61.0876,-149.8366,2026-09-09T22:47:00.000000Z,2026-09-09T22:48:00.000000Z,100.0,200.0,60.0,,noise,0,Noise,events:arr_summer_2026.csv,AK,2.0-20.0,22.92844099923482,174.60462575566714,22.552039170474334,185.42387815537427,0.9674367522454969,7.161150412769518,6.923627907707239,,
773,,AK,K222,,HNZ,61.0876,-149.8366,2026-09-09T22:48:00.000000Z,2026-09-09T22:49:00.000000Z,100.0,200.0,60.0,,noise,0,Noise,events:arr_summer_2026.csv,AK,2.0-20.0,18.071037441114008,121.68518487433417,17.768949609219675,117.38298522092444,0.9668460784967576,5.512570247135492,3.8555587000043934,,
774,,AK,K222,,HNZ,61.0876,-149.8366,2026-09-09T22:49:00.000000Z,2026-09-09T22:50:00.000000Z,100.0,200.0,60.0,,noise,0,Noise,events:arr_summer_2026.csv,AK,2.0-20.0,26.09109487358846,185.7876276283689,25.60663500656647,190.32963238088644,0.9632087392218113,4.8464557742587475,6.512900889913588,,
775,,AK,K222,,HNZ,61.0876,-149.8366,2026-09-09T22:50:00.000000Z,2026-09-09T22:51:00.000000Z,100.0,200.0,60.0,,noise,0,Noise,events:arr_summer_2026.csv,AK,2.0-20.0,9.073892765952078,64.84557663560363,8.542254130279256,63.49309458030903,0.8862529419569595,4.46506749915469,4.768486934548366,,
776,,AK,K222,,HNZ,61.0876,-149.8366,2026-09-09T22:51:00.000000Z,2026-09-09T22:52:00.000000Z,100.0,200.0,60.0,,noise,0,Noise,events:arr_summer_2026.csv,AK,2.0-20.0,17.21976586473429,144.26055911774029,16.679134046777524,131.82384072733907,0.9381937033184432,5.044114371256688,7.426354200342534,,
777,,AK,K222,,HNZ,61.0876,-149.8366,2026-09-09T22:52:00.000000Z,2026-09-09T22:53:00.000000Z,100.0,200.0,60.0,,noise,0,Noise,events:arr_summer_2026.csv,AK,2.0-20.0,15.431904906240892,143.26582941013356,14.944237634991346,144.42344332329222,0.9377961658182906,5.024543633991954,13.300506111691138,,
778,,AK,K222,,HNZ,61.0876,-149.8366,2026-09-09T22:53:00.000000Z,2026-09-09T22:54:00.000000Z,100.0,200.0,60.0,,noise,0,Noise,events:arr_summer_2026.csv,AK,2.0-20.0,15.14177517905698,148.89266472223872,14.462329174758812,134.92258586626713,0.9122689578832791,6.548178906375009,10.095812730513623,,
779,,AK,K222,,HNZ,61.0876,-149.8366,2026-09-09T22:54:00.000000Z,2026-09-09T22:55:00.000000Z,100.0,200.0,60.0,,noise,0,Noise,events:arr_summer_2026.csv,AK,2.0-20.0,26.93210620888628,171.62333521104023,26.364117623265713,159.81799319006626,0.9582654811945206,4.749990455830803,5.240307725048073,,
780,,AK,K222,,HNZ,61.0876,-149.8366,2026-09-09T22:55:00.000000Z,2026-09-09T22:56:00.000000Z,100.0,200.0,60.0,,noise,0,Noise,events:arr_summer_2026.csv,AK,2.0-20.0,13.400488263994013,100.37242972447628,12.260527799316044,102.35687015847328,0.8370995092086331,5.463287720003629,5.473365716521171,,
781,,AK,K222,,HNZ,61.0876,-149.8366,2026-09-09T22:56:00.000000Z,2026-09-09T22:57:00.000000Z,100.0,200.0,60.0,,noise,0,Noise,events:arr_summer_2026.csv,AK,2.0-20.0,14.740410139876909,106.43013988052145,13.44710143608429,111.19214988275607,0.8322201496317205,4.2338448691011425,5.626947939720001,,
782,,AK,K222,,HNZ,61.0876,-149.8366,2026-09-09T22:57:00.000000Z,2026-09-09T22:58:00.000000Z,100.0,200.0,60.0,,noise,0,Noise,events:arr_summer_2026.csv,AK,2.0-20.0,15.450977936017036,113.33754113176546,14.041659302083971,95.47459768048643,0.825895154353478,4.075107624750933,2.85757623063002,,
783,,AK,K222,,HNZ,61.0876,-149.8366,2026-09-09T22:58:00.000000Z,2026-09-09T22:59:00.000000Z,100.0,200.0,60.0,,noise,0,Noise,events:arr_summer_2026.csv,AK,2.0-20.0,18.613192539631147,185.71591640541217,17.707599262498455,177.69867061882994,0.9050605398652325,4.314176544735826,7.92647060056064,,
784,,AK,K222,,HNZ,61.0876,-149.8366,2026-09-09T22:59:00.000000Z,2026-09-09T23:00:00.000000Z,100.0,200.0,60.0,,noise,0,Noise,events:arr_summer_2026.csv,AK,2.0-20.0,16.852514551682823,194.87731539908555,15.238334041986365,108.85315184338774,0.8176088006952851,5.838282859628925,3.9858036981877394,,
785,,AK,K222,,HNZ,61.0876,-149.8366,2026-09-09T23:00:00.000000Z,2026-09-09T23:01:00.000000Z,100.0,200.0,60.0,,noise,0,Noise,events:arr_summer_2026.csv,AK,2.0-20.0,12.526703184731685,75.22499813563591,11.258144250521704,69.93427709251893,0.8077185253687655,3.335711364947035,1.6122049347031355,,
786,,AK,K222,,HNZ,61.0876,-149.8366,2026-09-09T23:01:00.000000Z,2026-09-09T23:02:00.000000Z,100.0,200.0,60.0,,noise,0,Noise,events:arr_summer_2026.csv,AK,2.0-20.0,23.64279686883969,170.35349860462406,22.379917038410884,158.22734764389097,0.8960231753827582,4.775946335385739,4.629105388434364,,
787,,AK,K222,,HNZ,61.0876,-149.8366,2026-09-09T23:02:00.000000Z,2026-09-09T23:03:00.000000Z,100.0,200.0,60.0,,noise,0,Noise,events:arr_summer_2026.csv,AK,2.0-20.0,21.27375609624706,134.86797555378473,20.416839863736044,131.47982178835105,0.9210616359667618,5.269115785503465,4.829454081173115,,
788,,AK,K222,,HNZ,61.0876,-149.8366,2026-09-09T23:03:00.000000Z,2026-09-09T23:04:00.000000Z,100.0,200.0,60.0,,noise,0,Noise,events:arr_summer_2026.csv,AK,2.0-20.0,19.326275156614976,156.38634324528087,18.42023225463795,135.60513407789563,0.9084350591709089,4.082082506984554,5.6627928055973165,,
789,,AK,K222,,HNZ,61.0876,-149.8366,2026-09-09T23:04:00.000000Z,2026-09-09T23:05:00.000000Z,100.0,200.0,60.0,,noise,0,Noise,events:arr_summer_2026.csv,AK,2.0-20.0,14.607049965399751,71.17319186749671,13.380843934074372,76.59979455545542,0.8391546029350874,3.228305805543066,1.4105856539164572,,
790,,AK,K222,,HNZ,61.0876,-149.8366,2026-09-09T23:05:00.000000Z,2026-09-09T23:06:00.000000Z,100.0,200.0,60.0,,noise,0,Noise,events:arr_summer_2026.csv,AK,2.0-20.0,16.026566712600474,154.43388192824375,15.21062753398915,158.36843372688588,0.9007686696418921,5.606830298364661,7.686752645900659,,
791,,AK,K222,,HNZ,61.0876,-149.8366,2026-09-09T23:06:00.000000Z,2026-09-09T23:07:00.000000Z,100.0,200.0,60.0,,noise,0,Noise,events:arr_summer_2026.csv,AK,2.0-20.0,18.078121018491917,104.45267298579763,17.384502734043505,100.66419082222879,0.9247364292627585,4.5447143524898825,2.296977955658657,,
792,,AK,K222,,HNZ,61.0876,-149.8366,2026-09-09T23:07:00.000000Z,2026-09-09T23:08:00.000000Z,100.0,200.0,60.0,,noise,0,Noise,events:arr_summer_2026.csv,AK,2.0-20.0,14.66578997455488,142.54025375228164,14.009036006866824,121.19013590329634,0.9124426570875412,5.588832038492356,6.533538815941096,,
793,,AK,K222,,HNZ,61.0876,-149.8366,2026-09-09T23:08:00.000000Z,2026-09-09T23:09:00.000000Z,100.0,200.0,60.0,,noise,0,Noise,events:arr_summer_2026.csv,AK,2.0-20.0,10.983195708057007,74.93530797806496,10.206357498170853,73.83273599806364,0.8635432782084295,5.875648160746284,5.525301160050111,,
794,,AK,K222,,HNZ,61.0876,-149.8366,2026-09-09T23:09:00.000000Z,2026-09-09T23:10:00.000000Z,100.0,200.0,60.0,,noise,0,Noise,events:arr_summer_2026.csv,AK,2.0-20.0,17.325189670332662,113.75525343671545,16.78523866461407,104.72148032006925,0.9386399744468397,6.161737758454367,3.881618358244727,,
795,,AK,K222,,HNZ,61.0876,-149.8366,2026-09-09T23:10:00.000000Z,2026-09-09T23:11:00.000000Z,100.0,200.0,60.0,,noise,0,Noise,events:arr_summer_2026.csv,AK,2.0-20.0,18.628950811327982,138.13139078324576,18.224416951895524,153.68423468857762,0.9570408908296056,4.403829317997635,3.646834115667847,,
796,,AK,K222,,HNZ,61.0876,-149.8366,2026-09-09T23:11:00.000000Z,2026-09-09T23:12:00.000000Z,100.0,200.0,60.0,,noise,0,Noise,events:arr_summer_2026.csv,AK,2.0-20.0,25.777740851994288,279.95627315870945,25.328381995433254,246.04061726021055,0.9654397771949472,6.603827107642123,8.976019618169794,,
797,,AK,K222,,HNZ,61.0876,-149.8366,2026-09-09T23:12:00.000000Z,2026-09-09T23:13:00.000000Z,100.0,200.0,60.0,,noise,0,Noise,events:arr_summer_2026.csv,AK,2.0-20.0,17.043941411780015,119.44787414225505,16.474268748206253,131.76648476713936,0.9342696213386888,4.902292925807414,4.627520911247853,,
798,,AK,K222,,HNZ,61.0876,-149.8366,2026-09-09T23:13:00.000000Z,2026-09-09T23:14:00.000000Z,100.0,200.0,60.0,,noise,0,Noise,events:arr_summer_2026.csv,AK,2.0-20.0,15.43032382723155,103.26351125435993,14.633279735725582,105.09239204608312,0.8993593804313769,3.8204258995633373,2.565305312514912,,
799,,AK,K222,,HNZ,61.0876,-149.8366,2026-09-09T23:14:00.000000Z,2026-09-09T23:15:00.000000Z,100.0,200.0,60.0,,noise,0,Noise,events:arr_summer_2026.csv,AK,2.0-20.0,16.652622243018286,142.38307991791248,16.059854739561903,125.04665398937153,0.9300749869456505,6.013759730479833,4.9901586012508075,,
800,,AK,K222,,HNZ,61.0876,-149.8366,2026-09-09T23:15:00.000000Z,2026-09-09T23:16:00.000000Z,100.0,200.0,60.0,,noise,0,Noise,events:arr_summer_2026.csv,AK,2.0-20.0,15.419307924482554,90.59033432358332,14.944446122012042,92.2883646360464,0.9393552878912144,4.7479142778276815,1.6057937019267374,,
801,,AK,K222,,HNZ,61.0876,-149.8366,2026-09-09T23:16:00.000000Z,2026-09-09T23:17:00.000000Z,100.0,200.0,60.0,,noise,0,Noise,events:arr_summer_2026.csv,AK,2.0-20.0,16.821034530142448,129.5087582992308,16.379343043756982,132.9908354151467,0.9481729312709424,4.190993274146977,4.479662552558892,,
802,,AK,K222,,HNZ,61.0876,-149.8366,2026-09-09T23:17:00.000000Z,2026-09-09T23:18:00.000000Z,100.0,200.0,60.0,,noise,0,Noise,events:arr_summer_2026.csv,AK,2.0-20.0,13.291336279098177,83.02057938990102,12.837604620601708,81.61452612470673,0.9328905627469649,3.586022711685231,2.9411251493716577,,
803,,AK,K222,,HNZ,61.0876,-149.8366,2026-09-09T23:18:00.000000Z,2026-09-09T23:19:00.000000Z,100.0,200.0,60.0,,noise,0,Noise,events:arr_summer_2026.csv,AK,2.0-20.0,20.655056466692493,171.8889959700867,20.092273814373733,156.3365224146683,0.9462489331838657,4.486942209485706,4.27819670929069,,
804,,AK,K222,,HNZ,61.0876,-149.8366,2026-09-09T23:19:00.000000Z,2026-09-09T23:20:00.000000Z,100.0,200.0,60.0,,noise,0,Noise,events:arr_summer_2026.csv,AK,2.0-20.0,27.481512687341002,175.81010440218185,26.70542831478738,198.643445130695,0.9443170411481275,3.815954988573722,3.0984766990484456,,
805,,AK,K222,,HNZ,61.0876,-149.8366,2026-09-09T23:20:00.000000Z,2026-09-09T23:21:00.000000Z,100.0,200.0,60.0,,noise,0,Noise,events:arr_summer_2026.csv,AK,2.0-20.0,21.147386894354415,132.9298625581755,20.374200999320163,121.53031092559793,0.9282132230891458,3.7257135632499776,2.1370638818353136,,
806,,AK,K222,,HNZ,61.0876,-149.8366,2026-09-09T23:21:00.000000Z,2026-09-09T23:22:00.000000Z,100.0,200.0,60.0,,noise,0,Noise,events:arr_summer_2026.csv,AK,2.0-20.0,27.559229636167206,368.0250462150051,26.601996321785823,346.3940625861666,0.931739078953175,5.44231145044404,10.875864994831533,,
807,,AK,K222,,HNZ,61.0876,-149.8366,2026-09-09T23:22:00.000000Z,2026-09-09T23:23:00.000000Z,100.0,200.0,60.0,,noise,0,Noise,events:arr_summer_2026.csv,AK,2.0-20.0,19.745096454753575,136.50061900887198,18.483066712315658,145.4090545944606,0.8762530504947205,6.195507308464629,5.532476217791531,,
808,,AK,K222,,HNZ,61.0876,-149.8366,2026-09-09T23:23:00.000000Z,2026-09-09T23:24:00.000000Z,100.0,200.0,60.0,,noise,0,Noise,events:arr_summer_2026.csv,AK,2.0-20.0,20.724191956135165,213.93475239926036,19.35379634812746,234.29700272862522,0.872121757238785,6.644890385559511,12.367701270648194,,
809,,AK,K222,,HNZ,61.0876,-149.8366,2026-09-09T23:24:00.000000Z,2026-09-09T23:25:00.000000Z,100.0,200.0,60.0,,noise,0,Noise,events:arr_summer_2026.csv,AK,2.0-20.0,26.069057735315862,248.64179400552274,24.697962563639383,254.2692657408874,0.8975767369937414,4.762061661559698,9.716371402666573,,
810,,AK,K222,,HNZ,61.0876,-149.8366,2026-09-09T23:27:00.000000Z,2026-09-09T23:28:00.000000Z,100.0,200.0,60.0,,noise,0,Noise,events:arr_summer_2026.csv,AK,2.0-20.0,23.265775367303185,235.30875367320354,22.866817199799083,223.96013102114946,0.9659983368152396,4.653965073538347,8.78748319044565,,
811,,AK,K222,,HNZ,61.0876,-149.8366,2026-09-09T23:28:00.000000Z,2026-09-09T23:29:00.000000Z,100.0,200.0,60.0,,noise,0,Noise,events:arr_summer_2026.csv,AK,2.0-20.0,16.564207801686578,129.37009058144565,15.518238582576785,131.11741340461913,0.8776947665190629,5.053985978235245,6.094480501567666,,
812,,AK,K222,,HNZ,61.0876,-149.8366,2026-09-09T23:29:00.000000Z,2026-09-09T23:30:00.000000Z,100.0,200.0,60.0,,noise,0,Noise,events:arr_summer_2026.csv,AK,2.0-20.0,16.39859914406907,136.86247575843475,14.644727510116851,124.61050035104843,0.7975337872635193,6.353823307607582,6.317809554470815,,
813,,AK,K222,,HNZ,61.0876,-149.8366,2026-09-09T23:30:00.000000Z,2026-09-09T23:31:00.000000Z,100.0,200.0,60.0,,noise,0,Noise,events:arr_summer_2026.csv,AK,2.0-20.0,18.98281822265212,104.36630728722518,17.36172414845074,103.07847677421427,0.8364968797259148,3.120231621076644,2.0521887042036413,,
814,,AK,K222,,HNZ,61.0876,-149.8366,2026-09-09T23:31:00.000000Z,2026-09-09T23:32:00.000000Z,100.0,200.0,60.0,,noise,0,Noise,events:arr_summer_2026.csv,AK,2.0-20.0,29.694231805673443,241.27373916737236,28.52743778537858,253.36243206909802,0.922956738250008,6.262106790221522,6.225331350286698,,
815,,AK,K222,,HNZ,61.0876,-149.8366,2026-09-09T23:32:00.000000Z,2026-09-09T23:33:00.000000Z,100.0,200.0,60.0,,noise,0,Noise,events:arr_summer_2026.csv,AK,2.0-20.0,25.11030155762075,142.74163323867234,24.207961525796584,126.166718890477,0.9294212209203193,6.335575636377676,1.5682336851861862,,
816,,AK,K222,,HNZ,61.0876,-149.8366,2026-09-09T23:33:00.000000Z,2026-09-09T23:34:00.000000Z,100.0,200.0,60.0,,noise,0,Noise,events:arr_summer_2026.csv,AK,2.0-20.0,34.88677284568905,228.06701589243485,34.23491112464619,216.7655852366879,0.9629789958718936,3.5053104447611694,2.436407492141857,,
817,,AK,K222,,HNZ,61.0876,-149.8366,2026-09-09T23:34:00.000000Z,2026-09-09T23:35:00.000000Z,100.0,200.0,60.0,,noise,0,Noise,events:arr_summer_2026.csv,AK,2.0-20.0,17.67979354183881,95.4869413482667,16.722381752485354,78.09458880496479,0.8946267689278704,3.3245958181091693,1.0953641454314518,,
818,,AK,K222,,HNZ,61.0876,-149.8366,2026-09-09T23:35:00.000000Z,2026-09-09T23:36:00.000000Z,100.0,200.0,60.0,,noise,0,Noise,events:arr_summer_2026.csv,AK,2.0-20.0,26.332077714269982,265.91798035515103,25.671681741321667,242.56646900335545,0.9504699346763527,5.090636639173321,7.801430631226429,,
819,,AK,K222,,HNZ,61.0876,-149.8366,2026-09-09T23:36:00.000000Z,2026-09-09T23:37:00.000000Z,100.0,200.0,60.0,,noise,0,Noise,events:arr_summer_2026.csv,AK,2.0-20.0,19.794883285651544,150.33169950118076,19.370870103974806,136.43224933953525,0.957618145879962,3.982828831494989,2.7637243698311105,,
820,,AK,K222,,HNZ,61.0876,-149.8366,2026-09-09T23:37:00.000000Z,2026-09-09T23:38:00.000000Z,100.0,200.0,60.0,,noise,0,Noise,events:arr_summer_2026.csv,AK,2.0-20.0,22.328096530078327,170.295444401774,21.907807142297653,149.7222191005135,0.9627076350314192,3.406807337333111,2.063363538675052,,
821,,AK,K222,,HNZ,61.0876,-149.8366,2026-09-09T23:38:00.000000Z,2026-09-09T23:39:00.000000Z,100.0,200.0,60.0,,noise,0,Noise,events:arr_summer_2026.csv,AK,2.0-20.0,22.577376760403904,221.1098509072626,22.27708871600194,209.16123677006442,0.9735761091589379,5.239803848036151,11.161458694335082,,
822,,AK,K222,,HNZ,61.0876,-149.8366,2026-09-09T23:39:00.000000Z,2026-09-09T23:40:00.000000Z,100.0,200.0,60.0,,noise,0,Noise,events:arr_summer_2026.csv,AK,2.0-20.0,13.079602734640396,99.72028227321833,12.70576178007554,87.62693817908985,0.9436529679771755,5.915256853424808,4.137986509571273,,
823,,AK,K222,,HNZ,61.0876,-149.8366,2026-09-09T23:40:00.000000Z,2026-09-09T23:41:00.000000Z,100.0,200.0,60.0,,noise,0,Noise,events:arr_summer_2026.csv,AK,2.0-20.0,14.975330123453482,122.02557704979618,14.63805470733694,111.13078267599306,0.955463105882067,5.355705333512322,5.697711866650483,,
824,,AK,K222,,HNZ,61.0876,-149.8366,2026-09-09T23:41:00.000000Z,2026-09-09T23:42:00.000000Z,100.0,200.0,60.0,,noise,0,Noise,events:arr_summer_2026.csv,AK,2.0-20.0,16.710071789652183,141.33276562270703,16.332468441059756,142.5825473316653,0.9553159393102767,4.998837387523373,3.3882169033258185,,
825,,AK,K222,,HNZ,61.0876,-149.8366,2026-09-09T23:42:00.000000Z,2026-09-09T23:43:00.000000Z,100.0,200.0,60.0,,noise,0,Noise,events:arr_summer_2026.csv,AK,2.0-20.0,19.99687394525605,142.43896277264813,19.67383417519345,152.26412025789017,0.9679519413107351,4.5893629288670805,3.3387092937003837,,
826,,AK,K222,,HNZ,61.0876,-149.8366,2026-09-09T23:43:00.000000Z,2026-09-09T23:44:00.000000Z,100.0,200.0,60.0,,noise,0,Noise,events:arr_summer_2026.csv,AK,2.0-20.0,17.27956713588475,174.25201866476695,16.901735341086088,172.46210935009108,0.956746486523248,5.642577077226382,7.155487966068906,,
827,,AK,K222,,HNZ,61.0876,-149.8366,2026-09-09T23:44:00.000000Z,2026-09-09T23:45:00.000000Z,100.0,200.0,60.0,,noise,0,Noise,events:arr_summer_2026.csv,AK,2.0-20.0,22.289403929919093,151.38841391457277,21.946390321677114,136.4803265235324,0.9694586471727704,4.947727227892662,4.78936888965721,,
828,,AK,K222,,HNZ,61.0876,-149.8366,2026-09-09T23:45:00.000000Z,2026-09-09T23:46:00.000000Z,100.0,200.0,60.0,,noise,0,Noise,events:arr_summer_2026.csv,AK,2.0-20.0,14.838386288173366,102.79762353454727,14.261270459479185,87.57748776833512,0.9237258272017198,3.247443613257432,3.1145592562147346,,
829,,AK,K222,,HNZ,61.0876,-149.8366,2026-09-09T23:46:00.000000Z,2026-09-09T23:47:00.000000Z,100.0,200.0,60.0,,noise,0,Noise,events:arr_summer_2026.csv,AK,2.0-20.0,15.927263606863542,114.6735298084504,15.33594217612965,107.90046433265823,0.9271256335183958,3.2037568595590837,3.6412465718094484,,
830,,AK,K222,,HNZ,61.0876,-149.8366,2026-09-09T23:47:00.000000Z,2026-09-09T23:48:00.000000Z,100.0,200.0,60.0,,noise,0,Noise,events:arr_summer_2026.csv,AK,2.0-20.0,18.665834343998103,136.42148757849108,18.106543008801772,121.19409409717417,0.9409710599675245,4.194885427834143,4.184855329626221,,
831,,AK,K222,,HNZ,61.0876,-149.8366,2026-09-09T23:48:00.000000Z,2026-09-09T23:49:00.000000Z,100.0,200.0,60.0,,noise,0,Noise,events:arr_summer_2026.csv,AK,2.0-20.0,13.779429736300527,104.34732081548088,13.089146381113554,94.9752235521857,0.9023191198722895,4.207327267299826,2.809034994728564,,
832,,AK,K222,,HNZ,61.0876,-149.8366,2026-09-09T23:49:00.000000Z,2026-09-09T23:50:00.000000Z,100.0,200.0,60.0,,noise,0,Noise,events:arr_summer_2026.csv,AK,2.0-20.0,19.572259715252915,112.47647968704545,19.089849996605718,97.01461605542266,0.9513122553400978,4.284149705678865,2.404073211731996,,
833,,AK,K222,,HNZ,61.0876,-149.8366,2026-09-09T23:50:00.000000Z,2026-09-09T23:51:00.000000Z,100.0,200.0,60.0,,noise,0,Noise,events:arr_summer_2026.csv,AK,2.0-20.0,21.13685612062531,139.90035468598194,20.60144025850112,143.68979803388885,0.9499798292789208,3.640645323916918,2.785033345048017,,
834,,AK,K222,,HNZ,61.0876,-149.8366,2026-09-09T23:51:00.000000Z,2026-09-09T23:52:00.000000Z,100.0,200.0,60.0,,noise,0,Noise,events:arr_summer_2026.csv,AK,2.0-20.0,15.723468291412248,91.99356026070514,15.297396096945633,93.25473065961728,0.9465385923328694,4.002654246401757,2.9624794277997664,,
835,,AK,K222,,HNZ,61.0876,-149.8366,2026-09-09T23:52:00.000000Z,2026-09-09T23:53:00.000000Z,100.0,200.0,60.0,,noise,0,Noise,events:arr_summer_2026.csv,AK,2.0-20.0,32.1706436822639,203.89985681295326,31.743983741873837,217.85799467549134,0.9736510915225443,3.914323937300867,3.1138540448257253,,
836,,AK,K222,,HNZ,61.0876,-149.8366,2026-09-09T23:53:00.000000Z,2026-09-09T23:54:00.000000Z,100.0,200.0,60.0,,noise,0,Noise,events:arr_summer_2026.csv,AK,2.0-20.0,25.70916908715173,126.63812766470335,25.278594785151427,130.00729809571922,0.9667847144096242,4.239150373958919,1.974790690416059,,
837,,AK,K222,,HNZ,61.0876,-149.8366,2026-09-09T23:54:00.000000Z,2026-09-09T23:55:00.000000Z,100.0,200.0,60.0,,noise,0,Noise,events:arr_summer_2026.csv,AK,2.0-20.0,17.62118648747446,81.8030739889103,17.1191271044539,83.47562491718041,0.94382817584655,3.39064089350078,1.2501704844741486,,
838,,AK,K222,,HNZ,61.0876,-149.8366,2026-09-09T23:55:00.000000Z,2026-09-09T23:56:00.000000Z,100.0,200.0,60.0,,noise,0,Noise,events:arr_summer_2026.csv,AK,2.0-20.0,18.08884480587412,115.88210955447248,17.5053175035658,126.61633830340801,0.9365227225044283,4.078501089290876,3.373703101395133,,
839,,AK,K222,,HNZ,61.0876,-149.8366,2026-09-09T23:56:00.000000Z,2026-09-09T23:57:00.000000Z,100.0,200.0,60.0,,noise,0,Noise,events:arr_summer_2026.csv,AK,2.0-20.0,12.66462698160759,73.92497035634578,11.849255191064461,62.251297997886844,0.8753813704950812,3.5937486118775204,1.8689513662638557,,
840,,AK,K222,,HNZ,61.0876,-149.8366,2026-09-09T23:57:00.000000Z,2026-09-09T23:58:00.000000Z,100.0,200.0,60.0,,noise,0,Noise,events:arr_summer_2026.csv,AK,2.0-20.0,13.383703683740256,99.14317211046982,12.696457177517766,114.58688864417088,0.8999377691777349,4.334921830645117,4.9231811620141945,,
841,,AK,K222,,HNZ,61.0876,-149.8366,2026-09-09T23:58:00.000000Z,2026-09-09T23:59:00.000000Z,100.0,200.0,60.0,,noise,0,Noise,events:arr_summer_2026.csv,AK,2.0-20.0,20.84179505612041,240.10518153543808,20.259744692896323,234.65842298120515,0.9449257724921732,4.297947817193448,9.555625216780735,,
842,,AK,K222,,HNZ,61.0876,-149.8366,2026-09-09T23:59:00.000000Z,2026-09-10T00:00:00.000000Z,100.0,200.0,60.0,,noise,0,Noise,events:arr_summer_2026.csv,AK,2.0-20.0,15.83161933744904,87.33448711975268,15.260270496655385,91.88234666669723,0.9291242295484939,5.151284738692795,1.924835898712156,,
843,,AK,K222,,HNZ,61.0876,-149.8366,2026-09-10T00:00:00.000000Z,2026-09-10T00:01:00.000000Z,100.0,200.0,60.0,,noise,0,Noise,events:arr_summer_2026.csv,AK,2.0-20.0,22.22776253697986,146.98121270694455,21.716856914834008,133.11898051986452,0.9545582662497688,5.985130358843912,3.4088156402933576,,
844,,AK,K222,,HNZ,61.0876,-149.8366,2026-09-10T00:01:00.000000Z,2026-09-10T00:02:00.000000Z,100.0,200.0,60.0,,noise,0,Noise,events:arr_summer_2026.csv,AK,2.0-20.0,15.36309459785193,76.08332567637427,14.692468087018339,76.29525950711391,0.9146019072737608,3.618807958400426,1.5162404079665759,,
845,,AK,K222,,HNZ,61.0876,-149.8366,2026-09-10T00:02:00.000000Z,2026-09-10T00:03:00.000000Z,100.0,200.0,60.0,,noise,0,Noise,events:arr_summer_2026.csv,AK,2.0-20.0,17.935111892147702,125.84890041663702,17.277226623144493,129.3400974905352,0.927982697644157,3.68229192638762,5.107637923216739,,
846,,AK,K222,,HNZ,61.0876,-149.8366,2026-09-10T00:03:00.000000Z,2026-09-10T00:04:00.000000Z,100.0,200.0,60.0,,noise,0,Noise,events:arr_summer_2026.csv,AK,2.0-20.0,17.558060946178546,104.36052361069927,16.98168655379383,115.17755846399223,0.9354240607882531,4.257957189242392,3.8438066026664437,,
847,,AK,K222,,HNZ,61.0876,-149.8366,2026-09-10T00:04:00.000000Z,2026-09-10T00:05:00.000000Z,100.0,200.0,60.0,,noise,0,Noise,events:arr_summer_2026.csv,AK,2.0-20.0,18.797247951390197,122.69395212118843,18.14347270246347,108.98096141228027,0.9316489330902662,3.871028142485305,1.51157300669926,,
848,,AK,K222,,HNZ,61.0876,-149.8366,2026-09-10T00:05:00.000000Z,2026-09-10T00:06:00.000000Z,100.0,200.0,60.0,,noise,0,Noise,events:arr_summer_2026.csv,AK,2.0-20.0,18.406454648098318,173.7183467007752,17.805587408099548,177.80447614430477,0.9357769018507958,5.506266695968197,7.189550502480689,,
849,,AK,K222,,HNZ,61.0876,-149.8366,2026-09-10T00:06:00.000000Z,2026-09-10T00:07:00.000000Z,100.0,200.0,60.0,,noise,0,Noise,events:arr_summer_2026.csv,AK,2.0-20.0,17.191969240502612,123.37238204195167,16.662627458525403,120.5497600247148,0.9393679058166938,2.9804409207654663,2.187339677585885,,
850,,AK,K222,,HNZ,61.0876,-149.8366,2026-09-10T00:07:00.000000Z,2026-09-10T00:08:00.000000Z,100.0,200.0,60.0,,noise,0,Noise,events:arr_summer_2026.csv,AK,2.0-20.0,28.928736243037388,139.39345769111293,28.58268407468571,139.70543476573508,0.9762186368726558,4.915741381632874,1.46519545096137,,
851,,AK,K222,,HNZ,61.0876,-149.8366,2026-09-10T00:08:00.000000Z,2026-09-10T00:09:00.000000Z,100.0,200.0,60.0,,noise,0,Noise,events:arr_summer_2026.csv,AK,2.0-20.0,17.486060191013713,177.17826061764976,17.043419045478476,148.88940779514581,0.9500129080864408,4.6126095530493805,6.949386438309757,,
852,,AK,K222,,HNZ,61.0876,-149.8366,2026-09-10T00:09:00.000000Z,2026-09-10T00:10:00.000000Z,100.0,200.0,60.0,,noise,0,Noise,events:arr_summer_2026.csv,AK,2.0-20.0,16.922146167211448,184.98894711714908,16.49192081403909,175.21411511437032,0.9497987588429536,6.264685056066992,9.479566998614624,,
853,,AK,K222,,HNZ,61.0876,-149.8366,2026-09-10T00:10:00.000000Z,2026-09-10T00:11:00.000000Z,100.0,200.0,60.0,,noise,0,Noise,events:arr_summer_2026.csv,AK,2.0-20.0,25.56537530904559,204.12474634565996,25.20131320894373,210.6140855748264,0.9717219173081952,6.204955324786025,7.3450727496395025,,
854,,AK,K222,,HNZ,61.0876,-149.8366,2026-09-10T00:11:00.000000Z,2026-09-10T00:12:00.000000Z,100.0,200.0,60.0,,noise,0,Noise,events:arr_summer_2026.csv,AK,2.0-20.0,19.54418068437431,193.83412000691777,19.01521815793904,191.73652239166182,0.9466025862871695,5.567741156881554,6.372615145097864,,
855,,AK,K222,,HNZ,61.0876,-149.8366,2026-09-10T00:12:00.000000Z,2026-09-10T00:13:00.000000Z,100.0,200.0,60.0,,noise,0,Noise,events:arr_summer_2026.csv,AK,2.0-20.0,24.573559888670115,163.91354024703008,24.109178164611205,150.26655828515527,0.962561885851921,4.527842967376252,3.2969989090496217,,
856,,AK,K222,,HNZ,61.0876,-149.8366,2026-09-10T00:13:00.000000Z,2026-09-10T00:14:00.000000Z,100.0,200.0,60.0,,noise,0,Noise,events:arr_summer_2026.csv,AK,2.0-20.0,31.657855937911464,212.0328307731278,29.792249323587125,226.5207826462224,0.8856122000827458,4.106013970053721,3.1612371739299014,,
857,,AK,K222,,HNZ,61.0876,-149.8366,2026-09-10T00:14:00.000000Z,2026-09-10T00:15:00.000000Z,100.0,200.0,60.0,,noise,0,Noise,events:arr_summer_2026.csv,AK,2.0-20.0,248.9490168085572,2907.1122987717104,224.5602031079989,2515.4807876775258,0.8136633492331654,4.24417557175846,8.892481253538609,,
858,,AK,K222,,HNZ,61.0876,-149.8366,2026-09-10T00:15:00.000000Z,2026-09-10T00:16:00.000000Z,100.0,200.0,60.0,,noise,0,Noise,events:arr_summer_2026.csv,AK,2.0-20.0,21.208732326854616,120.30511549100584,20.65644808141887,125.27373835599853,0.948597268251848,3.5668741147122303,3.5618810175629445,,
859,,AK,K222,,HNZ,61.0876,-149.8366,2026-09-10T00:16:00.000000Z,2026-09-10T00:17:00.000000Z,100.0,200.0,60.0,,noise,0,Noise,events:arr_summer_2026.csv,AK,2.0-20.0,22.782074587755357,154.43922920118365,22.394045469901762,152.2929236707928,0.9662256727914054,4.896278083261695,5.110940944462628,,
860,,AK,K222,,HNZ,61.0876,-149.8366,2026-09-10T00:17:00.000000Z,2026-09-10T00:18:00.000000Z,100.0,200.0,60.0,,noise,0,Noise,events:arr_summer_2026.csv,AK,2.0-20.0,17.54831882509001,98.70601690357657,16.95823631756415,102.4020555811542,0.9338784062378521,3.4862955559438467,2.00406627972305,,
861,,AK,K222,,HNZ,61.0876,-149.8366,2026-09-10T00:18:00.000000Z,2026-09-10T00:19:00.000000Z,100.0,200.0,60.0,,noise,0,Noise,events:arr_summer_2026.csv,AK,2.0-20.0,27.857031381689556,278.5996823906347,27.22492057091366,279.00141005155007,0.9551323965147608,4.520691057635767,8.152298336592144,,
862,,AK,K222,,HNZ,61.0876,-149.8366,2026-09-10T00:19:00.000000Z,2026-09-10T00:20:00.000000Z,100.0,200.0,60.0,,noise,0,Noise,events:arr_summer_2026.csv,AK,2.0-20.0,25.98069839973761,217.2922907926334,25.311609507911786,216.31886200867484,0.9491566195816904,4.952548307299,6.650921855776527,,
863,,AK,K222,,HNZ,61.0876,-149.8366,2026-09-10T00:20:00.000000Z,2026-09-10T00:21:00.000000Z,100.0,200.0,60.0,,noise,0,Noise,events:arr_summer_2026.csv,AK,2.0-20.0,29.347752686976254,265.1283914983096,28.63976249938846,223.77850802385427,0.9523336347369613,4.180632805102923,9.169763242327784,,
864,,AK,K222,,HNZ,61.0876,-149.8366,2026-09-10T00:21:00.000000Z,2026-09-10T00:22:00.000000Z,100.0,200.0,60.0,,noise,0,Noise,events:arr_summer_2026.csv,AK,2.0-20.0,30.75844115768836,238.82691546486032,29.846711299618264,212.1237189155715,0.9415953961427768,4.465460081220075,3.657998319662095,,
865,,AK,K222,,HNZ,61.0876,-149.8366,2026-09-10T00:22:00.000000Z,2026-09-10T00:23:00.000000Z,100.0,200.0,60.0,,noise,0,Noise,events:arr_summer_2026.csv,AK,2.0-20.0,36.62587175124148,298.8904933584639,35.699314596318914,335.3704558517085,0.9500442096144858,5.610854568097338,11.050884162213567,,
866,,AK,K222,,HNZ,61.0876,-149.8366,2026-09-10T00:23:00.000000Z,2026-09-10T00:24:00.000000Z,100.0,200.0,60.0,,noise,0,Noise,events:arr_summer_2026.csv,AK,2.0-20.0,26.04928007420916,283.9035129476767,24.95264749280903,267.3714276707442,0.9175755069714799,4.548422843105964,12.788858453977351,,
867,,AK,K222,,HNZ,61.0876,-149.8366,2026-09-10T00:24:00.000000Z,2026-09-10T00:25:00.000000Z,100.0,200.0,60.0,,noise,0,Noise,events:arr_summer_2026.csv,AK,2.0-20.0,28.33024586347917,333.7129051978984,27.05298614448959,325.9709608633251,0.9118632919711441,5.475453647586771,14.615779807729748,,
868,,AK,K222,,HNZ,61.0876,-149.8366,2026-09-10T00:27:00.000000Z,2026-09-10T00:28:00.000000Z,100.0,200.0,60.0,,noise,0,Noise,events:arr_summer_2026.csv,AK,2.0-20.0,22.048644891740523,165.09599979860786,20.890607484600498,156.99236267496522,0.8977146911076944,4.333430524441669,4.89641038035309,,
869,,AK,K222,,HNZ,61.0876,-149.8366,2026-09-10T00:28:00.000000Z,2026-09-10T00:29:00.000000Z,100.0,200.0,60.0,,noise,0,Noise,events:arr_summer_2026.csv,AK,2.0-20.0,18.386640869556917,122.65591394676068,17.63868467298592,116.94669544128823,0.9202961515366063,5.633231352222197,2.7992269446579208,,
870,,AK,K222,,HNZ,61.0876,-149.8366,2026-09-10T00:29:00.000000Z,2026-09-10T00:30:00.000000Z,100.0,200.0,60.0,,noise,0,Noise,events:arr_summer_2026.csv,AK,2.0-20.0,26.660274950069415,174.6696464828785,26.061314842758776,172.9617974107067,0.9555719606761013,4.781937398892585,3.6050518361646953,,
871,,AK,K222,,HNZ,61.0876,-149.8366,2026-09-10T00:30:00.000000Z,2026-09-10T00:31:00.000000Z,100.0,200.0,60.0,,noise,0,Noise,events:arr_summer_2026.csv,AK,2.0-20.0,19.932183048219706,210.57135087586335,19.238564771793612,188.65674245377448,0.9316131409966263,5.3706927415725,9.158806340566512,,
872,,AK,K222,,HNZ,61.0876,-149.8366,2026-09-10T00:31:00.000000Z,2026-09-10T00:32:00.000000Z,100.0,200.0,60.0,,noise,0,Noise,events:arr_summer_2026.csv,AK,2.0-20.0,23.229392360336924,217.53773394746335,22.600729193775575,228.1089894316028,0.9466058932171421,7.17038083141421,7.973513861143498,,
873,,AK,K222,,HNZ,61.0876,-149.8366,2026-09-10T00:32:00.000000Z,2026-09-10T00:33:00.000000Z,100.0,200.0,60.0,,noise,0,Noise,events:arr_summer_2026.csv,AK,2.0-20.0,17.511204030343965,112.25381321913642,16.946414755266403,114.20710737919251,0.936534210527811,4.025998443273699,2.520583967123362,,
874,,AK,K222,,HNZ,61.0876,-149.8366,2026-09-10T00:33:00.000000Z,2026-09-10T00:34:00.000000Z,100.0,200.0,60.0,,noise,0,Noise,events:arr_summer_2026.csv,AK,2.0-20.0,17.742825593074578,151.8965350103609,17.0529080744209,143.37287344143343,0.9237433708624359,5.441733170222549,3.647245323647705,,
875,,AK,K222,,HNZ,61.0876,-149.8366,2026-09-10T00:34:00.000000Z,2026-09-10T00:35:00.000000Z,100.0,200.0,60.0,,noise,0,Noise,events:arr_summer_2026.csv,AK,2.0-20.0,16.749511115204893,107.02005741174777,16.2962970697672,114.40411592762142,0.9466154646032663,3.4538093053509695,3.763585451208658,,
876,,AK,K222,,HNZ,61.0876,-149.8366,2026-09-10T00:35:00.000000Z,2026-09-10T00:36:00.000000Z,100.0,200.0,60.0,,noise,0,Noise,events:arr_summer_2026.csv,AK,2.0-20.0,26.69542751733858,353.08155642567334,26.189118899467704,327.50187216204597,0.9624274784025028,6.382847780502963,25.087639349209343,,
877,,AK,K222,,HNZ,61.0876,-149.8366,2026-09-10T00:36:00.000000Z,2026-09-10T00:37:00.000000Z,100.0,200.0,60.0,,noise,0,Noise,events:arr_summer_2026.csv,AK,2.0-20.0,23.756368815497037,205.31598430482828,23.38380636740415,197.04024919912,0.9688806761150002,5.312841558207193,3.7765385092063513,,
878,,AK,K222,,HNZ,61.0876,-149.8366,2026-09-10T00:37:00.000000Z,2026-09-10T00:38:00.000000Z,100.0,200.0,60.0,,noise,0,Noise,events:arr_summer_2026.csv,AK,2.0-20.0,13.254187462574826,102.01086438859842,12.90457293940333,86.7805639232769,0.9479404502652315,4.520598821232738,3.7504966356853515,,
879,,AK,K222,,HNZ,61.0876,-149.8366,2026-09-10T00:38:00.000000Z,2026-09-10T00:39:00.000000Z,100.0,200.0,60.0,,noise,0,Noise,events:arr_summer_2026.csv,AK,2.0-20.0,19.41198391735045,126.50111871827983,19.042033543046323,123.94671137335635,0.9622475323094433,4.531704309437008,2.871325465630253,,
880,,AK,K222,,HNZ,61.0876,-149.8366,2026-09-10T00:39:00.000000Z,2026-09-10T00:40:00.000000Z,100.0,200.0,60.0,,noise,0,Noise,events:arr_summer_2026.csv,AK,2.0-20.0,17.42629969627046,145.42768615223113,16.96337931220221,127.58320685815342,0.9475767345771166,4.523132747408557,3.52786209664324,,
881,,AK,K222,,HNZ,61.0876,-149.8366,2026-09-10T00:40:00.000000Z,2026-09-10T00:41:00.000000Z,100.0,200.0,60.0,,noise,0,Noise,events:arr_summer_2026.csv,AK,2.0-20.0,20.816664993077623,145.75304004779696,20.460104582458957,146.90293269569776,0.96603618113622,3.8174400445037344,3.5600928982960767,,
882,,AK,K222,,HNZ,61.0876,-149.8366,2026-09-10T00:41:00.000000Z,2026-09-10T00:42:00.000000Z,100.0,200.0,60.0,,noise,0,Noise,events:arr_summer_2026.csv,AK,2.0-20.0,23.57941061505979,186.3774317055522,23.201790040349703,182.7490071842805,0.9682267878878595,4.821948484518231,6.6420814052449195,,
883,,AK,K222,,HNZ,61.0876,-149.8366,2026-09-10T00:42:00.000000Z,2026-09-10T00:43:00.000000Z,100.0,200.0,60.0,,noise,0,Noise,events:arr_summer_2026.csv,AK,2.0-20.0,22.28160813176601,174.06094444247532,21.910070425370954,187.6758276039136,0.9669287713707061,4.6965890396091465,4.1337493900312,,
884,,AK,K222,,HNZ,61.0876,-149.8366,2026-09-10T00:43:00.000000Z,2026-09-10T00:44:00.000000Z,100.0,200.0,60.0,,noise,0,Noise,events:arr_summer_2026.csv,AK,2.0-20.0,15.85890470242044,104.8092635601191,15.55976028637447,94.21452967118944,0.9626300730240885,4.060748010982771,2.9848925511556796,,
885,,AK,K222,,HNZ,61.0876,-149.8366,2026-09-10T00:44:00.000000Z,2026-09-10T00:45:00.000000Z,100.0,200.0,60.0,,noise,0,Noise,events:arr_summer_2026.csv,AK,2.0-20.0,15.615688639149315,97.26598413665964,15.300249456796626,96.12697101125514,0.960007754908442,2.8766596046037476,1.3571704225792223,,
886,,AK,K222,,HNZ,61.0876,-149.8366,2026-09-10T00:45:00.000000Z,2026-09-10T00:46:00.000000Z,100.0,200.0,60.0,,noise,0,Noise,events:arr_summer_2026.csv,AK,2.0-20.0,17.41477522414514,125.25526135152374,17.125736072947653,102.2620123545147,0.9670807684546502,4.8160364062053675,1.8767720034383784,,
887,,AK,K222,,HNZ,61.0876,-149.8366,2026-09-10T00:46:00.000000Z,2026-09-10T00:47:00.000000Z,100.0,200.0,60.0,,noise,0,Noise,events:arr_summer_2026.csv,AK,2.0-20.0,12.145385365547973,81.19833666031907,11.871896588425837,85.00395058749112,0.9554712229839671,5.089581049139991,4.6856272709377125,,
888,,AK,K222,,HNZ,61.0876,-149.8366,2026-09-10T00:47:00.000000Z,2026-09-10T00:48:00.000000Z,100.0,200.0,60.0,,noise,0,Noise,events:arr_summer_2026.csv,AK,2.0-20.0,15.725083343789187,136.96338020652504,15.447044231745977,143.82875083283574,0.9649501288290765,4.62154534455448,6.896038821277285,,
889,,AK,K222,,HNZ,61.0876,-149.8366,2026-09-10T00:48:00.000000Z,2026-09-10T00:49:00.000000Z,100.0,200.0,60.0,,noise,0,Noise,events:arr_summer_2026.csv,AK,2.0-20.0,19.523135172077453,131.01528531347424,19.18173250047519,126.11214535079053,0.9653316334378937,3.9219297585439734,3.3019508319660877,,
890,,AK,K222,,HNZ,61.0876,-149.8366,2026-09-10T00:49:00.000000Z,2026-09-10T00:50:00.000000Z,100.0,200.0,60.0,,noise,0,Noise,events:arr_summer_2026.csv,AK,2.0-20.0,23.22051978215667,151.8727550132755,22.778333544628644,128.03810043692312,0.962276815026686,4.4492556891405854,2.1791779734896135,,
891,,AK,K222,,HNZ,61.0876,-149.8366,2026-09-10T00:50:00.000000Z,2026-09-10T00:51:00.000000Z,100.0,200.0,60.0,,noise,0,Noise,events:arr_summer_2026.csv,AK,2.0-20.0,19.26607423198425,123.49625958530476,18.843210619794576,125.16218674617846,0.9565845151209521,5.492142481865133,3.350599642906001,,
892,,AK,K222,,HNZ,61.0876,-149.8366,2026-09-10T00:51:00.000000Z,2026-09-10T00:52:00.000000Z,100.0,200.0,60.0,,noise,0,Noise,events:arr_summer_2026.csv,AK,2.0-20.0,18.535481382816528,91.13771204061308,17.89344437130591,76.23913797398299,0.9319232694577011,3.2813188930261683,0.8023339056004795,,
893,,AK,K222,,HNZ,61.0876,-149.8366,2026-09-10T00:52:00.000000Z,2026-09-10T00:53:00.000000Z,100.0,200.0,60.0,,noise,0,Noise,events:arr_summer_2026.csv,AK,2.0-20.0,16.657854856969287,175.73136838820804,16.22132559008121,139.10369095610284,0.9482755117658933,5.174685404502498,6.763254425180046,,
894,,AK,K222,,HNZ,61.0876,-149.8366,2026-09-10T00:53:00.000000Z,2026-09-10T00:54:00.000000Z,100.0,200.0,60.0,,noise,0,Noise,events:arr_summer_2026.csv,AK,2.0-20.0,18.70020550487802,169.96500720397614,18.302078907872957,153.95136751398923,0.9578733455564374,4.216500340591615,6.231581110937498,,
895,,AK,K222,,HNZ,61.0876,-149.8366,2026-09-10T00:54:00.000000Z,2026-09-10T00:55:00.000000Z,100.0,200.0,60.0,,noise,0,Noise,events:arr_summer_2026.csv,AK,2.0-20.0,15.053523753646202,117.2206753670103,14.578922867887261,119.94753144966174,0.9379388654434685,5.158647909515458,6.037311848388088,,
896,,AK,K222,,HNZ,61.0876,-149.8366,2026-09-10T00:55:00.000000Z,2026-09-10T00:56:00.000000Z,100.0,200.0,60.0,,noise,0,Noise,events:arr_summer_2026.csv,AK,2.0-20.0,18.52757786861471,154.86346359528994,18.19470102464922,154.75873050774072,0.9643896767975572,4.519817787095053,4.88659068012291,,
897,,AK,K222,,HNZ,61.0876,-149.8366,2026-09-10T00:56:00.000000Z,2026-09-10T00:57:00.000000Z,100.0,200.0,60.0,,noise,0,Noise,events:arr_summer_2026.csv,AK,2.0-20.0,15.761982248928096,112.16450136896418,15.555734048251852,118.2457858142577,0.9740008837511936,6.023505207947089,3.9047865176616563,,
898,,AK,K222,,HNZ,61.0876,-149.8366,2026-09-10T00:57:00.000000Z,2026-09-10T00:58:00.000000Z,100.0,200.0,60.0,,noise,0,Noise,events:arr_summer_2026.csv,AK,2.0-20.0,19.73242015090844,126.67068954468165,19.37922081598311,132.40541501025484,0.9645215035438756,4.73362362220632,5.546385754529345,,
899,,AK,K222,,HNZ,61.0876,-149.8366,2026-09-10T00:58:00.000000Z,2026-09-10T00:59:00.000000Z,100.0,200.0,60.0,,noise,0,Noise,events:arr_summer_2026.csv,AK,2.0-20.0,24.08374253565214,191.48227420372748,23.10430170269156,185.39797853502466,0.9203176319671962,4.506335455799915,5.637297353241692,,
900,,AK,K222,,HNZ,61.0876,-149.8366,2026-09-10T00:59:00.000000Z,2026-09-10T01:00:00.000000Z,100.0,200.0,60.0,,noise,0,Noise,events:arr_summer_2026.csv,AK,2.0-20.0,253.0884106777904,2157.496190427209,242.0347556774734,2085.1827222498678,0.9145573645769361,4.633896992793637,8.842543087280257,,
901,,AK,K222,,HNZ,61.0876,-149.8366,2026-09-10T01:00:00.000000Z,2026-09-10T01:01:00.000000Z,100.0,200.0,60.0,,noise,0,Noise,events:arr_summer_2026.csv,AK,2.0-20.0,22.653060781644037,164.3265278579633,22.353252092143325,170.14653402214736,0.9737055633576533,5.005207414670422,5.601208187812372,,
902,,AK,K222,,HNZ,61.0876,-149.8366,2026-09-10T01:01:00.000000Z,2026-09-10T01:02:00.000000Z,100.0,200.0,60.0,,noise,0,Noise,events:arr_summer_2026.csv,AK,2.0-20.0,17.90132452518879,125.50315246318243,17.58699674283226,144.17256277083396,0.9651904913538207,4.221517990141569,3.4471518667918932,,
903,,AK,K222,,HNZ,61.0876,-149.8366,2026-09-10T01:02:00.000000Z,2026-09-10T01:03:00.000000Z,100.0,200.0,60.0,,noise,0,Noise,events:arr_summer_2026.csv,AK,2.0-20.0,20.01375016867784,123.14904994123756,19.751888427907325,141.5058873763121,0.9740030102230134,4.076295250317694,3.3076222686767487,,
904,,AK,K222,,HNZ,61.0876,-149.8366,2026-09-10T01:03:00.000000Z,2026-09-10T01:04:00.000000Z,100.0,200.0,60.0,,noise,0,Noise,events:arr_summer_2026.csv,AK,2.0-20.0,18.020720333269754,130.54438996237027,17.713239889214833,125.63448231587108,0.9661659212683594,5.811938939277287,3.7837458184023802,,
905,,AK,K222,,HNZ,61.0876,-149.8366,2026-09-10T01:04:00.000000Z,2026-09-10T01:05:00.000000Z,100.0,200.0,60.0,,noise,0,Noise,events:arr_summer_2026.csv,AK,2.0-20.0,17.90102584502553,91.0539959842371,17.617031079821935,103.32214846422823,0.9685222490702489,3.487973827943173,2.0473857843144687,,
906,,AK,K222,,HNZ,61.0876,-149.8366,2026-09-10T01:05:00.000000Z,2026-09-10T01:06:00.000000Z,100.0,200.0,60.0,,noise,0,Noise,events:arr_summer_2026.csv,AK,2.0-20.0,16.268480278843793,91.24950778206491,15.921710948199951,99.12397959899442,0.9578235262915797,3.5353004147787996,2.032523062942645,,
907,,AK,K222,,HNZ,61.0876,-149.8366,2026-09-10T01:06:00.000000Z,2026-09-10T01:07:00.000000Z,100.0,200.0,60.0,,noise,0,Noise,events:arr_summer_2026.csv,AK,2.0-20.0,18.85738368815079,91.01342953559713,18.515010103762023,86.95243819198335,0.9640177521602558,2.7134180002682813,0.7629637431693101,,
908,,AK,K222,,HNZ,61.0876,-149.8366,2026-09-10T01:07:00.000000Z,2026-09-10T01:08:00.000000Z,100.0,200.0,60.0,,noise,0,Noise,events:arr_summer_2026.csv,AK,2.0-20.0,16.59963640974963,104.26761768912216,16.26777183438782,115.20311659985842,0.9604151316894057,4.544910036014001,2.9708596993207497,,
909,,AK,K222,,HNZ,61.0876,-149.8366,2026-09-10T01:08:00.000000Z,2026-09-10T01:09:00.000000Z,100.0,200.0,60.0,,noise,0,Noise,events:arr_summer_2026.csv,AK,2.0-20.0,22.67058951789041,149.62468760510728,22.382391765431684,151.04432149680386,0.9747367920253325,4.692101388005598,3.113794215864128,,
910,,AK,K222,,HNZ,61.0876,-149.8366,2026-09-10T01:09:00.000000Z,2026-09-10T01:10:00.000000Z,100.0,200.0,60.0,,noise,0,Noise,events:arr_summer_2026.csv,AK,2.0-20.0,23.926659243344748,191.13750058369936,23.684649525736628,182.29222769051458,0.9798730116311303,4.793483317638976,5.6430549018959795,,
911,,AK,K222,,HNZ,61.0876,-149.8366,2026-09-10T01:10:00.000000Z,2026-09-10T01:11:00.000000Z,100.0,200.0,60.0,,noise,0,Noise,events:arr_summer_2026.csv,AK,2.0-20.0,17.004101289722467,77.25573695609063,16.625984410922175,84.86131555309578,0.9560208661612706,3.9957011530155215,1.1521076172820672,,
912,,AK,K222,,HNZ,61.0876,-149.8366,2026-09-10T01:11:00.000000Z,2026-09-10T01:12:00.000000Z,100.0,200.0,60.0,,noise,0,Noise,events:arr_summer_2026.csv,AK,2.0-20.0,21.15625067806754,104.04011833844712,20.823685974015433,97.57275872893304,0.9688081937266808,3.654109974772784,1.020766638976645,,
913,,AK,K222,,HNZ,61.0876,-149.8366,2026-09-10T01:12:00.000000Z,2026-09-10T01:13:00.000000Z,100.0,200.0,60.0,,noise,0,Noise,events:arr_summer_2026.csv,AK,2.0-20.0,16.29383379891822,90.96314420572955,15.663535340095743,94.46679785742108,0.9241298923531761,3.274131681434965,1.9117357814346558,,
914,,AK,K222,,HNZ,61.0876,-149.8366,2026-09-10T01:13:00.000000Z,2026-09-10T01:14:00.000000Z,100.0,200.0,60.0,,noise,0,Noise,events:arr_summer_2026.csv,AK,2.0-20.0,27.930793223624253,158.69927719570092,27.226942003264163,160.09192262590827,0.9502353728727513,3.920434406783997,2.4363992865138018,,
915,,AK,K222,,HNZ,61.0876,-149.8366,2026-09-10T01:14:00.000000Z,2026-09-10T01:15:00.000000Z,100.0,200.0,60.0,,noise,0,Noise,events:arr_summer_2026.csv,AK,2.0-20.0,17.430962687812602,110.90347668060323,17.063518945300412,105.42119331924837,0.9582844732100463,4.594012113076992,2.6632702233940675,,
916,,AK,K222,,HNZ,61.0876,-149.8366,2026-09-10T01:15:00.000000Z,2026-09-10T01:16:00.000000Z,100.0,200.0,60.0,,noise,0,Noise,events:arr_summer_2026.csv,AK,2.0-20.0,17.69939269592135,96.69554445994986,17.158491753485468,91.18666859717312,0.9398130918320803,3.2147014703527836,1.719675406850703,,
917,,AK,K222,,HNZ,61.0876,-149.8366,2026-09-10T01:16:00.000000Z,2026-09-10T01:17:00.000000Z,100.0,200.0,60.0,,noise,0,Noise,events:arr_summer_2026.csv,AK,2.0-20.0,19.25206494515741,135.1080774489385,18.633153674932778,142.14928762560268,0.9367379075103001,3.880773633553924,3.082029034130392,,
918,,AK,K222,,HNZ,61.0876,-149.8366,2026-09-10T01:17:00.000000Z,2026-09-10T01:18:00.000000Z,100.0,200.0,60.0,,noise,0,Noise,events:arr_summer_2026.csv,AK,2.0-20.0,23.156055201540973,128.65410140958014,22.698714492251085,120.03295287005201,0.9608893327702295,5.408643958903933,2.1339345605854065,,
919,,AK,K222,,HNZ,61.0876,-149.8366,2026-09-10T01:18:00.000000Z,2026-09-10T01:19:00.000000Z,100.0,200.0,60.0,,noise,0,Noise,events:arr_summer_2026.csv,AK,2.0-20.0,28.18944055556264,199.0210993607155,27.608071403859707,186.22378622057442,0.959178035218014,3.8875012033393452,3.0941594294009356,,
920,,AK,K222,,HNZ,61.0876,-149.8366,2026-09-10T01:19:00.000000Z,2026-09-10T01:20:00.000000Z,100.0,200.0,60.0,,noise,0,Noise,events:arr_summer_2026.csv,AK,2.0-20.0,17.8006861857127,174.13608011472522,17.370765087471693,165.553957346561,0.9522794369157102,4.142787230656596,5.448286116944308,,
921,,AK,K222,,HNZ,61.0876,-149.8366,2026-09-10T01:20:00.000000Z,2026-09-10T01:21:00.000000Z,100.0,200.0,60.0,,noise,0,Noise,events:arr_summer_2026.csv,AK,2.0-20.0,23.404807290036985,149.8166010634679,23.01868349669341,142.82263246451714,0.9672769166321736,4.669286727635387,3.598301106978493,,
922,,AK,K222,,HNZ,61.0876,-149.8366,2026-09-10T01:21:00.000000Z,2026-09-10T01:22:00.000000Z,100.0,200.0,60.0,,noise,0,Noise,events:arr_summer_2026.csv,AK,2.0-20.0,21.94678989307534,125.07225872906379,21.19070147866736,121.61214304442453,0.9322849104860131,3.9267985102781733,2.6569231683184453,,
923,,AK,K222,,HNZ,61.0876,-149.8366,2026-09-10T01:22:00.000000Z,2026-09-10T01:23:00.000000Z,100.0,200.0,60.0,,noise,0,Noise,events:arr_summer_2026.csv,AK,2.0-20.0,26.556522574484802,200.4229105770127,26.08660750004927,181.49910327794677,0.964923304815582,5.673258324394059,5.23643001368041,,
924,,AK,K222,,HNZ,61.0876,-149.8366,2026-09-10T01:23:00.000000Z,2026-09-10T01:24:00.000000Z,100.0,200.0,60.0,,noise,0,Noise,events:arr_summer_2026.csv,AK,2.0-20.0,21.265254622101956,123.98031107087552,20.568156711248744,136.18914751374743,0.9355124484968224,4.416499564596894,3.0143114227610637,,
925,,AK,K222,,HNZ,61.0876,-149.8366,2026-09-10T01:27:00.000000Z,2026-09-10T01:28:00.000000Z,100.0,200.0,60.0,,noise,0,Noise,events:arr_summer_2026.csv,AK,2.0-20.0,17.38891621503646,102.47830787378778,17.01777322658715,112.43622913651315,0.9577682461188882,3.388397174623236,2.086025415662295,,
926,,AK,K222,,HNZ,61.0876,-149.8366,2026-09-10T01:28:00.000000Z,2026-09-10T01:29:00.000000Z,100.0,200.0,60.0,,noise,0,Noise,events:arr_summer_2026.csv,AK,2.0-20.0,24.22448924723724,157.50540912503575,23.64016474997386,170.43934414680763,0.9523393720851776,3.2108837820643767,3.171007290868486,,
927,,AK,K222,,HNZ,61.0876,-149.8366,2026-09-10T01:29:00.000000Z,2026-09-10T01:30:00.000000Z,100.0,200.0,60.0,,noise,0,Noise,events:arr_summer_2026.csv,AK,2.0-20.0,22.80196159660405,141.8489755841335,22.260078602896307,139.353999618284,0.9530352567616894,3.358163864500487,2.619680888524389,,
928,,AK,K222,,HNZ,61.0876,-149.8366,2026-09-10T01:30:00.000000Z,2026-09-10T01:31:00.000000Z,100.0,200.0,60.0,,noise,0,Noise,events:arr_summer_2026.csv,AK,2.0-20.0,21.21064559491114,146.47154157676,20.798503707087953,138.00496339078427,0.9615157640971823,4.225031752365561,3.7690799899149185,,
929,,AK,K222,,HNZ,61.0876,-149.8366,2026-09-10T01:31:00.000000Z,2026-09-10T01:32:00.000000Z,100.0,200.0,60.0,,noise,0,Noise,events:arr_summer_2026.csv,AK,2.0-20.0,17.323695362299606,134.20870075018152,16.977792962174288,142.31998567896926,0.9604646613085177,5.361190755359532,3.6527690548412624,,
930,,AK,K222,,HNZ,61.0876,-149.8366,2026-09-10T01:32:00.000000Z,2026-09-10T01:33:00.000000Z,100.0,200.0,60.0,,noise,0,Noise,events:arr_summer_2026.csv,AK,2.0-20.0,20.7088485020071,133.71959010496454,20.190042972635666,148.82361640433817,0.950522900599044,3.9435161425237726,2.053603276572992,,
931,,AK,K222,,HNZ,61.0876,-149.8366,2026-09-10T01:33:00.000000Z,2026-09-10T01:34:00.000000Z,100.0,200.0,60.0,,noise,0,Noise,events:arr_summer_2026.csv,AK,2.0-20.0,15.713288859715751,93.79542248792342,15.392368331498934,109.68159811596567,0.9595700977586474,5.2538180678277175,2.8670952095592,,
932,,AK,K222,,HNZ,61.0876,-149.8366,2026-09-10T01:34:00.000000Z,2026-09-10T01:35:00.000000Z,100.0,200.0,60.0,,noise,0,Noise,events:arr_summer_2026.csv,AK,2.0-20.0,31.841168246638592,228.5863904889798,31.136063648240892,262.70798419343475,0.9562015110480538,5.995989415099642,8.658320296236482,,
933,,AK,K222,,HNZ,61.0876,-149.8366,2026-09-10T01:35:00.000000Z,2026-09-10T01:36:00.000000Z,100.0,200.0,60.0,,noise,0,Noise,events:arr_summer_2026.csv,AK,2.0-20.0,19.295710972724567,135.3784314343354,18.834065754370307,128.23057041183856,0.9527228777525844,4.677189472561162,3.626038070423249,,
934,,AK,K222,,HNZ,61.0876,-149.8366,2026-09-10T01:36:00.000000Z,2026-09-10T01:37:00.000000Z,100.0,200.0,60.0,,noise,0,Noise,events:arr_summer_2026.csv,AK,2.0-20.0,18.041699720006605,90.43045088115723,17.615919987390868,105.894433165888,0.9533574341671454,3.16516132202762,1.2813121822106615,,
935,,AK,K222,,HNZ,61.0876,-149.8366,2026-09-10T01:37:00.000000Z,2026-09-10T01:38:00.000000Z,100.0,200.0,60.0,,noise,0,Noise,events:arr_summer_2026.csv,AK,2.0-20.0,21.56796282965373,161.23226484836195,21.20646606243531,149.9974337974204,0.9667592828565541,4.092642958899061,2.544964852641969,,
936,,AK,K222,,HNZ,61.0876,-149.8366,2026-09-10T01:38:00.000000Z,2026-09-10T01:39:00.000000Z,100.0,200.0,60.0,,noise,0,Noise,events:arr_summer_2026.csv,AK,2.0-20.0,17.18549408650243,102.19676727627818,16.798538280278315,102.06416611338946,0.9554741487754593,5.171739708158824,3.0059775786459344,,
937,,AK,K222,,HNZ,61.0876,-149.8366,2026-09-10T01:39:00.000000Z,2026-09-10T01:40:00.000000Z,100.0,200.0,60.0,,noise,0,Noise,events:arr_summer_2026.csv,AK,2.0-20.0,26.68325445237076,162.72656659548338,26.267847156224825,161.98534913832867,0.9691061862129204,5.261398915544363,3.20329547328818,,
938,,AK,K222,,HNZ,61.0876,-149.8366,2026-09-10T01:40:00.000000Z,2026-09-10T01:41:00.000000Z,100.0,200.0,60.0,,noise,0,Noise,events:arr_summer_2026.csv,AK,2.0-20.0,26.36331168044089,198.6425454350945,25.94400015856282,196.71727087778243,0.9684427413528002,4.413537284311196,4.70532519970758,,
939,,AK,K222,,HNZ,61.0876,-149.8366,2026-09-10T01:41:00.000000Z,2026-09-10T01:42:00.000000Z,100.0,200.0,60.0,,noise,0,Noise,events:arr_summer_2026.csv,AK,2.0-20.0,18.666007920362404,134.64591788976017,18.259203552872727,130.04944926208324,0.956887251902462,3.2164401255278916,3.084429736479273,,
940,,AK,K222,,HNZ,61.0876,-149.8366,2026-09-10T01:42:00.000000Z,2026-09-10T01:43:00.000000Z,100.0,200.0,60.0,,noise,0,Noise,events:arr_summer_2026.csv,AK,2.0-20.0,26.5514567615801,181.34351286309868,25.98499026846503,156.45200693374463,0.9577858336664388,4.8729339591101875,2.4641052008465154,,
941,,AK,K222,,HNZ,61.0876,-149.8366,2026-09-10T01:43:00.000000Z,2026-09-10T01:44:00.000000Z,100.0,200.0,60.0,,noise,0,Noise,events:arr_summer_2026.csv,AK,2.0-20.0,24.256500223306972,125.58318564421064,23.716013625554034,131.42731287102947,0.9559322247373152,3.974477255848888,1.2106696816022149,,
942,,AK,K222,,HNZ,61.0876,-149.8366,2026-09-10T01:44:00.000000Z,2026-09-10T01:45:00.000000Z,100.0,200.0,60.0,,noise,0,Noise,events:arr_summer_2026.csv,AK,2.0-20.0,18.937992483340928,97.24219721223018,18.5182475946163,94.59272616565822,0.9561629100326476,3.30774929239193,1.8863451776811058,,
943,,AK,K222,,HNZ,61.0876,-149.8366,2026-09-10T01:45:00.000000Z,2026-09-10T01:46:00.000000Z,100.0,200.0,60.0,,noise,0,Noise,events:arr_summer_2026.csv,AK,2.0-20.0,17.525549600651026,132.61679494040257,17.191247253668983,132.67696332027847,0.962213577073487,3.1963770186818112,2.5338971521422753,,
944,,AK,K222,,HNZ,61.0876,-149.8366,2026-09-10T01:46:00.000000Z,2026-09-10T01:47:00.000000Z,100.0,200.0,60.0,,noise,0,Noise,events:arr_summer_2026.csv,AK,2.0-20.0,15.606423291992158,163.11205123881373,15.322448583670699,166.33001954375675,0.9639390654646565,3.788933275794518,7.2440784383874295,,
945,,AK,K222,,HNZ,61.0876,-149.8366,2026-09-10T01:47:00.000000Z,2026-09-10T01:48:00.000000Z,100.0,200.0,60.0,,noise,0,Noise,events:arr_summer_2026.csv,AK,2.0-20.0,17.543552467864792,100.7691075047821,17.12138412615851,109.09435939151942,0.9524510432613932,3.3361384420374685,1.5521871392415685,,
946,,AK,K222,,HNZ,61.0876,-149.8366,2026-09-10T01:48:00.000000Z,2026-09-10T01:49:00.000000Z,100.0,200.0,60.0,,noise,0,Noise,events:arr_summer_2026.csv,AK,2.0-20.0,20.562883182354756,171.71326999089996,20.140649596125986,194.28938189844263,0.9593540888107713,5.484229074241372,4.919302933345711,,
947,,AK,K222,,HNZ,61.0876,-149.8366,2026-09-10T01:49:00.000000Z,2026-09-10T01:50:00.000000Z,100.0,200.0,60.0,,noise,0,Noise,events:arr_summer_2026.csv,AK,2.0-20.0,17.025792975289562,154.2925054009523,16.601570366227346,176.2846443045376,0.9507878962997476,5.202243564597921,6.103469734998084,,
948,,AK,K222,,HNZ,61.0876,-149.8366,2026-09-10T01:50:00.000000Z,2026-09-10T01:51:00.000000Z,100.0,200.0,60.0,,noise,0,Noise,events:arr_summer_2026.csv,AK,2.0-20.0,18.05093350880211,132.01845160340667,17.654199893421833,135.5645294642501,0.9565259273252683,4.730418140137072,4.1426508513281215,,
949,,AK,K222,,HNZ,61.0876,-149.8366,2026-09-10T01:51:00.000000Z,2026-09-10T01:52:00.000000Z,100.0,200.0,60.0,,noise,0,Noise,events:arr_summer_2026.csv,AK,2.0-20.0,21.2113810713505,125.91905070192271,20.77387061121017,114.713792492835,0.9591730150193096,3.2239928182475595,2.5562606750429175,,
950,,AK,K222,,HNZ,61.0876,-149.8366,2026-09-10T01:52:00.000000Z,2026-09-10T01:53:00.000000Z,100.0,200.0,60.0,,noise,0,Noise,events:arr_summer_2026.csv,AK,2.0-20.0,22.690694702918993,140.5091096490549,21.94399981704516,128.86932487225002,0.9352678311064464,2.967766526164911,2.8251856433381066,,
951,,AK,K222,,HNZ,61.0876,-149.8366,2026-09-10T01:53:00.000000Z,2026-09-10T01:54:00.000000Z,100.0,200.0,60.0,,noise,0,Noise,events:arr_summer_2026.csv,AK,2.0-20.0,22.11447564132688,108.00562440636942,21.753938845799706,111.3582521445395,0.9676593875465973,4.079839138163413,1.8733889681654343,,
952,,AK,K222,,HNZ,61.0876,-149.8366,2026-09-10T01:54:00.000000Z,2026-09-10T01:55:00.000000Z,100.0,200.0,60.0,,noise,0,Noise,events:arr_summer_2026.csv,AK,2.0-20.0,19.06987581128291,113.35497932076494,18.760799411702124,114.92423556568343,0.9678475399107371,3.9109605950428583,2.668323603827993,,
953,,AK,K222,,HNZ,61.0876,-149.8366,2026-09-10T01:55:00.000000Z,2026-09-10T01:56:00.000000Z,100.0,200.0,60.0,,noise,0,Noise,events:arr_summer_2026.csv,AK,2.0-20.0,24.256102053238784,183.03169699877293,23.616554777405206,157.78780801400757,0.9479622917847532,4.036608135097575,3.0692523446759115,,
954,,AK,K222,,HNZ,61.0876,-149.8366,2026-09-10T01:56:00.000000Z,2026-09-10T01:57:00.000000Z,100.0,200.0,60.0,,noise,0,Noise,events:arr_summer_2026.csv,AK,2.0-20.0,17.39293436447598,139.4687665276892,17.023891934107564,141.4828268408538,0.9580142993009407,3.7604383103316312,2.8410865342764824,,
955,,AK,K222,,HNZ,61.0876,-149.8366,2026-09-10T01:57:00.000000Z,2026-09-10T01:58:00.000000Z,100.0,200.0,60.0,,noise,0,Noise,events:arr_summer_2026.csv,AK,2.0-20.0,21.972855393256147,211.95803948246834,21.718103237943723,192.2519717256945,0.9769465225082149,4.960063882714691,7.129039680917032,,
956,,AK,K222,,HNZ,61.0876,-149.8366,2026-09-10T01:58:00.000000Z,2026-09-10T01:59:00.000000Z,100.0,200.0,60.0,,noise,0,Noise,events:arr_summer_2026.csv,AK,2.0-20.0,19.327111406529582,131.25524175790545,18.96437553533963,130.10250946726453,0.9628157662432139,3.957611368864834,3.288136520020746,,
957,,AK,K222,,HNZ,61.0876,-149.8366,2026-09-10T01:59:00.000000Z,2026-09-10T02:00:00.000000Z,100.0,200.0,60.0,,noise,0,Noise,events:arr_summer_2026.csv,AK,2.0-20.0,18.593060606984956,124.44494620131918,18.210555090273,126.19836846405171,0.9592782512107302,5.200805190588547,3.369150732792808,,
958,,AK,K222,,HNZ,61.0876,-149.8366,2026-09-10T02:00:00.000000Z,2026-09-10T02:01:00.000000Z,100.0,200.0,60.0,,noise,0,Noise,events:arr_summer_2026.csv,AK,2.0-20.0,16.844816876719126,132.56601910265633,16.32178901744642,115.19877546904539,0.9388645287103159,4.026641547125235,3.469943091843173,,
959,,AK,K222,,HNZ,61.0876,-149.8366,2026-09-10T02:01:00.000000Z,2026-09-10T02:02:00.000000Z,100.0,200.0,60.0,,noise,0,Noise,events:arr_summer_2026.csv,AK,2.0-20.0,17.752037132133722,103.94787069984517,17.274783138752028,94.69528010774545,0.9469538474815938,3.991589624870979,1.9276314578774656,,
960,,AK,K222,,HNZ,61.0876,-149.8366,2026-09-10T02:02:00.000000Z,2026-09-10T02:03:00.000000Z,100.0,200.0,60.0,,noise,0,Noise,events:arr_summer_2026.csv,AK,2.0-20.0,17.71250990824913,98.21550117333753,17.290627795715803,89.89586825435093,0.9529306852049372,3.5182847606063135,1.4937584240318742,,
961,,AK,K222,,HNZ,61.0876,-149.8366,2026-09-10T02:03:00.000000Z,2026-09-10T02:04:00.000000Z,100.0,200.0,60.0,,noise,0,Noise,events:arr_summer_2026.csv,AK,2.0-20.0,16.381202577299845,93.10938918959349,15.976536019448533,108.1824436995243,0.951204034520948,4.434712329819652,2.65973116572885,,
962,,AK,K222,,HNZ,61.0876,-149.8366,2026-09-10T02:04:00.000000Z,2026-09-10T02:05:00.000000Z,100.0,200.0,60.0,,noise,0,Noise,events:arr_summer_2026.csv,AK,2.0-20.0,19.16442040032497,124.00248775725063,18.760981180739517,100.55243296746926,0.9583402245464282,3.0768454074436975,1.8924278655396058,,
963,,AK,K222,,HNZ,61.0876,-149.8366,2026-09-10T02:05:00.000000Z,2026-09-10T02:06:00.000000Z,100.0,200.0,60.0,,noise,0,Noise,events:arr_summer_2026.csv,AK,2.0-20.0,19.043641693868274,134.38111685510864,18.52923076466391,120.77813639790139,0.9467052312524742,3.9905457648292932,3.4687996535022307,,
964,,AK,K222,,HNZ,61.0876,-149.8366,2026-09-10T02:06:00.000000Z,2026-09-10T02:07:00.000000Z,100.0,200.0,60.0,,noise,0,Noise,events:arr_summer_2026.csv,AK,2.0-20.0,15.320029636809561,161.92708515455203,14.753666558874382,159.03533046322556,0.9274290964105311,4.654101758602407,11.259604533856791,,
965,,AK,K222,,HNZ,61.0876,-149.8366,2026-09-10T02:07:00.000000Z,2026-09-10T02:08:00.000000Z,100.0,200.0,60.0,,noise,0,Noise,events:arr_summer_2026.csv,AK,2.0-20.0,16.062368703941935,130.61540748403866,15.516353976681472,120.73185609485593,0.9331687268311475,3.834460988448681,2.76512760051237,,
966,,AK,K222,,HNZ,61.0876,-149.8366,2026-09-10T02:08:00.000000Z,2026-09-10T02:09:00.000000Z,100.0,200.0,60.0,,noise,0,Noise,events:arr_summer_2026.csv,AK,2.0-20.0,20.224244637445683,155.84157208595275,19.107871320520115,148.933868819543,0.89264750595325,3.876672280022814,3.182148746046985,,
967,,AK,K222,,HNZ,61.0876,-149.8366,2026-09-10T02:09:00.000000Z,2026-09-10T02:10:00.000000Z,100.0,200.0,60.0,,noise,0,Noise,events:arr_summer_2026.csv,AK,2.0-20.0,26.71296083170913,142.69086178168527,26.303737271633956,132.03905278825704,0.9695961031279484,5.020508380355507,4.185190981508863,,
968,,AK,K222,,HNZ,61.0876,-149.8366,2026-09-10T02:10:00.000000Z,2026-09-10T02:11:00.000000Z,100.0,200.0,60.0,,noise,0,Noise,events:arr_summer_2026.csv,AK,2.0-20.0,20.631933739597443,208.35416338518937,20.286505292877766,205.39147149238372,0.9667954737134988,6.137343156371024,15.777483450726582,,
969,,AK,K222,,HNZ,61.0876,-149.8366,2026-09-10T02:11:00.000000Z,2026-09-10T02:12:00.000000Z,100.0,200.0,60.0,,noise,0,Noise,events:arr_summer_2026.csv,AK,2.0-20.0,18.69074883359851,108.79601836887436,18.27672661373082,102.44794004668162,0.956188306601358,5.005591838376149,3.3898824173490096,,
970,,AK,K222,,HNZ,61.0876,-149.8366,2026-09-10T02:12:00.000000Z,2026-09-10T02:13:00.000000Z,100.0,200.0,60.0,,noise,0,Noise,events:arr_summer_2026.csv,AK,2.0-20.0,19.162144266973854,167.13295343574185,18.83800443280756,158.49232688419266,0.9664548691251842,5.755610424567835,6.051198617519043,,
971,,AK,K222,,HNZ,61.0876,-149.8366,2026-09-10T02:13:00.000000Z,2026-09-10T02:14:00.000000Z,100.0,200.0,60.0,,noise,0,Noise,events:arr_summer_2026.csv,AK,2.0-20.0,23.761227982446712,190.55028876012057,23.25916658338018,194.9048574003168,0.9581875766881763,4.266972680125191,4.63634275516256,,
972,,AK,K222,,HNZ,61.0876,-149.8366,2026-09-10T02:14:00.000000Z,2026-09-10T02:15:00.000000Z,100.0,200.0,60.0,,noise,0,Noise,events:arr_summer_2026.csv,AK,2.0-20.0,17.584422055078093,127.26287334812059,16.759305852552764,99.68135202360183,0.9083555114071183,3.209728820773626,2.1209221849391646,,
973,,AK,K222,,HNZ,61.0876,-149.8366,2026-09-10T02:15:00.000000Z,2026-09-10T02:16:00.000000Z,100.0,200.0,60.0,,noise,0,Noise,events:arr_summer_2026.csv,AK,2.0-20.0,18.49059946552815,108.66180227994101,17.728881914593824,109.56760861388719,0.9193073074174554,4.457690026182334,2.7316141853151104,,
974,,AK,K222,,HNZ,61.0876,-149.8366,2026-09-10T02:16:00.000000Z,2026-09-10T02:17:00.000000Z,100.0,200.0,60.0,,noise,0,Noise,events:arr_summer_2026.csv,AK,2.0-20.0,15.402700045224261,119.6714233803391,14.982692337740394,108.61191310792748,0.9462066744993989,4.513405616498108,4.548114208642617,,
975,,AK,K222,,HNZ,61.0876,-149.8366,2026-09-10T02:17:00.000000Z,2026-09-10T02:18:00.000000Z,100.0,200.0,60.0,,noise,0,Noise,events:arr_summer_2026.csv,AK,2.0-20.0,25.048774005612866,150.88134221578568,24.46239288404398,144.59581580371523,0.9537288607104172,4.540411762111262,2.829566146549216,,
976,,AK,K222,,HNZ,61.0876,-149.8366,2026-09-10T02:18:00.000000Z,2026-09-10T02:19:00.000000Z,100.0,200.0,60.0,,noise,0,Noise,events:arr_summer_2026.csv,AK,2.0-20.0,18.129876820092274,143.83596742748801,17.620162148183624,112.74127588640559,0.9445611838740836,3.691086394337865,3.6573555065052172,,
977,,AK,K222,,HNZ,61.0876,-149.8366,2026-09-10T02:19:00.000000Z,2026-09-10T02:20:00.000000Z,100.0,200.0,60.0,,noise,0,Noise,events:arr_summer_2026.csv,AK,2.0-20.0,20.611410499261606,125.70912256667465,20.073438680750964,140.40191031674297,0.9484798865623603,3.937434307108812,3.4917739273092634,,
978,,AK,K222,,HNZ,61.0876,-149.8366,2026-09-10T02:20:00.000000Z,2026-09-10T02:21:00.000000Z,100.0,200.0,60.0,,noise,0,Noise,events:arr_summer_2026.csv,AK,2.0-20.0,19.36375501319476,130.4726663337823,18.824900192408577,124.3897854104427,0.9451183728547525,3.3084415435907255,3.1126576409710447,,
979,,AK,K222,,HNZ,61.0876,-149.8366,2026-09-10T02:21:00.000000Z,2026-09-10T02:22:00.000000Z,100.0,200.0,60.0,,noise,0,Noise,events:arr_summer_2026.csv,AK,2.0-20.0,24.577891225447665,266.3306091352593,24.303060806165867,269.0874446630184,0.9777610017521089,5.384940333060156,10.69930100524352,,
980,,AK,K222,,HNZ,61.0876,-149.8366,2026-09-10T02:22:00.000000Z,2026-09-10T02:23:00.000000Z,100.0,200.0,60.0,,noise,0,Noise,events:arr_summer_2026.csv,AK,2.0-20.0,15.538061629586519,85.78545590925499,15.130765533837968,80.67151059879878,0.9482615116528736,3.847205364851447,1.4080297993433302,,
981,,AK,K222,,HNZ,61.0876,-149.8366,2026-09-10T02:23:00.000000Z,2026-09-10T02:24:00.000000Z,100.0,200.0,60.0,,noise,0,Noise,events:arr_summer_2026.csv,AK,2.0-20.0,21.970934871964243,127.55631904231332,20.940979588649764,130.40456715191323,0.9084413908522508,3.602554995691239,2.842236065627584,,
982,,AK,K222,,HNZ,61.0876,-149.8366,2026-09-10T02:27:00.000000Z,2026-09-10T02:28:00.000000Z,100.0,200.0,60.0,,noise,0,Noise,events:arr_summer_2026.csv,AK,2.0-20.0,15.798659193763418,98.50814641213819,15.20040522738986,109.35010142725018,0.9256991620016761,4.819878797044365,3.401136688296133,,
983,,AK,K222,,HNZ,61.0876,-149.8366,2026-09-10T02:28:00.000000Z,2026-09-10T02:29:00.000000Z,100.0,200.0,60.0,,noise,0,Noise,events:arr_summer_2026.csv,AK,2.0-20.0,20.597334370688486,161.75785963489153,20.26551607143738,168.06434315168724,0.9680399866072152,5.842912277932072,8.706082142760698,,
984,,AK,K222,,HNZ,61.0876,-149.8366,2026-09-10T02:29:00.000000Z,2026-09-10T02:30:00.000000Z,100.0,200.0,60.0,,noise,0,Noise,events:arr_summer_2026.csv,AK,2.0-20.0,19.542678551480762,124.52627970249722,18.99864314440754,125.33763964974563,0.9450983253049778,4.9151050595897345,2.9064041479108447,,
985,,AK,K222,,HNZ,61.0876,-149.8366,2026-09-10T02:30:00.000000Z,2026-09-10T02:31:00.000000Z,100.0,200.0,60.0,,noise,0,Noise,events:arr_summer_2026.csv,AK,2.0-20.0,13.504406624461408,69.62906088532948,13.129043736462998,69.12857159058079,0.9451814237113062,4.56931198749597,2.4166473176064915,,
986,,AK,K222,,HNZ,61.0876,-149.8366,2026-09-10T02:31:00.000000Z,2026-09-10T02:32:00.000000Z,100.0,200.0,60.0,,noise,0,Noise,events:arr_summer_2026.csv,AK,2.0-20.0,21.785941926168107,183.05374524806697,20.92813823460558,168.25018067807088,0.922801957876377,4.441611046965797,6.6275077027068825,,
987,,AK,K222,,HNZ,61.0876,-149.8366,2026-09-10T02:32:00.000000Z,2026-09-10T02:33:00.000000Z,100.0,200.0,60.0,,noise,0,Noise,events:arr_summer_2026.csv,AK,2.0-20.0,16.976050872547393,135.33902659502297,16.448155388188837,134.07532153557088,0.9387740244566936,6.323095746964281,5.960846276564309,,
988,,AK,K222,,HNZ,61.0876,-149.8366,2026-09-10T02:33:00.000000Z,2026-09-10T02:34:00.000000Z,100.0,200.0,60.0,,noise,0,Noise,events:arr_summer_2026.csv,AK,2.0-20.0,14.79561687585159,88.28958666045966,14.450719699647575,95.05071611600061,0.9539218580443127,3.8198437962008507,2.563081846321219,,
989,,AK,K222,,HNZ,61.0876,-149.8366,2026-09-10T02:34:00.000000Z,2026-09-10T02:35:00.000000Z,100.0,200.0,60.0,,noise,0,Noise,events:arr_summer_2026.csv,AK,2.0-20.0,16.456712040010142,132.49074935496955,15.965651608396,117.50957549866702,0.9412113518176709,4.818272695617047,8.120405277614465,,
990,,AK,K222,,HNZ,61.0876,-149.8366,2026-09-10T02:35:00.000000Z,2026-09-10T02:36:00.000000Z,100.0,200.0,60.0,,noise,0,Noise,events:arr_summer_2026.csv,AK,2.0-20.0,22.540363597685662,219.51709708605136,21.98795212657607,225.14455943541864,0.9515853137269145,4.964594251504127,6.814166059947313,,
991,,AK,K222,,HNZ,61.0876,-149.8366,2026-09-10T02:36:00.000000Z,2026-09-10T02:37:00.000000Z,100.0,200.0,60.0,,noise,0,Noise,events:arr_summer_2026.csv,AK,2.0-20.0,20.056194843033435,201.22886288021323,19.714678196227883,196.48642399334568,0.9662339762094051,4.655348736677161,9.049813712923147,,
992,,AK,K222,,HNZ,61.0876,-149.8366,2026-09-10T02:37:00.000000Z,2026-09-10T02:38:00.000000Z,100.0,200.0,60.0,,noise,0,Noise,events:arr_summer_2026.csv,AK,2.0-20.0,14.793474952919063,101.39700053759218,14.455191820191784,96.33573013325707,0.9547888018032903,3.620156994859255,3.137418374863029,,
993,,AK,K222,,HNZ,61.0876,-149.8366,2026-09-10T02:38:00.000000Z,2026-09-10T02:39:00.000000Z,100.0,200.0,60.0,,noise,0,Noise,events:arr_summer_2026.csv,AK,2.0-20.0,13.665323890962371,75.4979465659524,13.33535937343065,70.71054219855219,0.9522907998210818,3.142054363248344,1.4828481506903612,,
994,,AK,K222,,HNZ,61.0876,-149.8366,2026-09-10T02:39:00.000000Z,2026-09-10T02:40:00.000000Z,100.0,200.0,60.0,,noise,0,Noise,events:arr_summer_2026.csv,AK,2.0-20.0,15.861523744349153,137.99437930612922,15.592299130220187,126.04302623824707,0.9663412185894047,4.25041168778405,7.251731685548474,,
995,,AK,K222,,HNZ,61.0876,-149.8366,2026-09-10T02:40:00.000000Z,2026-09-10T02:41:00.000000Z,100.0,200.0,60.0,,noise,0,Noise,events:arr_summer_2026.csv,AK,2.0-20.0,15.332505446811952,109.37869877490405,14.974765457584308,111.62862959368337,0.9538801309762863,4.689014306777627,3.0102847371746844,,
996,,AK,K222,,HNZ,61.0876,-149.8366,2026-09-10T02:41:00.000000Z,2026-09-10T02:42:00.000000Z,100.0,200.0,60.0,,noise,0,Noise,events:arr_summer_2026.csv,AK,2.0-20.0,16.958329946341124,138.47836192384983,16.60558611566052,128.4519065674072,0.9588314195987837,5.137022083466384,4.637605791716871,,
997,,AK,K222,,HNZ,61.0876,-149.8366,2026-09-10T02:42:00.000000Z,2026-09-10T02:43:00.000000Z,100.0,200.0,60.0,,noise,0,Noise,events:arr_summer_2026.csv,AK,2.0-20.0,15.96183071422678,123.38471930356205,15.592505040259772,125.62990288214898,0.9542592648523058,3.747469411706688,2.901929324564837,,
998,,AK,K222,,HNZ,61.0876,-149.8366,2026-09-10T02:43:00.000000Z,2026-09-10T02:44:00.000000Z,100.0,200.0,60.0,,noise,0,Noise,events:arr_summer_2026.csv,AK,2.0-20.0,18.93776732914536,214.7836424936766,18.597379655974496,176.6171284431794,0.9643750394538522,5.135184010588628,9.181294359475123,,
999,,AK,K222,,HNZ,61.0876,-149.8366,2026-09-10T02:44:00.000000Z,2026-09-10T02:45:00.000000Z,100.0,200.0,60.0,,noise,0,Noise,events:arr_summer_2026.csv,AK,2.0-20.0,15.190292373247583,88.1205883597734,14.671755098379606,95.19483202388105,0.9328930815401358,5.328652260611355,3.476656205806713,,
1000,,AK,K222,,HNZ,61.0876,-149.8366,2026-09-10T02:45:00.000000Z,2026-09-10T02:46:00.000000Z,100.0,200.0,60.0,,noise,0,Noise,events:arr_summer_2026.csv,AK,2.0-20.0,19.138848544003917,127.23476773880076,18.6777082825123,134.98527232860266,0.952391618841631,5.17096546591476,2.8369051328975763,,
1001,,AK,K222,,HNZ,61.0876,-149.8366,2026-09-10T02:46:00.000000Z,2026-09-10T02:47:00.000000Z,100.0,200.0,60.0,,noise,0,Noise,events:arr_summer_2026.csv,AK,2.0-20.0,17.471567601767315,105.80480681952281,15.592378709037845,113.60363573269129,0.7964545597183508,6.683420827644909,3.8933390294864605,,
1002,,AK,K222,,HNZ,61.0876,-149.8366,2026-09-10T02:47:00.000000Z,2026-09-10T02:48:00.000000Z,100.0,200.0,60.0,,noise,0,Noise,events:arr_summer_2026.csv,AK,2.0-20.0,16.39284875710234,130.85241828926343,15.727876096278692,133.40282372266495,0.9205158995387037,5.056725024459522,3.495383637239436,,
1003,,AK,K222,,HNZ,61.0876,-149.8366,2026-09-10T02:48:00.000000Z,2026-09-10T02:49:00.000000Z,100.0,200.0,60.0,,noise,0,Noise,events:arr_summer_2026.csv,AK,2.0-20.0,19.7013493973824,158.79712563945452,18.917029717477163,176.75743977473397,0.9219639626897691,4.441308967463089,5.5371986946793115,,
1004,,AK,K222,,HNZ,61.0876,-149.8366,2026-09-10T02:49:00.000000Z,2026-09-10T02:50:00.000000Z,100.0,200.0,60.0,,noise,0,Noise,events:arr_summer_2026.csv,AK,2.0-20.0,20.05381379922268,130.7978580265604,19.165437007363717,119.98908174715434,0.9133631723923332,3.9499498041781376,3.3556347805704405,,
1005,,AK,K222,,HNZ,61.0876,-149.8366,2026-09-10T02:50:00.000000Z,2026-09-10T02:51:00.000000Z,100.0,200.0,60.0,,noise,0,Noise,events:arr_summer_2026.csv,AK,2.0-20.0,21.05856921385823,126.82754871047241,20.197815539505655,125.45294234101017,0.9199221631705105,3.120654408418581,2.1689611426986595,,
1006,,AK,K222,,HNZ,61.0876,-149.8366,2026-09-10T02:51:00.000000Z,2026-09-10T02:52:00.000000Z,100.0,200.0,60.0,,noise,0,Noise,events:arr_summer_2026.csv,AK,2.0-20.0,21.22178450956982,182.98340635467346,20.675375918544834,166.1296452693303,0.9491678700022651,4.310616329224536,5.80391849258864,,
1007,,AK,K222,,HNZ,61.0876,-149.8366,2026-09-10T02:52:00.000000Z,2026-09-10T02:53:00.000000Z,100.0,200.0,60.0,,noise,0,Noise,events:arr_summer_2026.csv,AK,2.0-20.0,13.883708412133215,153.79862054153963,13.257993812636936,154.95634160572115,0.9118946254438237,4.80397875355076,14.365725740205693,,
1008,,AK,K222,,HNZ,61.0876,-149.8366,2026-09-10T02:53:00.000000Z,2026-09-10T02:54:00.000000Z,100.0,200.0,60.0,,noise,0,Noise,events:arr_summer_2026.csv,AK,2.0-20.0,24.08260620731156,169.72945628242923,22.63747002365993,169.01106705165418,0.8835859631580211,4.096741248062615,4.981143793751181,,
1009,,AK,K222,,HNZ,61.0876,-149.8366,2026-09-10T02:54:00.000000Z,2026-09-10T02:55:00.000000Z,100.0,200.0,60.0,,noise,0,Noise,events:arr_summer_2026.csv,AK,2.0-20.0,21.94992275340866,199.89010928963722,20.727518389481304,190.49388181105962,0.8917202432866072,4.029246208610415,6.1048738322714104,,
1010,,AK,K222,,HNZ,61.0876,-149.8366,2026-09-10T02:55:00.000000Z,2026-09-10T02:56:00.000000Z,100.0,200.0,60.0,,noise,0,Noise,events:arr_summer_2026.csv,AK,2.0-20.0,25.84587113034474,252.40064521220404,24.507411201143505,245.50270063380242,0.8991093754615763,6.73969328975952,7.59382007801894,,
1011,,AK,K222,,HNZ,61.0876,-149.8366,2026-09-10T02:56:00.000000Z,2026-09-10T02:57:00.000000Z,100.0,200.0,60.0,,noise,0,Noise,events:arr_summer_2026.csv,AK,2.0-20.0,17.390541051431754,123.302497355181,16.73149840883534,122.67756049109485,0.9256429230158995,4.392353952877477,3.325550238333461,,
1012,,AK,K222,,HNZ,61.0876,-149.8366,2026-09-10T02:57:00.000000Z,2026-09-10T02:58:00.000000Z,100.0,200.0,60.0,,noise,0,Noise,events:arr_summer_2026.csv,AK,2.0-20.0,17.236044029194975,107.379257197977,16.635001710386724,111.41596360160125,0.9314735132087328,4.4284229458990945,2.385795662211944,,
1013,,AK,K222,,HNZ,61.0876,-149.8366,2026-09-10T02:58:00.000000Z,2026-09-10T02:59:00.000000Z,100.0,200.0,60.0,,noise,0,Noise,events:arr_summer_2026.csv,AK,2.0-20.0,16.97408347195051,111.78707778082878,16.40231845550782,98.24811355437123,0.9337654745564528,4.003626550462555,2.878393764255077,,
1014,,AK,K222,,HNZ,61.0876,-149.8366,2026-09-10T02:59:00.000000Z,2026-09-10T03:00:00.000000Z,100.0,200.0,60.0,,noise,0,Noise,events:arr_summer_2026.csv,AK,2.0-20.0,16.09543625752696,125.56876491552443,15.01888164324917,103.68829654738647,0.8707022860364001,4.490205899330016,3.739566566376925,,
1015,,AK,K222,,HNZ,61.0876,-149.8366,2026-09-10T03:00:00.000000Z,2026-09-10T03:01:00.000000Z,100.0,200.0,60.0,,noise,0,Noise,events:arr_summer_2026.csv,AK,2.0-20.0,16.40279712189877,126.40371766779143,15.692347245643624,118.40738308723832,0.9152505380311243,4.135893459428971,4.714336672150935,,
1016,,AK,K222,,HNZ,61.0876,-149.8366,2026-09-10T03:01:00.000000Z,2026-09-10T03:02:00.000000Z,100.0,200.0,60.0,,noise,0,Noise,events:arr_summer_2026.csv,AK,2.0-20.0,14.13761144688017,142.14260016145465,13.775015242748044,151.82393192712817,0.9493625441419317,5.94196376309315,9.426165483279785,,
1017,,AK,K222,,HNZ,61.0876,-149.8366,2026-09-10T03:02:00.000000Z,2026-09-10T03:03:00.000000Z,100.0,200.0,60.0,,noise,0,Noise,events:arr_summer_2026.csv,AK,2.0-20.0,22.581174198359292,204.5892700214637,21.710041493446354,169.046878197225,0.9243325885001706,4.651603809968107,2.8406946531239026,,
1018,,AK,K222,,HNZ,61.0876,-149.8366,2026-09-10T03:03:00.000000Z,2026-09-10T03:04:00.000000Z,100.0,200.0,60.0,,noise,0,Noise,events:arr_summer_2026.csv,AK,2.0-20.0,20.149402675373352,133.06060437565773,19.159182938994654,133.4606586903867,0.9041273695085239,3.5997445623002085,3.4236086069442653,,
1019,,AK,K222,,HNZ,61.0876,-149.8366,2026-09-10T03:04:00.000000Z,2026-09-10T03:05:00.000000Z,100.0,200.0,60.0,,noise,0,Noise,events:arr_summer_2026.csv,AK,2.0-20.0,19.78555527716515,102.50172772569508,19.17229534697283,114.63154459537901,0.9389700392034356,4.143129364649518,2.4079631089835294,,
1020,,AK,K222,,HNZ,61.0876,-149.8366,2026-09-10T03:05:00.000000Z,2026-09-10T03:06:00.000000Z,100.0,200.0,60.0,,noise,0,Noise,events:arr_summer_2026.csv,AK,2.0-20.0,23.840066094174063,154.11875008154752,22.731845711508722,145.7695607632049,0.9091896625128084,3.5590069848682977,3.057473199986278,,
1021,,AK,K222,,HNZ,61.0876,-149.8366,2026-09-10T03:06:00.000000Z,2026-09-10T03:07:00.000000Z,100.0,200.0,60.0,,noise,0,Noise,events:arr_summer_2026.csv,AK,2.0-20.0,17.627734354204904,101.83027655512007,17.162530326864562,108.14827149322181,0.9479155353875949,4.3617140753155335,3.011803892096194,,
1022,,AK,K222,,HNZ,61.0876,-149.8366,2026-09-10T03:07:00.000000Z,2026-09-10T03:08:00.000000Z,100.0,200.0,60.0,,noise,0,Noise,events:arr_summer_2026.csv,AK,2.0-20.0,21.381331287320954,118.01888254314994,20.20658022675896,115.02472480892017,0.8931330359629002,3.3761827134823057,1.987542810284718,,
1023,,AK,K222,,HNZ,61.0876,-149.8366,2026-09-10T03:08:00.000000Z,2026-09-10T03:09:00.000000Z,100.0,200.0,60.0,,noise,0,Noise,events:arr_summer_2026.csv,AK,2.0-20.0,15.036778699071183,113.35424925601667,14.601211963163554,127.38536641142156,0.94290555626413,3.479024423895578,4.286568520298161,,
1024,,AK,K222,,HNZ,61.0876,-149.8366,2026-09-10T03:09:00.000000Z,2026-09-10T03:10:00.000000Z,100.0,200.0,60.0,,noise,0,Noise,events:arr_summer_2026.csv,AK,2.0-20.0,12.454034174157616,112.53252091460763,12.078596173320324,112.41533588537675,0.9406169858736326,5.722096654269887,6.640498648122962,,
1025,,AK,K222,,HNZ,61.0876,-149.8366,2026-09-10T03:10:00.000000Z,2026-09-10T03:11:00.000000Z,100.0,200.0,60.0,,noise,0,Noise,events:arr_summer_2026.csv,AK,2.0-20.0,25.009697523722316,149.82558876145612,24.106322465823485,147.39964687979892,0.9290627440885806,5.070567501595341,2.622183659649579,,
1026,,AK,K222,,HNZ,61.0876,-149.8366,2026-09-10T03:11:00.000000Z,2026-09-10T03:12:00.000000Z,100.0,200.0,60.0,,noise,0,Noise,events:arr_summer_2026.csv,AK,2.0-20.0,24.80886646407721,220.9523834981312,23.86507089569527,226.34660551490325,0.9253619009861721,5.222279158346486,7.53266093184282,,
1027,,AK,K222,,HNZ,61.0876,-149.8366,2026-09-10T03:12:00.000000Z,2026-09-10T03:13:00.000000Z,100.0,200.0,60.0,,noise,0,Noise,events:arr_summer_2026.csv,AK,2.0-20.0,17.071066078555955,92.12311829613111,16.47511217604382,103.8215133925207,0.9313983705137769,3.802066928305235,2.981134254575852,,
1028,,AK,K222,,HNZ,61.0876,-149.8366,2026-09-10T03:13:00.000000Z,2026-09-10T03:14:00.000000Z,100.0,200.0,60.0,,noise,0,Noise,events:arr_summer_2026.csv,AK,2.0-20.0,22.764360007758857,137.61754848659848,22.029722817677968,118.86318933044205,0.9364986923555518,4.6753376090062275,2.150885292155583,,
1029,,AK,K222,,HNZ,61.0876,-149.8366,2026-09-10T03:14:00.000000Z,2026-09-10T03:15:00.000000Z,100.0,200.0,60.0,,noise,0,Noise,events:arr_summer_2026.csv,AK,2.0-20.0,19.60654542752319,130.69250068877355,18.38837801868597,129.21210956663725,0.8795989179401011,4.43539441200112,4.2846977053306015,,
1030,,AK,K222,,HNZ,61.0876,-149.8366,2026-09-10T03:15:00.000000Z,2026-09-10T03:16:00.000000Z,100.0,200.0,60.0,,noise,0,Noise,events:arr_summer_2026.csv,AK,2.0-20.0,18.692551139264058,108.37683606970525,17.949809544456546,112.16336760647224,0.922109581691186,3.7505642250695215,2.7064766167707157,,
1031,,AK,K222,,HNZ,61.0876,-149.8366,2026-09-10T03:16:00.000000Z,2026-09-10T03:17:00.000000Z,100.0,200.0,60.0,,noise,0,Noise,events:arr_summer_2026.csv,AK,2.0-20.0,18.31058301075196,114.37166897319388,17.894500063262697,120.08308017034399,0.9550690997237385,3.6798140704417004,2.340695588230557,,
1032,,AK,K222,,HNZ,61.0876,-149.8366,2026-09-10T03:17:00.000000Z,2026-09-10T03:18:00.000000Z,100.0,200.0,60.0,,noise,0,Noise,events:arr_summer_2026.csv,AK,2.0-20.0,14.268535348355071,111.55202888977966,13.65306510843787,103.12537985639207,0.9155910349289279,3.4336735633053195,3.6353660664461342,,
1033,,AK,K222,,HNZ,61.0876,-149.8366,2026-09-10T03:18:00.000000Z,2026-09-10T03:19:00.000000Z,100.0,200.0,60.0,,noise,0,Noise,events:arr_summer_2026.csv,AK,2.0-20.0,9.865730909622094,79.03525846215815,9.435355846713612,75.15425815608481,0.9146565234193063,4.344489538571796,8.294990459600779,,
1034,,AK,K222,,HNZ,61.0876,-149.8366,2026-09-10T03:19:00.000000Z,2026-09-10T03:20:00.000000Z,100.0,200.0,60.0,,noise,0,Noise,events:arr_summer_2026.csv,AK,2.0-20.0,16.434102887411527,108.38856049850142,16.111669987860356,100.3324781114256,0.9611454453965036,4.795912801598562,3.0918048040125212,,
1035,,AK,K222,,HNZ,61.0876,-149.8366,2026-09-10T03:20:00.000000Z,2026-09-10T03:21:00.000000Z,100.0,200.0,60.0,,noise,0,Noise,events:arr_summer_2026.csv,AK,2.0-20.0,14.239164912736154,119.0472167571611,13.834645091489863,116.05483181022288,0.9439891551756583,6.796093618824632,7.411689365309652,,
1036,,AK,K222,,HNZ,61.0876,-149.8366,2026-09-10T03:21:00.000000Z,2026-09-10T03:22:00.000000Z,100.0,200.0,60.0,,noise,0,Noise,events:arr_summer_2026.csv,AK,2.0-20.0,16.424569864154336,88.5780492568366,16.04196930513459,82.93806349090505,0.953953822080975,3.094876698710223,1.3701818281067784,,
1037,,AK,K222,,HNZ,61.0876,-149.8366,2026-09-10T03:22:00.000000Z,2026-09-10T03:23:00.000000Z,100.0,200.0,60.0,,noise,0,Noise,events:arr_summer_2026.csv,AK,2.0-20.0,12.057018851990508,70.17664980109076,11.279221870415357,68.10161393311695,0.8751417425396315,5.376888866553885,2.598665907427713,,
1038,,AK,K222,,HNZ,61.0876,-149.8366,2026-09-10T03:23:00.000000Z,2026-09-10T03:24:00.000000Z,100.0,200.0,60.0,,noise,0,Noise,events:arr_summer_2026.csv,AK,2.0-20.0,21.48671001515831,215.0726933469107,21.168127504008407,213.1813768505852,0.9705659259666961,5.033828524371332,10.153232683159027,,
1039,,AK,K222,,HNZ,61.0876,-149.8366,2026-09-10T03:27:00.000000Z,2026-09-10T03:28:00.000000Z,100.0,200.0,60.0,,noise,0,Noise,events:arr_summer_2026.csv,AK,2.0-20.0,17.751715538041154,88.59344126495624,16.021614068930734,88.33823417180689,0.8145764918527317,3.425419019559788,1.309282969491261,,
1040,,AK,K222,,HNZ,61.0876,-149.8366,2026-09-10T03:28:00.000000Z,2026-09-10T03:29:00.000000Z,100.0,200.0,60.0,,noise,0,Noise,events:arr_summer_2026.csv,AK,2.0-20.0,19.601997768231467,112.36740252761228,18.616658459785796,96.6950834326331,0.9019922202452347,3.4376029714976175,1.4937734601497707,,
1041,,AK,K222,,HNZ,61.0876,-149.8366,2026-09-10T03:29:00.000000Z,2026-09-10T03:30:00.000000Z,100.0,200.0,60.0,,noise,0,Noise,events:arr_summer_2026.csv,AK,2.0-20.0,11.327762355798162,65.8394694466657,10.204644777849213,60.90687000401881,0.8115355035424179,3.6718227605185887,2.073218747077113,,
1042,,AK,K222,,HNZ,61.0876,-149.8366,2026-09-10T03:30:00.000000Z,2026-09-10T03:31:00.000000Z,100.0,200.0,60.0,,noise,0,Noise,events:arr_summer_2026.csv,AK,2.0-20.0,16.267053120271225,112.84294891524908,15.464233350304566,105.06639822209266,0.9037306656506773,4.372775350449165,3.8263485309293905,,
1043,,AK,K222,,HNZ,61.0876,-149.8366,2026-09-10T03:31:00.000000Z,2026-09-10T03:32:00.000000Z,100.0,200.0,60.0,,noise,0,Noise,events:arr_summer_2026.csv,AK,2.0-20.0,18.850691477276442,103.32118934618744,18.127360602813322,103.63601856942877,0.9247292121946664,3.9748004185295933,1.6303774722223805,,
1044,,AK,K222,,HNZ,61.0876,-149.8366,2026-09-10T03:32:00.000000Z,2026-09-10T03:33:00.000000Z,100.0,200.0,60.0,,noise,0,Noise,events:arr_summer_2026.csv,AK,2.0-20.0,14.59677699312923,175.22523256056397,14.214846154491646,175.517067001744,0.948353784137915,6.169196737038259,15.518218096606173,,
1045,,AK,K222,,HNZ,61.0876,-149.8366,2026-09-10T03:33:00.000000Z,2026-09-10T03:34:00.000000Z,100.0,200.0,60.0,,noise,0,Noise,events:arr_summer_2026.csv,AK,2.0-20.0,14.69647848995825,95.81129111104708,13.586731286360093,104.65860060008606,0.854679732929553,3.7277875467355805,2.6396351058109664,,
1046,,AK,K222,,HNZ,61.0876,-149.8366,2026-09-10T03:34:00.000000Z,2026-09-10T03:35:00.000000Z,100.0,200.0,60.0,,noise,0,Noise,events:arr_summer_2026.csv,AK,2.0-20.0,12.288846114072353,81.90983167391504,11.461571578186437,77.0447125311531,0.8698935890550848,3.4407612988210143,2.856838628854403,,
1047,,AK,K222,,HNZ,61.0876,-149.8366,2026-09-10T03:35:00.000000Z,2026-09-10T03:36:00.000000Z,100.0,200.0,60.0,,noise,0,Noise,events:arr_summer_2026.csv,AK,2.0-20.0,14.24710050490263,120.80755302975041,13.205125536621864,106.97989280751366,0.8590770012577067,3.636286362453365,3.5627537027188954,,
1048,,AK,K222,,HNZ,61.0876,-149.8366,2026-09-10T03:36:00.000000Z,2026-09-10T03:37:00.000000Z,100.0,200.0,60.0,,noise,0,Noise,events:arr_summer_2026.csv,AK,2.0-20.0,21.119889668405946,189.78357427543523,20.520581623090422,180.89890634807787,0.9440522721125507,5.178324670110231,7.615628753353876,,
1049,,AK,K222,,HNZ,61.0876,-149.8366,2026-09-10T03:37:00.000000Z,2026-09-10T03:38:00.000000Z,100.0,200.0,60.0,,noise,0,Noise,events:arr_summer_2026.csv,AK,2.0-20.0,15.78473578779748,153.67395162532844,14.96839834179882,161.3449711195826,0.8992408565211828,5.346877008794348,7.103624333209968,,
1050,,AK,K222,,HNZ,61.0876,-149.8366,2026-09-10T03:38:00.000000Z,2026-09-10T03:39:00.000000Z,100.0,200.0,60.0,,noise,0,Noise,events:arr_summer_2026.csv,AK,2.0-20.0,15.685786313259781,144.29641454184875,15.131615068730511,154.40006449173322,0.930589141962506,4.846171626929366,6.032892986717661,,
1051,,AK,K222,,HNZ,61.0876,-149.8366,2026-09-10T03:39:00.000000Z,2026-09-10T03:40:00.000000Z,100.0,200.0,60.0,,noise,0,Noise,events:arr_summer_2026.csv,AK,2.0-20.0,16.90681673778832,177.67044147503293,16.500825916918195,175.92502525637332,0.95254976627666,6.838008616498348,9.691293291120092,,
1052,,AK,K222,,HNZ,61.0876,-149.8366,2026-09-10T03:40:00.000000Z,2026-09-10T03:41:00.000000Z,100.0,200.0,60.0,,noise,0,Noise,events:arr_summer_2026.csv,AK,2.0-20.0,14.359651343537418,109.67156077942177,13.927686137084935,102.54201575995037,0.940741173297722,6.285568679122406,5.135651982200878,,
1053,,AK,K222,,HNZ,61.0876,-149.8366,2026-09-10T03:41:00.000000Z,2026-09-10T03:42:00.000000Z,100.0,200.0,60.0,,noise,0,Noise,events:arr_summer_2026.csv,AK,2.0-20.0,16.50726711972119,143.41127099605393,15.770365916005362,144.13403834289724,0.9127107850559987,5.849657795033288,6.492488144006913,,
1054,,AK,K222,,HNZ,61.0876,-149.8366,2026-09-10T03:42:00.000000Z,2026-09-10T03:43:00.000000Z,100.0,200.0,60.0,,noise,0,Noise,events:arr_summer_2026.csv,AK,2.0-20.0,19.372090855264947,113.22188777502608,18.669998134204345,108.25120488691917,0.9288285468413863,5.096507955346773,2.727683272326007,,
1055,,AK,K222,,HNZ,61.0876,-149.8366,2026-09-10T03:43:00.000000Z,2026-09-10T03:44:00.000000Z,100.0,200.0,60.0,,noise,0,Noise,events:arr_summer_2026.csv,AK,2.0-20.0,19.046197937846504,125.22464214500971,18.62263993194203,130.35661218333252,0.9560176398928738,5.7066147184875025,4.8819397609901625,,
1056,,AK,K222,,HNZ,61.0876,-149.8366,2026-09-10T03:44:00.000000Z,2026-09-10T03:45:00.000000Z,100.0,200.0,60.0,,noise,0,Noise,events:arr_summer_2026.csv,AK,2.0-20.0,24.70552048959471,221.72889189785894,18.842020180284624,140.43322570268037,0.5816569388328124,5.135509037284059,4.290305644650728,,
1057,,AK,K222,,HNZ,61.0876,-149.8366,2026-09-10T03:45:00.000000Z,2026-09-10T03:46:00.000000Z,100.0,200.0,60.0,,noise,0,Noise,events:arr_summer_2026.csv,AK,2.0-20.0,14.693807840147803,78.67718945858712,14.035464655522228,82.1263602107787,0.9123991620314146,3.1495278005840968,1.7878015054283152,,
1058,,AK,K222,,HNZ,61.0876,-149.8366,2026-09-10T03:46:00.000000Z,2026-09-10T03:47:00.000000Z,100.0,200.0,60.0,,noise,0,Noise,events:arr_summer_2026.csv,AK,2.0-20.0,13.882477079286314,79.8877611391886,13.474178608630359,87.99069703732047,0.9420428758621443,4.209822042308656,2.840577711907799,,
1059,,AK,K222,,HNZ,61.0876,-149.8366,2026-09-10T03:47:00.000000Z,2026-09-10T03:48:00.000000Z,100.0,200.0,60.0,,noise,0,Noise,events:arr_summer_2026.csv,AK,2.0-20.0,9.862201835183422,61.541519039971995,9.21598231564872,59.328868780307545,0.8732437635911298,3.283104366075733,2.73456047360321,,
1060,,AK,K222,,HNZ,61.0876,-149.8366,2026-09-10T03:48:00.000000Z,2026-09-10T03:49:00.000000Z,100.0,200.0,60.0,,noise,0,Noise,events:arr_summer_2026.csv,AK,2.0-20.0,16.604196236721094,90.50969092165519,16.008558567670438,81.91237443779696,0.9295414135933622,2.848674185604747,1.8221619846339712,,
1061,,AK,K222,,HNZ,61.0876,-149.8366,2026-09-10T03:49:00.000000Z,2026-09-10T03:50:00.000000Z,100.0,200.0,60.0,,noise,0,Noise,events:arr_summer_2026.csv,AK,2.0-20.0,14.776942457143148,85.79245113930322,14.343951348299116,77.3721995202814,0.9422549828243305,3.2737008712278275,2.220697530796361,,
1062,,AK,K222,,HNZ,61.0876,-149.8366,2026-09-10T03:50:00.000000Z,2026-09-10T03:51:00.000000Z,100.0,200.0,60.0,,noise,0,Noise,events:arr_summer_2026.csv,AK,2.0-20.0,26.741728639162382,158.13742370487492,26.276896037507694,159.1394251847946,0.9655375552348627,4.362067390963241,3.3594414663083008,,
1063,,AK,K222,,HNZ,61.0876,-149.8366,2026-09-10T03:51:00.000000Z,2026-09-10T03:52:00.000000Z,100.0,200.0,60.0,,noise,0,Noise,events:arr_summer_2026.csv,AK,2.0-20.0,17.427172432564177,147.73198800048925,17.1335722387649,140.0273272238788,0.9665893001543866,7.377671523989902,7.629699902634963,,
1064,,AK,K222,,HNZ,61.0876,-149.8366,2026-09-10T03:52:00.000000Z,2026-09-10T03:53:00.000000Z,100.0,200.0,60.0,,noise,0,Noise,events:arr_summer_2026.csv,AK,2.0-20.0,11.96049621606996,94.0641270906818,11.663465482720085,89.63632956699482,0.9509481127508606,5.6412043675786885,5.417799325874061,,
1065,,AK,K222,,HNZ,61.0876,-149.8366,2026-09-10T03:53:00.000000Z,2026-09-10T03:54:00.000000Z,100.0,200.0,60.0,,noise,0,Noise,events:arr_summer_2026.csv,AK,2.0-20.0,13.5437448046911,79.98008136259774,13.060976917649018,73.76068008070284,0.9299804088830375,4.461300141217174,1.834033140473279,,
1066,,AK,K222,,HNZ,61.0876,-149.8366,2026-09-10T03:54:00.000000Z,2026-09-10T03:55:00.000000Z,100.0,200.0,60.0,,noise,0,Noise,events:arr_summer_2026.csv,AK,2.0-20.0,16.726000554298302,124.47058585933753,16.22992809770812,126.90691079996647,0.9415621196788849,5.765461832748731,3.674091043599775,,
1067,,AK,K222,,HNZ,61.0876,-149.8366,2026-09-10T03:55:00.000000Z,2026-09-10T03:56:00.000000Z,100.0,200.0,60.0,,noise,0,Noise,events:arr_summer_2026.csv,AK,2.0-20.0,16.47377696973487,95.12793237927127,15.81688880867601,96.45626068483423,0.921840446400203,3.2642021649244706,2.4857766691602237,,
1068,,AK,K222,,HNZ,61.0876,-149.8366,2026-09-10T03:56:00.000000Z,2026-09-10T03:57:00.000000Z,100.0,200.0,60.0,,noise,0,Noise,events:arr_summer_2026.csv,AK,2.0-20.0,16.32736928819713,87.71633156698918,15.951781818996743,89.26034722944769,0.9545220617076434,3.289381034139904,1.2463331372865225,,
1069,,AK,K222,,HNZ,61.0876,-149.8366,2026-09-10T03:57:00.000000Z,2026-09-10T03:58:00.000000Z,100.0,200.0,60.0,,noise,0,Noise,events:arr_summer_2026.csv,AK,2.0-20.0,11.6716214885091,87.49240631746959,11.265758353739308,84.07526849549012,0.9316621954853332,5.592719187198152,4.996690789271232,,
1070,,AK,K222,,HNZ,61.0876,-149.8366,2026-09-10T03:58:00.000000Z,2026-09-10T03:59:00.000000Z,100.0,200.0,60.0,,noise,0,Noise,events:arr_summer_2026.csv,AK,2.0-20.0,15.089702285516726,83.04582268825126,14.6536988758605,86.5736311927018,0.9430466634997622,3.6820056597783073,1.4733747593567328,,
1071,,AK,K222,,HNZ,61.0876,-149.8366,2026-09-10T03:59:00.000000Z,2026-09-10T04:00:00.000000Z,100.0,200.0,60.0,,noise,0,Noise,events:arr_summer_2026.csv,AK,2.0-20.0,13.818319620509925,83.5991939250239,13.329660589763348,79.09559723462537,0.9305242912949965,3.7240932844920325,4.426995452131778,,
1072,,AK,K222,,HNZ,61.0876,-149.8366,2026-09-10T04:00:00.000000Z,2026-09-10T04:01:00.000000Z,100.0,200.0,60.0,,noise,0,Noise,events:arr_summer_2026.csv,AK,2.0-20.0,20.20687363345865,128.92249646024268,18.143335504499777,128.2620505195413,0.806187410778125,3.6321719604839893,2.8861911555123783,,
1073,,AK,K222,,HNZ,61.0876,-149.8366,2026-09-10T04:01:00.000000Z,2026-09-10T04:02:00.000000Z,100.0,200.0,60.0,,noise,0,Noise,events:arr_summer_2026.csv,AK,2.0-20.0,12.684427783871076,126.61603668142628,12.200729055967237,119.87054410098322,0.9251876034863896,4.156386108969174,4.579264724479053,,
1074,,AK,K222,,HNZ,61.0876,-149.8366,2026-09-10T04:02:00.000000Z,2026-09-10T04:03:00.000000Z,100.0,200.0,60.0,,noise,0,Noise,events:arr_summer_2026.csv,AK,2.0-20.0,12.852491959804695,102.66520781162485,12.391406650423818,110.16010335895187,0.9295366915133607,4.67225908667863,7.453244666683116,,
1075,,AK,K222,,HNZ,61.0876,-149.8366,2026-09-10T04:03:00.000000Z,2026-09-10T04:04:00.000000Z,100.0,200.0,60.0,,noise,0,Noise,events:arr_summer_2026.csv,AK,2.0-20.0,15.105876294921377,86.39243200278902,14.531436630803451,82.81861000540118,0.9253909693385114,5.178443458890745,2.0003183913074967,,
1076,,AK,K222,,HNZ,61.0876,-149.8366,2026-09-10T04:04:00.000000Z,2026-09-10T04:05:00.000000Z,100.0,200.0,60.0,,noise,0,Noise,events:arr_summer_2026.csv,AK,2.0-20.0,12.49854314095001,79.6479968988339,12.196210578513035,89.33270737396087,0.9522062797621594,4.400016368400173,2.774558858495488,,
1077,,AK,K222,,HNZ,61.0876,-149.8366,2026-09-10T04:05:00.000000Z,2026-09-10T04:06:00.000000Z,100.0,200.0,60.0,,noise,0,Noise,events:arr_summer_2026.csv,AK,2.0-20.0,18.06402534112773,123.70944819006495,17.49050509609861,132.84589538341027,0.9375094089097902,4.4132037930230705,5.442250293450767,,
1078,,AK,K222,,HNZ,61.0876,-149.8366,2026-09-10T04:06:00.000000Z,2026-09-10T04:07:00.000000Z,100.0,200.0,60.0,,noise,0,Noise,events:arr_summer_2026.csv,AK,2.0-20.0,12.213463705777613,90.53760469000892,11.734965805791422,102.46745653458625,0.9231791015127778,3.3652372539394086,5.591426565463333,,
1079,,AK,K222,,HNZ,61.0876,-149.8366,2026-09-10T04:07:00.000000Z,2026-09-10T04:08:00.000000Z,100.0,200.0,60.0,,noise,0,Noise,events:arr_summer_2026.csv,AK,2.0-20.0,22.425558809360517,144.51693073657185,21.216369262718423,158.49110206023065,0.8950670782047527,4.375929538091255,4.410143431430579,,
1080,,AK,K222,,HNZ,61.0876,-149.8366,2026-09-10T04:08:00.000000Z,2026-09-10T04:09:00.000000Z,100.0,200.0,60.0,,noise,0,Noise,events:arr_summer_2026.csv,AK,2.0-20.0,24.9412096170413,117.22875630737109,22.541365022191613,114.12825638421387,0.8168181865395902,4.511966031701322,2.805969444386238,,
1081,,AK,K222,,HNZ,61.0876,-149.8366,2026-09-10T04:09:00.000000Z,2026-09-10T04:10:00.000000Z,100.0,200.0,60.0,,noise,0,Noise,events:arr_summer_2026.csv,AK,2.0-20.0,11.389704622702453,143.05967041630453,10.822238693006005,109.13607151526416,0.9028368858865274,5.982923975504618,8.290903043993536,,
1082,,AK,K222,,HNZ,61.0876,-149.8366,2026-09-10T04:10:00.000000Z,2026-09-10T04:11:00.000000Z,100.0,200.0,60.0,,noise,0,Noise,events:arr_summer_2026.csv,AK,2.0-20.0,11.017086670788308,78.9247395682205,10.788883739925046,74.68536367356438,0.9590019591084438,3.0758716214475674,3.7862522345114886,,
1083,,AK,K222,,HNZ,61.0876,-149.8366,2026-09-10T04:11:00.000000Z,2026-09-10T04:12:00.000000Z,100.0,200.0,60.0,,noise,0,Noise,events:arr_summer_2026.csv,AK,2.0-20.0,12.458002011227435,104.92187537599148,12.027261823979982,104.31803922296811,0.9320446916839079,5.4926375416779205,5.897920505033349,,
1084,,AK,K222,,HNZ,61.0876,-149.8366,2026-09-10T04:12:00.000000Z,2026-09-10T04:13:00.000000Z,100.0,200.0,60.0,,noise,0,Noise,events:arr_summer_2026.csv,AK,2.0-20.0,13.274652229817232,97.047780149749,12.988320505981294,86.86915433908788,0.957325637083364,7.998881008285704,4.654967804042681,,
1085,,AK,K222,,HNZ,61.0876,-149.8366,2026-09-10T04:13:00.000000Z,2026-09-10T04:14:00.000000Z,100.0,200.0,60.0,,noise,0,Noise,events:arr_summer_2026.csv,AK,2.0-20.0,13.084927608697567,172.2315333820514,12.785694489873032,144.49321232722812,0.954785900814166,6.255455083192492,11.814055365745304,,
1086,,AK,K222,,HNZ,61.0876,-149.8366,2026-09-10T04:14:00.000000Z,2026-09-10T04:15:00.000000Z,100.0,200.0,60.0,,noise,0,Noise,events:arr_summer_2026.csv,AK,2.0-20.0,15.071809541878222,86.53596706844156,14.547813627362085,79.39124999326472,0.9316754728118416,4.892172072673277,2.453084555020971,,
1087,,AK,K222,,HNZ,61.0876,-149.8366,2026-09-10T04:15:00.000000Z,2026-09-10T04:16:00.000000Z,100.0,200.0,60.0,,noise,0,Noise,events:arr_summer_2026.csv,AK,2.0-20.0,18.917081256994255,135.00639207572152,18.556850478678655,132.21675880560286,0.9622773825764521,4.253463234997974,4.490433894063816,,
1088,,AK,K222,,HNZ,61.0876,-149.8366,2026-09-10T04:16:00.000000Z,2026-09-10T04:17:00.000000Z,100.0,200.0,60.0,,noise,0,Noise,events:arr_summer_2026.csv,AK,2.0-20.0,16.87952797417037,110.79630116763815,16.26505323709553,104.40506665603327,0.9285181188532677,4.065987409766503,3.6673523560462584,,
1089,,AK,K222,,HNZ,61.0876,-149.8366,2026-09-10T04:17:00.000000Z,2026-09-10T04:18:00.000000Z,100.0,200.0,60.0,,noise,0,Noise,events:arr_summer_2026.csv,AK,2.0-20.0,14.136934529861986,91.56009965937645,13.79651404310256,85.86499752154576,0.9524194179403489,3.9487623319851535,2.813008291100327,,
1090,,AK,K222,,HNZ,61.0876,-149.8366,2026-09-10T04:18:00.000000Z,2026-09-10T04:19:00.000000Z,100.0,200.0,60.0,,noise,0,Noise,events:arr_summer_2026.csv,AK,2.0-20.0,11.097444772942447,106.61140268905119,10.659239080983191,91.19285144084708,0.9225850690689648,5.401076152241639,7.961551195365097,,
1091,,AK,K222,,HNZ,61.0876,-149.8366,2026-09-10T04:19:00.000000Z,2026-09-10T04:20:00.000000Z,100.0,200.0,60.0,,noise,0,Noise,events:arr_summer_2026.csv,AK,2.0-20.0,24.062160347323008,129.14942804384495,23.41696202300346,123.61553747092415,0.9470913500062156,4.099991648398734,2.5887775283536296,,
1092,,AK,K222,,HNZ,61.0876,-149.8366,2026-09-10T04:20:00.000000Z,2026-09-10T04:21:00.000000Z,100.0,200.0,60.0,,noise,0,Noise,events:arr_summer_2026.csv,AK,2.0-20.0,14.692368193529331,99.34914997124886,14.3511035800206,94.5890885397387,0.9540848317071827,3.370816824426306,2.9911647362764784,,
1093,,AK,K222,,HNZ,61.0876,-149.8366,2026-09-10T04:21:00.000000Z,2026-09-10T04:22:00.000000Z,100.0,200.0,60.0,,noise,0,Noise,events:arr_summer_2026.csv,AK,2.0-20.0,11.799615995166885,84.2548168991284,11.467552365874674,91.08820160786685,0.9445081639135134,5.415193312869912,5.616608185372563,,
1094,,AK,K222,,HNZ,61.0876,-149.8366,2026-09-10T04:22:00.000000Z,2026-09-10T04:23:00.000000Z,100.0,200.0,60.0,,noise,0,Noise,events:arr_summer_2026.csv,AK,2.0-20.0,14.75208980226035,119.40917930534538,14.268171322766845,132.69572257770005,0.9354692923093364,5.034186699467069,5.063529751497448,,
1095,,AK,K222,,HNZ,61.0876,-149.8366,2026-09-10T04:23:00.000000Z,2026-09-10T04:24:00.000000Z,100.0,200.0,60.0,,noise,0,Noise,events:arr_summer_2026.csv,AK,2.0-20.0,16.68366715898516,90.36875245107805,16.25610126587089,96.77338725621983,0.9494011598492965,4.646788512240937,2.5094889109996084,,
1096,,AK,K222,,HNZ,61.0876,-149.8366,2026-09-10T04:27:00.000000Z,2026-09-10T04:28:00.000000Z,100.0,200.0,60.0,,noise,0,Noise,events:arr_summer_2026.csv,AK,2.0-20.0,17.34560684458158,131.21227649192272,16.820048639888757,142.8260986027142,0.9403196198533821,5.812147227480276,4.069331653913607,,
1097,,AK,K222,,HNZ,61.0876,-149.8366,2026-09-10T04:28:00.000000Z,2026-09-10T04:29:00.000000Z,100.0,200.0,60.0,,noise,0,Noise,events:arr_summer_2026.csv,AK,2.0-20.0,18.10671701336568,92.841771266441,17.69169518956011,85.5259773756769,0.9546836136527259,3.9591461626473743,1.230020720157773,,
1098,,AK,K222,,HNZ,61.0876,-149.8366,2026-09-10T04:29:00.000000Z,2026-09-10T04:30:00.000000Z,100.0,200.0,60.0,,noise,0,Noise,events:arr_summer_2026.csv,AK,2.0-20.0,15.654245920267208,112.47844924605054,15.102335620285734,117.2640910947398,0.9307304671417291,4.266238299634605,2.440610901600359,,
1099,glacier_discovery_back_2026-09-09,AK,K222,,HNZ,61.0876,-149.8366,2026-09-10T04:39:00.000000Z,2026-09-10T04:40:00.000000Z,100.0,200.0,60.0,,train,4,Train,"events:search900s,rms>=3x",AK,2.0-20.0,243.67069961096922,1807.2402394317305,226.49845616359954,1582.0073135873213,0.8640201520300771,7.213861188568574,8.919098521032149,,
1100,,AK,K222,,HNZ,61.0876,-149.8366,2026-09-10T05:01:00.000000Z,2026-09-10T05:02:00.000000Z,100.0,200.0,60.0,,noise,0,Noise,events:arr_summer_2026.csv,AK,2.0-20.0,21.26503552921546,98.71637389583623,19.18899682782988,89.20390090638938,0.8142772791358526,2.830666065977397,1.035558487423148,,
1101,,AK,K222,,HNZ,61.0876,-149.8366,2026-09-10T05:02:00.000000Z,2026-09-10T05:03:00.000000Z,100.0,200.0,60.0,,noise,0,Noise,events:arr_summer_2026.csv,AK,2.0-20.0,28.423276485210387,149.14201746824503,26.243794332934232,151.64463957454976,0.8525207767087677,3.4847196511684193,1.2708579605130543,,
1102,,AK,K222,,HNZ,61.0876,-149.8366,2026-09-10T05:03:00.000000Z,2026-09-10T05:04:00.000000Z,100.0,200.0,60.0,,noise,0,Noise,events:arr_summer_2026.csv,AK,2.0-20.0,24.1134711231624,130.99395124780585,22.836387509538095,117.52181590891726,0.8968820765789471,2.881824821486422,1.4999169248640998,,
1103,,AK,K222,,HNZ,61.0876,-149.8366,2026-09-10T05:04:00.000000Z,2026-09-10T05:05:00.000000Z,100.0,200.0,60.0,,noise,0,Noise,events:arr_summer_2026.csv,AK,2.0-20.0,13.427610636779495,70.52626491896821,12.948320438260254,64.07967700940779,0.9298853342275679,3.669754984280433,1.968981506320107,,
1104,,AK,K222,,HNZ,61.0876,-149.8366,2026-09-10T05:05:00.000000Z,2026-09-10T05:06:00.000000Z,100.0,200.0,60.0,,noise,0,Noise,events:arr_summer_2026.csv,AK,2.0-20.0,18.293722761071532,111.42697225172839,16.87367744385365,91.54387294049911,0.8507761359652273,3.089499410208469,1.6472434916322518,,
1105,,AK,K222,,HNZ,61.0876,-149.8366,2026-09-10T05:06:00.000000Z,2026-09-10T05:07:00.000000Z,100.0,200.0,60.0,,noise,0,Noise,events:arr_summer_2026.csv,AK,2.0-20.0,20.748368925220554,115.64260964415766,19.30704942821366,110.12729783033456,0.8658923320734164,4.896775866902733,2.0181931245677314,,
1106,,AK,K222,,HNZ,61.0876,-149.8366,2026-09-10T05:07:00.000000Z,2026-09-10T05:08:00.000000Z,100.0,200.0,60.0,,noise,0,Noise,events:arr_summer_2026.csv,AK,2.0-20.0,21.02557851805038,120.89615592199152,19.10783785453628,114.5470064002197,0.8258994675179065,3.112920987757878,2.871433183948966,,
1107,,AK,K222,,HNZ,61.0876,-149.8366,2026-09-10T05:08:00.000000Z,2026-09-10T05:09:00.000000Z,100.0,200.0,60.0,,noise,0,Noise,events:arr_summer_2026.csv,AK,2.0-20.0,11.695810165438349,105.23181232622326,11.096847015112836,96.34832006037776,0.900199103736604,3.7309118554361858,8.179877906907281,,
1108,,AK,K222,,HNZ,61.0876,-149.8366,2026-09-10T05:09:00.000000Z,2026-09-10T05:10:00.000000Z,100.0,200.0,60.0,,noise,0,Noise,events:arr_summer_2026.csv,AK,2.0-20.0,14.656967929999377,80.86630608740009,14.002263651843155,84.23034993918624,0.9126583392666208,5.594103631569319,2.1934532248081293,,
1109,,AK,K222,,HNZ,61.0876,-149.8366,2026-09-10T05:10:00.000000Z,2026-09-10T05:11:00.000000Z,100.0,200.0,60.0,,noise,0,Noise,events:arr_summer_2026.csv,AK,2.0-20.0,16.065518016428715,105.74934452201502,15.663162629259155,105.90921124832236,0.9505379209752348,4.3990880914260835,2.917861967826264,,
1110,,AK,K222,,HNZ,61.0876,-149.8366,2026-09-10T05:11:00.000000Z,2026-09-10T05:12:00.000000Z,100.0,200.0,60.0,,noise,0,Noise,events:arr_summer_2026.csv,AK,2.0-20.0,15.223822720026197,116.34577105965923,14.786605129148203,110.59332743774878,0.94338619065965,4.4835281052959415,3.1453827735579605,,
1111,,AK,K222,,HNZ,61.0876,-149.8366,2026-09-10T05:12:00.000000Z,2026-09-10T05:13:00.000000Z,100.0,200.0,60.0,,noise,0,Noise,events:arr_summer_2026.csv,AK,2.0-20.0,13.648274335398858,125.59821065455273,13.281330221159196,127.82537647056401,0.9469513403407789,4.437387849432084,10.186988655756423,,
1112,,AK,K222,,HNZ,61.0876,-149.8366,2026-09-10T05:13:00.000000Z,2026-09-10T05:14:00.000000Z,100.0,200.0,60.0,,noise,0,Noise,events:arr_summer_2026.csv,AK,2.0-20.0,12.04309991334185,82.34098777742405,11.611297710957043,84.60195876954836,0.9295760845904,4.421857569951136,2.9627922233913884,,
1113,,AK,K222,,HNZ,61.0876,-149.8366,2026-09-10T05:14:00.000000Z,2026-09-10T05:15:00.000000Z,100.0,200.0,60.0,,noise,0,Noise,events:arr_summer_2026.csv,AK,2.0-20.0,8.312025535035373,79.61760355781202,8.009790730536828,77.06834336503607,0.928599833875002,5.820589400811473,6.277078032580798,,
1114,,AK,K222,,HNZ,61.0876,-149.8366,2026-09-10T05:15:00.000000Z,2026-09-10T05:16:00.000000Z,100.0,200.0,60.0,,noise,0,Noise,events:arr_summer_2026.csv,AK,2.0-20.0,10.346931642438774,61.878738111091224,10.069651186702105,63.970067252494324,0.9471214966806534,6.380270127682104,3.7240603601429365,,
1115,,AK,K222,,HNZ,61.0876,-149.8366,2026-09-10T05:16:00.000000Z,2026-09-10T05:17:00.000000Z,100.0,200.0,60.0,,noise,0,Noise,events:arr_summer_2026.csv,AK,2.0-20.0,9.8559239541194,54.51438503929688,9.197492629728396,61.57525596625191,0.8708517103459712,3.7045876954437946,3.072125308691251,,
1116,,AK,K222,,HNZ,61.0876,-149.8366,2026-09-10T05:17:00.000000Z,2026-09-10T05:18:00.000000Z,100.0,200.0,60.0,,noise,0,Noise,events:arr_summer_2026.csv,AK,2.0-20.0,12.683172586390793,85.92596424000118,12.220522552945019,81.81472303802863,0.9283756679567421,4.622774927333088,5.034129662963178,,
1117,,AK,K222,,HNZ,61.0876,-149.8366,2026-09-10T05:21:00.000000Z,2026-09-10T05:22:00.000000Z,100.0,200.0,60.0,,noise,0,Noise,events:arr_summer_2026.csv,AK,2.0-20.0,8.718767341730919,78.95220540471466,8.03147470846922,76.91520273946267,0.8485558163138728,6.0935560380933165,6.116338475564133,,
1118,,AK,K222,,HNZ,61.0876,-149.8366,2026-09-10T05:22:00.000000Z,2026-09-10T05:23:00.000000Z,100.0,200.0,60.0,,noise,0,Noise,events:arr_summer_2026.csv,AK,2.0-20.0,6.785603323403273,53.974828833597584,5.904893496856089,51.744401705764744,0.7572638099693197,4.2866679357278485,6.670748692448807,,
1119,,AK,K222,,HNZ,61.0876,-149.8366,2026-09-10T05:23:00.000000Z,2026-09-10T05:24:00.000000Z,100.0,200.0,60.0,,noise,0,Noise,events:arr_summer_2026.csv,AK,2.0-20.0,10.327827234622626,81.70720162311741,9.289064155805091,81.77152541466624,0.8089580405970567,5.215975485976095,8.758217017188679,,
1120,,AK,K222,,HNZ,61.0876,-149.8366,2026-09-10T05:27:00.000000Z,2026-09-10T05:28:00.000000Z,100.0,200.0,60.0,,noise,0,Noise,events:arr_summer_2026.csv,AK,2.0-20.0,11.484884340790742,94.01407124438389,10.69450416466116,76.01794840856024,0.8670977433079343,4.236305448163956,4.13169191663941,,
1121,,AK,K222,,HNZ,61.0876,-149.8366,2026-09-10T05:28:00.000000Z,2026-09-10T05:29:00.000000Z,100.0,200.0,60.0,,noise,0,Noise,events:arr_summer_2026.csv,AK,2.0-20.0,15.530803300551685,108.15328965400087,15.098711896073116,104.2035971290978,0.9451308905810715,6.984065786431449,5.295874860428315,,
1122,,AK,K222,,HNZ,61.0876,-149.8366,2026-09-10T05:29:00.000000Z,2026-09-10T05:30:00.000000Z,100.0,200.0,60.0,,noise,0,Noise,events:arr_summer_2026.csv,AK,2.0-20.0,12.991154967287759,85.67354126019694,12.53881809752524,85.11685634603057,0.9315746829799796,4.777496064222996,4.226208335191184,,
1123,coastal_classic_back_2026-09-09,AK,K222,,HNZ,61.0876,-149.8366,2026-09-10T05:48:00.000000Z,2026-09-10T05:49:00.000000Z,100.0,200.0,60.0,,train,4,Train,"events:search900s,rms>=3x",AK,2.0-20.0,315.433325485261,2618.1391475170167,290.2306487310735,2225.132240658687,0.8465866116327089,7.428878426466961,6.9152811278759625,,
1124,,AK,K222,,HNZ,61.0876,-149.8366,2026-09-10T06:01:00.000000Z,2026-09-10T06:02:00.000000Z,100.0,200.0,60.0,,noise,0,Noise,events:arr_summer_2026.csv,AK,2.0-20.0,5.042790561472065,34.91940588068428,4.6988981480525895,32.33169591906736,0.8682608126218323,3.7112954986022113,4.407041309595078,,
1125,,AK,K222,,HNZ,61.0876,-149.8366,2026-09-10T06:02:00.000000Z,2026-09-10T06:03:00.000000Z,100.0,200.0,60.0,,noise,0,Noise,events:arr_summer_2026.csv,AK,2.0-20.0,12.65819573351269,83.99841318034852,12.237354392617883,88.91124848069339,0.9346122325475833,4.863246203807473,6.178181650762097,,
1126,,AK,K222,,HNZ,61.0876,-149.8366,2026-09-10T06:03:00.000000Z,2026-09-10T06:04:00.000000Z,100.0,200.0,60.0,,noise,0,Noise,events:arr_summer_2026.csv,AK,2.0-20.0,4.546668784383198,39.16125331859565,4.175167938965795,40.6822168382005,0.8432595378783942,4.726471101592302,9.265273822574436,,
1127,,AK,K222,,HNZ,61.0876,-149.8366,2026-09-10T06:04:00.000000Z,2026-09-10T06:05:00.000000Z,100.0,200.0,60.0,,noise,0,Noise,events:arr_summer_2026.csv,AK,2.0-20.0,6.152535098231116,47.37509731852158,5.6672072892784255,46.87923798959049,0.8484573113493679,4.815838052396254,5.542497379188401,,
1128,,AK,K222,,HNZ,61.0876,-149.8366,2026-09-10T06:05:00.000000Z,2026-09-10T06:06:00.000000Z,100.0,200.0,60.0,,noise,0,Noise,events:arr_summer_2026.csv,AK,2.0-20.0,9.333982844183208,52.28994779815902,8.902438452354868,56.78314908328569,0.90967018992004,4.253030128837997,2.4206465048798975,,
1129,,AK,K222,,HNZ,61.0876,-149.8366,2026-09-10T06:06:00.000000Z,2026-09-10T06:07:00.000000Z,100.0,200.0,60.0,,noise,0,Noise,events:arr_summer_2026.csv,AK,2.0-20.0,14.364763407550305,98.66422828778461,13.75965955337138,94.70181689707593,0.9175260899092152,5.554206192324371,6.378726579945885,,
1130,,AK,K222,,HNZ,61.0876,-149.8366,2026-09-10T06:07:00.000000Z,2026-09-10T06:08:00.000000Z,100.0,200.0,60.0,,noise,0,Noise,events:arr_summer_2026.csv,AK,2.0-20.0,9.975257331457918,80.2707558120334,9.612146478561124,78.99183215173821,0.9285227409226989,5.330445723889388,9.95804610517468,,
1131,,AK,K222,,HNZ,61.0876,-149.8366,2026-09-10T06:08:00.000000Z,2026-09-10T06:09:00.000000Z,100.0,200.0,60.0,,noise,0,Noise,events:arr_summer_2026.csv,AK,2.0-20.0,13.806112724068315,66.76287519104453,13.267131286547729,74.97328686586411,0.9234454027623809,3.7073938702527616,1.427236253815968,,
1132,,AK,K222,,HNZ,61.0876,-149.8366,2026-09-10T06:09:00.000000Z,2026-09-10T06:10:00.000000Z,100.0,200.0,60.0,,noise,0,Noise,events:arr_summer_2026.csv,AK,2.0-20.0,13.609884970918353,78.58436540268549,13.18426498686789,66.28711521729778,0.9384322779310842,3.3587309109721404,1.1719484254088615,,
1133,,AK,K222,,HNZ,61.0876,-149.8366,2026-09-10T06:10:00.000000Z,2026-09-10T06:11:00.000000Z,100.0,200.0,60.0,,noise,0,Noise,events:arr_summer_2026.csv,AK,2.0-20.0,5.697454735990138,66.73445728181899,5.303168343444755,61.68362014837313,0.8663812802036971,3.7239431346486063,15.881584576985631,,
1134,,AK,K222,,HNZ,61.0876,-149.8366,2026-09-10T06:11:00.000000Z,2026-09-10T06:12:00.000000Z,100.0,200.0,60.0,,noise,0,Noise,events:arr_summer_2026.csv,AK,2.0-20.0,12.506404596397262,105.1363393644926,12.095653993075388,90.70388211697619,0.9353922362101159,4.590271457333975,4.999594742953865,,
1135,,AK,K222,,HNZ,61.0876,-149.8366,2026-09-10T06:12:00.000000Z,2026-09-10T06:13:00.000000Z,100.0,200.0,60.0,,noise,0,Noise,events:arr_summer_2026.csv,AK,2.0-20.0,15.865769993698704,103.45945977218612,15.178056889982102,94.65555263516123,0.9151874259153054,4.897043441332498,2.9980191101682907,,
1136,,AK,K222,,HNZ,61.0876,-149.8366,2026-09-10T06:13:00.000000Z,2026-09-10T06:14:00.000000Z,100.0,200.0,60.0,,noise,0,Noise,events:arr_summer_2026.csv,AK,2.0-20.0,267.9345788709174,1640.111780835555,244.7723243789411,1315.5571321358084,0.8345783067427334,6.350565758508523,4.07728641871537,,
1137,,AK,K222,,HNZ,61.0876,-149.8366,2026-09-10T06:14:00.000000Z,2026-09-10T06:15:00.000000Z,100.0,200.0,60.0,,noise,0,Noise,events:arr_summer_2026.csv,AK,2.0-20.0,39.206234714053586,250.62954621524221,29.036392879345655,209.9507387764655,0.5484980108726559,1.2958090250540666,4.651901800678624,,
1138,,AK,K222,,HNZ,61.0876,-149.8366,2026-09-10T06:18:00.000000Z,2026-09-10T06:19:00.000000Z,100.0,200.0,60.0,,noise,0,Noise,events:arr_summer_2026.csv,AK,2.0-20.0,10.324635171458786,73.38136239571622,10.04674235047509,70.72095753379509,0.94689342472004,6.143252889794757,5.82275780511408,,
1139,,AK,K222,,HNZ,61.0876,-149.8366,2026-09-10T06:19:00.000000Z,2026-09-10T06:20:00.000000Z,100.0,200.0,60.0,,noise,0,Noise,events:arr_summer_2026.csv,AK,2.0-20.0,11.590426612851894,86.42375910287404,10.070620570530467,75.26772538852825,0.7549420635165731,5.111632425929518,9.228840388399869,,
1140,,AK,K222,,HNZ,61.0876,-149.8366,2026-09-10T06:20:00.000000Z,2026-09-10T06:21:00.000000Z,100.0,200.0,60.0,,noise,0,Noise,events:arr_summer_2026.csv,AK,2.0-20.0,4.8633867215015725,54.27293417790607,4.482365270324119,53.461912288705626,0.8494481594308937,4.48369743560268,17.91885471991498,,
1141,,AK,K222,,HNZ,61.0876,-149.8366,2026-09-10T06:21:00.000000Z,2026-09-10T06:22:00.000000Z,100.0,200.0,60.0,,noise,0,Noise,events:arr_summer_2026.csv,AK,2.0-20.0,5.146711882979376,53.739259698852614,4.706086202697779,47.42845565738553,0.836103501966851,4.234814676390321,11.109607755672817,,
1142,,AK,K222,,HNZ,61.0876,-149.8366,2026-09-10T06:22:00.000000Z,2026-09-10T06:23:00.000000Z,100.0,200.0,60.0,,noise,0,Noise,events:arr_summer_2026.csv,AK,2.0-20.0,5.00111921898294,38.94528206137401,4.532831091282726,33.607683427968844,0.8214944940292944,3.6679289117617158,7.214913319307804,,
1143,,AK,K222,,HNZ,61.0876,-149.8366,2026-09-10T06:23:00.000000Z,2026-09-10T06:24:00.000000Z,100.0,200.0,60.0,,noise,0,Noise,events:arr_summer_2026.csv,AK,2.0-20.0,5.676514066151587,64.04964720340003,5.265460662366151,55.482600893118786,0.8604176456040716,5.363862463544896,16.744854598854282,,
1144,,AK,K222,,HNZ,61.0876,-149.8366,2026-09-10T06:24:00.000000Z,2026-09-10T06:25:00.000000Z,100.0,200.0,60.0,,noise,0,Noise,events:arr_summer_2026.csv,AK,2.0-20.0,13.180499573895014,92.9845895431856,12.703266482981768,94.17041334874543,0.9288959607404816,3.1883329281882924,2.908078758020774,,
1145,,AK,K222,,HNZ,61.0876,-149.8366,2026-09-10T06:27:00.000000Z,2026-09-10T06:28:00.000000Z,100.0,200.0,60.0,,noise,0,Noise,events:arr_summer_2026.csv,AK,2.0-20.0,11.73910474843201,84.75040032091952,10.562586932700302,81.32330307885695,0.8096002561872965,3.5289852607684855,9.066486562832873,,
1146,,AK,K222,,HNZ,61.0876,-149.8366,2026-09-10T06:28:00.000000Z,2026-09-10T06:29:00.000000Z,100.0,200.0,60.0,,noise,0,Noise,events:arr_summer_2026.csv,AK,2.0-20.0,13.003588956383743,88.15137337693167,12.392375160454703,72.33593909317415,0.9082023872876368,3.729493519297918,3.078483162092482,,
1147,,AK,K222,,HNZ,61.0876,-149.8366,2026-09-10T06:29:00.000000Z,2026-09-10T06:30:00.000000Z,100.0,200.0,60.0,,noise,0,Noise,events:arr_summer_2026.csv,AK,2.0-20.0,11.69602831518327,115.67759429583715,10.889447874747685,103.87102724357396,0.8668319268766068,8.239229952271067,11.322907396182663,,
1148,,AK,K222,,HNZ,61.0876,-149.8366,2026-09-10T06:30:00.000000Z,2026-09-10T06:31:00.000000Z,100.0,200.0,60.0,,noise,0,Noise,events:arr_summer_2026.csv,AK,2.0-20.0,18.124822468169526,207.5312876374998,17.37862276415861,197.40458480195724,0.9193548881727212,6.7254615337270485,28.232164802505185,,
1149,,AK,K222,,HNZ,61.0876,-149.8366,2026-09-10T06:31:00.000000Z,2026-09-10T06:32:00.000000Z,100.0,200.0,60.0,,noise,0,Noise,events:arr_summer_2026.csv,AK,2.0-20.0,12.977639149575728,84.45760641735676,12.186103099589186,86.07260230116944,0.8817354621521534,6.3072483165391935,3.7333136904573188,,
1150,,AK,K222,,HNZ,61.0876,-149.8366,2026-09-10T06:32:00.000000Z,2026-09-10T06:33:00.000000Z,100.0,200.0,60.0,,noise,0,Noise,events:arr_summer_2026.csv,AK,2.0-20.0,10.021461818420827,72.19207423963844,9.112576910654793,72.38507774854705,0.8268376829886716,5.829254780186464,5.096558866837174,,
1151,,AK,K222,,HNZ,61.0876,-149.8366,2026-09-10T06:33:00.000000Z,2026-09-10T06:34:00.000000Z,100.0,200.0,60.0,,noise,0,Noise,events:arr_summer_2026.csv,AK,2.0-20.0,5.276997056715279,26.712957755533786,3.134750237947228,27.127141139462662,0.3528841759511131,2.9581257305572155,5.252161974509535,,
1152,,AK,K222,,HNZ,61.0876,-149.8366,2026-09-10T06:34:00.000000Z,2026-09-10T06:35:00.000000Z,100.0,200.0,60.0,,noise,0,Noise,events:arr_summer_2026.csv,AK,2.0-20.0,9.754536898155528,66.55400862054645,8.806716403454738,56.303716299389315,0.8151071652688427,5.706498924823348,5.124319890277906,,
1153,,AK,K222,,HNZ,61.0876,-149.8366,2026-09-10T06:35:00.000000Z,2026-09-10T06:36:00.000000Z,100.0,200.0,60.0,,noise,0,Noise,events:arr_summer_2026.csv,AK,2.0-20.0,11.519265543224003,77.55261235107487,10.709595962508683,71.8696911236182,0.8643638469839332,3.0400269489626353,7.251361299586746,,
1154,,AK,K222,,HNZ,61.0876,-149.8366,2026-09-10T06:36:00.000000Z,2026-09-10T06:37:00.000000Z,100.0,200.0,60.0,,noise,0,Noise,events:arr_summer_2026.csv,AK,2.0-20.0,10.901213706956538,87.67898479548202,10.317820701808703,89.64776266499835,0.8958313280250507,4.395116934282106,9.718687532368673,,
1155,,AK,K222,,HNZ,61.0876,-149.8366,2026-09-10T06:37:00.000000Z,2026-09-10T06:38:00.000000Z,100.0,200.0,60.0,,noise,0,Noise,events:arr_summer_2026.csv,AK,2.0-20.0,3.7867715738884584,27.859917157096394,3.2614768897673674,24.946544134925936,0.7418060899226747,2.3995825121380356,3.5416788623495528,,
1156,,AK,K222,,HNZ,61.0876,-149.8366,2026-09-10T06:38:00.000000Z,2026-09-10T06:39:00.000000Z,100.0,200.0,60.0,,noise,0,Noise,events:arr_summer_2026.csv,AK,2.0-20.0,9.457816787189438,102.12547230250576,9.209931408586122,116.47275955258127,0.948267787665495,5.7228929532973885,17.751216505949365,,
1157,,AK,K222,,HNZ,61.0876,-149.8366,2026-09-10T06:39:00.000000Z,2026-09-10T06:40:00.000000Z,100.0,200.0,60.0,,noise,0,Noise,events:arr_summer_2026.csv,AK,2.0-20.0,5.805331646308885,97.75342870335015,5.493580846154643,107.72948841134102,0.8954822259690578,7.241657658443684,65.62615434101323,,
1158,,AK,K222,,HNZ,61.0876,-149.8366,2026-09-10T06:40:00.000000Z,2026-09-10T06:41:00.000000Z,100.0,200.0,60.0,,noise,0,Noise,events:arr_summer_2026.csv,AK,2.0-20.0,7.512317779872487,59.96126223871964,7.167799904394434,57.410729857465725,0.9103823820884562,5.139757028190407,10.622592097976973,,
1159,,AK,K222,,HNZ,61.0876,-149.8366,2026-09-10T06:41:00.000000Z,2026-09-10T06:42:00.000000Z,100.0,200.0,60.0,,noise,0,Noise,events:arr_summer_2026.csv,AK,2.0-20.0,9.839255926450234,100.22294378712384,9.242106209080477,87.90116863815092,0.8823022689017681,6.55689175124608,9.933599620878365,,
1160,,AK,K222,,HNZ,61.0876,-149.8366,2026-09-10T06:42:00.000000Z,2026-09-10T06:43:00.000000Z,100.0,200.0,60.0,,noise,0,Noise,events:arr_summer_2026.csv,AK,2.0-20.0,5.907756949584334,34.58236937615646,5.328001742566743,32.63020497899898,0.8133612479958391,4.479958832178835,3.2491760695195255,,
1161,,AK,K222,,HNZ,61.0876,-149.8366,2026-09-10T06:43:00.000000Z,2026-09-10T06:44:00.000000Z,100.0,200.0,60.0,,noise,0,Noise,events:arr_summer_2026.csv,AK,2.0-20.0,13.624018412054184,86.80815568642971,13.100638120055992,81.32158794305008,0.9246437889599097,6.230958231255826,2.7064255125715935,,
1162,,AK,K222,,HNZ,61.0876,-149.8366,2026-09-10T06:44:00.000000Z,2026-09-10T06:45:00.000000Z,100.0,200.0,60.0,,noise,0,Noise,events:arr_summer_2026.csv,AK,2.0-20.0,6.387954253820478,62.441865132028056,5.632149135818368,57.46608785688039,0.7773644888826599,2.4720914381863377,18.182000026282672,,
1163,,AK,K222,,HNZ,61.0876,-149.8366,2026-09-10T06:45:00.000000Z,2026-09-10T06:46:00.000000Z,100.0,200.0,60.0,,noise,0,Noise,events:arr_summer_2026.csv,AK,2.0-20.0,6.864254356011426,52.74807384963647,6.2880186793315165,53.66413532143541,0.8391525339691601,3.9222709500580972,6.411590239924102,,
1164,,AK,K222,,HNZ,61.0876,-149.8366,2026-09-10T06:46:00.000000Z,2026-09-10T06:47:00.000000Z,100.0,200.0,60.0,,noise,0,Noise,events:arr_summer_2026.csv,AK,2.0-20.0,5.149846900203287,60.64668793859223,4.284783041334427,51.69180863798394,0.6922596790908513,5.565458257925101,17.312189173864702,,
1165,,AK,K222,,HNZ,61.0876,-149.8366,2026-09-10T06:47:00.000000Z,2026-09-10T06:48:00.000000Z,100.0,200.0,60.0,,noise,0,Noise,events:arr_summer_2026.csv,AK,2.0-20.0,13.27194173172247,77.1414105686415,12.388163982200975,75.85918593750739,0.8712543477156852,5.211603427619188,4.161039627286726,,
1166,,AK,K222,,HNZ,61.0876,-149.8366,2026-09-10T06:48:00.000000Z,2026-09-10T06:49:00.000000Z,100.0,200.0,60.0,,noise,0,Noise,events:arr_summer_2026.csv,AK,2.0-20.0,16.651626727937348,84.69717997732758,16.114612424935835,85.5811575188093,0.9365401390958263,5.751829149560863,3.687614511040726,,
1167,,AK,K222,,HNZ,61.0876,-149.8366,2026-09-10T06:49:00.000000Z,2026-09-10T06:50:00.000000Z,100.0,200.0,60.0,,noise,0,Noise,events:arr_summer_2026.csv,AK,2.0-20.0,6.1850376062091605,64.42357163625867,5.34052075344101,59.095070671735016,0.7455598719036172,5.317320611916547,8.179928772987354,,
1168,,AK,K222,,HNZ,61.0876,-149.8366,2026-09-10T06:50:00.000000Z,2026-09-10T06:51:00.000000Z,100.0,200.0,60.0,,noise,0,Noise,events:arr_summer_2026.csv,AK,2.0-20.0,5.949134970762612,45.468867580749055,4.631293237799036,42.72474866589115,0.6060338965262594,4.589540922362739,8.631797455977818,,
1169,,AK,K222,,HNZ,61.0876,-149.8366,2026-09-10T06:51:00.000000Z,2026-09-10T06:52:00.000000Z,100.0,200.0,60.0,,noise,0,Noise,events:arr_summer_2026.csv,AK,2.0-20.0,4.036104927568472,16.63026382403103,2.4805578768165617,12.895702784722758,0.37772334996662993,2.335349611911325,0.7708646823724177,,
1170,,AK,K222,,HNZ,61.0876,-149.8366,2026-09-10T06:52:00.000000Z,2026-09-10T06:53:00.000000Z,100.0,200.0,60.0,,noise,0,Noise,events:arr_summer_2026.csv,AK,2.0-20.0,4.1336588396108604,17.123919078699355,2.4734531881408612,12.047048314515186,0.3580454259818876,2.104401613215689,0.4941958536630624,,
1171,,AK,K222,,HNZ,61.0876,-149.8366,2026-09-10T06:53:00.000000Z,2026-09-10T06:54:00.000000Z,100.0,200.0,60.0,,noise,0,Noise,events:arr_summer_2026.csv,AK,2.0-20.0,6.655307408469886,49.33424211961239,5.826417354567565,45.85326646932307,0.7664201961353561,4.409747555100117,6.322203000882396,,
1172,,AK,K222,,HNZ,61.0876,-149.8366,2026-09-10T06:54:00.000000Z,2026-09-10T06:55:00.000000Z,100.0,200.0,60.0,,noise,0,Noise,events:arr_summer_2026.csv,AK,2.0-20.0,12.283033101306646,87.50948702488485,11.599651087325215,77.7114982314923,0.8918228748462851,4.644209990296337,7.380008885573302,,
1173,,AK,K222,,HNZ,61.0876,-149.8366,2026-09-10T06:55:00.000000Z,2026-09-10T06:56:00.000000Z,100.0,200.0,60.0,,noise,0,Noise,events:arr_summer_2026.csv,AK,2.0-20.0,3.7776913298194894,13.026615717716828,2.184527432048845,8.331677691829595,0.33439676440692145,2.321003813808514,-0.05580373632576796,,
1174,,AK,K222,,HNZ,61.0876,-149.8366,2026-09-10T06:56:00.000000Z,2026-09-10T06:57:00.000000Z,100.0,200.0,60.0,,noise,0,Noise,events:arr_summer_2026.csv,AK,2.0-20.0,3.3232657606203646,12.822955642085146,2.294002073027248,9.760761378518144,0.476494032387316,1.754384588896472,0.30219588197072955,,
1175,,AK,K222,,HNZ,61.0876,-149.8366,2026-09-10T06:57:00.000000Z,2026-09-10T06:58:00.000000Z,100.0,200.0,60.0,,noise,0,Noise,events:arr_summer_2026.csv,AK,2.0-20.0,4.86386150632074,55.314196441205716,4.296821708326386,43.76201817519871,0.7804269646426513,5.242576925091617,16.86709121152401,,
1176,,AK,K222,,HNZ,61.0876,-149.8366,2026-09-10T06:58:00.000000Z,2026-09-10T06:59:00.000000Z,100.0,200.0,60.0,,noise,0,Noise,events:arr_summer_2026.csv,AK,2.0-20.0,5.402548040284486,40.890393508489595,4.623478978381294,37.9178385246495,0.7323867859168322,4.340163740164779,7.495678039836838,,
1177,,AK,K222,,HNZ,61.0876,-149.8366,2026-09-10T06:59:00.000000Z,2026-09-10T07:00:00.000000Z,100.0,200.0,60.0,,noise,0,Noise,events:arr_summer_2026.csv,AK,2.0-20.0,10.665700241493832,87.85103747665794,9.893311738475214,90.37159504789088,0.8604083975230724,5.240788485318786,5.585219036137357,,
1178,,AK,K222,,HNZ,61.0876,-149.8366,2026-09-10T07:00:00.000000Z,2026-09-10T07:01:00.000000Z,100.0,200.0,60.0,,noise,0,Noise,events:arr_summer_2026.csv,AK,2.0-20.0,16.032891225423725,110.93284386073422,15.577977146391236,107.29481754864639,0.9440574688926725,4.117362425127302,9.842824532723144,,
1179,,AK,K222,,HNZ,61.0876,-149.8366,2026-09-10T07:01:00.000000Z,2026-09-10T07:02:00.000000Z,100.0,200.0,60.0,,noise,0,Noise,events:arr_summer_2026.csv,AK,2.0-20.0,8.591306575429776,108.63072484542299,8.193828957886158,104.54188949042066,0.9096102684253913,4.135279271712198,12.954010027449106,,
1180,,AK,K222,,HNZ,61.0876,-149.8366,2026-09-10T07:02:00.000000Z,2026-09-10T07:03:00.000000Z,100.0,200.0,60.0,,noise,0,Noise,events:arr_summer_2026.csv,AK,2.0-20.0,12.284857046846454,71.25873211675447,11.390535666250445,66.88202569010444,0.8597022872667908,4.630637881706873,3.6829618705644966,,
1181,,AK,K222,,HNZ,61.0876,-149.8366,2026-09-10T07:03:00.000000Z,2026-09-10T07:04:00.000000Z,100.0,200.0,60.0,,noise,0,Noise,events:arr_summer_2026.csv,AK,2.0-20.0,20.46097414121903,99.35021947721583,19.303585143454626,97.56032329922488,0.8900683085916294,5.482867017565454,2.2136757373915836,,
1182,,AK,K222,,HNZ,61.0876,-149.8366,2026-09-10T07:04:00.000000Z,2026-09-10T07:05:00.000000Z,100.0,200.0,60.0,,noise,0,Noise,events:arr_summer_2026.csv,AK,2.0-20.0,11.860082494551426,99.45900080549139,10.710728108506501,104.42166490758336,0.815572493597259,4.1912970796827445,3.9612965336151813,,
1183,,AK,K222,,HNZ,61.0876,-149.8366,2026-09-10T07:05:00.000000Z,2026-09-10T07:06:00.000000Z,100.0,200.0,60.0,,noise,0,Noise,events:arr_summer_2026.csv,AK,2.0-20.0,72.92132104252128,499.39949568773795,64.12017440565243,422.16481434927,0.7731795067249819,2.939250122826598,7.229468734451748,,
1184,,AK,K222,,HNZ,61.0876,-149.8366,2026-09-10T07:06:00.000000Z,2026-09-10T07:07:00.000000Z,100.0,200.0,60.0,,noise,0,Noise,events:arr_summer_2026.csv,AK,2.0-20.0,575.9018287360318,3363.2225512092946,545.1922655139097,3177.0037723121422,0.8961948765780426,4.599227631776296,1.963057213305027,,
1185,,AK,K222,,HNZ,61.0876,-149.8366,2026-09-10T07:07:00.000000Z,2026-09-10T07:08:00.000000Z,100.0,200.0,60.0,,noise,0,Noise,events:arr_summer_2026.csv,AK,2.0-20.0,387.90088014043795,2092.0455363958736,377.30669878991296,2153.9231354118383,0.9461227853187795,1.7313852216675958,2.9485463687277846,,
1186,,AK,K222,,HNZ,61.0876,-149.8366,2026-09-10T07:08:00.000000Z,2026-09-10T07:09:00.000000Z,100.0,200.0,60.0,,noise,0,Noise,events:arr_summer_2026.csv,AK,2.0-20.0,9.677983135326244,50.34412729985747,7.124698646695286,50.62733041633106,0.5419550625179477,3.339915723296386,2.2012564456970374,,
1187,,AK,K222,,HNZ,61.0876,-149.8366,2026-09-10T07:09:00.000000Z,2026-09-10T07:10:00.000000Z,100.0,200.0,60.0,,noise,0,Noise,events:arr_summer_2026.csv,AK,2.0-20.0,20.486736692240772,120.99176384790368,20.004754553163252,132.96903264709223,0.9535004077110324,4.468299673604698,7.113040873034297,,
1188,,AK,K222,,HNZ,61.0876,-149.8366,2026-09-10T07:10:00.000000Z,2026-09-10T07:11:00.000000Z,100.0,200.0,60.0,,noise,0,Noise,events:arr_summer_2026.csv,AK,2.0-20.0,28.509642139495455,329.0669566679031,28.24849381540954,304.3721469223283,0.9817639054548553,9.084231087204138,20.393058082210157,,
1189,,AK,K222,,HNZ,61.0876,-149.8366,2026-09-10T07:11:00.000000Z,2026-09-10T07:12:00.000000Z,100.0,200.0,60.0,,noise,0,Noise,events:arr_summer_2026.csv,AK,2.0-20.0,3.5729053218787747,23.493862948920405,3.1364096152223353,20.647979931178263,0.7705885242748466,4.06164184032067,2.5055125253053747,,
1190,,AK,K222,,HNZ,61.0876,-149.8366,2026-09-10T07:12:00.000000Z,2026-09-10T07:13:00.000000Z,100.0,200.0,60.0,,noise,0,Noise,events:arr_summer_2026.csv,AK,2.0-20.0,8.277542846387504,48.37157007039805,7.770810998002125,52.538534837093046,0.8813122717386386,3.5945922526899112,3.350365231512181,,
1191,,AK,K222,,HNZ,61.0876,-149.8366,2026-09-10T07:13:00.000000Z,2026-09-10T07:14:00.000000Z,100.0,200.0,60.0,,noise,0,Noise,events:arr_summer_2026.csv,AK,2.0-20.0,7.516754781713519,48.806153979040815,6.958807249025376,46.65222497011119,0.8570553087109517,3.6865189243455907,4.918534290819829,,
1192,,AK,K222,,HNZ,61.0876,-149.8366,2026-09-10T07:14:00.000000Z,2026-09-10T07:15:00.000000Z,100.0,200.0,60.0,,noise,0,Noise,events:arr_summer_2026.csv,AK,2.0-20.0,10.078300601673487,72.57427933539563,9.273275401419435,62.94997179216448,0.8466261921400252,5.02966720996675,7.790568671059864,,
1193,,AK,K222,,HNZ,61.0876,-149.8366,2026-09-10T07:15:00.000000Z,2026-09-10T07:16:00.000000Z,100.0,200.0,60.0,,noise,0,Noise,events:arr_summer_2026.csv,AK,2.0-20.0,5.904146510288783,50.507685938276595,5.545363914461478,52.0449901639646,0.8821569341373283,5.2249434969363815,10.942940861979384,,
1194,,AK,K222,,HNZ,61.0876,-149.8366,2026-09-10T07:16:00.000000Z,2026-09-10T07:17:00.000000Z,100.0,200.0,60.0,,noise,0,Noise,events:arr_summer_2026.csv,AK,2.0-20.0,8.125399009279226,80.57377109266669,7.684377436970829,79.98841212158302,0.8943921579385863,5.7330459829997436,11.24424359735709,,
1195,,AK,K222,,HNZ,61.0876,-149.8366,2026-09-10T07:17:00.000000Z,2026-09-10T07:18:00.000000Z,100.0,200.0,60.0,,noise,0,Noise,events:arr_summer_2026.csv,AK,2.0-20.0,8.69304143178176,64.0371357328193,8.195973681374255,57.27607701878145,0.8889096301986636,3.67683537956782,5.538628240196248,,
1196,,AK,K222,,HNZ,61.0876,-149.8366,2026-09-10T07:18:00.000000Z,2026-09-10T07:19:00.000000Z,100.0,200.0,60.0,,noise,0,Noise,events:arr_summer_2026.csv,AK,2.0-20.0,9.31307907661184,99.9548846989744,8.675121430511274,102.23416826162418,0.8676899036471939,4.410958501161376,11.511885481772975,,
1197,,AK,K222,,HNZ,61.0876,-149.8366,2026-09-10T07:19:00.000000Z,2026-09-10T07:20:00.000000Z,100.0,200.0,60.0,,noise,0,Noise,events:arr_summer_2026.csv,AK,2.0-20.0,14.681651310843451,165.0849316199877,14.345052766878274,181.4981069744729,0.9546726689662823,6.927027761142374,26.210445205249428,,
1198,,AK,K222,,HNZ,61.0876,-149.8366,2026-09-10T07:20:00.000000Z,2026-09-10T07:21:00.000000Z,100.0,200.0,60.0,,noise,0,Noise,events:arr_summer_2026.csv,AK,2.0-20.0,5.09857015276922,41.21255999372764,4.432292216486449,38.32935440913317,0.7557183574646249,5.889992411766585,13.27836264372647,,
1199,,AK,K222,,HNZ,61.0876,-149.8366,2026-09-10T07:21:00.000000Z,2026-09-10T07:22:00.000000Z,100.0,200.0,60.0,,noise,0,Noise,events:arr_summer_2026.csv,AK,2.0-20.0,3.3795150972443704,11.427078933719272,2.2009661725664036,8.238345091896544,0.42414851787040264,1.5485692914955171,-0.1402080288384977,,
1200,,AK,K222,,HNZ,61.0876,-149.8366,2026-09-10T07:22:00.000000Z,2026-09-10T07:23:00.000000Z,100.0,200.0,60.0,,noise,0,Noise,events:arr_summer_2026.csv,AK,2.0-20.0,4.714977073022693,27.343232714458157,3.4702065806755833,25.86103965147968,0.5416908346973256,3.7294871900408575,4.966877192326477,,
1201,,AK,K222,,HNZ,61.0876,-149.8366,2026-09-10T07:23:00.000000Z,2026-09-10T07:24:00.000000Z,100.0,200.0,60.0,,noise,0,Noise,events:arr_summer_2026.csv,AK,2.0-20.0,14.14686186938095,79.35159007746206,13.080058427333954,78.71882603310802,0.8548681597360633,5.474885915364344,5.374348056929385,,
1202,,AK,K222,,HNZ,61.0876,-149.8366,2026-09-10T07:27:00.000000Z,2026-09-10T07:28:00.000000Z,100.0,200.0,60.0,,noise,0,Noise,events:arr_summer_2026.csv,AK,2.0-20.0,12.100272850976145,88.73065749438291,11.567205623954894,90.70629386553503,0.9138324694273151,7.100436143043659,7.030601598258562,,
1203,,AK,K222,,HNZ,61.0876,-149.8366,2026-09-10T07:28:00.000000Z,2026-09-10T07:29:00.000000Z,100.0,200.0,60.0,,noise,0,Noise,events:arr_summer_2026.csv,AK,2.0-20.0,13.254140107754289,69.95772697498373,12.155025082574193,73.32434730877158,0.8410244166729594,3.511213234071196,1.558179789450623,,
1204,,AK,K222,,HNZ,61.0876,-149.8366,2026-09-10T07:29:00.000000Z,2026-09-10T07:30:00.000000Z,100.0,200.0,60.0,,noise,0,Noise,events:arr_summer_2026.csv,AK,2.0-20.0,8.726044527473302,72.07460998086027,8.087295734063964,64.84337385911765,0.8589577442085111,2.8047294071005457,7.256687020791027,,
1205,,AK,K222,,HNZ,61.0876,-149.8366,2026-09-10T07:30:00.000000Z,2026-09-10T07:31:00.000000Z,100.0,200.0,60.0,,noise,0,Noise,events:arr_summer_2026.csv,AK,2.0-20.0,2.859783284268086,13.089700670625335,2.2566224146808547,10.137075954207056,0.6226608333261052,2.184553449532586,0.13539376258235958,,
1206,,AK,K222,,HNZ,61.0876,-149.8366,2026-09-10T07:31:00.000000Z,2026-09-10T07:32:00.000000Z,100.0,200.0,60.0,,noise,0,Noise,events:arr_summer_2026.csv,AK,2.0-20.0,3.8627048029736826,24.25607532187201,3.4059243225040055,19.362196641208744,0.7774759232799034,2.955519779444764,1.1890610614658357,,
1207,,AK,K222,,HNZ,61.0876,-149.8366,2026-09-10T07:32:00.000000Z,2026-09-10T07:33:00.000000Z,100.0,200.0,60.0,,noise,0,Noise,events:arr_summer_2026.csv,AK,2.0-20.0,6.549720363096401,62.38170420472265,6.236869424503286,59.75330575694319,0.9067504643106227,5.9080085585559825,7.404878188259197,,
1208,,AK,K222,,HNZ,61.0876,-149.8366,2026-09-10T07:33:00.000000Z,2026-09-10T07:34:00.000000Z,100.0,200.0,60.0,,noise,0,Noise,events:arr_summer_2026.csv,AK,2.0-20.0,7.7974181390820885,66.30061667731476,7.5572249141329815,67.3979883689471,0.9393404994562771,5.1253019997830505,10.365930058299524,,
1209,,AK,K222,,HNZ,61.0876,-149.8366,2026-09-10T07:34:00.000000Z,2026-09-10T07:35:00.000000Z,100.0,200.0,60.0,,noise,0,Noise,events:arr_summer_2026.csv,AK,2.0-20.0,6.634601272432342,59.16827270636472,6.138517113997906,54.006968851208974,0.8560463633082244,4.91744491162262,8.401112158696986,,
1210,,AK,K222,,HNZ,61.0876,-149.8366,2026-09-10T07:35:00.000000Z,2026-09-10T07:36:00.000000Z,100.0,200.0,60.0,,noise,0,Noise,events:arr_summer_2026.csv,AK,2.0-20.0,6.943641721067549,61.729915389956645,6.223758257938806,57.67686170496229,0.8033981421978592,6.006278902581908,13.748251718270723,,
1211,,AK,K222,,HNZ,61.0876,-149.8366,2026-09-10T07:36:00.000000Z,2026-09-10T07:37:00.000000Z,100.0,200.0,60.0,,noise,0,Noise,events:arr_summer_2026.csv,AK,2.0-20.0,2.79421394519911,10.846008042019673,2.052003637884109,8.809672912838739,0.5393080976355922,1.7825746216052898,-0.04267616581641809,,
1212,,AK,K222,,HNZ,61.0876,-149.8366,2026-09-10T07:37:00.000000Z,2026-09-10T07:38:00.000000Z,100.0,200.0,60.0,,noise,0,Noise,events:arr_summer_2026.csv,AK,2.0-20.0,3.5565140264906474,28.052571232488322,2.9250661179969555,27.43655519235565,0.6764291626190564,3.3976489087575032,3.357384989760578,,
1213,,AK,K222,,HNZ,61.0876,-149.8366,2026-09-10T07:38:00.000000Z,2026-09-10T07:39:00.000000Z,100.0,200.0,60.0,,noise,0,Noise,events:arr_summer_2026.csv,AK,2.0-20.0,10.512022207665451,71.07785415832339,9.740704979660388,72.36514551001028,0.8586343140019393,6.432034423295299,5.007138885136943,,
1214,,AK,K222,,HNZ,61.0876,-149.8366,2026-09-10T07:39:00.000000Z,2026-09-10T07:40:00.000000Z,100.0,200.0,60.0,,noise,0,Noise,events:arr_summer_2026.csv,AK,2.0-20.0,3.0142354973320673,13.286840921635632,2.5257332429757984,11.104910926603441,0.7021349649921464,2.3340948147319858,0.48800444264038934,,
1215,,AK,K222,,HNZ,61.0876,-149.8366,2026-09-10T07:40:00.000000Z,2026-09-10T07:41:00.000000Z,100.0,200.0,60.0,,noise,0,Noise,events:arr_summer_2026.csv,AK,2.0-20.0,7.545238840805073,81.9400316462393,7.3299008035506725,76.17724900072707,0.9437353245187463,7.121703942033771,15.516477762373171,,
1216,,AK,K222,,HNZ,61.0876,-149.8366,2026-09-10T07:41:00.000000Z,2026-09-10T07:42:00.000000Z,100.0,200.0,60.0,,noise,0,Noise,events:arr_summer_2026.csv,AK,2.0-20.0,4.779628391959156,63.89716250392953,4.483059596006017,56.554685009162064,0.8797530070604465,7.37091144638714,12.775147583734881,,
1217,,AK,K222,,HNZ,61.0876,-149.8366,2026-09-10T07:42:00.000000Z,2026-09-10T07:43:00.000000Z,100.0,200.0,60.0,,noise,0,Noise,events:arr_summer_2026.csv,AK,2.0-20.0,16.623869597189707,110.90719728998329,16.431172087608672,112.82373492908917,0.9769511339448311,5.908517895913054,5.584174745393144,,
1218,,AK,K222,,HNZ,61.0876,-149.8366,2026-09-10T07:43:00.000000Z,2026-09-10T07:44:00.000000Z,100.0,200.0,60.0,,noise,0,Noise,events:arr_summer_2026.csv,AK,2.0-20.0,7.1664726464937285,63.00555247689329,6.9596888033696285,53.0455712599161,0.9431238916409389,3.5566544543114755,7.703282025290379,,
1219,,AK,K222,,HNZ,61.0876,-149.8366,2026-09-10T07:44:00.000000Z,2026-09-10T07:45:00.000000Z,100.0,200.0,60.0,,noise,0,Noise,events:arr_summer_2026.csv,AK,2.0-20.0,8.120661671419832,45.80102030865388,7.731920166749519,46.728703735038714,0.9065502634812208,4.838385603862462,2.742414539144465,,
1220,,AK,K222,,HNZ,61.0876,-149.8366,2026-09-10T07:45:00.000000Z,2026-09-10T07:46:00.000000Z,100.0,200.0,60.0,,noise,0,Noise,events:arr_summer_2026.csv,AK,2.0-20.0,8.674592302594805,107.64635586995531,8.379994515821053,101.45564040724432,0.9332313589679513,4.946989053884078,12.861160554575557,,
1221,,AK,K222,,HNZ,61.0876,-149.8366,2026-09-10T07:46:00.000000Z,2026-09-10T07:47:00.000000Z,100.0,200.0,60.0,,noise,0,Noise,events:arr_summer_2026.csv,AK,2.0-20.0,6.7766800673973835,58.06180176722438,6.360293448192701,56.37527636533915,0.8808872850444585,3.5474442536106556,8.799227898545322,,
1222,,AK,K222,,HNZ,61.0876,-149.8366,2026-09-10T07:47:00.000000Z,2026-09-10T07:48:00.000000Z,100.0,200.0,60.0,,noise,0,Noise,events:arr_summer_2026.csv,AK,2.0-20.0,2.601329245206155,36.685817742658415,2.315375942887385,33.78989243530114,0.792232010352455,5.918453427457254,19.763159286362573,,
1223,,AK,K222,,HNZ,61.0876,-149.8366,2026-09-10T07:48:00.000000Z,2026-09-10T07:49:00.000000Z,100.0,200.0,60.0,,noise,0,Noise,events:arr_summer_2026.csv,AK,2.0-20.0,3.8057064224670083,46.850466133243835,3.5112039484015893,41.8079297106868,0.8512194648832261,5.323461881755687,16.153122197313795,,
1224,,AK,K222,,HNZ,61.0876,-149.8366,2026-09-10T07:49:00.000000Z,2026-09-10T07:50:00.000000Z,100.0,200.0,60.0,,noise,0,Noise,events:arr_summer_2026.csv,AK,2.0-20.0,9.984899299793284,78.85148451814132,9.62501917186491,73.46756964502495,0.9292141786378114,4.847599422621186,8.863578590250127,,
1225,,AK,K222,,HNZ,61.0876,-149.8366,2026-09-10T07:50:00.000000Z,2026-09-10T07:51:00.000000Z,100.0,200.0,60.0,,noise,0,Noise,events:arr_summer_2026.csv,AK,2.0-20.0,8.195542832912478,57.312233181192404,7.6316905531855666,56.348363958429125,0.8671336825112643,2.9725911433244767,3.911935670100089,,
1226,,AK,K222,,HNZ,61.0876,-149.8366,2026-09-10T07:51:00.000000Z,2026-09-10T07:52:00.000000Z,100.0,200.0,60.0,,noise,0,Noise,events:arr_summer_2026.csv,AK,2.0-20.0,8.643784577460023,74.5360146982327,8.394288757138444,76.5880925272912,0.9431047659676661,4.282125656776613,16.74459501295879,,
1227,,AK,K222,,HNZ,61.0876,-149.8366,2026-09-10T07:52:00.000000Z,2026-09-10T07:53:00.000000Z,100.0,200.0,60.0,,noise,0,Noise,events:arr_summer_2026.csv,AK,2.0-20.0,5.1780748661954465,97.09900734020218,4.968348252988681,100.0827205488916,0.92063484622733,8.80441928160844,99.89464538159599,,
1228,,AK,K222,,HNZ,61.0876,-149.8366,2026-09-10T07:53:00.000000Z,2026-09-10T07:54:00.000000Z,100.0,200.0,60.0,,noise,0,Noise,events:arr_summer_2026.csv,AK,2.0-20.0,5.61310293542239,42.68453660646254,5.374395760095735,41.79339433731779,0.9167549732689998,3.1049071316918098,6.367098398771434,,
1229,,AK,K222,,HNZ,61.0876,-149.8366,2026-09-10T07:54:00.000000Z,2026-09-10T07:55:00.000000Z,100.0,200.0,60.0,,noise,0,Noise,events:arr_summer_2026.csv,AK,2.0-20.0,9.692775278884303,83.91243095170724,8.870783462319608,75.38028421912057,0.8375826416808622,4.552589156518651,8.578651752331044,,
1230,,AK,K222,,HNZ,61.0876,-149.8366,2026-09-10T07:55:00.000000Z,2026-09-10T07:56:00.000000Z,100.0,200.0,60.0,,noise,0,Noise,events:arr_summer_2026.csv,AK,2.0-20.0,6.48785754563245,45.67804854117378,5.982451364030423,46.769188068567836,0.8502678190934932,3.9318842871618056,9.141556743721058,,
1231,,AK,K222,,HNZ,61.0876,-149.8366,2026-09-10T07:56:00.000000Z,2026-09-10T07:57:00.000000Z,100.0,200.0,60.0,,noise,0,Noise,events:arr_summer_2026.csv,AK,2.0-20.0,4.211050185824675,23.34790080095749,3.8820247350823296,21.310612431492086,0.8498372479117398,2.3432496020984397,3.179420039612446,,
1232,,AK,K222,,HNZ,61.0876,-149.8366,2026-09-10T07:57:00.000000Z,2026-09-10T07:58:00.000000Z,100.0,200.0,60.0,,noise,0,Noise,events:arr_summer_2026.csv,AK,2.0-20.0,5.397520968628243,50.35687472829207,5.134642259118921,50.605604538135765,0.904964838093277,6.0602677848179,14.16775756700503,,
1233,,AK,K222,,HNZ,61.0876,-149.8366,2026-09-10T07:58:00.000000Z,2026-09-10T07:59:00.000000Z,100.0,200.0,60.0,,noise,0,Noise,events:arr_summer_2026.csv,AK,2.0-20.0,5.121171294493117,56.10923285179698,4.790282989907589,54.902001467360144,0.874951008299889,4.955420381054416,16.040261019234183,,
1234,,AK,K222,,HNZ,61.0876,-149.8366,2026-09-10T07:59:00.000000Z,2026-09-10T08:00:00.000000Z,100.0,200.0,60.0,,noise,0,Noise,events:arr_summer_2026.csv,AK,2.0-20.0,2.827457133973683,13.051323523047165,2.43165472019378,11.504326112498092,0.739625297207934,2.196998941007413,0.26981288506783674,,
