window_id,event_id,network,station,location,channel,latitude,longitude,start_time,end_time,sampling_rate,native_sampling_rate,window_len_sec,p_offset_sec,window_type,label,label_name,label_method,source,bandpass_hz,rms,peak,rms_band,peak_band,band_ratio,stalta_band_max,kurtosis_band,reviewed,review_label
0,,AK,K222,,HNZ,61.0876,-149.8366,2026-09-12T08:00:00.000000Z,2026-09-12T08:01:00.000000Z,100.0,200.0,60.0,,noise,0,Noise,events:arr_summer_2026.csv,AK,2.0-20.0,6.552732211488553,58.53263947910542,6.236536360561892,54.6943744817988,0.9058203582341311,6.329001522882283,13.362391126552687,,
1,,AK,K222,,HNZ,61.0876,-149.8366,2026-09-12T08:01:00.000000Z,2026-09-12T08:02:00.000000Z,100.0,200.0,60.0,,noise,0,Noise,events:arr_summer_2026.csv,AK,2.0-20.0,5.009268800898033,54.85855356758293,4.737800626892883,50.502213264201366,0.8945505527632525,5.636980685757399,15.844322273224435,,
2,,AK,K222,,HNZ,61.0876,-149.8366,2026-09-12T08:02:00.000000Z,2026-09-12T08:03:00.000000Z,100.0,200.0,60.0,,noise,0,Noise,events:arr_summer_2026.csv,AK,2.0-20.0,8.766039324355038,73.14890661028724,8.390476515758095,74.71466893629737,0.9161496567718895,4.330534080719822,11.83081168228438,,
3,,AK,K222,,HNZ,61.0876,-149.8366,2026-09-12T08:03:00.000000Z,2026-09-12T08:04:00.000000Z,100.0,200.0,60.0,,noise,0,Noise,events:arr_summer_2026.csv,AK,2.0-20.0,7.1031384797350645,58.682851840787,6.8233042902742795,54.926512106268206,0.9227603299181792,5.485716553776935,10.371489766158682,,
4,,AK,K222,,HNZ,61.0876,-149.8366,2026-09-12T08:04:00.000000Z,2026-09-12T08:05:00.000000Z,100.0,200.0,60.0,,noise,0,Noise,events:arr_summer_2026.csv,AK,2.0-20.0,13.53251186361498,105.2100741833717,13.337594734561947,118.0917953474403,0.9714002285626766,8.418521962138705,13.676120326106677,,
5,,AK,K222,,HNZ,61.0876,-149.8366,2026-09-12T08:05:00.000000Z,2026-09-12T08:06:00.000000Z,100.0,200.0,60.0,,noise,0,Noise,events:arr_summer_2026.csv,AK,2.0-20.0,6.083034088891152,59.71805375789781,5.750967420675981,58.08213791965477,0.8938019836831722,6.344597249935736,14.01220950718422,,
6,,AK,K222,,HNZ,61.0876,-149.8366,2026-09-12T08:06:00.000000Z,2026-09-12T08:07:00.000000Z,100.0,200.0,60.0,,noise,0,Noise,events:arr_summer_2026.csv,AK,2.0-20.0,6.944404881247589,60.720918279692306,6.714112470567345,56.826288133625155,0.9347751457466607,6.503316779829094,12.648074499919556,,
7,,AK,K222,,HNZ,61.0876,-149.8366,2026-09-12T08:07:00.000000Z,2026-09-12T08:08:00.000000Z,100.0,200.0,60.0,,noise,0,Noise,events:arr_summer_2026.csv,AK,2.0-20.0,10.363579565669768,62.940233309157996,9.523488482825599,70.6920451805781,0.8444472968129276,3.9576830832696426,5.854749678387744,,
8,,AK,K222,,HNZ,61.0876,-149.8366,2026-09-12T08:08:00.000000Z,2026-09-12T08:09:00.000000Z,100.0,200.0,60.0,,noise,0,Noise,events:arr_summer_2026.csv,AK,2.0-20.0,5.283419643564183,57.218629285730245,4.977114188032718,62.7036545522533,0.8874113852976535,6.198165857628794,17.75776854533164,,
9,,AK,K222,,HNZ,61.0876,-149.8366,2026-09-12T08:09:00.000000Z,2026-09-12T08:10:00.000000Z,100.0,200.0,60.0,,noise,0,Noise,events:arr_summer_2026.csv,AK,2.0-20.0,10.048043471163774,131.3456590800355,9.757037724309,153.85591039182057,0.9429158968457476,6.887906760147116,33.619057321641336,,
10,,AK,K222,,HNZ,61.0876,-149.8366,2026-09-12T08:10:00.000000Z,2026-09-12T08:11:00.000000Z,100.0,200.0,60.0,,noise,0,Noise,events:arr_summer_2026.csv,AK,2.0-20.0,3.736412530245391,42.813096606672204,3.1903477201878006,40.53675367956563,0.7290652527428765,5.350485914778361,12.718516089648977,,
11,,AK,K222,,HNZ,61.0876,-149.8366,2026-09-12T08:11:00.000000Z,2026-09-12T08:12:00.000000Z,100.0,200.0,60.0,,noise,0,Noise,events:arr_summer_2026.csv,AK,2.0-20.0,7.510671013538693,73.02062218591098,7.028375874402617,62.79444517848226,0.8756942141138142,4.144057148214014,9.421681526774057,,
12,,AK,K222,,HNZ,61.0876,-149.8366,2026-09-12T08:12:00.000000Z,2026-09-12T08:13:00.000000Z,100.0,200.0,60.0,,noise,0,Noise,events:arr_summer_2026.csv,AK,2.0-20.0,7.324446803484095,68.82127125740595,7.017497674426722,65.11889219960572,0.9179412713522089,5.085988368449882,10.69655935831837,,
13,,AK,K222,,HNZ,61.0876,-149.8366,2026-09-12T08:13:00.000000Z,2026-09-12T08:14:00.000000Z,100.0,200.0,60.0,,noise,0,Noise,events:arr_summer_2026.csv,AK,2.0-20.0,6.275566630287227,59.623887326367786,5.973341435250954,55.288064646963676,0.9060012341661863,5.169456652542687,7.5960660123474195,,
14,,AK,K222,,HNZ,61.0876,-149.8366,2026-09-12T08:14:00.000000Z,2026-09-12T08:15:00.000000Z,100.0,200.0,60.0,,noise,0,Noise,events:arr_summer_2026.csv,AK,2.0-20.0,6.024728231565849,52.50167209896714,5.658447227909183,49.10158397275477,0.8821036466286908,3.4979028509928147,9.707264949448993,,
15,,AK,K222,,HNZ,61.0876,-149.8366,2026-09-12T08:15:00.000000Z,2026-09-12T08:16:00.000000Z,100.0,200.0,60.0,,noise,0,Noise,events:arr_summer_2026.csv,AK,2.0-20.0,11.265407040621325,109.63104752232049,11.04221923762738,102.43110557601335,0.9607689401716459,7.130332894664453,11.404842756029286,,
16,,AK,K222,,HNZ,61.0876,-149.8366,2026-09-12T08:16:00.000000Z,2026-09-12T08:17:00.000000Z,100.0,200.0,60.0,,noise,0,Noise,events:arr_summer_2026.csv,AK,2.0-20.0,9.369750508091574,60.44690747261342,9.026043048712157,62.786698919472784,0.9279802796130758,5.289630099908457,6.17441996634134,,
17,,AK,K222,,HNZ,61.0876,-149.8366,2026-09-12T08:17:00.000000Z,2026-09-12T08:18:00.000000Z,100.0,200.0,60.0,,noise,0,Noise,events:arr_summer_2026.csv,AK,2.0-20.0,2.9024923130175146,16.71001754476868,2.501253544220983,12.81802861648268,0.742631347780562,2.297343549906246,0.24893640147868323,,
18,,AK,K222,,HNZ,61.0876,-149.8366,2026-09-12T08:18:00.000000Z,2026-09-12T08:19:00.000000Z,100.0,200.0,60.0,,noise,0,Noise,events:arr_summer_2026.csv,AK,2.0-20.0,5.449862952919142,86.11303481749154,5.200371351627783,90.04875838147285,0.91053690260943,7.171917641420432,71.26004025875136,,
19,,AK,K222,,HNZ,61.0876,-149.8366,2026-09-12T08:19:00.000000Z,2026-09-12T08:20:00.000000Z,100.0,200.0,60.0,,noise,0,Noise,events:arr_summer_2026.csv,AK,2.0-20.0,10.516519079198991,72.93465588316856,10.211545112166847,69.19549241424,0.9428419392393328,4.788572771752278,8.427130133822516,,
20,,AK,K222,,HNZ,61.0876,-149.8366,2026-09-12T08:20:00.000000Z,2026-09-12T08:21:00.000000Z,100.0,200.0,60.0,,noise,0,Noise,events:arr_summer_2026.csv,AK,2.0-20.0,10.668603183648722,69.75986627285374,10.394769302909966,77.57495854304963,0.9493242756351007,6.480868972559764,6.154202211822316,,
21,,AK,K222,,HNZ,61.0876,-149.8366,2026-09-12T08:21:00.000000Z,2026-09-12T08:22:00.000000Z,100.0,200.0,60.0,,noise,0,Noise,events:arr_summer_2026.csv,AK,2.0-20.0,4.296420998608189,41.59617599145452,3.9876361123009967,47.00441852617906,0.8614248176995737,6.75871578384318,19.812606341001853,,
22,,AK,K222,,HNZ,61.0876,-149.8366,2026-09-12T08:22:00.000000Z,2026-09-12T08:23:00.000000Z,100.0,200.0,60.0,,noise,0,Noise,events:arr_summer_2026.csv,AK,2.0-20.0,11.40497654094455,109.62214059033876,11.187937511862668,116.80466100717095,0.9623017408548002,5.356080049888411,11.73758825063271,,
23,,AK,K222,,HNZ,61.0876,-149.8366,2026-09-12T08:23:00.000000Z,2026-09-12T08:24:00.000000Z,100.0,200.0,60.0,,noise,0,Noise,events:arr_summer_2026.csv,AK,2.0-20.0,7.217262162692937,104.41510386608566,7.019429637224089,98.90236373474092,0.9459293218661448,6.230601024484393,44.10010802146698,,
24,,AK,K222,,HNZ,61.0876,-149.8366,2026-09-12T08:27:00.000000Z,2026-09-12T08:28:00.000000Z,100.0,200.0,60.0,,noise,0,Noise,events:arr_summer_2026.csv,AK,2.0-20.0,15.211584204247183,158.6508290443374,14.583783427485635,142.79486639952665,0.9191608561395606,5.311046091723091,9.869082701104142,,
25,,AK,K222,,HNZ,61.0876,-149.8366,2026-09-12T08:28:00.000000Z,2026-09-12T08:29:00.000000Z,100.0,200.0,60.0,,noise,0,Noise,events:arr_summer_2026.csv,AK,2.0-20.0,6.107314134689688,115.24962528979823,5.85978450216077,118.63475647965872,0.9205826209971045,8.670989729722322,117.3287725789499,,
26,,AK,K222,,HNZ,61.0876,-149.8366,2026-09-12T08:29:00.000000Z,2026-09-12T08:30:00.000000Z,100.0,200.0,60.0,,noise,0,Noise,events:arr_summer_2026.csv,AK,2.0-20.0,5.019496123537984,65.02475794278631,4.693979378888203,59.03935891379736,0.8745046204041059,7.028498107375397,22.895717506516768,,
27,,AK,K222,,HNZ,61.0876,-149.8366,2026-09-12T08:30:00.000000Z,2026-09-12T08:31:00.000000Z,100.0,200.0,60.0,,noise,0,Noise,events:arr_summer_2026.csv,AK,2.0-20.0,8.291245431439942,95.63060286995093,7.932903252090196,100.01697203027138,0.915429225805258,6.399195849664005,20.115128190032827,,
28,,AK,K222,,HNZ,61.0876,-149.8366,2026-09-12T08:31:00.000000Z,2026-09-12T08:32:00.000000Z,100.0,200.0,60.0,,noise,0,Noise,events:arr_summer_2026.csv,AK,2.0-20.0,6.8232776325773035,60.4696588682635,6.248815293883427,55.87691614716256,0.8387051120644285,3.4672883181464336,12.410205850815602,,
29,,AK,K222,,HNZ,61.0876,-149.8366,2026-09-12T08:32:00.000000Z,2026-09-12T08:33:00.000000Z,100.0,200.0,60.0,,noise,0,Noise,events:arr_summer_2026.csv,AK,2.0-20.0,9.16774064476095,68.73873268705499,8.683800813859209,70.21180195952172,0.8972119909622577,4.245003062943975,5.7083789917425225,,
30,,AK,K222,,HNZ,61.0876,-149.8366,2026-09-12T08:33:00.000000Z,2026-09-12T08:34:00.000000Z,100.0,200.0,60.0,,noise,0,Noise,events:arr_summer_2026.csv,AK,2.0-20.0,4.333424054431138,31.101319681700243,3.6048777274180615,29.98905047090338,0.692020082315804,2.384857020201008,8.193217919331568,,
31,,AK,K222,,HNZ,61.0876,-149.8366,2026-09-12T08:34:00.000000Z,2026-09-12T08:35:00.000000Z,100.0,200.0,60.0,,noise,0,Noise,events:arr_summer_2026.csv,AK,2.0-20.0,5.89254321186258,57.91364412484018,5.057487406502759,52.39107924793311,0.7366548762553345,5.6185962362584405,16.87625403567884,,
32,,AK,K222,,HNZ,61.0876,-149.8366,2026-09-12T08:35:00.000000Z,2026-09-12T08:36:00.000000Z,100.0,200.0,60.0,,noise,0,Noise,events:arr_summer_2026.csv,AK,2.0-20.0,10.85364514431725,74.09097679502048,10.009072091833643,62.01443172449872,0.8504257425457364,3.6823003343459417,4.056871561682448,,
33,,AK,K222,,HNZ,61.0876,-149.8366,2026-09-12T08:36:00.000000Z,2026-09-12T08:37:00.000000Z,100.0,200.0,60.0,,noise,0,Noise,events:arr_summer_2026.csv,AK,2.0-20.0,8.240516316609426,87.86155200085247,7.8990844652739485,80.3884461908052,0.9188501028465563,5.349764403835449,9.30420266881449,,
34,,AK,K222,,HNZ,61.0876,-149.8366,2026-09-12T08:37:00.000000Z,2026-09-12T08:38:00.000000Z,100.0,200.0,60.0,,noise,0,Noise,events:arr_summer_2026.csv,AK,2.0-20.0,8.68992076025876,60.42995887626726,8.300045778647407,65.0518883145095,0.9122824974441094,4.505803357769393,8.128872184659464,,
35,,AK,K222,,HNZ,61.0876,-149.8366,2026-09-12T08:38:00.000000Z,2026-09-12T08:39:00.000000Z,100.0,200.0,60.0,,noise,0,Noise,events:arr_summer_2026.csv,AK,2.0-20.0,3.5750177398890006,22.646396014746767,3.264664977264281,21.159667794480118,0.8339131802860721,2.35519883953668,5.303631438587237,,
36,,AK,K222,,HNZ,61.0876,-149.8366,2026-09-12T08:39:00.000000Z,2026-09-12T08:40:00.000000Z,100.0,200.0,60.0,,noise,0,Noise,events:arr_summer_2026.csv,AK,2.0-20.0,5.85723741732454,49.874953877399676,5.646421534083854,43.32102440152626,0.9293107018309252,6.290655797186862,6.858907723952466,,
37,,AK,K222,,HNZ,61.0876,-149.8366,2026-09-12T08:40:00.000000Z,2026-09-12T08:41:00.000000Z,100.0,200.0,60.0,,noise,0,Noise,events:arr_summer_2026.csv,AK,2.0-20.0,2.884481649962606,22.189693386940544,2.445089790236292,20.86414997836712,0.7185451518340146,3.525574660357208,3.6723108759200684,,
38,,AK,K222,,HNZ,61.0876,-149.8366,2026-09-12T08:41:00.000000Z,2026-09-12T08:42:00.000000Z,100.0,200.0,60.0,,noise,0,Noise,events:arr_summer_2026.csv,AK,2.0-20.0,6.007022676393486,68.17314509827935,5.752536946209986,70.50299015715963,0.9170653625118093,5.606049171745317,17.399327948874713,,
39,,AK,K222,,HNZ,61.0876,-149.8366,2026-09-12T08:42:00.000000Z,2026-09-12T08:43:00.000000Z,100.0,200.0,60.0,,noise,0,Noise,events:arr_summer_2026.csv,AK,2.0-20.0,2.770818720870936,12.564801128730906,2.265857938590827,10.934112556561523,0.6687274164358157,2.5286139544015245,0.823269693421333,,
40,,AK,K222,,HNZ,61.0876,-149.8366,2026-09-12T08:43:00.000000Z,2026-09-12T08:44:00.000000Z,100.0,200.0,60.0,,noise,0,Noise,events:arr_summer_2026.csv,AK,2.0-20.0,9.523582354277849,64.89172305680295,9.215218063041698,57.65471753621773,0.9362903553042574,4.944569805074007,5.397928442797111,,
41,,AK,K222,,HNZ,61.0876,-149.8366,2026-09-12T08:44:00.000000Z,2026-09-12T08:45:00.000000Z,100.0,200.0,60.0,,noise,0,Noise,events:arr_summer_2026.csv,AK,2.0-20.0,4.130199394455343,32.9911545834169,3.8582405049958193,32.60177228844811,0.8726428904680742,2.311928724331634,8.73036473231383,,
42,,AK,K222,,HNZ,61.0876,-149.8366,2026-09-12T08:45:00.000000Z,2026-09-12T08:46:00.000000Z,100.0,200.0,60.0,,noise,0,Noise,events:arr_summer_2026.csv,AK,2.0-20.0,7.669711776461111,50.29474176147303,7.273361096354332,46.12490319975505,0.899315774257704,4.279179158394823,5.404133104491136,,
43,,AK,K222,,HNZ,61.0876,-149.8366,2026-09-12T08:46:00.000000Z,2026-09-12T08:47:00.000000Z,100.0,200.0,60.0,,noise,0,Noise,events:arr_summer_2026.csv,AK,2.0-20.0,9.997771990854014,58.7855873241251,9.666117706286732,58.07379132983353,0.9347547971639061,5.318387546574553,3.6719815907730773,,
44,,AK,K222,,HNZ,61.0876,-149.8366,2026-09-12T08:47:00.000000Z,2026-09-12T08:48:00.000000Z,100.0,200.0,60.0,,noise,0,Noise,events:arr_summer_2026.csv,AK,2.0-20.0,2.4828011521399853,11.059560000657767,1.8281584085981302,7.733829101973829,0.5421803482224831,1.5149821306334132,0.008186454581295077,,
45,,AK,K222,,HNZ,61.0876,-149.8366,2026-09-12T08:48:00.000000Z,2026-09-12T08:49:00.000000Z,100.0,200.0,60.0,,noise,0,Noise,events:arr_summer_2026.csv,AK,2.0-20.0,7.186544169964509,63.29332604609754,6.923314070254543,60.693997333645584,0.928085245801617,4.2630332429036795,16.971347853256372,,
46,,AK,K222,,HNZ,61.0876,-149.8366,2026-09-12T08:49:00.000000Z,2026-09-12T08:50:00.000000Z,100.0,200.0,60.0,,noise,0,Noise,events:arr_summer_2026.csv,AK,2.0-20.0,6.099962513285448,50.94085649042864,5.252373457237476,44.08341434961579,0.7414073100490759,5.640741358020504,6.983216860340809,,
47,,AK,K222,,HNZ,61.0876,-149.8366,2026-09-12T08:50:00.000000Z,2026-09-12T08:51:00.000000Z,100.0,200.0,60.0,,noise,0,Noise,events:arr_summer_2026.csv,AK,2.0-20.0,7.542016935263784,58.454422318571744,7.043578017822616,60.794861593136645,0.8721911031163125,3.905592503593244,9.234977883459406,,
48,,AK,K222,,HNZ,61.0876,-149.8366,2026-09-12T08:51:00.000000Z,2026-09-12T08:52:00.000000Z,100.0,200.0,60.0,,noise,0,Noise,events:arr_summer_2026.csv,AK,2.0-20.0,2.927957684433345,11.768609086724462,2.0306465319782423,9.639042742991588,0.4809933540569158,2.462705756307809,0.2910470808075214,,
49,,AK,K222,,HNZ,61.0876,-149.8366,2026-09-12T08:52:00.000000Z,2026-09-12T08:53:00.000000Z,100.0,200.0,60.0,,noise,0,Noise,events:arr_summer_2026.csv,AK,2.0-20.0,4.206823956693354,34.90409563487859,3.221503643341272,30.545855484885067,0.5864197342686773,3.9564969909487333,8.976742459163697,,
50,,AK,K222,,HNZ,61.0876,-149.8366,2026-09-12T08:53:00.000000Z,2026-09-12T08:54:00.000000Z,100.0,200.0,60.0,,noise,0,Noise,events:arr_summer_2026.csv,AK,2.0-20.0,4.825868664565741,56.565248437406794,4.497464590079965,56.03939802752955,0.8685293688644512,5.401622510771071,18.752348394664033,,
51,,AK,K222,,HNZ,61.0876,-149.8366,2026-09-12T08:54:00.000000Z,2026-09-12T08:55:00.000000Z,100.0,200.0,60.0,,noise,0,Noise,events:arr_summer_2026.csv,AK,2.0-20.0,7.459015837788659,51.647512624389556,7.056437392354213,50.09817282127386,0.8949688645045006,4.220351222958158,7.75461086080203,,
52,,AK,K222,,HNZ,61.0876,-149.8366,2026-09-12T08:55:00.000000Z,2026-09-12T08:56:00.000000Z,100.0,200.0,60.0,,noise,0,Noise,events:arr_summer_2026.csv,AK,2.0-20.0,3.7888735185017337,46.062758576213774,3.548305521276372,47.64583323123236,0.8770448415335154,6.682486078651735,25.77777553571196,,
53,,AK,K222,,HNZ,61.0876,-149.8366,2026-09-12T08:56:00.000000Z,2026-09-12T08:57:00.000000Z,100.0,200.0,60.0,,noise,0,Noise,events:arr_summer_2026.csv,AK,2.0-20.0,7.89214275355232,46.94693902320919,7.715458892754269,48.633263810054814,0.9557265680790499,5.2120132762172835,4.5775520840916935,,
54,,AK,K222,,HNZ,61.0876,-149.8366,2026-09-12T08:57:00.000000Z,2026-09-12T08:58:00.000000Z,100.0,200.0,60.0,,noise,0,Noise,events:arr_summer_2026.csv,AK,2.0-20.0,10.81474791470676,63.00472482727372,10.675414986472367,66.00888239556886,0.9743987794817707,6.860747586603325,7.675131668993155,,
55,,AK,K222,,HNZ,61.0876,-149.8366,2026-09-12T08:58:00.000000Z,2026-09-12T08:59:00.000000Z,100.0,200.0,60.0,,noise,0,Noise,events:arr_summer_2026.csv,AK,2.0-20.0,2.1678435088252908,8.794542511016932,1.769663428295491,9.092349462015871,0.6663854331452429,1.9642287990704408,0.16609931888603713,,
56,,AK,K222,,HNZ,61.0876,-149.8366,2026-09-12T08:59:00.000000Z,2026-09-12T09:00:00.000000Z,100.0,200.0,60.0,,noise,0,Noise,events:arr_summer_2026.csv,AK,2.0-20.0,3.5854387423479115,41.22157932771391,3.251601298447852,37.113947046179206,0.8224508669973528,5.296648098342784,17.524422106762046,,
57,,AK,K222,,HNZ,61.0876,-149.8366,2026-09-12T09:00:00.000000Z,2026-09-12T09:01:00.000000Z,100.0,200.0,60.0,,noise,0,Noise,events:arr_summer_2026.csv,AK,2.0-20.0,2.230271039262901,9.708633308437603,1.9482284647682613,8.423076060202785,0.7630701741150271,2.184122460719353,0.6886065964544743,,
58,,AK,K222,,HNZ,61.0876,-149.8366,2026-09-12T09:01:00.000000Z,2026-09-12T09:02:00.000000Z,100.0,200.0,60.0,,noise,0,Noise,events:arr_summer_2026.csv,AK,2.0-20.0,8.10609547019203,64.17416514294837,7.959143768226901,62.9499470087041,0.9640715576663379,6.00544203294985,12.769632224568667,,
59,,AK,K222,,HNZ,61.0876,-149.8366,2026-09-12T09:02:00.000000Z,2026-09-12T09:03:00.000000Z,100.0,200.0,60.0,,noise,0,Noise,events:arr_summer_2026.csv,AK,2.0-20.0,7.681916923880774,53.5703154820902,7.316209799412062,61.63051297672028,0.9070538880394012,4.247479605603482,7.701945924761018,,
60,,AK,K222,,HNZ,61.0876,-149.8366,2026-09-12T09:03:00.000000Z,2026-09-12T09:04:00.000000Z,100.0,200.0,60.0,,noise,0,Noise,events:arr_summer_2026.csv,AK,2.0-20.0,7.76306618703335,109.19708996296741,7.366595516530585,110.3807391203438,0.9004654849549225,5.809022432874135,34.25398967633379,,
61,,AK,K222,,HNZ,61.0876,-149.8366,2026-09-12T09:04:00.000000Z,2026-09-12T09:05:00.000000Z,100.0,200.0,60.0,,noise,0,Noise,events:arr_summer_2026.csv,AK,2.0-20.0,7.623115244367052,78.4041990644758,7.446248542792426,80.13978024251307,0.9541355676093961,6.211282730462533,16.759861824357966,,
62,,AK,K222,,HNZ,61.0876,-149.8366,2026-09-12T09:05:00.000000Z,2026-09-12T09:06:00.000000Z,100.0,200.0,60.0,,noise,0,Noise,events:arr_summer_2026.csv,AK,2.0-20.0,3.3568061971027654,32.5752073965176,3.0048319217483925,30.591076415809543,0.8012865115218261,4.612266731793334,11.006298379866207,,
63,,AK,K222,,HNZ,61.0876,-149.8366,2026-09-12T09:06:00.000000Z,2026-09-12T09:07:00.000000Z,100.0,200.0,60.0,,noise,0,Noise,events:arr_summer_2026.csv,AK,2.0-20.0,8.343919304200295,78.46253873190125,8.013798895078361,73.98464907771194,0.9224369450323123,5.632804802597294,14.140593461325626,,
64,,AK,K222,,HNZ,61.0876,-149.8366,2026-09-12T09:07:00.000000Z,2026-09-12T09:08:00.000000Z,100.0,200.0,60.0,,noise,0,Noise,events:arr_summer_2026.csv,AK,2.0-20.0,4.61932541606478,45.195649175522355,3.86484524018274,43.68860884748911,0.7000146039211038,4.849331515040344,11.005731935115389,,
65,,AK,K222,,HNZ,61.0876,-149.8366,2026-09-12T09:08:00.000000Z,2026-09-12T09:09:00.000000Z,100.0,200.0,60.0,,noise,0,Noise,events:arr_summer_2026.csv,AK,2.0-20.0,11.634338087205977,77.58794235014453,11.291792701636904,79.24889385710321,0.9419816294881876,4.585906750325567,6.441123715603592,,
66,,AK,K222,,HNZ,61.0876,-149.8366,2026-09-12T09:09:00.000000Z,2026-09-12T09:10:00.000000Z,100.0,200.0,60.0,,noise,0,Noise,events:arr_summer_2026.csv,AK,2.0-20.0,5.077480657601146,38.244154683589336,4.726631342886984,37.92834093239268,0.8665764962520908,2.0612417915189956,11.336394015383927,,
67,,AK,K222,,HNZ,61.0876,-149.8366,2026-09-12T09:10:00.000000Z,2026-09-12T09:11:00.000000Z,100.0,200.0,60.0,,noise,0,Noise,events:arr_summer_2026.csv,AK,2.0-20.0,2.41593876626688,11.46234931391741,2.0725675858408015,8.840163693365689,0.7359453374533512,2.0728133339577526,0.35786937951574727,,
68,,AK,K222,,HNZ,61.0876,-149.8366,2026-09-12T09:11:00.000000Z,2026-09-12T09:12:00.000000Z,100.0,200.0,60.0,,noise,0,Noise,events:arr_summer_2026.csv,AK,2.0-20.0,2.710214434268696,20.468665200861068,2.3519005547706056,21.145135621895058,0.7530617708238397,6.335157070737635,7.188477371949286,,
69,,AK,K222,,HNZ,61.0876,-149.8366,2026-09-12T09:12:00.000000Z,2026-09-12T09:13:00.000000Z,100.0,200.0,60.0,,noise,0,Noise,events:arr_summer_2026.csv,AK,2.0-20.0,4.819515189657574,39.54639054485084,4.583215816045549,37.90820406572098,0.9043445155398381,6.301011695504798,9.623694069252505,,
70,,AK,K222,,HNZ,61.0876,-149.8366,2026-09-12T09:13:00.000000Z,2026-09-12T09:14:00.000000Z,100.0,200.0,60.0,,noise,0,Noise,events:arr_summer_2026.csv,AK,2.0-20.0,14.367312739419953,110.71998928992471,13.805038169073141,89.82410843283019,0.9232602392398047,4.210460805838813,5.731067700563541,,
71,,AK,K222,,HNZ,61.0876,-149.8366,2026-09-12T09:14:00.000000Z,2026-09-12T09:15:00.000000Z,100.0,200.0,60.0,,noise,0,Noise,events:arr_summer_2026.csv,AK,2.0-20.0,8.936279749138983,96.33703363111984,8.532186143045626,96.18527119524522,0.9116059091735622,7.309593888277023,15.426424478497527,,
72,,AK,K222,,HNZ,61.0876,-149.8366,2026-09-12T09:15:00.000000Z,2026-09-12T09:16:00.000000Z,100.0,200.0,60.0,,noise,0,Noise,events:arr_summer_2026.csv,AK,2.0-20.0,3.831782159092872,37.24612408762633,3.6172982650362915,34.58531675353865,0.8911832559583797,4.951446817456656,13.3365717174905,,
73,,AK,K222,,HNZ,61.0876,-149.8366,2026-09-12T09:16:00.000000Z,2026-09-12T09:17:00.000000Z,100.0,200.0,60.0,,noise,0,Noise,events:arr_summer_2026.csv,AK,2.0-20.0,3.9709729819562667,40.28277146241938,3.642344589549654,39.12414535749356,0.841333528538162,4.869070577397682,13.12600037345548,,
74,,AK,K222,,HNZ,61.0876,-149.8366,2026-09-12T09:17:00.000000Z,2026-09-12T09:18:00.000000Z,100.0,200.0,60.0,,noise,0,Noise,events:arr_summer_2026.csv,AK,2.0-20.0,2.9559937412933945,12.40236835759654,2.4075912137277853,10.129875924847031,0.6633740506008016,1.863729098322304,0.3303349945405407,,
75,,AK,K222,,HNZ,61.0876,-149.8366,2026-09-12T09:18:00.000000Z,2026-09-12T09:19:00.000000Z,100.0,200.0,60.0,,noise,0,Noise,events:arr_summer_2026.csv,AK,2.0-20.0,19.128387979924007,136.01440021666613,18.92892796271471,133.64210495834323,0.9792538619289931,4.637530504937295,9.192427340908116,,
76,,AK,K222,,HNZ,61.0876,-149.8366,2026-09-12T09:19:00.000000Z,2026-09-12T09:20:00.000000Z,100.0,200.0,60.0,,noise,0,Noise,events:arr_summer_2026.csv,AK,2.0-20.0,2.4715755627811173,9.384556252684904,2.055730249832607,8.336052203800744,0.691806228762676,1.6020876865438876,-0.019823270102698576,,
77,,AK,K222,,HNZ,61.0876,-149.8366,2026-09-12T09:20:00.000000Z,2026-09-12T09:21:00.000000Z,100.0,200.0,60.0,,noise,0,Noise,events:arr_summer_2026.csv,AK,2.0-20.0,6.049206274355172,48.86034635099834,5.68503676120493,40.383263293546904,0.883221773175488,4.11307737302482,7.37252716961339,,
78,,AK,K222,,HNZ,61.0876,-149.8366,2026-09-12T09:21:00.000000Z,2026-09-12T09:22:00.000000Z,100.0,200.0,60.0,,noise,0,Noise,events:arr_summer_2026.csv,AK,2.0-20.0,2.5391967527039125,10.95272623887188,2.117267326574214,10.605299687323967,0.6952783129982552,2.5779022560724227,0.14461334648633617,,
79,,AK,K222,,HNZ,61.0876,-149.8366,2026-09-12T09:22:00.000000Z,2026-09-12T09:23:00.000000Z,100.0,200.0,60.0,,noise,0,Noise,events:arr_summer_2026.csv,AK,2.0-20.0,2.6007930637391965,10.469076818518616,2.21819529284956,9.189530046637854,0.7274245637093056,1.80989284196278,0.1418761620671276,,
80,,AK,K222,,HNZ,61.0876,-149.8366,2026-09-12T09:23:00.000000Z,2026-09-12T09:24:00.000000Z,100.0,200.0,60.0,,noise,0,Noise,events:arr_summer_2026.csv,AK,2.0-20.0,4.145944326623386,26.76286354540425,3.7416028776728685,26.013036064251075,0.8144575433268826,4.271421086506019,5.201700267448315,,
81,,AK,K222,,HNZ,61.0876,-149.8366,2026-09-12T09:27:00.000000Z,2026-09-12T09:28:00.000000Z,100.0,200.0,60.0,,noise,0,Noise,events:arr_summer_2026.csv,AK,2.0-20.0,7.464029860428771,93.14461587251238,6.380460843387256,93.67383154171344,0.730730709359142,6.419744316658229,41.59376337458125,,
82,,AK,K222,,HNZ,61.0876,-149.8366,2026-09-12T09:28:00.000000Z,2026-09-12T09:29:00.000000Z,100.0,200.0,60.0,,noise,0,Noise,events:arr_summer_2026.csv,AK,2.0-20.0,13.970068592269342,102.31492527355663,13.680768514422963,103.14305783184673,0.9590117140546484,3.7170696571827406,8.70548890320376,,
83,,AK,K222,,HNZ,61.0876,-149.8366,2026-09-12T09:29:00.000000Z,2026-09-12T09:30:00.000000Z,100.0,200.0,60.0,,noise,0,Noise,events:arr_summer_2026.csv,AK,2.0-20.0,2.5521518889190866,9.884263596744127,2.0803677636617044,7.867304472164909,0.6644574821828347,1.8682253315546231,-0.05155958059078136,,
84,,AK,K222,,HNZ,61.0876,-149.8366,2026-09-12T09:30:00.000000Z,2026-09-12T09:31:00.000000Z,100.0,200.0,60.0,,noise,0,Noise,events:arr_summer_2026.csv,AK,2.0-20.0,6.5558110880054254,82.68512723981944,6.3597513943617825,83.17804074710057,0.9410818931727316,8.380381853731633,28.60828773697167,,
85,,AK,K222,,HNZ,61.0876,-149.8366,2026-09-12T09:31:00.000000Z,2026-09-12T09:32:00.000000Z,100.0,200.0,60.0,,noise,0,Noise,events:arr_summer_2026.csv,AK,2.0-20.0,3.1995006363882297,13.34967221762291,2.6673489700717288,10.666220057891032,0.6950167556372552,1.6820938347272287,0.05031234613522395,,
86,,AK,K222,,HNZ,61.0876,-149.8366,2026-09-12T09:32:00.000000Z,2026-09-12T09:33:00.000000Z,100.0,200.0,60.0,,noise,0,Noise,events:arr_summer_2026.csv,AK,2.0-20.0,6.741112581722206,93.56069289776376,6.482111033479749,98.28651721254317,0.9246338132818217,7.059470157790614,33.9340528744801,,
87,,AK,K222,,HNZ,61.0876,-149.8366,2026-09-12T09:33:00.000000Z,2026-09-12T09:34:00.000000Z,100.0,200.0,60.0,,noise,0,Noise,events:arr_summer_2026.csv,AK,2.0-20.0,10.272353111249412,87.53268283831157,9.152264746992392,80.52963032761521,0.7938112861035611,5.387182811749232,12.187509174544504,,
88,,AK,K222,,HNZ,61.0876,-149.8366,2026-09-12T09:34:00.000000Z,2026-09-12T09:35:00.000000Z,100.0,200.0,60.0,,noise,0,Noise,events:arr_summer_2026.csv,AK,2.0-20.0,4.484235785023331,80.71647466828257,3.991132334356873,77.78512626479476,0.7921644993757656,7.03090592403659,54.87439704321288,,
89,,AK,K222,,HNZ,61.0876,-149.8366,2026-09-12T09:35:00.000000Z,2026-09-12T09:36:00.000000Z,100.0,200.0,60.0,,noise,0,Noise,events:arr_summer_2026.csv,AK,2.0-20.0,3.819837921534452,20.53415416556785,2.7659119786551374,18.573739503614917,0.5243084276925121,4.398008192190964,2.7065093183612348,,
90,,AK,K222,,HNZ,61.0876,-149.8366,2026-09-12T09:36:00.000000Z,2026-09-12T09:37:00.000000Z,100.0,200.0,60.0,,noise,0,Noise,events:arr_summer_2026.csv,AK,2.0-20.0,2.5433739988461848,9.905379170290509,2.0970888854526097,8.339160827307698,0.6798501891460758,1.6319160833050452,-0.048837514030467766,,
91,,AK,K222,,HNZ,61.0876,-149.8366,2026-09-12T09:37:00.000000Z,2026-09-12T09:38:00.000000Z,100.0,200.0,60.0,,noise,0,Noise,events:arr_summer_2026.csv,AK,2.0-20.0,4.783592885087616,49.01100748491728,4.513364859659495,49.47284107074725,0.8902099905732549,4.906275736652895,11.298340578045933,,
92,,AK,K222,,HNZ,61.0876,-149.8366,2026-09-12T09:38:00.000000Z,2026-09-12T09:39:00.000000Z,100.0,200.0,60.0,,noise,0,Noise,events:arr_summer_2026.csv,AK,2.0-20.0,5.370177132339262,65.55074965149402,5.146438973270922,66.51517235969654,0.9184096381051626,4.701690695605719,28.471116389709305,,
93,,AK,K222,,HNZ,61.0876,-149.8366,2026-09-12T09:39:00.000000Z,2026-09-12T09:40:00.000000Z,100.0,200.0,60.0,,noise,0,Noise,events:arr_summer_2026.csv,AK,2.0-20.0,9.077988005146812,70.32200267889633,8.57092933904821,66.3254689600135,0.8914081905852239,4.4267403658211455,10.178077703978003,,
94,,AK,K222,,HNZ,61.0876,-149.8366,2026-09-12T09:40:00.000000Z,2026-09-12T09:41:00.000000Z,100.0,200.0,60.0,,noise,0,Noise,events:arr_summer_2026.csv,AK,2.0-20.0,6.00500574397678,56.43320770795686,5.601524529424604,60.93207432805307,0.8701329804250816,7.348041381645557,24.083773255551225,,
95,,AK,K222,,HNZ,61.0876,-149.8366,2026-09-12T09:41:00.000000Z,2026-09-12T09:42:00.000000Z,100.0,200.0,60.0,,noise,0,Noise,events:arr_summer_2026.csv,AK,2.0-20.0,3.0549099568029336,20.84446926178713,2.5243894405964964,20.783283891905512,0.6828351701128338,2.7824618832890993,2.38629577797537,,
96,,AK,K222,,HNZ,61.0876,-149.8366,2026-09-12T09:42:00.000000Z,2026-09-12T09:43:00.000000Z,100.0,200.0,60.0,,noise,0,Noise,events:arr_summer_2026.csv,AK,2.0-20.0,5.789975708033369,55.67046248190813,5.523213248640684,56.07355549145947,0.9099764219375446,5.086896587829947,15.886520725829662,,
97,,AK,K222,,HNZ,61.0876,-149.8366,2026-09-12T09:43:00.000000Z,2026-09-12T09:44:00.000000Z,100.0,200.0,60.0,,noise,0,Noise,events:arr_summer_2026.csv,AK,2.0-20.0,13.230413152479482,89.65091154429149,12.79731759969995,89.33969515853434,0.9356018758445664,3.7418614847267735,5.6584661767084246,,
98,,AK,K222,,HNZ,61.0876,-149.8366,2026-09-12T09:44:00.000000Z,2026-09-12T09:45:00.000000Z,100.0,200.0,60.0,,noise,0,Noise,events:arr_summer_2026.csv,AK,2.0-20.0,5.211942414718383,39.71144369969544,4.783206611289296,36.55138599800122,0.842246207382455,5.054852633491285,7.282190949912708,,
99,,AK,K222,,HNZ,61.0876,-149.8366,2026-09-12T09:45:00.000000Z,2026-09-12T09:46:00.000000Z,100.0,200.0,60.0,,noise,0,Noise,events:arr_summer_2026.csv,AK,2.0-20.0,3.146191414201181,15.820451948132607,2.3925274338893927,11.438393632250978,0.5782871865737255,2.3919421522584066,0.2548560889456093,,
100,,AK,K222,,HNZ,61.0876,-149.8366,2026-09-12T09:46:00.000000Z,2026-09-12T09:47:00.000000Z,100.0,200.0,60.0,,noise,0,Noise,events:arr_summer_2026.csv,AK,2.0-20.0,5.9552661926432835,41.73953792596007,5.594833697472567,38.33012971965385,0.8826164279387361,3.3911238838000552,6.94867516365051,,
101,,AK,K222,,HNZ,61.0876,-149.8366,2026-09-12T09:47:00.000000Z,2026-09-12T09:48:00.000000Z,100.0,200.0,60.0,,noise,0,Noise,events:arr_summer_2026.csv,AK,2.0-20.0,9.44700034757266,69.65957166124016,9.087232509563819,70.03137757137168,0.9252847784313692,5.46493546569932,10.081406497519579,,
102,,AK,K222,,HNZ,61.0876,-149.8366,2026-09-12T09:48:00.000000Z,2026-09-12T09:49:00.000000Z,100.0,200.0,60.0,,noise,0,Noise,events:arr_summer_2026.csv,AK,2.0-20.0,10.992222260132603,88.89556503477407,10.714453276692657,81.3113709322743,0.9500993661954483,5.513234483077868,10.04996438349766,,
103,,AK,K222,,HNZ,61.0876,-149.8366,2026-09-12T09:49:00.000000Z,2026-09-12T09:50:00.000000Z,100.0,200.0,60.0,,noise,0,Noise,events:arr_summer_2026.csv,AK,2.0-20.0,3.7609273879699634,19.72328077166288,3.3556497535746552,18.20021941035179,0.7960921705945021,1.9389562345970082,1.7288593478661038,,
104,,AK,K222,,HNZ,61.0876,-149.8366,2026-09-12T09:50:00.000000Z,2026-09-12T09:51:00.000000Z,100.0,200.0,60.0,,noise,0,Noise,events:arr_summer_2026.csv,AK,2.0-20.0,2.487117927139561,8.717634313944359,2.024411555854252,7.818190493390237,0.6625289493184362,1.699945540358995,-0.1680902595071352,,
105,,AK,K222,,HNZ,61.0876,-149.8366,2026-09-12T09:51:00.000000Z,2026-09-12T09:52:00.000000Z,100.0,200.0,60.0,,noise,0,Noise,events:arr_summer_2026.csv,AK,2.0-20.0,6.243519934653855,52.44222820847257,5.960593929156206,49.25042086118937,0.911423174094716,4.859582570618962,6.0464241932299885,,
106,,AK,K222,,HNZ,61.0876,-149.8366,2026-09-12T09:52:00.000000Z,2026-09-12T09:53:00.000000Z,100.0,200.0,60.0,,noise,0,Noise,events:arr_summer_2026.csv,AK,2.0-20.0,2.5921307313010087,11.230032482636336,2.2198374999779036,13.686355925722486,0.7333791614574497,1.8457006179822966,0.21754380171064502,,
107,,AK,K222,,HNZ,61.0876,-149.8366,2026-09-12T09:53:00.000000Z,2026-09-12T09:54:00.000000Z,100.0,200.0,60.0,,noise,0,Noise,events:arr_summer_2026.csv,AK,2.0-20.0,2.475540973907701,9.2012952270085,2.1146571204708233,8.313928347649526,0.7296921601854373,1.53690891645822,-0.10810851441123104,,
108,,AK,K222,,HNZ,61.0876,-149.8366,2026-09-12T09:54:00.000000Z,2026-09-12T09:55:00.000000Z,100.0,200.0,60.0,,noise,0,Noise,events:arr_summer_2026.csv,AK,2.0-20.0,7.411031393861589,71.76212101723459,7.170968463545167,66.80469167966656,0.9362639878904028,5.440903433983655,15.36315380973727,,
109,,AK,K222,,HNZ,61.0876,-149.8366,2026-09-12T09:55:00.000000Z,2026-09-12T09:56:00.000000Z,100.0,200.0,60.0,,noise,0,Noise,events:arr_summer_2026.csv,AK,2.0-20.0,5.805190597724894,64.16652775506633,5.4837388895884525,64.87474526631752,0.892319879756031,2.901644374330557,25.597596347042735,,
110,,AK,K222,,HNZ,61.0876,-149.8366,2026-09-12T09:56:00.000000Z,2026-09-12T09:57:00.000000Z,100.0,200.0,60.0,,noise,0,Noise,events:arr_summer_2026.csv,AK,2.0-20.0,8.407030157631045,65.78729052664646,8.186415925363825,61.918385610683735,0.9482053498315162,4.337520588546858,10.288679876280806,,
111,,AK,K222,,HNZ,61.0876,-149.8366,2026-09-12T09:57:00.000000Z,2026-09-12T09:58:00.000000Z,100.0,200.0,60.0,,noise,0,Noise,events:arr_summer_2026.csv,AK,2.0-20.0,5.267775352750134,56.676782593118226,4.8892195668393965,50.02574790180901,0.861439120371576,4.412784324325775,12.462467732420603,,
112,,AK,K222,,HNZ,61.0876,-149.8366,2026-09-12T09:58:00.000000Z,2026-09-12T09:59:00.000000Z,100.0,200.0,60.0,,noise,0,Noise,events:arr_summer_2026.csv,AK,2.0-20.0,7.1091901879235575,42.956582297504085,6.781254246373285,44.82720542148683,0.909870929223115,4.6174244898593315,3.902326656137938,,
113,,AK,K222,,HNZ,61.0876,-149.8366,2026-09-12T09:59:00.000000Z,2026-09-12T10:00:00.000000Z,100.0,200.0,60.0,,noise,0,Noise,events:arr_summer_2026.csv,AK,2.0-20.0,3.372126608479293,37.618965838210755,3.0261425358420944,36.946649172503946,0.8053246935001966,3.8713559504676915,10.916555205500044,,
114,,AK,K222,,HNZ,61.0876,-149.8366,2026-09-12T10:00:00.000000Z,2026-09-12T10:01:00.000000Z,100.0,200.0,60.0,,noise,0,Noise,events:arr_summer_2026.csv,AK,2.0-20.0,4.532984344711056,68.50556606021233,4.30124253286484,63.433910180083515,0.9003667015514556,6.127649324756474,45.17899706400918,,
115,,AK,K222,,HNZ,61.0876,-149.8366,2026-09-12T10:01:00.000000Z,2026-09-12T10:02:00.000000Z,100.0,200.0,60.0,,noise,0,Noise,events:arr_summer_2026.csv,AK,2.0-20.0,5.25569041876401,43.40812027365612,5.014102878366283,41.56154878725853,0.9101792486588528,4.237658329668002,8.970921621902606,,
116,,AK,K222,,HNZ,61.0876,-149.8366,2026-09-12T10:02:00.000000Z,2026-09-12T10:03:00.000000Z,100.0,200.0,60.0,,noise,0,Noise,events:arr_summer_2026.csv,AK,2.0-20.0,17.43453513728644,116.93746692602879,16.85672268631331,123.49061835450411,0.9348147152032336,4.287777162931835,5.814963152286239,,
117,,AK,K222,,HNZ,61.0876,-149.8366,2026-09-12T10:03:00.000000Z,2026-09-12T10:04:00.000000Z,100.0,200.0,60.0,,noise,0,Noise,events:arr_summer_2026.csv,AK,2.0-20.0,5.9014036941988754,85.43858456734905,5.674385706840202,88.65997295572723,0.9245428778430466,6.77170243248379,38.905661091259425,,
118,,AK,K222,,HNZ,61.0876,-149.8366,2026-09-12T10:04:00.000000Z,2026-09-12T10:05:00.000000Z,100.0,200.0,60.0,,noise,0,Noise,events:arr_summer_2026.csv,AK,2.0-20.0,9.097274683142718,51.97587796712757,8.784338362860508,51.631182582590945,0.9323854677239758,4.416728360987343,2.7386791204893832,,
119,,AK,K222,,HNZ,61.0876,-149.8366,2026-09-12T10:05:00.000000Z,2026-09-12T10:06:00.000000Z,100.0,200.0,60.0,,noise,0,Noise,events:arr_summer_2026.csv,AK,2.0-20.0,5.0650544108444935,42.36308198017805,4.535414442389074,37.719993181312894,0.8017994004721236,5.147057906169632,7.195348488626976,,
120,,AK,K222,,HNZ,61.0876,-149.8366,2026-09-12T10:06:00.000000Z,2026-09-12T10:07:00.000000Z,100.0,200.0,60.0,,noise,0,Noise,events:arr_summer_2026.csv,AK,2.0-20.0,6.935354969600256,47.27182159621246,6.430081722675606,48.34197152154722,0.8595983962909449,3.676569507358133,9.587883836298339,,
121,,AK,K222,,HNZ,61.0876,-149.8366,2026-09-12T10:07:00.000000Z,2026-09-12T10:08:00.000000Z,100.0,200.0,60.0,,noise,0,Noise,events:arr_summer_2026.csv,AK,2.0-20.0,2.5255802158762957,9.674359877360303,2.16555697095963,8.159941105137792,0.735219290366128,1.9760114500007164,-0.10245675411500699,,
122,,AK,K222,,HNZ,61.0876,-149.8366,2026-09-12T10:08:00.000000Z,2026-09-12T10:09:00.000000Z,100.0,200.0,60.0,,noise,0,Noise,events:arr_summer_2026.csv,AK,2.0-20.0,4.610287777898739,35.09337012885173,4.21257843461117,28.13408423371522,0.8349105133296991,3.4390073275831017,6.255690246880464,,
123,,AK,K222,,HNZ,61.0876,-149.8366,2026-09-12T10:09:00.000000Z,2026-09-12T10:10:00.000000Z,100.0,200.0,60.0,,noise,0,Noise,events:arr_summer_2026.csv,AK,2.0-20.0,10.698864785555998,75.01678460736126,10.352679895592788,69.73380354253409,0.9363326639439986,4.480517011589018,5.236460203692051,,
124,,AK,K222,,HNZ,61.0876,-149.8366,2026-09-12T10:10:00.000000Z,2026-09-12T10:11:00.000000Z,100.0,200.0,60.0,,noise,0,Noise,events:arr_summer_2026.csv,AK,2.0-20.0,2.7857753393288323,12.224359630192957,2.434814481725997,10.192542132752013,0.7639053880963729,1.947920092350289,0.44640399709662093,,
125,,AK,K222,,HNZ,61.0876,-149.8366,2026-09-12T10:11:00.000000Z,2026-09-12T10:12:00.000000Z,100.0,200.0,60.0,,noise,0,Noise,events:arr_summer_2026.csv,AK,2.0-20.0,11.009198598327355,81.88689983134987,10.648552570169564,74.44391245047228,0.9355559091889956,3.964774342154559,8.616064788940085,,
126,,AK,K222,,HNZ,61.0876,-149.8366,2026-09-12T10:12:00.000000Z,2026-09-12T10:13:00.000000Z,100.0,200.0,60.0,,noise,0,Noise,events:arr_summer_2026.csv,AK,2.0-20.0,3.4158432517059545,22.117514283705052,3.0307319537267334,20.86646882017159,0.7872255647137003,3.0632253996797387,2.7759207049323535,,
127,,AK,K222,,HNZ,61.0876,-149.8366,2026-09-12T10:13:00.000000Z,2026-09-12T10:14:00.000000Z,100.0,200.0,60.0,,noise,0,Noise,events:arr_summer_2026.csv,AK,2.0-20.0,8.633299135816612,59.421498725812114,8.194735759226594,67.24696295750226,0.9009824474115529,4.72598223887956,9.418510848779352,,
128,,AK,K222,,HNZ,61.0876,-149.8366,2026-09-12T10:14:00.000000Z,2026-09-12T10:15:00.000000Z,100.0,200.0,60.0,,noise,0,Noise,events:arr_summer_2026.csv,AK,2.0-20.0,9.665877531484684,89.35766364734025,9.265642354705973,84.71024584422582,0.9189005027899039,5.119962883245302,13.939938289019121,,
129,,AK,K222,,HNZ,61.0876,-149.8366,2026-09-12T10:15:00.000000Z,2026-09-12T10:16:00.000000Z,100.0,200.0,60.0,,noise,0,Noise,events:arr_summer_2026.csv,AK,2.0-20.0,12.561060477404169,80.29508117885365,12.325805664494064,73.13848790300412,0.9628929767988185,4.544794306185009,5.5768936731094385,,
130,,AK,K222,,HNZ,61.0876,-149.8366,2026-09-12T10:16:00.000000Z,2026-09-12T10:17:00.000000Z,100.0,200.0,60.0,,noise,0,Noise,events:arr_summer_2026.csv,AK,2.0-20.0,2.5627529874926944,8.915313750167948,2.1373935347746515,7.5258207393269485,0.6955934532230402,1.4780524726213793,-0.13249039163307952,,
131,,AK,K222,,HNZ,61.0876,-149.8366,2026-09-12T10:17:00.000000Z,2026-09-12T10:18:00.000000Z,100.0,200.0,60.0,,noise,0,Noise,events:arr_summer_2026.csv,AK,2.0-20.0,6.018384875162784,69.74269545432382,5.712552720948944,73.49772893373853,0.9009496638937882,5.579863507308243,19.179925227775083,,
132,,AK,K222,,HNZ,61.0876,-149.8366,2026-09-12T10:18:00.000000Z,2026-09-12T10:19:00.000000Z,100.0,200.0,60.0,,noise,0,Noise,events:arr_summer_2026.csv,AK,2.0-20.0,5.137393630992664,44.06345932615495,4.785692423727284,36.23267294807271,0.8677684980770944,2.7038236362109656,7.228662315520376,,
133,,AK,K222,,HNZ,61.0876,-149.8366,2026-09-12T10:19:00.000000Z,2026-09-12T10:20:00.000000Z,100.0,200.0,60.0,,noise,0,Noise,events:arr_summer_2026.csv,AK,2.0-20.0,8.984749722705587,82.03638658509415,8.500605334103081,71.03486359211232,0.8951333510729539,4.566384904935933,13.227294677419277,,
134,,AK,K222,,HNZ,61.0876,-149.8366,2026-09-12T10:20:00.000000Z,2026-09-12T10:21:00.000000Z,100.0,200.0,60.0,,noise,0,Noise,events:arr_summer_2026.csv,AK,2.0-20.0,2.8019086701753877,9.676798526979132,2.4306757593892225,9.441969674148666,0.7525686270428014,1.8780680790349304,0.023054866555187292,,
135,,AK,K222,,HNZ,61.0876,-149.8366,2026-09-12T10:21:00.000000Z,2026-09-12T10:22:00.000000Z,100.0,200.0,60.0,,noise,0,Noise,events:arr_summer_2026.csv,AK,2.0-20.0,9.763421864828961,63.57701112047417,9.368176493335659,66.29058700517263,0.9206742955227212,4.093921332415157,3.3658666623134836,,
136,,AK,K222,,HNZ,61.0876,-149.8366,2026-09-12T10:22:00.000000Z,2026-09-12T10:23:00.000000Z,100.0,200.0,60.0,,noise,0,Noise,events:arr_summer_2026.csv,AK,2.0-20.0,9.180608299308426,64.49459407331551,8.613801031786139,57.72646024868315,0.8803325407279984,3.5743004180269766,9.723572198615788,,
137,,AK,K222,,HNZ,61.0876,-149.8366,2026-09-12T10:23:00.000000Z,2026-09-12T10:24:00.000000Z,100.0,200.0,60.0,,noise,0,Noise,events:arr_summer_2026.csv,AK,2.0-20.0,2.8145704121993655,11.627669145920558,2.1876876933669043,11.417656963555055,0.6041522700832452,1.9788868653091778,-0.003666410721789415,,
138,,AK,K222,,HNZ,61.0876,-149.8366,2026-09-12T10:27:00.000000Z,2026-09-12T10:28:00.000000Z,100.0,200.0,60.0,,noise,0,Noise,events:arr_summer_2026.csv,AK,2.0-20.0,3.3755618128180265,21.717353168472936,2.877212063121103,21.805035263926428,0.7265267591149225,3.2920745535768186,4.222121946092834,,
139,,AK,K222,,HNZ,61.0876,-149.8366,2026-09-12T10:28:00.000000Z,2026-09-12T10:29:00.000000Z,100.0,200.0,60.0,,noise,0,Noise,events:arr_summer_2026.csv,AK,2.0-20.0,10.562521403595166,69.28044702054343,10.114493864086798,68.71686782667014,0.9169657333056197,4.334173999952221,6.453130337434347,,
140,,AK,K222,,HNZ,61.0876,-149.8366,2026-09-12T10:29:00.000000Z,2026-09-12T10:30:00.000000Z,100.0,200.0,60.0,,noise,0,Noise,events:arr_summer_2026.csv,AK,2.0-20.0,2.9236802507573456,9.961563413565347,1.978081794008868,7.024390373944998,0.4577504114190345,1.8806801652047627,-0.12242602706399808,,
141,,AK,K222,,HNZ,61.0876,-149.8366,2026-09-12T10:30:00.000000Z,2026-09-12T10:31:00.000000Z,100.0,200.0,60.0,,noise,0,Noise,events:arr_summer_2026.csv,AK,2.0-20.0,2.6181530807526694,9.814366732054445,2.1237163904360785,8.721791804116453,0.6579652637161244,1.9714112270731814,-0.03288691030372126,,
142,,AK,K222,,HNZ,61.0876,-149.8366,2026-09-12T10:31:00.000000Z,2026-09-12T10:32:00.000000Z,100.0,200.0,60.0,,noise,0,Noise,events:arr_summer_2026.csv,AK,2.0-20.0,2.4377674149849446,10.093573923607641,1.986675895710791,7.200413421696435,0.6641550967174193,1.4952008647048896,-0.20742760766558144,,
143,,AK,K222,,HNZ,61.0876,-149.8366,2026-09-12T10:32:00.000000Z,2026-09-12T10:33:00.000000Z,100.0,200.0,60.0,,noise,0,Noise,events:arr_summer_2026.csv,AK,2.0-20.0,2.567011824737173,11.054186951520181,2.1274030368531016,8.83766134103599,0.6868213886425933,1.7690141031629452,-0.10776536738930087,,
144,,AK,K222,,HNZ,61.0876,-149.8366,2026-09-12T10:33:00.000000Z,2026-09-12T10:34:00.000000Z,100.0,200.0,60.0,,noise,0,Noise,events:arr_summer_2026.csv,AK,2.0-20.0,9.990404200264988,86.68204411387062,9.701229806177766,84.40473656000604,0.9429473961374703,7.687516573226914,12.111863424210307,,
145,,AK,K222,,HNZ,61.0876,-149.8366,2026-09-12T10:34:00.000000Z,2026-09-12T10:35:00.000000Z,100.0,200.0,60.0,,noise,0,Noise,events:arr_summer_2026.csv,AK,2.0-20.0,6.07808621073241,55.76417852430963,5.630045656874542,61.11671246509087,0.8580055992892015,4.603814436980072,7.7600636413088395,,
146,,AK,K222,,HNZ,61.0876,-149.8366,2026-09-12T10:35:00.000000Z,2026-09-12T10:36:00.000000Z,100.0,200.0,60.0,,noise,0,Noise,events:arr_summer_2026.csv,AK,2.0-20.0,5.124173466034244,54.464455795993324,4.054689694199311,53.58090411916115,0.6261344507412804,6.010514057830848,26.015144946906172,,
147,,AK,K222,,HNZ,61.0876,-149.8366,2026-09-12T10:36:00.000000Z,2026-09-12T10:37:00.000000Z,100.0,200.0,60.0,,noise,0,Noise,events:arr_summer_2026.csv,AK,2.0-20.0,3.131462113295694,10.358742087871253,2.026016482338272,6.579063693346584,0.4185926757006004,1.7542385385182369,-0.22398376342027193,,
148,,AK,K222,,HNZ,61.0876,-149.8366,2026-09-12T10:37:00.000000Z,2026-09-12T10:38:00.000000Z,100.0,200.0,60.0,,noise,0,Noise,events:arr_summer_2026.csv,AK,2.0-20.0,4.818269970003783,48.23211710602211,4.317238142554168,44.677906624367864,0.8028413833735866,4.818757693089393,18.17908629075075,,
149,,AK,K222,,HNZ,61.0876,-149.8366,2026-09-12T10:38:00.000000Z,2026-09-12T10:39:00.000000Z,100.0,200.0,60.0,,noise,0,Noise,events:arr_summer_2026.csv,AK,2.0-20.0,2.3118477757703983,8.657267069231606,1.8420228778093417,7.509672400257385,0.6348506530937981,1.7429641581374171,-0.10511437469944118,,
150,,AK,K222,,HNZ,61.0876,-149.8366,2026-09-12T10:39:00.000000Z,2026-09-12T10:40:00.000000Z,100.0,200.0,60.0,,noise,0,Noise,events:arr_summer_2026.csv,AK,2.0-20.0,11.565937364150628,60.51733311276389,11.37630774089561,58.41720929247287,0.9674777618703789,5.648805504290388,4.134350085295316,,
151,,AK,K222,,HNZ,61.0876,-149.8366,2026-09-12T10:40:00.000000Z,2026-09-12T10:41:00.000000Z,100.0,200.0,60.0,,noise,0,Noise,events:arr_summer_2026.csv,AK,2.0-20.0,7.12544045319868,86.90444292444072,6.962799546110779,80.95415068693211,0.9548702321913947,7.279003324725749,19.630410538026208,,
152,,AK,K222,,HNZ,61.0876,-149.8366,2026-09-12T10:41:00.000000Z,2026-09-12T10:42:00.000000Z,100.0,200.0,60.0,,noise,0,Noise,events:arr_summer_2026.csv,AK,2.0-20.0,7.703401671594476,60.194980264827215,7.286220506490574,68.87722923184751,0.8946219174186704,4.012427956759762,10.193270693981477,,
153,,AK,K222,,HNZ,61.0876,-149.8366,2026-09-12T10:42:00.000000Z,2026-09-12T10:43:00.000000Z,100.0,200.0,60.0,,noise,0,Noise,events:arr_summer_2026.csv,AK,2.0-20.0,2.26800343617652,8.207349835665616,1.845653229161697,7.459149777050943,0.6622360174779857,1.3777939446565846,-0.15010681810749338,,
154,,AK,K222,,HNZ,61.0876,-149.8366,2026-09-12T10:43:00.000000Z,2026-09-12T10:44:00.000000Z,100.0,200.0,60.0,,noise,0,Noise,events:arr_summer_2026.csv,AK,2.0-20.0,2.3509396000831106,8.6095644198745,1.9617766109926207,7.090504913416509,0.6963316925480009,2.4305684180613003,-0.147451334192505,,
155,,AK,K222,,HNZ,61.0876,-149.8366,2026-09-12T10:44:00.000000Z,2026-09-12T10:45:00.000000Z,100.0,200.0,60.0,,noise,0,Noise,events:arr_summer_2026.csv,AK,2.0-20.0,10.234669844503058,72.70015563312238,9.696413077576183,71.2279486615872,0.8975828422117872,5.197737079563187,6.094683336365824,,
156,,AK,K222,,HNZ,61.0876,-149.8366,2026-09-12T10:45:00.000000Z,2026-09-12T10:46:00.000000Z,100.0,200.0,60.0,,noise,0,Noise,events:arr_summer_2026.csv,AK,2.0-20.0,2.8797034313113006,46.05924858149848,2.6594287577990987,42.233597294422246,0.8528667703771098,8.105548523143007,68.90753294379532,,
157,,AK,K222,,HNZ,61.0876,-149.8366,2026-09-12T10:46:00.000000Z,2026-09-12T10:47:00.000000Z,100.0,200.0,60.0,,noise,0,Noise,events:arr_summer_2026.csv,AK,2.0-20.0,3.5352863278339988,61.8168531510608,3.1182493337344996,30.446918720685723,0.7779872669171447,5.684194147927782,2.6218273143801687,,
158,,AK,K222,,HNZ,61.0876,-149.8366,2026-09-12T10:47:00.000000Z,2026-09-12T10:48:00.000000Z,100.0,200.0,60.0,,noise,0,Noise,events:arr_summer_2026.csv,AK,2.0-20.0,10.057200632898896,69.45435802433579,9.8509145992911,66.13224452202716,0.9593981573969215,4.683685920509167,10.584227567665678,,
159,,AK,K222,,HNZ,61.0876,-149.8366,2026-09-12T10:48:00.000000Z,2026-09-12T10:49:00.000000Z,100.0,200.0,60.0,,noise,0,Noise,events:arr_summer_2026.csv,AK,2.0-20.0,2.056386856100889,6.947681415910389,1.7298895836387045,5.990222039880964,0.7076640419142789,1.5488678488382734,-0.07913965091481456,,
160,,AK,K222,,HNZ,61.0876,-149.8366,2026-09-12T10:49:00.000000Z,2026-09-12T10:50:00.000000Z,100.0,200.0,60.0,,noise,0,Noise,events:arr_summer_2026.csv,AK,2.0-20.0,2.0909192132977825,8.502391687813002,1.6777130060755272,6.109758529745404,0.6438146220052838,1.4468083132899276,-0.18223008582582478,,
161,,AK,K222,,HNZ,61.0876,-149.8366,2026-09-12T10:50:00.000000Z,2026-09-12T10:51:00.000000Z,100.0,200.0,60.0,,noise,0,Noise,events:arr_summer_2026.csv,AK,2.0-20.0,7.21411708519828,45.73613652790916,7.024588037363027,44.46168694225872,0.948146281753667,4.641432468717136,6.859798964352056,,
162,,AK,K222,,HNZ,61.0876,-149.8366,2026-09-12T10:51:00.000000Z,2026-09-12T10:52:00.000000Z,100.0,200.0,60.0,,noise,0,Noise,events:arr_summer_2026.csv,AK,2.0-20.0,7.455717840843044,62.38773002103563,7.1786297344114525,59.849152930164095,0.9270521792077757,3.9185905719909004,11.104773744463854,,
163,,AK,K222,,HNZ,61.0876,-149.8366,2026-09-12T10:52:00.000000Z,2026-09-12T10:53:00.000000Z,100.0,200.0,60.0,,noise,0,Noise,events:arr_summer_2026.csv,AK,2.0-20.0,4.795236858725399,51.13804346510147,4.612786113281217,53.10260066911003,0.9253510190205787,6.883463643010904,13.786472377869778,,
164,,AK,K222,,HNZ,61.0876,-149.8366,2026-09-12T10:53:00.000000Z,2026-09-12T10:54:00.000000Z,100.0,200.0,60.0,,noise,0,Noise,events:arr_summer_2026.csv,AK,2.0-20.0,14.038993448448466,130.69582684734561,13.773449010168004,126.79202462361407,0.9625282136850066,6.163848617302161,20.171959372961012,,
165,,AK,K222,,HNZ,61.0876,-149.8366,2026-09-12T10:54:00.000000Z,2026-09-12T10:55:00.000000Z,100.0,200.0,60.0,,noise,0,Noise,events:arr_summer_2026.csv,AK,2.0-20.0,4.148125484991098,54.39011115083485,3.947041922044583,48.03677790013778,0.9053983666976463,6.441457990513063,20.199355445577737,,
166,,AK,K222,,HNZ,61.0876,-149.8366,2026-09-12T10:55:00.000000Z,2026-09-12T10:56:00.000000Z,100.0,200.0,60.0,,noise,0,Noise,events:arr_summer_2026.csv,AK,2.0-20.0,4.288029144346248,45.2527221034557,4.10582796767842,41.04808693693545,0.9168241414457657,7.455596504236626,24.816874379136628,,
167,,AK,K222,,HNZ,61.0876,-149.8366,2026-09-12T10:56:00.000000Z,2026-09-12T10:57:00.000000Z,100.0,200.0,60.0,,noise,0,Noise,events:arr_summer_2026.csv,AK,2.0-20.0,2.0140641658347445,7.580200751062992,1.706115785900985,6.277458889879197,0.7175801184660014,1.69292314565644,-0.15909422437772847,,
168,,AK,K222,,HNZ,61.0876,-149.8366,2026-09-12T10:57:00.000000Z,2026-09-12T10:58:00.000000Z,100.0,200.0,60.0,,noise,0,Noise,events:arr_summer_2026.csv,AK,2.0-20.0,11.283515528370115,86.16727963971933,10.967809527790257,81.86239485841449,0.9448240457552328,5.92407434300168,10.087182439031174,,
169,,AK,K222,,HNZ,61.0876,-149.8366,2026-09-12T10:58:00.000000Z,2026-09-12T10:59:00.000000Z,100.0,200.0,60.0,,noise,0,Noise,events:arr_summer_2026.csv,AK,2.0-20.0,2.0044918081177383,6.352877707053079,1.6950321097511085,6.107059528054162,0.7150679085720241,1.6825018604361786,-0.09334839641380555,,
170,,AK,K222,,HNZ,61.0876,-149.8366,2026-09-12T10:59:00.000000Z,2026-09-12T11:00:00.000000Z,100.0,200.0,60.0,,noise,0,Noise,events:arr_summer_2026.csv,AK,2.0-20.0,2.676544078729922,27.09394523469094,2.3885531886497553,24.183961860153918,0.7963812627228091,5.3871583106951775,12.383270154473934,,
171,,AK,K222,,HNZ,61.0876,-149.8366,2026-09-12T11:00:00.000000Z,2026-09-12T11:01:00.000000Z,100.0,200.0,60.0,,noise,0,Noise,events:arr_summer_2026.csv,AK,2.0-20.0,2.0157872046776864,6.774078511066386,1.6791271878346823,6.137643446259036,0.6938695335973442,1.6780798251587208,-0.24091704851864293,,
172,,AK,K222,,HNZ,61.0876,-149.8366,2026-09-12T11:01:00.000000Z,2026-09-12T11:02:00.000000Z,100.0,200.0,60.0,,noise,0,Noise,events:arr_summer_2026.csv,AK,2.0-20.0,1.9860991068059175,7.454446863294712,1.6674613302709003,6.064877953118811,0.7048711085705438,1.7283095697560393,-0.1637350297526643,,
173,,AK,K222,,HNZ,61.0876,-149.8366,2026-09-12T11:02:00.000000Z,2026-09-12T11:03:00.000000Z,100.0,200.0,60.0,,noise,0,Noise,events:arr_summer_2026.csv,AK,2.0-20.0,1.98813267007157,7.859491073889645,1.7098596799429964,5.980192238188451,0.7396567397222693,1.4844513201262606,-0.18083955105319083,,
174,,AK,K222,,HNZ,61.0876,-149.8366,2026-09-12T11:03:00.000000Z,2026-09-12T11:04:00.000000Z,100.0,200.0,60.0,,noise,0,Noise,events:arr_summer_2026.csv,AK,2.0-20.0,10.95448056137052,75.717621905281,10.6562947031241,72.77312033553687,0.94630005860823,5.429366218608144,8.433055129932681,,
175,,AK,K222,,HNZ,61.0876,-149.8366,2026-09-12T11:04:00.000000Z,2026-09-12T11:05:00.000000Z,100.0,200.0,60.0,,noise,0,Noise,events:arr_summer_2026.csv,AK,2.0-20.0,2.7254928557116123,12.497288496914324,2.3835493185950405,10.328876680056739,0.7648181558003319,2.213728595685935,0.6339968366993829,,
176,,AK,K222,,HNZ,61.0876,-149.8366,2026-09-12T11:05:00.000000Z,2026-09-12T11:06:00.000000Z,100.0,200.0,60.0,,noise,0,Noise,events:arr_summer_2026.csv,AK,2.0-20.0,8.073034858671205,60.33600490915425,7.690839749054575,54.52420451345668,0.907556912521647,4.602999191614339,10.334813347247058,,
177,,AK,K222,,HNZ,61.0876,-149.8366,2026-09-12T11:06:00.000000Z,2026-09-12T11:07:00.000000Z,100.0,200.0,60.0,,noise,0,Noise,events:arr_summer_2026.csv,AK,2.0-20.0,2.382225079326725,8.24895478891371,1.8289985939596534,7.137357395769197,0.5894692547840698,1.8142189070086192,-0.04205879014875835,,
178,,AK,K222,,HNZ,61.0876,-149.8366,2026-09-12T11:07:00.000000Z,2026-09-12T11:08:00.000000Z,100.0,200.0,60.0,,noise,0,Noise,events:arr_summer_2026.csv,AK,2.0-20.0,2.2585970417913117,10.51716862856065,1.8534238559071188,8.225415959724176,0.6733982560190898,1.7881684861589746,0.02346164857105215,,
179,,AK,K222,,HNZ,61.0876,-149.8366,2026-09-12T11:08:00.000000Z,2026-09-12T11:09:00.000000Z,100.0,200.0,60.0,,noise,0,Noise,events:arr_summer_2026.csv,AK,2.0-20.0,2.1601952343950463,9.149903274181803,1.8413745927734564,7.0679964841595355,0.7266048387237519,2.4086558545038197,-0.021307650638573872,,
180,,AK,K222,,HNZ,61.0876,-149.8366,2026-09-12T11:09:00.000000Z,2026-09-12T11:10:00.000000Z,100.0,200.0,60.0,,noise,0,Noise,events:arr_summer_2026.csv,AK,2.0-20.0,3.8924882331957145,35.604906349584084,3.6924665900727858,34.9119838594846,0.8998674278524467,6.067046214759461,12.022461355371103,,
181,,AK,K222,,HNZ,61.0876,-149.8366,2026-09-12T11:10:00.000000Z,2026-09-12T11:11:00.000000Z,100.0,200.0,60.0,,noise,0,Noise,events:arr_summer_2026.csv,AK,2.0-20.0,2.1526493308534973,9.374890681832847,1.800782646301446,7.270428469653444,0.6998033492122904,1.6319950968975647,0.001821113271261332,,
182,,AK,K222,,HNZ,61.0876,-149.8366,2026-09-12T11:11:00.000000Z,2026-09-12T11:12:00.000000Z,100.0,200.0,60.0,,noise,0,Noise,events:arr_summer_2026.csv,AK,2.0-20.0,2.1077972198925066,9.55153429483658,1.7757197359776495,6.856617553641695,0.7097267731835646,1.6358077771693622,0.005569905752949911,,
183,,AK,K222,,HNZ,61.0876,-149.8366,2026-09-12T11:12:00.000000Z,2026-09-12T11:13:00.000000Z,100.0,200.0,60.0,,noise,0,Noise,events:arr_summer_2026.csv,AK,2.0-20.0,2.4040094849931903,8.687102255574887,1.891732885229538,6.800169810121863,0.6192232770049466,1.757757357843583,-0.19508433075003895,,
184,,AK,K222,,HNZ,61.0876,-149.8366,2026-09-12T11:13:00.000000Z,2026-09-12T11:14:00.000000Z,100.0,200.0,60.0,,noise,0,Noise,events:arr_summer_2026.csv,AK,2.0-20.0,2.399099968935071,9.617524994254143,1.9182801192594412,6.909759969990599,0.6393333530325361,1.698255882907603,-0.17336824829990283,,
185,,AK,K222,,HNZ,61.0876,-149.8366,2026-09-12T11:14:00.000000Z,2026-09-12T11:15:00.000000Z,100.0,200.0,60.0,,noise,0,Noise,events:arr_summer_2026.csv,AK,2.0-20.0,2.313861947844884,8.97503148827418,1.9695627262794366,7.488736972946293,0.7245439682051711,1.6732010810188362,-0.16596507871042387,,
186,,AK,K222,,HNZ,61.0876,-149.8366,2026-09-12T11:15:00.000000Z,2026-09-12T11:16:00.000000Z,100.0,200.0,60.0,,noise,0,Noise,events:arr_summer_2026.csv,AK,2.0-20.0,2.610414401706604,10.423253027074708,2.0962670742588805,9.491266624841789,0.6448731758364887,2.153236411845892,0.07177515353022779,,
187,,AK,K222,,HNZ,61.0876,-149.8366,2026-09-12T11:16:00.000000Z,2026-09-12T11:17:00.000000Z,100.0,200.0,60.0,,noise,0,Noise,events:arr_summer_2026.csv,AK,2.0-20.0,2.5760952942466355,9.223940831854327,2.0606412453415253,7.190920551083178,0.6398540571637921,1.598457155812825,-0.21199947102722927,,
188,,AK,K222,,HNZ,61.0876,-149.8366,2026-09-12T11:17:00.000000Z,2026-09-12T11:18:00.000000Z,100.0,200.0,60.0,,noise,0,Noise,events:arr_summer_2026.csv,AK,2.0-20.0,3.8504388224246573,48.71462892989135,3.533962385787375,48.120026284579495,0.8423709675942779,4.077532052593396,14.584257286804544,,
189,,AK,K222,,HNZ,61.0876,-149.8366,2026-09-12T11:18:00.000000Z,2026-09-12T11:19:00.000000Z,100.0,200.0,60.0,,noise,0,Noise,events:arr_summer_2026.csv,AK,2.0-20.0,6.578927261853565,106.59168167403448,6.064941681987703,79.99173552931762,0.8498515853889188,9.563134304895119,36.02888894052983,,
190,,AK,K222,,HNZ,61.0876,-149.8366,2026-09-12T11:19:00.000000Z,2026-09-12T11:20:00.000000Z,100.0,200.0,60.0,,noise,0,Noise,events:arr_summer_2026.csv,AK,2.0-20.0,6.192336927286522,40.3385645209969,5.788517773084745,44.94434012674235,0.8738272528063226,3.940922077897939,6.36298961236384,,
191,,AK,K222,,HNZ,61.0876,-149.8366,2026-09-12T11:20:00.000000Z,2026-09-12T11:21:00.000000Z,100.0,200.0,60.0,,noise,0,Noise,events:arr_summer_2026.csv,AK,2.0-20.0,2.5085477971662447,8.43367566172915,2.048352688086684,7.193660921850524,0.6667525902584055,1.8029155824886431,-0.11511605374750955,,
192,,AK,K222,,HNZ,61.0876,-149.8366,2026-09-12T11:21:00.000000Z,2026-09-12T11:22:00.000000Z,100.0,200.0,60.0,,noise,0,Noise,events:arr_summer_2026.csv,AK,2.0-20.0,9.884874953058988,71.42809163595768,9.474994774777453,71.399257844184,0.9187886018160092,4.420555585520279,5.798281341839333,,
193,,AK,K222,,HNZ,61.0876,-149.8366,2026-09-12T11:22:00.000000Z,2026-09-12T11:23:00.000000Z,100.0,200.0,60.0,,noise,0,Noise,events:arr_summer_2026.csv,AK,2.0-20.0,2.7765786923610225,12.59083808068065,2.235752115972748,13.822766559061053,0.6483765927222386,3.0453004850247996,0.46978313461638566,,
194,,AK,K222,,HNZ,61.0876,-149.8366,2026-09-12T11:23:00.000000Z,2026-09-12T11:24:00.000000Z,100.0,200.0,60.0,,noise,0,Noise,events:arr_summer_2026.csv,AK,2.0-20.0,5.352491072118707,42.56713155655571,4.990729004219487,36.606329013467324,0.8693928689316761,2.749130585670971,5.730296862507313,,
195,,AK,K222,,HNZ,61.0876,-149.8366,2026-09-12T11:27:00.000000Z,2026-09-12T11:28:00.000000Z,100.0,200.0,60.0,,noise,0,Noise,events:arr_summer_2026.csv,AK,2.0-20.0,4.046898550684312,12.926671167688692,2.051400387799366,7.251674595263602,0.25695450226974514,1.6308282724906427,-0.2376501468733152,,
196,,AK,K222,,HNZ,61.0876,-149.8366,2026-09-12T11:28:00.000000Z,2026-09-12T11:29:00.000000Z,100.0,200.0,60.0,,noise,0,Noise,events:arr_summer_2026.csv,AK,2.0-20.0,2.7368241408709166,24.18177043662316,2.1438379067885918,25.75667521057101,0.613606720376892,3.4760395346153237,5.382682654548816,,
197,,AK,K222,,HNZ,61.0876,-149.8366,2026-09-12T11:29:00.000000Z,2026-09-12T11:30:00.000000Z,100.0,200.0,60.0,,noise,0,Noise,events:arr_summer_2026.csv,AK,2.0-20.0,2.3839896580198756,8.740420272466801,1.9975926222210996,6.885894402500907,0.7021099320047288,1.570291785992197,-0.3036493930743611,,
198,,AK,K222,,HNZ,61.0876,-149.8366,2026-09-12T11:30:00.000000Z,2026-09-12T11:31:00.000000Z,100.0,200.0,60.0,,noise,0,Noise,events:arr_summer_2026.csv,AK,2.0-20.0,2.501296495290636,9.199089732489924,2.0393004338545855,8.307761570477423,0.6647097882653061,1.797166225237932,-0.03713131729639185,,
199,,AK,K222,,HNZ,61.0876,-149.8366,2026-09-12T11:31:00.000000Z,2026-09-12T11:32:00.000000Z,100.0,200.0,60.0,,noise,0,Noise,events:arr_summer_2026.csv,AK,2.0-20.0,9.051792456999154,69.74222268452063,8.465800698729819,59.492543682993535,0.8747156661553851,3.5242537473081113,7.168298654947224,,
200,,AK,K222,,HNZ,61.0876,-149.8366,2026-09-12T11:32:00.000000Z,2026-09-12T11:33:00.000000Z,100.0,200.0,60.0,,noise,0,Noise,events:arr_summer_2026.csv,AK,2.0-20.0,4.040492455221621,54.55626343762742,3.533334657649386,56.93491393412101,0.7647173547895587,7.461452505547864,37.30534037789007,,
201,,AK,K222,,HNZ,61.0876,-149.8366,2026-09-12T11:33:00.000000Z,2026-09-12T11:34:00.000000Z,100.0,200.0,60.0,,noise,0,Noise,events:arr_summer_2026.csv,AK,2.0-20.0,3.0618773960036503,16.980064926056528,2.4654962313439,20.002862645015284,0.6483851994611736,1.5501603073639716,2.6095455082259367,,
202,,AK,K222,,HNZ,61.0876,-149.8366,2026-09-12T11:34:00.000000Z,2026-09-12T11:35:00.000000Z,100.0,200.0,60.0,,noise,0,Noise,events:arr_summer_2026.csv,AK,2.0-20.0,3.2141047948995998,14.20475201548223,2.239328018470764,12.719656155475034,0.4854174256013727,2.336000881708088,0.8872849876041964,,
203,,AK,K222,,HNZ,61.0876,-149.8366,2026-09-12T11:35:00.000000Z,2026-09-12T11:36:00.000000Z,100.0,200.0,60.0,,noise,0,Noise,events:arr_summer_2026.csv,AK,2.0-20.0,3.4284383188107146,12.265584201759026,1.9760056341492838,7.814692547885024,0.3321877982885002,1.5644620209423346,-0.16916030476451382,,
204,,AK,K222,,HNZ,61.0876,-149.8366,2026-09-12T11:36:00.000000Z,2026-09-12T11:37:00.000000Z,100.0,200.0,60.0,,noise,0,Noise,events:arr_summer_2026.csv,AK,2.0-20.0,4.194669751970941,40.368908649603355,3.7811561288785582,38.36117769776453,0.81255669309213,5.199747674919641,13.56031398241814,,
205,,AK,K222,,HNZ,61.0876,-149.8366,2026-09-12T11:37:00.000000Z,2026-09-12T11:38:00.000000Z,100.0,200.0,60.0,,noise,0,Noise,events:arr_summer_2026.csv,AK,2.0-20.0,2.582777088583288,9.753112778358316,2.1610090858248534,9.410882981696831,0.7000665633298784,1.8071653845487514,0.007903580571962276,,
206,,AK,K222,,HNZ,61.0876,-149.8366,2026-09-12T11:38:00.000000Z,2026-09-12T11:39:00.000000Z,100.0,200.0,60.0,,noise,0,Noise,events:arr_summer_2026.csv,AK,2.0-20.0,7.279398150254821,81.7430553750638,7.02283361558821,84.03948162574332,0.9307516409684905,5.247547731330391,29.51553658168887,,
207,,AK,K222,,HNZ,61.0876,-149.8366,2026-09-12T11:39:00.000000Z,2026-09-12T11:40:00.000000Z,100.0,200.0,60.0,,noise,0,Noise,events:arr_summer_2026.csv,AK,2.0-20.0,5.42039485718591,57.88464523669747,5.236579389416533,65.53085890249369,0.9333263668861501,3.9346857587971136,26.609904776563607,,
208,,AK,K222,,HNZ,61.0876,-149.8366,2026-09-12T11:43:00.000000Z,2026-09-12T11:44:00.000000Z,100.0,200.0,60.0,,noise,0,Noise,events:arr_summer_2026.csv,AK,2.0-20.0,2.9616502411044667,12.82089091810401,2.1375329692546874,9.154779742070978,0.5209044966038102,2.007325261313062,-0.017557656199880256,,
209,,AK,K222,,HNZ,61.0876,-149.8366,2026-09-12T11:44:00.000000Z,2026-09-12T11:45:00.000000Z,100.0,200.0,60.0,,noise,0,Noise,events:arr_summer_2026.csv,AK,2.0-20.0,2.6014985932597385,11.32805617866772,1.9729981080758037,6.603702622092849,0.5751831393108475,1.554094437448661,-0.18878696889923363,,
210,,AK,K222,,HNZ,61.0876,-149.8366,2026-09-12T11:45:00.000000Z,2026-09-12T11:46:00.000000Z,100.0,200.0,60.0,,noise,0,Noise,events:arr_summer_2026.csv,AK,2.0-20.0,3.0904283832454404,14.190244987124439,2.1177696366385588,13.108644583713648,0.46959132682340904,2.621448807450112,0.1937888839331947,,
211,,AK,K222,,HNZ,61.0876,-149.8366,2026-09-12T11:46:00.000000Z,2026-09-12T11:47:00.000000Z,100.0,200.0,60.0,,noise,0,Noise,events:arr_summer_2026.csv,AK,2.0-20.0,3.293520251638031,11.640981074620742,2.2908776306774845,9.517096495270167,0.48381920853374766,2.9786600841646935,0.3716685019636725,,
212,,AK,K222,,HNZ,61.0876,-149.8366,2026-09-12T11:47:00.000000Z,2026-09-12T11:48:00.000000Z,100.0,200.0,60.0,,noise,0,Noise,events:arr_summer_2026.csv,AK,2.0-20.0,3.57853918765905,17.618002423917144,2.933864127009138,16.95849859286585,0.6721534607454916,2.732544657848175,1.338600772914429,,
213,,AK,K222,,HNZ,61.0876,-149.8366,2026-09-12T11:48:00.000000Z,2026-09-12T11:49:00.000000Z,100.0,200.0,60.0,,noise,0,Noise,events:arr_summer_2026.csv,AK,2.0-20.0,3.395773309268384,29.358359209489816,2.751093988940948,28.646974330564284,0.6563469554012074,5.777924342428765,10.071050508033915,,
214,,AK,K222,,HNZ,61.0876,-149.8366,2026-09-12T11:49:00.000000Z,2026-09-12T11:50:00.000000Z,100.0,200.0,60.0,,noise,0,Noise,events:arr_summer_2026.csv,AK,2.0-20.0,14.76820416039943,86.71780477083938,14.52107568035921,83.25028725890607,0.9668123794139297,5.5152620954121945,5.85725095217377,,
215,,AK,K222,,HNZ,61.0876,-149.8366,2026-09-12T11:50:00.000000Z,2026-09-12T11:51:00.000000Z,100.0,200.0,60.0,,noise,0,Noise,events:arr_summer_2026.csv,AK,2.0-20.0,6.702656229918308,53.766052480295684,6.369698093391443,54.65406015789955,0.9031165597446944,6.6015078458426,11.837757982361147,,
216,,AK,K222,,HNZ,61.0876,-149.8366,2026-09-12T11:51:00.000000Z,2026-09-12T11:52:00.000000Z,100.0,200.0,60.0,,noise,0,Noise,events:arr_summer_2026.csv,AK,2.0-20.0,14.921744356504167,103.4024239849504,14.757309665089444,95.89326337485923,0.9780818289725707,4.796812478575199,7.577539077925312,,
217,,AK,K222,,HNZ,61.0876,-149.8366,2026-09-12T11:52:00.000000Z,2026-09-12T11:53:00.000000Z,100.0,200.0,60.0,,noise,0,Noise,events:arr_summer_2026.csv,AK,2.0-20.0,2.620774173320706,9.233508886775015,2.1482901976402196,7.058812423595281,0.6719341175906837,1.7139802656940275,-0.20666941292329888,,
218,,AK,K222,,HNZ,61.0876,-149.8366,2026-09-12T11:53:00.000000Z,2026-09-12T11:54:00.000000Z,100.0,200.0,60.0,,noise,0,Noise,events:arr_summer_2026.csv,AK,2.0-20.0,2.5271464611207644,8.955234422923033,2.171430440269763,8.13128783922847,0.7382968558565228,1.620328804670187,-0.20473939452848988,,
219,,AK,K222,,HNZ,61.0876,-149.8366,2026-09-12T11:54:00.000000Z,2026-09-12T11:55:00.000000Z,100.0,200.0,60.0,,noise,0,Noise,events:arr_summer_2026.csv,AK,2.0-20.0,2.553328290321804,14.480271934629586,2.2085924447830387,11.974909720654516,0.7482002518878507,3.015206261238912,0.5750345057864541,,
220,,AK,K222,,HNZ,61.0876,-149.8366,2026-09-12T11:55:00.000000Z,2026-09-12T11:56:00.000000Z,100.0,200.0,60.0,,noise,0,Noise,events:arr_summer_2026.csv,AK,2.0-20.0,7.0359535202945604,68.59659005605313,6.668369746221479,72.37903834998458,0.8982421310398551,5.0477149753604165,13.241380606230848,,
221,,AK,K222,,HNZ,61.0876,-149.8366,2026-09-12T11:56:00.000000Z,2026-09-12T11:57:00.000000Z,100.0,200.0,60.0,,noise,0,Noise,events:arr_summer_2026.csv,AK,2.0-20.0,2.787615370561798,10.752769194018052,2.4178023701352265,9.446150191859866,0.7522737313569062,1.7486081433739598,-0.0443045018002346,,
222,,AK,K222,,HNZ,61.0876,-149.8366,2026-09-12T11:57:00.000000Z,2026-09-12T11:58:00.000000Z,100.0,200.0,60.0,,noise,0,Noise,events:arr_summer_2026.csv,AK,2.0-20.0,4.544402753223421,48.7202285773771,4.311154383318875,50.19401685580429,0.8999813753698525,5.814774392091946,19.285497122788826,,
223,,AK,K222,,HNZ,61.0876,-149.8366,2026-09-12T11:58:00.000000Z,2026-09-12T11:59:00.000000Z,100.0,200.0,60.0,,noise,0,Noise,events:arr_summer_2026.csv,AK,2.0-20.0,5.674213537807046,41.74464820057286,5.335419481978053,41.31822753949329,0.8841496703628776,6.029347300373942,7.64989882473313,,
224,,AK,K222,,HNZ,61.0876,-149.8366,2026-09-12T11:59:00.000000Z,2026-09-12T12:00:00.000000Z,100.0,200.0,60.0,,noise,0,Noise,events:arr_summer_2026.csv,AK,2.0-20.0,7.271142559079814,52.22503495658569,6.906033264543105,50.186959597404375,0.9020944536717432,3.709232743879132,3.911476766856225,,
225,,AK,K222,,HNZ,61.0876,-149.8366,2026-09-12T12:00:00.000000Z,2026-09-12T12:01:00.000000Z,100.0,200.0,60.0,,noise,0,Noise,events:arr_summer_2026.csv,AK,2.0-20.0,9.366618048750379,77.08754743490785,9.145719241702844,74.67996504964258,0.9533889374791453,5.144378580444422,11.21680377306933,,
226,,AK,K222,,HNZ,61.0876,-149.8366,2026-09-12T12:01:00.000000Z,2026-09-12T12:02:00.000000Z,100.0,200.0,60.0,,noise,0,Noise,events:arr_summer_2026.csv,AK,2.0-20.0,3.629298592600445,21.642858900533273,3.184350311299519,19.992530504520364,0.7698325616305332,1.624664026225409,1.263648039094659,,
227,,AK,K222,,HNZ,61.0876,-149.8366,2026-09-12T12:02:00.000000Z,2026-09-12T12:03:00.000000Z,100.0,200.0,60.0,,noise,0,Noise,events:arr_summer_2026.csv,AK,2.0-20.0,11.815691680227507,94.22980204877653,11.53098645290915,91.38914105013397,0.952389555385156,4.780914105490483,12.097633345606281,,
228,,AK,K222,,HNZ,61.0876,-149.8366,2026-09-12T12:03:00.000000Z,2026-09-12T12:04:00.000000Z,100.0,200.0,60.0,,noise,0,Noise,events:arr_summer_2026.csv,AK,2.0-20.0,4.659155726836996,82.17754831093347,4.336705562783413,80.50366575018408,0.8663740211539889,7.852894898213717,81.5267141018636,,
229,,AK,K222,,HNZ,61.0876,-149.8366,2026-09-12T12:04:00.000000Z,2026-09-12T12:05:00.000000Z,100.0,200.0,60.0,,noise,0,Noise,events:arr_summer_2026.csv,AK,2.0-20.0,4.331614174431161,38.01541584955122,3.95283256830536,38.10967110441845,0.832755109222513,4.3834531836220565,12.548814912736958,,
230,,AK,K222,,HNZ,61.0876,-149.8366,2026-09-12T12:05:00.000000Z,2026-09-12T12:06:00.000000Z,100.0,200.0,60.0,,noise,0,Noise,events:arr_summer_2026.csv,AK,2.0-20.0,10.402389923170896,92.3427976945615,10.113527233542522,87.1523093193008,0.9452333559044286,5.187522175158765,12.944037608220599,,
231,,AK,K222,,HNZ,61.0876,-149.8366,2026-09-12T12:06:00.000000Z,2026-09-12T12:07:00.000000Z,100.0,200.0,60.0,,noise,0,Noise,events:arr_summer_2026.csv,AK,2.0-20.0,3.7771378074268993,39.899143684380526,3.3607711768978867,37.20371587198137,0.7916846553612448,6.64178829943229,20.483216677913006,,
232,,AK,K222,,HNZ,61.0876,-149.8366,2026-09-12T12:07:00.000000Z,2026-09-12T12:08:00.000000Z,100.0,200.0,60.0,,noise,0,Noise,events:arr_summer_2026.csv,AK,2.0-20.0,7.798783062162798,74.02331236682942,7.4981879931854305,74.81350835275276,0.9243979420703295,5.949046841185039,12.154129895444324,,
233,,AK,K222,,HNZ,61.0876,-149.8366,2026-09-12T12:08:00.000000Z,2026-09-12T12:09:00.000000Z,100.0,200.0,60.0,,noise,0,Noise,events:arr_summer_2026.csv,AK,2.0-20.0,2.3936286039822376,10.355778983654892,2.0479725280865138,7.147077898759358,0.7320398462713693,2.0275489455541718,-0.22072062706396745,,
234,,AK,K222,,HNZ,61.0876,-149.8366,2026-09-12T12:09:00.000000Z,2026-09-12T12:10:00.000000Z,100.0,200.0,60.0,,noise,0,Noise,events:arr_summer_2026.csv,AK,2.0-20.0,2.5628822330161394,9.201597331736737,2.153979491931911,7.451422835458339,0.7063595599943331,1.9623644210632651,-0.17664145780716156,,
235,,AK,K222,,HNZ,61.0876,-149.8366,2026-09-12T12:10:00.000000Z,2026-09-12T12:11:00.000000Z,100.0,200.0,60.0,,noise,0,Noise,events:arr_summer_2026.csv,AK,2.0-20.0,8.581370923156083,111.18895668398734,8.273955786800022,123.52049648733993,0.9296362343699672,6.351377019627701,22.70452890546674,,
236,,AK,K222,,HNZ,61.0876,-149.8366,2026-09-12T12:11:00.000000Z,2026-09-12T12:12:00.000000Z,100.0,200.0,60.0,,noise,0,Noise,events:arr_summer_2026.csv,AK,2.0-20.0,6.8849336265624155,58.114390236159906,6.299886115064149,58.99892678163864,0.8372706771083469,5.30678283627219,11.18360142498416,,
237,,AK,K222,,HNZ,61.0876,-149.8366,2026-09-12T12:12:00.000000Z,2026-09-12T12:13:00.000000Z,100.0,200.0,60.0,,noise,0,Noise,events:arr_summer_2026.csv,AK,2.0-20.0,4.0480242392487495,32.11738452177386,3.5050749618197914,22.20704028373012,0.7497360819504285,1.8268330561424517,4.010687071897422,,
238,,AK,K222,,HNZ,61.0876,-149.8366,2026-09-12T12:13:00.000000Z,2026-09-12T12:14:00.000000Z,100.0,200.0,60.0,,noise,0,Noise,events:arr_summer_2026.csv,AK,2.0-20.0,2.9934433719110625,10.919785301026089,2.2580797834561066,8.693728871774416,0.5690317135596613,1.8222276198998435,-0.024212301907148515,,
239,,AK,K222,,HNZ,61.0876,-149.8366,2026-09-12T12:14:00.000000Z,2026-09-12T12:15:00.000000Z,100.0,200.0,60.0,,noise,0,Noise,events:arr_summer_2026.csv,AK,2.0-20.0,3.2157435496502407,16.044693666820454,2.5857254075391922,12.997080572888082,0.6465498144047833,2.3505337647678344,0.9303755713686264,,
240,,AK,K222,,HNZ,61.0876,-149.8366,2026-09-12T12:15:00.000000Z,2026-09-12T12:16:00.000000Z,100.0,200.0,60.0,,noise,0,Noise,events:arr_summer_2026.csv,AK,2.0-20.0,2.9551098248220855,10.088715277413913,2.2914351600642013,7.982505191460188,0.6012677270015039,1.9005609008730404,-0.18627471092042125,,
241,,AK,K222,,HNZ,61.0876,-149.8366,2026-09-12T12:16:00.000000Z,2026-09-12T12:17:00.000000Z,100.0,200.0,60.0,,noise,0,Noise,events:arr_summer_2026.csv,AK,2.0-20.0,5.8060016157981265,26.383120839551385,4.884870660102663,22.93020949134303,0.7078672722679539,2.2150464135333503,0.7362049054160251,,
242,,AK,K222,,HNZ,61.0876,-149.8366,2026-09-12T12:17:00.000000Z,2026-09-12T12:18:00.000000Z,100.0,200.0,60.0,,noise,0,Noise,events:arr_summer_2026.csv,AK,2.0-20.0,35.50833575335652,383.2305384182801,28.989388033500216,269.5915195716918,0.6665265591527096,4.1112362180561375,15.310018034461564,,
243,,AK,K222,,HNZ,61.0876,-149.8366,2026-09-12T12:18:00.000000Z,2026-09-12T12:19:00.000000Z,100.0,200.0,60.0,,noise,0,Noise,events:arr_summer_2026.csv,AK,2.0-20.0,318.3111802697506,2708.4526151196615,287.804517003816,2505.323923701406,0.8175068977022585,4.627310595934287,11.688301689350414,,
244,,AK,K222,,HNZ,61.0876,-149.8366,2026-09-12T12:19:00.000000Z,2026-09-12T12:20:00.000000Z,100.0,200.0,60.0,,noise,0,Noise,events:arr_summer_2026.csv,AK,2.0-20.0,4.5105292576631655,23.4709723776097,3.6118752957955373,21.834110868743437,0.6412250591594584,2.1873760679152685,1.6238410592887673,,
245,,AK,K222,,HNZ,61.0876,-149.8366,2026-09-12T12:20:00.000000Z,2026-09-12T12:21:00.000000Z,100.0,200.0,60.0,,noise,0,Noise,events:arr_summer_2026.csv,AK,2.0-20.0,4.623337757433745,66.7133916983403,4.23787091611477,57.682225161690056,0.8402029545862209,6.884860598016597,35.97952223087323,,
246,,AK,K222,,HNZ,61.0876,-149.8366,2026-09-12T12:21:00.000000Z,2026-09-12T12:22:00.000000Z,100.0,200.0,60.0,,noise,0,Noise,events:arr_summer_2026.csv,AK,2.0-20.0,13.783739747761434,92.96983166831255,13.328671318218605,91.62853723468554,0.9350602341126543,4.015998615607581,4.234930396820057,,
247,,AK,K222,,HNZ,61.0876,-149.8366,2026-09-12T12:22:00.000000Z,2026-09-12T12:23:00.000000Z,100.0,200.0,60.0,,noise,0,Noise,events:arr_summer_2026.csv,AK,2.0-20.0,4.485891751665937,42.2588892996058,4.236647927716876,44.64212687298378,0.8919636805225796,5.72367269027772,10.532046801636508,,
248,,AK,K222,,HNZ,61.0876,-149.8366,2026-09-12T12:23:00.000000Z,2026-09-12T12:24:00.000000Z,100.0,200.0,60.0,,noise,0,Noise,events:arr_summer_2026.csv,AK,2.0-20.0,5.96642330147948,51.03283514585914,5.729677582597431,51.70323778766095,0.9222151326062485,5.919288036126437,16.10704116776356,,
249,,AK,K222,,HNZ,61.0876,-149.8366,2026-09-12T12:27:00.000000Z,2026-09-12T12:28:00.000000Z,100.0,200.0,60.0,,noise,0,Noise,events:arr_summer_2026.csv,AK,2.0-20.0,4.269984091335618,11.922634130924326,2.069839170221224,7.150638711255491,0.2349744754895494,1.5726912210971755,-0.2277995045489778,,
250,,AK,K222,,HNZ,61.0876,-149.8366,2026-09-12T12:28:00.000000Z,2026-09-12T12:29:00.000000Z,100.0,200.0,60.0,,noise,0,Noise,events:arr_summer_2026.csv,AK,2.0-20.0,3.491789134280627,13.29365358156329,2.4314391452871478,9.837472200581265,0.48487611398702374,2.7710619437711568,0.3280082249201475,,
251,,AK,K222,,HNZ,61.0876,-149.8366,2026-09-12T12:29:00.000000Z,2026-09-12T12:30:00.000000Z,100.0,200.0,60.0,,noise,0,Noise,events:arr_summer_2026.csv,AK,2.0-20.0,4.065617421673557,48.50045410883783,3.649462621833572,46.542564664005425,0.8057583641912343,5.173261236765468,22.078818188275292,,
252,,AK,K222,,HNZ,61.0876,-149.8366,2026-09-12T12:30:00.000000Z,2026-09-12T12:31:00.000000Z,100.0,200.0,60.0,,noise,0,Noise,events:arr_summer_2026.csv,AK,2.0-20.0,5.621765227931182,52.53609493108962,4.935535239414333,51.58889899958763,0.7707669857645025,3.728449135949657,9.859775151809457,,
253,,AK,K222,,HNZ,61.0876,-149.8366,2026-09-12T12:31:00.000000Z,2026-09-12T12:32:00.000000Z,100.0,200.0,60.0,,noise,0,Noise,events:arr_summer_2026.csv,AK,2.0-20.0,10.641498684301421,76.74376693873648,10.135228958181012,76.99739722474179,0.9071133043316871,4.4401542585060145,9.713791045555054,,
254,,AK,K222,,HNZ,61.0876,-149.8366,2026-09-12T12:32:00.000000Z,2026-09-12T12:33:00.000000Z,100.0,200.0,60.0,,noise,0,Noise,events:arr_summer_2026.csv,AK,2.0-20.0,8.786521590636942,62.91495838377574,8.242418597897343,64.9988333866684,0.8799852088545176,3.9022558566594645,8.095126908016637,,
255,,AK,K222,,HNZ,61.0876,-149.8366,2026-09-12T12:33:00.000000Z,2026-09-12T12:34:00.000000Z,100.0,200.0,60.0,,noise,0,Noise,events:arr_summer_2026.csv,AK,2.0-20.0,8.463247980822874,55.20998569479324,7.908251190069386,47.38634954928507,0.8731458178402394,4.716329983375444,6.6397213719189025,,
256,,AK,K222,,HNZ,61.0876,-149.8366,2026-09-12T12:34:00.000000Z,2026-09-12T12:35:00.000000Z,100.0,200.0,60.0,,noise,0,Noise,events:arr_summer_2026.csv,AK,2.0-20.0,5.351407755806116,55.268085497378415,4.667263311908845,54.04016447702941,0.7606563912240906,4.357472359475699,13.371945911900205,,
257,,AK,K222,,HNZ,61.0876,-149.8366,2026-09-12T12:35:00.000000Z,2026-09-12T12:36:00.000000Z,100.0,200.0,60.0,,noise,0,Noise,events:arr_summer_2026.csv,AK,2.0-20.0,4.066730767502567,16.067086000549917,2.481821837960173,11.63339172085676,0.3724348909743497,2.272265017634159,0.21880317908123237,,
258,,AK,K222,,HNZ,61.0876,-149.8366,2026-09-12T12:36:00.000000Z,2026-09-12T12:37:00.000000Z,100.0,200.0,60.0,,noise,0,Noise,events:arr_summer_2026.csv,AK,2.0-20.0,4.323252131038193,16.450759700630194,2.8027031352011376,13.032643004199526,0.4202745291146647,2.1211567515075664,0.9118747929141144,,
259,,AK,K222,,HNZ,61.0876,-149.8366,2026-09-12T12:37:00.000000Z,2026-09-12T12:38:00.000000Z,100.0,200.0,60.0,,noise,0,Noise,events:arr_summer_2026.csv,AK,2.0-20.0,6.0714268908949505,37.684816522252966,5.536337847547241,43.11801581073766,0.8315026340655726,4.116328881065466,5.967966781239616,,
260,,AK,K222,,HNZ,61.0876,-149.8366,2026-09-12T12:38:00.000000Z,2026-09-12T12:39:00.000000Z,100.0,200.0,60.0,,noise,0,Noise,events:arr_summer_2026.csv,AK,2.0-20.0,2.5489731087728256,9.011936914946588,2.154112240633461,7.782810097495271,0.714177476867287,1.4652382599733762,-0.1805850512852878,,
261,,AK,K222,,HNZ,61.0876,-149.8366,2026-09-12T12:39:00.000000Z,2026-09-12T12:40:00.000000Z,100.0,200.0,60.0,,noise,0,Noise,events:arr_summer_2026.csv,AK,2.0-20.0,4.785874978621765,42.59079158383283,4.534889305360623,38.33983314224539,0.8978642556737304,6.479964751614931,11.958114573660914,,
262,,AK,K222,,HNZ,61.0876,-149.8366,2026-09-12T12:40:00.000000Z,2026-09-12T12:41:00.000000Z,100.0,200.0,60.0,,noise,0,Noise,events:arr_summer_2026.csv,AK,2.0-20.0,4.492200557042549,38.025654245176696,4.146532573162057,39.73780217035566,0.8520241171382863,4.452208887522008,8.969176625981452,,
263,,AK,K222,,HNZ,61.0876,-149.8366,2026-09-12T12:41:00.000000Z,2026-09-12T12:42:00.000000Z,100.0,200.0,60.0,,noise,0,Noise,events:arr_summer_2026.csv,AK,2.0-20.0,4.779194277382921,51.4819683428659,4.452518681642354,50.74737366443918,0.8679648345952662,5.308286922552043,11.715207644712425,,
264,,AK,K222,,HNZ,61.0876,-149.8366,2026-09-12T12:42:00.000000Z,2026-09-12T12:43:00.000000Z,100.0,200.0,60.0,,noise,0,Noise,events:arr_summer_2026.csv,AK,2.0-20.0,2.5524786159604833,10.836792328637193,2.111366689456932,7.41520635617348,0.6842315667217858,2.0554808681350747,-0.16966039947558587,,
265,,AK,K222,,HNZ,61.0876,-149.8366,2026-09-12T12:43:00.000000Z,2026-09-12T12:44:00.000000Z,100.0,200.0,60.0,,noise,0,Noise,events:arr_summer_2026.csv,AK,2.0-20.0,2.70784678220001,9.488635209052795,2.2184889385208852,9.310072705431246,0.671222276104576,1.6583291473822919,-0.24371505851182773,,
266,,AK,K222,,HNZ,61.0876,-149.8366,2026-09-12T12:44:00.000000Z,2026-09-12T12:45:00.000000Z,100.0,200.0,60.0,,noise,0,Noise,events:arr_summer_2026.csv,AK,2.0-20.0,7.101090809340795,52.74357647754722,6.624030858286091,56.240494571156326,0.87015087444157,4.6745406024994445,13.809876333480606,,
267,,AK,K222,,HNZ,61.0876,-149.8366,2026-09-12T12:45:00.000000Z,2026-09-12T12:46:00.000000Z,100.0,200.0,60.0,,noise,0,Noise,events:arr_summer_2026.csv,AK,2.0-20.0,2.5090620368294307,9.770396966622066,2.0849880427764673,6.935470771016038,0.6905328418220882,1.4861687815723388,-0.18687469903714993,,
268,,AK,K222,,HNZ,61.0876,-149.8366,2026-09-12T12:46:00.000000Z,2026-09-12T12:47:00.000000Z,100.0,200.0,60.0,,noise,0,Noise,events:arr_summer_2026.csv,AK,2.0-20.0,2.8972675014193032,12.577274797541225,2.3317713824361954,8.656871186682128,0.647731094476992,1.9544668022409275,0.20698164262808216,,
269,,AK,K222,,HNZ,61.0876,-149.8366,2026-09-12T12:47:00.000000Z,2026-09-12T12:48:00.000000Z,100.0,200.0,60.0,,noise,0,Noise,events:arr_summer_2026.csv,AK,2.0-20.0,3.2958047524958864,12.047616504310282,2.249180563712819,8.636691882347407,0.46572086186585593,1.777285383072029,0.10384166321174204,,
270,,AK,K222,,HNZ,61.0876,-149.8366,2026-09-12T12:48:00.000000Z,2026-09-12T12:49:00.000000Z,100.0,200.0,60.0,,noise,0,Noise,events:arr_summer_2026.csv,AK,2.0-20.0,3.2774270393198313,11.776987112838937,2.3930025472745338,10.666849837045026,0.5331142079873658,2.157774504615533,0.2928938890222583,,
271,,AK,K222,,HNZ,61.0876,-149.8366,2026-09-12T12:49:00.000000Z,2026-09-12T12:50:00.000000Z,100.0,200.0,60.0,,noise,0,Noise,events:arr_summer_2026.csv,AK,2.0-20.0,3.0393059122563333,10.793393556452019,2.038091614669131,7.631086500316883,0.449674825242607,1.8487930593914887,-0.07003161856200624,,
272,,AK,K222,,HNZ,61.0876,-149.8366,2026-09-12T12:50:00.000000Z,2026-09-12T12:51:00.000000Z,100.0,200.0,60.0,,noise,0,Noise,events:arr_summer_2026.csv,AK,2.0-20.0,3.096879259381144,12.26844170362108,2.0248951303867857,7.011523995181304,0.4275200871076071,1.754122837947762,-0.22596971735544624,,
273,,AK,K222,,HNZ,61.0876,-149.8366,2026-09-12T12:51:00.000000Z,2026-09-12T12:52:00.000000Z,100.0,200.0,60.0,,noise,0,Noise,events:arr_summer_2026.csv,AK,2.0-20.0,3.576369792679092,10.88037817769702,2.1115385220465246,7.2273691345912106,0.3485886013479286,1.7179661544541147,-0.2052632033374855,,
274,,AK,K222,,HNZ,61.0876,-149.8366,2026-09-12T12:52:00.000000Z,2026-09-12T12:53:00.000000Z,100.0,200.0,60.0,,noise,0,Noise,events:arr_summer_2026.csv,AK,2.0-20.0,3.7331979033398763,11.928957713846494,2.090818999378557,7.451203499292181,0.31366845827138634,1.7339431356239918,-0.17658085802390255,,
275,,AK,K222,,HNZ,61.0876,-149.8366,2026-09-12T12:53:00.000000Z,2026-09-12T12:54:00.000000Z,100.0,200.0,60.0,,noise,0,Noise,events:arr_summer_2026.csv,AK,2.0-20.0,5.223689301522702,48.521028468000885,4.471320224522048,51.516227759868286,0.7326842781391146,7.0040362080492,26.608895498656956,,
276,,AK,K222,,HNZ,61.0876,-149.8366,2026-09-12T12:54:00.000000Z,2026-09-12T12:55:00.000000Z,100.0,200.0,60.0,,noise,0,Noise,events:arr_summer_2026.csv,AK,2.0-20.0,3.009154945646886,9.101804900749359,1.9975092038455455,6.543220280728847,0.44064462468390725,1.5566189198882827,-0.3090415968479503,,
277,,AK,K222,,HNZ,61.0876,-149.8366,2026-09-12T12:55:00.000000Z,2026-09-12T12:56:00.000000Z,100.0,200.0,60.0,,noise,0,Noise,events:arr_summer_2026.csv,AK,2.0-20.0,4.31700661375176,46.213080878325215,3.740111580334074,45.35099680124897,0.7505915825768189,3.9355250144509752,10.041044916935922,,
278,,AK,K222,,HNZ,61.0876,-149.8366,2026-09-12T12:56:00.000000Z,2026-09-12T12:57:00.000000Z,100.0,200.0,60.0,,noise,0,Noise,events:arr_summer_2026.csv,AK,2.0-20.0,2.9526616868233986,9.866352627266831,2.1474891792099267,7.131568713021082,0.5289743222937666,1.7985906966754701,-0.1624759852906541,,
279,,AK,K222,,HNZ,61.0876,-149.8366,2026-09-12T12:57:00.000000Z,2026-09-12T12:58:00.000000Z,100.0,200.0,60.0,,noise,0,Noise,events:arr_summer_2026.csv,AK,2.0-20.0,3.4433397975261384,14.432720396842496,2.4667981452559715,14.289582170750608,0.5132245968328143,2.2435706812223906,1.0274554072393984,,
280,,AK,K222,,HNZ,61.0876,-149.8366,2026-09-12T12:58:00.000000Z,2026-09-12T12:59:00.000000Z,100.0,200.0,60.0,,noise,0,Noise,events:arr_summer_2026.csv,AK,2.0-20.0,5.301277919759841,89.12133937010304,4.879006875760329,79.6616113306846,0.8470356998100673,6.793389088896964,59.85592184947049,,
281,,AK,K222,,HNZ,61.0876,-149.8366,2026-09-12T12:59:00.000000Z,2026-09-12T13:00:00.000000Z,100.0,200.0,60.0,,noise,0,Noise,events:arr_summer_2026.csv,AK,2.0-20.0,4.067763997964372,27.802552693256978,3.6080470400035343,28.424825606284866,0.786742996527667,5.051137112200539,3.903460998001468,,
282,,AK,K222,,HNZ,61.0876,-149.8366,2026-09-12T13:00:00.000000Z,2026-09-12T13:01:00.000000Z,100.0,200.0,60.0,,noise,0,Noise,events:arr_summer_2026.csv,AK,2.0-20.0,5.066085247435858,71.07748654193767,4.717649506828292,68.84336353744251,0.8671742186389396,7.060050638657377,30.884300792681643,,
283,,AK,K222,,HNZ,61.0876,-149.8366,2026-09-12T13:01:00.000000Z,2026-09-12T13:02:00.000000Z,100.0,200.0,60.0,,noise,0,Noise,events:arr_summer_2026.csv,AK,2.0-20.0,5.853547143557725,94.31599079536755,5.208570907180485,90.19364708349043,0.7917697782570596,4.987767915567823,48.91099468280783,,
284,,AK,K222,,HNZ,61.0876,-149.8366,2026-09-12T13:02:00.000000Z,2026-09-12T13:03:00.000000Z,100.0,200.0,60.0,,noise,0,Noise,events:arr_summer_2026.csv,AK,2.0-20.0,3.116373069677663,10.299763651376098,2.0978912831037384,7.547408230743733,0.4531761770719147,1.7227199760376237,-0.184103105140331,,
285,,AK,K222,,HNZ,61.0876,-149.8366,2026-09-12T13:03:00.000000Z,2026-09-12T13:04:00.000000Z,100.0,200.0,60.0,,noise,0,Noise,events:arr_summer_2026.csv,AK,2.0-20.0,2.967433026956529,12.198972275091021,2.2070401460488656,14.609717472890088,0.5531699937270288,3.252348574385895,0.7356888238246544,,
286,,AK,K222,,HNZ,61.0876,-149.8366,2026-09-12T13:04:00.000000Z,2026-09-12T13:05:00.000000Z,100.0,200.0,60.0,,noise,0,Noise,events:arr_summer_2026.csv,AK,2.0-20.0,4.797387362938885,50.0128849970659,4.298088050912818,51.28706843518748,0.8026774140678397,5.30483538115083,17.494555166160563,,
287,,AK,K222,,HNZ,61.0876,-149.8366,2026-09-12T13:05:00.000000Z,2026-09-12T13:06:00.000000Z,100.0,200.0,60.0,,noise,0,Noise,events:arr_summer_2026.csv,AK,2.0-20.0,6.1654991896603635,67.24368083968803,5.798980962937036,64.9904657759503,0.8846406181331932,6.0234665041839275,21.946795703220268,,
288,,AK,K222,,HNZ,61.0876,-149.8366,2026-09-12T13:06:00.000000Z,2026-09-12T13:07:00.000000Z,100.0,200.0,60.0,,noise,0,Noise,events:arr_summer_2026.csv,AK,2.0-20.0,7.6477308932194425,109.05253170431163,7.330910994565252,116.71373376281969,0.9188628603997235,6.9363232019295795,53.473271648347975,,
289,,AK,K222,,HNZ,61.0876,-149.8366,2026-09-12T13:07:00.000000Z,2026-09-12T13:08:00.000000Z,100.0,200.0,60.0,,noise,0,Noise,events:arr_summer_2026.csv,AK,2.0-20.0,3.170278353369081,16.492504291354795,2.7419120460914543,14.874898496614156,0.7480183440398872,2.387818447333103,1.1804585426922367,,
290,,AK,K222,,HNZ,61.0876,-149.8366,2026-09-12T13:08:00.000000Z,2026-09-12T13:09:00.000000Z,100.0,200.0,60.0,,noise,0,Noise,events:arr_summer_2026.csv,AK,2.0-20.0,5.399500551503642,40.40113307419415,5.024832626594681,40.997024103227204,0.8660361504167486,4.425380333014057,11.053201608290513,,
291,,AK,K222,,HNZ,61.0876,-149.8366,2026-09-12T13:09:00.000000Z,2026-09-12T13:10:00.000000Z,100.0,200.0,60.0,,noise,0,Noise,events:arr_summer_2026.csv,AK,2.0-20.0,8.027156039289057,61.45070056078541,7.7804591305205415,62.69955526504723,0.9394789224695388,3.835515841246382,6.186517929509545,,
292,,AK,K222,,HNZ,61.0876,-149.8366,2026-09-12T13:10:00.000000Z,2026-09-12T13:11:00.000000Z,100.0,200.0,60.0,,noise,0,Noise,events:arr_summer_2026.csv,AK,2.0-20.0,5.0547038551002235,47.279643956094084,4.734105266508655,50.86771081836047,0.8771712495898449,4.805171026758705,8.701998800677286,,
293,,AK,K222,,HNZ,61.0876,-149.8366,2026-09-12T13:11:00.000000Z,2026-09-12T13:12:00.000000Z,100.0,200.0,60.0,,noise,0,Noise,events:arr_summer_2026.csv,AK,2.0-20.0,4.431411920045982,39.39527062201983,4.066015209715317,38.55898557477208,0.8418869053659345,5.547930316775852,9.35808735977258,,
294,,AK,K222,,HNZ,61.0876,-149.8366,2026-09-12T13:12:00.000000Z,2026-09-12T13:13:00.000000Z,100.0,200.0,60.0,,noise,0,Noise,events:arr_summer_2026.csv,AK,2.0-20.0,6.098434290493979,43.84430429087085,5.73591084315382,42.80737299600429,0.8846430846497412,3.602340857134101,6.873218795198406,,
295,,AK,K222,,HNZ,61.0876,-149.8366,2026-09-12T13:13:00.000000Z,2026-09-12T13:14:00.000000Z,100.0,200.0,60.0,,noise,0,Noise,events:arr_summer_2026.csv,AK,2.0-20.0,2.6118136437969754,9.87324080258293,2.0869872045421842,7.7539871081996505,0.6384916179619323,1.5167795387505387,-0.24169514046951157,,
296,,AK,K222,,HNZ,61.0876,-149.8366,2026-09-12T13:14:00.000000Z,2026-09-12T13:15:00.000000Z,100.0,200.0,60.0,,noise,0,Noise,events:arr_summer_2026.csv,AK,2.0-20.0,2.9647839412558867,19.105967075740608,2.347173169709156,13.958955258898087,0.6267641753425884,2.4250322276006404,1.0782835849012722,,
297,,AK,K222,,HNZ,61.0876,-149.8366,2026-09-12T13:15:00.000000Z,2026-09-12T13:16:00.000000Z,100.0,200.0,60.0,,noise,0,Noise,events:arr_summer_2026.csv,AK,2.0-20.0,5.748270238555369,43.19507733177908,5.164877519845664,44.07685386102353,0.807319978695824,3.461967254190224,6.574034472596871,,
298,,AK,K222,,HNZ,61.0876,-149.8366,2026-09-12T13:16:00.000000Z,2026-09-12T13:17:00.000000Z,100.0,200.0,60.0,,noise,0,Noise,events:arr_summer_2026.csv,AK,2.0-20.0,3.170539684300242,11.166968107050758,2.1987491442495855,9.787029554156575,0.4809334452651174,2.0836073248998033,-0.004996727415902402,,
299,,AK,K222,,HNZ,61.0876,-149.8366,2026-09-12T13:17:00.000000Z,2026-09-12T13:18:00.000000Z,100.0,200.0,60.0,,noise,0,Noise,events:arr_summer_2026.csv,AK,2.0-20.0,2.930043400672545,10.504352764177035,2.0380260690661958,7.240303768467716,0.48380612608954754,1.5277803036301607,-0.22976483839116213,,
300,,AK,K222,,HNZ,61.0876,-149.8366,2026-09-12T13:18:00.000000Z,2026-09-12T13:19:00.000000Z,100.0,200.0,60.0,,noise,0,Noise,events:arr_summer_2026.csv,AK,2.0-20.0,2.8569466525231553,13.264129078479604,2.1555588493995526,10.357828085394747,0.5692663414657129,3.098472202445428,0.16138928675312458,,
301,,AK,K222,,HNZ,61.0876,-149.8366,2026-09-12T13:19:00.000000Z,2026-09-12T13:20:00.000000Z,100.0,200.0,60.0,,noise,0,Noise,events:arr_summer_2026.csv,AK,2.0-20.0,3.3398007358434585,19.01231477650682,2.8190858557916396,19.767736418944626,0.7124846186053233,3.190104422317934,2.5507240980678985,,
302,,AK,K222,,HNZ,61.0876,-149.8366,2026-09-12T13:20:00.000000Z,2026-09-12T13:21:00.000000Z,100.0,200.0,60.0,,noise,0,Noise,events:arr_summer_2026.csv,AK,2.0-20.0,4.672838539209121,43.41396624908363,4.278693099454839,39.157763657851426,0.8384182501636647,3.0009382726996052,8.748288621909257,,
303,,AK,K222,,HNZ,61.0876,-149.8366,2026-09-12T13:21:00.000000Z,2026-09-12T13:22:00.000000Z,100.0,200.0,60.0,,noise,0,Noise,events:arr_summer_2026.csv,AK,2.0-20.0,5.393202835779824,54.709082017298414,4.7362066087839345,44.662019550796224,0.7712013311762543,3.7049172160572468,7.737624396998243,,
304,,AK,K222,,HNZ,61.0876,-149.8366,2026-09-12T13:22:00.000000Z,2026-09-12T13:23:00.000000Z,100.0,200.0,60.0,,noise,0,Noise,events:arr_summer_2026.csv,AK,2.0-20.0,5.651651311856417,39.13753370001062,4.919890105376703,40.85298127586106,0.757809569719966,3.855306384292904,4.32139905635376,,
305,,AK,K222,,HNZ,61.0876,-149.8366,2026-09-12T13:23:00.000000Z,2026-09-12T13:24:00.000000Z,100.0,200.0,60.0,,noise,0,Noise,events:arr_summer_2026.csv,AK,2.0-20.0,8.1502318247157,61.594078167037225,7.573911381195479,58.76939237821283,0.8635759017277833,4.0166490446081005,7.053710844505854,,
306,,AK,K222,,HNZ,61.0876,-149.8366,2026-09-12T13:29:00.000000Z,2026-09-12T13:30:00.000000Z,100.0,200.0,60.0,,noise,0,Noise,events:arr_summer_2026.csv,AK,2.0-20.0,5.297272082272219,44.88559843339689,4.847691227569222,44.682445120829314,0.8374624424871289,3.6981633412736707,7.311207032491392,,
307,,AK,K222,,HNZ,61.0876,-149.8366,2026-09-12T13:30:00.000000Z,2026-09-12T13:31:00.000000Z,100.0,200.0,60.0,,noise,0,Noise,events:arr_summer_2026.csv,AK,2.0-20.0,3.5979057480909287,29.685377169769076,3.201331627641167,27.44627709762493,0.7917020437604914,5.333510938787023,9.382079333600997,,
308,,AK,K222,,HNZ,61.0876,-149.8366,2026-09-12T13:31:00.000000Z,2026-09-12T13:32:00.000000Z,100.0,200.0,60.0,,noise,0,Noise,events:arr_summer_2026.csv,AK,2.0-20.0,6.578403930172848,126.81307517857863,6.3440073900168334,126.7377587512384,0.9300071489780095,7.945516225589668,101.87895186414465,,
309,,AK,K222,,HNZ,61.0876,-149.8366,2026-09-12T13:32:00.000000Z,2026-09-12T13:33:00.000000Z,100.0,200.0,60.0,,noise,0,Noise,events:arr_summer_2026.csv,AK,2.0-20.0,8.913261067863607,47.19914897860462,8.441702917996912,48.074949909027225,0.8969884984690074,4.024141540151892,1.9526514829560053,,
310,,AK,K222,,HNZ,61.0876,-149.8366,2026-09-12T13:33:00.000000Z,2026-09-12T13:34:00.000000Z,100.0,200.0,60.0,,noise,0,Noise,events:arr_summer_2026.csv,AK,2.0-20.0,4.190867370729496,29.154801924189638,3.760461879805486,23.096326225187138,0.8051458289461622,3.3783096383845956,4.221818086600685,,
311,,AK,K222,,HNZ,61.0876,-149.8366,2026-09-12T13:34:00.000000Z,2026-09-12T13:35:00.000000Z,100.0,200.0,60.0,,noise,0,Noise,events:arr_summer_2026.csv,AK,2.0-20.0,4.937604059028827,35.69698421639927,4.160052850890292,38.67333762460851,0.7098476900356951,3.450860121897093,5.6400198703175395,,
312,,AK,K222,,HNZ,61.0876,-149.8366,2026-09-12T13:35:00.000000Z,2026-09-12T13:36:00.000000Z,100.0,200.0,60.0,,noise,0,Noise,events:arr_summer_2026.csv,AK,2.0-20.0,3.9229420947633065,18.52843199721916,2.7992659467136165,12.68060134526571,0.5091720155458824,2.688554082361401,0.5228333672692798,,
313,,AK,K222,,HNZ,61.0876,-149.8366,2026-09-12T13:36:00.000000Z,2026-09-12T13:37:00.000000Z,100.0,200.0,60.0,,noise,0,Noise,events:arr_summer_2026.csv,AK,2.0-20.0,4.472595197797812,49.83586518985916,4.247810767734925,49.39677100936811,0.902009552030627,6.039033116540495,23.70444546027291,,
314,,AK,K222,,HNZ,61.0876,-149.8366,2026-09-12T13:37:00.000000Z,2026-09-12T13:38:00.000000Z,100.0,200.0,60.0,,noise,0,Noise,events:arr_summer_2026.csv,AK,2.0-20.0,7.219113292976844,55.65739633145507,6.858986326346541,50.55060110803986,0.902718118389254,3.6557255254505554,6.916694419720397,,
315,,AK,K222,,HNZ,61.0876,-149.8366,2026-09-12T13:38:00.000000Z,2026-09-12T13:39:00.000000Z,100.0,200.0,60.0,,noise,0,Noise,events:arr_summer_2026.csv,AK,2.0-20.0,3.2954037270868217,30.1545563598796,2.977877543104604,25.0039620865349,0.8165756253629398,3.8049701748570737,6.2356143641866755,,
316,,AK,K222,,HNZ,61.0876,-149.8366,2026-09-12T13:39:00.000000Z,2026-09-12T13:40:00.000000Z,100.0,200.0,60.0,,noise,0,Noise,events:arr_summer_2026.csv,AK,2.0-20.0,4.646345057558812,51.57410823964017,4.367117332857013,48.54263696760659,0.8834191359167755,3.7574718343272187,15.424362739739074,,
317,,AK,K222,,HNZ,61.0876,-149.8366,2026-09-12T13:40:00.000000Z,2026-09-12T13:41:00.000000Z,100.0,200.0,60.0,,noise,0,Noise,events:arr_summer_2026.csv,AK,2.0-20.0,5.453319528853314,108.88476916427281,5.154714775215224,98.64686164612648,0.8934852525019864,8.45932719844299,94.69183010468008,,
318,,AK,K222,,HNZ,61.0876,-149.8366,2026-09-12T13:41:00.000000Z,2026-09-12T13:42:00.000000Z,100.0,200.0,60.0,,noise,0,Noise,events:arr_summer_2026.csv,AK,2.0-20.0,2.4780203063584145,10.852490203328115,2.062156477039079,7.4455248158624645,0.692521899132626,1.6356534826599174,-0.11037364625539414,,
319,,AK,K222,,HNZ,61.0876,-149.8366,2026-09-12T13:42:00.000000Z,2026-09-12T13:43:00.000000Z,100.0,200.0,60.0,,noise,0,Noise,events:arr_summer_2026.csv,AK,2.0-20.0,2.430885629849907,8.29704384717046,1.999996758397849,7.507978418538306,0.6769078193350503,1.5263274991143057,-0.24667895259713646,,
320,,AK,K222,,HNZ,61.0876,-149.8366,2026-09-12T13:43:00.000000Z,2026-09-12T13:44:00.000000Z,100.0,200.0,60.0,,noise,0,Noise,events:arr_summer_2026.csv,AK,2.0-20.0,2.5714138010459746,10.925052620283687,2.1722632091673035,10.911283756442831,0.7136429052895232,2.775489950083885,0.4814105084729752,,
321,,AK,K222,,HNZ,61.0876,-149.8366,2026-09-12T13:44:00.000000Z,2026-09-12T13:45:00.000000Z,100.0,200.0,60.0,,noise,0,Noise,events:arr_summer_2026.csv,AK,2.0-20.0,2.7634932985231333,10.285529022966713,2.3510384429570097,8.673108708080225,0.7237734193750683,2.4165721968091454,0.1106151872411627,,
322,,AK,K222,,HNZ,61.0876,-149.8366,2026-09-12T13:45:00.000000Z,2026-09-12T13:46:00.000000Z,100.0,200.0,60.0,,noise,0,Noise,events:arr_summer_2026.csv,AK,2.0-20.0,4.261429129479033,31.462939097290228,3.9390981296602754,30.053720772067663,0.8544429277909846,3.989738455920537,3.9612139395033843,,
323,,AK,K222,,HNZ,61.0876,-149.8366,2026-09-12T13:46:00.000000Z,2026-09-12T13:47:00.000000Z,100.0,200.0,60.0,,noise,0,Noise,events:arr_summer_2026.csv,AK,2.0-20.0,2.6930345341568835,12.58578042672177,2.3145414754063505,12.036788765519569,0.7386625650253363,2.3326508921047844,0.4518079295175732,,
324,,AK,K222,,HNZ,61.0876,-149.8366,2026-09-12T13:47:00.000000Z,2026-09-12T13:48:00.000000Z,100.0,200.0,60.0,,noise,0,Noise,events:arr_summer_2026.csv,AK,2.0-20.0,2.572828118615644,9.645204655795654,2.2031475537524394,9.014709127580776,0.7332728785804032,1.5932534742038273,-0.081416504443657,,
325,,AK,K222,,HNZ,61.0876,-149.8366,2026-09-12T13:48:00.000000Z,2026-09-12T13:49:00.000000Z,100.0,200.0,60.0,,noise,0,Noise,events:arr_summer_2026.csv,AK,2.0-20.0,2.5454344420912176,11.260874154182273,2.1278718803106003,9.248909000741724,0.6988228844133738,1.6985260230349717,0.009282084779723476,,
326,,AK,K222,,HNZ,61.0876,-149.8366,2026-09-12T13:49:00.000000Z,2026-09-12T13:50:00.000000Z,100.0,200.0,60.0,,noise,0,Noise,events:arr_summer_2026.csv,AK,2.0-20.0,12.64741121011393,92.23058765020708,12.307451802372949,88.0660849617255,0.9469629969131601,5.726932177015297,5.538853047636035,,
327,,AK,K222,,HNZ,61.0876,-149.8366,2026-09-12T13:50:00.000000Z,2026-09-12T13:51:00.000000Z,100.0,200.0,60.0,,noise,0,Noise,events:arr_summer_2026.csv,AK,2.0-20.0,9.86363120240568,153.87224027491348,9.719702338787286,153.18257751783312,0.9710291748007339,6.5183725215509725,59.97699989972446,,
328,,AK,K222,,HNZ,61.0876,-149.8366,2026-09-12T13:51:00.000000Z,2026-09-12T13:52:00.000000Z,100.0,200.0,60.0,,noise,0,Noise,events:arr_summer_2026.csv,AK,2.0-20.0,4.9558140069531,92.55082835158001,4.759765782834279,98.77659319129171,0.9224464579568736,8.394883472982691,102.70581397763038,,
329,,AK,K222,,HNZ,61.0876,-149.8366,2026-09-12T13:52:00.000000Z,2026-09-12T13:53:00.000000Z,100.0,200.0,60.0,,noise,0,Noise,events:arr_summer_2026.csv,AK,2.0-20.0,2.4472976935603006,13.965420911381738,2.102089440589314,10.971988197848408,0.7377832301268606,1.7943582046144586,0.7541566702554858,,
330,,AK,K222,,HNZ,61.0876,-149.8366,2026-09-12T13:53:00.000000Z,2026-09-12T13:54:00.000000Z,100.0,200.0,60.0,,noise,0,Noise,events:arr_summer_2026.csv,AK,2.0-20.0,6.12328420258226,43.50567907518861,5.8889906297247006,47.707634352825934,0.9249385756586369,4.752526625196344,7.038219289823434,,
331,,AK,K222,,HNZ,61.0876,-149.8366,2026-09-12T13:54:00.000000Z,2026-09-12T13:55:00.000000Z,100.0,200.0,60.0,,noise,0,Noise,events:arr_summer_2026.csv,AK,2.0-20.0,4.975167455783664,73.65258842102939,4.742812801794273,75.0594094913103,0.9087753969607779,7.409487442874688,55.376288839454446,,
332,,AK,K222,,HNZ,61.0876,-149.8366,2026-09-12T13:55:00.000000Z,2026-09-12T13:56:00.000000Z,100.0,200.0,60.0,,noise,0,Noise,events:arr_summer_2026.csv,AK,2.0-20.0,3.3686362714844234,15.259750301060903,3.055762034004166,15.457421576454033,0.8228692253570193,3.570117092160703,1.11112944993158,,
333,,AK,K222,,HNZ,61.0876,-149.8366,2026-09-12T13:56:00.000000Z,2026-09-12T13:57:00.000000Z,100.0,200.0,60.0,,noise,0,Noise,events:arr_summer_2026.csv,AK,2.0-20.0,2.538131781845765,15.576798441195946,2.1794256456186307,15.444445784773787,0.73731960112051,1.809957386779228,1.3493581459104256,,
334,,AK,K222,,HNZ,61.0876,-149.8366,2026-09-12T13:57:00.000000Z,2026-09-12T13:58:00.000000Z,100.0,200.0,60.0,,noise,0,Noise,events:arr_summer_2026.csv,AK,2.0-20.0,2.5187953412378747,9.87611149193456,1.9553765292834167,7.210769494339839,0.6026636995119459,1.6880669945594646,-0.07301425366872039,,
335,,AK,K222,,HNZ,61.0876,-149.8366,2026-09-12T13:58:00.000000Z,2026-09-12T13:59:00.000000Z,100.0,200.0,60.0,,noise,0,Noise,events:arr_summer_2026.csv,AK,2.0-20.0,6.008676566146001,46.34841414924661,5.679433915585729,42.77236211533,0.8934133672423978,4.5927083493943,7.748356159757167,,
336,,AK,K222,,HNZ,61.0876,-149.8366,2026-09-12T13:59:00.000000Z,2026-09-12T14:00:00.000000Z,100.0,200.0,60.0,,noise,0,Noise,events:arr_summer_2026.csv,AK,2.0-20.0,2.297387065737239,10.572127217875797,1.8384265635700827,6.644164385714456,0.6403600498520793,1.4900156349750073,-0.23951263599896633,,
337,,AK,K222,,HNZ,61.0876,-149.8366,2026-09-12T14:00:00.000000Z,2026-09-12T14:01:00.000000Z,100.0,200.0,60.0,,noise,0,Noise,events:arr_summer_2026.csv,AK,2.0-20.0,2.6429931818037495,10.569626547853995,2.0957204046112063,9.466765930728473,0.6287450777847903,2.6630874571240923,0.1083028221689708,,
338,,AK,K222,,HNZ,61.0876,-149.8366,2026-09-12T14:01:00.000000Z,2026-09-12T14:02:00.000000Z,100.0,200.0,60.0,,noise,0,Noise,events:arr_summer_2026.csv,AK,2.0-20.0,6.588824439604394,79.4194736611064,6.391504246546601,78.02675396362565,0.9410014484261248,6.854994365450674,20.489142372784237,,
339,,AK,K222,,HNZ,61.0876,-149.8366,2026-09-12T14:02:00.000000Z,2026-09-12T14:03:00.000000Z,100.0,200.0,60.0,,noise,0,Noise,events:arr_summer_2026.csv,AK,2.0-20.0,2.8300205476121527,13.646339549033074,2.384084071867303,11.246954803909142,0.7096822691942064,2.192770663989578,0.7388315156285516,,
340,,AK,K222,,HNZ,61.0876,-149.8366,2026-09-12T14:03:00.000000Z,2026-09-12T14:04:00.000000Z,100.0,200.0,60.0,,noise,0,Noise,events:arr_summer_2026.csv,AK,2.0-20.0,2.6661320545653013,10.272472267834228,2.10170154746163,9.544947547914436,0.621410768927963,2.1869187281457707,0.19669488549712222,,
341,,AK,K222,,HNZ,61.0876,-149.8366,2026-09-12T14:04:00.000000Z,2026-09-12T14:05:00.000000Z,100.0,200.0,60.0,,noise,0,Noise,events:arr_summer_2026.csv,AK,2.0-20.0,14.27570727494523,192.46871744214846,14.183840531108476,190.41240415136605,0.9871710518346171,7.938508549141216,64.59528639653021,,
342,,AK,K222,,HNZ,61.0876,-149.8366,2026-09-12T14:05:00.000000Z,2026-09-12T14:06:00.000000Z,100.0,200.0,60.0,,noise,0,Noise,events:arr_summer_2026.csv,AK,2.0-20.0,7.702913457046928,56.70428227636657,7.515752887046189,54.93206503260102,0.951995614169169,5.846186189151571,5.559196736403397,,
343,,AK,K222,,HNZ,61.0876,-149.8366,2026-09-12T14:06:00.000000Z,2026-09-12T14:07:00.000000Z,100.0,200.0,60.0,,noise,0,Noise,events:arr_summer_2026.csv,AK,2.0-20.0,3.5926802779745755,32.52904867690954,3.264676851139201,29.54509335278945,0.8257398798284452,4.842727975245524,7.604942349045453,,
344,,AK,K222,,HNZ,61.0876,-149.8366,2026-09-12T14:07:00.000000Z,2026-09-12T14:08:00.000000Z,100.0,200.0,60.0,,noise,0,Noise,events:arr_summer_2026.csv,AK,2.0-20.0,10.757935151769408,73.9360727930635,10.541192426591135,82.7532163833803,0.9601114269493783,4.930216787015133,4.822709294836514,,
345,,AK,K222,,HNZ,61.0876,-149.8366,2026-09-12T14:08:00.000000Z,2026-09-12T14:09:00.000000Z,100.0,200.0,60.0,,noise,0,Noise,events:arr_summer_2026.csv,AK,2.0-20.0,4.37022112226706,21.0271551977254,3.9168335241978105,17.752481561231235,0.8032734320151198,3.0108611325384125,0.4737742119912336,,
346,,AK,K222,,HNZ,61.0876,-149.8366,2026-09-12T14:09:00.000000Z,2026-09-12T14:10:00.000000Z,100.0,200.0,60.0,,noise,0,Noise,events:arr_summer_2026.csv,AK,2.0-20.0,6.306225731255505,112.48521176703052,6.014129057735638,103.64786425719149,0.9095078720291526,8.109231130491615,42.24209293198428,,
347,,AK,K222,,HNZ,61.0876,-149.8366,2026-09-12T14:10:00.000000Z,2026-09-12T14:11:00.000000Z,100.0,200.0,60.0,,noise,0,Noise,events:arr_summer_2026.csv,AK,2.0-20.0,10.233547359921966,88.22818428614313,9.79616411137533,86.83110475829939,0.916346439251622,5.809178061342242,8.158523976394427,,
348,,AK,K222,,HNZ,61.0876,-149.8366,2026-09-12T14:11:00.000000Z,2026-09-12T14:12:00.000000Z,100.0,200.0,60.0,,noise,0,Noise,events:arr_summer_2026.csv,AK,2.0-20.0,9.538144814464077,65.18447980185756,9.263075630169167,60.064724606549476,0.9431539677205809,5.98451468542335,6.340371848703889,,
349,,AK,K222,,HNZ,61.0876,-149.8366,2026-09-12T14:12:00.000000Z,2026-09-12T14:13:00.000000Z,100.0,200.0,60.0,,noise,0,Noise,events:arr_summer_2026.csv,AK,2.0-20.0,3.5482702857592936,39.83125031569518,3.1773543750641773,42.13756244035553,0.8018588399838327,5.921528578328745,17.91025365077163,,
350,,AK,K222,,HNZ,61.0876,-149.8366,2026-09-12T14:13:00.000000Z,2026-09-12T14:14:00.000000Z,100.0,200.0,60.0,,noise,0,Noise,events:arr_summer_2026.csv,AK,2.0-20.0,4.667221693413092,30.28002914061783,4.199621102494713,33.76370313470669,0.8096612559646523,2.977567071205401,5.370682432411806,,
351,,AK,K222,,HNZ,61.0876,-149.8366,2026-09-12T14:14:00.000000Z,2026-09-12T14:15:00.000000Z,100.0,200.0,60.0,,noise,0,Noise,events:arr_summer_2026.csv,AK,2.0-20.0,10.363168670131085,124.39961451970092,9.943444352154359,107.76977502629842,0.9206372896395736,4.5587177857292165,21.002664388710983,,
352,,AK,K222,,HNZ,61.0876,-149.8366,2026-09-12T14:15:00.000000Z,2026-09-12T14:16:00.000000Z,100.0,200.0,60.0,,noise,0,Noise,events:arr_summer_2026.csv,AK,2.0-20.0,4.055090541583196,37.41908462902575,3.451761826453079,35.608570002199436,0.7245703059057609,2.6908124194291423,7.077151234989026,,
353,,AK,K222,,HNZ,61.0876,-149.8366,2026-09-12T14:16:00.000000Z,2026-09-12T14:17:00.000000Z,100.0,200.0,60.0,,noise,0,Noise,events:arr_summer_2026.csv,AK,2.0-20.0,9.25258676123298,112.96707279522055,8.947071361687074,108.71062611563997,0.9350513686918898,8.221365831616385,30.37394880235796,,
354,,AK,K222,,HNZ,61.0876,-149.8366,2026-09-12T14:17:00.000000Z,2026-09-12T14:18:00.000000Z,100.0,200.0,60.0,,noise,0,Noise,events:arr_summer_2026.csv,AK,2.0-20.0,6.943423376845772,54.57248979536237,6.60589684022651,53.09046172266735,0.9051410888295668,4.401733645817261,9.21528862005665,,
355,,AK,K222,,HNZ,61.0876,-149.8366,2026-09-12T14:18:00.000000Z,2026-09-12T14:19:00.000000Z,100.0,200.0,60.0,,noise,0,Noise,events:arr_summer_2026.csv,AK,2.0-20.0,6.033101984702838,75.93471315874298,5.6002138512230415,71.21624627131243,0.861644041824666,7.074987899674982,23.311167300340482,,
356,,AK,K222,,HNZ,61.0876,-149.8366,2026-09-12T14:19:00.000000Z,2026-09-12T14:20:00.000000Z,100.0,200.0,60.0,,noise,0,Noise,events:arr_summer_2026.csv,AK,2.0-20.0,4.781155277945223,46.85224926665212,4.390759690147276,42.642541696383475,0.8433612447209009,4.72369851975883,10.394125282255018,,
357,,AK,K222,,HNZ,61.0876,-149.8366,2026-09-12T14:20:00.000000Z,2026-09-12T14:21:00.000000Z,100.0,200.0,60.0,,noise,0,Noise,events:arr_summer_2026.csv,AK,2.0-20.0,7.191262945190452,74.85252176983984,6.931628514647672,83.9401007255306,0.929095211126943,5.227562168894614,14.712855293456986,,
358,,AK,K222,,HNZ,61.0876,-149.8366,2026-09-12T14:21:00.000000Z,2026-09-12T14:22:00.000000Z,100.0,200.0,60.0,,noise,0,Noise,events:arr_summer_2026.csv,AK,2.0-20.0,3.9656460971593934,15.36919610003749,3.3302961959923407,13.888821410684939,0.7052414248004005,2.587450627811542,0.4862884458319341,,
359,,AK,K222,,HNZ,61.0876,-149.8366,2026-09-12T14:22:00.000000Z,2026-09-12T14:23:00.000000Z,100.0,200.0,60.0,,noise,0,Noise,events:arr_summer_2026.csv,AK,2.0-20.0,4.984621144776165,63.17518989971584,4.493193808654491,62.07827905660735,0.8125423254507559,5.306224922388906,25.266137326744538,,
360,,AK,K222,,HNZ,61.0876,-149.8366,2026-09-12T14:23:00.000000Z,2026-09-12T14:24:00.000000Z,100.0,200.0,60.0,,noise,0,Noise,events:arr_summer_2026.csv,AK,2.0-20.0,4.514626826729043,33.0934949169621,3.876300100492961,23.35901874976507,0.7372097478632336,4.468205763854905,3.7022359734297945,,
361,,AK,K222,,HNZ,61.0876,-149.8366,2026-09-12T14:27:00.000000Z,2026-09-12T14:28:00.000000Z,100.0,200.0,60.0,,noise,0,Noise,events:arr_summer_2026.csv,AK,2.0-20.0,5.787953722541824,21.704355014404385,3.271705755069095,18.815522996398318,0.31952024147652125,4.350630686607941,1.0174943228788278,,
362,,AK,K222,,HNZ,61.0876,-149.8366,2026-09-12T14:28:00.000000Z,2026-09-12T14:29:00.000000Z,100.0,200.0,60.0,,noise,0,Noise,events:arr_summer_2026.csv,AK,2.0-20.0,5.57045478491118,28.90363536890849,4.64546509505723,27.168646884908892,0.6954679097679933,2.7291910898740173,2.0393823003374276,,
363,,AK,K222,,HNZ,61.0876,-149.8366,2026-09-12T14:29:00.000000Z,2026-09-12T14:30:00.000000Z,100.0,200.0,60.0,,noise,0,Noise,events:arr_summer_2026.csv,AK,2.0-20.0,5.951314917318205,35.28281023147623,5.222509593119905,35.237353716529384,0.7700742989558459,2.657159769303474,3.3669503044579656,,
364,,AK,K222,,HNZ,61.0876,-149.8366,2026-09-12T14:30:00.000000Z,2026-09-12T14:31:00.000000Z,100.0,200.0,60.0,,noise,0,Noise,events:arr_summer_2026.csv,AK,2.0-20.0,9.582893372196777,72.89524327384265,8.835702492304778,65.03202108026719,0.85013688015317,5.763546065299584,5.992103798039544,,
365,,AK,K222,,HNZ,61.0876,-149.8366,2026-09-12T14:31:00.000000Z,2026-09-12T14:32:00.000000Z,100.0,200.0,60.0,,noise,0,Noise,events:arr_summer_2026.csv,AK,2.0-20.0,7.337328692150162,87.70568557192946,6.583802008830363,80.17123658752482,0.8051514414343456,8.223714656948415,13.331309517991969,,
366,,AK,K222,,HNZ,61.0876,-149.8366,2026-09-12T14:32:00.000000Z,2026-09-12T14:33:00.000000Z,100.0,200.0,60.0,,noise,0,Noise,events:arr_summer_2026.csv,AK,2.0-20.0,9.303148438248604,97.55934939639712,8.819580054209641,109.11578782505032,0.8987438100481533,5.515529808367462,30.46702122571532,,
367,,AK,K222,,HNZ,61.0876,-149.8366,2026-09-12T14:33:00.000000Z,2026-09-12T14:34:00.000000Z,100.0,200.0,60.0,,noise,0,Noise,events:arr_summer_2026.csv,AK,2.0-20.0,36.73171954961614,293.4592177277488,36.557128649965705,281.55115410850055,0.9905163180736887,5.553821204378156,16.219669112437856,,
368,,AK,K222,,HNZ,61.0876,-149.8366,2026-09-12T14:34:00.000000Z,2026-09-12T14:35:00.000000Z,100.0,200.0,60.0,,noise,0,Noise,events:arr_summer_2026.csv,AK,2.0-20.0,7.421527243835366,125.4426316130272,6.783087116930753,125.06070176925495,0.8353495011838852,8.769925281805488,83.95602296859995,,
369,,AK,K222,,HNZ,61.0876,-149.8366,2026-09-12T14:35:00.000000Z,2026-09-12T14:36:00.000000Z,100.0,200.0,60.0,,noise,0,Noise,events:arr_summer_2026.csv,AK,2.0-20.0,12.128159913230126,82.24341410891444,11.416072952744976,89.11216910913458,0.8860202372978394,3.3704139096120613,6.155348266014753,,
370,,AK,K222,,HNZ,61.0876,-149.8366,2026-09-12T14:36:00.000000Z,2026-09-12T14:37:00.000000Z,100.0,200.0,60.0,,noise,0,Noise,events:arr_summer_2026.csv,AK,2.0-20.0,9.686664252438485,82.38968714564591,9.143051730144533,85.55874427487296,0.8909100537711105,3.4300117238518086,9.246979205353133,,
371,,AK,K222,,HNZ,61.0876,-149.8366,2026-09-12T14:37:00.000000Z,2026-09-12T14:38:00.000000Z,100.0,200.0,60.0,,noise,0,Noise,events:arr_summer_2026.csv,AK,2.0-20.0,13.56308375093281,151.2405555945016,13.240774283447774,155.98799497844743,0.953037253818331,5.808095731322914,19.293861526015775,,
372,,AK,K222,,HNZ,61.0876,-149.8366,2026-09-12T14:38:00.000000Z,2026-09-12T14:39:00.000000Z,100.0,200.0,60.0,,noise,0,Noise,events:arr_summer_2026.csv,AK,2.0-20.0,5.188714365728031,89.0147954611305,4.70748542422379,80.15278873616805,0.8231110658290133,7.160010925826642,64.96506805454429,,
373,,AK,K222,,HNZ,61.0876,-149.8366,2026-09-12T14:39:00.000000Z,2026-09-12T14:40:00.000000Z,100.0,200.0,60.0,,noise,0,Noise,events:arr_summer_2026.csv,AK,2.0-20.0,4.708210833622838,60.44667508786461,4.2976689735965925,57.31773159562099,0.8332093168218598,7.171569843550028,33.812564040240424,,
374,,AK,K222,,HNZ,61.0876,-149.8366,2026-09-12T14:40:00.000000Z,2026-09-12T14:41:00.000000Z,100.0,200.0,60.0,,noise,0,Noise,events:arr_summer_2026.csv,AK,2.0-20.0,7.040401532695588,60.09240161351531,6.709262822922955,65.35116124072758,0.9081440715222295,5.649114445886104,10.715154276917175,,
375,,AK,K222,,HNZ,61.0876,-149.8366,2026-09-12T14:41:00.000000Z,2026-09-12T14:42:00.000000Z,100.0,200.0,60.0,,noise,0,Noise,events:arr_summer_2026.csv,AK,2.0-20.0,10.059062726300734,55.159933715419456,9.836381166979901,61.00215737711212,0.9562152520115762,3.4173419016071755,4.380745172941226,,
376,,AK,K222,,HNZ,61.0876,-149.8366,2026-09-12T14:42:00.000000Z,2026-09-12T14:43:00.000000Z,100.0,200.0,60.0,,noise,0,Noise,events:arr_summer_2026.csv,AK,2.0-20.0,8.687529564170148,108.58864515285681,8.272469192188654,91.07303336359111,0.9067294589679399,7.428098611513915,15.169650586692175,,
377,,AK,K222,,HNZ,61.0876,-149.8366,2026-09-12T14:43:00.000000Z,2026-09-12T14:44:00.000000Z,100.0,200.0,60.0,,noise,0,Noise,events:arr_summer_2026.csv,AK,2.0-20.0,7.034111501171816,44.84239338664533,6.734805873991716,47.442352479326004,0.9167093638130082,5.2615010288802155,3.0378546960956365,,
378,,AK,K222,,HNZ,61.0876,-149.8366,2026-09-12T14:44:00.000000Z,2026-09-12T14:45:00.000000Z,100.0,200.0,60.0,,noise,0,Noise,events:arr_summer_2026.csv,AK,2.0-20.0,17.653637089517176,167.06943684082643,17.324600765607375,160.57876725763396,0.9630705038592916,4.02361173047808,4.760782362772972,,
379,,AK,K222,,HNZ,61.0876,-149.8366,2026-09-12T14:45:00.000000Z,2026-09-12T14:46:00.000000Z,100.0,200.0,60.0,,noise,0,Noise,events:arr_summer_2026.csv,AK,2.0-20.0,7.4681849944024545,74.13738525654838,7.043953763430648,68.4477141109583,0.8896165598893471,5.154218254492751,12.123940005972631,,
380,,AK,K222,,HNZ,61.0876,-149.8366,2026-09-12T14:46:00.000000Z,2026-09-12T14:47:00.000000Z,100.0,200.0,60.0,,noise,0,Noise,events:arr_summer_2026.csv,AK,2.0-20.0,11.505957649875551,77.42648298809318,11.077409817299904,80.27732995655403,0.9268957776160752,4.8586793399991715,6.433181389833791,,
381,,AK,K222,,HNZ,61.0876,-149.8366,2026-09-12T14:47:00.000000Z,2026-09-12T14:48:00.000000Z,100.0,200.0,60.0,,noise,0,Noise,events:arr_summer_2026.csv,AK,2.0-20.0,3.79377202508214,40.665130320772306,2.9491341058272424,41.67589309012398,0.6042916367784321,5.847998141836092,18.104780878543814,,
382,,AK,K222,,HNZ,61.0876,-149.8366,2026-09-12T14:48:00.000000Z,2026-09-12T14:49:00.000000Z,100.0,200.0,60.0,,noise,0,Noise,events:arr_summer_2026.csv,AK,2.0-20.0,6.279519750724037,45.08101023651242,5.531792956070504,40.1531865854467,0.7760308251391088,5.359230194447355,4.672777998654623,,
383,,AK,K222,,HNZ,61.0876,-149.8366,2026-09-12T14:49:00.000000Z,2026-09-12T14:50:00.000000Z,100.0,200.0,60.0,,noise,0,Noise,events:arr_summer_2026.csv,AK,2.0-20.0,5.8733037931391285,49.55629354011501,4.610588997641051,53.256469738251084,0.6162371680739568,4.005908176456423,14.473920784409838,,
384,,AK,K222,,HNZ,61.0876,-149.8366,2026-09-12T14:50:00.000000Z,2026-09-12T14:51:00.000000Z,100.0,200.0,60.0,,noise,0,Noise,events:arr_summer_2026.csv,AK,2.0-20.0,7.885935100824423,75.70525925635232,6.731282329407288,71.00946440962949,0.7286000819619624,8.448056367646913,18.83841223079073,,
385,,AK,K222,,HNZ,61.0876,-149.8366,2026-09-12T14:51:00.000000Z,2026-09-12T14:52:00.000000Z,100.0,200.0,60.0,,noise,0,Noise,events:arr_summer_2026.csv,AK,2.0-20.0,9.623023140525635,101.20598216986227,8.900952484874622,104.89596568581891,0.8555588835721697,8.549196736950663,31.76796672771085,,
386,,AK,K222,,HNZ,61.0876,-149.8366,2026-09-12T14:52:00.000000Z,2026-09-12T14:53:00.000000Z,100.0,200.0,60.0,,noise,0,Noise,events:arr_summer_2026.csv,AK,2.0-20.0,5.7418214323293855,51.560551385635236,4.4127744831713835,49.27028197085747,0.590641695797754,4.870522862322007,15.315698073738968,,
387,,AK,K222,,HNZ,61.0876,-149.8366,2026-09-12T14:53:00.000000Z,2026-09-12T14:54:00.000000Z,100.0,200.0,60.0,,noise,0,Noise,events:arr_summer_2026.csv,AK,2.0-20.0,8.412510702931407,65.37984010402184,7.339622360520711,65.33060171057636,0.7611954272224146,7.0594569631223365,10.819858860321323,,
388,,AK,K222,,HNZ,61.0876,-149.8366,2026-09-12T14:54:00.000000Z,2026-09-12T14:55:00.000000Z,100.0,200.0,60.0,,noise,0,Noise,events:arr_summer_2026.csv,AK,2.0-20.0,8.522554185957635,79.37255051106702,7.428615847441821,66.82592616892602,0.759759709007409,4.198912253655183,11.943578366393368,,
389,,AK,K222,,HNZ,61.0876,-149.8366,2026-09-12T14:55:00.000000Z,2026-09-12T14:56:00.000000Z,100.0,200.0,60.0,,noise,0,Noise,events:arr_summer_2026.csv,AK,2.0-20.0,13.82707810249219,204.24496529684032,13.138577604876598,200.89421816987337,0.9028921336862915,6.674174155926787,44.07408106959496,,
390,,AK,K222,,HNZ,61.0876,-149.8366,2026-09-12T14:56:00.000000Z,2026-09-12T14:57:00.000000Z,100.0,200.0,60.0,,noise,0,Noise,events:arr_summer_2026.csv,AK,2.0-20.0,11.004538790277948,78.50652072430503,10.185712735723273,80.6410675164386,0.8567204945732825,5.510567521728561,3.4702335623009164,,
391,,AK,K222,,HNZ,61.0876,-149.8366,2026-09-12T14:57:00.000000Z,2026-09-12T14:58:00.000000Z,100.0,200.0,60.0,,noise,0,Noise,events:arr_summer_2026.csv,AK,2.0-20.0,5.79888822681374,50.89993921433963,4.590109817846146,46.9093746171186,0.6265513593418074,2.471083228337029,17.78272754895704,,
392,,AK,K222,,HNZ,61.0876,-149.8366,2026-09-12T14:58:00.000000Z,2026-09-12T14:59:00.000000Z,100.0,200.0,60.0,,noise,0,Noise,events:arr_summer_2026.csv,AK,2.0-20.0,5.057415850485482,44.44386285292518,3.953454143012165,43.34979651480035,0.6110772009614045,5.705816014198367,14.79115934104668,,
393,,AK,K222,,HNZ,61.0876,-149.8366,2026-09-12T14:59:00.000000Z,2026-09-12T15:00:00.000000Z,100.0,200.0,60.0,,noise,0,Noise,events:arr_summer_2026.csv,AK,2.0-20.0,7.629403747767444,74.0414434416223,6.980631271234896,72.74293235126302,0.8371594812090299,6.454724151305785,13.74734063390289,,
394,coastal_classic_out_2026-09-12,AK,K222,,HNZ,61.0876,-149.8366,2026-09-12T15:06:00.000000Z,2026-09-12T15:07:00.000000Z,100.0,200.0,60.0,,train,4,Train,"events:search900s,rms>=3x",AK,2.0-20.0,72.55907528495541,921.5971602426159,64.39521274233437,899.7944832966716,0.787632605069229,4.713162439976979,27.26187411108373,,
395,coastal_classic_out_2026-09-12,AK,K222,,HNZ,61.0876,-149.8366,2026-09-12T15:07:00.000000Z,2026-09-12T15:08:00.000000Z,100.0,200.0,60.0,,train,4,Train,"events:search900s,rms>=3x",AK,2.0-20.0,268.9958153107122,2471.2954650968895,248.38006902345876,2420.7778695514153,0.8525943280545171,4.9098074556680995,12.042248858438148,,
396,,AK,K222,,HNZ,61.0876,-149.8366,2026-09-12T15:31:00.000000Z,2026-09-12T15:32:00.000000Z,100.0,200.0,60.0,,noise,0,Noise,events:arr_summer_2026.csv,AK,2.0-20.0,5.346100906478138,22.090664459111316,4.716102290748941,20.299630387646495,0.7782016173055875,2.5574968464468517,0.39257494278703486,,
397,,AK,K222,,HNZ,61.0876,-149.8366,2026-09-12T15:32:00.000000Z,2026-09-12T15:33:00.000000Z,100.0,200.0,60.0,,noise,0,Noise,events:arr_summer_2026.csv,AK,2.0-20.0,8.43119409036137,89.11740910091342,8.11464275241341,78.9659662106303,0.9263191348326529,5.311342031652922,10.574371438408487,,
398,,AK,K222,,HNZ,61.0876,-149.8366,2026-09-12T15:33:00.000000Z,2026-09-12T15:34:00.000000Z,100.0,200.0,60.0,,noise,0,Noise,events:arr_summer_2026.csv,AK,2.0-20.0,8.075237107462243,76.71551758524218,7.651413464856002,74.45067484508795,0.8977858901160973,6.211632355109902,11.37468140327909,,
399,,AK,K222,,HNZ,61.0876,-149.8366,2026-09-12T15:34:00.000000Z,2026-09-12T15:35:00.000000Z,100.0,200.0,60.0,,noise,0,Noise,events:arr_summer_2026.csv,AK,2.0-20.0,16.21433923241797,148.22601138687767,15.896242180946633,165.7437052556192,0.9611483647498056,6.1060391542605075,20.550277464055608,,
400,,AK,K222,,HNZ,61.0876,-149.8366,2026-09-12T15:35:00.000000Z,2026-09-12T15:36:00.000000Z,100.0,200.0,60.0,,noise,0,Noise,events:arr_summer_2026.csv,AK,2.0-20.0,8.348813785463555,53.29066325762228,7.437025782518203,45.08288614931075,0.7935038260491165,3.2393274555676093,2.5557162259546358,,
401,,AK,K222,,HNZ,61.0876,-149.8366,2026-09-12T15:36:00.000000Z,2026-09-12T15:37:00.000000Z,100.0,200.0,60.0,,noise,0,Noise,events:arr_summer_2026.csv,AK,2.0-20.0,7.762098588174829,71.27644603627961,7.250292914917186,63.755530097489725,0.8724746076644484,4.588205823219439,5.387761169672224,,
402,,AK,K222,,HNZ,61.0876,-149.8366,2026-09-12T15:37:00.000000Z,2026-09-12T15:38:00.000000Z,100.0,200.0,60.0,,noise,0,Noise,events:arr_summer_2026.csv,AK,2.0-20.0,7.876512041910128,65.44790463821336,7.474213422132402,66.62910592809942,0.900457266006502,7.8790417022148285,13.368155746782353,,
403,,AK,K222,,HNZ,61.0876,-149.8366,2026-09-12T15:38:00.000000Z,2026-09-12T15:39:00.000000Z,100.0,200.0,60.0,,noise,0,Noise,events:arr_summer_2026.csv,AK,2.0-20.0,8.64743441538661,81.4709231462289,8.399109839394743,79.50813612002649,0.9433915193004813,6.539221519956856,8.227311971958994,,
404,,AK,K222,,HNZ,61.0876,-149.8366,2026-09-12T15:39:00.000000Z,2026-09-12T15:40:00.000000Z,100.0,200.0,60.0,,noise,0,Noise,events:arr_summer_2026.csv,AK,2.0-20.0,6.439544910433197,34.82229676831636,5.923894103791777,36.72738612161838,0.8462607919419022,3.67680909774893,2.332880674468872,,
405,,AK,K222,,HNZ,61.0876,-149.8366,2026-09-12T15:40:00.000000Z,2026-09-12T15:41:00.000000Z,100.0,200.0,60.0,,noise,0,Noise,events:arr_summer_2026.csv,AK,2.0-20.0,8.827096391734763,71.67994718877941,8.308330674358109,70.24946097409585,0.8859144967112962,6.120540764678662,5.275267625872571,,
406,,AK,K222,,HNZ,61.0876,-149.8366,2026-09-12T15:41:00.000000Z,2026-09-12T15:42:00.000000Z,100.0,200.0,60.0,,noise,0,Noise,events:arr_summer_2026.csv,AK,2.0-20.0,8.922925265705521,99.26171887199713,8.567333774665286,115.62008169676052,0.9218852421646382,4.892905922023199,20.67107920277911,,
407,,AK,K222,,HNZ,61.0876,-149.8366,2026-09-12T15:42:00.000000Z,2026-09-12T15:43:00.000000Z,100.0,200.0,60.0,,noise,0,Noise,events:arr_summer_2026.csv,AK,2.0-20.0,5.669091351141357,72.73859953555592,5.2006353058223755,69.40836345604107,0.8415615590372018,7.826801512785946,23.297591591540296,,
408,,AK,K222,,HNZ,61.0876,-149.8366,2026-09-12T15:43:00.000000Z,2026-09-12T15:44:00.000000Z,100.0,200.0,60.0,,noise,0,Noise,events:arr_summer_2026.csv,AK,2.0-20.0,9.14358318733432,101.76455354412586,8.879455488758936,98.02384199029453,0.9430610936657502,5.259766638640304,21.49941435089652,,
409,,AK,K222,,HNZ,61.0876,-149.8366,2026-09-12T15:44:00.000000Z,2026-09-12T15:45:00.000000Z,100.0,200.0,60.0,,noise,0,Noise,events:arr_summer_2026.csv,AK,2.0-20.0,6.3543416334708045,48.68791719952685,5.989274618196988,50.10574130003618,0.888397509635246,6.364529528057473,5.137019891914523,,
410,,AK,K222,,HNZ,61.0876,-149.8366,2026-09-12T15:45:00.000000Z,2026-09-12T15:46:00.000000Z,100.0,200.0,60.0,,noise,0,Noise,events:arr_summer_2026.csv,AK,2.0-20.0,4.451760053705369,24.984886573566754,3.992269616055597,25.14078131971566,0.8042225208938876,2.5864434957926328,0.6116061638018899,,
411,,AK,K222,,HNZ,61.0876,-149.8366,2026-09-12T15:46:00.000000Z,2026-09-12T15:47:00.000000Z,100.0,200.0,60.0,,noise,0,Noise,events:arr_summer_2026.csv,AK,2.0-20.0,7.772547576018543,86.01432577261423,7.381502624370059,86.11866622485529,0.9019091208315303,4.6028122242600755,7.878891757061808,,
412,,AK,K222,,HNZ,61.0876,-149.8366,2026-09-12T15:47:00.000000Z,2026-09-12T15:48:00.000000Z,100.0,200.0,60.0,,noise,0,Noise,events:arr_summer_2026.csv,AK,2.0-20.0,4.737679706504123,21.769513619639284,4.245535191362049,19.47758192208314,0.8030331928152402,2.5042400910564218,0.49717524984173966,,
413,,AK,K222,,HNZ,61.0876,-149.8366,2026-09-12T15:48:00.000000Z,2026-09-12T15:49:00.000000Z,100.0,200.0,60.0,,noise,0,Noise,events:arr_summer_2026.csv,AK,2.0-20.0,8.683648956486063,45.34898538347086,8.040962390837407,44.28697221271855,0.8574554100014448,4.170921054922452,2.862181359036107,,
414,,AK,K222,,HNZ,61.0876,-149.8366,2026-09-12T15:49:00.000000Z,2026-09-12T15:50:00.000000Z,100.0,200.0,60.0,,noise,0,Noise,events:arr_summer_2026.csv,AK,2.0-20.0,5.076478357222477,46.47216416391222,4.629421670581688,48.17371107920878,0.83162665854685,5.920724995117191,9.148581461111432,,
415,,AK,K222,,HNZ,61.0876,-149.8366,2026-09-12T15:50:00.000000Z,2026-09-12T15:51:00.000000Z,100.0,200.0,60.0,,noise,0,Noise,events:arr_summer_2026.csv,AK,2.0-20.0,7.6776636335963735,58.62572161126364,7.453991860886802,59.36310766526192,0.9425831368276633,6.3638547473127325,6.20621367769818,,
416,,AK,K222,,HNZ,61.0876,-149.8366,2026-09-12T15:51:00.000000Z,2026-09-12T15:52:00.000000Z,100.0,200.0,60.0,,noise,0,Noise,events:arr_summer_2026.csv,AK,2.0-20.0,3.3331227768956726,16.20829116440583,2.8727584825941346,13.125388249890033,0.7428405598917351,2.203720628660865,0.6861293519817293,,
417,,AK,K222,,HNZ,61.0876,-149.8366,2026-09-12T15:52:00.000000Z,2026-09-12T15:53:00.000000Z,100.0,200.0,60.0,,noise,0,Noise,events:arr_summer_2026.csv,AK,2.0-20.0,7.769631225389995,60.63985542361054,7.441589717306914,58.73964500266011,0.9173406354945003,7.602654393840882,9.98466492256102,,
418,,AK,K222,,HNZ,61.0876,-149.8366,2026-09-12T15:53:00.000000Z,2026-09-12T15:54:00.000000Z,100.0,200.0,60.0,,noise,0,Noise,events:arr_summer_2026.csv,AK,2.0-20.0,9.70639993841287,63.14022900542251,9.258379810352292,62.359748955347634,0.9098161097485536,5.952853643390318,3.5627332905677465,,
419,,AK,K222,,HNZ,61.0876,-149.8366,2026-09-12T15:54:00.000000Z,2026-09-12T15:55:00.000000Z,100.0,200.0,60.0,,noise,0,Noise,events:arr_summer_2026.csv,AK,2.0-20.0,7.401234426823199,73.84302496453009,7.05421442374281,82.10567131430295,0.9084248223001379,7.0696384969234325,15.983079666630097,,
420,,AK,K222,,HNZ,61.0876,-149.8366,2026-09-12T15:55:00.000000Z,2026-09-12T15:56:00.000000Z,100.0,200.0,60.0,,noise,0,Noise,events:arr_summer_2026.csv,AK,2.0-20.0,15.109578610610235,125.74390976512001,14.829155015728357,141.5400711131667,0.9632257966173078,6.0544174914993825,9.683272749804447,,
421,,AK,K222,,HNZ,61.0876,-149.8366,2026-09-12T15:56:00.000000Z,2026-09-12T15:57:00.000000Z,100.0,200.0,60.0,,noise,0,Noise,events:arr_summer_2026.csv,AK,2.0-20.0,7.161894238474013,75.01609315524148,6.85833215454952,71.48352687566384,0.9170250985463214,4.755223479339035,13.215832846976614,,
422,,AK,K222,,HNZ,61.0876,-149.8366,2026-09-12T15:57:00.000000Z,2026-09-12T15:58:00.000000Z,100.0,200.0,60.0,,noise,0,Noise,events:arr_summer_2026.csv,AK,2.0-20.0,5.860569487278228,40.43971615273798,5.538020781152068,37.73094188048145,0.892954896179306,4.6484640567110445,4.486699784734002,,
423,,AK,K222,,HNZ,61.0876,-149.8366,2026-09-12T15:58:00.000000Z,2026-09-12T15:59:00.000000Z,100.0,200.0,60.0,,noise,0,Noise,events:arr_summer_2026.csv,AK,2.0-20.0,9.503544060273848,84.76772764115108,9.316137779327791,92.17766373514308,0.9609496227065395,6.208457152146174,10.847981417919756,,
424,,AK,K222,,HNZ,61.0876,-149.8366,2026-09-12T16:02:00.000000Z,2026-09-12T16:03:00.000000Z,100.0,200.0,60.0,,noise,0,Noise,events:arr_summer_2026.csv,AK,2.0-20.0,6.709871747434379,60.545872075085526,6.230009259873978,55.686977757636015,0.8620827320732415,6.1347308387026995,10.496736036312436,,
425,,AK,K222,,HNZ,61.0876,-149.8366,2026-09-12T16:03:00.000000Z,2026-09-12T16:04:00.000000Z,100.0,200.0,60.0,,noise,0,Noise,events:arr_summer_2026.csv,AK,2.0-20.0,7.601306635619537,82.17823068028757,6.412685264393842,63.84953588667686,0.7117104553730935,6.282230220518283,8.435174980520442,,
426,,AK,K222,,HNZ,61.0876,-149.8366,2026-09-12T16:04:00.000000Z,2026-09-12T16:05:00.000000Z,100.0,200.0,60.0,,noise,0,Noise,events:arr_summer_2026.csv,AK,2.0-20.0,8.981672359000994,69.05041896539468,8.595497144378232,74.98790993396689,0.9158568201307795,4.790430519158118,4.399824039728781,,
427,,AK,K222,,HNZ,61.0876,-149.8366,2026-09-12T16:05:00.000000Z,2026-09-12T16:06:00.000000Z,100.0,200.0,60.0,,noise,0,Noise,events:arr_summer_2026.csv,AK,2.0-20.0,8.711170857611625,87.57534068679549,8.383055859373107,100.98785253080385,0.9260867194439366,4.429856828188547,17.889509497561733,,
428,,AK,K222,,HNZ,61.0876,-149.8366,2026-09-12T16:06:00.000000Z,2026-09-12T16:07:00.000000Z,100.0,200.0,60.0,,noise,0,Noise,events:arr_summer_2026.csv,AK,2.0-20.0,7.098789997827529,42.57782990320443,6.781093159536876,45.98118766484909,0.9124955689217046,2.863371261262202,3.3517872756413007,,
429,,AK,K222,,HNZ,61.0876,-149.8366,2026-09-12T16:07:00.000000Z,2026-09-12T16:08:00.000000Z,100.0,200.0,60.0,,noise,0,Noise,events:arr_summer_2026.csv,AK,2.0-20.0,7.6237183369554655,57.320274670201485,7.278476805628074,55.787251873654434,0.9114803689513157,5.790400774434485,8.59775125545951,,
430,,AK,K222,,HNZ,61.0876,-149.8366,2026-09-12T16:08:00.000000Z,2026-09-12T16:09:00.000000Z,100.0,200.0,60.0,,noise,0,Noise,events:arr_summer_2026.csv,AK,2.0-20.0,6.197901749031626,47.313878313540606,5.822332020771237,52.3082306882591,0.8824793678037459,4.17364544527724,9.804211305660361,,
431,,AK,K222,,HNZ,61.0876,-149.8366,2026-09-12T16:09:00.000000Z,2026-09-12T16:10:00.000000Z,100.0,200.0,60.0,,noise,0,Noise,events:arr_summer_2026.csv,AK,2.0-20.0,13.691499149243885,113.948570200412,13.030349145020026,120.57999228613096,0.9057536604433196,4.9800947243299145,11.342089420557489,,
432,,AK,K222,,HNZ,61.0876,-149.8366,2026-09-12T16:10:00.000000Z,2026-09-12T16:11:00.000000Z,100.0,200.0,60.0,,noise,0,Noise,events:arr_summer_2026.csv,AK,2.0-20.0,8.014361933835318,80.48783583178088,7.744733008301124,74.61385731046998,0.9338454301503686,5.691850923040473,17.262664144638205,,
433,,AK,K222,,HNZ,61.0876,-149.8366,2026-09-12T16:11:00.000000Z,2026-09-12T16:12:00.000000Z,100.0,200.0,60.0,,noise,0,Noise,events:arr_summer_2026.csv,AK,2.0-20.0,12.78281425544819,102.84345610895636,12.17939136627491,107.80415351364333,0.907816800076854,6.126632690585923,7.155592540086351,,
434,,AK,K222,,HNZ,61.0876,-149.8366,2026-09-12T16:12:00.000000Z,2026-09-12T16:13:00.000000Z,100.0,200.0,60.0,,noise,0,Noise,events:arr_summer_2026.csv,AK,2.0-20.0,12.301325811208999,216.47440634951707,10.848357051328062,122.36721739300286,0.7777214884930483,7.223768965896344,16.061669284602868,,
435,,AK,K222,,HNZ,61.0876,-149.8366,2026-09-12T16:13:00.000000Z,2026-09-12T16:14:00.000000Z,100.0,200.0,60.0,,noise,0,Noise,events:arr_summer_2026.csv,AK,2.0-20.0,17.741188752464897,190.35759768954267,12.82025104662453,75.71626563155988,0.5221888884554027,5.426064663124965,4.3860691511868755,,
436,,AK,K222,,HNZ,61.0876,-149.8366,2026-09-12T16:14:00.000000Z,2026-09-12T16:15:00.000000Z,100.0,200.0,60.0,,noise,0,Noise,events:arr_summer_2026.csv,AK,2.0-20.0,28.023075599338508,310.8733598409727,27.702440145408435,304.2734862079136,0.9772472422912242,8.477245182552869,19.147775438324892,,
437,,AK,K222,,HNZ,61.0876,-149.8366,2026-09-12T16:15:00.000000Z,2026-09-12T16:16:00.000000Z,100.0,200.0,60.0,,noise,0,Noise,events:arr_summer_2026.csv,AK,2.0-20.0,15.056858283364347,105.69106433386241,14.600075275930052,101.95721470289375,0.9402459345857836,4.342180733138169,3.098838787806206,,
438,,AK,K222,,HNZ,61.0876,-149.8366,2026-09-12T16:16:00.000000Z,2026-09-12T16:17:00.000000Z,100.0,200.0,60.0,,noise,0,Noise,events:arr_summer_2026.csv,AK,2.0-20.0,16.89226809225651,119.38827109217141,16.244680046322088,107.74723500608411,0.9247969593293482,4.6100266796135045,5.781678358196256,,
439,,AK,K222,,HNZ,61.0876,-149.8366,2026-09-12T16:17:00.000000Z,2026-09-12T16:18:00.000000Z,100.0,200.0,60.0,,noise,0,Noise,events:arr_summer_2026.csv,AK,2.0-20.0,10.526506823509864,60.27257412427728,9.798992298943505,50.48786863320743,0.8665513038885535,3.528386119670059,1.4515459008408733,,
440,,AK,K222,,HNZ,61.0876,-149.8366,2026-09-12T16:18:00.000000Z,2026-09-12T16:19:00.000000Z,100.0,200.0,60.0,,noise,0,Noise,events:arr_summer_2026.csv,AK,2.0-20.0,19.48686458522603,149.07399153333026,19.179657652673082,147.45768569911877,0.9687188875290762,4.665801496008487,10.018906585068263,,
441,,AK,K222,,HNZ,61.0876,-149.8366,2026-09-12T16:19:00.000000Z,2026-09-12T16:20:00.000000Z,100.0,200.0,60.0,,noise,0,Noise,events:arr_summer_2026.csv,AK,2.0-20.0,17.543502368936775,105.64572245386348,17.222230024408372,103.76836960637371,0.9637095690217007,4.500889943488738,5.07330748635685,,
442,,AK,K222,,HNZ,61.0876,-149.8366,2026-09-12T16:20:00.000000Z,2026-09-12T16:21:00.000000Z,100.0,200.0,60.0,,noise,0,Noise,events:arr_summer_2026.csv,AK,2.0-20.0,7.7206525819021214,52.03423376863886,6.972958928959564,59.0345168298216,0.8156919829329966,3.769290430931793,5.688824674663154,,
443,,AK,K222,,HNZ,61.0876,-149.8366,2026-09-12T16:21:00.000000Z,2026-09-12T16:22:00.000000Z,100.0,200.0,60.0,,noise,0,Noise,events:arr_summer_2026.csv,AK,2.0-20.0,10.863040858667748,170.1985430351946,10.387099463940993,156.56727300291328,0.9142937575505946,6.547294003234084,32.07810998783341,,
444,,AK,K222,,HNZ,61.0876,-149.8366,2026-09-12T16:22:00.000000Z,2026-09-12T16:23:00.000000Z,100.0,200.0,60.0,,noise,0,Noise,events:arr_summer_2026.csv,AK,2.0-20.0,12.259399070025502,135.4857667670118,11.951117304607592,134.80383829767658,0.9503392213467132,7.002890616847114,16.457916188236887,,
445,,AK,K222,,HNZ,61.0876,-149.8366,2026-09-12T16:23:00.000000Z,2026-09-12T16:24:00.000000Z,100.0,200.0,60.0,,noise,0,Noise,events:arr_summer_2026.csv,AK,2.0-20.0,13.722447030163512,110.26098263946186,13.312267206972855,115.56463274744667,0.9411111666181217,5.505628416074046,7.259361875168745,,
446,,AK,K222,,HNZ,61.0876,-149.8366,2026-09-12T16:27:00.000000Z,2026-09-12T16:28:00.000000Z,100.0,200.0,60.0,,noise,0,Noise,events:arr_summer_2026.csv,AK,2.0-20.0,18.939350718444476,177.8761657061096,18.736267328144724,180.52342720379144,0.9786693240730667,3.452275584839717,13.38413378065076,,
447,,AK,K222,,HNZ,61.0876,-149.8366,2026-09-12T16:28:00.000000Z,2026-09-12T16:29:00.000000Z,100.0,200.0,60.0,,noise,0,Noise,events:arr_summer_2026.csv,AK,2.0-20.0,16.829968060602457,109.84854091827897,16.276717389937442,106.20476018359813,0.9353347340473952,5.230279342952855,6.269755280082451,,
448,,AK,K222,,HNZ,61.0876,-149.8366,2026-09-12T16:29:00.000000Z,2026-09-12T16:30:00.000000Z,100.0,200.0,60.0,,noise,0,Noise,events:arr_summer_2026.csv,AK,2.0-20.0,6.061818055437866,48.83338252602535,5.202861388825401,36.91014503078444,0.7366797259101551,3.5932425529701186,2.7728314347928817,,
449,,AK,K222,,HNZ,61.0876,-149.8366,2026-09-12T16:30:00.000000Z,2026-09-12T16:31:00.000000Z,100.0,200.0,60.0,,noise,0,Noise,events:arr_summer_2026.csv,AK,2.0-20.0,22.447698155126204,189.78456556488837,21.695558016254594,173.26128590480803,0.9341100006525969,6.396242043766657,11.228904899796536,,
450,,AK,K222,,HNZ,61.0876,-149.8366,2026-09-12T16:31:00.000000Z,2026-09-12T16:32:00.000000Z,100.0,200.0,60.0,,noise,0,Noise,events:arr_summer_2026.csv,AK,2.0-20.0,13.306737220322578,98.49333633281564,12.970021421210221,98.4915188736022,0.9500319817715125,2.9922893179506254,2.359724289429362,,
451,,AK,K222,,HNZ,61.0876,-149.8366,2026-09-12T16:32:00.000000Z,2026-09-12T16:33:00.000000Z,100.0,200.0,60.0,,noise,0,Noise,events:arr_summer_2026.csv,AK,2.0-20.0,6.165130234220819,30.156700867617367,5.614419869103728,31.314514034781066,0.8293259697564809,2.764202515145206,0.7116921748840417,,
452,,AK,K222,,HNZ,61.0876,-149.8366,2026-09-12T16:33:00.000000Z,2026-09-12T16:34:00.000000Z,100.0,200.0,60.0,,noise,0,Noise,events:arr_summer_2026.csv,AK,2.0-20.0,9.321419480424318,62.42830659318149,8.90088080459334,57.69184324548705,0.9118047821919614,4.0062455638047245,2.2320841910165505,,
453,,AK,K222,,HNZ,61.0876,-149.8366,2026-09-12T16:34:00.000000Z,2026-09-12T16:35:00.000000Z,100.0,200.0,60.0,,noise,0,Noise,events:arr_summer_2026.csv,AK,2.0-20.0,20.541103357451636,151.63069441186767,20.134730840577916,156.94623016607173,0.9608246160605713,5.826932172528217,6.518375832301253,,
454,,AK,K222,,HNZ,61.0876,-149.8366,2026-09-12T16:35:00.000000Z,2026-09-12T16:36:00.000000Z,100.0,200.0,60.0,,noise,0,Noise,events:arr_summer_2026.csv,AK,2.0-20.0,13.201365142540595,93.02762231366366,12.655832252655193,85.08170597896516,0.9190597199266516,3.2906034429599296,5.279720942723506,,
455,,AK,K222,,HNZ,61.0876,-149.8366,2026-09-12T16:36:00.000000Z,2026-09-12T16:37:00.000000Z,100.0,200.0,60.0,,noise,0,Noise,events:arr_summer_2026.csv,AK,2.0-20.0,13.3143937213542,77.65547088695234,12.866993635190804,78.70074103641119,0.9339236676649091,5.056045880341991,2.0054197757197993,,
456,,AK,K222,,HNZ,61.0876,-149.8366,2026-09-12T16:37:00.000000Z,2026-09-12T16:38:00.000000Z,100.0,200.0,60.0,,noise,0,Noise,events:arr_summer_2026.csv,AK,2.0-20.0,10.820257822961013,72.67775657802461,10.42787234588788,69.23547222187744,0.9287871405099128,4.601663014180147,2.4167914712599083,,
457,,AK,K222,,HNZ,61.0876,-149.8366,2026-09-12T16:38:00.000000Z,2026-09-12T16:39:00.000000Z,100.0,200.0,60.0,,noise,0,Noise,events:arr_summer_2026.csv,AK,2.0-20.0,7.292076668482342,85.38517996696663,6.944512540420998,93.17169654348616,0.90694527108894,5.782191632971907,23.084782608924613,,
458,,AK,K222,,HNZ,61.0876,-149.8366,2026-09-12T16:39:00.000000Z,2026-09-12T16:40:00.000000Z,100.0,200.0,60.0,,noise,0,Noise,events:arr_summer_2026.csv,AK,2.0-20.0,10.22509775033513,76.6165922454026,9.690378119816044,83.75763081827618,0.8981451111308223,3.2099556583895232,5.377393900175894,,
459,,AK,K222,,HNZ,61.0876,-149.8366,2026-09-12T16:40:00.000000Z,2026-09-12T16:41:00.000000Z,100.0,200.0,60.0,,noise,0,Noise,events:arr_summer_2026.csv,AK,2.0-20.0,17.612657401929035,121.50356111109159,17.112100283508106,123.53866039291049,0.9439671011769616,5.091786621668348,7.004197717010451,,
460,,AK,K222,,HNZ,61.0876,-149.8366,2026-09-12T16:41:00.000000Z,2026-09-12T16:42:00.000000Z,100.0,200.0,60.0,,noise,0,Noise,events:arr_summer_2026.csv,AK,2.0-20.0,10.800042153870384,103.94597827333173,10.44046355333872,116.82788420475435,0.9345201329243621,6.456112767982973,16.637525617328706,,
461,,AK,K222,,HNZ,61.0876,-149.8366,2026-09-12T16:42:00.000000Z,2026-09-12T16:43:00.000000Z,100.0,200.0,60.0,,noise,0,Noise,events:arr_summer_2026.csv,AK,2.0-20.0,7.650879088182031,97.41818596469824,7.31471358812285,85.7409367376715,0.9140542542648362,4.759019404014773,14.277093015001608,,
462,,AK,K222,,HNZ,61.0876,-149.8366,2026-09-12T16:43:00.000000Z,2026-09-12T16:44:00.000000Z,100.0,200.0,60.0,,noise,0,Noise,events:arr_summer_2026.csv,AK,2.0-20.0,10.489365324030254,128.12211007782673,10.139892017103108,111.01415720941,0.9344761842405382,6.821956088544987,17.717178374622424,,
463,,AK,K222,,HNZ,61.0876,-149.8366,2026-09-12T16:44:00.000000Z,2026-09-12T16:45:00.000000Z,100.0,200.0,60.0,,noise,0,Noise,events:arr_summer_2026.csv,AK,2.0-20.0,25.10096061094524,240.09451097908095,24.725444788797674,219.19865172106705,0.9703033737395483,7.013974913894097,7.417077331408672,,
464,,AK,K222,,HNZ,61.0876,-149.8366,2026-09-12T16:45:00.000000Z,2026-09-12T16:46:00.000000Z,100.0,200.0,60.0,,noise,0,Noise,events:arr_summer_2026.csv,AK,2.0-20.0,15.09968325656694,124.3239501298504,14.697034929121015,126.95570905085239,0.9473790531590103,3.4907387228099633,4.200160214813313,,
465,,AK,K222,,HNZ,61.0876,-149.8366,2026-09-12T16:46:00.000000Z,2026-09-12T16:47:00.000000Z,100.0,200.0,60.0,,noise,0,Noise,events:arr_summer_2026.csv,AK,2.0-20.0,16.1992510113899,158.15405640598738,15.863118644482933,140.4362172371346,0.9589308153733253,6.2848970085952125,8.861542589955008,,
466,,AK,K222,,HNZ,61.0876,-149.8366,2026-09-12T16:47:00.000000Z,2026-09-12T16:48:00.000000Z,100.0,200.0,60.0,,noise,0,Noise,events:arr_summer_2026.csv,AK,2.0-20.0,8.784724347075143,73.24324991782125,8.3469843442639,68.31968543649865,0.9028236370720082,4.671303637659364,4.407735725346813,,
467,,AK,K222,,HNZ,61.0876,-149.8366,2026-09-12T16:48:00.000000Z,2026-09-12T16:49:00.000000Z,100.0,200.0,60.0,,noise,0,Noise,events:arr_summer_2026.csv,AK,2.0-20.0,15.170872553845163,84.08393417163394,14.590954792643691,85.02759359472746,0.9250097358983892,4.966212558477301,3.973060997932496,,
468,,AK,K222,,HNZ,61.0876,-149.8366,2026-09-12T16:49:00.000000Z,2026-09-12T16:50:00.000000Z,100.0,200.0,60.0,,noise,0,Noise,events:arr_summer_2026.csv,AK,2.0-20.0,11.132167183520146,80.45725017001295,10.786001646422848,77.17161223772095,0.9387750192939159,5.667637343888483,4.940902887663317,,
469,,AK,K222,,HNZ,61.0876,-149.8366,2026-09-12T16:50:00.000000Z,2026-09-12T16:51:00.000000Z,100.0,200.0,60.0,,noise,0,Noise,events:arr_summer_2026.csv,AK,2.0-20.0,15.399064464558105,90.8692143790385,14.942941000861726,85.45843436945827,0.9416369443452591,6.5336629019334245,2.8412026724316455,,
470,,AK,K222,,HNZ,61.0876,-149.8366,2026-09-12T16:51:00.000000Z,2026-09-12T16:52:00.000000Z,100.0,200.0,60.0,,noise,0,Noise,events:arr_summer_2026.csv,AK,2.0-20.0,31.594829419671136,376.65189056651616,30.909360557156706,338.7678517674169,0.9570794940210722,6.103685435080505,11.395903475302326,,
471,,AK,K222,,HNZ,61.0876,-149.8366,2026-09-12T16:52:00.000000Z,2026-09-12T16:53:00.000000Z,100.0,200.0,60.0,,noise,0,Noise,events:arr_summer_2026.csv,AK,2.0-20.0,20.183445405047944,143.19494797161244,19.318280415196188,127.79631753333629,0.9161072562320812,6.8822897765452336,5.387469798205686,,
472,,AK,K222,,HNZ,61.0876,-149.8366,2026-09-12T16:53:00.000000Z,2026-09-12T16:54:00.000000Z,100.0,200.0,60.0,,noise,0,Noise,events:arr_summer_2026.csv,AK,2.0-20.0,11.550008277685693,103.62451021623602,11.098997100047619,101.76213549389806,0.9234276723000324,6.345147219293946,10.328743669745698,,
473,,AK,K222,,HNZ,61.0876,-149.8366,2026-09-12T16:54:00.000000Z,2026-09-12T16:55:00.000000Z,100.0,200.0,60.0,,noise,0,Noise,events:arr_summer_2026.csv,AK,2.0-20.0,16.703172177966717,81.8992194499605,14.71452084267013,82.57082461699764,0.7760582734002626,5.366735553079699,2.634389249138499,,
474,,AK,K222,,HNZ,61.0876,-149.8366,2026-09-12T16:55:00.000000Z,2026-09-12T16:56:00.000000Z,100.0,200.0,60.0,,noise,0,Noise,events:arr_summer_2026.csv,AK,2.0-20.0,12.436658963673306,105.60774663518583,12.054848977240956,103.43626407765775,0.9395417797819331,4.9014272632533045,7.8668579904995575,,
475,,AK,K222,,HNZ,61.0876,-149.8366,2026-09-12T16:56:00.000000Z,2026-09-12T16:57:00.000000Z,100.0,200.0,60.0,,noise,0,Noise,events:arr_summer_2026.csv,AK,2.0-20.0,25.722456232779685,257.96118078325213,25.138229942454018,271.1532289300849,0.9550904774822621,5.953594199795389,17.633736383324713,,
476,,AK,K222,,HNZ,61.0876,-149.8366,2026-09-12T16:57:00.000000Z,2026-09-12T16:58:00.000000Z,100.0,200.0,60.0,,noise,0,Noise,events:arr_summer_2026.csv,AK,2.0-20.0,25.117952322517578,291.3073884926382,24.444633847816945,295.0066566768819,0.9471060467354797,5.058767479165303,26.345146590719256,,
477,,AK,K222,,HNZ,61.0876,-149.8366,2026-09-12T16:58:00.000000Z,2026-09-12T16:59:00.000000Z,100.0,200.0,60.0,,noise,0,Noise,events:arr_summer_2026.csv,AK,2.0-20.0,18.273766514457147,98.11348787532637,17.7659981557823,107.61365390407391,0.945198627206163,3.8028780889359726,3.591597825683941,,
478,,AK,K222,,HNZ,61.0876,-149.8366,2026-09-12T16:59:00.000000Z,2026-09-12T17:00:00.000000Z,100.0,200.0,60.0,,noise,0,Noise,events:arr_summer_2026.csv,AK,2.0-20.0,10.757202113432806,64.51394706603823,10.098742843033593,63.85824839067982,0.8813247565288604,2.6912868574169453,1.3638165473125659,,
479,,AK,K222,,HNZ,61.0876,-149.8366,2026-09-12T17:00:00.000000Z,2026-09-12T17:01:00.000000Z,100.0,200.0,60.0,,noise,0,Noise,events:arr_summer_2026.csv,AK,2.0-20.0,12.354671440650101,102.26948732093705,11.965512639279064,92.86233932572883,0.9379943428962648,4.96021438275278,4.379450069552961,,
480,,AK,K222,,HNZ,61.0876,-149.8366,2026-09-12T17:01:00.000000Z,2026-09-12T17:02:00.000000Z,100.0,200.0,60.0,,noise,0,Noise,events:arr_summer_2026.csv,AK,2.0-20.0,13.432496981002144,193.08757217420563,13.087091118099526,191.05373450712904,0.9492328274750099,6.958624683297803,25.502632765255584,,
481,,AK,K222,,HNZ,61.0876,-149.8366,2026-09-12T17:02:00.000000Z,2026-09-12T17:03:00.000000Z,100.0,200.0,60.0,,noise,0,Noise,events:arr_summer_2026.csv,AK,2.0-20.0,13.505866165741079,85.34338191040409,13.114953479564225,81.75838424724935,0.9429499139065093,4.581534155299652,3.6981653734745015,,
482,,AK,K222,,HNZ,61.0876,-149.8366,2026-09-12T17:03:00.000000Z,2026-09-12T17:04:00.000000Z,100.0,200.0,60.0,,noise,0,Noise,events:arr_summer_2026.csv,AK,2.0-20.0,17.353635369406494,137.76054974476918,16.93954848081636,162.43161850924497,0.9528460203834441,5.209021812736227,7.336397530894411,,
483,,AK,K222,,HNZ,61.0876,-149.8366,2026-09-12T17:04:00.000000Z,2026-09-12T17:05:00.000000Z,100.0,200.0,60.0,,noise,0,Noise,events:arr_summer_2026.csv,AK,2.0-20.0,12.495106537465018,94.86602151090027,12.047130091345444,91.2750671805759,0.9295810747656961,5.147243686779773,5.856223288149222,,
484,,AK,K222,,HNZ,61.0876,-149.8366,2026-09-12T17:05:00.000000Z,2026-09-12T17:06:00.000000Z,100.0,200.0,60.0,,noise,0,Noise,events:arr_summer_2026.csv,AK,2.0-20.0,17.12723283127103,148.04665723893433,16.720758786215352,132.7654938605885,0.9530980044775421,5.653051922799948,7.06477405929402,,
485,,AK,K222,,HNZ,61.0876,-149.8366,2026-09-12T17:06:00.000000Z,2026-09-12T17:07:00.000000Z,100.0,200.0,60.0,,noise,0,Noise,events:arr_summer_2026.csv,AK,2.0-20.0,23.636608724053172,229.3396694744317,23.147873611956964,225.44987415317203,0.9590734593165454,6.292048372253253,17.06185036047775,,
486,,AK,K222,,HNZ,61.0876,-149.8366,2026-09-12T17:07:00.000000Z,2026-09-12T17:08:00.000000Z,100.0,200.0,60.0,,noise,0,Noise,events:arr_summer_2026.csv,AK,2.0-20.0,9.030186898966319,81.44012569775785,8.66918866789389,72.4870170356129,0.921644490223138,4.911572609521709,6.448094489361983,,
487,,AK,K222,,HNZ,61.0876,-149.8366,2026-09-12T17:08:00.000000Z,2026-09-12T17:09:00.000000Z,100.0,200.0,60.0,,noise,0,Noise,events:arr_summer_2026.csv,AK,2.0-20.0,8.133832826644158,100.14352964609199,7.632422519317067,99.05187328932001,0.8805100638642356,5.5217409982555825,15.888467501643095,,
488,,AK,K222,,HNZ,61.0876,-149.8366,2026-09-12T17:09:00.000000Z,2026-09-12T17:10:00.000000Z,100.0,200.0,60.0,,noise,0,Noise,events:arr_summer_2026.csv,AK,2.0-20.0,9.97503036076355,92.62551415803227,9.450430773054677,80.23787961823064,0.8975832878613349,7.159758531930077,9.623239728698492,,
489,,AK,K222,,HNZ,61.0876,-149.8366,2026-09-12T17:10:00.000000Z,2026-09-12T17:11:00.000000Z,100.0,200.0,60.0,,noise,0,Noise,events:arr_summer_2026.csv,AK,2.0-20.0,17.263272399242002,105.23288467727177,16.751954609724677,109.6000877475638,0.941639630932947,6.034715161669187,2.8999142486223937,,
490,,AK,K222,,HNZ,61.0876,-149.8366,2026-09-12T17:11:00.000000Z,2026-09-12T17:12:00.000000Z,100.0,200.0,60.0,,noise,0,Noise,events:arr_summer_2026.csv,AK,2.0-20.0,14.72828982002753,169.46683248325797,14.380724282899655,147.60755499365985,0.9533598905533333,3.967911121893068,16.114501742786416,,
491,,AK,K222,,HNZ,61.0876,-149.8366,2026-09-12T17:12:00.000000Z,2026-09-12T17:13:00.000000Z,100.0,200.0,60.0,,noise,0,Noise,events:arr_summer_2026.csv,AK,2.0-20.0,11.302608882236235,97.34777310617002,10.911664308676126,98.35202376749021,0.9320186321151827,7.91621640105113,10.07943636310591,,
492,,AK,K222,,HNZ,61.0876,-149.8366,2026-09-12T17:13:00.000000Z,2026-09-12T17:14:00.000000Z,100.0,200.0,60.0,,noise,0,Noise,events:arr_summer_2026.csv,AK,2.0-20.0,10.422358833095705,60.179009098022405,10.11863757835139,62.72248077466061,0.942566583828042,5.782574995107917,4.063807374762617,,
493,,AK,K222,,HNZ,61.0876,-149.8366,2026-09-12T17:14:00.000000Z,2026-09-12T17:15:00.000000Z,100.0,200.0,60.0,,noise,0,Noise,events:arr_summer_2026.csv,AK,2.0-20.0,8.443059021109477,59.71546511808118,8.08868970730028,63.17482430451381,0.9178182750041121,5.710921493888101,6.532520934791577,,
494,,AK,K222,,HNZ,61.0876,-149.8366,2026-09-12T17:15:00.000000Z,2026-09-12T17:16:00.000000Z,100.0,200.0,60.0,,noise,0,Noise,events:arr_summer_2026.csv,AK,2.0-20.0,10.99880982071084,119.1515072027497,10.7361390810264,119.9909338274381,0.9528068533810098,7.161685762840743,12.958913057955495,,
495,,AK,K222,,HNZ,61.0876,-149.8366,2026-09-12T17:16:00.000000Z,2026-09-12T17:17:00.000000Z,100.0,200.0,60.0,,noise,0,Noise,events:arr_summer_2026.csv,AK,2.0-20.0,12.681638735844677,93.1636289681823,12.345251673358508,101.28915087824936,0.947652563124414,5.8618643408589595,6.46374378009622,,
496,,AK,K222,,HNZ,61.0876,-149.8366,2026-09-12T17:17:00.000000Z,2026-09-12T17:18:00.000000Z,100.0,200.0,60.0,,noise,0,Noise,events:arr_summer_2026.csv,AK,2.0-20.0,11.486381911092145,82.27338920111157,11.195395183142264,87.65663036327084,0.9499753849858671,4.121325183098367,5.905292817834253,,
497,,AK,K222,,HNZ,61.0876,-149.8366,2026-09-12T17:18:00.000000Z,2026-09-12T17:19:00.000000Z,100.0,200.0,60.0,,noise,0,Noise,events:arr_summer_2026.csv,AK,2.0-20.0,11.8191813734691,81.87940167324676,11.034145853616797,90.88276329053554,0.8715707486278205,4.6680113580940255,3.861377820030203,,
498,,AK,K222,,HNZ,61.0876,-149.8366,2026-09-12T17:19:00.000000Z,2026-09-12T17:20:00.000000Z,100.0,200.0,60.0,,noise,0,Noise,events:arr_summer_2026.csv,AK,2.0-20.0,329.2638473888803,2065.8066017104265,303.43360379530253,2144.072782317202,0.8492572306201089,8.712408986908711,6.478523265676499,,
499,,AK,K222,,HNZ,61.0876,-149.8366,2026-09-12T17:20:00.000000Z,2026-09-12T17:21:00.000000Z,100.0,200.0,60.0,,noise,0,Noise,events:arr_summer_2026.csv,AK,2.0-20.0,26.684199694211692,233.8133150359079,23.85492711639246,191.59838678539586,0.7991859198560577,2.935080784524591,3.935300397305503,,
500,,AK,K222,,HNZ,61.0876,-149.8366,2026-09-12T17:21:00.000000Z,2026-09-12T17:22:00.000000Z,100.0,200.0,60.0,,noise,0,Noise,events:arr_summer_2026.csv,AK,2.0-20.0,14.528960544484947,107.03438729363549,13.702644940194602,106.01259490092075,0.8894872358013589,4.506785707066924,5.021679571570344,,
501,,AK,K222,,HNZ,61.0876,-149.8366,2026-09-12T17:22:00.000000Z,2026-09-12T17:23:00.000000Z,100.0,200.0,60.0,,noise,0,Noise,events:arr_summer_2026.csv,AK,2.0-20.0,9.919544709796018,75.04844019590148,9.521300108488413,76.11881547177485,0.9213168836713075,4.445030092164092,4.634566707533002,,
502,,AK,K222,,HNZ,61.0876,-149.8366,2026-09-12T17:23:00.000000Z,2026-09-12T17:24:00.000000Z,100.0,200.0,60.0,,noise,0,Noise,events:arr_summer_2026.csv,AK,2.0-20.0,12.839877488280793,86.33594833225102,12.47387696455813,85.14594374903163,0.9438025628809604,4.308079255503632,3.4537358652008647,,
503,,AK,K222,,HNZ,61.0876,-149.8366,2026-09-12T17:27:00.000000Z,2026-09-12T17:28:00.000000Z,100.0,200.0,60.0,,noise,0,Noise,events:arr_summer_2026.csv,AK,2.0-20.0,14.723345202836374,96.03052588122105,14.332962650672895,94.23112479649626,0.9476739637283711,4.00369656716629,4.794005848641511,,
504,,AK,K222,,HNZ,61.0876,-149.8366,2026-09-12T17:28:00.000000Z,2026-09-12T17:29:00.000000Z,100.0,200.0,60.0,,noise,0,Noise,events:arr_summer_2026.csv,AK,2.0-20.0,10.745724489200965,84.93645582391177,9.995440998970487,76.48606403726079,0.8652318881602582,3.954723096947102,4.30942098817656,,
505,,AK,K222,,HNZ,61.0876,-149.8366,2026-09-12T17:29:00.000000Z,2026-09-12T17:30:00.000000Z,100.0,200.0,60.0,,noise,0,Noise,events:arr_summer_2026.csv,AK,2.0-20.0,9.361855311824863,49.2060393031719,8.833315123523844,52.751425390053896,0.8902738115214681,3.670389534836308,3.0452900296126666,,
506,,AK,K222,,HNZ,61.0876,-149.8366,2026-09-12T17:30:00.000000Z,2026-09-12T17:31:00.000000Z,100.0,200.0,60.0,,noise,0,Noise,events:arr_summer_2026.csv,AK,2.0-20.0,15.986536934029504,109.07213718333762,15.632393430853803,100.34890980973753,0.9561855199372277,5.66876613223047,4.833843000246917,,
507,,AK,K222,,HNZ,61.0876,-149.8366,2026-09-12T17:31:00.000000Z,2026-09-12T17:32:00.000000Z,100.0,200.0,60.0,,noise,0,Noise,events:arr_summer_2026.csv,AK,2.0-20.0,33.89590829039053,280.7600160967325,33.07334269947513,296.23805685404807,0.9520541052018973,5.4037626840514825,7.560400601198419,,
508,,AK,K222,,HNZ,61.0876,-149.8366,2026-09-12T17:32:00.000000Z,2026-09-12T17:33:00.000000Z,100.0,200.0,60.0,,noise,0,Noise,events:arr_summer_2026.csv,AK,2.0-20.0,14.730755476560168,97.8058545889745,14.035187215687516,97.57290186508553,0.9077920585154413,4.32954888143084,6.23773828912357,,
509,,AK,K222,,HNZ,61.0876,-149.8366,2026-09-12T17:33:00.000000Z,2026-09-12T17:34:00.000000Z,100.0,200.0,60.0,,noise,0,Noise,events:arr_summer_2026.csv,AK,2.0-20.0,8.579398225384068,82.30388057657635,8.010620240503396,84.59990649470909,0.8718035513790102,6.011090410802568,12.164978230626472,,
510,,AK,K222,,HNZ,61.0876,-149.8366,2026-09-12T17:35:00.000000Z,2026-09-12T17:36:00.000000Z,100.0,200.0,60.0,,noise,0,Noise,events:arr_summer_2026.csv,AK,2.0-20.0,12.676423968068274,112.78336416263569,11.87092625319725,113.04677816326273,0.8769517561881547,4.132010303728858,11.141064343104972,,
511,,AK,K222,,HNZ,61.0876,-149.8366,2026-09-12T17:36:00.000000Z,2026-09-12T17:37:00.000000Z,100.0,200.0,60.0,,noise,0,Noise,events:arr_summer_2026.csv,AK,2.0-20.0,12.01782722933007,137.50020499959297,11.365804412142326,128.3441313144217,0.8944342974072367,7.230293326202238,14.55444435339481,,
512,,AK,K222,,HNZ,61.0876,-149.8366,2026-09-12T17:37:00.000000Z,2026-09-12T17:38:00.000000Z,100.0,200.0,60.0,,noise,0,Noise,events:arr_summer_2026.csv,AK,2.0-20.0,15.324235855944217,115.73235781226259,14.672329513649357,118.29372010019152,0.9167279835088061,6.330576000495115,5.468086386095644,,
513,,AK,K222,,HNZ,61.0876,-149.8366,2026-09-12T17:38:00.000000Z,2026-09-12T17:39:00.000000Z,100.0,200.0,60.0,,noise,0,Noise,events:arr_summer_2026.csv,AK,2.0-20.0,10.696526298243704,86.01992481107577,10.372575208535805,75.73921912807046,0.9403459499645115,4.112946405366697,6.867887514305215,,
514,,AK,K222,,HNZ,61.0876,-149.8366,2026-09-12T17:39:00.000000Z,2026-09-12T17:40:00.000000Z,100.0,200.0,60.0,,noise,0,Noise,events:arr_summer_2026.csv,AK,2.0-20.0,28.05645998049273,243.6105963888425,27.508395500250572,229.9141451873718,0.9613129068197344,5.357157989357634,10.778611043755854,,
515,,AK,K222,,HNZ,61.0876,-149.8366,2026-09-12T17:40:00.000000Z,2026-09-12T17:41:00.000000Z,100.0,200.0,60.0,,noise,0,Noise,events:arr_summer_2026.csv,AK,2.0-20.0,9.779024610690566,70.97861374253257,9.273970496330639,63.61045475131179,0.899374027394853,3.9506585538747125,5.393123836560548,,
516,,AK,K222,,HNZ,61.0876,-149.8366,2026-09-12T17:41:00.000000Z,2026-09-12T17:42:00.000000Z,100.0,200.0,60.0,,noise,0,Noise,events:arr_summer_2026.csv,AK,2.0-20.0,14.399248220639548,134.800176543183,13.99085419817922,124.81883618542778,0.9440800596564479,6.186043248518992,6.840040504331652,,
517,,AK,K222,,HNZ,61.0876,-149.8366,2026-09-12T17:42:00.000000Z,2026-09-12T17:43:00.000000Z,100.0,200.0,60.0,,noise,0,Noise,events:arr_summer_2026.csv,AK,2.0-20.0,27.281210253779854,424.8220190775557,25.668486124291142,360.17223725663206,0.8852649015296501,5.978605270704355,25.169685797337326,,
518,,AK,K222,,HNZ,61.0876,-149.8366,2026-09-12T17:43:00.000000Z,2026-09-12T17:44:00.000000Z,100.0,200.0,60.0,,noise,0,Noise,events:arr_summer_2026.csv,AK,2.0-20.0,8.34332031541891,69.17919767321843,7.824269252015011,67.4947046451701,0.8794471377404015,5.730725024186558,8.361875598714775,,
519,,AK,K222,,HNZ,61.0876,-149.8366,2026-09-12T17:44:00.000000Z,2026-09-12T17:45:00.000000Z,100.0,200.0,60.0,,noise,0,Noise,events:arr_summer_2026.csv,AK,2.0-20.0,24.79381131755475,170.07682986582827,24.16461662159016,173.30907275885463,0.9498898234017474,6.901994607989357,6.227929873795512,,
520,,AK,K222,,HNZ,61.0876,-149.8366,2026-09-12T17:45:00.000000Z,2026-09-12T17:46:00.000000Z,100.0,200.0,60.0,,noise,0,Noise,events:arr_summer_2026.csv,AK,2.0-20.0,19.10233741364244,161.33009064607322,18.600610461944814,163.582837582529,0.9481594363589603,7.221904278547,9.020111742155025,,
521,,AK,K222,,HNZ,61.0876,-149.8366,2026-09-12T17:46:00.000000Z,2026-09-12T17:47:00.000000Z,100.0,200.0,60.0,,noise,0,Noise,events:arr_summer_2026.csv,AK,2.0-20.0,22.47577981540285,203.45990676446488,22.187740598370212,219.47381964027275,0.9745331614231507,7.460057248879449,13.764267181076335,,
522,,AK,K222,,HNZ,61.0876,-149.8366,2026-09-12T17:50:00.000000Z,2026-09-12T17:51:00.000000Z,100.0,200.0,60.0,,noise,0,Noise,events:arr_summer_2026.csv,AK,2.0-20.0,13.530452372071094,105.1152530902502,13.253408274656145,117.57596458166563,0.9594680549986523,6.061953995804847,9.1937141876703,,
523,,AK,K222,,HNZ,61.0876,-149.8366,2026-09-12T17:51:00.000000Z,2026-09-12T17:52:00.000000Z,100.0,200.0,60.0,,noise,0,Noise,events:arr_summer_2026.csv,AK,2.0-20.0,13.30008598486853,84.4290852520249,13.05849649346652,86.93623616247633,0.9640009373181838,4.537001215637002,5.182730305065284,,
524,,AK,K222,,HNZ,61.0876,-149.8366,2026-09-12T17:52:00.000000Z,2026-09-12T17:53:00.000000Z,100.0,200.0,60.0,,noise,0,Noise,events:arr_summer_2026.csv,AK,2.0-20.0,13.336299117874706,75.85803064264158,13.043050997777193,86.32619689423846,0.9565060677734166,6.0443839219736475,2.260316140249097,,
525,,AK,K222,,HNZ,61.0876,-149.8366,2026-09-12T17:53:00.000000Z,2026-09-12T17:54:00.000000Z,100.0,200.0,60.0,,noise,0,Noise,events:arr_summer_2026.csv,AK,2.0-20.0,10.950495738365918,104.22771240292234,10.740356635219833,94.90247193226554,0.9619884191262065,6.462810485867002,7.863739296223562,,
526,,AK,K222,,HNZ,61.0876,-149.8366,2026-09-12T17:54:00.000000Z,2026-09-12T17:55:00.000000Z,100.0,200.0,60.0,,noise,0,Noise,events:arr_summer_2026.csv,AK,2.0-20.0,9.538969100312642,60.544618855135795,9.321538045024155,63.94712182225687,0.9549316087214342,4.263020358653179,4.737744276514787,,
527,,AK,K222,,HNZ,61.0876,-149.8366,2026-09-12T17:55:00.000000Z,2026-09-12T17:56:00.000000Z,100.0,200.0,60.0,,noise,0,Noise,events:arr_summer_2026.csv,AK,2.0-20.0,16.277703445720604,99.21570665360963,15.942986718084557,103.07741186638957,0.9592970401428088,4.555550364324667,4.448049081396592,,
528,,AK,K222,,HNZ,61.0876,-149.8366,2026-09-12T17:56:00.000000Z,2026-09-12T17:57:00.000000Z,100.0,200.0,60.0,,noise,0,Noise,events:arr_summer_2026.csv,AK,2.0-20.0,10.374840344507799,79.44815978166328,10.072496491522532,83.53182906798978,0.942565208314587,5.199312249936892,4.096772367535148,,
529,,AK,K222,,HNZ,61.0876,-149.8366,2026-09-12T17:57:00.000000Z,2026-09-12T17:58:00.000000Z,100.0,200.0,60.0,,noise,0,Noise,events:arr_summer_2026.csv,AK,2.0-20.0,17.240598752272398,141.68740446159325,16.83724439453973,134.9636538944677,0.9537561308107598,3.9896922608313563,8.52606902641105,,
530,,AK,K222,,HNZ,61.0876,-149.8366,2026-09-12T17:58:00.000000Z,2026-09-12T17:59:00.000000Z,100.0,200.0,60.0,,noise,0,Noise,events:arr_summer_2026.csv,AK,2.0-20.0,10.242180934725877,86.21338407702497,9.973267545030186,97.37348243062337,0.9481783877567111,6.246660663025962,7.933310300528806,,
531,,AK,K222,,HNZ,61.0876,-149.8366,2026-09-12T17:59:00.000000Z,2026-09-12T18:00:00.000000Z,100.0,200.0,60.0,,noise,0,Noise,events:arr_summer_2026.csv,AK,2.0-20.0,4.374910752282245,22.287299122592536,4.05536986345992,22.37449973792145,0.859255940213112,4.140982199976999,1.2839784869752995,,
532,glacier_discovery_out_2026-09-12,AK,K222,,HNZ,61.0876,-149.8366,2026-09-12T18:03:00.000000Z,2026-09-12T18:04:00.000000Z,100.0,200.0,60.0,,train,4,Train,"events:search900s,rms>=3x",AK,2.0-20.0,226.6578077191653,1660.324950577175,205.70120786053016,1717.3858945906695,0.8236303013970289,6.8940370788284175,11.314874147219486,,
533,glacier_discovery_out_2026-09-12,AK,K222,,HNZ,61.0876,-149.8366,2026-09-12T18:04:00.000000Z,2026-09-12T18:05:00.000000Z,100.0,200.0,60.0,,train,4,Train,"events:search900s,rms>=3x",AK,2.0-20.0,89.49657690866599,878.633771961971,82.03149117634523,724.3537921125037,0.8401336178840373,3.195737962315162,11.87148039370708,,
534,,AK,K222,,HNZ,61.0876,-149.8366,2026-09-12T18:31:00.000000Z,2026-09-12T18:32:00.000000Z,100.0,200.0,60.0,,noise,0,Noise,events:arr_summer_2026.csv,AK,2.0-20.0,12.28846916421944,69.14762371957431,11.630494508287416,56.78232595722923,0.8957788269992799,3.9163007568036736,1.878025030093056,,
535,,AK,K222,,HNZ,61.0876,-149.8366,2026-09-12T18:32:00.000000Z,2026-09-12T18:33:00.000000Z,100.0,200.0,60.0,,noise,0,Noise,events:arr_summer_2026.csv,AK,2.0-20.0,14.523046866164846,145.7967183818976,14.018713928971541,159.60639945831448,0.9317531491106004,7.821258237647815,11.03921244612256,,
536,,AK,K222,,HNZ,61.0876,-149.8366,2026-09-12T18:33:00.000000Z,2026-09-12T18:34:00.000000Z,100.0,200.0,60.0,,noise,0,Noise,events:arr_summer_2026.csv,AK,2.0-20.0,20.14470354708347,126.97634546637684,19.717062928207582,111.7432647821891,0.9579937678009117,3.2388885207450535,3.5218532393211737,,
537,,AK,K222,,HNZ,61.0876,-149.8366,2026-09-12T18:34:00.000000Z,2026-09-12T18:35:00.000000Z,100.0,200.0,60.0,,noise,0,Noise,events:arr_summer_2026.csv,AK,2.0-20.0,12.74666845723937,77.40794763863835,12.224407956519176,79.59699588394125,0.9197341027799094,3.351169159216493,1.9159071504258254,,
538,,AK,K222,,HNZ,61.0876,-149.8366,2026-09-12T18:35:00.000000Z,2026-09-12T18:36:00.000000Z,100.0,200.0,60.0,,noise,0,Noise,events:arr_summer_2026.csv,AK,2.0-20.0,12.791327396233944,88.40979563481784,12.225242439868968,82.29495848891729,0.9134477933425249,3.9336961197602553,3.595629348106802,,
539,,AK,K222,,HNZ,61.0876,-149.8366,2026-09-12T18:36:00.000000Z,2026-09-12T18:37:00.000000Z,100.0,200.0,60.0,,noise,0,Noise,events:arr_summer_2026.csv,AK,2.0-20.0,11.176308597712046,79.11515798013117,10.767842097520107,74.06229653766344,0.9282406573926899,4.008254758262872,3.4377349818726834,,
540,,AK,K222,,HNZ,61.0876,-149.8366,2026-09-12T18:37:00.000000Z,2026-09-12T18:38:00.000000Z,100.0,200.0,60.0,,noise,0,Noise,events:arr_summer_2026.csv,AK,2.0-20.0,12.773653211110153,106.01459268461572,12.380764274740008,114.00691066171545,0.9394305233544163,5.128170206485709,6.781326279560547,,
541,,AK,K222,,HNZ,61.0876,-149.8366,2026-09-12T18:38:00.000000Z,2026-09-12T18:39:00.000000Z,100.0,200.0,60.0,,noise,0,Noise,events:arr_summer_2026.csv,AK,2.0-20.0,14.490742806135323,109.78903000662847,14.188864356432552,87.68352996389653,0.9587689862728445,3.1884977780549386,3.463645734526761,,
542,,AK,K222,,HNZ,61.0876,-149.8366,2026-09-12T18:39:00.000000Z,2026-09-12T18:40:00.000000Z,100.0,200.0,60.0,,noise,0,Noise,events:arr_summer_2026.csv,AK,2.0-20.0,14.816737821131513,106.21670073322306,14.234424048145467,88.6085094182815,0.9229424181909207,4.779523669058532,3.537439984903334,,
543,,AK,K222,,HNZ,61.0876,-149.8366,2026-09-12T18:40:00.000000Z,2026-09-12T18:41:00.000000Z,100.0,200.0,60.0,,noise,0,Noise,events:arr_summer_2026.csv,AK,2.0-20.0,20.785944232584196,142.14516691776032,20.254879964950952,140.64942107921217,0.9495543596285936,6.087194217113426,3.896203722226117,,
544,,AK,K222,,HNZ,61.0876,-149.8366,2026-09-12T18:41:00.000000Z,2026-09-12T18:42:00.000000Z,100.0,200.0,60.0,,noise,0,Noise,events:arr_summer_2026.csv,AK,2.0-20.0,14.64411375946544,113.6510415885581,14.253847012388782,121.67739525874686,0.9474100742272102,3.908200585705462,5.784702558866991,,
545,,AK,K222,,HNZ,61.0876,-149.8366,2026-09-12T18:42:00.000000Z,2026-09-12T18:43:00.000000Z,100.0,200.0,60.0,,noise,0,Noise,events:arr_summer_2026.csv,AK,2.0-20.0,22.191200341539297,178.84949049430716,21.81237870893475,169.71747159250788,0.9661498042562432,7.14267739281702,5.2658060384822445,,
546,,AK,K222,,HNZ,61.0876,-149.8366,2026-09-12T18:43:00.000000Z,2026-09-12T18:44:00.000000Z,100.0,200.0,60.0,,noise,0,Noise,events:arr_summer_2026.csv,AK,2.0-20.0,17.980392441263863,150.2116858880918,17.60138220809497,164.49794171023086,0.9582861564561415,6.65738786131031,11.592661927252808,,
547,,AK,K222,,HNZ,61.0876,-149.8366,2026-09-12T18:44:00.000000Z,2026-09-12T18:45:00.000000Z,100.0,200.0,60.0,,noise,0,Noise,events:arr_summer_2026.csv,AK,2.0-20.0,14.814669623890625,133.84920836889236,14.370863044196922,124.77255715374702,0.940982960648205,7.585195863675197,10.566677536919553,,
548,,AK,K222,,HNZ,61.0876,-149.8366,2026-09-12T18:45:00.000000Z,2026-09-12T18:46:00.000000Z,100.0,200.0,60.0,,noise,0,Noise,events:arr_summer_2026.csv,AK,2.0-20.0,16.41563648960112,133.7039994668492,16.092213008792015,140.36272720306567,0.9609838569970293,5.751926936959263,7.707593764703253,,
549,,AK,K222,,HNZ,61.0876,-149.8366,2026-09-12T18:46:00.000000Z,2026-09-12T18:47:00.000000Z,100.0,200.0,60.0,,noise,0,Noise,events:arr_summer_2026.csv,AK,2.0-20.0,9.733311487091592,130.20128067502938,9.048263635772583,73.799186970872,0.8641900228142889,4.615151918000289,3.2470971892865164,,
550,,AK,K222,,HNZ,61.0876,-149.8366,2026-09-12T18:47:00.000000Z,2026-09-12T18:48:00.000000Z,100.0,200.0,60.0,,noise,0,Noise,events:arr_summer_2026.csv,AK,2.0-20.0,13.083593401709964,75.57512095648048,12.604124479185124,75.14814378129763,0.9280498162079562,3.908828369287111,2.3370711013583154,,
551,,AK,K222,,HNZ,61.0876,-149.8366,2026-09-12T18:48:00.000000Z,2026-09-12T18:49:00.000000Z,100.0,200.0,60.0,,noise,0,Noise,events:arr_summer_2026.csv,AK,2.0-20.0,12.057791119397539,96.16631132825596,11.555875915471809,94.1415643325827,0.9184811068524078,5.686999255191989,8.361161816165259,,
552,,AK,K222,,HNZ,61.0876,-149.8366,2026-09-12T18:49:00.000000Z,2026-09-12T18:50:00.000000Z,100.0,200.0,60.0,,noise,0,Noise,events:arr_summer_2026.csv,AK,2.0-20.0,13.642322653386785,115.83873130967054,13.068620838626181,117.22787355033228,0.9176622834446526,5.155984294470373,5.3701264278456815,,
553,,AK,K222,,HNZ,61.0876,-149.8366,2026-09-12T18:50:00.000000Z,2026-09-12T18:51:00.000000Z,100.0,200.0,60.0,,noise,0,Noise,events:arr_summer_2026.csv,AK,2.0-20.0,16.1858650324207,104.4644063503913,15.721634394060494,109.82713458086806,0.9434601384778589,6.762426986848489,5.850167919068362,,
554,,AK,K222,,HNZ,61.0876,-149.8366,2026-09-12T18:51:00.000000Z,2026-09-12T18:52:00.000000Z,100.0,200.0,60.0,,noise,0,Noise,events:arr_summer_2026.csv,AK,2.0-20.0,15.89052914488841,187.55443137018628,15.310604196633022,218.68096342603204,0.9283418744610338,7.150648328423118,15.726537114512993,,
555,,AK,K222,,HNZ,61.0876,-149.8366,2026-09-12T18:52:00.000000Z,2026-09-12T18:53:00.000000Z,100.0,200.0,60.0,,noise,0,Noise,events:arr_summer_2026.csv,AK,2.0-20.0,12.33679328430747,101.27142405149853,11.972558764425372,113.62209220848226,0.9418231890853398,7.055772452435509,6.73793391565175,,
556,,AK,K222,,HNZ,61.0876,-149.8366,2026-09-12T18:53:00.000000Z,2026-09-12T18:54:00.000000Z,100.0,200.0,60.0,,noise,0,Noise,events:arr_summer_2026.csv,AK,2.0-20.0,9.859849206921217,71.13246619104021,9.481250813521356,73.0936940356617,0.9246784252164801,4.7531482822659905,7.653369756175776,,
557,,AK,K222,,HNZ,61.0876,-149.8366,2026-09-12T18:54:00.000000Z,2026-09-12T18:55:00.000000Z,100.0,200.0,60.0,,noise,0,Noise,events:arr_summer_2026.csv,AK,2.0-20.0,10.80407347969929,90.10423449369108,10.49148171953799,84.28557379132188,0.9429715674969614,5.530872268458147,9.279426571044738,,
558,,AK,K222,,HNZ,61.0876,-149.8366,2026-09-12T18:55:00.000000Z,2026-09-12T18:56:00.000000Z,100.0,200.0,60.0,,noise,0,Noise,events:arr_summer_2026.csv,AK,2.0-20.0,10.24505228619965,47.449519175603676,9.97932405038345,51.41253362690264,0.9487982878281116,3.2127690852569266,2.0412975197906658,,
559,,AK,K222,,HNZ,61.0876,-149.8366,2026-09-12T18:56:00.000000Z,2026-09-12T18:57:00.000000Z,100.0,200.0,60.0,,noise,0,Noise,events:arr_summer_2026.csv,AK,2.0-20.0,11.652174297484713,130.52556851504377,11.343031378305684,131.05816590758943,0.9476420471986312,7.009830727324139,17.397593617689914,,
560,,AK,K222,,HNZ,61.0876,-149.8366,2026-09-12T18:57:00.000000Z,2026-09-12T18:58:00.000000Z,100.0,200.0,60.0,,noise,0,Noise,events:arr_summer_2026.csv,AK,2.0-20.0,14.018156084480399,91.55297203922994,13.720302458358997,89.89752350426788,0.9579560576217206,5.4253713584613035,5.629890201349744,,
561,,AK,K222,,HNZ,61.0876,-149.8366,2026-09-12T18:58:00.000000Z,2026-09-12T18:59:00.000000Z,100.0,200.0,60.0,,noise,0,Noise,events:arr_summer_2026.csv,AK,2.0-20.0,12.671993150830255,102.93823300123019,12.312943577387522,99.3223199680241,0.9441346132010727,4.506106602240168,5.856009058491855,,
562,,AK,K222,,HNZ,61.0876,-149.8366,2026-09-12T18:59:00.000000Z,2026-09-12T19:00:00.000000Z,100.0,200.0,60.0,,noise,0,Noise,events:arr_summer_2026.csv,AK,2.0-20.0,9.690406557437385,122.12777949039032,9.154030315396346,127.0895772093654,0.892361236295536,8.605703838385798,25.698666363750974,,
563,,AK,K222,,HNZ,61.0876,-149.8366,2026-09-12T19:00:00.000000Z,2026-09-12T19:01:00.000000Z,100.0,200.0,60.0,,noise,0,Noise,events:arr_summer_2026.csv,AK,2.0-20.0,14.301559772038592,92.89212944828562,13.876589835388494,89.38475438479344,0.9414531049704798,4.008836118327582,3.2903009691282845,,
564,,AK,K222,,HNZ,61.0876,-149.8366,2026-09-12T19:01:00.000000Z,2026-09-12T19:02:00.000000Z,100.0,200.0,60.0,,noise,0,Noise,events:arr_summer_2026.csv,AK,2.0-20.0,14.724045001181228,126.77142097744195,14.491358095029604,110.93160095668934,0.9686433574146291,6.345878949981709,7.47485774644778,,
565,,AK,K222,,HNZ,61.0876,-149.8366,2026-09-12T19:02:00.000000Z,2026-09-12T19:03:00.000000Z,100.0,200.0,60.0,,noise,0,Noise,events:arr_summer_2026.csv,AK,2.0-20.0,12.7656467860838,72.53996682507193,12.461718745081654,72.1195313280794,0.9529502821589487,4.5988735788395365,2.1107007548178762,,
566,,AK,K222,,HNZ,61.0876,-149.8366,2026-09-12T19:03:00.000000Z,2026-09-12T19:04:00.000000Z,100.0,200.0,60.0,,noise,0,Noise,events:arr_summer_2026.csv,AK,2.0-20.0,10.80194352177112,103.04374192342124,10.36483339291237,88.79218373323974,0.920705731256751,4.966214125645382,4.319547901412228,,
567,,AK,K222,,HNZ,61.0876,-149.8366,2026-09-12T19:04:00.000000Z,2026-09-12T19:05:00.000000Z,100.0,200.0,60.0,,noise,0,Noise,events:arr_summer_2026.csv,AK,2.0-20.0,12.31268334460276,75.200262460623,11.821919444408804,71.5318723539021,0.9218718854423201,4.4299031887101865,2.981179151518875,,
568,,AK,K222,,HNZ,61.0876,-149.8366,2026-09-12T19:05:00.000000Z,2026-09-12T19:06:00.000000Z,100.0,200.0,60.0,,noise,0,Noise,events:arr_summer_2026.csv,AK,2.0-20.0,9.65891074406681,79.94761500067901,9.319341584060489,76.63107711372218,0.9309238456655003,4.792200884494408,4.4234158357670665,,
569,,AK,K222,,HNZ,61.0876,-149.8366,2026-09-12T19:06:00.000000Z,2026-09-12T19:07:00.000000Z,100.0,200.0,60.0,,noise,0,Noise,events:arr_summer_2026.csv,AK,2.0-20.0,14.620630179198743,150.6327006894882,14.365354297161153,137.84965883760412,0.9653848947292576,6.697818461567255,9.926089633412868,,
570,,AK,K222,,HNZ,61.0876,-149.8366,2026-09-12T19:07:00.000000Z,2026-09-12T19:08:00.000000Z,100.0,200.0,60.0,,noise,0,Noise,events:arr_summer_2026.csv,AK,2.0-20.0,18.460378140512827,98.0837064738865,18.140990042746218,103.5079703891472,0.965696782098716,4.846956677190792,1.5893718428136738,,
571,,AK,K222,,HNZ,61.0876,-149.8366,2026-09-12T19:08:00.000000Z,2026-09-12T19:09:00.000000Z,100.0,200.0,60.0,,noise,0,Noise,events:arr_summer_2026.csv,AK,2.0-20.0,14.027213349908115,95.22396567791581,13.622793400827453,85.0851952881402,0.9431690381057916,4.625603566828286,2.963570564324404,,
572,,AK,K222,,HNZ,61.0876,-149.8366,2026-09-12T19:09:00.000000Z,2026-09-12T19:10:00.000000Z,100.0,200.0,60.0,,noise,0,Noise,events:arr_summer_2026.csv,AK,2.0-20.0,21.593431248050795,205.79017501271963,21.2805241171628,210.46199901141853,0.9712282885959778,5.143800262109442,13.446600215385207,,
573,,AK,K222,,HNZ,61.0876,-149.8366,2026-09-12T19:10:00.000000Z,2026-09-12T19:11:00.000000Z,100.0,200.0,60.0,,noise,0,Noise,events:arr_summer_2026.csv,AK,2.0-20.0,25.8059561184944,235.30219399505728,25.237859382923403,212.31233821024085,0.9564562813640339,5.747227816843669,8.354025792867334,,
574,,AK,K222,,HNZ,61.0876,-149.8366,2026-09-12T19:11:00.000000Z,2026-09-12T19:12:00.000000Z,100.0,200.0,60.0,,noise,0,Noise,events:arr_summer_2026.csv,AK,2.0-20.0,13.84650574747851,100.89209156828328,13.453325941978477,86.75530296494767,0.9440151147450212,4.782926392059861,3.847045107088391,,
575,,AK,K222,,HNZ,61.0876,-149.8366,2026-09-12T19:12:00.000000Z,2026-09-12T19:13:00.000000Z,100.0,200.0,60.0,,noise,0,Noise,events:arr_summer_2026.csv,AK,2.0-20.0,22.528595136389058,288.7138149897833,21.734464004742154,274.5462791827198,0.9307427206818369,7.286149337658461,26.75408876286153,,
576,,AK,K222,,HNZ,61.0876,-149.8366,2026-09-12T19:13:00.000000Z,2026-09-12T19:14:00.000000Z,100.0,200.0,60.0,,noise,0,Noise,events:arr_summer_2026.csv,AK,2.0-20.0,21.165342628451093,168.3309694169122,18.941866014930202,152.98072205179906,0.8009306508361729,4.889825000721186,7.002384453528782,,
577,,AK,K222,,HNZ,61.0876,-149.8366,2026-09-12T19:14:00.000000Z,2026-09-12T19:15:00.000000Z,100.0,200.0,60.0,,noise,0,Noise,events:arr_summer_2026.csv,AK,2.0-20.0,16.91959011367911,190.0288271613627,16.369227443686576,177.19778631058242,0.9360018142976855,6.593225516200446,10.041419910435806,,
578,,AK,K222,,HNZ,61.0876,-149.8366,2026-09-12T19:15:00.000000Z,2026-09-12T19:16:00.000000Z,100.0,200.0,60.0,,noise,0,Noise,events:arr_summer_2026.csv,AK,2.0-20.0,26.4938749858092,280.7926128652585,25.516204950657876,279.755292474804,0.9275582621350829,5.037586501394186,8.138853358791541,,
579,,AK,K222,,HNZ,61.0876,-149.8366,2026-09-12T19:16:00.000000Z,2026-09-12T19:17:00.000000Z,100.0,200.0,60.0,,noise,0,Noise,events:arr_summer_2026.csv,AK,2.0-20.0,15.021763949728424,135.0942294580017,13.970493831195895,135.79111058194314,0.8649313711531393,3.8063641316187957,9.26148130182938,,
580,,AK,K222,,HNZ,61.0876,-149.8366,2026-09-12T19:17:00.000000Z,2026-09-12T19:18:00.000000Z,100.0,200.0,60.0,,noise,0,Noise,events:arr_summer_2026.csv,AK,2.0-20.0,14.717397291052505,71.03228845704173,14.059556233746633,74.89078553011763,0.9126015434008977,4.865308001679339,1.7722421054788793,,
581,,AK,K222,,HNZ,61.0876,-149.8366,2026-09-12T19:21:00.000000Z,2026-09-12T19:22:00.000000Z,100.0,200.0,60.0,,noise,0,Noise,events:arr_summer_2026.csv,AK,2.0-20.0,15.160164410477947,107.99924671373442,14.714724683628486,117.06466456664839,0.9420988183949749,3.180697520860534,3.0755072607563196,,
582,,AK,K222,,HNZ,61.0876,-149.8366,2026-09-12T19:22:00.000000Z,2026-09-12T19:23:00.000000Z,100.0,200.0,60.0,,noise,0,Noise,events:arr_summer_2026.csv,AK,2.0-20.0,10.817109445241227,72.72748610847772,10.356638068449298,65.6438003844357,0.9166745012748979,4.055323349957558,2.6981810972648432,,
583,,AK,K222,,HNZ,61.0876,-149.8366,2026-09-12T19:23:00.000000Z,2026-09-12T19:24:00.000000Z,100.0,200.0,60.0,,noise,0,Noise,events:arr_summer_2026.csv,AK,2.0-20.0,20.428332538842184,145.20262776551152,19.993638157530583,157.22072767863514,0.9578948060728874,8.611555877466866,4.618812451896708,,
584,,AK,K222,,HNZ,61.0876,-149.8366,2026-09-12T19:27:00.000000Z,2026-09-12T19:28:00.000000Z,100.0,200.0,60.0,,noise,0,Noise,events:arr_summer_2026.csv,AK,2.0-20.0,17.816040826533765,130.8053742857949,16.35246849456573,118.37337334515132,0.8424502115204603,5.7882564824954095,5.124882375095982,,
585,,AK,K222,,HNZ,61.0876,-149.8366,2026-09-12T19:28:00.000000Z,2026-09-12T19:29:00.000000Z,100.0,200.0,60.0,,noise,0,Noise,events:arr_summer_2026.csv,AK,2.0-20.0,17.306716495960895,115.51593161223595,16.514050375450182,127.35328463112191,0.9104955994676998,5.032444605277878,4.602733532915326,,
586,,AK,K222,,HNZ,61.0876,-149.8366,2026-09-12T19:29:00.000000Z,2026-09-12T19:30:00.000000Z,100.0,200.0,60.0,,noise,0,Noise,events:arr_summer_2026.csv,AK,2.0-20.0,24.945581348150878,194.58833051440885,21.409515754769583,134.38754646615723,0.7365910369285277,3.870751468743344,3.505437628331207,,
587,,AK,K222,,HNZ,61.0876,-149.8366,2026-09-12T19:30:00.000000Z,2026-09-12T19:31:00.000000Z,100.0,200.0,60.0,,noise,0,Noise,events:arr_summer_2026.csv,AK,2.0-20.0,29.920925889177383,331.7222474695005,29.3294278771659,350.90114808733153,0.9608533881080156,6.048822264576131,21.15187337120545,,
588,,AK,K222,,HNZ,61.0876,-149.8366,2026-09-12T19:31:00.000000Z,2026-09-12T19:32:00.000000Z,100.0,200.0,60.0,,noise,0,Noise,events:arr_summer_2026.csv,AK,2.0-20.0,36.98869587121674,389.1815527798001,36.210389928888375,387.27923166961006,0.9583593054773712,7.057679845967174,20.127892072469916,,
589,,AK,K222,,HNZ,61.0876,-149.8366,2026-09-12T19:32:00.000000Z,2026-09-12T19:33:00.000000Z,100.0,200.0,60.0,,noise,0,Noise,events:arr_summer_2026.csv,AK,2.0-20.0,24.61089594409154,148.94513022109138,22.523889588482994,129.89349854739905,0.8375908630244304,4.2446291760885915,2.67512136027908,,
590,,AK,K222,,HNZ,61.0876,-149.8366,2026-09-12T19:33:00.000000Z,2026-09-12T19:34:00.000000Z,100.0,200.0,60.0,,noise,0,Noise,events:arr_summer_2026.csv,AK,2.0-20.0,27.515927939285906,145.39744830857964,23.13933322262998,115.46049052526912,0.7071855102711315,4.130833308963358,1.8948763608923365,,
591,,AK,K222,,HNZ,61.0876,-149.8366,2026-09-12T19:34:00.000000Z,2026-09-12T19:35:00.000000Z,100.0,200.0,60.0,,noise,0,Noise,events:arr_summer_2026.csv,AK,2.0-20.0,22.884455809857347,228.41870134144136,21.523174169010918,193.90836568919468,0.8845684827331688,3.221945386504384,6.6133223859272565,,
592,,AK,K222,,HNZ,61.0876,-149.8366,2026-09-12T19:35:00.000000Z,2026-09-12T19:36:00.000000Z,100.0,200.0,60.0,,noise,0,Noise,events:arr_summer_2026.csv,AK,2.0-20.0,23.532305574674595,112.154470257098,23.07563680198297,120.47339302541153,0.9615645219376683,4.0681450139620265,1.7766056211820738,,
593,,AK,K222,,HNZ,61.0876,-149.8366,2026-09-12T19:36:00.000000Z,2026-09-12T19:37:00.000000Z,100.0,200.0,60.0,,noise,0,Noise,events:arr_summer_2026.csv,AK,2.0-20.0,22.775734708736575,136.44269480358992,22.065055656037597,139.86509145370508,0.9385669634221181,4.566592534205542,3.4052201119898164,,
594,,AK,K222,,HNZ,61.0876,-149.8366,2026-09-12T19:37:00.000000Z,2026-09-12T19:38:00.000000Z,100.0,200.0,60.0,,noise,0,Noise,events:arr_summer_2026.csv,AK,2.0-20.0,17.738613230078908,141.97797369981404,17.01161242000965,140.73454433874133,0.9197115276382524,6.775333423770416,5.601299419794346,,
595,,AK,K222,,HNZ,61.0876,-149.8366,2026-09-12T19:38:00.000000Z,2026-09-12T19:39:00.000000Z,100.0,200.0,60.0,,noise,0,Noise,events:arr_summer_2026.csv,AK,2.0-20.0,22.65584338749578,214.3548732609498,22.152904160092007,212.61004911859067,0.9560946091507514,6.068009280686242,6.838390831102881,,
596,,AK,K222,,HNZ,61.0876,-149.8366,2026-09-12T19:39:00.000000Z,2026-09-12T19:40:00.000000Z,100.0,200.0,60.0,,noise,0,Noise,events:arr_summer_2026.csv,AK,2.0-20.0,21.447325386618967,229.71576216448562,20.965318159546293,234.2019718878887,0.9555570773639568,5.14516289169269,10.756045481711688,,
597,,AK,K222,,HNZ,61.0876,-149.8366,2026-09-12T19:40:00.000000Z,2026-09-12T19:41:00.000000Z,100.0,200.0,60.0,,noise,0,Noise,events:arr_summer_2026.csv,AK,2.0-20.0,14.505172106255229,79.63672590194527,14.161237268169115,74.25025928874379,0.9531398477609851,4.451774882239873,2.07425438600679,,
598,,AK,K222,,HNZ,61.0876,-149.8366,2026-09-12T19:41:00.000000Z,2026-09-12T19:42:00.000000Z,100.0,200.0,60.0,,noise,0,Noise,events:arr_summer_2026.csv,AK,2.0-20.0,15.721983985712917,125.07096030157814,15.366281893074294,121.08519494386621,0.9552628598000523,2.924136735706453,4.213542108050151,,
599,,AK,K222,,HNZ,61.0876,-149.8366,2026-09-12T19:42:00.000000Z,2026-09-12T19:43:00.000000Z,100.0,200.0,60.0,,noise,0,Noise,events:arr_summer_2026.csv,AK,2.0-20.0,16.521727909670314,108.29080951314687,16.02228969078593,106.52958269439725,0.9404554513071692,4.406535730511788,3.5093902537842805,,
600,,AK,K222,,HNZ,61.0876,-149.8366,2026-09-12T19:43:00.000000Z,2026-09-12T19:44:00.000000Z,100.0,200.0,60.0,,noise,0,Noise,events:arr_summer_2026.csv,AK,2.0-20.0,20.64988488785513,174.27912645473893,20.021885274161797,173.04243613677207,0.9401013297484607,6.903415973307662,5.201369165794167,,
601,,AK,K222,,HNZ,61.0876,-149.8366,2026-09-12T19:44:00.000000Z,2026-09-12T19:45:00.000000Z,100.0,200.0,60.0,,noise,0,Noise,events:arr_summer_2026.csv,AK,2.0-20.0,13.721939800549636,107.96962508349945,13.387921464009843,93.0173220986724,0.9519086925291125,4.586726411896782,2.967046147687758,,
602,,AK,K222,,HNZ,61.0876,-149.8366,2026-09-12T19:45:00.000000Z,2026-09-12T19:46:00.000000Z,100.0,200.0,60.0,,noise,0,Noise,events:arr_summer_2026.csv,AK,2.0-20.0,32.216655127427835,418.29398827531884,31.929150674105898,340.4292552239856,0.9822314517860096,7.058583352009885,18.88633018992137,,
603,,AK,K222,,HNZ,61.0876,-149.8366,2026-09-12T19:46:00.000000Z,2026-09-12T19:47:00.000000Z,100.0,200.0,60.0,,noise,0,Noise,events:arr_summer_2026.csv,AK,2.0-20.0,14.576724239706603,97.82719650831486,14.184065393594883,91.77594624014469,0.946850850944592,6.154682416756647,3.475632663995019,,
604,,AK,K222,,HNZ,61.0876,-149.8366,2026-09-12T19:47:00.000000Z,2026-09-12T19:48:00.000000Z,100.0,200.0,60.0,,noise,0,Noise,events:arr_summer_2026.csv,AK,2.0-20.0,15.896779639558835,125.37841883614071,15.338797974925823,122.82388074500346,0.9310314395273609,5.558780110453869,3.8588389409449046,,
605,,AK,K222,,HNZ,61.0876,-149.8366,2026-09-12T19:48:00.000000Z,2026-09-12T19:49:00.000000Z,100.0,200.0,60.0,,noise,0,Noise,events:arr_summer_2026.csv,AK,2.0-20.0,22.505595074931033,145.99004158333202,22.079676241306608,162.40455088490933,0.9625081166680146,4.982216782511772,4.127664442948125,,
606,,AK,K222,,HNZ,61.0876,-149.8366,2026-09-12T19:49:00.000000Z,2026-09-12T19:50:00.000000Z,100.0,200.0,60.0,,noise,0,Noise,events:arr_summer_2026.csv,AK,2.0-20.0,17.932894115662222,114.77168723889999,17.556872162842932,117.1185629466105,0.9585031079153917,3.1712264185950314,2.0371871729410778,,
607,,AK,K222,,HNZ,61.0876,-149.8366,2026-09-12T19:50:00.000000Z,2026-09-12T19:51:00.000000Z,100.0,200.0,60.0,,noise,0,Noise,events:arr_summer_2026.csv,AK,2.0-20.0,13.74463757870816,110.96182486366277,13.435530971692982,104.24390806181546,0.955527264040211,7.669606071324565,7.737109655539893,,
608,,AK,K222,,HNZ,61.0876,-149.8366,2026-09-12T19:51:00.000000Z,2026-09-12T19:52:00.000000Z,100.0,200.0,60.0,,noise,0,Noise,events:arr_summer_2026.csv,AK,2.0-20.0,10.709204650992165,56.18556921309083,10.303698489780686,59.85439950200218,0.9257033760194465,4.2768194143354785,2.5253355452300044,,
609,,AK,K222,,HNZ,61.0876,-149.8366,2026-09-12T19:52:00.000000Z,2026-09-12T19:53:00.000000Z,100.0,200.0,60.0,,noise,0,Noise,events:arr_summer_2026.csv,AK,2.0-20.0,14.08644185350162,90.3142260989812,13.818039619623487,90.98255067794379,0.9622551704027881,3.220053396994571,2.1047609401281484,,
610,,AK,K222,,HNZ,61.0876,-149.8366,2026-09-12T19:53:00.000000Z,2026-09-12T19:54:00.000000Z,100.0,200.0,60.0,,noise,0,Noise,events:arr_summer_2026.csv,AK,2.0-20.0,12.30353324409977,87.50341087706146,11.940474518497753,83.79495940189614,0.9418537650024407,3.936540317493425,3.962548629293323,,
611,,AK,K222,,HNZ,61.0876,-149.8366,2026-09-12T19:54:00.000000Z,2026-09-12T19:55:00.000000Z,100.0,200.0,60.0,,noise,0,Noise,events:arr_summer_2026.csv,AK,2.0-20.0,12.629173371429484,81.16999995511954,12.336307513919303,75.43014627867535,0.9541584989672454,3.9003096661862804,2.2026631237073913,,
612,,AK,K222,,HNZ,61.0876,-149.8366,2026-09-12T19:55:00.000000Z,2026-09-12T19:56:00.000000Z,100.0,200.0,60.0,,noise,0,Noise,events:arr_summer_2026.csv,AK,2.0-20.0,13.855157930895178,82.54609430445167,13.539294031144026,79.0764124711188,0.9549245938584461,4.262747205498065,1.6492509588806756,,
613,,AK,K222,,HNZ,61.0876,-149.8366,2026-09-12T19:56:00.000000Z,2026-09-12T19:57:00.000000Z,100.0,200.0,60.0,,noise,0,Noise,events:arr_summer_2026.csv,AK,2.0-20.0,12.049277606886664,77.7236258431165,11.6518401103316,81.65457813088203,0.9351192823169316,7.321596885128105,3.3018698574763334,,
614,,AK,K222,,HNZ,61.0876,-149.8366,2026-09-12T19:57:00.000000Z,2026-09-12T19:58:00.000000Z,100.0,200.0,60.0,,noise,0,Noise,events:arr_summer_2026.csv,AK,2.0-20.0,20.321938606925336,158.87916480671905,19.58888789436806,157.50743822392275,0.9291574032838477,5.127593602524843,4.943921853054331,,
615,,AK,K222,,HNZ,61.0876,-149.8366,2026-09-12T19:58:00.000000Z,2026-09-12T19:59:00.000000Z,100.0,200.0,60.0,,noise,0,Noise,events:arr_summer_2026.csv,AK,2.0-20.0,15.142932636817623,106.64373621051132,14.436765918321813,98.21970441996456,0.9089078382770442,3.471430396646609,2.592970664958142,,
616,,AK,K222,,HNZ,61.0876,-149.8366,2026-09-12T19:59:00.000000Z,2026-09-12T20:00:00.000000Z,100.0,200.0,60.0,,noise,0,Noise,events:arr_summer_2026.csv,AK,2.0-20.0,11.375106129895524,90.83935719242149,10.98841003791168,86.55880238943973,0.9331657688792825,5.137210784199768,3.3627589033064993,,
617,,AK,K222,,HNZ,61.0876,-149.8366,2026-09-12T20:00:00.000000Z,2026-09-12T20:01:00.000000Z,100.0,200.0,60.0,,noise,0,Noise,events:arr_summer_2026.csv,AK,2.0-20.0,14.23576893983739,96.2514219272052,13.833684150895136,95.28379648926159,0.9443083950289579,5.412760530502542,2.8098464717068143,,
618,,AK,K222,,HNZ,61.0876,-149.8366,2026-09-12T20:01:00.000000Z,2026-09-12T20:02:00.000000Z,100.0,200.0,60.0,,noise,0,Noise,events:arr_summer_2026.csv,AK,2.0-20.0,18.31276268214791,202.24977660165422,17.77379570929523,221.9077473657145,0.9420037540027708,4.753766610712011,11.709593185188242,,
619,,AK,K222,,HNZ,61.0876,-149.8366,2026-09-12T20:02:00.000000Z,2026-09-12T20:03:00.000000Z,100.0,200.0,60.0,,noise,0,Noise,events:arr_summer_2026.csv,AK,2.0-20.0,12.016552615376396,98.28083322916245,11.67437665732271,88.28629743628579,0.9438600782044668,4.18840462143717,5.669099622717248,,
620,,AK,K222,,HNZ,61.0876,-149.8366,2026-09-12T20:03:00.000000Z,2026-09-12T20:04:00.000000Z,100.0,200.0,60.0,,noise,0,Noise,events:arr_summer_2026.csv,AK,2.0-20.0,17.30329986705437,109.12635684812531,17.089861858112723,102.20367447706909,0.9754819461584378,5.881379924067936,2.8160568679121587,,
621,,AK,K222,,HNZ,61.0876,-149.8366,2026-09-12T20:04:00.000000Z,2026-09-12T20:05:00.000000Z,100.0,200.0,60.0,,noise,0,Noise,events:arr_summer_2026.csv,AK,2.0-20.0,12.469206585608118,84.32264903134636,12.10356638515626,73.56726369483025,0.9422129577761875,5.373794690684637,2.877485197093815,,
622,,AK,K222,,HNZ,61.0876,-149.8366,2026-09-12T20:05:00.000000Z,2026-09-12T20:06:00.000000Z,100.0,200.0,60.0,,noise,0,Noise,events:arr_summer_2026.csv,AK,2.0-20.0,11.568337251501655,108.89034377976176,11.247685098709677,111.4885216680457,0.9453321226485374,7.105496756627292,8.102788606488858,,
623,,AK,K222,,HNZ,61.0876,-149.8366,2026-09-12T20:06:00.000000Z,2026-09-12T20:07:00.000000Z,100.0,200.0,60.0,,noise,0,Noise,events:arr_summer_2026.csv,AK,2.0-20.0,25.63642862536717,270.7178346821477,25.202006878741077,298.86774659937333,0.9663961771686899,6.226642424387897,20.45673516732905,,
624,,AK,K222,,HNZ,61.0876,-149.8366,2026-09-12T20:07:00.000000Z,2026-09-12T20:08:00.000000Z,100.0,200.0,60.0,,noise,0,Noise,events:arr_summer_2026.csv,AK,2.0-20.0,17.515130394770758,151.73053866495118,17.24796311227139,139.64325141791113,0.9697256421603917,5.347510350830204,6.555946739970189,,
625,,AK,K222,,HNZ,61.0876,-149.8366,2026-09-12T20:08:00.000000Z,2026-09-12T20:09:00.000000Z,100.0,200.0,60.0,,noise,0,Noise,events:arr_summer_2026.csv,AK,2.0-20.0,17.177398445469205,129.34853734280577,16.869127835873265,105.45722918768341,0.9644294852486813,5.397675168110192,3.126882353386418,,
626,,AK,K222,,HNZ,61.0876,-149.8366,2026-09-12T20:09:00.000000Z,2026-09-12T20:10:00.000000Z,100.0,200.0,60.0,,noise,0,Noise,events:arr_summer_2026.csv,AK,2.0-20.0,18.106890482409725,112.81032017063684,17.845913276731554,111.0944471343943,0.9713814522698534,4.527117971688931,3.6971170162518847,,
627,,AK,K222,,HNZ,61.0876,-149.8366,2026-09-12T20:10:00.000000Z,2026-09-12T20:11:00.000000Z,100.0,200.0,60.0,,noise,0,Noise,events:arr_summer_2026.csv,AK,2.0-20.0,8.476164497862271,100.0839308224331,8.233413402096875,90.45227720820614,0.9435416833379845,5.1457318328753825,16.96136446842112,,
628,,AK,K222,,HNZ,61.0876,-149.8366,2026-09-12T20:11:00.000000Z,2026-09-12T20:12:00.000000Z,100.0,200.0,60.0,,noise,0,Noise,events:arr_summer_2026.csv,AK,2.0-20.0,12.41048959887466,139.88442255667886,12.130687606271435,115.3631355857843,0.9554170948954573,5.855946095582172,7.233443244417307,,
629,,AK,K222,,HNZ,61.0876,-149.8366,2026-09-12T20:12:00.000000Z,2026-09-12T20:13:00.000000Z,100.0,200.0,60.0,,noise,0,Noise,events:arr_summer_2026.csv,AK,2.0-20.0,16.016099705401384,115.69578641727617,15.636060483682169,118.67646472579479,0.9531058954358521,3.6095267691215533,5.31043613482278,,
630,,AK,K222,,HNZ,61.0876,-149.8366,2026-09-12T20:13:00.000000Z,2026-09-12T20:14:00.000000Z,100.0,200.0,60.0,,noise,0,Noise,events:arr_summer_2026.csv,AK,2.0-20.0,20.07663747487939,172.47687889549098,19.88515255835313,170.24798388051482,0.9810155705548314,6.921194436374853,11.52292223287326,,
631,,AK,K222,,HNZ,61.0876,-149.8366,2026-09-12T20:14:00.000000Z,2026-09-12T20:15:00.000000Z,100.0,200.0,60.0,,noise,0,Noise,events:arr_summer_2026.csv,AK,2.0-20.0,12.909474236058612,83.12836699780681,12.534929637946545,93.72444172555272,0.942815449984046,3.086702153458018,3.0240215128151595,,
632,,AK,K222,,HNZ,61.0876,-149.8366,2026-09-12T20:15:00.000000Z,2026-09-12T20:16:00.000000Z,100.0,200.0,60.0,,noise,0,Noise,events:arr_summer_2026.csv,AK,2.0-20.0,14.470624527326498,104.40642794689312,14.142911146986476,106.44339415161417,0.9552192720396696,5.738949373263526,4.59876800763089,,
633,,AK,K222,,HNZ,61.0876,-149.8366,2026-09-12T20:16:00.000000Z,2026-09-12T20:17:00.000000Z,100.0,200.0,60.0,,noise,0,Noise,events:arr_summer_2026.csv,AK,2.0-20.0,14.921124354706754,102.72193922376145,14.503506467921316,98.62421554101526,0.9448066169942774,4.130137136117414,1.7489186501345984,,
634,,AK,K222,,HNZ,61.0876,-149.8366,2026-09-12T20:17:00.000000Z,2026-09-12T20:18:00.000000Z,100.0,200.0,60.0,,noise,0,Noise,events:arr_summer_2026.csv,AK,2.0-20.0,14.306319684002819,78.22087808563113,13.857929245244344,72.4777604341774,0.9382980816524089,3.527360631525439,1.982411686558585,,
635,,AK,K222,,HNZ,61.0876,-149.8366,2026-09-12T20:18:00.000000Z,2026-09-12T20:19:00.000000Z,100.0,200.0,60.0,,noise,0,Noise,events:arr_summer_2026.csv,AK,2.0-20.0,14.341055835080562,109.88423882503939,13.959437054401757,112.29740725113052,0.9474876461780836,4.257236611742064,6.198959571049594,,
636,,AK,K222,,HNZ,61.0876,-149.8366,2026-09-12T20:19:00.000000Z,2026-09-12T20:20:00.000000Z,100.0,200.0,60.0,,noise,0,Noise,events:arr_summer_2026.csv,AK,2.0-20.0,19.2111123148801,172.26802180059275,18.86038458668929,187.83003210107393,0.9638202940468328,5.159653881473179,8.61414596662055,,
637,,AK,K222,,HNZ,61.0876,-149.8366,2026-09-12T20:20:00.000000Z,2026-09-12T20:21:00.000000Z,100.0,200.0,60.0,,noise,0,Noise,events:arr_summer_2026.csv,AK,2.0-20.0,18.028042496748522,94.73789550268506,17.51996441264975,88.32119273662354,0.944428953974019,3.226737013384268,1.5349318473779894,,
638,,AK,K222,,HNZ,61.0876,-149.8366,2026-09-12T20:21:00.000000Z,2026-09-12T20:22:00.000000Z,100.0,200.0,60.0,,noise,0,Noise,events:arr_summer_2026.csv,AK,2.0-20.0,18.316799639412388,231.36642046209178,18.003639727510308,202.67885453870932,0.9660985662209302,4.604210847477778,14.67515191908031,,
639,,AK,K222,,HNZ,61.0876,-149.8366,2026-09-12T20:22:00.000000Z,2026-09-12T20:23:00.000000Z,100.0,200.0,60.0,,noise,0,Noise,events:arr_summer_2026.csv,AK,2.0-20.0,15.887986513961328,155.15385618617145,15.451609142354288,145.37226343927705,0.945822634081844,5.864787641107551,9.20638180685715,,
640,,AK,K222,,HNZ,61.0876,-149.8366,2026-09-12T20:23:00.000000Z,2026-09-12T20:24:00.000000Z,100.0,200.0,60.0,,noise,0,Noise,events:arr_summer_2026.csv,AK,2.0-20.0,29.923227353947784,242.17372817835437,29.06071429111128,224.91183701396935,0.9431824362620818,7.1559002792643245,8.090371800594308,,
641,,AK,K222,,HNZ,61.0876,-149.8366,2026-09-12T20:27:00.000000Z,2026-09-12T20:28:00.000000Z,100.0,200.0,60.0,,noise,0,Noise,events:arr_summer_2026.csv,AK,2.0-20.0,28.602240771486525,152.17990160256738,28.366290838661858,140.45262780730445,0.9835693491460047,4.816648466303556,2.900321424063578,,
642,,AK,K222,,HNZ,61.0876,-149.8366,2026-09-12T20:28:00.000000Z,2026-09-12T20:29:00.000000Z,100.0,200.0,60.0,,noise,0,Noise,events:arr_summer_2026.csv,AK,2.0-20.0,15.45910005295973,97.51255587275999,15.15125558165412,97.66334329703949,0.960569587752964,4.257174092454152,2.7023008453004174,,
643,,AK,K222,,HNZ,61.0876,-149.8366,2026-09-12T20:29:00.000000Z,2026-09-12T20:30:00.000000Z,100.0,200.0,60.0,,noise,0,Noise,events:arr_summer_2026.csv,AK,2.0-20.0,13.450228444028987,109.72764133356323,13.13038870536231,95.33444106172891,0.9530064600648412,4.627877489137155,4.809173961459651,,
644,,AK,K222,,HNZ,61.0876,-149.8366,2026-09-12T20:30:00.000000Z,2026-09-12T20:31:00.000000Z,100.0,200.0,60.0,,noise,0,Noise,events:arr_summer_2026.csv,AK,2.0-20.0,16.314078141702055,129.12369773639088,15.940540586124758,126.60905923197944,0.9547309783471413,3.694106080021356,3.3673677359713174,,
645,,AK,K222,,HNZ,61.0876,-149.8366,2026-09-12T20:31:00.000000Z,2026-09-12T20:32:00.000000Z,100.0,200.0,60.0,,noise,0,Noise,events:arr_summer_2026.csv,AK,2.0-20.0,13.00937639647721,74.43528219923294,12.729748466152667,69.54770608188784,0.9574733310339827,4.40640925261807,2.374083920626078,,
646,,AK,K222,,HNZ,61.0876,-149.8366,2026-09-12T20:32:00.000000Z,2026-09-12T20:33:00.000000Z,100.0,200.0,60.0,,noise,0,Noise,events:arr_summer_2026.csv,AK,2.0-20.0,19.912902217554635,114.41062391601706,19.590520713026788,116.95486973909975,0.9678829443735882,4.821304800924539,3.922359266142415,,
647,,AK,K222,,HNZ,61.0876,-149.8366,2026-09-12T20:33:00.000000Z,2026-09-12T20:34:00.000000Z,100.0,200.0,60.0,,noise,0,Noise,events:arr_summer_2026.csv,AK,2.0-20.0,29.11510656925416,193.63792839659956,28.884909482489366,202.9936733039478,0.9842496151934645,3.7646336029780247,6.470411964678208,,
648,,AK,K222,,HNZ,61.0876,-149.8366,2026-09-12T20:34:00.000000Z,2026-09-12T20:35:00.000000Z,100.0,200.0,60.0,,noise,0,Noise,events:arr_summer_2026.csv,AK,2.0-20.0,11.839376414825862,92.65133835239017,11.357828797679879,103.41821793134909,0.9203075377068779,8.049618916366306,5.770570541232871,,
649,,AK,K222,,HNZ,61.0876,-149.8366,2026-09-12T20:35:00.000000Z,2026-09-12T20:36:00.000000Z,100.0,200.0,60.0,,noise,0,Noise,events:arr_summer_2026.csv,AK,2.0-20.0,9.897447130261636,69.52790707456576,9.257984706017755,71.13633356273317,0.8749566512775974,4.518131027587721,3.324236547369626,,
650,,AK,K222,,HNZ,61.0876,-149.8366,2026-09-12T20:36:00.000000Z,2026-09-12T20:37:00.000000Z,100.0,200.0,60.0,,noise,0,Noise,events:arr_summer_2026.csv,AK,2.0-20.0,15.029742803326632,122.92607921504846,14.740551345837414,123.5198910736771,0.9618876710476725,4.570746890383444,4.4431146187142545,,
651,,AK,K222,,HNZ,61.0876,-149.8366,2026-09-12T20:37:00.000000Z,2026-09-12T20:38:00.000000Z,100.0,200.0,60.0,,noise,0,Noise,events:arr_summer_2026.csv,AK,2.0-20.0,17.21248889484507,180.30987871521396,16.904899302887767,170.14277662274162,0.9645790612579412,6.8827811218734825,7.686706471715983,,
652,,AK,K222,,HNZ,61.0876,-149.8366,2026-09-12T20:38:00.000000Z,2026-09-12T20:39:00.000000Z,100.0,200.0,60.0,,noise,0,Noise,events:arr_summer_2026.csv,AK,2.0-20.0,13.258879738649641,97.41432159175271,12.947498830690693,89.94721021903126,0.9535821171463985,4.498286200127374,4.385980911651992,,
653,,AK,K222,,HNZ,61.0876,-149.8366,2026-09-12T20:39:00.000000Z,2026-09-12T20:40:00.000000Z,100.0,200.0,60.0,,noise,0,Noise,events:arr_summer_2026.csv,AK,2.0-20.0,16.940071807874794,203.29177273458393,16.410108092433507,195.51014948005465,0.9384094867441174,7.10926063545296,17.545230450020206,,
654,,AK,K222,,HNZ,61.0876,-149.8366,2026-09-12T20:40:00.000000Z,2026-09-12T20:41:00.000000Z,100.0,200.0,60.0,,noise,0,Noise,events:arr_summer_2026.csv,AK,2.0-20.0,25.950405867498745,189.8755059917098,25.626431948632224,218.68273496444846,0.9751871613257569,5.147830418035749,8.674795714083334,,
655,,AK,K222,,HNZ,61.0876,-149.8366,2026-09-12T20:41:00.000000Z,2026-09-12T20:42:00.000000Z,100.0,200.0,60.0,,noise,0,Noise,events:arr_summer_2026.csv,AK,2.0-20.0,14.157025919495709,83.04018424332281,13.843679420560871,76.24708324799408,0.9562226202628529,3.9873622220781098,2.3110487143303553,,
656,,AK,K222,,HNZ,61.0876,-149.8366,2026-09-12T20:42:00.000000Z,2026-09-12T20:43:00.000000Z,100.0,200.0,60.0,,noise,0,Noise,events:arr_summer_2026.csv,AK,2.0-20.0,16.165316235503237,86.22270164030904,15.889101672272997,86.78009678072532,0.9661182325325499,4.268200941193383,2.7164240592598654,,
657,,AK,K222,,HNZ,61.0876,-149.8366,2026-09-12T20:43:00.000000Z,2026-09-12T20:44:00.000000Z,100.0,200.0,60.0,,noise,0,Noise,events:arr_summer_2026.csv,AK,2.0-20.0,9.007177594056358,55.83448445553431,8.712745496611227,50.91467739693691,0.9356913291173259,4.8597114010426985,3.482927563028052,,
658,,AK,K222,,HNZ,61.0876,-149.8366,2026-09-12T20:44:00.000000Z,2026-09-12T20:45:00.000000Z,100.0,200.0,60.0,,noise,0,Noise,events:arr_summer_2026.csv,AK,2.0-20.0,16.6783285900347,130.43403962710252,16.487107929965713,127.55102422045954,0.9772010167756574,6.19438971747019,6.953919249408038,,
659,,AK,K222,,HNZ,61.0876,-149.8366,2026-09-12T20:45:00.000000Z,2026-09-12T20:46:00.000000Z,100.0,200.0,60.0,,noise,0,Noise,events:arr_summer_2026.csv,AK,2.0-20.0,14.7527017403683,91.57528381673033,14.53165564334983,90.94863078880381,0.9702576400790698,3.3863480894867615,3.2397100584819896,,
660,,AK,K222,,HNZ,61.0876,-149.8366,2026-09-12T20:46:00.000000Z,2026-09-12T20:47:00.000000Z,100.0,200.0,60.0,,noise,0,Noise,events:arr_summer_2026.csv,AK,2.0-20.0,26.744868852574324,249.24749768045686,26.331579427053402,260.6217337561641,0.9693327240030551,6.424511413576015,19.007221114704404,,
661,,AK,K222,,HNZ,61.0876,-149.8366,2026-09-12T20:47:00.000000Z,2026-09-12T20:48:00.000000Z,100.0,200.0,60.0,,noise,0,Noise,events:arr_summer_2026.csv,AK,2.0-20.0,11.770114839669917,172.48778917477122,11.536636524376725,169.4739882801021,0.9607204147361423,7.74226188387567,23.335213356127028,,
662,,AK,K222,,HNZ,61.0876,-149.8366,2026-09-12T20:48:00.000000Z,2026-09-12T20:49:00.000000Z,100.0,200.0,60.0,,noise,0,Noise,events:arr_summer_2026.csv,AK,2.0-20.0,15.853278960771833,105.02612551174724,15.616924096660194,100.42493530633467,0.9704044860598483,5.097493329949105,2.7602471489137805,,
663,,AK,K222,,HNZ,61.0876,-149.8366,2026-09-12T20:49:00.000000Z,2026-09-12T20:50:00.000000Z,100.0,200.0,60.0,,noise,0,Noise,events:arr_summer_2026.csv,AK,2.0-20.0,24.5158773587912,175.7597875909,24.373142543548212,199.5811857321017,0.988389621771921,5.45149093087341,7.633929054815873,,
664,,AK,K222,,HNZ,61.0876,-149.8366,2026-09-12T20:50:00.000000Z,2026-09-12T20:51:00.000000Z,100.0,200.0,60.0,,noise,0,Noise,events:arr_summer_2026.csv,AK,2.0-20.0,16.0650989459202,132.81376987528617,15.857444416014085,130.20342033639653,0.9743154426413713,5.547130915983206,4.263746821559098,,
665,,AK,K222,,HNZ,61.0876,-149.8366,2026-09-12T20:51:00.000000Z,2026-09-12T20:52:00.000000Z,100.0,200.0,60.0,,noise,0,Noise,events:arr_summer_2026.csv,AK,2.0-20.0,14.45745178921722,115.97354372016365,14.279215027506426,118.0830189492238,0.9754952559761767,7.759142906024184,8.724559974508336,,
666,,AK,K222,,HNZ,61.0876,-149.8366,2026-09-12T20:52:00.000000Z,2026-09-12T20:53:00.000000Z,100.0,200.0,60.0,,noise,0,Noise,events:arr_summer_2026.csv,AK,2.0-20.0,16.926350324866412,108.74656157498714,16.746347060709475,118.83772777477243,0.9788440935690566,6.05166537102326,4.761908377989586,,
667,,AK,K222,,HNZ,61.0876,-149.8366,2026-09-12T20:53:00.000000Z,2026-09-12T20:54:00.000000Z,100.0,200.0,60.0,,noise,0,Noise,events:arr_summer_2026.csv,AK,2.0-20.0,14.86550929709696,115.04214438540994,14.62536059357653,118.87279766986235,0.9679514604338304,6.548631014024076,4.450558697225104,,
668,,AK,K222,,HNZ,61.0876,-149.8366,2026-09-12T20:54:00.000000Z,2026-09-12T20:55:00.000000Z,100.0,200.0,60.0,,noise,0,Noise,events:arr_summer_2026.csv,AK,2.0-20.0,13.469515101749316,133.14011160854054,13.225900459719151,106.6030291687803,0.9641543755872463,7.243541856391524,7.762224595240978,,
669,,AK,K222,,HNZ,61.0876,-149.8366,2026-09-12T20:55:00.000000Z,2026-09-12T20:56:00.000000Z,100.0,200.0,60.0,,noise,0,Noise,events:arr_summer_2026.csv,AK,2.0-20.0,17.278569679521794,129.32222065250897,17.024650924814903,126.72819750441212,0.9708247827707239,5.2659102051007425,5.222399259879664,,
670,,AK,K222,,HNZ,61.0876,-149.8366,2026-09-12T20:56:00.000000Z,2026-09-12T20:57:00.000000Z,100.0,200.0,60.0,,noise,0,Noise,events:arr_summer_2026.csv,AK,2.0-20.0,20.04342295926894,181.32078800511658,19.679786159014487,162.23870038912952,0.9640442483561074,4.709276853935108,8.86338717204871,,
671,,AK,K222,,HNZ,61.0876,-149.8366,2026-09-12T20:57:00.000000Z,2026-09-12T20:58:00.000000Z,100.0,200.0,60.0,,noise,0,Noise,events:arr_summer_2026.csv,AK,2.0-20.0,10.163358115373729,63.03458541610779,9.868425214757734,56.95189561962821,0.9428036415905892,4.565095399761826,2.36707947393129,,
672,,AK,K222,,HNZ,61.0876,-149.8366,2026-09-12T20:58:00.000000Z,2026-09-12T20:59:00.000000Z,100.0,200.0,60.0,,noise,0,Noise,events:arr_summer_2026.csv,AK,2.0-20.0,12.210265946923299,70.04543491755969,11.655321764555984,67.48103638251561,0.9111676420356452,3.7659778605584595,1.7813743782688594,,
673,,AK,K222,,HNZ,61.0876,-149.8366,2026-09-12T20:59:00.000000Z,2026-09-12T21:00:00.000000Z,100.0,200.0,60.0,,noise,0,Noise,events:arr_summer_2026.csv,AK,2.0-20.0,13.85226975420725,70.25257289371763,13.541504402228732,71.5436737527283,0.9556347857996851,4.542763943660048,2.2035929724426815,,
674,,AK,K222,,HNZ,61.0876,-149.8366,2026-09-12T21:00:00.000000Z,2026-09-12T21:01:00.000000Z,100.0,200.0,60.0,,noise,0,Noise,events:arr_summer_2026.csv,AK,2.0-20.0,20.126124272923477,169.8462628973658,19.783591971191772,173.3579217691876,0.9662510805149956,6.190528347783221,8.782201900394032,,
675,,AK,K222,,HNZ,61.0876,-149.8366,2026-09-12T21:01:00.000000Z,2026-09-12T21:02:00.000000Z,100.0,200.0,60.0,,noise,0,Noise,events:arr_summer_2026.csv,AK,2.0-20.0,11.960645337066193,102.19987360196706,11.699120048462435,94.09211668786777,0.9567471331313985,4.803993766020476,2.813514229162994,,
676,,AK,K222,,HNZ,61.0876,-149.8366,2026-09-12T21:02:00.000000Z,2026-09-12T21:03:00.000000Z,100.0,200.0,60.0,,noise,0,Noise,events:arr_summer_2026.csv,AK,2.0-20.0,9.027975795889551,66.88775843556671,8.778559814310261,64.23238859828237,0.9455092308227968,3.7290952397952246,3.514408488177625,,
677,,AK,K222,,HNZ,61.0876,-149.8366,2026-09-12T21:03:00.000000Z,2026-09-12T21:04:00.000000Z,100.0,200.0,60.0,,noise,0,Noise,events:arr_summer_2026.csv,AK,2.0-20.0,23.86297084614612,222.8897588436665,23.16347293082708,229.79637904727477,0.9422330363043352,6.788942711944359,17.917663450154443,,
678,,AK,K222,,HNZ,61.0876,-149.8366,2026-09-12T21:04:00.000000Z,2026-09-12T21:05:00.000000Z,100.0,200.0,60.0,,noise,0,Noise,events:arr_summer_2026.csv,AK,2.0-20.0,14.88442138946268,107.77640919744077,14.613281873135167,106.06832680603154,0.9638991767316226,5.06558334833332,5.156583220189356,,
679,,AK,K222,,HNZ,61.0876,-149.8366,2026-09-12T21:05:00.000000Z,2026-09-12T21:06:00.000000Z,100.0,200.0,60.0,,noise,0,Noise,events:arr_summer_2026.csv,AK,2.0-20.0,10.191625229579321,57.35064493240559,9.964964730207925,63.34412980289886,0.9560148566255453,5.754242301644136,2.316011859629203,,
680,,AK,K222,,HNZ,61.0876,-149.8366,2026-09-12T21:06:00.000000Z,2026-09-12T21:07:00.000000Z,100.0,200.0,60.0,,noise,0,Noise,events:arr_summer_2026.csv,AK,2.0-20.0,17.73401028798581,144.7107123184858,17.472340930175594,156.6101206112006,0.9707072615692791,4.471105739981559,4.11374512828473,,
681,,AK,K222,,HNZ,61.0876,-149.8366,2026-09-12T21:07:00.000000Z,2026-09-12T21:08:00.000000Z,100.0,200.0,60.0,,noise,0,Noise,events:arr_summer_2026.csv,AK,2.0-20.0,15.347968985510418,141.56751876774703,15.033543628782137,145.77310380907446,0.9594468000576893,3.849754961758045,5.062790380782081,,
682,,AK,K222,,HNZ,61.0876,-149.8366,2026-09-12T21:08:00.000000Z,2026-09-12T21:09:00.000000Z,100.0,200.0,60.0,,noise,0,Noise,events:arr_summer_2026.csv,AK,2.0-20.0,12.939924853699619,76.90320555634284,12.675186941231525,77.48957756586472,0.9595005722122034,5.034341694671227,2.3695364968651385,,
683,,AK,K222,,HNZ,61.0876,-149.8366,2026-09-12T21:09:00.000000Z,2026-09-12T21:10:00.000000Z,100.0,200.0,60.0,,noise,0,Noise,events:arr_summer_2026.csv,AK,2.0-20.0,15.107540030715944,136.69092196100365,14.742222924659172,135.39074628851301,0.9522225036593448,4.96878713452177,6.7782459553211485,,
684,,AK,K222,,HNZ,61.0876,-149.8366,2026-09-12T21:10:00.000000Z,2026-09-12T21:11:00.000000Z,100.0,200.0,60.0,,noise,0,Noise,events:arr_summer_2026.csv,AK,2.0-20.0,14.648051000118999,122.8081676792309,14.335641806879439,113.61471078961809,0.9577994766768989,5.876894577416655,6.350369175423088,,
685,,AK,K222,,HNZ,61.0876,-149.8366,2026-09-12T21:11:00.000000Z,2026-09-12T21:12:00.000000Z,100.0,200.0,60.0,,noise,0,Noise,events:arr_summer_2026.csv,AK,2.0-20.0,14.139899195183931,88.47920726190443,13.748288821743222,97.39155456609635,0.9453762064009574,6.06031034693165,2.523580563768413,,
686,,AK,K222,,HNZ,61.0876,-149.8366,2026-09-12T21:12:00.000000Z,2026-09-12T21:13:00.000000Z,100.0,200.0,60.0,,noise,0,Noise,events:arr_summer_2026.csv,AK,2.0-20.0,16.105459247001033,134.27102304984564,15.835561246269442,118.14080540492904,0.9667644991015273,4.510274487854967,4.289920770336124,,
687,,AK,K222,,HNZ,61.0876,-149.8366,2026-09-12T21:13:00.000000Z,2026-09-12T21:14:00.000000Z,100.0,200.0,60.0,,noise,0,Noise,events:arr_summer_2026.csv,AK,2.0-20.0,10.933295469247179,69.77622238195676,10.648100090777449,69.58436813337535,0.948510361992468,4.5490634742336535,3.1813261593602427,,
688,,AK,K222,,HNZ,61.0876,-149.8366,2026-09-12T21:14:00.000000Z,2026-09-12T21:15:00.000000Z,100.0,200.0,60.0,,noise,0,Noise,events:arr_summer_2026.csv,AK,2.0-20.0,16.898646410556722,112.55527975406501,16.495891984185477,118.62238814534476,0.9529009736648316,4.615753753697863,3.126749919057307,,
689,,AK,K222,,HNZ,61.0876,-149.8366,2026-09-12T21:15:00.000000Z,2026-09-12T21:16:00.000000Z,100.0,200.0,60.0,,noise,0,Noise,events:arr_summer_2026.csv,AK,2.0-20.0,15.047028174201428,160.31675855963837,14.722999207961267,142.99264332364652,0.9573948988158396,5.147308576143123,8.57845870642167,,
690,,AK,K222,,HNZ,61.0876,-149.8366,2026-09-12T21:16:00.000000Z,2026-09-12T21:17:00.000000Z,100.0,200.0,60.0,,noise,0,Noise,events:arr_summer_2026.csv,AK,2.0-20.0,13.26962571401802,89.65551005071634,12.854554540341642,74.23346158765389,0.9384188353394186,3.1265630192432092,2.131607391214281,,
691,,AK,K222,,HNZ,61.0876,-149.8366,2026-09-12T21:17:00.000000Z,2026-09-12T21:18:00.000000Z,100.0,200.0,60.0,,noise,0,Noise,events:arr_summer_2026.csv,AK,2.0-20.0,16.660854016079718,136.58466216572208,16.31128158368677,136.35885987212393,0.9584769032261514,5.7456717076315,4.650507071124998,,
692,,AK,K222,,HNZ,61.0876,-149.8366,2026-09-12T21:18:00.000000Z,2026-09-12T21:19:00.000000Z,100.0,200.0,60.0,,noise,0,Noise,events:arr_summer_2026.csv,AK,2.0-20.0,11.563708978330574,97.24307246025421,11.1557374609419,93.36864697723101,0.9306840335743175,6.2994673789915385,7.400298059939246,,
693,,AK,K222,,HNZ,61.0876,-149.8366,2026-09-12T21:19:00.000000Z,2026-09-12T21:20:00.000000Z,100.0,200.0,60.0,,noise,0,Noise,events:arr_summer_2026.csv,AK,2.0-20.0,21.3725036075238,162.47602571165714,20.872501603776342,165.85339999920856,0.9537580313785663,6.762583444613161,8.855455453714246,,
694,,AK,K222,,HNZ,61.0876,-149.8366,2026-09-12T21:20:00.000000Z,2026-09-12T21:21:00.000000Z,100.0,200.0,60.0,,noise,0,Noise,events:arr_summer_2026.csv,AK,2.0-20.0,27.32044150364179,214.19937628452107,26.728050134535888,169.864918038621,0.9571039923525295,5.559095314870213,4.560106908043674,,
695,,AK,K222,,HNZ,61.0876,-149.8366,2026-09-12T21:21:00.000000Z,2026-09-12T21:22:00.000000Z,100.0,200.0,60.0,,noise,0,Noise,events:arr_summer_2026.csv,AK,2.0-20.0,11.66457170765875,78.92275297582155,11.225263867226602,71.14879915669727,0.9260949640217125,3.755022953011702,3.109568546433194,,
696,,AK,K222,,HNZ,61.0876,-149.8366,2026-09-12T21:22:00.000000Z,2026-09-12T21:23:00.000000Z,100.0,200.0,60.0,,noise,0,Noise,events:arr_summer_2026.csv,AK,2.0-20.0,36.09923451403104,401.39864788484107,35.531151776056845,406.0078600451013,0.9687742484057984,5.5037117848251125,15.75199201625411,,
697,,AK,K222,,HNZ,61.0876,-149.8366,2026-09-12T21:23:00.000000Z,2026-09-12T21:24:00.000000Z,100.0,200.0,60.0,,noise,0,Noise,events:arr_summer_2026.csv,AK,2.0-20.0,11.573606049486909,82.59940584925882,11.250352704657415,83.37001209883037,0.9449196602676593,5.659794755659919,4.380507333523774,,
698,,AK,K222,,HNZ,61.0876,-149.8366,2026-09-12T21:27:00.000000Z,2026-09-12T21:28:00.000000Z,100.0,200.0,60.0,,noise,0,Noise,events:arr_summer_2026.csv,AK,2.0-20.0,8.97561366115978,47.78916820061771,8.442324104032853,49.43224898745171,0.8846994146552934,4.910178565401788,2.7166619101156364,,
699,,AK,K222,,HNZ,61.0876,-149.8366,2026-09-12T21:28:00.000000Z,2026-09-12T21:29:00.000000Z,100.0,200.0,60.0,,noise,0,Noise,events:arr_summer_2026.csv,AK,2.0-20.0,22.78994663577144,164.45420170613576,22.22347155155112,153.3133386582073,0.9509051215197376,5.275274087221064,3.6037887740681995,,
700,,AK,K222,,HNZ,61.0876,-149.8366,2026-09-12T21:29:00.000000Z,2026-09-12T21:30:00.000000Z,100.0,200.0,60.0,,noise,0,Noise,events:arr_summer_2026.csv,AK,2.0-20.0,16.10824764727547,94.00314658099485,15.469275425037376,91.55600429710462,0.9222387122194329,6.122640625153441,3.634674761282893,,
701,,AK,K222,,HNZ,61.0876,-149.8366,2026-09-12T21:30:00.000000Z,2026-09-12T21:31:00.000000Z,100.0,200.0,60.0,,noise,0,Noise,events:arr_summer_2026.csv,AK,2.0-20.0,17.43581841688142,147.5437219425694,16.96294676849176,160.03222086371784,0.9464941270285407,6.685878415474754,9.166678410359328,,
702,,AK,K222,,HNZ,61.0876,-149.8366,2026-09-12T21:31:00.000000Z,2026-09-12T21:32:00.000000Z,100.0,200.0,60.0,,noise,0,Noise,events:arr_summer_2026.csv,AK,2.0-20.0,15.727554731896698,105.95089311226926,15.028954301638997,116.18254128366883,0.91313526913211,4.34296656356349,3.0512333925706807,,
703,,AK,K222,,HNZ,61.0876,-149.8366,2026-09-12T21:32:00.000000Z,2026-09-12T21:33:00.000000Z,100.0,200.0,60.0,,noise,0,Noise,events:arr_summer_2026.csv,AK,2.0-20.0,21.169109631896653,176.8267818334261,20.735739991575528,173.19685260663823,0.9594755073885123,4.970387455209659,7.382340556659372,,
704,,AK,K222,,HNZ,61.0876,-149.8366,2026-09-12T21:33:00.000000Z,2026-09-12T21:34:00.000000Z,100.0,200.0,60.0,,noise,0,Noise,events:arr_summer_2026.csv,AK,2.0-20.0,15.321620811566836,81.61876146065725,15.006789292486062,83.29477107546501,0.95932585533123,4.31658885075526,1.9819219431743935,,
705,,AK,K222,,HNZ,61.0876,-149.8366,2026-09-12T21:34:00.000000Z,2026-09-12T21:35:00.000000Z,100.0,200.0,60.0,,noise,0,Noise,events:arr_summer_2026.csv,AK,2.0-20.0,21.171297083444088,105.53533128796602,20.672275895430765,104.18909758450503,0.9534142797463661,3.8094701354248883,1.2406678099625363,,
706,,AK,K222,,HNZ,61.0876,-149.8366,2026-09-12T21:35:00.000000Z,2026-09-12T21:36:00.000000Z,100.0,200.0,60.0,,noise,0,Noise,events:arr_summer_2026.csv,AK,2.0-20.0,24.366957935095748,234.50000654421487,23.79466064694344,233.61148916132777,0.9535783968221795,4.907230585445949,8.219642771164578,,
707,,AK,K222,,HNZ,61.0876,-149.8366,2026-09-12T21:36:00.000000Z,2026-09-12T21:37:00.000000Z,100.0,200.0,60.0,,noise,0,Noise,events:arr_summer_2026.csv,AK,2.0-20.0,17.074179523873333,122.31964135043687,16.210057008396774,114.99476550668658,0.9013415622903607,5.053087197269911,4.615732962621382,,
708,,AK,K222,,HNZ,61.0876,-149.8366,2026-09-12T21:37:00.000000Z,2026-09-12T21:38:00.000000Z,100.0,200.0,60.0,,noise,0,Noise,events:arr_summer_2026.csv,AK,2.0-20.0,17.6029543504258,110.97385850749278,16.9122238364081,112.58445371926331,0.923060805298282,4.653663829778832,5.415955387901624,,
709,,AK,K222,,HNZ,61.0876,-149.8366,2026-09-12T21:38:00.000000Z,2026-09-12T21:39:00.000000Z,100.0,200.0,60.0,,noise,0,Noise,events:arr_summer_2026.csv,AK,2.0-20.0,12.568689750996226,122.00221695322183,12.231702348907968,125.44014549428546,0.9470955504020895,3.4500465948821066,9.179519607308999,,
710,,AK,K222,,HNZ,61.0876,-149.8366,2026-09-12T21:39:00.000000Z,2026-09-12T21:40:00.000000Z,100.0,200.0,60.0,,noise,0,Noise,events:arr_summer_2026.csv,AK,2.0-20.0,11.420352766976228,111.25433154358146,11.207835317972163,118.05230786969733,0.9631289644125702,7.023413005225187,11.518778013312971,,
711,,AK,K222,,HNZ,61.0876,-149.8366,2026-09-12T21:40:00.000000Z,2026-09-12T21:41:00.000000Z,100.0,200.0,60.0,,noise,0,Noise,events:arr_summer_2026.csv,AK,2.0-20.0,13.975041477312493,120.54287003159612,13.739406494390716,127.83174860840874,0.96656203885616,5.847571655619257,6.883909658653561,,
712,,AK,K222,,HNZ,61.0876,-149.8366,2026-09-12T21:41:00.000000Z,2026-09-12T21:42:00.000000Z,100.0,200.0,60.0,,noise,0,Noise,events:arr_summer_2026.csv,AK,2.0-20.0,13.474492605806054,92.9782855035554,13.24244516659757,98.93995697172107,0.9658540957508894,4.358241756973294,3.9974958259277313,,
713,,AK,K222,,HNZ,61.0876,-149.8366,2026-09-12T21:42:00.000000Z,2026-09-12T21:43:00.000000Z,100.0,200.0,60.0,,noise,0,Noise,events:arr_summer_2026.csv,AK,2.0-20.0,11.056069072711635,82.5359264745561,10.562232170217017,81.41169979060767,0.9126619245712011,4.4456952445117786,5.956261612917762,,
714,,AK,K222,,HNZ,61.0876,-149.8366,2026-09-12T21:43:00.000000Z,2026-09-12T21:44:00.000000Z,100.0,200.0,60.0,,noise,0,Noise,events:arr_summer_2026.csv,AK,2.0-20.0,16.165924943994362,127.2154880228699,15.820162640512383,109.5803154037894,0.957680780559439,6.8498732822532995,5.667179037132307,,
715,,AK,K222,,HNZ,61.0876,-149.8366,2026-09-12T21:44:00.000000Z,2026-09-12T21:45:00.000000Z,100.0,200.0,60.0,,noise,0,Noise,events:arr_summer_2026.csv,AK,2.0-20.0,17.90792103858568,113.55324894229842,17.49848833256201,112.9410452053386,0.9547962903671828,4.606415433222784,1.9516871663476394,,
716,,AK,K222,,HNZ,61.0876,-149.8366,2026-09-12T21:45:00.000000Z,2026-09-12T21:46:00.000000Z,100.0,200.0,60.0,,noise,0,Noise,events:arr_summer_2026.csv,AK,2.0-20.0,13.995104199565427,94.87180851302114,13.742264528568834,92.72966255416245,0.9641938024222788,5.321305232716429,3.3845527072146258,,
717,,AK,K222,,HNZ,61.0876,-149.8366,2026-09-12T21:46:00.000000Z,2026-09-12T21:47:00.000000Z,100.0,200.0,60.0,,noise,0,Noise,events:arr_summer_2026.csv,AK,2.0-20.0,9.9641469014187,115.15528135950674,9.688473911769242,129.02095800281307,0.9454324509523997,7.8335561640424745,20.481927968882612,,
718,,AK,K222,,HNZ,61.0876,-149.8366,2026-09-12T21:47:00.000000Z,2026-09-12T21:48:00.000000Z,100.0,200.0,60.0,,noise,0,Noise,events:arr_summer_2026.csv,AK,2.0-20.0,19.436868179735256,136.14157238001042,18.60770159599189,152.28035998986684,0.916500881639503,6.44066610875155,6.728926026674749,,
719,,AK,K222,,HNZ,61.0876,-149.8366,2026-09-12T21:48:00.000000Z,2026-09-12T21:49:00.000000Z,100.0,200.0,60.0,,noise,0,Noise,events:arr_summer_2026.csv,AK,2.0-20.0,17.389904607816945,175.67806125168903,17.070677189825815,178.28110136759852,0.9636228734258481,7.776566819720974,12.630033836629734,,
720,,AK,K222,,HNZ,61.0876,-149.8366,2026-09-12T21:49:00.000000Z,2026-09-12T21:50:00.000000Z,100.0,200.0,60.0,,noise,0,Noise,events:arr_summer_2026.csv,AK,2.0-20.0,12.146925311526132,95.17017386073007,11.840409794302422,88.59558319786517,0.9501687541280343,4.645005611694851,5.744641122438523,,
721,,AK,K222,,HNZ,61.0876,-149.8366,2026-09-12T21:50:00.000000Z,2026-09-12T21:51:00.000000Z,100.0,200.0,60.0,,noise,0,Noise,events:arr_summer_2026.csv,AK,2.0-20.0,16.45339734187927,112.81800869718715,16.03277301986972,108.90535559013784,0.9495243724244461,4.2851985855588985,3.929501667328852,,
722,,AK,K222,,HNZ,61.0876,-149.8366,2026-09-12T21:51:00.000000Z,2026-09-12T21:52:00.000000Z,100.0,200.0,60.0,,noise,0,Noise,events:arr_summer_2026.csv,AK,2.0-20.0,14.232064828362917,135.93776543205365,13.863317896549248,129.28158310742427,0.9488521313360003,5.925506292156282,9.61313850438799,,
723,,AK,K222,,HNZ,61.0876,-149.8366,2026-09-12T21:52:00.000000Z,2026-09-12T21:53:00.000000Z,100.0,200.0,60.0,,noise,0,Noise,events:arr_summer_2026.csv,AK,2.0-20.0,10.707482789513582,105.60825869993192,10.365839833826291,99.4311374386574,0.9372041828069313,4.681868523353917,6.384744792225106,,
724,,AK,K222,,HNZ,61.0876,-149.8366,2026-09-12T21:53:00.000000Z,2026-09-12T21:54:00.000000Z,100.0,200.0,60.0,,noise,0,Noise,events:arr_summer_2026.csv,AK,2.0-20.0,13.271983508793582,129.53987992394343,12.932380571261154,132.59779894042828,0.9494788303943997,5.452971506242593,6.475038716988289,,
725,,AK,K222,,HNZ,61.0876,-149.8366,2026-09-12T21:54:00.000000Z,2026-09-12T21:55:00.000000Z,100.0,200.0,60.0,,noise,0,Noise,events:arr_summer_2026.csv,AK,2.0-20.0,14.251127877920217,85.61427805799794,13.894591496043487,90.13141118497394,0.9505896725551944,4.693266166998562,3.307495591483245,,
726,,AK,K222,,HNZ,61.0876,-149.8366,2026-09-12T21:55:00.000000Z,2026-09-12T21:56:00.000000Z,100.0,200.0,60.0,,noise,0,Noise,events:arr_summer_2026.csv,AK,2.0-20.0,12.989435838135527,91.47047683187262,12.70666877983623,89.13330541294286,0.9569358849118628,4.395923838406922,3.7682847678384377,,
727,,AK,K222,,HNZ,61.0876,-149.8366,2026-09-12T21:56:00.000000Z,2026-09-12T21:57:00.000000Z,100.0,200.0,60.0,,noise,0,Noise,events:arr_summer_2026.csv,AK,2.0-20.0,16.97590434663696,165.21081099339585,16.661120966720688,144.24052718781044,0.9632579370156861,5.695207101995637,6.24577017470876,,
728,,AK,K222,,HNZ,61.0876,-149.8366,2026-09-12T21:57:00.000000Z,2026-09-12T21:58:00.000000Z,100.0,200.0,60.0,,noise,0,Noise,events:arr_summer_2026.csv,AK,2.0-20.0,13.014974279505278,72.19538100385431,12.633584573145598,75.31909924521514,0.9422508884877386,3.5069129941493644,1.6298359035972085,,
729,,AK,K222,,HNZ,61.0876,-149.8366,2026-09-12T21:58:00.000000Z,2026-09-12T21:59:00.000000Z,100.0,200.0,60.0,,noise,0,Noise,events:arr_summer_2026.csv,AK,2.0-20.0,12.3660416605143,120.10078113605825,11.95026667264123,116.08551673036466,0.9338858238360036,5.74950976716711,5.78875990847671,,
730,,AK,K222,,HNZ,61.0876,-149.8366,2026-09-12T21:59:00.000000Z,2026-09-12T22:00:00.000000Z,100.0,200.0,60.0,,noise,0,Noise,events:arr_summer_2026.csv,AK,2.0-20.0,11.87985251414471,97.42338321114107,11.364234456909065,100.49576442479369,0.9150783327642402,5.264580064885411,5.341641053997499,,
731,,AK,K222,,HNZ,61.0876,-149.8366,2026-09-12T22:00:00.000000Z,2026-09-12T22:01:00.000000Z,100.0,200.0,60.0,,noise,0,Noise,events:arr_summer_2026.csv,AK,2.0-20.0,11.733408726536002,109.17636971781091,10.95385017250658,95.6995291891121,0.8715357251330594,5.389951184517163,7.184666251596807,,
732,,AK,K222,,HNZ,61.0876,-149.8366,2026-09-12T22:01:00.000000Z,2026-09-12T22:02:00.000000Z,100.0,200.0,60.0,,noise,0,Noise,events:arr_summer_2026.csv,AK,2.0-20.0,18.386890114153395,143.38486640600132,18.087291267953372,129.05962589889776,0.9676771885549685,6.234758507729782,6.805972129210385,,
733,,AK,K222,,HNZ,61.0876,-149.8366,2026-09-12T22:02:00.000000Z,2026-09-12T22:03:00.000000Z,100.0,200.0,60.0,,noise,0,Noise,events:arr_summer_2026.csv,AK,2.0-20.0,15.77049388682103,112.51565816414332,15.422005824220296,106.78977363119921,0.956293352345225,3.730973516317735,4.822824625092904,,
734,,AK,K222,,HNZ,61.0876,-149.8366,2026-09-12T22:03:00.000000Z,2026-09-12T22:04:00.000000Z,100.0,200.0,60.0,,noise,0,Noise,events:arr_summer_2026.csv,AK,2.0-20.0,18.317913997474776,168.3063926190877,18.00785414027181,175.84885548257427,0.9664333254441095,5.420564048123885,5.963110628119429,,
735,,AK,K222,,HNZ,61.0876,-149.8366,2026-09-12T22:04:00.000000Z,2026-09-12T22:05:00.000000Z,100.0,200.0,60.0,,noise,0,Noise,events:arr_summer_2026.csv,AK,2.0-20.0,15.136628022116797,102.71045755692235,14.826677185014775,90.82850797696094,0.9594655527758239,3.2365178740962413,2.351019945908531,,
736,,AK,K222,,HNZ,61.0876,-149.8366,2026-09-12T22:05:00.000000Z,2026-09-12T22:06:00.000000Z,100.0,200.0,60.0,,noise,0,Noise,events:arr_summer_2026.csv,AK,2.0-20.0,13.654949803979806,87.50530485698108,13.347037960503789,76.96958189309473,0.9554095439631258,3.233572144290153,1.9549400156048584,,
737,,AK,K222,,HNZ,61.0876,-149.8366,2026-09-12T22:06:00.000000Z,2026-09-12T22:07:00.000000Z,100.0,200.0,60.0,,noise,0,Noise,events:arr_summer_2026.csv,AK,2.0-20.0,15.91987795497136,129.0947464404393,15.537531070243107,110.55436997054113,0.9525429173354423,4.104507088429527,2.997394292954171,,
738,,AK,K222,,HNZ,61.0876,-149.8366,2026-09-12T22:07:00.000000Z,2026-09-12T22:08:00.000000Z,100.0,200.0,60.0,,noise,0,Noise,events:arr_summer_2026.csv,AK,2.0-20.0,17.345140255422283,213.08938495230865,17.03042584222604,222.3493360211001,0.9640407305505013,6.170947586777058,16.096450244584474,,
739,,AK,K222,,HNZ,61.0876,-149.8366,2026-09-12T22:08:00.000000Z,2026-09-12T22:09:00.000000Z,100.0,200.0,60.0,,noise,0,Noise,events:arr_summer_2026.csv,AK,2.0-20.0,12.230780934797684,95.76772381187388,11.94469844181145,76.63752360840908,0.9537663691640222,4.092174483318325,2.3460739251842746,,
740,,AK,K222,,HNZ,61.0876,-149.8366,2026-09-12T22:09:00.000000Z,2026-09-12T22:10:00.000000Z,100.0,200.0,60.0,,noise,0,Noise,events:arr_summer_2026.csv,AK,2.0-20.0,11.173812303561993,77.04534070118955,10.91269149289899,82.64164681097819,0.9538081117445667,5.296836158139104,4.464719784565131,,
741,,AK,K222,,HNZ,61.0876,-149.8366,2026-09-12T22:10:00.000000Z,2026-09-12T22:11:00.000000Z,100.0,200.0,60.0,,noise,0,Noise,events:arr_summer_2026.csv,AK,2.0-20.0,11.185416738710284,70.67762191808636,10.802160638525066,69.4862000609656,0.9326461976459393,4.7882002937942705,2.224612739584754,,
742,,AK,K222,,HNZ,61.0876,-149.8366,2026-09-12T22:11:00.000000Z,2026-09-12T22:12:00.000000Z,100.0,200.0,60.0,,noise,0,Noise,events:arr_summer_2026.csv,AK,2.0-20.0,13.421720090212448,91.93456369326796,13.140108190468222,89.13741518831746,0.9584766281766289,3.671357564879983,2.705055978216671,,
743,,AK,K222,,HNZ,61.0876,-149.8366,2026-09-12T22:12:00.000000Z,2026-09-12T22:13:00.000000Z,100.0,200.0,60.0,,noise,0,Noise,events:arr_summer_2026.csv,AK,2.0-20.0,19.394251746928838,151.273511317957,19.041650704852803,147.5091806954606,0.9639691409567032,5.055560085193793,6.899673341113566,,
744,,AK,K222,,HNZ,61.0876,-149.8366,2026-09-12T22:13:00.000000Z,2026-09-12T22:14:00.000000Z,100.0,200.0,60.0,,noise,0,Noise,events:arr_summer_2026.csv,AK,2.0-20.0,13.086490595869908,105.71777420952708,12.762427381718135,101.83934052660615,0.9510868413778579,6.461364906979093,5.926443626530926,,
745,,AK,K222,,HNZ,61.0876,-149.8366,2026-09-12T22:14:00.000000Z,2026-09-12T22:15:00.000000Z,100.0,200.0,60.0,,noise,0,Noise,events:arr_summer_2026.csv,AK,2.0-20.0,12.895052475160565,68.69648087593615,12.511394533608414,68.52849003565649,0.9413805283577624,3.221821557607045,1.1007944335647455,,
746,,AK,K222,,HNZ,61.0876,-149.8366,2026-09-12T22:15:00.000000Z,2026-09-12T22:16:00.000000Z,100.0,200.0,60.0,,noise,0,Noise,events:arr_summer_2026.csv,AK,2.0-20.0,10.606556604012102,121.49485145800779,10.23838255535876,136.78031307341945,0.9317810583985164,4.305934180578452,15.148554382516654,,
747,,AK,K222,,HNZ,61.0876,-149.8366,2026-09-12T22:16:00.000000Z,2026-09-12T22:17:00.000000Z,100.0,200.0,60.0,,noise,0,Noise,events:arr_summer_2026.csv,AK,2.0-20.0,19.70337097208,112.18679912909857,19.235091237840646,120.71220792589646,0.9530318893273326,3.9606734924017784,1.316370861321782,,
748,,AK,K222,,HNZ,61.0876,-149.8366,2026-09-12T22:17:00.000000Z,2026-09-12T22:18:00.000000Z,100.0,200.0,60.0,,noise,0,Noise,events:arr_summer_2026.csv,AK,2.0-20.0,22.659344839340754,219.39419429782765,22.294176888417848,217.66438644999846,0.9680285982558291,5.374612454084784,8.489290620676908,,
749,,AK,K222,,HNZ,61.0876,-149.8366,2026-09-12T22:18:00.000000Z,2026-09-12T22:19:00.000000Z,100.0,200.0,60.0,,noise,0,Noise,events:arr_summer_2026.csv,AK,2.0-20.0,18.27482393663974,104.72873309607881,17.488021765197374,105.08207745725792,0.9157458666701855,3.197827026916622,1.5056080633314561,,
750,,AK,K222,,HNZ,61.0876,-149.8366,2026-09-12T22:19:00.000000Z,2026-09-12T22:20:00.000000Z,100.0,200.0,60.0,,noise,0,Noise,events:arr_summer_2026.csv,AK,2.0-20.0,15.283751585335873,126.50732955626353,14.811677597848666,120.56532131176907,0.9391794041045586,3.8679619209546083,5.408167646605383,,
751,,AK,K222,,HNZ,61.0876,-149.8366,2026-09-12T22:20:00.000000Z,2026-09-12T22:21:00.000000Z,100.0,200.0,60.0,,noise,0,Noise,events:arr_summer_2026.csv,AK,2.0-20.0,15.729028691080773,107.57286516583251,14.97734279035002,101.35856374272045,0.9067044144667009,6.205407832403214,4.698948851392866,,
752,,AK,K222,,HNZ,61.0876,-149.8366,2026-09-12T22:21:00.000000Z,2026-09-12T22:22:00.000000Z,100.0,200.0,60.0,,noise,0,Noise,events:arr_summer_2026.csv,AK,2.0-20.0,14.820858793789162,97.01664994356831,14.276292754862002,92.10137168765092,0.9278636289373391,4.547855108461325,3.023197053421386,,
753,,AK,K222,,HNZ,61.0876,-149.8366,2026-09-12T22:22:00.000000Z,2026-09-12T22:23:00.000000Z,100.0,200.0,60.0,,noise,0,Noise,events:arr_summer_2026.csv,AK,2.0-20.0,16.09217726139125,161.33384340700206,15.601826181301378,132.35170123835127,0.9399857170762819,5.314411068682916,7.660893190486426,,
754,,AK,K222,,HNZ,61.0876,-149.8366,2026-09-12T22:23:00.000000Z,2026-09-12T22:24:00.000000Z,100.0,200.0,60.0,,noise,0,Noise,events:arr_summer_2026.csv,AK,2.0-20.0,12.927339579222608,109.66810966674365,12.382181236457384,104.74799542665995,0.917436466538546,4.841036141679004,6.6298363039899595,,
755,,AK,K222,,HNZ,61.0876,-149.8366,2026-09-12T22:27:00.000000Z,2026-09-12T22:28:00.000000Z,100.0,200.0,60.0,,noise,0,Noise,events:arr_summer_2026.csv,AK,2.0-20.0,22.325508872771184,183.19867446440887,22.009443578864918,194.116274131743,0.9718861499805053,6.476543733963531,7.20216409453737,,
756,,AK,K222,,HNZ,61.0876,-149.8366,2026-09-12T22:28:00.000000Z,2026-09-12T22:29:00.000000Z,100.0,200.0,60.0,,noise,0,Noise,events:arr_summer_2026.csv,AK,2.0-20.0,14.372332910351535,113.32216664205568,13.841741327814734,107.42757710341873,0.9275277701569051,4.091859269917401,4.210581527334083,,
757,,AK,K222,,HNZ,61.0876,-149.8366,2026-09-12T22:29:00.000000Z,2026-09-12T22:30:00.000000Z,100.0,200.0,60.0,,noise,0,Noise,events:arr_summer_2026.csv,AK,2.0-20.0,18.871477881915922,135.01713340054394,18.497726989456595,135.9965072482848,0.9607821057835269,4.624454927637436,4.095468079777723,,
758,,AK,K222,,HNZ,61.0876,-149.8366,2026-09-12T22:30:00.000000Z,2026-09-12T22:31:00.000000Z,100.0,200.0,60.0,,noise,0,Noise,events:arr_summer_2026.csv,AK,2.0-20.0,19.193095808071284,92.81502653706242,18.31019807078663,91.22046330845492,0.910114476022609,5.002428182864717,1.386971945060293,,
759,,AK,K222,,HNZ,61.0876,-149.8366,2026-09-12T22:31:00.000000Z,2026-09-12T22:32:00.000000Z,100.0,200.0,60.0,,noise,0,Noise,events:arr_summer_2026.csv,AK,2.0-20.0,12.170761416084611,106.89132270371229,11.64747568942467,102.67312016854235,0.9158579662020988,4.050174320698442,5.119697567176512,,
760,,AK,K222,,HNZ,61.0876,-149.8366,2026-09-12T22:32:00.000000Z,2026-09-12T22:33:00.000000Z,100.0,200.0,60.0,,noise,0,Noise,events:arr_summer_2026.csv,AK,2.0-20.0,22.25905298467786,187.61281751339402,21.784025139418564,191.48957382563577,0.9577736673028291,5.59004365973917,9.399167759636864,,
761,,AK,K222,,HNZ,61.0876,-149.8366,2026-09-12T22:33:00.000000Z,2026-09-12T22:34:00.000000Z,100.0,200.0,60.0,,noise,0,Noise,events:arr_summer_2026.csv,AK,2.0-20.0,16.5444977101159,134.60892365181306,16.10703532727253,128.44805507290937,0.947816029743347,5.147935184472078,4.66582115941895,,
762,,AK,K222,,HNZ,61.0876,-149.8366,2026-09-12T22:34:00.000000Z,2026-09-12T22:35:00.000000Z,100.0,200.0,60.0,,noise,0,Noise,events:arr_summer_2026.csv,AK,2.0-20.0,19.00056143669946,95.17732219611123,18.4043117092207,105.04945776386256,0.93822346974257,4.167306964914933,3.0180258583792785,,
763,,AK,K222,,HNZ,61.0876,-149.8366,2026-09-12T22:35:00.000000Z,2026-09-12T22:36:00.000000Z,100.0,200.0,60.0,,noise,0,Noise,events:arr_summer_2026.csv,AK,2.0-20.0,13.122434403474207,91.8017423416584,12.52246088421232,88.03360738306455,0.9106480177428553,5.604978497892156,4.515738480924231,,
764,,AK,K222,,HNZ,61.0876,-149.8366,2026-09-12T22:36:00.000000Z,2026-09-12T22:37:00.000000Z,100.0,200.0,60.0,,noise,0,Noise,events:arr_summer_2026.csv,AK,2.0-20.0,16.859291472789863,121.41125894558122,16.244979688842502,133.3228379312428,0.9284525369888672,5.527031664718266,4.953252839284415,,
765,,AK,K222,,HNZ,61.0876,-149.8366,2026-09-12T22:37:00.000000Z,2026-09-12T22:38:00.000000Z,100.0,200.0,60.0,,noise,0,Noise,events:arr_summer_2026.csv,AK,2.0-20.0,21.416414695971117,157.75853325952286,20.044769845709915,151.05477855316656,0.8760090899519264,4.679797209388151,5.970949601327209,,
766,,AK,K222,,HNZ,61.0876,-149.8366,2026-09-12T22:38:00.000000Z,2026-09-12T22:39:00.000000Z,100.0,200.0,60.0,,noise,0,Noise,events:arr_summer_2026.csv,AK,2.0-20.0,15.589725507541237,94.37299638707195,15.211247003981589,92.90963015544324,0.9520345293725941,3.172153479943699,3.0287166479836607,,
767,,AK,K222,,HNZ,61.0876,-149.8366,2026-09-12T22:39:00.000000Z,2026-09-12T22:40:00.000000Z,100.0,200.0,60.0,,noise,0,Noise,events:arr_summer_2026.csv,AK,2.0-20.0,17.271157044652963,129.20008960999667,16.845386565692714,117.95328374024196,0.9513035047578037,5.00448810722545,3.684600034169547,,
768,,AK,K222,,HNZ,61.0876,-149.8366,2026-09-12T22:40:00.000000Z,2026-09-12T22:41:00.000000Z,100.0,200.0,60.0,,noise,0,Noise,events:arr_summer_2026.csv,AK,2.0-20.0,10.606232268711778,76.84179009301032,10.295048260771495,71.71559262513946,0.9421813566706732,5.173834769451879,7.7775518234135195,,
769,,AK,K222,,HNZ,61.0876,-149.8366,2026-09-12T22:41:00.000000Z,2026-09-12T22:42:00.000000Z,100.0,200.0,60.0,,noise,0,Noise,events:arr_summer_2026.csv,AK,2.0-20.0,13.48175547608597,59.00720044909315,13.114062059684496,56.57712686912262,0.9461970229648975,4.7935448279895185,1.0991020496758015,,
770,,AK,K222,,HNZ,61.0876,-149.8366,2026-09-12T22:42:00.000000Z,2026-09-12T22:43:00.000000Z,100.0,200.0,60.0,,noise,0,Noise,events:arr_summer_2026.csv,AK,2.0-20.0,11.297240917114184,85.78830420721252,10.786196978390475,86.02676317750226,0.9115739663323548,4.935914860427012,4.839060520544171,,
771,,AK,K222,,HNZ,61.0876,-149.8366,2026-09-12T22:43:00.000000Z,2026-09-12T22:44:00.000000Z,100.0,200.0,60.0,,noise,0,Noise,events:arr_summer_2026.csv,AK,2.0-20.0,9.983908170963037,72.18765220984203,9.590114228631862,68.98468373017306,0.9226700095664111,4.641195003770669,4.549141282765009,,
772,,AK,K222,,HNZ,61.0876,-149.8366,2026-09-12T22:44:00.000000Z,2026-09-12T22:45:00.000000Z,100.0,200.0,60.0,,noise,0,Noise,events:arr_summer_2026.csv,AK,2.0-20.0,28.148636411292348,263.58521961411316,27.109664226483556,240.68321329200865,0.9275419365092937,4.347719750782398,10.589510582222598,,
773,,AK,K222,,HNZ,61.0876,-149.8366,2026-09-12T22:45:00.000000Z,2026-09-12T22:46:00.000000Z,100.0,200.0,60.0,,noise,0,Noise,events:arr_summer_2026.csv,AK,2.0-20.0,17.200941949196636,132.93230310767086,16.73528372663727,141.9224647609584,0.9465895354951505,6.048443416275953,5.173565775484667,,
774,,AK,K222,,HNZ,61.0876,-149.8366,2026-09-12T22:46:00.000000Z,2026-09-12T22:47:00.000000Z,100.0,200.0,60.0,,noise,0,Noise,events:arr_summer_2026.csv,AK,2.0-20.0,18.796376789808697,141.1222679911845,18.453375082681834,160.6316589731805,0.9638364229588308,6.530338688110044,7.201779942056456,,
775,,AK,K222,,HNZ,61.0876,-149.8366,2026-09-12T22:47:00.000000Z,2026-09-12T22:48:00.000000Z,100.0,200.0,60.0,,noise,0,Noise,events:arr_summer_2026.csv,AK,2.0-20.0,16.906656349722276,176.5483396539056,16.475489330284795,161.40501587376028,0.9496447992771313,4.82147881085384,8.58390562570441,,
776,,AK,K222,,HNZ,61.0876,-149.8366,2026-09-12T22:48:00.000000Z,2026-09-12T22:49:00.000000Z,100.0,200.0,60.0,,noise,0,Noise,events:arr_summer_2026.csv,AK,2.0-20.0,19.71748369689427,122.1577767854041,18.916023649476372,127.1147012350294,0.9203578392320388,4.546861657850801,2.859349783392071,,
777,,AK,K222,,HNZ,61.0876,-149.8366,2026-09-12T22:49:00.000000Z,2026-09-12T22:50:00.000000Z,100.0,200.0,60.0,,noise,0,Noise,events:arr_summer_2026.csv,AK,2.0-20.0,18.73020056165039,156.1663908257713,18.084397972255978,185.98956106965608,0.9322303886139183,6.395628341482388,11.412571057440797,,
778,,AK,K222,,HNZ,61.0876,-149.8366,2026-09-12T22:50:00.000000Z,2026-09-12T22:51:00.000000Z,100.0,200.0,60.0,,noise,0,Noise,events:arr_summer_2026.csv,AK,2.0-20.0,13.073661726138248,103.42118222632315,12.287061338297413,102.73228364526909,0.8832864441821638,4.10862174133393,5.585753752463521,,
779,,AK,K222,,HNZ,61.0876,-149.8366,2026-09-12T22:51:00.000000Z,2026-09-12T22:52:00.000000Z,100.0,200.0,60.0,,noise,0,Noise,events:arr_summer_2026.csv,AK,2.0-20.0,23.430749605124536,230.0599250280653,22.648421913836355,190.00367061646273,0.934336957934085,5.677731572274608,9.541976710142354,,
780,,AK,K222,,HNZ,61.0876,-149.8366,2026-09-12T22:52:00.000000Z,2026-09-12T22:53:00.000000Z,100.0,200.0,60.0,,noise,0,Noise,events:arr_summer_2026.csv,AK,2.0-20.0,16.658050861357818,108.73503229740258,15.800503526748424,111.80402172006538,0.8996912294226428,4.336001722543964,3.05558064990029,,
781,,AK,K222,,HNZ,61.0876,-149.8366,2026-09-12T22:53:00.000000Z,2026-09-12T22:54:00.000000Z,100.0,200.0,60.0,,noise,0,Noise,events:arr_summer_2026.csv,AK,2.0-20.0,29.619253054985673,216.79170378432048,28.78125743587148,220.10581728211537,0.9442159312753717,4.665599273437325,4.967379864201518,,
782,,AK,K222,,HNZ,61.0876,-149.8366,2026-09-12T22:54:00.000000Z,2026-09-12T22:55:00.000000Z,100.0,200.0,60.0,,noise,0,Noise,events:arr_summer_2026.csv,AK,2.0-20.0,17.31318047346986,100.86982359546079,16.51054124189408,104.89162552728553,0.9094292292389585,4.65429347425049,3.149106449956604,,
783,,AK,K222,,HNZ,61.0876,-149.8366,2026-09-12T22:55:00.000000Z,2026-09-12T22:56:00.000000Z,100.0,200.0,60.0,,noise,0,Noise,events:arr_summer_2026.csv,AK,2.0-20.0,18.875824688960503,153.49150678695676,18.27521632591096,134.61941354003227,0.9373746029172564,4.281118828357527,3.957223285820553,,
784,,AK,K222,,HNZ,61.0876,-149.8366,2026-09-12T22:56:00.000000Z,2026-09-12T22:57:00.000000Z,100.0,200.0,60.0,,noise,0,Noise,events:arr_summer_2026.csv,AK,2.0-20.0,13.302822747628946,93.05855600162054,12.808343432893967,81.34573909347121,0.9270396701575752,4.322993160695994,2.9058335878518546,,
785,,AK,K222,,HNZ,61.0876,-149.8366,2026-09-12T22:57:00.000000Z,2026-09-12T22:58:00.000000Z,100.0,200.0,60.0,,noise,0,Noise,events:arr_summer_2026.csv,AK,2.0-20.0,16.391424418909196,129.79293431929815,15.77136919722029,112.57326076644696,0.9257749084205902,4.371133839989813,5.716633290260869,,
786,,AK,K222,,HNZ,61.0876,-149.8366,2026-09-12T22:58:00.000000Z,2026-09-12T22:59:00.000000Z,100.0,200.0,60.0,,noise,0,Noise,events:arr_summer_2026.csv,AK,2.0-20.0,16.34463416078632,131.86269730537495,15.665038677843084,137.64723137998624,0.9185705858216597,4.513006858955847,4.5030363446581045,,
787,,AK,K222,,HNZ,61.0876,-149.8366,2026-09-12T22:59:00.000000Z,2026-09-12T23:00:00.000000Z,100.0,200.0,60.0,,noise,0,Noise,events:arr_summer_2026.csv,AK,2.0-20.0,15.639284177790149,118.91977441528239,14.93485547243645,117.40033991320254,0.9119442850388974,4.140451195981259,6.163881435763239,,
788,,AK,K222,,HNZ,61.0876,-149.8366,2026-09-12T23:00:00.000000Z,2026-09-12T23:01:00.000000Z,100.0,200.0,60.0,,noise,0,Noise,events:arr_summer_2026.csv,AK,2.0-20.0,14.93428942870775,135.84778261546805,14.303107484042583,130.99972733015025,0.9172583564805469,5.844387661484296,9.234272527289296,,
789,,AK,K222,,HNZ,61.0876,-149.8366,2026-09-12T23:01:00.000000Z,2026-09-12T23:02:00.000000Z,100.0,200.0,60.0,,noise,0,Noise,events:arr_summer_2026.csv,AK,2.0-20.0,14.257543628421802,110.6014025032294,13.802880730677328,99.57874564469108,0.9372383530242623,6.628607785311526,6.624131897827398,,
790,,AK,K222,,HNZ,61.0876,-149.8366,2026-09-12T23:02:00.000000Z,2026-09-12T23:03:00.000000Z,100.0,200.0,60.0,,noise,0,Noise,events:arr_summer_2026.csv,AK,2.0-20.0,16.646794047173977,138.51514259720727,16.06920511065652,139.4342910308304,0.9318104473637637,4.312288620582303,4.2440428142724596,,
791,,AK,K222,,HNZ,61.0876,-149.8366,2026-09-12T23:03:00.000000Z,2026-09-12T23:04:00.000000Z,100.0,200.0,60.0,,noise,0,Noise,events:arr_summer_2026.csv,AK,2.0-20.0,30.207869905249026,362.19879409741793,29.668404844107812,327.66585895931235,0.9646020680095285,5.813474923670256,20.74863864552512,,
792,,AK,K222,,HNZ,61.0876,-149.8366,2026-09-12T23:04:00.000000Z,2026-09-12T23:05:00.000000Z,100.0,200.0,60.0,,noise,0,Noise,events:arr_summer_2026.csv,AK,2.0-20.0,18.01960740558047,98.4617861711981,17.524173274251424,98.06106299889987,0.9457675913283138,3.7876887100067096,1.8793203420199012,,
793,,AK,K222,,HNZ,61.0876,-149.8366,2026-09-12T23:05:00.000000Z,2026-09-12T23:06:00.000000Z,100.0,200.0,60.0,,noise,0,Noise,events:arr_summer_2026.csv,AK,2.0-20.0,18.605919798232364,145.24570356454586,18.032250651930042,143.54347951272007,0.9392854217684888,5.27031702645854,5.583244348615018,,
794,,AK,K222,,HNZ,61.0876,-149.8366,2026-09-12T23:06:00.000000Z,2026-09-12T23:07:00.000000Z,100.0,200.0,60.0,,noise,0,Noise,events:arr_summer_2026.csv,AK,2.0-20.0,24.651396902870204,137.92228529123463,23.955575867846093,143.76281453257133,0.9443438629978633,5.7177988582096395,2.150692228505193,,
795,,AK,K222,,HNZ,61.0876,-149.8366,2026-09-12T23:07:00.000000Z,2026-09-12T23:08:00.000000Z,100.0,200.0,60.0,,noise,0,Noise,events:arr_summer_2026.csv,AK,2.0-20.0,16.973561515072305,87.29391236942493,16.678440859832154,81.53242540981353,0.9655281524853275,4.441715489466336,1.0846218200912903,,
796,,AK,K222,,HNZ,61.0876,-149.8366,2026-09-12T23:08:00.000000Z,2026-09-12T23:09:00.000000Z,100.0,200.0,60.0,,noise,0,Noise,events:arr_summer_2026.csv,AK,2.0-20.0,21.554302258603617,125.77030913498362,21.156855580248077,136.52735521120056,0.9634613683733844,4.888197928044753,2.162769673136294,,
797,,AK,K222,,HNZ,61.0876,-149.8366,2026-09-12T23:09:00.000000Z,2026-09-12T23:10:00.000000Z,100.0,200.0,60.0,,noise,0,Noise,events:arr_summer_2026.csv,AK,2.0-20.0,31.431145561658138,254.17558744024936,31.00423971111581,259.9188989363573,0.973019966610099,4.623893322398596,10.532862594880907,,
798,,AK,K222,,HNZ,61.0876,-149.8366,2026-09-12T23:10:00.000000Z,2026-09-12T23:11:00.000000Z,100.0,200.0,60.0,,noise,0,Noise,events:arr_summer_2026.csv,AK,2.0-20.0,14.261563286358733,91.81030459402992,13.4541242294335,88.47129047340073,0.8899725260883011,3.417368568911469,3.1825823882069306,,
799,,AK,K222,,HNZ,61.0876,-149.8366,2026-09-12T23:11:00.000000Z,2026-09-12T23:12:00.000000Z,100.0,200.0,60.0,,noise,0,Noise,events:arr_summer_2026.csv,AK,2.0-20.0,17.651804925867317,151.49397065637686,17.072609971076687,137.1589950020013,0.9354521965030516,3.2475687635937462,3.5606036983770837,,
800,,AK,K222,,HNZ,61.0876,-149.8366,2026-09-12T23:12:00.000000Z,2026-09-12T23:13:00.000000Z,100.0,200.0,60.0,,noise,0,Noise,events:arr_summer_2026.csv,AK,2.0-20.0,14.462254515092651,132.83974672791828,14.11052955379313,123.77809728844854,0.9519510668602492,6.0256073346241825,7.683619924461571,,
801,,AK,K222,,HNZ,61.0876,-149.8366,2026-09-12T23:13:00.000000Z,2026-09-12T23:14:00.000000Z,100.0,200.0,60.0,,noise,0,Noise,events:arr_summer_2026.csv,AK,2.0-20.0,16.422541218961058,137.56513849454325,16.086694004624036,127.98818345943894,0.9595174573450416,3.6987027497896503,2.4787821543371837,,
802,,AK,K222,,HNZ,61.0876,-149.8366,2026-09-12T23:14:00.000000Z,2026-09-12T23:15:00.000000Z,100.0,200.0,60.0,,noise,0,Noise,events:arr_summer_2026.csv,AK,2.0-20.0,17.957996485124422,99.4926947474149,17.609907910145555,107.1412434867048,0.9616087473633556,3.5966665344453945,2.214147358758697,,
803,,AK,K222,,HNZ,61.0876,-149.8366,2026-09-12T23:15:00.000000Z,2026-09-12T23:16:00.000000Z,100.0,200.0,60.0,,noise,0,Noise,events:arr_summer_2026.csv,AK,2.0-20.0,19.838340016751435,139.40822283503155,19.458468044986237,133.22120532390812,0.9620699104879336,4.958760551805105,3.023157957545121,,
804,,AK,K222,,HNZ,61.0876,-149.8366,2026-09-12T23:16:00.000000Z,2026-09-12T23:17:00.000000Z,100.0,200.0,60.0,,noise,0,Noise,events:arr_summer_2026.csv,AK,2.0-20.0,16.729662896384514,113.2716089622469,16.382021503429485,113.12975130277559,0.9588719257017839,4.589650074745114,2.591180741801659,,
805,,AK,K222,,HNZ,61.0876,-149.8366,2026-09-12T23:17:00.000000Z,2026-09-12T23:18:00.000000Z,100.0,200.0,60.0,,noise,0,Noise,events:arr_summer_2026.csv,AK,2.0-20.0,23.3816471358657,208.46864334951022,22.785174471659367,208.4987358404344,0.9496301894700736,6.064423367875157,13.409111857376,,
806,,AK,K222,,HNZ,61.0876,-149.8366,2026-09-12T23:18:00.000000Z,2026-09-12T23:19:00.000000Z,100.0,200.0,60.0,,noise,0,Noise,events:arr_summer_2026.csv,AK,2.0-20.0,20.95129913520228,101.96065907557983,20.318545366668584,100.28455157163144,0.9405097686668841,3.702998700386799,1.4017383991057306,,
807,,AK,K222,,HNZ,61.0876,-149.8366,2026-09-12T23:19:00.000000Z,2026-09-12T23:20:00.000000Z,100.0,200.0,60.0,,noise,0,Noise,events:arr_summer_2026.csv,AK,2.0-20.0,15.706083586692335,97.75675934786449,15.276942420165746,99.82834634371318,0.9461000701264495,3.851094122667332,3.460226175432343,,
808,,AK,K222,,HNZ,61.0876,-149.8366,2026-09-12T23:20:00.000000Z,2026-09-12T23:21:00.000000Z,100.0,200.0,60.0,,noise,0,Noise,events:arr_summer_2026.csv,AK,2.0-20.0,9.598552464578004,73.13027745822028,8.839997176090343,84.06827181587059,0.8481892550852564,5.819236985283265,5.920031914174064,,
809,,AK,K222,,HNZ,61.0876,-149.8366,2026-09-12T23:21:00.000000Z,2026-09-12T23:22:00.000000Z,100.0,200.0,60.0,,noise,0,Noise,events:arr_summer_2026.csv,AK,2.0-20.0,16.361232046399483,91.78848794271657,15.668045737838378,106.01021693494144,0.9170597931948237,6.159954795488991,2.641513544882975,,
810,,AK,K222,,HNZ,61.0876,-149.8366,2026-09-12T23:22:00.000000Z,2026-09-12T23:23:00.000000Z,100.0,200.0,60.0,,noise,0,Noise,events:arr_summer_2026.csv,AK,2.0-20.0,16.865374166877253,227.14289350174394,16.212801753080054,234.42749523563162,0.9241110922580897,8.797260479121285,35.6911414032328,,
811,,AK,K222,,HNZ,61.0876,-149.8366,2026-09-12T23:23:00.000000Z,2026-09-12T23:24:00.000000Z,100.0,200.0,60.0,,noise,0,Noise,events:arr_summer_2026.csv,AK,2.0-20.0,18.122907386842876,126.07553169267447,17.403768491703627,125.69983756117622,0.9222121782880858,5.253029773228772,3.184349839707516,,
812,,AK,K222,,HNZ,61.0876,-149.8366,2026-09-12T23:27:00.000000Z,2026-09-12T23:28:00.000000Z,100.0,200.0,60.0,,noise,0,Noise,events:arr_summer_2026.csv,AK,2.0-20.0,10.793331264621212,81.18490692729263,10.402231394863366,82.64078174714376,0.928842348143586,4.140841746493775,3.2975316440450895,,
813,,AK,K222,,HNZ,61.0876,-149.8366,2026-09-12T23:28:00.000000Z,2026-09-12T23:29:00.000000Z,100.0,200.0,60.0,,noise,0,Noise,events:arr_summer_2026.csv,AK,2.0-20.0,15.540844190955188,124.79212961717728,15.243104165264219,133.3574180317002,0.9620499519042072,6.989525696629681,9.337679664058026,,
814,,AK,K222,,HNZ,61.0876,-149.8366,2026-09-12T23:29:00.000000Z,2026-09-12T23:30:00.000000Z,100.0,200.0,60.0,,noise,0,Noise,events:arr_summer_2026.csv,AK,2.0-20.0,13.649240903530554,102.25765240746162,13.049719116931124,102.79152808281526,0.9140823643836241,4.712418653688145,3.507781956262299,,
815,,AK,K222,,HNZ,61.0876,-149.8366,2026-09-12T23:30:00.000000Z,2026-09-12T23:31:00.000000Z,100.0,200.0,60.0,,noise,0,Noise,events:arr_summer_2026.csv,AK,2.0-20.0,18.29635743802486,149.13277387665065,17.993488820370192,144.1352447016785,0.9671670328960408,4.887918740307654,4.762230278053998,,
816,,AK,K222,,HNZ,61.0876,-149.8366,2026-09-12T23:31:00.000000Z,2026-09-12T23:32:00.000000Z,100.0,200.0,60.0,,noise,0,Noise,events:arr_summer_2026.csv,AK,2.0-20.0,20.102026504929643,227.77853817622537,19.412029246325726,247.96237566768306,0.9325286669096311,4.149284836116374,15.08321412182858,,
817,,AK,K222,,HNZ,61.0876,-149.8366,2026-09-12T23:32:00.000000Z,2026-09-12T23:33:00.000000Z,100.0,200.0,60.0,,noise,0,Noise,events:arr_summer_2026.csv,AK,2.0-20.0,19.294079241725967,113.4106685025184,18.875616392342224,120.81393173727344,0.9570930653270189,4.084200232194525,2.1143179408247397,,
818,,AK,K222,,HNZ,61.0876,-149.8366,2026-09-12T23:33:00.000000Z,2026-09-12T23:34:00.000000Z,100.0,200.0,60.0,,noise,0,Noise,events:arr_summer_2026.csv,AK,2.0-20.0,16.2844670660429,121.0135730967466,15.81005220589927,105.15757240918859,0.9425827935607876,5.461942052088597,4.937090007130234,,
819,,AK,K222,,HNZ,61.0876,-149.8366,2026-09-12T23:34:00.000000Z,2026-09-12T23:35:00.000000Z,100.0,200.0,60.0,,noise,0,Noise,events:arr_summer_2026.csv,AK,2.0-20.0,17.854326934173308,162.5016010754715,17.46230765687357,176.138316029952,0.9565690059460917,6.027595447282296,7.3638271658711485,,
820,,AK,K222,,HNZ,61.0876,-149.8366,2026-09-12T23:35:00.000000Z,2026-09-12T23:36:00.000000Z,100.0,200.0,60.0,,noise,0,Noise,events:arr_summer_2026.csv,AK,2.0-20.0,11.010735663678588,71.80223213101432,10.464942729027166,68.9301672856025,0.9033187787192056,5.552976443041276,3.5389201156606047,,
821,,AK,K222,,HNZ,61.0876,-149.8366,2026-09-12T23:36:00.000000Z,2026-09-12T23:37:00.000000Z,100.0,200.0,60.0,,noise,0,Noise,events:arr_summer_2026.csv,AK,2.0-20.0,29.849345459035888,304.1425734027657,29.421588262679837,265.39960344740956,0.9715442871979463,5.67335323046024,17.586283543430884,,
822,,AK,K222,,HNZ,61.0876,-149.8366,2026-09-12T23:37:00.000000Z,2026-09-12T23:38:00.000000Z,100.0,200.0,60.0,,noise,0,Noise,events:arr_summer_2026.csv,AK,2.0-20.0,14.383817300151675,85.69497655844101,14.116225515351633,79.55485992559075,0.9631387573005812,3.4317925366540787,2.7682890688217565,,
823,,AK,K222,,HNZ,61.0876,-149.8366,2026-09-12T23:38:00.000000Z,2026-09-12T23:39:00.000000Z,100.0,200.0,60.0,,noise,0,Noise,events:arr_summer_2026.csv,AK,2.0-20.0,13.043669023782575,97.87164849331285,12.792334349493482,98.58995161975173,0.9618338634055396,6.729351057132355,4.327167088625546,,
824,,AK,K222,,HNZ,61.0876,-149.8366,2026-09-12T23:39:00.000000Z,2026-09-12T23:40:00.000000Z,100.0,200.0,60.0,,noise,0,Noise,events:arr_summer_2026.csv,AK,2.0-20.0,16.439611046805318,107.96890396264477,16.139232590557537,108.11619521327171,0.963790596540752,6.0038689977682,4.1814617858658325,,
825,,AK,K222,,HNZ,61.0876,-149.8366,2026-09-12T23:40:00.000000Z,2026-09-12T23:41:00.000000Z,100.0,200.0,60.0,,noise,0,Noise,events:arr_summer_2026.csv,AK,2.0-20.0,18.63510911009276,186.46112289946703,18.335420548235195,182.57605807419168,0.968094764078928,6.451281496436416,11.877456887459665,,
826,,AK,K222,,HNZ,61.0876,-149.8366,2026-09-12T23:41:00.000000Z,2026-09-12T23:42:00.000000Z,100.0,200.0,60.0,,noise,0,Noise,events:arr_summer_2026.csv,AK,2.0-20.0,12.782513411034591,77.6839652086634,12.44139171512547,76.46364043904228,0.9473389938818622,5.2127338734593085,3.243205270198298,,
827,,AK,K222,,HNZ,61.0876,-149.8366,2026-09-12T23:42:00.000000Z,2026-09-12T23:43:00.000000Z,100.0,200.0,60.0,,noise,0,Noise,events:arr_summer_2026.csv,AK,2.0-20.0,15.210814608614509,94.60814010711381,14.910260850938485,95.25120811042373,0.9608719963841794,5.162255253424507,3.655928331056119,,
828,,AK,K222,,HNZ,61.0876,-149.8366,2026-09-12T23:43:00.000000Z,2026-09-12T23:44:00.000000Z,100.0,200.0,60.0,,noise,0,Noise,events:arr_summer_2026.csv,AK,2.0-20.0,14.38156789440259,129.55153635727228,14.174173743221427,117.32916194760263,0.9713662995919287,5.607174931917621,4.696621296295311,,
829,,AK,K222,,HNZ,61.0876,-149.8366,2026-09-12T23:44:00.000000Z,2026-09-12T23:45:00.000000Z,100.0,200.0,60.0,,noise,0,Noise,events:arr_summer_2026.csv,AK,2.0-20.0,14.78062480926044,196.5356313029954,14.497695788047732,214.12507732599474,0.9620826416438016,5.871686650639879,24.58906244816386,,
830,,AK,K222,,HNZ,61.0876,-149.8366,2026-09-12T23:45:00.000000Z,2026-09-12T23:46:00.000000Z,100.0,200.0,60.0,,noise,0,Noise,events:arr_summer_2026.csv,AK,2.0-20.0,8.004628577520055,57.37123519161565,7.79559469667269,52.55734917257383,0.9484536951896521,5.196924448586038,4.77272007532034,,
831,,AK,K222,,HNZ,61.0876,-149.8366,2026-09-12T23:46:00.000000Z,2026-09-12T23:47:00.000000Z,100.0,200.0,60.0,,noise,0,Noise,events:arr_summer_2026.csv,AK,2.0-20.0,14.043990104661296,114.48615817892036,13.806597320160698,121.37186779532215,0.9664787006244623,5.949340190971633,7.3767678046109015,,
832,,AK,K222,,HNZ,61.0876,-149.8366,2026-09-12T23:47:00.000000Z,2026-09-12T23:48:00.000000Z,100.0,200.0,60.0,,noise,0,Noise,events:arr_summer_2026.csv,AK,2.0-20.0,13.148171889181075,95.5662383156234,12.914922333875882,92.05840514000998,0.9648345602792001,4.663324867201978,2.7642115717746085,,
833,,AK,K222,,HNZ,61.0876,-149.8366,2026-09-12T23:48:00.000000Z,2026-09-12T23:49:00.000000Z,100.0,200.0,60.0,,noise,0,Noise,events:arr_summer_2026.csv,AK,2.0-20.0,13.458061836936217,79.51584885322623,13.216276880561129,66.9055590949979,0.9643911540585322,4.079223763003152,1.8656132897677766,,
834,,AK,K222,,HNZ,61.0876,-149.8366,2026-09-12T23:49:00.000000Z,2026-09-12T23:50:00.000000Z,100.0,200.0,60.0,,noise,0,Noise,events:arr_summer_2026.csv,AK,2.0-20.0,9.871496488390983,67.70660685162164,9.611436358734153,69.7588153344278,0.9480049359373551,4.116989426848322,4.84294321514181,,
835,,AK,K222,,HNZ,61.0876,-149.8366,2026-09-12T23:50:00.000000Z,2026-09-12T23:51:00.000000Z,100.0,200.0,60.0,,noise,0,Noise,events:arr_summer_2026.csv,AK,2.0-20.0,11.375543968070602,95.99300902913778,11.010025271103732,88.3760144122873,0.9367685133794902,6.392301319873334,7.79116499098367,,
836,,AK,K222,,HNZ,61.0876,-149.8366,2026-09-12T23:51:00.000000Z,2026-09-12T23:52:00.000000Z,100.0,200.0,60.0,,noise,0,Noise,events:arr_summer_2026.csv,AK,2.0-20.0,21.59371722140067,210.98749900562652,21.16722010913679,208.30284221936054,0.9608881380062166,5.14014581636041,10.895043555666472,,
837,,AK,K222,,HNZ,61.0876,-149.8366,2026-09-12T23:52:00.000000Z,2026-09-12T23:53:00.000000Z,100.0,200.0,60.0,,noise,0,Noise,events:arr_summer_2026.csv,AK,2.0-20.0,13.76462941603205,90.64659873614768,13.565928454885984,98.4399965842237,0.9713371469163667,4.923235730340849,4.344399762329207,,
838,,AK,K222,,HNZ,61.0876,-149.8366,2026-09-12T23:53:00.000000Z,2026-09-12T23:54:00.000000Z,100.0,200.0,60.0,,noise,0,Noise,events:arr_summer_2026.csv,AK,2.0-20.0,14.955091150813836,150.8828352034001,14.698198223256409,145.20019274445812,0.9659398234388434,6.597278793855656,7.89860544677663,,
839,,AK,K222,,HNZ,61.0876,-149.8366,2026-09-12T23:54:00.000000Z,2026-09-12T23:55:00.000000Z,100.0,200.0,60.0,,noise,0,Noise,events:arr_summer_2026.csv,AK,2.0-20.0,16.878839816755942,159.67007297529398,16.60614912438575,161.48331884214502,0.9679494644249479,6.695773994570857,10.119247342009954,,
840,,AK,K222,,HNZ,61.0876,-149.8366,2026-09-12T23:55:00.000000Z,2026-09-12T23:56:00.000000Z,100.0,200.0,60.0,,noise,0,Noise,events:arr_summer_2026.csv,AK,2.0-20.0,13.6777793211004,132.245947124159,13.43078049244794,145.79851662475423,0.9642093031456345,5.9410227549344246,11.38876963455595,,
841,,AK,K222,,HNZ,61.0876,-149.8366,2026-09-12T23:56:00.000000Z,2026-09-12T23:57:00.000000Z,100.0,200.0,60.0,,noise,0,Noise,events:arr_summer_2026.csv,AK,2.0-20.0,18.483752349635278,131.42737432125966,17.19405896056498,115.24269953132966,0.8653196005521449,4.76373148761286,3.460931997472466,,
842,,AK,K222,,HNZ,61.0876,-149.8366,2026-09-12T23:57:00.000000Z,2026-09-12T23:58:00.000000Z,100.0,200.0,60.0,,noise,0,Noise,events:arr_summer_2026.csv,AK,2.0-20.0,218.42519200994747,2259.749779248052,200.79592169772127,2198.60753806917,0.8450926473362557,3.9164050445449163,12.92160834263315,,
843,,AK,K222,,HNZ,61.0876,-149.8366,2026-09-12T23:58:00.000000Z,2026-09-12T23:59:00.000000Z,100.0,200.0,60.0,,noise,0,Noise,events:arr_summer_2026.csv,AK,2.0-20.0,18.163389888731782,108.12583795868844,17.82002843830233,102.89535556370026,0.962549282573053,5.78972406255763,2.847575880028206,,
844,,AK,K222,,HNZ,61.0876,-149.8366,2026-09-12T23:59:00.000000Z,2026-09-13T00:00:00.000000Z,100.0,200.0,60.0,,noise,0,Noise,events:arr_summer_2026.csv,AK,2.0-20.0,25.966801466766455,187.07548060717386,25.579667742827464,190.28540349396872,0.9704046818599072,5.477495427830029,9.657366265966756,,
845,,AK,K222,,HNZ,61.0876,-149.8366,2026-09-13T00:00:00.000000Z,2026-09-13T00:01:00.000000Z,100.0,200.0,60.0,,noise,0,Noise,events:arr_summer_2026.csv,AK,2.0-20.0,16.351131049919488,149.53638391982906,16.10208156531077,161.26488529341282,0.9697693320025687,5.814344678610073,10.80641017942086,,
846,,AK,K222,,HNZ,61.0876,-149.8366,2026-09-13T00:01:00.000000Z,2026-09-13T00:02:00.000000Z,100.0,200.0,60.0,,noise,0,Noise,events:arr_summer_2026.csv,AK,2.0-20.0,11.406721801060144,96.80722956852651,10.951031755719628,96.62759002841884,0.9216974317300972,4.669641782449927,6.509214728667892,,
847,,AK,K222,,HNZ,61.0876,-149.8366,2026-09-13T00:02:00.000000Z,2026-09-13T00:03:00.000000Z,100.0,200.0,60.0,,noise,0,Noise,events:arr_summer_2026.csv,AK,2.0-20.0,12.697893848774843,81.96687383932567,12.388675539453159,77.38156120554696,0.9518891430994079,4.998152604275345,5.284611649998464,,
848,,AK,K222,,HNZ,61.0876,-149.8366,2026-09-13T00:03:00.000000Z,2026-09-13T00:04:00.000000Z,100.0,200.0,60.0,,noise,0,Noise,events:arr_summer_2026.csv,AK,2.0-20.0,8.629845966927565,58.731803926708956,8.110008517476858,53.14324008733308,0.8831541873504477,4.119226080388949,2.7211508442512446,,
849,,AK,K222,,HNZ,61.0876,-149.8366,2026-09-13T00:04:00.000000Z,2026-09-13T00:05:00.000000Z,100.0,200.0,60.0,,noise,0,Noise,events:arr_summer_2026.csv,AK,2.0-20.0,12.200518824164263,93.48978876230039,11.805841206082409,93.63867092496173,0.9363479764327739,5.3519210331053255,5.481510759505088,,
850,,AK,K222,,HNZ,61.0876,-149.8366,2026-09-13T00:05:00.000000Z,2026-09-13T00:06:00.000000Z,100.0,200.0,60.0,,noise,0,Noise,events:arr_summer_2026.csv,AK,2.0-20.0,17.381906937525113,168.97541666054263,17.151954780350497,177.60803470341827,0.9737162218457984,4.500716983796325,7.4192420168513085,,
851,,AK,K222,,HNZ,61.0876,-149.8366,2026-09-13T00:06:00.000000Z,2026-09-13T00:07:00.000000Z,100.0,200.0,60.0,,noise,0,Noise,events:arr_summer_2026.csv,AK,2.0-20.0,12.593695475099823,60.662690669189,12.321676279992417,65.28583927484864,0.9572672789643527,2.879429767947037,0.714234665535538,,
852,,AK,K222,,HNZ,61.0876,-149.8366,2026-09-13T00:07:00.000000Z,2026-09-13T00:08:00.000000Z,100.0,200.0,60.0,,noise,0,Noise,events:arr_summer_2026.csv,AK,2.0-20.0,11.563378818211746,69.16323719106457,11.302875776010938,74.53322103167565,0.9554509623113179,5.22604210878656,4.453731150573072,,
853,,AK,K222,,HNZ,61.0876,-149.8366,2026-09-13T00:08:00.000000Z,2026-09-13T00:09:00.000000Z,100.0,200.0,60.0,,noise,0,Noise,events:arr_summer_2026.csv,AK,2.0-20.0,12.459169762020593,65.91216906430776,12.207541336055026,57.059438670990616,0.9600154013075097,4.638274516561952,1.4949736955578512,,
854,,AK,K222,,HNZ,61.0876,-149.8366,2026-09-13T00:09:00.000000Z,2026-09-13T00:10:00.000000Z,100.0,200.0,60.0,,noise,0,Noise,events:arr_summer_2026.csv,AK,2.0-20.0,10.34105667681271,86.08700270449972,10.072058924395472,87.26784786531445,0.9486514588425323,4.534537014505249,4.1735542241898775,,
855,,AK,K222,,HNZ,61.0876,-149.8366,2026-09-13T00:10:00.000000Z,2026-09-13T00:11:00.000000Z,100.0,200.0,60.0,,noise,0,Noise,events:arr_summer_2026.csv,AK,2.0-20.0,14.563833464001938,139.01477875457144,14.282829362028622,140.3789509373322,0.9617829791245073,3.717529634233057,5.92288754709822,,
856,,AK,K222,,HNZ,61.0876,-149.8366,2026-09-13T00:11:00.000000Z,2026-09-13T00:12:00.000000Z,100.0,200.0,60.0,,noise,0,Noise,events:arr_summer_2026.csv,AK,2.0-20.0,10.535115038059116,65.0320920704597,10.191427002986945,64.55306969542929,0.9358180806707226,3.578344957515797,2.505167044337168,,
857,,AK,K222,,HNZ,61.0876,-149.8366,2026-09-13T00:12:00.000000Z,2026-09-13T00:13:00.000000Z,100.0,200.0,60.0,,noise,0,Noise,events:arr_summer_2026.csv,AK,2.0-20.0,14.649040140078807,153.95800275922258,14.40460770216472,152.42004180000254,0.9669066167025968,5.438252715505439,11.958332169462139,,
858,,AK,K222,,HNZ,61.0876,-149.8366,2026-09-13T00:13:00.000000Z,2026-09-13T00:14:00.000000Z,100.0,200.0,60.0,,noise,0,Noise,events:arr_summer_2026.csv,AK,2.0-20.0,10.185823086322591,121.21923525348424,9.88929916354401,108.59584241070411,0.9426246063951254,4.930733260609223,12.412826740180245,,
859,,AK,K222,,HNZ,61.0876,-149.8366,2026-09-13T00:14:00.000000Z,2026-09-13T00:15:00.000000Z,100.0,200.0,60.0,,noise,0,Noise,events:arr_summer_2026.csv,AK,2.0-20.0,19.005052755765195,124.67541888450585,18.647835933859607,132.9071509622218,0.962761511587106,6.485301685964881,5.5488033980078555,,
860,,AK,K222,,HNZ,61.0876,-149.8366,2026-09-13T00:15:00.000000Z,2026-09-13T00:16:00.000000Z,100.0,200.0,60.0,,noise,0,Noise,events:arr_summer_2026.csv,AK,2.0-20.0,16.130870199677133,135.6972650330539,15.870007921563156,135.64837269596268,0.9679182843459365,5.713288788766567,6.61526663536238,,
861,,AK,K222,,HNZ,61.0876,-149.8366,2026-09-13T00:16:00.000000Z,2026-09-13T00:17:00.000000Z,100.0,200.0,60.0,,noise,0,Noise,events:arr_summer_2026.csv,AK,2.0-20.0,15.232478736614922,152.144449491714,14.925761774315749,134.67590922617566,0.9601340026458944,3.658889361458071,5.812392297227264,,
862,,AK,K222,,HNZ,61.0876,-149.8366,2026-09-13T00:17:00.000000Z,2026-09-13T00:18:00.000000Z,100.0,200.0,60.0,,noise,0,Noise,events:arr_summer_2026.csv,AK,2.0-20.0,19.755629236862713,143.9976788567516,19.321796253822765,165.5610887842781,0.9565623044739207,4.401654225917401,4.319790495574196,,
863,,AK,K222,,HNZ,61.0876,-149.8366,2026-09-13T00:18:00.000000Z,2026-09-13T00:19:00.000000Z,100.0,200.0,60.0,,noise,0,Noise,events:arr_summer_2026.csv,AK,2.0-20.0,28.644188919007718,247.95328637680507,27.910298759509924,269.879836306643,0.9494146128538198,7.083852530991809,9.43339586520492,,
864,,AK,K222,,HNZ,61.0876,-149.8366,2026-09-13T00:19:00.000000Z,2026-09-13T00:20:00.000000Z,100.0,200.0,60.0,,noise,0,Noise,events:arr_summer_2026.csv,AK,2.0-20.0,21.76527737533569,144.66595368542838,21.451764205009702,154.20397581951983,0.9713989214045268,5.280613725815466,4.945143180917472,,
865,,AK,K222,,HNZ,61.0876,-149.8366,2026-09-13T00:20:00.000000Z,2026-09-13T00:21:00.000000Z,100.0,200.0,60.0,,noise,0,Noise,events:arr_summer_2026.csv,AK,2.0-20.0,34.02534337663563,275.20624612091694,33.56583431828415,268.48739780584174,0.9731725708089177,4.927819204809582,8.22666508697345,,
866,,AK,K222,,HNZ,61.0876,-149.8366,2026-09-13T00:21:00.000000Z,2026-09-13T00:22:00.000000Z,100.0,200.0,60.0,,noise,0,Noise,events:arr_summer_2026.csv,AK,2.0-20.0,17.476221601205644,93.85263469156993,16.919986244550437,87.95341161201571,0.9373567805377243,3.4986395260614183,1.297641301241228,,
867,,AK,K222,,HNZ,61.0876,-149.8366,2026-09-13T00:22:00.000000Z,2026-09-13T00:23:00.000000Z,100.0,200.0,60.0,,noise,0,Noise,events:arr_summer_2026.csv,AK,2.0-20.0,32.75432594626066,255.34905337653146,32.12926672620688,259.71922180257286,0.9621976566881739,4.487322850493578,7.694775022619574,,
868,,AK,K222,,HNZ,61.0876,-149.8366,2026-09-13T00:23:00.000000Z,2026-09-13T00:24:00.000000Z,100.0,200.0,60.0,,noise,0,Noise,events:arr_summer_2026.csv,AK,2.0-20.0,10.676051057311044,66.65242066996497,10.100843800912074,65.22580942274806,0.8951463111403233,5.029430086040264,3.747161100713159,,
869,,AK,K222,,HNZ,61.0876,-149.8366,2026-09-13T00:27:00.000000Z,2026-09-13T00:28:00.000000Z,100.0,200.0,60.0,,noise,0,Noise,events:arr_summer_2026.csv,AK,2.0-20.0,22.894876575786736,184.2989108393112,22.5493639880284,205.95172581949666,0.9700452215954836,5.455344347461012,5.928765863981514,,
870,,AK,K222,,HNZ,61.0876,-149.8366,2026-09-13T00:28:00.000000Z,2026-09-13T00:29:00.000000Z,100.0,200.0,60.0,,noise,0,Noise,events:arr_summer_2026.csv,AK,2.0-20.0,12.697666654720065,92.04255810456019,12.214739326091685,98.11897247228815,0.925380967774144,6.001125376060345,5.273630505389011,,
871,,AK,K222,,HNZ,61.0876,-149.8366,2026-09-13T00:29:00.000000Z,2026-09-13T00:30:00.000000Z,100.0,200.0,60.0,,noise,0,Noise,events:arr_summer_2026.csv,AK,2.0-20.0,22.84119412545547,126.11384195137624,22.51962584450177,126.5765539600539,0.9720413311117033,3.700082234682171,4.599708182676392,,
872,,AK,K222,,HNZ,61.0876,-149.8366,2026-09-13T00:30:00.000000Z,2026-09-13T00:31:00.000000Z,100.0,200.0,60.0,,noise,0,Noise,events:arr_summer_2026.csv,AK,2.0-20.0,11.941553884126645,69.23431046682302,11.582901878695706,65.9185480641658,0.9408341425139947,4.394878346233174,2.813643599615763,,
873,,AK,K222,,HNZ,61.0876,-149.8366,2026-09-13T00:31:00.000000Z,2026-09-13T00:32:00.000000Z,100.0,200.0,60.0,,noise,0,Noise,events:arr_summer_2026.csv,AK,2.0-20.0,15.04846451236208,95.88470589154626,14.611420884429217,92.65546275676394,0.9427586478121603,5.269259729846242,2.1277653362320175,,
874,,AK,K222,,HNZ,61.0876,-149.8366,2026-09-13T00:32:00.000000Z,2026-09-13T00:33:00.000000Z,100.0,200.0,60.0,,noise,0,Noise,events:arr_summer_2026.csv,AK,2.0-20.0,15.241196031614905,128.79547693276808,14.735767429378159,129.73947579190786,0.9347757107032132,4.603669113820248,9.669022904099979,,
875,,AK,K222,,HNZ,61.0876,-149.8366,2026-09-13T00:33:00.000000Z,2026-09-13T00:34:00.000000Z,100.0,200.0,60.0,,noise,0,Noise,events:arr_summer_2026.csv,AK,2.0-20.0,11.229300524400113,79.61553742474823,10.858461105487626,81.8584113411946,0.9350420681813582,5.26183764405058,5.456114050240844,,
876,,AK,K222,,HNZ,61.0876,-149.8366,2026-09-13T00:34:00.000000Z,2026-09-13T00:35:00.000000Z,100.0,200.0,60.0,,noise,0,Noise,events:arr_summer_2026.csv,AK,2.0-20.0,18.419891165213617,170.70466144841913,18.03411314007397,179.5194867460412,0.9585515202182585,5.066300678893979,10.652981069252425,,
877,,AK,K222,,HNZ,61.0876,-149.8366,2026-09-13T00:36:00.000000Z,2026-09-13T00:37:00.000000Z,100.0,200.0,60.0,,noise,0,Noise,events:arr_summer_2026.csv,AK,2.0-20.0,24.61700129897103,143.03680577771658,22.980392014965435,157.2621627329923,0.8714542026629863,4.870739968902909,3.382409068424569,,
878,,AK,K222,,HNZ,61.0876,-149.8366,2026-09-13T00:37:00.000000Z,2026-09-13T00:38:00.000000Z,100.0,200.0,60.0,,noise,0,Noise,events:arr_summer_2026.csv,AK,2.0-20.0,12.606856717966476,99.41050226116653,11.89331182102382,83.21779918085797,0.890004037923128,4.108192942905129,3.664458950865078,,
879,,AK,K222,,HNZ,61.0876,-149.8366,2026-09-13T00:38:00.000000Z,2026-09-13T00:39:00.000000Z,100.0,200.0,60.0,,noise,0,Noise,events:arr_summer_2026.csv,AK,2.0-20.0,15.667684812059756,116.46946326701612,15.215030188379707,127.86640002287149,0.9430527466841075,3.3250505198624625,5.938418120467551,,
880,,AK,K222,,HNZ,61.0876,-149.8366,2026-09-13T00:39:00.000000Z,2026-09-13T00:40:00.000000Z,100.0,200.0,60.0,,noise,0,Noise,events:arr_summer_2026.csv,AK,2.0-20.0,12.309764297278733,94.31952058659175,11.573265172837484,114.41816437548428,0.8839187236106852,5.949973703712636,7.849841364818355,,
881,,AK,K222,,HNZ,61.0876,-149.8366,2026-09-13T00:40:00.000000Z,2026-09-13T00:41:00.000000Z,100.0,200.0,60.0,,noise,0,Noise,events:arr_summer_2026.csv,AK,2.0-20.0,12.708164727492314,89.28666453472363,12.328208403971395,88.91629799955403,0.9410967278698404,5.285649734532639,4.751800751008814,,
882,,AK,K222,,HNZ,61.0876,-149.8366,2026-09-13T00:41:00.000000Z,2026-09-13T00:42:00.000000Z,100.0,200.0,60.0,,noise,0,Noise,events:arr_summer_2026.csv,AK,2.0-20.0,18.03597659824037,154.64001727727614,17.71701952207034,152.4587501061932,0.9649437580953651,5.4114225060569865,6.7914920016385505,,
883,,AK,K222,,HNZ,61.0876,-149.8366,2026-09-13T00:42:00.000000Z,2026-09-13T00:43:00.000000Z,100.0,200.0,60.0,,noise,0,Noise,events:arr_summer_2026.csv,AK,2.0-20.0,17.986298519882194,97.10000228523462,17.476781044689112,100.30779836959088,0.9441463015522773,4.832520765598737,2.5261029738186735,,
884,,AK,K222,,HNZ,61.0876,-149.8366,2026-09-13T00:43:00.000000Z,2026-09-13T00:44:00.000000Z,100.0,200.0,60.0,,noise,0,Noise,events:arr_summer_2026.csv,AK,2.0-20.0,15.848550374169825,132.28358590323631,15.551559187244337,133.78253751145124,0.9628725060251407,6.511164336711603,5.941855071501459,,
885,,AK,K222,,HNZ,61.0876,-149.8366,2026-09-13T00:44:00.000000Z,2026-09-13T00:45:00.000000Z,100.0,200.0,60.0,,noise,0,Noise,events:arr_summer_2026.csv,AK,2.0-20.0,17.40316361864641,97.84887106421851,17.006412447840795,106.31459520351825,0.9549244398379892,3.8035459846482884,2.6033048590248278,,
886,,AK,K222,,HNZ,61.0876,-149.8366,2026-09-13T00:45:00.000000Z,2026-09-13T00:46:00.000000Z,100.0,200.0,60.0,,noise,0,Noise,events:arr_summer_2026.csv,AK,2.0-20.0,16.16139108504063,122.96508686595644,15.451060694032469,114.0506223468309,0.914027195018486,5.831778162326718,3.8934693355000993,,
887,,AK,K222,,HNZ,61.0876,-149.8366,2026-09-13T00:46:00.000000Z,2026-09-13T00:47:00.000000Z,100.0,200.0,60.0,,noise,0,Noise,events:arr_summer_2026.csv,AK,2.0-20.0,15.223588901054956,144.5650034300207,14.624015856494394,115.40269301505347,0.9227821883757589,3.7905839884850745,5.026127204142778,,
888,,AK,K222,,HNZ,61.0876,-149.8366,2026-09-13T00:47:00.000000Z,2026-09-13T00:48:00.000000Z,100.0,200.0,60.0,,noise,0,Noise,events:arr_summer_2026.csv,AK,2.0-20.0,14.350495039738895,75.24081538989506,13.982411787836504,85.17454418231236,0.9493588657019019,7.171544595054953,3.021801195834013,,
889,,AK,K222,,HNZ,61.0876,-149.8366,2026-09-13T00:48:00.000000Z,2026-09-13T00:49:00.000000Z,100.0,200.0,60.0,,noise,0,Noise,events:arr_summer_2026.csv,AK,2.0-20.0,19.33952152433617,203.453632402919,19.066773001460522,230.9148940636435,0.9719925631663245,7.424358168299935,12.688738462706873,,
890,,AK,K222,,HNZ,61.0876,-149.8366,2026-09-13T00:49:00.000000Z,2026-09-13T00:50:00.000000Z,100.0,200.0,60.0,,noise,0,Noise,events:arr_summer_2026.csv,AK,2.0-20.0,13.762998778516065,95.31532875702477,13.368391525159147,101.96545493298302,0.9434788525192702,3.6676897267430855,2.668999626466521,,
891,,AK,K222,,HNZ,61.0876,-149.8366,2026-09-13T00:50:00.000000Z,2026-09-13T00:51:00.000000Z,100.0,200.0,60.0,,noise,0,Noise,events:arr_summer_2026.csv,AK,2.0-20.0,16.36673606426803,96.99127743152283,16.10681817310361,107.65129952010528,0.9684904760536749,3.6733830864701638,2.285631410648425,,
892,,AK,K222,,HNZ,61.0876,-149.8366,2026-09-13T00:51:00.000000Z,2026-09-13T00:52:00.000000Z,100.0,200.0,60.0,,noise,0,Noise,events:arr_summer_2026.csv,AK,2.0-20.0,17.83828714506903,182.59077361997834,17.58103574213591,186.315364049119,0.9713653614591847,7.223776473969813,12.92150031980935,,
893,,AK,K222,,HNZ,61.0876,-149.8366,2026-09-13T00:52:00.000000Z,2026-09-13T00:53:00.000000Z,100.0,200.0,60.0,,noise,0,Noise,events:arr_summer_2026.csv,AK,2.0-20.0,14.88023675609259,170.42588918705206,14.574736487018626,167.0290571797123,0.9593602949612434,6.663828821207477,13.243094974873479,,
894,,AK,K222,,HNZ,61.0876,-149.8366,2026-09-13T00:53:00.000000Z,2026-09-13T00:54:00.000000Z,100.0,200.0,60.0,,noise,0,Noise,events:arr_summer_2026.csv,AK,2.0-20.0,18.394523169726174,201.58999054970025,18.07787074244767,213.97479612486467,0.9658673488225178,6.373164875048534,14.863112195048465,,
895,,AK,K222,,HNZ,61.0876,-149.8366,2026-09-13T00:54:00.000000Z,2026-09-13T00:55:00.000000Z,100.0,200.0,60.0,,noise,0,Noise,events:arr_summer_2026.csv,AK,2.0-20.0,15.53439084191267,111.83360031291596,15.228682747292291,135.5204441183828,0.9610284026166115,4.181120996903469,4.0254057637623974,,
896,,AK,K222,,HNZ,61.0876,-149.8366,2026-09-13T00:55:00.000000Z,2026-09-13T00:56:00.000000Z,100.0,200.0,60.0,,noise,0,Noise,events:arr_summer_2026.csv,AK,2.0-20.0,17.80986301569064,125.16776520304813,17.216282397224308,112.85353088929469,0.9344532896752538,4.835853963217933,3.1166001946741266,,
897,,AK,K222,,HNZ,61.0876,-149.8366,2026-09-13T00:56:00.000000Z,2026-09-13T00:57:00.000000Z,100.0,200.0,60.0,,noise,0,Noise,events:arr_summer_2026.csv,AK,2.0-20.0,322.0746040799775,2645.1028842717024,302.251985443659,2307.01305925114,0.8806946568793386,5.982204835967581,7.76673666292087,,
898,,AK,K222,,HNZ,61.0876,-149.8366,2026-09-13T00:57:00.000000Z,2026-09-13T00:58:00.000000Z,100.0,200.0,60.0,,noise,0,Noise,events:arr_summer_2026.csv,AK,2.0-20.0,32.006350514621886,245.18585723627953,31.139725406129557,255.85739077006264,0.9465798232206812,5.105689209873951,11.2365623105431,,
899,,AK,K222,,HNZ,61.0876,-149.8366,2026-09-13T00:58:00.000000Z,2026-09-13T00:59:00.000000Z,100.0,200.0,60.0,,noise,0,Noise,events:arr_summer_2026.csv,AK,2.0-20.0,13.782910987916644,115.81642664382399,13.276803924292421,104.35636054856073,0.9279085579835891,3.787726376811296,6.92939415450155,,
900,,AK,K222,,HNZ,61.0876,-149.8366,2026-09-13T01:02:00.000000Z,2026-09-13T01:03:00.000000Z,100.0,200.0,60.0,,noise,0,Noise,events:arr_summer_2026.csv,AK,2.0-20.0,19.394287842570254,199.86035593223238,19.019629464398086,196.27279606137085,0.9617372330975809,6.1093264784688195,8.98436530299111,,
901,,AK,K222,,HNZ,61.0876,-149.8366,2026-09-13T01:03:00.000000Z,2026-09-13T01:04:00.000000Z,100.0,200.0,60.0,,noise,0,Noise,events:arr_summer_2026.csv,AK,2.0-20.0,13.88527820022608,117.71446313576045,13.563563094850961,116.97055884153289,0.9541978043276466,3.0495938046676256,4.047454748979064,,
902,,AK,K222,,HNZ,61.0876,-149.8366,2026-09-13T01:04:00.000000Z,2026-09-13T01:05:00.000000Z,100.0,200.0,60.0,,noise,0,Noise,events:arr_summer_2026.csv,AK,2.0-20.0,16.0588501962325,100.45751258778827,15.738041871903052,100.74991916904528,0.96044499826961,3.9081171649194846,3.448667827138369,,
903,,AK,K222,,HNZ,61.0876,-149.8366,2026-09-13T01:05:00.000000Z,2026-09-13T01:06:00.000000Z,100.0,200.0,60.0,,noise,0,Noise,events:arr_summer_2026.csv,AK,2.0-20.0,16.207840030696,134.37871711627398,15.932224272414619,129.46522562740154,0.9662789955296166,6.627153721492162,4.208381809887175,,
904,,AK,K222,,HNZ,61.0876,-149.8366,2026-09-13T01:06:00.000000Z,2026-09-13T01:07:00.000000Z,100.0,200.0,60.0,,noise,0,Noise,events:arr_summer_2026.csv,AK,2.0-20.0,15.829994681322635,95.48465678052759,15.46995196445963,98.37210278418304,0.9550286329493786,3.517795132709171,2.3378584146972914,,
905,,AK,K222,,HNZ,61.0876,-149.8366,2026-09-13T01:07:00.000000Z,2026-09-13T01:08:00.000000Z,100.0,200.0,60.0,,noise,0,Noise,events:arr_summer_2026.csv,AK,2.0-20.0,11.97303448625738,80.3270422210752,11.621298892573437,88.392192033463,0.9421083985700183,4.650771240671284,3.77931626648183,,
906,,AK,K222,,HNZ,61.0876,-149.8366,2026-09-13T01:08:00.000000Z,2026-09-13T01:09:00.000000Z,100.0,200.0,60.0,,noise,0,Noise,events:arr_summer_2026.csv,AK,2.0-20.0,19.68622053345042,136.97260392973487,17.40652788096516,115.24123846306162,0.7818070965104889,3.7263526709222834,3.77108700742368,,
907,,AK,K222,,HNZ,61.0876,-149.8366,2026-09-13T01:09:00.000000Z,2026-09-13T01:10:00.000000Z,100.0,200.0,60.0,,noise,0,Noise,events:arr_summer_2026.csv,AK,2.0-20.0,13.800010694835109,88.67268837378931,13.352850722251398,98.65067825130197,0.9362442031739502,5.3448731294504706,3.9564208758999557,,
908,,AK,K222,,HNZ,61.0876,-149.8366,2026-09-13T01:10:00.000000Z,2026-09-13T01:11:00.000000Z,100.0,200.0,60.0,,noise,0,Noise,events:arr_summer_2026.csv,AK,2.0-20.0,15.724561499888669,107.16477525142234,15.400555551994442,99.4047801277743,0.9592143968370098,5.490022017685431,4.148926727296087,,
909,,AK,K222,,HNZ,61.0876,-149.8366,2026-09-13T01:11:00.000000Z,2026-09-13T01:12:00.000000Z,100.0,200.0,60.0,,noise,0,Noise,events:arr_summer_2026.csv,AK,2.0-20.0,11.767136685623562,88.70646224785608,11.422748062865171,94.28384412982767,0.94232258477968,7.044257739054171,5.062334874052093,,
910,,AK,K222,,HNZ,61.0876,-149.8366,2026-09-13T01:12:00.000000Z,2026-09-13T01:13:00.000000Z,100.0,200.0,60.0,,noise,0,Noise,events:arr_summer_2026.csv,AK,2.0-20.0,17.142662377005713,100.2279664718424,16.798222228590777,95.22251107065975,0.9602185708411908,2.8509797929535026,1.1011876122393396,,
911,,AK,K222,,HNZ,61.0876,-149.8366,2026-09-13T01:13:00.000000Z,2026-09-13T01:14:00.000000Z,100.0,200.0,60.0,,noise,0,Noise,events:arr_summer_2026.csv,AK,2.0-20.0,13.74533872423819,113.16374416252565,13.371974646944421,114.12519535432678,0.9464119076216798,5.034824487609551,3.6132760599164717,,
912,,AK,K222,,HNZ,61.0876,-149.8366,2026-09-13T01:14:00.000000Z,2026-09-13T01:15:00.000000Z,100.0,200.0,60.0,,noise,0,Noise,events:arr_summer_2026.csv,AK,2.0-20.0,12.316468326818075,98.84209550283879,12.02456875465373,100.31440170119538,0.9531618052841953,4.739795076682259,6.0576705352075795,,
913,,AK,K222,,HNZ,61.0876,-149.8366,2026-09-13T01:15:00.000000Z,2026-09-13T01:16:00.000000Z,100.0,200.0,60.0,,noise,0,Noise,events:arr_summer_2026.csv,AK,2.0-20.0,12.840349343683274,87.19324462730688,12.30693602583669,94.29071850565057,0.9186418086146194,5.943614434650729,3.555838603399514,,
914,,AK,K222,,HNZ,61.0876,-149.8366,2026-09-13T01:16:00.000000Z,2026-09-13T01:17:00.000000Z,100.0,200.0,60.0,,noise,0,Noise,events:arr_summer_2026.csv,AK,2.0-20.0,16.109767097497638,117.15642255825817,15.49850384188699,120.87046541873045,0.9255524335603825,4.748272365014315,5.007083953474433,,
915,,AK,K222,,HNZ,61.0876,-149.8366,2026-09-13T01:17:00.000000Z,2026-09-13T01:18:00.000000Z,100.0,200.0,60.0,,noise,0,Noise,events:arr_summer_2026.csv,AK,2.0-20.0,12.689523442093238,76.24251208103406,12.421655949694722,82.44987102103848,0.9582269199737156,6.736755942178716,4.716195226903379,,
916,,AK,K222,,HNZ,61.0876,-149.8366,2026-09-13T01:18:00.000000Z,2026-09-13T01:19:00.000000Z,100.0,200.0,60.0,,noise,0,Noise,events:arr_summer_2026.csv,AK,2.0-20.0,17.80677434871101,143.80758221556937,17.476847318257597,149.08551698705594,0.9632869433641866,6.665091341329122,6.314585078156458,,
917,,AK,K222,,HNZ,61.0876,-149.8366,2026-09-13T01:19:00.000000Z,2026-09-13T01:20:00.000000Z,100.0,200.0,60.0,,noise,0,Noise,events:arr_summer_2026.csv,AK,2.0-20.0,12.289066880712271,63.82688769786852,11.973508993132485,70.80340399626388,0.9493034820635635,3.903552723599344,2.850026231391613,,
918,,AK,K222,,HNZ,61.0876,-149.8366,2026-09-13T01:20:00.000000Z,2026-09-13T01:21:00.000000Z,100.0,200.0,60.0,,noise,0,Noise,events:arr_summer_2026.csv,AK,2.0-20.0,13.540277081585844,92.65983726594561,13.155380477835012,77.60904247406212,0.9439559388238419,4.660125520674837,2.451517674796505,,
919,,AK,K222,,HNZ,61.0876,-149.8366,2026-09-13T01:21:00.000000Z,2026-09-13T01:22:00.000000Z,100.0,200.0,60.0,,noise,0,Noise,events:arr_summer_2026.csv,AK,2.0-20.0,16.946627010847905,81.13974573058329,16.4393486488488,83.51483756568987,0.9410282699991916,4.510569714069111,1.153479022303431,,
920,,AK,K222,,HNZ,61.0876,-149.8366,2026-09-13T01:22:00.000000Z,2026-09-13T01:23:00.000000Z,100.0,200.0,60.0,,noise,0,Noise,events:arr_summer_2026.csv,AK,2.0-20.0,18.196364121684255,112.809597633843,17.651187669108854,120.2434176437367,0.9409761746648853,4.105479530856375,3.302924376067698,,
921,,AK,K222,,HNZ,61.0876,-149.8366,2026-09-13T01:23:00.000000Z,2026-09-13T01:24:00.000000Z,100.0,200.0,60.0,,noise,0,Noise,events:arr_summer_2026.csv,AK,2.0-20.0,20.4681681711233,117.1037481282301,20.135313670003725,134.06766290326578,0.967740342070918,4.858830427413209,2.771902971211235,,
922,,AK,K222,,HNZ,61.0876,-149.8366,2026-09-13T01:24:00.000000Z,2026-09-13T01:25:00.000000Z,100.0,200.0,60.0,,noise,0,Noise,events:arr_summer_2026.csv,AK,2.0-20.0,17.845771238940163,148.24247744387102,17.538521556607456,146.71386420964407,0.9658625309450135,6.208563861622009,5.3293883391168855,,
923,,AK,K222,,HNZ,61.0876,-149.8366,2026-09-13T01:27:00.000000Z,2026-09-13T01:28:00.000000Z,100.0,200.0,60.0,,noise,0,Noise,events:arr_summer_2026.csv,AK,2.0-20.0,18.59497332750202,133.89233071033453,18.269788760608265,133.56353572355889,0.965330287363641,6.376207233059143,5.761816837051647,,
924,,AK,K222,,HNZ,61.0876,-149.8366,2026-09-13T01:28:00.000000Z,2026-09-13T01:29:00.000000Z,100.0,200.0,60.0,,noise,0,Noise,events:arr_summer_2026.csv,AK,2.0-20.0,13.893984454095403,80.4789043524646,13.519725476373857,82.44508795924085,0.9468520616103014,5.044467206388408,2.4785754204750905,,
925,,AK,K222,,HNZ,61.0876,-149.8366,2026-09-13T01:29:00.000000Z,2026-09-13T01:30:00.000000Z,100.0,200.0,60.0,,noise,0,Noise,events:arr_summer_2026.csv,AK,2.0-20.0,11.516312253136835,75.39665521012805,11.144031158097357,65.04504229726834,0.9363921661194444,6.391008482899359,3.075045220463852,,
926,,AK,K222,,HNZ,61.0876,-149.8366,2026-09-13T01:30:00.000000Z,2026-09-13T01:31:00.000000Z,100.0,200.0,60.0,,noise,0,Noise,events:arr_summer_2026.csv,AK,2.0-20.0,14.594030982812379,108.64261321330763,14.295795308776928,125.14691094530988,0.9595466963957338,5.95569710613372,6.300858088646791,,
927,,AK,K222,,HNZ,61.0876,-149.8366,2026-09-13T01:31:00.000000Z,2026-09-13T01:32:00.000000Z,100.0,200.0,60.0,,noise,0,Noise,events:arr_summer_2026.csv,AK,2.0-20.0,13.287401992412953,79.14476615954918,12.88228088047603,77.32599703457761,0.9399513583896946,4.405783477402808,3.626876586411151,,
928,,AK,K222,,HNZ,61.0876,-149.8366,2026-09-13T01:32:00.000000Z,2026-09-13T01:33:00.000000Z,100.0,200.0,60.0,,noise,0,Noise,events:arr_summer_2026.csv,AK,2.0-20.0,13.389795663273084,80.4860673200745,13.060070427422373,77.9402182765011,0.9513561695207184,4.136113583549054,1.4114665039045118,,
929,,AK,K222,,HNZ,61.0876,-149.8366,2026-09-13T01:33:00.000000Z,2026-09-13T01:34:00.000000Z,100.0,200.0,60.0,,noise,0,Noise,events:arr_summer_2026.csv,AK,2.0-20.0,10.932093220422814,95.43111451511628,10.549153166053097,87.32919481405943,0.9311690730424049,4.487439051323055,6.1357928653944445,,
930,,AK,K222,,HNZ,61.0876,-149.8366,2026-09-13T01:34:00.000000Z,2026-09-13T01:35:00.000000Z,100.0,200.0,60.0,,noise,0,Noise,events:arr_summer_2026.csv,AK,2.0-20.0,15.204635034981976,78.75923402451421,14.768803687628395,78.6440980672666,0.9434928980586148,3.116713021446835,1.8436784118135368,,
931,,AK,K222,,HNZ,61.0876,-149.8366,2026-09-13T01:35:00.000000Z,2026-09-13T01:36:00.000000Z,100.0,200.0,60.0,,noise,0,Noise,events:arr_summer_2026.csv,AK,2.0-20.0,20.27852229718845,164.1144678749602,19.874333071569385,172.00446202819137,0.9605335050885404,4.457098268391585,7.228029109585288,,
932,,AK,K222,,HNZ,61.0876,-149.8366,2026-09-13T01:36:00.000000Z,2026-09-13T01:37:00.000000Z,100.0,200.0,60.0,,noise,0,Noise,events:arr_summer_2026.csv,AK,2.0-20.0,15.473159214664816,98.22132773389168,15.211838187845538,104.49643360476296,0.9665078939111067,5.876576193857388,3.5544447680420177,,
933,,AK,K222,,HNZ,61.0876,-149.8366,2026-09-13T01:37:00.000000Z,2026-09-13T01:38:00.000000Z,100.0,200.0,60.0,,noise,0,Noise,events:arr_summer_2026.csv,AK,2.0-20.0,12.116453418490778,66.11914060709262,11.779755268157919,63.47274396473357,0.9451951871697607,4.852665997032364,2.640249112120209,,
934,,AK,K222,,HNZ,61.0876,-149.8366,2026-09-13T01:38:00.000000Z,2026-09-13T01:39:00.000000Z,100.0,200.0,60.0,,noise,0,Noise,events:arr_summer_2026.csv,AK,2.0-20.0,14.98863777067211,96.17333422778123,14.726119636422496,90.05122712097067,0.9652778051655089,2.9015684648876565,1.845462074412512,,
935,,AK,K222,,HNZ,61.0876,-149.8366,2026-09-13T01:39:00.000000Z,2026-09-13T01:40:00.000000Z,100.0,200.0,60.0,,noise,0,Noise,events:arr_summer_2026.csv,AK,2.0-20.0,12.705541304621853,76.98836673013855,12.389162400604166,82.85642811588947,0.9508183330179828,5.316937289129342,2.9105750093579843,,
936,,AK,K222,,HNZ,61.0876,-149.8366,2026-09-13T01:40:00.000000Z,2026-09-13T01:41:00.000000Z,100.0,200.0,60.0,,noise,0,Noise,events:arr_summer_2026.csv,AK,2.0-20.0,14.748060973010709,107.73579143668968,14.501169368603438,111.11216271668553,0.9667990190357494,5.847457948990449,6.551641436259706,,
937,,AK,K222,,HNZ,61.0876,-149.8366,2026-09-13T01:41:00.000000Z,2026-09-13T01:42:00.000000Z,100.0,200.0,60.0,,noise,0,Noise,events:arr_summer_2026.csv,AK,2.0-20.0,13.077252886231173,96.6289548704385,12.759784386909613,106.0802843084573,0.9520365618987162,5.968899351917051,6.5488758742718165,,
938,,AK,K222,,HNZ,61.0876,-149.8366,2026-09-13T01:42:00.000000Z,2026-09-13T01:43:00.000000Z,100.0,200.0,60.0,,noise,0,Noise,events:arr_summer_2026.csv,AK,2.0-20.0,11.897235191638602,109.07710477340324,11.665928712056056,117.29492080747968,0.961493919991355,5.5018101639966055,9.554710737064669,,
939,,AK,K222,,HNZ,61.0876,-149.8366,2026-09-13T01:43:00.000000Z,2026-09-13T01:44:00.000000Z,100.0,200.0,60.0,,noise,0,Noise,events:arr_summer_2026.csv,AK,2.0-20.0,13.200150350282744,143.48393298430003,12.904200520498064,136.6462737565268,0.9556622921917436,4.921930088274136,5.548871649632044,,
940,,AK,K222,,HNZ,61.0876,-149.8366,2026-09-13T01:44:00.000000Z,2026-09-13T01:45:00.000000Z,100.0,200.0,60.0,,noise,0,Noise,events:arr_summer_2026.csv,AK,2.0-20.0,12.4301329808609,69.68815001936352,12.170597566136776,69.06134572954403,0.958676882131041,3.766147786901153,1.8175648960483182,,
941,,AK,K222,,HNZ,61.0876,-149.8366,2026-09-13T01:45:00.000000Z,2026-09-13T01:46:00.000000Z,100.0,200.0,60.0,,noise,0,Noise,events:arr_summer_2026.csv,AK,2.0-20.0,18.383207805700785,130.38813124361346,18.0902216676129,122.56841373886309,0.9683786009623832,4.55835105782287,4.031310351887635,,
942,,AK,K222,,HNZ,61.0876,-149.8366,2026-09-13T01:46:00.000000Z,2026-09-13T01:47:00.000000Z,100.0,200.0,60.0,,noise,0,Noise,events:arr_summer_2026.csv,AK,2.0-20.0,12.730565799387366,81.67453647437944,12.424997873626857,86.56442401507209,0.9525707335866134,4.520825418387156,3.475673372649519,,
943,,AK,K222,,HNZ,61.0876,-149.8366,2026-09-13T01:47:00.000000Z,2026-09-13T01:48:00.000000Z,100.0,200.0,60.0,,noise,0,Noise,events:arr_summer_2026.csv,AK,2.0-20.0,10.835524164375265,102.28373761717809,10.464209692348751,105.43899976902625,0.9326378092003739,4.463304652680128,4.566090543224477,,
944,,AK,K222,,HNZ,61.0876,-149.8366,2026-09-13T01:48:00.000000Z,2026-09-13T01:49:00.000000Z,100.0,200.0,60.0,,noise,0,Noise,events:arr_summer_2026.csv,AK,2.0-20.0,15.922580907846163,116.10331542706173,15.594969892926288,109.15055052231855,0.9592728492663765,7.1717722089317695,4.630516626959218,,
945,,AK,K222,,HNZ,61.0876,-149.8366,2026-09-13T01:49:00.000000Z,2026-09-13T01:50:00.000000Z,100.0,200.0,60.0,,noise,0,Noise,events:arr_summer_2026.csv,AK,2.0-20.0,14.084724466030318,72.90622718975135,13.804047455898175,70.47669350970227,0.9605415954367301,3.534449243206148,1.4862716726842242,,
946,,AK,K222,,HNZ,61.0876,-149.8366,2026-09-13T01:50:00.000000Z,2026-09-13T01:51:00.000000Z,100.0,200.0,60.0,,noise,0,Noise,events:arr_summer_2026.csv,AK,2.0-20.0,9.783802495673342,79.07142138258945,9.572140747913759,72.26455051670779,0.9572002370393579,3.8889466308737686,6.224752692547829,,
947,,AK,K222,,HNZ,61.0876,-149.8366,2026-09-13T01:51:00.000000Z,2026-09-13T01:52:00.000000Z,100.0,200.0,60.0,,noise,0,Noise,events:arr_summer_2026.csv,AK,2.0-20.0,10.0484892742154,73.64435621913675,9.815475244381807,69.69279021333185,0.9541598051452951,5.454626529808612,3.0219384836321126,,
948,,AK,K222,,HNZ,61.0876,-149.8366,2026-09-13T01:52:00.000000Z,2026-09-13T01:53:00.000000Z,100.0,200.0,60.0,,noise,0,Noise,events:arr_summer_2026.csv,AK,2.0-20.0,11.853595471522889,80.14787989123249,11.452909715038295,71.3284252116702,0.9335368598299857,6.116790128901133,3.7196221350056513,,
949,,AK,K222,,HNZ,61.0876,-149.8366,2026-09-13T01:53:00.000000Z,2026-09-13T01:54:00.000000Z,100.0,200.0,60.0,,noise,0,Noise,events:arr_summer_2026.csv,AK,2.0-20.0,10.871729424750725,84.4209543726278,10.560362617755578,74.23450569063559,0.9435401644930447,4.596441374818417,3.532142051653201,,
950,,AK,K222,,HNZ,61.0876,-149.8366,2026-09-13T01:54:00.000000Z,2026-09-13T01:55:00.000000Z,100.0,200.0,60.0,,noise,0,Noise,events:arr_summer_2026.csv,AK,2.0-20.0,13.425648776674691,98.47280273819838,13.216803979185178,97.06324734675817,0.9691306629810172,5.023758821398251,4.814499974066327,,
951,,AK,K222,,HNZ,61.0876,-149.8366,2026-09-13T01:55:00.000000Z,2026-09-13T01:56:00.000000Z,100.0,200.0,60.0,,noise,0,Noise,events:arr_summer_2026.csv,AK,2.0-20.0,14.847070242011322,101.63612237493182,14.581420556431103,99.08523246562073,0.9645353424782146,4.100326250637851,3.9749200716171877,,
952,,AK,K222,,HNZ,61.0876,-149.8366,2026-09-13T01:56:00.000000Z,2026-09-13T01:57:00.000000Z,100.0,200.0,60.0,,noise,0,Noise,events:arr_summer_2026.csv,AK,2.0-20.0,15.032989936464704,134.8393775585862,14.809294468176754,145.25445973412124,0.9704608143980656,5.574019188983474,8.650078731762433,,
953,,AK,K222,,HNZ,61.0876,-149.8366,2026-09-13T01:57:00.000000Z,2026-09-13T01:58:00.000000Z,100.0,200.0,60.0,,noise,0,Noise,events:arr_summer_2026.csv,AK,2.0-20.0,19.020885003294428,145.72178548950458,18.6164180970196,154.62528595249387,0.9579234571179251,4.1509556003164425,4.231380036656304,,
954,,AK,K222,,HNZ,61.0876,-149.8366,2026-09-13T01:58:00.000000Z,2026-09-13T01:59:00.000000Z,100.0,200.0,60.0,,noise,0,Noise,events:arr_summer_2026.csv,AK,2.0-20.0,13.366088258278566,95.9828282899202,13.190548199300125,101.61623465620163,0.9739059999224127,4.872051940790385,3.7870727757202793,,
955,,AK,K222,,HNZ,61.0876,-149.8366,2026-09-13T01:59:00.000000Z,2026-09-13T02:00:00.000000Z,100.0,200.0,60.0,,noise,0,Noise,events:arr_summer_2026.csv,AK,2.0-20.0,9.454366125143377,58.807131300980885,9.294386872690533,61.26096622758055,0.9664439202764182,4.936285862550443,4.911457284591146,,
956,,AK,K222,,HNZ,61.0876,-149.8366,2026-09-13T02:00:00.000000Z,2026-09-13T02:01:00.000000Z,100.0,200.0,60.0,,noise,0,Noise,events:arr_summer_2026.csv,AK,2.0-20.0,13.683016772698256,139.63082445126875,13.449900870960251,114.76841321188766,0.9662164971560365,6.979662575678704,12.93103104711446,,
957,,AK,K222,,HNZ,61.0876,-149.8366,2026-09-13T02:01:00.000000Z,2026-09-13T02:02:00.000000Z,100.0,200.0,60.0,,noise,0,Noise,events:arr_summer_2026.csv,AK,2.0-20.0,15.11596186373101,142.38739628181594,14.922812111409495,137.19572910962677,0.9746075396173397,6.466312719767568,5.552449953850989,,
958,,AK,K222,,HNZ,61.0876,-149.8366,2026-09-13T02:02:00.000000Z,2026-09-13T02:03:00.000000Z,100.0,200.0,60.0,,noise,0,Noise,events:arr_summer_2026.csv,AK,2.0-20.0,10.398552692663767,80.80686770891477,10.14616838974973,82.33747006628593,0.9520468880489283,4.9391378126187275,5.272349232431035,,
959,,AK,K222,,HNZ,61.0876,-149.8366,2026-09-13T02:03:00.000000Z,2026-09-13T02:04:00.000000Z,100.0,200.0,60.0,,noise,0,Noise,events:arr_summer_2026.csv,AK,2.0-20.0,12.972449526407482,69.80674544977217,12.672015079188826,66.13149026191378,0.9542175126793504,5.316717447743644,2.046087135540156,,
960,,AK,K222,,HNZ,61.0876,-149.8366,2026-09-13T02:04:00.000000Z,2026-09-13T02:05:00.000000Z,100.0,200.0,60.0,,noise,0,Noise,events:arr_summer_2026.csv,AK,2.0-20.0,14.74429307034773,85.53880485311709,14.464606606846543,80.76021355102985,0.9624215610408264,2.9692599564064808,0.9891515516354299,,
961,,AK,K222,,HNZ,61.0876,-149.8366,2026-09-13T02:05:00.000000Z,2026-09-13T02:06:00.000000Z,100.0,200.0,60.0,,noise,0,Noise,events:arr_summer_2026.csv,AK,2.0-20.0,11.336838419527068,76.15488447860386,11.132912334555218,72.35555264238661,0.9643477352397722,5.946874493870697,3.192264562756253,,
962,,AK,K222,,HNZ,61.0876,-149.8366,2026-09-13T02:06:00.000000Z,2026-09-13T02:07:00.000000Z,100.0,200.0,60.0,,noise,0,Noise,events:arr_summer_2026.csv,AK,2.0-20.0,18.021611747510722,144.90142725951048,17.814009648120603,129.91879923629597,0.9770934638091762,5.341910099395179,4.561560775707662,,
963,,AK,K222,,HNZ,61.0876,-149.8366,2026-09-13T02:07:00.000000Z,2026-09-13T02:08:00.000000Z,100.0,200.0,60.0,,noise,0,Noise,events:arr_summer_2026.csv,AK,2.0-20.0,13.069715585200875,116.06989143828622,12.885554073789342,120.31952614301439,0.9720171372633555,6.942140516016353,9.911801039470555,,
964,,AK,K222,,HNZ,61.0876,-149.8366,2026-09-13T02:08:00.000000Z,2026-09-13T02:09:00.000000Z,100.0,200.0,60.0,,noise,0,Noise,events:arr_summer_2026.csv,AK,2.0-20.0,17.45909320379452,163.17570801890815,17.267454278690977,170.53260137079718,0.9781675754861274,8.001145235900553,8.878647279801033,,
965,,AK,K222,,HNZ,61.0876,-149.8366,2026-09-13T02:09:00.000000Z,2026-09-13T02:10:00.000000Z,100.0,200.0,60.0,,noise,0,Noise,events:arr_summer_2026.csv,AK,2.0-20.0,12.941843520399596,89.30317560522303,12.73116177907193,82.67508567138037,0.967706782268812,5.070927111417689,2.9273879870457566,,
966,,AK,K222,,HNZ,61.0876,-149.8366,2026-09-13T02:10:00.000000Z,2026-09-13T02:11:00.000000Z,100.0,200.0,60.0,,noise,0,Noise,events:arr_summer_2026.csv,AK,2.0-20.0,15.571088057017054,121.55708358613168,15.32457769451081,103.38201012288633,0.9685880558284209,6.653853369022412,7.363578353683012,,
967,,AK,K222,,HNZ,61.0876,-149.8366,2026-09-13T02:11:00.000000Z,2026-09-13T02:12:00.000000Z,100.0,200.0,60.0,,noise,0,Noise,events:arr_summer_2026.csv,AK,2.0-20.0,11.873334998394338,69.441636067083,11.621702780247464,63.12291393935432,0.9580630394560313,4.165099369506901,2.215737606230088,,
968,,AK,K222,,HNZ,61.0876,-149.8366,2026-09-13T02:12:00.000000Z,2026-09-13T02:13:00.000000Z,100.0,200.0,60.0,,noise,0,Noise,events:arr_summer_2026.csv,AK,2.0-20.0,12.57385788285809,100.5501785510241,12.329202352202989,93.75926431724915,0.9614636425152073,4.289516958671043,6.065606079371406,,
969,,AK,K222,,HNZ,61.0876,-149.8366,2026-09-13T02:13:00.000000Z,2026-09-13T02:14:00.000000Z,100.0,200.0,60.0,,noise,0,Noise,events:arr_summer_2026.csv,AK,2.0-20.0,17.11539908238422,83.81625832362572,16.813935334846327,84.18957208866017,0.9650830441556644,4.607496794134102,1.9818390690948524,,
970,,AK,K222,,HNZ,61.0876,-149.8366,2026-09-13T02:14:00.000000Z,2026-09-13T02:15:00.000000Z,100.0,200.0,60.0,,noise,0,Noise,events:arr_summer_2026.csv,AK,2.0-20.0,13.318055402228167,128.9243426016889,13.07000205253243,116.98196216333146,0.9630962174407404,6.850048727636123,13.093549962939008,,
971,,AK,K222,,HNZ,61.0876,-149.8366,2026-09-13T02:15:00.000000Z,2026-09-13T02:16:00.000000Z,100.0,200.0,60.0,,noise,0,Noise,events:arr_summer_2026.csv,AK,2.0-20.0,11.643359001176925,62.65747311152993,11.30671051047613,66.04723614448449,0.9430092856907617,3.626970964764503,2.2679462828795547,,
972,,AK,K222,,HNZ,61.0876,-149.8366,2026-09-13T02:16:00.000000Z,2026-09-13T02:17:00.000000Z,100.0,200.0,60.0,,noise,0,Noise,events:arr_summer_2026.csv,AK,2.0-20.0,11.374801730324673,150.18889966673356,11.03228130734033,139.93576745257283,0.940682324411333,6.642441996642204,14.354144920844941,,
973,,AK,K222,,HNZ,61.0876,-149.8366,2026-09-13T02:17:00.000000Z,2026-09-13T02:18:00.000000Z,100.0,200.0,60.0,,noise,0,Noise,events:arr_summer_2026.csv,AK,2.0-20.0,17.011180261128388,97.41190467279436,16.71508201725257,92.46427085143563,0.9654907793488146,3.170277091862374,1.7793081905058337,,
974,,AK,K222,,HNZ,61.0876,-149.8366,2026-09-13T02:18:00.000000Z,2026-09-13T02:19:00.000000Z,100.0,200.0,60.0,,noise,0,Noise,events:arr_summer_2026.csv,AK,2.0-20.0,11.68616334344167,119.20389309102441,11.43665902741825,115.45439010777223,0.9577550305063637,7.167778864387726,9.772954942717021,,
975,,AK,K222,,HNZ,61.0876,-149.8366,2026-09-13T02:19:00.000000Z,2026-09-13T02:20:00.000000Z,100.0,200.0,60.0,,noise,0,Noise,events:arr_summer_2026.csv,AK,2.0-20.0,9.933362433360086,89.71232566365735,9.69476703903747,83.35837574748224,0.9525377407875567,6.453265028422614,8.316071145745989,,
976,,AK,K222,,HNZ,61.0876,-149.8366,2026-09-13T02:20:00.000000Z,2026-09-13T02:21:00.000000Z,100.0,200.0,60.0,,noise,0,Noise,events:arr_summer_2026.csv,AK,2.0-20.0,13.735439842235424,91.8365614539205,13.447893869244297,83.29287750569611,0.9585690526201439,4.503834682906726,2.809207574692879,,
977,,AK,K222,,HNZ,61.0876,-149.8366,2026-09-13T02:21:00.000000Z,2026-09-13T02:22:00.000000Z,100.0,200.0,60.0,,noise,0,Noise,events:arr_summer_2026.csv,AK,2.0-20.0,16.992902195798305,110.35947113030468,16.72422657916711,123.0166190728882,0.9686278904177913,4.280979217879233,2.8543460429464176,,
978,,AK,K222,,HNZ,61.0876,-149.8366,2026-09-13T02:22:00.000000Z,2026-09-13T02:23:00.000000Z,100.0,200.0,60.0,,noise,0,Noise,events:arr_summer_2026.csv,AK,2.0-20.0,14.332605392758243,90.30421792777143,13.925792709662487,87.93345403660962,0.944038192204424,4.698942128815926,2.892000761954302,,
979,,AK,K222,,HNZ,61.0876,-149.8366,2026-09-13T02:23:00.000000Z,2026-09-13T02:24:00.000000Z,100.0,200.0,60.0,,noise,0,Noise,events:arr_summer_2026.csv,AK,2.0-20.0,12.119517431143857,94.54823683623081,11.833684696673318,95.64595374542012,0.9533872325693145,6.1765875616606225,6.474233432550966,,
980,,AK,K222,,HNZ,61.0876,-149.8366,2026-09-13T02:27:00.000000Z,2026-09-13T02:28:00.000000Z,100.0,200.0,60.0,,noise,0,Noise,events:arr_summer_2026.csv,AK,2.0-20.0,12.525799290513586,98.48158888412178,11.999726031768791,82.3603501680574,0.9177655772853462,4.731932815054199,2.4157983610074876,,
981,,AK,K222,,HNZ,61.0876,-149.8366,2026-09-13T02:28:00.000000Z,2026-09-13T02:29:00.000000Z,100.0,200.0,60.0,,noise,0,Noise,events:arr_summer_2026.csv,AK,2.0-20.0,12.424772709440173,91.19154051662478,12.182743317425915,78.6655336943935,0.9614202880331771,5.405322258053396,4.556803871329193,,
982,,AK,K222,,HNZ,61.0876,-149.8366,2026-09-13T02:29:00.000000Z,2026-09-13T02:30:00.000000Z,100.0,200.0,60.0,,noise,0,Noise,events:arr_summer_2026.csv,AK,2.0-20.0,9.939195855018584,96.13874289145903,9.71226008942366,103.54440224580472,0.9548565046952849,6.265848151862384,12.595892047311862,,
983,,AK,K222,,HNZ,61.0876,-149.8366,2026-09-13T02:30:00.000000Z,2026-09-13T02:31:00.000000Z,100.0,200.0,60.0,,noise,0,Noise,events:arr_summer_2026.csv,AK,2.0-20.0,15.412350643400494,256.38008588470313,15.061347514492985,234.60899129185373,0.9549703690727621,4.846426539163866,31.529383448555137,,
984,,AK,K222,,HNZ,61.0876,-149.8366,2026-09-13T02:31:00.000000Z,2026-09-13T02:32:00.000000Z,100.0,200.0,60.0,,noise,0,Noise,events:arr_summer_2026.csv,AK,2.0-20.0,14.749527855199437,112.90483662552727,14.483312480531199,107.29544837807279,0.9642276137563647,5.338672989941062,3.788430062936678,,
985,,AK,K222,,HNZ,61.0876,-149.8366,2026-09-13T02:32:00.000000Z,2026-09-13T02:33:00.000000Z,100.0,200.0,60.0,,noise,0,Noise,events:arr_summer_2026.csv,AK,2.0-20.0,15.620018683956898,111.74610667259554,15.258085314019198,104.7716596999706,0.9541946554727159,5.063194572625861,4.507898317574795,,
986,,AK,K222,,HNZ,61.0876,-149.8366,2026-09-13T02:33:00.000000Z,2026-09-13T02:34:00.000000Z,100.0,200.0,60.0,,noise,0,Noise,events:arr_summer_2026.csv,AK,2.0-20.0,14.886394025243648,85.56702345636072,14.605019593105272,84.3023980989569,0.9625543648397916,5.83398523401279,2.712633946341314,,
987,,AK,K222,,HNZ,61.0876,-149.8366,2026-09-13T02:34:00.000000Z,2026-09-13T02:35:00.000000Z,100.0,200.0,60.0,,noise,0,Noise,events:arr_summer_2026.csv,AK,2.0-20.0,12.78374240031181,113.84529315789936,12.419034902962048,111.54209273872925,0.9437558870601012,7.464936290929607,6.394783084444365,,
988,,AK,K222,,HNZ,61.0876,-149.8366,2026-09-13T02:35:00.000000Z,2026-09-13T02:36:00.000000Z,100.0,200.0,60.0,,noise,0,Noise,events:arr_summer_2026.csv,AK,2.0-20.0,17.485863720729615,131.5874591567688,17.043611238852556,132.18818301231414,0.9500556834075069,4.375907680808768,4.570130159285144,,
989,,AK,K222,,HNZ,61.0876,-149.8366,2026-09-13T02:36:00.000000Z,2026-09-13T02:37:00.000000Z,100.0,200.0,60.0,,noise,0,Noise,events:arr_summer_2026.csv,AK,2.0-20.0,11.746315820929068,65.56523331952029,11.08515100965195,70.73715273893389,0.8905942371886313,4.19215523896651,2.276615570314088,,
990,,AK,K222,,HNZ,61.0876,-149.8366,2026-09-13T02:37:00.000000Z,2026-09-13T02:38:00.000000Z,100.0,200.0,60.0,,noise,0,Noise,events:arr_summer_2026.csv,AK,2.0-20.0,11.186947708668846,75.09374864503859,10.95464963831322,70.13655995392085,0.9589009924433797,5.87465640979802,3.8281830905443046,,
991,,AK,K222,,HNZ,61.0876,-149.8366,2026-09-13T02:38:00.000000Z,2026-09-13T02:39:00.000000Z,100.0,200.0,60.0,,noise,0,Noise,events:arr_summer_2026.csv,AK,2.0-20.0,11.930131650171116,71.76676585905224,11.609287853608913,73.76866606903936,0.9469361296671045,4.806092788596734,2.746901966182426,,
992,,AK,K222,,HNZ,61.0876,-149.8366,2026-09-13T02:39:00.000000Z,2026-09-13T02:40:00.000000Z,100.0,200.0,60.0,,noise,0,Noise,events:arr_summer_2026.csv,AK,2.0-20.0,8.05107935965299,88.89707778513754,7.7834584668654285,92.40359241815331,0.9346241735585062,4.913514288877049,12.404791996431284,,
993,,AK,K222,,HNZ,61.0876,-149.8366,2026-09-13T02:40:00.000000Z,2026-09-13T02:41:00.000000Z,100.0,200.0,60.0,,noise,0,Noise,events:arr_summer_2026.csv,AK,2.0-20.0,12.066748127079219,74.28033464622372,11.79172126804602,80.11608880002659,0.954935226527796,7.9367152470553295,3.76088020766141,,
994,,AK,K222,,HNZ,61.0876,-149.8366,2026-09-13T02:41:00.000000Z,2026-09-13T02:42:00.000000Z,100.0,200.0,60.0,,noise,0,Noise,events:arr_summer_2026.csv,AK,2.0-20.0,14.11733456951167,81.0253221364693,13.826880861370105,87.39647095989125,0.9592747807016164,4.837072749852979,3.4861164158148386,,
995,,AK,K222,,HNZ,61.0876,-149.8366,2026-09-13T02:42:00.000000Z,2026-09-13T02:43:00.000000Z,100.0,200.0,60.0,,noise,0,Noise,events:arr_summer_2026.csv,AK,2.0-20.0,14.85502449137663,108.55808573126522,14.56929810618215,107.25923805049354,0.9619013071132164,4.226116724571982,4.8288511415393955,,
996,,AK,K222,,HNZ,61.0876,-149.8366,2026-09-13T02:43:00.000000Z,2026-09-13T02:44:00.000000Z,100.0,200.0,60.0,,noise,0,Noise,events:arr_summer_2026.csv,AK,2.0-20.0,11.929309006770332,92.5428633352363,11.649251836106204,90.04395640834072,0.9535983510658557,6.806999982857912,7.318413794671782,,
997,,AK,K222,,HNZ,61.0876,-149.8366,2026-09-13T02:44:00.000000Z,2026-09-13T02:45:00.000000Z,100.0,200.0,60.0,,noise,0,Noise,events:arr_summer_2026.csv,AK,2.0-20.0,8.670317370567323,57.918965317466224,8.374791918519563,63.91612950227424,0.9329923031469595,4.330967215184375,4.5303555719550275,,
998,,AK,K222,,HNZ,61.0876,-149.8366,2026-09-13T02:45:00.000000Z,2026-09-13T02:46:00.000000Z,100.0,200.0,60.0,,noise,0,Noise,events:arr_summer_2026.csv,AK,2.0-20.0,14.246992511484114,138.07114112334625,13.946246881981027,138.6767154130623,0.958226783987184,5.86169462985949,8.82453354417789,,
999,,AK,K222,,HNZ,61.0876,-149.8366,2026-09-13T02:46:00.000000Z,2026-09-13T02:47:00.000000Z,100.0,200.0,60.0,,noise,0,Noise,events:arr_summer_2026.csv,AK,2.0-20.0,11.086700148111108,94.97602752607318,10.825510510811345,96.08320797364925,0.9534373667059122,6.577089963889609,5.499561644118517,,
1000,,AK,K222,,HNZ,61.0876,-149.8366,2026-09-13T02:47:00.000000Z,2026-09-13T02:48:00.000000Z,100.0,200.0,60.0,,noise,0,Noise,events:arr_summer_2026.csv,AK,2.0-20.0,12.278340228276951,93.19891489465276,12.06584082324736,94.08180188833062,0.965685825064085,4.401347053005427,3.5875431799913393,,
1001,,AK,K222,,HNZ,61.0876,-149.8366,2026-09-13T02:48:00.000000Z,2026-09-13T02:49:00.000000Z,100.0,200.0,60.0,,noise,0,Noise,events:arr_summer_2026.csv,AK,2.0-20.0,17.549480274958018,177.68302034102805,17.2061526877944,187.78059207692115,0.9612559171498261,6.212006286623703,12.289784456289127,,
1002,,AK,K222,,HNZ,61.0876,-149.8366,2026-09-13T02:49:00.000000Z,2026-09-13T02:50:00.000000Z,100.0,200.0,60.0,,noise,0,Noise,events:arr_summer_2026.csv,AK,2.0-20.0,8.915558098936,50.44833662360798,8.728705821153865,54.853799159923646,0.9585232353163541,3.327409198942343,2.8762351624098628,,
1003,,AK,K222,,HNZ,61.0876,-149.8366,2026-09-13T02:50:00.000000Z,2026-09-13T02:51:00.000000Z,100.0,200.0,60.0,,noise,0,Noise,events:arr_summer_2026.csv,AK,2.0-20.0,8.040705729206817,65.49064464669408,7.788097066739913,69.28154708804696,0.9381545190458521,5.52001296455853,6.6452387357134945,,
1004,,AK,K222,,HNZ,61.0876,-149.8366,2026-09-13T02:51:00.000000Z,2026-09-13T02:52:00.000000Z,100.0,200.0,60.0,,noise,0,Noise,events:arr_summer_2026.csv,AK,2.0-20.0,9.0730149779347,120.3378056680292,8.749451721500625,108.74069887983649,0.9299474814305737,5.003951879490356,20.00351994169663,,
1005,,AK,K222,,HNZ,61.0876,-149.8366,2026-09-13T02:52:00.000000Z,2026-09-13T02:53:00.000000Z,100.0,200.0,60.0,,noise,0,Noise,events:arr_summer_2026.csv,AK,2.0-20.0,8.45434732312944,98.48126882509139,8.204754833791482,97.53639335087456,0.9418268028826581,8.166797153769568,20.095539055514042,,
1006,,AK,K222,,HNZ,61.0876,-149.8366,2026-09-13T02:53:00.000000Z,2026-09-13T02:54:00.000000Z,100.0,200.0,60.0,,noise,0,Noise,events:arr_summer_2026.csv,AK,2.0-20.0,11.608651028721528,79.21412787015525,11.435884337985122,67.75582321411723,0.9704563289625167,4.684068652439864,3.472139100067216,,
1007,,AK,K222,,HNZ,61.0876,-149.8366,2026-09-13T02:54:00.000000Z,2026-09-13T02:55:00.000000Z,100.0,200.0,60.0,,noise,0,Noise,events:arr_summer_2026.csv,AK,2.0-20.0,8.496233133399393,72.40774116027853,8.270775043078425,67.66405574777858,0.9476316900174592,6.826829107574721,5.913224320210883,,
1008,,AK,K222,,HNZ,61.0876,-149.8366,2026-09-13T02:55:00.000000Z,2026-09-13T02:56:00.000000Z,100.0,200.0,60.0,,noise,0,Noise,events:arr_summer_2026.csv,AK,2.0-20.0,11.121684618430555,71.35488257234603,10.899027113690606,68.05634619482174,0.9603605574372155,4.490928556347066,2.4753186806985674,,
1009,,AK,K222,,HNZ,61.0876,-149.8366,2026-09-13T02:56:00.000000Z,2026-09-13T02:57:00.000000Z,100.0,200.0,60.0,,noise,0,Noise,events:arr_summer_2026.csv,AK,2.0-20.0,10.775828560033467,83.3348854815428,10.605364966600062,81.28898784586198,0.9686121016724928,3.8609074690701255,7.126159022859586,,
1010,,AK,K222,,HNZ,61.0876,-149.8366,2026-09-13T02:57:00.000000Z,2026-09-13T02:58:00.000000Z,100.0,200.0,60.0,,noise,0,Noise,events:arr_summer_2026.csv,AK,2.0-20.0,7.49569771493093,67.80508158353625,7.262610998631023,67.8671811819694,0.9387748319142184,5.443009875276448,5.40686153147681,,
1011,,AK,K222,,HNZ,61.0876,-149.8366,2026-09-13T02:58:00.000000Z,2026-09-13T02:59:00.000000Z,100.0,200.0,60.0,,noise,0,Noise,events:arr_summer_2026.csv,AK,2.0-20.0,10.53166765544672,82.40154901421477,10.379903452370542,85.55345659703838,0.9713871105264553,7.114071720743609,8.980734696342399,,
1012,,AK,K222,,HNZ,61.0876,-149.8366,2026-09-13T02:59:00.000000Z,2026-09-13T03:00:00.000000Z,100.0,200.0,60.0,,noise,0,Noise,events:arr_summer_2026.csv,AK,2.0-20.0,9.98225354999618,94.76284108231818,9.766866346222939,97.0063634029979,0.9573115436158416,4.036134364849486,6.081593868038002,,
1013,,AK,K222,,HNZ,61.0876,-149.8366,2026-09-13T03:00:00.000000Z,2026-09-13T03:01:00.000000Z,100.0,200.0,60.0,,noise,0,Noise,events:arr_summer_2026.csv,AK,2.0-20.0,16.863374238462956,199.8405101454096,16.539538658235713,177.8498159164343,0.9619618008129727,7.052619820743095,14.485271857606723,,
1014,,AK,K222,,HNZ,61.0876,-149.8366,2026-09-13T03:01:00.000000Z,2026-09-13T03:02:00.000000Z,100.0,200.0,60.0,,noise,0,Noise,events:arr_summer_2026.csv,AK,2.0-20.0,14.119723543646982,98.42121959852015,13.846591813656367,103.94671327190693,0.9616862184279958,4.185634689257473,3.0035238791538283,,
1015,,AK,K222,,HNZ,61.0876,-149.8366,2026-09-13T03:02:00.000000Z,2026-09-13T03:03:00.000000Z,100.0,200.0,60.0,,noise,0,Noise,events:arr_summer_2026.csv,AK,2.0-20.0,11.144162676752606,123.79855665194528,10.962661039874307,128.52619441097085,0.9676918561359652,6.32157000953378,16.09116909043169,,
1016,,AK,K222,,HNZ,61.0876,-149.8366,2026-09-13T03:03:00.000000Z,2026-09-13T03:04:00.000000Z,100.0,200.0,60.0,,noise,0,Noise,events:arr_summer_2026.csv,AK,2.0-20.0,9.594792943506581,74.91812123039625,9.362508894872049,88.46348229680578,0.9521673218263805,5.211453708851655,5.000114812856307,,
1017,,AK,K222,,HNZ,61.0876,-149.8366,2026-09-13T03:04:00.000000Z,2026-09-13T03:05:00.000000Z,100.0,200.0,60.0,,noise,0,Noise,events:arr_summer_2026.csv,AK,2.0-20.0,9.681210694988234,116.88890749732843,9.457374084858717,110.51615591525257,0.9542931179278281,6.707652929790684,11.573290193795875,,
1018,,AK,K222,,HNZ,61.0876,-149.8366,2026-09-13T03:05:00.000000Z,2026-09-13T03:06:00.000000Z,100.0,200.0,60.0,,noise,0,Noise,events:arr_summer_2026.csv,AK,2.0-20.0,13.901641335372304,83.02621648492605,13.61027897706498,87.18900694928845,0.9585215814493228,5.754219596498822,3.491971182866072,,
1019,,AK,K222,,HNZ,61.0876,-149.8366,2026-09-13T03:06:00.000000Z,2026-09-13T03:07:00.000000Z,100.0,200.0,60.0,,noise,0,Noise,events:arr_summer_2026.csv,AK,2.0-20.0,7.991524891564446,63.3912629559615,7.6775392341979005,61.509773888394676,0.9229640300354692,3.643271944572091,4.387259697357662,,
1020,,AK,K222,,HNZ,61.0876,-149.8366,2026-09-13T03:07:00.000000Z,2026-09-13T03:08:00.000000Z,100.0,200.0,60.0,,noise,0,Noise,events:arr_summer_2026.csv,AK,2.0-20.0,13.412540401159703,97.49240632330844,13.20501065325849,94.37487100841435,0.9692937792380775,5.907137952398484,4.949224819584091,,
1021,,AK,K222,,HNZ,61.0876,-149.8366,2026-09-13T03:08:00.000000Z,2026-09-13T03:09:00.000000Z,100.0,200.0,60.0,,noise,0,Noise,events:arr_summer_2026.csv,AK,2.0-20.0,12.271441574096952,73.71200085498225,12.017355178695656,71.14975268618102,0.9590177078524549,4.943471400028216,3.036350664227978,,
1022,,AK,K222,,HNZ,61.0876,-149.8366,2026-09-13T03:09:00.000000Z,2026-09-13T03:10:00.000000Z,100.0,200.0,60.0,,noise,0,Noise,events:arr_summer_2026.csv,AK,2.0-20.0,11.775920569736078,56.18128473039571,11.522570490862428,55.93851464249205,0.9574343663172604,3.7848643668476507,1.2511461925621852,,
1023,,AK,K222,,HNZ,61.0876,-149.8366,2026-09-13T03:10:00.000000Z,2026-09-13T03:11:00.000000Z,100.0,200.0,60.0,,noise,0,Noise,events:arr_summer_2026.csv,AK,2.0-20.0,13.630112385308177,88.10897630487253,13.336650432698729,88.20031553772458,0.9574027321502335,4.2346948716137955,2.1909844550770767,,
1024,,AK,K222,,HNZ,61.0876,-149.8366,2026-09-13T03:11:00.000000Z,2026-09-13T03:12:00.000000Z,100.0,200.0,60.0,,noise,0,Noise,events:arr_summer_2026.csv,AK,2.0-20.0,10.867320416903645,89.01062197585715,10.612791930410017,94.43140129058591,0.9537056490944561,6.494153331797196,6.468281856305021,,
1025,,AK,K222,,HNZ,61.0876,-149.8366,2026-09-13T03:12:00.000000Z,2026-09-13T03:13:00.000000Z,100.0,200.0,60.0,,noise,0,Noise,events:arr_summer_2026.csv,AK,2.0-20.0,9.490372058058597,102.21413629863589,9.231014431379434,97.29741583195118,0.9460898481645779,5.469285464175809,14.847131991877923,,
1026,,AK,K222,,HNZ,61.0876,-149.8366,2026-09-13T03:13:00.000000Z,2026-09-13T03:14:00.000000Z,100.0,200.0,60.0,,noise,0,Noise,events:arr_summer_2026.csv,AK,2.0-20.0,10.912785265896883,87.6594702470896,10.66103709155362,94.50825018781924,0.9543939762550142,6.956167509208059,5.084289317558762,,
1027,,AK,K222,,HNZ,61.0876,-149.8366,2026-09-13T03:14:00.000000Z,2026-09-13T03:15:00.000000Z,100.0,200.0,60.0,,noise,0,Noise,events:arr_summer_2026.csv,AK,2.0-20.0,15.24216263885441,151.74013632131414,14.882756439453098,146.1920969564756,0.9533965283229738,7.14724152636829,13.77460547981708,,
1028,,AK,K222,,HNZ,61.0876,-149.8366,2026-09-13T03:15:00.000000Z,2026-09-13T03:16:00.000000Z,100.0,200.0,60.0,,noise,0,Noise,events:arr_summer_2026.csv,AK,2.0-20.0,11.069514989836991,93.18037155718392,10.740854366453316,82.71596827168108,0.9415003174182691,3.983145860117927,5.726889771690427,,
1029,,AK,K222,,HNZ,61.0876,-149.8366,2026-09-13T03:16:00.000000Z,2026-09-13T03:17:00.000000Z,100.0,200.0,60.0,,noise,0,Noise,events:arr_summer_2026.csv,AK,2.0-20.0,10.213868113481322,57.02401063608343,9.802685809705183,48.12610864810493,0.9211061345889573,3.550827783801387,1.454120701669809,,
1030,,AK,K222,,HNZ,61.0876,-149.8366,2026-09-13T03:17:00.000000Z,2026-09-13T03:18:00.000000Z,100.0,200.0,60.0,,noise,0,Noise,events:arr_summer_2026.csv,AK,2.0-20.0,16.994445745711076,197.92253586968127,16.70939890956193,189.39442172184818,0.9667354495117629,7.959619111996546,19.983837510199482,,
1031,,AK,K222,,HNZ,61.0876,-149.8366,2026-09-13T03:18:00.000000Z,2026-09-13T03:19:00.000000Z,100.0,200.0,60.0,,noise,0,Noise,events:arr_summer_2026.csv,AK,2.0-20.0,12.055601809648287,77.24008899329759,11.619664260879501,78.07456675860409,0.9289864283321833,4.454275241408524,4.415886715236513,,
1032,,AK,K222,,HNZ,61.0876,-149.8366,2026-09-13T03:19:00.000000Z,2026-09-13T03:20:00.000000Z,100.0,200.0,60.0,,noise,0,Noise,events:arr_summer_2026.csv,AK,2.0-20.0,10.057482388247577,69.8054088856404,9.648001175196491,69.81708417259404,0.9202294628621203,7.292577504743999,4.105323655808623,,
1033,,AK,K222,,HNZ,61.0876,-149.8366,2026-09-13T03:20:00.000000Z,2026-09-13T03:21:00.000000Z,100.0,200.0,60.0,,noise,0,Noise,events:arr_summer_2026.csv,AK,2.0-20.0,9.819569998749188,72.17017958430452,9.468940172347878,77.5280339961607,0.9298605105379288,6.049311673325209,5.6169993324874685,,
1034,,AK,K222,,HNZ,61.0876,-149.8366,2026-09-13T03:21:00.000000Z,2026-09-13T03:22:00.000000Z,100.0,200.0,60.0,,noise,0,Noise,events:arr_summer_2026.csv,AK,2.0-20.0,15.425805811868706,131.92210414704326,15.089091882732552,121.53423741631593,0.9568205326206664,6.183496430924858,4.5388955851768324,,
1035,,AK,K222,,HNZ,61.0876,-149.8366,2026-09-13T03:22:00.000000Z,2026-09-13T03:23:00.000000Z,100.0,200.0,60.0,,noise,0,Noise,events:arr_summer_2026.csv,AK,2.0-20.0,14.199998939897137,98.65865612768775,13.908758323743154,86.53197042062567,0.9594008480108076,4.431798081625083,4.424743673801419,,
1036,,AK,K222,,HNZ,61.0876,-149.8366,2026-09-13T03:23:00.000000Z,2026-09-13T03:24:00.000000Z,100.0,200.0,60.0,,noise,0,Noise,events:arr_summer_2026.csv,AK,2.0-20.0,11.69900913995908,90.85584475890828,11.506441354075887,103.11799408702889,0.9673505792712992,5.876555318406616,6.786558331270285,,
1037,,AK,K222,,HNZ,61.0876,-149.8366,2026-09-13T03:27:00.000000Z,2026-09-13T03:28:00.000000Z,100.0,200.0,60.0,,noise,0,Noise,events:arr_summer_2026.csv,AK,2.0-20.0,10.497948907184709,84.55400186694109,9.596786682687547,73.92286123280397,0.8356853201684632,5.284803059768642,5.544726519569416,,
1038,,AK,K222,,HNZ,61.0876,-149.8366,2026-09-13T03:28:00.000000Z,2026-09-13T03:29:00.000000Z,100.0,200.0,60.0,,noise,0,Noise,events:arr_summer_2026.csv,AK,2.0-20.0,15.048212182693044,106.70170831371317,14.717875271229763,93.08246186137785,0.9565780777958184,6.369405750095445,4.319678389486098,,
1039,,AK,K222,,HNZ,61.0876,-149.8366,2026-09-13T03:29:00.000000Z,2026-09-13T03:30:00.000000Z,100.0,200.0,60.0,,noise,0,Noise,events:arr_summer_2026.csv,AK,2.0-20.0,10.430146638107251,74.76928488580691,10.026392601494742,85.54059530941919,0.9240779000065695,4.480285852626895,3.336812328297037,,
1040,,AK,K222,,HNZ,61.0876,-149.8366,2026-09-13T03:30:00.000000Z,2026-09-13T03:31:00.000000Z,100.0,200.0,60.0,,noise,0,Noise,events:arr_summer_2026.csv,AK,2.0-20.0,19.568157811916752,128.00253587588105,19.16878972224436,131.37385896658043,0.959598371403846,5.131582951583278,5.310932841000467,,
1041,,AK,K222,,HNZ,61.0876,-149.8366,2026-09-13T03:31:00.000000Z,2026-09-13T03:32:00.000000Z,100.0,200.0,60.0,,noise,0,Noise,events:arr_summer_2026.csv,AK,2.0-20.0,12.900300292581804,76.31584518425171,12.324373423026747,81.07979600777149,0.9127042183018209,4.074529431772235,3.178139736279972,,
1042,,AK,K222,,HNZ,61.0876,-149.8366,2026-09-13T03:32:00.000000Z,2026-09-13T03:33:00.000000Z,100.0,200.0,60.0,,noise,0,Noise,events:arr_summer_2026.csv,AK,2.0-20.0,8.993678218209828,67.72550049796124,8.411628218715025,64.20059296077187,0.8747530159112122,4.716948147542718,5.571376707760084,,
1043,,AK,K222,,HNZ,61.0876,-149.8366,2026-09-13T03:33:00.000000Z,2026-09-13T03:34:00.000000Z,100.0,200.0,60.0,,noise,0,Noise,events:arr_summer_2026.csv,AK,2.0-20.0,10.023981992128869,71.16073593818093,9.219169416304881,71.69920734046401,0.8458688583090441,5.128825334659151,3.4369549315323926,,
1044,,AK,K222,,HNZ,61.0876,-149.8366,2026-09-13T03:34:00.000000Z,2026-09-13T03:35:00.000000Z,100.0,200.0,60.0,,noise,0,Noise,events:arr_summer_2026.csv,AK,2.0-20.0,14.451792411932619,75.41175025811587,13.932914888478397,77.95322940891828,0.929481048023691,3.9982634024768022,1.759629363297682,,
1045,,AK,K222,,HNZ,61.0876,-149.8366,2026-09-13T03:35:00.000000Z,2026-09-13T03:36:00.000000Z,100.0,200.0,60.0,,noise,0,Noise,events:arr_summer_2026.csv,AK,2.0-20.0,14.9304654893148,82.5814461873025,14.219462180012503,79.89445000041883,0.9070258091101395,4.171388858955534,3.878318758707591,,
1046,,AK,K222,,HNZ,61.0876,-149.8366,2026-09-13T03:36:00.000000Z,2026-09-13T03:37:00.000000Z,100.0,200.0,60.0,,noise,0,Noise,events:arr_summer_2026.csv,AK,2.0-20.0,9.272167777407123,59.418096615694694,8.547990581341494,57.66740168489141,0.8498954554352678,4.010580785358431,2.9158346055212236,,
1047,,AK,K222,,HNZ,61.0876,-149.8366,2026-09-13T03:37:00.000000Z,2026-09-13T03:38:00.000000Z,100.0,200.0,60.0,,noise,0,Noise,events:arr_summer_2026.csv,AK,2.0-20.0,11.600496811966257,99.08300187273673,11.130542341155508,98.6033354848461,0.9206180254387217,4.970935507365861,7.741976557316908,,
1048,,AK,K222,,HNZ,61.0876,-149.8366,2026-09-13T03:38:00.000000Z,2026-09-13T03:39:00.000000Z,100.0,200.0,60.0,,noise,0,Noise,events:arr_summer_2026.csv,AK,2.0-20.0,18.239257034480886,162.8382284239892,17.32219862366249,139.35249233035495,0.9019692690223916,4.758719381598714,7.733930384633217,,
1049,,AK,K222,,HNZ,61.0876,-149.8366,2026-09-13T03:39:00.000000Z,2026-09-13T03:40:00.000000Z,100.0,200.0,60.0,,noise,0,Noise,events:arr_summer_2026.csv,AK,2.0-20.0,8.082483487873247,64.13971984774946,7.703703073599037,50.63680714674879,0.9084675486145206,4.731188495134708,4.898168723153961,,
1050,,AK,K222,,HNZ,61.0876,-149.8366,2026-09-13T03:40:00.000000Z,2026-09-13T03:41:00.000000Z,100.0,200.0,60.0,,noise,0,Noise,events:arr_summer_2026.csv,AK,2.0-20.0,11.934830929608022,97.0614047627994,11.626090585554488,90.8807299568918,0.9489314985495206,6.414372869739438,7.365848922997914,,
1051,,AK,K222,,HNZ,61.0876,-149.8366,2026-09-13T03:41:00.000000Z,2026-09-13T03:42:00.000000Z,100.0,200.0,60.0,,noise,0,Noise,events:arr_summer_2026.csv,AK,2.0-20.0,10.370301435757861,114.13648861295849,10.02466052664312,119.50263491763093,0.93445111965227,6.367272691464143,15.13150407985695,,
1052,,AK,K222,,HNZ,61.0876,-149.8366,2026-09-13T03:42:00.000000Z,2026-09-13T03:43:00.000000Z,100.0,200.0,60.0,,noise,0,Noise,events:arr_summer_2026.csv,AK,2.0-20.0,8.679437293588467,53.81191415678104,8.057661499008281,52.280184051172924,0.8618563740402422,5.815844624102807,4.542529141765466,,
1053,,AK,K222,,HNZ,61.0876,-149.8366,2026-09-13T03:43:00.000000Z,2026-09-13T03:44:00.000000Z,100.0,200.0,60.0,,noise,0,Noise,events:arr_summer_2026.csv,AK,2.0-20.0,12.541392206017504,95.45732357816361,12.084862720800997,91.47237107716043,0.9285214550219608,7.692769094301008,4.894533848509839,,
1054,,AK,K222,,HNZ,61.0876,-149.8366,2026-09-13T03:44:00.000000Z,2026-09-13T03:45:00.000000Z,100.0,200.0,60.0,,noise,0,Noise,events:arr_summer_2026.csv,AK,2.0-20.0,11.185092827509171,82.49244745455964,10.735362636475937,88.63903071643173,0.9212006869324183,3.826411817433313,3.6972314271343203,,
1055,,AK,K222,,HNZ,61.0876,-149.8366,2026-09-13T03:45:00.000000Z,2026-09-13T03:46:00.000000Z,100.0,200.0,60.0,,noise,0,Noise,events:arr_summer_2026.csv,AK,2.0-20.0,11.520557564342884,89.01741254866269,11.122059009816411,111.07328632786252,0.9320160544057053,6.004287996845811,8.655520921980168,,
1056,,AK,K222,,HNZ,61.0876,-149.8366,2026-09-13T03:46:00.000000Z,2026-09-13T03:47:00.000000Z,100.0,200.0,60.0,,noise,0,Noise,events:arr_summer_2026.csv,AK,2.0-20.0,9.809629004260701,82.24134615847696,9.251563634403444,75.66091716847585,0.8894573227955093,7.200499615936277,6.592704204950172,,
1057,,AK,K222,,HNZ,61.0876,-149.8366,2026-09-13T03:47:00.000000Z,2026-09-13T03:48:00.000000Z,100.0,200.0,60.0,,noise,0,Noise,events:arr_summer_2026.csv,AK,2.0-20.0,10.97626029419296,82.46050402338626,10.481425372803715,95.4314467213438,0.9118678377973309,5.342371954258249,7.780776749997095,,
1058,,AK,K222,,HNZ,61.0876,-149.8366,2026-09-13T03:48:00.000000Z,2026-09-13T03:49:00.000000Z,100.0,200.0,60.0,,noise,0,Noise,events:arr_summer_2026.csv,AK,2.0-20.0,12.936322017102386,102.60903803398053,12.448483244134984,97.71504953798768,0.9260005459972074,5.801142742359257,6.196527964703611,,
1059,,AK,K222,,HNZ,61.0876,-149.8366,2026-09-13T03:49:00.000000Z,2026-09-13T03:50:00.000000Z,100.0,200.0,60.0,,noise,0,Noise,events:arr_summer_2026.csv,AK,2.0-20.0,12.629232785035644,85.32139574058398,11.844753983860643,88.18006545195854,0.8796261928616432,4.190664728330291,4.296331658582445,,
1060,,AK,K222,,HNZ,61.0876,-149.8366,2026-09-13T03:50:00.000000Z,2026-09-13T03:51:00.000000Z,100.0,200.0,60.0,,noise,0,Noise,events:arr_summer_2026.csv,AK,2.0-20.0,8.498450695860814,55.32535496649688,7.776903556444152,54.7052454059541,0.8374018345794586,4.860614733851347,4.327434575348353,,
1061,,AK,K222,,HNZ,61.0876,-149.8366,2026-09-13T03:51:00.000000Z,2026-09-13T03:52:00.000000Z,100.0,200.0,60.0,,noise,0,Noise,events:arr_summer_2026.csv,AK,2.0-20.0,13.35207484391034,95.8298829414326,12.853412616824427,102.2102214752176,0.9267004685060626,8.128547663098745,4.201532967360625,,
1062,,AK,K222,,HNZ,61.0876,-149.8366,2026-09-13T03:52:00.000000Z,2026-09-13T03:53:00.000000Z,100.0,200.0,60.0,,noise,0,Noise,events:arr_summer_2026.csv,AK,2.0-20.0,7.126079992519017,56.52642519216477,6.573173548039634,54.08890718804886,0.8508417878402584,4.580082120067839,4.175732465640071,,
1063,,AK,K222,,HNZ,61.0876,-149.8366,2026-09-13T03:53:00.000000Z,2026-09-13T03:54:00.000000Z,100.0,200.0,60.0,,noise,0,Noise,events:arr_summer_2026.csv,AK,2.0-20.0,11.144705411812312,88.51329934407443,10.769146370614726,88.71386508032413,0.9337387300791887,5.202907112471779,4.817794526740969,,
1064,,AK,K222,,HNZ,61.0876,-149.8366,2026-09-13T03:54:00.000000Z,2026-09-13T03:55:00.000000Z,100.0,200.0,60.0,,noise,0,Noise,events:arr_summer_2026.csv,AK,2.0-20.0,20.70877693147354,180.16989407140136,20.273723918537527,191.36823655119136,0.9584250498505902,5.876302867155104,5.522135179136669,,
1065,,AK,K222,,HNZ,61.0876,-149.8366,2026-09-13T03:55:00.000000Z,2026-09-13T03:56:00.000000Z,100.0,200.0,60.0,,noise,0,Noise,events:arr_summer_2026.csv,AK,2.0-20.0,13.428236729632017,153.06123506594483,13.048367104579176,159.44698341855351,0.9442225227884584,5.706207380850871,14.326777377341315,,
1066,,AK,K222,,HNZ,61.0876,-149.8366,2026-09-13T03:56:00.000000Z,2026-09-13T03:57:00.000000Z,100.0,200.0,60.0,,noise,0,Noise,events:arr_summer_2026.csv,AK,2.0-20.0,9.171357897595563,47.485535397015944,8.836353116676444,48.6594901962859,0.9282796773489677,4.51885676611567,2.9629720504713246,,
1067,,AK,K222,,HNZ,61.0876,-149.8366,2026-09-13T03:57:00.000000Z,2026-09-13T03:58:00.000000Z,100.0,200.0,60.0,,noise,0,Noise,events:arr_summer_2026.csv,AK,2.0-20.0,7.780132081641283,55.531008753514655,7.199792395349057,59.39578108586072,0.8563789972863136,5.060525775345029,6.535582229584941,,
1068,,AK,K222,,HNZ,61.0876,-149.8366,2026-09-13T03:58:00.000000Z,2026-09-13T03:59:00.000000Z,100.0,200.0,60.0,,noise,0,Noise,events:arr_summer_2026.csv,AK,2.0-20.0,13.727465101281998,88.90332217772466,13.294283768071201,81.6850392437857,0.9378841417099769,7.543959699528459,4.962458574607463,,
1069,,AK,K222,,HNZ,61.0876,-149.8366,2026-09-13T03:59:00.000000Z,2026-09-13T04:00:00.000000Z,100.0,200.0,60.0,,noise,0,Noise,events:arr_summer_2026.csv,AK,2.0-20.0,11.840541926215622,96.44425992900375,11.491384789431661,94.50304552524345,0.941893011589495,2.8805945952427336,9.968109156318363,,
1070,,AK,K222,,HNZ,61.0876,-149.8366,2026-09-13T04:00:00.000000Z,2026-09-13T04:01:00.000000Z,100.0,200.0,60.0,,noise,0,Noise,events:arr_summer_2026.csv,AK,2.0-20.0,8.85538628831129,50.872374914458526,8.31951905539141,52.8905207205843,0.8826355595395033,3.8845479708089052,3.0449241974539314,,
1071,,AK,K222,,HNZ,61.0876,-149.8366,2026-09-13T04:01:00.000000Z,2026-09-13T04:02:00.000000Z,100.0,200.0,60.0,,noise,0,Noise,events:arr_summer_2026.csv,AK,2.0-20.0,10.588123452054905,81.82730209915482,10.089800320788608,79.4723831731063,0.9080863560513331,5.237183154524923,4.632328484225157,,
1072,,AK,K222,,HNZ,61.0876,-149.8366,2026-09-13T04:02:00.000000Z,2026-09-13T04:03:00.000000Z,100.0,200.0,60.0,,noise,0,Noise,events:arr_summer_2026.csv,AK,2.0-20.0,18.227075087975635,93.57610728333111,17.862058249788035,93.85908355415015,0.960348886642621,4.023548504752876,2.167385729900144,,
1073,,AK,K222,,HNZ,61.0876,-149.8366,2026-09-13T04:03:00.000000Z,2026-09-13T04:04:00.000000Z,100.0,200.0,60.0,,noise,0,Noise,events:arr_summer_2026.csv,AK,2.0-20.0,11.097151593993598,184.15865478312531,10.808654149988344,158.51024558437078,0.9486810024623946,6.129232953285783,45.30730126899732,,
1074,,AK,K222,,HNZ,61.0876,-149.8366,2026-09-13T04:04:00.000000Z,2026-09-13T04:05:00.000000Z,100.0,200.0,60.0,,noise,0,Noise,events:arr_summer_2026.csv,AK,2.0-20.0,9.965264004149784,126.72531867578023,9.603902604957531,118.23554255061788,0.9287907400226406,5.980752596300088,30.52089976090995,,
1075,,AK,K222,,HNZ,61.0876,-149.8366,2026-09-13T04:05:00.000000Z,2026-09-13T04:06:00.000000Z,100.0,200.0,60.0,,noise,0,Noise,events:arr_summer_2026.csv,AK,2.0-20.0,16.115092902862862,94.08810533145301,15.786629471765403,95.38729208819299,0.9596507441709063,4.566746518311508,2.4878342012091625,,
1076,,AK,K222,,HNZ,61.0876,-149.8366,2026-09-13T04:06:00.000000Z,2026-09-13T04:07:00.000000Z,100.0,200.0,60.0,,noise,0,Noise,events:arr_summer_2026.csv,AK,2.0-20.0,12.340771793979693,73.36289608751517,12.041109330671286,79.20544788282659,0.9520250078958431,4.5824563141022985,1.5880668417958814,,
1077,,AK,K222,,HNZ,61.0876,-149.8366,2026-09-13T04:07:00.000000Z,2026-09-13T04:08:00.000000Z,100.0,200.0,60.0,,noise,0,Noise,events:arr_summer_2026.csv,AK,2.0-20.0,13.51465068100822,86.19874607561738,13.268307132806463,80.9916582080362,0.9638764785600274,4.338361558706496,2.172896576077412,,
1078,,AK,K222,,HNZ,61.0876,-149.8366,2026-09-13T04:08:00.000000Z,2026-09-13T04:09:00.000000Z,100.0,200.0,60.0,,noise,0,Noise,events:arr_summer_2026.csv,AK,2.0-20.0,14.530836276967195,87.60450612095818,14.227078976279879,88.1808485520256,0.9586283439528295,4.430521167797983,2.447980632378444,,
1079,,AK,K222,,HNZ,61.0876,-149.8366,2026-09-13T04:09:00.000000Z,2026-09-13T04:10:00.000000Z,100.0,200.0,60.0,,noise,0,Noise,events:arr_summer_2026.csv,AK,2.0-20.0,10.574502905185355,67.82266815727749,10.272982354642986,70.48188624591026,0.9437851998369107,5.35154177603674,2.9041771595084294,,
1080,,AK,K222,,HNZ,61.0876,-149.8366,2026-09-13T04:10:00.000000Z,2026-09-13T04:11:00.000000Z,100.0,200.0,60.0,,noise,0,Noise,events:arr_summer_2026.csv,AK,2.0-20.0,11.564828855783512,78.90463811875313,11.267514448096764,82.54252388596282,0.9492439261217289,6.816320410495466,5.119224638351485,,
1081,,AK,K222,,HNZ,61.0876,-149.8366,2026-09-13T04:11:00.000000Z,2026-09-13T04:12:00.000000Z,100.0,200.0,60.0,,noise,0,Noise,events:arr_summer_2026.csv,AK,2.0-20.0,10.329139239300664,79.62164389644437,10.062610212178393,70.2100485403864,0.9490586163702754,6.2117465519840875,4.407895906383553,,
1082,,AK,K222,,HNZ,61.0876,-149.8366,2026-09-13T04:12:00.000000Z,2026-09-13T04:13:00.000000Z,100.0,200.0,60.0,,noise,0,Noise,events:arr_summer_2026.csv,AK,2.0-20.0,10.938978804595845,60.29408835566793,10.635852676459468,69.96752508849289,0.9453465952113486,4.036395357481549,4.694674743297302,,
1083,,AK,K222,,HNZ,61.0876,-149.8366,2026-09-13T04:13:00.000000Z,2026-09-13T04:14:00.000000Z,100.0,200.0,60.0,,noise,0,Noise,events:arr_summer_2026.csv,AK,2.0-20.0,11.71200202517488,102.16970595145874,11.421881870828058,110.66703531369905,0.9510712440275824,4.25550731136727,7.189225418173384,,
1084,,AK,K222,,HNZ,61.0876,-149.8366,2026-09-13T04:14:00.000000Z,2026-09-13T04:15:00.000000Z,100.0,200.0,60.0,,noise,0,Noise,events:arr_summer_2026.csv,AK,2.0-20.0,12.482712105121077,138.44400537318654,12.167307609090015,119.02225254703828,0.9501038263827799,5.447321866368984,7.719500818104583,,
1085,,AK,K222,,HNZ,61.0876,-149.8366,2026-09-13T04:15:00.000000Z,2026-09-13T04:16:00.000000Z,100.0,200.0,60.0,,noise,0,Noise,events:arr_summer_2026.csv,AK,2.0-20.0,10.885884076088914,89.33290645929998,10.52258263228326,85.59676021851811,0.934366543365702,5.349760942946445,5.926758320658363,,
1086,,AK,K222,,HNZ,61.0876,-149.8366,2026-09-13T04:16:00.000000Z,2026-09-13T04:17:00.000000Z,100.0,200.0,60.0,,noise,0,Noise,events:arr_summer_2026.csv,AK,2.0-20.0,11.562372729743522,72.17326983526424,11.175332429336606,67.75053723196376,0.9341722686570304,4.147044588788924,2.4966771530017677,,
1087,,AK,K222,,HNZ,61.0876,-149.8366,2026-09-13T04:17:00.000000Z,2026-09-13T04:18:00.000000Z,100.0,200.0,60.0,,noise,0,Noise,events:arr_summer_2026.csv,AK,2.0-20.0,14.458619821582204,86.63306546492531,14.137798867102841,82.93647516736245,0.9561145357701426,4.45600093010124,3.8306143253447216,,
1088,,AK,K222,,HNZ,61.0876,-149.8366,2026-09-13T04:18:00.000000Z,2026-09-13T04:19:00.000000Z,100.0,200.0,60.0,,noise,0,Noise,events:arr_summer_2026.csv,AK,2.0-20.0,12.735931366798281,77.88184399824382,12.412549032593837,73.28751472322034,0.9498620446384528,6.353515672182963,3.334816947350597,,
1089,,AK,K222,,HNZ,61.0876,-149.8366,2026-09-13T04:19:00.000000Z,2026-09-13T04:20:00.000000Z,100.0,200.0,60.0,,noise,0,Noise,events:arr_summer_2026.csv,AK,2.0-20.0,10.391488816167332,98.87520039829052,10.11845229605108,85.96462570626778,0.9481403472380107,4.164758513982408,5.315823135102301,,
1090,,AK,K222,,HNZ,61.0876,-149.8366,2026-09-13T04:20:00.000000Z,2026-09-13T04:21:00.000000Z,100.0,200.0,60.0,,noise,0,Noise,events:arr_summer_2026.csv,AK,2.0-20.0,12.439904684363931,88.59871029998874,12.130998095987097,81.74252753941312,0.9509528045622753,5.001605618647382,4.41523466875266,,
1091,,AK,K222,,HNZ,61.0876,-149.8366,2026-09-13T04:21:00.000000Z,2026-09-13T04:22:00.000000Z,100.0,200.0,60.0,,noise,0,Noise,events:arr_summer_2026.csv,AK,2.0-20.0,12.097207885366416,92.99920336326186,11.766764558912929,85.70645028019692,0.9461148077676707,5.490523068385239,5.211275972178578,,
1092,,AK,K222,,HNZ,61.0876,-149.8366,2026-09-13T04:22:00.000000Z,2026-09-13T04:23:00.000000Z,100.0,200.0,60.0,,noise,0,Noise,events:arr_summer_2026.csv,AK,2.0-20.0,16.983220870900116,114.4773836958472,16.310591336389525,114.33126361978967,0.9223575299978525,4.099065547219097,3.7656748297158673,,
1093,,AK,K222,,HNZ,61.0876,-149.8366,2026-09-13T04:23:00.000000Z,2026-09-13T04:24:00.000000Z,100.0,200.0,60.0,,noise,0,Noise,events:arr_summer_2026.csv,AK,2.0-20.0,10.688812409432058,117.341547439597,10.225304126539081,113.3567663165301,0.9151526832316428,4.743505996026467,7.550417732681286,,
1094,,AK,K222,,HNZ,61.0876,-149.8366,2026-09-13T04:24:00.000000Z,2026-09-13T04:25:00.000000Z,100.0,200.0,60.0,,noise,0,Noise,events:arr_summer_2026.csv,AK,2.0-20.0,12.748156926055234,78.76089217143199,12.303026060375535,70.31766324826826,0.9313846714608978,4.934948173490797,2.6955542441137785,,
1095,,AK,K222,,HNZ,61.0876,-149.8366,2026-09-13T04:27:00.000000Z,2026-09-13T04:28:00.000000Z,100.0,200.0,60.0,,noise,0,Noise,events:arr_summer_2026.csv,AK,2.0-20.0,17.751526068380006,133.99993671625953,16.68327656425752,120.36448602384765,0.8832655856275872,5.510756002882443,5.215253149836384,,
1096,,AK,K222,,HNZ,61.0876,-149.8366,2026-09-13T04:28:00.000000Z,2026-09-13T04:29:00.000000Z,100.0,200.0,60.0,,noise,0,Noise,events:arr_summer_2026.csv,AK,2.0-20.0,10.83215802777919,71.44647874518823,10.090218399098992,79.3408645686067,0.8677031190190116,4.981352902395789,4.75360755427088,,
1097,,AK,K222,,HNZ,61.0876,-149.8366,2026-09-13T04:29:00.000000Z,2026-09-13T04:30:00.000000Z,100.0,200.0,60.0,,noise,0,Noise,events:arr_summer_2026.csv,AK,2.0-20.0,12.90121180520954,82.12155518875223,12.434116079960821,74.7820321168469,0.9288997035753795,4.7095041795014545,2.928568898262033,,
1098,glacier_discovery_back_2026-09-12,AK,K222,,HNZ,61.0876,-149.8366,2026-09-13T04:40:00.000000Z,2026-09-13T04:41:00.000000Z,100.0,200.0,60.0,,train,4,Train,"events:search900s,rms>=3x",AK,2.0-20.0,234.33698044336933,1689.7749512374978,217.92451119852387,1560.2995881473926,0.8648295134506383,5.290640528915737,7.848470883219914,,
1099,,AK,K222,,HNZ,61.0876,-149.8366,2026-09-13T05:01:00.000000Z,2026-09-13T05:02:00.000000Z,100.0,200.0,60.0,,noise,0,Noise,events:arr_summer_2026.csv,AK,2.0-20.0,13.828859929557645,99.05727693511909,13.030482786486559,93.41709690280615,0.8878677026134721,4.761415083671446,3.547823068571992,,
1100,,AK,K222,,HNZ,61.0876,-149.8366,2026-09-13T05:02:00.000000Z,2026-09-13T05:03:00.000000Z,100.0,200.0,60.0,,noise,0,Noise,events:arr_summer_2026.csv,AK,2.0-20.0,11.844410284881667,84.37892709619116,10.90262190601878,82.01811887193244,0.8472957290413239,7.643058704533142,6.993883980986318,,
1101,,AK,K222,,HNZ,61.0876,-149.8366,2026-09-13T05:03:00.000000Z,2026-09-13T05:04:00.000000Z,100.0,200.0,60.0,,noise,0,Noise,events:arr_summer_2026.csv,AK,2.0-20.0,13.832226932483337,73.85631052997552,13.072756250467274,67.05747479468744,0.8932028833697695,6.159766000023691,1.8926772089799533,,
1102,,AK,K222,,HNZ,61.0876,-149.8366,2026-09-13T05:04:00.000000Z,2026-09-13T05:05:00.000000Z,100.0,200.0,60.0,,noise,0,Noise,events:arr_summer_2026.csv,AK,2.0-20.0,10.122102267350181,71.3752448529616,9.417923574989727,73.72397878721148,0.8657029194463183,4.561145877692198,7.4815792790863505,,
1103,,AK,K222,,HNZ,61.0876,-149.8366,2026-09-13T05:05:00.000000Z,2026-09-13T05:06:00.000000Z,100.0,200.0,60.0,,noise,0,Noise,events:arr_summer_2026.csv,AK,2.0-20.0,13.716256453300623,185.92585160372388,13.22782627549678,179.34416120957263,0.9300488756729166,8.252091530567705,24.740696810591192,,
1104,,AK,K222,,HNZ,61.0876,-149.8366,2026-09-13T05:06:00.000000Z,2026-09-13T05:07:00.000000Z,100.0,200.0,60.0,,noise,0,Noise,events:arr_summer_2026.csv,AK,2.0-20.0,8.423138431991251,73.44429651344646,7.982901183001469,77.78481949833642,0.8982011984255487,3.952799920201848,9.91673039330219,,
1105,,AK,K222,,HNZ,61.0876,-149.8366,2026-09-13T05:07:00.000000Z,2026-09-13T05:08:00.000000Z,100.0,200.0,60.0,,noise,0,Noise,events:arr_summer_2026.csv,AK,2.0-20.0,4.178880488330667,27.44196476013746,3.7098838641034564,30.049650457988758,0.7881352045162145,3.5879309585071404,5.967243383774502,,
1106,,AK,K222,,HNZ,61.0876,-149.8366,2026-09-13T05:08:00.000000Z,2026-09-13T05:09:00.000000Z,100.0,200.0,60.0,,noise,0,Noise,events:arr_summer_2026.csv,AK,2.0-20.0,6.247967743088556,34.01995747694106,5.853184226935815,34.03026910954824,0.8776206426246308,3.020372020585312,2.3793069708552164,,
1107,,AK,K222,,HNZ,61.0876,-149.8366,2026-09-13T05:09:00.000000Z,2026-09-13T05:10:00.000000Z,100.0,200.0,60.0,,noise,0,Noise,events:arr_summer_2026.csv,AK,2.0-20.0,6.848052765113229,46.705203080898244,6.5085806292283905,45.47547710739913,0.903313254329654,4.830984009110959,3.980315901027774,,
1108,,AK,K222,,HNZ,61.0876,-149.8366,2026-09-13T05:10:00.000000Z,2026-09-13T05:11:00.000000Z,100.0,200.0,60.0,,noise,0,Noise,events:arr_summer_2026.csv,AK,2.0-20.0,13.030241563153469,120.58126250638506,12.816423432769433,119.34190900692799,0.9674505160429099,6.0327977696996795,9.926128105434197,,
1109,,AK,K222,,HNZ,61.0876,-149.8366,2026-09-13T05:11:00.000000Z,2026-09-13T05:12:00.000000Z,100.0,200.0,60.0,,noise,0,Noise,events:arr_summer_2026.csv,AK,2.0-20.0,10.600322158017883,97.93897423091322,10.196949152278986,87.90905249064173,0.9253422219838418,4.47252474421546,6.935703193913193,,
1110,,AK,K222,,HNZ,61.0876,-149.8366,2026-09-13T05:12:00.000000Z,2026-09-13T05:13:00.000000Z,100.0,200.0,60.0,,noise,0,Noise,events:arr_summer_2026.csv,AK,2.0-20.0,11.580636965984361,81.63143536593458,11.160631586626371,82.05754618777064,0.9287795612462558,4.808768389406372,5.412475010888107,,
1111,,AK,K222,,HNZ,61.0876,-149.8366,2026-09-13T05:13:00.000000Z,2026-09-13T05:14:00.000000Z,100.0,200.0,60.0,,noise,0,Noise,events:arr_summer_2026.csv,AK,2.0-20.0,7.09139242299224,55.82147379296414,6.7612484190032225,57.50748022221478,0.9090562306404855,4.976869702578958,8.435012662117497,,
1112,,AK,K222,,HNZ,61.0876,-149.8366,2026-09-13T05:14:00.000000Z,2026-09-13T05:15:00.000000Z,100.0,200.0,60.0,,noise,0,Noise,events:arr_summer_2026.csv,AK,2.0-20.0,11.140266940064672,101.07085650367293,10.882984977686693,95.21179700889769,0.954343817938268,7.2020135304823585,8.636915018042531,,
1113,,AK,K222,,HNZ,61.0876,-149.8366,2026-09-13T05:15:00.000000Z,2026-09-13T05:16:00.000000Z,100.0,200.0,60.0,,noise,0,Noise,events:arr_summer_2026.csv,AK,2.0-20.0,9.634492635600106,51.986102375639994,9.062116292404642,55.83297943166069,0.8847112788942885,4.005025023952572,2.6684181094716237,,
1114,,AK,K222,,HNZ,61.0876,-149.8366,2026-09-13T05:16:00.000000Z,2026-09-13T05:17:00.000000Z,100.0,200.0,60.0,,noise,0,Noise,events:arr_summer_2026.csv,AK,2.0-20.0,7.196457172203994,61.39699018348248,6.7070199407449405,56.63276636665604,0.8686037596099784,4.756008617039359,6.030651836480109,,
1115,,AK,K222,,HNZ,61.0876,-149.8366,2026-09-13T05:17:00.000000Z,2026-09-13T05:18:00.000000Z,100.0,200.0,60.0,,noise,0,Noise,events:arr_summer_2026.csv,AK,2.0-20.0,13.107364557184345,90.60136929884077,12.762909872089896,99.38761359500135,0.9481316569584464,6.077868851352451,6.323454288381416,,
1116,,AK,K222,,HNZ,61.0876,-149.8366,2026-09-13T05:18:00.000000Z,2026-09-13T05:19:00.000000Z,100.0,200.0,60.0,,noise,0,Noise,events:arr_summer_2026.csv,AK,2.0-20.0,6.815694554281942,63.83786345044621,6.318534112243199,67.49869650819045,0.8594338014398445,3.779305355316365,12.71193989132713,,
1117,,AK,K222,,HNZ,61.0876,-149.8366,2026-09-13T05:19:00.000000Z,2026-09-13T05:20:00.000000Z,100.0,200.0,60.0,,noise,0,Noise,events:arr_summer_2026.csv,AK,2.0-20.0,5.491728344092844,46.25063432968243,4.55307403505133,42.808072401052044,0.6873712005648892,4.291236811036473,6.808151348222548,,
1118,,AK,K222,,HNZ,61.0876,-149.8366,2026-09-13T05:20:00.000000Z,2026-09-13T05:21:00.000000Z,100.0,200.0,60.0,,noise,0,Noise,events:arr_summer_2026.csv,AK,2.0-20.0,10.520307983714865,70.97163668327096,9.959896517702875,64.04114052780895,0.8962986540515409,5.848769426709996,4.055974475342372,,
1119,,AK,K222,,HNZ,61.0876,-149.8366,2026-09-13T05:21:00.000000Z,2026-09-13T05:22:00.000000Z,100.0,200.0,60.0,,noise,0,Noise,events:arr_summer_2026.csv,AK,2.0-20.0,10.697428584893204,83.25572300057503,10.193307051657667,75.94837183613399,0.9079698372533572,4.046066807269289,4.883278388814356,,
1120,,AK,K222,,HNZ,61.0876,-149.8366,2026-09-13T05:22:00.000000Z,2026-09-13T05:23:00.000000Z,100.0,200.0,60.0,,noise,0,Noise,events:arr_summer_2026.csv,AK,2.0-20.0,10.710473436591329,97.9977951966877,10.002783263906116,104.47336881554965,0.8722166659229306,7.838503230944265,13.808962309530841,,
1121,,AK,K222,,HNZ,61.0876,-149.8366,2026-09-13T05:23:00.000000Z,2026-09-13T05:24:00.000000Z,100.0,200.0,60.0,,noise,0,Noise,events:arr_summer_2026.csv,AK,2.0-20.0,10.601710705467656,81.12607898577058,9.427831169542294,70.43541357967217,0.7908091670156905,5.784807035968619,7.017628558424528,,
1122,,AK,K222,,HNZ,61.0876,-149.8366,2026-09-13T05:27:00.000000Z,2026-09-13T05:28:00.000000Z,100.0,200.0,60.0,,noise,0,Noise,events:arr_summer_2026.csv,AK,2.0-20.0,12.373843167525987,81.80095356777242,12.032508031071108,89.97739552376545,0.9455905121529968,5.967855561226429,7.312079702950921,,
1123,,AK,K222,,HNZ,61.0876,-149.8366,2026-09-13T05:28:00.000000Z,2026-09-13T05:29:00.000000Z,100.0,200.0,60.0,,noise,0,Noise,events:arr_summer_2026.csv,AK,2.0-20.0,7.5149500243882965,104.37576599391377,7.305142950711792,111.43498844980613,0.9449421990910603,9.30531824255729,48.71469551472329,,
1124,,AK,K222,,HNZ,61.0876,-149.8366,2026-09-13T05:29:00.000000Z,2026-09-13T05:30:00.000000Z,100.0,200.0,60.0,,noise,0,Noise,events:arr_summer_2026.csv,AK,2.0-20.0,12.799708723093456,70.8400974053073,12.247967390965792,66.45319586944149,0.9156465626461867,7.314058415264415,2.9782486533469434,,
1125,coastal_classic_back_2026-09-12,AK,K222,,HNZ,61.0876,-149.8366,2026-09-13T05:46:00.000000Z,2026-09-13T05:47:00.000000Z,100.0,200.0,60.0,,train,4,Train,"events:search900s,rms>=3x",AK,2.0-20.0,299.4828533642958,1866.6571780261372,280.74935561429197,1604.6522829886194,0.8788072107171978,6.722223732570965,5.690840743724728,,
1126,,AK,K222,,HNZ,61.0876,-149.8366,2026-09-13T06:02:00.000000Z,2026-09-13T06:03:00.000000Z,100.0,200.0,60.0,,noise,0,Noise,events:arr_summer_2026.csv,AK,2.0-20.0,9.760070590502881,82.7320298659689,9.477159220897983,91.12676200003705,0.9428670016042421,6.391364247063633,6.668783607344752,,
1127,,AK,K222,,HNZ,61.0876,-149.8366,2026-09-13T06:03:00.000000Z,2026-09-13T06:04:00.000000Z,100.0,200.0,60.0,,noise,0,Noise,events:arr_summer_2026.csv,AK,2.0-20.0,12.560908832732466,92.90684861922901,12.317453965311188,89.32419976771716,0.9616117661578315,6.194439904556481,6.65374875221036,,
1128,,AK,K222,,HNZ,61.0876,-149.8366,2026-09-13T06:04:00.000000Z,2026-09-13T06:05:00.000000Z,100.0,200.0,60.0,,noise,0,Noise,events:arr_summer_2026.csv,AK,2.0-20.0,10.413547666698836,106.22091928696223,10.164611311418614,90.24895090789818,0.9527613556090496,4.073918843436591,6.705343993175395,,
1129,,AK,K222,,HNZ,61.0876,-149.8366,2026-09-13T06:05:00.000000Z,2026-09-13T06:06:00.000000Z,100.0,200.0,60.0,,noise,0,Noise,events:arr_summer_2026.csv,AK,2.0-20.0,10.49398871599289,75.69911822635058,10.136520831116645,69.51642095881527,0.9330322358362602,5.460740469549909,4.2784612643497795,,
1130,,AK,K222,,HNZ,61.0876,-149.8366,2026-09-13T06:06:00.000000Z,2026-09-13T06:07:00.000000Z,100.0,200.0,60.0,,noise,0,Noise,events:arr_summer_2026.csv,AK,2.0-20.0,5.071208987533976,21.980783826807965,4.628565112578422,19.75459346259009,0.8330474479106738,3.130315401517412,0.6471816858903456,,
1131,,AK,K222,,HNZ,61.0876,-149.8366,2026-09-13T06:07:00.000000Z,2026-09-13T06:08:00.000000Z,100.0,200.0,60.0,,noise,0,Noise,events:arr_summer_2026.csv,AK,2.0-20.0,10.92115228719969,65.38436701057897,10.69087060662125,70.41887902849668,0.9582729307061374,5.467666332064379,3.0114456103223066,,
1132,,AK,K222,,HNZ,61.0876,-149.8366,2026-09-13T06:08:00.000000Z,2026-09-13T06:09:00.000000Z,100.0,200.0,60.0,,noise,0,Noise,events:arr_summer_2026.csv,AK,2.0-20.0,11.420772289006191,98.97071080159846,11.173360219547638,96.3063908356321,0.9571426209339923,5.781564842707288,9.181518461660186,,
1133,,AK,K222,,HNZ,61.0876,-149.8366,2026-09-13T06:09:00.000000Z,2026-09-13T06:10:00.000000Z,100.0,200.0,60.0,,noise,0,Noise,events:arr_summer_2026.csv,AK,2.0-20.0,12.791999737221326,103.25067480565211,12.554606821077243,101.39470603533863,0.9632285551087382,5.214205550134686,7.385416638447641,,
1134,,AK,K222,,HNZ,61.0876,-149.8366,2026-09-13T06:10:00.000000Z,2026-09-13T06:11:00.000000Z,100.0,200.0,60.0,,noise,0,Noise,events:arr_summer_2026.csv,AK,2.0-20.0,14.025541900208747,88.7271628099905,13.753799655005276,89.88350052289621,0.9616257582648776,4.751916887281398,3.7553793242908835,,
1135,,AK,K222,,HNZ,61.0876,-149.8366,2026-09-13T06:11:00.000000Z,2026-09-13T06:12:00.000000Z,100.0,200.0,60.0,,noise,0,Noise,events:arr_summer_2026.csv,AK,2.0-20.0,10.913186993344038,80.86789723484962,10.677418605908937,77.75734087447485,0.9572587515299309,5.136513048987631,5.535084248979967,,
1136,,AK,K222,,HNZ,61.0876,-149.8366,2026-09-13T06:12:00.000000Z,2026-09-13T06:13:00.000000Z,100.0,200.0,60.0,,noise,0,Noise,events:arr_summer_2026.csv,AK,2.0-20.0,12.239348500481979,85.50633187554871,11.931003933433283,82.06365040044781,0.9502489006545345,4.751894299324013,5.0309246193817,,
1137,,AK,K222,,HNZ,61.0876,-149.8366,2026-09-13T06:13:00.000000Z,2026-09-13T06:14:00.000000Z,100.0,200.0,60.0,,noise,0,Noise,events:arr_summer_2026.csv,AK,2.0-20.0,12.043109229018052,88.80337766736812,11.764245769017556,84.24085404445475,0.9542252997818514,4.443884178491992,5.354586389434877,,
1138,,AK,K222,,HNZ,61.0876,-149.8366,2026-09-13T06:14:00.000000Z,2026-09-13T06:15:00.000000Z,100.0,200.0,60.0,,noise,0,Noise,events:arr_summer_2026.csv,AK,2.0-20.0,11.07453961211448,88.25492534640613,10.861499768137623,85.82228542084509,0.9618962524921242,4.613293393223005,5.431119678884171,,
1139,,AK,K222,,HNZ,61.0876,-149.8366,2026-09-13T06:15:00.000000Z,2026-09-13T06:16:00.000000Z,100.0,200.0,60.0,,noise,0,Noise,events:arr_summer_2026.csv,AK,2.0-20.0,11.380671497323426,73.63946997461149,11.071152775320863,69.79460665410302,0.946345916270286,4.825682101578417,3.3533348908588207,,
1140,,AK,K222,,HNZ,61.0876,-149.8366,2026-09-13T06:16:00.000000Z,2026-09-13T06:17:00.000000Z,100.0,200.0,60.0,,noise,0,Noise,events:arr_summer_2026.csv,AK,2.0-20.0,6.230123070805488,55.85473719776757,5.9917868418561016,54.0963965400734,0.9249525586702109,5.707452467235477,8.51802046753973,,
1141,,AK,K222,,HNZ,61.0876,-149.8366,2026-09-13T06:17:00.000000Z,2026-09-13T06:18:00.000000Z,100.0,200.0,60.0,,noise,0,Noise,events:arr_summer_2026.csv,AK,2.0-20.0,6.555182048862456,72.56341301644161,6.112288347258928,59.529679090775005,0.8694370700081022,5.900311606822078,10.94913809097765,,
1142,,AK,K222,,HNZ,61.0876,-149.8366,2026-09-13T06:18:00.000000Z,2026-09-13T06:19:00.000000Z,100.0,200.0,60.0,,noise,0,Noise,events:arr_summer_2026.csv,AK,2.0-20.0,7.639335788614203,59.06987396210826,7.367349950620209,66.89446788024364,0.9300609257627901,6.442810518045769,7.529110953697627,,
1143,,AK,K222,,HNZ,61.0876,-149.8366,2026-09-13T06:19:00.000000Z,2026-09-13T06:20:00.000000Z,100.0,200.0,60.0,,noise,0,Noise,events:arr_summer_2026.csv,AK,2.0-20.0,6.106818819763712,67.64519007731957,5.68522830607701,69.23512293610534,0.8666939175722302,5.6283710518639305,10.986196929335026,,
1144,,AK,K222,,HNZ,61.0876,-149.8366,2026-09-13T06:20:00.000000Z,2026-09-13T06:21:00.000000Z,100.0,200.0,60.0,,noise,0,Noise,events:arr_summer_2026.csv,AK,2.0-20.0,6.467990430925272,60.28209393893469,6.155200173092251,69.37336479148202,0.9056192073255234,7.989094147958946,12.53995507355232,,
1145,,AK,K222,,HNZ,61.0876,-149.8366,2026-09-13T06:21:00.000000Z,2026-09-13T06:22:00.000000Z,100.0,200.0,60.0,,noise,0,Noise,events:arr_summer_2026.csv,AK,2.0-20.0,9.859626054072699,107.63664733502824,9.592864135912523,117.70649408294877,0.9466200516793575,7.440772933184975,15.966936481896418,,
1146,,AK,K222,,HNZ,61.0876,-149.8366,2026-09-13T06:22:00.000000Z,2026-09-13T06:23:00.000000Z,100.0,200.0,60.0,,noise,0,Noise,events:arr_summer_2026.csv,AK,2.0-20.0,5.850384055959471,53.69285629611654,5.493413120803434,59.660664711630616,0.8816896998471334,6.346689649078055,7.9797980216229885,,
1147,,AK,K222,,HNZ,61.0876,-149.8366,2026-09-13T06:23:00.000000Z,2026-09-13T06:24:00.000000Z,100.0,200.0,60.0,,noise,0,Noise,events:arr_summer_2026.csv,AK,2.0-20.0,12.366954829551217,149.3688733179299,12.113533061046951,145.63494287213058,0.9594362182639673,6.12869020386329,11.947272696249062,,
1148,,AK,K222,,HNZ,61.0876,-149.8366,2026-09-13T06:24:00.000000Z,2026-09-13T06:25:00.000000Z,100.0,200.0,60.0,,noise,0,Noise,events:arr_summer_2026.csv,AK,2.0-20.0,10.448661882423755,78.67529387244109,10.13215412383616,84.92056415397033,0.940334181994944,7.652674799471061,8.934399855245458,,
1149,,AK,K222,,HNZ,61.0876,-149.8366,2026-09-13T06:27:00.000000Z,2026-09-13T06:28:00.000000Z,100.0,200.0,60.0,,noise,0,Noise,events:arr_summer_2026.csv,AK,2.0-20.0,9.178543996789593,59.548960324418395,8.02643610346324,68.34716315104994,0.764712021385585,2.999457536855674,6.769565986292546,,
1150,,AK,K222,,HNZ,61.0876,-149.8366,2026-09-13T06:28:00.000000Z,2026-09-13T06:29:00.000000Z,100.0,200.0,60.0,,noise,0,Noise,events:arr_summer_2026.csv,AK,2.0-20.0,6.21829727045904,79.95081214887351,5.923303393182335,81.0807017109102,0.9073712108424117,6.514934910264397,31.4222983730702,,
1151,,AK,K222,,HNZ,61.0876,-149.8366,2026-09-13T06:29:00.000000Z,2026-09-13T06:30:00.000000Z,100.0,200.0,60.0,,noise,0,Noise,events:arr_summer_2026.csv,AK,2.0-20.0,5.663535294267394,62.77795982183942,5.393223049007716,60.9079353459335,0.9068209421306569,4.865517126313213,14.742229370059125,,
1152,,AK,K222,,HNZ,61.0876,-149.8366,2026-09-13T06:30:00.000000Z,2026-09-13T06:31:00.000000Z,100.0,200.0,60.0,,noise,0,Noise,events:arr_summer_2026.csv,AK,2.0-20.0,9.029518160546282,52.255031837429755,8.700303479398318,49.95598395733582,0.9284096626114063,4.753633497592201,2.1675090497278804,,
1153,,AK,K222,,HNZ,61.0876,-149.8366,2026-09-13T06:31:00.000000Z,2026-09-13T06:32:00.000000Z,100.0,200.0,60.0,,noise,0,Noise,events:arr_summer_2026.csv,AK,2.0-20.0,7.5794258844717275,144.45751910135107,7.3353009504847035,128.08180771820508,0.9366196225305391,8.13876515925647,100.5728738511068,,
1154,,AK,K222,,HNZ,61.0876,-149.8366,2026-09-13T06:32:00.000000Z,2026-09-13T06:33:00.000000Z,100.0,200.0,60.0,,noise,0,Noise,events:arr_summer_2026.csv,AK,2.0-20.0,8.865555306799438,83.89324441028525,8.258059345899355,87.05774532166527,0.8676490832575977,4.890673532946216,10.198782618108927,,
1155,,AK,K222,,HNZ,61.0876,-149.8366,2026-09-13T06:33:00.000000Z,2026-09-13T06:34:00.000000Z,100.0,200.0,60.0,,noise,0,Noise,events:arr_summer_2026.csv,AK,2.0-20.0,7.834168141214763,71.55867226682241,7.212441843918708,76.10617495844696,0.847576431687902,6.7137792124601035,12.400432640952221,,
1156,,AK,K222,,HNZ,61.0876,-149.8366,2026-09-13T06:34:00.000000Z,2026-09-13T06:35:00.000000Z,100.0,200.0,60.0,,noise,0,Noise,events:arr_summer_2026.csv,AK,2.0-20.0,7.176018087781978,47.61240028205716,6.502500571702004,45.078963767852755,0.8210956449750918,6.423480743520143,4.252366756302208,,
1157,,AK,K222,,HNZ,61.0876,-149.8366,2026-09-13T06:35:00.000000Z,2026-09-13T06:36:00.000000Z,100.0,200.0,60.0,,noise,0,Noise,events:arr_summer_2026.csv,AK,2.0-20.0,8.53663460224012,56.565249078540006,7.734729823333273,50.12233618213456,0.820950386197016,7.087804753530912,4.031442491000656,,
1158,,AK,K222,,HNZ,61.0876,-149.8366,2026-09-13T06:36:00.000000Z,2026-09-13T06:37:00.000000Z,100.0,200.0,60.0,,noise,0,Noise,events:arr_summer_2026.csv,AK,2.0-20.0,4.357593309973285,38.22229887762195,3.5272154531404074,37.92443660729519,0.6551950173247226,5.175184867228598,9.258957355244933,,
1159,,AK,K222,,HNZ,61.0876,-149.8366,2026-09-13T06:37:00.000000Z,2026-09-13T06:38:00.000000Z,100.0,200.0,60.0,,noise,0,Noise,events:arr_summer_2026.csv,AK,2.0-20.0,4.405688105097754,32.18645599474856,3.913076313811017,34.88992584179183,0.7888767166136916,3.5942736844176966,7.316345464773473,,
1160,,AK,K222,,HNZ,61.0876,-149.8366,2026-09-13T06:38:00.000000Z,2026-09-13T06:39:00.000000Z,100.0,200.0,60.0,,noise,0,Noise,events:arr_summer_2026.csv,AK,2.0-20.0,6.410416657712611,47.369711834604665,6.091413832820155,44.10356129074393,0.9029499823974632,5.180827166553055,5.514958537025194,,
1161,,AK,K222,,HNZ,61.0876,-149.8366,2026-09-13T06:39:00.000000Z,2026-09-13T06:40:00.000000Z,100.0,200.0,60.0,,noise,0,Noise,events:arr_summer_2026.csv,AK,2.0-20.0,5.913714501094648,75.29754018761442,5.6378479298483235,70.44894939552532,0.9088788696444373,7.160919661018151,38.14894538965054,,
1162,,AK,K222,,HNZ,61.0876,-149.8366,2026-09-13T06:40:00.000000Z,2026-09-13T06:41:00.000000Z,100.0,200.0,60.0,,noise,0,Noise,events:arr_summer_2026.csv,AK,2.0-20.0,11.91454532817378,117.7756592703779,11.609833386396463,104.56624966782971,0.9495044985422676,5.720119495681723,9.012623834091928,,
1163,,AK,K222,,HNZ,61.0876,-149.8366,2026-09-13T06:41:00.000000Z,2026-09-13T06:42:00.000000Z,100.0,200.0,60.0,,noise,0,Noise,events:arr_summer_2026.csv,AK,2.0-20.0,264.9965262663452,2052.03052012142,238.27337819286222,1766.8722333180704,0.8084826091264465,4.92606675389559,6.8770320541064525,,
1164,,AK,K222,,HNZ,61.0876,-149.8366,2026-09-13T06:42:00.000000Z,2026-09-13T06:43:00.000000Z,100.0,200.0,60.0,,noise,0,Noise,events:arr_summer_2026.csv,AK,2.0-20.0,75.0101837466932,668.3935154041633,63.71903722930537,609.9750646187242,0.7216023712406885,3.2555772102565066,13.971844213585094,,
1165,,AK,K222,,HNZ,61.0876,-149.8366,2026-09-13T06:43:00.000000Z,2026-09-13T06:44:00.000000Z,100.0,200.0,60.0,,noise,0,Noise,events:arr_summer_2026.csv,AK,2.0-20.0,13.649490897472083,137.93944434866435,13.149153368415039,125.89884470435237,0.9280314095678057,7.56833078969911,13.85528820896608,,
1166,,AK,K222,,HNZ,61.0876,-149.8366,2026-09-13T06:44:00.000000Z,2026-09-13T06:45:00.000000Z,100.0,200.0,60.0,,noise,0,Noise,events:arr_summer_2026.csv,AK,2.0-20.0,10.108129088294305,106.57615200880362,9.839147198995638,112.26814725635872,0.9474872111185552,7.666611879100368,15.271355157669063,,
1167,,AK,K222,,HNZ,61.0876,-149.8366,2026-09-13T06:45:00.000000Z,2026-09-13T06:46:00.000000Z,100.0,200.0,60.0,,noise,0,Noise,events:arr_summer_2026.csv,AK,2.0-20.0,7.928347573246912,68.97712654663495,7.599400460463484,69.19806531153134,0.9187414268776033,6.21922861109976,11.062272212644917,,
1168,,AK,K222,,HNZ,61.0876,-149.8366,2026-09-13T06:46:00.000000Z,2026-09-13T06:47:00.000000Z,100.0,200.0,60.0,,noise,0,Noise,events:arr_summer_2026.csv,AK,2.0-20.0,11.555194978373098,90.30811168323754,11.196781425909755,94.91782264410676,0.9389270362966632,5.52848698517521,5.049972209723059,,
1169,,AK,K222,,HNZ,61.0876,-149.8366,2026-09-13T06:47:00.000000Z,2026-09-13T06:48:00.000000Z,100.0,200.0,60.0,,noise,0,Noise,events:arr_summer_2026.csv,AK,2.0-20.0,8.566244109770546,64.0459822058571,7.993290959995211,60.77504977513583,0.8707036222890808,6.423374976951846,7.460441488789009,,
1170,,AK,K222,,HNZ,61.0876,-149.8366,2026-09-13T06:48:00.000000Z,2026-09-13T06:49:00.000000Z,100.0,200.0,60.0,,noise,0,Noise,events:arr_summer_2026.csv,AK,2.0-20.0,8.403376079869076,66.12724954389202,7.925806680712038,62.16790489310565,0.8895684060912179,6.738874069737205,6.966661225156022,,
1171,,AK,K222,,HNZ,61.0876,-149.8366,2026-09-13T06:49:00.000000Z,2026-09-13T06:50:00.000000Z,100.0,200.0,60.0,,noise,0,Noise,events:arr_summer_2026.csv,AK,2.0-20.0,5.0899737527702404,55.16722061597311,4.4662442570827805,52.15176522766216,0.7699346338582941,5.7808794418329015,16.44252739823074,,
1172,,AK,K222,,HNZ,61.0876,-149.8366,2026-09-13T06:50:00.000000Z,2026-09-13T06:51:00.000000Z,100.0,200.0,60.0,,noise,0,Noise,events:arr_summer_2026.csv,AK,2.0-20.0,4.808509885402216,41.15026019454757,4.1892805713408965,39.2566266616379,0.7590281254903721,6.967684541680085,12.819703421145547,,
1173,,AK,K222,,HNZ,61.0876,-149.8366,2026-09-13T06:51:00.000000Z,2026-09-13T06:52:00.000000Z,100.0,200.0,60.0,,noise,0,Noise,events:arr_summer_2026.csv,AK,2.0-20.0,8.031647771002858,94.50562752840071,7.483843228166508,93.09327640980608,0.8682405283055964,7.709312118195505,20.000602512134904,,
1174,,AK,K222,,HNZ,61.0876,-149.8366,2026-09-13T06:52:00.000000Z,2026-09-13T06:53:00.000000Z,100.0,200.0,60.0,,noise,0,Noise,events:arr_summer_2026.csv,AK,2.0-20.0,7.428458587616564,74.87761545976784,7.10345414823477,66.42809214823096,0.9144116485510084,4.835559590326959,14.174647001379217,,
1175,,AK,K222,,HNZ,61.0876,-149.8366,2026-09-13T06:53:00.000000Z,2026-09-13T06:54:00.000000Z,100.0,200.0,60.0,,noise,0,Noise,events:arr_summer_2026.csv,AK,2.0-20.0,9.715385723193666,108.52292810173546,9.296748607041192,116.94604498331893,0.9156765224811063,7.227959106994147,17.193024599484414,,
1176,,AK,K222,,HNZ,61.0876,-149.8366,2026-09-13T06:54:00.000000Z,2026-09-13T06:55:00.000000Z,100.0,200.0,60.0,,noise,0,Noise,events:arr_summer_2026.csv,AK,2.0-20.0,7.628623852600432,70.42659087992813,7.26492037180152,77.4975116677953,0.9069206988732383,5.224360376286549,13.87005601796793,,
1177,,AK,K222,,HNZ,61.0876,-149.8366,2026-09-13T06:55:00.000000Z,2026-09-13T06:56:00.000000Z,100.0,200.0,60.0,,noise,0,Noise,events:arr_summer_2026.csv,AK,2.0-20.0,8.661741944106735,156.13590731857389,8.387217975356233,142.7465224722125,0.9376167959165881,9.201050520663575,77.35800923073751,,
1178,,AK,K222,,HNZ,61.0876,-149.8366,2026-09-13T06:56:00.000000Z,2026-09-13T06:57:00.000000Z,100.0,200.0,60.0,,noise,0,Noise,events:arr_summer_2026.csv,AK,2.0-20.0,4.524895691648949,23.849244500358363,3.4380694135353673,21.887758833692928,0.5773140631869229,2.9312387226760297,1.357370017054004,,
1179,,AK,K222,,HNZ,61.0876,-149.8366,2026-09-13T06:57:00.000000Z,2026-09-13T06:58:00.000000Z,100.0,200.0,60.0,,noise,0,Noise,events:arr_summer_2026.csv,AK,2.0-20.0,7.615396975233877,96.84996434898535,6.9768902335699226,89.70134502073572,0.8393414800473277,7.039590390426508,20.278686011560794,,
1180,,AK,K222,,HNZ,61.0876,-149.8366,2026-09-13T06:58:00.000000Z,2026-09-13T06:59:00.000000Z,100.0,200.0,60.0,,noise,0,Noise,events:arr_summer_2026.csv,AK,2.0-20.0,7.788937473462116,63.250426284778094,7.156608433091862,59.74490794103258,0.8442247433166412,5.457870636472864,14.936027510089524,,
1181,,AK,K222,,HNZ,61.0876,-149.8366,2026-09-13T06:59:00.000000Z,2026-09-13T07:00:00.000000Z,100.0,200.0,60.0,,noise,0,Noise,events:arr_summer_2026.csv,AK,2.0-20.0,10.190367871908126,77.50414744155516,9.734727705464842,76.1754863937274,0.9125735808884019,4.352977801000746,8.88119278427936,,
1182,,AK,K222,,HNZ,61.0876,-149.8366,2026-09-13T07:00:00.000000Z,2026-09-13T07:01:00.000000Z,100.0,200.0,60.0,,noise,0,Noise,events:arr_summer_2026.csv,AK,2.0-20.0,8.788898278784538,70.45286869612205,8.007683705974225,67.53316398365027,0.8301277754747208,4.4106476959275485,7.896342594736494,,
1183,,AK,K222,,HNZ,61.0876,-149.8366,2026-09-13T07:01:00.000000Z,2026-09-13T07:02:00.000000Z,100.0,200.0,60.0,,noise,0,Noise,events:arr_summer_2026.csv,AK,2.0-20.0,3.18290032726181,17.613069351213635,2.4352613943670955,15.227021382807367,0.5853897183921293,6.048145950627458,3.029332766796765,,
1184,,AK,K222,,HNZ,61.0876,-149.8366,2026-09-13T07:02:00.000000Z,2026-09-13T07:03:00.000000Z,100.0,200.0,60.0,,noise,0,Noise,events:arr_summer_2026.csv,AK,2.0-20.0,9.193766828302442,52.965050425967,8.784022958643199,49.057008299736424,0.9128511235204593,4.1873215304980125,3.6116870753089048,,
1185,,AK,K222,,HNZ,61.0876,-149.8366,2026-09-13T07:03:00.000000Z,2026-09-13T07:04:00.000000Z,100.0,200.0,60.0,,noise,0,Noise,events:arr_summer_2026.csv,AK,2.0-20.0,9.11698145043219,62.757486041247645,8.859620331981258,58.36866494464144,0.9443393349689574,5.394453140974058,4.247445924336557,,
1186,,AK,K222,,HNZ,61.0876,-149.8366,2026-09-13T07:04:00.000000Z,2026-09-13T07:05:00.000000Z,100.0,200.0,60.0,,noise,0,Noise,events:arr_summer_2026.csv,AK,2.0-20.0,7.929275154876774,52.94710557003662,7.541459058196381,56.33299907288185,0.9045733278681329,5.6408579714115605,3.9251987006436213,,
1187,,AK,K222,,HNZ,61.0876,-149.8366,2026-09-13T07:05:00.000000Z,2026-09-13T07:06:00.000000Z,100.0,200.0,60.0,,noise,0,Noise,events:arr_summer_2026.csv,AK,2.0-20.0,8.429012040584327,56.34504045668068,8.204560648378731,56.276049971486856,0.9474522051744849,6.636345471602205,5.087467584733808,,
1188,,AK,K222,,HNZ,61.0876,-149.8366,2026-09-13T07:06:00.000000Z,2026-09-13T07:07:00.000000Z,100.0,200.0,60.0,,noise,0,Noise,events:arr_summer_2026.csv,AK,2.0-20.0,8.002660870865615,65.046931077936,7.725678937344875,58.587126732595216,0.9319754778435407,4.276340514875029,8.172162648837867,,
1189,,AK,K222,,HNZ,61.0876,-149.8366,2026-09-13T07:07:00.000000Z,2026-09-13T07:08:00.000000Z,100.0,200.0,60.0,,noise,0,Noise,events:arr_summer_2026.csv,AK,2.0-20.0,5.872817968645205,57.49610810461152,5.6330725491628435,55.35387190502179,0.9200207226125273,5.368031263278895,9.068593383975795,,
1190,,AK,K222,,HNZ,61.0876,-149.8366,2026-09-13T07:08:00.000000Z,2026-09-13T07:09:00.000000Z,100.0,200.0,60.0,,noise,0,Noise,events:arr_summer_2026.csv,AK,2.0-20.0,7.3184856739449815,50.72761136489103,7.049439795737594,54.63956072290539,0.9278264686080753,3.9937848634789064,6.791091098474546,,
1191,,AK,K222,,HNZ,61.0876,-149.8366,2026-09-13T07:09:00.000000Z,2026-09-13T07:10:00.000000Z,100.0,200.0,60.0,,noise,0,Noise,events:arr_summer_2026.csv,AK,2.0-20.0,3.2416801850126276,18.990275673754592,2.881910029953667,22.07599371945023,0.7903519047261127,4.304041749676923,2.2056149224294,,
1192,,AK,K222,,HNZ,61.0876,-149.8366,2026-09-13T07:10:00.000000Z,2026-09-13T07:11:00.000000Z,100.0,200.0,60.0,,noise,0,Noise,events:arr_summer_2026.csv,AK,2.0-20.0,9.635888865573682,57.411976953090665,9.388457029915322,58.83699308681322,0.9493030601102931,5.203013566881164,3.3956509714538425,,
1193,,AK,K222,,HNZ,61.0876,-149.8366,2026-09-13T07:11:00.000000Z,2026-09-13T07:12:00.000000Z,100.0,200.0,60.0,,noise,0,Noise,events:arr_summer_2026.csv,AK,2.0-20.0,5.691035520335027,40.01487689655196,5.425736302275446,42.531436849222615,0.9089390725841041,4.5027035442328325,6.953377946271251,,
1194,,AK,K222,,HNZ,61.0876,-149.8366,2026-09-13T07:12:00.000000Z,2026-09-13T07:13:00.000000Z,100.0,200.0,60.0,,noise,0,Noise,events:arr_summer_2026.csv,AK,2.0-20.0,11.710734738153302,83.45592212917508,11.43496749171251,80.58784630069675,0.9534580305601981,6.02402017623497,6.998421691857745,,
1195,,AK,K222,,HNZ,61.0876,-149.8366,2026-09-13T07:13:00.000000Z,2026-09-13T07:14:00.000000Z,100.0,200.0,60.0,,noise,0,Noise,events:arr_summer_2026.csv,AK,2.0-20.0,6.891485442064803,77.20809663556388,6.672571978312296,84.01793553870564,0.9374774897945148,7.817206695285126,23.09088651713023,,
1196,,AK,K222,,HNZ,61.0876,-149.8366,2026-09-13T07:14:00.000000Z,2026-09-13T07:15:00.000000Z,100.0,200.0,60.0,,noise,0,Noise,events:arr_summer_2026.csv,AK,2.0-20.0,5.76161530867848,88.11825230916395,5.4887224351048385,71.85057608600081,0.9075154390724396,8.193290982657409,32.099404445927604,,
1197,,AK,K222,,HNZ,61.0876,-149.8366,2026-09-13T07:15:00.000000Z,2026-09-13T07:16:00.000000Z,100.0,200.0,60.0,,noise,0,Noise,events:arr_summer_2026.csv,AK,2.0-20.0,7.524856511439464,56.097612885418954,7.19549741710871,55.697603916287605,0.9143767977851032,4.50759849636766,5.861306512337913,,
1198,,AK,K222,,HNZ,61.0876,-149.8366,2026-09-13T07:16:00.000000Z,2026-09-13T07:17:00.000000Z,100.0,200.0,60.0,,noise,0,Noise,events:arr_summer_2026.csv,AK,2.0-20.0,9.611478490465643,69.19810263568408,9.325045333914476,62.20783403124153,0.9412857995908177,4.572749219256338,6.6201931096287066,,
1199,,AK,K222,,HNZ,61.0876,-149.8366,2026-09-13T07:17:00.000000Z,2026-09-13T07:18:00.000000Z,100.0,200.0,60.0,,noise,0,Noise,events:arr_summer_2026.csv,AK,2.0-20.0,8.43441520475372,67.39557798808978,8.208877726606513,67.22856533994708,0.9472347470665953,5.961101343034423,5.203468052949795,,
1200,,AK,K222,,HNZ,61.0876,-149.8366,2026-09-13T07:18:00.000000Z,2026-09-13T07:19:00.000000Z,100.0,200.0,60.0,,noise,0,Noise,events:arr_summer_2026.csv,AK,2.0-20.0,6.798332124308052,96.69075595745824,6.540989856608874,95.41417469282368,0.9257254338314924,8.072647836506583,33.659338337839266,,
1201,,AK,K222,,HNZ,61.0876,-149.8366,2026-09-13T07:19:00.000000Z,2026-09-13T07:20:00.000000Z,100.0,200.0,60.0,,noise,0,Noise,events:arr_summer_2026.csv,AK,2.0-20.0,8.258073647951667,95.87709537985684,7.978880343624666,86.35573786388551,0.9335259628647646,5.3387723188346,17.154125609955308,,
1202,,AK,K222,,HNZ,61.0876,-149.8366,2026-09-13T07:20:00.000000Z,2026-09-13T07:21:00.000000Z,100.0,200.0,60.0,,noise,0,Noise,events:arr_summer_2026.csv,AK,2.0-20.0,5.093789689548901,50.55613199267204,4.737031483862588,52.32259846454226,0.8648295538858074,6.277896793650494,10.911315102584442,,
1203,,AK,K222,,HNZ,61.0876,-149.8366,2026-09-13T07:21:00.000000Z,2026-09-13T07:22:00.000000Z,100.0,200.0,60.0,,noise,0,Noise,events:arr_summer_2026.csv,AK,2.0-20.0,5.984505445124535,61.38287314618577,5.623439195821344,59.22923605519843,0.8829731029499197,6.010817217208738,18.298344715688753,,
1204,,AK,K222,,HNZ,61.0876,-149.8366,2026-09-13T07:22:00.000000Z,2026-09-13T07:23:00.000000Z,100.0,200.0,60.0,,noise,0,Noise,events:arr_summer_2026.csv,AK,2.0-20.0,7.849765432535299,55.8728442007767,7.38349246838243,56.87654555636729,0.8847291035252701,7.234544058942306,8.632958908297148,,
1205,,AK,K222,,HNZ,61.0876,-149.8366,2026-09-13T07:23:00.000000Z,2026-09-13T07:24:00.000000Z,100.0,200.0,60.0,,noise,0,Noise,events:arr_summer_2026.csv,AK,2.0-20.0,9.751448431839387,113.4920123460716,9.37163213289771,117.58315988422095,0.9236176184291054,7.597500957727704,26.363819216487816,,
1206,,AK,K222,,HNZ,61.0876,-149.8366,2026-09-13T07:27:00.000000Z,2026-09-13T07:28:00.000000Z,100.0,200.0,60.0,,noise,0,Noise,events:arr_summer_2026.csv,AK,2.0-20.0,5.980188706797621,35.405083768866625,5.269934846463515,33.16200994310015,0.7765701891253257,4.848725004740791,3.604442100549652,,
1207,,AK,K222,,HNZ,61.0876,-149.8366,2026-09-13T07:28:00.000000Z,2026-09-13T07:29:00.000000Z,100.0,200.0,60.0,,noise,0,Noise,events:arr_summer_2026.csv,AK,2.0-20.0,3.236170342141314,18.475542328508293,2.8155807106202255,15.560945118849617,0.7569604963388038,3.74865828456393,1.7382894589553937,,
1208,,AK,K222,,HNZ,61.0876,-149.8366,2026-09-13T07:29:00.000000Z,2026-09-13T07:30:00.000000Z,100.0,200.0,60.0,,noise,0,Noise,events:arr_summer_2026.csv,AK,2.0-20.0,5.132374795233621,74.70106264928793,4.848247804760703,71.41415925443994,0.8923452001154075,7.830029655591523,50.75995240492986,,
1209,,AK,K222,,HNZ,61.0876,-149.8366,2026-09-13T07:30:00.000000Z,2026-09-13T07:31:00.000000Z,100.0,200.0,60.0,,noise,0,Noise,events:arr_summer_2026.csv,AK,2.0-20.0,3.756929057331981,49.058138328863215,3.2380669161901654,49.61041770705437,0.7428577357481309,7.2909944776509805,33.45792272808891,,
1210,,AK,K222,,HNZ,61.0876,-149.8366,2026-09-13T07:31:00.000000Z,2026-09-13T07:32:00.000000Z,100.0,200.0,60.0,,noise,0,Noise,events:arr_summer_2026.csv,AK,2.0-20.0,2.8390535475779943,19.414893278602573,2.5015711243213943,18.858767565084527,0.7763875145312916,5.7154964121683,4.416800283155331,,
1211,,AK,K222,,HNZ,61.0876,-149.8366,2026-09-13T07:32:00.000000Z,2026-09-13T07:33:00.000000Z,100.0,200.0,60.0,,noise,0,Noise,events:arr_summer_2026.csv,AK,2.0-20.0,7.551755374500913,77.66666904907116,7.300042338910961,79.12236235454822,0.9344475533334177,4.232778213231055,15.30053408190058,,
1212,,AK,K222,,HNZ,61.0876,-149.8366,2026-09-13T07:33:00.000000Z,2026-09-13T07:34:00.000000Z,100.0,200.0,60.0,,noise,0,Noise,events:arr_summer_2026.csv,AK,2.0-20.0,3.962716777983206,65.1591366567132,3.6334541891652687,62.93402920795632,0.8407237390511967,8.403911191317862,73.11017520082524,,
1213,,AK,K222,,HNZ,61.0876,-149.8366,2026-09-13T07:34:00.000000Z,2026-09-13T07:35:00.000000Z,100.0,200.0,60.0,,noise,0,Noise,events:arr_summer_2026.csv,AK,2.0-20.0,4.793992694656838,49.99943554344778,4.240369438610116,47.21604722308936,0.7823708407564275,5.984398326485908,14.576067857194534,,
1214,,AK,K222,,HNZ,61.0876,-149.8366,2026-09-13T07:35:00.000000Z,2026-09-13T07:36:00.000000Z,100.0,200.0,60.0,,noise,0,Noise,events:arr_summer_2026.csv,AK,2.0-20.0,4.99117892628978,92.34626931330605,4.229897214216074,85.16731357679912,0.7182131467510376,6.3778069427021045,97.01909263689372,,
1215,,AK,K222,,HNZ,61.0876,-149.8366,2026-09-13T07:36:00.000000Z,2026-09-13T07:37:00.000000Z,100.0,200.0,60.0,,noise,0,Noise,events:arr_summer_2026.csv,AK,2.0-20.0,9.438004896095844,94.47664772267862,8.953069706745973,91.30018237071738,0.8998777941221676,5.452742719800749,16.567688094718992,,
1216,,AK,K222,,HNZ,61.0876,-149.8366,2026-09-13T07:37:00.000000Z,2026-09-13T07:38:00.000000Z,100.0,200.0,60.0,,noise,0,Noise,events:arr_summer_2026.csv,AK,2.0-20.0,7.715514657622662,73.9978816742542,7.454614917177851,65.56337492688937,0.9335135513261162,7.068239511050393,15.369096436753544,,
1217,,AK,K222,,HNZ,61.0876,-149.8366,2026-09-13T07:38:00.000000Z,2026-09-13T07:39:00.000000Z,100.0,200.0,60.0,,noise,0,Noise,events:arr_summer_2026.csv,AK,2.0-20.0,6.628751628430624,56.23913051575897,6.1864002353913765,53.84586797249236,0.8709887263652061,3.3281940210955803,8.280975126350542,,
1218,,AK,K222,,HNZ,61.0876,-149.8366,2026-09-13T07:39:00.000000Z,2026-09-13T07:40:00.000000Z,100.0,200.0,60.0,,noise,0,Noise,events:arr_summer_2026.csv,AK,2.0-20.0,3.7244423383713885,23.998302864512326,3.31930650444707,22.583040901209927,0.7942773973609187,3.433326389358263,3.916951369261824,,
1219,,AK,K222,,HNZ,61.0876,-149.8366,2026-09-13T07:40:00.000000Z,2026-09-13T07:41:00.000000Z,100.0,200.0,60.0,,noise,0,Noise,events:arr_summer_2026.csv,AK,2.0-20.0,5.17277831282336,41.74382697095551,4.912678751385416,37.13117932223551,0.9019635736540118,6.257139074811221,7.30381491793028,,
1220,,AK,K222,,HNZ,61.0876,-149.8366,2026-09-13T07:41:00.000000Z,2026-09-13T07:42:00.000000Z,100.0,200.0,60.0,,noise,0,Noise,events:arr_summer_2026.csv,AK,2.0-20.0,5.067282880794667,52.967639019414456,4.8300377585922325,48.50849885468389,0.9085540168775018,6.308799278879658,23.0548815703317,,
1221,,AK,K222,,HNZ,61.0876,-149.8366,2026-09-13T07:42:00.000000Z,2026-09-13T07:43:00.000000Z,100.0,200.0,60.0,,noise,0,Noise,events:arr_summer_2026.csv,AK,2.0-20.0,8.114965780072634,80.79543219846376,7.914931951999978,76.44272504127771,0.9513076413475036,8.795858531185184,14.00850671097096,,
1222,,AK,K222,,HNZ,61.0876,-149.8366,2026-09-13T07:43:00.000000Z,2026-09-13T07:44:00.000000Z,100.0,200.0,60.0,,noise,0,Noise,events:arr_summer_2026.csv,AK,2.0-20.0,4.00257609723917,29.597811648108994,3.576778130610555,28.35809119840809,0.7985549534059827,5.598974882311919,10.872945797320394,,
1223,,AK,K222,,HNZ,61.0876,-149.8366,2026-09-13T07:44:00.000000Z,2026-09-13T07:45:00.000000Z,100.0,200.0,60.0,,noise,0,Noise,events:arr_summer_2026.csv,AK,2.0-20.0,5.612370099399493,39.34297013549683,5.213134313542432,42.26331281983336,0.8627902415712121,6.542799517677064,11.60767839134696,,
1224,,AK,K222,,HNZ,61.0876,-149.8366,2026-09-13T07:45:00.000000Z,2026-09-13T07:46:00.000000Z,100.0,200.0,60.0,,noise,0,Noise,events:arr_summer_2026.csv,AK,2.0-20.0,4.980501526436586,53.651160427038526,4.436427308228208,51.255613085522455,0.793451864011905,4.30404984082576,19.7019278032919,,
1225,,AK,K222,,HNZ,61.0876,-149.8366,2026-09-13T07:46:00.000000Z,2026-09-13T07:47:00.000000Z,100.0,200.0,60.0,,noise,0,Noise,events:arr_summer_2026.csv,AK,2.0-20.0,5.254548247279556,42.81538032566858,4.783481643947509,39.135011214834634,0.82873838619798,5.352137073313189,7.358612035788077,,
1226,,AK,K222,,HNZ,61.0876,-149.8366,2026-09-13T07:47:00.000000Z,2026-09-13T07:48:00.000000Z,100.0,200.0,60.0,,noise,0,Noise,events:arr_summer_2026.csv,AK,2.0-20.0,7.50487144193246,50.95701574312415,7.220114242132743,56.36723246112369,0.9255537064557687,5.544567877612478,5.832677671130419,,
1227,,AK,K222,,HNZ,61.0876,-149.8366,2026-09-13T07:48:00.000000Z,2026-09-13T07:49:00.000000Z,100.0,200.0,60.0,,noise,0,Noise,events:arr_summer_2026.csv,AK,2.0-20.0,4.3242438830817775,54.476430134647984,4.05729931479201,48.25856766999342,0.8803466901525058,4.80682255856851,17.09224138126347,,
1228,,AK,K222,,HNZ,61.0876,-149.8366,2026-09-13T07:49:00.000000Z,2026-09-13T07:50:00.000000Z,100.0,200.0,60.0,,noise,0,Noise,events:arr_summer_2026.csv,AK,2.0-20.0,4.982113330843015,47.444958641128956,4.68073099160132,51.51874396066979,0.8826736453620065,5.235419407938221,13.025329573634192,,
1229,,AK,K222,,HNZ,61.0876,-149.8366,2026-09-13T07:50:00.000000Z,2026-09-13T07:51:00.000000Z,100.0,200.0,60.0,,noise,0,Noise,events:arr_summer_2026.csv,AK,2.0-20.0,6.459741037016086,42.924111835400986,6.02422759509075,44.901133741344175,0.8697061201437147,3.9828621731019567,6.173609896989035,,
1230,,AK,K222,,HNZ,61.0876,-149.8366,2026-09-13T07:51:00.000000Z,2026-09-13T07:52:00.000000Z,100.0,200.0,60.0,,noise,0,Noise,events:arr_summer_2026.csv,AK,2.0-20.0,5.386274501195904,67.30672374487776,5.168375107004126,71.5788240252212,0.9207274410186639,6.156533703296145,21.103830887363703,,
1231,,AK,K222,,HNZ,61.0876,-149.8366,2026-09-13T07:52:00.000000Z,2026-09-13T07:53:00.000000Z,100.0,200.0,60.0,,noise,0,Noise,events:arr_summer_2026.csv,AK,2.0-20.0,10.338237911997963,67.17140500480058,10.127748114573372,65.99495703892664,0.9596939092067335,5.693075934740984,5.853590746925265,,
1232,,AK,K222,,HNZ,61.0876,-149.8366,2026-09-13T07:53:00.000000Z,2026-09-13T07:54:00.000000Z,100.0,200.0,60.0,,noise,0,Noise,events:arr_summer_2026.csv,AK,2.0-20.0,6.008118758107431,98.39050787979633,5.752894771367264,97.28125948834472,0.9168448366635943,6.8835566937623796,65.79359518329233,,
1233,,AK,K222,,HNZ,61.0876,-149.8366,2026-09-13T07:54:00.000000Z,2026-09-13T07:55:00.000000Z,100.0,200.0,60.0,,noise,0,Noise,events:arr_summer_2026.csv,AK,2.0-20.0,2.2584806192177185,8.084721857632148,1.82690347126009,7.577827472409348,0.6543324608652658,1.7578390856507866,-0.03488858778599413,,
1234,,AK,K222,,HNZ,61.0876,-149.8366,2026-09-13T07:55:00.000000Z,2026-09-13T07:56:00.000000Z,100.0,200.0,60.0,,noise,0,Noise,events:arr_summer_2026.csv,AK,2.0-20.0,3.0387761054569125,18.426908858438896,2.601146060097489,19.624784259738746,0.7327099233094255,3.2526591292551146,2.995944968463016,,
1235,,AK,K222,,HNZ,61.0876,-149.8366,2026-09-13T07:56:00.000000Z,2026-09-13T07:57:00.000000Z,100.0,200.0,60.0,,noise,0,Noise,events:arr_summer_2026.csv,AK,2.0-20.0,3.4680367814575463,17.456849834117044,2.8203204193945526,17.14221508410245,0.661347191689618,2.492061830885252,1.0080940124441522,,
1236,,AK,K222,,HNZ,61.0876,-149.8366,2026-09-13T07:57:00.000000Z,2026-09-13T07:58:00.000000Z,100.0,200.0,60.0,,noise,0,Noise,events:arr_summer_2026.csv,AK,2.0-20.0,3.068910159426314,11.793339216500888,2.2810106887927803,11.21343998869149,0.5524414938505787,2.1215196910853154,0.298474590418103,,
1237,,AK,K222,,HNZ,61.0876,-149.8366,2026-09-13T07:58:00.000000Z,2026-09-13T07:59:00.000000Z,100.0,200.0,60.0,,noise,0,Noise,events:arr_summer_2026.csv,AK,2.0-20.0,5.039943665899443,49.039335754905046,4.1199900420194115,46.91848770228641,0.6682530789483636,5.186090039794041,14.850288436659842,,
1238,,AK,K222,,HNZ,61.0876,-149.8366,2026-09-13T07:59:00.000000Z,2026-09-13T08:00:00.000000Z,100.0,200.0,60.0,,noise,0,Noise,events:arr_summer_2026.csv,AK,2.0-20.0,7.60682452604392,83.49277565382837,7.128257131581827,82.71008795855876,0.8781322320655514,7.546376546798791,13.998656553050996,,
