window_id,event_id,network,station,location,channel,latitude,longitude,start_time,end_time,sampling_rate,native_sampling_rate,window_len_sec,p_offset_sec,window_type,label,label_name,label_method,source,bandpass_hz,rms,peak,rms_band,peak_band,band_ratio,stalta_band_max,kurtosis_band,reviewed,review_label,night_rms_ref,burst_ratio
0,,AM,R1796,00,EHZ,61.1981981981982,-149.91291617029023,2026-09-12T09:00:59.996000Z,2026-09-12T09:01:59.996000Z,100.0,100.0,60.0,,noise,0,Noise,timeofday:America/Anchorage:day7-19:night1-5,AM,2.0-20.0,469.3170815939466,2594.1921084867863,412.09060395376935,2322.750630802165,0.7709970242944706,5.841414145705258,3.202540817381446,,,286.3362681107586,8.111967953370456
1,,AM,R1796,00,EHZ,61.1981981981982,-149.91291617029023,2026-09-12T09:01:59.996000Z,2026-09-12T09:02:59.996000Z,100.0,100.0,60.0,,noise,0,Noise,timeofday:America/Anchorage:day7-19:night1-5,AM,2.0-20.0,268.4530846342405,2095.8070210665537,240.6760492897726,2014.8744341186598,0.8037647406055674,5.33062470223494,4.984610796135066,,,286.3362681107586,7.036741965706139
2,,AM,R1796,00,EHZ,61.1981981981982,-149.91291617029023,2026-09-12T09:02:59.996000Z,2026-09-12T09:03:59.996000Z,100.0,100.0,60.0,,noise,0,Noise,timeofday:America/Anchorage:day7-19:night1-5,AM,2.0-20.0,339.7002668166934,2270.193646314936,311.70206838982784,2509.3012412391636,0.8419525030118162,4.597120430635496,5.678384725101781,,,286.3362681107586,8.763476795292076
3,,AM,R1796,00,EHZ,61.1981981981982,-149.91291617029023,2026-09-12T09:03:59.996000Z,2026-09-12T09:04:59.996000Z,100.0,100.0,60.0,,traffic,1,Traffic,timeofday:America/Anchorage:day7-19:night1-5+burst>=20x,AM,2.0-20.0,807.844537544551,8380.194059279198,781.623994051839,7887.655853878328,0.93613865838245,7.196453301633094,17.247898060811906,,,286.3362681107586,27.54682774180489
4,,AM,R1796,00,EHZ,61.1981981981982,-149.91291617029023,2026-09-12T09:04:59.996000Z,2026-09-12T09:05:59.996000Z,100.0,100.0,60.0,,noise,0,Noise,timeofday:America/Anchorage:day7-19:night1-5,AM,2.0-20.0,349.51105875039195,2342.805463615281,314.9153077676352,2574.26203984155,0.8118311297640523,5.2290279943122675,4.586693355734669,,,286.3362681107586,8.990345710749404
5,,AM,R1796,00,EHZ,61.1981981981982,-149.91291617029023,2026-09-12T09:05:59.996000Z,2026-09-12T09:06:59.996000Z,100.0,100.0,60.0,,noise,0,Noise,timeofday:America/Anchorage:day7-19:night1-5,AM,2.0-20.0,305.4074846244045,2219.804548357606,268.847000110074,2343.299169812398,0.7749095932827721,4.911318843946717,2.7735186611105886,,,286.3362681107586,8.183731614836788
6,,AM,R1796,00,EHZ,61.1981981981982,-149.91291617029023,2026-09-12T09:06:59.996000Z,2026-09-12T09:07:59.996000Z,100.0,100.0,60.0,,noise,0,Noise,timeofday:America/Anchorage:day7-19:night1-5,AM,2.0-20.0,343.4732236734902,2895.195835220784,312.23171550753824,2791.415808818748,0.8263580422477448,6.482737279501508,11.27830497356126,,,286.3362681107586,9.748732939897755
7,,AM,R1796,00,EHZ,61.1981981981982,-149.91291617029023,2026-09-12T09:07:59.996000Z,2026-09-12T09:08:59.996000Z,100.0,100.0,60.0,,noise,0,Noise,timeofday:America/Anchorage:day7-19:night1-5,AM,2.0-20.0,323.4406640253331,2400.196533745442,299.2641583159328,2163.7365130497283,0.8560914754508525,3.4381861909860016,4.657177402751461,,,286.3362681107586,7.556627483224607
8,,AM,R1796,00,EHZ,61.1981981981982,-149.91291617029023,2026-09-12T09:08:59.996000Z,2026-09-12T09:09:59.996000Z,100.0,100.0,60.0,,noise,0,Noise,timeofday:America/Anchorage:day7-19:night1-5,AM,2.0-20.0,542.0112155797748,5503.197060152841,468.7763735975735,5163.452223036154,0.7480228827222453,6.907389763053338,11.005037763885301,,,286.3362681107586,18.032826428536335
9,,AM,R1796,00,EHZ,61.1981981981982,-149.91291617029023,2026-09-12T09:09:59.996000Z,2026-09-12T09:10:59.996000Z,100.0,100.0,60.0,,noise,0,Noise,timeofday:America/Anchorage:day7-19:night1-5,AM,2.0-20.0,228.62076229477995,1450.8020527062,191.11487001766153,1286.8902214168018,0.6988076035623608,4.24724736224794,1.9600496237063707,,,286.3362681107586,4.494331891337691
10,,AM,R1796,00,EHZ,61.1981981981982,-149.91291617029023,2026-09-12T09:10:59.996000Z,2026-09-12T09:11:59.996000Z,100.0,100.0,60.0,,noise,0,Noise,timeofday:America/Anchorage:day7-19:night1-5,AM,2.0-20.0,432.59302894970574,3577.197992397698,376.13594723663886,3413.7091162345146,0.7560154107081901,6.281160886740849,7.291167338274452,,,286.3362681107586,11.92202838556954
11,,AM,R1796,00,EHZ,61.1981981981982,-149.91291617029023,2026-09-12T09:11:59.996000Z,2026-09-12T09:12:59.996000Z,100.0,100.0,60.0,,noise,0,Noise,timeofday:America/Anchorage:day7-19:night1-5,AM,2.0-20.0,309.28454590886014,3024.801191827035,278.0653920597583,2815.965855348896,0.8083090476361553,5.895274719691771,13.663454206280434,,,286.3362681107586,9.834471455287822
12,,AM,R1796,00,EHZ,61.1981981981982,-149.91291617029023,2026-09-12T09:12:59.996000Z,2026-09-12T09:13:59.996000Z,100.0,100.0,60.0,,noise,0,Noise,timeofday:America/Anchorage:day7-19:night1-5,AM,2.0-20.0,310.63647638039305,3301.19949478707,285.17776741710236,3148.811217132614,0.8428036871019511,4.47017495474459,12.285003083749492,,,286.3362681107586,10.996899686890563
13,,AM,R1796,00,EHZ,61.1981981981982,-149.91291617029023,2026-09-12T09:13:59.996000Z,2026-09-12T09:14:59.996000Z,100.0,100.0,60.0,,noise,0,Noise,timeofday:America/Anchorage:day7-19:night1-5,AM,2.0-20.0,398.25641138554477,3423.8002010056844,372.1154660792173,3179.5456919923317,0.8730314509354509,3.8352448853573162,6.616497178347247,,,286.3362681107586,11.104236682872607
14,,AM,R1796,00,EHZ,61.1981981981982,-149.91291617029023,2026-09-12T09:14:59.996000Z,2026-09-12T09:15:59.996000Z,100.0,100.0,60.0,,noise,0,Noise,timeofday:America/Anchorage:day7-19:night1-5,AM,2.0-20.0,277.1958020043253,2079.799156391593,245.58134883690937,2404.9147129328912,0.7849056641408743,5.483857506488282,4.858672095300781,,,286.3362681107586,8.398917569193989
15,,AM,R1796,00,EHZ,61.1981981981982,-149.91291617029023,2026-09-12T09:15:59.996000Z,2026-09-12T09:16:59.996000Z,100.0,100.0,60.0,,noise,0,Noise,timeofday:America/Anchorage:day7-19:night1-5,AM,2.0-20.0,376.1542040973094,3451.798585563687,348.3132534820712,3491.3011779538133,0.8574487263590235,6.42031201427584,10.938775154098689,,,286.3362681107586,12.193010689806616
16,,AM,R1796,00,EHZ,61.1981981981982,-149.91291617029023,2026-09-12T09:16:59.996000Z,2026-09-12T09:17:59.996000Z,100.0,100.0,60.0,,noise,0,Noise,timeofday:America/Anchorage:day7-19:night1-5,AM,2.0-20.0,277.0414672714763,2800.2020568251646,248.3676949982807,2473.0344297011898,0.803712376781741,6.819204439240788,13.293830519747647,,,286.3362681107586,8.636818681818497
17,,AM,R1796,00,EHZ,61.1981981981982,-149.91291617029023,2026-09-12T09:17:59.996000Z,2026-09-12T09:18:59.996000Z,100.0,100.0,60.0,,noise,0,Noise,timeofday:America/Anchorage:day7-19:night1-5,AM,2.0-20.0,504.3913654001305,3374.202579620349,479.5783732927168,3660.728301030841,0.9040321880823653,6.201491187678469,4.544471339341503,,,286.3362681107586,12.784717511282306
18,,AM,R1796,00,EHZ,61.1981981981982,-149.91291617029023,2026-09-12T09:18:59.996000Z,2026-09-12T09:19:59.996000Z,100.0,100.0,60.0,,noise,0,Noise,timeofday:America/Anchorage:day7-19:night1-5,AM,2.0-20.0,286.0873297174608,1947.7972562678478,257.7022483759166,2161.4469399702066,0.8114077791444277,2.5154771311968025,6.786212934960831,,,286.3362681107586,7.548631384460632
19,,AM,R1796,00,EHZ,61.1981981981982,-149.91291617029023,2026-09-12T09:19:59.996000Z,2026-09-12T09:20:59.996000Z,100.0,100.0,60.0,,noise,0,Noise,timeofday:America/Anchorage:day7-19:night1-5,AM,2.0-20.0,387.0440114796477,3146.203413163821,361.0594745664199,3574.110001987835,0.8702354827545483,6.846644567913177,9.430443546463502,,,286.3362681107586,12.482212000490703
20,,AM,R1796,00,EHZ,61.1981981981982,-149.91291617029023,2026-09-12T09:20:59.996000Z,2026-09-12T09:21:59.996000Z,100.0,100.0,60.0,,traffic,1,Traffic,timeofday:America/Anchorage:day7-19:night1-5+burst>=20x,AM,2.0-20.0,1120.446666811866,16425.79599365158,1106.9746478187806,14825.770873386971,0.9760969852386983,6.31231754618259,29.243267178466652,,,286.3362681107586,51.77748166939219
21,,AM,R1796,00,EHZ,61.1981981981982,-149.91291617029023,2026-09-12T09:21:59.996000Z,2026-09-12T09:22:59.996000Z,100.0,100.0,60.0,,noise,0,Noise,timeofday:America/Anchorage:day7-19:night1-5,AM,2.0-20.0,374.1668747974068,3380.795401736137,351.79850807309606,3351.2949264458316,0.8840102764339808,4.485118276028276,11.236219093922646,,,286.3362681107586,11.704053239771591
22,,AM,R1796,00,EHZ,61.1981981981982,-149.91291617029023,2026-09-12T09:22:59.996000Z,2026-09-12T09:23:59.996000Z,100.0,100.0,60.0,,noise,0,Noise,timeofday:America/Anchorage:day7-19:night1-5,AM,2.0-20.0,379.60089699940545,3876.7947778965063,351.7646698441461,3863.902725991108,0.8587168329956443,5.685108678786936,9.822667683699605,,,286.3362681107586,13.494283317600898
23,,AM,R1796,00,EHZ,61.1981981981982,-149.91291617029023,2026-09-12T09:23:59.996000Z,2026-09-12T09:24:59.996000Z,100.0,100.0,60.0,,noise,0,Noise,timeofday:America/Anchorage:day7-19:night1-5,AM,2.0-20.0,295.22824575073577,4151.7943589769675,264.87970994906095,3691.1872107888107,0.8049734795606356,5.445564010741282,27.461056319493512,,,286.3362681107586,12.891092124456309
24,,AM,R1796,00,EHZ,61.1981981981982,-149.91291617029023,2026-09-12T09:24:59.996000Z,2026-09-12T09:25:59.996000Z,100.0,100.0,60.0,,noise,0,Noise,timeofday:America/Anchorage:day7-19:night1-5,AM,2.0-20.0,281.245896672451,2655.7935698540023,258.5808043288624,2410.1818177147256,0.8453181117660585,5.389309371913921,10.06494191618648,,,286.3362681107586,8.417312391535521
25,,AM,R1796,00,EHZ,61.1981981981982,-149.91291617029023,2026-09-12T09:25:59.996000Z,2026-09-12T09:26:59.996000Z,100.0,100.0,60.0,,noise,0,Noise,timeofday:America/Anchorage:day7-19:night1-5,AM,2.0-20.0,331.1702886747379,2371.2069113518737,308.02284183434836,2333.276441207752,0.865093628634708,4.220191486230781,3.7232339673611214,,,286.3362681107586,8.148728264856794
26,,AM,R1796,00,EHZ,61.1981981981982,-149.91291617029023,2026-09-12T09:26:59.996000Z,2026-09-12T09:27:59.996000Z,100.0,100.0,60.0,,noise,0,Noise,timeofday:America/Anchorage:day7-19:night1-5,AM,2.0-20.0,489.1141183440125,4413.792179833868,472.07625799963785,4728.123774205848,0.9315451741311915,6.351971144460244,9.338071285279865,,,286.3362681107586,16.51248654388744
27,,AM,R1796,00,EHZ,61.1981981981982,-149.91291617029023,2026-09-12T09:27:59.996000Z,2026-09-12T09:28:59.996000Z,100.0,100.0,60.0,,noise,0,Noise,timeofday:America/Anchorage:day7-19:night1-5,AM,2.0-20.0,365.4005827638755,2520.208473879775,339.58198582543764,2460.06480593002,0.8636759295302033,4.108547033546505,5.429203371051052,,,286.3362681107586,8.591523603214787
28,,AM,R1796,00,EHZ,61.1981981981982,-149.91291617029023,2026-09-12T09:28:59.996000Z,2026-09-12T09:29:59.996000Z,100.0,100.0,60.0,,noise,0,Noise,timeofday:America/Anchorage:day7-19:night1-5,AM,2.0-20.0,398.6217813973887,2699.2087478224967,378.0890332169004,2490.5317314885247,0.8996345163502807,4.463514273286431,4.463430535302602,,,286.3362681107586,8.697926210748665
29,,AM,R1796,00,EHZ,61.1981981981982,-149.91291617029023,2026-09-12T09:29:59.996000Z,2026-09-12T09:30:59.996000Z,100.0,100.0,60.0,,noise,0,Noise,timeofday:America/Anchorage:day7-19:night1-5,AM,2.0-20.0,231.72106995235006,1234.2095229847328,199.00225700279657,967.0660722234106,0.7375389382441839,2.526394133634789,0.5522303842403207,,,286.3362681107586,3.3773789069896547
30,,AM,R1796,00,EHZ,61.1981981981982,-149.91291617029023,2026-09-12T09:30:59.996000Z,2026-09-12T09:31:59.996000Z,100.0,100.0,60.0,,noise,0,Noise,timeofday:America/Anchorage:day7-19:night1-5,AM,2.0-20.0,278.8553914309046,1633.2098983624128,249.38500624825605,1678.4594550181773,0.7998021854748273,3.808559079429756,3.03800477817944,,,286.3362681107586,5.8618472123444985
31,,AM,R1796,00,EHZ,61.1981981981982,-149.91291617029023,2026-09-12T09:31:59.996000Z,2026-09-12T09:32:59.996000Z,100.0,100.0,60.0,,noise,0,Noise,timeofday:America/Anchorage:day7-19:night1-5,AM,2.0-20.0,272.4315535093326,2611.7896063733533,249.22572333246396,2328.7708590983725,0.8368948906292395,6.071103727493984,8.424091714320548,,,286.3362681107586,8.132992982214791
32,,AM,R1796,00,EHZ,61.1981981981982,-149.91291617029023,2026-09-12T09:32:59.996000Z,2026-09-12T09:33:59.996000Z,100.0,100.0,60.0,,noise,0,Noise,timeofday:America/Anchorage:day7-19:night1-5,AM,2.0-20.0,277.38338879416324,2136.2111766967028,248.3734953616749,2101.803656544257,0.8017696251891987,4.928452618353852,6.0871272963151295,,,286.3362681107586,7.34033334446914
33,,AM,R1796,00,EHZ,61.1981981981982,-149.91291617029023,2026-09-12T09:33:59.996000Z,2026-09-12T09:34:59.996000Z,100.0,100.0,60.0,,noise,0,Noise,timeofday:America/Anchorage:day7-19:night1-5,AM,2.0-20.0,341.0934815059676,3617.2120163907057,317.55720989753905,3448.668936581691,0.8667565161383165,6.3901987912183555,10.172263623042404,,,286.3362681107586,12.044121966581267
34,,AM,R1796,00,EHZ,61.1981981981982,-149.91291617029023,2026-09-12T09:34:59.996000Z,2026-09-12T09:35:59.996000Z,100.0,100.0,60.0,,noise,0,Noise,timeofday:America/Anchorage:day7-19:night1-5,AM,2.0-20.0,412.93452872197093,4971.212580677569,393.58217781430665,5070.645275809464,0.9084655239604872,6.33298369853043,24.43966899543805,,,286.3362681107586,17.70870769974578
35,,AM,R1796,00,EHZ,61.1981981981982,-149.91291617029023,2026-09-12T09:35:59.996000Z,2026-09-12T09:36:59.996000Z,100.0,100.0,60.0,,noise,0,Noise,timeofday:America/Anchorage:day7-19:night1-5,AM,2.0-20.0,400.17707564677875,5282.212633201158,378.97800899217185,4918.27323190804,0.8968578364551401,3.795763786620997,29.893935781254804,,,286.3362681107586,17.176563990159945
36,,AM,R1796,00,EHZ,61.1981981981982,-149.91291617029023,2026-09-12T09:36:59.996000Z,2026-09-12T09:37:59.996000Z,100.0,100.0,60.0,,noise,0,Noise,timeofday:America/Anchorage:day7-19:night1-5,AM,2.0-20.0,454.1600317780358,3687.7862829385012,436.9110112412534,3974.1981215637315,0.9254823849527273,7.860446219779437,11.25067085032767,,,286.3362681107586,13.879478655587072
37,,AM,R1796,00,EHZ,61.1981981981982,-149.91291617029023,2026-09-12T09:37:59.996000Z,2026-09-12T09:38:59.996000Z,100.0,100.0,60.0,,noise,0,Noise,timeofday:America/Anchorage:day7-19:night1-5,AM,2.0-20.0,292.33475124394926,2262.785812959788,268.29895584417375,1961.6378697709542,0.8423199265155664,6.756938897943718,6.874438069113564,,,286.3362681107586,6.850818733909625
38,,AM,R1796,00,EHZ,61.1981981981982,-149.91291617029023,2026-09-12T09:38:59.996000Z,2026-09-12T09:39:59.996000Z,100.0,100.0,60.0,,noise,0,Noise,timeofday:America/Anchorage:day7-19:night1-5,AM,2.0-20.0,435.0615031750595,3733.7853157430036,416.6382972793124,3465.432464378028,0.9171007809758059,5.703623315121364,8.040569266165377,,,286.3362681107586,12.102666865231173
39,,AM,R1796,00,EHZ,61.1981981981982,-149.91291617029023,2026-09-12T09:39:59.996000Z,2026-09-12T09:40:59.996000Z,100.0,100.0,60.0,,noise,0,Noise,timeofday:America/Anchorage:day7-19:night1-5,AM,2.0-20.0,269.6404386880097,1693.2153274268676,237.51863684912857,1368.23221894095,0.775934986053421,3.052643502583323,1.8279614946814249,,,286.3362681107586,4.778410461128521
40,,AM,R1796,00,EHZ,61.1981981981982,-149.91291617029023,2026-09-12T09:40:59.996000Z,2026-09-12T09:41:59.996000Z,100.0,100.0,60.0,,noise,0,Noise,timeofday:America/Anchorage:day7-19:night1-5,AM,2.0-20.0,240.58969249914384,1160.2157699722593,202.53344411416336,973.406283031967,0.7086625161579451,3.3650131000541568,1.035636208801332,,,286.3362681107586,3.399521441885387
41,,AM,R1796,00,EHZ,61.1981981981982,-149.91291617029023,2026-09-12T09:41:59.996000Z,2026-09-12T09:42:59.996000Z,100.0,100.0,60.0,,noise,0,Noise,timeofday:America/Anchorage:day7-19:night1-5,AM,2.0-20.0,303.3905632608904,1533.2166197218903,276.58996904664406,1588.238735782011,0.8311295335808763,4.028998475277646,2.478883596721671,,,286.3362681107586,5.546760619118146
42,,AM,R1796,00,EHZ,61.1981981981982,-149.91291617029023,2026-09-12T09:42:59.996000Z,2026-09-12T09:43:59.996000Z,100.0,100.0,60.0,,noise,0,Noise,timeofday:America/Anchorage:day7-19:night1-5,AM,2.0-20.0,269.564282824514,1363.7831185388204,240.10118912198962,1310.3167674046101,0.7933483562925664,2.5166270429974276,1.6445418086952497,,,286.3362681107586,4.576146696504972
43,,AM,R1796,00,EHZ,61.1981981981982,-149.91291617029023,2026-09-12T09:43:59.996000Z,2026-09-12T09:44:59.996000Z,100.0,100.0,60.0,,noise,0,Noise,timeofday:America/Anchorage:day7-19:night1-5,AM,2.0-20.0,307.67842328230483,2301.7825170558826,285.3856583508998,2069.308435035073,0.8603401805954083,4.36285706910511,5.350170299770461,,,286.3362681107586,7.226847121701808
44,,AM,R1796,00,EHZ,61.1981981981982,-149.91291617029023,2026-09-12T09:44:59.996000Z,2026-09-12T09:45:59.996000Z,100.0,100.0,60.0,,noise,0,Noise,timeofday:America/Anchorage:day7-19:night1-5,AM,2.0-20.0,236.7223086810826,2187.2183009648143,211.37842456554034,2169.5277881552965,0.7973388730887407,5.755078885671791,9.479074552451268,,,286.3362681107586,7.576852916571836
45,,AM,R1796,00,EHZ,61.1981981981982,-149.91291617029023,2026-09-12T09:45:59.996000Z,2026-09-12T09:46:59.996000Z,100.0,100.0,60.0,,noise,0,Noise,timeofday:America/Anchorage:day7-19:night1-5,AM,2.0-20.0,207.61251097486007,969.7814570166483,177.63734400290807,839.4789175489906,0.7320849856884807,1.7359777683435176,0.7781604860521649,,,286.3362681107586,2.9317938767863985
46,,AM,R1796,00,EHZ,61.1981981981982,-149.91291617029023,2026-09-12T09:46:59.996000Z,2026-09-12T09:47:59.996000Z,100.0,100.0,60.0,,noise,0,Noise,timeofday:America/Anchorage:day7-19:night1-5,AM,2.0-20.0,330.18362919659836,3307.7803698369717,308.209837056024,2980.790030963075,0.8713284975654138,5.812025409935272,15.281469785958212,,,286.3362681107586,10.410102955627215
47,,AM,R1796,00,EHZ,61.1981981981982,-149.91291617029023,2026-09-12T09:47:59.996000Z,2026-09-12T09:48:59.996000Z,100.0,100.0,60.0,,noise,0,Noise,timeofday:America/Anchorage:day7-19:night1-5,AM,2.0-20.0,253.41968031517135,1462.2200618717688,228.61916674546026,1256.0630844637676,0.8138504306268133,3.836847290941805,1.999929917882656,,,286.3362681107586,4.386671282514257
48,,AM,R1796,00,EHZ,61.1981981981982,-149.91291617029023,2026-09-12T09:48:59.996000Z,2026-09-12T09:49:59.996000Z,100.0,100.0,60.0,,traffic,1,Traffic,timeofday:America/Anchorage:day7-19:night1-5+burst>=20x,AM,2.0-20.0,878.2911833501122,10479.779465513577,860.5160613743022,9941.363947736178,0.9599329853960855,7.147264419763712,22.92225640857134,,,286.3362681107586,34.719192274625605
49,,AM,R1796,00,EHZ,61.1981981981982,-149.91291617029023,2026-09-12T09:49:59.996000Z,2026-09-12T09:50:59.996000Z,100.0,100.0,60.0,,noise,0,Noise,timeofday:America/Anchorage:day7-19:night1-5,AM,2.0-20.0,263.33404224273085,2606.7788365973174,239.1019651193631,2510.3263265082755,0.8244271386740722,5.604184466367443,12.99286618906721,,,286.3362681107586,8.767056800283674
50,,AM,R1796,00,EHZ,61.1981981981982,-149.91291617029023,2026-09-12T09:50:59.996000Z,2026-09-12T09:51:59.996000Z,100.0,100.0,60.0,,noise,0,Noise,timeofday:America/Anchorage:day7-19:night1-5,AM,2.0-20.0,288.7294433593728,3564.221586520205,265.3423798489236,3940.977468228873,0.8445611362391456,7.525086844478618,30.30393119832162,,,286.3362681107586,13.763458936694848
51,,AM,R1796,00,EHZ,61.1981981981982,-149.91291617029023,2026-09-12T09:51:59.996000Z,2026-09-12T09:52:59.996000Z,100.0,100.0,60.0,,noise,0,Noise,timeofday:America/Anchorage:day7-19:night1-5,AM,2.0-20.0,260.9516266702561,2600.7778935158094,231.5902625817235,2455.8668528532235,0.7876269601447528,5.473748345738869,8.054180784315642,,,286.3362681107586,8.576862683365217
52,,AM,R1796,00,EHZ,61.1981981981982,-149.91291617029023,2026-09-12T09:52:59.996000Z,2026-09-12T09:53:59.996000Z,100.0,100.0,60.0,,noise,0,Noise,timeofday:America/Anchorage:day7-19:night1-5,AM,2.0-20.0,241.34753065618926,2152.7768752611373,210.40921717048886,1799.214021281934,0.7600528673266667,4.579679081907636,5.4398665481645025,,,286.3362681107586,6.283570129460423
53,,AM,R1796,00,EHZ,61.1981981981982,-149.91291617029023,2026-09-12T09:53:59.996000Z,2026-09-12T09:54:59.996000Z,100.0,100.0,60.0,,noise,0,Noise,timeofday:America/Anchorage:day7-19:night1-5,AM,2.0-20.0,453.41068199178625,4970.223161642054,433.830151669885,4448.430752906384,0.9154949863454528,6.914454939399661,17.845570000511742,,,286.3362681107586,15.535687400890735
54,,AM,R1796,00,EHZ,61.1981981981982,-149.91291617029023,2026-09-12T09:54:59.996000Z,2026-09-12T09:55:59.996000Z,100.0,100.0,60.0,,noise,0,Noise,timeofday:America/Anchorage:day7-19:night1-5,AM,2.0-20.0,261.7642631801748,1825.7760059860084,240.5384358939594,1636.0563419704213,0.8444000591190678,6.35062131080824,5.204256868710145,,,286.3362681107586,5.713758696252803
55,,AM,R1796,00,EHZ,61.1981981981982,-149.91291617029023,2026-09-12T09:55:59.996000Z,2026-09-12T09:56:59.996000Z,100.0,100.0,60.0,,noise,0,Noise,timeofday:America/Anchorage:day7-19:night1-5,AM,2.0-20.0,246.99482566030017,1225.7752859833017,217.79230420972374,1173.2278309146768,0.7775160251666102,2.8979853259393975,1.345050516931816,,,286.3362681107586,4.097377669463992
56,,AM,R1796,00,EHZ,61.1981981981982,-149.91291617029023,2026-09-12T09:56:59.996000Z,2026-09-12T09:57:59.996000Z,100.0,100.0,60.0,,traffic,1,Traffic,timeofday:America/Anchorage:day7-19:night1-5+burst>=20x,AM,2.0-20.0,1580.7785749666778,8107.774594194943,1404.1659543525095,7951.630911805478,0.7890323246633939,5.248627934035741,3.124000609317438,,,286.3362681107586,27.77025405922271
57,,AM,R1796,00,EHZ,61.1981981981982,-149.91291617029023,2026-09-12T09:57:59.996000Z,2026-09-12T09:58:59.996000Z,100.0,100.0,60.0,,noise,0,Noise,timeofday:America/Anchorage:day7-19:night1-5,AM,2.0-20.0,708.8207729317515,3113.774502717988,532.8944225219416,2442.2524124235097,0.5652095304981163,4.333991551121253,1.4760589489335914,,,286.3362681107586,8.529315648825927
58,,AM,R1796,00,EHZ,61.1981981981982,-149.91291617029023,2026-09-12T09:58:59.996000Z,2026-09-12T09:59:59.996000Z,100.0,100.0,60.0,,noise,0,Noise,timeofday:America/Anchorage:day7-19:night1-5,AM,2.0-20.0,296.19227768506335,1989.2260892950835,255.68687991843743,1981.9374837683586,0.7451941285212006,3.275332874072866,3.4298191378627623,,,286.3362681107586,6.921713050341633
59,,AM,R1796,00,EHZ,61.1981981981982,-149.91291617029023,2026-09-12T09:59:59.996000Z,2026-09-12T10:00:59.996000Z,100.0,100.0,60.0,,noise,0,Noise,timeofday:America/Anchorage:day7-19:night1-5,AM,2.0-20.0,322.2982176012477,2683.2272362227777,297.56709262952455,2336.906093517092,0.8524207166804656,5.708162202164603,6.832995161858667,,,286.3362681107586,8.161404452659648
60,,AM,R1796,00,EHZ,61.1981981981982,-149.91291617029023,2026-09-12T10:00:59.996000Z,2026-09-12T10:01:59.996000Z,100.0,100.0,60.0,,noise,0,Noise,timeofday:America/Anchorage:day7-19:night1-5,AM,2.0-20.0,269.50122190935923,1562.7727401513694,235.42214072118242,1492.4014078599566,0.7630853778638637,2.641440420020321,1.974424696736679,,,286.3362681107586,5.2120585970711755
61,,AM,R1796,00,EHZ,61.1981981981982,-149.91291617029023,2026-09-12T10:01:59.996000Z,2026-09-12T10:02:59.996000Z,100.0,100.0,60.0,,noise,0,Noise,timeofday:America/Anchorage:day7-19:night1-5,AM,2.0-20.0,265.7754955495811,1356.7716376441786,228.127366072458,1383.5202753907042,0.7367580660880308,3.4860586275214334,2.1252985011560757,,,286.3362681107586,4.8318024276810805
62,,AM,R1796,00,EHZ,61.1981981981982,-149.91291617029023,2026-09-12T10:02:59.996000Z,2026-09-12T10:03:59.996000Z,100.0,100.0,60.0,,noise,0,Noise,timeofday:America/Anchorage:day7-19:night1-5,AM,2.0-20.0,580.029158941323,5558.2289901981785,551.2992860195427,5716.866546976611,0.9033898495935825,5.752222077245982,9.457502649813563,,,286.3362681107586,19.965569100611635
63,,AM,R1796,00,EHZ,61.1981981981982,-149.91291617029023,2026-09-12T10:03:59.996000Z,2026-09-12T10:04:59.996000Z,100.0,100.0,60.0,,noise,0,Noise,timeofday:America/Anchorage:day7-19:night1-5,AM,2.0-20.0,343.0094374423686,1801.2292261638104,315.57885691367596,1847.9674169848472,0.8464545796076647,4.517547316728586,2.1969123212378374,,,286.3362681107586,6.453836355337387
64,,AM,R1796,00,EHZ,61.1981981981982,-149.91291617029023,2026-09-12T10:04:59.996000Z,2026-09-12T10:05:59.996000Z,100.0,100.0,60.0,,noise,0,Noise,timeofday:America/Anchorage:day7-19:night1-5,AM,2.0-20.0,370.0486056987857,3661.2298801703364,338.522326469468,3985.028431310061,0.8368682460367379,6.390276999602367,12.282268624039911,,,286.3362681107586,13.917302399738617
65,,AM,R1796,00,EHZ,61.1981981981982,-149.91291617029023,2026-09-12T10:05:59.996000Z,2026-09-12T10:06:59.996000Z,100.0,100.0,60.0,,noise,0,Noise,timeofday:America/Anchorage:day7-19:night1-5,AM,2.0-20.0,251.1047850827808,1362.7694338989531,227.21793347279294,1269.60014502092,0.8187950977012491,4.013352180968789,2.013413322060294,,,286.3362681107586,4.4339480757981455
66,,AM,R1796,00,EHZ,61.1981981981982,-149.91291617029023,2026-09-12T10:06:59.996000Z,2026-09-12T10:07:59.996000Z,100.0,100.0,60.0,,noise,0,Noise,timeofday:America/Anchorage:day7-19:night1-5,AM,2.0-20.0,346.58940649320976,3056.7690234730035,328.00466517518583,2876.210629684776,0.895631733036497,6.076491637426864,10.769954530767835,,,286.3362681107586,10.044870140488875
67,,AM,R1796,00,EHZ,61.1981981981982,-149.91291617029023,2026-09-12T10:07:59.996000Z,2026-09-12T10:08:59.996000Z,100.0,100.0,60.0,,noise,0,Noise,timeofday:America/Anchorage:day7-19:night1-5,AM,2.0-20.0,236.35880448495962,2136.768268714917,215.7835372888822,2139.3621674710776,0.8334759004958714,6.149490568874246,10.964263854925179,,,286.3362681107586,7.471502585357242
68,,AM,R1796,00,EHZ,61.1981981981982,-149.91291617029023,2026-09-12T10:08:59.996000Z,2026-09-12T10:09:59.996000Z,100.0,100.0,60.0,,noise,0,Noise,timeofday:America/Anchorage:day7-19:night1-5,AM,2.0-20.0,253.38480871822745,1068.2323121686204,227.5395394210256,923.5993058889687,0.806403866688679,2.730103726479427,0.5777077313517203,,,286.3362681107586,3.225575691067219
69,,AM,R1796,00,EHZ,61.1981981981982,-149.91291617029023,2026-09-12T10:09:59.996000Z,2026-09-12T10:10:59.996000Z,100.0,100.0,60.0,,traffic,1,Traffic,timeofday:America/Anchorage:day7-19:night1-5+burst>=20x,AM,2.0-20.0,1225.222865889545,16480.23299829459,1211.0079536101973,15513.386355226663,0.9769308055169964,7.206887942960561,42.6455937678473,,,286.3362681107586,54.17890809845256
70,,AM,R1796,00,EHZ,61.1981981981982,-149.91291617029023,2026-09-12T10:10:59.996000Z,2026-09-12T10:11:59.996000Z,100.0,100.0,60.0,,noise,0,Noise,timeofday:America/Anchorage:day7-19:night1-5,AM,2.0-20.0,332.32060085073414,3062.7668382770025,313.9053434580034,3143.0833748429504,0.8922424634415708,1.865292498473977,10.969567798181235,,,286.3362681107586,10.976895786136197
71,,AM,R1796,00,EHZ,61.1981981981982,-149.91291617029023,2026-09-12T10:11:59.996000Z,2026-09-12T10:12:59.996000Z,100.0,100.0,60.0,,noise,0,Noise,timeofday:America/Anchorage:day7-19:night1-5,AM,2.0-20.0,237.63090222289114,1985.2342187357826,213.2002798315033,2108.87583927359,0.8049514868666265,3.4679856765343464,6.488615403746357,,,286.3362681107586,7.365032216100019
72,,AM,R1796,00,EHZ,61.1981981981982,-149.91291617029023,2026-09-12T10:12:59.996000Z,2026-09-12T10:13:59.996000Z,100.0,100.0,60.0,,noise,0,Noise,timeofday:America/Anchorage:day7-19:night1-5,AM,2.0-20.0,389.51922501085346,3212.2346111006445,371.0092818562973,3137.241455755049,0.9072182013494664,7.161177552406257,12.542129238729268,,,286.3362681107586,10.956493483883513
73,,AM,R1796,00,EHZ,61.1981981981982,-149.91291617029023,2026-09-12T10:13:59.996000Z,2026-09-12T10:14:59.996000Z,100.0,100.0,60.0,,noise,0,Noise,timeofday:America/Anchorage:day7-19:night1-5,AM,2.0-20.0,304.50918797032324,2535.765117494946,286.31783517255093,2602.4768337495193,0.8840890287305418,3.3917164283139387,5.483648269056088,,,286.3362681107586,9.088882979863547
74,,AM,R1796,00,EHZ,61.1981981981982,-149.91291617029023,2026-09-12T10:14:59.996000Z,2026-09-12T10:15:59.996000Z,100.0,100.0,60.0,,noise,0,Noise,timeofday:America/Anchorage:day7-19:night1-5,AM,2.0-20.0,305.88136380177974,2099.7642057518606,284.88264610093034,2037.2350655670407,0.8674130534434761,4.112891353996256,3.5743097030655804,,,286.3362681107586,7.114834173849788
75,,AM,R1796,00,EHZ,61.1981981981982,-149.91291617029023,2026-09-12T10:15:59.996000Z,2026-09-12T10:16:59.996000Z,100.0,100.0,60.0,,noise,0,Noise,timeofday:America/Anchorage:day7-19:night1-5,AM,2.0-20.0,329.18812837717064,5511.236142192498,310.226122143271,4943.467624877698,0.8881133510669712,7.256894345197166,46.79589131279635,,,286.3362681107586,17.26455281929392
76,,AM,R1796,00,EHZ,61.1981981981982,-149.91291617029023,2026-09-12T10:16:59.996000Z,2026-09-12T10:17:59.996000Z,100.0,100.0,60.0,,noise,0,Noise,timeofday:America/Anchorage:day7-19:night1-5,AM,2.0-20.0,261.0663040689811,2909.236930827323,242.05194557201276,2877.3877690557856,0.85963781930272,5.215651957931308,13.572079382617304,,,286.3362681107586,10.048981178810273
77,,AM,R1796,00,EHZ,61.1981981981982,-149.91291617029023,2026-09-12T10:17:59.996000Z,2026-09-12T10:18:59.996000Z,100.0,100.0,60.0,,noise,0,Noise,timeofday:America/Anchorage:day7-19:night1-5,AM,2.0-20.0,343.6049959450452,3991.2376359906484,321.1006753295204,4256.86035535671,0.8733000769239895,5.946519147319519,26.942623066639655,,,286.3362681107586,14.866647468179268
78,,AM,R1796,00,EHZ,61.1981981981982,-149.91291617029023,2026-09-12T10:18:59.996000Z,2026-09-12T10:19:59.996000Z,100.0,100.0,60.0,,noise,0,Noise,timeofday:America/Anchorage:day7-19:night1-5,AM,2.0-20.0,272.71887143332305,1352.23802269312,244.08098356220125,1344.716852959391,0.8010092057787956,2.53649861568582,1.6638419032156184,,,286.3362681107586,4.696285461257869
79,,AM,R1796,00,EHZ,61.1981981981982,-149.91291617029023,2026-09-12T10:19:59.996000Z,2026-09-12T10:20:59.996000Z,100.0,100.0,60.0,,noise,0,Noise,timeofday:America/Anchorage:day7-19:night1-5,AM,2.0-20.0,252.5045702618498,1443.2388185523778,220.1740091717603,1194.4395823818963,0.7603150986004593,3.269411259467176,1.7456789212840018,,,286.3362681107586,4.171457532302095
80,,AM,R1796,00,EHZ,61.1981981981982,-149.91291617029023,2026-09-12T10:20:59.996000Z,2026-09-12T10:21:59.996000Z,100.0,100.0,60.0,,noise,0,Noise,timeofday:America/Anchorage:day7-19:night1-5,AM,2.0-20.0,242.04394535109577,1447.2390607661691,214.3396140407297,1343.8437540304626,0.784181228244901,3.44508690273721,1.9463676448541687,,,286.3362681107586,4.693236252945248
81,,AM,R1796,00,EHZ,61.1981981981982,-149.91291617029023,2026-09-12T10:21:59.996000Z,2026-09-12T10:22:59.996000Z,100.0,100.0,60.0,,noise,0,Noise,timeofday:America/Anchorage:day7-19:night1-5,AM,2.0-20.0,310.27006136521555,2476.240055492617,278.6640978345001,2552.9985506833273,0.806644719820292,5.1414574725607265,5.2794635758346455,,,286.3362681107586,8.916085159340675
82,,AM,R1796,00,EHZ,61.1981981981982,-149.91291617029023,2026-09-12T10:22:59.996000Z,2026-09-12T10:23:59.996000Z,100.0,100.0,60.0,,traffic,1,Traffic,timeofday:America/Anchorage:day7-19:night1-5+burst>=20x,AM,2.0-20.0,792.8562878625415,8055.759410582665,770.8620570801618,6706.6444288749135,0.9452885330620062,5.901564333755926,17.562401771503364,,,286.3362681107586,23.4222666696232
83,,AM,R1796,00,EHZ,61.1981981981982,-149.91291617029023,2026-09-12T10:23:59.996000Z,2026-09-12T10:24:59.996000Z,100.0,100.0,60.0,,noise,0,Noise,timeofday:America/Anchorage:day7-19:night1-5,AM,2.0-20.0,311.72919515187635,2102.2407269744617,286.7771006540948,2052.5277577950346,0.8463187893124048,5.5042153649977426,9.827912338557024,,,286.3362681107586,7.168242330381599
84,,AM,R1796,00,EHZ,61.1981981981982,-149.91291617029023,2026-09-12T10:24:59.996000Z,2026-09-12T10:25:59.996000Z,100.0,100.0,60.0,,noise,0,Noise,timeofday:America/Anchorage:day7-19:night1-5,AM,2.0-20.0,404.9628559782048,4722.758583677867,389.42440646213703,4346.248489865082,0.9247321394412797,7.0029857687044474,18.980165848376487,,,286.3362681107586,15.178826344778287
85,,AM,R1796,00,EHZ,61.1981981981982,-149.91291617029023,2026-09-12T10:25:59.996000Z,2026-09-12T10:26:59.996000Z,100.0,100.0,60.0,,noise,0,Noise,timeofday:America/Anchorage:day7-19:night1-5,AM,2.0-20.0,257.8651719426276,2126.24218445519,233.11372652918294,2158.579794475521,0.8172413190717839,6.1043347794894744,6.321997611324408,,,286.3362681107586,7.538618173372833
86,,AM,R1796,00,EHZ,61.1981981981982,-149.91291617029023,2026-09-12T10:26:59.996000Z,2026-09-12T10:27:59.996000Z,100.0,100.0,60.0,,noise,0,Noise,timeofday:America/Anchorage:day7-19:night1-5,AM,2.0-20.0,223.0706282897932,883.7573281884033,189.10303539555377,713.6693862040294,0.718641377294245,2.213692448206225,0.07884929068604007,,,286.3362681107586,2.4924170134395016
87,,AM,R1796,00,EHZ,61.1981981981982,-149.91291617029023,2026-09-12T10:27:59.996000Z,2026-09-12T10:28:59.996000Z,100.0,100.0,60.0,,noise,0,Noise,timeofday:America/Anchorage:day7-19:night1-5,AM,2.0-20.0,310.0574596124331,2846.7563918431915,288.1817308573228,3075.473850369156,0.8638702581126289,4.8265265960492405,11.065572807852794,,,286.3362681107586,10.740776467686317
88,,AM,R1796,00,EHZ,61.1981981981982,-149.91291617029023,2026-09-12T10:28:59.996000Z,2026-09-12T10:29:59.996000Z,100.0,100.0,60.0,,noise,0,Noise,timeofday:America/Anchorage:day7-19:night1-5,AM,2.0-20.0,340.3577235037032,4028.244047285236,317.60228433182414,4397.163555040135,0.8707550751499946,7.111314597651378,29.028641324521473,,,286.3362681107586,15.356641979210453
89,,AM,R1796,00,EHZ,61.1981981981982,-149.91291617029023,2026-09-12T10:29:59.996000Z,2026-09-12T10:30:59.996000Z,100.0,100.0,60.0,,noise,0,Noise,timeofday:America/Anchorage:day7-19:night1-5,AM,2.0-20.0,241.5735590329707,1398.2445790621496,211.78010416855787,1291.6728446946686,0.7685489256393115,3.9505721141811723,2.224068578441396,,,286.3362681107586,4.511034711799179
90,,AM,R1796,00,EHZ,61.1981981981982,-149.91291617029023,2026-09-12T10:30:59.996000Z,2026-09-12T10:31:59.996000Z,100.0,100.0,60.0,,noise,0,Noise,timeofday:America/Anchorage:day7-19:night1-5,AM,2.0-20.0,219.7882377724707,1124.2450506029018,189.19368254243997,960.9182146787716,0.7409763851762482,3.0876336469740377,0.9434336450195242,,,286.3362681107586,3.3559081461069957
91,,AM,R1796,00,EHZ,61.1981981981982,-149.91291617029023,2026-09-12T10:31:59.996000Z,2026-09-12T10:32:59.996000Z,100.0,100.0,60.0,,noise,0,Noise,timeofday:America/Anchorage:day7-19:night1-5,AM,2.0-20.0,188.22425289520686,696.7541769684358,158.06619901253924,562.6458778399297,0.7052236303547079,1.7423280897162066,-0.16272273728772246,,,286.3362681107586,1.964982925677759
92,,AM,R1796,00,EHZ,61.1981981981982,-149.91291617029023,2026-09-12T10:32:59.996000Z,2026-09-12T10:33:59.996000Z,100.0,100.0,60.0,,noise,0,Noise,timeofday:America/Anchorage:day7-19:night1-5,AM,2.0-20.0,313.91115608136903,2366.753913276596,282.84275252780645,2363.7225582129718,0.811851522147816,6.009911131463812,4.565261079816238,,,286.3362681107586,8.255058200656066
93,,AM,R1796,00,EHZ,61.1981981981982,-149.91291617029023,2026-09-12T10:33:59.996000Z,2026-09-12T10:34:59.996000Z,100.0,100.0,60.0,,noise,0,Noise,timeofday:America/Anchorage:day7-19:night1-5,AM,2.0-20.0,272.96512070967594,1622.7533266330393,248.0823688746203,1454.9008273841469,0.8259951303418438,3.427564688497255,2.838638830053104,,,286.3362681107586,5.081091672331819
94,,AM,R1796,00,EHZ,61.1981981981982,-149.91291617029023,2026-09-12T10:34:59.996000Z,2026-09-12T10:35:59.996000Z,100.0,100.0,60.0,,noise,0,Noise,timeofday:America/Anchorage:day7-19:night1-5,AM,2.0-20.0,286.41112220884185,1640.247720616997,241.10949381955234,1436.4034907424652,0.7086778594769176,3.5414645554779813,2.709274155100574,,,286.3362681107586,5.016491624410099
95,,AM,R1796,00,EHZ,61.1981981981982,-149.91291617029023,2026-09-12T10:35:59.996000Z,2026-09-12T10:36:59.996000Z,100.0,100.0,60.0,,noise,0,Noise,timeofday:America/Anchorage:day7-19:night1-5,AM,2.0-20.0,265.3427658639273,1932.7521667208857,220.56119820869134,1708.0461217306197,0.69094538634749,3.554492084168058,4.209418020723105,,,286.3362681107586,5.96517560629073
96,,AM,R1796,00,EHZ,61.1981981981982,-149.91291617029023,2026-09-12T10:36:59.996000Z,2026-09-12T10:37:59.996000Z,100.0,100.0,60.0,,noise,0,Noise,timeofday:America/Anchorage:day7-19:night1-5,AM,2.0-20.0,359.9748654937221,3712.2483991280205,337.831662502949,3684.43579766432,0.8807574889230756,6.2393110613894756,11.419789242342933,,,286.3362681107586,12.8675135077165
97,,AM,R1796,00,EHZ,61.1981981981982,-149.91291617029023,2026-09-12T10:37:59.996000Z,2026-09-12T10:38:59.996000Z,100.0,100.0,60.0,,noise,0,Noise,timeofday:America/Anchorage:day7-19:night1-5,AM,2.0-20.0,301.3633721987928,2318.249435346148,263.2547367136732,1981.3813483197614,0.7630824308224324,3.740507133039897,3.746551585943611,,,286.3362681107586,6.919770804421245
98,,AM,R1796,00,EHZ,61.1981981981982,-149.91291617029023,2026-09-12T10:38:59.996000Z,2026-09-12T10:39:59.996000Z,100.0,100.0,60.0,,noise,0,Noise,timeofday:America/Anchorage:day7-19:night1-5,AM,2.0-20.0,247.5243438106467,2609.750442326611,218.09886845290129,2314.6900941073545,0.7763740109603993,5.904114310211494,12.046310834570413,,,286.3362681107586,8.08381735705238
99,,AM,R1796,00,EHZ,61.1981981981982,-149.91291617029023,2026-09-12T10:39:59.996000Z,2026-09-12T10:40:59.996000Z,100.0,100.0,60.0,,noise,0,Noise,timeofday:America/Anchorage:day7-19:night1-5,AM,2.0-20.0,214.56441644235338,1044.2502173423054,185.33684495530767,920.1749894821869,0.7461190552153344,2.151813672742882,0.39172236972526076,,,286.3362681107586,3.213616617809139
100,,AM,R1796,00,EHZ,61.1981981981982,-149.91291617029023,2026-09-12T10:40:59.996000Z,2026-09-12T10:41:59.996000Z,100.0,100.0,60.0,,noise,0,Noise,timeofday:America/Anchorage:day7-19:night1-5,AM,2.0-20.0,228.52231540153406,1300.2509873302806,189.76586356698948,1282.6052450794905,0.6895709396163962,4.313714147694291,1.9255648955548867,,,286.3362681107586,4.479367051690993
101,,AM,R1796,00,EHZ,61.1981981981982,-149.91291617029023,2026-09-12T10:41:59.996000Z,2026-09-12T10:42:59.996000Z,100.0,100.0,60.0,,noise,0,Noise,timeofday:America/Anchorage:day7-19:night1-5,AM,2.0-20.0,308.61717162261635,2969.7485996078285,279.0015947982291,2660.5838346317814,0.817284378525419,5.054570213105176,12.16108668500108,,,286.3362681107586,9.291815710899161
102,,AM,R1796,00,EHZ,61.1981981981982,-149.91291617029023,2026-09-12T10:42:59.996000Z,2026-09-12T10:43:59.996000Z,100.0,100.0,60.0,,traffic,1,Traffic,timeofday:America/Anchorage:day7-19:night1-5+burst>=20x,AM,2.0-20.0,432.12690399729655,6585.747730137442,415.94702593104734,6755.517659863622,0.926517090211315,7.202526888527162,58.29087640332541,,,286.3362681107586,23.59295140792468
103,,AM,R1796,00,EHZ,61.1981981981982,-149.91291617029023,2026-09-12T10:43:59.996000Z,2026-09-12T10:44:59.996000Z,100.0,100.0,60.0,,noise,0,Noise,timeofday:America/Anchorage:day7-19:night1-5,AM,2.0-20.0,361.3652661922851,3085.7472878849367,341.0500162298898,2675.288057932692,0.890724372492272,5.592363974499194,8.646263333661635,,,286.3362681107586,9.343168700158708
104,,AM,R1796,00,EHZ,61.1981981981982,-149.91291617029023,2026-09-12T10:44:59.996000Z,2026-09-12T10:45:59.996000Z,100.0,100.0,60.0,,noise,0,Noise,timeofday:America/Anchorage:day7-19:night1-5,AM,2.0-20.0,291.9069794890476,2193.253196152138,266.41582629859107,2116.4732986016234,0.8329733031352139,5.733214036827605,5.067236179355117,,,286.3362681107586,7.3915655622882666
105,,AM,R1796,00,EHZ,61.1981981981982,-149.91291617029023,2026-09-12T10:45:59.996000Z,2026-09-12T10:46:59.996000Z,100.0,100.0,60.0,,noise,0,Noise,timeofday:America/Anchorage:day7-19:night1-5,AM,2.0-20.0,218.3060607071043,1150.746336212207,185.84784740228147,1021.7535595471559,0.7247420907691094,2.3520833301572788,1.3530312827343849,,,286.3362681107586,3.56836933822134
106,,AM,R1796,00,EHZ,61.1981981981982,-149.91291617029023,2026-09-12T10:46:59.996000Z,2026-09-12T10:47:59.996000Z,100.0,100.0,60.0,,noise,0,Noise,timeofday:America/Anchorage:day7-19:night1-5,AM,2.0-20.0,252.3049889094699,1385.7453904947579,225.7641028662561,1586.0718984334212,0.8006783802625895,3.4797932765887567,2.264683064272994,,,286.3362681107586,5.5391931622853585
107,,AM,R1796,00,EHZ,61.1981981981982,-149.91291617029023,2026-09-12T10:47:59.996000Z,2026-09-12T10:48:59.996000Z,100.0,100.0,60.0,,noise,0,Noise,timeofday:America/Anchorage:day7-19:night1-5,AM,2.0-20.0,231.17973741497175,1259.7450155075894,204.11056622682074,1104.0187738751786,0.7795275036635985,3.3007315302185187,1.4072140964117654,,,286.3362681107586,3.855672147854248
108,,AM,R1796,00,EHZ,61.1981981981982,-149.91291617029023,2026-09-12T10:48:59.996000Z,2026-09-12T10:49:59.996000Z,100.0,100.0,60.0,,noise,0,Noise,timeofday:America/Anchorage:day7-19:night1-5,AM,2.0-20.0,321.67809052396046,2705.2558940876916,290.12280961315815,2612.01821879967,0.8134311227341664,5.627290237984313,9.979164882924785,,,286.3362681107586,9.122205286929658
109,,AM,R1796,00,EHZ,61.1981981981982,-149.91291617029023,2026-09-12T10:49:59.996000Z,2026-09-12T10:50:59.996000Z,100.0,100.0,60.0,,noise,0,Noise,timeofday:America/Anchorage:day7-19:night1-5,AM,2.0-20.0,327.96905990046815,3625.256303830247,300.56540651942026,3371.9512665704788,0.839870328233952,5.908032578911879,16.377205081168118,,,286.3362681107586,11.77619338555521
110,,AM,R1796,00,EHZ,61.1981981981982,-149.91291617029023,2026-09-12T10:50:59.996000Z,2026-09-12T10:51:59.996000Z,100.0,100.0,60.0,,noise,0,Noise,timeofday:America/Anchorage:day7-19:night1-5,AM,2.0-20.0,238.60619564032757,1414.7429176881851,215.1533911593316,1380.0861825913048,0.8130794010477048,2.750347230453938,2.279462652439581,,,286.3362681107586,4.819809211376148
111,,AM,R1796,00,EHZ,61.1981981981982,-149.91291617029023,2026-09-12T10:51:59.996000Z,2026-09-12T10:52:59.996000Z,100.0,100.0,60.0,,noise,0,Noise,timeofday:America/Anchorage:day7-19:night1-5,AM,2.0-20.0,246.28978537954728,1705.7423052709673,219.5452782842419,1561.3685080918472,0.7946125170313216,3.117334476835418,2.135997076255123,,,286.3362681107586,5.452919109387461
112,,AM,R1796,00,EHZ,61.1981981981982,-149.91291617029023,2026-09-12T10:52:59.996000Z,2026-09-12T10:53:59.996000Z,100.0,100.0,60.0,,noise,0,Noise,timeofday:America/Anchorage:day7-19:night1-5,AM,2.0-20.0,249.09723060741294,1395.2578487852043,223.7507618258368,1478.7180272170715,0.8068471084841158,3.325694523379096,1.7639751453483257,,,286.3362681107586,5.164270795919865
113,,AM,R1796,00,EHZ,61.1981981981982,-149.91291617029023,2026-09-12T10:53:59.996000Z,2026-09-12T10:54:59.996000Z,100.0,100.0,60.0,,noise,0,Noise,timeofday:America/Anchorage:day7-19:night1-5,AM,2.0-20.0,298.14833993405557,3038.2588116850893,275.86080175460523,2735.6319285709214,0.8560816676316537,5.460012738925809,11.589285776279704,,,286.3362681107586,9.55391346901519
114,,AM,R1796,00,EHZ,61.1981981981982,-149.91291617029023,2026-09-12T10:54:59.996000Z,2026-09-12T10:55:59.996000Z,100.0,100.0,60.0,,traffic,1,Traffic,timeofday:America/Anchorage:day7-19:night1-5+burst>=20x,AM,2.0-20.0,690.5160525291133,7272.259215569997,672.002583055073,6980.013272756276,0.9470967068534787,5.9670183232426135,12.779641639461726,,,286.3362681107586,24.376979272693166
115,,AM,R1796,00,EHZ,61.1981981981982,-149.91291617029023,2026-09-12T10:55:59.996000Z,2026-09-12T10:56:59.996000Z,100.0,100.0,60.0,,traffic,1,Traffic,timeofday:America/Anchorage:day7-19:night1-5+burst>=20x,AM,2.0-20.0,725.6217440216514,8314.740505996415,698.6417264336342,7238.029146838465,0.9270186340732862,4.715226340223288,27.38980342315188,,,286.3362681107586,25.278073206006514
116,,AM,R1796,00,EHZ,61.1981981981982,-149.91291617029023,2026-09-12T10:56:59.996000Z,2026-09-12T10:57:59.996000Z,100.0,100.0,60.0,,noise,0,Noise,timeofday:America/Anchorage:day7-19:night1-5,AM,2.0-20.0,254.69017983424257,2048.2602758044886,226.05012689676698,2031.003832689456,0.7877440113115237,4.297450617414878,6.174638568237533,,,286.3362681107586,7.09307223318227
117,,AM,R1796,00,EHZ,61.1981981981982,-149.91291617029023,2026-09-12T10:57:59.996000Z,2026-09-12T10:58:59.996000Z,100.0,100.0,60.0,,noise,0,Noise,timeofday:America/Anchorage:day7-19:night1-5,AM,2.0-20.0,256.3109605674217,2290.2609291276203,225.20771325052365,1783.2388974363885,0.7720264241110947,3.9334941099740774,3.536934824450408,,,286.3362681107586,6.227778650613021
118,,AM,R1796,00,EHZ,61.1981981981982,-149.91291617029023,2026-09-12T10:58:59.996000Z,2026-09-12T10:59:59.996000Z,100.0,100.0,60.0,,traffic,1,Traffic,timeofday:America/Anchorage:day7-19:night1-5+burst>=20x,AM,2.0-20.0,804.11995542163,10455.261566537469,789.4019131569845,10471.101014537253,0.963728426699386,5.881412477778383,39.949800979784555,,,286.3362681107586,36.56924455859323
119,,AM,R1796,00,EHZ,61.1981981981982,-149.91291617029023,2026-09-12T10:59:59.996000Z,2026-09-12T11:00:59.996000Z,100.0,100.0,60.0,,noise,0,Noise,timeofday:America/Anchorage:day7-19:night1-5,AM,2.0-20.0,305.98249303294546,2791.2622278660565,286.341516216469,2793.8374195780607,0.8757405971693414,5.613218512332727,10.039839412602557,,,286.3362681107586,9.757190166693686
120,,AM,R1796,00,EHZ,61.1981981981982,-149.91291617029023,2026-09-12T11:00:59.996000Z,2026-09-12T11:01:59.996000Z,100.0,100.0,60.0,,noise,0,Noise,timeofday:America/Anchorage:day7-19:night1-5,AM,2.0-20.0,277.01334362718353,2880.2624314193636,255.37951149987566,2573.2805778413276,0.8499056670345084,6.148051477189348,9.391062197125251,,,286.3362681107586,8.986918055542825
121,,AM,R1796,00,EHZ,61.1981981981982,-149.91291617029023,2026-09-12T11:01:59.996000Z,2026-09-12T11:02:59.996000Z,100.0,100.0,60.0,,noise,0,Noise,timeofday:America/Anchorage:day7-19:night1-5,AM,2.0-20.0,278.2103046323186,2211.7366199343633,257.44533480914896,1839.1366912519554,0.8562954356934047,5.390952133039826,6.539395248444961,,,286.3362681107586,6.422995952928161
122,,AM,R1796,00,EHZ,61.1981981981982,-149.91291617029023,2026-09-12T11:02:59.996000Z,2026-09-12T11:03:59.996000Z,100.0,100.0,60.0,,noise,0,Noise,timeofday:America/Anchorage:day7-19:night1-5,AM,2.0-20.0,330.2933387785056,3547.264154056342,300.64265228821074,3302.032574519455,0.8285172558738514,5.51495811245733,10.349589030230236,,,286.3362681107586,11.532009536571126
123,,AM,R1796,00,EHZ,61.1981981981982,-149.91291617029023,2026-09-12T11:03:59.996000Z,2026-09-12T11:04:59.996000Z,100.0,100.0,60.0,,noise,0,Noise,timeofday:America/Anchorage:day7-19:night1-5,AM,2.0-20.0,352.803266104299,2240.2644769104336,330.6210133960977,2131.625846749152,0.8782046078061534,5.1122579237248384,5.036805597382616,,,286.3362681107586,7.444484280016568
124,,AM,R1796,00,EHZ,61.1981981981982,-149.91291617029023,2026-09-12T11:04:59.996000Z,2026-09-12T11:05:59.996000Z,100.0,100.0,60.0,,noise,0,Noise,timeofday:America/Anchorage:day7-19:night1-5,AM,2.0-20.0,204.04402975902372,1515.2647533914715,176.82637657200615,1467.1881657605622,0.7510110228575801,2.8532884041990836,3.172711470035874,,,286.3362681107586,5.124003939288035
125,,AM,R1796,00,EHZ,61.1981981981982,-149.91291617029023,2026-09-12T11:05:59.996000Z,2026-09-12T11:06:59.996000Z,100.0,100.0,60.0,,noise,0,Noise,timeofday:America/Anchorage:day7-19:night1-5,AM,2.0-20.0,197.2530041234801,1612.734151032888,168.20727445478065,1717.7339307640764,0.7271806187233374,5.323638805824357,4.940101197313999,,,286.3362681107586,5.999009284075862
126,,AM,R1796,00,EHZ,61.1981981981982,-149.91291617029023,2026-09-12T11:06:59.996000Z,2026-09-12T11:07:59.996000Z,100.0,100.0,60.0,,noise,0,Noise,timeofday:America/Anchorage:day7-19:night1-5,AM,2.0-20.0,240.04985324299548,2172.733781512856,212.76321043822512,2036.5494614010345,0.7855795693185074,5.750616192619039,5.9810056977823045,,,286.3362681107586,7.112439771734646
127,,AM,R1796,00,EHZ,61.1981981981982,-149.91291617029023,2026-09-12T11:07:59.996000Z,2026-09-12T11:08:59.996000Z,100.0,100.0,60.0,,noise,0,Noise,timeofday:America/Anchorage:day7-19:night1-5,AM,2.0-20.0,309.57555704407696,2388.7330325147886,274.77872351980164,2055.6743952153865,0.7878306582468403,3.7314242965924627,3.744012098578872,,,286.3362681107586,7.179231638306555
128,,AM,R1796,00,EHZ,61.1981981981982,-149.91291617029023,2026-09-12T11:08:59.996000Z,2026-09-12T11:09:59.996000Z,100.0,100.0,60.0,,noise,0,Noise,timeofday:America/Anchorage:day7-19:night1-5,AM,2.0-20.0,332.98344685083606,3361.7327031196546,305.74650676593524,3258.91614522468,0.8430973388579595,4.864858267419306,12.567333686913196,,,286.3362681107586,11.381429836768314
129,,AM,R1796,00,EHZ,61.1981981981982,-149.91291617029023,2026-09-12T11:09:59.996000Z,2026-09-12T11:10:59.996000Z,100.0,100.0,60.0,,noise,0,Noise,timeofday:America/Anchorage:day7-19:night1-5,AM,2.0-20.0,335.7008494876428,2707.267961235386,303.894038849104,2666.814365337629,0.8194821189490095,5.535445487097823,7.754864192808329,,,286.3362681107586,9.313575199304024
130,,AM,R1796,00,EHZ,61.1981981981982,-149.91291617029023,2026-09-12T11:10:59.996000Z,2026-09-12T11:11:59.996000Z,100.0,100.0,60.0,,noise,0,Noise,timeofday:America/Anchorage:day7-19:night1-5,AM,2.0-20.0,199.23210503006638,888.7314893171279,165.66976005813407,689.5534114866293,0.6914612377847343,2.9036802671614708,0.0835420009224741,,,286.3362681107586,2.408194449261667
131,,AM,R1796,00,EHZ,61.1981981981982,-149.91291617029023,2026-09-12T11:11:59.996000Z,2026-09-12T11:12:59.996000Z,100.0,100.0,60.0,,noise,0,Noise,timeofday:America/Anchorage:day7-19:night1-5,AM,2.0-20.0,414.87607095527517,4343.269418911368,391.89410848090375,4279.638909116667,0.8922790498997861,8.337243153025208,16.730865555636743,,,286.3362681107586,14.9461992270614
132,,AM,R1796,00,EHZ,61.1981981981982,-149.91291617029023,2026-09-12T11:12:59.996000Z,2026-09-12T11:13:59.996000Z,100.0,100.0,60.0,,noise,0,Noise,timeofday:America/Anchorage:day7-19:night1-5,AM,2.0-20.0,444.18908324683565,4196.269856965893,424.9923454600526,3854.4153361634885,0.9154327691868632,5.861315243726191,7.6656892052984045,,,286.3362681107586,13.461149583302351
133,,AM,R1796,00,EHZ,61.1981981981982,-149.91291617029023,2026-09-12T11:13:59.996000Z,2026-09-12T11:14:59.996000Z,100.0,100.0,60.0,,noise,0,Noise,timeofday:America/Anchorage:day7-19:night1-5,AM,2.0-20.0,309.56772659341647,2509.7299423119985,286.69988953440696,2423.9222680099633,0.8577163634753949,4.8187741377708075,7.380251660637757,,,286.3362681107586,8.465299502584697
134,,AM,R1796,00,EHZ,61.1981981981982,-149.91291617029023,2026-09-12T11:14:59.996000Z,2026-09-12T11:15:59.996000Z,100.0,100.0,60.0,,noise,0,Noise,timeofday:America/Anchorage:day7-19:night1-5,AM,2.0-20.0,330.5710927855671,3037.2709195434436,308.8232812295711,2883.2426258524774,0.8727509276748358,6.411493105368665,10.633007452417653,,,286.3362681107586,10.06942866468177
135,,AM,R1796,00,EHZ,61.1981981981982,-149.91291617029023,2026-09-12T11:15:59.996000Z,2026-09-12T11:16:59.996000Z,100.0,100.0,60.0,,noise,0,Noise,timeofday:America/Anchorage:day7-19:night1-5,AM,2.0-20.0,336.2121128239703,1950.2712211147445,313.2417131107285,1897.338792924443,0.8680254711066341,6.620447569761447,1.9869426237802026,,,286.3362681107586,6.626260813703584
136,,AM,R1796,00,EHZ,61.1981981981982,-149.91291617029023,2026-09-12T11:16:59.996000Z,2026-09-12T11:17:59.996000Z,100.0,100.0,60.0,,traffic,1,Traffic,timeofday:America/Anchorage:day7-19:night1-5+burst>=20x,AM,2.0-20.0,613.2850947841043,8172.728130443498,595.173159376468,7576.0942671340035,0.941806873133518,6.589022398929558,25.28115559633201,,,286.3362681107586,26.45873090796682
137,,AM,R1796,00,EHZ,61.1981981981982,-149.91291617029023,2026-09-12T11:17:59.996000Z,2026-09-12T11:18:59.996000Z,100.0,100.0,60.0,,noise,0,Noise,timeofday:America/Anchorage:day7-19:night1-5,AM,2.0-20.0,377.08984965926777,2213.2726996830097,347.9612801809565,2126.4894668296665,0.8514754977843714,3.034932651929873,1.799124980555634,,,286.3362681107586,7.426546000826946
138,,AM,R1796,00,EHZ,61.1981981981982,-149.91291617029023,2026-09-12T11:18:59.996000Z,2026-09-12T11:19:59.996000Z,100.0,100.0,60.0,,traffic,1,Traffic,timeofday:America/Anchorage:day7-19:night1-5+burst>=20x,AM,2.0-20.0,493.93771886308355,6964.726661149845,475.270865597882,7664.980403231028,0.9258443950265403,6.621034992885014,38.34998852964502,,,286.3362681107586,26.769156606686348
139,,AM,R1796,00,EHZ,61.1981981981982,-149.91291617029023,2026-09-12T11:19:59.996000Z,2026-09-12T11:20:59.996000Z,100.0,100.0,60.0,,noise,0,Noise,timeofday:America/Anchorage:day7-19:night1-5,AM,2.0-20.0,244.26706808420536,1792.7263654361923,222.20551606387386,1679.2910575010278,0.8275225405538053,5.764570102540444,3.8004415630858928,,,286.3362681107586,5.864751498582275
140,,AM,R1796,00,EHZ,61.1981981981982,-149.91291617029023,2026-09-12T11:20:59.996000Z,2026-09-12T11:21:59.996000Z,100.0,100.0,60.0,,noise,0,Noise,timeofday:America/Anchorage:day7-19:night1-5,AM,2.0-20.0,316.443023457082,3087.725707524569,296.1801110434473,2880.334052487452,0.8760335371545951,4.941626280336298,10.016141838167913,,,286.3362681107586,10.059270771012846
141,,AM,R1796,00,EHZ,61.1981981981982,-149.91291617029023,2026-09-12T11:21:59.996000Z,2026-09-12T11:22:59.996000Z,100.0,100.0,60.0,,noise,0,Noise,timeofday:America/Anchorage:day7-19:night1-5,AM,2.0-20.0,258.01276530234577,2061.72526947004,234.16348650253866,1902.3679696304384,0.8236751519474803,3.1308395899781316,5.349678441532673,,,286.3362681107586,6.643824696683473
142,,AM,R1796,00,EHZ,61.1981981981982,-149.91291617029023,2026-09-12T11:22:59.996000Z,2026-09-12T11:23:59.996000Z,100.0,100.0,60.0,,noise,0,Noise,timeofday:America/Anchorage:day7-19:night1-5,AM,2.0-20.0,291.487445343281,1442.7246693538873,262.68518483383656,1448.4729900398888,0.8121410290970672,2.87388320923246,2.8018004341096043,,,286.3362681107586,5.058643110762345
143,,AM,R1796,00,EHZ,61.1981981981982,-149.91291617029023,2026-09-12T11:23:59.996000Z,2026-09-12T11:24:59.996000Z,100.0,100.0,60.0,,noise,0,Noise,timeofday:America/Anchorage:day7-19:night1-5,AM,2.0-20.0,291.2769493757127,2578.723644167665,270.9633351289247,2585.2297994391283,0.8653839243930114,7.4194964198511855,12.188329702724479,,,286.3362681107586,9.028649484385706
144,,AM,R1796,00,EHZ,61.1981981981982,-149.91291617029023,2026-09-12T11:24:59.996000Z,2026-09-12T11:25:59.996000Z,100.0,100.0,60.0,,noise,0,Noise,timeofday:America/Anchorage:day7-19:night1-5,AM,2.0-20.0,318.25874147532346,2321.2766118116015,296.9767911506968,2594.7677144840063,0.8707316656130047,4.994968893899391,5.475051840882955,,,286.3362681107586,9.061959672814888
145,,AM,R1796,00,EHZ,61.1981981981982,-149.91291617029023,2026-09-12T11:25:59.996000Z,2026-09-12T11:26:59.996000Z,100.0,100.0,60.0,,noise,0,Noise,timeofday:America/Anchorage:day7-19:night1-5,AM,2.0-20.0,288.7561316622411,1860.7228776942793,267.21694765650227,1846.4414368456498,0.8563781292587975,4.5462090158190005,4.257178470987521,,,286.3362681107586,6.448507026470786
146,,AM,R1796,00,EHZ,61.1981981981982,-149.91291617029023,2026-09-12T11:26:59.996000Z,2026-09-12T11:27:59.996000Z,100.0,100.0,60.0,,noise,0,Noise,timeofday:America/Anchorage:day7-19:night1-5,AM,2.0-20.0,225.10764818880023,2182.2779759604527,200.69390984469194,2147.542295490607,0.7948549555460585,5.795140627327421,10.214215823572276,,,286.3362681107586,7.500070842090844
147,,AM,R1796,00,EHZ,61.1981981981982,-149.91291617029023,2026-09-12T11:27:59.996000Z,2026-09-12T11:28:59.996000Z,100.0,100.0,60.0,,noise,0,Noise,timeofday:America/Anchorage:day7-19:night1-5,AM,2.0-20.0,250.40109873442003,1550.721343673602,223.7798242642128,1543.9020839477448,0.7986737239518702,4.4516529192087235,2.9311525059978134,,,286.3362681107586,5.391919417454107
148,,AM,R1796,00,EHZ,61.1981981981982,-149.91291617029023,2026-09-12T11:28:59.996000Z,2026-09-12T11:29:59.996000Z,100.0,100.0,60.0,,noise,0,Noise,timeofday:America/Anchorage:day7-19:night1-5,AM,2.0-20.0,236.21637153192074,2462.721111905954,210.7474508499527,2421.8820321023736,0.795984612269027,5.321194153213411,9.859276781300535,,,286.3362681107586,8.45817418827837
149,,AM,R1796,00,EHZ,61.1981981981982,-149.91291617029023,2026-09-12T11:29:59.996000Z,2026-09-12T11:30:59.996000Z,100.0,100.0,60.0,,noise,0,Noise,timeofday:America/Anchorage:day7-19:night1-5,AM,2.0-20.0,253.68911301309757,1998.279689029936,228.0781675934852,2166.8853116689784,0.8082836058938627,5.772819563435317,7.863855321359386,,,286.3362681107586,7.567624338914687
150,,AM,R1796,00,EHZ,61.1981981981982,-149.91291617029023,2026-09-12T11:30:59.996000Z,2026-09-12T11:31:59.996000Z,100.0,100.0,60.0,,noise,0,Noise,timeofday:America/Anchorage:day7-19:night1-5,AM,2.0-20.0,318.10341220322044,2162.719724912269,297.1908586766409,2113.295889795365,0.8728391912146848,5.913912670288389,5.367452721121408,,,286.3362681107586,7.380468788459289
151,,AM,R1796,00,EHZ,61.1981981981982,-149.91291617029023,2026-09-12T11:31:59.996000Z,2026-09-12T11:32:59.996000Z,100.0,100.0,60.0,,traffic,1,Traffic,timeofday:America/Anchorage:day7-19:night1-5+burst>=20x,AM,2.0-20.0,754.7851158034109,10621.280627522952,729.6700165312853,11096.146405106965,0.9345581873901765,7.027964384477893,34.806765478225465,,,286.3362681107586,38.75215137194856
152,,AM,R1796,00,EHZ,61.1981981981982,-149.91291617029023,2026-09-12T11:32:59.996000Z,2026-09-12T11:33:59.996000Z,100.0,100.0,60.0,,noise,0,Noise,timeofday:America/Anchorage:day7-19:night1-5,AM,2.0-20.0,398.3038466425064,4180.718700897574,365.98259802050563,4203.7413030317075,0.8442904370733777,5.081112258467525,18.57715413452272,,,286.3362681107586,14.681134635049602
153,,AM,R1796,00,EHZ,61.1981981981982,-149.91291617029023,2026-09-12T11:33:59.996000Z,2026-09-12T11:34:59.996000Z,100.0,100.0,60.0,,noise,0,Noise,timeofday:America/Anchorage:day7-19:night1-5,AM,2.0-20.0,250.7052624692473,1693.7182008495947,210.40999045425895,1639.9439083953375,0.7043780484459301,3.7944041267689483,3.385120809678101,,,286.3362681107586,5.727335622607841
154,,AM,R1796,00,EHZ,61.1981981981982,-149.91291617029023,2026-09-12T11:34:59.996000Z,2026-09-12T11:35:59.996000Z,100.0,100.0,60.0,,noise,0,Noise,timeofday:America/Anchorage:day7-19:night1-5,AM,2.0-20.0,252.1669877873186,1555.2828424953404,212.40283885879106,1538.4456444666507,0.7094865594857585,4.832993646930915,1.9134834228825843,,,286.3362681107586,5.372863363126461
155,,AM,R1796,00,EHZ,61.1981981981982,-149.91291617029023,2026-09-12T11:35:59.996000Z,2026-09-12T11:36:59.996000Z,100.0,100.0,60.0,,noise,0,Noise,timeofday:America/Anchorage:day7-19:night1-5,AM,2.0-20.0,399.7654470365559,4685.716671319784,378.17298523806306,4254.969941818792,0.8948917321093691,7.9198102993315,23.39470884774375,,,286.3362681107586,14.86004539310722
156,,AM,R1796,00,EHZ,61.1981981981982,-149.91291617029023,2026-09-12T11:36:59.996000Z,2026-09-12T11:37:59.996000Z,100.0,100.0,60.0,,noise,0,Noise,timeofday:America/Anchorage:day7-19:night1-5,AM,2.0-20.0,222.89736799158564,934.2838612381493,190.56160523579825,899.8764858066664,0.7309049859276152,2.3603354223554205,0.7287869762394812,,,286.3362681107586,3.142726179062243
157,,AM,R1796,00,EHZ,61.1981981981982,-149.91291617029023,2026-09-12T11:37:59.996000Z,2026-09-12T11:38:59.996000Z,100.0,100.0,60.0,,noise,0,Noise,timeofday:America/Anchorage:day7-19:night1-5,AM,2.0-20.0,318.2291771461799,3296.715560709512,296.53267993001253,3615.721045366594,0.8682906679915622,5.966570783773713,12.094997734901217,,,286.3362681107586,12.627534294635653
158,,AM,R1796,00,EHZ,61.1981981981982,-149.91291617029023,2026-09-12T11:38:59.996000Z,2026-09-12T11:39:59.996000Z,100.0,100.0,60.0,,noise,0,Noise,timeofday:America/Anchorage:day7-19:night1-5,AM,2.0-20.0,229.0884343423516,936.7148033154808,203.4660669048615,839.24997353788,0.7888195250206901,2.590492463321437,0.49288417141183105,,,286.3362681107586,2.930994313347854
159,,AM,R1796,00,EHZ,61.1981981981982,-149.91291617029023,2026-09-12T11:42:59.996000Z,2026-09-12T11:43:59.996000Z,100.0,100.0,60.0,,traffic,1,Traffic,timeofday:America/Anchorage:day7-19:night1-5+burst>=20x,AM,2.0-20.0,516.8530159935859,7665.287574890062,499.4012558570032,7523.7564652057235,0.933609259948719,7.778335728636362,62.55477400467406,,,286.3362681107586,26.275946511586984
160,,AM,R1796,00,EHZ,61.1981981981982,-149.91291617029023,2026-09-12T11:43:59.996000Z,2026-09-12T11:44:59.996000Z,100.0,100.0,60.0,,traffic,1,Traffic,timeofday:America/Anchorage:day7-19:night1-5+burst>=20x,AM,2.0-20.0,656.2683931658772,10120.28758846028,640.2341183689485,9653.956248021368,0.9517319551403274,5.747335699025841,57.24360800179909,,,286.3362681107586,33.71545040982056
161,,AM,R1796,00,EHZ,61.1981981981982,-149.91291617029023,2026-09-12T11:44:59.996000Z,2026-09-12T11:45:59.996000Z,100.0,100.0,60.0,,noise,0,Noise,timeofday:America/Anchorage:day7-19:night1-5,AM,2.0-20.0,329.18897002613005,3466.7115099498915,302.7004952214387,3556.0079375950877,0.8455430277593916,6.430821490285671,9.980006266881029,,,286.3362681107586,12.418992400290616
162,,AM,R1796,00,EHZ,61.1981981981982,-149.91291617029023,2026-09-12T11:45:59.996000Z,2026-09-12T11:46:59.996000Z,100.0,100.0,60.0,,noise,0,Noise,timeofday:America/Anchorage:day7-19:night1-5,AM,2.0-20.0,250.60725147161776,1486.288991464873,214.15626219009744,1717.3407264039365,0.7302545802627323,4.084564333900259,2.3487447916848403,,,286.3362681107586,5.997636058243403
163,,AM,R1796,00,EHZ,61.1981981981982,-149.91291617029023,2026-09-12T11:46:59.996000Z,2026-09-12T11:47:59.996000Z,100.0,100.0,60.0,,noise,0,Noise,timeofday:America/Anchorage:day7-19:night1-5,AM,2.0-20.0,263.2327408533228,2167.7103947511278,237.17017300813015,1892.576743524598,0.8117837045449509,4.9367914614424135,4.637456443152971,,,286.3362681107586,6.609629845397456
164,,AM,R1796,00,EHZ,61.1981981981982,-149.91291617029023,2026-09-12T11:47:59.996000Z,2026-09-12T11:48:59.996000Z,100.0,100.0,60.0,,noise,0,Noise,timeofday:America/Anchorage:day7-19:night1-5,AM,2.0-20.0,238.02262017575217,1289.7095358245133,210.1462207076754,1183.2285892135835,0.7794831019273468,3.02581923767075,1.2249473417630092,,,286.3362681107586,4.13230429040828
165,,AM,R1796,00,EHZ,61.1981981981982,-149.91291617029023,2026-09-12T11:48:59.996000Z,2026-09-12T11:49:59.996000Z,100.0,100.0,60.0,,noise,0,Noise,timeofday:America/Anchorage:day7-19:night1-5,AM,2.0-20.0,224.54912426371826,902.2908119245913,187.7912698968269,792.9336797982462,0.6994039266282844,2.568775642187679,0.11156092909450521,,,286.3362681107586,2.769239415705205
166,,AM,R1796,00,EHZ,61.1981981981982,-149.91291617029023,2026-09-12T11:49:59.996000Z,2026-09-12T11:50:59.996000Z,100.0,100.0,60.0,,noise,0,Noise,timeofday:America/Anchorage:day7-19:night1-5,AM,2.0-20.0,318.1736954947405,3677.2912984023496,286.3362681107586,3389.6394828322154,0.8098865310421037,5.388412708218306,15.96310953440237,,,286.3362681107586,11.837967663673881
167,,AM,R1796,00,EHZ,61.1981981981982,-149.91291617029023,2026-09-12T11:50:59.996000Z,2026-09-12T11:51:59.996000Z,100.0,100.0,60.0,,noise,0,Noise,timeofday:America/Anchorage:day7-19:night1-5,AM,2.0-20.0,326.3088881069314,3108.292181345325,296.56443893886114,3007.9805381472056,0.8260005571615054,4.565401301173549,11.300764793501921,,,286.3362681107586,10.50506300858709
168,,AM,R1796,00,EHZ,61.1981981981982,-149.91291617029023,2026-09-12T11:51:59.996000Z,2026-09-12T11:52:59.996000Z,100.0,100.0,60.0,,noise,0,Noise,timeofday:America/Anchorage:day7-19:night1-5,AM,2.0-20.0,309.7754111307646,2845.70750322027,275.54314969081764,2778.808685291795,0.7911983134317433,5.3195058553946435,11.433884500771926,,,286.3362681107586,9.70470385615599
169,,AM,R1796,00,EHZ,61.1981981981982,-149.91291617029023,2026-09-12T11:52:59.996000Z,2026-09-12T11:53:59.996000Z,100.0,100.0,60.0,,traffic,1,Traffic,timeofday:America/Anchorage:day7-19:night1-5+burst>=20x,AM,2.0-20.0,449.89739420390464,6030.706742409275,423.30263243770435,5858.852966946237,0.8852684425412514,6.862032129458617,33.67824150676016,,,286.3362681107586,20.461442085568972
170,,AM,R1796,00,EHZ,61.1981981981982,-149.91291617029023,2026-09-12T11:53:59.996000Z,2026-09-12T11:54:59.996000Z,100.0,100.0,60.0,,noise,0,Noise,timeofday:America/Anchorage:day7-19:night1-5,AM,2.0-20.0,352.5637854255924,2390.2939197979576,321.7441231109817,2511.200190457761,0.8328098342872075,3.361261044745938,4.182157095567751,,,286.3362681107586,8.770108680351997
171,,AM,R1796,00,EHZ,61.1981981981982,-149.91291617029023,2026-09-12T11:54:59.996000Z,2026-09-12T11:55:59.996000Z,100.0,100.0,60.0,,noise,0,Noise,timeofday:America/Anchorage:day7-19:night1-5,AM,2.0-20.0,304.5424193535523,2534.2942269340274,273.11779985113884,2309.169002091843,0.8042747297221322,4.646784870291543,6.976021498141007,,,286.3362681107586,8.064535510390273
172,,AM,R1796,00,EHZ,61.1981981981982,-149.91291617029023,2026-09-12T11:55:59.996000Z,2026-09-12T11:56:59.996000Z,100.0,100.0,60.0,,traffic,1,Traffic,timeofday:America/Anchorage:day7-19:night1-5+burst>=20x,AM,2.0-20.0,1217.4388981919778,21519.29515156394,1197.6378912081116,20319.23378719361,0.9677355791711685,8.469555905880927,79.26374434682084,,,286.3362681107586,70.96283653223372
173,,AM,R1796,00,EHZ,61.1981981981982,-149.91291617029023,2026-09-12T11:56:59.996000Z,2026-09-12T11:57:59.996000Z,100.0,100.0,60.0,,traffic,1,Traffic,timeofday:America/Anchorage:day7-19:night1-5+burst>=20x,AM,2.0-20.0,633.7456139380854,11826.704791714492,609.5956281766253,10558.720070498792,0.925238624129873,2.146525112567173,75.6422350579648,,,286.3362681107586,36.87524511011137
174,,AM,R1796,00,EHZ,61.1981981981982,-149.91291617029023,2026-09-12T11:57:59.996000Z,2026-09-12T11:58:59.996000Z,100.0,100.0,60.0,,noise,0,Noise,timeofday:America/Anchorage:day7-19:night1-5,AM,2.0-20.0,361.9527941539559,2444.2963697597006,326.25446233317405,2487.093811707163,0.8124732174337362,5.986652918561251,7.833272641006237,,,286.3362681107586,8.68591962910239
175,,AM,R1796,00,EHZ,61.1981981981982,-149.91291617029023,2026-09-12T11:58:59.996000Z,2026-09-12T11:59:59.996000Z,100.0,100.0,60.0,,noise,0,Noise,timeofday:America/Anchorage:day7-19:night1-5,AM,2.0-20.0,265.0800492660549,1597.2964412230212,228.5202398128412,1529.622505254647,0.7431821276531869,3.2380522075758416,2.9957541030208663,,,286.3362681107586,5.342049455862046
176,,AM,R1796,00,EHZ,61.1981981981982,-149.91291617029023,2026-09-12T11:59:59.996000Z,2026-09-12T12:00:59.996000Z,100.0,100.0,60.0,,noise,0,Noise,timeofday:America/Anchorage:day7-19:night1-5,AM,2.0-20.0,355.3661342598576,3149.2971204174355,316.04748666461245,2512.502232150752,0.790956512113698,3.7549338919053015,4.0174987192009475,,,286.3362681107586,8.774655927201243
177,,AM,R1796,00,EHZ,61.1981981981982,-149.91291617029023,2026-09-12T12:00:59.996000Z,2026-09-12T12:01:59.996000Z,100.0,100.0,60.0,,noise,0,Noise,timeofday:America/Anchorage:day7-19:night1-5,AM,2.0-20.0,423.58893827286056,4946.297759194073,394.2699986472907,4811.066683251176,0.8663596998807958,5.459032165975048,22.97203641610044,,,286.3362681107586,16.802156132698467
178,,AM,R1796,00,EHZ,61.1981981981982,-149.91291617029023,2026-09-12T12:01:59.996000Z,2026-09-12T12:02:59.996000Z,100.0,100.0,60.0,,noise,0,Noise,timeofday:America/Anchorage:day7-19:night1-5,AM,2.0-20.0,344.3732517841652,1959.2984724604794,299.11145968545486,2043.067565307516,0.7544097306475558,3.247359900934309,2.590829202215926,,,286.3362681107586,7.135203579999271
179,,AM,R1796,00,EHZ,61.1981981981982,-149.91291617029023,2026-09-12T12:02:59.996000Z,2026-09-12T12:03:59.996000Z,100.0,100.0,60.0,,noise,0,Noise,timeofday:America/Anchorage:day7-19:night1-5,AM,2.0-20.0,387.41027139727663,2309.2991992971074,325.2335392738232,2709.848464361455,0.7047715894344935,3.3429774513762633,4.216874597505968,,,286.3362681107586,9.463867369093636
180,,AM,R1796,00,EHZ,61.1981981981982,-149.91291617029023,2026-09-12T12:03:59.996000Z,2026-09-12T12:04:59.996000Z,100.0,100.0,60.0,,noise,0,Noise,timeofday:America/Anchorage:day7-19:night1-5,AM,2.0-20.0,595.982316321337,4159.299579751416,521.2967004161686,4304.179045806216,0.7650735793697674,6.3941265718640246,4.65670243384237,,,286.3362681107586,15.03190313335125
181,,AM,R1796,00,EHZ,61.1981981981982,-149.91291617029023,2026-09-12T12:04:59.996000Z,2026-09-12T12:05:59.996000Z,100.0,100.0,60.0,,noise,0,Noise,timeofday:America/Anchorage:day7-19:night1-5,AM,2.0-20.0,443.1706994782815,2322.299929648325,349.16810682612424,1498.7113795018363,0.6207647653551408,2.988093101717599,1.3267079658276995,,,286.3362681107586,5.2340955247838705
182,,AM,R1796,00,EHZ,61.1981981981982,-149.91291617029023,2026-09-12T12:05:59.996000Z,2026-09-12T12:06:59.996000Z,100.0,100.0,60.0,,noise,0,Noise,timeofday:America/Anchorage:day7-19:night1-5,AM,2.0-20.0,299.1099964411532,2351.6990235897792,246.36831173020408,2197.2138473516807,0.6784343670366122,5.286368565405569,4.593238748057981,,,286.3362681107586,7.673543634024627
183,,AM,R1796,00,EHZ,61.1981981981982,-149.91291617029023,2026-09-12T12:06:59.996000Z,2026-09-12T12:07:59.996000Z,100.0,100.0,60.0,,noise,0,Noise,timeofday:America/Anchorage:day7-19:night1-5,AM,2.0-20.0,286.8748766220928,1673.3013707276332,194.29696561883068,1314.2552822506395,0.4587192907787853,3.142496066972065,1.1909386033135752,,,286.3362681107586,4.589901554986629
184,,AM,R1796,00,EHZ,61.1981981981982,-149.91291617029023,2026-09-12T12:07:59.996000Z,2026-09-12T12:08:59.996000Z,100.0,100.0,60.0,,traffic,1,Traffic,timeofday:America/Anchorage:day7-19:night1-5+burst>=20x,AM,2.0-20.0,563.5275308183781,8279.697961890877,521.4176707620062,7618.692516022318,0.8561329543626148,8.275531997185565,46.74345315493177,,,286.3362681107586,26.607500915934644
185,,AM,R1796,00,EHZ,61.1981981981982,-149.91291617029023,2026-09-12T12:08:59.996000Z,2026-09-12T12:09:59.996000Z,100.0,100.0,60.0,,traffic,1,Traffic,timeofday:America/Anchorage:day7-19:night1-5+burst>=20x,AM,2.0-20.0,624.5184405420913,6229.302303851138,553.9742867739086,6586.311905783244,0.7868440785864492,4.851947854779562,19.233660376149146,,,286.3362681107586,23.00201769492774
186,,AM,R1796,00,EHZ,61.1981981981982,-149.91291617029023,2026-09-12T12:09:59.996000Z,2026-09-12T12:10:59.996000Z,100.0,100.0,60.0,,noise,0,Noise,timeofday:America/Anchorage:day7-19:night1-5,AM,2.0-20.0,359.50118313204985,2894.696810765199,324.7959415657082,2819.5475760528802,0.8162450111299079,4.234696743926782,6.690126005160126,,,286.3362681107586,9.846980246883158
187,,AM,R1796,00,EHZ,61.1981981981982,-149.91291617029023,2026-09-12T12:10:59.996000Z,2026-09-12T12:11:59.996000Z,100.0,100.0,60.0,,noise,0,Noise,timeofday:America/Anchorage:day7-19:night1-5,AM,2.0-20.0,230.51480508905672,1644.6965360414542,199.79993558441421,1408.0580171148783,0.751264799297661,4.534117458614849,4.017304083058972,,,286.3362681107586,4.917497969800399
188,,AM,R1796,00,EHZ,61.1981981981982,-149.91291617029023,2026-09-12T12:11:59.996000Z,2026-09-12T12:12:59.996000Z,100.0,100.0,60.0,,noise,0,Noise,timeofday:America/Anchorage:day7-19:night1-5,AM,2.0-20.0,565.1026350233692,5166.304247419117,549.8947896334179,4897.360769142951,0.9469009332478341,5.16214520780638,15.738298320448376,,,286.3362681107586,17.103529362367002
189,,AM,R1796,00,EHZ,61.1981981981982,-149.91291617029023,2026-09-12T12:12:59.996000Z,2026-09-12T12:13:59.996000Z,100.0,100.0,60.0,,noise,0,Noise,timeofday:America/Anchorage:day7-19:night1-5,AM,2.0-20.0,250.04092544509885,2879.3047447335266,227.1127462417383,3100.008707140329,0.825013057765691,6.953609355782707,21.889980200308454,,,286.3362681107586,10.82646193440366
190,,AM,R1796,00,EHZ,61.1981981981982,-149.91291617029023,2026-09-12T12:13:59.996000Z,2026-09-12T12:14:59.996000Z,100.0,100.0,60.0,,noise,0,Noise,timeofday:America/Anchorage:day7-19:night1-5,AM,2.0-20.0,572.0903573811662,3778.6944530614273,481.1076468395868,3111.427872471751,0.7072211888010141,4.228690948987046,4.675403857253903,,,286.3362681107586,10.866342196190843
191,,AM,R1796,00,EHZ,61.1981981981982,-149.91291617029023,2026-09-12T12:14:59.996000Z,2026-09-12T12:15:59.996000Z,100.0,100.0,60.0,,noise,0,Noise,timeofday:America/Anchorage:day7-19:night1-5,AM,2.0-20.0,276.35297596140833,2612.3062031905283,240.30848596371027,2684.0578556214296,0.7561534238808292,6.443603096863684,9.651074014411648,,,286.3362681107586,9.373796317633087
192,,AM,R1796,00,EHZ,61.1981981981982,-149.91291617029023,2026-09-12T12:15:59.996000Z,2026-09-12T12:16:59.996000Z,100.0,100.0,60.0,,traffic,1,Traffic,timeofday:America/Anchorage:day7-19:night1-5+burst>=20x,AM,2.0-20.0,599.2414521924296,7113.693202258088,580.9247373942416,6823.651369594808,0.939801307849306,6.217708935160598,18.358670961198754,,,286.3362681107586,23.830901389534525
193,,AM,R1796,00,EHZ,61.1981981981982,-149.91291617029023,2026-09-12T12:16:59.996000Z,2026-09-12T12:17:59.996000Z,100.0,100.0,60.0,,noise,0,Noise,timeofday:America/Anchorage:day7-19:night1-5,AM,2.0-20.0,367.7412413326097,2754.30711620277,345.5292553902298,2814.591116911065,0.8828460394778908,6.01139420402628,8.53007538969814,,,286.3362681107586,9.829670322525626
194,,AM,R1796,00,EHZ,61.1981981981982,-149.91291617029023,2026-09-12T12:17:59.996000Z,2026-09-12T12:18:59.996000Z,100.0,100.0,60.0,,traffic,1,Traffic,timeofday:America/Anchorage:day7-19:night1-5+burst>=20x,AM,2.0-20.0,1658.8385099073698,21029.69211927639,1629.9896016776243,17718.028625086386,0.965520390366365,7.3867745158250315,25.094727717382963,,,286.3362681107586,61.87839473493739
195,,AM,R1796,00,EHZ,61.1981981981982,-149.91291617029023,2026-09-12T12:18:59.996000Z,2026-09-12T12:19:59.996000Z,100.0,100.0,60.0,,noise,0,Noise,timeofday:America/Anchorage:day7-19:night1-5,AM,2.0-20.0,569.6611193551727,4835.308166576884,485.283851451255,3862.8615353945743,0.7257023370951711,5.765267163466698,7.668457425769324,,,286.3362681107586,13.490647066407838
196,,AM,R1796,00,EHZ,61.1981981981982,-149.91291617029023,2026-09-12T12:19:59.996000Z,2026-09-12T12:20:59.996000Z,100.0,100.0,60.0,,noise,0,Noise,timeofday:America/Anchorage:day7-19:night1-5,AM,2.0-20.0,428.9185179889905,3817.309086130168,373.5156308078363,3796.934799363704,0.7583469914214257,5.965897069245053,9.289418981048724,,,286.3362681107586,13.260404713715833
197,,AM,R1796,00,EHZ,61.1981981981982,-149.91291617029023,2026-09-12T12:20:59.996000Z,2026-09-12T12:21:59.996000Z,100.0,100.0,60.0,,noise,0,Noise,timeofday:America/Anchorage:day7-19:night1-5,AM,2.0-20.0,288.44084799814124,1672.6902720667422,218.28536928078532,1113.3377038779554,0.5727112684993165,2.983509299806278,1.4521974616096998,,,286.3362681107586,3.888217553521029
198,,AM,R1796,00,EHZ,61.1981981981982,-149.91291617029023,2026-09-12T12:21:59.996000Z,2026-09-12T12:22:59.996000Z,100.0,100.0,60.0,,noise,0,Noise,timeofday:America/Anchorage:day7-19:night1-5,AM,2.0-20.0,516.3670958823095,2913.309889994882,386.55986119952115,2402.5919888443686,0.5604235707333003,4.8202466581608245,4.880647041201641,,,286.3362681107586,8.390805693936803
199,,AM,R1796,00,EHZ,61.1981981981982,-149.91291617029023,2026-09-12T12:22:59.996000Z,2026-09-12T12:23:59.996000Z,100.0,100.0,60.0,,noise,0,Noise,timeofday:America/Anchorage:day7-19:night1-5,AM,2.0-20.0,370.685355953688,1626.310775573802,245.7442831239448,1430.255880387476,0.43949707390720943,4.046638973048013,1.9130754617928671,,,286.3362681107586,4.995021726811897
200,,AM,R1796,00,EHZ,61.1981981981982,-149.91291617029023,2026-09-12T12:23:59.996000Z,2026-09-12T12:24:59.996000Z,100.0,100.0,60.0,,noise,0,Noise,timeofday:America/Anchorage:day7-19:night1-5,AM,2.0-20.0,244.12413726192483,1275.6884131417937,217.72762351689605,1233.3261821005672,0.7954366944025245,3.682571664068282,1.5984233545419446,,,286.3362681107586,4.307264986856294
201,,AM,R1796,00,EHZ,61.1981981981982,-149.91291617029023,2026-09-12T12:24:59.996000Z,2026-09-12T12:25:59.996000Z,100.0,100.0,60.0,,noise,0,Noise,timeofday:America/Anchorage:day7-19:night1-5,AM,2.0-20.0,342.9938100772986,4007.311714554955,320.30705850617903,3560.058563195569,0.8720882866203499,3.9055764208461676,15.415412066133385,,,286.3362681107586,12.433138794064648
202,,AM,R1796,00,EHZ,61.1981981981982,-149.91291617029023,2026-09-12T12:25:59.996000Z,2026-09-12T12:26:59.996000Z,100.0,100.0,60.0,,noise,0,Noise,timeofday:America/Anchorage:day7-19:night1-5,AM,2.0-20.0,188.76950020911318,887.6872777341414,157.31106313235935,729.3528394462012,0.6944722236751327,2.5910088119372388,0.29839023418650745,,,286.3362681107586,2.547189862669014
203,,AM,R1796,00,EHZ,61.1981981981982,-149.91291617029023,2026-09-12T12:26:59.996000Z,2026-09-12T12:27:59.996000Z,100.0,100.0,60.0,,noise,0,Noise,timeofday:America/Anchorage:day7-19:night1-5,AM,2.0-20.0,397.13927077989064,3765.3128941878604,368.3982016136334,3613.545197258407,0.8604969490904176,7.605339284520137,15.09031184289277,,,286.3362681107586,12.619935368650681
204,,AM,R1796,00,EHZ,61.1981981981982,-149.91291617029023,2026-09-12T12:27:59.996000Z,2026-09-12T12:28:59.996000Z,100.0,100.0,60.0,,noise,0,Noise,timeofday:America/Anchorage:day7-19:night1-5,AM,2.0-20.0,355.2300750186839,2221.3137314411724,324.589999478046,2126.7594469142414,0.8349314405003684,4.657655092444775,3.984555376679549,,,286.3362681107586,7.427488878536277
205,,AM,R1796,00,EHZ,61.1981981981982,-149.91291617029023,2026-09-12T12:28:59.996000Z,2026-09-12T12:29:59.996000Z,100.0,100.0,60.0,,noise,0,Noise,timeofday:America/Anchorage:day7-19:night1-5,AM,2.0-20.0,184.1110158253655,662.3144069257432,151.72827332861874,577.6228785018078,0.6791621628559881,1.9546950322540015,-0.09620404229817492,,,286.3362681107586,2.0172885618470646
206,,AM,R1796,00,EHZ,61.1981981981982,-149.91291617029023,2026-09-12T12:29:59.996000Z,2026-09-12T12:30:59.996000Z,100.0,100.0,60.0,,noise,0,Noise,timeofday:America/Anchorage:day7-19:night1-5,AM,2.0-20.0,298.1872490566632,2252.6849221781777,263.6633762057243,2259.887382707996,0.781846472347561,5.970344659217078,7.532999228278117,,,286.3362681107586,7.892424517574009
207,,AM,R1796,00,EHZ,61.1981981981982,-149.91291617029023,2026-09-12T12:30:59.996000Z,2026-09-12T12:31:59.996000Z,100.0,100.0,60.0,,noise,0,Noise,timeofday:America/Anchorage:day7-19:night1-5,AM,2.0-20.0,408.3136870216641,3075.6848376327725,384.5574024096832,2898.5789080943314,0.8870221707618425,3.150335288589967,5.028565173321935,,,286.3362681107586,10.122989054858824
208,,AM,R1796,00,EHZ,61.1981981981982,-149.91291617029023,2026-09-12T12:31:59.996000Z,2026-09-12T12:32:59.996000Z,100.0,100.0,60.0,,noise,0,Noise,timeofday:America/Anchorage:day7-19:night1-5,AM,2.0-20.0,350.6939148150129,4403.683736101859,322.4841503257192,4062.793691474153,0.8455908768851433,6.546449135456664,22.831053376412008,,,286.3362681107586,14.188889581750821
209,,AM,R1796,00,EHZ,61.1981981981982,-149.91291617029023,2026-09-12T12:32:59.996000Z,2026-09-12T12:33:59.996000Z,100.0,100.0,60.0,,noise,0,Noise,timeofday:America/Anchorage:day7-19:night1-5,AM,2.0-20.0,402.6310606183387,4727.683232246407,379.2086270770348,4645.562792334295,0.8870372705516709,6.429074563770475,16.863396118499164,,,286.3362681107586,16.22415079649404
210,,AM,R1796,00,EHZ,61.1981981981982,-149.91291617029023,2026-09-12T12:33:59.996000Z,2026-09-12T12:34:59.996000Z,100.0,100.0,60.0,,noise,0,Noise,timeofday:America/Anchorage:day7-19:night1-5,AM,2.0-20.0,326.1021781595444,2212.682775056892,299.35183453666457,2188.441987097783,0.8426678965390406,4.563113441779137,6.5229618166160215,,,286.3362681107586,7.642908813253322
211,,AM,R1796,00,EHZ,61.1981981981982,-149.91291617029023,2026-09-12T12:34:59.996000Z,2026-09-12T12:35:59.996000Z,100.0,100.0,60.0,,traffic,1,Traffic,timeofday:America/Anchorage:day7-19:night1-5+burst>=20x,AM,2.0-20.0,1186.5829780081299,21455.68232440842,1164.0686268278976,18580.78747016797,0.9624118047353557,7.855561575503951,65.711723422791,,,286.3362681107586,64.89149136699888
212,,AM,R1796,00,EHZ,61.1981981981982,-149.91291617029023,2026-09-12T12:35:59.996000Z,2026-09-12T12:36:59.996000Z,100.0,100.0,60.0,,noise,0,Noise,timeofday:America/Anchorage:day7-19:night1-5,AM,2.0-20.0,265.3494825429817,1805.6814759279441,237.92806983994052,1715.2613516550314,0.8039978230125141,2.7927728215959617,2.9363378287152946,,,286.3362681107586,5.99037405555466
213,,AM,R1796,00,EHZ,61.1981981981982,-149.91291617029023,2026-09-12T12:36:59.996000Z,2026-09-12T12:37:59.996000Z,100.0,100.0,60.0,,noise,0,Noise,timeofday:America/Anchorage:day7-19:night1-5,AM,2.0-20.0,280.93349553946575,2209.681347157293,248.42935644575752,2112.796496718098,0.7819856485530087,3.228653732334241,3.7952176881067423,,,286.3362681107586,7.3787247094414194
214,,AM,R1796,00,EHZ,61.1981981981982,-149.91291617029023,2026-09-12T12:37:59.996000Z,2026-09-12T12:38:59.996000Z,100.0,100.0,60.0,,noise,0,Noise,timeofday:America/Anchorage:day7-19:night1-5,AM,2.0-20.0,377.67184812477325,3487.319341604616,323.19714471918024,3705.0013097228807,0.7323282771850664,6.017300832264352,11.188176254591928,,,286.3362681107586,12.939336445810412
215,,AM,R1796,00,EHZ,61.1981981981982,-149.91291617029023,2026-09-12T12:38:59.996000Z,2026-09-12T12:39:59.996000Z,100.0,100.0,60.0,,traffic,1,Traffic,timeofday:America/Anchorage:day7-19:night1-5+burst>=20x,AM,2.0-20.0,1083.1515765816025,12931.679996188152,1002.8619361201994,11367.70872064129,0.857242755004617,7.483669967997056,24.230120513694352,,,286.3362681107586,39.70055486035779
216,,AM,R1796,00,EHZ,61.1981981981982,-149.91291617029023,2026-09-12T12:39:59.996000Z,2026-09-12T12:40:59.996000Z,100.0,100.0,60.0,,noise,0,Noise,timeofday:America/Anchorage:day7-19:night1-5,AM,2.0-20.0,369.9360765818581,3039.67908590948,342.22876443318495,2997.6394662173016,0.8558145112065926,6.276529748177224,6.935705183249729,,,286.3362681107586,10.468947877248212
217,,AM,R1796,00,EHZ,61.1981981981982,-149.91291617029023,2026-09-12T12:40:59.996000Z,2026-09-12T12:41:59.996000Z,100.0,100.0,60.0,,noise,0,Noise,timeofday:America/Anchorage:day7-19:night1-5,AM,2.0-20.0,307.5724836137675,2596.321063167692,283.8492731642183,2630.0670161490157,0.851688168026082,5.2750234696270955,7.527539809688911,,,286.3362681107586,9.185238857452983
218,,AM,R1796,00,EHZ,61.1981981981982,-149.91291617029023,2026-09-12T12:41:59.996000Z,2026-09-12T12:42:59.996000Z,100.0,100.0,60.0,,noise,0,Noise,timeofday:America/Anchorage:day7-19:night1-5,AM,2.0-20.0,258.70259721283406,1655.3216794900072,236.48193857203253,1722.6981264120448,0.835592197825564,5.754672564427259,5.603632740581769,,,286.3362681107586,6.016346227386335
219,,AM,R1796,00,EHZ,61.1981981981982,-149.91291617029023,2026-09-12T12:42:59.996000Z,2026-09-12T12:43:59.996000Z,100.0,100.0,60.0,,noise,0,Noise,timeofday:America/Anchorage:day7-19:night1-5,AM,2.0-20.0,420.81488505067404,3026.6776682607633,396.1455502388113,3180.574414463876,0.8861910865095267,5.036492329954646,5.864460115722855,,,286.3362681107586,11.107829390420036
220,,AM,R1796,00,EHZ,61.1981981981982,-149.91291617029023,2026-09-12T12:43:59.996000Z,2026-09-12T12:44:59.996000Z,100.0,100.0,60.0,,noise,0,Noise,timeofday:America/Anchorage:day7-19:night1-5,AM,2.0-20.0,307.1885108977929,2962.3231681139005,281.91889148625097,2544.6106160494273,0.8422449598557189,5.805942564680099,11.113269796362795,,,286.3362681107586,8.886791159355122
221,,AM,R1796,00,EHZ,61.1981981981982,-149.91291617029023,2026-09-12T12:44:59.996000Z,2026-09-12T12:45:59.996000Z,100.0,100.0,60.0,,noise,0,Noise,timeofday:America/Anchorage:day7-19:night1-5,AM,2.0-20.0,257.1379225082097,2276.323327734841,230.73911063127272,2247.1790542064045,0.8052118675785941,4.312645549110387,4.797560362695633,,,286.3362681107586,7.8480419858554775
222,,AM,R1796,00,EHZ,61.1981981981982,-149.91291617029023,2026-09-12T12:45:59.996000Z,2026-09-12T12:46:59.996000Z,100.0,100.0,60.0,,noise,0,Noise,timeofday:America/Anchorage:day7-19:night1-5,AM,2.0-20.0,394.92310191741683,2660.675670607161,356.86028346968067,2480.977231432042,0.8165285100230011,4.891560029232844,5.8990590097926106,,,286.3362681107586,8.664558100870295
223,,AM,R1796,00,EHZ,61.1981981981982,-149.91291617029023,2026-09-12T12:46:59.996000Z,2026-09-12T12:47:59.996000Z,100.0,100.0,60.0,,noise,0,Noise,timeofday:America/Anchorage:day7-19:night1-5,AM,2.0-20.0,574.7253468340789,3496.675065219126,479.77454040471457,3388.7861422661304,0.6968730894901873,3.2043747684311223,3.3678791959069185,,,286.3362681107586,11.834987459413641
224,,AM,R1796,00,EHZ,61.1981981981982,-149.91291617029023,2026-09-12T12:47:59.996000Z,2026-09-12T12:48:59.996000Z,100.0,100.0,60.0,,noise,0,Noise,timeofday:America/Anchorage:day7-19:night1-5,AM,2.0-20.0,870.7017877069724,6279.67443454557,623.920617086352,4518.655751752108,0.5134755886461538,5.003300277140847,7.409097560715299,,,286.3362681107586,15.780940994887287
225,,AM,R1796,00,EHZ,61.1981981981982,-149.91291617029023,2026-09-12T12:48:59.996000Z,2026-09-12T12:49:59.996000Z,100.0,100.0,60.0,,noise,0,Noise,timeofday:America/Anchorage:day7-19:night1-5,AM,2.0-20.0,592.6244448795275,4394.67393947659,448.2530346329076,4361.820744522014,0.5721202947666708,4.907151115138198,8.940033436431689,,,286.3362681107586,15.233210844372689
226,,AM,R1796,00,EHZ,61.1981981981982,-149.91291617029023,2026-09-12T12:49:59.996000Z,2026-09-12T12:50:59.996000Z,100.0,100.0,60.0,,noise,0,Noise,timeofday:America/Anchorage:day7-19:night1-5,AM,2.0-20.0,376.8874104515775,3502.326498577935,353.3031238868701,3838.3752026854368,0.8787628605136686,5.520409454524916,11.644604192982172,,,286.3362681107586,13.405131064992098
227,,AM,R1796,00,EHZ,61.1981981981982,-149.91291617029023,2026-09-12T12:50:59.996000Z,2026-09-12T12:51:59.996000Z,100.0,100.0,60.0,,noise,0,Noise,timeofday:America/Anchorage:day7-19:night1-5,AM,2.0-20.0,249.3353776822323,2122.3274067088023,222.41941460436945,2043.6670123601152,0.7957517066090464,3.3550908798856667,5.047715540576512,,,286.3362681107586,7.137297087247076
228,,AM,R1796,00,EHZ,61.1981981981982,-149.91291617029023,2026-09-12T12:51:59.996000Z,2026-09-12T12:52:59.996000Z,100.0,100.0,60.0,,noise,0,Noise,timeofday:America/Anchorage:day7-19:night1-5,AM,2.0-20.0,321.2094424969765,2853.327741863959,295.100190288585,3215.4364187227666,0.8440387232142158,6.410489267294982,8.749561012887243,,,286.3362681107586,11.22958135879243
229,,AM,R1796,00,EHZ,61.1981981981982,-149.91291617029023,2026-09-12T12:52:59.996000Z,2026-09-12T12:53:59.996000Z,100.0,100.0,60.0,,noise,0,Noise,timeofday:America/Anchorage:day7-19:night1-5,AM,2.0-20.0,323.35340468241566,2461.3282583133587,292.6611648658977,2111.1477216677713,0.8191724115043855,3.22060634066073,3.8645555282679496,,,286.3362681107586,7.372966531962873
230,,AM,R1796,00,EHZ,61.1981981981982,-149.91291617029023,2026-09-12T12:53:59.996000Z,2026-09-12T12:54:59.996000Z,100.0,100.0,60.0,,noise,0,Noise,timeofday:America/Anchorage:day7-19:night1-5,AM,2.0-20.0,241.78092902164292,1491.3288447616615,199.52762140330424,1413.7173800105516,0.6810232934856502,4.3173256804763795,3.1392441509566913,,,286.3362681107586,4.937262713306395
231,,AM,R1796,00,EHZ,61.1981981981982,-149.91291617029023,2026-09-12T12:54:59.996000Z,2026-09-12T12:55:59.996000Z,100.0,100.0,60.0,,noise,0,Noise,timeofday:America/Anchorage:day7-19:night1-5,AM,2.0-20.0,278.75894498121653,2301.670683014192,256.7060323102577,2299.2263155704586,0.8480364593116796,5.31945292433008,8.784271726696424,,,286.3362681107586,8.029811699163055
232,,AM,R1796,00,EHZ,61.1981981981982,-149.91291617029023,2026-09-12T12:55:59.996000Z,2026-09-12T12:56:59.996000Z,100.0,100.0,60.0,,noise,0,Noise,timeofday:America/Anchorage:day7-19:night1-5,AM,2.0-20.0,210.4963539877566,1394.3302326339908,185.4405897113966,1250.9356158380708,0.7761049328513882,3.430218673041987,2.326606887115884,,,286.3362681107586,4.368764125102701
233,,AM,R1796,00,EHZ,61.1981981981982,-149.91291617029023,2026-09-12T12:56:59.996000Z,2026-09-12T12:57:59.996000Z,100.0,100.0,60.0,,noise,0,Noise,timeofday:America/Anchorage:day7-19:night1-5,AM,2.0-20.0,385.2615248032992,2954.330459325014,366.974717219134,2588.6432402603177,0.9073211000372939,5.45826472638811,6.007709665508212,,,286.3362681107586,9.040570575778395
234,,AM,R1796,00,EHZ,61.1981981981982,-149.91291617029023,2026-09-12T12:57:59.996000Z,2026-09-12T12:58:59.996000Z,100.0,100.0,60.0,,noise,0,Noise,timeofday:America/Anchorage:day7-19:night1-5,AM,2.0-20.0,281.61081583719755,1124.6689137112771,217.16815121745634,898.9304773298797,0.5946940684283161,2.8985918071763113,0.8776818888495881,,,286.3362681107586,3.139422341643992
235,,AM,R1796,00,EHZ,61.1981981981982,-149.91291617029023,2026-09-12T12:58:59.996000Z,2026-09-12T12:59:59.996000Z,100.0,100.0,60.0,,noise,0,Noise,timeofday:America/Anchorage:day7-19:night1-5,AM,2.0-20.0,258.1389014574814,1449.3320068182838,229.68879278295563,1493.740506199557,0.791721967519158,4.007411691897747,3.199656627876876,,,286.3362681107586,5.216735260451738
236,,AM,R1796,00,EHZ,61.1981981981982,-149.91291617029023,2026-09-12T12:59:59.996000Z,2026-09-12T13:00:59.996000Z,100.0,100.0,60.0,,noise,0,Noise,timeofday:America/Anchorage:day7-19:night1-5,AM,2.0-20.0,262.8078870392635,2016.3324126557382,238.24332999975078,2159.7466868297206,0.8217973043032126,4.084358782484763,5.265201087262074,,,286.3362681107586,7.542693425040737
237,,AM,R1796,00,EHZ,61.1981981981982,-149.91291617029023,2026-09-12T15:00:59.996000Z,2026-09-12T15:01:59.996000Z,100.0,100.0,60.0,,traffic,1,Traffic,timeofday:America/Anchorage:day7-19:night1-5,AM,2.0-20.0,463.8991127979801,4357.5964815368825,436.68029536274526,3814.053513360507,0.8860946346603347,6.388454339140928,13.234193298134059,,,286.3362681107586,13.320190063681284
238,,AM,R1796,00,EHZ,61.1981981981982,-149.91291617029023,2026-09-12T15:01:59.996000Z,2026-09-12T15:02:59.996000Z,100.0,100.0,60.0,,traffic,1,Traffic,timeofday:America/Anchorage:day7-19:night1-5,AM,2.0-20.0,759.3350732906068,10479.40401138429,733.4252554642302,10287.387619888168,0.932920854143278,7.018736765075598,29.720586256700386,,,286.3362681107586,35.9276444013333
239,,AM,R1796,00,EHZ,61.1981981981982,-149.91291617029023,2026-09-12T15:02:59.996000Z,2026-09-12T15:03:59.996000Z,100.0,100.0,60.0,,traffic,1,Traffic,timeofday:America/Anchorage:day7-19:night1-5,AM,2.0-20.0,457.56985892480776,2690.5955468513384,430.60768262050345,2760.813217363355,0.8856226806250207,4.6875758241684595,3.880253085367128,,,286.3362681107586,9.64185653315645
240,,AM,R1796,00,EHZ,61.1981981981982,-149.91291617029023,2026-09-12T15:03:59.996000Z,2026-09-12T15:04:59.996000Z,100.0,100.0,60.0,,traffic,1,Traffic,timeofday:America/Anchorage:day7-19:night1-5,AM,2.0-20.0,424.3464262768909,2373.4048758756726,395.53128773098985,2478.0556744842715,0.8688015526292361,3.2107696413571967,2.691095242890997,,,286.3362681107586,8.654354863372484
241,,AM,R1796,00,EHZ,61.1981981981982,-149.91291617029023,2026-09-12T15:04:59.996000Z,2026-09-12T15:05:59.996000Z,100.0,100.0,60.0,,traffic,1,Traffic,timeofday:America/Anchorage:day7-19:night1-5,AM,2.0-20.0,354.40376461097287,2554.594197151353,324.0892059978439,2471.3554414990135,0.836242971606665,6.153631584478916,6.826115390131459,,,286.3362681107586,8.630954988011021
242,,AM,R1796,00,EHZ,61.1981981981982,-149.91291617029023,2026-09-12T15:05:59.996000Z,2026-09-12T15:06:59.996000Z,100.0,100.0,60.0,,traffic,1,Traffic,timeofday:America/Anchorage:day7-19:night1-5,AM,2.0-20.0,322.3483595115272,2466.405921270787,293.3843734411151,2182.5408122448366,0.828367454749986,4.911310778410717,3.940577653397656,,,286.3362681107586,7.622299566328779
243,,AM,R1796,00,EHZ,61.1981981981982,-149.91291617029023,2026-09-12T15:06:59.996000Z,2026-09-12T15:07:59.996000Z,100.0,100.0,60.0,,traffic,1,Traffic,timeofday:America/Anchorage:day7-19:night1-5,AM,2.0-20.0,323.55885350841703,2512.4065625857365,296.21671749086426,2301.7037757637772,0.8381322545254647,4.479127627054864,7.93566385826505,,,286.3362681107586,8.038463974369632
244,,AM,R1796,00,EHZ,61.1981981981982,-149.91291617029023,2026-09-12T15:07:59.996000Z,2026-09-12T15:08:59.996000Z,100.0,100.0,60.0,,traffic,1,Traffic,timeofday:America/Anchorage:day7-19:night1-5,AM,2.0-20.0,792.523519883989,9158.407523923583,764.9707674908536,7905.7653230683045,0.931676967786648,5.749967937517294,18.197538107957772,,,286.3362681107586,27.610073202498576
245,,AM,R1796,00,EHZ,61.1981981981982,-149.91291617029023,2026-09-12T15:08:59.996000Z,2026-09-12T15:09:59.996000Z,100.0,100.0,60.0,,traffic,1,Traffic,timeofday:America/Anchorage:day7-19:night1-5,AM,2.0-20.0,384.7052518565748,2890.591748361141,353.41596568569514,2649.046207456399,0.8439487993618826,6.379956428351282,4.759846621266756,,,286.3362681107586,9.251521733291966
246,,AM,R1796,00,EHZ,61.1981981981982,-149.91291617029023,2026-09-12T15:09:59.996000Z,2026-09-12T15:10:59.996000Z,100.0,100.0,60.0,,traffic,1,Traffic,timeofday:America/Anchorage:day7-19:night1-5,AM,2.0-20.0,534.6058019569363,3892.5915143480597,504.8964009097185,3534.928191224367,0.8919432316759895,6.185512358040555,5.012988924640743,,,286.3362681107586,12.345373551690665
247,,AM,R1796,00,EHZ,61.1981981981982,-149.91291617029023,2026-09-12T15:10:59.996000Z,2026-09-12T15:11:59.996000Z,100.0,100.0,60.0,,traffic,1,Traffic,timeofday:America/Anchorage:day7-19:night1-5,AM,2.0-20.0,381.7778146741222,2063.40919969937,352.35145601738384,1895.8019212270258,0.8517865253184433,4.072200084935293,2.117359855857324,,,286.3362681107586,6.6208934471888305
248,,AM,R1796,00,EHZ,61.1981981981982,-149.91291617029023,2026-09-12T15:11:59.996000Z,2026-09-12T15:12:59.996000Z,100.0,100.0,60.0,,traffic,1,Traffic,timeofday:America/Anchorage:day7-19:night1-5,AM,2.0-20.0,465.5077398244359,4227.590187883416,438.93908113167527,4233.526432587092,0.8891083478623253,7.230478495463482,12.080770440899915,,,286.3362681107586,14.785156140085993
249,,AM,R1796,00,EHZ,61.1981981981982,-149.91291617029023,2026-09-12T15:12:59.996000Z,2026-09-12T15:13:59.996000Z,100.0,100.0,60.0,,traffic,1,Traffic,timeofday:America/Anchorage:day7-19:night1-5,AM,2.0-20.0,923.2968384963112,10250.589703943973,900.5271293223384,9456.345785401563,0.9512855610184116,7.341536960387957,19.49222349506483,,,286.3362681107586,33.02531617036974
250,,AM,R1796,00,EHZ,61.1981981981982,-149.91291617029023,2026-09-12T15:13:59.996000Z,2026-09-12T15:14:59.996000Z,100.0,100.0,60.0,,traffic,1,Traffic,timeofday:America/Anchorage:day7-19:night1-5,AM,2.0-20.0,837.4563959491904,7042.410738699047,817.5594287188201,6837.583783534842,0.9530468614356055,6.617033218577392,11.613461723818082,,,286.3362681107586,23.879558913892023
251,,AM,R1796,00,EHZ,61.1981981981982,-149.91291617029023,2026-09-12T15:14:59.996000Z,2026-09-12T15:15:59.996000Z,100.0,100.0,60.0,,traffic,1,Traffic,timeofday:America/Anchorage:day7-19:night1-5,AM,2.0-20.0,425.3610307765308,3578.5885834733235,385.3690474801354,3385.854826892984,0.8208017233980135,5.772172641688087,6.6311586572971795,,,286.3362681107586,11.824750141617725
252,,AM,R1796,00,EHZ,61.1981981981982,-149.91291617029023,2026-09-12T15:15:59.996000Z,2026-09-12T15:16:59.996000Z,100.0,100.0,60.0,,traffic,1,Traffic,timeofday:America/Anchorage:day7-19:night1-5,AM,2.0-20.0,519.608789457814,3503.5878192453674,480.1783593165701,3588.6838021352996,0.8539888279080147,3.696979903059669,6.009878664082068,,,286.3362681107586,12.533109500285692
253,,AM,R1796,00,EHZ,61.1981981981982,-149.91291617029023,2026-09-12T15:16:59.996000Z,2026-09-12T15:17:59.996000Z,100.0,100.0,60.0,,traffic,1,Traffic,timeofday:America/Anchorage:day7-19:night1-5,AM,2.0-20.0,727.327806178658,8084.412438588821,651.6003215337173,7764.49076042347,0.8026056218529191,7.172082088270906,19.629946505584094,,,286.3362681107586,27.116686306116357
254,,AM,R1796,00,EHZ,61.1981981981982,-149.91291617029023,2026-09-12T15:17:59.996000Z,2026-09-12T15:18:59.996000Z,100.0,100.0,60.0,,traffic,1,Traffic,timeofday:America/Anchorage:day7-19:night1-5,AM,2.0-20.0,461.8180473464894,3379.413074339005,433.5252340878654,2863.4754936289964,0.8812253085686429,5.066251223268857,3.655297278331874,,,286.3362681107586,10.00039398614138
255,,AM,R1796,00,EHZ,61.1981981981982,-149.91291617029023,2026-09-12T15:18:59.996000Z,2026-09-12T15:19:59.996000Z,100.0,100.0,60.0,,traffic,1,Traffic,timeofday:America/Anchorage:day7-19:night1-5,AM,2.0-20.0,374.72989397852353,2296.5864592944963,342.2014727466877,2275.91400301747,0.8339251431899264,4.911988034179186,3.9708052343094558,,,286.3362681107586,7.9483958425312595
256,,AM,R1796,00,EHZ,61.1981981981982,-149.91291617029023,2026-09-12T15:19:59.996000Z,2026-09-12T15:20:59.996000Z,100.0,100.0,60.0,,traffic,1,Traffic,timeofday:America/Anchorage:day7-19:night1-5,AM,2.0-20.0,487.0304612286415,3229.5856621660823,454.1473807220679,2730.585613446742,0.8695236076728671,4.338909653096554,3.1504841822896914,,,286.3362681107586,9.536289731870486
257,,AM,R1796,00,EHZ,61.1981981981982,-149.91291617029023,2026-09-12T15:20:59.996000Z,2026-09-12T15:21:59.996000Z,100.0,100.0,60.0,,traffic,1,Traffic,timeofday:America/Anchorage:day7-19:night1-5,AM,2.0-20.0,374.9307883405858,2252.4152097449914,335.2853384180062,2038.5353290152657,0.7996996674351978,3.8883444266627984,2.8210849770133386,,,286.3362681107586,7.119375210361873
258,,AM,R1796,00,EHZ,61.1981981981982,-149.91291617029023,2026-09-12T15:21:59.996000Z,2026-09-12T15:22:59.996000Z,100.0,100.0,60.0,,traffic,1,Traffic,timeofday:America/Anchorage:day7-19:night1-5,AM,2.0-20.0,743.8811905915485,7271.584671735243,714.7625272442532,6974.400731059928,0.9232437928393477,6.451648722451208,10.425332716564997,,,286.3362681107586,24.3573780474157
259,,AM,R1796,00,EHZ,61.1981981981982,-149.91291617029023,2026-09-12T15:22:59.996000Z,2026-09-12T15:23:59.996000Z,100.0,100.0,60.0,,traffic,1,Traffic,timeofday:America/Anchorage:day7-19:night1-5,AM,2.0-20.0,542.5850931158775,4421.584127754893,517.6592982709396,4863.920378421684,0.9102324682017031,5.279389951461044,12.267694372305721,,,286.3362681107586,16.98674223322718
260,,AM,R1796,00,EHZ,61.1981981981982,-149.91291617029023,2026-09-12T15:23:59.996000Z,2026-09-12T15:24:59.996000Z,100.0,100.0,60.0,,traffic,1,Traffic,timeofday:America/Anchorage:day7-19:night1-5,AM,2.0-20.0,314.4693595895231,1699.583444753007,276.8229320042051,1564.5959760674466,0.7749032028980108,3.15680465342524,2.1070654935892073,,,286.3362681107586,5.464190709722599
261,,AM,R1796,00,EHZ,61.1981981981982,-149.91291617029023,2026-09-12T15:24:59.996000Z,2026-09-12T15:25:59.996000Z,100.0,100.0,60.0,,traffic,1,Traffic,timeofday:America/Anchorage:day7-19:night1-5,AM,2.0-20.0,429.0281485889622,2789.4176105024817,373.9392696737984,2871.7413279247435,0.7596797963701064,4.262578542313245,5.906450210070755,,,286.3362681107586,10.029261563239752
262,,AM,R1796,00,EHZ,61.1981981981982,-149.91291617029023,2026-09-12T15:25:59.996000Z,2026-09-12T15:26:59.996000Z,100.0,100.0,60.0,,traffic,1,Traffic,timeofday:America/Anchorage:day7-19:night1-5,AM,2.0-20.0,600.5271990131297,2716.417959325485,472.2543789201797,2421.539727464815,0.618424408998344,3.3507732872896345,1.3427510341550413,,,286.3362681107586,8.45697872449791
263,,AM,R1796,00,EHZ,61.1981981981982,-149.91291617029023,2026-09-12T15:26:59.996000Z,2026-09-12T15:27:59.996000Z,100.0,100.0,60.0,,traffic,1,Traffic,timeofday:America/Anchorage:day7-19:night1-5,AM,2.0-20.0,379.0869894696188,2936.5815896355307,320.8839104759236,2989.2287455662436,0.7165031834965713,4.81965716117209,5.275542426272549,,,286.3362681107586,10.439574299438625
264,,AM,R1796,00,EHZ,61.1981981981982,-149.91291617029023,2026-09-12T15:27:59.996000Z,2026-09-12T15:28:59.996000Z,100.0,100.0,60.0,,traffic,1,Traffic,timeofday:America/Anchorage:day7-19:night1-5,AM,2.0-20.0,420.2345976042063,2616.580627321411,388.454212864809,2338.957504747267,0.854468510220805,4.75126717379754,4.2646551288746775,,,286.3362681107586,8.168568795632021
265,,AM,R1796,00,EHZ,61.1981981981982,-149.91291617029023,2026-09-12T15:28:59.996000Z,2026-09-12T15:29:59.996000Z,100.0,100.0,60.0,,traffic,1,Traffic,timeofday:America/Anchorage:day7-19:night1-5,AM,2.0-20.0,488.0816632605368,5106.419912753838,457.8963030675554,4914.812179986914,0.8801349972809238,7.227079353160576,15.84512648428261,,,286.3362681107586,17.164476621891993
266,,AM,R1796,00,EHZ,61.1981981981982,-149.91291617029023,2026-09-12T15:29:59.996000Z,2026-09-12T15:30:59.996000Z,100.0,100.0,60.0,,traffic,1,Traffic,timeofday:America/Anchorage:day7-19:night1-5,AM,2.0-20.0,423.2394433596714,3329.4202327767343,391.35576355467146,3062.9519094601856,0.8550100098588115,6.812876489937669,8.132016905087612,,,286.3362681107586,10.697044875486732
267,,AM,R1796,00,EHZ,61.1981981981982,-149.91291617029023,2026-09-12T15:30:59.996000Z,2026-09-12T15:31:59.996000Z,100.0,100.0,60.0,,traffic,1,Traffic,timeofday:America/Anchorage:day7-19:night1-5,AM,2.0-20.0,1161.4803237406218,5722.579098377362,860.1034260206145,5191.917141004551,0.5483749922120102,5.472008737020061,1.997809899486625,,,286.3362681107586,18.132237230235358
268,,AM,R1796,00,EHZ,61.1981981981982,-149.91291617029023,2026-09-12T15:31:59.996000Z,2026-09-12T15:32:59.996000Z,100.0,100.0,60.0,,traffic,1,Traffic,timeofday:America/Anchorage:day7-19:night1-5,AM,2.0-20.0,1179.011269589282,12377.421274754888,1136.1759880500636,12340.927864673298,0.9286569229691714,6.339765043341168,27.388028142582435,,,286.3362681107586,43.0994227385113
269,,AM,R1796,00,EHZ,61.1981981981982,-149.91291617029023,2026-09-12T15:32:59.996000Z,2026-09-12T15:33:59.996000Z,100.0,100.0,60.0,,traffic,1,Traffic,timeofday:America/Anchorage:day7-19:night1-5,AM,2.0-20.0,438.9629496919466,2704.422126749949,400.63737519040075,2713.2100827414115,0.8330042030951355,3.6389759448673615,4.66425302016859,,,286.3362681107586,9.475607475934227
270,,AM,R1796,00,EHZ,61.1981981981982,-149.91291617029023,2026-09-12T15:33:59.996000Z,2026-09-12T15:34:59.996000Z,100.0,100.0,60.0,,traffic,1,Traffic,timeofday:America/Anchorage:day7-19:night1-5,AM,2.0-20.0,472.56052134908845,5635.577141922557,440.9207229418045,5971.355808971375,0.8705749121148351,5.579692043273687,24.189260699814977,,,286.3362681107586,20.854346703511467
271,,AM,R1796,00,EHZ,61.1981981981982,-149.91291617029023,2026-09-12T15:34:59.996000Z,2026-09-12T15:35:59.996000Z,100.0,100.0,60.0,,traffic,1,Traffic,timeofday:America/Anchorage:day7-19:night1-5,AM,2.0-20.0,1135.8709829789038,6739.577027893654,1108.1612037710784,7065.60178282802,0.951804761163281,3.366967674855737,5.664444949124409,,,286.3362681107586,24.67588835129664
272,,AM,R1796,00,EHZ,61.1981981981982,-149.91291617029023,2026-09-12T15:35:59.996000Z,2026-09-12T15:36:59.996000Z,100.0,100.0,60.0,,traffic,1,Traffic,timeofday:America/Anchorage:day7-19:night1-5,AM,2.0-20.0,441.73442283064924,3195.5759321227597,410.5529506125277,2832.2231063273857,0.8638053074849674,5.541493421773847,6.05380092640293,,,286.3362681107586,9.891248234163074
273,,AM,R1796,00,EHZ,61.1981981981982,-149.91291617029023,2026-09-12T15:36:59.996000Z,2026-09-12T15:37:59.996000Z,100.0,100.0,60.0,,traffic,1,Traffic,timeofday:America/Anchorage:day7-19:night1-5,AM,2.0-20.0,548.8625695177789,3874.424135240206,517.0997222102566,3928.277679633002,0.8876083518795903,4.414790574784938,4.525740113197111,,,286.3362681107586,13.719106229719712
274,,AM,R1796,00,EHZ,61.1981981981982,-149.91291617029023,2026-09-12T15:37:59.996000Z,2026-09-12T15:38:59.996000Z,100.0,100.0,60.0,,traffic,1,Traffic,timeofday:America/Anchorage:day7-19:night1-5,AM,2.0-20.0,431.3448471645934,3376.574779727922,393.85752323449276,3450.712973973339,0.8337369752619784,4.97700742925238,7.594682054859492,,,286.3362681107586,12.051260557180127
275,,AM,R1796,00,EHZ,61.1981981981982,-149.91291617029023,2026-09-12T15:38:59.996000Z,2026-09-12T15:39:59.996000Z,100.0,100.0,60.0,,traffic,1,Traffic,timeofday:America/Anchorage:day7-19:night1-5,AM,2.0-20.0,485.8105280387607,3610.4252760173695,435.3541362594453,3436.9097611553293,0.8030664925377037,3.546859930053329,5.162805408340317,,,286.3362681107586,12.003054254467994
276,,AM,R1796,00,EHZ,61.1981981981982,-149.91291617029023,2026-09-12T15:39:59.996000Z,2026-09-12T15:40:59.996000Z,100.0,100.0,60.0,,traffic,1,Traffic,timeofday:America/Anchorage:day7-19:night1-5,AM,2.0-20.0,493.68857018276583,2844.57364773723,452.53846306690957,2723.8401700528707,0.840242897083237,3.4940096553252653,2.0471353349695827,,,286.3362681107586,9.512731963801574
277,,AM,R1796,00,EHZ,61.1981981981982,-149.91291617029023,2026-09-12T15:40:59.996000Z,2026-09-12T15:41:59.996000Z,100.0,100.0,60.0,,traffic,1,Traffic,timeofday:America/Anchorage:day7-19:night1-5,AM,2.0-20.0,472.48206553092473,3932.573119279652,434.24406527252796,4120.128865695665,0.8446895610460958,4.7997703520406665,7.411091485488624,,,286.3362681107586,14.389126787466354
278,,AM,R1796,00,EHZ,61.1981981981982,-149.91291617029023,2026-09-12T15:41:59.996000Z,2026-09-12T15:42:59.996000Z,100.0,100.0,60.0,,traffic,1,Traffic,timeofday:America/Anchorage:day7-19:night1-5,AM,2.0-20.0,498.4151144004165,3963.5724571700484,453.89774570495644,3117.5428009105835,0.8293419700343913,5.0220931351637805,3.280557488589775,,,286.3362681107586,10.887697955554401
279,,AM,R1796,00,EHZ,61.1981981981982,-149.91291617029023,2026-09-12T15:42:59.996000Z,2026-09-12T15:43:59.996000Z,100.0,100.0,60.0,,traffic,1,Traffic,timeofday:America/Anchorage:day7-19:night1-5,AM,2.0-20.0,1027.887329901469,6677.427989280441,725.9481727514735,4432.895737941194,0.49879283601127455,4.038344835936914,1.9363911651646664,,,286.3362681107586,15.481432957093972
280,,AM,R1796,00,EHZ,61.1981981981982,-149.91291617029023,2026-09-12T15:43:59.996000Z,2026-09-12T15:44:59.996000Z,100.0,100.0,60.0,,traffic,1,Traffic,timeofday:America/Anchorage:day7-19:night1-5,AM,2.0-20.0,2069.9530693022034,13372.571641687664,1316.9762932347924,8729.435374686316,0.4047947921495078,6.864554083502151,4.8330626503924545,,,286.3362681107586,30.48665623912391
281,,AM,R1796,00,EHZ,61.1981981981982,-149.91291617029023,2026-09-12T15:44:59.996000Z,2026-09-12T15:45:59.996000Z,100.0,100.0,60.0,,traffic,1,Traffic,timeofday:America/Anchorage:day7-19:night1-5,AM,2.0-20.0,1352.2539933001283,22755.428780258328,1049.5846174178082,17981.190922890608,0.6024463382019413,8.930963108309783,61.32768984853543,,,286.3362681107586,62.79746202438891
282,,AM,R1796,00,EHZ,61.1981981981982,-149.91291617029023,2026-09-12T15:45:59.996000Z,2026-09-12T15:46:59.996000Z,100.0,100.0,60.0,,traffic,1,Traffic,timeofday:America/Anchorage:day7-19:night1-5,AM,2.0-20.0,1420.7859461811847,9541.570186842877,832.3947146016259,5469.224168475569,0.3432427103883314,5.542470896759012,4.671032969472469,,,286.3362681107586,19.100703534908128
283,,AM,R1796,00,EHZ,61.1981981981982,-149.91291617029023,2026-09-12T15:46:59.996000Z,2026-09-12T15:47:59.996000Z,100.0,100.0,60.0,,traffic,1,Traffic,timeofday:America/Anchorage:day7-19:night1-5,AM,2.0-20.0,1041.2409513010389,5069.429969946865,619.3429605604773,3774.4018876952296,0.35380171274790745,2.568044115943033,2.9047355763766385,,,286.3362681107586,13.181710834602487
284,,AM,R1796,00,EHZ,61.1981981981982,-149.91291617029023,2026-09-12T15:47:59.996000Z,2026-09-12T15:48:59.996000Z,100.0,100.0,60.0,,traffic,1,Traffic,timeofday:America/Anchorage:day7-19:night1-5,AM,2.0-20.0,1133.6162545988084,8333.569196509667,828.0337973552532,9447.747405901966,0.5335363310306971,6.366303659206302,13.369057274110435,,,286.3362681107586,32.99528721331052
285,,AM,R1796,00,EHZ,61.1981981981982,-149.91291617029023,2026-09-12T15:48:59.996000Z,2026-09-12T15:49:59.996000Z,100.0,100.0,60.0,,traffic,1,Traffic,timeofday:America/Anchorage:day7-19:night1-5,AM,2.0-20.0,565.6135227123195,3450.431643965352,406.214009276895,3680.70140844143,0.5157868029375507,3.429903801801653,5.333781517247157,,,286.3362681107586,12.854471537003082
286,,AM,R1796,00,EHZ,61.1981981981982,-149.91291617029023,2026-09-12T15:49:59.996000Z,2026-09-12T15:50:59.996000Z,100.0,100.0,60.0,,traffic,1,Traffic,timeofday:America/Anchorage:day7-19:night1-5,AM,2.0-20.0,864.6701245913596,5771.43225511341,766.9302371750952,6090.054913856096,0.7867030134895262,4.904432875444268,4.528569610000391,,,286.3362681107586,21.26889113292621
287,,AM,R1796,00,EHZ,61.1981981981982,-149.91291617029023,2026-09-12T15:50:59.996000Z,2026-09-12T15:51:59.996000Z,100.0,100.0,60.0,,traffic,1,Traffic,timeofday:America/Anchorage:day7-19:night1-5,AM,2.0-20.0,703.3228335771398,8210.56767605921,649.9106019192129,8372.11201400412,0.853881902343032,3.8321488517565614,21.300648240411505,,,286.3362681107586,29.23874111108299
288,,AM,R1796,00,EHZ,61.1981981981982,-149.91291617029023,2026-09-12T15:51:59.996000Z,2026-09-12T15:52:59.996000Z,100.0,100.0,60.0,,traffic,1,Traffic,timeofday:America/Anchorage:day7-19:night1-5,AM,2.0-20.0,424.06337570375837,3239.433350103285,379.18263478113477,3539.259863056657,0.7995310744043284,5.1020432248277805,6.834335799010358,,,286.3362681107586,12.360501470556377
289,,AM,R1796,00,EHZ,61.1981981981982,-149.91291617029023,2026-09-12T15:52:59.996000Z,2026-09-12T15:53:59.996000Z,100.0,100.0,60.0,,traffic,1,Traffic,timeofday:America/Anchorage:day7-19:night1-5,AM,2.0-20.0,632.5362433427607,3132.5662819387217,531.8089584843563,2998.922083875815,0.7068714933777898,3.3803850707612653,2.1855246559869537,,,286.3362681107586,10.473427287652546
290,,AM,R1796,00,EHZ,61.1981981981982,-149.91291617029023,2026-09-12T15:53:59.996000Z,2026-09-12T15:54:59.996000Z,100.0,100.0,60.0,,traffic,1,Traffic,timeofday:America/Anchorage:day7-19:night1-5,AM,2.0-20.0,550.9325716261054,3755.4342200618084,519.1582432546548,3626.4237711828455,0.8879788265423487,5.252133036481805,6.728681698446357,,,286.3362681107586,12.664912465018567
291,,AM,R1796,00,EHZ,61.1981981981982,-149.91291617029023,2026-09-12T15:54:59.996000Z,2026-09-12T15:55:59.996000Z,100.0,100.0,60.0,,traffic,1,Traffic,timeofday:America/Anchorage:day7-19:night1-5,AM,2.0-20.0,505.2468462707577,5310.565176307449,469.10860507769235,4981.421911378263,0.8620641330855568,4.745226595128726,8.083881592671297,,,286.3362681107586,17.397104265713846
292,,AM,R1796,00,EHZ,61.1981981981982,-149.91291617029023,2026-09-12T15:55:59.996000Z,2026-09-12T15:56:59.996000Z,100.0,100.0,60.0,,traffic,1,Traffic,timeofday:America/Anchorage:day7-19:night1-5,AM,2.0-20.0,428.8505874873466,4658.564334075134,379.52188082767543,3909.4997724822947,0.7831800579417589,5.598458857906246,9.76206641944221,,,286.3362681107586,13.653526318119257
293,,AM,R1796,00,EHZ,61.1981981981982,-149.91291617029023,2026-09-12T15:56:59.996000Z,2026-09-12T15:57:59.996000Z,100.0,100.0,60.0,,traffic,1,Traffic,timeofday:America/Anchorage:day7-19:night1-5,AM,2.0-20.0,579.9106241807121,4330.435817247468,545.520977810769,4221.041346576432,0.8849134197463943,6.862133376185676,7.314463281885267,,,286.3362681107586,14.74155325983252
294,,AM,R1796,00,EHZ,61.1981981981982,-149.91291617029023,2026-09-12T15:57:59.996000Z,2026-09-12T15:58:59.996000Z,100.0,100.0,60.0,,traffic,1,Traffic,timeofday:America/Anchorage:day7-19:night1-5,AM,2.0-20.0,475.18619625872213,3414.56319280983,396.868552196872,3203.9387094942167,0.6975345778512728,4.994963383868448,5.10874176650203,,,286.3362681107586,11.189426790513632
295,,AM,R1796,00,EHZ,61.1981981981982,-149.91291617029023,2026-09-12T16:01:59.996000Z,2026-09-12T16:02:59.996000Z,100.0,100.0,60.0,,traffic,1,Traffic,timeofday:America/Anchorage:day7-19:night1-5,AM,2.0-20.0,463.1015763291528,4831.43893732427,421.64654108494113,5013.94696710282,0.8289809784505098,6.590231935961375,15.34375065017931,,,286.3362681107586,17.51069468141339
296,,AM,R1796,00,EHZ,61.1981981981982,-149.91291617029023,2026-09-12T16:02:59.996000Z,2026-09-12T16:03:59.996000Z,100.0,100.0,60.0,,traffic,1,Traffic,timeofday:America/Anchorage:day7-19:night1-5,AM,2.0-20.0,403.94967837015975,2084.439751049358,362.72698421232445,2212.4944622720177,0.8063158497767655,4.016168352059151,1.9950883679919693,,,286.3362681107586,7.726909611800192
297,,AM,R1796,00,EHZ,61.1981981981982,-149.91291617029023,2026-09-12T16:03:59.996000Z,2026-09-12T16:04:59.996000Z,100.0,100.0,60.0,,traffic,1,Traffic,timeofday:America/Anchorage:day7-19:night1-5,AM,2.0-20.0,408.0439958167814,2972.4400904024988,373.11352237346927,2791.9717420777906,0.8361188112974288,5.377276335702517,6.781926602813542,,,286.3362681107586,9.750674479691897
298,,AM,R1796,00,EHZ,61.1981981981982,-149.91291617029023,2026-09-12T16:04:59.996000Z,2026-09-12T16:05:59.996000Z,100.0,100.0,60.0,,traffic,1,Traffic,timeofday:America/Anchorage:day7-19:night1-5,AM,2.0-20.0,802.0535750169139,4286.440754074145,670.1054681178988,3828.724464932351,0.6980388040233044,4.200612746768032,2.3926514753197594,,,286.3362681107586,13.371426854845193
299,,AM,R1796,00,EHZ,61.1981981981982,-149.91291617029023,2026-09-12T16:05:59.996000Z,2026-09-12T16:06:59.996000Z,100.0,100.0,60.0,,traffic,1,Traffic,timeofday:America/Anchorage:day7-19:night1-5,AM,2.0-20.0,667.1399738359479,4093.441461580529,595.2693325302832,4023.7800620123735,0.7961466839717143,5.0967204610797845,3.814500998553151,,,286.3362681107586,14.052638488869048
300,,AM,R1796,00,EHZ,61.1981981981982,-149.91291617029023,2026-09-12T16:06:59.996000Z,2026-09-12T16:07:59.996000Z,100.0,100.0,60.0,,traffic,1,Traffic,timeofday:America/Anchorage:day7-19:night1-5,AM,2.0-20.0,643.6475191639346,4193.442111681954,595.0804288523542,3794.936421737456,0.8547815415577623,4.747974616293346,3.5853134874074373,,,286.3362681107586,13.253425585156837
301,,AM,R1796,00,EHZ,61.1981981981982,-149.91291617029023,2026-09-12T16:07:59.996000Z,2026-09-12T16:08:59.996000Z,100.0,100.0,60.0,,traffic,1,Traffic,timeofday:America/Anchorage:day7-19:night1-5,AM,2.0-20.0,586.489890326552,3691.557267016731,437.46440691015687,3392.0369902615894,0.5563708739685299,5.348480782324522,4.835575706014915,,,286.3362681107586,11.846340712066224
302,,AM,R1796,00,EHZ,61.1981981981982,-149.91291617029023,2026-09-12T16:08:59.996000Z,2026-09-12T16:09:59.996000Z,100.0,100.0,60.0,,traffic,1,Traffic,timeofday:America/Anchorage:day7-19:night1-5,AM,2.0-20.0,740.1151427344466,6395.442951864094,679.7829362749288,6260.891597871676,0.8436104246925968,6.950507076717644,8.331402920098835,,,286.3362681107586,21.865520701170418
303,,AM,R1796,00,EHZ,61.1981981981982,-149.91291617029023,2026-09-12T16:09:59.996000Z,2026-09-12T16:10:59.996000Z,100.0,100.0,60.0,,traffic,1,Traffic,timeofday:America/Anchorage:day7-19:night1-5,AM,2.0-20.0,1040.3990311596353,7247.443751140316,914.6081730765411,7684.0967630492,0.7728056307983906,5.7252946823111825,5.771985590171758,,,286.3362681107586,26.835918529457434
304,,AM,R1796,00,EHZ,61.1981981981982,-149.91291617029023,2026-09-12T16:10:59.996000Z,2026-09-12T16:11:59.996000Z,100.0,100.0,60.0,,traffic,1,Traffic,timeofday:America/Anchorage:day7-19:night1-5,AM,2.0-20.0,687.7407922583942,7998.555428105417,641.3824562540158,7731.9166893600195,0.8697302666143298,6.064461487215308,22.240731984545377,,,286.3362681107586,27.002924709381254
305,,AM,R1796,00,EHZ,61.1981981981982,-149.91291617029023,2026-09-12T16:11:59.996000Z,2026-09-12T16:12:59.996000Z,100.0,100.0,60.0,,traffic,1,Traffic,timeofday:America/Anchorage:day7-19:night1-5,AM,2.0-20.0,1461.5033296788413,12879.555187258411,1443.6793230316925,13426.558226173735,0.9757574020251932,6.597594223570438,16.127039795887455,,,286.3362681107586,46.89087524525592
306,,AM,R1796,00,EHZ,61.1981981981982,-149.91291617029023,2026-09-12T16:12:59.996000Z,2026-09-12T16:13:59.996000Z,100.0,100.0,60.0,,traffic,1,Traffic,timeofday:America/Anchorage:day7-19:night1-5,AM,2.0-20.0,677.4472133429181,9900.445705740196,636.8630458085398,9764.705598899038,0.8837739124389267,7.350465432124658,45.00213583759915,,,286.3362681107586,34.102231140073116
307,,AM,R1796,00,EHZ,61.1981981981982,-149.91291617029023,2026-09-12T16:13:59.996000Z,2026-09-12T16:14:59.996000Z,100.0,100.0,60.0,,traffic,1,Traffic,timeofday:America/Anchorage:day7-19:night1-5,AM,2.0-20.0,1203.0049917375063,9149.446176988069,1179.9606908964333,8823.226708593396,0.9620557069724588,5.600925912584729,5.493366789088045,,,286.3362681107586,30.814212837266066
308,,AM,R1796,00,EHZ,61.1981981981982,-149.91291617029023,2026-09-12T16:14:59.996000Z,2026-09-12T16:15:59.996000Z,100.0,100.0,60.0,,traffic,1,Traffic,timeofday:America/Anchorage:day7-19:night1-5,AM,2.0-20.0,624.9017159980658,8989.55325276979,594.7305182923768,8364.584461218938,0.9057680864749672,6.464788434581951,28.47791227469911,,,286.3362681107586,29.212451906313895
309,,AM,R1796,00,EHZ,61.1981981981982,-149.91291617029023,2026-09-12T16:15:59.996000Z,2026-09-12T16:16:59.996000Z,100.0,100.0,60.0,,traffic,1,Traffic,timeofday:America/Anchorage:day7-19:night1-5,AM,2.0-20.0,396.1995878501275,2592.552740225492,358.02598226440733,2731.299915439099,0.8165843475061528,4.929662767471205,3.03267982681266,,,286.3362681107586,9.538784358195926
310,,AM,R1796,00,EHZ,61.1981981981982,-149.91291617029023,2026-09-12T16:16:59.996000Z,2026-09-12T16:17:59.996000Z,100.0,100.0,60.0,,traffic,1,Traffic,timeofday:America/Anchorage:day7-19:night1-5,AM,2.0-20.0,573.6796584568405,3898.5520948101876,544.3763810134255,3825.1977401536196,0.9004500910736405,5.147655602190669,5.689857757252771,,,286.3362681107586,13.359110130868867
311,,AM,R1796,00,EHZ,61.1981981981982,-149.91291617029023,2026-09-12T16:17:59.996000Z,2026-09-12T16:18:59.996000Z,100.0,100.0,60.0,,traffic,1,Traffic,timeofday:America/Anchorage:day7-19:night1-5,AM,2.0-20.0,706.3279635664035,6065.448090877289,658.0146622095051,6076.576559630925,0.8678773237663104,5.645306672344818,9.152701148328495,,,286.3362681107586,21.22181936547565
312,,AM,R1796,00,EHZ,61.1981981981982,-149.91291617029023,2026-09-12T16:18:59.996000Z,2026-09-12T16:19:59.996000Z,100.0,100.0,60.0,,traffic,1,Traffic,timeofday:America/Anchorage:day7-19:night1-5,AM,2.0-20.0,614.1655485155461,4725.448912803087,568.3960901633217,4617.743255349993,0.8565076799996879,3.5741332464808275,6.582680351105163,,,286.3362681107586,16.126993921579608
313,,AM,R1796,00,EHZ,61.1981981981982,-149.91291617029023,2026-09-12T16:19:59.996000Z,2026-09-12T16:20:59.996000Z,100.0,100.0,60.0,,traffic,1,Traffic,timeofday:America/Anchorage:day7-19:night1-5,AM,2.0-20.0,506.28688815960066,3909.4495639784145,473.41860759010757,3881.2624801473553,0.8743741048082795,5.721718014070732,5.307892508805747,,,286.3362681107586,13.554910475560266
314,,AM,R1796,00,EHZ,61.1981981981982,-149.91291617029023,2026-09-12T16:20:59.996000Z,2026-09-12T16:21:59.996000Z,100.0,100.0,60.0,,traffic,1,Traffic,timeofday:America/Anchorage:day7-19:night1-5,AM,2.0-20.0,422.29674768902163,2618.549954229944,387.68214688193467,2388.5544074492564,0.842783705226161,4.374846000388359,2.756542798430436,,,286.3362681107586,8.341780883046685
315,,AM,R1796,00,EHZ,61.1981981981982,-149.91291617029023,2026-09-12T16:21:59.996000Z,2026-09-12T16:22:59.996000Z,100.0,100.0,60.0,,traffic,1,Traffic,timeofday:America/Anchorage:day7-19:night1-5,AM,2.0-20.0,445.8425646204509,5490.549322775369,413.58974057736737,5256.285277985258,0.860550691470739,5.944480053637463,17.741671330524078,,,286.3362681107586,18.357036335865278
316,,AM,R1796,00,EHZ,61.1981981981982,-149.91291617029023,2026-09-12T16:22:59.996000Z,2026-09-12T16:23:59.996000Z,100.0,100.0,60.0,,traffic,1,Traffic,timeofday:America/Anchorage:day7-19:night1-5,AM,2.0-20.0,577.9647243709304,6779.4515894558535,546.0714554008397,6429.861078945518,0.8926809892064181,6.983493976292956,26.467404092599875,,,286.3362681107586,22.455629254965228
317,,AM,R1796,00,EHZ,61.1981981981982,-149.91291617029023,2026-09-12T16:23:59.996000Z,2026-09-12T16:24:59.996000Z,100.0,100.0,60.0,,traffic,1,Traffic,timeofday:America/Anchorage:day7-19:night1-5,AM,2.0-20.0,523.5054261279354,3378.5483401547317,488.03929409276884,3276.6667592490685,0.8690949083223047,4.388392736739581,4.978424813868445,,,286.3362681107586,11.443422032662697
318,,AM,R1796,00,EHZ,61.1981981981982,-149.91291617029023,2026-09-12T16:24:59.996000Z,2026-09-12T16:25:59.996000Z,100.0,100.0,60.0,,traffic,1,Traffic,timeofday:America/Anchorage:day7-19:night1-5,AM,2.0-20.0,667.8295295248395,5075.452483528363,627.7043203910631,5218.135053370552,0.8834439457457846,4.818753040001356,6.839887818131096,,,286.3362681107586,18.223800595711154
319,,AM,R1796,00,EHZ,61.1981981981982,-149.91291617029023,2026-09-12T16:25:59.996000Z,2026-09-12T16:26:59.996000Z,100.0,100.0,60.0,,traffic,1,Traffic,timeofday:America/Anchorage:day7-19:night1-5,AM,2.0-20.0,489.51543194592256,4669.452814095028,399.65013338272286,4411.220939251005,0.6665414310507721,4.773918374403438,12.861422992418902,,,286.3362681107586,15.405735949400189
320,,AM,R1796,00,EHZ,61.1981981981982,-149.91291617029023,2026-09-12T16:26:59.996000Z,2026-09-12T16:27:59.996000Z,100.0,100.0,60.0,,traffic,1,Traffic,timeofday:America/Anchorage:day7-19:night1-5,AM,2.0-20.0,920.9735069609947,10042.546165307242,837.4161193089909,10084.257795565098,0.8267769456560334,5.6331300060400915,14.343517580173309,,,286.3362681107586,35.21823435815813
321,,AM,R1796,00,EHZ,61.1981981981982,-149.91291617029023,2026-09-12T16:27:59.996000Z,2026-09-12T16:28:59.996000Z,100.0,100.0,60.0,,traffic,1,Traffic,timeofday:America/Anchorage:day7-19:night1-5,AM,2.0-20.0,792.0732557215724,8733.453995094718,705.2838439045408,9333.147744018735,0.792861211438302,4.735966300620296,26.114341553019393,,,286.3362681107586,32.59505966742764
322,,AM,R1796,00,EHZ,61.1981981981982,-149.91291617029023,2026-09-12T16:28:59.996000Z,2026-09-12T16:29:59.996000Z,100.0,100.0,60.0,,traffic,1,Traffic,timeofday:America/Anchorage:day7-19:night1-5,AM,2.0-20.0,439.79713106055436,2273.454736184958,388.84176667559757,2325.9291031602197,0.7817016547893977,3.234599241962785,2.1179411942703332,,,286.3362681107586,8.12306844154482
323,,AM,R1796,00,EHZ,61.1981981981982,-149.91291617029023,2026-09-12T16:29:59.996000Z,2026-09-12T16:30:59.996000Z,100.0,100.0,60.0,,traffic,1,Traffic,timeofday:America/Anchorage:day7-19:night1-5,AM,2.0-20.0,659.6547259249671,4467.544463562546,619.9874859244949,4274.582079496857,0.8833493440398492,5.298703980435466,5.454769041782116,,,286.3362681107586,14.9285387691209
324,,AM,R1796,00,EHZ,61.1981981981982,-149.91291617029023,2026-09-12T16:30:59.996000Z,2026-09-12T16:31:59.996000Z,100.0,100.0,60.0,,traffic,1,Traffic,timeofday:America/Anchorage:day7-19:night1-5,AM,2.0-20.0,624.5167976251338,5450.456085982569,574.898474307396,5507.612413285344,0.8474109353579242,5.876530782854355,7.611868768687593,,,286.3362681107586,19.23477053614084
325,,AM,R1796,00,EHZ,61.1981981981982,-149.91291617029023,2026-09-12T16:31:59.996000Z,2026-09-12T16:32:59.996000Z,100.0,100.0,60.0,,traffic,1,Traffic,timeofday:America/Anchorage:day7-19:night1-5,AM,2.0-20.0,778.6546010920797,5737.456670868836,744.7323559245866,5842.825192007133,0.914767522376505,4.845676486796188,5.845908123171219,,,286.3362681107586,20.405466728186358
326,,AM,R1796,00,EHZ,61.1981981981982,-149.91291617029023,2026-09-12T16:32:59.996000Z,2026-09-12T16:33:59.996000Z,100.0,100.0,60.0,,traffic,1,Traffic,timeofday:America/Anchorage:day7-19:night1-5,AM,2.0-20.0,815.4806709325247,9015.542684203996,779.2450950790392,7246.337043057058,0.9131051904785642,7.323961462668195,17.353141051481902,,,286.3362681107586,25.307087680049246
327,,AM,R1796,00,EHZ,61.1981981981982,-149.91291617029023,2026-09-12T16:33:59.996000Z,2026-09-12T16:34:59.996000Z,100.0,100.0,60.0,,traffic,1,Traffic,timeofday:America/Anchorage:day7-19:night1-5,AM,2.0-20.0,568.86413589511,5435.457723683638,515.400727702186,5068.444857235078,0.8208672817447588,5.4176837101490625,9.784111171570347,,,286.3362681107586,17.701022963931827
328,,AM,R1796,00,EHZ,61.1981981981982,-149.91291617029023,2026-09-12T16:34:59.996000Z,2026-09-12T16:35:59.996000Z,100.0,100.0,60.0,,traffic,1,Traffic,timeofday:America/Anchorage:day7-19:night1-5,AM,2.0-20.0,791.5077000142127,4914.458136062134,727.672696611649,4819.036341053167,0.8452046376213668,4.784703683817409,4.557235392813894,,,286.3362681107586,16.829989343819697
329,,AM,R1796,00,EHZ,61.1981981981982,-149.91291617029023,2026-09-12T16:35:59.996000Z,2026-09-12T16:36:59.996000Z,100.0,100.0,60.0,,traffic,1,Traffic,timeofday:America/Anchorage:day7-19:night1-5,AM,2.0-20.0,834.8670880484251,8220.541090435301,803.4160863529006,7668.239703199912,0.9260754360430379,5.153203119988285,12.342246459553486,,,286.3362681107586,26.780539376987814
330,,AM,R1796,00,EHZ,61.1981981981982,-149.91291617029023,2026-09-12T16:36:59.996000Z,2026-09-12T16:37:59.996000Z,100.0,100.0,60.0,,traffic,1,Traffic,timeofday:America/Anchorage:day7-19:night1-5,AM,2.0-20.0,868.9117657217195,7791.540659898092,840.1633745305725,7505.228391723335,0.9349236259037823,6.366628949831517,7.235638369775961,,,286.3362681107586,26.211239118406805
331,,AM,R1796,00,EHZ,61.1981981981982,-149.91291617029023,2026-09-12T16:37:59.996000Z,2026-09-12T16:38:59.996000Z,100.0,100.0,60.0,,traffic,1,Traffic,timeofday:America/Anchorage:day7-19:night1-5,AM,2.0-20.0,991.0646897509105,11769.540157702308,963.7137179210339,10390.759637894611,0.9455664963096512,7.066701460890499,20.85836873620622,,,286.3362681107586,36.288660554433605
332,,AM,R1796,00,EHZ,61.1981981981982,-149.91291617029023,2026-09-12T16:38:59.996000Z,2026-09-12T16:39:59.996000Z,100.0,100.0,60.0,,traffic,1,Traffic,timeofday:America/Anchorage:day7-19:night1-5,AM,2.0-20.0,902.4275771796689,11972.460532524015,867.3734442347442,12616.549968010144,0.9238203533273851,7.140479208044282,38.0361092417596,,,286.3362681107586,44.06200461874392
333,,AM,R1796,00,EHZ,61.1981981981982,-149.91291617029023,2026-09-12T16:39:59.996000Z,2026-09-12T16:40:59.996000Z,100.0,100.0,60.0,,traffic,1,Traffic,timeofday:America/Anchorage:day7-19:night1-5,AM,2.0-20.0,638.9805257486443,4074.538685577456,596.6072694376338,4193.668007202255,0.8717698337928119,3.8023141021780757,3.5700937442641205,,,286.3362681107586,14.645954684231928
334,,AM,R1796,00,EHZ,61.1981981981982,-149.91291617029023,2026-09-12T16:40:59.996000Z,2026-09-12T16:41:59.996000Z,100.0,100.0,60.0,,traffic,1,Traffic,timeofday:America/Anchorage:day7-19:night1-5,AM,2.0-20.0,511.68034277670534,4295.537914515575,460.7144168044868,3725.364877260161,0.8107111369150412,3.6053541410704315,5.46933064506193,,,286.3362681107586,13.010454113410255
335,,AM,R1796,00,EHZ,61.1981981981982,-149.91291617029023,2026-09-12T16:41:59.996000Z,2026-09-12T16:42:59.996000Z,100.0,100.0,60.0,,traffic,1,Traffic,timeofday:America/Anchorage:day7-19:night1-5,AM,2.0-20.0,642.7773993016663,3630.5372966312207,605.4007078565174,3841.9870644681996,0.8870838089305281,5.121997403688719,3.3481693362464355,,,286.3362681107586,13.417745121208567
336,,AM,R1796,00,EHZ,61.1981981981982,-149.91291617029023,2026-09-12T16:42:59.996000Z,2026-09-12T16:43:59.996000Z,100.0,100.0,60.0,,traffic,1,Traffic,timeofday:America/Anchorage:day7-19:night1-5,AM,2.0-20.0,624.2000102212471,3905.462980533208,586.5512919688975,3805.0240139633906,0.8830076142910531,5.154848891742469,4.668014507353443,,,286.3362681107586,13.288655464670502
337,,AM,R1796,00,EHZ,61.1981981981982,-149.91291617029023,2026-09-12T16:43:59.996000Z,2026-09-12T16:44:59.996000Z,100.0,100.0,60.0,,traffic,1,Traffic,timeofday:America/Anchorage:day7-19:night1-5,AM,2.0-20.0,589.2770152228082,3237.536529864952,550.2499093632682,3257.136755161001,0.8719286657587021,3.593727415648948,2.4512507539735404,,,286.3362681107586,11.375215499774194
338,,AM,R1796,00,EHZ,61.1981981981982,-149.91291617029023,2026-09-12T16:44:59.996000Z,2026-09-12T16:45:59.996000Z,100.0,100.0,60.0,,traffic,1,Traffic,timeofday:America/Anchorage:day7-19:night1-5,AM,2.0-20.0,639.4570155780499,4221.4640804044575,598.4149761577733,4362.156320311402,0.8757541312950592,4.807476092066083,4.740763112525221,,,286.3362681107586,15.234382808342193
339,,AM,R1796,00,EHZ,61.1981981981982,-149.91291617029023,2026-09-12T16:45:59.996000Z,2026-09-12T16:46:59.996000Z,100.0,100.0,60.0,,traffic,1,Traffic,timeofday:America/Anchorage:day7-19:night1-5,AM,2.0-20.0,488.6917768176783,2654.4649481175475,441.1679652884827,2711.272390655741,0.8149629704782125,2.971860088013245,2.4097660839951063,,,286.3362681107586,9.46884028539125
340,,AM,R1796,00,EHZ,61.1981981981982,-149.91291617029023,2026-09-12T16:46:59.996000Z,2026-09-12T16:47:59.996000Z,100.0,100.0,60.0,,traffic,1,Traffic,timeofday:America/Anchorage:day7-19:night1-5,AM,2.0-20.0,1459.344092277297,17184.53468089801,1399.9394704889432,15590.22767986231,0.9202442406729189,7.303214472873313,24.50406068913294,,,286.3362681107586,54.44726853055096
341,,AM,R1796,00,EHZ,61.1981981981982,-149.91291617029023,2026-09-12T16:47:59.996000Z,2026-09-12T16:48:59.996000Z,100.0,100.0,60.0,,traffic,1,Traffic,timeofday:America/Anchorage:day7-19:night1-5,AM,2.0-20.0,771.2831774252857,5450.46596363865,724.2042464543504,4949.996827646302,0.8816463543872755,4.320293597516726,3.920659729563395,,,286.3362681107586,17.287355389194282
342,,AM,R1796,00,EHZ,61.1981981981982,-149.91291617029023,2026-09-12T16:48:59.996000Z,2026-09-12T16:49:59.996000Z,100.0,100.0,60.0,,traffic,1,Traffic,timeofday:America/Anchorage:day7-19:night1-5,AM,2.0-20.0,551.2323708873612,3233.46676379352,506.19395168365287,3061.761399246355,0.8432657791903656,4.6890660718439445,3.59442961202629,,,286.3362681107586,10.692887140870416
343,,AM,R1796,00,EHZ,61.1981981981982,-149.91291617029023,2026-09-12T16:49:59.996000Z,2026-09-12T16:50:59.996000Z,100.0,100.0,60.0,,traffic,1,Traffic,timeofday:America/Anchorage:day7-19:night1-5,AM,2.0-20.0,1054.951270962148,7513.466907403548,998.3924699631766,6945.509631059336,0.8956488946988599,7.2196917114511034,5.31190390201875,,,286.3362681107586,24.256478848752483
344,,AM,R1796,00,EHZ,61.1981981981982,-149.91291617029023,2026-09-12T16:50:59.996000Z,2026-09-12T16:51:59.996000Z,100.0,100.0,60.0,,traffic,1,Traffic,timeofday:America/Anchorage:day7-19:night1-5,AM,2.0-20.0,518.5677554951269,3306.4679577776624,465.2422306935928,3005.8275784353455,0.8049098480200331,5.013275447739318,2.426074131735289,,,286.3362681107586,10.49754401797488
345,,AM,R1796,00,EHZ,61.1981981981982,-149.91291617029023,2026-09-12T16:51:59.996000Z,2026-09-12T16:52:59.996000Z,100.0,100.0,60.0,,traffic,1,Traffic,timeofday:America/Anchorage:day7-19:night1-5,AM,2.0-20.0,1332.0848693834412,13951.468427365868,1299.6294897343516,14112.563194545088,0.9518649249760837,6.6205338657504615,14.554780672259305,,,286.3362681107586,49.286677121482086
346,,AM,R1796,00,EHZ,61.1981981981982,-149.91291617029023,2026-09-12T16:52:59.996000Z,2026-09-12T16:53:59.996000Z,100.0,100.0,60.0,,traffic,1,Traffic,timeofday:America/Anchorage:day7-19:night1-5,AM,2.0-20.0,501.30967444625935,3237.469129209858,438.0242336766791,3237.1822781923133,0.7634561629781544,3.6058832770757956,4.198285403571522,,,286.3362681107586,11.305526538957785
347,,AM,R1796,00,EHZ,61.1981981981982,-149.91291617029023,2026-09-12T16:53:59.996000Z,2026-09-12T16:54:59.996000Z,100.0,100.0,60.0,,traffic,1,Traffic,timeofday:America/Anchorage:day7-19:night1-5,AM,2.0-20.0,750.7073983413354,3629.530575564626,710.4690081689863,3449.282968169715,0.8956717658329895,4.831824615253337,2.0925653702613998,,,286.3362681107586,12.046266408820719
348,,AM,R1796,00,EHZ,61.1981981981982,-149.91291617029023,2026-09-12T16:54:59.996000Z,2026-09-12T16:55:59.996000Z,100.0,100.0,60.0,,traffic,1,Traffic,timeofday:America/Anchorage:day7-19:night1-5,AM,2.0-20.0,606.3774279913731,4047.470223711596,563.2191314416701,4247.802274851826,0.862717770474116,3.985536391553863,2.743435554965057,,,286.3362681107586,14.835013052585852
349,,AM,R1796,00,EHZ,61.1981981981982,-149.91291617029023,2026-09-12T16:55:59.996000Z,2026-09-12T16:56:59.996000Z,100.0,100.0,60.0,,traffic,1,Traffic,timeofday:America/Anchorage:day7-19:night1-5,AM,2.0-20.0,608.5768203549125,5562.47075695292,558.7204708959681,5065.080642591944,0.8428656476451282,6.7095083866726055,8.487241516519397,,,286.3362681107586,17.689273789908807
350,,AM,R1796,00,EHZ,61.1981981981982,-149.91291617029023,2026-09-12T16:56:59.996000Z,2026-09-12T16:57:59.996000Z,100.0,100.0,60.0,,traffic,1,Traffic,timeofday:America/Anchorage:day7-19:night1-5,AM,2.0-20.0,768.657403713713,6126.528918923828,721.1308673491724,6030.649443026033,0.8801618526368972,5.221196817343568,8.588967447036488,,,286.3362681107586,21.06142362899449
351,,AM,R1796,00,EHZ,61.1981981981982,-149.91291617029023,2026-09-12T16:57:59.996000Z,2026-09-12T16:58:59.996000Z,100.0,100.0,60.0,,traffic,1,Traffic,timeofday:America/Anchorage:day7-19:night1-5,AM,2.0-20.0,918.4614500655287,13578.527926540439,890.5027838412702,13483.508693129703,0.9400451163782655,6.722555505718071,46.2886668441691,,,286.3362681107586,47.08976890036894
352,,AM,R1796,00,EHZ,61.1981981981982,-149.91291617029023,2026-09-12T16:58:59.996000Z,2026-09-12T16:59:59.996000Z,100.0,100.0,60.0,,traffic,1,Traffic,timeofday:America/Anchorage:day7-19:night1-5,AM,2.0-20.0,645.7751625759815,9101.527870404636,605.6893352237996,8877.708402324717,0.8797052398322878,2.4256084741166597,26.649507634500722,,,286.3362681107586,31.00448455551814
353,,AM,R1796,00,EHZ,61.1981981981982,-149.91291617029023,2026-09-12T16:59:59.996000Z,2026-09-12T17:00:59.996000Z,100.0,100.0,60.0,,traffic,1,Traffic,timeofday:America/Anchorage:day7-19:night1-5,AM,2.0-20.0,525.8471152652631,3645.4730232773654,476.7315011839835,3414.598291581252,0.8219184101418158,4.103668857571726,3.255566162876046,,,286.3362681107586,11.92513373911977
354,,AM,R1796,00,EHZ,61.1981981981982,-149.91291617029023,2026-09-12T17:00:59.996000Z,2026-09-12T17:01:59.996000Z,100.0,100.0,60.0,,traffic,1,Traffic,timeofday:America/Anchorage:day7-19:night1-5,AM,2.0-20.0,489.7028673892918,2474.473316940839,443.6282521201043,2089.32250853038,0.820678579695129,3.34865376941702,1.2750759455890055,,,286.3362681107586,7.296744217264866
355,,AM,R1796,00,EHZ,61.1981981981982,-149.91291617029023,2026-09-12T17:01:59.996000Z,2026-09-12T17:02:59.996000Z,100.0,100.0,60.0,,traffic,1,Traffic,timeofday:America/Anchorage:day7-19:night1-5,AM,2.0-20.0,995.2540576585653,11413.525936892289,957.9722373387236,12996.267646502369,0.9264840188824636,6.6317049660259215,25.112682362583836,,,286.3362681107586,45.388129601085815
356,,AM,R1796,00,EHZ,61.1981981981982,-149.91291617029023,2026-09-12T17:02:59.996000Z,2026-09-12T17:03:59.996000Z,100.0,100.0,60.0,,traffic,1,Traffic,timeofday:America/Anchorage:day7-19:night1-5,AM,2.0-20.0,1247.1342822405988,8570.47477676463,1101.0543661892502,9334.308495677691,0.7794550795622524,5.668626557504037,4.398742513995381,,,286.3362681107586,32.59911347334826
357,,AM,R1796,00,EHZ,61.1981981981982,-149.91291617029023,2026-09-12T17:03:59.996000Z,2026-09-12T17:04:59.996000Z,100.0,100.0,60.0,,traffic,1,Traffic,timeofday:America/Anchorage:day7-19:night1-5,AM,2.0-20.0,567.5951919618266,3602.5249330864863,504.80658089944416,3365.2426203864743,0.7909929268584329,2.5002286273438528,2.5868417029179067,,,286.3362681107586,11.752764127961443
358,,AM,R1796,00,EHZ,61.1981981981982,-149.91291617029023,2026-09-12T17:04:59.996000Z,2026-09-12T17:05:59.996000Z,100.0,100.0,60.0,,traffic,1,Traffic,timeofday:America/Anchorage:day7-19:night1-5,AM,2.0-20.0,975.6294439672587,13117.52403999025,896.4665438409846,12506.249210570913,0.8443030835741773,7.206649774362388,19.754114599013747,,,286.3362681107586,43.676790554989466
359,,AM,R1796,00,EHZ,61.1981981981982,-149.91291617029023,2026-09-12T17:05:59.996000Z,2026-09-12T17:06:59.996000Z,100.0,100.0,60.0,,traffic,1,Traffic,timeofday:America/Anchorage:day7-19:night1-5,AM,2.0-20.0,543.0556733211902,3594.5237062018787,500.7544312130484,3616.20607903479,0.850277901227447,3.5238892050306965,5.67395572956857,,,286.3362681107586,12.629228224892538
360,,AM,R1796,00,EHZ,61.1981981981982,-149.91291617029023,2026-09-12T17:06:59.996000Z,2026-09-12T17:07:59.996000Z,100.0,100.0,60.0,,traffic,1,Traffic,timeofday:America/Anchorage:day7-19:night1-5,AM,2.0-20.0,580.2253051659063,4792.523026714582,528.420509863376,4618.410504368302,0.8294037608723892,5.603367229124925,3.960212174021569,,,286.3362681107586,16.129324220227108
361,,AM,R1796,00,EHZ,61.1981981981982,-149.91291617029023,2026-09-12T17:07:59.996000Z,2026-09-12T17:08:59.996000Z,100.0,100.0,60.0,,traffic,1,Traffic,timeofday:America/Anchorage:day7-19:night1-5,AM,2.0-20.0,909.9525799667418,6746.522601742137,862.7041075586358,6377.418648321945,0.8988479045536049,6.061230417132645,6.192123646782591,,,286.3362681107586,22.27247945361597
362,,AM,R1796,00,EHZ,61.1981981981982,-149.91291617029023,2026-09-12T17:08:59.996000Z,2026-09-12T17:09:59.996000Z,100.0,100.0,60.0,,traffic,1,Traffic,timeofday:America/Anchorage:day7-19:night1-5,AM,2.0-20.0,616.1756149934497,5576.4780166303535,567.7748957839991,5382.18714228265,0.8490697296832009,4.084841703297651,9.31738648203203,,,286.3362681107586,18.796735662562835
363,,AM,R1796,00,EHZ,61.1981981981982,-149.91291617029023,2026-09-12T17:09:59.996000Z,2026-09-12T17:10:59.996000Z,100.0,100.0,60.0,,traffic,1,Traffic,timeofday:America/Anchorage:day7-19:night1-5,AM,2.0-20.0,401.4617824346563,2745.478661264642,349.412875001831,2512.4844087581905,0.7575117789369115,5.195913583808095,4.0650856921031,,,286.3362681107586,8.774593680833783
364,,AM,R1796,00,EHZ,61.1981981981982,-149.91291617029023,2026-09-12T17:10:59.996000Z,2026-09-12T17:11:59.996000Z,100.0,100.0,60.0,,traffic,1,Traffic,timeofday:America/Anchorage:day7-19:night1-5,AM,2.0-20.0,582.8114534835563,3926.4796427137517,536.4386973499726,3968.726084137197,0.8471962845689242,5.025175251228799,4.920452220438292,,,286.3362681107586,13.86036812703741
365,,AM,R1796,00,EHZ,61.1981981981982,-149.91291617029023,2026-09-12T17:11:59.996000Z,2026-09-12T17:12:59.996000Z,100.0,100.0,60.0,,traffic,1,Traffic,timeofday:America/Anchorage:day7-19:night1-5,AM,2.0-20.0,446.36892707466393,2349.520120344343,386.1675582123454,2450.601846449686,0.7484514997192214,4.136711629442954,1.2633724696105784,,,286.3362681107586,8.558475189394315
366,,AM,R1796,00,EHZ,61.1981981981982,-149.91291617029023,2026-09-12T17:12:59.996000Z,2026-09-12T17:13:59.996000Z,100.0,100.0,60.0,,traffic,1,Traffic,timeofday:America/Anchorage:day7-19:night1-5,AM,2.0-20.0,597.4777196812878,5114.519148657982,548.8219904859378,4695.095095183032,0.8437612561387624,3.6768274366903815,4.47556850940729,,,286.3362681107586,16.3971372755578
367,,AM,R1796,00,EHZ,61.1981981981982,-149.91291617029023,2026-09-12T17:13:59.996000Z,2026-09-12T17:14:59.996000Z,100.0,100.0,60.0,,traffic,1,Traffic,timeofday:America/Anchorage:day7-19:night1-5,AM,2.0-20.0,915.4858888581432,13351.48091577616,884.1330040464346,13996.255781416508,0.9326783515480278,5.574707005837661,38.93045871560077,,,286.3362681107586,48.880485429818386
368,,AM,R1796,00,EHZ,61.1981981981982,-149.91291617029023,2026-09-12T17:14:59.996000Z,2026-09-12T17:15:59.996000Z,100.0,100.0,60.0,,traffic,1,Traffic,timeofday:America/Anchorage:day7-19:night1-5,AM,2.0-20.0,1032.726744490803,15065.481831033834,997.8476472518192,14355.547256035836,0.9335930869389742,6.578784200840936,34.39573369124881,,,286.3362681107586,50.13527399359316
369,,AM,R1796,00,EHZ,61.1981981981982,-149.91291617029023,2026-09-12T17:15:59.996000Z,2026-09-12T17:16:59.996000Z,100.0,100.0,60.0,,traffic,1,Traffic,timeofday:America/Anchorage:day7-19:night1-5,AM,2.0-20.0,711.1495286792234,8419.517375938103,675.2815330199126,7325.8504743543135,0.9016705669229912,6.322081625710369,17.664345272168212,,,286.3362681107586,25.584780170147983
370,,AM,R1796,00,EHZ,61.1981981981982,-149.91291617029023,2026-09-12T17:16:59.996000Z,2026-09-12T17:17:59.996000Z,100.0,100.0,60.0,,traffic,1,Traffic,timeofday:America/Anchorage:day7-19:night1-5,AM,2.0-20.0,860.5921207559269,8061.517051814852,814.4819741800669,7125.891737511577,0.8957116505556357,5.70205180734952,8.827815396775334,,,286.3362681107586,24.886444824220412
371,,AM,R1796,00,EHZ,61.1981981981982,-149.91291617029023,2026-09-12T17:17:59.996000Z,2026-09-12T17:18:59.996000Z,100.0,100.0,60.0,,traffic,1,Traffic,timeofday:America/Anchorage:day7-19:night1-5,AM,2.0-20.0,609.0451546901625,4555.483761129217,536.8263953985809,4780.371659328233,0.7769064702423346,5.9653075450969055,4.261747281808145,,,286.3362681107586,16.694956915060175
372,,AM,R1796,00,EHZ,61.1981981981982,-149.91291617029023,2026-09-12T17:18:59.996000Z,2026-09-12T17:19:59.996000Z,100.0,100.0,60.0,,traffic,1,Traffic,timeofday:America/Anchorage:day7-19:night1-5,AM,2.0-20.0,666.7469237904943,6010.484215292279,628.8405611738461,6005.3232032688675,0.8895268301127204,5.960015646951988,9.358756858025183,,,286.3362681107586,20.972974338500247
373,,AM,R1796,00,EHZ,61.1981981981982,-149.91291617029023,2026-09-12T17:19:59.996000Z,2026-09-12T17:20:59.996000Z,100.0,100.0,60.0,,traffic,1,Traffic,timeofday:America/Anchorage:day7-19:night1-5,AM,2.0-20.0,877.267890998061,12878.515417335493,800.3626005521385,10928.258419781843,0.8323559825780403,6.473703450983248,26.20538076083551,,,286.3362681107586,38.16581983095013
374,,AM,R1796,00,EHZ,61.1981981981982,-149.91291617029023,2026-09-12T17:20:59.996000Z,2026-09-12T17:21:59.996000Z,100.0,100.0,60.0,,traffic,1,Traffic,timeofday:America/Anchorage:day7-19:night1-5,AM,2.0-20.0,459.0660228733602,1988.5149538001933,393.4517103832236,1990.9192791113082,0.734568963090436,3.64879396575137,0.981922848380608,,,286.3362681107586,6.95308104784405
375,,AM,R1796,00,EHZ,61.1981981981982,-149.91291617029023,2026-09-12T17:21:59.996000Z,2026-09-12T17:22:59.996000Z,100.0,100.0,60.0,,traffic,1,Traffic,timeofday:America/Anchorage:day7-19:night1-5,AM,2.0-20.0,748.5566598039006,6549.4858363966705,700.2339657494038,6485.3541662669895,0.8750583005677101,4.841106894063827,7.314829537349583,,,286.3362681107586,22.649433161426725
376,,AM,R1796,00,EHZ,61.1981981981982,-149.91291617029023,2026-09-12T17:22:59.996000Z,2026-09-12T17:23:59.996000Z,100.0,100.0,60.0,,traffic,1,Traffic,timeofday:America/Anchorage:day7-19:night1-5,AM,2.0-20.0,663.5850394918606,3426.513537127754,610.8387367458294,3684.586365891375,0.8473444086916233,5.817102236916103,2.3998603848831754,,,286.3362681107586,12.868039351781063
377,,AM,R1796,00,EHZ,61.1981981981982,-149.91291617029023,2026-09-12T17:23:59.996000Z,2026-09-12T17:24:59.996000Z,100.0,100.0,60.0,,traffic,1,Traffic,timeofday:America/Anchorage:day7-19:night1-5,AM,2.0-20.0,557.2317643277221,6217.5132125163655,510.76054839831335,6309.397359116729,0.840161854173252,5.084410447280697,13.40742876044811,,,286.3362681107586,22.034922089143702
378,,AM,R1796,00,EHZ,61.1981981981982,-149.91291617029023,2026-09-12T17:24:59.996000Z,2026-09-12T17:25:59.996000Z,100.0,100.0,60.0,,traffic,1,Traffic,timeofday:America/Anchorage:day7-19:night1-5,AM,2.0-20.0,601.3907057199668,3406.5122298957285,553.8090537206714,3530.615162238559,0.8480211401026446,4.606570109429432,3.3524769808256805,,,286.3362681107586,12.330310741051045
379,,AM,R1796,00,EHZ,61.1981981981982,-149.91291617029023,2026-09-12T17:25:59.996000Z,2026-09-12T17:26:59.996000Z,100.0,100.0,60.0,,traffic,1,Traffic,timeofday:America/Anchorage:day7-19:night1-5,AM,2.0-20.0,512.7940607241347,2969.488379983173,472.9951277397586,2846.6591355380715,0.850799765208379,3.469712396250317,2.1632789316370262,,,286.3362681107586,9.941664583115076
380,,AM,R1796,00,EHZ,61.1981981981982,-149.91291617029023,2026-09-12T17:26:59.996000Z,2026-09-12T17:27:59.996000Z,100.0,100.0,60.0,,traffic,1,Traffic,timeofday:America/Anchorage:day7-19:night1-5,AM,2.0-20.0,512.208199289515,3453.4886543164066,465.56975742054846,3542.748009945377,0.8261834112308246,3.925678499528844,3.818125981928441,,,286.3362681107586,12.372683465215086
381,,AM,R1796,00,EHZ,61.1981981981982,-149.91291617029023,2026-09-12T17:27:59.996000Z,2026-09-12T17:28:59.996000Z,100.0,100.0,60.0,,traffic,1,Traffic,timeofday:America/Anchorage:day7-19:night1-5,AM,2.0-20.0,643.490167144911,7932.4896740354925,604.6896665643363,7552.871988145795,0.883041804226841,4.921089402145377,19.425662040019226,,,286.3362681107586,26.37762948431054
382,,AM,R1796,00,EHZ,61.1981981981982,-149.91291617029023,2026-09-12T17:28:59.996000Z,2026-09-12T17:29:59.996000Z,100.0,100.0,60.0,,traffic,1,Traffic,timeofday:America/Anchorage:day7-19:night1-5,AM,2.0-20.0,650.8968863906515,5604.4896769643165,616.841808495194,5152.189435101995,0.8980969374600595,5.488580106256196,6.866732552109788,,,286.3362681107586,17.993492298743867
383,,AM,R1796,00,EHZ,61.1981981981982,-149.91291617029023,2026-09-12T17:29:59.996000Z,2026-09-12T17:30:59.996000Z,100.0,100.0,60.0,,traffic,1,Traffic,timeofday:America/Anchorage:day7-19:night1-5,AM,2.0-20.0,787.0207955186264,4844.490810614676,751.4790735861646,4709.1738790340305,0.9117197584947061,3.710397538275676,3.7529234420747883,,,286.3362681107586,16.44630598179222
384,,AM,R1796,00,EHZ,61.1981981981982,-149.91291617029023,2026-09-12T17:30:59.996000Z,2026-09-12T17:31:59.996000Z,100.0,100.0,60.0,,traffic,1,Traffic,timeofday:America/Anchorage:day7-19:night1-5,AM,2.0-20.0,741.1273729411203,4941.491186382864,704.3668468979996,4371.866594398951,0.9032585997524945,5.810715271876919,2.830259121395269,,,286.3362681107586,15.268294943020825
385,,AM,R1796,00,EHZ,61.1981981981982,-149.91291617029023,2026-09-12T17:31:59.996000Z,2026-09-12T17:32:59.996000Z,100.0,100.0,60.0,,traffic,1,Traffic,timeofday:America/Anchorage:day7-19:night1-5,AM,2.0-20.0,1243.336823215263,16707.491671689095,1205.3388500957492,16666.886024435924,0.9398114188438788,6.300785747799118,29.177400754447632,,,286.3362681107586,58.20738718990692
386,,AM,R1796,00,EHZ,61.1981981981982,-149.91291617029023,2026-09-12T17:32:59.996000Z,2026-09-12T17:33:59.996000Z,100.0,100.0,60.0,,traffic,1,Traffic,timeofday:America/Anchorage:day7-19:night1-5,AM,2.0-20.0,1053.7542630461808,9181.507786673617,990.5199319156101,10397.729424421686,0.8835838087718344,5.8407256614147745,9.23539906093374,,,286.3362681107586,36.313001817847635
387,,AM,R1796,00,EHZ,61.1981981981982,-149.91291617029023,2026-09-12T17:33:59.996000Z,2026-09-12T17:34:59.996000Z,100.0,100.0,60.0,,traffic,1,Traffic,timeofday:America/Anchorage:day7-19:night1-5,AM,2.0-20.0,494.16477984976746,3675.507325579005,425.25945905049235,3054.9069980754057,0.7405670525758952,3.5664990689774716,3.6095199117156627,,,286.3362681107586,10.668948848958692
388,,AM,R1796,00,EHZ,61.1981981981982,-149.91291617029023,2026-09-12T17:34:59.996000Z,2026-09-12T17:35:59.996000Z,100.0,100.0,60.0,,traffic,1,Traffic,timeofday:America/Anchorage:day7-19:night1-5,AM,2.0-20.0,623.542807474181,3792.5066868023678,555.309448750012,3942.053830989466,0.7931175834253256,3.3343653918392353,2.4366668410503314,,,286.3362681107586,13.767218023057518
389,,AM,R1796,00,EHZ,61.1981981981982,-149.91291617029023,2026-09-12T17:35:59.996000Z,2026-09-12T17:36:59.996000Z,100.0,100.0,60.0,,traffic,1,Traffic,timeofday:America/Anchorage:day7-19:night1-5,AM,2.0-20.0,795.3620876742045,6822.494022070801,751.3004335205596,7146.4154727513815,0.8922724984539551,6.8534247016136245,8.318380021038207,,,286.3362681107586,24.958121861066704
390,,AM,R1796,00,EHZ,61.1981981981982,-149.91291617029023,2026-09-12T17:36:59.996000Z,2026-09-12T17:37:59.996000Z,100.0,100.0,60.0,,traffic,1,Traffic,timeofday:America/Anchorage:day7-19:night1-5,AM,2.0-20.0,772.3171735453975,6627.505577558881,725.9234442038937,6017.611935665477,0.883466855075081,4.890114381785335,5.893077473688173,,,286.3362681107586,21.01589147392878
391,,AM,R1796,00,EHZ,61.1981981981982,-149.91291617029023,2026-09-12T17:37:59.996000Z,2026-09-12T17:38:59.996000Z,100.0,100.0,60.0,,traffic,1,Traffic,timeofday:America/Anchorage:day7-19:night1-5,AM,2.0-20.0,783.6065583522351,5658.504905588899,739.3258369799213,5193.592589572461,0.8901755118222019,5.284254282758365,4.035285355664427,,,286.3362681107586,18.138088562233797
392,,AM,R1796,00,EHZ,61.1981981981982,-149.91291617029023,2026-09-12T17:38:59.996000Z,2026-09-12T17:39:59.996000Z,100.0,100.0,60.0,,traffic,1,Traffic,timeofday:America/Anchorage:day7-19:night1-5,AM,2.0-20.0,1181.2674049843538,9891.504341009153,1140.1480155471359,10581.307905845275,0.9315926004569447,4.177331596241248,11.949859715409621,,,286.3362681107586,36.95413080452766
393,,AM,R1796,00,EHZ,61.1981981981982,-149.91291617029023,2026-09-12T17:39:59.996000Z,2026-09-12T17:40:59.996000Z,100.0,100.0,60.0,,traffic,1,Traffic,timeofday:America/Anchorage:day7-19:night1-5,AM,2.0-20.0,546.1102657780989,2789.496521334426,506.0858822326809,2773.2055963395815,0.8587915525013436,4.80145564270709,2.4683975802847575,,,286.3362681107586,9.685135643616299
394,,AM,R1796,00,EHZ,61.1981981981982,-149.91291617029023,2026-09-12T17:40:59.996000Z,2026-09-12T17:41:59.996000Z,100.0,100.0,60.0,,traffic,1,Traffic,timeofday:America/Anchorage:day7-19:night1-5,AM,2.0-20.0,1496.990380617832,15194.502950110367,1475.1686272429117,14293.860756738335,0.9710583248926706,5.255962315919955,17.212370179916487,,,286.3362681107586,49.91984023207735
395,,AM,R1796,00,EHZ,61.1981981981982,-149.91291617029023,2026-09-12T17:41:59.996000Z,2026-09-12T17:42:59.996000Z,100.0,100.0,60.0,,traffic,1,Traffic,timeofday:America/Anchorage:day7-19:night1-5,AM,2.0-20.0,714.4135252401414,5080.502461191922,682.1229233269021,4988.861982601211,0.9116454174075109,4.81565170882562,4.245397370033291,,,286.3362681107586,17.42308795011414
396,,AM,R1796,00,EHZ,61.1981981981982,-149.91291617029023,2026-09-12T17:42:59.996000Z,2026-09-12T17:43:59.996000Z,100.0,100.0,60.0,,traffic,1,Traffic,timeofday:America/Anchorage:day7-19:night1-5,AM,2.0-20.0,675.3667357424212,3388.498397539439,625.0114469952586,2802.4957842975673,0.8564393445218269,4.054528899546698,1.4606637108244405,,,286.3362681107586,9.787428615970944
397,,AM,R1796,00,EHZ,61.1981981981982,-149.91291617029023,2026-09-12T17:43:59.996000Z,2026-09-12T17:44:59.996000Z,100.0,100.0,60.0,,traffic,1,Traffic,timeofday:America/Anchorage:day7-19:night1-5,AM,2.0-20.0,673.7314463924208,4198.501289466843,621.0258247423994,3757.2565290618586,0.8496609984239911,4.72982948352331,2.226472235681822,,,286.3362681107586,13.121832430981124
398,,AM,R1796,00,EHZ,61.1981981981982,-149.91291617029023,2026-09-12T17:44:59.996000Z,2026-09-12T17:45:59.996000Z,100.0,100.0,60.0,,traffic,1,Traffic,timeofday:America/Anchorage:day7-19:night1-5,AM,2.0-20.0,605.7239676771461,4606.499468610578,568.1402942389097,4252.314160733542,0.8797548440867357,3.527809204716214,3.0876383162541643,,,286.3362681107586,14.850770350505131
399,,AM,R1796,00,EHZ,61.1981981981982,-149.91291617029023,2026-09-12T17:45:59.996000Z,2026-09-12T17:46:59.996000Z,100.0,100.0,60.0,,traffic,1,Traffic,timeofday:America/Anchorage:day7-19:night1-5,AM,2.0-20.0,476.6252476264184,2986.499903254178,427.8665969662791,2690.921750286014,0.8058657125410086,2.9421902555458805,1.7562456738437708,,,286.3362681107586,9.397767764596031
400,,AM,R1796,00,EHZ,61.1981981981982,-149.91291617029023,2026-09-12T17:49:59.996000Z,2026-09-12T17:50:59.996000Z,100.0,100.0,60.0,,traffic,1,Traffic,timeofday:America/Anchorage:day7-19:night1-5,AM,2.0-20.0,664.5001187285596,3934.5023827910154,622.4964239480852,4021.611810370535,0.8775736931835789,4.32930364955163,3.3264886500020756,,,286.3362681107586,14.045066092762383
401,,AM,R1796,00,EHZ,61.1981981981982,-149.91291617029023,2026-09-12T17:50:59.996000Z,2026-09-12T17:51:59.996000Z,100.0,100.0,60.0,,traffic,1,Traffic,timeofday:America/Anchorage:day7-19:night1-5,AM,2.0-20.0,627.8560319202114,3661.5030663786674,574.1707916628698,4025.337230275809,0.8362999099433402,4.2579149484173975,2.9099950762664015,,,286.3362681107586,14.05807673905548
402,,AM,R1796,00,EHZ,61.1981981981982,-149.91291617029023,2026-09-12T17:51:59.996000Z,2026-09-12T17:52:59.996000Z,100.0,100.0,60.0,,traffic,1,Traffic,timeofday:America/Anchorage:day7-19:night1-5,AM,2.0-20.0,588.8319374062866,2941.503273837072,548.0590088444208,3227.456552545581,0.8663072060943835,3.6375729483615995,1.5799919150569268,,,286.3362681107586,11.271560441296101
403,,AM,R1796,00,EHZ,61.1981981981982,-149.91291617029023,2026-09-12T17:52:59.996000Z,2026-09-12T17:53:59.996000Z,100.0,100.0,60.0,,traffic,1,Traffic,timeofday:America/Anchorage:day7-19:night1-5,AM,2.0-20.0,558.6712037281021,3607.4960211948564,517.8343584013159,3042.769404226352,0.8591503117301438,3.570937960625345,2.2904534457767776,,,286.3362681107586,10.626559549380481
404,,AM,R1796,00,EHZ,61.1981981981982,-149.91291617029023,2026-09-12T17:53:59.996000Z,2026-09-12T17:54:59.996000Z,100.0,100.0,60.0,,traffic,1,Traffic,timeofday:America/Anchorage:day7-19:night1-5,AM,2.0-20.0,1096.2951213251713,10037.504715209267,1064.3328617281345,9466.549748669675,0.9425404119381232,6.654686953057478,14.146159550510426,,,286.3362681107586,33.06095246379299
405,,AM,R1796,00,EHZ,61.1981981981982,-149.91291617029023,2026-09-12T17:54:59.996000Z,2026-09-12T17:55:59.996000Z,100.0,100.0,60.0,,traffic,1,Traffic,timeofday:America/Anchorage:day7-19:night1-5,AM,2.0-20.0,1587.5257134269705,12728.494708300434,1555.8409302041316,12043.96120888988,0.9604811549507882,6.960606478512348,8.456780173558416,,,286.3362681107586,42.06229720166331
406,,AM,R1796,00,EHZ,61.1981981981982,-149.91291617029023,2026-09-12T17:55:59.996000Z,2026-09-12T17:56:59.996000Z,100.0,100.0,60.0,,traffic,1,Traffic,timeofday:America/Anchorage:day7-19:night1-5,AM,2.0-20.0,630.3715184033359,3561.5057655833807,549.988478435597,3076.4404151934586,0.7612267097023404,2.7192979285016934,1.700290897332228,,,286.3362681107586,10.744152096036437
407,,AM,R1796,00,EHZ,61.1981981981982,-149.91291617029023,2026-09-12T17:56:59.996000Z,2026-09-12T17:57:59.996000Z,100.0,100.0,60.0,,traffic,1,Traffic,timeofday:America/Anchorage:day7-19:night1-5,AM,2.0-20.0,820.4666419933963,7289.493590660983,726.9996418553745,7881.77993945265,0.7851389753583469,3.962637645583858,9.063960125721602,,,286.3362681107586,27.526306714327486
408,,AM,R1796,00,EHZ,61.1981981981982,-149.91291617029023,2026-09-12T17:57:59.996000Z,2026-09-12T17:58:59.996000Z,100.0,100.0,60.0,,traffic,1,Traffic,timeofday:America/Anchorage:day7-19:night1-5,AM,2.0-20.0,636.9105131804861,3880.5069274480848,551.8157630178739,3959.0593942917144,0.7506394225733072,4.659841159551865,2.603095597063848,,,286.3362681107586,13.826608205846625
409,,AM,R1796,00,EHZ,61.1981981981982,-149.91291617029023,2026-09-12T17:58:59.996000Z,2026-09-12T17:59:59.996000Z,100.0,100.0,60.0,,traffic,1,Traffic,timeofday:America/Anchorage:day7-19:night1-5,AM,2.0-20.0,531.6400994342495,3341.4925863670396,474.41153389514074,3176.5137832468176,0.796296885288722,4.734011116894053,2.4552081647925768,,,286.3362681107586,11.093648053058024
410,,AM,R1796,00,EHZ,61.1981981981982,-149.91291617029023,2026-09-12T17:59:59.996000Z,2026-09-12T18:00:59.996000Z,100.0,100.0,60.0,,traffic,1,Traffic,timeofday:America/Anchorage:day7-19:night1-5,AM,2.0-20.0,613.6159210382831,3736.491885304069,538.2867941024115,3160.046372791582,0.7695453385360443,3.6499178940566717,1.188000865058667,,,286.3362681107586,11.03613731380069
411,,AM,R1796,00,EHZ,61.1981981981982,-149.91291617029023,2026-09-12T18:00:59.996000Z,2026-09-12T18:01:59.996000Z,100.0,100.0,60.0,,traffic,1,Traffic,timeofday:America/Anchorage:day7-19:night1-5,AM,2.0-20.0,582.760523904874,4634.508917779625,543.8857295237443,4555.361943457985,0.871033940119977,4.560501080853185,7.883037548678525,,,286.3362681107586,15.90913359845813
412,,AM,R1796,00,EHZ,61.1981981981982,-149.91291617029023,2026-09-12T18:01:59.996000Z,2026-09-12T18:02:59.996000Z,100.0,100.0,60.0,,traffic,1,Traffic,timeofday:America/Anchorage:day7-19:night1-5,AM,2.0-20.0,819.7276152128801,5722.509562999676,773.7796898159579,5367.860437281645,0.8910365528516928,5.1996918030751385,4.92211063644783,,,286.3362681107586,18.746701117181868
413,,AM,R1796,00,EHZ,61.1981981981982,-149.91291617029023,2026-09-12T18:02:59.996000Z,2026-09-12T18:03:59.996000Z,100.0,100.0,60.0,,traffic,1,Traffic,timeofday:America/Anchorage:day7-19:night1-5,AM,2.0-20.0,1238.4406359449833,11941.50965135255,1203.4355513520068,12494.438089039875,0.9442680313957034,4.909927538979482,14.565208609637708,,,286.3362681107586,43.635541426442224
414,,AM,R1796,00,EHZ,61.1981981981982,-149.91291617029023,2026-09-12T18:03:59.996000Z,2026-09-12T18:04:59.996000Z,100.0,100.0,60.0,,traffic,1,Traffic,timeofday:America/Anchorage:day7-19:night1-5,AM,2.0-20.0,712.834212219011,6150.510442916202,675.1602225594964,5979.629873117563,0.8970912582044976,5.643307576731168,6.5302252667600555,,,286.3362681107586,20.88324302251702
415,,AM,R1796,00,EHZ,61.1981981981982,-149.91291617029023,2026-09-12T18:04:59.996000Z,2026-09-12T18:05:59.996000Z,100.0,100.0,60.0,,traffic,1,Traffic,timeofday:America/Anchorage:day7-19:night1-5,AM,2.0-20.0,620.5474192087263,3618.4889186000437,581.623547956405,3054.72212502211,0.8784843217624665,3.4174773355519323,2.3004010841716838,,,286.3362681107586,10.668303198812746
416,,AM,R1796,00,EHZ,61.1981981981982,-149.91291617029023,2026-09-12T18:05:59.996000Z,2026-09-12T18:06:59.996000Z,100.0,100.0,60.0,,traffic,1,Traffic,timeofday:America/Anchorage:day7-19:night1-5,AM,2.0-20.0,541.630722546991,4000.51185099742,506.6431450648091,3358.6615781154396,0.8749792639243623,4.4544045142435,3.84952025451119,,,286.3362681107586,11.729780513924506
417,,AM,R1796,00,EHZ,61.1981981981982,-149.91291617029023,2026-09-12T18:06:59.996000Z,2026-09-12T18:07:59.996000Z,100.0,100.0,60.0,,traffic,1,Traffic,timeofday:America/Anchorage:day7-19:night1-5,AM,2.0-20.0,556.0015248266596,3485.5122279371426,519.021170371084,3724.401649616142,0.8714012529665439,2.946891220630401,2.2962753371945013,,,286.3362681107586,13.007090139819432
418,,AM,R1796,00,EHZ,61.1981981981982,-149.91291617029023,2026-09-12T18:07:59.996000Z,2026-09-12T18:08:59.996000Z,100.0,100.0,60.0,,traffic,1,Traffic,timeofday:America/Anchorage:day7-19:night1-5,AM,2.0-20.0,776.7824552247865,7482.51289844271,727.7757224490839,7772.578931629725,0.877801487481101,5.428086640485443,11.68440408802217,,,286.3362681107586,27.144933413126658
419,,AM,R1796,00,EHZ,61.1981981981982,-149.91291617029023,2026-09-12T18:08:59.996000Z,2026-09-12T18:09:59.996000Z,100.0,100.0,60.0,,traffic,1,Traffic,timeofday:America/Anchorage:day7-19:night1-5,AM,2.0-20.0,857.1037451952175,5594.486673656022,785.0412959424967,5733.004464009713,0.838915502598596,3.408299880513321,4.288257861463302,,,286.3362681107586,20.021929117942236
420,,AM,R1796,00,EHZ,61.1981981981982,-149.91291617029023,2026-09-12T18:09:59.996000Z,2026-09-12T18:10:59.996000Z,100.0,100.0,60.0,,traffic,1,Traffic,timeofday:America/Anchorage:day7-19:night1-5,AM,2.0-20.0,713.3881057615034,6345.513897660021,656.6144494891633,6045.682998785431,0.8471672199708962,5.252232067343725,8.865535812271993,,,286.3362681107586,21.113926778031768
421,,AM,R1796,00,EHZ,61.1981981981982,-149.91291617029023,2026-09-12T18:10:59.996000Z,2026-09-12T18:11:59.996000Z,100.0,100.0,60.0,,traffic,1,Traffic,timeofday:America/Anchorage:day7-19:night1-5,AM,2.0-20.0,746.7555723603917,4887.514760394111,668.6919357228602,5594.8906338697225,0.8018538659668518,4.579257503703732,4.05848400001743,,,286.3362681107586,19.53958075511952
422,,AM,R1796,00,EHZ,61.1981981981982,-149.91291617029023,2026-09-12T18:11:59.996000Z,2026-09-12T18:12:59.996000Z,100.0,100.0,60.0,,traffic,1,Traffic,timeofday:America/Anchorage:day7-19:night1-5,AM,2.0-20.0,553.4678517511989,3180.5149978241534,480.5091378579761,2804.2688029310357,0.7537346875473949,3.7186553879351503,2.0447568284623676,,,286.3362681107586,9.793620701399613
423,,AM,R1796,00,EHZ,61.1981981981982,-149.91291617029023,2026-09-12T18:12:59.996000Z,2026-09-12T18:13:59.996000Z,100.0,100.0,60.0,,traffic,1,Traffic,timeofday:America/Anchorage:day7-19:night1-5,AM,2.0-20.0,520.5745251599174,2852.4843708189,479.5828619497949,3048.76465765815,0.848714235738839,3.820548732552468,2.545340290560211,,,286.3362681107586,10.647497356076626
424,,AM,R1796,00,EHZ,61.1981981981982,-149.91291617029023,2026-09-12T18:13:59.996000Z,2026-09-12T18:14:59.996000Z,100.0,100.0,60.0,,traffic,1,Traffic,timeofday:America/Anchorage:day7-19:night1-5,AM,2.0-20.0,684.5467399559453,4198.516101600504,643.538020970377,4024.5007896327056,0.8837760092724606,5.497871734313402,2.73543441891694,,,286.3362681107586,14.055155556040061
425,,AM,R1796,00,EHZ,61.1981981981982,-149.91291617029023,2026-09-12T18:14:59.996000Z,2026-09-12T18:15:59.996000Z,100.0,100.0,60.0,,traffic,1,Traffic,timeofday:America/Anchorage:day7-19:night1-5,AM,2.0-20.0,579.265796599868,3411.516917961533,540.6307446544286,3883.937941990038,0.8710552596012462,4.482120685170168,2.5150698402706393,,,286.3362681107586,13.564254251185812
426,,AM,R1796,00,EHZ,61.1981981981982,-149.91291617029023,2026-09-12T18:15:59.996000Z,2026-09-12T18:16:59.996000Z,100.0,100.0,60.0,,traffic,1,Traffic,timeofday:America/Anchorage:day7-19:night1-5,AM,2.0-20.0,643.9277887509276,4971.4824369160415,596.6518620717966,4293.710207024009,0.8585540983002712,6.269883013180168,2.489763054369935,,,286.3362681107586,14.995341789406663
427,,AM,R1796,00,EHZ,61.1981981981982,-149.91291617029023,2026-09-12T18:16:59.996000Z,2026-09-12T18:17:59.996000Z,100.0,100.0,60.0,,traffic,1,Traffic,timeofday:America/Anchorage:day7-19:night1-5,AM,2.0-20.0,783.4483301746867,5469.518022030767,741.7589594594011,5539.749696973968,0.8964062645397859,5.52382716488143,2.9420433791375507,,,286.3362681107586,19.347006697842133
428,,AM,R1796,00,EHZ,61.1981981981982,-149.91291617029023,2026-09-12T18:17:59.996000Z,2026-09-12T18:18:59.996000Z,100.0,100.0,60.0,,traffic,1,Traffic,timeofday:America/Anchorage:day7-19:night1-5,AM,2.0-20.0,864.8916216897101,6876.518381983304,821.1228655956494,6517.925666360577,0.9013488559578449,4.091126819999216,2.835487651096119,,,286.3362681107586,22.763185779313705
429,,AM,R1796,00,EHZ,61.1981981981982,-149.91291617029023,2026-09-12T18:18:59.996000Z,2026-09-12T18:19:59.996000Z,100.0,100.0,60.0,,traffic,1,Traffic,timeofday:America/Anchorage:day7-19:night1-5,AM,2.0-20.0,722.9840324157956,6328.480839828011,650.7532228780802,5377.595204188527,0.8101682955376821,5.765744418751101,5.61518065622041,,,286.3362681107586,18.780698790515782
430,,AM,R1796,00,EHZ,61.1981981981982,-149.91291617029023,2026-09-12T18:19:59.996000Z,2026-09-12T18:20:59.996000Z,100.0,100.0,60.0,,traffic,1,Traffic,timeofday:America/Anchorage:day7-19:night1-5,AM,2.0-20.0,915.6806768434698,9722.519802756098,873.6820367284166,9454.63028047408,0.9103716270384073,7.2081502165450475,16.091179278349546,,,286.3362681107586,33.01932494565064
431,,AM,R1796,00,EHZ,61.1981981981982,-149.91291617029023,2026-09-12T18:20:59.996000Z,2026-09-12T18:21:59.996000Z,100.0,100.0,60.0,,traffic,1,Traffic,timeofday:America/Anchorage:day7-19:night1-5,AM,2.0-20.0,543.1782576409886,2924.4793617478826,501.07292754889727,3207.3486424119983,0.8509756288261778,3.049508835495496,1.9388167195930874,,,286.3362681107586,11.201335630914047
432,,AM,R1796,00,EHZ,61.1981981981982,-149.91291617029023,2026-09-12T18:21:59.996000Z,2026-09-12T18:22:59.996000Z,100.0,100.0,60.0,,traffic,1,Traffic,timeofday:America/Anchorage:day7-19:night1-5,AM,2.0-20.0,679.5502292671686,5953.520981803238,641.6662306871415,6112.51299439401,0.891610637846447,5.088454047209709,9.68719012620309,,,286.3362681107586,21.34732367200375
433,,AM,R1796,00,EHZ,61.1981981981982,-149.91291617029023,2026-09-12T18:22:59.996000Z,2026-09-12T18:23:59.996000Z,100.0,100.0,60.0,,traffic,1,Traffic,timeofday:America/Anchorage:day7-19:night1-5,AM,2.0-20.0,582.5516244853729,3046.52168550215,537.4387294687295,3190.0871955475677,0.8511166456855122,3.228738730243819,1.8687433922745713,,,286.3362681107586,11.141051801071878
434,,AM,R1796,00,EHZ,61.1981981981982,-149.91291617029023,2026-09-12T18:23:59.996000Z,2026-09-12T18:24:59.996000Z,100.0,100.0,60.0,,traffic,1,Traffic,timeofday:America/Anchorage:day7-19:night1-5,AM,2.0-20.0,803.3830049822325,7315.522470036623,766.150933300324,7443.376706614756,0.9094595533815427,4.46990032047052,6.248061158740782,,,286.3362681107586,25.995228462415945
435,,AM,R1796,00,EHZ,61.1981981981982,-149.91291617029023,2026-09-12T18:24:59.996000Z,2026-09-12T18:25:59.996000Z,100.0,100.0,60.0,,traffic,1,Traffic,timeofday:America/Anchorage:day7-19:night1-5,AM,2.0-20.0,805.4389887434237,4279.4772091594605,768.3448454527787,4193.77110048503,0.9100118905174542,3.1546145293903063,1.9577920702405036,,,286.3362681107586,14.64631472693087
436,,AM,R1796,00,EHZ,61.1981981981982,-149.91291617029023,2026-09-12T18:25:59.996000Z,2026-09-12T18:26:59.996000Z,100.0,100.0,60.0,,traffic,1,Traffic,timeofday:America/Anchorage:day7-19:night1-5,AM,2.0-20.0,662.005819043566,7320.476349451823,607.431567221843,4474.550416415752,0.8419205335954357,3.2392587377332474,3.159219306996831,,,286.3362681107586,15.626907642328206
437,,AM,R1796,00,EHZ,61.1981981981982,-149.91291617029023,2026-09-12T18:26:59.996000Z,2026-09-12T18:27:59.996000Z,100.0,100.0,60.0,,traffic,1,Traffic,timeofday:America/Anchorage:day7-19:night1-5,AM,2.0-20.0,834.4402235334838,9362.523774632708,808.1725620189161,8506.587882977261,0.9380321899011631,4.965634541228335,14.145723375058015,,,286.3362681107586,29.7083842682716
438,,AM,R1796,00,EHZ,61.1981981981982,-149.91291617029023,2026-09-12T18:27:59.996000Z,2026-09-12T18:28:59.996000Z,100.0,100.0,60.0,,traffic,1,Traffic,timeofday:America/Anchorage:day7-19:night1-5,AM,2.0-20.0,743.7493492485454,4385.524789079907,655.3872284532368,4521.904252806056,0.7765023073383773,3.120225921617758,2.817704150985418,,,286.3362681107586,15.792286051087753
439,,AM,R1796,00,EHZ,61.1981981981982,-149.91291617029023,2026-09-12T18:28:59.996000Z,2026-09-12T18:29:59.996000Z,100.0,100.0,60.0,,traffic,1,Traffic,timeofday:America/Anchorage:day7-19:night1-5,AM,2.0-20.0,1110.584171838598,9663.524929858744,1055.522199365887,11151.172492494032,0.903299529851845,5.6529702731303875,10.470649441684508,,,286.3362681107586,38.944324329115766
440,,AM,R1796,00,EHZ,61.1981981981982,-149.91291617029023,2026-09-12T18:29:59.996000Z,2026-09-12T18:30:59.996000Z,100.0,100.0,60.0,,traffic,1,Traffic,timeofday:America/Anchorage:day7-19:night1-5,AM,2.0-20.0,628.3830207646054,3697.525459194967,571.1571128945453,3785.255651053982,0.826156446397818,2.7005111589650257,1.9117454264022449,,,286.3362681107586,13.219616488085943
441,,AM,R1796,00,EHZ,61.1981981981982,-149.91291617029023,2026-09-12T18:30:59.996000Z,2026-09-12T18:31:59.996000Z,100.0,100.0,60.0,,traffic,1,Traffic,timeofday:America/Anchorage:day7-19:night1-5,AM,2.0-20.0,464.86071670582675,3073.473860048576,401.43971302809814,2653.3322739976725,0.7457529364755905,4.0511778494969946,2.301320056276431,,,286.3362681107586,9.266490380364003
442,,AM,R1796,00,EHZ,61.1981981981982,-149.91291617029023,2026-09-12T18:31:59.996000Z,2026-09-12T18:32:59.996000Z,100.0,100.0,60.0,,traffic,1,Traffic,timeofday:America/Anchorage:day7-19:night1-5,AM,2.0-20.0,939.6223956140838,10075.473115443747,894.8528988763134,10094.672712036474,0.9069776384406646,6.117894920771371,13.311202614660633,,,286.3362681107586,35.25460738397178
443,,AM,R1796,00,EHZ,61.1981981981982,-149.91291617029023,2026-09-12T18:32:59.996000Z,2026-09-12T18:33:59.996000Z,100.0,100.0,60.0,,traffic,1,Traffic,timeofday:America/Anchorage:day7-19:night1-5,AM,2.0-20.0,655.2447433395054,4626.527673972098,593.0733750550971,3930.8492400593495,0.8192373878821726,3.8827706749298545,3.5361789802619334,,,286.3362681107586,13.728087140322879
444,,AM,R1796,00,EHZ,61.1981981981982,-149.91291617029023,2026-09-12T18:33:59.996000Z,2026-09-12T18:34:59.996000Z,100.0,100.0,60.0,,traffic,1,Traffic,timeofday:America/Anchorage:day7-19:night1-5,AM,2.0-20.0,757.7532321599593,4219.47215762049,681.3826090957566,4818.690750597613,0.8085865160229546,2.6188303490364135,2.0988463177696897,,,286.3362681107586,16.828782404657453
445,,AM,R1796,00,EHZ,61.1981981981982,-149.91291617029023,2026-09-12T18:34:59.996000Z,2026-09-12T18:35:59.996000Z,100.0,100.0,60.0,,traffic,1,Traffic,timeofday:America/Anchorage:day7-19:night1-5,AM,2.0-20.0,850.4816404816191,4748.471231233281,753.1112663492767,4578.528146436007,0.7841306023969935,3.195112368716591,1.7882699818410908,,,286.3362681107586,15.990039182409726
446,,AM,R1796,00,EHZ,61.1981981981982,-149.91291617029023,2026-09-12T18:35:59.996000Z,2026-09-12T18:36:59.996000Z,100.0,100.0,60.0,,traffic,1,Traffic,timeofday:America/Anchorage:day7-19:night1-5,AM,2.0-20.0,811.4466929641449,5858.470599583452,730.1262457288517,6078.36365720783,0.8096101256987093,5.2533270695421965,6.316839452325123,,,286.3362681107586,21.22806062016789
447,,AM,R1796,00,EHZ,61.1981981981982,-149.91291617029023,2026-09-12T18:36:59.996000Z,2026-09-12T18:37:59.996000Z,100.0,100.0,60.0,,traffic,1,Traffic,timeofday:America/Anchorage:day7-19:night1-5,AM,2.0-20.0,820.15702452315,5165.4703477045405,753.3663305484573,4618.028729969943,0.8437589562900072,3.9744239474462932,2.3442814984941345,,,286.3362681107586,16.127990912361927
448,,AM,R1796,00,EHZ,61.1981981981982,-149.91291617029023,2026-09-12T18:37:59.996000Z,2026-09-12T18:38:59.996000Z,100.0,100.0,60.0,,traffic,1,Traffic,timeofday:America/Anchorage:day7-19:night1-5,AM,2.0-20.0,786.0965534771689,6920.469489168434,716.185529338001,6725.439455028203,0.8300405302533551,4.881539568473591,5.06331706643172,,,286.3362681107586,23.487906367581473
449,,AM,R1796,00,EHZ,61.1981981981982,-149.91291617029023,2026-09-12T18:38:59.996000Z,2026-09-12T18:39:59.996000Z,100.0,100.0,60.0,,traffic,1,Traffic,timeofday:America/Anchorage:day7-19:night1-5,AM,2.0-20.0,793.4450270642667,6800.468786348167,741.6414210447896,5836.000329498727,0.8736837731769103,5.636962171778366,6.994171710555044,,,286.3362681107586,20.38163159701895
450,,AM,R1796,00,EHZ,61.1981981981982,-149.91291617029023,2026-09-12T18:39:59.996000Z,2026-09-12T18:40:59.996000Z,100.0,100.0,60.0,,traffic,1,Traffic,timeofday:America/Anchorage:day7-19:night1-5,AM,2.0-20.0,889.0126463521708,5343.531733225311,845.6354196815802,4967.870975444722,0.9047955430183212,3.321948679919497,1.9043540573979918,,,286.3362681107586,17.34977901410339
451,,AM,R1796,00,EHZ,61.1981981981982,-149.91291617029023,2026-09-12T18:40:59.996000Z,2026-09-12T18:41:59.996000Z,100.0,100.0,60.0,,traffic,1,Traffic,timeofday:America/Anchorage:day7-19:night1-5,AM,2.0-20.0,708.5177821558299,4630.467944896871,658.5201423736662,4177.368159648412,0.8638465792172296,4.90155418332476,2.842550762572378,,,286.3362681107586,14.589029141193357
452,,AM,R1796,00,EHZ,61.1981981981982,-149.91291617029023,2026-09-12T18:41:59.996000Z,2026-09-12T18:42:59.996000Z,100.0,100.0,60.0,,traffic,1,Traffic,timeofday:America/Anchorage:day7-19:night1-5,AM,2.0-20.0,690.201239105591,3841.5327267802277,646.8216962663284,3719.1225584514054,0.8782490499489427,4.932813150697952,2.6419982382197595,,,286.3362681107586,12.988653456267022
453,,AM,R1796,00,EHZ,61.1981981981982,-149.91291617029023,2026-09-12T18:42:59.996000Z,2026-09-12T18:43:59.996000Z,100.0,100.0,60.0,,traffic,1,Traffic,timeofday:America/Anchorage:day7-19:night1-5,AM,2.0-20.0,661.7558706723701,5238.466414488412,615.114386592586,4588.60454292471,0.8640048169118753,4.202055661750572,3.941051731825569,,,286.3362681107586,16.025229961961287
454,,AM,R1796,00,EHZ,61.1981981981982,-149.91291617029023,2026-09-12T18:43:59.996000Z,2026-09-12T18:44:59.996000Z,100.0,100.0,60.0,,traffic,1,Traffic,timeofday:America/Anchorage:day7-19:night1-5,AM,2.0-20.0,707.9106667247761,5017.466335214893,654.8145842187511,4826.434898792635,0.855617728436809,3.006738912556703,5.687606725348859,,,286.3362681107586,16.85582804664377
455,,AM,R1796,00,EHZ,61.1981981981982,-149.91291617029023,2026-09-12T18:44:59.996000Z,2026-09-12T18:45:59.996000Z,100.0,100.0,60.0,,traffic,1,Traffic,timeofday:America/Anchorage:day7-19:night1-5,AM,2.0-20.0,1071.64928793378,11016.534732732169,1008.213039818129,12105.603336086826,0.8851141033041269,6.386473355575225,20.418218474499454,,,286.3362681107586,42.27757599817645
456,,AM,R1796,00,EHZ,61.1981981981982,-149.91291617029023,2026-09-12T18:45:59.996000Z,2026-09-12T18:46:59.996000Z,100.0,100.0,60.0,,traffic,1,Traffic,timeofday:America/Anchorage:day7-19:night1-5,AM,2.0-20.0,765.1836137483366,7416.465218746973,699.7343963791786,7583.957560628602,0.836248060015167,2.2262574789549725,9.404103885566888,,,286.3362681107586,26.486192652671676
457,,AM,R1796,00,EHZ,61.1981981981982,-149.91291617029023,2026-09-12T18:46:59.996000Z,2026-09-12T18:47:59.996000Z,100.0,100.0,60.0,,traffic,1,Traffic,timeofday:America/Anchorage:day7-19:night1-5,AM,2.0-20.0,1012.904554580131,10801.535564030204,974.5710524556433,10854.582053254391,0.9257419984644775,6.043975561766307,21.48822199688976,,,286.3362681107586,37.90851268989682
458,,AM,R1796,00,EHZ,61.1981981981982,-149.91291617029023,2026-09-12T18:47:59.996000Z,2026-09-12T18:48:59.996000Z,100.0,100.0,60.0,,traffic,1,Traffic,timeofday:America/Anchorage:day7-19:night1-5,AM,2.0-20.0,638.321927321926,3552.463593151715,582.5431855921281,3500.799333528201,0.8328690545184352,3.099284015388815,1.3248521118170862,,,286.3362681107586,12.226182022369747
459,,AM,R1796,00,EHZ,61.1981981981982,-149.91291617029023,2026-09-12T18:48:59.996000Z,2026-09-12T18:49:59.996000Z,100.0,100.0,60.0,,traffic,1,Traffic,timeofday:America/Anchorage:day7-19:night1-5,AM,2.0-20.0,597.8352267378497,4317.463340003644,539.8824982990584,4028.9755096508943,0.8155216488582577,3.1499148857062638,2.0301493572559464,,,286.3362681107586,14.070783055999158
460,,AM,R1796,00,EHZ,61.1981981981982,-149.91291617029023,2026-09-12T18:49:59.996000Z,2026-09-12T18:50:59.996000Z,100.0,100.0,60.0,,traffic,1,Traffic,timeofday:America/Anchorage:day7-19:night1-5,AM,2.0-20.0,1007.8239293502229,12803.537488170314,961.6097017745521,12277.072072303175,0.9103918075737925,7.399039045512922,20.315472931690685,,,286.3362681107586,42.876412943798805
461,,AM,R1796,00,EHZ,61.1981981981982,-149.91291617029023,2026-09-12T18:50:59.996000Z,2026-09-12T18:51:59.996000Z,100.0,100.0,60.0,,traffic,1,Traffic,timeofday:America/Anchorage:day7-19:night1-5,AM,2.0-20.0,909.1311358900496,6713.537771778156,843.3229904416207,5350.929564289039,0.8604681838883806,3.8007398942957265,3.5644625364227025,,,286.3362681107586,18.687571782625977
462,,AM,R1796,00,EHZ,61.1981981981982,-149.91291617029023,2026-09-12T18:51:59.996000Z,2026-09-12T18:52:59.996000Z,100.0,100.0,60.0,,traffic,1,Traffic,timeofday:America/Anchorage:day7-19:night1-5,AM,2.0-20.0,1140.1687919368392,11327.461674869257,1100.135516472563,10807.4599488694,0.931009413041066,6.551447184362552,18.64731654051737,,,286.3362681107586,37.74394358135915
463,,AM,R1796,00,EHZ,61.1981981981982,-149.91291617029023,2026-09-12T18:52:59.996000Z,2026-09-12T18:53:59.996000Z,100.0,100.0,60.0,,traffic,1,Traffic,timeofday:America/Anchorage:day7-19:night1-5,AM,2.0-20.0,670.8038326188571,4541.53923326161,615.9635163040515,4593.759355705643,0.843177305005127,3.2057181192176736,1.7954256595562086,,,286.3362681107586,16.043232616025843
464,,AM,R1796,00,EHZ,61.1981981981982,-149.91291617029023,2026-09-12T18:53:59.996000Z,2026-09-12T18:54:59.996000Z,100.0,100.0,60.0,,traffic,1,Traffic,timeofday:America/Anchorage:day7-19:night1-5,AM,2.0-20.0,1162.8721258330893,10375.460455599594,1132.2490566551803,8984.194730080886,0.9480254885716142,6.592145759280569,9.706757161811687,,,286.3362681107586,31.376377115474877
465,,AM,R1796,00,EHZ,61.1981981981982,-149.91291617029023,2026-09-12T18:54:59.996000Z,2026-09-12T18:55:59.996000Z,100.0,100.0,60.0,,traffic,1,Traffic,timeofday:America/Anchorage:day7-19:night1-5,AM,2.0-20.0,752.3860763850313,4591.459482351191,705.9516668512179,3587.9065821472623,0.8803764894261948,3.039072708543097,1.7080702879135368,,,286.3362681107586,12.530395139324135
466,,AM,R1796,00,EHZ,61.1981981981982,-149.91291617029023,2026-09-12T18:55:59.996000Z,2026-09-12T18:56:59.996000Z,100.0,100.0,60.0,,traffic,1,Traffic,timeofday:America/Anchorage:day7-19:night1-5,AM,2.0-20.0,691.7351300779694,5420.458949500378,645.2733778328998,5931.249693243014,0.8701774631665892,5.113330649197887,6.022346165957412,,,286.3362681107586,20.714280214578785
467,,AM,R1796,00,EHZ,61.1981981981982,-149.91291617029023,2026-09-12T18:56:59.996000Z,2026-09-12T18:57:59.996000Z,100.0,100.0,60.0,,traffic,1,Traffic,timeofday:America/Anchorage:day7-19:night1-5,AM,2.0-20.0,1190.3811982002896,6784.458589254955,1071.9515496474046,6376.566118978879,0.8109203432536157,4.005585242008225,2.1195821539717317,,,286.3362681107586,22.269502082468783
468,,AM,R1796,00,EHZ,61.1981981981982,-149.91291617029023,2026-09-12T18:57:59.996000Z,2026-09-12T18:58:59.996000Z,100.0,100.0,60.0,,traffic,1,Traffic,timeofday:America/Anchorage:day7-19:night1-5,AM,2.0-20.0,718.213995581477,4600.458093502584,659.0528014555615,4663.923675527763,0.8420399431374903,4.335753784893122,3.231574349550222,,,286.3362681107586,16.28827429476624
469,,AM,R1796,00,EHZ,61.1981981981982,-149.91291617029023,2026-09-12T18:58:59.996000Z,2026-09-12T18:59:59.996000Z,100.0,100.0,60.0,,traffic,1,Traffic,timeofday:America/Anchorage:day7-19:night1-5,AM,2.0-20.0,740.7925058647231,4329.457369985292,698.7980397945271,4148.7982364217205,0.889836458435646,2.578388755168425,2.6521183068194114,,,286.3362681107586,14.489251619417317
470,,AM,R1796,00,EHZ,61.1981981981982,-149.91291617029023,2026-09-12T18:59:59.996000Z,2026-09-12T19:00:59.996000Z,100.0,100.0,60.0,,traffic,1,Traffic,timeofday:America/Anchorage:day7-19:night1-5,AM,2.0-20.0,964.5151316051596,4743.456678001676,920.7702686652551,5179.133412895002,0.9113485029802839,5.727871830514716,1.9637946053101292,,,286.3362681107586,18.087591373132113
471,,AM,R1796,00,EHZ,61.1981981981982,-149.91291617029023,2026-09-12T19:00:59.996000Z,2026-09-12T19:01:59.996000Z,100.0,100.0,60.0,,traffic,1,Traffic,timeofday:America/Anchorage:day7-19:night1-5,AM,2.0-20.0,777.9430868792022,4186.455955851168,725.1516937776801,4359.337701936032,0.8688845596848341,2.843216780319558,1.4372554497932892,,,286.3362681107586,15.224539073233235
472,,AM,R1796,00,EHZ,61.1981981981982,-149.91291617029023,2026-09-12T19:01:59.996000Z,2026-09-12T19:02:59.996000Z,100.0,100.0,60.0,,traffic,1,Traffic,timeofday:America/Anchorage:day7-19:night1-5,AM,2.0-20.0,736.4839858474335,5372.544547320889,698.8467908754462,4707.503324856822,0.9004038317669745,4.822496644408235,3.0831177370900793,,,286.3362681107586,16.440471742950486
473,,AM,R1796,00,EHZ,61.1981981981982,-149.91291617029023,2026-09-12T19:02:59.996000Z,2026-09-12T19:03:59.996000Z,100.0,100.0,60.0,,traffic,1,Traffic,timeofday:America/Anchorage:day7-19:night1-5,AM,2.0-20.0,724.7015251916463,5844.45504928234,685.7999239197522,6265.05903774605,0.895522525934793,6.748099037538805,9.271300535392534,,,286.3362681107586,21.880075056795263
474,,AM,R1796,00,EHZ,61.1981981981982,-149.91291617029023,2026-09-12T19:03:59.996000Z,2026-09-12T19:04:59.996000Z,100.0,100.0,60.0,,traffic,1,Traffic,timeofday:America/Anchorage:day7-19:night1-5,AM,2.0-20.0,605.4524678911478,2867.54537774028,555.1191959683008,2846.7297693906157,0.840644514452302,3.393755762953461,1.5089768550879707,,,286.3362681107586,9.94191126458861
475,,AM,R1796,00,EHZ,61.1981981981982,-149.91291617029023,2026-09-12T19:04:59.996000Z,2026-09-12T19:05:59.996000Z,100.0,100.0,60.0,,traffic,1,Traffic,timeofday:America/Anchorage:day7-19:night1-5,AM,2.0-20.0,864.9310314815986,5090.453564270661,818.915547833802,4646.70246516651,0.8964277162272475,3.227364512616133,2.1216368810080493,,,286.3362681107586,16.22813098677777
476,,AM,R1796,00,EHZ,61.1981981981982,-149.91291617029023,2026-09-12T19:05:59.996000Z,2026-09-12T19:06:59.996000Z,100.0,100.0,60.0,,traffic,1,Traffic,timeofday:America/Anchorage:day7-19:night1-5,AM,2.0-20.0,1063.2260133358443,7289.547026961391,848.5855846174381,4156.326957543957,0.6370009974872693,3.7364232214592135,1.9711191811115985,,,286.3362681107586,14.515544904483548
477,,AM,R1796,00,EHZ,61.1981981981982,-149.91291617029023,2026-09-12T19:06:59.996000Z,2026-09-12T19:07:59.996000Z,100.0,100.0,60.0,,traffic,1,Traffic,timeofday:America/Anchorage:day7-19:night1-5,AM,2.0-20.0,1116.5980323559952,6969.547154072377,1016.3648104383632,6353.61489633881,0.828524821303027,4.35863943701706,4.3852195976426716,,,286.3362681107586,22.189347295261765
478,,AM,R1796,00,EHZ,61.1981981981982,-149.91291617029023,2026-09-12T19:07:59.996000Z,2026-09-12T19:08:59.996000Z,100.0,100.0,60.0,,traffic,1,Traffic,timeofday:America/Anchorage:day7-19:night1-5,AM,2.0-20.0,691.5615897408372,3795.5481307377377,623.0562568321712,4062.5228534293274,0.8116948590337479,5.500279179723439,3.0387379368651315,,,286.3362681107586,14.187943707703456
479,,AM,R1796,00,EHZ,61.1981981981982,-149.91291617029023,2026-09-12T19:08:59.996000Z,2026-09-12T19:09:59.996000Z,100.0,100.0,60.0,,traffic,1,Traffic,timeofday:America/Anchorage:day7-19:night1-5,AM,2.0-20.0,899.0026623033025,5187.548408292678,734.7036569840101,3684.739817009702,0.6678861651113989,3.155020246477994,2.161385240654046,,,286.3362681107586,12.868575264047223
480,,AM,R1796,00,EHZ,61.1981981981982,-149.91291617029023,2026-09-12T19:09:59.996000Z,2026-09-12T19:10:59.996000Z,100.0,100.0,60.0,,traffic,1,Traffic,timeofday:America/Anchorage:day7-19:night1-5,AM,2.0-20.0,1071.719484188209,8197.549165100943,988.3073863563545,9070.87399444141,0.8503972156945574,5.243860355335229,6.115012525735093,,,286.3362681107586,31.67909554137472
481,,AM,R1796,00,EHZ,61.1981981981982,-149.91291617029023,2026-09-12T19:10:59.996000Z,2026-09-12T19:11:59.996000Z,100.0,100.0,60.0,,traffic,1,Traffic,timeofday:America/Anchorage:day7-19:night1-5,AM,2.0-20.0,618.9143053075259,2764.5498109067594,539.3475556062369,2422.4120100676605,0.7594101330899827,2.6591220485583578,0.7881664038390945,,,286.3362681107586,8.460025081875552
482,,AM,R1796,00,EHZ,61.1981981981982,-149.91291617029023,2026-09-12T19:11:59.996000Z,2026-09-12T19:12:59.996000Z,100.0,100.0,60.0,,traffic,1,Traffic,timeofday:America/Anchorage:day7-19:night1-5,AM,2.0-20.0,2296.4482177416685,15279.44964091491,1835.6395696787624,13099.245335564261,0.6389421043999389,6.26447629976651,5.68882181423662,,,286.3362681107586,45.74776860085814
483,,AM,R1796,00,EHZ,61.1981981981982,-149.91291617029023,2026-09-12T19:12:59.996000Z,2026-09-12T19:13:59.996000Z,100.0,100.0,60.0,,traffic,1,Traffic,timeofday:America/Anchorage:day7-19:night1-5,AM,2.0-20.0,830.6854160030774,4448.551011334319,745.3019085398709,3664.953966127703,0.8049915008817213,3.116305757848692,1.4262613984168695,,,286.3362681107586,12.799475212514995
484,,AM,R1796,00,EHZ,61.1981981981982,-149.91291617029023,2026-09-12T19:13:59.996000Z,2026-09-12T19:14:59.996000Z,100.0,100.0,60.0,,traffic,1,Traffic,timeofday:America/Anchorage:day7-19:night1-5,AM,2.0-20.0,714.5257651885897,3339.551361231228,646.0866362746209,3299.044792054478,0.8176091232753678,4.113090959555812,2.124393108130656,,,286.3362681107586,11.521575013258063
485,,AM,R1796,00,EHZ,61.1981981981982,-149.91291617029023,2026-09-12T19:14:59.996000Z,2026-09-12T19:15:59.996000Z,100.0,100.0,60.0,,traffic,1,Traffic,timeofday:America/Anchorage:day7-19:night1-5,AM,2.0-20.0,1164.184529485532,13667.44792335456,1103.5216411381698,15021.289085462453,0.8984999587288959,6.336131027811387,18.11526073784422,,,286.3362681107586,52.46030893876154
486,,AM,R1796,00,EHZ,61.1981981981982,-149.91291617029023,2026-09-12T19:15:59.996000Z,2026-09-12T19:16:59.996000Z,100.0,100.0,60.0,,traffic,1,Traffic,timeofday:America/Anchorage:day7-19:night1-5,AM,2.0-20.0,1016.0047564574147,9120.447160200507,923.0366153499358,8963.346867080949,0.8253656224802729,5.165556644767506,9.47372555630083,,,286.3362681107586,31.303568095725158
487,,AM,R1796,00,EHZ,61.1981981981982,-149.91291617029023,2026-09-12T19:16:59.996000Z,2026-09-12T19:17:59.996000Z,100.0,100.0,60.0,,traffic,1,Traffic,timeofday:America/Anchorage:day7-19:night1-5,AM,2.0-20.0,881.6638531197585,6342.553071176633,829.2894401550916,5525.577170128261,0.8847207212048623,5.219605298599879,4.947809082779446,,,286.3362681107586,19.297510603829256
488,,AM,R1796,00,EHZ,61.1981981981982,-149.91291617029023,2026-09-12T19:20:59.996000Z,2026-09-12T19:21:59.996000Z,100.0,100.0,60.0,,traffic,1,Traffic,timeofday:America/Anchorage:day7-19:night1-5,AM,2.0-20.0,961.0702451575838,12617.555500148464,921.1732023247213,12485.866220864234,0.9186970623967334,8.365616191220717,30.698260967641005,,,286.3362681107586,43.605605057458305
489,,AM,R1796,00,EHZ,61.1981981981982,-149.91291617029023,2026-09-12T19:21:59.996000Z,2026-09-12T19:22:59.996000Z,100.0,100.0,60.0,,traffic,1,Traffic,timeofday:America/Anchorage:day7-19:night1-5,AM,2.0-20.0,923.8228659551474,6271.556264376421,874.4834942296937,5943.392425091786,0.896036742144959,3.7848252256005916,3.9567898998509214,,,286.3362681107586,20.756687458093168
490,,AM,R1796,00,EHZ,61.1981981981982,-149.91291617029023,2026-09-12T19:22:59.996000Z,2026-09-12T19:23:59.996000Z,100.0,100.0,60.0,,traffic,1,Traffic,timeofday:America/Anchorage:day7-19:night1-5,AM,2.0-20.0,562.6974831320324,2622.556858244414,494.67908102401043,2886.573871824545,0.7728534419079757,2.7291050828856847,0.9882294358634436,,,286.3362681107586,10.08106269900808
491,,AM,R1796,00,EHZ,61.1981981981982,-149.91291617029023,2026-09-12T19:23:59.996000Z,2026-09-12T19:24:59.996000Z,100.0,100.0,60.0,,traffic,1,Traffic,timeofday:America/Anchorage:day7-19:night1-5,AM,2.0-20.0,750.2258106127919,5073.557233524465,702.2125438861481,4849.290872171907,0.8760989572529511,4.17476592776575,3.8748528531503723,,,286.3362681107586,16.935650185592756
492,,AM,R1796,00,EHZ,61.1981981981982,-149.91291617029023,2026-09-12T19:24:59.996000Z,2026-09-12T19:25:59.996000Z,100.0,100.0,60.0,,traffic,1,Traffic,timeofday:America/Anchorage:day7-19:night1-5,AM,2.0-20.0,849.1745032575834,5522.4419663206645,802.0662378499492,5620.360473013758,0.892126786364971,3.921711976393842,2.621926224888661,,,286.3362681107586,19.628531551719913
493,,AM,R1796,00,EHZ,61.1981981981982,-149.91291617029023,2026-09-12T19:25:59.996000Z,2026-09-12T19:26:59.996000Z,100.0,100.0,60.0,,traffic,1,Traffic,timeofday:America/Anchorage:day7-19:night1-5,AM,2.0-20.0,1159.3465850517207,6374.441763646006,1013.0799496269462,5787.041588321044,0.7635911143047717,3.070810880265583,1.20324776189298,,,286.3362681107586,20.210648223167247
494,,AM,R1796,00,EHZ,61.1981981981982,-149.91291617029023,2026-09-12T19:26:59.996000Z,2026-09-12T19:27:59.996000Z,100.0,100.0,60.0,,traffic,1,Traffic,timeofday:America/Anchorage:day7-19:night1-5,AM,2.0-20.0,882.9423236588177,5895.440989362418,775.5318136033411,4933.6224243377665,0.7714975757313765,5.0525842050876975,2.740680924885454,,,286.3362681107586,17.230169467841833
495,,AM,R1796,00,EHZ,61.1981981981982,-149.91291617029023,2026-09-12T19:27:59.996000Z,2026-09-12T19:28:59.996000Z,100.0,100.0,60.0,,traffic,1,Traffic,timeofday:America/Anchorage:day7-19:night1-5,AM,2.0-20.0,1210.788042400289,8089.559696861175,939.444028613241,6159.607062522798,0.6020125902192252,3.705145178010076,3.2136536629348003,,,286.3362681107586,21.511794866796897
496,,AM,R1796,00,EHZ,61.1981981981982,-149.91291617029023,2026-09-12T19:28:59.996000Z,2026-09-12T19:29:59.996000Z,100.0,100.0,60.0,,traffic,1,Traffic,timeofday:America/Anchorage:day7-19:night1-5,AM,2.0-20.0,626.984284905517,3182.4399766725146,534.3870994808947,3292.1880520877257,0.7264381097064478,3.8507842287948,2.654278898252307,,,286.3362681107586,11.497628553342269
497,,AM,R1796,00,EHZ,61.1981981981982,-149.91291617029023,2026-09-12T19:29:59.996000Z,2026-09-12T19:30:59.996000Z,100.0,100.0,60.0,,traffic,1,Traffic,timeofday:America/Anchorage:day7-19:night1-5,AM,2.0-20.0,759.3920744439721,4492.56096816629,675.6209409427387,4693.608178253492,0.791542218485357,3.898096075207202,2.813584687861179,,,286.3362681107586,16.391944370937818
498,,AM,R1796,00,EHZ,61.1981981981982,-149.91291617029023,2026-09-12T19:30:59.996000Z,2026-09-12T19:31:59.996000Z,100.0,100.0,60.0,,traffic,1,Traffic,timeofday:America/Anchorage:day7-19:night1-5,AM,2.0-20.0,685.8453343665822,5480.438435036893,632.2605984728824,5388.055143810088,0.8498452648948541,4.6854076416105865,4.2710918094589125,,,286.3362681107586,18.817229055056057
499,,AM,R1796,00,EHZ,61.1981981981982,-149.91291617029023,2026-09-12T19:31:59.996000Z,2026-09-12T19:32:59.996000Z,100.0,100.0,60.0,,traffic,1,Traffic,timeofday:America/Anchorage:day7-19:night1-5,AM,2.0-20.0,720.1632479827219,3622.438211762834,674.024901767806,3577.918191550325,0.875971496959166,2.6281149834108257,2.0530757485161075,,,286.3362681107586,12.495511711308396
500,,AM,R1796,00,EHZ,61.1981981981982,-149.91291617029023,2026-09-12T19:32:59.996000Z,2026-09-12T19:33:59.996000Z,100.0,100.0,60.0,,traffic,1,Traffic,timeofday:America/Anchorage:day7-19:night1-5,AM,2.0-20.0,549.9739035564381,2282.4374696963205,495.19613710561185,2275.870281280778,0.810718962717425,3.3499450257250003,0.7975173677197529,,,286.3362681107586,7.948243148857557
501,,AM,R1796,00,EHZ,61.1981981981982,-149.91291617029023,2026-09-12T19:33:59.996000Z,2026-09-12T19:34:59.996000Z,100.0,100.0,60.0,,traffic,1,Traffic,timeofday:America/Anchorage:day7-19:night1-5,AM,2.0-20.0,813.1194801252217,5160.563439313195,771.534133382692,5376.104252017061,0.900329659730087,3.547044296152391,5.528673190247435,,,286.3362681107586,18.775491793227932
502,,AM,R1796,00,EHZ,61.1981981981982,-149.91291617029023,2026-09-12T19:34:59.996000Z,2026-09-12T19:35:59.996000Z,100.0,100.0,60.0,,traffic,1,Traffic,timeofday:America/Anchorage:day7-19:night1-5,AM,2.0-20.0,1611.2350185249034,11808.56361894777,1560.8465805055596,11325.971092572168,0.9384316574837365,5.507553594374338,7.147336938013012,,,286.3362681107586,39.55479048218626
503,,AM,R1796,00,EHZ,61.1981981981982,-149.91291617029023,2026-09-12T19:35:59.996000Z,2026-09-12T19:36:59.996000Z,100.0,100.0,60.0,,traffic,1,Traffic,timeofday:America/Anchorage:day7-19:night1-5,AM,2.0-20.0,779.1826993776111,3441.435671202784,707.935062903945,3339.9197856788223,0.8254832081992516,3.6306998390518026,1.2966422053769522,,,286.3362681107586,11.664326729252815
504,,AM,R1796,00,EHZ,61.1981981981982,-149.91291617029023,2026-09-12T19:36:59.996000Z,2026-09-12T19:37:59.996000Z,100.0,100.0,60.0,,traffic,1,Traffic,timeofday:America/Anchorage:day7-19:night1-5,AM,2.0-20.0,1305.6522529380336,9355.435097836566,1207.453163225139,9334.239707620238,0.8552351504980604,4.8220501756327625,4.503283506020698,,,286.3362681107586,32.598873238124455
505,,AM,R1796,00,EHZ,61.1981981981982,-149.91291617029023,2026-09-12T19:37:59.996000Z,2026-09-12T19:38:59.996000Z,100.0,100.0,60.0,,traffic,1,Traffic,timeofday:America/Anchorage:day7-19:night1-5,AM,2.0-20.0,751.0029552163311,5378.434343078476,698.0920662522356,5660.380297622589,0.8640564425227212,4.956231700689055,3.026648261077307,,,286.3362681107586,19.76829667778264
506,,AM,R1796,00,EHZ,61.1981981981982,-149.91291617029023,2026-09-12T19:38:59.996000Z,2026-09-12T19:39:59.996000Z,100.0,100.0,60.0,,traffic,1,Traffic,timeofday:America/Anchorage:day7-19:night1-5,AM,2.0-20.0,815.5201148917189,4061.565926763895,771.9160325255426,4582.57010084052,0.8959231685722995,3.262405777667527,2.191049400897695,,,286.3362681107586,16.004155292922665
507,,AM,R1796,00,EHZ,61.1981981981982,-149.91291617029023,2026-09-12T19:39:59.996000Z,2026-09-12T19:40:59.996000Z,100.0,100.0,60.0,,traffic,1,Traffic,timeofday:America/Anchorage:day7-19:night1-5,AM,2.0-20.0,665.351901294229,4370.566693334909,614.2845624349189,4530.481927139092,0.8523861764459028,4.823756408190361,3.455366845861879,,,286.3362681107586,15.82224269747988
508,,AM,R1796,00,EHZ,61.1981981981982,-149.91291617029023,2026-09-12T19:40:59.996000Z,2026-09-12T19:41:59.996000Z,100.0,100.0,60.0,,traffic,1,Traffic,timeofday:America/Anchorage:day7-19:night1-5,AM,2.0-20.0,754.827476776696,4754.432491768472,712.1735638879782,5020.4650344137535,0.8901768495001448,4.646160139372386,4.355913875809609,,,286.3362681107586,17.533458361871826
509,,AM,R1796,00,EHZ,61.1981981981982,-149.91291617029023,2026-09-12T19:41:59.996000Z,2026-09-12T19:42:59.996000Z,100.0,100.0,60.0,,traffic,1,Traffic,timeofday:America/Anchorage:day7-19:night1-5,AM,2.0-20.0,870.5450686319301,4850.567974402769,747.3291328681112,5047.343460762579,0.7369555699697841,3.544683075083619,2.437303184409971,,,286.3362681107586,17.627328504575605
510,,AM,R1796,00,EHZ,61.1981981981982,-149.91291617029023,2026-09-12T19:42:59.996000Z,2026-09-12T19:43:59.996000Z,100.0,100.0,60.0,,traffic,1,Traffic,timeofday:America/Anchorage:day7-19:night1-5,AM,2.0-20.0,773.0349528874043,5743.431775670866,725.180423680971,5339.923482179931,0.8800227133467405,4.476942711079157,2.7220114553603176,,,286.3362681107586,18.64913417155517
511,,AM,R1796,00,EHZ,61.1981981981982,-149.91291617029023,2026-09-12T19:43:59.996000Z,2026-09-12T19:44:59.996000Z,100.0,100.0,60.0,,traffic,1,Traffic,timeofday:America/Anchorage:day7-19:night1-5,AM,2.0-20.0,923.167669614749,8693.568766747441,859.5121675452735,8823.40951818043,0.866847867223783,4.977147267169652,8.533726024534504,,,286.3362681107586,30.814851280968078
512,,AM,R1796,00,EHZ,61.1981981981982,-149.91291617029023,2026-09-12T19:44:59.996000Z,2026-09-12T19:45:59.996000Z,100.0,100.0,60.0,,traffic,1,Traffic,timeofday:America/Anchorage:day7-19:night1-5,AM,2.0-20.0,774.7931119032606,4269.4305807104465,643.3480761620118,3174.8925997915208,0.6894781553647807,2.938377232865638,0.9598556147077271,,,286.3362681107586,11.087986236390531
513,,AM,R1796,00,EHZ,61.1981981981982,-149.91291617029023,2026-09-12T19:45:59.996000Z,2026-09-12T19:46:59.996000Z,100.0,100.0,60.0,,traffic,1,Traffic,timeofday:America/Anchorage:day7-19:night1-5,AM,2.0-20.0,1196.698086641558,9901.570287978917,1136.556239501851,10842.106982755748,0.9020127320643331,4.675511410189043,8.149272451805077,,,286.3362681107586,37.86494478779013
514,,AM,R1796,00,EHZ,61.1981981981982,-149.91291617029023,2026-09-12T19:46:59.996000Z,2026-09-12T19:47:59.996000Z,100.0,100.0,60.0,,traffic,1,Traffic,timeofday:America/Anchorage:day7-19:night1-5,AM,2.0-20.0,626.3326506321073,2762.4293639790994,564.8445280394978,2478.4798210171425,0.8132943359136339,2.8802408387585303,0.4081201957751577,,,286.3362681107586,8.655836151564404
515,,AM,R1796,00,EHZ,61.1981981981982,-149.91291617029023,2026-09-12T19:47:59.996000Z,2026-09-12T19:48:59.996000Z,100.0,100.0,60.0,,traffic,1,Traffic,timeofday:America/Anchorage:day7-19:night1-5,AM,2.0-20.0,1426.4991383814984,12218.571542687358,1338.510163914884,12733.970733791723,0.8804411234991951,5.616942009692686,12.945924845704527,,,286.3362681107586,44.47208458016941
516,,AM,R1796,00,EHZ,61.1981981981982,-149.91291617029023,2026-09-12T19:48:59.996000Z,2026-09-12T19:49:59.996000Z,100.0,100.0,60.0,,traffic,1,Traffic,timeofday:America/Anchorage:day7-19:night1-5,AM,2.0-20.0,801.3004370400173,5661.428235502997,754.0792996281918,5797.123515573747,0.8856115642309343,3.9027160341289213,4.458983297015754,,,286.3362681107586,20.24585831834388
517,,AM,R1796,00,EHZ,61.1981981981982,-149.91291617029023,2026-09-12T19:49:59.996000Z,2026-09-12T19:50:59.996000Z,100.0,100.0,60.0,,traffic,1,Traffic,timeofday:America/Anchorage:day7-19:night1-5,AM,2.0-20.0,787.8455123178944,5066.572723784673,744.8820056354837,5530.684407998173,0.8939080224366387,4.420347057317402,6.228242064477387,,,286.3362681107586,19.315347107404612
518,,AM,R1796,00,EHZ,61.1981981981982,-149.91291617029023,2026-09-12T19:50:59.996000Z,2026-09-12T19:51:59.996000Z,100.0,100.0,60.0,,traffic,1,Traffic,timeofday:America/Anchorage:day7-19:night1-5,AM,2.0-20.0,738.0957692819336,3968.5731348940135,696.1899261163699,3992.217619390167,0.8896722355113454,3.0334699579532884,2.121948999621358,,,286.3362681107586,13.942409900536681
519,,AM,R1796,00,EHZ,61.1981981981982,-149.91291617029023,2026-09-12T19:51:59.996000Z,2026-09-12T19:52:59.996000Z,100.0,100.0,60.0,,traffic,1,Traffic,timeofday:America/Anchorage:day7-19:night1-5,AM,2.0-20.0,1501.6196247977607,14325.426207194363,1376.9483616620857,12742.801987836361,0.8408440131336766,6.269600650405001,9.798966110523407,,,286.3362681107586,44.502926827653134
520,,AM,R1796,00,EHZ,61.1981981981982,-149.91291617029023,2026-09-12T19:52:59.996000Z,2026-09-12T19:53:59.996000Z,100.0,100.0,60.0,,traffic,1,Traffic,timeofday:America/Anchorage:day7-19:night1-5,AM,2.0-20.0,1003.6781576781931,7723.574028380761,943.3987917257791,6857.71734197709,0.8834900958705928,2.886839398679952,2.743215119459512,,,286.3362681107586,23.949873298357144
521,,AM,R1796,00,EHZ,61.1981981981982,-149.91291617029023,2026-09-12T19:53:59.996000Z,2026-09-12T19:54:59.996000Z,100.0,100.0,60.0,,traffic,1,Traffic,timeofday:America/Anchorage:day7-19:night1-5,AM,2.0-20.0,647.2935714770496,3927.5751056024346,591.7638976210661,4075.5187972721706,0.8357845612748348,3.3497952435600635,1.8059114719129372,,,286.3362681107586,14.233330706453527
522,,AM,R1796,00,EHZ,61.1981981981982,-149.91291617029023,2026-09-12T19:54:59.996000Z,2026-09-12T19:55:59.996000Z,100.0,100.0,60.0,,traffic,1,Traffic,timeofday:America/Anchorage:day7-19:night1-5,AM,2.0-20.0,1184.6939825260256,15280.42447079191,1150.1743595510436,15277.708603713025,0.942573007125718,8.011003942575398,27.63787044449444,,,286.3362681107586,53.35582776333247
523,,AM,R1796,00,EHZ,61.1981981981982,-149.91291617029023,2026-09-12T19:55:59.996000Z,2026-09-12T19:56:59.996000Z,100.0,100.0,60.0,,traffic,1,Traffic,timeofday:America/Anchorage:day7-19:night1-5,AM,2.0-20.0,800.9548518499137,5112.576028572679,756.0101125369963,4994.090997980853,0.8909208782035658,5.259059170838704,3.6331268522751285,,,286.3362681107586,17.441349749131582
524,,AM,R1796,00,EHZ,61.1981981981982,-149.91291617029023,2026-09-12T19:56:59.996000Z,2026-09-12T19:57:59.996000Z,100.0,100.0,60.0,,traffic,1,Traffic,timeofday:America/Anchorage:day7-19:night1-5,AM,2.0-20.0,795.8772018861381,5857.423300335988,752.5439425055196,5681.499924901358,0.8940701589059853,7.843780476696832,5.014970536565485,,,286.3362681107586,19.84205480635684
525,,AM,R1796,00,EHZ,61.1981981981982,-149.91291617029023,2026-09-12T19:57:59.996000Z,2026-09-12T19:58:59.996000Z,100.0,100.0,60.0,,traffic,1,Traffic,timeofday:America/Anchorage:day7-19:night1-5,AM,2.0-20.0,849.9491750220028,5659.422733803691,801.9498936181102,4904.616588825228,0.890242974061881,3.628421318083129,2.6523929581863275,,,286.3362681107586,17.128869567190343
526,,AM,R1796,00,EHZ,61.1981981981982,-149.91291617029023,2026-09-12T19:58:59.996000Z,2026-09-12T19:59:59.996000Z,100.0,100.0,60.0,,traffic,1,Traffic,timeofday:America/Anchorage:day7-19:night1-5,AM,2.0-20.0,750.7277337465091,4369.578055514528,697.3872799611873,4356.554504422209,0.862945013205066,5.204190855216293,2.182559507405257,,,286.3362681107586,15.214819041844313
527,,AM,R1796,00,EHZ,61.1981981981982,-149.91291617029023,2026-09-12T19:59:59.996000Z,2026-09-12T20:00:59.996000Z,100.0,100.0,60.0,,traffic,1,Traffic,timeofday:America/Anchorage:day7-19:night1-5,AM,2.0-20.0,1210.5180172106661,10272.421324746196,1166.409231012479,9284.581274641281,0.928451838189012,5.499237693420568,5.4770233989470665,,,286.3362681107586,32.42544626253871
528,,AM,R1796,00,EHZ,61.1981981981982,-149.91291617029023,2026-09-12T20:00:59.996000Z,2026-09-12T20:01:59.996000Z,100.0,100.0,60.0,,traffic,1,Traffic,timeofday:America/Anchorage:day7-19:night1-5,AM,2.0-20.0,771.265244546293,5826.421273198881,724.0485370271224,5549.640862147746,0.8813082553890083,2.6330444286949484,4.346610462270135,,,286.3362681107586,19.381550576055815
529,,AM,R1796,00,EHZ,61.1981981981982,-149.91291617029023,2026-09-12T20:03:59.996000Z,2026-09-12T20:04:59.996000Z,100.0,100.0,60.0,,traffic,1,Traffic,timeofday:America/Anchorage:day7-19:night1-5,AM,2.0-20.0,1137.6854345053162,9101.205037019507,1101.6316971637846,9905.728976266528,0.9376234289415081,4.431367196820254,6.762199743692019,,,286.3362681107586,34.5947407976794
530,,AM,R1796,00,EHZ,61.1981981981982,-149.91291617029023,2026-09-12T20:04:59.996000Z,2026-09-12T20:05:59.996000Z,100.0,100.0,60.0,,traffic,1,Traffic,timeofday:America/Anchorage:day7-19:night1-5,AM,2.0-20.0,691.1882193893083,4135.795095419325,649.8267384689309,4201.1403687164475,0.8838987094649293,2.847503342203061,2.4209625503933507,,,286.3362681107586,14.672051139157094
531,,AM,R1796,00,EHZ,61.1981981981982,-149.91291617029023,2026-09-12T20:05:59.996000Z,2026-09-12T20:06:59.996000Z,100.0,100.0,60.0,,traffic,1,Traffic,timeofday:America/Anchorage:day7-19:night1-5,AM,2.0-20.0,1486.0398819471427,13067.795654775753,1451.146921349764,12767.460508801349,0.9535903323697491,4.368136423826686,8.304129200237513,,,286.3362681107586,44.5890441788629
532,,AM,R1796,00,EHZ,61.1981981981982,-149.91291617029023,2026-09-12T20:06:59.996000Z,2026-09-12T20:07:59.996000Z,100.0,100.0,60.0,,traffic,1,Traffic,timeofday:America/Anchorage:day7-19:night1-5,AM,2.0-20.0,1126.0932468370231,10676.204060122229,1085.6803724590216,10048.122533060838,0.929512565087168,4.9158061509928945,6.584184627391428,,,286.3362681107586,35.09203566617028
533,,AM,R1796,00,EHZ,61.1981981981982,-149.91291617029023,2026-09-12T20:07:59.996000Z,2026-09-12T20:08:59.996000Z,100.0,100.0,60.0,,traffic,1,Traffic,timeofday:America/Anchorage:day7-19:night1-5,AM,2.0-20.0,680.6050908824405,3960.7963074093236,626.4315536755112,3336.9196732882792,0.8471432679145454,2.744205458227762,0.7599310063642255,,,286.3362681107586,11.653849144941411
534,,AM,R1796,00,EHZ,61.1981981981982,-149.91291617029023,2026-09-12T20:08:59.996000Z,2026-09-12T20:09:59.996000Z,100.0,100.0,60.0,,traffic,1,Traffic,timeofday:America/Anchorage:day7-19:night1-5,AM,2.0-20.0,960.7018532503548,7789.796616841842,925.1689440866429,7694.089541608566,0.9273951814781111,3.688399524740211,3.7823253273621544,,,286.3362681107586,26.870817281981168
535,,AM,R1796,00,EHZ,61.1981981981982,-149.91291617029023,2026-09-12T20:09:59.996000Z,2026-09-12T20:10:59.996000Z,100.0,100.0,60.0,,traffic,1,Traffic,timeofday:America/Anchorage:day7-19:night1-5,AM,2.0-20.0,671.1682787384325,3817.7970114617633,617.2250146300343,3861.519934064845,0.8457153097813264,3.196896468891868,1.978669245739722,,,286.3362681107586,13.485961661591393
536,,AM,R1796,00,EHZ,61.1981981981982,-149.91291617029023,2026-09-12T20:10:59.996000Z,2026-09-12T20:11:59.996000Z,100.0,100.0,60.0,,traffic,1,Traffic,timeofday:America/Anchorage:day7-19:night1-5,AM,2.0-20.0,957.8867509435053,5485.797522034615,911.5459823723737,5662.725593559627,0.905584185829296,3.7620122567504817,4.144613460420549,,,286.3362681107586,19.776487382901877
537,,AM,R1796,00,EHZ,61.1981981981982,-149.91291617029023,2026-09-12T20:11:59.996000Z,2026-09-12T20:12:59.996000Z,100.0,100.0,60.0,,traffic,1,Traffic,timeofday:America/Anchorage:day7-19:night1-5,AM,2.0-20.0,1175.8607741485569,10144.202285711512,1141.2369807488599,10024.339424408161,0.9419760622743114,4.669534443472677,9.806188249114102,,,286.3362681107586,35.00897560252694
538,,AM,R1796,00,EHZ,61.1981981981982,-149.91291617029023,2026-09-12T20:12:59.996000Z,2026-09-12T20:13:59.996000Z,100.0,100.0,60.0,,traffic,1,Traffic,timeofday:America/Anchorage:day7-19:night1-5,AM,2.0-20.0,547.7663467184963,2216.2017194297773,493.3824984679114,2260.3509761760774,0.8112912388970058,2.2220933633540505,0.43064015744450534,,,286.3362681107586,7.894043570134622
539,,AM,R1796,00,EHZ,61.1981981981982,-149.91291617029023,2026-09-12T20:13:59.996000Z,2026-09-12T20:14:59.996000Z,100.0,100.0,60.0,,traffic,1,Traffic,timeofday:America/Anchorage:day7-19:night1-5,AM,2.0-20.0,1172.5259457095594,10874.20145050724,1123.5669545766532,11265.895154909806,0.9182332017195585,4.205075732651256,10.912952891957733,,,286.3362681107586,39.344981441722254
540,,AM,R1796,00,EHZ,61.1981981981982,-149.91291617029023,2026-09-12T20:14:59.996000Z,2026-09-12T20:15:59.996000Z,100.0,100.0,60.0,,traffic,1,Traffic,timeofday:America/Anchorage:day7-19:night1-5,AM,2.0-20.0,1425.8931038947671,8714.798881662351,1376.0565712124926,9147.913695269788,0.9313193790951245,3.942442028835621,5.476892419204969,,,286.3362681107586,31.94814878194632
541,,AM,R1796,00,EHZ,61.1981981981982,-149.91291617029023,2026-09-12T20:15:59.996000Z,2026-09-12T20:16:59.996000Z,100.0,100.0,60.0,,traffic,1,Traffic,timeofday:America/Anchorage:day7-19:night1-5,AM,2.0-20.0,1158.717437411458,11431.79933989704,1116.4692460290175,11096.768069527543,0.9284070803853309,5.22632731668562,14.132364995162835,,,286.3362681107586,38.75432247107156
542,,AM,R1796,00,EHZ,61.1981981981982,-149.91291617029023,2026-09-12T20:16:59.996000Z,2026-09-12T20:17:59.996000Z,100.0,100.0,60.0,,traffic,1,Traffic,timeofday:America/Anchorage:day7-19:night1-5,AM,2.0-20.0,728.0835475021977,2772.2002295082134,654.0320375096696,3377.9113721076415,0.8069295325554242,2.772437419697511,0.6946902620177253,,,286.3362681107586,11.79700844184021
543,,AM,R1796,00,EHZ,61.1981981981982,-149.91291617029023,2026-09-12T20:17:59.996000Z,2026-09-12T20:18:59.996000Z,100.0,100.0,60.0,,traffic,1,Traffic,timeofday:America/Anchorage:day7-19:night1-5,AM,2.0-20.0,766.2212766820435,5017.8000843981745,693.5516326528679,4586.212997885335,0.8193117475320115,4.129766832818225,3.0230791924012514,,,286.3362681107586,16.016877736603483
544,,AM,R1796,00,EHZ,61.1981981981982,-149.91291617029023,2026-09-12T20:18:59.996000Z,2026-09-12T20:19:59.996000Z,100.0,100.0,60.0,,traffic,1,Traffic,timeofday:America/Anchorage:day7-19:night1-5,AM,2.0-20.0,906.5339373071606,7100.199712316488,865.3021841012045,7654.596948143879,0.91110297676572,3.272856919300335,5.43692818277718,,,286.3362681107586,26.73289345652497
545,,AM,R1796,00,EHZ,61.1981981981982,-149.91291617029023,2026-09-12T20:19:59.996000Z,2026-09-12T20:20:59.996000Z,100.0,100.0,60.0,,traffic,1,Traffic,timeofday:America/Anchorage:day7-19:night1-5,AM,2.0-20.0,684.3156030828741,4074.800896497661,625.8591806847464,4299.80095574819,0.8364507397431885,4.877405036554585,3.242881913500466,,,286.3362681107586,15.016613103600871
546,,AM,R1796,00,EHZ,61.1981981981982,-149.91291617029023,2026-09-12T20:20:59.996000Z,2026-09-12T20:21:59.996000Z,100.0,100.0,60.0,,traffic,1,Traffic,timeofday:America/Anchorage:day7-19:night1-5,AM,2.0-20.0,1585.907660642831,23286.80111265304,1504.4960711639455,22079.814560371386,0.8999664550017705,8.662077363272832,40.54095305699827,,,286.3362681107586,77.11148401162588
547,,AM,R1796,00,EHZ,61.1981981981982,-149.91291617029023,2026-09-12T20:21:59.996000Z,2026-09-12T20:22:59.996000Z,100.0,100.0,60.0,,traffic,1,Traffic,timeofday:America/Anchorage:day7-19:night1-5,AM,2.0-20.0,832.1974436574495,4803.8016322961985,762.2910879890624,4849.733887497286,0.8390521026422444,4.186947072977738,3.091185435690595,,,286.3362681107586,16.93719737110405
548,,AM,R1796,00,EHZ,61.1981981981982,-149.91291617029023,2026-09-12T20:22:59.996000Z,2026-09-12T20:23:59.996000Z,100.0,100.0,60.0,,traffic,1,Traffic,timeofday:America/Anchorage:day7-19:night1-5,AM,2.0-20.0,1878.7652163336747,17169.198236184253,1830.6888283356877,16778.644408737793,0.9494761072514681,5.597759149624735,10.907846949128581,,,286.3362681107586,58.597691865731775
549,,AM,R1796,00,EHZ,61.1981981981982,-149.91291617029023,2026-09-12T20:23:59.996000Z,2026-09-12T20:24:59.996000Z,100.0,100.0,60.0,,traffic,1,Traffic,timeofday:America/Anchorage:day7-19:night1-5,AM,2.0-20.0,751.7470029361031,4914.802023606683,693.8930726197807,4713.174643981755,0.8520041161918411,3.8260691746890747,3.0147148936012407,,,286.3362681107586,16.460278242358868
550,,AM,R1796,00,EHZ,61.1981981981982,-149.91291617029023,2026-09-12T20:24:59.996000Z,2026-09-12T20:25:59.996000Z,100.0,100.0,60.0,,traffic,1,Traffic,timeofday:America/Anchorage:day7-19:night1-5,AM,2.0-20.0,747.9787004802015,4363.802511565037,690.3267125920878,4129.126409070201,0.8517867810333469,4.060567331787542,2.70502580645151,,,286.3362681107586,14.420549783351232
551,,AM,R1796,00,EHZ,61.1981981981982,-149.91291617029023,2026-09-12T20:25:59.996000Z,2026-09-12T20:26:59.996000Z,100.0,100.0,60.0,,traffic,1,Traffic,timeofday:America/Anchorage:day7-19:night1-5,AM,2.0-20.0,1193.3675933613963,14192.802945591793,1149.0841884904498,13507.02877014623,0.927161132413775,5.860341781970684,13.042733743241982,,,286.3362681107586,47.17191035304523
552,,AM,R1796,00,EHZ,61.1981981981982,-149.91291617029023,2026-09-12T20:26:59.996000Z,2026-09-12T20:27:59.996000Z,100.0,100.0,60.0,,traffic,1,Traffic,timeofday:America/Anchorage:day7-19:night1-5,AM,2.0-20.0,1003.5799362538118,5624.803225055507,878.009372905743,5738.963108962205,0.7654104085127647,3.94021661469149,3.4526816492230026,,,286.3362681107586,20.042739073285325
553,,AM,R1796,00,EHZ,61.1981981981982,-149.91291617029023,2026-09-12T20:27:59.996000Z,2026-09-12T20:28:59.996000Z,100.0,100.0,60.0,,traffic,1,Traffic,timeofday:America/Anchorage:day7-19:night1-5,AM,2.0-20.0,848.9464200891799,4577.803558573384,802.0262459956497,3893.3974788372716,0.892517208978388,3.730617003686709,1.415372396048988,,,286.3362681107586,13.5972907118118
554,,AM,R1796,00,EHZ,61.1981981981982,-149.91291617029023,2026-09-12T20:28:59.996000Z,2026-09-12T20:29:59.996000Z,100.0,100.0,60.0,,traffic,1,Traffic,timeofday:America/Anchorage:day7-19:night1-5,AM,2.0-20.0,676.3270133381249,4465.196041413533,579.3768812461835,3808.785699197487,0.7338526303986295,4.151225945481066,2.826759026421249,,,286.3362681107586,13.301792763898838
555,,AM,R1796,00,EHZ,61.1981981981982,-149.91291617029023,2026-09-12T20:29:59.996000Z,2026-09-12T20:30:59.996000Z,100.0,100.0,60.0,,traffic,1,Traffic,timeofday:America/Anchorage:day7-19:night1-5,AM,2.0-20.0,753.7808303874884,4130.804474491189,686.2432156129399,4097.158458228312,0.8288309321627239,3.3971036177380793,1.6439707489401911,,,286.3362681107586,14.308904999220978
556,,AM,R1796,00,EHZ,61.1981981981982,-149.91291617029023,2026-09-12T20:30:59.996000Z,2026-09-12T20:31:59.996000Z,100.0,100.0,60.0,,traffic,1,Traffic,timeofday:America/Anchorage:day7-19:night1-5,AM,2.0-20.0,1637.7959289333678,24691.804676612093,1598.1350876711692,23666.24760140725,0.9521544443893672,9.26315004089459,53.32858288812514,,,286.3362681107586,82.65193842734877
557,,AM,R1796,00,EHZ,61.1981981981982,-149.91291617029023,2026-09-12T20:31:59.996000Z,2026-09-12T20:32:59.996000Z,100.0,100.0,60.0,,traffic,1,Traffic,timeofday:America/Anchorage:day7-19:night1-5,AM,2.0-20.0,1797.7301535634065,13157.194772305076,1713.3355316311604,12944.936380128021,0.9083136423077729,7.315661139264233,12.087787095218298,,,286.3362681107586,45.208860426723
558,,AM,R1796,00,EHZ,61.1981981981982,-149.91291617029023,2026-09-12T20:32:59.996000Z,2026-09-12T20:33:59.996000Z,100.0,100.0,60.0,,traffic,1,Traffic,timeofday:America/Anchorage:day7-19:night1-5,AM,2.0-20.0,1595.4956534866842,13034.805392370145,1529.4503315892582,12927.128301311353,0.9189238112011252,4.719529322274011,7.005567948882414,,,286.3362681107586,45.146667540945145
559,,AM,R1796,00,EHZ,61.1981981981982,-149.91291617029023,2026-09-12T20:33:59.996000Z,2026-09-12T20:34:59.996000Z,100.0,100.0,60.0,,traffic,1,Traffic,timeofday:America/Anchorage:day7-19:night1-5,AM,2.0-20.0,645.201255089493,3443.1940418384115,596.6950663711546,3471.9693773140707,0.8552921517700383,2.7362331629561227,1.372327708277135,,,286.3362681107586,12.12549636209922
560,,AM,R1796,00,EHZ,61.1981981981982,-149.91291617029023,2026-09-12T20:34:59.996000Z,2026-09-12T20:35:59.996000Z,100.0,100.0,60.0,,traffic,1,Traffic,timeofday:America/Anchorage:day7-19:night1-5,AM,2.0-20.0,1524.3911703351043,16116.80636093254,1485.2841941584159,15679.454179506361,0.9493498144036651,4.867912925147143,9.852085745144322,,,286.3362681107586,54.758882913991684
561,,AM,R1796,00,EHZ,61.1981981981982,-149.91291617029023,2026-09-12T20:35:59.996000Z,2026-09-12T20:36:59.996000Z,100.0,100.0,60.0,,traffic,1,Traffic,timeofday:America/Anchorage:day7-19:night1-5,AM,2.0-20.0,797.5996418016712,9101.806732447676,749.6471894733171,8453.253002799578,0.8833726188634466,5.326576867684988,12.110948849577385,,,286.3362681107586,29.52211767853924
562,,AM,R1796,00,EHZ,61.1981981981982,-149.91291617029023,2026-09-12T20:36:59.996000Z,2026-09-12T20:37:59.996000Z,100.0,100.0,60.0,,traffic,1,Traffic,timeofday:America/Anchorage:day7-19:night1-5,AM,2.0-20.0,1061.3557375989421,7390.192843637739,1022.276553329338,7902.207017417697,0.9277155925896969,5.13591922308859,4.974521734281603,,,286.3362681107586,27.597646185571644
563,,AM,R1796,00,EHZ,61.1981981981982,-149.91291617029023,2026-09-12T20:37:59.996000Z,2026-09-12T20:38:59.996000Z,100.0,100.0,60.0,,traffic,1,Traffic,timeofday:America/Anchorage:day7-19:night1-5,AM,2.0-20.0,729.0278040856191,5977.192833525566,684.2759087331743,6002.763682184157,0.8809967699709139,5.954397555482394,8.372524772867909,,,286.3362681107586,20.9640354740609
564,,AM,R1796,00,EHZ,61.1981981981982,-149.91291617029023,2026-09-12T20:38:59.996000Z,2026-09-12T20:39:59.996000Z,100.0,100.0,60.0,,traffic,1,Traffic,timeofday:America/Anchorage:day7-19:night1-5,AM,2.0-20.0,916.6092659919135,6508.807696842628,797.1748660132954,6998.195925052078,0.7563776865227831,3.346215273805177,4.126125571301248,,,286.3362681107586,24.44048031786558
565,,AM,R1796,00,EHZ,61.1981981981982,-149.91291617029023,2026-09-12T20:39:59.996000Z,2026-09-12T20:40:59.996000Z,100.0,100.0,60.0,,traffic,1,Traffic,timeofday:America/Anchorage:day7-19:night1-5,AM,2.0-20.0,985.3255254699434,6035.8079630073,908.8538903818866,5671.023668268101,0.8508023365502912,3.9962694073022336,2.467868582810884,,,286.3362681107586,19.805467556329518
566,,AM,R1796,00,EHZ,61.1981981981982,-149.91291617029023,2026-09-12T20:40:59.996000Z,2026-09-12T20:41:59.996000Z,100.0,100.0,60.0,,traffic,1,Traffic,timeofday:America/Anchorage:day7-19:night1-5,AM,2.0-20.0,1455.9250528130078,9310.808336483587,1211.0672239113626,10371.875101732086,0.6919241084443272,7.1292898993207725,6.068331872304249,,,286.3362681107586,36.222708251963766
567,,AM,R1796,00,EHZ,61.1981981981982,-149.91291617029023,2026-09-12T20:41:59.996000Z,2026-09-12T20:42:59.996000Z,100.0,100.0,60.0,,traffic,1,Traffic,timeofday:America/Anchorage:day7-19:night1-5,AM,2.0-20.0,1033.8737316823367,9761.808775474503,990.9851278656936,8974.41286774498,0.918754060875959,4.458814829776814,5.196551579082643,,,286.3362681107586,31.342214966193385
568,,AM,R1796,00,EHZ,61.1981981981982,-149.91291617029023,2026-09-12T20:42:59.996000Z,2026-09-12T20:43:59.996000Z,100.0,100.0,60.0,,traffic,1,Traffic,timeofday:America/Anchorage:day7-19:night1-5,AM,2.0-20.0,919.91768595418,5120.190795646756,769.9730679911454,4801.233527269407,0.70057257549263,3.7916487815987585,1.8872860233271966,,,286.3362681107586,16.767814845628383
569,,AM,R1796,00,EHZ,61.1981981981982,-149.91291617029023,2026-09-12T20:43:59.996000Z,2026-09-12T20:44:59.996000Z,100.0,100.0,60.0,,traffic,1,Traffic,timeofday:America/Anchorage:day7-19:night1-5,AM,2.0-20.0,954.94860583429,5220.190319516584,826.229101132568,5150.181076035128,0.7485847523902094,4.88097552121727,2.9732938463363183,,,286.3362681107586,17.986478311028943
570,,AM,R1796,00,EHZ,61.1981981981982,-149.91291617029023,2026-09-12T20:44:59.996000Z,2026-09-12T20:45:59.996000Z,100.0,100.0,60.0,,traffic,1,Traffic,timeofday:America/Anchorage:day7-19:night1-5,AM,2.0-20.0,564.5645166789853,3635.1902265458707,507.15713882660765,3593.69706184565,0.8069710008586194,3.117187151864343,1.7703017168175768,,,286.3362681107586,12.5506177947935
571,,AM,R1796,00,EHZ,61.1981981981982,-149.91291617029023,2026-09-12T20:45:59.996000Z,2026-09-12T20:46:59.996000Z,100.0,100.0,60.0,,traffic,1,Traffic,timeofday:America/Anchorage:day7-19:night1-5,AM,2.0-20.0,1167.7931363458267,12189.810402063627,1106.4060434662022,10762.889860361982,0.8976297582896915,4.147221359698181,9.67248022290524,,,286.3362681107586,37.588287126095935
572,,AM,R1796,00,EHZ,61.1981981981982,-149.91291617029023,2026-09-12T20:46:59.996000Z,2026-09-12T20:47:59.996000Z,100.0,100.0,60.0,,traffic,1,Traffic,timeofday:America/Anchorage:day7-19:night1-5,AM,2.0-20.0,877.5435011666102,5143.189285010559,808.5227423256722,4728.522164838454,0.8488817016253247,3.8892419171372623,2.3388909902981503,,,286.3362681107586,16.513877882243683
573,,AM,R1796,00,EHZ,61.1981981981982,-149.91291617029023,2026-09-12T20:47:59.996000Z,2026-09-12T20:48:59.996000Z,100.0,100.0,60.0,,traffic,1,Traffic,timeofday:America/Anchorage:day7-19:night1-5,AM,2.0-20.0,1372.8298566803796,11185.811147606626,1332.303215435975,12549.014045287917,0.9418304352342551,4.300743123327048,8.264238693223556,,,286.3362681107586,43.82614234685001
574,,AM,R1796,00,EHZ,61.1981981981982,-149.91291617029023,2026-09-12T20:48:59.996000Z,2026-09-12T20:49:59.996000Z,100.0,100.0,60.0,,traffic,1,Traffic,timeofday:America/Anchorage:day7-19:night1-5,AM,2.0-20.0,1207.2339444129684,8931.811373445173,1154.1954248074453,8129.874538977778,0.9140623492150609,4.744461817720446,4.154214544555953,,,286.3362681107586,28.392751615499282
575,,AM,R1796,00,EHZ,61.1981981981982,-149.91291617029023,2026-09-12T20:49:59.996000Z,2026-09-12T20:50:59.996000Z,100.0,100.0,60.0,,traffic,1,Traffic,timeofday:America/Anchorage:day7-19:night1-5,AM,2.0-20.0,817.386555075637,4526.811894007623,751.1235776870337,3667.145253826413,0.8444380798993285,3.1639083151731056,1.2118520383317612,,,286.3362681107586,12.807128059683704
576,,AM,R1796,00,EHZ,61.1981981981982,-149.91291617029023,2026-09-12T20:50:59.996000Z,2026-09-12T20:51:59.996000Z,100.0,100.0,60.0,,traffic,1,Traffic,timeofday:America/Anchorage:day7-19:night1-5,AM,2.0-20.0,786.0183173182022,4045.187701934425,718.887727221534,3823.978279601163,0.8364823950067017,3.3047373500766613,1.9000493750802807,,,286.3362681107586,13.354851290169076
577,,AM,R1796,00,EHZ,61.1981981981982,-149.91291617029023,2026-09-12T20:51:59.996000Z,2026-09-12T20:52:59.996000Z,100.0,100.0,60.0,,traffic,1,Traffic,timeofday:America/Anchorage:day7-19:night1-5,AM,2.0-20.0,846.68614924148,5394.812342313998,684.4045294749106,5754.179766849633,0.6534025718893025,2.9420663858938716,3.12983725093119,,,286.3362681107586,20.095881687693996
578,,AM,R1796,00,EHZ,61.1981981981982,-149.91291617029023,2026-09-12T20:52:59.996000Z,2026-09-12T20:53:59.996000Z,100.0,100.0,60.0,,traffic,1,Traffic,timeofday:America/Anchorage:day7-19:night1-5,AM,2.0-20.0,746.7616962791345,3859.1873130753743,648.9525210970751,4213.7947334044975,0.7551996514044367,2.892190019535751,1.6583403251981936,,,286.3362681107586,14.716245207800734
579,,AM,R1796,00,EHZ,61.1981981981982,-149.91291617029023,2026-09-12T20:53:59.996000Z,2026-09-12T20:54:59.996000Z,100.0,100.0,60.0,,traffic,1,Traffic,timeofday:America/Anchorage:day7-19:night1-5,AM,2.0-20.0,791.394510951115,4229.18691116243,703.8357727583822,4281.79961521342,0.7909637954368299,2.500078806851311,2.7074967012455113,,,286.3362681107586,14.953745271127037
580,,AM,R1796,00,EHZ,61.1981981981982,-149.91291617029023,2026-09-12T20:54:59.996000Z,2026-09-12T20:55:59.996000Z,100.0,100.0,60.0,,traffic,1,Traffic,timeofday:America/Anchorage:day7-19:night1-5,AM,2.0-20.0,687.9652285307517,7408.813655854733,613.8426894425129,6899.9556158068235,0.7961248847472845,5.949418104006043,11.84075174341089,,,286.3362681107586,24.097386130414435
581,,AM,R1796,00,EHZ,61.1981981981982,-149.91291617029023,2026-09-12T20:55:59.996000Z,2026-09-12T20:56:59.996000Z,100.0,100.0,60.0,,traffic,1,Traffic,timeofday:America/Anchorage:day7-19:night1-5,AM,2.0-20.0,1339.4981598083016,18569.813878567704,1286.5239845414135,17777.85787403969,0.9224684715888452,6.449990945286693,34.06326054131569,,,286.3362681107586,62.08734224042825
582,,AM,R1796,00,EHZ,61.1981981981982,-149.91291617029023,2026-09-12T20:56:59.996000Z,2026-09-12T20:57:59.996000Z,100.0,100.0,60.0,,traffic,1,Traffic,timeofday:America/Anchorage:day7-19:night1-5,AM,2.0-20.0,1191.5310646292285,17120.18548473306,1149.2789544923846,16927.19597804454,0.9303367339139497,7.053427740162283,40.69032483907221,,,286.3362681107586,59.11649296028709
583,,AM,R1796,00,EHZ,61.1981981981982,-149.91291617029023,2026-09-12T20:57:59.996000Z,2026-09-12T20:58:59.996000Z,100.0,100.0,60.0,,traffic,1,Traffic,timeofday:America/Anchorage:day7-19:night1-5,AM,2.0-20.0,1183.316858738581,9230.814516247512,1159.910231477873,10278.828773670386,0.9608302215657252,4.768752778774163,9.612780724635359,,,286.3362681107586,35.897753510199415
584,,AM,R1796,00,EHZ,61.1981981981982,-149.91291617029023,2026-09-12T20:58:59.996000Z,2026-09-12T20:59:59.996000Z,100.0,100.0,60.0,,traffic,1,Traffic,timeofday:America/Anchorage:day7-19:night1-5,AM,2.0-20.0,1089.07982109658,9949.184811568717,994.4800818159025,8440.98541076544,0.8338208597107468,4.605408702441084,6.379293864218091,,,286.3362681107586,29.479274373654807
585,,AM,R1796,00,EHZ,61.1981981981982,-149.91291617029023,2026-09-12T20:59:59.996000Z,2026-09-12T21:00:59.996000Z,100.0,100.0,60.0,,traffic,1,Traffic,timeofday:America/Anchorage:day7-19:night1-5,AM,2.0-20.0,867.3118128518369,5865.815438722907,801.6061562471725,5526.274410165584,0.8542235979076352,3.909905947977252,1.8936245264989378,,,286.3362681107586,19.299945643029577
586,,AM,R1796,00,EHZ,61.1981981981982,-149.91291617029023,2026-09-12T21:00:59.996000Z,2026-09-12T21:01:59.996000Z,100.0,100.0,60.0,,traffic,1,Traffic,timeofday:America/Anchorage:day7-19:night1-5,AM,2.0-20.0,985.2296800976361,8283.184038079347,943.0391444695113,8460.439126310814,0.9161877218191103,5.3178754980244225,6.608706739574721,,,286.3362681107586,29.547214476645358
587,,AM,R1796,00,EHZ,61.1981981981982,-149.91291617029023,2026-09-12T21:01:59.996000Z,2026-09-12T21:02:59.996000Z,100.0,100.0,60.0,,traffic,1,Traffic,timeofday:America/Anchorage:day7-19:night1-5,AM,2.0-20.0,787.5457304543755,3585.1839160591157,682.1734640852569,3644.198112189437,0.7503054148629574,3.2847674937241944,1.7609170520626494,,,286.3362681107586,12.726987524960734
588,,AM,R1796,00,EHZ,61.1981981981982,-149.91291617029023,2026-09-12T21:02:59.996000Z,2026-09-12T21:03:59.996000Z,100.0,100.0,60.0,,traffic,1,Traffic,timeofday:America/Anchorage:day7-19:night1-5,AM,2.0-20.0,1149.9406233533289,8519.183437109794,1110.688524887858,9260.79720389935,0.9328970875767718,5.566065704018538,5.332370377953811,,,286.3362681107586,32.34238283889749
589,,AM,R1796,00,EHZ,61.1981981981982,-149.91291617029023,2026-09-12T21:03:59.996000Z,2026-09-12T21:04:59.996000Z,100.0,100.0,60.0,,traffic,1,Traffic,timeofday:America/Anchorage:day7-19:night1-5,AM,2.0-20.0,593.1520360432005,4031.1832396466166,515.3006224433785,3786.018526339255,0.7547259506668511,3.2719912910353295,2.7771564803422013,,,286.3362681107586,13.222280751646778
590,,AM,R1796,00,EHZ,61.1981981981982,-149.91291617029023,2026-09-12T21:04:59.996000Z,2026-09-12T21:05:59.996000Z,100.0,100.0,60.0,,traffic,1,Traffic,timeofday:America/Anchorage:day7-19:night1-5,AM,2.0-20.0,787.6875008646726,3743.182737040934,745.4768396749373,3766.184761740423,0.8956955214087878,2.7793586705926128,1.1633295180991832,,,286.3362681107586,13.153013366380863
591,,AM,R1796,00,EHZ,61.1981981981982,-149.91291617029023,2026-09-12T21:05:59.996000Z,2026-09-12T21:06:59.996000Z,100.0,100.0,60.0,,traffic,1,Traffic,timeofday:America/Anchorage:day7-19:night1-5,AM,2.0-20.0,667.5475275307083,3550.1822558240315,620.78521031737,3677.00395099693,0.8648052948307332,2.950406977272924,1.4698854014919318,,,286.3362681107586,12.841558546731553
592,,AM,R1796,00,EHZ,61.1981981981982,-149.91291617029023,2026-09-12T21:06:59.996000Z,2026-09-12T21:07:59.996000Z,100.0,100.0,60.0,,traffic,1,Traffic,timeofday:America/Anchorage:day7-19:night1-5,AM,2.0-20.0,1231.6316374753833,9759.181955400541,1176.7542320198095,10179.704608560021,0.9128719552542593,3.1554189871359157,7.867285474205332,,,286.3362681107586,35.55157254694113
593,,AM,R1796,00,EHZ,61.1981981981982,-149.91291617029023,2026-09-12T21:07:59.996000Z,2026-09-12T21:08:59.996000Z,100.0,100.0,60.0,,traffic,1,Traffic,timeofday:America/Anchorage:day7-19:night1-5,AM,2.0-20.0,1520.906362799964,13093.181701431764,1489.3246118605903,11921.527031673038,0.9589010174174063,4.3437510054301915,8.082558557054776,,,286.3362681107586,41.63470841584635
594,,AM,R1796,00,EHZ,61.1981981981982,-149.91291617029023,2026-09-12T21:08:59.996000Z,2026-09-12T21:09:59.996000Z,100.0,100.0,60.0,,traffic,1,Traffic,timeofday:America/Anchorage:day7-19:night1-5,AM,2.0-20.0,702.9628014285117,6067.81864710116,651.5594608426209,6062.106229070282,0.8590994128955242,5.13409343278373,4.658379338905819,,,286.3362681107586,21.171283222582826
595,,AM,R1796,00,EHZ,61.1981981981982,-149.91291617029023,2026-09-12T21:09:59.996000Z,2026-09-12T21:10:59.996000Z,100.0,100.0,60.0,,traffic,1,Traffic,timeofday:America/Anchorage:day7-19:night1-5,AM,2.0-20.0,1530.48500636629,17615.819067154735,1489.4985567450958,16648.96010261374,0.947157090629767,6.826513035940027,13.696258878261172,,,286.3362681107586,58.14478274953874
596,,AM,R1796,00,EHZ,61.1981981981982,-149.91291617029023,2026-09-12T21:10:59.996000Z,2026-09-12T21:11:59.996000Z,100.0,100.0,60.0,,traffic,1,Traffic,timeofday:America/Anchorage:day7-19:night1-5,AM,2.0-20.0,995.3294798187123,11544.180427297862,941.3188761138288,11349.46045922919,0.8944164965376231,5.234481711504603,18.987031669972268,,,286.3362681107586,39.636824682086974
597,,AM,R1796,00,EHZ,61.1981981981982,-149.91291617029023,2026-09-12T21:11:59.996000Z,2026-09-12T21:12:59.996000Z,100.0,100.0,60.0,,traffic,1,Traffic,timeofday:America/Anchorage:day7-19:night1-5,AM,2.0-20.0,841.4770385555508,10905.820030630399,802.103818826515,10479.298786416934,0.908608150713064,5.082492135813462,20.211986315930275,,,286.3362681107586,36.5978744346958
598,,AM,R1796,00,EHZ,61.1981981981982,-149.91291617029023,2026-09-12T21:12:59.996000Z,2026-09-12T21:13:59.996000Z,100.0,100.0,60.0,,traffic,1,Traffic,timeofday:America/Anchorage:day7-19:night1-5,AM,2.0-20.0,803.5241867551224,7090.179961096005,765.4620553739816,6497.417816341462,0.9075058359639825,4.9308899061242295,5.635748318269307,,,286.3362681107586,22.691564219968722
599,,AM,R1796,00,EHZ,61.1981981981982,-149.91291617029023,2026-09-12T21:13:59.996000Z,2026-09-12T21:14:59.996000Z,100.0,100.0,60.0,,traffic,1,Traffic,timeofday:America/Anchorage:day7-19:night1-5,AM,2.0-20.0,821.9347021290483,5099.179287992946,771.0699277023996,5326.86633113481,0.8800612475141241,3.4938695744565784,3.752723089588584,,,286.3362681107586,18.603533412939182
600,,AM,R1796,00,EHZ,61.1981981981982,-149.91291617029023,2026-09-12T21:14:59.996000Z,2026-09-12T21:15:59.996000Z,100.0,100.0,60.0,,traffic,1,Traffic,timeofday:America/Anchorage:day7-19:night1-5,AM,2.0-20.0,1806.858217535181,16276.179073921288,1772.7547013967987,15090.542970806891,0.9626072785575939,7.586099225051556,9.577495400320718,,,286.3362681107586,52.702171018620916
601,,AM,R1796,00,EHZ,61.1981981981982,-149.91291617029023,2026-09-12T21:15:59.996000Z,2026-09-12T21:16:59.996000Z,100.0,100.0,60.0,,traffic,1,Traffic,timeofday:America/Anchorage:day7-19:night1-5,AM,2.0-20.0,892.0482480556136,7668.821219699467,841.6990231060485,6963.187166281299,0.8903011964435273,6.487310973681581,5.758546491222097,,,286.3362681107586,24.318215824437047
602,,AM,R1796,00,EHZ,61.1981981981982,-149.91291617029023,2026-09-12T21:16:59.996000Z,2026-09-12T21:17:59.996000Z,100.0,100.0,60.0,,traffic,1,Traffic,timeofday:America/Anchorage:day7-19:night1-5,AM,2.0-20.0,915.3820749832455,4363.178494830802,847.4621022711851,3951.7840013778705,0.8571084258545442,4.905933224904027,0.7163400354169038,,,286.3362681107586,13.80119964352287
603,,AM,R1796,00,EHZ,61.1981981981982,-149.91291617029023,2026-09-12T21:17:59.996000Z,2026-09-12T21:18:59.996000Z,100.0,100.0,60.0,,traffic,1,Traffic,timeofday:America/Anchorage:day7-19:night1-5,AM,2.0-20.0,894.9764494261751,4513.821912597875,707.8424796677457,3380.0134947056276,0.6255327178761131,2.1990366218649764,1.1831327024337384,,,286.3362681107586,11.8043498890549
604,,AM,R1796,00,EHZ,61.1981981981982,-149.91291617029023,2026-09-12T21:18:59.996000Z,2026-09-12T21:19:59.996000Z,100.0,100.0,60.0,,traffic,1,Traffic,timeofday:America/Anchorage:day7-19:night1-5,AM,2.0-20.0,1040.028388048914,11798.177530435849,965.3355989057142,10444.703670490559,0.8615217709155413,5.00686842220882,10.862180342605171,,,286.3362681107586,36.47705454640629
605,,AM,R1796,00,EHZ,61.1981981981982,-149.91291617029023,2026-09-12T21:19:59.996000Z,2026-09-12T21:20:59.996000Z,100.0,100.0,60.0,,traffic,1,Traffic,timeofday:America/Anchorage:day7-19:night1-5,AM,2.0-20.0,1056.128257819677,4887.17714366052,781.3529957460557,3729.022947553892,0.5473451039458377,3.013090667259678,0.7204943511034827,,,286.3362681107586,13.02322954810411
606,,AM,R1796,00,EHZ,61.1981981981982,-149.91291617029023,2026-09-12T21:20:59.996000Z,2026-09-12T21:21:59.996000Z,100.0,100.0,60.0,,traffic,1,Traffic,timeofday:America/Anchorage:day7-19:night1-5,AM,2.0-20.0,719.4037522963147,4221.823164362423,653.5422503244657,3691.3006822007155,0.8252811791161254,4.367167122544078,1.8452465376186993,,,286.3362681107586,12.891488411705051
607,,AM,R1796,00,EHZ,61.1981981981982,-149.91291617029023,2026-09-12T21:21:59.996000Z,2026-09-12T21:22:59.996000Z,100.0,100.0,60.0,,traffic,1,Traffic,timeofday:America/Anchorage:day7-19:night1-5,AM,2.0-20.0,1187.5294413504887,12015.17652528577,1149.4594670807862,12185.443685247707,0.9369114619710093,5.732452864758143,16.529472969826575,,,286.3362681107586,42.55641021532843
608,,AM,R1796,00,EHZ,61.1981981981982,-149.91291617029023,2026-09-12T21:22:59.996000Z,2026-09-12T21:23:59.996000Z,100.0,100.0,60.0,,traffic,1,Traffic,timeofday:America/Anchorage:day7-19:night1-5,AM,2.0-20.0,651.2144916531645,3295.176101187328,597.5526918179909,3505.1226196971493,0.8419848967141998,2.8118369621894175,1.7187510073489793,,,286.3362681107586,12.241280655167728
609,,AM,R1796,00,EHZ,61.1981981981982,-149.91291617029023,2026-09-12T21:23:59.996000Z,2026-09-12T21:24:59.996000Z,100.0,100.0,60.0,,traffic,1,Traffic,timeofday:America/Anchorage:day7-19:night1-5,AM,2.0-20.0,1256.089126781318,11084.82425371933,1213.0522435704925,11217.339537103151,0.9326487197685869,5.673446990341361,7.1974072015450155,,,286.3362681107586,39.17540593482953
610,,AM,R1796,00,EHZ,61.1981981981982,-149.91291617029023,2026-09-12T21:24:59.996000Z,2026-09-12T21:25:59.996000Z,100.0,100.0,60.0,,traffic,1,Traffic,timeofday:America/Anchorage:day7-19:night1-5,AM,2.0-20.0,528.358568996873,2324.8246607190044,477.24480004252246,2459.8237206628496,0.815877393334652,2.5861235257126785,0.8621608104067806,,,286.3362681107586,8.59068163768677
611,,AM,R1796,00,EHZ,61.1981981981982,-149.91291617029023,2026-09-12T21:25:59.996000Z,2026-09-12T21:26:59.996000Z,100.0,100.0,60.0,,traffic,1,Traffic,timeofday:America/Anchorage:day7-19:night1-5,AM,2.0-20.0,950.7066416253135,6095.17496476285,907.4108377156977,6269.8866701074285,0.9109926397777117,3.467060669202706,2.608408467929393,,,286.3362681107586,21.896935066856965
612,,AM,R1796,00,EHZ,61.1981981981982,-149.91291617029023,2026-09-12T21:26:59.996000Z,2026-09-12T21:27:59.996000Z,100.0,100.0,60.0,,traffic,1,Traffic,timeofday:America/Anchorage:day7-19:night1-5,AM,2.0-20.0,946.7697566541727,5164.174536742111,793.7640364043626,4464.775452852643,0.7029008739546331,3.818425890788631,2.1388442747165604,,,286.3362681107586,15.592769586301968
613,,AM,R1796,00,EHZ,61.1981981981982,-149.91291617029023,2026-09-12T21:27:59.996000Z,2026-09-12T21:28:59.996000Z,100.0,100.0,60.0,,traffic,1,Traffic,timeofday:America/Anchorage:day7-19:night1-5,AM,2.0-20.0,910.6273134147951,5548.825849297787,848.9288224206075,6397.077685763951,0.869082915730905,4.231730254438923,4.300307615413289,,,286.3362681107586,22.341136622237034
614,,AM,R1796,00,EHZ,61.1981981981982,-149.91291617029023,2026-09-12T21:28:59.996000Z,2026-09-12T21:29:59.996000Z,100.0,100.0,60.0,,traffic,1,Traffic,timeofday:America/Anchorage:day7-19:night1-5,AM,2.0-20.0,1085.5987306286536,7630.826002144825,1036.2503127235375,7321.235030785052,0.9111517120876166,3.02511823411499,3.5590360001897468,,,286.3362681107586,25.568661207643814
615,,AM,R1796,00,EHZ,61.1981981981982,-149.91291617029023,2026-09-12T21:29:59.996000Z,2026-09-12T21:30:59.996000Z,100.0,100.0,60.0,,traffic,1,Traffic,timeofday:America/Anchorage:day7-19:night1-5,AM,2.0-20.0,859.2467428028284,5448.17364797396,814.6233812764054,6218.521725489675,0.8988308148607412,3.5180947987484124,5.087354362714089,,,286.3362681107586,21.717548274688937
616,,AM,R1796,00,EHZ,61.1981981981982,-149.91291617029023,2026-09-12T21:30:59.996000Z,2026-09-12T21:31:59.996000Z,100.0,100.0,60.0,,traffic,1,Traffic,timeofday:America/Anchorage:day7-19:night1-5,AM,2.0-20.0,988.200620024899,5334.826744255813,935.2406035737954,5126.966045970731,0.8956873960149135,4.756835654858511,1.8098630330111867,,,286.3362681107586,17.905402203494365
617,,AM,R1796,00,EHZ,61.1981981981982,-149.91291617029023,2026-09-12T21:31:59.996000Z,2026-09-12T21:32:59.996000Z,100.0,100.0,60.0,,traffic,1,Traffic,timeofday:America/Anchorage:day7-19:night1-5,AM,2.0-20.0,725.1811277331071,3030.8272755432986,612.1582313234265,2858.6541788413197,0.7125812658580697,3.336558077921974,0.7438107935566114,,,286.3362681107586,9.9835560395568
618,,AM,R1796,00,EHZ,61.1981981981982,-149.91291617029023,2026-09-12T21:32:59.996000Z,2026-09-12T21:33:59.996000Z,100.0,100.0,60.0,,traffic,1,Traffic,timeofday:America/Anchorage:day7-19:night1-5,AM,2.0-20.0,949.2613555915418,6278.172427036222,896.1361977897363,7191.446029521303,0.8912025863563201,4.050410989487933,3.691850791786914,,,286.3362681107586,25.115386454431114
619,,AM,R1796,00,EHZ,61.1981981981982,-149.91291617029023,2026-09-12T21:33:59.996000Z,2026-09-12T21:34:59.996000Z,100.0,100.0,60.0,,traffic,1,Traffic,timeofday:America/Anchorage:day7-19:night1-5,AM,2.0-20.0,855.2079181175415,4284.172087634896,566.4557804775643,3182.888049984693,0.43872117827867324,3.395605435977383,1.6884761430768718,,,286.3362681107586,11.115909524788213
620,,AM,R1796,00,EHZ,61.1981981981982,-149.91291617029023,2026-09-12T21:34:59.996000Z,2026-09-12T21:35:59.996000Z,100.0,100.0,60.0,,traffic,1,Traffic,timeofday:America/Anchorage:day7-19:night1-5,AM,2.0-20.0,1119.674774146023,5317.828207089008,815.270027894396,4033.205834584525,0.5301749026281773,4.247158396133929,1.372330116133102,,,286.3362681107586,14.085557031233039
621,,AM,R1796,00,EHZ,61.1981981981982,-149.91291617029023,2026-09-12T21:35:59.996000Z,2026-09-12T21:36:59.996000Z,100.0,100.0,60.0,,traffic,1,Traffic,timeofday:America/Anchorage:day7-19:night1-5,AM,2.0-20.0,1092.3089413880352,7422.171291531028,1042.2761195728076,7760.526532931939,0.9104887780812315,3.9329842878402803,2.987062170673588,,,286.3362681107586,27.10284164886184
622,,AM,R1796,00,EHZ,61.1981981981982,-149.91291617029023,2026-09-12T21:36:59.996000Z,2026-09-12T21:37:59.996000Z,100.0,100.0,60.0,,traffic,1,Traffic,timeofday:America/Anchorage:day7-19:night1-5,AM,2.0-20.0,628.6435844535931,2569.829071833086,574.7316442941616,2616.6311516720066,0.8358363297618197,2.376053346715025,0.631510840474728,,,286.3362681107586,9.138315481082751
623,,AM,R1796,00,EHZ,61.1981981981982,-149.91291617029023,2026-09-12T21:37:59.996000Z,2026-09-12T21:38:59.996000Z,100.0,100.0,60.0,,traffic,1,Traffic,timeofday:America/Anchorage:day7-19:night1-5,AM,2.0-20.0,817.6500112579143,3871.1704430277173,769.6090825171784,3927.994938058845,0.8859423748940373,3.3949216896707886,1.2850475887636108,,,286.3362681107586,13.718118783819047
624,,AM,R1796,00,EHZ,61.1981981981982,-149.91291617029023,2026-09-12T21:38:59.996000Z,2026-09-12T21:39:59.996000Z,100.0,100.0,60.0,,traffic,1,Traffic,timeofday:America/Anchorage:day7-19:night1-5,AM,2.0-20.0,660.3645678110829,3298.170331609945,586.6315846539901,3590.816858925333,0.7891568999960022,3.0350784083923488,1.26931850237409,,,286.3362681107586,12.54055898198812
625,,AM,R1796,00,EHZ,61.1981981981982,-149.91291617029023,2026-09-12T21:39:59.996000Z,2026-09-12T21:40:59.996000Z,100.0,100.0,60.0,,traffic,1,Traffic,timeofday:America/Anchorage:day7-19:night1-5,AM,2.0-20.0,1178.836689936719,13434.830194345664,1028.5758223108148,12494.701869640456,0.7613166616401541,5.44491181933568,12.672482658543451,,,286.3362681107586,43.636462653090604
626,,AM,R1796,00,EHZ,61.1981981981982,-149.91291617029023,2026-09-12T21:40:59.996000Z,2026-09-12T21:41:59.996000Z,100.0,100.0,60.0,,traffic,1,Traffic,timeofday:America/Anchorage:day7-19:night1-5,AM,2.0-20.0,944.2475766845582,10375.169626699502,885.8268123559806,10614.05958863144,0.8800875655426158,4.080393089127698,18.012976031170673,,,286.3362681107586,37.068512691957636
627,,AM,R1796,00,EHZ,61.1981981981982,-149.91291617029023,2026-09-12T21:41:59.996000Z,2026-09-12T21:42:59.996000Z,100.0,100.0,60.0,,traffic,1,Traffic,timeofday:America/Anchorage:day7-19:night1-5,AM,2.0-20.0,704.2627076166004,4491.168938581396,639.7188893627695,4175.951385630437,0.825104517680977,3.5144624803264293,3.8128367872185853,,,286.3362681107586,14.58408120348598
628,,AM,R1796,00,EHZ,61.1981981981982,-149.91291617029023,2026-09-12T21:42:59.996000Z,2026-09-12T21:43:59.996000Z,100.0,100.0,60.0,,traffic,1,Traffic,timeofday:America/Anchorage:day7-19:night1-5,AM,2.0-20.0,975.3203598355245,7755.168901380851,903.5915197819003,7296.786721469198,0.8583209488429441,3.5597212714456905,9.160297859803103,,,286.3362681107586,25.48327799902283
629,,AM,R1796,00,EHZ,61.1981981981982,-149.91291617029023,2026-09-12T21:43:59.996000Z,2026-09-12T21:44:59.996000Z,100.0,100.0,60.0,,traffic,1,Traffic,timeofday:America/Anchorage:day7-19:night1-5,AM,2.0-20.0,713.225783386259,5003.83171576818,642.9976433110888,4949.3842939663755,0.8127644377494204,3.331056581625269,3.0181800101742207,,,286.3362681107586,17.285216178244973
630,,AM,R1796,00,EHZ,61.1981981981982,-149.91291617029023,2026-09-12T21:44:59.996000Z,2026-09-12T21:45:59.996000Z,100.0,100.0,60.0,,traffic,1,Traffic,timeofday:America/Anchorage:day7-19:night1-5,AM,2.0-20.0,1127.7089472106902,11146.168115144017,1090.7992510873867,9829.246460364904,0.9356116263881843,5.1202070182704995,9.866247666661765,,,286.3362681107586,34.327633468222835
631,,AM,R1796,00,EHZ,61.1981981981982,-149.91291617029023,2026-09-12T21:45:59.996000Z,2026-09-12T21:46:59.996000Z,100.0,100.0,60.0,,traffic,1,Traffic,timeofday:America/Anchorage:day7-19:night1-5,AM,2.0-20.0,766.810472463564,3267.8323155733046,711.5912427817213,2896.3749201047735,0.8611625173375865,3.2496137694013454,0.8258980791900856,,,286.3362681107586,10.115291853229078
632,,AM,R1796,00,EHZ,61.1981981981982,-149.91291617029023,2026-09-12T21:46:59.996000Z,2026-09-12T21:47:59.996000Z,100.0,100.0,60.0,,traffic,1,Traffic,timeofday:America/Anchorage:day7-19:night1-5,AM,2.0-20.0,893.6306900757685,7502.167100372052,853.4241521930434,7186.270654317386,0.9120396262975919,4.075166344861915,5.415798222708931,,,286.3362681107586,25.097311988216745
633,,AM,R1796,00,EHZ,61.1981981981982,-149.91291617029023,2026-09-12T21:47:59.996000Z,2026-09-12T21:48:59.996000Z,100.0,100.0,60.0,,traffic,1,Traffic,timeofday:America/Anchorage:day7-19:night1-5,AM,2.0-20.0,728.201393906344,4033.16709828833,682.9959059605687,3604.0580559981126,0.8796971582097778,4.273173523285154,1.6580955001724584,,,286.3362681107586,12.58680250244798
634,,AM,R1796,00,EHZ,61.1981981981982,-149.91291617029023,2026-09-12T21:48:59.996000Z,2026-09-12T21:49:59.996000Z,100.0,100.0,60.0,,traffic,1,Traffic,timeofday:America/Anchorage:day7-19:night1-5,AM,2.0-20.0,1776.079008866868,24660.166483406876,1751.406734138441,25146.711428993833,0.9724101146009921,7.640786698548863,39.640374477618174,,,286.3362681107586,87.82230625170666
635,,AM,R1796,00,EHZ,61.1981981981982,-149.91291617029023,2026-09-12T21:49:59.996000Z,2026-09-12T21:50:59.996000Z,100.0,100.0,60.0,,traffic,1,Traffic,timeofday:America/Anchorage:day7-19:night1-5,AM,2.0-20.0,832.2083219935246,4529.166313215927,784.8161796915455,4256.647120035939,0.8893481109381253,2.9005302904588977,1.2841043899912465,,,286.3362681107586,14.865902765727924
636,,AM,R1796,00,EHZ,61.1981981981982,-149.91291617029023,2026-09-12T21:50:59.996000Z,2026-09-12T21:51:59.996000Z,100.0,100.0,60.0,,traffic,1,Traffic,timeofday:America/Anchorage:day7-19:night1-5,AM,2.0-20.0,2750.8774051740706,14369.834235538041,2195.802196420154,12670.012680866228,0.6371533310857539,5.455213407702236,5.552039409246307,,,286.3362681107586,44.24871765097288
637,,AM,R1796,00,EHZ,61.1981981981982,-149.91291617029023,2026-09-12T21:51:59.996000Z,2026-09-12T21:52:59.996000Z,100.0,100.0,60.0,,traffic,1,Traffic,timeofday:America/Anchorage:day7-19:night1-5,AM,2.0-20.0,1000.7814060254377,6018.834613549482,903.8152550165725,6290.869776373817,0.8156068769388268,4.103444753084874,2.8453275845166974,,,286.3362681107586,21.97021640982073
638,,AM,R1796,00,EHZ,61.1981981981982,-149.91291617029023,2026-09-12T21:52:59.996000Z,2026-09-12T21:53:59.996000Z,100.0,100.0,60.0,,traffic,1,Traffic,timeofday:America/Anchorage:day7-19:night1-5,AM,2.0-20.0,874.2674200968104,6685.165027192562,786.6972586649763,7457.090792566275,0.8097047454512588,3.498231600839308,5.59881503863148,,,286.3362681107586,26.043123498703192
639,,AM,R1796,00,EHZ,61.1981981981982,-149.91291617029023,2026-09-12T21:53:59.996000Z,2026-09-12T21:54:59.996000Z,100.0,100.0,60.0,,traffic,1,Traffic,timeofday:America/Anchorage:day7-19:night1-5,AM,2.0-20.0,965.6263394239323,8471.164542727503,902.6346714274606,7971.380212019569,0.8737874759747811,3.5514310147804817,5.56326488523062,,,286.3362681107586,27.839226461302257
640,,AM,R1796,00,EHZ,61.1981981981982,-149.91291617029023,2026-09-12T21:54:59.996000Z,2026-09-12T21:55:59.996000Z,100.0,100.0,60.0,,traffic,1,Traffic,timeofday:America/Anchorage:day7-19:night1-5,AM,2.0-20.0,750.4056971446126,5086.835736858778,693.1251708983858,5601.321155197671,0.8531611991420227,4.519888235871126,3.2122108345117644,,,286.3362681107586,19.5620386902263
641,,AM,R1796,00,EHZ,61.1981981981982,-149.91291617029023,2026-09-12T21:55:59.996000Z,2026-09-12T21:56:59.996000Z,100.0,100.0,60.0,,traffic,1,Traffic,timeofday:America/Anchorage:day7-19:night1-5,AM,2.0-20.0,1076.5477638965615,8201.83614391974,999.0830229800547,7927.3035977073705,0.8612645107516335,4.890290746225357,5.9571546020691155,,,286.3362681107586,27.68529341396943
642,,AM,R1796,00,EHZ,61.1981981981982,-149.91291617029023,2026-09-12T21:56:59.996000Z,2026-09-12T21:57:59.996000Z,100.0,100.0,60.0,,traffic,1,Traffic,timeofday:America/Anchorage:day7-19:night1-5,AM,2.0-20.0,815.7536800408433,6329.163751526511,772.6505904239934,5095.441994881494,0.8971151653220614,2.668192311215139,2.9602929686670754,,,286.3362681107586,17.795307693646794
643,,AM,R1796,00,EHZ,61.1981981981982,-149.91291617029023,2026-09-12T21:57:59.996000Z,2026-09-12T21:58:59.996000Z,100.0,100.0,60.0,,traffic,1,Traffic,timeofday:America/Anchorage:day7-19:night1-5,AM,2.0-20.0,558.1882291090026,3417.163418744062,498.67789775017474,2826.8644840023126,0.7981396605501336,3.812877763422133,1.466905429658313,,,286.3362681107586,9.872533796203715
644,,AM,R1796,00,EHZ,61.1981981981982,-149.91291617029023,2026-09-12T21:58:59.996000Z,2026-09-12T21:59:59.996000Z,100.0,100.0,60.0,,traffic,1,Traffic,timeofday:America/Anchorage:day7-19:night1-5,AM,2.0-20.0,1019.0154179214762,5836.837030665457,950.064549444583,5421.818750869004,0.8692500340152209,2.997392508823848,1.658141739702561,,,286.3362681107586,18.93514498404992
645,,AM,R1796,00,EHZ,61.1981981981982,-149.91291617029023,2026-09-12T21:59:59.996000Z,2026-09-12T22:00:59.996000Z,100.0,100.0,60.0,,traffic,1,Traffic,timeofday:America/Anchorage:day7-19:night1-5,AM,2.0-20.0,755.3496274931769,4414.16256055758,696.8343887618863,4228.118568376364,0.8510657458754929,3.462667676896458,2.4929003878969187,,,286.3362681107586,14.766269729899784
646,,AM,R1796,00,EHZ,61.1981981981982,-149.91291617029023,2026-09-12T22:00:59.996000Z,2026-09-12T22:01:59.996000Z,100.0,100.0,60.0,,traffic,1,Traffic,timeofday:America/Anchorage:day7-19:night1-5,AM,2.0-20.0,924.7803884915287,5508.837938799951,869.0771508045127,5307.220261187848,0.8831601027117854,4.277406332025066,2.846076582754514,,,286.3362681107586,18.534921531962365
647,,AM,R1796,00,EHZ,61.1981981981982,-149.91291617029023,2026-09-12T22:01:59.996000Z,2026-09-12T22:02:59.996000Z,100.0,100.0,60.0,,traffic,1,Traffic,timeofday:America/Anchorage:day7-19:night1-5,AM,2.0-20.0,796.8123085627363,4017.1619092110127,745.3748195864267,3463.872198537356,0.8750590611104169,2.89914173767034,1.348383817239002,,,286.3362681107586,12.09721779707447
648,,AM,R1796,00,EHZ,61.1981981981982,-149.91291617029023,2026-09-12T22:02:59.996000Z,2026-09-12T22:03:59.996000Z,100.0,100.0,60.0,,traffic,1,Traffic,timeofday:America/Anchorage:day7-19:night1-5,AM,2.0-20.0,853.2134233891619,5602.161221031621,791.5909397383267,5560.702593238931,0.8607683119174723,3.7926113212796593,2.099649681130061,,,286.3362681107586,19.4201825354795
649,,AM,R1796,00,EHZ,61.1981981981982,-149.91291617029023,2026-09-12T22:03:59.996000Z,2026-09-12T22:04:59.996000Z,100.0,100.0,60.0,,traffic,1,Traffic,timeofday:America/Anchorage:day7-19:night1-5,AM,2.0-20.0,1257.2774337704582,9053.838951733338,1224.3897714333777,9280.920173272792,0.9483685519910064,4.054142544242427,7.078069654041899,,,286.3362681107586,32.412660242127664
650,,AM,R1796,00,EHZ,61.1981981981982,-149.91291617029023,2026-09-12T22:04:59.996000Z,2026-09-12T22:05:59.996000Z,100.0,100.0,60.0,,traffic,1,Traffic,timeofday:America/Anchorage:day7-19:night1-5,AM,2.0-20.0,578.6377002122814,2839.839347517692,523.7536837994846,2500.042503192597,0.8192958012190669,2.8651871167949676,1.5242592077126442,,,286.3362681107586,8.731141603848618
651,,AM,R1796,00,EHZ,61.1981981981982,-149.91291617029023,2026-09-12T22:05:59.996000Z,2026-09-12T22:06:59.996000Z,100.0,100.0,60.0,,traffic,1,Traffic,timeofday:America/Anchorage:day7-19:night1-5,AM,2.0-20.0,856.4292427483492,4627.1602744708625,814.3633815726143,4830.208546385954,0.904177089476632,3.1670297960933707,1.7809990813470709,,,286.3362681107586,16.869007123182755
652,,AM,R1796,00,EHZ,61.1981981981982,-149.91291617029023,2026-09-12T22:06:59.996000Z,2026-09-12T22:07:59.996000Z,100.0,100.0,60.0,,traffic,1,Traffic,timeofday:America/Anchorage:day7-19:night1-5,AM,2.0-20.0,814.1965622328835,5972.160086445715,772.1869062437846,6183.716684582538,0.899469284856529,4.30521017223961,6.097079586848276,,,286.3362681107586,21.59599524497049
653,,AM,R1796,00,EHZ,61.1981981981982,-149.91291617029023,2026-09-12T22:07:59.996000Z,2026-09-12T22:08:59.996000Z,100.0,100.0,60.0,,traffic,1,Traffic,timeofday:America/Anchorage:day7-19:night1-5,AM,2.0-20.0,960.3703215051921,6041.840544860358,919.5415451488275,5883.150807009251,0.916780252732717,3.368355902278903,3.965166595112029,,,286.3362681107586,20.54629979578267
654,,AM,R1796,00,EHZ,61.1981981981982,-149.91291617029023,2026-09-12T22:08:59.996000Z,2026-09-12T22:09:59.996000Z,100.0,100.0,60.0,,traffic,1,Traffic,timeofday:America/Anchorage:day7-19:night1-5,AM,2.0-20.0,728.2813694939251,4201.159362475356,634.6139770556796,3968.527289001423,0.7593130527671416,2.1973497902840964,2.066283741155254,,,286.3362681107586,13.859673855448673
655,,AM,R1796,00,EHZ,61.1981981981982,-149.91291617029023,2026-09-12T22:09:59.996000Z,2026-09-12T22:10:59.996000Z,100.0,100.0,60.0,,traffic,1,Traffic,timeofday:America/Anchorage:day7-19:night1-5,AM,2.0-20.0,896.0859752156415,9024.15864604316,850.9559194392212,10604.712299352994,0.9018094190475769,4.5947439199878195,15.851822122986153,,,286.3362681107586,37.03586824443403
656,,AM,R1796,00,EHZ,61.1981981981982,-149.91291617029023,2026-09-12T22:10:59.996000Z,2026-09-12T22:11:59.996000Z,100.0,100.0,60.0,,traffic,1,Traffic,timeofday:America/Anchorage:day7-19:night1-5,AM,2.0-20.0,1100.6525774983804,9015.841363088439,1060.0025294133613,10368.215534840703,0.9274986652160548,3.2565086009744353,10.684015898036023,,,286.3362681107586,36.20992759055636
657,,AM,R1796,00,EHZ,61.1981981981982,-149.91291617029023,2026-09-12T22:11:59.996000Z,2026-09-12T22:12:59.996000Z,100.0,100.0,60.0,,traffic,1,Traffic,timeofday:America/Anchorage:day7-19:night1-5,AM,2.0-20.0,670.4219682423992,3546.8419259994475,624.2874857475889,3429.501954002049,0.867107185553554,3.916331831220499,1.56055049663364,,,286.3362681107586,11.977183249016408
658,,AM,R1796,00,EHZ,61.1981981981982,-149.91291617029023,2026-09-12T22:12:59.996000Z,2026-09-12T22:13:59.996000Z,100.0,100.0,60.0,,traffic,1,Traffic,timeofday:America/Anchorage:day7-19:night1-5,AM,2.0-20.0,848.3309893671048,3821.1576475119623,801.4180589128998,3827.1183196146267,0.8924575850005773,2.866507666927686,1.1032979091891768,,,286.3362681107586,13.36581755732825
659,,AM,R1796,00,EHZ,61.1981981981982,-149.91291617029023,2026-09-12T22:13:59.996000Z,2026-09-12T22:14:59.996000Z,100.0,100.0,60.0,,traffic,1,Traffic,timeofday:America/Anchorage:day7-19:night1-5,AM,2.0-20.0,618.3801385317093,3353.1572687650882,560.3845999080193,3077.4850723498594,0.8212234065395573,2.598549056358182,0.6930602210314651,,,286.3362681107586,10.7478004538337
660,,AM,R1796,00,EHZ,61.1981981981982,-149.91291617029023,2026-09-12T22:14:59.996000Z,2026-09-12T22:15:59.996000Z,100.0,100.0,60.0,,traffic,1,Traffic,timeofday:America/Anchorage:day7-19:night1-5,AM,2.0-20.0,972.0816527820656,6953.156955839274,928.1029117130892,6975.268400524501,0.911563186385352,4.260030066165792,3.059142566497539,,,286.3362681107586,24.36040829388185
661,,AM,R1796,00,EHZ,61.1981981981982,-149.91291617029023,2026-09-12T22:15:59.996000Z,2026-09-12T22:16:59.996000Z,100.0,100.0,60.0,,traffic,1,Traffic,timeofday:America/Anchorage:day7-19:night1-5,AM,2.0-20.0,663.9198298303913,3971.156669940538,593.742316686389,4080.3412554806446,0.7997692918725102,3.385892523852366,2.570207360894199,,,286.3362681107586,14.250172646317774
662,,AM,R1796,00,EHZ,61.1981981981982,-149.91291617029023,2026-09-12T22:16:59.996000Z,2026-09-12T22:17:59.996000Z,100.0,100.0,60.0,,traffic,1,Traffic,timeofday:America/Anchorage:day7-19:night1-5,AM,2.0-20.0,654.8445941782489,3469.843862450092,583.7116925478051,3418.406657544583,0.7945482810076047,3.316800805910206,1.841043093488949,,,286.3362681107586,11.938434065999276
663,,AM,R1796,00,EHZ,61.1981981981982,-149.91291617029023,2026-09-12T22:17:59.996000Z,2026-09-12T22:18:59.996000Z,100.0,100.0,60.0,,traffic,1,Traffic,timeofday:America/Anchorage:day7-19:night1-5,AM,2.0-20.0,652.1714060846169,3966.1560201261204,584.7880250712715,3480.0833599903835,0.8040321864027372,3.4503352382822525,2.248273375325952,,,286.3362681107586,12.153833613016992
664,,AM,R1796,00,EHZ,61.1981981981982,-149.91291617029023,2026-09-12T22:18:59.996000Z,2026-09-12T22:19:59.996000Z,100.0,100.0,60.0,,traffic,1,Traffic,timeofday:America/Anchorage:day7-19:night1-5,AM,2.0-20.0,651.9906180987878,3955.8445424171728,597.6287957986945,3605.2154446315453,0.8401954732126127,3.4360592263248435,1.8257828609994338,,,286.3362681107586,12.590844563347458
665,,AM,R1796,00,EHZ,61.1981981981982,-149.91291617029023,2026-09-12T22:19:59.996000Z,2026-09-12T22:20:59.996000Z,100.0,100.0,60.0,,traffic,1,Traffic,timeofday:America/Anchorage:day7-19:night1-5,AM,2.0-20.0,944.4555076846693,6039.155096731437,898.395739677197,6604.001963030871,0.9048411861449578,4.369088371451958,4.168353103630984,,,286.3362681107586,23.063798402500503
666,,AM,R1796,00,EHZ,61.1981981981982,-149.91291617029023,2026-09-12T22:20:59.996000Z,2026-09-12T22:21:59.996000Z,100.0,100.0,60.0,,traffic,1,Traffic,timeofday:America/Anchorage:day7-19:night1-5,AM,2.0-20.0,560.1856643574669,3626.154818554726,488.30987005852074,3701.8980643376144,0.7598485236007111,4.671897403019311,2.0445031056532708,,,286.3362681107586,12.928498680110168
667,,AM,R1796,00,EHZ,61.1981981981982,-149.91291617029023,2026-09-12T22:21:59.996000Z,2026-09-12T22:22:59.996000Z,100.0,100.0,60.0,,traffic,1,Traffic,timeofday:America/Anchorage:day7-19:night1-5,AM,2.0-20.0,877.9841017093569,4835.15424455097,816.3957538801715,4310.645625515837,0.8646257606031953,4.501242700904623,2.766165974304543,,,286.3362681107586,15.05448699865161
668,,AM,R1796,00,EHZ,61.1981981981982,-149.91291617029023,2026-09-12T22:22:59.996000Z,2026-09-12T22:23:59.996000Z,100.0,100.0,60.0,,traffic,1,Traffic,timeofday:America/Anchorage:day7-19:night1-5,AM,2.0-20.0,1438.593634440527,12346.154213785445,1339.022459908043,13322.799307575015,0.8663621187827079,5.43347876761826,10.043886037214763,,,286.3362681107586,46.528507881584815
669,,AM,R1796,00,EHZ,61.1981981981982,-149.91291617029023,2026-09-12T22:23:59.996000Z,2026-09-12T22:24:59.996000Z,100.0,100.0,60.0,,traffic,1,Traffic,timeofday:America/Anchorage:day7-19:night1-5,AM,2.0-20.0,1598.6669040119903,21626.846176973464,1552.0804133875429,21823.068853237768,0.9425675156474616,9.198276499561512,35.879757155981224,,,286.3362681107586,76.2148260058915
670,,AM,R1796,00,EHZ,61.1981981981982,-149.91291617029023,2026-09-12T22:24:59.996000Z,2026-09-12T22:25:59.996000Z,100.0,100.0,60.0,,traffic,1,Traffic,timeofday:America/Anchorage:day7-19:night1-5,AM,2.0-20.0,1077.2463359906976,6959.1533589084,951.7245944102605,6070.636384342551,0.78053527258731,3.551286492032659,3.78550509675555,,,286.3362681107586,21.201073913537034
671,,AM,R1796,00,EHZ,61.1981981981982,-149.91291617029023,2026-09-12T22:25:59.996000Z,2026-09-12T22:26:59.996000Z,100.0,100.0,60.0,,traffic,1,Traffic,timeofday:America/Anchorage:day7-19:night1-5,AM,2.0-20.0,1209.8654984482146,6018.847080817947,906.4391429645043,5063.089562151388,0.561310438348626,3.407004712122881,1.6961744952829498,,,286.3362681107586,17.682320146021176
672,,AM,R1796,00,EHZ,61.1981981981982,-149.91291617029023,2026-09-12T22:26:59.996000Z,2026-09-12T22:27:59.996000Z,100.0,100.0,60.0,,traffic,1,Traffic,timeofday:America/Anchorage:day7-19:night1-5,AM,2.0-20.0,1264.768598227226,7912.847557989978,1052.1648961033243,6384.90401880913,0.6920627394476894,4.407335907292042,2.5451282281686076,,,286.3362681107586,22.298621341042853
673,,AM,R1796,00,EHZ,61.1981981981982,-149.91291617029023,2026-09-12T22:27:59.996000Z,2026-09-12T22:28:59.996000Z,100.0,100.0,60.0,,traffic,1,Traffic,timeofday:America/Anchorage:day7-19:night1-5,AM,2.0-20.0,750.8377752433489,4648.15222340321,654.7213654548152,4172.923726950532,0.760362690049299,4.8946706910406235,3.2446006157185305,,,286.3362681107586,14.573507416588912
674,,AM,R1796,00,EHZ,61.1981981981982,-149.91291617029023,2026-09-12T22:28:59.996000Z,2026-09-12T22:29:59.996000Z,100.0,100.0,60.0,,traffic,1,Traffic,timeofday:America/Anchorage:day7-19:night1-5,AM,2.0-20.0,1015.8101787814578,8128.848213810415,843.8495604434016,5706.854020520921,0.6900887324024698,3.2049623420527014,2.977160654885651,,,286.3362681107586,19.930601380588765
675,,AM,R1796,00,EHZ,61.1981981981982,-149.91291617029023,2026-09-12T22:29:59.996000Z,2026-09-12T22:30:59.996000Z,100.0,100.0,60.0,,traffic,1,Traffic,timeofday:America/Anchorage:day7-19:night1-5,AM,2.0-20.0,669.6807565490469,3855.8485098213237,608.8834711977182,3600.6704460382816,0.8266710530964219,3.0351921516864695,2.2912571791033196,,,286.3362681107586,12.574971622684888
676,,AM,R1796,00,EHZ,61.1981981981982,-149.91291617029023,2026-09-12T22:30:59.996000Z,2026-09-12T22:31:59.996000Z,100.0,100.0,60.0,,traffic,1,Traffic,timeofday:America/Anchorage:day7-19:night1-5,AM,2.0-20.0,1057.3425345627033,6817.8487615838085,998.0995138078562,6366.7974898182,0.8910791492347969,7.650025692106709,2.97943992646311,,,286.3362681107586,22.235386148692275
677,,AM,R1796,00,EHZ,61.1981981981982,-149.91291617029023,2026-09-12T22:31:59.996000Z,2026-09-12T22:32:59.996000Z,100.0,100.0,60.0,,traffic,1,Traffic,timeofday:America/Anchorage:day7-19:night1-5,AM,2.0-20.0,785.1298296185465,4633.150887064116,707.7730198563411,4385.796903774629,0.8126528279122952,2.564395807336199,2.3491758601257517,,,286.3362681107586,15.316945117403517
678,,AM,R1796,00,EHZ,61.1981981981982,-149.91291617029023,2026-09-12T22:32:59.996000Z,2026-09-12T22:33:59.996000Z,100.0,100.0,60.0,,traffic,1,Traffic,timeofday:America/Anchorage:day7-19:night1-5,AM,2.0-20.0,723.6097915947983,5534.15024515558,659.4924850930478,5591.31555896459,0.8306361583368959,4.765174035428105,4.722348251136849,,,286.3362681107586,19.527095173293926
679,,AM,R1796,00,EHZ,61.1981981981982,-149.91291617029023,2026-09-12T22:33:59.996000Z,2026-09-12T22:34:59.996000Z,100.0,100.0,60.0,,traffic,1,Traffic,timeofday:America/Anchorage:day7-19:night1-5,AM,2.0-20.0,991.3640899863931,8473.849962358487,952.3455346935397,8709.741137280229,0.9228321850178898,4.693775026487481,5.113331191327518,,,286.3362681107586,30.417876138244516
680,,AM,R1796,00,EHZ,61.1981981981982,-149.91291617029023,2026-09-12T22:34:59.996000Z,2026-09-12T22:35:59.996000Z,100.0,100.0,60.0,,traffic,1,Traffic,timeofday:America/Anchorage:day7-19:night1-5,AM,2.0-20.0,1383.9732267997151,16272.85029471193,1339.7792276973091,15784.70262223157,0.9371543011862753,7.177635231661989,19.610400732848525,,,286.3362681107586,55.12645228765027
681,,AM,R1796,00,EHZ,61.1981981981982,-149.91291617029023,2026-09-12T22:35:59.996000Z,2026-09-12T22:36:59.996000Z,100.0,100.0,60.0,,traffic,1,Traffic,timeofday:America/Anchorage:day7-19:night1-5,AM,2.0-20.0,956.4977969600517,5800.14922345831,851.1344770661693,5852.295856918112,0.7918235564026969,4.072276819434871,2.441549096878644,,,286.3362681107586,20.43854205243175
682,,AM,R1796,00,EHZ,61.1981981981982,-149.91291617029023,2026-09-12T22:36:59.996000Z,2026-09-12T22:37:59.996000Z,100.0,100.0,60.0,,traffic,1,Traffic,timeofday:America/Anchorage:day7-19:night1-5,AM,2.0-20.0,804.0042346249488,6606.149031633436,703.0630312055519,7171.29425217825,0.7646661267834023,3.29904382947301,5.818919547521988,,,286.3362681107586,25.045008442326626
683,,AM,R1796,00,EHZ,61.1981981981982,-149.91291617029023,2026-09-12T22:37:59.996000Z,2026-09-12T22:38:59.996000Z,100.0,100.0,60.0,,traffic,1,Traffic,timeofday:America/Anchorage:day7-19:night1-5,AM,2.0-20.0,856.4461820960988,9099.851619345416,796.7482260140061,8227.641970246405,0.8654501448982186,4.5181664210803545,9.794539735566755,,,286.3362681107586,28.73419432519755
684,,AM,R1796,00,EHZ,61.1981981981982,-149.91291617029023,2026-09-12T22:38:59.996000Z,2026-09-12T22:39:59.996000Z,100.0,100.0,60.0,,traffic,1,Traffic,timeofday:America/Anchorage:day7-19:night1-5,AM,2.0-20.0,754.5330211491225,4787.148303802064,707.8739592896419,4335.124811200945,0.8801473193014752,2.159127353054614,2.260502223330695,,,286.3362681107586,15.139978039820168
685,,AM,R1796,00,EHZ,61.1981981981982,-149.91291617029023,2026-09-12T22:39:59.996000Z,2026-09-12T22:40:59.996000Z,100.0,100.0,60.0,,traffic,1,Traffic,timeofday:America/Anchorage:day7-19:night1-5,AM,2.0-20.0,605.4502057361968,3809.852325910578,545.4591441076839,3474.6609622808455,0.8116477539169406,3.1757376602756224,1.3554480010556773,,,286.3362681107586,12.134896446079269
686,,AM,R1796,00,EHZ,61.1981981981982,-149.91291617029023,2026-09-12T22:40:59.996000Z,2026-09-12T22:41:59.996000Z,100.0,100.0,60.0,,traffic,1,Traffic,timeofday:America/Anchorage:day7-19:night1-5,AM,2.0-20.0,1056.5232043737083,6158.14745529875,912.0494579410806,4944.080658081724,0.74521004338969,4.4604615657994655,2.113095174633062,,,286.3362681107586,17.26669377477983
687,,AM,R1796,00,EHZ,61.1981981981982,-149.91291617029023,2026-09-12T22:41:59.996000Z,2026-09-12T22:42:59.996000Z,100.0,100.0,60.0,,traffic,1,Traffic,timeofday:America/Anchorage:day7-19:night1-5,AM,2.0-20.0,636.2263864545391,3839.8530935777885,581.742672493124,3009.442834997162,0.836062009882225,3.2124482463474333,1.2359905310128267,,,286.3362681107586,10.510169930108436
688,,AM,R1796,00,EHZ,61.1981981981982,-149.91291617029023,2026-09-12T22:42:59.996000Z,2026-09-12T22:43:59.996000Z,100.0,100.0,60.0,,traffic,1,Traffic,timeofday:America/Anchorage:day7-19:night1-5,AM,2.0-20.0,852.9398937705394,4304.1466316162305,801.863119119121,4006.18120387155,0.8838195879322799,3.3186254253316614,1.2653033129771805,,,286.3362681107586,13.991176284807578
689,,AM,R1796,00,EHZ,61.1981981981982,-149.91291617029023,2026-09-12T22:43:59.996000Z,2026-09-12T22:44:59.996000Z,100.0,100.0,60.0,,traffic,1,Traffic,timeofday:America/Anchorage:day7-19:night1-5,AM,2.0-20.0,730.5135977595771,5423.853537165144,679.574873039387,5283.453105236727,0.8654022434874227,3.214800360140414,4.408868367341298,,,286.3362681107586,18.451917181490327
690,,AM,R1796,00,EHZ,61.1981981981982,-149.91291617029023,2026-09-12T22:44:59.996000Z,2026-09-12T22:45:59.996000Z,100.0,100.0,60.0,,traffic,1,Traffic,timeofday:America/Anchorage:day7-19:night1-5,AM,2.0-20.0,657.1644226524925,4544.145859291294,608.8062588265801,4242.701740245058,0.8582427228416973,4.108834603473608,3.821741844935991,,,286.3362681107586,14.817199959468375
691,,AM,R1796,00,EHZ,61.1981981981982,-149.91291617029023,2026-09-12T22:45:59.996000Z,2026-09-12T22:46:59.996000Z,100.0,100.0,60.0,,traffic,1,Traffic,timeofday:America/Anchorage:day7-19:night1-5,AM,2.0-20.0,663.1408623600328,5399.145415458789,617.1167385019721,5215.1813065904935,0.8660103313113878,5.031277401468244,5.1454264746125205,,,286.3362681107586,18.21348493853106
692,,AM,R1796,00,EHZ,61.1981981981982,-149.91291617029023,2026-09-12T22:46:59.996000Z,2026-09-12T22:47:59.996000Z,100.0,100.0,60.0,,traffic,1,Traffic,timeofday:America/Anchorage:day7-19:night1-5,AM,2.0-20.0,589.0262134531857,2926.145318810923,527.9991031567205,3035.4745480497095,0.8035208018640149,4.294808457342385,1.2554861815910439,,,286.3362681107586,10.601083013610934
693,,AM,R1796,00,EHZ,61.1981981981982,-149.91291617029023,2026-09-12T22:47:59.996000Z,2026-09-12T22:48:59.996000Z,100.0,100.0,60.0,,traffic,1,Traffic,timeofday:America/Anchorage:day7-19:night1-5,AM,2.0-20.0,807.5269763644167,4210.855204080394,768.5723609899662,4243.9266490580385,0.9058482431284078,3.2551238463512218,1.5706888349638533,,,286.3362681107586,14.821477827658326
694,,AM,R1796,00,EHZ,61.1981981981982,-149.91291617029023,2026-09-12T22:48:59.996000Z,2026-09-12T22:49:59.996000Z,100.0,100.0,60.0,,traffic,1,Traffic,timeofday:America/Anchorage:day7-19:night1-5,AM,2.0-20.0,590.3341541524231,3465.1446290993813,528.7741512854963,3129.1841477961448,0.8023144480635274,2.6146619675696794,1.6452644938501484,,,286.3362681107586,10.928354163593887
695,,AM,R1796,00,EHZ,61.1981981981982,-149.91291617029023,2026-09-12T22:49:59.996000Z,2026-09-12T22:50:59.996000Z,100.0,100.0,60.0,,traffic,1,Traffic,timeofday:America/Anchorage:day7-19:night1-5,AM,2.0-20.0,1095.0100071971021,7392.144045902741,1051.0353544238242,7257.6476729469805,0.9212944895111499,3.8820797217577416,4.646761618080693,,,286.3362681107586,25.34658889295724
696,,AM,R1796,00,EHZ,61.1981981981982,-149.91291617029023,2026-09-12T22:50:59.996000Z,2026-09-12T22:51:59.996000Z,100.0,100.0,60.0,,traffic,1,Traffic,timeofday:America/Anchorage:day7-19:night1-5,AM,2.0-20.0,707.9754314643365,4237.856224000373,665.9862160485392,3867.8717220473973,0.8848998217577186,2.2625060440910802,1.9925147909608603,,,286.3362681107586,13.508144628577941
697,,AM,R1796,00,EHZ,61.1981981981982,-149.91291617029023,2026-09-12T22:51:59.996000Z,2026-09-12T22:52:59.996000Z,100.0,100.0,60.0,,traffic,1,Traffic,timeofday:America/Anchorage:day7-19:night1-5,AM,2.0-20.0,1215.5160941489064,12092.143398784901,1179.2885480326574,11084.764284826635,0.9412797924125934,6.02308295295696,10.629211711151784,,,286.3362681107586,38.71240048619654
698,,AM,R1796,00,EHZ,61.1981981981982,-149.91291617029023,2026-09-12T22:52:59.996000Z,2026-09-12T22:53:59.996000Z,100.0,100.0,60.0,,traffic,1,Traffic,timeofday:America/Anchorage:day7-19:night1-5,AM,2.0-20.0,938.3497322986873,5543.143113682884,894.4594341062766,5620.617654322513,0.9086399537370893,3.6174015857146453,2.467486322059343,,,286.3362681107586,19.62942973101956
699,,AM,R1796,00,EHZ,61.1981981981982,-149.91291617029023,2026-09-12T22:53:59.996000Z,2026-09-12T22:54:59.996000Z,100.0,100.0,60.0,,traffic,1,Traffic,timeofday:America/Anchorage:day7-19:night1-5,AM,2.0-20.0,675.3182983349309,3820.142748725339,617.6567908105047,4156.638544466202,0.8365220754897088,4.926986886675396,1.629258854734097,,,286.3362681107586,14.516633089799017
700,,AM,R1796,00,EHZ,61.1981981981982,-149.91291617029023,2026-09-12T22:54:59.996000Z,2026-09-12T22:55:59.996000Z,100.0,100.0,60.0,,traffic,1,Traffic,timeofday:America/Anchorage:day7-19:night1-5,AM,2.0-20.0,1153.4253429399848,6059.857815411388,1109.693279516141,6529.73848933951,0.9256076447388175,3.285965650802724,2.044722116166648,,,286.3362681107586,22.804440849992925
701,,AM,R1796,00,EHZ,61.1981981981982,-149.91291617029023,2026-09-12T22:55:59.996000Z,2026-09-12T22:56:59.996000Z,100.0,100.0,60.0,,traffic,1,Traffic,timeofday:America/Anchorage:day7-19:night1-5,AM,2.0-20.0,686.0621148886155,4183.1419262072495,634.4517832218645,3092.742197409908,0.8552052715046221,3.175197041624365,1.1948920043186702,,,286.3362681107586,10.801084395685407
702,,AM,R1796,00,EHZ,61.1981981981982,-149.91291617029023,2026-09-12T22:56:59.996000Z,2026-09-12T22:57:59.996000Z,100.0,100.0,60.0,,traffic,1,Traffic,timeofday:America/Anchorage:day7-19:night1-5,AM,2.0-20.0,2596.3425254745043,38826.14154090279,2576.4167329577353,36543.53499214439,0.9847097742660786,9.47831838922221,56.25217191785806,,,286.3362681107586,127.62454170845334
703,,AM,R1796,00,EHZ,61.1981981981982,-149.91291617029023,2026-09-12T22:57:59.996000Z,2026-09-12T22:58:59.996000Z,100.0,100.0,60.0,,traffic,1,Traffic,timeofday:America/Anchorage:day7-19:night1-5,AM,2.0-20.0,933.6111891609427,7649.141159827043,905.9233917697712,7052.777934901689,0.9415661813059413,7.315718085145415,6.393755275510298,,,286.3362681107586,24.63110237985494
704,,AM,R1796,00,EHZ,61.1981981981982,-149.91291617029023,2026-09-12T22:58:59.996000Z,2026-09-12T22:59:59.996000Z,100.0,100.0,60.0,,traffic,1,Traffic,timeofday:America/Anchorage:day7-19:night1-5,AM,2.0-20.0,1103.2703095002335,10526.14081515513,1062.1314932072225,10779.51533599171,0.9268142675579483,7.60662229000091,11.821897814702263,,,286.3362681107586,37.64634989173656
705,,AM,R1796,00,EHZ,61.1981981981982,-149.91291617029023,2026-09-12T22:59:59.996000Z,2026-09-12T23:00:59.996000Z,100.0,100.0,60.0,,traffic,1,Traffic,timeofday:America/Anchorage:day7-19:night1-5,AM,2.0-20.0,816.8946773231804,6991.859418160296,777.4517036242985,6213.816934757829,0.9057632721927434,4.01029513714272,5.129966755625269,,,286.3362681107586,21.701117276398403
706,,AM,R1796,00,EHZ,61.1981981981982,-149.91291617029023,2026-09-12T23:00:59.996000Z,2026-09-12T23:01:59.996000Z,100.0,100.0,60.0,,traffic,1,Traffic,timeofday:America/Anchorage:day7-19:night1-5,AM,2.0-20.0,797.2189976200048,4732.859861134798,748.8903605250505,5544.14642130695,0.8824319058598779,4.909400673441375,1.6775469857375587,,,286.3362681107586,19.36236180588343
707,,AM,R1796,00,EHZ,61.1981981981982,-149.91291617029023,2026-09-12T23:01:59.996000Z,2026-09-12T23:02:59.996000Z,100.0,100.0,60.0,,traffic,1,Traffic,timeofday:America/Anchorage:day7-19:night1-5,AM,2.0-20.0,960.9293730545222,5830.860299206425,926.3308000333686,5008.070233049629,0.9292857361524592,3.6081828209151743,2.362275696214061,,,286.3362681107586,17.4901707914711
708,,AM,R1796,00,EHZ,61.1981981981982,-149.91291617029023,2026-09-12T23:02:59.996000Z,2026-09-12T23:03:59.996000Z,100.0,100.0,60.0,,traffic,1,Traffic,timeofday:America/Anchorage:day7-19:night1-5,AM,2.0-20.0,831.255836993304,4831.86079770595,790.0030201498145,4631.894194120919,0.9032086483788601,4.991233406233785,1.7143622271703673,,,286.3362681107586,16.176414621459134
709,,AM,R1796,00,EHZ,61.1981981981982,-149.91291617029023,2026-09-12T23:03:59.996000Z,2026-09-12T23:04:59.996000Z,100.0,100.0,60.0,,traffic,1,Traffic,timeofday:America/Anchorage:day7-19:night1-5,AM,2.0-20.0,930.6440524997118,7849.1389773747915,884.5405475331332,7500.701756145403,0.9033754399995761,4.6868537707344435,3.5390029893004833,,,286.3362681107586,26.19543030868878
710,,AM,R1796,00,EHZ,61.1981981981982,-149.91291617029023,2026-09-12T23:04:59.996000Z,2026-09-12T23:05:59.996000Z,100.0,100.0,60.0,,traffic,1,Traffic,timeofday:America/Anchorage:day7-19:night1-5,AM,2.0-20.0,1401.7460437480877,16047.13862712586,1360.0998419444109,15113.858899377758,0.9414622316166824,6.219626194984391,18.084144850521714,,,286.3362681107586,52.78359950382366
711,,AM,R1796,00,EHZ,61.1981981981982,-149.91291617029023,2026-09-12T23:05:59.996000Z,2026-09-12T23:06:59.996000Z,100.0,100.0,60.0,,traffic,1,Traffic,timeofday:America/Anchorage:day7-19:night1-5,AM,2.0-20.0,842.5895960012028,7632.86179850473,769.6702704957518,7431.8854958318525,0.8344056550373958,5.184600389186894,4.88828656444369,,,286.3362681107586,25.955096589290957
712,,AM,R1796,00,EHZ,61.1981981981982,-149.91291617029023,2026-09-12T23:06:59.996000Z,2026-09-12T23:07:59.996000Z,100.0,100.0,60.0,,traffic,1,Traffic,timeofday:America/Anchorage:day7-19:night1-5,AM,2.0-20.0,1164.9434960699894,12010.13786454538,1113.65839135282,11988.816572356305,0.9138907161484152,6.3214746659221674,14.222157346807968,,,286.3362681107586,41.86971022378092
713,,AM,R1796,00,EHZ,61.1981981981982,-149.91291617029023,2026-09-12T23:07:59.996000Z,2026-09-12T23:08:59.996000Z,100.0,100.0,60.0,,traffic,1,Traffic,timeofday:America/Anchorage:day7-19:night1-5,AM,2.0-20.0,713.4009340531306,3934.862328566494,656.3663892689727,4061.5735838769488,0.8464967997949181,4.257344081958756,1.3428827258288702,,,286.3362681107586,14.184628481313721
714,,AM,R1796,00,EHZ,61.1981981981982,-149.91291617029023,2026-09-12T23:08:59.996000Z,2026-09-12T23:09:59.996000Z,100.0,100.0,60.0,,traffic,1,Traffic,timeofday:America/Anchorage:day7-19:night1-5,AM,2.0-20.0,1050.2250115997922,6391.862939157937,993.1105810530024,5529.302342738565,0.8941914319207505,4.184323927268466,1.6722984232137108,,,286.3362681107586,19.310520386470074
715,,AM,R1796,00,EHZ,61.1981981981982,-149.91291617029023,2026-09-12T23:09:59.996000Z,2026-09-12T23:10:59.996000Z,100.0,100.0,60.0,,traffic,1,Traffic,timeofday:America/Anchorage:day7-19:night1-5,AM,2.0-20.0,725.2926412186583,3036.8633748394127,661.8710937159004,2795.767482133622,0.8327608241112358,2.5538318565673332,0.8040566675794092,,,286.3362681107586,9.763930711886564
716,,AM,R1796,00,EHZ,61.1981981981982,-149.91291617029023,2026-09-12T23:10:59.996000Z,2026-09-12T23:11:59.996000Z,100.0,100.0,60.0,,traffic,1,Traffic,timeofday:America/Anchorage:day7-19:night1-5,AM,2.0-20.0,957.9793249348843,9078.136454908352,893.0465752834739,9435.433206363494,0.8690323553788245,5.580374433398396,7.332076263098294,,,286.3362681107586,32.95228113650536
717,,AM,R1796,00,EHZ,61.1981981981982,-149.91291617029023,2026-09-12T23:11:59.996000Z,2026-09-12T23:12:59.996000Z,100.0,100.0,60.0,,traffic,1,Traffic,timeofday:America/Anchorage:day7-19:night1-5,AM,2.0-20.0,806.1219332947572,5842.863879528816,716.2334385040105,5831.692353377808,0.7894192459056688,5.722265601945999,7.036588067118215,,,286.3362681107586,20.366586432990854
718,,AM,R1796,00,EHZ,61.1981981981982,-149.91291617029023,2026-09-12T23:12:59.996000Z,2026-09-12T23:13:59.996000Z,100.0,100.0,60.0,,traffic,1,Traffic,timeofday:America/Anchorage:day7-19:night1-5,AM,2.0-20.0,1014.418064786251,5452.864407139145,825.1055819691143,5485.83816735939,0.6615841642065817,4.51074111204248,2.190428354181881,,,286.3362681107586,19.15872621919273
719,,AM,R1796,00,EHZ,61.1981981981982,-149.91291617029023,2026-09-12T23:13:59.996000Z,2026-09-12T23:14:59.996000Z,100.0,100.0,60.0,,traffic,1,Traffic,timeofday:America/Anchorage:day7-19:night1-5,AM,2.0-20.0,1308.3378452356123,6402.135195544351,1068.256957140742,6745.718971162325,0.6666711347870463,4.37006925330205,1.9403937786452303,,,286.3362681107586,23.558730494290693
720,,AM,R1796,00,EHZ,61.1981981981982,-149.91291617029023,2026-09-12T23:14:59.996000Z,2026-09-12T23:15:59.996000Z,100.0,100.0,60.0,,traffic,1,Traffic,timeofday:America/Anchorage:day7-19:night1-5,AM,2.0-20.0,1955.1808184448691,7549.134823293783,1149.5670375041175,5030.257661239395,0.3456963141470696,3.9229922276447997,0.547067707159111,,,286.3362681107586,17.567658105027846
721,,AM,R1796,00,EHZ,61.1981981981982,-149.91291617029023,2026-09-12T23:15:59.996000Z,2026-09-12T23:16:59.996000Z,100.0,100.0,60.0,,traffic,1,Traffic,timeofday:America/Anchorage:day7-19:night1-5,AM,2.0-20.0,2649.912745209251,10414.865389736013,1643.883146239994,6321.738365716996,0.3848386990913244,3.3275536574968942,0.1584054338560712,,,286.3362681107586,22.078021786858187
722,,AM,R1796,00,EHZ,61.1981981981982,-149.91291617029023,2026-09-12T23:16:59.996000Z,2026-09-12T23:17:59.996000Z,100.0,100.0,60.0,,traffic,1,Traffic,timeofday:America/Anchorage:day7-19:night1-5,AM,2.0-20.0,3172.518556736675,11887.134090743395,1994.1623576546895,10869.243054391425,0.39510514602730584,2.3498515534762756,1.0393435648003138,,,286.3362681107586,37.9597147301894
723,,AM,R1796,00,EHZ,61.1981981981982,-149.91291617029023,2026-09-12T23:17:59.996000Z,2026-09-12T23:18:59.996000Z,100.0,100.0,60.0,,traffic,1,Traffic,timeofday:America/Anchorage:day7-19:night1-5,AM,2.0-20.0,4531.575028066734,16157.866264408407,2934.307466341654,11952.595997319957,0.4192884388061821,2.9251891254217544,0.3957165085075447,,,286.3362681107586,41.74321358653922
724,,AM,R1796,00,EHZ,61.1981981981982,-149.91291617029023,2026-09-12T23:18:59.996000Z,2026-09-12T23:19:59.996000Z,100.0,100.0,60.0,,traffic,1,Traffic,timeofday:America/Anchorage:day7-19:night1-5,AM,2.0-20.0,5043.266086481759,17558.866438337795,2558.5504012136666,10197.075999501558,0.25737371321583047,2.7717323983743465,0.13538922604564751,,,286.3362681107586,35.61224034517763
725,,AM,R1796,00,EHZ,61.1981981981982,-149.91291617029023,2026-09-12T23:19:59.996000Z,2026-09-12T23:20:59.996000Z,100.0,100.0,60.0,,traffic,1,Traffic,timeofday:America/Anchorage:day7-19:night1-5,AM,2.0-20.0,3447.461626331308,13003.132950457904,1740.7558827113508,7959.162404987705,0.25496282442595336,3.1619605929432493,0.2928516323953385,,,286.3362681107586,27.796557025423674
726,,AM,R1796,00,EHZ,61.1981981981982,-149.91291617029023,2026-09-12T23:20:59.996000Z,2026-09-12T23:21:59.996000Z,100.0,100.0,60.0,,traffic,1,Traffic,timeofday:America/Anchorage:day7-19:night1-5,AM,2.0-20.0,3507.9998631109393,12005.86713350378,1543.7354423344593,6041.067234210149,0.1936540637126193,2.663888456511586,0.14033680767201728,,,286.3362681107586,21.09780669444705
727,,AM,R1796,00,EHZ,61.1981981981982,-149.91291617029023,2026-09-12T23:21:59.996000Z,2026-09-12T23:22:59.996000Z,100.0,100.0,60.0,,traffic,1,Traffic,timeofday:America/Anchorage:day7-19:night1-5,AM,2.0-20.0,1779.7245954408488,7270.132529362473,1013.666973058497,4745.531709097548,0.32440309478266804,1.752874457898126,0.685342439590682,,,286.3362681107586,16.57328196811559
728,,AM,R1796,00,EHZ,61.1981981981982,-149.91291617029023,2026-09-12T23:22:59.996000Z,2026-09-12T23:23:59.996000Z,100.0,100.0,60.0,,traffic,1,Traffic,timeofday:America/Anchorage:day7-19:night1-5,AM,2.0-20.0,1203.950970560156,5229.867854654988,927.9046017553786,5218.635211695556,0.5940035694346975,3.9051145690888878,0.9472579556462923,,,286.3362681107586,18.22554734727813
729,,AM,R1796,00,EHZ,61.1981981981982,-149.91291617029023,2026-09-12T23:23:59.996000Z,2026-09-12T23:24:59.996000Z,100.0,100.0,60.0,,traffic,1,Traffic,timeofday:America/Anchorage:day7-19:night1-5,AM,2.0-20.0,741.8805364853749,3287.131756608535,505.6863894879803,3155.5630215288725,0.46461644218818454,2.9607392556355854,1.154933366192643,,,286.3362681107586,11.020479670106825
730,,AM,R1796,00,EHZ,61.1981981981982,-149.91291617029023,2026-09-12T23:24:59.996000Z,2026-09-12T23:25:59.996000Z,100.0,100.0,60.0,,traffic,1,Traffic,timeofday:America/Anchorage:day7-19:night1-5,AM,2.0-20.0,767.6148900192728,4153.131082586185,654.238800228456,3824.4566905730394,0.726416687818906,3.808587570454093,2.728622162063484,,,286.3362681107586,13.356522091339437
731,,AM,R1796,00,EHZ,61.1981981981982,-149.91291617029023,2026-09-12T23:25:59.996000Z,2026-09-12T23:26:59.996000Z,100.0,100.0,60.0,,traffic,1,Traffic,timeofday:America/Anchorage:day7-19:night1-5,AM,2.0-20.0,679.1001386913237,3409.868968832688,603.6811461897121,3391.4780568949654,0.7902192163801046,3.1662890015218412,1.9145722760178394,,,286.3362681107586,11.844388694704568
732,,AM,R1796,00,EHZ,61.1981981981982,-149.91291617029023,2026-09-12T23:26:59.996000Z,2026-09-12T23:27:59.996000Z,100.0,100.0,60.0,,traffic,1,Traffic,timeofday:America/Anchorage:day7-19:night1-5,AM,2.0-20.0,658.6391026646346,4580.869662895525,592.0184246408306,3780.336922135514,0.8079331435965447,3.846332218234952,2.3925889064147823,,,286.3362681107586,13.202438332657287
733,,AM,R1796,00,EHZ,61.1981981981982,-149.91291617029023,2026-09-12T23:27:59.996000Z,2026-09-12T23:28:59.996000Z,100.0,100.0,60.0,,traffic,1,Traffic,timeofday:America/Anchorage:day7-19:night1-5,AM,2.0-20.0,847.4661260091061,6599.130145708602,796.4784022248059,6764.60989572515,0.8832899950979761,3.6192156960913375,5.682636364851172,,,286.3362681107586,23.624705107592273
734,,AM,R1796,00,EHZ,61.1981981981982,-149.91291617029023,2026-09-12T23:28:59.996000Z,2026-09-12T23:29:59.996000Z,100.0,100.0,60.0,,traffic,1,Traffic,timeofday:America/Anchorage:day7-19:night1-5,AM,2.0-20.0,632.7659585122644,4701.129839708095,569.8649700008646,4346.184498020728,0.8110688251502832,4.568933296729223,3.4588592754469074,,,286.3362681107586,15.178602859835998
735,,AM,R1796,00,EHZ,61.1981981981982,-149.91291617029023,2026-09-12T23:29:59.996000Z,2026-09-12T23:30:59.996000Z,100.0,100.0,60.0,,traffic,1,Traffic,timeofday:America/Anchorage:day7-19:night1-5,AM,2.0-20.0,734.451201951289,3968.8705933993765,682.5214722522638,3979.8046110250525,0.8635882924301015,3.4440015457906576,2.09853297879,,,286.3362681107586,13.899058744055475
736,,AM,R1796,00,EHZ,61.1981981981982,-149.91291617029023,2026-09-12T23:30:59.996000Z,2026-09-12T23:31:59.996000Z,100.0,100.0,60.0,,traffic,1,Traffic,timeofday:America/Anchorage:day7-19:night1-5,AM,2.0-20.0,533.5477480567591,4341.129081295058,477.54774000800387,3999.628576577086,0.8011005054996363,4.272205539661205,5.32622521827143,,,286.3362681107586,13.968291907157138
737,,AM,R1796,00,EHZ,61.1981981981982,-149.91291617029023,2026-09-12T23:31:59.996000Z,2026-09-12T23:32:59.996000Z,100.0,100.0,60.0,,traffic,1,Traffic,timeofday:America/Anchorage:day7-19:night1-5,AM,2.0-20.0,1474.6662898926772,12522.128628576098,1445.7507640262938,12146.543959983712,0.9611681156513304,4.35561731717745,8.506458505184218,,,286.3362681107586,42.420556921155615
738,,AM,R1796,00,EHZ,61.1981981981982,-149.91291617029023,2026-09-12T23:32:59.996000Z,2026-09-12T23:33:59.996000Z,100.0,100.0,60.0,,traffic,1,Traffic,timeofday:America/Anchorage:day7-19:night1-5,AM,2.0-20.0,747.9866179832476,7482.871600265457,704.3317695642683,7006.511463862447,0.8866799743091891,5.828650393152923,11.054651160419299,,,286.3362681107586,24.469521482874942
739,,AM,R1796,00,EHZ,61.1981981981982,-149.91291617029023,2026-09-12T23:33:59.996000Z,2026-09-12T23:34:59.996000Z,100.0,100.0,60.0,,traffic,1,Traffic,timeofday:America/Anchorage:day7-19:night1-5,AM,2.0-20.0,883.8864945012264,10149.12780360657,836.5376807538387,8686.080010526812,0.8957318559318399,5.732851840953497,17.29023749896228,,,286.3362681107586,30.335242083852688
740,,AM,R1796,00,EHZ,61.1981981981982,-149.91291617029023,2026-09-12T23:34:59.996000Z,2026-09-12T23:35:59.996000Z,100.0,100.0,60.0,,traffic,1,Traffic,timeofday:America/Anchorage:day7-19:night1-5,AM,2.0-20.0,851.126074144632,4847.127528432874,803.7635375995872,4182.582480534678,0.8918027574864205,3.5749644979642103,1.8907551945308994,,,286.3362681107586,14.607239621202302
741,,AM,R1796,00,EHZ,61.1981981981982,-149.91291617029023,2026-09-12T23:35:59.996000Z,2026-09-12T23:36:59.996000Z,100.0,100.0,60.0,,traffic,1,Traffic,timeofday:America/Anchorage:day7-19:night1-5,AM,2.0-20.0,1409.3026624195863,9132.872653402399,1199.0364909005282,7931.568240691241,0.7238627960827145,5.95940665223294,3.5306545677496155,,,286.3362681107586,27.700187241468154
742,,AM,R1796,00,EHZ,61.1981981981982,-149.91291617029023,2026-09-12T23:36:59.996000Z,2026-09-12T23:37:59.996000Z,100.0,100.0,60.0,,traffic,1,Traffic,timeofday:America/Anchorage:day7-19:night1-5,AM,2.0-20.0,931.7832351898135,4282.873234699177,883.4514314703431,4278.037281247645,0.8989500750057966,2.8486539099036383,1.3291605778910975,,,286.3362681107586,14.94060570626996
743,,AM,R1796,00,EHZ,61.1981981981982,-149.91291617029023,2026-09-12T23:37:59.996000Z,2026-09-12T23:38:59.996000Z,100.0,100.0,60.0,,traffic,1,Traffic,timeofday:America/Anchorage:day7-19:night1-5,AM,2.0-20.0,649.4170133914603,5662.873674609381,587.8925541562888,4907.679002222522,0.819499315908508,4.0638380970806685,6.3420630870217956,,,286.3362681107586,17.139564731367415
744,,AM,R1796,00,EHZ,61.1981981981982,-149.91291617029023,2026-09-12T23:38:59.996000Z,2026-09-12T23:39:59.996000Z,100.0,100.0,60.0,,traffic,1,Traffic,timeofday:America/Anchorage:day7-19:night1-5,AM,2.0-20.0,1076.6989854629485,9203.873878385006,1034.5869797528628,10023.369771216869,0.9233054719046515,5.8143375749588415,8.239991601802329,,,286.3362681107586,35.00558918837238
745,,AM,R1796,00,EHZ,61.1981981981982,-149.91291617029023,2026-09-12T23:39:59.996000Z,2026-09-12T23:40:59.996000Z,100.0,100.0,60.0,,traffic,1,Traffic,timeofday:America/Anchorage:day7-19:night1-5,AM,2.0-20.0,685.6351754574441,6459.125899208456,624.1015002741044,5765.559859102435,0.8285605901461617,2.9875509495031896,5.313280858066074,,,286.3362681107586,20.135625490768224
746,,AM,R1796,00,EHZ,61.1981981981982,-149.91291617029023,2026-09-12T23:40:59.996000Z,2026-09-12T23:41:59.996000Z,100.0,100.0,60.0,,traffic,1,Traffic,timeofday:America/Anchorage:day7-19:night1-5,AM,2.0-20.0,1361.9862071598327,10410.125290823307,1324.7905140395867,10141.401972620555,0.9461260506328764,4.916505254149369,7.020739274990673,,,286.3362681107586,35.41780452589306
747,,AM,R1796,00,EHZ,61.1981981981982,-149.91291617029023,2026-09-12T23:41:59.996000Z,2026-09-12T23:42:59.996000Z,100.0,100.0,60.0,,traffic,1,Traffic,timeofday:America/Anchorage:day7-19:night1-5,AM,2.0-20.0,1155.8463424094173,8469.125092992414,1103.6215614830005,8620.882886361078,0.9116752133094304,4.271543068544414,4.265897970905037,,,286.3362681107586,30.107547825643962
748,,AM,R1796,00,EHZ,61.1981981981982,-149.91291617029023,2026-09-12T23:42:59.996000Z,2026-09-12T23:43:59.996000Z,100.0,100.0,60.0,,traffic,1,Traffic,timeofday:America/Anchorage:day7-19:night1-5,AM,2.0-20.0,530.4460953653761,3262.1247950203583,465.98759316717667,3277.9445837659714,0.7717314405207714,2.3301417735964,2.0890942060809445,,,286.3362681107586,11.447884703512374
749,,AM,R1796,00,EHZ,61.1981981981982,-149.91291617029023,2026-09-12T23:43:59.996000Z,2026-09-12T23:44:59.996000Z,100.0,100.0,60.0,,traffic,1,Traffic,timeofday:America/Anchorage:day7-19:night1-5,AM,2.0-20.0,881.7349982315676,9089.124348981564,829.4246490676541,9260.480479729024,0.8848664249461211,4.907140149887118,7.542268391848923,,,286.3362681107586,32.34127671227086
750,,AM,R1796,00,EHZ,61.1981981981982,-149.91291617029023,2026-09-12T23:44:59.996000Z,2026-09-12T23:45:59.996000Z,100.0,100.0,60.0,,traffic,1,Traffic,timeofday:America/Anchorage:day7-19:night1-5,AM,2.0-20.0,608.6360805390037,4229.876053850668,546.3939905906856,3966.232157884938,0.8059283627667924,2.304431613578636,1.6280683171565036,,,286.3362681107586,13.8516583458116
751,,AM,R1796,00,EHZ,61.1981981981982,-149.91291617029023,2026-09-12T23:45:59.996000Z,2026-09-12T23:46:59.996000Z,100.0,100.0,60.0,,traffic,1,Traffic,timeofday:America/Anchorage:day7-19:night1-5,AM,2.0-20.0,1187.3462879199096,8559.123417864856,1129.0841399895903,8078.145480347508,0.9042693616266085,5.732082239579428,4.843299396022101,,,286.3362681107586,28.21209319254931
752,,AM,R1796,00,EHZ,61.1981981981982,-149.91291617029023,2026-09-12T23:46:59.996000Z,2026-09-12T23:47:59.996000Z,100.0,100.0,60.0,,traffic,1,Traffic,timeofday:America/Anchorage:day7-19:night1-5,AM,2.0-20.0,693.7658847836872,4093.876900331546,636.6273952243912,4000.318730673775,0.8420633513685626,4.214392999265262,2.732909701014159,,,286.3362681107586,13.970702199437758
753,,AM,R1796,00,EHZ,61.1981981981982,-149.91291617029023,2026-09-12T23:47:59.996000Z,2026-09-12T23:48:59.996000Z,100.0,100.0,60.0,,traffic,1,Traffic,timeofday:America/Anchorage:day7-19:night1-5,AM,2.0-20.0,777.6361829136878,8381.877224901684,703.6679644961279,7836.659549365584,0.8188090601844318,8.579620096697418,16.172704289276975,,,286.3362681107586,27.368728387331853
754,,AM,R1796,00,EHZ,61.1981981981982,-149.91291617029023,2026-09-12T23:48:59.996000Z,2026-09-12T23:49:59.996000Z,100.0,100.0,60.0,,traffic,1,Traffic,timeofday:America/Anchorage:day7-19:night1-5,AM,2.0-20.0,931.2070410092533,9549.87745527539,888.6169650931386,9016.16759193504,0.9106189809720209,4.07417541374271,8.381846501132655,,,286.3362681107586,31.488039050810944
755,,AM,R1796,00,EHZ,61.1981981981982,-149.91291617029023,2026-09-12T23:49:59.996000Z,2026-09-12T23:50:59.996000Z,100.0,100.0,60.0,,traffic,1,Traffic,timeofday:America/Anchorage:day7-19:night1-5,AM,2.0-20.0,692.9490572878343,3782.8780090547984,631.2128758952534,4005.54661753855,0.8297534791615115,5.568001778173493,2.3432192911159158,,,286.3362681107586,13.98896005723296
756,,AM,R1796,00,EHZ,61.1981981981982,-149.91291617029023,2026-09-12T23:50:59.996000Z,2026-09-12T23:51:59.996000Z,100.0,100.0,60.0,,traffic,1,Traffic,timeofday:America/Anchorage:day7-19:night1-5,AM,2.0-20.0,1530.632202569841,10490.121550728567,1403.4462916162706,9839.848357053323,0.8407171415306768,4.767592033108025,5.573350369506809,,,286.3362681107586,34.36465950323534
757,,AM,R1796,00,EHZ,61.1981981981982,-149.91291617029023,2026-09-12T23:51:59.996000Z,2026-09-12T23:52:59.996000Z,100.0,100.0,60.0,,traffic,1,Traffic,timeofday:America/Anchorage:day7-19:night1-5,AM,2.0-20.0,890.1885483330799,5180.878806568241,844.8151745175677,5109.124144367335,0.9006569526107109,4.711893916145126,2.6791491490873147,,,286.3362681107586,17.84309119510861
758,,AM,R1796,00,EHZ,61.1981981981982,-149.91291617029023,2026-09-12T23:52:59.996000Z,2026-09-12T23:53:59.996000Z,100.0,100.0,60.0,,traffic,1,Traffic,timeofday:America/Anchorage:day7-19:night1-5,AM,2.0-20.0,910.3671347404601,9360.87920964562,857.0753049294498,9795.047541035048,0.8863491286758188,5.072536944299224,14.492327919895114,,,286.3362681107586,34.20819725584394
759,,AM,R1796,00,EHZ,61.1981981981982,-149.91291617029023,2026-09-12T23:53:59.996000Z,2026-09-12T23:54:59.996000Z,100.0,100.0,60.0,,traffic,1,Traffic,timeofday:America/Anchorage:day7-19:night1-5,AM,2.0-20.0,1269.8664000706003,8866.12064455522,1228.72878421142,9348.212311718613,0.9362589882451825,3.5197372214569222,5.799910634929862,,,286.3362681107586,32.64767112248107
760,,AM,R1796,00,EHZ,61.1981981981982,-149.91291617029023,2026-09-12T23:54:59.996000Z,2026-09-12T23:55:59.996000Z,100.0,100.0,60.0,,traffic,1,Traffic,timeofday:America/Anchorage:day7-19:night1-5,AM,2.0-20.0,773.1075275594056,7700.879883974397,703.9577604846761,7810.814330942737,0.8291123766427435,4.63064023135246,9.167695669297405,,,286.3362681107586,27.278466617164305
761,,AM,R1796,00,EHZ,61.1981981981982,-149.91291617029023,2026-09-12T23:55:59.996000Z,2026-09-12T23:56:59.996000Z,100.0,100.0,60.0,,traffic,1,Traffic,timeofday:America/Anchorage:day7-19:night1-5,AM,2.0-20.0,1185.3400627156936,11330.880075983128,1143.6884410890943,12512.354056505801,0.9309568190594898,5.011707722683608,13.789883426851688,,,286.3362681107586,43.69811110224381
762,,AM,R1796,00,EHZ,61.1981981981982,-149.91291617029023,2026-09-12T23:56:59.996000Z,2026-09-12T23:57:59.996000Z,100.0,100.0,60.0,,traffic,1,Traffic,timeofday:America/Anchorage:day7-19:night1-5,AM,2.0-20.0,865.7491621016924,6975.880590907275,796.6425193797976,6897.221271471413,0.8467258232374061,4.908213465174,4.647443522967903,,,286.3362681107586,24.08783671373225
763,,AM,R1796,00,EHZ,61.1981981981982,-149.91291617029023,2026-09-12T23:57:59.996000Z,2026-09-12T23:58:59.996000Z,100.0,100.0,60.0,,traffic,1,Traffic,timeofday:America/Anchorage:day7-19:night1-5,AM,2.0-20.0,872.7133388911833,4894.119087464312,826.5009786932989,4602.165550667901,0.8968989518028045,3.2299072483860995,2.289867601490947,,,286.3362681107586,16.072590388332234
764,,AM,R1796,00,EHZ,61.1981981981982,-149.91291617029023,2026-09-12T23:58:59.996000Z,2026-09-12T23:59:59.996000Z,100.0,100.0,60.0,,traffic,1,Traffic,timeofday:America/Anchorage:day7-19:night1-5,AM,2.0-20.0,619.4090374048096,2660.8812987594424,554.419273851862,2762.673050258292,0.8011642546180466,2.9408524533435427,0.7997887855875341,,,286.3362681107586,9.648351808474551
765,,AM,R1796,00,EHZ,61.1981981981982,-149.91291617029023,2026-09-12T23:59:59.996000Z,2026-09-13T00:00:59.996000Z,100.0,100.0,60.0,,traffic,1,Traffic,timeofday:America/Anchorage:day7-19:night1-5,AM,2.0-20.0,739.6245843400811,3595.8816948502276,691.1446328745518,3661.01362270673,0.8732029680535733,3.351349092357125,1.3974802775188007,,,286.3362681107586,12.785713967923204
766,,AM,R1796,00,EHZ,61.1981981981982,-149.91291617029023,2026-09-13T00:00:59.996000Z,2026-09-13T00:01:59.996000Z,100.0,100.0,60.0,,traffic,1,Traffic,timeofday:America/Anchorage:day7-19:night1-5,AM,2.0-20.0,666.5858571869745,4004.881882323803,623.1011469822153,3719.8399218160803,0.8737856562380378,3.2470798860229393,3.2956887440015867,,,286.3362681107586,12.991158774120773
767,,AM,R1796,00,EHZ,61.1981981981982,-149.91291617029023,2026-09-13T00:01:59.996000Z,2026-09-13T00:02:59.996000Z,100.0,100.0,60.0,,traffic,1,Traffic,timeofday:America/Anchorage:day7-19:night1-5,AM,2.0-20.0,733.5262485257714,3553.117665570099,669.9859616366274,3452.2808670180793,0.8342574378819788,2.7661406565776856,1.236294636134522,,,286.3362681107586,12.056736262563469
768,,AM,R1796,00,EHZ,61.1981981981982,-149.91291617029023,2026-09-13T00:02:59.996000Z,2026-09-13T00:03:59.996000Z,100.0,100.0,60.0,,traffic,1,Traffic,timeofday:America/Anchorage:day7-19:night1-5,AM,2.0-20.0,826.6785369563889,4592.882581473371,777.5529540961818,4604.64963698264,0.8846808509351216,4.6241872656168885,2.243345248579386,,,286.3362681107586,16.081265804587147
769,,AM,R1796,00,EHZ,61.1981981981982,-149.91291617029023,2026-09-13T00:03:59.996000Z,2026-09-13T00:04:59.996000Z,100.0,100.0,60.0,,traffic,1,Traffic,timeofday:America/Anchorage:day7-19:night1-5,AM,2.0-20.0,1304.297673847279,9893.11692364297,1249.6924404996332,10057.742968241204,0.9180214863658654,6.310661875780071,4.347106457652271,,,286.3362681107586,35.12563404769506
770,,AM,R1796,00,EHZ,61.1981981981982,-149.91291617029023,2026-09-13T00:04:59.996000Z,2026-09-13T00:05:59.996000Z,100.0,100.0,60.0,,traffic,1,Traffic,timeofday:America/Anchorage:day7-19:night1-5,AM,2.0-20.0,963.9928365946222,6868.116648530556,900.4664301490169,7221.882907155663,0.8725442082268304,4.562283552515796,3.0435352299961727,,,286.3362681107586,25.22168412267685
771,,AM,R1796,00,EHZ,61.1981981981982,-149.91291617029023,2026-09-13T00:05:59.996000Z,2026-09-13T00:06:59.996000Z,100.0,100.0,60.0,,traffic,1,Traffic,timeofday:America/Anchorage:day7-19:night1-5,AM,2.0-20.0,623.8961054140284,2787.116032791099,528.7136687777014,2461.67686391629,0.7181522531950641,3.510362956115996,0.8462327291898113,,,286.3362681107586,8.597153550119195
772,,AM,R1796,00,EHZ,61.1981981981982,-149.91291617029023,2026-09-13T00:06:59.996000Z,2026-09-13T00:07:59.996000Z,100.0,100.0,60.0,,traffic,1,Traffic,timeofday:America/Anchorage:day7-19:night1-5,AM,2.0-20.0,821.223222667265,6115.115887482226,772.1441034909437,5761.6215111928595,0.8840448016253453,5.224419040983335,3.8825204900209567,,,286.3362681107586,20.12187121529498
773,,AM,R1796,00,EHZ,61.1981981981982,-149.91291617029023,2026-09-13T00:07:59.996000Z,2026-09-13T00:08:59.996000Z,100.0,100.0,60.0,,traffic,1,Traffic,timeofday:America/Anchorage:day7-19:night1-5,AM,2.0-20.0,637.361518638184,3100.1154637514996,592.5741896768219,3038.222763812989,0.8643980623970854,2.8680266781797092,1.869573102986327,,,286.3362681107586,10.610680874829885
774,,AM,R1796,00,EHZ,61.1981981981982,-149.91291617029023,2026-09-13T00:08:59.996000Z,2026-09-13T00:09:59.996000Z,100.0,100.0,60.0,,traffic,1,Traffic,timeofday:America/Anchorage:day7-19:night1-5,AM,2.0-20.0,715.1594681372468,4782.11492026812,660.6418162686207,4163.495958196936,0.8533483116710862,2.709294209918342,1.887351329463507,,,286.3362681107586,14.5405819027663
775,,AM,R1796,00,EHZ,61.1981981981982,-149.91291617029023,2026-09-13T00:09:59.996000Z,2026-09-13T00:10:59.996000Z,100.0,100.0,60.0,,traffic,1,Traffic,timeofday:America/Anchorage:day7-19:night1-5,AM,2.0-20.0,864.2489241199177,6837.885220260453,818.6869363961636,6285.119354614133,0.8973420630781185,4.2324496715270925,3.491697225010066,,,286.3362681107586,21.950133652586988
776,,AM,R1796,00,EHZ,61.1981981981982,-149.91291617029023,2026-09-13T00:10:59.996000Z,2026-09-13T00:11:59.996000Z,100.0,100.0,60.0,,traffic,1,Traffic,timeofday:America/Anchorage:day7-19:night1-5,AM,2.0-20.0,1033.5276293585787,8209.114485751074,980.163296657939,8497.751443904133,0.8993995985214887,5.51234629447786,3.945899262872051,,,286.3362681107586,29.677523912608553
777,,AM,R1796,00,EHZ,61.1981981981982,-149.91291617029023,2026-09-13T00:11:59.996000Z,2026-09-13T00:12:59.996000Z,100.0,100.0,60.0,,traffic,1,Traffic,timeofday:America/Anchorage:day7-19:night1-5,AM,2.0-20.0,1319.5055463266085,6570.886058712876,1081.7276872039026,6271.649566488564,0.6720683623527686,2.901574015206718,1.9904012858426983,,,286.3362681107586,21.90309180135926
778,,AM,R1796,00,EHZ,61.1981981981982,-149.91291617029023,2026-09-13T00:12:59.996000Z,2026-09-13T00:13:59.996000Z,100.0,100.0,60.0,,traffic,1,Traffic,timeofday:America/Anchorage:day7-19:night1-5,AM,2.0-20.0,896.5322845780322,5826.886506651535,816.7258439919407,5962.822818797855,0.8298903794718788,3.123849585896205,2.4922675210453384,,,286.3362681107586,20.82454611195588
779,,AM,R1796,00,EHZ,61.1981981981982,-149.91291617029023,2026-09-13T00:13:59.996000Z,2026-09-13T00:14:59.996000Z,100.0,100.0,60.0,,traffic,1,Traffic,timeofday:America/Anchorage:day7-19:night1-5,AM,2.0-20.0,801.6671378570626,6323.113226938652,760.3327919072987,6335.509154029608,0.899537514765068,4.216168412960131,4.542991542404879,,,286.3362681107586,22.126114850316306
780,,AM,R1796,00,EHZ,61.1981981981982,-149.91291617029023,2026-09-13T00:14:59.996000Z,2026-09-13T00:15:59.996000Z,100.0,100.0,60.0,,traffic,1,Traffic,timeofday:America/Anchorage:day7-19:night1-5,AM,2.0-20.0,635.399813653263,3920.113029414188,588.4339767518186,3625.537924229856,0.8576326702801342,3.664865845802519,2.3827981047259303,,,286.3362681107586,12.661818735541564
781,,AM,R1796,00,EHZ,61.1981981981982,-149.91291617029023,2026-09-13T00:15:59.996000Z,2026-09-13T00:16:59.996000Z,100.0,100.0,60.0,,traffic,1,Traffic,timeofday:America/Anchorage:day7-19:night1-5,AM,2.0-20.0,801.8980325198762,6322.112358333562,748.6406884306806,5241.652044183818,0.8715826141266879,3.2185790305867723,3.602817050025612,,,286.3362681107586,18.30593127013962
782,,AM,R1796,00,EHZ,61.1981981981982,-149.91291617029023,2026-09-13T00:16:59.996000Z,2026-09-13T00:17:59.996000Z,100.0,100.0,60.0,,traffic,1,Traffic,timeofday:America/Anchorage:day7-19:night1-5,AM,2.0-20.0,1059.140985158557,9030.11230581154,1015.1851255502306,8744.400376118218,0.9187195192755058,3.1429894241910867,5.538525605442423,,,286.3362681107586,30.538919969215247
783,,AM,R1796,00,EHZ,61.1981981981982,-149.91291617029023,2026-09-13T00:17:59.996000Z,2026-09-13T00:18:59.996000Z,100.0,100.0,60.0,,traffic,1,Traffic,timeofday:America/Anchorage:day7-19:night1-5,AM,2.0-20.0,660.5003471075634,3804.888158858164,597.7930713811819,3786.3156144309055,0.8191353225371169,3.62615067527237,2.0438855852981153,,,286.3362681107586,13.223318301285916
784,,AM,R1796,00,EHZ,61.1981981981982,-149.91291617029023,2026-09-13T00:18:59.996000Z,2026-09-13T00:19:59.996000Z,100.0,100.0,60.0,,traffic,1,Traffic,timeofday:America/Anchorage:day7-19:night1-5,AM,2.0-20.0,937.2213421708199,6829.888471538837,896.1568401453942,6957.21252404291,0.9142894503622055,7.151209651619847,4.70339287365005,,,286.3362681107586,24.297350000216422
785,,AM,R1796,00,EHZ,61.1981981981982,-149.91291617029023,2026-09-13T00:19:59.996000Z,2026-09-13T00:20:59.996000Z,100.0,100.0,60.0,,traffic,1,Traffic,timeofday:America/Anchorage:day7-19:night1-5,AM,2.0-20.0,555.1381141370354,2985.1108940295057,477.949089985411,2546.899102770579,0.7412439925776277,3.056183690775573,1.1137032593287675,,,286.3362681107586,8.894783464124094
786,,AM,R1796,00,EHZ,61.1981981981982,-149.91291617029023,2026-09-13T00:20:59.996000Z,2026-09-13T00:21:59.996000Z,100.0,100.0,60.0,,traffic,1,Traffic,timeofday:America/Anchorage:day7-19:night1-5,AM,2.0-20.0,793.0079927110595,4089.110738608459,739.0977402929569,3707.7221692779194,0.868657592148577,3.3576783123964686,0.9854141417360576,,,286.3362681107586,12.948838768282487
787,,AM,R1796,00,EHZ,61.1981981981982,-149.91291617029023,2026-09-13T00:21:59.996000Z,2026-09-13T00:22:59.996000Z,100.0,100.0,60.0,,traffic,1,Traffic,timeofday:America/Anchorage:day7-19:night1-5,AM,2.0-20.0,782.6282742970085,4573.889547412847,728.6083585321552,4020.5633559708663,0.8667168317916927,2.5519192941825493,1.7407901256828886,,,286.3362681107586,14.041404473483114
788,,AM,R1796,00,EHZ,61.1981981981982,-149.91291617029023,2026-09-13T00:22:59.996000Z,2026-09-13T00:23:59.996000Z,100.0,100.0,60.0,,traffic,1,Traffic,timeofday:America/Anchorage:day7-19:night1-5,AM,2.0-20.0,642.0923292559878,4723.109930369982,585.2306570184959,4227.751719692027,0.8307286209356829,2.629698368814174,2.289392667427749,,,286.3362681107586,14.76498854855745
789,,AM,R1796,00,EHZ,61.1981981981982,-149.91291617029023,2026-09-13T00:23:59.996000Z,2026-09-13T00:24:59.996000Z,100.0,100.0,60.0,,traffic,1,Traffic,timeofday:America/Anchorage:day7-19:night1-5,AM,2.0-20.0,920.4624675047186,4946.109720098056,864.0893214042549,4413.648092752911,0.8812621284314809,5.4871944217811786,2.3831451766189753,,,286.3362681107586,15.4142125336552
790,,AM,R1796,00,EHZ,61.1981981981982,-149.91291617029023,2026-09-13T00:24:59.996000Z,2026-09-13T00:25:59.996000Z,100.0,100.0,60.0,,traffic,1,Traffic,timeofday:America/Anchorage:day7-19:night1-5,AM,2.0-20.0,926.510631314789,5676.109249667469,729.3528236999398,5492.0918392280055,0.6196900504194618,4.653064880987936,4.40898483128115,,,286.3362681107586,19.18056652573118
791,,AM,R1796,00,EHZ,61.1981981981982,-149.91291617029023,2026-09-13T00:25:59.996000Z,2026-09-13T00:26:59.996000Z,100.0,100.0,60.0,,traffic,1,Traffic,timeofday:America/Anchorage:day7-19:night1-5,AM,2.0-20.0,1665.547876526455,13072.891115351362,1497.1743632910238,13101.325801355259,0.8080356493473813,5.4091709662745115,7.896727369810723,,,286.3362681107586,45.7550344138993
792,,AM,R1796,00,EHZ,61.1981981981982,-149.91291617029023,2026-09-13T00:26:59.996000Z,2026-09-13T00:27:59.996000Z,100.0,100.0,60.0,,traffic,1,Traffic,timeofday:America/Anchorage:day7-19:night1-5,AM,2.0-20.0,731.880655439376,5148.891466887296,675.4108986968928,5251.143806749224,0.8516390992264552,3.399107511577454,4.225078367680994,,,286.3362681107586,18.339080275775657
793,,AM,R1796,00,EHZ,61.1981981981982,-149.91291617029023,2026-09-13T00:27:59.996000Z,2026-09-13T00:28:59.996000Z,100.0,100.0,60.0,,traffic,1,Traffic,timeofday:America/Anchorage:day7-19:night1-5,AM,2.0-20.0,1348.414994514768,11517.107971549984,1305.7128972159587,10971.955889859859,0.9376661566616273,4.149153050343749,6.733894283280243,,,286.3362681107586,38.318428755995946
794,,AM,R1796,00,EHZ,61.1981981981982,-149.91291617029023,2026-09-13T00:28:59.996000Z,2026-09-13T00:29:59.996000Z,100.0,100.0,60.0,,traffic,1,Traffic,timeofday:America/Anchorage:day7-19:night1-5,AM,2.0-20.0,747.4444777459055,6467.107859335499,699.9123757364488,5769.139209400828,0.8768584070658303,3.3216959296964887,3.73246096489835,,,286.3362681107586,20.14812600396555
795,,AM,R1796,00,EHZ,61.1981981981982,-149.91291617029023,2026-09-13T00:29:59.996000Z,2026-09-13T00:30:59.996000Z,100.0,100.0,60.0,,traffic,1,Traffic,timeofday:America/Anchorage:day7-19:night1-5,AM,2.0-20.0,629.6590878921552,3241.892781469894,584.1735465633805,3048.116696352203,0.8607416563520294,4.946341413041091,2.0821021646314533,,,286.3362681107586,10.64523441778305
796,,AM,R1796,00,EHZ,61.1981981981982,-149.91291617029023,2026-09-13T00:30:59.996000Z,2026-09-13T00:31:59.996000Z,100.0,100.0,60.0,,traffic,1,Traffic,timeofday:America/Anchorage:day7-19:night1-5,AM,2.0-20.0,1080.0847756448684,10206.10699955558,1044.0928696892786,11622.328790589134,0.9344639909801189,5.512450459806595,11.491911105633752,,,286.3362681107586,40.58978929659538
797,,AM,R1796,00,EHZ,61.1981981981982,-149.91291617029023,2026-09-13T00:31:59.996000Z,2026-09-13T00:32:59.996000Z,100.0,100.0,60.0,,traffic,1,Traffic,timeofday:America/Anchorage:day7-19:night1-5,AM,2.0-20.0,896.2131819572983,5568.893514326707,848.2675122705712,5251.0249409126445,0.8958659158640702,4.704331364524882,3.847041650551544,,,286.3362681107586,18.33866514905293
798,,AM,R1796,00,EHZ,61.1981981981982,-149.91291617029023,2026-09-13T00:32:59.996000Z,2026-09-13T00:33:59.996000Z,100.0,100.0,60.0,,traffic,1,Traffic,timeofday:America/Anchorage:day7-19:night1-5,AM,2.0-20.0,835.5890161106767,4319.89358744079,801.2881988121685,4129.388748583654,0.9195853591403428,2.750016222060172,1.1858775299283115,,,286.3362681107586,14.421465977150866
799,,AM,R1796,00,EHZ,61.1981981981982,-149.91291617029023,2026-09-13T00:33:59.996000Z,2026-09-13T00:34:59.996000Z,100.0,100.0,60.0,,traffic,1,Traffic,timeofday:America/Anchorage:day7-19:night1-5,AM,2.0-20.0,910.2705902857126,7170.10597081043,843.0774963800731,6985.412817083899,0.8578156622497883,4.401220172335847,4.808662445730483,,,286.3362681107586,24.395836626542362
800,,AM,R1796,00,EHZ,61.1981981981982,-149.91291617029023,2026-09-13T00:34:59.996000Z,2026-09-13T00:35:59.996000Z,100.0,100.0,60.0,,traffic,1,Traffic,timeofday:America/Anchorage:day7-19:night1-5,AM,2.0-20.0,1046.199902071654,8002.105641398707,1005.7946103113062,7267.977738554404,0.9242495718224023,6.076554906276611,4.271450156760734,,,286.3362681107586,25.382665585845572
801,,AM,R1796,00,EHZ,61.1981981981982,-149.91291617029023,2026-09-13T00:35:59.996000Z,2026-09-13T00:36:59.996000Z,100.0,100.0,60.0,,traffic,1,Traffic,timeofday:America/Anchorage:day7-19:night1-5,AM,2.0-20.0,814.1973189491863,7220.105300832948,766.9729163483818,7316.5174358867225,0.8873617830158231,2.8187278207600523,4.08690503155338,,,286.3362681107586,25.552185492117253
802,,AM,R1796,00,EHZ,61.1981981981982,-149.91291617029023,2026-09-13T00:36:59.996000Z,2026-09-13T00:37:59.996000Z,100.0,100.0,60.0,,traffic,1,Traffic,timeofday:America/Anchorage:day7-19:night1-5,AM,2.0-20.0,849.2358715009735,4878.895368531673,814.9257655419739,5148.033270793119,0.9208299526295497,3.810460863561453,2.514880816206979,,,286.3362681107586,17.97897732187315
803,,AM,R1796,00,EHZ,61.1981981981982,-149.91291617029023,2026-09-13T00:37:59.996000Z,2026-09-13T00:38:59.996000Z,100.0,100.0,60.0,,traffic,1,Traffic,timeofday:America/Anchorage:day7-19:night1-5,AM,2.0-20.0,1021.295566755521,10211.10450969324,987.6817114161078,9636.88191117197,0.9352573520214653,5.313728883488952,10.380929821480542,,,286.3362681107586,33.6558200424834
804,,AM,R1796,00,EHZ,61.1981981981982,-149.91291617029023,2026-09-13T00:38:59.996000Z,2026-09-13T00:39:59.996000Z,100.0,100.0,60.0,,traffic,1,Traffic,timeofday:America/Anchorage:day7-19:night1-5,AM,2.0-20.0,645.4716035254787,4153.895920778933,602.0932253526297,4092.1994217824476,0.8701080754967068,4.327720819533952,3.0232662201305676,,,286.3362681107586,14.291586073893829
805,,AM,R1796,00,EHZ,61.1981981981982,-149.91291617029023,2026-09-13T00:39:59.996000Z,2026-09-13T00:40:59.996000Z,100.0,100.0,60.0,,traffic,1,Traffic,timeofday:America/Anchorage:day7-19:night1-5,AM,2.0-20.0,805.2870178396862,5047.103639249574,770.6094814359083,4832.3817937543245,0.9157297016582152,5.101583116423002,3.557589541111126,,,286.3362681107586,16.8765969663511
806,,AM,R1796,00,EHZ,61.1981981981982,-149.91291617029023,2026-09-13T00:40:59.996000Z,2026-09-13T00:41:59.996000Z,100.0,100.0,60.0,,traffic,1,Traffic,timeofday:America/Anchorage:day7-19:night1-5,AM,2.0-20.0,576.214354202455,2966.103200013517,514.6085109249965,2353.4570270229788,0.7976011718527785,2.8658824317777283,0.9614377741811784,,,286.3362681107586,8.21920688759075
807,,AM,R1796,00,EHZ,61.1981981981982,-149.91291617029023,2026-09-13T00:41:59.996000Z,2026-09-13T00:42:59.996000Z,100.0,100.0,60.0,,traffic,1,Traffic,timeofday:America/Anchorage:day7-19:night1-5,AM,2.0-20.0,945.1244171423546,7763.102925023676,895.8963345931869,7471.873407348718,0.8985402851195797,4.365368085284079,4.767513528843453,,,286.3362681107586,26.094750262158545
808,,AM,R1796,00,EHZ,61.1981981981982,-149.91291617029023,2026-09-13T00:42:59.996000Z,2026-09-13T00:43:59.996000Z,100.0,100.0,60.0,,traffic,1,Traffic,timeofday:America/Anchorage:day7-19:night1-5,AM,2.0-20.0,1138.8647770170421,6655.897284574111,1045.136504159162,6008.696309431262,0.842173770726683,3.636595341505311,1.9348007189365664,,,286.3362681107586,20.984754565240824
809,,AM,R1796,00,EHZ,61.1981981981982,-149.91291617029023,2026-09-13T00:43:59.996000Z,2026-09-13T00:44:59.996000Z,100.0,100.0,60.0,,traffic,1,Traffic,timeofday:America/Anchorage:day7-19:night1-5,AM,2.0-20.0,922.4996034426448,6457.897737722068,815.2835474673735,6283.5307639627235,0.781061048885207,4.330775597561613,3.90570400409875,,,286.3362681107586,21.944585662938692
810,,AM,R1796,00,EHZ,61.1981981981982,-149.91291617029023,2026-09-13T00:44:59.996000Z,2026-09-13T00:45:59.996000Z,100.0,100.0,60.0,,traffic,1,Traffic,timeofday:America/Anchorage:day7-19:night1-5,AM,2.0-20.0,921.2508256953811,5428.101759549679,869.1045120708399,5734.522740403678,0.8899963571245336,3.7721019134642484,2.1914335837903387,,,286.3362681107586,20.027231542270044
811,,AM,R1796,00,EHZ,61.1981981981982,-149.91291617029023,2026-09-13T00:45:59.996000Z,2026-09-13T00:46:59.996000Z,100.0,100.0,60.0,,traffic,1,Traffic,timeofday:America/Anchorage:day7-19:night1-5,AM,2.0-20.0,795.2035046547128,6545.101588991013,755.5982737125994,6254.605365856547,0.9028702503084269,5.537760694368047,8.334527666287817,,,286.3362681107586,21.84356668166529
812,,AM,R1796,00,EHZ,61.1981981981982,-149.91291617029023,2026-09-13T00:46:59.996000Z,2026-09-13T00:47:59.996000Z,100.0,100.0,60.0,,traffic,1,Traffic,timeofday:America/Anchorage:day7-19:night1-5,AM,2.0-20.0,860.9470316110696,6076.899005666094,814.1036388456625,5280.613076422973,0.8941420631152607,3.5308682934725892,3.3554898537698286,,,286.3362681107586,18.441998672624884
813,,AM,R1796,00,EHZ,61.1981981981982,-149.91291617029023,2026-09-13T00:47:59.996000Z,2026-09-13T00:48:59.996000Z,100.0,100.0,60.0,,traffic,1,Traffic,timeofday:America/Anchorage:day7-19:night1-5,AM,2.0-20.0,567.1644634813177,3193.100683798239,520.5754299273143,3068.521527275676,0.8424600385148371,3.591403177338852,1.7506397026042197,,,286.3362681107586,10.716496193520031
814,,AM,R1796,00,EHZ,61.1981981981982,-149.91291617029023,2026-09-13T00:48:59.996000Z,2026-09-13T00:49:59.996000Z,100.0,100.0,60.0,,traffic,1,Traffic,timeofday:America/Anchorage:day7-19:night1-5,AM,2.0-20.0,1068.906963865019,10125.100221334822,1026.2031434120881,10321.323631325457,0.9216942290892155,4.8742371536669165,8.571285504468142,,,286.3362681107586,36.0461624349069
815,,AM,R1796,00,EHZ,61.1981981981982,-149.91291617029023,2026-09-13T00:49:59.996000Z,2026-09-13T00:50:59.996000Z,100.0,100.0,60.0,,traffic,1,Traffic,timeofday:America/Anchorage:day7-19:night1-5,AM,2.0-20.0,978.1105543834423,11477.10008589298,944.0248148758116,9911.105499396484,0.931517311672864,5.841221278196488,20.229242930876513,,,286.3362681107586,34.6135177523608
816,,AM,R1796,00,EHZ,61.1981981981982,-149.91291617029023,2026-09-13T00:50:59.996000Z,2026-09-13T00:51:59.996000Z,100.0,100.0,60.0,,traffic,1,Traffic,timeofday:America/Anchorage:day7-19:night1-5,AM,2.0-20.0,673.5194194992325,2898.099457835055,600.9224898344645,2823.111042628855,0.7960432637555115,3.179554111071556,0.8484633613320152,,,286.3362681107586,9.859425287811737
817,,AM,R1796,00,EHZ,61.1981981981982,-149.91291617029023,2026-09-13T00:51:59.996000Z,2026-09-13T00:52:59.996000Z,100.0,100.0,60.0,,traffic,1,Traffic,timeofday:America/Anchorage:day7-19:night1-5,AM,2.0-20.0,1039.9844800014537,6917.099273487064,870.6877082888873,7388.894600467041,0.7009242900813294,3.0732164398709183,5.616225244574725,,,286.3362681107586,25.804955303841982
818,,AM,R1796,00,EHZ,61.1981981981982,-149.91291617029023,2026-09-13T00:52:59.996000Z,2026-09-13T00:53:59.996000Z,100.0,100.0,60.0,,traffic,1,Traffic,timeofday:America/Anchorage:day7-19:night1-5,AM,2.0-20.0,1873.6964639527353,22774.098949284642,1853.0406290913327,23357.478600697174,0.9780733121243081,8.96852837812785,36.06866226832558,,,286.3362681107586,81.57359441334269
819,,AM,R1796,00,EHZ,61.1981981981982,-149.91291617029023,2026-09-13T00:53:59.996000Z,2026-09-13T00:54:59.996000Z,100.0,100.0,60.0,,traffic,1,Traffic,timeofday:America/Anchorage:day7-19:night1-5,AM,2.0-20.0,1439.4873454578496,19729.901473220365,1402.1162495948467,19331.378264919025,0.9487512090510428,8.261466823070386,31.890719013260515,,,286.3362681107586,67.51285260671692
820,,AM,R1796,00,EHZ,61.1981981981982,-149.91291617029023,2026-09-13T00:54:59.996000Z,2026-09-13T00:55:59.996000Z,100.0,100.0,60.0,,traffic,1,Traffic,timeofday:America/Anchorage:day7-19:night1-5,AM,2.0-20.0,738.6582674192774,10168.901665780671,698.6365822618974,8248.179343335309,0.8945724499390754,2.734456125149678,20.303896218305272,,,286.3362681107586,28.805918990830754
821,,AM,R1796,00,EHZ,61.1981981981982,-149.91291617029023,2026-09-13T00:55:59.996000Z,2026-09-13T00:56:59.996000Z,100.0,100.0,60.0,,traffic,1,Traffic,timeofday:America/Anchorage:day7-19:night1-5,AM,2.0-20.0,775.2876616536845,4716.902322765537,731.5929543400256,4356.410661938286,0.890457679643464,2.80511060241474,2.92587795159481,,,286.3362681107586,15.214316686746677
822,,AM,R1796,00,EHZ,61.1981981981982,-149.91291617029023,2026-09-13T00:56:59.996000Z,2026-09-13T00:57:59.996000Z,100.0,100.0,60.0,,traffic,1,Traffic,timeofday:America/Anchorage:day7-19:night1-5,AM,2.0-20.0,615.5070799705508,5809.902409117373,569.7464594083979,5791.777085871604,0.8568349331117658,3.1161410403681,6.498335453807181,,,286.3362681107586,20.227186461867515
823,,AM,R1796,00,EHZ,61.1981981981982,-149.91291617029023,2026-09-13T00:57:59.996000Z,2026-09-13T00:58:59.996000Z,100.0,100.0,60.0,,traffic,1,Traffic,timeofday:America/Anchorage:day7-19:night1-5,AM,2.0-20.0,752.2004195252775,3742.0971631070283,707.6109528023034,3977.612633290577,0.884956554983888,5.233450339114736,1.9122799908767396,,,286.3362681107586,13.891403487007745
824,,AM,R1796,00,EHZ,61.1981981981982,-149.91291617029023,2026-09-13T01:01:59.996000Z,2026-09-13T01:02:59.996000Z,100.0,100.0,60.0,,traffic,1,Traffic,timeofday:America/Anchorage:day7-19:night1-5,AM,2.0-20.0,778.4124315299752,7551.0954998076495,719.2453418349314,7337.5092192189895,0.8537576132229134,4.771441111962752,6.6217603905805795,,,286.3362681107586,25.62549713884217
825,,AM,R1796,00,EHZ,61.1981981981982,-149.91291617029023,2026-09-13T01:02:59.996000Z,2026-09-13T01:03:59.996000Z,100.0,100.0,60.0,,traffic,1,Traffic,timeofday:America/Anchorage:day7-19:night1-5,AM,2.0-20.0,1382.2202966062798,11722.09514735243,1338.2890885156316,12270.862256711196,0.9374440184276608,4.599387044742283,12.113193296534492,,,286.3362681107586,42.854725800800985
826,,AM,R1796,00,EHZ,61.1981981981982,-149.91291617029023,2026-09-13T01:03:59.996000Z,2026-09-13T01:04:59.996000Z,100.0,100.0,60.0,,traffic,1,Traffic,timeofday:America/Anchorage:day7-19:night1-5,AM,2.0-20.0,737.1956280370064,7649.905062613073,690.1300532909647,7725.5278510446715,0.8763879113918679,5.58029816118201,10.363914607355879,,,286.3362681107586,26.980612347913734
827,,AM,R1796,00,EHZ,61.1981981981982,-149.91291617029023,2026-09-13T01:04:59.996000Z,2026-09-13T01:05:59.996000Z,100.0,100.0,60.0,,traffic,1,Traffic,timeofday:America/Anchorage:day7-19:night1-5,AM,2.0-20.0,1252.7372613497487,7726.094304487419,1125.4143191741293,6846.8875534604595,0.8070582524379303,4.8207532438079905,2.946509456663149,,,286.3362681107586,23.912051374546774
828,,AM,R1796,00,EHZ,61.1981981981982,-149.91291617029023,2026-09-13T01:05:59.996000Z,2026-09-13T01:06:59.996000Z,100.0,100.0,60.0,,traffic,1,Traffic,timeofday:America/Anchorage:day7-19:night1-5,AM,2.0-20.0,1009.6327612141155,5118.905823722688,907.142892275635,4953.715864144488,0.8072806361625765,3.0754666217150586,2.0209703002851613,,,286.3362681107586,17.30034374209391
829,,AM,R1796,00,EHZ,61.1981981981982,-149.91291617029023,2026-09-13T01:06:59.996000Z,2026-09-13T01:07:59.996000Z,100.0,100.0,60.0,,traffic,1,Traffic,timeofday:America/Anchorage:day7-19:night1-5,AM,2.0-20.0,746.0085178831341,4550.906413170494,690.9221604573852,3949.4536882362518,0.8577696429708334,2.9910981905350043,2.6130103785277266,,,286.3362681107586,13.793061264277396
830,,AM,R1796,00,EHZ,61.1981981981982,-149.91291617029023,2026-09-13T01:07:59.996000Z,2026-09-13T01:08:59.996000Z,100.0,100.0,60.0,,traffic,1,Traffic,timeofday:America/Anchorage:day7-19:night1-5,AM,2.0-20.0,1145.7226051495315,8997.90666940685,1083.3188398399234,8266.550525961607,0.8940331621680119,5.171117619901322,6.31176874260121,,,286.3362681107586,28.870078458814017
831,,AM,R1796,00,EHZ,61.1981981981982,-149.91291617029023,2026-09-13T01:08:59.996000Z,2026-09-13T01:09:59.996000Z,100.0,100.0,60.0,,traffic,1,Traffic,timeofday:America/Anchorage:day7-19:night1-5,AM,2.0-20.0,844.5697756376353,4399.092936463517,811.9041817948521,4124.624769800362,0.9241415264452418,4.015309316814271,3.7600721086942057,,,286.3362681107586,14.404828270671262
832,,AM,R1796,00,EHZ,61.1981981981982,-149.91291617029023,2026-09-13T01:09:59.996000Z,2026-09-13T01:10:59.996000Z,100.0,100.0,60.0,,traffic,1,Traffic,timeofday:America/Anchorage:day7-19:night1-5,AM,2.0-20.0,1033.501150179893,8042.9072538292085,997.912646705434,7527.401154425241,0.9323159722073551,5.85971907865113,5.013575906716287,,,286.3362681107586,26.288675214253836
833,,AM,R1796,00,EHZ,61.1981981981982,-149.91291617029023,2026-09-13T01:10:59.996000Z,2026-09-13T01:11:59.996000Z,100.0,100.0,60.0,,traffic,1,Traffic,timeofday:America/Anchorage:day7-19:night1-5,AM,2.0-20.0,1231.4761134600285,10173.092401621449,1197.0478338673854,10581.277084284167,0.9448677487337966,5.661005590291747,6.511868215110418,,,286.3362681107586,36.9540231633919
834,,AM,R1796,00,EHZ,61.1981981981982,-149.91291617029023,2026-09-13T01:11:59.996000Z,2026-09-13T01:12:59.996000Z,100.0,100.0,60.0,,traffic,1,Traffic,timeofday:America/Anchorage:day7-19:night1-5,AM,2.0-20.0,975.2454155962827,11770.907939741024,928.5032669608427,10211.24857418886,0.9064399483364566,4.243677822113628,9.728544583415355,,,286.3362681107586,35.66173660627236
835,,AM,R1796,00,EHZ,61.1981981981982,-149.91291617029023,2026-09-13T01:12:59.996000Z,2026-09-13T01:13:59.996000Z,100.0,100.0,60.0,,traffic,1,Traffic,timeofday:America/Anchorage:day7-19:night1-5,AM,2.0-20.0,958.4641767079294,5743.908440017843,910.5853359854369,6116.787626468767,0.9025879547409319,3.3851248793494877,2.865841888617143,,,286.3362681107586,21.36225238537618
836,,AM,R1796,00,EHZ,61.1981981981982,-149.91291617029023,2026-09-13T01:13:59.996000Z,2026-09-13T01:14:59.996000Z,100.0,100.0,60.0,,traffic,1,Traffic,timeofday:America/Anchorage:day7-19:night1-5,AM,2.0-20.0,695.6868363819378,4420.091216842394,638.4964247206478,3965.313735566223,0.8423437694694075,3.4596656196786055,1.740098235755256,,,286.3362681107586,13.848450850216388
837,,AM,R1796,00,EHZ,61.1981981981982,-149.91291617029023,2026-09-13T01:14:59.996000Z,2026-09-13T01:15:59.996000Z,100.0,100.0,60.0,,traffic,1,Traffic,timeofday:America/Anchorage:day7-19:night1-5,AM,2.0-20.0,1239.8921658268362,11752.090638303478,1210.7878899142765,11265.539959821286,0.9536045294882551,5.325403316319022,10.346156081855549,,,286.3362681107586,39.343740959366095
838,,AM,R1796,00,EHZ,61.1981981981982,-149.91291617029023,2026-09-13T01:15:59.996000Z,2026-09-13T01:16:59.996000Z,100.0,100.0,60.0,,traffic,1,Traffic,timeofday:America/Anchorage:day7-19:night1-5,AM,2.0-20.0,730.2057162727492,5721.909654765705,688.9051923604986,6193.598789173106,0.8900788046545172,4.768501430634929,4.801607040910008,,,286.3362681107586,21.630507480028133
839,,AM,R1796,00,EHZ,61.1981981981982,-149.91291617029023,2026-09-13T01:16:59.996000Z,2026-09-13T01:17:59.996000Z,100.0,100.0,60.0,,traffic,1,Traffic,timeofday:America/Anchorage:day7-19:night1-5,AM,2.0-20.0,721.914563042904,4300.090228116937,676.3080481884467,3440.061819742242,0.87764221653885,3.0102394399464845,1.395685856342995,,,286.3362681107586,12.014062495260227
840,,AM,R1796,00,EHZ,61.1981981981982,-149.91291617029023,2026-09-13T01:17:59.996000Z,2026-09-13T01:18:59.996000Z,100.0,100.0,60.0,,traffic,1,Traffic,timeofday:America/Anchorage:day7-19:night1-5,AM,2.0-20.0,469.949438948647,2185.9101474430713,412.58120138017523,2239.4659609040395,0.7707554447950272,2.798344476712313,0.9116077850440818,,,286.3362681107586,7.821104799891381
841,,AM,R1796,00,EHZ,61.1981981981982,-149.91291617029023,2026-09-13T01:18:59.996000Z,2026-09-13T01:19:59.996000Z,100.0,100.0,60.0,,traffic,1,Traffic,timeofday:America/Anchorage:day7-19:night1-5,AM,2.0-20.0,685.1198018547159,3977.91056902879,643.6901696468179,3909.5340227365214,0.8827154201860328,4.059524860095888,1.7702571176853201,,,286.3362681107586,13.65364593361349
842,,AM,R1796,00,EHZ,61.1981981981982,-149.91291617029023,2026-09-13T01:19:59.996000Z,2026-09-13T01:20:59.996000Z,100.0,100.0,60.0,,traffic,1,Traffic,timeofday:America/Anchorage:day7-19:night1-5,AM,2.0-20.0,1087.1550514724208,9168.08897825225,1052.3679316129214,10675.170062009367,0.9370272798485773,4.948041559553019,9.053730181400377,,,286.3362681107586,37.281934742126595
843,,AM,R1796,00,EHZ,61.1981981981982,-149.91291617029023,2026-09-13T01:20:59.996000Z,2026-09-13T01:21:59.996000Z,100.0,100.0,60.0,,traffic,1,Traffic,timeofday:America/Anchorage:day7-19:night1-5,AM,2.0-20.0,557.0306717588438,2612.088674580606,503.34023524616646,2906.1371150570926,0.816516709576834,3.7493121121653012,1.228500756985941,,,286.3362681107586,10.149385316193898
844,,AM,R1796,00,EHZ,61.1981981981982,-149.91291617029023,2026-09-13T01:21:59.996000Z,2026-09-13T01:22:59.996000Z,100.0,100.0,60.0,,traffic,1,Traffic,timeofday:America/Anchorage:day7-19:night1-5,AM,2.0-20.0,1313.101320546287,8446.911660346846,1272.0107175548512,9871.622479486685,0.9383936600060642,4.240507292852198,5.04248689969126,,,286.3362681107586,34.47562736156152
845,,AM,R1796,00,EHZ,61.1981981981982,-149.91291617029023,2026-09-13T01:22:59.996000Z,2026-09-13T01:23:59.996000Z,100.0,100.0,60.0,,traffic,1,Traffic,timeofday:America/Anchorage:day7-19:night1-5,AM,2.0-20.0,764.6782471886416,3942.9119638959196,724.529661685562,4060.5688204726475,0.8977488712108389,2.8879517630469085,2.7334578621449293,,,286.3362681107586,14.181119448347236
846,,AM,R1796,00,EHZ,61.1981981981982,-149.91291617029023,2026-09-13T01:23:59.996000Z,2026-09-13T01:24:59.996000Z,100.0,100.0,60.0,,traffic,1,Traffic,timeofday:America/Anchorage:day7-19:night1-5,AM,2.0-20.0,737.6971774731807,4762.912691298289,691.2229867557757,4778.301560850379,0.8779708581650965,2.7441922846062043,1.5399157537106527,,,286.3362681107586,16.68772730879509
847,,AM,R1796,00,EHZ,61.1981981981982,-149.91291617029023,2026-09-13T01:24:59.996000Z,2026-09-13T01:25:59.996000Z,100.0,100.0,60.0,,traffic,1,Traffic,timeofday:America/Anchorage:day7-19:night1-5,AM,2.0-20.0,740.7136107455261,4568.91305496883,694.3631562099728,4812.185674220413,0.8787648704145373,3.804936924853972,3.659522071842977,,,286.3362681107586,16.806064093700474
848,,AM,R1796,00,EHZ,61.1981981981982,-149.91291617029023,2026-09-13T01:25:59.996000Z,2026-09-13T01:26:59.996000Z,100.0,100.0,60.0,,traffic,1,Traffic,timeofday:America/Anchorage:day7-19:night1-5,AM,2.0-20.0,850.1895827656124,6208.086650981412,781.6254334177517,6220.587489045829,0.8452122958109574,6.755303177855234,4.78411896269903,,,286.3362681107586,21.724762741685325
849,,AM,R1796,00,EHZ,61.1981981981982,-149.91291617029023,2026-09-13T01:26:59.996000Z,2026-09-13T01:27:59.996000Z,100.0,100.0,60.0,,traffic,1,Traffic,timeofday:America/Anchorage:day7-19:night1-5,AM,2.0-20.0,918.7383084536613,7370.9135731411325,876.0868879481088,7062.300015215586,0.9093073678053539,3.8034115980806966,5.541807761954754,,,286.3362681107586,24.664357267112933
850,,AM,R1796,00,EHZ,61.1981981981982,-149.91291617029023,2026-09-13T01:27:59.996000Z,2026-09-13T01:28:59.996000Z,100.0,100.0,60.0,,traffic,1,Traffic,timeofday:America/Anchorage:day7-19:night1-5,AM,2.0-20.0,519.8548416144155,2404.086166700214,470.17258245467366,3015.847636612654,0.8179945576048211,2.4920275740078845,1.5725650546003056,,,286.3362681107586,10.532538041761738
851,,AM,R1796,00,EHZ,61.1981981981982,-149.91291617029023,2026-09-13T01:28:59.996000Z,2026-09-13T01:29:59.996000Z,100.0,100.0,60.0,,traffic,1,Traffic,timeofday:America/Anchorage:day7-19:night1-5,AM,2.0-20.0,765.8879032522788,4626.914219094538,720.6411008181836,4451.051746269461,0.8853350040000983,4.483688053972489,1.8373311688848872,,,286.3362681107586,15.544840950947002
852,,AM,R1796,00,EHZ,61.1981981981982,-149.91291617029023,2026-09-13T01:29:59.996000Z,2026-09-13T01:30:59.996000Z,100.0,100.0,60.0,,traffic,1,Traffic,timeofday:America/Anchorage:day7-19:night1-5,AM,2.0-20.0,711.9975563983683,5162.085330270224,653.7473296147522,5047.288166763414,0.8430684742086864,5.675004520248008,3.6231892157038486,,,286.3362681107586,17.62713539596408
853,,AM,R1796,00,EHZ,61.1981981981982,-149.91291617029023,2026-09-13T01:30:59.996000Z,2026-09-13T01:31:59.996000Z,100.0,100.0,60.0,,traffic,1,Traffic,timeofday:America/Anchorage:day7-19:night1-5,AM,2.0-20.0,966.8498366522288,11140.914997364209,892.5453932076522,10131.62792790242,0.8522020393294535,7.096978511603242,13.563696496797732,,,286.3362681107586,35.383669678838494
854,,AM,R1796,00,EHZ,61.1981981981982,-149.91291617029023,2026-09-13T01:31:59.996000Z,2026-09-13T01:32:59.996000Z,100.0,100.0,60.0,,traffic,1,Traffic,timeofday:America/Anchorage:day7-19:night1-5,AM,2.0-20.0,624.4543073008464,3512.0844177844306,533.4164347482606,3580.4596411655352,0.7296783379269651,3.4144687719662055,2.6526486286627238,,,286.3362681107586,12.50438746299706
855,,AM,R1796,00,EHZ,61.1981981981982,-149.91291617029023,2026-09-13T01:32:59.996000Z,2026-09-13T01:33:59.996000Z,100.0,100.0,60.0,,traffic,1,Traffic,timeofday:America/Anchorage:day7-19:night1-5,AM,2.0-20.0,706.8262874274706,4141.084154071193,641.8103149552685,4218.487270833724,0.8244949491727231,4.438772323476013,3.2416118293924345,,,286.3362681107586,14.732633412690697
856,,AM,R1796,00,EHZ,61.1981981981982,-149.91291617029023,2026-09-13T01:33:59.996000Z,2026-09-13T01:34:59.996000Z,100.0,100.0,60.0,,traffic,1,Traffic,timeofday:America/Anchorage:day7-19:night1-5,AM,2.0-20.0,1050.8303083127307,10395.083934606377,1008.8789097098584,11701.806285485447,0.9217494901026093,5.5250492967853,12.616468124548627,,,286.3362681107586,40.867356282505696
857,,AM,R1796,00,EHZ,61.1981981981982,-149.91291617029023,2026-09-13T01:34:59.996000Z,2026-09-13T01:35:59.996000Z,100.0,100.0,60.0,,traffic,1,Traffic,timeofday:America/Anchorage:day7-19:night1-5,AM,2.0-20.0,671.8703792995262,5986.08344585131,612.0034860284708,5371.724816296703,0.8297300179378095,5.9331308352556515,4.435238922727753,,,286.3362681107586,18.7601970638901
858,,AM,R1796,00,EHZ,61.1981981981982,-149.91291617029023,2026-09-13T01:35:59.996000Z,2026-09-13T01:36:59.996000Z,100.0,100.0,60.0,,traffic,1,Traffic,timeofday:America/Anchorage:day7-19:night1-5,AM,2.0-20.0,881.0074317829444,4276.083018504717,821.7120221123099,4261.774280114826,0.8699216474217578,3.477434902863013,1.4580640467684907,,,286.3362681107586,14.883808845571444
859,,AM,R1796,00,EHZ,61.1981981981982,-149.91291617029023,2026-09-13T01:36:59.996000Z,2026-09-13T01:37:59.996000Z,100.0,100.0,60.0,,traffic,1,Traffic,timeofday:America/Anchorage:day7-19:night1-5,AM,2.0-20.0,910.7409841540904,5080.08280608778,780.8378590699004,3878.1556956323884,0.7350755249401404,2.945535847843605,0.8338747252001175,,,286.3362681107586,13.544060349813133
860,,AM,R1796,00,EHZ,61.1981981981982,-149.91291617029023,2026-09-13T01:37:59.996000Z,2026-09-13T01:38:59.996000Z,100.0,100.0,60.0,,traffic,1,Traffic,timeofday:America/Anchorage:day7-19:night1-5,AM,2.0-20.0,1177.8262295274722,8059.917569472228,1116.412087575414,8959.005722779,0.8984349061534628,4.316626149102874,5.261864210379688,,,286.3362681107586,31.28840709523231
861,,AM,R1796,00,EHZ,61.1981981981982,-149.91291617029023,2026-09-13T01:38:59.996000Z,2026-09-13T01:39:59.996000Z,100.0,100.0,60.0,,traffic,1,Traffic,timeofday:America/Anchorage:day7-19:night1-5,AM,2.0-20.0,593.098626456096,3470.0820256731026,500.0896214633219,2758.112815576128,0.7109545641529633,2.735349844792892,1.2081878953586154,,,286.3362681107586,9.632425657336757
862,,AM,R1796,00,EHZ,61.1981981981982,-149.91291617029023,2026-09-13T01:39:59.996000Z,2026-09-13T01:40:59.996000Z,100.0,100.0,60.0,,traffic,1,Traffic,timeofday:America/Anchorage:day7-19:night1-5,AM,2.0-20.0,728.7122286177877,3987.081554936089,682.9819303195255,3553.087388362259,0.8784282867669402,3.2339651332376724,1.5799148551082434,,,286.3362681107586,12.408792682133715
863,,AM,R1796,00,EHZ,61.1981981981982,-149.91291617029023,2026-09-13T01:40:59.996000Z,2026-09-13T01:41:59.996000Z,100.0,100.0,60.0,,traffic,1,Traffic,timeofday:America/Anchorage:day7-19:night1-5,AM,2.0-20.0,681.3200255476385,4960.081366604515,596.3842328155139,4656.981381187037,0.7662138501783734,3.368263753263445,3.166271080837168,,,286.3362681107586,16.264029044988657
864,,AM,R1796,00,EHZ,61.1981981981982,-149.91291617029023,2026-09-13T01:41:59.996000Z,2026-09-13T01:42:59.996000Z,100.0,100.0,60.0,,traffic,1,Traffic,timeofday:America/Anchorage:day7-19:night1-5,AM,2.0-20.0,528.2958815666882,2668.918971938808,460.30647909592335,2347.50665389386,0.7591712023781443,2.455575236656892,0.8086842431150982,,,286.3362681107586,8.198425820740995
865,,AM,R1796,00,EHZ,61.1981981981982,-149.91291617029023,2026-09-13T01:42:59.996000Z,2026-09-13T01:43:59.996000Z,100.0,100.0,60.0,,traffic,1,Traffic,timeofday:America/Anchorage:day7-19:night1-5,AM,2.0-20.0,806.1886690012454,4642.91957266322,766.8539790381233,4478.530738704483,0.9047987065379848,3.5670799962188884,1.7142715009088132,,,286.3362681107586,15.640808509008467
866,,AM,R1796,00,EHZ,61.1981981981982,-149.91291617029023,2026-09-13T01:43:59.996000Z,2026-09-13T01:44:59.996000Z,100.0,100.0,60.0,,traffic,1,Traffic,timeofday:America/Anchorage:day7-19:night1-5,AM,2.0-20.0,744.8529863696822,3874.0800955961936,698.2586503166256,4035.8820358141584,0.8788029833135761,2.5884088145809248,1.9607458712245878,,,286.3362681107586,14.09490338909155
867,,AM,R1796,00,EHZ,61.1981981981982,-149.91291617029023,2026-09-13T01:44:59.996000Z,2026-09-13T01:45:59.996000Z,100.0,100.0,60.0,,traffic,1,Traffic,timeofday:America/Anchorage:day7-19:night1-5,AM,2.0-20.0,1014.841938724294,11261.920331505258,979.0892185448841,10586.239338630996,0.9307814596245946,4.3448652001046835,10.369639228147072,,,286.3362681107586,36.971353326907575
868,,AM,R1796,00,EHZ,61.1981981981982,-149.91291617029023,2026-09-13T01:45:59.996000Z,2026-09-13T01:46:59.996000Z,100.0,100.0,60.0,,traffic,1,Traffic,timeofday:America/Anchorage:day7-19:night1-5,AM,2.0-20.0,557.7908800061208,4124.920730415192,518.6004109131852,3733.7181174858924,0.8644161946950161,4.909085178520871,3.181396768929603,,,286.3362681107586,13.039626946739563
869,,AM,R1796,00,EHZ,61.1981981981982,-149.91291617029023,2026-09-13T01:46:59.996000Z,2026-09-13T01:47:59.996000Z,100.0,100.0,60.0,,traffic,1,Traffic,timeofday:America/Anchorage:day7-19:night1-5,AM,2.0-20.0,934.2148047156993,11253.921106833204,907.4340398243843,10220.028734445514,0.9434885681945027,5.182538190414353,15.673525059136502,,,286.3362681107586,35.69240041395061
870,,AM,R1796,00,EHZ,61.1981981981982,-149.91291617029023,2026-09-13T01:47:59.996000Z,2026-09-13T01:48:59.996000Z,100.0,100.0,60.0,,traffic,1,Traffic,timeofday:America/Anchorage:day7-19:night1-5,AM,2.0-20.0,865.009807924996,6381.078826426449,833.0932966317654,5978.862746622417,0.9275668443557873,3.7915006109618203,4.900978641076903,,,286.3362681107586,20.880563912042447
871,,AM,R1796,00,EHZ,61.1981981981982,-149.91291617029023,2026-09-13T01:48:59.996000Z,2026-09-13T01:49:59.996000Z,100.0,100.0,60.0,,traffic,1,Traffic,timeofday:America/Anchorage:day7-19:night1-5,AM,2.0-20.0,644.8533692955746,3595.9218747455557,601.7989359899915,3554.789034678637,0.8709252551847511,3.6353087752242184,2.041915844880175,,,286.3362681107586,12.414735507077287
872,,AM,R1796,00,EHZ,61.1981981981982,-149.91291617029023,2026-09-13T01:49:59.996000Z,2026-09-13T01:50:59.996000Z,100.0,100.0,60.0,,traffic,1,Traffic,timeofday:America/Anchorage:day7-19:night1-5,AM,2.0-20.0,859.8990970888121,5153.078061639681,829.4992956217735,5150.944327488068,0.9305443087154237,3.160247637199869,2.3215618611893083,,,286.3362681107586,17.989143888316708
873,,AM,R1796,00,EHZ,61.1981981981982,-149.91291617029023,2026-09-13T01:50:59.996000Z,2026-09-13T01:51:59.996000Z,100.0,100.0,60.0,,traffic,1,Traffic,timeofday:America/Anchorage:day7-19:night1-5,AM,2.0-20.0,497.7480561618807,2223.922591545462,443.88546392767205,2349.2883506365847,0.7952848351249552,3.351697472339616,1.5479769841642659,,,286.3362681107586,8.204648213574709
874,,AM,R1796,00,EHZ,61.1981981981982,-149.91291617029023,2026-09-13T01:51:59.996000Z,2026-09-13T01:52:59.996000Z,100.0,100.0,60.0,,traffic,1,Traffic,timeofday:America/Anchorage:day7-19:night1-5,AM,2.0-20.0,763.5903907035305,6628.922927147064,733.5515411502975,7369.027541852428,0.9228696395183886,4.229628374878582,6.765966899064107,,,286.3362681107586,25.73557164264637
875,,AM,R1796,00,EHZ,61.1981981981982,-149.91291617029023,2026-09-13T01:52:59.996000Z,2026-09-13T01:53:59.996000Z,100.0,100.0,60.0,,traffic,1,Traffic,timeofday:America/Anchorage:day7-19:night1-5,AM,2.0-20.0,638.6566059347181,2776.923246446611,602.8396003035664,2883.74791578237,0.8909815872434789,3.5154138737655565,1.0893328113944651,,,286.3362681107586,10.071193337851629
876,,AM,R1796,00,EHZ,61.1981981981982,-149.91291617029023,2026-09-13T01:53:59.996000Z,2026-09-13T01:54:59.996000Z,100.0,100.0,60.0,,traffic,1,Traffic,timeofday:America/Anchorage:day7-19:night1-5,AM,2.0-20.0,860.9804963204809,4587.923699655857,757.4622635369134,4453.399115857754,0.7739900462875204,3.6763681886660966,1.6116304708381008,,,286.3362681107586,15.553038898080214
877,,AM,R1796,00,EHZ,61.1981981981982,-149.91291617029023,2026-09-13T01:54:59.996000Z,2026-09-13T01:55:59.996000Z,100.0,100.0,60.0,,traffic,1,Traffic,timeofday:America/Anchorage:day7-19:night1-5,AM,2.0-20.0,898.6280844861709,8508.075916387967,834.8254695934959,8207.464661082324,0.8630409567993214,6.7402593547683125,7.725731921714491,,,286.3362681107586,28.6637271458311
878,,AM,R1796,00,EHZ,61.1981981981982,-149.91291617029023,2026-09-13T01:55:59.996000Z,2026-09-13T01:56:59.996000Z,100.0,100.0,60.0,,traffic,1,Traffic,timeofday:America/Anchorage:day7-19:night1-5,AM,2.0-20.0,941.1025070009424,6877.075738291137,882.7673359488808,7012.621958991944,0.8798702820310739,6.203040751463744,9.304047297998318,,,286.3362681107586,24.490861759361092
879,,AM,R1796,00,EHZ,61.1981981981982,-149.91291617029023,2026-09-13T01:56:59.996000Z,2026-09-13T01:57:59.996000Z,100.0,100.0,60.0,,traffic,1,Traffic,timeofday:America/Anchorage:day7-19:night1-5,AM,2.0-20.0,1412.2399945218378,15060.075480216201,1365.2757694840793,15391.212478911932,0.9345956430843376,5.166961834793115,12.512009151389144,,,286.3362681107586,53.75222838679454
880,,AM,R1796,00,EHZ,61.1981981981982,-149.91291617029023,2026-09-13T01:57:59.996000Z,2026-09-13T01:58:59.996000Z,100.0,100.0,60.0,,traffic,1,Traffic,timeofday:America/Anchorage:day7-19:night1-5,AM,2.0-20.0,638.5483428252031,5927.924833751472,588.2206797954434,5456.6605581511685,0.8485804326077775,2.159133006071899,9.184801657910509,,,286.3362681107586,19.056826416556007
881,,AM,R1796,00,EHZ,61.1981981981982,-149.91291617029023,2026-09-13T01:58:59.996000Z,2026-09-13T01:59:59.996000Z,100.0,100.0,60.0,,traffic,1,Traffic,timeofday:America/Anchorage:day7-19:night1-5,AM,2.0-20.0,819.5625642807192,4726.925419154409,779.8702273690924,5199.190433286921,0.9054833240646917,3.063467746483778,2.5466443042824993,,,286.3362681107586,18.157638456319496
882,,AM,R1796,00,EHZ,61.1981981981982,-149.91291617029023,2026-09-13T01:59:59.996000Z,2026-09-13T02:00:59.996000Z,100.0,100.0,60.0,,traffic,1,Traffic,timeofday:America/Anchorage:day7-19:night1-5,AM,2.0-20.0,688.029670043766,4650.074422727966,647.3297200202962,4214.915573829612,0.8851905313496865,4.047767993052835,3.0139787049399054,,,286.3362681107586,14.720159627837392
883,,AM,R1796,00,EHZ,61.1981981981982,-149.91291617029023,2026-09-13T02:00:59.996000Z,2026-09-13T02:01:59.996000Z,100.0,100.0,60.0,,traffic,1,Traffic,timeofday:America/Anchorage:day7-19:night1-5,AM,2.0-20.0,1251.0857252178016,8270.926256871404,1216.3229012755376,7584.141840298074,0.9451998193709588,4.54653413704278,5.302754356902723,,,286.3362681107586,26.48683623048558
884,,AM,R1796,00,EHZ,61.1981981981982,-149.91291617029023,2026-09-13T02:01:59.996000Z,2026-09-13T02:02:59.996000Z,100.0,100.0,60.0,,traffic,1,Traffic,timeofday:America/Anchorage:day7-19:night1-5,AM,2.0-20.0,1186.2647817495724,11266.073691709727,1157.1537322036027,10987.955425795215,0.9515220277317529,3.2251913446301668,16.07485560902549,,,286.3362681107586,38.37430549155907
885,,AM,R1796,00,EHZ,61.1981981981982,-149.91291617029023,2026-09-13T02:02:59.996000Z,2026-09-13T02:03:59.996000Z,100.0,100.0,60.0,,traffic,1,Traffic,timeofday:America/Anchorage:day7-19:night1-5,AM,2.0-20.0,721.2839574242266,5920.072963939642,671.8408646152815,5911.69988820309,0.8676014850223832,5.761444950632631,6.816020150489274,,,286.3362681107586,20.64600452890015
886,,AM,R1796,00,EHZ,61.1981981981982,-149.91291617029023,2026-09-13T02:03:59.996000Z,2026-09-13T02:04:59.996000Z,100.0,100.0,60.0,,traffic,1,Traffic,timeofday:America/Anchorage:day7-19:night1-5,AM,2.0-20.0,851.4023580769749,6050.07291233691,814.3570575528582,6279.113745595141,0.9148713587346994,4.404591234980426,3.5096985267941863,,,286.3362681107586,21.929159680066437
887,,AM,R1796,00,EHZ,61.1981981981982,-149.91291617029023,2026-09-13T02:04:59.996000Z,2026-09-13T02:05:59.996000Z,100.0,100.0,60.0,,traffic,1,Traffic,timeofday:America/Anchorage:day7-19:night1-5,AM,2.0-20.0,659.2047855562092,4568.072354512632,614.6645743431503,4678.758637315936,0.8694320874476698,5.394400335884953,4.5200878767543875,,,286.3362681107586,16.3400838747613
888,,AM,R1796,00,EHZ,61.1981981981982,-149.91291617029023,2026-09-13T02:05:59.996000Z,2026-09-13T02:06:59.996000Z,100.0,100.0,60.0,,traffic,1,Traffic,timeofday:America/Anchorage:day7-19:night1-5,AM,2.0-20.0,1056.8097757510482,10055.071945184092,1024.1460865758393,9423.471371015592,0.9391396481064959,4.088806722582552,7.206364179112025,,,286.3362681107586,32.91050565543611
889,,AM,R1796,00,EHZ,61.1981981981982,-149.91291617029023,2026-09-13T02:06:59.996000Z,2026-09-13T02:07:59.996000Z,100.0,100.0,60.0,,traffic,1,Traffic,timeofday:America/Anchorage:day7-19:night1-5,AM,2.0-20.0,752.8803979316631,4862.071818812562,708.3032188458774,5051.489993500982,0.8850879965737025,2.5939158662448616,2.759059788837063,,,286.3362681107586,17.641809844175935
890,,AM,R1796,00,EHZ,61.1981981981982,-149.91291617029023,2026-09-13T02:07:59.996000Z,2026-09-13T02:08:59.996000Z,100.0,100.0,60.0,,traffic,1,Traffic,timeofday:America/Anchorage:day7-19:night1-5,AM,2.0-20.0,741.8557781303117,4378.071136823045,694.8939516157872,4277.351669549382,0.8774009410388576,2.7962004048012985,1.8599270620510984,,,286.3362681107586,14.938211277849183
891,,AM,R1796,00,EHZ,61.1981981981982,-149.91291617029023,2026-09-13T02:08:59.996000Z,2026-09-13T02:09:59.996000Z,100.0,100.0,60.0,,traffic,1,Traffic,timeofday:America/Anchorage:day7-19:night1-5,AM,2.0-20.0,1057.2196041174673,6377.07079307042,1026.9985434523428,6717.617955094406,0.9436462968047079,3.6266004887010976,2.4419104969161207,,,286.3362681107586,23.46059058259411
892,,AM,R1796,00,EHZ,61.1981981981982,-149.91291617029023,2026-09-13T02:09:59.996000Z,2026-09-13T02:10:59.996000Z,100.0,100.0,60.0,,traffic,1,Traffic,timeofday:America/Anchorage:day7-19:night1-5,AM,2.0-20.0,772.2853366822591,4976.070521390019,741.3885509298898,4873.848201558963,0.9215866438614199,4.930439217046162,3.6411547510664484,,,286.3362681107586,17.021414135612382
893,,AM,R1796,00,EHZ,61.1981981981982,-149.91291617029023,2026-09-13T02:10:59.996000Z,2026-09-13T02:11:59.996000Z,100.0,100.0,60.0,,traffic,1,Traffic,timeofday:America/Anchorage:day7-19:night1-5,AM,2.0-20.0,906.7771632095896,5151.9297906165075,871.1353887931319,4772.6416551143475,0.9229329801991318,3.369783764453467,1.813939108334834,,,286.3362681107586,16.66796066947491
894,,AM,R1796,00,EHZ,61.1981981981982,-149.91291617029023,2026-09-13T02:11:59.996000Z,2026-09-13T02:12:59.996000Z,100.0,100.0,60.0,,traffic,1,Traffic,timeofday:America/Anchorage:day7-19:night1-5,AM,2.0-20.0,853.2748413162625,7923.930311117673,805.4228883545048,7186.309550196196,0.8909843029689815,4.1786325122706085,4.76562508924684,,,286.3362681107586,25.09744782807757
895,,AM,R1796,00,EHZ,61.1981981981982,-149.91291617029023,2026-09-13T02:12:59.996000Z,2026-09-13T02:13:59.996000Z,100.0,100.0,60.0,,traffic,1,Traffic,timeofday:America/Anchorage:day7-19:night1-5,AM,2.0-20.0,839.3858367523782,6521.930347950502,801.0681821215217,6082.925726868003,0.9107846247264195,4.439072151076434,3.885828242874367,,,286.3362681107586,21.243993179777867
896,,AM,R1796,00,EHZ,61.1981981981982,-149.91291617029023,2026-09-13T02:13:59.996000Z,2026-09-13T02:14:59.996000Z,100.0,100.0,60.0,,traffic,1,Traffic,timeofday:America/Anchorage:day7-19:night1-5,AM,2.0-20.0,628.7302067577062,3784.0692823729373,589.5846553935163,3411.151050400201,0.8793538953036067,2.72114955366612,2.3547213363961905,,,286.3362681107586,11.913094603442701
897,,AM,R1796,00,EHZ,61.1981981981982,-149.91291617029023,2026-09-13T02:14:59.996000Z,2026-09-13T02:15:59.996000Z,100.0,100.0,60.0,,traffic,1,Traffic,timeofday:America/Anchorage:day7-19:night1-5,AM,2.0-20.0,635.6508043355083,2857.931252407841,583.5117644604047,2554.9035332236353,0.8426787283985393,2.9449739618691346,0.9140314356067227,,,286.3362681107586,8.922738115156845
898,,AM,R1796,00,EHZ,61.1981981981982,-149.91291617029023,2026-09-13T02:15:59.996000Z,2026-09-13T02:16:59.996000Z,100.0,100.0,60.0,,traffic,1,Traffic,timeofday:America/Anchorage:day7-19:night1-5,AM,2.0-20.0,979.7234474625262,6978.931629622569,941.1092387826241,5891.931651291616,0.9227266620723239,5.08511414610087,5.0455393263288855,,,286.3362681107586,20.57696599235043
899,,AM,R1796,00,EHZ,61.1981981981982,-149.91291617029023,2026-09-13T02:16:59.996000Z,2026-09-13T02:17:59.996000Z,100.0,100.0,60.0,,traffic,1,Traffic,timeofday:America/Anchorage:day7-19:night1-5,AM,2.0-20.0,613.4501073385845,2902.068024847515,570.7495062678572,2656.9253476350004,0.8656305901235172,2.987987414608661,0.6717496967072534,,,286.3362681107586,9.279038820912714
900,,AM,R1796,00,EHZ,61.1981981981982,-149.91291617029023,2026-09-13T02:17:59.996000Z,2026-09-13T02:18:59.996000Z,100.0,100.0,60.0,,traffic,1,Traffic,timeofday:America/Anchorage:day7-19:night1-5,AM,2.0-20.0,966.9464147814737,6623.932299232335,919.4111405206471,6193.166352831424,0.9040963348597225,3.2698769626509225,2.9654756498290293,,,286.3362681107586,21.628997240530584
901,,AM,R1796,00,EHZ,61.1981981981982,-149.91291617029023,2026-09-13T02:18:59.996000Z,2026-09-13T02:19:59.996000Z,100.0,100.0,60.0,,traffic,1,Traffic,timeofday:America/Anchorage:day7-19:night1-5,AM,2.0-20.0,612.3019491905903,3116.932749928855,566.3880010688654,3227.0892560557586,0.8556512804137485,3.3390054831719684,1.0311126291339248,,,286.3362681107586,11.270277696039113
902,,AM,R1796,00,EHZ,61.1981981981982,-149.91291617029023,2026-09-13T02:19:59.996000Z,2026-09-13T02:20:59.996000Z,100.0,100.0,60.0,,traffic,1,Traffic,timeofday:America/Anchorage:day7-19:night1-5,AM,2.0-20.0,807.6497698348757,4322.9331710242905,765.4408079580762,4495.007248805592,0.8982083267381604,2.9364463035170587,1.7229466592679064,,,286.3362681107586,15.698351027844172
903,,AM,R1796,00,EHZ,61.1981981981982,-149.91291617029023,2026-09-13T02:20:59.996000Z,2026-09-13T02:21:59.996000Z,100.0,100.0,60.0,,traffic,1,Traffic,timeofday:America/Anchorage:day7-19:night1-5,AM,2.0-20.0,1768.518479708468,26563.066531126227,1730.3675048035882,26448.22000871972,0.9573208042874248,8.976333186027588,55.57911450485275,,,286.3362681107586,92.36769125764118
904,,AM,R1796,00,EHZ,61.1981981981982,-149.91291617029023,2026-09-13T02:21:59.996000Z,2026-09-13T02:22:59.996000Z,100.0,100.0,60.0,,traffic,1,Traffic,timeofday:America/Anchorage:day7-19:night1-5,AM,2.0-20.0,1160.7781206383415,5278.933934830485,1007.7114647574344,4739.843963046587,0.7536574074589785,2.818961058502433,0.35595689605023795,,,286.3362681107586,16.553418099355664
905,,AM,R1796,00,EHZ,61.1981981981982,-149.91291617029023,2026-09-13T02:22:59.996000Z,2026-09-13T02:23:59.996000Z,100.0,100.0,60.0,,traffic,1,Traffic,timeofday:America/Anchorage:day7-19:night1-5,AM,2.0-20.0,1104.911116436617,4991.065815981038,891.8704401719014,4716.977191834856,0.6515516577793766,2.472749197148046,0.8688817293140105,,,286.3362681107586,16.47355825008611
906,,AM,R1796,00,EHZ,61.1981981981982,-149.91291617029023,2026-09-13T02:23:59.996000Z,2026-09-13T02:24:59.996000Z,100.0,100.0,60.0,,traffic,1,Traffic,timeofday:America/Anchorage:day7-19:night1-5,AM,2.0-20.0,816.8730055563457,3803.065465732107,696.2440034563817,3348.199824371397,0.7264635796340763,2.0965314670971447,0.5045813360073388,,,286.3362681107586,11.693243913747837
907,,AM,R1796,00,EHZ,61.1981981981982,-149.91291617029023,2026-09-13T02:24:59.996000Z,2026-09-13T02:25:59.996000Z,100.0,100.0,60.0,,traffic,1,Traffic,timeofday:America/Anchorage:day7-19:night1-5,AM,2.0-20.0,939.0308497384575,5742.065108496584,898.9966636726899,4738.872175612473,0.9165505860956104,3.4754900562459845,1.5900872190071977,,,286.3362681107586,16.55002423157731
908,,AM,R1796,00,EHZ,61.1981981981982,-149.91291617029023,2026-09-13T02:25:59.996000Z,2026-09-13T02:26:59.996000Z,100.0,100.0,60.0,,traffic,1,Traffic,timeofday:America/Anchorage:day7-19:night1-5,AM,2.0-20.0,656.0645448312848,2384.064643336588,595.2410313259695,2574.1884635616207,0.8231757814805358,2.3314314316241203,0.24122899360082872,,,286.3362681107586,8.990088753150513
909,,AM,R1796,00,EHZ,61.1981981981982,-149.91291617029023,2026-09-13T02:26:59.996000Z,2026-09-13T02:27:59.996000Z,100.0,100.0,60.0,,traffic,1,Traffic,timeofday:America/Anchorage:day7-19:night1-5,AM,2.0-20.0,899.2151153013988,7514.935735594142,858.178727520569,7812.6445155313495,0.9108110546386814,5.684471951290025,7.165984032268094,,,286.3362681107586,27.284858348818446
910,,AM,R1796,00,EHZ,61.1981981981982,-149.91291617029023,2026-09-13T02:27:59.996000Z,2026-09-13T02:28:59.996000Z,100.0,100.0,60.0,,traffic,1,Traffic,timeofday:America/Anchorage:day7-19:night1-5,AM,2.0-20.0,739.7704091998512,4121.063794588133,703.2762299820678,3791.9313886997315,0.9037700949985867,3.223431816666051,0.8677405809235532,,,286.3362681107586,13.242930815990668
911,,AM,R1796,00,EHZ,61.1981981981982,-149.91291617029023,2026-09-13T02:28:59.996000Z,2026-09-13T02:29:59.996000Z,100.0,100.0,60.0,,traffic,1,Traffic,timeofday:America/Anchorage:day7-19:night1-5,AM,2.0-20.0,743.3718286064569,4503.063418353981,705.3559798716312,4992.362396674945,0.900335775911903,3.6253849889167657,3.2382885857505013,,,286.3362681107586,17.435312786656258
912,,AM,R1796,00,EHZ,61.1981981981982,-149.91291617029023,2026-09-13T02:29:59.996000Z,2026-09-13T02:30:59.996000Z,100.0,100.0,60.0,,traffic,1,Traffic,timeofday:America/Anchorage:day7-19:night1-5,AM,2.0-20.0,1565.1713251723718,16417.063290266444,1543.4978115740228,16500.880349906154,0.9724970006519782,5.465470125543831,15.813099871153447,,,286.3362681107586,57.627629425984544
913,,AM,R1796,00,EHZ,61.1981981981982,-149.91291617029023,2026-09-13T02:30:59.996000Z,2026-09-13T02:31:59.996000Z,100.0,100.0,60.0,,traffic,1,Traffic,timeofday:America/Anchorage:day7-19:night1-5,AM,2.0-20.0,578.7792219545562,3068.9371268454047,542.4725799575926,3135.6321171524773,0.878475631334486,2.8264730334431842,2.0329980171194624,,,286.3362681107586,10.950873034147298
914,,AM,R1796,00,EHZ,61.1981981981982,-149.91291617029023,2026-09-13T02:31:59.996000Z,2026-09-13T02:32:59.996000Z,100.0,100.0,60.0,,traffic,1,Traffic,timeofday:America/Anchorage:day7-19:night1-5,AM,2.0-20.0,808.1387566582534,6956.937371253581,780.9282946750159,5939.124623257676,0.9337926404459906,5.122576784755535,3.131326547907763,,,286.3362681107586,20.7417825986345
915,,AM,R1796,00,EHZ,61.1981981981982,-149.91291617029023,2026-09-13T02:32:59.996000Z,2026-09-13T02:33:59.996000Z,100.0,100.0,60.0,,traffic,1,Traffic,timeofday:America/Anchorage:day7-19:night1-5,AM,2.0-20.0,535.5854618834489,2423.062122095868,495.65687775814763,2336.726352646528,0.8564553250815455,2.6554050291383713,0.5356288470395412,,,286.3362681107586,8.160776726134642
916,,AM,R1796,00,EHZ,61.1981981981982,-149.91291617029023,2026-09-13T02:33:59.996000Z,2026-09-13T02:34:59.996000Z,100.0,100.0,60.0,,traffic,1,Traffic,timeofday:America/Anchorage:day7-19:night1-5,AM,2.0-20.0,661.9070806291761,5443.9383344841,626.8448373025683,5266.126676754416,0.8968628870846911,4.273058745594317,5.683487908562618,,,286.3362681107586,18.391406410023507
917,,AM,R1796,00,EHZ,61.1981981981982,-149.91291617029023,2026-09-13T02:34:59.996000Z,2026-09-13T02:35:59.996000Z,100.0,100.0,60.0,,traffic,1,Traffic,timeofday:America/Anchorage:day7-19:night1-5,AM,2.0-20.0,610.1212086082888,4511.061502005113,570.602907312304,4357.443392869507,0.8746528517288292,4.1036463814802175,4.022888765660802,,,286.3362681107586,15.217923393427727
918,,AM,R1796,00,EHZ,61.1981981981982,-149.91291617029023,2026-09-13T02:35:59.996000Z,2026-09-13T02:36:59.996000Z,100.0,100.0,60.0,,traffic,1,Traffic,timeofday:America/Anchorage:day7-19:night1-5,AM,2.0-20.0,620.2306350058471,3869.93915553133,584.672206915318,3660.9069270191367,0.888624887469974,3.9192292471069887,2.4385008283682392,,,286.3362681107586,12.785341344195524
919,,AM,R1796,00,EHZ,61.1981981981982,-149.91291617029023,2026-09-13T02:36:59.996000Z,2026-09-13T02:37:59.996000Z,100.0,100.0,60.0,,traffic,1,Traffic,timeofday:America/Anchorage:day7-19:night1-5,AM,2.0-20.0,1528.3668489634335,12912.939425802157,1492.53857504214,12160.60049331689,0.9536651462299334,6.3682160927755564,7.6677434056807385,,,286.3362681107586,42.46964791974243
920,,AM,R1796,00,EHZ,61.1981981981982,-149.91291617029023,2026-09-13T02:37:59.996000Z,2026-09-13T02:38:59.996000Z,100.0,100.0,60.0,,traffic,1,Traffic,timeofday:America/Anchorage:day7-19:night1-5,AM,2.0-20.0,1259.1974725851508,11106.060147096392,1220.2448901805851,11256.298655946466,0.9390880384286637,5.1840867097426795,11.260915476918793,,,286.3362681107586,39.311466654976385
921,,AM,R1796,00,EHZ,61.1981981981982,-149.91291617029023,2026-09-13T02:38:59.996000Z,2026-09-13T02:39:59.996000Z,100.0,100.0,60.0,,traffic,1,Traffic,timeofday:America/Anchorage:day7-19:night1-5,AM,2.0-20.0,1027.894089646123,8826.060028508171,994.8042909169671,8490.951379489929,0.9366526408552635,3.8272734073290953,5.699420529571521,,,286.3362681107586,29.653775386237545
922,,AM,R1796,00,EHZ,61.1981981981982,-149.91291617029023,2026-09-13T02:39:59.996000Z,2026-09-13T02:40:59.996000Z,100.0,100.0,60.0,,traffic,1,Traffic,timeofday:America/Anchorage:day7-19:night1-5,AM,2.0-20.0,461.90668309206046,2541.059539385388,421.3125224165669,2266.4091024011127,0.8319557801584321,3.136677016249547,1.308689273009608,,,286.3362681107586,7.915200953601993
923,,AM,R1796,00,EHZ,61.1981981981982,-149.91291617029023,2026-09-13T02:40:59.996000Z,2026-09-13T02:41:59.996000Z,100.0,100.0,60.0,,traffic,1,Traffic,timeofday:America/Anchorage:day7-19:night1-5,AM,2.0-20.0,703.7435182327783,5554.940951637257,671.2772111658988,5721.542816800409,0.9098608783727842,3.4756814261796793,4.477873343497837,,,286.3362681107586,19.98190049256087
924,,AM,R1796,00,EHZ,61.1981981981982,-149.91291617029023,2026-09-13T02:41:59.996000Z,2026-09-13T02:42:59.996000Z,100.0,100.0,60.0,,traffic,1,Traffic,timeofday:America/Anchorage:day7-19:night1-5,AM,2.0-20.0,655.730150153727,4048.058962501193,607.0061063042764,3525.9830034407355,0.8569111905545989,3.0773311410539494,2.41015383661399,,,286.3362681107586,12.31413340232834
925,,AM,R1796,00,EHZ,61.1981981981982,-149.91291617029023,2026-09-13T02:42:59.996000Z,2026-09-13T02:43:59.996000Z,100.0,100.0,60.0,,traffic,1,Traffic,timeofday:America/Anchorage:day7-19:night1-5,AM,2.0-20.0,570.0864924144147,3503.941735177515,527.9760015367613,3858.747687624146,0.8577226197964066,3.351229242740465,1.704599804361651,,,286.3362681107586,13.476279875700314
926,,AM,R1796,00,EHZ,61.1981981981982,-149.91291617029023,2026-09-13T02:43:59.996000Z,2026-09-13T02:44:59.996000Z,100.0,100.0,60.0,,traffic,1,Traffic,timeofday:America/Anchorage:day7-19:night1-5,AM,2.0-20.0,597.4050114114364,3009.941841447267,564.4650814556835,2853.988826178309,0.8927635270604011,3.451532512964495,1.9722831347703123,,,286.3362681107586,9.967262774670056
927,,AM,R1796,00,EHZ,61.1981981981982,-149.91291617029023,2026-09-13T02:44:59.996000Z,2026-09-13T02:45:59.996000Z,100.0,100.0,60.0,,traffic,1,Traffic,timeofday:America/Anchorage:day7-19:night1-5,AM,2.0-20.0,525.6584305995812,4398.057520260064,485.2711614988352,4395.1582090936245,0.8522395757449084,4.765085849180669,7.430280413385129,,,286.3362681107586,15.34963851450882
928,,AM,R1796,00,EHZ,61.1981981981982,-149.91291617029023,2026-09-13T02:45:59.996000Z,2026-09-13T02:46:59.996000Z,100.0,100.0,60.0,,traffic,1,Traffic,timeofday:America/Anchorage:day7-19:night1-5,AM,2.0-20.0,938.8766720113363,10579.057450823137,903.8538679763349,9784.843251735456,0.9267857444376084,4.564220561034852,8.515319090059268,,,286.3362681107586,34.17255982378924
929,,AM,R1796,00,EHZ,61.1981981981982,-149.91291617029023,2026-09-13T02:46:59.996000Z,2026-09-13T02:47:59.996000Z,100.0,100.0,60.0,,traffic,1,Traffic,timeofday:America/Anchorage:day7-19:night1-5,AM,2.0-20.0,1236.926542913597,9135.056992772305,1205.5834599980467,8310.762806778075,0.9499631173957306,3.8374829818151217,5.665887739989113,,,286.3362681107586,29.024485307475487
930,,AM,R1796,00,EHZ,61.1981981981982,-149.91291617029023,2026-09-13T02:47:59.996000Z,2026-09-13T02:48:59.996000Z,100.0,100.0,60.0,,traffic,1,Traffic,timeofday:America/Anchorage:day7-19:night1-5,AM,2.0-20.0,1245.5892056034131,9989.05655090095,1220.329991081668,10700.741866023329,0.9598533778137781,5.712639949820792,9.990263918989314,,,286.3362681107586,37.37124164055998
931,,AM,R1796,00,EHZ,61.1981981981982,-149.91291617029023,2026-09-13T02:48:59.996000Z,2026-09-13T02:49:59.996000Z,100.0,100.0,60.0,,traffic,1,Traffic,timeofday:America/Anchorage:day7-19:night1-5,AM,2.0-20.0,834.5936260058146,4883.943606910248,804.8561036405481,5002.374451984631,0.9300072980592516,3.284911807077242,3.4373280002847837,,,286.3362681107586,17.470278861250115
932,,AM,R1796,00,EHZ,61.1981981981982,-149.91291617029023,2026-09-13T02:49:59.996000Z,2026-09-13T02:50:59.996000Z,100.0,100.0,60.0,,traffic,1,Traffic,timeofday:America/Anchorage:day7-19:night1-5,AM,2.0-20.0,1312.982911433414,8047.055726973286,1284.6146874949281,7732.7711855742655,0.9572549456851184,3.6825193378035213,5.521867788655186,,,286.3362681107586,27.005908949623972
933,,AM,R1796,00,EHZ,61.1981981981982,-149.91291617029023,2026-09-13T02:50:59.996000Z,2026-09-13T02:51:59.996000Z,100.0,100.0,60.0,,traffic,1,Traffic,timeofday:America/Anchorage:day7-19:night1-5,AM,2.0-20.0,796.762173024124,5952.944319481429,761.4717063100569,6125.959831765775,0.9133771178348195,2.9414520164556084,4.535324697105536,,,286.3362681107586,21.39428537008163
934,,AM,R1796,00,EHZ,61.1981981981982,-149.91291617029023,2026-09-13T02:51:59.996000Z,2026-09-13T02:52:59.996000Z,100.0,100.0,60.0,,traffic,1,Traffic,timeofday:America/Anchorage:day7-19:night1-5,AM,2.0-20.0,731.2374186603759,5869.944979346735,690.4445592567339,6115.2038171357035,0.8915399518566616,3.9430578602507764,4.377727628649634,,,286.3362681107586,21.35672109399101
935,,AM,R1796,00,EHZ,61.1981981981982,-149.91291617029023,2026-09-13T02:52:59.996000Z,2026-09-13T02:53:59.996000Z,100.0,100.0,60.0,,traffic,1,Traffic,timeofday:America/Anchorage:day7-19:night1-5,AM,2.0-20.0,756.4133802887242,4536.054775938658,721.9964166961972,4814.867579775329,0.9110698593499648,2.8615904533773486,2.0848447742995724,,,286.3362681107586,16.81543037332901
936,,AM,R1796,00,EHZ,61.1981981981982,-149.91291617029023,2026-09-13T02:53:59.996000Z,2026-09-13T02:54:59.996000Z,100.0,100.0,60.0,,traffic,1,Traffic,timeofday:America/Anchorage:day7-19:night1-5,AM,2.0-20.0,597.6954154631029,3682.0543304514363,550.3876532147805,3640.662480264545,0.8479641983205152,4.7360708834572005,2.077667578176275,,,286.3362681107586,12.714639693691506
937,,AM,R1796,00,EHZ,61.1981981981982,-149.91291617029023,2026-09-13T02:54:59.996000Z,2026-09-13T02:55:59.996000Z,100.0,100.0,60.0,,traffic,1,Traffic,timeofday:America/Anchorage:day7-19:night1-5,AM,2.0-20.0,972.9603053998807,11836.946136914852,939.0866635206472,11095.356550849052,0.9315820269925785,6.399348418399918,16.974436123909147,,,286.3362681107586,38.74939288709743
938,,AM,R1796,00,EHZ,61.1981981981982,-149.91291617029023,2026-09-13T02:55:59.996000Z,2026-09-13T02:56:59.996000Z,100.0,100.0,60.0,,traffic,1,Traffic,timeofday:America/Anchorage:day7-19:night1-5,AM,2.0-20.0,694.5379611651898,6137.053779736322,652.1129591341692,5236.11822657384,0.8815636735606766,4.022080311316639,6.586425995637301,,,286.3362681107586,18.286604980646185
939,,AM,R1796,00,EHZ,61.1981981981982,-149.91291617029023,2026-09-13T02:56:59.996000Z,2026-09-13T02:57:59.996000Z,100.0,100.0,60.0,,traffic,1,Traffic,timeofday:America/Anchorage:day7-19:night1-5,AM,2.0-20.0,756.1203471555168,9743.053431632397,721.6015863954912,9242.865843123865,0.9107792097964517,5.152819281428337,25.604134457436796,,,286.3362681107586,32.27975940354368
940,,AM,R1796,00,EHZ,61.1981981981982,-149.91291617029023,2026-09-13T02:57:59.996000Z,2026-09-13T02:58:59.996000Z,100.0,100.0,60.0,,traffic,1,Traffic,timeofday:America/Anchorage:day7-19:night1-5,AM,2.0-20.0,749.6773548736827,3893.0530650814185,708.642713679777,3578.1414524110814,0.8935232693830255,3.653369924304866,1.303568062174092,,,286.3362681107586,12.49629142692818
941,,AM,R1796,00,EHZ,61.1981981981982,-149.91291617029023,2026-09-13T02:58:59.996000Z,2026-09-13T02:59:59.996000Z,100.0,100.0,60.0,,traffic,1,Traffic,timeofday:America/Anchorage:day7-19:night1-5,AM,2.0-20.0,622.3731096990028,3704.9476172145255,587.6437156847148,3552.682206352586,0.8915106832025668,4.052717191924992,2.329373766091263,,,286.3362681107586,12.407377625590769
942,,AM,R1796,00,EHZ,61.1981981981982,-149.91291617029023,2026-09-13T02:59:59.996000Z,2026-09-13T03:00:59.996000Z,100.0,100.0,60.0,,traffic,1,Traffic,timeofday:America/Anchorage:day7-19:night1-5,AM,2.0-20.0,875.74700351963,6762.052267751836,844.6628913842214,6414.6046739610065,0.9302710575114967,4.014809899932388,5.167986076471157,,,286.3362681107586,22.402347827903355
943,,AM,R3130,00,EHZ,61.1981981981982,-149.90658980942584,2026-09-12T09:00:59.995000Z,2026-09-12T09:01:59.995000Z,100.0,100.0,60.0,,noise,0,Noise,timeofday:America/Anchorage:day7-19:night1-5,AM,2.0-20.0,372.1160910189593,2549.762560876728,297.71437610923425,2064.061931517307,0.6400924617718444,5.468818841893873,3.7608746830593995,,,223.23593596182425,9.246100645150088
944,,AM,R3130,00,EHZ,61.1981981981982,-149.90658980942584,2026-09-12T09:01:59.995000Z,2026-09-12T09:02:59.995000Z,100.0,100.0,60.0,,noise,0,Noise,timeofday:America/Anchorage:day7-19:night1-5,AM,2.0-20.0,219.84821747359993,1080.2421063395109,192.41883295889207,937.0387736609158,0.7660361327514449,2.1896888997787833,0.541261480991881,,,223.23593596182425,4.197526574848413
945,,AM,R3130,00,EHZ,61.1981981981982,-149.90658980942584,2026-09-12T09:02:59.995000Z,2026-09-12T09:03:59.995000Z,100.0,100.0,60.0,,noise,0,Noise,timeofday:America/Anchorage:day7-19:night1-5,AM,2.0-20.0,251.30810674281653,1294.74925638183,220.29118110234236,1146.0345382925027,0.7683891540922014,3.669421548685203,0.4254549589207435,,,223.23593596182425,5.133736794458071
946,,AM,R3130,00,EHZ,61.1981981981982,-149.90658980942584,2026-09-12T09:03:59.995000Z,2026-09-12T09:04:59.995000Z,100.0,100.0,60.0,,noise,0,Noise,timeofday:America/Anchorage:day7-19:night1-5,AM,2.0-20.0,568.9730891252842,3456.7330875561797,544.8893872891512,2639.853066224645,0.9171349562943257,3.5900572794831835,2.460625729595905,,,223.23593596182425,11.825394754884304
947,,AM,R3130,00,EHZ,61.1981981981982,-149.90658980942584,2026-09-12T09:04:59.995000Z,2026-09-12T09:05:59.995000Z,100.0,100.0,60.0,,noise,0,Noise,timeofday:America/Anchorage:day7-19:night1-5,AM,2.0-20.0,321.6101557216539,3457.732636120512,283.95607194735396,3048.8669337715705,0.7795479090048942,1.590468587254128,8.614097280287826,,,223.23593596182425,13.657599170292007
948,,AM,R3130,00,EHZ,61.1981981981982,-149.90658980942584,2026-09-12T09:05:59.995000Z,2026-09-12T09:06:59.995000Z,100.0,100.0,60.0,,noise,0,Noise,timeofday:America/Anchorage:day7-19:night1-5,AM,2.0-20.0,234.7990379364707,1019.2829012666376,202.83843056286838,921.9985287695042,0.7462904032891738,1.762487519007866,0.23020422901749527,,,223.23593596182425,4.1301528125255595
949,,AM,R3130,00,EHZ,61.1981981981982,-149.90658980942584,2026-09-12T09:06:59.995000Z,2026-09-12T09:07:59.995000Z,100.0,100.0,60.0,,noise,0,Noise,timeofday:America/Anchorage:day7-19:night1-5,AM,2.0-20.0,246.5352002193854,1708.713304387989,217.95725405634806,1686.1135087152998,0.7816004173939965,4.828665583483142,2.6590376406455327,,,223.23593596182425,7.553055924668165
950,,AM,R3130,00,EHZ,61.1981981981982,-149.90658980942584,2026-09-12T09:07:59.995000Z,2026-09-12T09:08:59.995000Z,100.0,100.0,60.0,,noise,0,Noise,timeofday:America/Anchorage:day7-19:night1-5,AM,2.0-20.0,232.24507927302093,978.2970529177134,205.10152138691947,866.427065533486,0.7799104177934595,2.592959154173945,0.2655493402732172,,,223.23593596182425,3.8812168023057647
951,,AM,R3130,00,EHZ,61.1981981981982,-149.90658980942584,2026-09-12T09:08:59.995000Z,2026-09-12T09:09:59.995000Z,100.0,100.0,60.0,,noise,0,Noise,timeofday:America/Anchorage:day7-19:night1-5,AM,2.0-20.0,314.54378246867367,1382.3069002153993,269.50628466033163,1445.174316691629,0.7341344158933532,2.7635214823952277,1.4027682163148798,,,223.23593596182425,6.473753029345461
952,,AM,R3130,00,EHZ,61.1981981981982,-149.90658980942584,2026-09-12T09:09:59.995000Z,2026-09-12T09:10:59.995000Z,100.0,100.0,60.0,,noise,0,Noise,timeofday:America/Anchorage:day7-19:night1-5,AM,2.0-20.0,207.5859279730614,877.6815610317511,171.74962179895766,746.5555400798935,0.6845351589021796,2.6138472693244816,0.3550430418670092,,,223.23593596182425,3.344244450891466
953,,AM,R3130,00,EHZ,61.1981981981982,-149.90658980942584,2026-09-12T09:10:59.995000Z,2026-09-12T09:11:59.995000Z,100.0,100.0,60.0,,noise,0,Noise,timeofday:America/Anchorage:day7-19:night1-5,AM,2.0-20.0,300.71980594644526,1116.3244319196187,250.46190169196728,1076.108873427841,0.6936801746708051,2.778349251908552,0.2767528746196577,,,223.23593596182425,4.820500197655754
954,,AM,R3130,00,EHZ,61.1981981981982,-149.90658980942584,2026-09-12T09:11:59.995000Z,2026-09-12T09:12:59.995000Z,100.0,100.0,60.0,,noise,0,Noise,timeofday:America/Anchorage:day7-19:night1-5,AM,2.0-20.0,223.18239813451726,1037.6689565478569,189.9961413227217,1221.4065125901197,0.7247190577835769,2.4702513365977046,0.4562437928938379,,,223.23593596182425,5.4713704911694565
955,,AM,R3130,00,EHZ,61.1981981981982,-149.90658980942584,2026-09-12T09:12:59.995000Z,2026-09-12T09:13:59.995000Z,100.0,100.0,60.0,,noise,0,Noise,timeofday:America/Anchorage:day7-19:night1-5,AM,2.0-20.0,234.58524800548616,1778.3385149981882,206.8918953522613,1913.4484064410267,0.7778315607123518,4.174010111091702,3.335361159161991,,,223.23593596182425,8.571417492424906
956,,AM,R3130,00,EHZ,61.1981981981982,-149.90658980942584,2026-09-12T09:13:59.995000Z,2026-09-12T09:14:59.995000Z,100.0,100.0,60.0,,noise,0,Noise,timeofday:America/Anchorage:day7-19:night1-5,AM,2.0-20.0,434.01547628926744,3925.348886589831,413.86734763906816,3552.106060336759,0.9093098498784893,4.552850793077903,11.440814892431394,,,223.23593596182425,15.911891806452736
957,,AM,R3130,00,EHZ,61.1981981981982,-149.90658980942584,2026-09-12T09:14:59.995000Z,2026-09-12T09:15:59.995000Z,100.0,100.0,60.0,,traffic,1,Traffic,timeofday:America/Anchorage:day7-19:night1-5+burst>=20x,AM,2.0-20.0,460.51333735996593,8123.639396083082,430.13606699940317,8005.973031909808,0.8724233767716959,7.178760010978488,72.02694548431121,,,223.23593596182425,35.86328069186368
958,,AM,R3130,00,EHZ,61.1981981981982,-149.90658980942584,2026-09-12T09:15:59.995000Z,2026-09-12T09:16:59.995000Z,100.0,100.0,60.0,,noise,0,Noise,timeofday:America/Anchorage:day7-19:night1-5,AM,2.0-20.0,256.1293553206218,1347.634476005725,228.39528869858438,1166.8428682500112,0.7951619122510263,3.0252094459010745,1.3135105560215203,,,223.23593596182425,5.226949071719142
959,,AM,R3130,00,EHZ,61.1981981981982,-149.90658980942584,2026-09-12T09:16:59.995000Z,2026-09-12T09:17:59.995000Z,100.0,100.0,60.0,,noise,0,Noise,timeofday:America/Anchorage:day7-19:night1-5,AM,2.0-20.0,211.72598754885317,828.3785727708679,180.9593260177828,810.3895047837691,0.7304888740997767,1.5761240976307143,0.10065757094522931,,,223.23593596182425,3.6301928777379033
960,,AM,R3130,00,EHZ,61.1981981981982,-149.90658980942584,2026-09-12T09:17:59.995000Z,2026-09-12T09:18:59.995000Z,100.0,100.0,60.0,,noise,0,Noise,timeofday:America/Anchorage:day7-19:night1-5,AM,2.0-20.0,330.58491733994146,1740.615698567633,301.622192409046,1802.6812360793433,0.8324545167453433,2.8047915211183323,0.6102640445437224,,,223.23593596182425,8.075228696098558
961,,AM,R3130,00,EHZ,61.1981981981982,-149.90658980942584,2026-09-12T09:18:59.995000Z,2026-09-12T09:19:59.995000Z,100.0,100.0,60.0,,noise,0,Noise,timeofday:America/Anchorage:day7-19:night1-5,AM,2.0-20.0,218.59016959859667,1348.3893943695862,187.7236583525064,862.0604487053215,0.7375250305116899,2.1728936867474538,0.44506312442591645,,,223.23593596182425,3.8616562561537724
962,,AM,R3130,00,EHZ,61.1981981981982,-149.90658980942584,2026-09-12T09:19:59.995000Z,2026-09-12T09:20:59.995000Z,100.0,100.0,60.0,,noise,0,Noise,timeofday:America/Anchorage:day7-19:night1-5,AM,2.0-20.0,263.4128423760952,1441.5972654206685,233.14417058619065,1228.9971578098725,0.783384966190146,2.752607739370215,1.2386595066455204,,,223.23593596182425,5.505373283717386
963,,AM,R3130,00,EHZ,61.1981981981982,-149.90658980942584,2026-09-12T09:20:59.995000Z,2026-09-12T09:21:59.995000Z,100.0,100.0,60.0,,noise,0,Noise,timeofday:America/Anchorage:day7-19:night1-5,AM,2.0-20.0,585.2007766048199,3561.4071189339816,562.2662455644762,3568.0313732934683,0.9231541728623892,6.810318372259663,4.937289892466543,,,223.23593596182425,15.983230289157566
964,,AM,R3130,00,EHZ,61.1981981981982,-149.90658980942584,2026-09-12T09:21:59.995000Z,2026-09-12T09:22:59.995000Z,100.0,100.0,60.0,,noise,0,Noise,timeofday:America/Anchorage:day7-19:night1-5,AM,2.0-20.0,279.03591214649873,1326.5842152154814,251.81887595178316,1220.0091138182206,0.8144348709934572,3.020832367344326,0.976969038590549,,,223.23593596182425,5.465110751822929
965,,AM,R3130,00,EHZ,61.1981981981982,-149.90658980942584,2026-09-12T09:22:59.995000Z,2026-09-12T09:23:59.995000Z,100.0,100.0,60.0,,noise,0,Noise,timeofday:America/Anchorage:day7-19:night1-5,AM,2.0-20.0,272.35912292466656,1633.424843498377,246.37234656784753,1579.6530556893583,0.8182764757142248,3.9860472454611298,2.1753245728943904,,,223.23593596182425,7.076159350793306
966,,AM,R3130,00,EHZ,61.1981981981982,-149.90658980942584,2026-09-12T09:23:59.995000Z,2026-09-12T09:24:59.995000Z,100.0,100.0,60.0,,noise,0,Noise,timeofday:America/Anchorage:day7-19:night1-5,AM,2.0-20.0,311.97941757296627,2083.56893783242,282.84561898694625,1845.230670834584,0.8219530791051091,4.153038830300154,4.169096817424378,,,223.23593596182425,8.265831676626377
967,,AM,R3130,00,EHZ,61.1981981981982,-149.90658980942584,2026-09-12T09:24:59.995000Z,2026-09-12T09:25:59.995000Z,100.0,100.0,60.0,,noise,0,Noise,timeofday:America/Anchorage:day7-19:night1-5,AM,2.0-20.0,222.659277881883,813.554924754951,194.81841633954247,857.5105100480623,0.7655585741058849,2.326508132519413,0.4622540107924977,,,223.23593596182425,3.8412745078583845
968,,AM,R3130,00,EHZ,61.1981981981982,-149.90658980942584,2026-09-12T09:25:59.995000Z,2026-09-12T09:26:59.995000Z,100.0,100.0,60.0,,noise,0,Noise,timeofday:America/Anchorage:day7-19:night1-5,AM,2.0-20.0,257.8041834995789,1740.4490238785606,231.82072141672876,1506.5713104536972,0.8085829601395857,2.6697455482549435,1.4349176872595688,,,223.23593596182425,6.74878488520476
969,,AM,R3130,00,EHZ,61.1981981981982,-149.90658980942584,2026-09-12T09:26:59.995000Z,2026-09-12T09:27:59.995000Z,100.0,100.0,60.0,,noise,0,Noise,timeofday:America/Anchorage:day7-19:night1-5,AM,2.0-20.0,272.83283393588897,1058.457648299875,248.89802438847067,1113.459053974511,0.8322420029577091,3.053974678174565,0.5901705090771272,,,223.23593596182425,4.9878127783374655
970,,AM,R3130,00,EHZ,61.1981981981982,-149.90658980942584,2026-09-12T09:27:59.995000Z,2026-09-12T09:28:59.995000Z,100.0,100.0,60.0,,noise,0,Noise,timeofday:America/Anchorage:day7-19:night1-5,AM,2.0-20.0,283.48394582772005,3568.4692856257047,257.53378036245056,3296.4784274575077,0.8252992827722188,6.291571380146631,11.670748039231201,,,223.23593596182425,14.766791078033426
971,,AM,R3130,00,EHZ,61.1981981981982,-149.90658980942584,2026-09-12T09:28:59.995000Z,2026-09-12T09:29:59.995000Z,100.0,100.0,60.0,,noise,0,Noise,timeofday:America/Anchorage:day7-19:night1-5,AM,2.0-20.0,278.950406484207,1419.4740999871142,254.3874868812067,1309.1641052630914,0.83164406512906,2.851878341297466,1.6681183354627676,,,223.23593596182425,5.864486376812435
972,,AM,R3130,00,EHZ,61.1981981981982,-149.90658980942584,2026-09-12T09:29:59.995000Z,2026-09-12T09:30:59.995000Z,100.0,100.0,60.0,,noise,0,Noise,timeofday:America/Anchorage:day7-19:night1-5,AM,2.0-20.0,215.7125420412949,838.5103154821367,186.21803776542154,809.2200541617816,0.745234065180009,1.999448151789463,0.1497430261533017,,,223.23593596182425,3.624954247062475
973,,AM,R3130,00,EHZ,61.1981981981982,-149.90658980942584,2026-09-12T09:30:59.995000Z,2026-09-12T09:31:59.995000Z,100.0,100.0,60.0,,noise,0,Noise,timeofday:America/Anchorage:day7-19:night1-5,AM,2.0-20.0,237.5420908791126,1250.490294527454,207.21021663604074,1418.736224265907,0.76092382054846,3.288513133764403,1.3919838246750214,,,223.23593596182425,6.355321862285318
974,,AM,R3130,00,EHZ,61.1981981981982,-149.90658980942584,2026-09-12T09:31:59.995000Z,2026-09-12T09:32:59.995000Z,100.0,100.0,60.0,,noise,0,Noise,timeofday:America/Anchorage:day7-19:night1-5,AM,2.0-20.0,214.02713499489266,1379.4993960991274,187.5268906431971,1396.6182202712876,0.7676962681273044,3.0969729018137127,2.6189821815203604,,,223.23593596182425,6.256242814374314
975,,AM,R3130,00,EHZ,61.1981981981982,-149.90658980942584,2026-09-12T09:32:59.995000Z,2026-09-12T09:33:59.995000Z,100.0,100.0,60.0,,noise,0,Noise,timeofday:America/Anchorage:day7-19:night1-5,AM,2.0-20.0,232.59730403590484,1221.4851193716963,203.51132153790144,1051.7173991152877,0.7655398375220271,2.5929762152156366,0.4946074966179381,,,223.23593596182425,4.7112369905136715
976,,AM,R3130,00,EHZ,61.1981981981982,-149.90658980942584,2026-09-12T09:33:59.995000Z,2026-09-12T09:34:59.995000Z,100.0,100.0,60.0,,noise,0,Noise,timeofday:America/Anchorage:day7-19:night1-5,AM,2.0-20.0,349.56965744549575,3235.478880702179,325.9144155478397,2934.232824854563,0.8692399587286999,3.3544778856385338,7.906790689767869,,,223.23593596182425,13.144088169372285
977,,AM,R3130,00,EHZ,61.1981981981982,-149.90658980942584,2026-09-12T09:34:59.995000Z,2026-09-12T09:35:59.995000Z,100.0,100.0,60.0,,noise,0,Noise,timeofday:America/Anchorage:day7-19:night1-5,AM,2.0-20.0,279.24875261025835,2378.5297937199216,254.9719341320327,2159.8817340832456,0.8336855481785544,6.129335483142463,8.141187115352025,,,223.23593596182425,9.675331728188281
978,,AM,R3130,00,EHZ,61.1981981981982,-149.90658980942584,2026-09-12T09:35:59.995000Z,2026-09-12T09:36:59.995000Z,100.0,100.0,60.0,,noise,0,Noise,timeofday:America/Anchorage:day7-19:night1-5,AM,2.0-20.0,293.6250818411556,2935.466697653484,271.38591508688154,2902.975794505319,0.8542565283632793,4.656634428451855,11.623171605658069,,,223.23593596182425,13.004070254180577
979,,AM,R3130,00,EHZ,61.1981981981982,-149.90658980942584,2026-09-12T09:36:59.995000Z,2026-09-12T09:37:59.995000Z,100.0,100.0,60.0,,traffic,1,Traffic,timeofday:America/Anchorage:day7-19:night1-5+burst>=20x,AM,2.0-20.0,408.8810812445815,7157.456266060896,388.47943827455555,7466.537669790513,0.9026970878036739,6.706574546602754,62.92073413877914,,,223.23593596182425,33.44684464721384
980,,AM,R3130,00,EHZ,61.1981981981982,-149.90658980942584,2026-09-12T09:37:59.995000Z,2026-09-12T09:38:59.995000Z,100.0,100.0,60.0,,traffic,1,Traffic,timeofday:America/Anchorage:day7-19:night1-5+burst>=20x,AM,2.0-20.0,371.0842558210124,6475.448384508406,345.0886045612475,7273.05298465846,0.8648009923401732,7.870183121165885,81.22670376711152,,,223.23593596182425,32.580117324399914
981,,AM,R3130,00,EHZ,61.1981981981982,-149.90658980942584,2026-09-12T09:38:59.995000Z,2026-09-12T09:39:59.995000Z,100.0,100.0,60.0,,noise,0,Noise,timeofday:America/Anchorage:day7-19:night1-5,AM,2.0-20.0,331.87141349654286,2727.4382143485013,307.646166051606,2431.23140475966,0.8593366297266158,5.800353335199942,4.4421082109709085,,,223.23593596182425,10.890860354918066
982,,AM,R3130,00,EHZ,61.1981981981982,-149.90658980942584,2026-09-12T09:39:59.995000Z,2026-09-12T09:40:59.995000Z,100.0,100.0,60.0,,noise,0,Noise,timeofday:America/Anchorage:day7-19:night1-5,AM,2.0-20.0,415.5188749350504,4044.430779945898,388.7916357064035,4023.89003802442,0.8754922651293257,6.402269590310063,18.399470385012034,,,223.23593596182425,18.02527904249497
983,,AM,R3130,00,EHZ,61.1981981981982,-149.90658980942584,2026-09-12T09:40:59.995000Z,2026-09-12T09:41:59.995000Z,100.0,100.0,60.0,,noise,0,Noise,timeofday:America/Anchorage:day7-19:night1-5,AM,2.0-20.0,299.8908300432097,4196.418551182197,268.29036316720914,4033.3474766864097,0.8003570488481976,4.7481226443321916,21.71905529759548,,,223.23593596182425,18.067644258566666
984,,AM,R3130,00,EHZ,61.1981981981982,-149.90658980942584,2026-09-12T09:41:59.995000Z,2026-09-12T09:42:59.995000Z,100.0,100.0,60.0,,noise,0,Noise,timeofday:America/Anchorage:day7-19:night1-5,AM,2.0-20.0,238.25808554585768,959.5916618355228,208.95334153392764,895.5232766136687,0.7691363655385357,2.4305778565630223,0.17350393701510658,,,223.23593596182425,4.011555186019929
985,,AM,R3130,00,EHZ,61.1981981981982,-149.90658980942584,2026-09-12T09:42:59.995000Z,2026-09-12T09:43:59.995000Z,100.0,100.0,60.0,,noise,0,Noise,timeofday:America/Anchorage:day7-19:night1-5,AM,2.0-20.0,241.53147899594438,1133.405793838759,212.7151590774654,1196.4402957235973,0.7756207162792962,2.837369957726754,1.0135448709017565,,,223.23593596182425,5.359532687103753
986,,AM,R3130,00,EHZ,61.1981981981982,-149.90658980942584,2026-09-12T09:43:59.995000Z,2026-09-12T09:44:59.995000Z,100.0,100.0,60.0,,noise,0,Noise,timeofday:America/Anchorage:day7-19:night1-5,AM,2.0-20.0,272.2363368840639,3177.6058006292537,247.697649730015,3279.205130800845,0.8278498735955803,6.338405491829993,15.540938001679365,,,223.23593596182425,14.689414214034178
987,,AM,R3130,00,EHZ,61.1981981981982,-149.90658980942584,2026-09-12T09:44:59.995000Z,2026-09-12T09:45:59.995000Z,100.0,100.0,60.0,,noise,0,Noise,timeofday:America/Anchorage:day7-19:night1-5,AM,2.0-20.0,321.6438603088938,4530.617802246526,299.208594402589,4289.302548354498,0.8653615534302723,5.119524765790421,19.284596722113413,,,223.23593596182425,19.21421177049207
988,,AM,R3130,00,EHZ,61.1981981981982,-149.90658980942584,2026-09-12T09:45:59.995000Z,2026-09-12T09:46:59.995000Z,100.0,100.0,60.0,,noise,0,Noise,timeofday:America/Anchorage:day7-19:night1-5,AM,2.0-20.0,221.22119155263172,1435.380483440807,192.26370386831914,1088.4564854255893,0.7553376880504841,1.717253314788609,1.5772740203088738,,,223.23593596182425,4.875812134528946
989,,AM,R3130,00,EHZ,61.1981981981982,-149.90658980942584,2026-09-12T09:46:59.995000Z,2026-09-12T09:47:59.995000Z,100.0,100.0,60.0,,noise,0,Noise,timeofday:America/Anchorage:day7-19:night1-5,AM,2.0-20.0,304.6006748369303,2077.3644574745463,281.1569728141389,2037.2192008826378,0.8519929379870346,5.65897505404881,4.1305234082568365,,,223.23593596182425,9.125856874723898
990,,AM,R3130,00,EHZ,61.1981981981982,-149.90658980942584,2026-09-12T09:47:59.995000Z,2026-09-12T09:48:59.995000Z,100.0,100.0,60.0,,noise,0,Noise,timeofday:America/Anchorage:day7-19:night1-5,AM,2.0-20.0,282.3288257181568,2720.3632845989628,257.9308582096744,2382.9346834243097,0.8346341737389971,2.049772504526285,6.139314459627375,,,223.23593596182425,10.67451202763258
991,,AM,R3130,00,EHZ,61.1981981981982,-149.90658980942584,2026-09-12T09:48:59.995000Z,2026-09-12T09:49:59.995000Z,100.0,100.0,60.0,,noise,0,Noise,timeofday:America/Anchorage:day7-19:night1-5,AM,2.0-20.0,486.3135200492119,3154.6498041782584,469.14739534726016,3187.3309540310465,0.9306490360177585,7.014839508880179,4.675250920255334,,,223.23593596182425,14.277857820239634
992,,AM,R3130,00,EHZ,61.1981981981982,-149.90658980942584,2026-09-12T09:49:59.995000Z,2026-09-12T09:50:59.995000Z,100.0,100.0,60.0,,noise,0,Noise,timeofday:America/Anchorage:day7-19:night1-5,AM,2.0-20.0,205.95756952080987,883.34236569863,179.87324392558807,804.8568335999944,0.7627419236333807,3.3135532285890408,0.3582442510858397,,,223.23593596182425,3.6054089147082196
993,,AM,R3130,00,EHZ,61.1981981981982,-149.90658980942584,2026-09-12T09:50:59.995000Z,2026-09-12T09:51:59.995000Z,100.0,100.0,60.0,,traffic,1,Traffic,timeofday:America/Anchorage:day7-19:night1-5+burst>=20x,AM,2.0-20.0,439.4753868089779,6822.667015877448,413.64560997646197,6432.052257702732,0.8859061669858126,7.46944520138311,53.286368625623155,,,223.23593596182425,28.812799471509294
994,,AM,R3130,00,EHZ,61.1981981981982,-149.90658980942584,2026-09-12T09:51:59.995000Z,2026-09-12T09:52:59.995000Z,100.0,100.0,60.0,,noise,0,Noise,timeofday:America/Anchorage:day7-19:night1-5,AM,2.0-20.0,215.22540858761133,787.6737802695176,187.463510329524,712.0695531240123,0.7586586402196076,2.0010006454604885,0.09583608900376195,,,223.23593596182425,3.1897622130416483
995,,AM,R3130,00,EHZ,61.1981981981982,-149.90658980942584,2026-09-12T09:52:59.995000Z,2026-09-12T09:53:59.995000Z,100.0,100.0,60.0,,noise,0,Noise,timeofday:America/Anchorage:day7-19:night1-5,AM,2.0-20.0,195.0223325801748,834.3130809524749,163.93811471343707,767.022880074313,0.7066285490142429,2.2839640703460438,0.13158107116823547,,,223.23593596182425,3.435929241273601
996,,AM,R3130,00,EHZ,61.1981981981982,-149.90658980942584,2026-09-12T09:53:59.995000Z,2026-09-12T09:54:59.995000Z,100.0,100.0,60.0,,noise,0,Noise,timeofday:America/Anchorage:day7-19:night1-5,AM,2.0-20.0,310.7575309287883,2255.6881204949864,287.5667990417279,2250.5627099217395,0.8563162038052375,4.782484417088688,3.460360416512761,,,223.23593596182425,10.081543100240859
997,,AM,R3130,00,EHZ,61.1981981981982,-149.90658980942584,2026-09-12T09:54:59.995000Z,2026-09-12T09:55:59.995000Z,100.0,100.0,60.0,,noise,0,Noise,timeofday:America/Anchorage:day7-19:night1-5,AM,2.0-20.0,207.29827382981202,919.2980464303758,181.0908528834088,784.3419803824286,0.7631354999599014,1.8226350950258796,0.22393614802410422,,,223.23593596182425,3.5135112857302664
998,,AM,R3130,00,EHZ,61.1981981981982,-149.90658980942584,2026-09-12T09:55:59.995000Z,2026-09-12T09:56:59.995000Z,100.0,100.0,60.0,,noise,0,Noise,timeofday:America/Anchorage:day7-19:night1-5,AM,2.0-20.0,212.22241422881413,1145.2914134689431,184.85702383561005,1070.6597291683793,0.7587337659671188,3.0539766677251414,0.9053576011587374,,,223.23593596182425,4.796090398955631
999,,AM,R3130,00,EHZ,61.1981981981982,-149.90658980942584,2026-09-12T09:56:59.995000Z,2026-09-12T09:57:59.995000Z,100.0,100.0,60.0,,traffic,1,Traffic,timeofday:America/Anchorage:day7-19:night1-5+burst>=20x,AM,2.0-20.0,959.3535123430291,4799.28256618698,853.298274551262,4882.064461310768,0.7911237000681738,6.906409016308924,3.9665035517402174,,,223.23593596182425,21.869527593199212
1000,,AM,R3130,00,EHZ,61.1981981981982,-149.90658980942584,2026-09-12T09:57:59.995000Z,2026-09-12T09:58:59.995000Z,100.0,100.0,60.0,,traffic,1,Traffic,timeofday:America/Anchorage:day7-19:night1-5+burst>=20x,AM,2.0-20.0,563.8100449102044,5308.725259650349,474.70297778079663,4955.944352611925,0.7088890923935857,9.02858361974822,16.276995205780537,,,223.23593596182425,22.2004774063771
1001,,AM,R3130,00,EHZ,61.1981981981982,-149.90658980942584,2026-09-12T09:58:59.995000Z,2026-09-12T09:59:59.995000Z,100.0,100.0,60.0,,noise,0,Noise,timeofday:America/Anchorage:day7-19:night1-5,AM,2.0-20.0,224.69326654168827,961.2696645555601,194.52829003218267,924.8713185654697,0.7495237909056911,2.42931386405456,0.45126840243049093,,,223.23593596182425,4.143021662621705
1002,,AM,R3130,00,EHZ,61.1981981981982,-149.90658980942584,2026-09-12T09:59:59.995000Z,2026-09-12T10:00:59.995000Z,100.0,100.0,60.0,,traffic,1,Traffic,timeofday:America/Anchorage:day7-19:night1-5+burst>=20x,AM,2.0-20.0,513.8878827316205,6623.253162867534,495.53796701653323,5900.545243565139,0.9298590342485266,4.796897074308439,30.120346378240335,,,223.23593596182425,26.43187898105346
1003,,AM,R3130,00,EHZ,61.1981981981982,-149.90658980942584,2026-09-12T10:00:59.995000Z,2026-09-12T10:01:59.995000Z,100.0,100.0,60.0,,noise,0,Noise,timeofday:America/Anchorage:day7-19:night1-5,AM,2.0-20.0,271.88478453138896,2997.2522028524395,246.39144708691853,2819.7480989018095,0.8212614710937186,1.8251620272254487,13.552181431703367,,,223.23593596182425,12.631246339227465
1004,,AM,R3130,00,EHZ,61.1981981981982,-149.90658980942584,2026-09-12T10:01:59.995000Z,2026-09-12T10:02:59.995000Z,100.0,100.0,60.0,,noise,0,Noise,timeofday:America/Anchorage:day7-19:night1-5,AM,2.0-20.0,366.44860265692546,2346.763403107216,327.5184321694423,2047.6657503396734,0.7988134207028659,3.716593030710738,2.1581925598438794,,,223.23593596182425,9.172652877401632
1005,,AM,R3130,00,EHZ,61.1981981981982,-149.90658980942584,2026-09-12T10:02:59.995000Z,2026-09-12T10:03:59.995000Z,100.0,100.0,60.0,,noise,0,Noise,timeofday:America/Anchorage:day7-19:night1-5,AM,2.0-20.0,501.54198809818405,2997.2343540003762,473.1124492952895,3011.218895762938,0.889844576497032,3.4762609603441885,2.7738859250693384,,,223.23593596182425,13.488952317595894
1006,,AM,R3130,00,EHZ,61.1981981981982,-149.90658980942584,2026-09-12T10:03:59.995000Z,2026-09-12T10:04:59.995000Z,100.0,100.0,60.0,,noise,0,Noise,timeofday:America/Anchorage:day7-19:night1-5,AM,2.0-20.0,261.14024632398605,1072.7813576752274,232.04766066547734,1052.9843916329662,0.7895993283009318,2.371845163910349,0.4767944271364004,,,223.23593596182425,4.716912566501112
1007,,AM,R3130,00,EHZ,61.1981981981982,-149.90658980942584,2026-09-12T10:04:59.995000Z,2026-09-12T10:05:59.995000Z,100.0,100.0,60.0,,noise,0,Noise,timeofday:America/Anchorage:day7-19:night1-5,AM,2.0-20.0,263.57136727144837,1352.2143079709108,235.9521317528643,1651.6564975356791,0.8014037160075461,3.631533980817345,1.3646126972519408,,,223.23593596182425,7.398703485706397
1008,,AM,R3130,00,EHZ,61.1981981981982,-149.90658980942584,2026-09-12T10:05:59.995000Z,2026-09-12T10:06:59.995000Z,100.0,100.0,60.0,,noise,0,Noise,timeofday:America/Anchorage:day7-19:night1-5,AM,2.0-20.0,214.48930808569366,951.7901492420266,187.95434406372283,802.7587084061615,0.7678801462996653,2.073399641956071,0.2683667596602546,,,223.23593596182425,3.59601022544794
1009,,AM,R3130,00,EHZ,61.1981981981982,-149.90658980942584,2026-09-12T10:06:59.995000Z,2026-09-12T10:07:59.995000Z,100.0,100.0,60.0,,noise,0,Noise,timeofday:America/Anchorage:day7-19:night1-5,AM,2.0-20.0,228.4347748149632,1266.1974948494167,203.83375216941093,1341.4881995907913,0.7962102475793688,2.0676769089093123,1.3035387681818076,,,223.23593596182425,6.009284275002212
1010,,AM,R3130,00,EHZ,61.1981981981982,-149.90658980942584,2026-09-12T10:07:59.995000Z,2026-09-12T10:08:59.995000Z,100.0,100.0,60.0,,noise,0,Noise,timeofday:America/Anchorage:day7-19:night1-5,AM,2.0-20.0,213.553951206008,968.1885561374451,185.42908558920945,994.5257396029259,0.7539464330865584,3.1209572610770717,0.5186880699641017,,,223.23593596182425,4.455043204930054
1011,,AM,R3130,00,EHZ,61.1981981981982,-149.90658980942584,2026-09-12T10:08:59.995000Z,2026-09-12T10:09:59.995000Z,100.0,100.0,60.0,,noise,0,Noise,timeofday:America/Anchorage:day7-19:night1-5,AM,2.0-20.0,221.30649440132822,981.1823603257448,193.89197188426584,818.9496898129312,0.7675935862884965,2.2658591839716022,0.1528770922786462,,,223.23593596182425,3.668538787379557
1012,,AM,R3130,00,EHZ,61.1981981981982,-149.90658980942584,2026-09-12T10:09:59.995000Z,2026-09-12T10:10:59.995000Z,100.0,100.0,60.0,,noise,0,Noise,timeofday:America/Anchorage:day7-19:night1-5,AM,2.0-20.0,513.4249963518046,3557.168651538775,497.7279906426902,3916.0505496187134,0.9397884693047639,5.291204078254582,7.607722698274815,,,223.23593596182425,17.54220498929169
1013,,AM,R3130,00,EHZ,61.1981981981982,-149.90658980942584,2026-09-12T10:10:59.995000Z,2026-09-12T10:11:59.995000Z,100.0,100.0,60.0,,noise,0,Noise,timeofday:America/Anchorage:day7-19:night1-5,AM,2.0-20.0,396.5203990026499,3026.833474208934,376.5845664054154,2694.652233938633,0.9019738893171085,1.8862808432484983,8.847177263012817,,,223.23593596182425,12.070871216717757
1014,,AM,R3130,00,EHZ,61.1981981981982,-149.90658980942584,2026-09-12T10:11:59.995000Z,2026-09-12T10:12:59.995000Z,100.0,100.0,60.0,,noise,0,Noise,timeofday:America/Anchorage:day7-19:night1-5,AM,2.0-20.0,215.76912950891224,1891.8462586956562,187.7716669056494,1704.3898662076688,0.7573236238581118,3.5907186734862897,2.7086606078354603,,,223.23593596182425,7.634926065394497
1015,,AM,R3130,00,EHZ,61.1981981981982,-149.90658980942584,2026-09-12T10:12:59.995000Z,2026-09-12T10:13:59.995000Z,100.0,100.0,60.0,,noise,0,Noise,timeofday:America/Anchorage:day7-19:night1-5,AM,2.0-20.0,255.6461481931474,2101.8533088065055,230.5814112319354,1843.9149352062082,0.8135234545383857,4.527688026358648,4.446166018632472,,,223.23593596182425,8.259937752681259
1016,,AM,R3130,00,EHZ,61.1981981981982,-149.90658980942584,2026-09-12T10:13:59.995000Z,2026-09-12T10:14:59.995000Z,100.0,100.0,60.0,,noise,0,Noise,timeofday:America/Anchorage:day7-19:night1-5,AM,2.0-20.0,246.25687164625836,1367.1402425206757,223.23593596182425,1317.1460737515138,0.8217723015363518,3.903483151858294,1.8471627253412448,,,223.23593596182425,5.900242127579136
1017,,AM,R3130,00,EHZ,61.1981981981982,-149.90658980942584,2026-09-12T10:14:59.995000Z,2026-09-12T10:15:59.995000Z,100.0,100.0,60.0,,noise,0,Noise,timeofday:America/Anchorage:day7-19:night1-5,AM,2.0-20.0,239.01545795389922,1138.125965153336,211.97244669260377,1154.3771830019848,0.7865147054298915,2.8042666239448257,0.661154607404479,,,223.23593596182425,5.171108217985996
1018,,AM,R3130,00,EHZ,61.1981981981982,-149.90658980942584,2026-09-12T10:15:59.995000Z,2026-09-12T10:16:59.995000Z,100.0,100.0,60.0,,noise,0,Noise,timeofday:America/Anchorage:day7-19:night1-5,AM,2.0-20.0,234.78659131268302,1546.877406328244,209.67091154165243,1558.0640510560306,0.797498335360506,4.559594390168443,2.81241546436655,,,223.23593596182425,6.97944999017755
1019,,AM,R3130,00,EHZ,61.1981981981982,-149.90658980942584,2026-09-12T10:16:59.995000Z,2026-09-12T10:17:59.995000Z,100.0,100.0,60.0,,noise,0,Noise,timeofday:America/Anchorage:day7-19:night1-5,AM,2.0-20.0,239.6129995543848,1532.1074534337072,214.81403245956696,1484.3425067285884,0.803719570979222,3.0159909189211294,2.056272037347698,,,223.23593596182425,6.649209502642204
1020,,AM,R3130,00,EHZ,61.1981981981982,-149.90658980942584,2026-09-12T10:17:59.995000Z,2026-09-12T10:18:59.995000Z,100.0,100.0,60.0,,noise,0,Noise,timeofday:America/Anchorage:day7-19:night1-5,AM,2.0-20.0,281.89469541215004,1550.1007418996119,251.9307050133754,1304.5524060322825,0.7987086666547617,3.2676626725166766,1.5726891306116615,,,223.23593596182425,5.84382796798171
1021,,AM,R3130,00,EHZ,61.1981981981982,-149.90658980942584,2026-09-12T10:18:59.995000Z,2026-09-12T10:19:59.995000Z,100.0,100.0,60.0,,noise,0,Noise,timeofday:America/Anchorage:day7-19:night1-5,AM,2.0-20.0,343.237815097363,5017.9043996098,315.5989115290021,4441.306627410665,0.8454359980711874,6.9107703612358,23.26244409415515,,,223.23593596182425,19.89512400086954
1022,,AM,R3130,00,EHZ,61.1981981981982,-149.90658980942584,2026-09-12T10:19:59.995000Z,2026-09-12T10:20:59.995000Z,100.0,100.0,60.0,,noise,0,Noise,timeofday:America/Anchorage:day7-19:night1-5,AM,2.0-20.0,225.3649557611692,1545.9163355117512,193.9050666219724,1494.3772307232748,0.7402962437334384,3.258428877406861,1.6306399673850427,,,223.23593596182425,6.694160706181416
1023,,AM,R3130,00,EHZ,61.1981981981982,-149.90658980942584,2026-09-12T10:20:59.995000Z,2026-09-12T10:21:59.995000Z,100.0,100.0,60.0,,noise,0,Noise,timeofday:America/Anchorage:day7-19:night1-5,AM,2.0-20.0,206.80044882995523,1252.0748514925413,179.8335130355019,1232.6502097902928,0.7562028373786248,3.2163869114160333,0.957083446109769,,,223.23593596182425,5.521737369386124
1024,,AM,R3130,00,EHZ,61.1981981981982,-149.90658980942584,2026-09-12T10:21:59.995000Z,2026-09-12T10:22:59.995000Z,100.0,100.0,60.0,,noise,0,Noise,timeofday:America/Anchorage:day7-19:night1-5,AM,2.0-20.0,232.48629640920552,903.9295285763261,200.16263814009667,802.3340666854015,0.7412612789581033,2.158364752053537,0.05846721927380605,,,223.23593596182425,3.5941080150402365
1025,,AM,R3130,00,EHZ,61.1981981981982,-149.90658980942584,2026-09-12T10:22:59.995000Z,2026-09-12T10:23:59.995000Z,100.0,100.0,60.0,,noise,0,Noise,timeofday:America/Anchorage:day7-19:night1-5,AM,2.0-20.0,433.8648151562497,3666.0568454951494,410.49855946082596,3790.2816307759267,0.8951883282514763,5.1449881863331886,7.151587620932423,,,223.23593596182425,16.97881487783448
1026,,AM,R3130,00,EHZ,61.1981981981982,-149.90658980942584,2026-09-12T10:23:59.995000Z,2026-09-12T10:24:59.995000Z,100.0,100.0,60.0,,noise,0,Noise,timeofday:America/Anchorage:day7-19:night1-5,AM,2.0-20.0,308.27623562627946,2863.0552554701494,281.1605556240256,2411.186151018147,0.8318187230029965,2.1827036538907336,11.730006065325187,,,223.23593596182425,10.801066327557969
1027,,AM,R3130,00,EHZ,61.1981981981982,-149.90658980942584,2026-09-12T10:24:59.995000Z,2026-09-12T10:25:59.995000Z,100.0,100.0,60.0,,noise,0,Noise,timeofday:America/Anchorage:day7-19:night1-5,AM,2.0-20.0,251.21400997741398,1583.9551861225941,230.99497426458174,1537.7948605239972,0.8455072779846897,4.535959959826038,3.3004649863427202,,,223.23593596182425,6.888652823293543
1028,,AM,R3130,00,EHZ,61.1981981981982,-149.90658980942584,2026-09-12T10:25:59.995000Z,2026-09-12T10:26:59.995000Z,100.0,100.0,60.0,,noise,0,Noise,timeofday:America/Anchorage:day7-19:night1-5,AM,2.0-20.0,216.8338454006092,997.034053708226,191.314968870885,899.7428477795761,0.7784733672472308,2.5770948036187717,0.49212573887332844,,,223.23593596182425,4.030457031494436
1029,,AM,R3130,00,EHZ,61.1981981981982,-149.90658980942584,2026-09-12T10:26:59.995000Z,2026-09-12T10:27:59.995000Z,100.0,100.0,60.0,,noise,0,Noise,timeofday:America/Anchorage:day7-19:night1-5,AM,2.0-20.0,211.41585513706633,807.9766650317312,180.89411896889686,699.080614720157,0.7321056985709606,1.674838103124968,0.06470092379584669,,,223.23593596182425,3.1315774125170748
1030,,AM,R3130,00,EHZ,61.1981981981982,-149.90658980942584,2026-09-12T10:27:59.995000Z,2026-09-12T10:28:59.995000Z,100.0,100.0,60.0,,noise,0,Noise,timeofday:America/Anchorage:day7-19:night1-5,AM,2.0-20.0,211.01868541214807,1042.985288024453,184.25802949397067,861.3512822016753,0.7624493849512347,2.91506185009748,0.7729144487793085,,,223.23593596182425,3.858479498341054
1031,,AM,R3130,00,EHZ,61.1981981981982,-149.90658980942584,2026-09-12T10:28:59.995000Z,2026-09-12T10:29:59.995000Z,100.0,100.0,60.0,,noise,0,Noise,timeofday:America/Anchorage:day7-19:night1-5,AM,2.0-20.0,237.224862314497,1005.9873852002844,210.60770362535067,954.0561010491741,0.7881848794737545,2.201995438704922,0.38966174574495627,,,223.23593596182425,4.273756807740524
1032,,AM,R3130,00,EHZ,61.1981981981982,-149.90658980942584,2026-09-12T10:29:59.995000Z,2026-09-12T10:30:59.995000Z,100.0,100.0,60.0,,noise,0,Noise,timeofday:America/Anchorage:day7-19:night1-5,AM,2.0-20.0,204.14582932933664,889.0035897407803,177.49567596786375,783.2677026750953,0.7559525415652664,2.82020972722461,0.14328036388992205,,,223.23593596182425,3.5086989883610964
1033,,AM,R3130,00,EHZ,61.1981981981982,-149.90658980942584,2026-09-12T10:30:59.995000Z,2026-09-12T10:31:59.995000Z,100.0,100.0,60.0,,noise,0,Noise,timeofday:America/Anchorage:day7-19:night1-5,AM,2.0-20.0,204.05021299952895,803.00779837838,175.60313616122065,744.1983917298166,0.74061146497686,1.7984940978190689,0.23467501849582462,,,223.23593596182425,3.3336854504334044
1034,,AM,R3130,00,EHZ,61.1981981981982,-149.90658980942584,2026-09-12T10:31:59.995000Z,2026-09-12T10:32:59.995000Z,100.0,100.0,60.0,,noise,0,Noise,timeofday:America/Anchorage:day7-19:night1-5,AM,2.0-20.0,191.31888655107647,650.9793671341098,162.17864888079257,583.1601071628874,0.7185742769913904,1.7351144851621667,-0.09081820364292659,,,223.23593596182425,2.6123039046124457
1035,,AM,R3130,00,EHZ,61.1981981981982,-149.90658980942584,2026-09-12T10:32:59.995000Z,2026-09-12T10:33:59.995000Z,100.0,100.0,60.0,,noise,0,Noise,timeofday:America/Anchorage:day7-19:night1-5,AM,2.0-20.0,261.8177059688892,1033.974425627844,230.81531573549304,1090.935872630741,0.7771971860139651,4.206890019550792,0.5506182366005561,,,223.23593596182425,4.886918711946551
1036,,AM,R3130,00,EHZ,61.1981981981982,-149.90658980942584,2026-09-12T10:33:59.995000Z,2026-09-12T10:34:59.995000Z,100.0,100.0,60.0,,noise,0,Noise,timeofday:America/Anchorage:day7-19:night1-5,AM,2.0-20.0,214.20854758794823,1154.030097300411,187.69464347076718,917.3473920985936,0.7677682778530455,1.7776113417846173,0.5666856416440345,,,223.23593596182425,4.109317741098233
1037,,AM,R3130,00,EHZ,61.1981981981982,-149.90658980942584,2026-09-12T10:34:59.995000Z,2026-09-12T10:35:59.995000Z,100.0,100.0,60.0,,noise,0,Noise,timeofday:America/Anchorage:day7-19:night1-5,AM,2.0-20.0,232.90689713438104,1279.0446732438727,201.64284169409092,1252.0890119556345,0.7495505362114512,3.1875336271149024,0.9298727064064569,,,223.23593596182425,5.608814757180292
1038,,AM,R3130,00,EHZ,61.1981981981982,-149.90658980942584,2026-09-12T10:35:59.995000Z,2026-09-12T10:36:59.995000Z,100.0,100.0,60.0,,noise,0,Noise,timeofday:America/Anchorage:day7-19:night1-5,AM,2.0-20.0,209.6430746513017,773.9493452335095,173.91931219747923,829.3786901853873,0.6882315496042795,2.1796952493659334,0.19717921138006922,,,223.23593596182425,3.715256177783222
1039,,AM,R3130,00,EHZ,61.1981981981982,-149.90658980942584,2026-09-12T10:36:59.995000Z,2026-09-12T10:37:59.995000Z,100.0,100.0,60.0,,noise,0,Noise,timeofday:America/Anchorage:day7-19:night1-5,AM,2.0-20.0,325.3953155598231,2681.943083706488,302.8180874316193,2757.652020292993,0.866046142010506,4.868173074431433,5.828991818718727,,,223.23593596182425,12.353082886998001
1040,,AM,R3130,00,EHZ,61.1981981981982,-149.90658980942584,2026-09-12T10:37:59.995000Z,2026-09-12T10:38:59.995000Z,100.0,100.0,60.0,,noise,0,Noise,timeofday:America/Anchorage:day7-19:night1-5,AM,2.0-20.0,301.24186354563767,2606.0707422251803,265.5832828608612,2193.7829803481036,0.7772680543967697,3.502756349345489,5.799522655837171,,,223.23593596182425,9.827194581804536
1041,,AM,R3130,00,EHZ,61.1981981981982,-149.90658980942584,2026-09-12T10:38:59.995000Z,2026-09-12T10:39:59.995000Z,100.0,100.0,60.0,,noise,0,Noise,timeofday:America/Anchorage:day7-19:night1-5,AM,2.0-20.0,206.27008115012558,781.9253705708446,175.45455286850836,718.9565798875212,0.7235304371047178,1.641979752469767,0.07828816348581658,,,223.23593596182425,3.2206131006186682
1042,,AM,R3130,00,EHZ,61.1981981981982,-149.90658980942584,2026-09-12T10:39:59.995000Z,2026-09-12T10:40:59.995000Z,100.0,100.0,60.0,,noise,0,Noise,timeofday:America/Anchorage:day7-19:night1-5,AM,2.0-20.0,202.05510651488615,753.0822895495936,172.31488531913212,715.9487988134518,0.7272871746965665,1.7510734997460784,0.13599166466452894,,,223.23593596182425,3.2071395482485703
1043,,AM,R3130,00,EHZ,61.1981981981982,-149.90658980942584,2026-09-12T10:40:59.995000Z,2026-09-12T10:41:59.995000Z,100.0,100.0,60.0,,noise,0,Noise,timeofday:America/Anchorage:day7-19:night1-5,AM,2.0-20.0,214.27402589247168,832.9017844857184,174.9597489351752,785.541424333312,0.6667104077352303,2.1257885089019055,0.09399181824570446,,,223.23593596182425,3.518884273487437
1044,,AM,R3130,00,EHZ,61.1981981981982,-149.90658980942584,2026-09-12T10:41:59.995000Z,2026-09-12T10:42:59.995000Z,100.0,100.0,60.0,,noise,0,Noise,timeofday:America/Anchorage:day7-19:night1-5,AM,2.0-20.0,326.28230396937533,2293.897465846388,301.1153211042707,2462.1996371481064,0.8516843487104772,4.11599414532385,4.581253995159281,,,223.23593596182425,11.029584580724356
1045,,AM,R3130,00,EHZ,61.1981981981982,-149.90658980942584,2026-09-12T10:42:59.995000Z,2026-09-12T10:43:59.995000Z,100.0,100.0,60.0,,noise,0,Noise,timeofday:America/Anchorage:day7-19:night1-5,AM,2.0-20.0,237.3193447417475,1603.1133500379533,210.90200290229276,1531.5465635314165,0.7897599883576364,4.338298171370579,2.6934484648558623,,,223.23593596182425,6.860663167570509
1046,,AM,R3130,00,EHZ,61.1981981981982,-149.90658980942584,2026-09-12T10:43:59.995000Z,2026-09-12T10:44:59.995000Z,100.0,100.0,60.0,,noise,0,Noise,timeofday:America/Anchorage:day7-19:night1-5,AM,2.0-20.0,242.5153291934358,1390.8802098607898,217.42536525224978,1326.9595826634347,0.8037889402855166,3.385663487989969,1.6142086152343982,,,223.23593596182425,5.944202383662634
1047,,AM,R3130,00,EHZ,61.1981981981982,-149.90658980942584,2026-09-12T10:44:59.995000Z,2026-09-12T10:45:59.995000Z,100.0,100.0,60.0,,noise,0,Noise,timeofday:America/Anchorage:day7-19:night1-5,AM,2.0-20.0,215.1417263045791,1075.867565376267,187.41100312357437,851.9486235632486,0.7588236750981389,3.347312848175277,0.41562916017640683,,,223.23593596182425,3.816359672973714
1048,,AM,R3130,00,EHZ,61.1981981981982,-149.90658980942584,2026-09-12T10:45:59.995000Z,2026-09-12T10:46:59.995000Z,100.0,100.0,60.0,,noise,0,Noise,timeofday:America/Anchorage:day7-19:night1-5,AM,2.0-20.0,193.8648352278469,750.1329874895679,164.52046678375345,778.6736672410427,0.7201812086147082,1.7787305221283132,0.1568250971429852,,,223.23593596182425,3.48811970566515
1049,,AM,R3130,00,EHZ,61.1981981981982,-149.90658980942584,2026-09-12T10:46:59.995000Z,2026-09-12T10:47:59.995000Z,100.0,100.0,60.0,,noise,0,Noise,timeofday:America/Anchorage:day7-19:night1-5,AM,2.0-20.0,211.1273620164653,860.1462162689919,185.24693111448778,781.6166937269373,0.7698622086553855,2.0332371983491875,0.2803591143162105,,,223.23593596182425,3.501303185615251
1050,,AM,R3130,00,EHZ,61.1981981981982,-149.90658980942584,2026-09-12T10:47:59.995000Z,2026-09-12T10:48:59.995000Z,100.0,100.0,60.0,,noise,0,Noise,timeofday:America/Anchorage:day7-19:night1-5,AM,2.0-20.0,233.23026969928125,1359.1583007447084,208.5960857175244,1133.9504691147185,0.7999124943904299,2.72465046249868,1.3802535243124368,,,223.23593596182425,5.079605414912392
1051,,AM,R3130,00,EHZ,61.1981981981982,-149.90658980942584,2026-09-12T10:48:59.995000Z,2026-09-12T10:49:59.995000Z,100.0,100.0,60.0,,noise,0,Noise,timeofday:America/Anchorage:day7-19:night1-5,AM,2.0-20.0,249.08681160847297,1878.8411649611767,218.35468366695298,1795.9979624998105,0.7684640523690704,2.569783447183422,2.246033823110891,,,223.23593596182425,8.045290534257646
1052,,AM,R3130,00,EHZ,61.1981981981982,-149.90658980942584,2026-09-12T10:49:59.995000Z,2026-09-12T10:50:59.995000Z,100.0,100.0,60.0,,noise,0,Noise,timeofday:America/Anchorage:day7-19:night1-5,AM,2.0-20.0,224.66886835474125,1029.827587604846,197.69411095086966,931.6235422268634,0.7742864680294378,2.1754129096447548,0.3767435587983874,,,223.23593596182425,4.173268690871442
1053,,AM,R3130,00,EHZ,61.1981981981982,-149.90658980942584,2026-09-12T10:50:59.995000Z,2026-09-12T10:51:59.995000Z,100.0,100.0,60.0,,noise,0,Noise,timeofday:America/Anchorage:day7-19:night1-5,AM,2.0-20.0,203.902764965706,729.818367459878,177.73570660711948,762.4404366406784,0.7598067375954464,1.8225006785290463,0.07573288192620264,,,223.23593596182425,3.4154018857029538
1054,,AM,R3130,00,EHZ,61.1981981981982,-149.90658980942584,2026-09-12T10:51:59.995000Z,2026-09-12T10:52:59.995000Z,100.0,100.0,60.0,,noise,0,Noise,timeofday:America/Anchorage:day7-19:night1-5,AM,2.0-20.0,205.37389614367618,882.8101516164164,177.29732119604805,769.4571790176319,0.7452703840447418,2.318862448747282,0.15479974201378832,,,223.23593596182425,3.446833842868459
1055,,AM,R3130,00,EHZ,61.1981981981982,-149.90658980942584,2026-09-12T10:52:59.995000Z,2026-09-12T10:53:59.995000Z,100.0,100.0,60.0,,noise,0,Noise,timeofday:America/Anchorage:day7-19:night1-5,AM,2.0-20.0,235.84200220665235,1348.7989814407897,210.98126379973672,1277.9066138269418,0.8002864662941837,2.9042786484093663,1.4604073072444432,,,223.23593596182425,5.724466396151727
1056,,AM,R3130,00,EHZ,61.1981981981982,-149.90658980942584,2026-09-12T10:53:59.995000Z,2026-09-12T10:54:59.995000Z,100.0,100.0,60.0,,noise,0,Noise,timeofday:America/Anchorage:day7-19:night1-5,AM,2.0-20.0,338.3594338670998,2859.2073558017078,317.1687817944075,2598.1527815524505,0.8786669454039385,6.008466605151053,8.915357238538023,,,223.23593596182425,11.638595597783874
1057,,AM,R3130,00,EHZ,61.1981981981982,-149.90658980942584,2026-09-12T10:54:59.995000Z,2026-09-12T10:55:59.995000Z,100.0,100.0,60.0,,traffic,1,Traffic,timeofday:America/Anchorage:day7-19:night1-5+burst>=20x,AM,2.0-20.0,599.1055187402432,5140.783265479403,578.86700179616,5152.1048711861295,0.9335787256241381,6.144421503234097,9.765413898931058,,,223.23593596182425,23.07919130039706
1058,,AM,R3130,00,EHZ,61.1981981981982,-149.90658980942584,2026-09-12T10:55:59.995000Z,2026-09-12T10:56:59.995000Z,100.0,100.0,60.0,,noise,0,Noise,timeofday:America/Anchorage:day7-19:night1-5,AM,2.0-20.0,298.6676555952228,2474.780942585737,275.721650829396,1979.0702703668649,0.8522467510171052,2.013911813602012,6.640616741642223,,,223.23593596182425,8.865374930966793
1059,,AM,R3130,00,EHZ,61.1981981981982,-149.90658980942584,2026-09-12T10:56:59.995000Z,2026-09-12T10:57:59.995000Z,100.0,100.0,60.0,,noise,0,Noise,timeofday:America/Anchorage:day7-19:night1-5,AM,2.0-20.0,213.85629853524807,848.7716681542037,183.9091744045435,678.5634694639524,0.7395417526051623,2.1416254910462613,0.14922199838900374,,,223.23593596182425,3.0396695162018808
1060,,AM,R3130,00,EHZ,61.1981981981982,-149.90658980942584,2026-09-12T10:57:59.995000Z,2026-09-12T10:58:59.995000Z,100.0,100.0,60.0,,noise,0,Noise,timeofday:America/Anchorage:day7-19:night1-5,AM,2.0-20.0,217.98644013547934,1141.23774485094,187.47206912807485,1115.7044779296768,0.7396294363068144,2.4004098642593887,0.6094196156624347,,,223.23593596182425,4.997871302049122
1061,,AM,R3130,00,EHZ,61.1981981981982,-149.90658980942584,2026-09-12T10:58:59.995000Z,2026-09-12T10:59:59.995000Z,100.0,100.0,60.0,,noise,0,Noise,timeofday:America/Anchorage:day7-19:night1-5,AM,2.0-20.0,420.36535402158546,2804.2494093200517,400.42758401537117,2729.36071238851,0.9073903243039926,5.696291793213368,5.362519387091368,,,223.23593596182425,12.226350119791018
1062,,AM,R3130,00,EHZ,61.1981981981982,-149.90658980942584,2026-09-12T10:59:59.995000Z,2026-09-12T11:00:59.995000Z,100.0,100.0,60.0,,noise,0,Noise,timeofday:America/Anchorage:day7-19:night1-5,AM,2.0-20.0,240.4157490828103,1538.2590994724092,219.71921013920888,1531.3439594433328,0.8352379724566062,5.071293690489624,2.868309635283718,,,223.23593596182425,6.859755589284734
1063,,AM,R3130,00,EHZ,61.1981981981982,-149.90658980942584,2026-09-12T11:00:59.995000Z,2026-09-12T11:01:59.995000Z,100.0,100.0,60.0,,noise,0,Noise,timeofday:America/Anchorage:day7-19:night1-5,AM,2.0-20.0,221.1171361701912,1166.2638038320897,197.7741265895212,1142.8199524778051,0.8000076661973776,2.7451776188175563,1.2918097453119533,,,223.23593596182425,5.119336846703927
1064,,AM,R3130,00,EHZ,61.1981981981982,-149.90658980942584,2026-09-12T11:01:59.995000Z,2026-09-12T11:02:59.995000Z,100.0,100.0,60.0,,noise,0,Noise,timeofday:America/Anchorage:day7-19:night1-5,AM,2.0-20.0,225.29354402123622,1278.7241259781326,200.01546424796192,1071.0178657526799,0.7881877040402372,2.473801980438782,0.7276914558184613,,,223.23593596182425,4.797694695247612
1065,,AM,R3130,00,EHZ,61.1981981981982,-149.90658980942584,2026-09-12T11:02:59.995000Z,2026-09-12T11:03:59.995000Z,100.0,100.0,60.0,,noise,0,Noise,timeofday:America/Anchorage:day7-19:night1-5,AM,2.0-20.0,334.70358511141,2328.7190473268524,306.9315155435524,2130.4556319203284,0.8409346336689307,4.207098200635668,3.885699510827629,,,223.23593596182425,9.54351557575685
1066,,AM,R3130,00,EHZ,61.1981981981982,-149.90658980942584,2026-09-12T11:03:59.995000Z,2026-09-12T11:04:59.995000Z,100.0,100.0,60.0,,noise,0,Noise,timeofday:America/Anchorage:day7-19:night1-5,AM,2.0-20.0,252.7942793892077,2157.294075736622,225.3369118727007,1683.4103427404145,0.7945663940939941,3.5217884668803077,1.8942976048464937,,,223.23593596182425,7.540946915591116
1067,,AM,R3130,00,EHZ,61.1981981981982,-149.90658980942584,2026-09-12T11:04:59.995000Z,2026-09-12T11:05:59.995000Z,100.0,100.0,60.0,,noise,0,Noise,timeofday:America/Anchorage:day7-19:night1-5,AM,2.0-20.0,191.61439822448338,924.2990201000763,165.73839501559397,1041.814939719689,0.7481522366419583,3.63316779332815,0.7776385764592404,,,223.23593596182425,4.6668782749111255
1068,,AM,R3130,00,EHZ,61.1981981981982,-149.90658980942584,2026-09-12T11:05:59.995000Z,2026-09-12T11:06:59.995000Z,100.0,100.0,60.0,,noise,0,Noise,timeofday:America/Anchorage:day7-19:night1-5,AM,2.0-20.0,186.4718624875004,747.3063073575091,159.90249609618706,614.8243875199776,0.7353326828182914,1.791064077288814,-0.08158290973705062,,,223.23593596182425,2.754146122894475
1069,,AM,R3130,00,EHZ,61.1981981981982,-149.90658980942584,2026-09-12T11:06:59.995000Z,2026-09-12T11:07:59.995000Z,100.0,100.0,60.0,,noise,0,Noise,timeofday:America/Anchorage:day7-19:night1-5,AM,2.0-20.0,207.90976213567905,761.6817010253757,178.41539495431098,804.218136564991,0.7364018795016155,1.840267481494633,0.08006438548005379,,,223.23593596182425,3.602547829496954
1070,,AM,R3130,00,EHZ,61.1981981981982,-149.90658980942584,2026-09-12T11:07:59.995000Z,2026-09-12T11:08:59.995000Z,100.0,100.0,60.0,,noise,0,Noise,timeofday:America/Anchorage:day7-19:night1-5,AM,2.0-20.0,429.8575080342978,4235.67253230979,407.786804724705,3523.072902515088,0.8999477675273435,3.964654263543856,9.272908727740925,,,223.23593596182425,15.781835873940885
1071,,AM,R3130,00,EHZ,61.1981981981982,-149.90658980942584,2026-09-12T11:08:59.995000Z,2026-09-12T11:09:59.995000Z,100.0,100.0,60.0,,noise,0,Noise,timeofday:America/Anchorage:day7-19:night1-5,AM,2.0-20.0,279.7661126632824,1396.6689422533432,253.5980584377344,1288.7369081681281,0.8216779481171221,2.1372671659042473,1.6419134665633397,,,223.23593596182425,5.772981409178296
1072,,AM,R3130,00,EHZ,61.1981981981982,-149.90658980942584,2026-09-12T11:09:59.995000Z,2026-09-12T11:10:59.995000Z,100.0,100.0,60.0,,noise,0,Noise,timeofday:America/Anchorage:day7-19:night1-5,AM,2.0-20.0,252.2457575153589,1086.6580235102406,221.07541628581242,934.3691801510013,0.7681272310641846,3.037177631133663,0.472990006873959,,,223.23593596182425,4.185567955827634
1073,,AM,R3130,00,EHZ,61.1981981981982,-149.90658980942584,2026-09-12T11:10:59.995000Z,2026-09-12T11:11:59.995000Z,100.0,100.0,60.0,,noise,0,Noise,timeofday:America/Anchorage:day7-19:night1-5,AM,2.0-20.0,280.2602703601856,1183.644411867655,214.24234679773048,841.0658710662972,0.584369526762534,2.0747124102565944,0.2716193576511765,,,223.23593596182425,3.7676096702017032
1074,,AM,R3130,00,EHZ,61.1981981981982,-149.90658980942584,2026-09-12T11:11:59.995000Z,2026-09-12T11:12:59.995000Z,100.0,100.0,60.0,,traffic,1,Traffic,timeofday:America/Anchorage:day7-19:night1-5+burst>=20x,AM,2.0-20.0,426.2947768271299,5984.362621100066,363.89363799172787,5229.023781663852,0.7286666662573756,7.670865873041519,32.80781638952327,,,223.23593596182425,23.42375459907168
1075,,AM,R3130,00,EHZ,61.1981981981982,-149.90658980942584,2026-09-12T11:12:59.995000Z,2026-09-12T11:13:59.995000Z,100.0,100.0,60.0,,noise,0,Noise,timeofday:America/Anchorage:day7-19:night1-5,AM,2.0-20.0,293.4733109470839,1954.3728884043544,272.37129403465985,2008.817191258362,0.8613614770661415,3.230036519764667,2.5454104488189655,,,223.23593596182425,8.9986282119107
1076,,AM,R3130,00,EHZ,61.1981981981982,-149.90658980942584,2026-09-12T11:13:59.995000Z,2026-09-12T11:14:59.995000Z,100.0,100.0,60.0,,noise,0,Noise,timeofday:America/Anchorage:day7-19:night1-5,AM,2.0-20.0,303.532301916934,1742.3729255477942,283.49062859980927,1875.7198469898126,0.8723034353233619,4.032911185818351,3.8107069539939378,,,223.23593596182425,8.402409938651548
1077,,AM,R3130,00,EHZ,61.1981981981982,-149.90658980942584,2026-09-12T11:14:59.995000Z,2026-09-12T11:15:59.995000Z,100.0,100.0,60.0,,noise,0,Noise,timeofday:America/Anchorage:day7-19:night1-5,AM,2.0-20.0,232.639742811142,1147.6161599948841,209.53588917077874,1172.901260910211,0.8112393727626277,3.183545991375471,0.8192067073729379,,,223.23593596182425,5.254088038544071
1078,,AM,R3130,00,EHZ,61.1981981981982,-149.90658980942584,2026-09-12T11:15:59.995000Z,2026-09-12T11:16:59.995000Z,100.0,100.0,60.0,,noise,0,Noise,timeofday:America/Anchorage:day7-19:night1-5,AM,2.0-20.0,362.5534895908174,2282.3979516555632,341.52568158226035,2010.778056973992,0.887365529778919,4.939163892755304,4.280792477397718,,,223.23593596182425,9.007412038346088
1079,,AM,R3130,00,EHZ,61.1981981981982,-149.90658980942584,2026-09-12T11:16:59.995000Z,2026-09-12T11:17:59.995000Z,100.0,100.0,60.0,,noise,0,Noise,timeofday:America/Anchorage:day7-19:night1-5,AM,2.0-20.0,319.7229051510999,2434.400157404529,298.0857570745775,2420.6176127621275,0.8692304860896968,3.5558961604523844,5.395285602603472,,,223.23593596182425,10.843315178323616
1080,,AM,R3130,00,EHZ,61.1981981981982,-149.90658980942584,2026-09-12T11:17:59.995000Z,2026-09-12T11:18:59.995000Z,100.0,100.0,60.0,,noise,0,Noise,timeofday:America/Anchorage:day7-19:night1-5,AM,2.0-20.0,431.04500914485163,2747.5917567540523,411.57981445938697,2536.4622123079075,0.9117229607011265,4.678818776894634,4.198929449294345,,,223.23593596182425,11.362248651317813
1081,,AM,R3130,00,EHZ,61.1981981981982,-149.90658980942584,2026-09-12T11:18:59.995000Z,2026-09-12T11:19:59.995000Z,100.0,100.0,60.0,,noise,0,Noise,timeofday:America/Anchorage:day7-19:night1-5,AM,2.0-20.0,302.83821196010143,2166.4205005815243,281.7399543808501,1993.9462441804417,0.8655168620388438,4.659509053335478,4.207547820095446,,,223.23593596182425,8.93201283023459
1082,,AM,R3130,00,EHZ,61.1981981981982,-149.90658980942584,2026-09-12T11:19:59.995000Z,2026-09-12T11:20:59.995000Z,100.0,100.0,60.0,,noise,0,Noise,timeofday:America/Anchorage:day7-19:night1-5,AM,2.0-20.0,229.17070300544358,1739.5756407863769,206.45279332407694,1658.5182041806343,0.811565043830628,2.787923605148594,1.678953646410152,,,223.23593596182425,7.429440950153557
1083,,AM,R3130,00,EHZ,61.1981981981982,-149.90658980942584,2026-09-12T11:20:59.995000Z,2026-09-12T11:21:59.995000Z,100.0,100.0,60.0,,noise,0,Noise,timeofday:America/Anchorage:day7-19:night1-5,AM,2.0-20.0,225.23865579939257,990.4364336891819,201.02607516610163,984.324610160026,0.796560805771056,2.982083333300867,0.4579621406877159,,,223.23593596182425,4.409346577283848
1084,,AM,R3130,00,EHZ,61.1981981981982,-149.90658980942584,2026-09-12T11:21:59.995000Z,2026-09-12T11:22:59.995000Z,100.0,100.0,60.0,,noise,0,Noise,timeofday:America/Anchorage:day7-19:night1-5,AM,2.0-20.0,336.9637966619637,3968.5565976298217,316.57299387760673,3746.076325962701,0.8826351955302151,5.887684000453991,24.139316264395877,,,223.23593596182425,16.78079431890088
1085,,AM,R3130,00,EHZ,61.1981981981982,-149.90658980942584,2026-09-12T11:22:59.995000Z,2026-09-12T11:23:59.995000Z,100.0,100.0,60.0,,noise,0,Noise,timeofday:America/Anchorage:day7-19:night1-5,AM,2.0-20.0,317.44258128956096,4152.549208942221,285.032768720844,3214.5392182551095,0.8062304912711938,6.314982601227427,14.03450349737264,,,223.23593596182425,14.39973902232672
1086,,AM,R3130,00,EHZ,61.1981981981982,-149.90658980942584,2026-09-12T11:23:59.995000Z,2026-09-12T11:24:59.995000Z,100.0,100.0,60.0,,noise,0,Noise,timeofday:America/Anchorage:day7-19:night1-5,AM,2.0-20.0,281.8849665189727,1708.5374587574747,261.50983572001553,1804.7497486660995,0.8606612032493638,3.8866884647477313,3.590114800399525,,,223.23593596182425,8.084494733745426
1087,,AM,R3130,00,EHZ,61.1981981981982,-149.90658980942584,2026-09-12T11:24:59.995000Z,2026-09-12T11:25:59.995000Z,100.0,100.0,60.0,,noise,0,Noise,timeofday:America/Anchorage:day7-19:night1-5,AM,2.0-20.0,333.07367320711506,3005.4695756388396,313.46444890919247,3156.321827639312,0.885719024588262,4.039618477696049,10.840327382722897,,,223.23593596182425,14.138950407066526
1088,,AM,R3130,00,EHZ,61.1981981981982,-149.90658980942584,2026-09-12T11:25:59.995000Z,2026-09-12T11:26:59.995000Z,100.0,100.0,60.0,,noise,0,Noise,timeofday:America/Anchorage:day7-19:night1-5,AM,2.0-20.0,220.35556125163342,970.4791843613444,199.3035327612036,906.6748488464475,0.8180539813779001,3.0393778890898333,0.47553966380529156,,,223.23593596182425,4.061509384409769
1089,,AM,R3130,00,EHZ,61.1981981981982,-149.90658980942584,2026-09-12T11:26:59.995000Z,2026-09-12T11:27:59.995000Z,100.0,100.0,60.0,,noise,0,Noise,timeofday:America/Anchorage:day7-19:night1-5,AM,2.0-20.0,198.57215177306333,857.4849244515959,172.2208580934764,760.092125135385,0.752202571303339,2.0398481861917745,0.18326011672779474,,,223.23593596182425,3.4048824704700276
1090,,AM,R3130,00,EHZ,61.1981981981982,-149.90658980942584,2026-09-12T11:27:59.995000Z,2026-09-12T11:28:59.995000Z,100.0,100.0,60.0,,traffic,1,Traffic,timeofday:America/Anchorage:day7-19:night1-5+burst>=20x,AM,2.0-20.0,499.2200323799322,4773.500725322777,481.215725562862,4672.888247112655,0.9291709300290513,8.637074002838094,18.372863115261506,,,223.23593596182425,20.93250903793451
1091,,AM,R3130,00,EHZ,61.1981981981982,-149.90658980942584,2026-09-12T11:28:59.995000Z,2026-09-12T11:29:59.995000Z,100.0,100.0,60.0,,noise,0,Noise,timeofday:America/Anchorage:day7-19:night1-5,AM,2.0-20.0,202.80423581961438,965.5056376344079,178.44157013951815,763.0011429146634,0.774173014513521,2.651914988511183,0.2553568080980648,,,223.23593596182425,3.4179136061908277
1092,,AM,R3130,00,EHZ,61.1981981981982,-149.90658980942584,2026-09-12T11:29:59.995000Z,2026-09-12T11:30:59.995000Z,100.0,100.0,60.0,,noise,0,Noise,timeofday:America/Anchorage:day7-19:night1-5,AM,2.0-20.0,194.16581558136008,755.4830050441645,167.35989091432515,703.6291981185964,0.7429459601809991,1.969538944009018,0.15134433903953104,,,223.23593596182425,3.151953089841792
1093,,AM,R3130,00,EHZ,61.1981981981982,-149.90658980942584,2026-09-12T11:30:59.995000Z,2026-09-12T11:31:59.995000Z,100.0,100.0,60.0,,noise,0,Noise,timeofday:America/Anchorage:day7-19:night1-5,AM,2.0-20.0,254.23933794201133,1402.524585075173,228.7756597582959,1475.4429201179476,0.809718636428978,3.3888676371739734,1.3481384010498143,,,223.23593596182425,6.609343221381096
1094,,AM,R3130,00,EHZ,61.1981981981982,-149.90658980942584,2026-09-12T11:31:59.995000Z,2026-09-12T11:32:59.995000Z,100.0,100.0,60.0,,noise,0,Noise,timeofday:America/Anchorage:day7-19:night1-5,AM,2.0-20.0,439.93046259660656,2874.4673433693474,415.2381545651213,2967.6240846324213,0.8908948199883835,7.595318999584519,5.5522231271678475,,,223.23593596182425,13.293666505109272
1095,,AM,R3130,00,EHZ,61.1981981981982,-149.90658980942584,2026-09-12T11:32:59.995000Z,2026-09-12T11:33:59.995000Z,100.0,100.0,60.0,,noise,0,Noise,timeofday:America/Anchorage:day7-19:night1-5,AM,2.0-20.0,267.99378636351605,1662.5381010019687,235.35505663750456,1852.1140478191032,0.7712543345495623,3.684798914288212,3.1140302618527116,,,223.23593596182425,8.296666214779302
1096,,AM,R3130,00,EHZ,61.1981981981982,-149.90658980942584,2026-09-12T11:33:59.995000Z,2026-09-12T11:34:59.995000Z,100.0,100.0,60.0,,noise,0,Noise,timeofday:America/Anchorage:day7-19:night1-5,AM,2.0-20.0,211.42194495881864,964.5481540171737,174.66569954397394,688.8962525134831,0.6825196000931616,1.9621340540367138,0.14346491776902903,,,223.23593596182425,3.0859558948040147
1097,,AM,R3130,00,EHZ,61.1981981981982,-149.90658980942584,2026-09-12T11:34:59.995000Z,2026-09-12T11:35:59.995000Z,100.0,100.0,60.0,,traffic,1,Traffic,timeofday:America/Anchorage:day7-19:night1-5+burst>=20x,AM,2.0-20.0,327.54035376261703,5985.43951578896,302.85034263792227,5340.685933093698,0.8549220356720542,6.554798804610089,54.50173291306317,,,223.23593596182425,23.92395252172577
1098,,AM,R3130,00,EHZ,61.1981981981982,-149.90658980942584,2026-09-12T11:35:59.995000Z,2026-09-12T11:36:59.995000Z,100.0,100.0,60.0,,noise,0,Noise,timeofday:America/Anchorage:day7-19:night1-5,AM,2.0-20.0,250.82270562336248,1392.5628642484612,222.61835227854053,1189.5494519864653,0.7877496727100022,2.5617839479819655,0.8821710854015552,,,223.23593596182425,5.328664701143328
1099,,AM,R3130,00,EHZ,61.1981981981982,-149.90658980942584,2026-09-12T11:36:59.995000Z,2026-09-12T11:37:59.995000Z,100.0,100.0,60.0,,noise,0,Noise,timeofday:America/Anchorage:day7-19:night1-5,AM,2.0-20.0,203.19028551563,919.4221326585042,176.62369333678836,812.4082289223901,0.7556001626706763,2.33180645016559,0.38802106773126654,,,223.23593596182425,3.639235884769559
1100,,AM,R3130,00,EHZ,61.1981981981982,-149.90658980942584,2026-09-12T11:37:59.995000Z,2026-09-12T11:38:59.995000Z,100.0,100.0,60.0,,noise,0,Noise,timeofday:America/Anchorage:day7-19:night1-5,AM,2.0-20.0,239.7096336901457,1189.417935449655,217.41555887907415,1366.394696332538,0.8226408356237799,2.5661346758618158,1.579915073369194,,,223.23593596182425,6.120854558856537
1101,,AM,R3130,00,EHZ,61.1981981981982,-149.90658980942584,2026-09-12T11:38:59.995000Z,2026-09-12T11:39:59.995000Z,100.0,100.0,60.0,,noise,0,Noise,timeofday:America/Anchorage:day7-19:night1-5,AM,2.0-20.0,193.39736092400716,755.5912175513992,168.58123800225076,617.9762019994498,0.7598316693154318,1.7414947296952412,0.04955440638233766,,,223.23593596182425,2.7682648823401372
1102,,AM,R3130,00,EHZ,61.1981981981982,-149.90658980942584,2026-09-12T11:42:59.995000Z,2026-09-12T11:43:59.995000Z,100.0,100.0,60.0,,noise,0,Noise,timeofday:America/Anchorage:day7-19:night1-5,AM,2.0-20.0,265.76003468181807,2149.629982446608,245.63457628430737,2184.0978647240313,0.854278851770277,5.923546266188334,10.861413274420897,,,223.23593596182425,9.783809471865387
1103,,AM,R3130,00,EHZ,61.1981981981982,-149.90658980942584,2026-09-12T11:43:59.995000Z,2026-09-12T11:44:59.995000Z,100.0,100.0,60.0,,noise,0,Noise,timeofday:America/Anchorage:day7-19:night1-5,AM,2.0-20.0,409.29411528741775,3239.6309281757626,390.1212248845593,3266.0784544839826,0.9085067475360961,4.518968901028513,8.80158081846406,,,223.23593596182425,14.630612407504664
1104,,AM,R3130,00,EHZ,61.1981981981982,-149.90658980942584,2026-09-12T11:44:59.995000Z,2026-09-12T11:45:59.995000Z,100.0,100.0,60.0,,noise,0,Noise,timeofday:America/Anchorage:day7-19:night1-5,AM,2.0-20.0,295.95687626132764,3397.3585130867955,271.4704831926758,2485.6523105652977,0.8413725951229926,3.4208399087933437,4.438744235387638,,,223.23593596182425,11.134642367751987
1105,,AM,R3130,00,EHZ,61.1981981981982,-149.90658980942584,2026-09-12T11:45:59.995000Z,2026-09-12T11:46:59.995000Z,100.0,100.0,60.0,,noise,0,Noise,timeofday:America/Anchorage:day7-19:night1-5,AM,2.0-20.0,237.30274932166836,1316.3527358531023,205.83265625214938,1185.801974751907,0.7523553567987006,2.7842886806853158,1.673330600213668,,,223.23593596182425,5.311877631362595
1106,,AM,R3130,00,EHZ,61.1981981981982,-149.90658980942584,2026-09-12T11:46:59.995000Z,2026-09-12T11:47:59.995000Z,100.0,100.0,60.0,,noise,0,Noise,timeofday:America/Anchorage:day7-19:night1-5,AM,2.0-20.0,210.49824067210892,873.6581786042176,187.29670331121957,808.648639951619,0.791704886937772,2.33425935316598,0.2732177629087329,,,223.23593596182425,3.6223945596729847
1107,,AM,R3130,00,EHZ,61.1981981981982,-149.90658980942584,2026-09-12T11:47:59.995000Z,2026-09-12T11:48:59.995000Z,100.0,100.0,60.0,,noise,0,Noise,timeofday:America/Anchorage:day7-19:night1-5,AM,2.0-20.0,204.97563065160625,977.3296712047462,180.54859749000818,986.7226521823379,0.7758607389725187,2.251324809549415,0.4906387204028637,,,223.23593596182425,4.420088763625754
1108,,AM,R3130,00,EHZ,61.1981981981982,-149.90658980942584,2026-09-12T11:48:59.995000Z,2026-09-12T11:49:59.995000Z,100.0,100.0,60.0,,noise,0,Noise,timeofday:America/Anchorage:day7-19:night1-5,AM,2.0-20.0,204.83285760425883,853.6794846534964,174.8258228648615,663.57708340763,0.728470407804174,2.1841081812862537,0.05947262468489711,,,223.23593596182425,2.9725370180592643
1109,,AM,R3130,00,EHZ,61.1981981981982,-149.90658980942584,2026-09-12T11:49:59.995000Z,2026-09-12T11:50:59.995000Z,100.0,100.0,60.0,,noise,0,Noise,timeofday:America/Anchorage:day7-19:night1-5,AM,2.0-20.0,226.28570453708966,1356.3154952675754,197.04856128653884,1125.7536223225118,0.7582847109350305,2.5376447444577654,0.4414186498249393,,,223.23593596182425,5.042887102706563
1110,,AM,R3130,00,EHZ,61.1981981981982,-149.90658980942584,2026-09-12T11:50:59.995000Z,2026-09-12T11:51:59.995000Z,100.0,100.0,60.0,,noise,0,Noise,timeofday:America/Anchorage:day7-19:night1-5,AM,2.0-20.0,235.27657239054832,1008.6949134675093,205.03192178462555,1007.1368829340689,0.7594262342380167,2.2503924317685255,0.3420276035513665,,,223.23593596182425,4.511535647675919
1111,,AM,R3130,00,EHZ,61.1981981981982,-149.90658980942584,2026-09-12T11:51:59.995000Z,2026-09-12T11:52:59.995000Z,100.0,100.0,60.0,,noise,0,Noise,timeofday:America/Anchorage:day7-19:night1-5,AM,2.0-20.0,232.50537499828454,899.296050676135,201.56566232003559,838.4774446005115,0.7515659661965854,1.9819049554189674,0.2183911444783746,,,223.23593596182425,3.7560146442725966
1112,,AM,R3130,00,EHZ,61.1981981981982,-149.90658980942584,2026-09-12T11:52:59.995000Z,2026-09-12T11:53:59.995000Z,100.0,100.0,60.0,,noise,0,Noise,timeofday:America/Anchorage:day7-19:night1-5,AM,2.0-20.0,296.99338404546404,1917.713155182892,262.92701489728734,1435.6304346310685,0.783748769000325,4.144663755070644,1.4806296685799243,,,223.23593596182425,6.4310005844067
1113,,AM,R3130,00,EHZ,61.1981981981982,-149.90658980942584,2026-09-12T11:53:59.995000Z,2026-09-12T11:54:59.995000Z,100.0,100.0,60.0,,noise,0,Noise,timeofday:America/Anchorage:day7-19:night1-5,AM,2.0-20.0,271.21246404640743,1402.7206181573752,244.9605721012979,1232.9446287519818,0.8157800613758457,2.381738929362323,1.3583486546375108,,,223.23593596182425,5.523056238413284
1114,,AM,R3130,00,EHZ,61.1981981981982,-149.90658980942584,2026-09-12T11:54:59.995000Z,2026-09-12T11:55:59.995000Z,100.0,100.0,60.0,,noise,0,Noise,timeofday:America/Anchorage:day7-19:night1-5,AM,2.0-20.0,219.25773736079637,1084.27266316556,187.75323198864797,974.3165134990829,0.7332718066220718,2.4582283999294456,0.3563983568936506,,,223.23593596182425,4.364514652630576
1115,,AM,R3130,00,EHZ,61.1981981981982,-149.90658980942584,2026-09-12T11:55:59.995000Z,2026-09-12T11:56:59.995000Z,100.0,100.0,60.0,,noise,0,Noise,timeofday:America/Anchorage:day7-19:night1-5,AM,2.0-20.0,426.0968623356937,4089.7408384752966,397.79626179741626,4209.315210958419,0.8715749163098121,6.2802673952501245,12.383209219001827,,,223.23593596182425,18.855903252414777
1116,,AM,R3130,00,EHZ,61.1981981981982,-149.90658980942584,2026-09-12T11:56:59.995000Z,2026-09-12T11:57:59.995000Z,100.0,100.0,60.0,,traffic,1,Traffic,timeofday:America/Anchorage:day7-19:night1-5+burst>=20x,AM,2.0-20.0,557.7415951305336,4776.741645630845,534.0593847961516,5026.623909014367,0.9168811272126226,3.376753861956267,10.91937128411476,,,223.23593596182425,22.517091109712613
1117,,AM,R3130,00,EHZ,61.1981981981982,-149.90658980942584,2026-09-12T11:57:59.995000Z,2026-09-12T11:58:59.995000Z,100.0,100.0,60.0,,noise,0,Noise,timeofday:America/Anchorage:day7-19:night1-5,AM,2.0-20.0,287.1161770177858,2253.751311497105,251.48857706866636,2519.440321637266,0.7672222724189858,5.748363294205112,8.153073803352417,,,223.23593596182425,11.285997976903314
1118,,AM,R3130,00,EHZ,61.1981981981982,-149.90658980942584,2026-09-12T11:58:59.995000Z,2026-09-12T11:59:59.995000Z,100.0,100.0,60.0,,noise,0,Noise,timeofday:America/Anchorage:day7-19:night1-5,AM,2.0-20.0,247.6512309581878,1300.2336254089182,220.3586357136282,1021.8572792915842,0.7917337671037891,3.957942044876907,1.7291065439538755,,,223.23593596182425,4.577476627536942
1119,,AM,R3130,00,EHZ,61.1981981981982,-149.90658980942584,2026-09-12T11:59:59.995000Z,2026-09-12T12:00:59.995000Z,100.0,100.0,60.0,,noise,0,Noise,timeofday:America/Anchorage:day7-19:night1-5,AM,2.0-20.0,234.99845267231527,1112.2323311028535,204.27378446619406,1052.528995179309,0.7556057678243905,1.6523504485850549,0.5757795041114879,,,223.23593596182425,4.71487258825256
1120,,AM,R3130,00,EHZ,61.1981981981982,-149.90658980942584,2026-09-12T12:00:59.995000Z,2026-09-12T12:01:59.995000Z,100.0,100.0,60.0,,noise,0,Noise,timeofday:America/Anchorage:day7-19:night1-5,AM,2.0-20.0,270.50820421335845,1716.2209723528317,240.67384756048287,1755.5108396393052,0.7915838393021795,3.9484744574343544,2.48128920089745,,,223.23593596182425,7.863925814970563
1121,,AM,R3130,00,EHZ,61.1981981981982,-149.90658980942584,2026-09-12T12:01:59.995000Z,2026-09-12T12:02:59.995000Z,100.0,100.0,60.0,,noise,0,Noise,timeofday:America/Anchorage:day7-19:night1-5,AM,2.0-20.0,332.1593165375496,2043.2083892978476,278.694054232695,1374.1628910179493,0.7039835812691673,2.986848641546053,1.2281954649321367,,,223.23593596182425,6.155652695867684
1122,,AM,R3130,00,EHZ,61.1981981981982,-149.90658980942584,2026-09-12T12:02:59.995000Z,2026-09-12T12:03:59.995000Z,100.0,100.0,60.0,,noise,0,Noise,timeofday:America/Anchorage:day7-19:night1-5,AM,2.0-20.0,308.59531677644884,2253.796686496244,259.9509968730236,2425.27143125806,0.709584814118679,4.484123093344464,2.779136201956663,,,223.23593596182425,10.864162263161822
1123,,AM,R3130,00,EHZ,61.1981981981982,-149.90658980942584,2026-09-12T12:03:59.995000Z,2026-09-12T12:04:59.995000Z,100.0,100.0,60.0,,noise,0,Noise,timeofday:America/Anchorage:day7-19:night1-5,AM,2.0-20.0,408.7658555854336,1674.8084695386501,345.0065567037884,1459.0224649915992,0.7123697573960072,2.482885419319893,0.35087910346173645,,,223.23593596182425,6.5357867168891115
1124,,AM,R3130,00,EHZ,61.1981981981982,-149.90658980942584,2026-09-12T12:04:59.995000Z,2026-09-12T12:05:59.995000Z,100.0,100.0,60.0,,noise,0,Noise,timeofday:America/Anchorage:day7-19:night1-5,AM,2.0-20.0,330.34733925442896,1528.8107367171528,270.76126551186616,1274.5728772804355,0.6717867661213348,1.6358648138893839,0.704731179913753,,,223.23593596182425,5.709532704888523
1125,,AM,R3130,00,EHZ,61.1981981981982,-149.90658980942584,2026-09-12T12:05:59.995000Z,2026-09-12T12:06:59.995000Z,100.0,100.0,60.0,,noise,0,Noise,timeofday:America/Anchorage:day7-19:night1-5,AM,2.0-20.0,231.80037956331674,989.1790374077804,192.78915313196057,805.41419489483,0.691730468987947,2.216060273019581,0.2192326537579241,,,223.23593596182425,3.607905651142854
1126,,AM,R3130,00,EHZ,61.1981981981982,-149.90658980942584,2026-09-12T12:06:59.995000Z,2026-09-12T12:07:59.995000Z,100.0,100.0,60.0,,noise,0,Noise,timeofday:America/Anchorage:day7-19:night1-5,AM,2.0-20.0,222.14932637377308,892.1686458158232,175.5483119247823,809.8466485921427,0.6244581152904072,1.915179809420433,0.21411327976704841,,,223.23593596182425,3.627761117863368
1127,,AM,R3130,00,EHZ,61.1981981981982,-149.90658980942584,2026-09-12T12:07:59.995000Z,2026-09-12T12:08:59.995000Z,100.0,100.0,60.0,,noise,0,Noise,timeofday:America/Anchorage:day7-19:night1-5,AM,2.0-20.0,270.41485122426315,1990.8436958067928,237.33011642535965,1613.4290425900144,0.770272912489843,3.38808715547736,2.4478027126359843,,,223.23593596182425,7.227461096881499
1128,,AM,R3130,00,EHZ,61.1981981981982,-149.90658980942584,2026-09-12T12:08:59.995000Z,2026-09-12T12:09:59.995000Z,100.0,100.0,60.0,,noise,0,Noise,timeofday:America/Anchorage:day7-19:night1-5,AM,2.0-20.0,404.19334638635524,2305.847371578872,349.9212513334647,2073.0675506867,0.7494839159853663,2.6135702057673615,2.0867698525939486,,,223.23593596182425,9.28644190620464
1129,,AM,R3130,00,EHZ,61.1981981981982,-149.90658980942584,2026-09-12T12:09:59.995000Z,2026-09-12T12:10:59.995000Z,100.0,100.0,60.0,,noise,0,Noise,timeofday:America/Anchorage:day7-19:night1-5,AM,2.0-20.0,237.12275746894954,1129.8584731819924,205.0784405291815,885.3940244255205,0.7479861204518629,2.3128057334280694,0.38378558815956554,,,223.23593596182425,3.966180537245277
1130,,AM,R3130,00,EHZ,61.1981981981982,-149.90658980942584,2026-09-12T12:10:59.995000Z,2026-09-12T12:11:59.995000Z,100.0,100.0,60.0,,noise,0,Noise,timeofday:America/Anchorage:day7-19:night1-5,AM,2.0-20.0,203.74735837119061,942.1379253328099,179.89763015514703,961.9328355453738,0.7795911694169579,2.9418618062000492,0.5532725050785543,,,223.23593596182425,4.309041155944868
1131,,AM,R3130,00,EHZ,61.1981981981982,-149.90658980942584,2026-09-12T12:11:59.995000Z,2026-09-12T12:12:59.995000Z,100.0,100.0,60.0,,noise,0,Noise,timeofday:America/Anchorage:day7-19:night1-5,AM,2.0-20.0,309.8206756423038,1890.8749905845511,290.25668664201055,1865.0823030062563,0.877695099108197,2.993395298600589,3.808294778364398,,,223.23593596182425,8.35475836347964
1132,,AM,R3130,00,EHZ,61.1981981981982,-149.90658980942584,2026-09-12T12:12:59.995000Z,2026-09-12T12:13:59.995000Z,100.0,100.0,60.0,,noise,0,Noise,timeofday:America/Anchorage:day7-19:night1-5,AM,2.0-20.0,208.6228654571297,909.1177393011416,183.54905318678098,924.6927213061289,0.7740704431470258,2.4751944259013676,0.5623696851982691,,,223.23593596182425,4.142221624498044
1133,,AM,R3130,00,EHZ,61.1981981981982,-149.90658980942584,2026-09-12T12:13:59.995000Z,2026-09-12T12:14:59.995000Z,100.0,100.0,60.0,,noise,0,Noise,timeofday:America/Anchorage:day7-19:night1-5,AM,2.0-20.0,418.8366285017737,2667.109152023269,346.91121336054823,2640.9611474192743,0.6860367263758863,6.334158128541087,4.164083999084055,,,223.23593596182425,11.830358477189385
1134,,AM,R3130,00,EHZ,61.1981981981982,-149.90658980942584,2026-09-12T12:14:59.995000Z,2026-09-12T12:15:59.995000Z,100.0,100.0,60.0,,noise,0,Noise,timeofday:America/Anchorage:day7-19:night1-5,AM,2.0-20.0,203.2752613680658,839.1036633655416,175.10469934658272,809.0543197702473,0.7420386844859285,2.0369075402178427,0.17239214200592112,,,223.23593596182425,3.624211828997838
1135,,AM,R3130,00,EHZ,61.1981981981982,-149.90658980942584,2026-09-12T12:15:59.995000Z,2026-09-12T12:16:59.995000Z,100.0,100.0,60.0,,noise,0,Noise,timeofday:America/Anchorage:day7-19:night1-5,AM,2.0-20.0,403.74753598769826,2686.908946832726,384.91267916944383,2511.287809847613,0.9088760606860524,4.128335406413191,3.2898555344084137,,,223.23593596182425,11.249478266245942
1136,,AM,R3130,00,EHZ,61.1981981981982,-149.90658980942584,2026-09-12T12:16:59.995000Z,2026-09-12T12:17:59.995000Z,100.0,100.0,60.0,,noise,0,Noise,timeofday:America/Anchorage:day7-19:night1-5,AM,2.0-20.0,252.00737914921194,1497.0849387854246,226.44923353880475,1318.5967702855137,0.8074491740555727,4.344967542507297,1.9817830315178417,,,223.23593596182425,5.906740617742692
1137,,AM,R3130,00,EHZ,61.1981981981982,-149.90658980942584,2026-09-12T12:17:59.995000Z,2026-09-12T12:18:59.995000Z,100.0,100.0,60.0,,traffic,1,Traffic,timeofday:America/Anchorage:day7-19:night1-5+burst>=20x,AM,2.0-20.0,907.7105864217174,5831.92958287147,883.6803996902013,5682.117553247785,0.9477540381341849,7.83348744981579,5.9311577703606115,,,223.23593596182425,25.453417832420527
1138,,AM,R3130,00,EHZ,61.1981981981982,-149.90658980942584,2026-09-12T12:18:59.995000Z,2026-09-12T12:19:59.995000Z,100.0,100.0,60.0,,noise,0,Noise,timeofday:America/Anchorage:day7-19:night1-5,AM,2.0-20.0,376.10088735214435,2453.9302743109115,337.31541821623387,2298.8968078785283,0.8043844550093074,2.7217792910185006,4.210701604074288,,,223.23593596182425,10.298058858550732
1139,,AM,R3130,00,EHZ,61.1981981981982,-149.90658980942584,2026-09-12T12:19:59.995000Z,2026-09-12T12:20:59.995000Z,100.0,100.0,60.0,,noise,0,Noise,timeofday:America/Anchorage:day7-19:night1-5,AM,2.0-20.0,276.1772993143042,1334.9391444503767,243.0285071793747,1180.0951706222427,0.7743521020092077,2.385165816419829,1.2720985499570325,,,223.23593596182425,5.286313628393825
1140,,AM,R3130,00,EHZ,61.1981981981982,-149.90658980942584,2026-09-12T12:20:59.995000Z,2026-09-12T12:21:59.995000Z,100.0,100.0,60.0,,noise,0,Noise,timeofday:America/Anchorage:day7-19:night1-5,AM,2.0-20.0,222.09466233602217,863.9516432183215,187.26000630124233,745.4630719268021,0.7109086933337369,2.2180777636772637,0.17770160522360845,,,223.23593596182425,3.339350668228812
1141,,AM,R3130,00,EHZ,61.1981981981982,-149.90658980942584,2026-09-12T12:21:59.995000Z,2026-09-12T12:22:59.995000Z,100.0,100.0,60.0,,noise,0,Noise,timeofday:America/Anchorage:day7-19:night1-5,AM,2.0-20.0,307.23050314566126,1779.041359528806,258.5841873059572,1849.7931002221358,0.7083946349642914,3.459632875735141,1.6129093290057455,,,223.23593596182425,8.286269377966414
1142,,AM,R3130,00,EHZ,61.1981981981982,-149.90658980942584,2026-09-12T12:22:59.995000Z,2026-09-12T12:23:59.995000Z,100.0,100.0,60.0,,noise,0,Noise,timeofday:America/Anchorage:day7-19:night1-5,AM,2.0-20.0,294.91569441509847,1763.9726835491351,253.23810772807968,1870.1061271180304,0.7373307556970901,3.8777047236426903,4.60956457305094,,,223.23593596182425,8.37726291271419
1143,,AM,R3130,00,EHZ,61.1981981981982,-149.90658980942584,2026-09-12T12:23:59.995000Z,2026-09-12T12:24:59.995000Z,100.0,100.0,60.0,,noise,0,Noise,timeofday:America/Anchorage:day7-19:night1-5,AM,2.0-20.0,272.021972289199,2626.0266021539205,247.21614506036263,2208.157695811174,0.8259346567431544,2.3459429427237177,5.115857157303793,,,223.23593596182425,9.891587061452295
1144,,AM,R3130,00,EHZ,61.1981981981982,-149.90658980942584,2026-09-12T12:24:59.995000Z,2026-09-12T12:25:59.995000Z,100.0,100.0,60.0,,noise,0,Noise,timeofday:America/Anchorage:day7-19:night1-5,AM,2.0-20.0,221.39198538552992,1035.9815822604764,196.78189635116811,1005.5824424475493,0.7900352934798539,2.8765344441287284,0.9569490163670644,,,223.23593596182425,4.504572429680474
1145,,AM,R3130,00,EHZ,61.1981981981982,-149.90658980942584,2026-09-12T12:25:59.995000Z,2026-09-12T12:26:59.995000Z,100.0,100.0,60.0,,noise,0,Noise,timeofday:America/Anchorage:day7-19:night1-5,AM,2.0-20.0,181.37856382743007,724.997866802231,154.762190349128,585.0683458052259,0.7280443196124133,1.9509332783447135,0.015173215937570816,,,223.23593596182425,2.6208519846252663
1146,,AM,R3130,00,EHZ,61.1981981981982,-149.90658980942584,2026-09-12T12:26:59.995000Z,2026-09-12T12:27:59.995000Z,100.0,100.0,60.0,,noise,0,Noise,timeofday:America/Anchorage:day7-19:night1-5,AM,2.0-20.0,254.96508528346345,1247.9995260139199,226.78242800102024,1025.6513138852852,0.7911473472531698,2.4549336631122216,0.6021060984269737,,,223.23593596182425,4.594472254058068
1147,,AM,R3130,00,EHZ,61.1981981981982,-149.90658980942584,2026-09-12T12:27:59.995000Z,2026-09-12T12:28:59.995000Z,100.0,100.0,60.0,,noise,0,Noise,timeofday:America/Anchorage:day7-19:night1-5,AM,2.0-20.0,257.09890354213144,1145.9915958892357,229.86251698585386,1117.9052967614632,0.7993479523863197,3.110490322066833,0.47656577212501405,,,223.23593596182425,5.007730014188383
1148,,AM,R3130,00,EHZ,61.1981981981982,-149.90658980942584,2026-09-12T12:28:59.995000Z,2026-09-12T12:29:59.995000Z,100.0,100.0,60.0,,noise,0,Noise,timeofday:America/Anchorage:day7-19:night1-5,AM,2.0-20.0,195.00069148916833,1026.0158242274306,166.71082384195674,1049.2601760252371,0.730895507619909,1.8984685114557909,0.4640976438957667,,,223.23593596182425,4.700229698701699
1149,,AM,R3130,00,EHZ,61.1981981981982,-149.90658980942584,2026-09-12T12:29:59.995000Z,2026-09-12T12:30:59.995000Z,100.0,100.0,60.0,,noise,0,Noise,timeofday:America/Anchorage:day7-19:night1-5,AM,2.0-20.0,226.08851246639307,1328.030923036255,198.49639687092304,1240.9403709202918,0.7708116371947813,3.2548000525383696,1.059974608667031,,,223.23593596182425,5.5588736892813975
1150,,AM,R3130,00,EHZ,61.1981981981982,-149.90658980942584,2026-09-12T12:30:59.995000Z,2026-09-12T12:31:59.995000Z,100.0,100.0,60.0,,noise,0,Noise,timeofday:America/Anchorage:day7-19:night1-5,AM,2.0-20.0,274.4007808113262,1124.9662326333105,246.30051900564882,981.2074700518601,0.8056751494740454,2.4309426318891894,0.24071250188116,,,223.23593596182425,4.395383143956075
1151,,AM,R3130,00,EHZ,61.1981981981982,-149.90658980942584,2026-09-12T12:31:59.995000Z,2026-09-12T12:32:59.995000Z,100.0,100.0,60.0,,noise,0,Noise,timeofday:America/Anchorage:day7-19:night1-5,AM,2.0-20.0,237.66372209573186,1287.049759046697,211.9692094966848,1259.1313705288676,0.7954626113166289,5.484250934054458,2.6710395719769053,,,223.23593596182425,5.640361463775226
1152,,AM,R3130,00,EHZ,61.1981981981982,-149.90658980942584,2026-09-12T12:32:59.995000Z,2026-09-12T12:33:59.995000Z,100.0,100.0,60.0,,noise,0,Noise,timeofday:America/Anchorage:day7-19:night1-5,AM,2.0-20.0,250.75385329059063,1141.0566220117457,221.65015632685444,1118.954530881222,0.7813414298158304,3.175932798622786,1.1811496137613053,,,223.23593596182425,5.012430127166332
1153,,AM,R3130,00,EHZ,61.1981981981982,-149.90658980942584,2026-09-12T12:33:59.995000Z,2026-09-12T12:34:59.995000Z,100.0,100.0,60.0,,noise,0,Noise,timeofday:America/Anchorage:day7-19:night1-5,AM,2.0-20.0,254.28432863197304,1233.9353307188717,226.52169990070152,1140.3413576855523,0.7935612131527342,2.6849264530475754,0.7532369215007568,,,223.23593596182425,5.108233818951815
1154,,AM,R3130,00,EHZ,61.1981981981982,-149.90658980942584,2026-09-12T12:34:59.995000Z,2026-09-12T12:35:59.995000Z,100.0,100.0,60.0,,noise,0,Noise,timeofday:America/Anchorage:day7-19:night1-5,AM,2.0-20.0,636.7137928614957,4229.071290813809,608.9758196412303,4336.678229324076,0.9147693007076516,6.81651901312439,5.641579463035308,,,223.23593596182425,19.426434237118947
1155,,AM,R3130,00,EHZ,61.1981981981982,-149.90658980942584,2026-09-12T12:35:59.995000Z,2026-09-12T12:36:59.995000Z,100.0,100.0,60.0,,noise,0,Noise,timeofday:America/Anchorage:day7-19:night1-5,AM,2.0-20.0,230.84353498670677,1207.9195304704476,204.37596901816391,1002.2171443223868,0.7838342313576667,2.6524878476660927,0.6456007994254183,,,223.23593596182425,4.489497356257985
1156,,AM,R3130,00,EHZ,61.1981981981982,-149.90658980942584,2026-09-12T12:36:59.995000Z,2026-09-12T12:37:59.995000Z,100.0,100.0,60.0,,noise,0,Noise,timeofday:America/Anchorage:day7-19:night1-5,AM,2.0-20.0,237.33529957659835,1078.0847967404466,205.37489602873433,850.7847078757168,0.7488072477802571,2.220417394502955,0.10009232326208206,,,223.23593596182425,3.8111458363997905
1157,,AM,R3130,00,EHZ,61.1981981981982,-149.90658980942584,2026-09-12T12:37:59.995000Z,2026-09-12T12:38:59.995000Z,100.0,100.0,60.0,,noise,0,Noise,timeofday:America/Anchorage:day7-19:night1-5,AM,2.0-20.0,268.3210541929944,1206.0931011567304,227.0549261376534,1033.6466066027842,0.7160648476989857,3.0166704911824342,0.7046890552975418,,,223.23593596182425,4.630287691581829
1158,,AM,R3130,00,EHZ,61.1981981981982,-149.90658980942584,2026-09-12T12:38:59.995000Z,2026-09-12T12:39:59.995000Z,100.0,100.0,60.0,,traffic,1,Traffic,timeofday:America/Anchorage:day7-19:night1-5+burst>=20x,AM,2.0-20.0,594.5251197126184,6032.104481335659,525.2427794800935,6085.685258323236,0.780512321958579,6.8173143722433895,13.754459483942618,,,223.23593596182425,27.26122580624274
1159,,AM,R3130,00,EHZ,61.1981981981982,-149.90658980942584,2026-09-12T12:39:59.995000Z,2026-09-12T12:40:59.995000Z,100.0,100.0,60.0,,noise,0,Noise,timeofday:America/Anchorage:day7-19:night1-5,AM,2.0-20.0,295.53984888531994,1551.1102785696644,258.5831890020519,1333.238443310225,0.7655410445810931,4.474977749616803,1.1881514827098876,,,223.23593596182425,5.972328951277016
1160,,AM,R3130,00,EHZ,61.1981981981982,-149.90658980942584,2026-09-12T12:40:59.995000Z,2026-09-12T12:41:59.995000Z,100.0,100.0,60.0,,noise,0,Noise,timeofday:America/Anchorage:day7-19:night1-5,AM,2.0-20.0,234.0128327430638,1572.126920259891,210.47491157492559,1779.4096952683926,0.8089493378442834,4.593833240305625,2.3844164079460093,,,223.23593596182425,7.970982304447125
1161,,AM,R3130,00,EHZ,61.1981981981982,-149.90658980942584,2026-09-12T12:41:59.995000Z,2026-09-12T12:42:59.995000Z,100.0,100.0,60.0,,noise,0,Noise,timeofday:America/Anchorage:day7-19:night1-5,AM,2.0-20.0,241.0564035048929,1614.1352032472664,218.27200796844448,1586.3952216297887,0.819895951544131,3.9543347752636997,3.344555283607024,,,223.23593596182425,7.106361324823076
1162,,AM,R3130,00,EHZ,61.1981981981982,-149.90658980942584,2026-09-12T12:42:59.995000Z,2026-09-12T12:43:59.995000Z,100.0,100.0,60.0,,noise,0,Noise,timeofday:America/Anchorage:day7-19:night1-5,AM,2.0-20.0,276.245971123545,1123.1374732829577,247.3729063115063,1040.6783009906449,0.8018854942285659,1.899730305985656,0.4077065929804946,,,223.23593596182425,4.661786627259744
1163,,AM,R3130,00,EHZ,61.1981981981982,-149.90658980942584,2026-09-12T12:43:59.995000Z,2026-09-12T12:44:59.995000Z,100.0,100.0,60.0,,noise,0,Noise,timeofday:America/Anchorage:day7-19:night1-5,AM,2.0-20.0,239.08258718593063,1180.1508492075523,208.82637478944866,1168.5974905935127,0.7629126302110892,2.742755799946349,0.6263236557068947,,,223.23593596182425,5.234809017457455
1164,,AM,R3130,00,EHZ,61.1981981981982,-149.90658980942584,2026-09-12T12:44:59.995000Z,2026-09-12T12:45:59.995000Z,100.0,100.0,60.0,,noise,0,Noise,timeofday:America/Anchorage:day7-19:night1-5,AM,2.0-20.0,222.20450246466882,918.8449192973452,194.5048499466897,805.6950789002753,0.7662229579124256,2.305699176810987,0.1613091962480664,,,223.23593596182425,3.6091638894468043
1165,,AM,R3130,00,EHZ,61.1981981981982,-149.90658980942584,2026-09-12T12:45:59.995000Z,2026-09-12T12:46:59.995000Z,100.0,100.0,60.0,,noise,0,Noise,timeofday:America/Anchorage:day7-19:night1-5,AM,2.0-20.0,266.95494177446847,1131.8321419535928,237.19553968783583,953.296467478728,0.789472681902608,2.181941961528029,0.26872998366202694,,,223.23593596182425,4.270353979395826
1166,,AM,R3130,00,EHZ,61.1981981981982,-149.90658980942584,2026-09-12T12:46:59.995000Z,2026-09-12T12:47:59.995000Z,100.0,100.0,60.0,,noise,0,Noise,timeofday:America/Anchorage:day7-19:night1-5,AM,2.0-20.0,341.3620291959525,1729.8249304116339,300.16321460282927,1639.8974541732487,0.7731869452587852,2.4384373499344596,1.2675770071005719,,,223.23593596182425,7.346028080594016
1167,,AM,R3130,00,EHZ,61.1981981981982,-149.90658980942584,2026-09-12T12:47:59.995000Z,2026-09-12T12:48:59.995000Z,100.0,100.0,60.0,,noise,0,Noise,timeofday:America/Anchorage:day7-19:night1-5,AM,2.0-20.0,466.5240143267561,3255.8140845268204,359.29560716247244,1887.4363332397409,0.5931380798972228,4.14853172730627,2.857584140703053,,,223.23593596182425,8.45489470639043
1168,,AM,R3130,00,EHZ,61.1981981981982,-149.90658980942584,2026-09-12T12:48:59.995000Z,2026-09-12T12:49:59.995000Z,100.0,100.0,60.0,,noise,0,Noise,timeofday:America/Anchorage:day7-19:night1-5,AM,2.0-20.0,336.25699713500563,1416.806867270488,266.72276936065987,1367.5619325828034,0.6291837867951413,3.351283837200581,1.21075819381071,,,223.23593596182425,6.126083270108766
1169,,AM,R3130,00,EHZ,61.1981981981982,-149.90658980942584,2026-09-12T12:49:59.995000Z,2026-09-12T12:50:59.995000Z,100.0,100.0,60.0,,noise,0,Noise,timeofday:America/Anchorage:day7-19:night1-5,AM,2.0-20.0,257.8823840507734,1421.1989456780507,232.8763573419762,1312.3360078514884,0.8154689802549107,3.375007898690014,1.0175073360899614,,,223.23593596182425,5.8786951222580575
1170,,AM,R3130,00,EHZ,61.1981981981982,-149.90658980942584,2026-09-12T12:50:59.995000Z,2026-09-12T12:51:59.995000Z,100.0,100.0,60.0,,noise,0,Noise,timeofday:America/Anchorage:day7-19:night1-5,AM,2.0-20.0,221.76219832737388,1234.7896569998934,194.7842216460984,1071.005931888544,0.7714939279526146,3.119545329050709,0.9196313128312332,,,223.23593596182425,4.797641236721392
1171,,AM,R3130,00,EHZ,61.1981981981982,-149.90658980942584,2026-09-12T12:51:59.995000Z,2026-09-12T12:52:59.995000Z,100.0,100.0,60.0,,noise,0,Noise,timeofday:America/Anchorage:day7-19:night1-5,AM,2.0-20.0,227.78427853591825,1214.2188917059452,203.62702796237167,1201.083462782333,0.799140889667034,2.7000677123731966,1.1212611253651001,,,223.23593596182425,5.380332058131229
1172,,AM,R3130,00,EHZ,61.1981981981982,-149.90658980942584,2026-09-12T12:52:59.995000Z,2026-09-12T12:53:59.995000Z,100.0,100.0,60.0,,noise,0,Noise,timeofday:America/Anchorage:day7-19:night1-5,AM,2.0-20.0,266.59223844719884,1235.2240389297317,231.03358491922816,1113.8954284113279,0.7510264485889194,2.5315497225742916,0.8295514399389665,,,223.23593596182425,4.989767546215391
1173,,AM,R3130,00,EHZ,61.1981981981982,-149.90658980942584,2026-09-12T12:53:59.995000Z,2026-09-12T12:54:59.995000Z,100.0,100.0,60.0,,noise,0,Noise,timeofday:America/Anchorage:day7-19:night1-5,AM,2.0-20.0,202.83842533639262,933.7629051507059,171.06193267512103,640.5071185877208,0.7112238112252641,1.6709098159280593,0.011314083864145008,,,223.23593596182425,2.869193599265552
1174,,AM,R3130,00,EHZ,61.1981981981982,-149.90658980942584,2026-09-12T12:54:59.995000Z,2026-09-12T12:55:59.995000Z,100.0,100.0,60.0,,noise,0,Noise,timeofday:America/Anchorage:day7-19:night1-5,AM,2.0-20.0,221.67647193350348,1089.7592765222248,196.67404043067995,981.2097504574527,0.7871452483187198,2.0249336124662114,0.4888225936159758,,,223.23593596182425,4.395393359182323
1175,,AM,R3130,00,EHZ,61.1981981981982,-149.90658980942584,2026-09-12T12:55:59.995000Z,2026-09-12T12:56:59.995000Z,100.0,100.0,60.0,,noise,0,Noise,timeofday:America/Anchorage:day7-19:night1-5,AM,2.0-20.0,202.32097511535923,803.2524265189228,173.88354000353536,731.0667564584141,0.7386439200349518,2.233028704163931,0.018805211215750628,,,223.23593596182425,3.274861429942151
1176,,AM,R3130,00,EHZ,61.1981981981982,-149.90658980942584,2026-09-12T12:56:59.995000Z,2026-09-12T12:57:59.995000Z,100.0,100.0,60.0,,noise,0,Noise,timeofday:America/Anchorage:day7-19:night1-5,AM,2.0-20.0,282.20602418068773,1530.2583980413842,258.60423386585705,1451.1887679634892,0.8397281286811559,2.8524079434624157,2.279518170105714,,,223.23593596182425,6.500695157842589
1177,,AM,R3130,00,EHZ,61.1981981981982,-149.90658980942584,2026-09-12T12:57:59.995000Z,2026-09-12T12:58:59.995000Z,100.0,100.0,60.0,,noise,0,Noise,timeofday:America/Anchorage:day7-19:night1-5,AM,2.0-20.0,222.55757250311405,924.7332875421756,181.45369515624563,698.871765527482,0.6647324528528987,2.1806271363986642,0.08081029802076856,,,223.23593596182425,3.130641858876147
1178,,AM,R3130,00,EHZ,61.1981981981982,-149.90658980942584,2026-09-12T12:58:59.995000Z,2026-09-12T12:59:59.995000Z,100.0,100.0,60.0,,noise,0,Noise,timeofday:America/Anchorage:day7-19:night1-5,AM,2.0-20.0,233.44580629480268,1595.2760354615516,199.81084626269757,1759.390035541965,0.7325983991879728,4.111184833152626,2.2441177084155832,,,223.23593596182425,7.881302927154343
1179,,AM,R3130,00,EHZ,61.1981981981982,-149.90658980942584,2026-09-12T12:59:59.995000Z,2026-09-12T13:00:59.995000Z,100.0,100.0,60.0,,noise,0,Noise,timeofday:America/Anchorage:day7-19:night1-5,AM,2.0-20.0,216.8511510014083,901.7130572240961,189.50368863279374,896.5844895085248,0.7636808006208029,1.9399857096886672,0.30804494544103633,,,223.23593596182425,4.016308958705691
1180,,AM,R3130,00,EHZ,61.1981981981982,-149.90658980942584,2026-09-12T15:00:59.995000Z,2026-09-12T15:01:59.995000Z,100.0,100.0,60.0,,traffic,1,Traffic,timeofday:America/Anchorage:day7-19:night1-5,AM,2.0-20.0,276.1271747177133,1704.6763209236374,244.56274769977225,1644.4789663019471,0.7844446612012849,3.8511385794154966,1.6685266187704668,,,223.23593596182425,7.36655126432319
1181,,AM,R3130,00,EHZ,61.1981981981982,-149.90658980942584,2026-09-12T15:01:59.995000Z,2026-09-12T15:02:59.995000Z,100.0,100.0,60.0,,traffic,1,Traffic,timeofday:America/Anchorage:day7-19:night1-5,AM,2.0-20.0,421.9595294830049,3335.664805028289,391.7446681158721,3215.4495106290883,0.8619152991097799,4.522962150796196,5.570207331718327,,,223.23593596182425,14.403816736651954
1182,,AM,R3130,00,EHZ,61.1981981981982,-149.90658980942584,2026-09-12T15:02:59.995000Z,2026-09-12T15:03:59.995000Z,100.0,100.0,60.0,,traffic,1,Traffic,timeofday:America/Anchorage:day7-19:night1-5,AM,2.0-20.0,359.10484709010916,3065.6564491826243,328.29407349688194,2536.901709451986,0.8357637900969537,6.593442053088339,5.779627039000534,,,223.23593596182425,11.364217407567496
1183,,AM,R3130,00,EHZ,61.1981981981982,-149.90658980942584,2026-09-12T15:03:59.995000Z,2026-09-12T15:04:59.995000Z,100.0,100.0,60.0,,traffic,1,Traffic,timeofday:America/Anchorage:day7-19:night1-5,AM,2.0-20.0,354.34739480281064,3769.65216911533,326.23657184783144,3610.464958514903,0.8476309410374785,4.378426153225015,6.4746751526686985,,,223.23593596182425,16.17331431410905
1184,,AM,R3130,00,EHZ,61.1981981981982,-149.90658980942584,2026-09-12T15:04:59.995000Z,2026-09-12T15:05:59.995000Z,100.0,100.0,60.0,,traffic,1,Traffic,timeofday:America/Anchorage:day7-19:night1-5,AM,2.0-20.0,265.09996164756524,1025.645276149809,225.8154421907506,847.6490197532183,0.7255844137614461,2.0286738588474496,0.18107227855403085,,,223.23593596182425,3.797099316026679
1185,,AM,R3130,00,EHZ,61.1981981981982,-149.90658980942584,2026-09-12T15:05:59.995000Z,2026-09-12T15:06:59.995000Z,100.0,100.0,60.0,,traffic,1,Traffic,timeofday:America/Anchorage:day7-19:night1-5,AM,2.0-20.0,260.6475254071417,1317.3629539795916,230.50798959698196,1210.1789773500568,0.7821044443900333,3.8698335014447425,1.1177777208525495,,,223.23593596182425,5.4210760115119205
1186,,AM,R3130,00,EHZ,61.1981981981982,-149.90658980942584,2026-09-12T15:06:59.995000Z,2026-09-12T15:07:59.995000Z,100.0,100.0,60.0,,traffic,1,Traffic,timeofday:America/Anchorage:day7-19:night1-5,AM,2.0-20.0,253.4363289745342,1053.6296730473418,219.2891085840181,1065.058501447852,0.7486802658363454,2.28802686094804,0.2983962883521043,,,223.23593596182425,4.770999332428218
1187,,AM,R3130,00,EHZ,61.1981981981982,-149.90658980942584,2026-09-12T15:07:59.995000Z,2026-09-12T15:08:59.995000Z,100.0,100.0,60.0,,traffic,1,Traffic,timeofday:America/Anchorage:day7-19:night1-5,AM,2.0-20.0,459.6671021866018,2799.6141828037903,430.0254582494743,2730.385114009744,0.8751882710504535,3.658428200892236,3.8243352090097797,,,223.23593596182425,12.230938993964974
1188,,AM,R3130,00,EHZ,61.1981981981982,-149.90658980942584,2026-09-12T15:08:59.995000Z,2026-09-12T15:09:59.995000Z,100.0,100.0,60.0,,traffic,1,Traffic,timeofday:America/Anchorage:day7-19:night1-5,AM,2.0-20.0,599.2307779836833,9251.604462650963,576.1886149207857,8791.336937957161,0.9245728194844377,7.132130466556877,35.509114574521554,,,223.23593596182425,39.3813697605594
1189,,AM,R3130,00,EHZ,61.1981981981982,-149.90658980942584,2026-09-12T15:09:59.995000Z,2026-09-12T15:10:59.995000Z,100.0,100.0,60.0,,traffic,1,Traffic,timeofday:America/Anchorage:day7-19:night1-5,AM,2.0-20.0,658.1828186480778,7437.603648352443,633.6877465697999,7196.955797839697,0.9269526201983969,2.6785985206316942,17.92875441606698,,,223.23593596182425,32.2392349906892
1190,,AM,R3130,00,EHZ,61.1981981981982,-149.90658980942584,2026-09-12T15:10:59.995000Z,2026-09-12T15:11:59.995000Z,100.0,100.0,60.0,,traffic,1,Traffic,timeofday:America/Anchorage:day7-19:night1-5,AM,2.0-20.0,382.3125535279403,2057.593409620034,355.82482300638884,2220.0518656113386,0.866234280761707,3.4744374024983693,2.806029728985176,,,223.23593596182425,9.944867774295046
1191,,AM,R3130,00,EHZ,61.1981981981982,-149.90658980942584,2026-09-12T15:11:59.995000Z,2026-09-12T15:12:59.995000Z,100.0,100.0,60.0,,traffic,1,Traffic,timeofday:America/Anchorage:day7-19:night1-5,AM,2.0-20.0,334.9232324932377,1806.418671998496,304.0240907389195,1656.4649057937572,0.8239966542807505,3.916119268952893,0.6628342483370648,,,223.23593596182425,7.420243065511776
1192,,AM,R3130,00,EHZ,61.1981981981982,-149.90658980942584,2026-09-12T15:12:59.995000Z,2026-09-12T15:13:59.995000Z,100.0,100.0,60.0,,traffic,1,Traffic,timeofday:America/Anchorage:day7-19:night1-5,AM,2.0-20.0,595.9701147971966,4959.42573925247,573.5661388823737,4644.52170722899,0.9262282949685766,7.153053711292853,9.554434489271168,,,223.23593596182425,20.805439264148102
1193,,AM,R3130,00,EHZ,61.1981981981982,-149.90658980942584,2026-09-12T15:13:59.995000Z,2026-09-12T15:14:59.995000Z,100.0,100.0,60.0,,traffic,1,Traffic,timeofday:America/Anchorage:day7-19:night1-5,AM,2.0-20.0,592.8081250546066,11039.567693501418,565.9484290813824,9472.17719363103,0.9114344138569673,7.265866802744869,52.962319897491945,,,223.23593596182425,42.43123828974773
1194,,AM,R3130,00,EHZ,61.1981981981982,-149.90658980942584,2026-09-12T15:14:59.995000Z,2026-09-12T15:15:59.995000Z,100.0,100.0,60.0,,traffic,1,Traffic,timeofday:America/Anchorage:day7-19:night1-5,AM,2.0-20.0,302.90810717311643,1837.4468795848557,263.9123843379669,1560.291559846201,0.7590978239358938,2.6129162741368757,0.9216540417494552,,,223.23593596182425,6.989428261733933
1195,,AM,R3130,00,EHZ,61.1981981981982,-149.90658980942584,2026-09-12T15:15:59.995000Z,2026-09-12T15:16:59.995000Z,100.0,100.0,60.0,,traffic,1,Traffic,timeofday:America/Anchorage:day7-19:night1-5,AM,2.0-20.0,417.85985976816653,3876.547997477453,386.0121254333811,3745.9968247509382,0.8533763159638957,4.501366737272282,6.91023437899735,,,223.23593596182425,16.780438188014426
1196,,AM,R3130,00,EHZ,61.1981981981982,-149.90658980942584,2026-09-12T15:16:59.995000Z,2026-09-12T15:17:59.995000Z,100.0,100.0,60.0,,traffic,1,Traffic,timeofday:America/Anchorage:day7-19:night1-5,AM,2.0-20.0,460.41910495857593,2189.540895937225,371.5959515322169,1733.4725608018302,0.6513812827278406,3.5159507329361457,1.22051185006677,,,223.23593596182425,7.765203901124023
1197,,AM,R3130,00,EHZ,61.1981981981982,-149.90658980942584,2026-09-12T15:17:59.995000Z,2026-09-12T15:18:59.995000Z,100.0,100.0,60.0,,traffic,1,Traffic,timeofday:America/Anchorage:day7-19:night1-5,AM,2.0-20.0,350.84570683802303,2593.4716628316623,324.57768966891246,2300.2507968957325,0.8558644669135849,3.582364700048672,2.844883035648323,,,223.23593596182425,10.3041241410572
1198,,AM,R3130,00,EHZ,61.1981981981982,-149.90658980942584,2026-09-12T15:18:59.995000Z,2026-09-12T15:19:59.995000Z,100.0,100.0,60.0,,traffic,1,Traffic,timeofday:America/Anchorage:day7-19:night1-5,AM,2.0-20.0,293.77167575207056,1876.4805272567505,260.09038068966987,1803.8778743230716,0.7838423776461486,5.114351992741417,2.64216037672142,,,223.23593596182425,8.080589115506717
1199,,AM,R3130,00,EHZ,61.1981981981982,-149.90658980942584,2026-09-12T15:19:59.995000Z,2026-09-12T15:20:59.995000Z,100.0,100.0,60.0,,traffic,1,Traffic,timeofday:America/Anchorage:day7-19:night1-5,AM,2.0-20.0,374.83895342262434,2439.517615571192,340.9854796042025,2475.1192086619726,0.8275273149829806,3.3967180751119437,3.5944012503481026,,,223.23593596182425,11.087458647720789
1200,,AM,R3130,00,EHZ,61.1981981981982,-149.90658980942584,2026-09-12T15:20:59.995000Z,2026-09-12T15:21:59.995000Z,100.0,100.0,60.0,,traffic,1,Traffic,timeofday:America/Anchorage:day7-19:night1-5,AM,2.0-20.0,352.28696895318876,3107.503553921531,324.5449557455865,3299.1693741465806,0.8487046252425682,3.670032421856395,6.083018296732844,,,223.23593596182425,14.778845350019157
1201,,AM,R3130,00,EHZ,61.1981981981982,-149.90658980942584,2026-09-12T15:21:59.995000Z,2026-09-12T15:22:59.995000Z,100.0,100.0,60.0,,traffic,1,Traffic,timeofday:America/Anchorage:day7-19:night1-5,AM,2.0-20.0,487.44689035320306,2637.494588066276,459.188169827269,2091.1683215562884,0.8874150157921078,4.072941104670777,1.0518054447488732,,,223.23593596182425,9.367525495151018
1202,,AM,R3130,00,EHZ,61.1981981981982,-149.90658980942584,2026-09-12T15:22:59.995000Z,2026-09-12T15:23:59.995000Z,100.0,100.0,60.0,,traffic,1,Traffic,timeofday:America/Anchorage:day7-19:night1-5,AM,2.0-20.0,317.24285276366254,1926.5073776789163,282.84067423063743,1848.2330083022239,0.7948771900388639,2.8554799251536798,1.3298780060369095,,,223.23593596182425,8.279280844004845
1203,,AM,R3130,00,EHZ,61.1981981981982,-149.90658980942584,2026-09-12T15:23:59.995000Z,2026-09-12T15:24:59.995000Z,100.0,100.0,60.0,,traffic,1,Traffic,timeofday:America/Anchorage:day7-19:night1-5,AM,2.0-20.0,263.2841928875463,978.5182921362381,221.04872682663034,1060.0478684125171,0.7048983020430943,2.1481870479600644,0.15918105139294525,,,223.23593596182425,4.748553873484763
1204,,AM,R3130,00,EHZ,61.1981981981982,-149.90658980942584,2026-09-12T15:24:59.995000Z,2026-09-12T15:25:59.995000Z,100.0,100.0,60.0,,traffic,1,Traffic,timeofday:America/Anchorage:day7-19:night1-5,AM,2.0-20.0,406.1475724004965,3189.472534862394,368.13045505466033,3140.7988960680805,0.8215533518397881,4.371652336471557,5.972218332902898,,,223.23593596182425,14.06941441813916
1205,,AM,R3130,00,EHZ,61.1981981981982,-149.90658980942584,2026-09-12T15:25:59.995000Z,2026-09-12T15:26:59.995000Z,100.0,100.0,60.0,,traffic,1,Traffic,timeofday:America/Anchorage:day7-19:night1-5,AM,2.0-20.0,395.2391424828971,1930.53404381247,321.64848873683565,1578.4678545665643,0.6622822776287565,2.6209985554540682,0.7514466060529341,,,223.23593596182425,7.070850164717652
1206,,AM,R3130,00,EHZ,61.1981981981982,-149.90658980942584,2026-09-12T15:26:59.995000Z,2026-09-12T15:27:59.995000Z,100.0,100.0,60.0,,traffic,1,Traffic,timeofday:America/Anchorage:day7-19:night1-5,AM,2.0-20.0,276.18794346583815,1931.4568403299158,229.88887043212816,1710.4403665486702,0.6928296419872799,3.7881204853196766,2.2265483262077597,,,223.23593596182425,7.662029678058527
1207,,AM,R3130,00,EHZ,61.1981981981982,-149.90658980942584,2026-09-12T15:27:59.995000Z,2026-09-12T15:28:59.995000Z,100.0,100.0,60.0,,traffic,1,Traffic,timeofday:America/Anchorage:day7-19:night1-5,AM,2.0-20.0,310.8631806602842,2793.557134175517,274.83826275789033,2032.5102108003105,0.7816562718108994,4.9275776447768855,4.355210183471697,,,223.23593596182425,9.104762645149979
1208,,AM,R3130,00,EHZ,61.1981981981982,-149.90658980942584,2026-09-12T15:28:59.995000Z,2026-09-12T15:29:59.995000Z,100.0,100.0,60.0,,traffic,1,Traffic,timeofday:America/Anchorage:day7-19:night1-5,AM,2.0-20.0,283.84803736216475,1881.5665400376897,241.83663959964468,1491.1715919860774,0.7258926645813581,3.1186010122179257,0.8569765437021433,,,223.23593596182425,6.679800837447084
1209,,AM,R3130,00,EHZ,61.1981981981982,-149.90658980942584,2026-09-12T15:29:59.995000Z,2026-09-12T15:30:59.995000Z,100.0,100.0,60.0,,traffic,1,Traffic,timeofday:America/Anchorage:day7-19:night1-5,AM,2.0-20.0,297.78947836461487,1461.5683114941135,261.91606894555116,1185.7304228341693,0.7735806353511647,2.1893382132427415,0.5498513094822144,,,223.23593596182425,5.311557109859508
1210,,AM,R3130,00,EHZ,61.1981981981982,-149.90658980942584,2026-09-12T15:30:59.995000Z,2026-09-12T15:31:59.995000Z,100.0,100.0,60.0,,traffic,1,Traffic,timeofday:America/Anchorage:day7-19:night1-5,AM,2.0-20.0,883.3669939972507,4523.578818802175,634.5046642539694,3068.048800919949,0.5159258653621147,6.701144583365996,3.279904602208865,,,223.23593596182425,13.7435256008451
1211,,AM,R3130,00,EHZ,61.1981981981982,-149.90658980942584,2026-09-12T15:31:59.995000Z,2026-09-12T15:32:59.995000Z,100.0,100.0,60.0,,traffic,1,Traffic,timeofday:America/Anchorage:day7-19:night1-5,AM,2.0-20.0,657.7496846647172,6783.586366063698,617.6720960608241,6967.687643356219,0.8818498941338133,4.375153802756561,10.805198685664987,,,223.23593596182425,31.21221327263263
1212,,AM,R3130,00,EHZ,61.1981981981982,-149.90658980942584,2026-09-12T15:32:59.995000Z,2026-09-12T15:33:59.995000Z,100.0,100.0,60.0,,traffic,1,Traffic,timeofday:America/Anchorage:day7-19:night1-5,AM,2.0-20.0,277.8441957616181,1314.4002994409325,244.38857358412528,1048.443451959206,0.7736760192427785,2.3674943579107204,0.501685402856376,,,223.23593596182425,4.696571129741858
1213,,AM,R3130,00,EHZ,61.1981981981982,-149.90658980942584,2026-09-12T15:33:59.995000Z,2026-09-12T15:34:59.995000Z,100.0,100.0,60.0,,traffic,1,Traffic,timeofday:America/Anchorage:day7-19:night1-5,AM,2.0-20.0,600.190384564744,5573.391923594953,579.560263281068,5561.759262234478,0.9324362200566274,7.63008704757393,22.15672797393422,,,223.23593596182425,24.914264982792012
1214,,AM,R3130,00,EHZ,61.1981981981982,-149.90658980942584,2026-09-12T15:34:59.995000Z,2026-09-12T15:35:59.995000Z,100.0,100.0,60.0,,traffic,1,Traffic,timeofday:America/Anchorage:day7-19:night1-5,AM,2.0-20.0,1756.0234304014475,12511.610189295408,1726.2368640760928,12995.748735558016,0.966362705259839,6.6813996479544,10.625172786817906,,,223.23593596182425,58.21530785160159
1215,,AM,R3130,00,EHZ,61.1981981981982,-149.90658980942584,2026-09-12T15:35:59.995000Z,2026-09-12T15:36:59.995000Z,100.0,100.0,60.0,,traffic,1,Traffic,timeofday:America/Anchorage:day7-19:night1-5,AM,2.0-20.0,328.36572996684396,1724.379577686555,290.0979689930025,1784.8969954481583,0.7805014704192561,5.192267878260148,2.7155032217460695,,,223.23593596182425,7.9955630250919585
1216,,AM,R3130,00,EHZ,61.1981981981982,-149.90658980942584,2026-09-12T15:36:59.995000Z,2026-09-12T15:37:59.995000Z,100.0,100.0,60.0,,traffic,1,Traffic,timeofday:America/Anchorage:day7-19:night1-5,AM,2.0-20.0,375.10753034016926,2167.3704289712837,336.621673057011,1867.509542097865,0.8053275989111905,2.4509926998522378,1.4353474429381414,,,223.23593596182425,8.36563134000625
1217,,AM,R3130,00,EHZ,61.1981981981982,-149.90658980942584,2026-09-12T15:37:59.995000Z,2026-09-12T15:38:59.995000Z,100.0,100.0,60.0,,traffic,1,Traffic,timeofday:America/Anchorage:day7-19:night1-5,AM,2.0-20.0,273.1425697244299,1143.3558787425113,231.65829507429657,1025.4540577805521,0.7193113774549601,2.4373418148844173,0.5669952339074156,,,223.23593596182425,4.5935886324140744
1218,,AM,R3130,00,EHZ,61.1981981981982,-149.90658980942584,2026-09-12T15:38:59.995000Z,2026-09-12T15:39:59.995000Z,100.0,100.0,60.0,,traffic,1,Traffic,timeofday:America/Anchorage:day7-19:night1-5,AM,2.0-20.0,450.02531231174265,5319.6482856086795,413.22426599399404,4854.382252983467,0.8431362267247187,4.899997417692096,15.348354449923054,,,223.23593596182425,21.745523327452165
1219,,AM,R3130,00,EHZ,61.1981981981982,-149.90658980942584,2026-09-12T15:39:59.995000Z,2026-09-12T15:40:59.995000Z,100.0,100.0,60.0,,traffic,1,Traffic,timeofday:America/Anchorage:day7-19:night1-5,AM,2.0-20.0,504.71519847095715,6240.340908507137,469.4527266087952,6705.133284765459,0.8651491112407149,7.028516854327767,25.867923861822426,,,223.23593596182425,30.03608382259794
1220,,AM,R3130,00,EHZ,61.1981981981982,-149.90658980942584,2026-09-12T15:40:59.995000Z,2026-09-12T15:41:59.995000Z,100.0,100.0,60.0,,traffic,1,Traffic,timeofday:America/Anchorage:day7-19:night1-5,AM,2.0-20.0,452.92418080886455,3659.336985588315,417.6619864500641,3338.539783500674,0.8503522876463676,5.661355528598707,6.588035659568927,,,223.23593596182425,14.955207677994999
1221,,AM,R3130,00,EHZ,61.1981981981982,-149.90658980942584,2026-09-12T15:41:59.995000Z,2026-09-12T15:42:59.995000Z,100.0,100.0,60.0,,traffic,1,Traffic,timeofday:America/Anchorage:day7-19:night1-5,AM,2.0-20.0,355.2639113883407,2739.670107380351,310.70452516926764,2887.532062615617,0.7648794113261813,3.4338288841566724,3.350294349331988,,,223.23593596182425,12.934889045415234
1222,,AM,R3130,00,EHZ,61.1981981981982,-149.90658980942584,2026-09-12T15:42:59.995000Z,2026-09-12T15:43:59.995000Z,100.0,100.0,60.0,,traffic,1,Traffic,timeofday:America/Anchorage:day7-19:night1-5,AM,2.0-20.0,1031.2811889915722,9137.316975273696,888.45774051132,8983.816586891618,0.7421972803552185,5.110510838693012,10.915772163880707,,,223.23593596182425,40.243594957883246
1223,,AM,R3130,00,EHZ,61.1981981981982,-149.90658980942584,2026-09-12T15:43:59.995000Z,2026-09-12T15:44:59.995000Z,100.0,100.0,60.0,,traffic,1,Traffic,timeofday:America/Anchorage:day7-19:night1-5,AM,2.0-20.0,1059.5420043189645,5629.3098437329945,770.724098573062,5125.320503172319,0.5291289456456028,3.5182406293004336,2.761550604027576,,,223.23593596182425,22.959208969154517
1224,,AM,R3130,00,EHZ,61.1981981981982,-149.90658980942584,2026-09-12T15:44:59.995000Z,2026-09-12T15:45:59.995000Z,100.0,100.0,60.0,,traffic,1,Traffic,timeofday:America/Anchorage:day7-19:night1-5,AM,2.0-20.0,486.2540987337377,3384.3037136366124,339.3028649881443,2916.383410783593,0.48690978610836994,3.352355554829081,3.3310461330815304,,,223.23593596182425,13.06413054967246
1225,,AM,R3130,00,EHZ,61.1981981981982,-149.90658980942584,2026-09-12T15:45:59.995000Z,2026-09-12T15:46:59.995000Z,100.0,100.0,60.0,,traffic,1,Traffic,timeofday:America/Anchorage:day7-19:night1-5,AM,2.0-20.0,617.60313762994,3546.2885591126264,389.30524110966655,2065.452819935605,0.3973392920971453,3.2577567220288293,1.6905887748413342,,,223.23593596182425,9.252331220941146
1226,,AM,R3130,00,EHZ,61.1981981981982,-149.90658980942584,2026-09-12T15:46:59.995000Z,2026-09-12T15:47:59.995000Z,100.0,100.0,60.0,,traffic,1,Traffic,timeofday:America/Anchorage:day7-19:night1-5,AM,2.0-20.0,609.4507025233572,2771.7142395028045,406.4909820549784,2285.256044177107,0.44486134088596946,3.301208281395698,1.7732422600854623,,,223.23593596182425,10.236954163902672
1227,,AM,R3130,00,EHZ,61.1981981981982,-149.90658980942584,2026-09-12T15:47:59.995000Z,2026-09-12T15:48:59.995000Z,100.0,100.0,60.0,,traffic,1,Traffic,timeofday:America/Anchorage:day7-19:night1-5,AM,2.0-20.0,695.9925848291634,3931.274441747804,542.8518017790157,3643.237580204551,0.6083497613569882,4.389592433460242,4.316259447559104,,,223.23593596182425,16.32012142000105
1228,,AM,R3130,00,EHZ,61.1981981981982,-149.90658980942584,2026-09-12T15:48:59.995000Z,2026-09-12T15:49:59.995000Z,100.0,100.0,60.0,,traffic,1,Traffic,timeofday:America/Anchorage:day7-19:night1-5,AM,2.0-20.0,417.87452485163845,4030.737991304823,343.05519337701253,4546.197961491479,0.6739632332382433,7.2539407823305435,15.529384919311923,,,223.23593596182425,20.36499160363199
1229,,AM,R3130,00,EHZ,61.1981981981982,-149.90658980942584,2026-09-12T15:49:59.995000Z,2026-09-12T15:50:59.995000Z,100.0,100.0,60.0,,traffic,1,Traffic,timeofday:America/Anchorage:day7-19:night1-5,AM,2.0-20.0,621.2985973215051,4046.7459857162326,551.651378642365,3691.473062515085,0.7883674220359761,3.518297462959766,2.8873037049222843,,,223.23593596182425,16.536195423062917
1230,,AM,R3130,00,EHZ,61.1981981981982,-149.90658980942584,2026-09-12T15:50:59.995000Z,2026-09-12T15:51:59.995000Z,100.0,100.0,60.0,,traffic,1,Traffic,timeofday:America/Anchorage:day7-19:night1-5,AM,2.0-20.0,428.9990691021555,2592.747345737615,370.6117897983368,2140.223829903818,0.7463211720829862,4.082525307724839,3.07956755805992,,,223.23593596182425,9.587272858567983
1231,,AM,R3130,00,EHZ,61.1981981981982,-149.90658980942584,2026-09-12T15:51:59.995000Z,2026-09-12T15:52:59.995000Z,100.0,100.0,60.0,,traffic,1,Traffic,timeofday:America/Anchorage:day7-19:night1-5,AM,2.0-20.0,314.65884196138495,1294.7567387424428,270.9307070799808,1234.4204072248394,0.7413726849034654,2.4613076735157424,0.4876479831820588,,,223.23593596182425,5.529667084765146
1232,,AM,R3130,00,EHZ,61.1981981981982,-149.90658980942584,2026-09-12T15:52:59.995000Z,2026-09-12T15:53:59.995000Z,100.0,100.0,60.0,,traffic,1,Traffic,timeofday:America/Anchorage:day7-19:night1-5,AM,2.0-20.0,443.03505774345797,2881.2335668194187,346.8172565682233,1889.4518790407612,0.6128091054641454,4.370538668460378,2.00069083361565,,,223.23593596182425,8.463923475850581
1233,,AM,R3130,00,EHZ,61.1981981981982,-149.90658980942584,2026-09-12T15:53:59.995000Z,2026-09-12T15:54:59.995000Z,100.0,100.0,60.0,,traffic,1,Traffic,timeofday:America/Anchorage:day7-19:night1-5,AM,2.0-20.0,365.893063683409,1532.2187680153106,327.06486116927755,1404.9052284426953,0.7990232593152813,2.645506949963159,0.3812677396221793,,,223.23593596182425,6.293365010385018
1234,,AM,R3130,00,EHZ,61.1981981981982,-149.90658980942584,2026-09-12T15:54:59.995000Z,2026-09-12T15:55:59.995000Z,100.0,100.0,60.0,,traffic,1,Traffic,timeofday:America/Anchorage:day7-19:night1-5,AM,2.0-20.0,343.3389672810761,3417.2180822902424,309.55862546961254,3613.478353093226,0.812904684363443,4.928972765441296,10.589184085230777,,,223.23593596182425,16.186813012539208
1235,,AM,R3130,00,EHZ,61.1981981981982,-149.90658980942584,2026-09-12T15:55:59.995000Z,2026-09-12T15:56:59.995000Z,100.0,100.0,60.0,,traffic,1,Traffic,timeofday:America/Anchorage:day7-19:night1-5,AM,2.0-20.0,356.80576164457887,2316.207609268434,313.3045547803333,2209.6187172304453,0.7710272012965699,4.3847934852146375,2.6424345234820263,,,223.23593596182425,9.898131802615838
1236,,AM,R3130,00,EHZ,61.1981981981982,-149.90658980942584,2026-09-12T15:56:59.995000Z,2026-09-12T15:57:59.995000Z,100.0,100.0,60.0,,traffic,1,Traffic,timeofday:America/Anchorage:day7-19:night1-5,AM,2.0-20.0,351.1814587404017,1499.2001905803622,314.0789877587641,1571.8771892941722,0.7998611591774144,2.649146518229129,0.6325594201502605,,,223.23593596182425,7.0413268478556255
1237,,AM,R3130,00,EHZ,61.1981981981982,-149.90658980942584,2026-09-12T15:57:59.995000Z,2026-09-12T15:58:59.995000Z,100.0,100.0,60.0,,traffic,1,Traffic,timeofday:America/Anchorage:day7-19:night1-5,AM,2.0-20.0,304.7807512941517,1531.1919575937732,245.64847957691865,1116.5965744981957,0.6496105812632658,2.374152286789472,0.18622532420927662,,,223.23593596182425,5.001867507071736
1238,,AM,R3130,00,EHZ,61.1981981981982,-149.90658980942584,2026-09-12T16:01:59.995000Z,2026-09-12T16:02:59.995000Z,100.0,100.0,60.0,,traffic,1,Traffic,timeofday:America/Anchorage:day7-19:night1-5,AM,2.0-20.0,336.6668081510242,1474.8449644153175,292.5788652956221,1391.1457685703704,0.7552405491807678,2.7184721621386636,0.6916816732469422,,,223.23593596182425,6.231728608463251
1239,,AM,R3130,00,EHZ,61.1981981981982,-149.90658980942584,2026-09-12T16:02:59.995000Z,2026-09-12T16:03:59.995000Z,100.0,100.0,60.0,,traffic,1,Traffic,timeofday:America/Anchorage:day7-19:night1-5,AM,2.0-20.0,341.2299916474324,2572.143269685404,306.4097295996231,2674.211389399507,0.806326089597998,3.357268458528211,3.0588038108013986,,,223.23593596182425,11.979305114463408
1240,,AM,R3130,00,EHZ,61.1981981981982,-149.90658980942584,2026-09-12T16:03:59.995000Z,2026-09-12T16:04:59.995000Z,100.0,100.0,60.0,,traffic,1,Traffic,timeofday:America/Anchorage:day7-19:night1-5,AM,2.0-20.0,305.1556758136006,1353.8647118686608,267.1270589909361,1232.8016649099227,0.7662894759924704,2.204292766280573,0.40862939818969446,,,223.23593596182425,5.522415822516788
1241,,AM,R3130,00,EHZ,61.1981981981982,-149.90658980942584,2026-09-12T16:04:59.995000Z,2026-09-12T16:05:59.995000Z,100.0,100.0,60.0,,traffic,1,Traffic,timeofday:America/Anchorage:day7-19:night1-5,AM,2.0-20.0,656.1091198650032,3977.1289708891577,561.8115335557684,3952.056060748504,0.7332113049259453,5.2375698362929635,3.4376676664589514,,,223.23593596182425,17.70349403522714
1242,,AM,R3130,00,EHZ,61.1981981981982,-149.90658980942584,2026-09-12T16:05:59.995000Z,2026-09-12T16:06:59.995000Z,100.0,100.0,60.0,,traffic,1,Traffic,timeofday:America/Anchorage:day7-19:night1-5,AM,2.0-20.0,518.3572890740525,2756.884305033864,465.22237424750847,2436.109486753636,0.8054948478853907,3.9477900707787477,2.554931717987312,,,223.23593596182425,10.912712042787936
1243,,AM,R3130,00,EHZ,61.1981981981982,-149.90658980942584,2026-09-12T16:06:59.995000Z,2026-09-12T16:07:59.995000Z,100.0,100.0,60.0,,traffic,1,Traffic,timeofday:America/Anchorage:day7-19:night1-5,AM,2.0-20.0,417.5626115682588,2430.8913051439254,367.5311352439666,2191.0196416201657,0.774720524575011,3.420692529155987,1.9202989770069614,,,223.23593596182425,9.81481602493809
1244,,AM,R3130,00,EHZ,61.1981981981982,-149.90658980942584,2026-09-12T16:07:59.995000Z,2026-09-12T16:08:59.995000Z,100.0,100.0,60.0,,traffic,1,Traffic,timeofday:America/Anchorage:day7-19:night1-5,AM,2.0-20.0,337.9587588145815,1992.0989632744945,261.14405214920015,1475.5942095704024,0.5970804680195158,3.344938509682987,1.287096018154041,,,223.23593596182425,6.610020932394796
1245,,AM,R3130,00,EHZ,61.1981981981982,-149.90658980942584,2026-09-12T16:08:59.995000Z,2026-09-12T16:09:59.995000Z,100.0,100.0,60.0,,traffic,1,Traffic,timeofday:America/Anchorage:day7-19:night1-5,AM,2.0-20.0,758.924292673493,6948.08996456158,702.7876520826952,6735.681744179805,0.8575339752582252,5.431955653774599,13.190484774052475,,,223.23593596182425,30.172927647866153
1246,,AM,R3130,00,EHZ,61.1981981981982,-149.90658980942584,2026-09-12T16:09:59.995000Z,2026-09-12T16:10:59.995000Z,100.0,100.0,60.0,,traffic,1,Traffic,timeofday:America/Anchorage:day7-19:night1-5,AM,2.0-20.0,1195.908637280349,14695.089110262434,1148.0202365050777,16070.831835156427,0.9215164284992833,4.882206700929167,24.615265859647298,,,223.23593596182425,71.99034405421496
1247,,AM,R3130,00,EHZ,61.1981981981982,-149.90658980942584,2026-09-12T16:10:59.995000Z,2026-09-12T16:11:59.995000Z,100.0,100.0,60.0,,traffic,1,Traffic,timeofday:America/Anchorage:day7-19:night1-5,AM,2.0-20.0,565.6575539520588,8203.924951387227,533.4879884526417,7600.123865123629,0.8894921280747167,6.782964100274141,29.213918743208772,,,223.23593596182425,34.04525276084282
1248,,AM,R3130,00,EHZ,61.1981981981982,-149.90658980942584,2026-09-12T16:11:59.995000Z,2026-09-12T16:12:59.995000Z,100.0,100.0,60.0,,traffic,1,Traffic,timeofday:America/Anchorage:day7-19:night1-5,AM,2.0-20.0,995.2091664055373,5636.0673984924915,972.580109578597,6088.552575442258,0.9550410347098038,4.676258312088635,3.9679235216055018,,,223.23593596182425,27.27407014112399
1249,,AM,R3130,00,EHZ,61.1981981981982,-149.90658980942584,2026-09-12T16:12:59.995000Z,2026-09-12T16:13:59.995000Z,100.0,100.0,60.0,,traffic,1,Traffic,timeofday:America/Anchorage:day7-19:night1-5,AM,2.0-20.0,342.49211897904325,2564.0560811716928,300.7016819411688,2606.3244964048217,0.7708511943229411,4.093635809081101,5.9426691088841785,,,223.23593596182425,11.67520132981874
1250,,AM,R3130,00,EHZ,61.1981981981982,-149.90658980942584,2026-09-12T16:13:59.995000Z,2026-09-12T16:14:59.995000Z,100.0,100.0,60.0,,traffic,1,Traffic,timeofday:America/Anchorage:day7-19:night1-5,AM,2.0-20.0,902.109370834203,5596.0517539608,882.5330872275722,5006.549417280311,0.9570697832899521,4.690318647709846,3.7397323365840327,,,223.23593596182425,22.42716610884945
1251,,AM,R3130,00,EHZ,61.1981981981982,-149.90658980942584,2026-09-12T16:14:59.995000Z,2026-09-12T16:15:59.995000Z,100.0,100.0,60.0,,traffic,1,Traffic,timeofday:America/Anchorage:day7-19:night1-5,AM,2.0-20.0,364.4374665899005,3015.0408337891035,326.7595709818737,2910.4529945830777,0.8039158595674754,3.9069889244438363,4.60863012404072,,,223.23593596182425,13.037564861782812
1252,,AM,R3130,00,EHZ,61.1981981981982,-149.90658980942584,2026-09-12T16:15:59.995000Z,2026-09-12T16:16:59.995000Z,100.0,100.0,60.0,,traffic,1,Traffic,timeofday:America/Anchorage:day7-19:night1-5,AM,2.0-20.0,469.0808182640637,3462.031639358827,434.9432616973529,3554.315882022039,0.8597454098818406,4.985205166394756,6.2025274672777595,,,223.23593596182425,15.921790847464028
1253,,AM,R3130,00,EHZ,61.1981981981982,-149.90658980942584,2026-09-12T16:16:59.995000Z,2026-09-12T16:17:59.995000Z,100.0,100.0,60.0,,traffic,1,Traffic,timeofday:America/Anchorage:day7-19:night1-5,AM,2.0-20.0,473.6503076280936,4747.023740663207,448.2162627959909,4578.423629570281,0.8954875926277313,4.817041603237239,11.460749688713175,,,223.23593596182425,20.50934859499163
1254,,AM,R3130,00,EHZ,61.1981981981982,-149.90658980942584,2026-09-12T16:17:59.995000Z,2026-09-12T16:18:59.995000Z,100.0,100.0,60.0,,traffic,1,Traffic,timeofday:America/Anchorage:day7-19:night1-5,AM,2.0-20.0,486.8543462998049,3591.985639484274,441.7255135269018,2878.95909842672,0.8232028507583563,4.397138972276179,3.2872427731042952,,,223.23593596182425,12.896485890690347
1255,,AM,R3130,00,EHZ,61.1981981981982,-149.90658980942584,2026-09-12T16:18:59.995000Z,2026-09-12T16:19:59.995000Z,100.0,100.0,60.0,,traffic,1,Traffic,timeofday:America/Anchorage:day7-19:night1-5,AM,2.0-20.0,363.64927919663296,2337.010661886144,324.28427355350385,2164.4373533682547,0.795218203894864,3.5623825681407464,2.2467825179413845,,,223.23593596182425,9.69573892322783
1256,,AM,R3130,00,EHZ,61.1981981981982,-149.90658980942584,2026-09-12T16:19:59.995000Z,2026-09-12T16:20:59.995000Z,100.0,100.0,60.0,,traffic,1,Traffic,timeofday:America/Anchorage:day7-19:night1-5,AM,2.0-20.0,350.6084463353985,2002.9976145381456,313.261324963702,1753.0518320280985,0.7983049321033256,3.2199609887305853,0.547643656056001,,,223.23593596182425,7.852910529279162
1257,,AM,R3130,00,EHZ,61.1981981981982,-149.90658980942584,2026-09-12T16:20:59.995000Z,2026-09-12T16:21:59.995000Z,100.0,100.0,60.0,,traffic,1,Traffic,timeofday:America/Anchorage:day7-19:night1-5,AM,2.0-20.0,365.0713865141154,4282.00603409065,333.0356424551557,4362.063063222291,0.8321964147555442,7.002859666939766,23.380269292681724,,,223.23593596182425,19.540147263602982
1258,,AM,R3130,00,EHZ,61.1981981981982,-149.90658980942584,2026-09-12T16:21:59.995000Z,2026-09-12T16:22:59.995000Z,100.0,100.0,60.0,,traffic,1,Traffic,timeofday:America/Anchorage:day7-19:night1-5,AM,2.0-20.0,282.78149593289714,1099.9840200386857,246.86458391120007,1172.7643797559426,0.7621063893575112,2.255838395860573,0.3142770070503702,,,223.23593596182425,5.253474870446029
1259,,AM,R3130,00,EHZ,61.1981981981982,-149.90658980942584,2026-09-12T16:22:59.995000Z,2026-09-12T16:23:59.995000Z,100.0,100.0,60.0,,traffic,1,Traffic,timeofday:America/Anchorage:day7-19:night1-5,AM,2.0-20.0,485.07446771807116,7239.971221266024,452.13462234242246,6252.189617028431,0.8687977699525404,7.453851492940978,39.91989798764212,,,223.23593596182425,28.007092989265054
1260,,AM,R3130,00,EHZ,61.1981981981982,-149.90658980942584,2026-09-12T16:23:59.995000Z,2026-09-12T16:24:59.995000Z,100.0,100.0,60.0,,traffic,1,Traffic,timeofday:America/Anchorage:day7-19:night1-5,AM,2.0-20.0,353.6460509392493,2973.03089162434,319.3609047231757,2797.1149772247472,0.8155035843994779,3.683105568549059,3.9541944382428467,,,223.23593596182425,12.529859787911047
1261,,AM,R3130,00,EHZ,61.1981981981982,-149.90658980942584,2026-09-12T16:24:59.995000Z,2026-09-12T16:25:59.995000Z,100.0,100.0,60.0,,traffic,1,Traffic,timeofday:America/Anchorage:day7-19:night1-5,AM,2.0-20.0,402.5145534960435,1729.955518161983,366.72006821886964,2016.7455332481422,0.8300536782463092,3.7520250296299187,0.8194108020523307,,,223.23593596182425,9.0341437392635
1262,,AM,R3130,00,EHZ,61.1981981981982,-149.90658980942584,2026-09-12T16:25:59.995000Z,2026-09-12T16:26:59.995000Z,100.0,100.0,60.0,,traffic,1,Traffic,timeofday:America/Anchorage:day7-19:night1-5,AM,2.0-20.0,325.4106698111575,1331.9514180975198,251.6831086592251,1084.7915341067899,0.5981974554802705,2.4093854878886085,0.38061330637716795,,,223.23593596182425,4.859394744994376
1263,,AM,R3130,00,EHZ,61.1981981981982,-149.90658980942584,2026-09-12T16:26:59.995000Z,2026-09-12T16:27:59.995000Z,100.0,100.0,60.0,,traffic,1,Traffic,timeofday:America/Anchorage:day7-19:night1-5,AM,2.0-20.0,625.1563500526541,4892.062577836824,581.8535775304796,4661.6162602471995,0.8662637159344875,4.034209859522314,9.196746796650983,,,223.23593596182425,20.882015434308865
1264,,AM,R3130,00,EHZ,61.1981981981982,-149.90658980942584,2026-09-12T16:27:59.995000Z,2026-09-12T16:28:59.995000Z,100.0,100.0,60.0,,traffic,1,Traffic,timeofday:America/Anchorage:day7-19:night1-5,AM,2.0-20.0,775.0626900839427,5353.9317835030915,717.283414470853,5010.66047549029,0.8564616378746717,4.01722286601237,3.9879677709389343,,,223.23593596182425,22.445581863428867
1265,,AM,R3130,00,EHZ,61.1981981981982,-149.90658980942584,2026-09-12T16:28:59.995000Z,2026-09-12T16:29:59.995000Z,100.0,100.0,60.0,,traffic,1,Traffic,timeofday:America/Anchorage:day7-19:night1-5,AM,2.0-20.0,380.5394903906645,1909.926480562573,339.4556287133946,1979.6582768475819,0.795731525200692,2.808877607585068,1.2701286664004083,,,223.23593596182425,8.868008944519241
1266,,AM,R3130,00,EHZ,61.1981981981982,-149.90658980942584,2026-09-12T16:29:59.995000Z,2026-09-12T16:30:59.995000Z,100.0,100.0,60.0,,traffic,1,Traffic,timeofday:America/Anchorage:day7-19:night1-5,AM,2.0-20.0,513.1567272824892,3051.9122189097666,474.3583605316289,3153.740459283829,0.854501964243393,3.871528339139641,2.0885258017550576,,,223.23593596182425,14.127386998404917
1267,,AM,R3130,00,EHZ,61.1981981981982,-149.90658980942584,2026-09-12T16:30:59.995000Z,2026-09-12T16:31:59.995000Z,100.0,100.0,60.0,,traffic,1,Traffic,timeofday:America/Anchorage:day7-19:night1-5,AM,2.0-20.0,456.76721735417254,2782.0962840810666,417.15511987954545,2518.4982251553242,0.8340753822510586,3.72376472049538,1.9972292483186873,,,223.23593596182425,11.281777793992875
1268,,AM,R3130,00,EHZ,61.1981981981982,-149.90658980942584,2026-09-12T16:31:59.995000Z,2026-09-12T16:32:59.995000Z,100.0,100.0,60.0,,traffic,1,Traffic,timeofday:America/Anchorage:day7-19:night1-5,AM,2.0-20.0,439.61186356333707,2867.1064442408137,403.45135456050735,2515.245719474614,0.8422549031505323,3.9050726214308034,2.4152194641025124,,,223.23593596182425,11.267207981714682
1269,,AM,R3130,00,EHZ,61.1981981981982,-149.90658980942584,2026-09-12T16:32:59.995000Z,2026-09-12T16:33:59.995000Z,100.0,100.0,60.0,,traffic,1,Traffic,timeofday:America/Anchorage:day7-19:night1-5,AM,2.0-20.0,337.1938251879709,1559.113878643419,293.9332880808844,1596.4889516872142,0.7598682870115275,3.637665781103893,1.0920985302145336,,,223.23593596182425,7.151576849885992
1270,,AM,R3130,00,EHZ,61.1981981981982,-149.90658980942584,2026-09-12T16:33:59.995000Z,2026-09-12T16:34:59.995000Z,100.0,100.0,60.0,,traffic,1,Traffic,timeofday:America/Anchorage:day7-19:night1-5,AM,2.0-20.0,621.2444457152801,7230.875744050562,563.6109721704154,5335.412498284551,0.8230644436290125,5.4369051122137275,16.28863612010837,,,223.23593596182425,23.900329825019586
1271,,AM,R3130,00,EHZ,61.1981981981982,-149.90658980942584,2026-09-12T16:34:59.995000Z,2026-09-12T16:35:59.995000Z,100.0,100.0,60.0,,traffic,1,Traffic,timeofday:America/Anchorage:day7-19:night1-5,AM,2.0-20.0,1144.806466805962,13447.125327394853,1097.0899252522972,13049.935196787297,0.9183755347739778,4.652274765041023,35.23200322149762,,,223.23593596182425,58.45803965459655
1272,,AM,R3130,00,EHZ,61.1981981981982,-149.90658980942584,2026-09-12T16:35:59.995000Z,2026-09-12T16:36:59.995000Z,100.0,100.0,60.0,,traffic,1,Traffic,timeofday:America/Anchorage:day7-19:night1-5,AM,2.0-20.0,542.993794205846,3054.1344889674715,514.0544931491556,3201.2276299378136,0.8962487990609931,5.432962413150721,3.0880176065799168,,,223.23593596182425,14.34010889037712
1273,,AM,R3130,00,EHZ,61.1981981981982,-149.90658980942584,2026-09-12T16:36:59.995000Z,2026-09-12T16:37:59.995000Z,100.0,100.0,60.0,,traffic,1,Traffic,timeofday:America/Anchorage:day7-19:night1-5,AM,2.0-20.0,713.4900105781128,5641.148076323961,688.2190603389682,5469.0571416781995,0.9304169177491675,6.048381991175173,6.325354873757531,,,223.23593596182425,24.498999760564836
1274,,AM,R3130,00,EHZ,61.1981981981982,-149.90658980942584,2026-09-12T16:37:59.995000Z,2026-09-12T16:38:59.995000Z,100.0,100.0,60.0,,traffic,1,Traffic,timeofday:America/Anchorage:day7-19:night1-5,AM,2.0-20.0,749.6481487838337,7750.156923605923,718.6967436518996,7271.711639852816,0.9191288719385974,4.321470310722475,12.797931804011172,,,223.23593596182425,32.57410868246749
1275,,AM,R3130,00,EHZ,61.1981981981982,-149.90658980942584,2026-09-12T16:38:59.995000Z,2026-09-12T16:39:59.995000Z,100.0,100.0,60.0,,traffic,1,Traffic,timeofday:America/Anchorage:day7-19:night1-5,AM,2.0-20.0,548.3431754775255,4343.162367977237,513.3336201175027,3408.195872706786,0.8763841854536278,4.850134277358762,4.686073849567901,,,223.23593596182425,15.267236692974128
1276,,AM,R3130,00,EHZ,61.1981981981982,-149.90658980942584,2026-09-12T16:39:59.995000Z,2026-09-12T16:40:59.995000Z,100.0,100.0,60.0,,traffic,1,Traffic,timeofday:America/Anchorage:day7-19:night1-5,AM,2.0-20.0,466.92638799986037,3178.832433369596,427.62307252273007,2851.6243322790083,0.8387362670906368,4.173112142714456,3.4153793586939374,,,223.23593596182425,12.774038014948752
1277,,AM,R3130,00,EHZ,61.1981981981982,-149.90658980942584,2026-09-12T16:40:59.995000Z,2026-09-12T16:41:59.995000Z,100.0,100.0,60.0,,traffic,1,Traffic,timeofday:America/Anchorage:day7-19:night1-5,AM,2.0-20.0,526.3035406207835,3496.8170502705866,482.2687811890897,3179.566768737231,0.8396643523484338,4.307471906894622,4.4172199719740455,,,223.23593596182425,14.243077643560808
1278,,AM,R3130,00,EHZ,61.1981981981982,-149.90658980942584,2026-09-12T16:41:59.995000Z,2026-09-12T16:42:59.995000Z,100.0,100.0,60.0,,traffic,1,Traffic,timeofday:America/Anchorage:day7-19:night1-5,AM,2.0-20.0,477.6888473212381,2864.192611309893,444.7070945424192,2853.939178970917,0.8666782787780182,3.9809670815148914,1.7744551132954172,,,223.23593596182425,12.784407522357741
1279,,AM,R3130,00,EHZ,61.1981981981982,-149.90658980942584,2026-09-12T16:42:59.995000Z,2026-09-12T16:43:59.995000Z,100.0,100.0,60.0,,traffic,1,Traffic,timeofday:America/Anchorage:day7-19:night1-5,AM,2.0-20.0,496.1235267576047,2945.8067029650406,446.9897466480649,2570.058424763848,0.8117372533556753,3.2643153162845513,2.382986921070253,,,223.23593596182425,11.512745086003338
1280,,AM,R3130,00,EHZ,61.1981981981982,-149.90658980942584,2026-09-12T16:43:59.995000Z,2026-09-12T16:44:59.995000Z,100.0,100.0,60.0,,traffic,1,Traffic,timeofday:America/Anchorage:day7-19:night1-5,AM,2.0-20.0,451.6303805197846,2696.7938199053383,406.2225905182076,2830.060243387373,0.8090248200964648,2.989243850441979,1.9487664280692636,,,223.23593596182425,12.677440266030212
1281,,AM,R3130,00,EHZ,61.1981981981982,-149.90658980942584,2026-09-12T16:44:59.995000Z,2026-09-12T16:45:59.995000Z,100.0,100.0,60.0,,traffic,1,Traffic,timeofday:America/Anchorage:day7-19:night1-5,AM,2.0-20.0,380.6895398977011,1971.2117958972435,341.6468493487436,1946.0804324344565,0.805402460595609,5.089087268008416,1.353543476470458,,,223.23593596182425,8.717594790684853
1282,,AM,R3130,00,EHZ,61.1981981981982,-149.90658980942584,2026-09-12T16:45:59.995000Z,2026-09-12T16:46:59.995000Z,100.0,100.0,60.0,,traffic,1,Traffic,timeofday:America/Anchorage:day7-19:night1-5,AM,2.0-20.0,617.2043718925676,5911.773819590876,581.1124314123706,5985.890040770781,0.886466534529424,4.512078806140057,9.087071953662898,,,223.23593596182425,26.81418659133103
1283,,AM,R3130,00,EHZ,61.1981981981982,-149.90658980942584,2026-09-12T16:46:59.995000Z,2026-09-12T16:47:59.995000Z,100.0,100.0,60.0,,traffic,1,Traffic,timeofday:America/Anchorage:day7-19:night1-5,AM,2.0-20.0,798.3784073060766,3769.2306733369082,748.8531750600065,3650.2917817157486,0.8797834453172402,3.35016292639918,2.07799295751032,,,223.23593596182425,16.351721177812465
1284,,AM,R3130,00,EHZ,61.1981981981982,-149.90658980942584,2026-09-12T16:47:59.995000Z,2026-09-12T16:48:59.995000Z,100.0,100.0,60.0,,traffic,1,Traffic,timeofday:America/Anchorage:day7-19:night1-5,AM,2.0-20.0,474.33754795999306,4288.243840686794,432.8356739291817,4241.942185326802,0.8326664897513844,5.78908707568155,6.769896930500451,,,223.23593596182425,19.00205792158938
1285,,AM,R3130,00,EHZ,61.1981981981982,-149.90658980942584,2026-09-12T16:48:59.995000Z,2026-09-12T16:49:59.995000Z,100.0,100.0,60.0,,traffic,1,Traffic,timeofday:America/Anchorage:day7-19:night1-5,AM,2.0-20.0,505.32767069078375,3358.246997879291,466.05648622278954,2929.7709463417777,0.8506109187407722,3.250101037106201,2.9739886630791332,,,223.23593596182425,13.124100892263153
1286,,AM,R3130,00,EHZ,61.1981981981982,-149.90658980942584,2026-09-12T16:49:59.995000Z,2026-09-12T16:50:59.995000Z,100.0,100.0,60.0,,traffic,1,Traffic,timeofday:America/Anchorage:day7-19:night1-5,AM,2.0-20.0,817.7940700270686,6412.260443804985,769.1029252062019,7693.425443003629,0.8844657340473577,4.013164242429061,5.423524672665771,,,223.23593596182425,34.463203291423866
1287,,AM,R3130,00,EHZ,61.1981981981982,-149.90658980942584,2026-09-12T16:50:59.995000Z,2026-09-12T16:51:59.995000Z,100.0,100.0,60.0,,traffic,1,Traffic,timeofday:America/Anchorage:day7-19:night1-5,AM,2.0-20.0,522.7052684701281,4142.266479614172,473.445207101497,3630.8690070528783,0.8204000794428294,4.265349879037701,3.5955078421283853,,,223.23593596182425,16.264715586265627
1288,,AM,R3130,00,EHZ,61.1981981981982,-149.90658980942584,2026-09-12T16:51:59.995000Z,2026-09-12T16:52:59.995000Z,100.0,100.0,60.0,,traffic,1,Traffic,timeofday:America/Anchorage:day7-19:night1-5,AM,2.0-20.0,849.303457278705,6623.723618801577,822.1369714474674,6413.057651109429,0.9370495872788703,4.930051235940841,3.616619003270432,,,223.23593596182425,28.727711886880662
1289,,AM,R3130,00,EHZ,61.1981981981982,-149.90658980942584,2026-09-12T16:52:59.995000Z,2026-09-12T16:53:59.995000Z,100.0,100.0,60.0,,traffic,1,Traffic,timeofday:America/Anchorage:day7-19:night1-5,AM,2.0-20.0,484.50447556734395,2453.7128329177062,438.1253716321635,2542.084967490712,0.8177136003342271,2.8745059251838696,1.6755817012502607,,,223.23593596182425,11.387436151522827
1290,,AM,R3130,00,EHZ,61.1981981981982,-149.90658980942584,2026-09-12T16:53:59.995000Z,2026-09-12T16:54:59.995000Z,100.0,100.0,60.0,,traffic,1,Traffic,timeofday:America/Anchorage:day7-19:night1-5,AM,2.0-20.0,542.0830363812707,6659.290854283126,504.7110578431949,6669.331956423508,0.8668700647853753,7.181425665085436,19.021891976689417,,,223.23593596182425,29.875709426837243
1291,,AM,R3130,00,EHZ,61.1981981981982,-149.90658980942584,2026-09-12T16:54:59.995000Z,2026-09-12T16:55:59.995000Z,100.0,100.0,60.0,,traffic,1,Traffic,timeofday:America/Anchorage:day7-19:night1-5,AM,2.0-20.0,782.0315532044341,9622.699844142056,740.2010777793248,8857.340930278346,0.8958821298539613,5.699015200893392,18.10188205976192,,,223.23593596182425,39.67703896828262
1292,,AM,R3130,00,EHZ,61.1981981981982,-149.90658980942584,2026-09-12T16:55:59.995000Z,2026-09-12T16:56:59.995000Z,100.0,100.0,60.0,,traffic,1,Traffic,timeofday:America/Anchorage:day7-19:night1-5,AM,2.0-20.0,527.4092700878875,3986.6877282372748,484.40427491813364,3713.6087817324465,0.8435686208359412,5.123890519697544,4.321169904031524,,,223.23593596182425,16.635353827474773
1293,,AM,R3130,00,EHZ,61.1981981981982,-149.90658980942584,2026-09-12T16:56:59.995000Z,2026-09-12T16:57:59.995000Z,100.0,100.0,60.0,,traffic,1,Traffic,timeofday:America/Anchorage:day7-19:night1-5,AM,2.0-20.0,746.6869449426492,7977.680693840958,702.8401425136259,8199.474305161664,0.88600464731061,7.125870755952654,11.098023040879946,,,223.23593596182425,36.730082322247
1294,,AM,R3130,00,EHZ,61.1981981981982,-149.90658980942584,2026-09-12T16:57:59.995000Z,2026-09-12T16:58:59.995000Z,100.0,100.0,60.0,,traffic,1,Traffic,timeofday:America/Anchorage:day7-19:night1-5,AM,2.0-20.0,416.61423561398266,3531.670233676495,378.2123069205476,3033.1538425873023,0.8241440013419864,4.066431751641918,3.669276406268607,,,223.23593596182425,13.587211348920114
1295,,AM,R3130,00,EHZ,61.1981981981982,-149.90658980942584,2026-09-12T16:58:59.995000Z,2026-09-12T16:59:59.995000Z,100.0,100.0,60.0,,traffic,1,Traffic,timeofday:America/Anchorage:day7-19:night1-5,AM,2.0-20.0,620.2435810328566,3832.3385478901478,583.4218016642753,3854.827660599843,0.884791111936018,4.568638305087625,3.6791147852485,,,223.23593596182425,17.26795304703567
1296,,AM,R3130,00,EHZ,61.1981981981982,-149.90658980942584,2026-09-12T16:59:59.995000Z,2026-09-12T17:00:59.995000Z,100.0,100.0,60.0,,traffic,1,Traffic,timeofday:America/Anchorage:day7-19:night1-5,AM,2.0-20.0,504.47978232319304,3118.3466023025,457.0459479061895,2819.845190656736,0.8207902592599344,5.404149020018013,3.756314561911969,,,223.23593596182425,12.631681268104433
1297,,AM,R3130,00,EHZ,61.1981981981982,-149.90658980942584,2026-09-12T17:00:59.995000Z,2026-09-12T17:01:59.995000Z,100.0,100.0,60.0,,traffic,1,Traffic,timeofday:America/Anchorage:day7-19:night1-5,AM,2.0-20.0,490.99836987211086,5284.652386253026,459.59483267606146,4982.734864577606,0.8761736212572263,4.386888189430658,9.625427962032859,,,223.23593596182425,22.320487259854556
1298,,AM,R3130,00,EHZ,61.1981981981982,-149.90658980942584,2026-09-12T17:01:59.995000Z,2026-09-12T17:02:59.995000Z,100.0,100.0,60.0,,traffic,1,Traffic,timeofday:America/Anchorage:day7-19:night1-5,AM,2.0-20.0,693.0363668097592,5660.361949686662,653.8819401345575,4885.5429680018715,0.8901980442645249,3.9277939935800337,6.278111237358811,,,223.23593596182425,21.88510979180947
1299,,AM,R3130,00,EHZ,61.1981981981982,-149.90658980942584,2026-09-12T17:02:59.995000Z,2026-09-12T17:03:59.995000Z,100.0,100.0,60.0,,traffic,1,Traffic,timeofday:America/Anchorage:day7-19:night1-5,AM,2.0-20.0,962.3378371646064,7676.366971194187,843.3851631238934,6088.524791322767,0.768062903668886,6.640679982012192,3.7264422375964035,,,223.23593596182425,27.273945680340507
1300,,AM,R3130,00,EHZ,61.1981981981982,-149.90658980942584,2026-09-12T17:03:59.995000Z,2026-09-12T17:04:59.995000Z,100.0,100.0,60.0,,traffic,1,Traffic,timeofday:America/Anchorage:day7-19:night1-5,AM,2.0-20.0,625.7977841754868,4269.3733241512155,589.7249427780947,3843.266421215151,0.8880367765136967,3.5187552859665145,4.988706281663657,,,223.23593596182425,17.216163717800303
1301,,AM,R3130,00,EHZ,61.1981981981982,-149.90658980942584,2026-09-12T17:04:59.995000Z,2026-09-12T17:05:59.995000Z,100.0,100.0,60.0,,traffic,1,Traffic,timeofday:America/Anchorage:day7-19:night1-5,AM,2.0-20.0,631.6482916364765,4776.386642932054,586.5029710104519,3998.036564010503,0.8621637942386409,5.251807354405303,3.531427630651618,,,223.23593596182425,17.90946671191062
1302,,AM,R3130,00,EHZ,61.1981981981982,-149.90658980942584,2026-09-12T17:05:59.995000Z,2026-09-12T17:06:59.995000Z,100.0,100.0,60.0,,traffic,1,Traffic,timeofday:America/Anchorage:day7-19:night1-5,AM,2.0-20.0,406.03951632767337,2581.607319830167,372.3266996857264,2305.368794981332,0.8408368914286551,3.5584311663301262,2.427473167066638,,,223.23593596182425,10.327050548777123
1303,,AM,R3130,00,EHZ,61.1981981981982,-149.90658980942584,2026-09-12T17:06:59.995000Z,2026-09-12T17:07:59.995000Z,100.0,100.0,60.0,,traffic,1,Traffic,timeofday:America/Anchorage:day7-19:night1-5,AM,2.0-20.0,1000.6572821307849,9515.593095320803,969.7015901355467,9510.848929827489,0.939086278946708,6.475012123724905,17.082086436104852,,,223.23593596182425,42.604470865541764
1304,,AM,R3130,00,EHZ,61.1981981981982,-149.90658980942584,2026-09-12T17:07:59.995000Z,2026-09-12T17:08:59.995000Z,100.0,100.0,60.0,,traffic,1,Traffic,timeofday:America/Anchorage:day7-19:night1-5,AM,2.0-20.0,1084.616876714907,12697.407461830813,1040.075868086548,13739.679884157238,0.919554183002209,3.5007859220994653,25.265932926646585,,,223.23593596182425,61.54779616892359
1305,,AM,R3130,00,EHZ,61.1981981981982,-149.90658980942584,2026-09-12T17:08:59.995000Z,2026-09-12T17:09:59.995000Z,100.0,100.0,60.0,,traffic,1,Traffic,timeofday:America/Anchorage:day7-19:night1-5,AM,2.0-20.0,381.18572948548325,1561.5832737378073,330.2189445757594,1516.5969195443283,0.7504654500514257,2.1865912400009133,0.685130468651411,,,223.23593596182425,6.793695257934111
1306,,AM,R3130,00,EHZ,61.1981981981982,-149.90658980942584,2026-09-12T17:09:59.995000Z,2026-09-12T17:10:59.995000Z,100.0,100.0,60.0,,traffic,1,Traffic,timeofday:America/Anchorage:day7-19:night1-5,AM,2.0-20.0,300.7562884593253,1384.5684777908878,256.65396744153725,1084.1738548994094,0.7282265873314478,2.270304574223631,0.468930080725817,,,223.23593596182425,4.856627810518889
1307,,AM,R3130,00,EHZ,61.1981981981982,-149.90658980942584,2026-09-12T17:10:59.995000Z,2026-09-12T17:11:59.995000Z,100.0,100.0,60.0,,traffic,1,Traffic,timeofday:America/Anchorage:day7-19:night1-5,AM,2.0-20.0,471.62751277735,3204.561821971954,424.9825764951961,3219.872196819795,0.8119774832733369,5.180188024783689,4.741870759327284,,,223.23593596182425,14.42362844918673
1308,,AM,R3130,00,EHZ,61.1981981981982,-149.90658980942584,2026-09-12T17:11:59.995000Z,2026-09-12T17:12:59.995000Z,100.0,100.0,60.0,,traffic,1,Traffic,timeofday:America/Anchorage:day7-19:night1-5,AM,2.0-20.0,413.79415538440895,2127.4471895983047,355.88640332960335,2147.159966154016,0.7396973924073196,3.492450476844229,1.7512179327734883,,,223.23593596182425,9.618343735307935
1309,,AM,R3130,00,EHZ,61.1981981981982,-149.90658980942584,2026-09-12T17:12:59.995000Z,2026-09-12T17:13:59.995000Z,100.0,100.0,60.0,,traffic,1,Traffic,timeofday:America/Anchorage:day7-19:night1-5,AM,2.0-20.0,424.5136901482765,3467.5422988078512,388.51344954718604,3042.846878579355,0.8375846600061356,6.1061450004320506,5.460718362836747,,,223.23593596182425,13.630631938666516
1310,,AM,R3130,00,EHZ,61.1981981981982,-149.90658980942584,2026-09-12T17:13:59.995000Z,2026-09-12T17:14:59.995000Z,100.0,100.0,60.0,,traffic,1,Traffic,timeofday:America/Anchorage:day7-19:night1-5,AM,2.0-20.0,631.088127611782,3865.535750133458,593.1450225845223,3374.1206166643183,0.8833681986796477,3.6489298509223973,2.2710975169583483,,,223.23593596182425,15.114594351159166
1311,,AM,R3130,00,EHZ,61.1981981981982,-149.90658980942584,2026-09-12T17:14:59.995000Z,2026-09-12T17:15:59.995000Z,100.0,100.0,60.0,,traffic,1,Traffic,timeofday:America/Anchorage:day7-19:night1-5,AM,2.0-20.0,712.7370753489827,7052.524514242511,665.733245056161,6188.645056941542,0.8724524948545423,4.234429422840513,7.940961089866715,,,223.23593596182425,27.72244096936018
1312,,AM,R3130,00,EHZ,61.1981981981982,-149.90658980942584,2026-09-12T17:15:59.995000Z,2026-09-12T17:16:59.995000Z,100.0,100.0,60.0,,traffic,1,Traffic,timeofday:America/Anchorage:day7-19:night1-5,AM,2.0-20.0,506.8103426695127,4881.481122988979,470.4186367948502,5509.490613280081,0.8615452649359381,7.710118860189996,9.385886088857006,,,223.23593596182425,24.680124145524054
1313,,AM,R3130,00,EHZ,61.1981981981982,-149.90658980942584,2026-09-12T17:16:59.995000Z,2026-09-12T17:17:59.995000Z,100.0,100.0,60.0,,traffic,1,Traffic,timeofday:America/Anchorage:day7-19:night1-5,AM,2.0-20.0,748.8120583023658,6446.48561448817,720.5620400027129,5982.360622886834,0.9259703911395516,6.95285076248525,5.419898603404631,,,223.23593596182425,26.79837633269709
1314,,AM,R3130,00,EHZ,61.1981981981982,-149.90658980942584,2026-09-12T17:17:59.995000Z,2026-09-12T17:18:59.995000Z,100.0,100.0,60.0,,traffic,1,Traffic,timeofday:America/Anchorage:day7-19:night1-5,AM,2.0-20.0,480.51577985363775,2871.506196811653,426.0765579913971,2718.4889930652157,0.7862487590532323,3.49279626447915,2.24481628815387,,,223.23593596182425,12.17764954084322
1315,,AM,R3130,00,EHZ,61.1981981981982,-149.90658980942584,2026-09-12T17:18:59.995000Z,2026-09-12T17:19:59.995000Z,100.0,100.0,60.0,,traffic,1,Traffic,timeofday:America/Anchorage:day7-19:night1-5,AM,2.0-20.0,590.9550510949604,8204.492789457994,557.7895517341864,7054.363890547584,0.8909059344908556,7.3865533993675845,19.13904062156499,,,223.23593596182425,31.600485200348547
1316,,AM,R3130,00,EHZ,61.1981981981982,-149.90658980942584,2026-09-12T17:19:59.995000Z,2026-09-12T17:20:59.995000Z,100.0,100.0,60.0,,traffic,1,Traffic,timeofday:America/Anchorage:day7-19:night1-5,AM,2.0-20.0,580.1523110583173,5524.512782058179,505.80919835441546,5820.000203577131,0.7601326594485277,5.368697755200788,9.15664507776643,,,223.23593596182425,26.071072197678845
1317,,AM,R3130,00,EHZ,61.1981981981982,-149.90658980942584,2026-09-12T17:20:59.995000Z,2026-09-12T17:21:59.995000Z,100.0,100.0,60.0,,traffic,1,Traffic,timeofday:America/Anchorage:day7-19:night1-5,AM,2.0-20.0,376.31433752822596,1564.5222650644214,323.03116368103895,1319.8123888542164,0.7368639560963279,3.140122690858496,0.22647824696982255,,,223.23593596182425,5.912186060760031
1318,,AM,R3130,00,EHZ,61.1981981981982,-149.90658980942584,2026-09-12T17:21:59.995000Z,2026-09-12T17:22:59.995000Z,100.0,100.0,60.0,,traffic,1,Traffic,timeofday:America/Anchorage:day7-19:night1-5,AM,2.0-20.0,592.0395446496182,4286.4704576783015,559.5566469752166,3451.7115337334694,0.8932780991024462,5.542168136684383,2.6112023609051933,,,223.23593596182425,15.462167947385268
1319,,AM,R3130,00,EHZ,61.1981981981982,-149.90658980942584,2026-09-12T17:22:59.995000Z,2026-09-12T17:23:59.995000Z,100.0,100.0,60.0,,traffic,1,Traffic,timeofday:America/Anchorage:day7-19:night1-5,AM,2.0-20.0,547.4254598905458,2993.461164675047,512.6656961924093,2882.244469968843,0.8770382478646527,4.44245958395124,2.2920164157787157,,,223.23593596182425,12.911202927747878
1320,,AM,R3130,00,EHZ,61.1981981981982,-149.90658980942584,2026-09-12T17:23:59.995000Z,2026-09-12T17:24:59.995000Z,100.0,100.0,60.0,,traffic,1,Traffic,timeofday:America/Anchorage:day7-19:night1-5,AM,2.0-20.0,568.2191927814711,5400.453504554608,530.1518882231683,5215.262661449844,0.8705001042258588,4.942778666699214,7.165802111599808,,,223.23593596182425,23.36211075954057
1321,,AM,R3130,00,EHZ,61.1981981981982,-149.90658980942584,2026-09-12T17:24:59.995000Z,2026-09-12T17:25:59.995000Z,100.0,100.0,60.0,,traffic,1,Traffic,timeofday:America/Anchorage:day7-19:night1-5,AM,2.0-20.0,555.8097127977402,3503.439771481542,512.0699315417583,2750.426658462283,0.8488017894315343,2.6704243262853278,2.0713183188290847,,,223.23593596182425,12.320716405322104
1322,,AM,R3130,00,EHZ,61.1981981981982,-149.90658980942584,2026-09-12T17:25:59.995000Z,2026-09-12T17:26:59.995000Z,100.0,100.0,60.0,,traffic,1,Traffic,timeofday:America/Anchorage:day7-19:night1-5,AM,2.0-20.0,527.0035088210034,4170.431587067144,490.113501372887,3548.868700779786,0.8649008405923269,6.27732692790271,4.310728531879047,,,223.23593596182425,15.897389842228094
1323,,AM,R3130,00,EHZ,61.1981981981982,-149.90658980942584,2026-09-12T17:26:59.995000Z,2026-09-12T17:27:59.995000Z,100.0,100.0,60.0,,traffic,1,Traffic,timeofday:America/Anchorage:day7-19:night1-5,AM,2.0-20.0,464.7098819194793,4095.4293398889563,420.76851436790827,4039.4468131536296,0.8198278241330288,3.824621289804069,8.553458870885763,,,223.23593596182425,18.094966635857492
1324,,AM,R3130,00,EHZ,61.1981981981982,-149.90658980942584,2026-09-12T17:27:59.995000Z,2026-09-12T17:28:59.995000Z,100.0,100.0,60.0,,traffic,1,Traffic,timeofday:America/Anchorage:day7-19:night1-5,AM,2.0-20.0,593.1045198037825,5012.416566830984,555.3480004539028,4557.506740547847,0.8767342197170063,5.117972418333332,6.5040147881452715,,,223.23593596182425,20.41565002028719
1325,,AM,R3130,00,EHZ,61.1981981981982,-149.90658980942584,2026-09-12T17:28:59.995000Z,2026-09-12T17:29:59.995000Z,100.0,100.0,60.0,,traffic,1,Traffic,timeofday:America/Anchorage:day7-19:night1-5,AM,2.0-20.0,422.76605559547335,2205.58738608831,390.6000239060729,2028.9082179484844,0.8536194676782521,3.1189493843271867,1.1879161650882883,,,223.23593596182425,9.088627282192817
1326,,AM,R3130,00,EHZ,61.1981981981982,-149.90658980942584,2026-09-12T17:29:59.995000Z,2026-09-12T17:30:59.995000Z,100.0,100.0,60.0,,traffic,1,Traffic,timeofday:America/Anchorage:day7-19:night1-5,AM,2.0-20.0,743.5008720707675,4636.398420831391,711.517192670263,4605.637911447236,0.9158151690146579,3.1174875506748667,4.15418412974735,,,223.23593596182425,20.631256753549074
1327,,AM,R3130,00,EHZ,61.1981981981982,-149.90658980942584,2026-09-12T17:30:59.995000Z,2026-09-12T17:31:59.995000Z,100.0,100.0,60.0,,traffic,1,Traffic,timeofday:America/Anchorage:day7-19:night1-5,AM,2.0-20.0,500.36133751643393,3565.387342085774,471.35169235036665,4290.746423299164,0.8874065948896994,3.2976818930285576,3.5270656800868148,,,223.23593596182425,19.220679702899304
1328,,AM,R3130,00,EHZ,61.1981981981982,-149.90658980942584,2026-09-12T17:31:59.995000Z,2026-09-12T17:32:59.995000Z,100.0,100.0,60.0,,traffic,1,Traffic,timeofday:America/Anchorage:day7-19:night1-5,AM,2.0-20.0,740.8943817981259,5086.617285129837,703.8354276149709,4968.787080960891,0.9024634949267635,3.782061429677766,3.7875109945419974,,,223.23593596182425,22.25800724938214
1329,,AM,R3130,00,EHZ,61.1981981981982,-149.90658980942584,2026-09-12T17:32:59.995000Z,2026-09-12T17:33:59.995000Z,100.0,100.0,60.0,,traffic,1,Traffic,timeofday:America/Anchorage:day7-19:night1-5,AM,2.0-20.0,691.8453556682659,3207.6259952667847,640.8179095201549,3321.0712895361858,0.8579287505618779,3.023267008935936,1.5961648250730232,,,223.23593596182425,14.876956414867383
1330,,AM,R3130,00,EHZ,61.1981981981982,-149.90658980942584,2026-09-12T17:33:59.995000Z,2026-09-12T17:34:59.995000Z,100.0,100.0,60.0,,traffic,1,Traffic,timeofday:America/Anchorage:day7-19:night1-5,AM,2.0-20.0,362.49790799439614,1639.3685460759602,306.16254024841237,1400.8338428403504,0.7133342817806774,1.9829941763725865,0.4046599690561412,,,223.23593596182425,6.275126971850572
1331,,AM,R3130,00,EHZ,61.1981981981982,-149.90658980942584,2026-09-12T17:34:59.995000Z,2026-09-12T17:35:59.995000Z,100.0,100.0,60.0,,traffic,1,Traffic,timeofday:America/Anchorage:day7-19:night1-5,AM,2.0-20.0,803.5976303039663,4631.353947274997,729.5070761280168,5170.604847223674,0.824103432228462,4.499449211098121,3.361660555486522,,,223.23593596182425,23.162063155046432
1332,,AM,R3130,00,EHZ,61.1981981981982,-149.90658980942584,2026-09-12T17:35:59.995000Z,2026-09-12T17:36:59.995000Z,100.0,100.0,60.0,,traffic,1,Traffic,timeofday:America/Anchorage:day7-19:night1-5,AM,2.0-20.0,1341.693507468309,26702.349277201567,1301.9108973355133,25864.065932460246,0.941577100882236,8.276663264732537,82.49505549029801,,,223.23593596182425,115.8597777773704
1333,,AM,R3130,00,EHZ,61.1981981981982,-149.90658980942584,2026-09-12T17:36:59.995000Z,2026-09-12T17:37:59.995000Z,100.0,100.0,60.0,,traffic,1,Traffic,timeofday:America/Anchorage:day7-19:night1-5,AM,2.0-20.0,769.936405414235,7384.341029929042,734.2577845025008,6929.52974428387,0.9094679706058793,5.881937507366817,9.71466731718943,,,223.23593596182425,31.041282463899066
1334,,AM,R3130,00,EHZ,61.1981981981982,-149.90658980942584,2026-09-12T17:37:59.995000Z,2026-09-12T17:38:59.995000Z,100.0,100.0,60.0,,traffic,1,Traffic,timeofday:America/Anchorage:day7-19:night1-5,AM,2.0-20.0,700.1552870267017,6788.327759720397,657.8385822491872,5797.082199265565,0.8827748206945333,5.287239676903735,9.140168372886237,,,223.23593596182425,25.968409495937642
1335,,AM,R3130,00,EHZ,61.1981981981982,-149.90658980942584,2026-09-12T17:38:59.995000Z,2026-09-12T17:39:59.995000Z,100.0,100.0,60.0,,traffic,1,Traffic,timeofday:America/Anchorage:day7-19:night1-5,AM,2.0-20.0,688.4009345487135,5131.681070418438,644.3274650200046,4917.041615474524,0.876053008442665,6.3997743378172975,4.3001989683043025,,,223.23593596182425,22.02621004673455
1336,,AM,R3130,00,EHZ,61.1981981981982,-149.90658980942584,2026-09-12T17:39:59.995000Z,2026-09-12T17:40:59.995000Z,100.0,100.0,60.0,,traffic,1,Traffic,timeofday:America/Anchorage:day7-19:night1-5,AM,2.0-20.0,579.1069822716316,4536.687533377198,545.5934068604026,4682.982504186721,0.887606807829731,4.03130817176197,6.295580533108771,,,223.23593596182425,20.97772692380299
1337,,AM,R3130,00,EHZ,61.1981981981982,-149.90658980942584,2026-09-12T17:40:59.995000Z,2026-09-12T17:41:59.995000Z,100.0,100.0,60.0,,traffic,1,Traffic,timeofday:America/Anchorage:day7-19:night1-5,AM,2.0-20.0,1173.6585440230551,7570.692617742853,1153.171594291432,7326.8931317659335,0.9653934382806233,5.680704091037441,6.12986215836122,,,223.23593596182425,32.82129779059815
1338,,AM,R3130,00,EHZ,61.1981981981982,-149.90658980942584,2026-09-12T17:41:59.995000Z,2026-09-12T17:42:59.995000Z,100.0,100.0,60.0,,traffic,1,Traffic,timeofday:America/Anchorage:day7-19:night1-5,AM,2.0-20.0,471.79075900864706,3908.29379204347,445.7797078323737,3539.7181309542193,0.8927744036782769,4.123055889603433,2.853544680178965,,,223.23593596182425,15.856399265213058
1339,,AM,R3130,00,EHZ,61.1981981981982,-149.90658980942584,2026-09-12T17:42:59.995000Z,2026-09-12T17:43:59.995000Z,100.0,100.0,60.0,,traffic,1,Traffic,timeofday:America/Anchorage:day7-19:night1-5,AM,2.0-20.0,450.40684942018,2480.286397641495,403.11336003960406,1795.0675261105057,0.8010219391198362,2.831641207977707,0.9141421585808058,,,223.23593596182425,8.041122583496062
1340,,AM,R3130,00,EHZ,61.1981981981982,-149.90658980942584,2026-09-12T17:43:59.995000Z,2026-09-12T17:44:59.995000Z,100.0,100.0,60.0,,traffic,1,Traffic,timeofday:America/Anchorage:day7-19:night1-5,AM,2.0-20.0,595.9202846203402,3434.7232582246093,556.2992980119636,3178.6999502889084,0.8714464126263193,3.8906053710392174,2.8047297651940015,,,223.23593596182425,14.239194673533657
1341,,AM,R3130,00,EHZ,61.1981981981982,-149.90658980942584,2026-09-12T17:44:59.995000Z,2026-09-12T17:45:59.995000Z,100.0,100.0,60.0,,traffic,1,Traffic,timeofday:America/Anchorage:day7-19:night1-5,AM,2.0-20.0,722.0925342226919,8084.270365960859,691.7248009509194,7532.375671540647,0.917658273472881,5.298058202333361,8.992920208304309,,,223.23593596182425,33.741770289299495
1342,,AM,R3130,00,EHZ,61.1981981981982,-149.90658980942584,2026-09-12T17:45:59.995000Z,2026-09-12T17:46:59.995000Z,100.0,100.0,60.0,,traffic,1,Traffic,timeofday:America/Anchorage:day7-19:night1-5,AM,2.0-20.0,444.27281729383424,6391.259712936221,408.3783853715221,6391.051661811756,0.8449402749110367,6.5862692711131,28.224175766083256,,,223.23593596182425,28.62913461614305
1343,,AM,R3130,00,EHZ,61.1981981981982,-149.90658980942584,2026-09-12T17:49:59.995000Z,2026-09-12T17:50:59.995000Z,100.0,100.0,60.0,,traffic,1,Traffic,timeofday:America/Anchorage:day7-19:night1-5,AM,2.0-20.0,589.2843348054349,3640.771587555912,558.535864005961,3425.6927560030426,0.8983639934316073,4.03324675453581,3.2705832308256273,,,223.23593596182425,15.345615127973272
1344,,AM,R3130,00,EHZ,61.1981981981982,-149.90658980942584,2026-09-12T17:50:59.995000Z,2026-09-12T17:51:59.995000Z,100.0,100.0,60.0,,traffic,1,Traffic,timeofday:America/Anchorage:day7-19:night1-5,AM,2.0-20.0,683.9047098837418,7399.783160595017,652.3764585072225,6894.0885859824175,0.9099245286452255,7.102373996033888,14.234784702080479,,,223.23593596182425,30.882521473430607
1345,,AM,R3130,00,EHZ,61.1981981981982,-149.90658980942584,2026-09-12T17:51:59.995000Z,2026-09-12T17:52:59.995000Z,100.0,100.0,60.0,,traffic,1,Traffic,timeofday:America/Anchorage:day7-19:night1-5,AM,2.0-20.0,575.528119192714,3856.2086964198093,544.9146819277721,3708.578063151019,0.8964455680204715,3.5697412343250394,4.239061663003045,,,223.23593596182425,16.612818394011732
1346,,AM,R3130,00,EHZ,61.1981981981982,-149.90658980942584,2026-09-12T17:52:59.995000Z,2026-09-12T17:53:59.995000Z,100.0,100.0,60.0,,traffic,1,Traffic,timeofday:America/Anchorage:day7-19:night1-5,AM,2.0-20.0,540.2908201986116,4804.801342309457,509.01480130788946,4763.392823559104,0.8875761926992677,3.809871879141477,6.135053107599342,,,223.23593596182425,21.33793021735396
1347,,AM,R3130,00,EHZ,61.1981981981982,-149.90658980942584,2026-09-12T17:53:59.995000Z,2026-09-12T17:54:59.995000Z,100.0,100.0,60.0,,traffic,1,Traffic,timeofday:America/Anchorage:day7-19:night1-5,AM,2.0-20.0,700.032578673752,7379.806063812263,665.6045473723993,7040.72688256632,0.9040575067977208,7.461971413746066,12.352358665443688,,,223.23593596182425,31.53939732969498
1348,,AM,R3130,00,EHZ,61.1981981981982,-149.90658980942584,2026-09-12T17:54:59.995000Z,2026-09-12T17:55:59.995000Z,100.0,100.0,60.0,,traffic,1,Traffic,timeofday:America/Anchorage:day7-19:night1-5,AM,2.0-20.0,999.6652022570694,5643.815821108533,962.0180691421274,5391.583054756503,0.9260987731079066,5.895291525613361,2.1716788172406734,,,223.23593596182425,24.15194951263815
1349,,AM,R3130,00,EHZ,61.1981981981982,-149.90658980942584,2026-09-12T17:55:59.995000Z,2026-09-12T17:56:59.995000Z,100.0,100.0,60.0,,traffic,1,Traffic,timeofday:America/Anchorage:day7-19:night1-5,AM,2.0-20.0,521.0346200584514,3285.1754601829557,470.91958961435313,2939.772191691067,0.8168839289208155,3.0166178112578033,2.255337928550915,,,223.23593596182425,13.16890212601702
1350,,AM,R3130,00,EHZ,61.1981981981982,-149.90658980942584,2026-09-12T17:56:59.995000Z,2026-09-12T17:57:59.995000Z,100.0,100.0,60.0,,traffic,1,Traffic,timeofday:America/Anchorage:day7-19:night1-5,AM,2.0-20.0,608.6549377087854,5562.833312812124,553.6597502477642,5150.096927366776,0.8274535162025405,5.973639597554393,11.939258816319485,,,223.23593596182425,23.070196584511816
1351,,AM,R3130,00,EHZ,61.1981981981982,-149.90658980942584,2026-09-12T17:57:59.995000Z,2026-09-12T17:58:59.995000Z,100.0,100.0,60.0,,traffic,1,Traffic,timeofday:America/Anchorage:day7-19:night1-5,AM,2.0-20.0,469.9331017064924,2300.843984408483,414.9406369383806,2316.694729205293,0.7796503238262609,2.509146076556266,1.4307931467163346,,,223.23593596182425,10.377785813129444
1352,,AM,R3130,00,EHZ,61.1981981981982,-149.90658980942584,2026-09-12T17:58:59.995000Z,2026-09-12T17:59:59.995000Z,100.0,100.0,60.0,,traffic,1,Traffic,timeofday:America/Anchorage:day7-19:night1-5,AM,2.0-20.0,556.5336433029789,4395.14800403698,517.4447329157657,4158.2465940218235,0.8644603826154972,3.41443713709796,6.056201604028864,,,223.23593596182425,18.62713803718828
1353,,AM,R3130,00,EHZ,61.1981981981982,-149.90658980942584,2026-09-12T17:59:59.995000Z,2026-09-12T18:00:59.995000Z,100.0,100.0,60.0,,traffic,1,Traffic,timeofday:America/Anchorage:day7-19:night1-5,AM,2.0-20.0,534.5302775341961,3622.859314649519,476.01440695272265,3441.503293298483,0.7930408783498767,4.2994312057249315,3.787904659492768,,,223.23593596182425,15.41643946558415
1354,,AM,R3130,00,EHZ,61.1981981981982,-149.90658980942584,2026-09-12T18:00:59.995000Z,2026-09-12T18:01:59.995000Z,100.0,100.0,60.0,,traffic,1,Traffic,timeofday:America/Anchorage:day7-19:night1-5,AM,2.0-20.0,329.3963664701256,1353.1301394703837,292.48304846474326,1376.6237436552287,0.7884311833305573,2.3702016907303856,0.8968214813153566,,,223.23593596182425,6.1666762464742515
1355,,AM,R3130,00,EHZ,61.1981981981982,-149.90658980942584,2026-09-12T18:01:59.995000Z,2026-09-12T18:02:59.995000Z,100.0,100.0,60.0,,traffic,1,Traffic,timeofday:America/Anchorage:day7-19:night1-5,AM,2.0-20.0,916.2024610566739,5862.122213631482,884.6354322696307,5872.674982146309,0.9322786793497846,7.102054388825315,6.6637793911625565,,,223.23593596182425,26.307032319162985
1356,,AM,R3130,00,EHZ,61.1981981981982,-149.90658980942584,2026-09-12T18:02:59.995000Z,2026-09-12T18:03:59.995000Z,100.0,100.0,60.0,,traffic,1,Traffic,timeofday:America/Anchorage:day7-19:night1-5,AM,2.0-20.0,621.7473522828217,4672.119387872765,589.1803371310499,4935.1667729521305,0.8979840032457034,4.009339163284219,4.91667358345092,,,223.23593596182425,22.107402877089186
1357,,AM,R3130,00,EHZ,61.1981981981982,-149.90658980942584,2026-09-12T18:03:59.995000Z,2026-09-12T18:04:59.995000Z,100.0,100.0,60.0,,traffic,1,Traffic,timeofday:America/Anchorage:day7-19:night1-5,AM,2.0-20.0,582.0512600822811,4092.892903749064,550.9152406438067,3664.1676279374406,0.8958743582415376,3.49577544704442,3.4592022010542713,,,223.23593596182425,16.413878940011042
1358,,AM,R3130,00,EHZ,61.1981981981982,-149.90658980942584,2026-09-12T18:04:59.995000Z,2026-09-12T18:05:59.995000Z,100.0,100.0,60.0,,traffic,1,Traffic,timeofday:America/Anchorage:day7-19:night1-5,AM,2.0-20.0,518.6908287125077,3490.8981824034877,495.517299614166,2951.037923915709,0.9126421118909127,3.2278861377233135,4.55445545142503,,,223.23593596182425,13.21936771156938
1359,,AM,R3130,00,EHZ,61.1981981981982,-149.90658980942584,2026-09-12T18:05:59.995000Z,2026-09-12T18:06:59.995000Z,100.0,100.0,60.0,,traffic,1,Traffic,timeofday:America/Anchorage:day7-19:night1-5,AM,2.0-20.0,498.61841711047845,3504.0884945298926,470.6523661556646,3759.545835572404,0.8909716009031179,4.834347732327567,2.893639058332945,,,223.23593596182425,16.841131869625716
1360,,AM,R3130,00,EHZ,61.1981981981982,-149.90658980942584,2026-09-12T18:06:59.995000Z,2026-09-12T18:07:59.995000Z,100.0,100.0,60.0,,traffic,1,Traffic,timeofday:America/Anchorage:day7-19:night1-5,AM,2.0-20.0,496.29888221848626,3808.0791872406985,462.34427630368396,3655.1251921151807,0.8678494188335262,3.8030395757310433,4.19511435716418,,,223.23593596182425,16.373372756348004
1361,,AM,R3130,00,EHZ,61.1981981981982,-149.90658980942584,2026-09-12T18:07:59.995000Z,2026-09-12T18:08:59.995000Z,100.0,100.0,60.0,,traffic,1,Traffic,timeofday:America/Anchorage:day7-19:night1-5,AM,2.0-20.0,691.4835550255423,4067.07098425458,653.1886851654797,3699.980238044064,0.8923055494095236,3.9435542201301077,2.029572854636439,,,223.23593596182425,16.57430387317569
1362,,AM,R3130,00,EHZ,61.1981981981982,-149.90658980942584,2026-09-12T18:08:59.995000Z,2026-09-12T18:09:59.995000Z,100.0,100.0,60.0,,traffic,1,Traffic,timeofday:America/Anchorage:day7-19:night1-5,AM,2.0-20.0,1307.714962930383,16697.066802760262,1238.819822202639,17284.509922001733,0.8974083490945839,6.757323256247123,24.017809610290012,,,223.23593596182425,77.42709455594806
1363,,AM,R3130,00,EHZ,61.1981981981982,-149.90658980942584,2026-09-12T18:09:59.995000Z,2026-09-12T18:10:59.995000Z,100.0,100.0,60.0,,traffic,1,Traffic,timeofday:America/Anchorage:day7-19:night1-5,AM,2.0-20.0,475.6968123242699,3175.0529911145345,432.9208880507303,2841.463697337072,0.8282407588284528,4.53978928273333,2.728686947603042,,,223.23593596182425,12.72852278507253
1364,,AM,R3130,00,EHZ,61.1981981981982,-149.90658980942584,2026-09-12T18:10:59.995000Z,2026-09-12T18:11:59.995000Z,100.0,100.0,60.0,,traffic,1,Traffic,timeofday:America/Anchorage:day7-19:night1-5,AM,2.0-20.0,482.59343228963814,2860.947811755232,428.2557889816707,2455.0471593721336,0.7874875023676329,1.9987575110121005,1.2966566623378517,,,223.23593596182425,10.997544587946509
1365,,AM,R3130,00,EHZ,61.1981981981982,-149.90658980942584,2026-09-12T18:11:59.995000Z,2026-09-12T18:12:59.995000Z,100.0,100.0,60.0,,traffic,1,Traffic,timeofday:America/Anchorage:day7-19:night1-5,AM,2.0-20.0,508.9924586410795,4487.042629523049,463.14351233556044,3995.912343214738,0.8279583191860588,3.932528421865198,5.187552184108085,,,223.23593596182425,17.89995112569189
1366,,AM,R3130,00,EHZ,61.1981981981982,-149.90658980942584,2026-09-12T18:12:59.995000Z,2026-09-12T18:13:59.995000Z,100.0,100.0,60.0,,traffic,1,Traffic,timeofday:America/Anchorage:day7-19:night1-5,AM,2.0-20.0,449.3207128766842,3777.9677992123493,414.701953344486,4135.856415091002,0.8518424597224818,3.8025857734478645,6.352654811829984,,,223.23593596182425,18.52683976381956
1367,,AM,R3130,00,EHZ,61.1981981981982,-149.90658980942584,2026-09-12T18:13:59.995000Z,2026-09-12T18:14:59.995000Z,100.0,100.0,60.0,,traffic,1,Traffic,timeofday:America/Anchorage:day7-19:night1-5,AM,2.0-20.0,510.744654537023,2715.026253551286,472.9691853564549,2455.0195543475265,0.8575472004464847,3.4306162972688514,1.175624536930024,,,223.23593596182425,10.997420929430293
1368,,AM,R3130,00,EHZ,61.1981981981982,-149.90658980942584,2026-09-12T18:14:59.995000Z,2026-09-12T18:15:59.995000Z,100.0,100.0,60.0,,traffic,1,Traffic,timeofday:America/Anchorage:day7-19:night1-5,AM,2.0-20.0,440.1435751089131,3232.0110190260416,412.12783801361775,3134.4784553500413,0.8767487758666219,3.38043045168667,4.3151794028469626,,,223.23593596182425,14.041101589871582
1369,,AM,R3130,00,EHZ,61.1981981981982,-149.90658980942584,2026-09-12T18:15:59.995000Z,2026-09-12T18:16:59.995000Z,100.0,100.0,60.0,,traffic,1,Traffic,timeofday:America/Anchorage:day7-19:night1-5,AM,2.0-20.0,477.5550834134398,4125.008026121842,446.6053497235412,3954.13616345994,0.8745827301708826,4.39856492382639,7.652722305364726,,,223.23593596182425,17.712811991596816
1370,,AM,R3130,00,EHZ,61.1981981981982,-149.90658980942584,2026-09-12T18:16:59.995000Z,2026-09-12T18:17:59.995000Z,100.0,100.0,60.0,,traffic,1,Traffic,timeofday:America/Anchorage:day7-19:night1-5,AM,2.0-20.0,615.1630922523976,4828.002451185749,580.9968153576563,4524.452923209696,0.8920043269630435,6.210799060144363,5.326736395168476,,,223.23593596182425,20.26758328006574
1371,,AM,R3130,00,EHZ,61.1981981981982,-149.90658980942584,2026-09-12T18:17:59.995000Z,2026-09-12T18:18:59.995000Z,100.0,100.0,60.0,,traffic,1,Traffic,timeofday:America/Anchorage:day7-19:night1-5,AM,2.0-20.0,575.4733013044969,2787.9902415565025,538.249374787991,2511.2195699880285,0.8748159824906249,2.8403102678063954,1.1043158213832527,,,223.23593596182425,11.249172581324336
1372,,AM,R3130,00,EHZ,61.1981981981982,-149.90658980942584,2026-09-12T18:18:59.995000Z,2026-09-12T18:19:59.995000Z,100.0,100.0,60.0,,traffic,1,Traffic,timeofday:America/Anchorage:day7-19:night1-5,AM,2.0-20.0,624.016254164318,7291.978267082514,563.5665975828852,6772.7093877369425,0.8156403175107897,6.015310041169837,10.717288752342274,,,223.23593596182425,30.338795402972885
1373,,AM,R3130,00,EHZ,61.1981981981982,-149.90658980942584,2026-09-12T18:19:59.995000Z,2026-09-12T18:20:59.995000Z,100.0,100.0,60.0,,traffic,1,Traffic,timeofday:America/Anchorage:day7-19:night1-5,AM,2.0-20.0,606.8040166091738,3580.9704912459724,569.0411533548836,3936.9583313940516,0.8794080933350967,4.188348990559146,2.85375923198867,,,223.23593596182425,17.635862767486117
1374,,AM,R3130,00,EHZ,61.1981981981982,-149.90658980942584,2026-09-12T18:20:59.995000Z,2026-09-12T18:21:59.995000Z,100.0,100.0,60.0,,traffic,1,Traffic,timeofday:America/Anchorage:day7-19:night1-5,AM,2.0-20.0,605.4593833484212,4651.038087460339,572.5441795036631,4276.584440635808,0.8942274134826675,4.885372837281427,5.616530748731046,,,223.23593596182425,19.15724017376463
1375,,AM,R3130,00,EHZ,61.1981981981982,-149.90658980942584,2026-09-12T18:21:59.995000Z,2026-09-12T18:22:59.995000Z,100.0,100.0,60.0,,traffic,1,Traffic,timeofday:America/Anchorage:day7-19:night1-5,AM,2.0-20.0,486.04335934735803,2483.0464375916276,450.95416765472254,2535.89102571562,0.8608248234462956,3.0837872494846152,1.6332497485711732,,,223.23593596182425,11.359689983557507
1376,,AM,R3130,00,EHZ,61.1981981981982,-149.90658980942584,2026-09-12T18:22:59.995000Z,2026-09-12T18:23:59.995000Z,100.0,100.0,60.0,,traffic,1,Traffic,timeofday:America/Anchorage:day7-19:night1-5,AM,2.0-20.0,438.93546392194514,2150.9436879674045,397.98799165673967,1840.4714140931294,0.822126400138885,2.5576478651419823,0.9116114896011531,,,223.23593596182425,8.244512274259776
1377,,AM,R3130,00,EHZ,61.1981981981982,-149.90658980942584,2026-09-12T18:23:59.995000Z,2026-09-12T18:24:59.995000Z,100.0,100.0,60.0,,traffic,1,Traffic,timeofday:America/Anchorage:day7-19:night1-5,AM,2.0-20.0,600.2369846094881,7682.065795038839,560.7813992307988,7319.102148904295,0.8728541808157126,7.912367175695466,22.533874125905594,,,223.23593596182425,32.786397572458675
1378,,AM,R3130,00,EHZ,61.1981981981982,-149.90658980942584,2026-09-12T18:24:59.995000Z,2026-09-12T18:25:59.995000Z,100.0,100.0,60.0,,traffic,1,Traffic,timeofday:America/Anchorage:day7-19:night1-5,AM,2.0-20.0,536.5701988351417,4299.931636349346,504.1588664766949,4131.192764691826,0.8828394312068129,3.8959092193959393,3.572674654600376,,,223.23593596182425,18.505948636326654
1379,,AM,R3130,00,EHZ,61.1981981981982,-149.90658980942584,2026-09-12T18:25:59.995000Z,2026-09-12T18:26:59.995000Z,100.0,100.0,60.0,,traffic,1,Traffic,timeofday:America/Anchorage:day7-19:night1-5,AM,2.0-20.0,523.7039447615656,4562.915928959524,488.14833328922964,4417.487146822279,0.868824244176482,5.877697762971307,8.360786874106092,,,223.23593596182425,19.7884230770879
1380,,AM,R3130,00,EHZ,61.1981981981982,-149.90658980942584,2026-09-12T18:26:59.995000Z,2026-09-12T18:27:59.995000Z,100.0,100.0,60.0,,traffic,1,Traffic,timeofday:America/Anchorage:day7-19:night1-5,AM,2.0-20.0,613.1694931504373,3853.910904594813,577.3377502471134,4027.185419934862,0.8865410143150041,3.6149653344791792,3.61546049014762,,,223.23593596182425,18.040040921653194
1381,,AM,R3130,00,EHZ,61.1981981981982,-149.90658980942584,2026-09-12T18:27:59.995000Z,2026-09-12T18:28:59.995000Z,100.0,100.0,60.0,,traffic,1,Traffic,timeofday:America/Anchorage:day7-19:night1-5,AM,2.0-20.0,756.8487535316002,8539.90290161184,689.051202636701,7495.6413096604765,0.8288668870605455,5.6678670236335105,11.902322055534365,,,223.23593596182425,33.57721630867851
1382,,AM,R3130,00,EHZ,61.1981981981982,-149.90658980942584,2026-09-12T18:28:59.995000Z,2026-09-12T18:29:59.995000Z,100.0,100.0,60.0,,traffic,1,Traffic,timeofday:America/Anchorage:day7-19:night1-5,AM,2.0-20.0,678.8569718542152,3787.1040027824297,637.9455931048501,4177.335008603881,0.8831016948615558,3.712568506762513,1.9098157441823105,,,223.23593596182425,18.71264584084818
1383,,AM,R3130,00,EHZ,61.1981981981982,-149.90658980942584,2026-09-12T18:29:59.995000Z,2026-09-12T18:30:59.995000Z,100.0,100.0,60.0,,traffic,1,Traffic,timeofday:America/Anchorage:day7-19:night1-5,AM,2.0-20.0,721.7805318582583,6679.8864999253865,687.5944682872863,6414.588556089182,0.9075162711710284,3.751284119934854,10.162378605347405,,,223.23593596182425,28.734569676031665
1384,,AM,R3130,00,EHZ,61.1981981981982,-149.90658980942584,2026-09-12T18:30:59.995000Z,2026-09-12T18:31:59.995000Z,100.0,100.0,60.0,,traffic,1,Traffic,timeofday:America/Anchorage:day7-19:night1-5,AM,2.0-20.0,513.2190449045704,7379.879309812338,470.8529799041935,6697.628702617081,0.8417151001307989,6.005019966173668,23.801293426073872,,,223.23593596182425,30.002466555216486
1385,,AM,R3130,00,EHZ,61.1981981981982,-149.90658980942584,2026-09-12T18:31:59.995000Z,2026-09-12T18:32:59.995000Z,100.0,100.0,60.0,,traffic,1,Traffic,timeofday:America/Anchorage:day7-19:night1-5,AM,2.0-20.0,552.0894592534675,2493.8704668161586,515.9493960074834,2470.8444271841067,0.8733640391480556,3.0590741558149337,1.8187974910362579,,,223.23593596182425,11.06830948403687
1386,,AM,R3130,00,EHZ,61.1981981981982,-149.90658980942584,2026-09-12T18:32:59.995000Z,2026-09-12T18:33:59.995000Z,100.0,100.0,60.0,,traffic,1,Traffic,timeofday:America/Anchorage:day7-19:night1-5,AM,2.0-20.0,524.583471561791,3440.8620309692374,476.67625174604956,3305.752630210397,0.8256915226300885,4.7508040892139185,2.268888094709455,,,223.23593596182425,14.808335476845969
1387,,AM,R3130,00,EHZ,61.1981981981982,-149.90658980942584,2026-09-12T18:33:59.995000Z,2026-09-12T18:34:59.995000Z,100.0,100.0,60.0,,traffic,1,Traffic,timeofday:America/Anchorage:day7-19:night1-5,AM,2.0-20.0,807.0635235288088,5558.145924870137,755.9522762371003,4744.0320761084495,0.8773508877169339,5.230712934029177,2.9551784315027927,,,223.23593596182425,21.251202480767837
1388,,AM,R3130,00,EHZ,61.1981981981982,-149.90658980942584,2026-09-12T18:34:59.995000Z,2026-09-12T18:35:59.995000Z,100.0,100.0,60.0,,traffic,1,Traffic,timeofday:America/Anchorage:day7-19:night1-5,AM,2.0-20.0,673.9026393445525,5403.155632165622,616.5167722370778,5202.2139108956135,0.8369422215218971,3.8099072350546086,5.002750016125747,,,223.23593596182425,23.303658026569916
1389,,AM,R3130,00,EHZ,61.1981981981982,-149.90658980942584,2026-09-12T18:35:59.995000Z,2026-09-12T18:36:59.995000Z,100.0,100.0,60.0,,traffic,1,Traffic,timeofday:America/Anchorage:day7-19:night1-5,AM,2.0-20.0,704.6393992627347,6314.170050963755,659.8644076384134,7016.460231160634,0.8769514728950769,6.2473050161900465,10.611489527504604,,,223.23593596182425,31.43069327494174
1390,,AM,R3130,00,EHZ,61.1981981981982,-149.90658980942584,2026-09-12T18:36:59.995000Z,2026-09-12T18:37:59.995000Z,100.0,100.0,60.0,,traffic,1,Traffic,timeofday:America/Anchorage:day7-19:night1-5,AM,2.0-20.0,1154.8411789898648,10108.82310178573,1085.1538181160788,9223.632923971349,0.8829540089624578,6.177507600376022,8.11576203534947,,,223.23593596182425,41.31786795092296
1391,,AM,R3130,00,EHZ,61.1981981981982,-149.90658980942584,2026-09-12T18:37:59.995000Z,2026-09-12T18:38:59.995000Z,100.0,100.0,60.0,,traffic,1,Traffic,timeofday:America/Anchorage:day7-19:night1-5,AM,2.0-20.0,711.069852678689,5400.178832530398,630.445496513192,4743.525742808135,0.7860869040569269,3.631422815624459,4.474876529810466,,,223.23593596182425,21.248934327577658
1392,,AM,R3130,00,EHZ,61.1981981981982,-149.90658980942584,2026-09-12T18:38:59.995000Z,2026-09-12T18:39:59.995000Z,100.0,100.0,60.0,,traffic,1,Traffic,timeofday:America/Anchorage:day7-19:night1-5,AM,2.0-20.0,614.2605700199,3077.19442277552,573.8318369065032,2950.6916817452975,0.8726980442432498,3.517634445577309,1.487285115919594,,,223.23593596182425,13.217816697083652
1393,,AM,R3130,00,EHZ,61.1981981981982,-149.90658980942584,2026-09-12T18:39:59.995000Z,2026-09-12T18:40:59.995000Z,100.0,100.0,60.0,,traffic,1,Traffic,timeofday:America/Anchorage:day7-19:night1-5,AM,2.0-20.0,854.1703426172322,3911.801150012015,818.4800227266156,3750.216654135246,0.9181786513633919,2.6421814972272846,0.8602026128190721,,,223.23593596182425,16.79934119019517
1394,,AM,R3130,00,EHZ,61.1981981981982,-149.90658980942584,2026-09-12T18:40:59.995000Z,2026-09-12T18:41:59.995000Z,100.0,100.0,60.0,,traffic,1,Traffic,timeofday:America/Anchorage:day7-19:night1-5,AM,2.0-20.0,501.93244450944064,3178.7946341952807,454.4064761032214,3111.367355141848,0.819593463972018,2.5706850661072247,1.7867724606336024,,,223.23593596182425,13.937573902411147
1395,,AM,R3130,00,EHZ,61.1981981981982,-149.90658980942584,2026-09-12T18:41:59.995000Z,2026-09-12T18:42:59.995000Z,100.0,100.0,60.0,,traffic,1,Traffic,timeofday:America/Anchorage:day7-19:night1-5,AM,2.0-20.0,597.1752023942679,4346.7847654686875,555.2884144269133,4104.807292538988,0.8646367568119533,3.687617652085218,3.6577795158929627,,,223.23593596182425,18.38775318522621
1396,,AM,R3130,00,EHZ,61.1981981981982,-149.90658980942584,2026-09-12T18:42:59.995000Z,2026-09-12T18:43:59.995000Z,100.0,100.0,60.0,,traffic,1,Traffic,timeofday:America/Anchorage:day7-19:night1-5,AM,2.0-20.0,725.567461871767,7468.229733330704,689.719757572264,7199.88822103227,0.9036281188588537,7.178850151665155,13.427185674256659,,,223.23593596182425,32.25237097249221
1397,,AM,R3130,00,EHZ,61.1981981981982,-149.90658980942584,2026-09-12T18:43:59.995000Z,2026-09-12T18:44:59.995000Z,100.0,100.0,60.0,,traffic,1,Traffic,timeofday:America/Anchorage:day7-19:night1-5,AM,2.0-20.0,570.912562226049,3288.768445212088,519.289510761998,3005.368428084472,0.82733215158654,3.2087868885874054,2.19906818523795,,,223.23593596182425,13.462744764348434
1398,,AM,R3130,00,EHZ,61.1981981981982,-149.90658980942584,2026-09-12T18:44:59.995000Z,2026-09-12T18:45:59.995000Z,100.0,100.0,60.0,,traffic,1,Traffic,timeofday:America/Anchorage:day7-19:night1-5,AM,2.0-20.0,726.4378568764073,6285.753212115435,675.4587839724052,5738.880745410356,0.8645712121612357,4.217170771290983,5.919180082495894,,,223.23593596182425,25.707692270440575
1399,,AM,R3130,00,EHZ,61.1981981981982,-149.90658980942584,2026-09-12T18:45:59.995000Z,2026-09-12T18:46:59.995000Z,100.0,100.0,60.0,,traffic,1,Traffic,timeofday:America/Anchorage:day7-19:night1-5,AM,2.0-20.0,696.6387193635545,4521.748857761259,637.3537513220896,3676.873730032711,0.8370393491815481,2.5382887528930738,2.4780558230576633,,,223.23593596182425,16.47079675676185
1400,,AM,R3130,00,EHZ,61.1981981981982,-149.90658980942584,2026-09-12T18:46:59.995000Z,2026-09-12T18:47:59.995000Z,100.0,100.0,60.0,,traffic,1,Traffic,timeofday:America/Anchorage:day7-19:night1-5,AM,2.0-20.0,651.6260867057657,4140.259559513942,607.1618760809132,3848.1908426831505,0.8681845721673286,4.338123208829746,3.2326481045568993,,,223.23593596182425,17.238222986379903
1401,,AM,R3130,00,EHZ,61.1981981981982,-149.90658980942584,2026-09-12T18:47:59.995000Z,2026-09-12T18:48:59.995000Z,100.0,100.0,60.0,,traffic,1,Traffic,timeofday:America/Anchorage:day7-19:night1-5,AM,2.0-20.0,616.4087158907474,6266.266541052283,575.7181935091746,5826.781273401204,0.8723331288898566,6.051100567343312,7.122076947850351,,,223.23593596182425,26.101448444204102
1402,,AM,R3130,00,EHZ,61.1981981981982,-149.90658980942584,2026-09-12T18:48:59.995000Z,2026-09-12T18:49:59.995000Z,100.0,100.0,60.0,,traffic,1,Traffic,timeofday:America/Anchorage:day7-19:night1-5,AM,2.0-20.0,569.5261445480982,3694.721924480649,532.8692196117736,3644.468746532721,0.8754149079391736,3.204979164437038,2.647114799941077,,,223.23593596182425,16.325636510225507
1403,,AM,R3130,00,EHZ,61.1981981981982,-149.90658980942584,2026-09-12T18:49:59.995000Z,2026-09-12T18:50:59.995000Z,100.0,100.0,60.0,,traffic,1,Traffic,timeofday:America/Anchorage:day7-19:night1-5,AM,2.0-20.0,774.4159380473134,7790.714811511668,738.8382159688178,6664.335134969819,0.9102278868858136,4.42566857624298,8.817751942294647,,,223.23593596182425,29.85332583777861
1404,,AM,R3130,00,EHZ,61.1981981981982,-149.90658980942584,2026-09-12T18:50:59.995000Z,2026-09-12T18:51:59.995000Z,100.0,100.0,60.0,,traffic,1,Traffic,timeofday:America/Anchorage:day7-19:night1-5,AM,2.0-20.0,730.550170025394,3722.7064013794384,678.0440944269629,3846.0234567629086,0.86142165101059,3.560458675465807,1.6440348420200168,,,223.23593596182425,17.228514039158192
1405,,AM,R3130,00,EHZ,61.1981981981982,-149.90658980942584,2026-09-12T18:51:59.995000Z,2026-09-12T18:52:59.995000Z,100.0,100.0,60.0,,traffic,1,Traffic,timeofday:America/Anchorage:day7-19:night1-5,AM,2.0-20.0,966.2827608195223,8112.304138786284,919.3211706474372,7857.294901544005,0.9051614716468678,4.800029562127881,5.2918002097898444,,,223.23593596182425,35.19726726653762
1406,,AM,R3130,00,EHZ,61.1981981981982,-149.90658980942584,2026-09-12T18:52:59.995000Z,2026-09-12T18:53:59.995000Z,100.0,100.0,60.0,,traffic,1,Traffic,timeofday:America/Anchorage:day7-19:night1-5,AM,2.0-20.0,627.2871699494394,4175.307285978623,578.0578167319131,4138.753821171657,0.8491995331359268,3.1124130359320583,2.3902009923435354,,,223.23593596182425,18.53981888417566
1407,,AM,R3130,00,EHZ,61.1981981981982,-149.90658980942584,2026-09-12T18:53:59.995000Z,2026-09-12T18:54:59.995000Z,100.0,100.0,60.0,,traffic,1,Traffic,timeofday:America/Anchorage:day7-19:night1-5,AM,2.0-20.0,838.7853300084404,7342.322517646681,794.4585057287468,6236.189270944396,0.8970998534279546,3.569764056228985,5.023411170580003,,,223.23593596182425,27.935418390750726
1408,,AM,R3130,00,EHZ,61.1981981981982,-149.90658980942584,2026-09-12T18:54:59.995000Z,2026-09-12T18:55:59.995000Z,100.0,100.0,60.0,,traffic,1,Traffic,timeofday:America/Anchorage:day7-19:night1-5,AM,2.0-20.0,641.4443548681644,5555.66831649492,591.6457015368846,4525.4881347544215,0.8507568456981115,3.508939182552156,3.6719439011750534,,,223.23593596182425,20.27222057800017
1409,,AM,R3130,00,EHZ,61.1981981981982,-149.90658980942584,2026-09-12T18:55:59.995000Z,2026-09-12T18:56:59.995000Z,100.0,100.0,60.0,,traffic,1,Traffic,timeofday:America/Anchorage:day7-19:night1-5,AM,2.0-20.0,748.093285863205,4120.6640849998175,699.0724183695353,4333.612108381674,0.8732383918136999,3.2807918443111443,3.4842235845636322,,,223.23593596182425,19.412699347486637
1410,,AM,R3130,00,EHZ,61.1981981981982,-149.90658980942584,2026-09-12T18:56:59.995000Z,2026-09-12T18:57:59.995000Z,100.0,100.0,60.0,,traffic,1,Traffic,timeofday:America/Anchorage:day7-19:night1-5,AM,2.0-20.0,726.2625487784392,3278.6571991772666,652.0868489245009,2933.9824124068473,0.8061643412592743,3.9575219005810576,0.8983817350889591,,,223.23593596182425,13.142966430407467
1411,,AM,R3130,00,EHZ,61.1981981981982,-149.90658980942584,2026-09-12T18:57:59.995000Z,2026-09-12T18:58:59.995000Z,100.0,100.0,60.0,,traffic,1,Traffic,timeofday:America/Anchorage:day7-19:night1-5,AM,2.0-20.0,678.0015903448216,3983.6486376140833,630.710048211052,4039.577415493664,0.8653625071818782,4.0970880465014305,2.737357822079569,,,223.23593596182425,18.09555167759583
1412,,AM,R3130,00,EHZ,61.1981981981982,-149.90658980942584,2026-09-12T18:58:59.995000Z,2026-09-12T18:59:59.995000Z,100.0,100.0,60.0,,traffic,1,Traffic,timeofday:America/Anchorage:day7-19:night1-5,AM,2.0-20.0,716.8907748906477,3500.3657426120158,666.0458016977658,3504.4243008221365,0.8631816646058239,4.594785473372026,2.2005424420908133,,,223.23593596182425,15.698298240931203
1413,,AM,R3130,00,EHZ,61.1981981981982,-149.90658980942584,2026-09-12T18:59:59.995000Z,2026-09-12T19:00:59.995000Z,100.0,100.0,60.0,,traffic,1,Traffic,timeofday:America/Anchorage:day7-19:night1-5,AM,2.0-20.0,743.2852468918796,4316.624318660291,690.3790649204184,4378.738201105558,0.8627087464925234,3.523881287914461,1.7143819910386462,,,223.23593596182425,19.61484463618962
1414,,AM,R3130,00,EHZ,61.1981981981982,-149.90658980942584,2026-09-12T19:00:59.995000Z,2026-09-12T19:01:59.995000Z,100.0,100.0,60.0,,traffic,1,Traffic,timeofday:America/Anchorage:day7-19:night1-5,AM,2.0-20.0,838.979169451116,5240.381112853679,784.3605426549296,4918.33650802641,0.874035596663053,3.2460278977171426,2.8924933251901663,,,223.23593596182425,22.03201060275304
1415,,AM,R3130,00,EHZ,61.1981981981982,-149.90658980942584,2026-09-12T19:01:59.995000Z,2026-09-12T19:02:59.995000Z,100.0,100.0,60.0,,traffic,1,Traffic,timeofday:America/Anchorage:day7-19:night1-5,AM,2.0-20.0,656.7624911173717,4440.3905715738265,614.7328764851605,3922.5796323334134,0.876105077801816,5.661207348642527,3.204294255125097,,,223.23593596182425,17.571452443052074
1416,,AM,R3130,00,EHZ,61.1981981981982,-149.90658980942584,2026-09-12T19:02:59.995000Z,2026-09-12T19:03:59.995000Z,100.0,100.0,60.0,,traffic,1,Traffic,timeofday:America/Anchorage:day7-19:night1-5,AM,2.0-20.0,517.6072463423137,2562.604422633183,467.09692123072654,2629.686568730432,0.8143541503422408,3.1656420104386167,1.5591222210146434,,,223.23593596182425,11.779853263321085
1417,,AM,R3130,00,EHZ,61.1981981981982,-149.90658980942584,2026-09-12T19:03:59.995000Z,2026-09-12T19:04:59.995000Z,100.0,100.0,60.0,,traffic,1,Traffic,timeofday:America/Anchorage:day7-19:night1-5,AM,2.0-20.0,722.367379906689,5677.408203279619,678.3203312214729,4975.686738487551,0.8817661367194728,3.7719077092212245,5.898605117823969,,,223.23593596182425,22.288914717290172
1418,,AM,R3130,00,EHZ,61.1981981981982,-149.90658980942584,2026-09-12T19:04:59.995000Z,2026-09-12T19:05:59.995000Z,100.0,100.0,60.0,,traffic,1,Traffic,timeofday:America/Anchorage:day7-19:night1-5,AM,2.0-20.0,831.3534653618445,5735.412316201428,782.0150375350528,4618.2934068109835,0.88482785433055,5.319064135898315,3.5530300596600473,,,223.23593596182425,20.68794787413063
1419,,AM,R3130,00,EHZ,61.1981981981982,-149.90658980942584,2026-09-12T19:05:59.995000Z,2026-09-12T19:06:59.995000Z,100.0,100.0,60.0,,traffic,1,Traffic,timeofday:America/Anchorage:day7-19:night1-5,AM,2.0-20.0,895.2086204200144,6894.574959312792,772.3247683704656,5457.621644875483,0.7443058193085447,5.566068758843551,3.9447909714914156,,,223.23593596182425,24.447773703463206
1420,,AM,R3130,00,EHZ,61.1981981981982,-149.90658980942584,2026-09-12T19:06:59.995000Z,2026-09-12T19:07:59.995000Z,100.0,100.0,60.0,,traffic,1,Traffic,timeofday:America/Anchorage:day7-19:night1-5,AM,2.0-20.0,1434.7225667890907,11153.429175037925,1373.5609041216364,11082.427932178663,0.9165580647337108,6.36338042422647,12.4444530016599,,,223.23593596182425,49.64446196545111
1421,,AM,R3130,00,EHZ,61.1981981981982,-149.90658980942584,2026-09-12T19:07:59.995000Z,2026-09-12T19:08:59.995000Z,100.0,100.0,60.0,,traffic,1,Traffic,timeofday:America/Anchorage:day7-19:night1-5,AM,2.0-20.0,643.9122536844953,4545.555954728271,586.2552603924565,4605.500644358736,0.8289343289162843,3.1230880949241895,4.8760566087035215,,,223.23593596182425,20.630641856633364
1422,,AM,R3130,00,EHZ,61.1981981981982,-149.90658980942584,2026-09-12T19:08:59.995000Z,2026-09-12T19:09:59.995000Z,100.0,100.0,60.0,,traffic,1,Traffic,timeofday:America/Anchorage:day7-19:night1-5,AM,2.0-20.0,1042.509016977733,13392.554428989997,905.5431041291564,12111.612873600952,0.7544989076887766,4.656644516746228,17.08341872785687,,,223.23593596182425,54.25476333555977
1423,,AM,R3130,00,EHZ,61.1981981981982,-149.90658980942584,2026-09-12T19:09:59.995000Z,2026-09-12T19:10:59.995000Z,100.0,100.0,60.0,,traffic,1,Traffic,timeofday:America/Anchorage:day7-19:night1-5,AM,2.0-20.0,724.5273676447965,4128.4570397617545,662.8620691569467,3974.8347149860674,0.8370217568041534,3.1347435731525994,1.7238790367190902,,,223.23593596182425,17.8055325091826
1424,,AM,R3130,00,EHZ,61.1981981981982,-149.90658980942584,2026-09-12T19:10:59.995000Z,2026-09-12T19:11:59.995000Z,100.0,100.0,60.0,,traffic,1,Traffic,timeofday:America/Anchorage:day7-19:night1-5,AM,2.0-20.0,632.0046171740404,5521.538057304016,582.3246351430579,5075.340534165633,0.8489650747690257,5.113137415248748,7.59398061454271,,,223.23593596182425,22.735320423650656
1425,,AM,R3130,00,EHZ,61.1981981981982,-149.90658980942584,2026-09-12T19:11:59.995000Z,2026-09-12T19:12:59.995000Z,100.0,100.0,60.0,,traffic,1,Traffic,timeofday:America/Anchorage:day7-19:night1-5,AM,2.0-20.0,1285.5497623898543,6636.5275071381375,1056.7396003599565,6355.988670042844,0.6757066299556417,6.393757590792138,2.983463965545151,,,223.23593596182425,28.47206764743194
1426,,AM,R3130,00,EHZ,61.1981981981982,-149.90658980942584,2026-09-12T19:12:59.995000Z,2026-09-12T19:13:59.995000Z,100.0,100.0,60.0,,traffic,1,Traffic,timeofday:America/Anchorage:day7-19:night1-5,AM,2.0-20.0,1063.49167402009,9797.519894161296,1015.1273376012626,7617.741050438686,0.9111142911553445,6.884268108801548,6.3503765450371965,,,223.23593596182425,34.12417009661653
1427,,AM,R3130,00,EHZ,61.1981981981982,-149.90658980942584,2026-09-12T19:13:59.995000Z,2026-09-12T19:14:59.995000Z,100.0,100.0,60.0,,traffic,1,Traffic,timeofday:America/Anchorage:day7-19:night1-5,AM,2.0-20.0,668.7214493443228,3820.507756827606,629.4049561204389,4242.302526462497,0.885869623025728,3.424023795799781,2.218873581171249,,,223.23593596182425,19.003672093313757
1428,,AM,R3130,00,EHZ,61.1981981981982,-149.90658980942584,2026-09-12T19:14:59.995000Z,2026-09-12T19:15:59.995000Z,100.0,100.0,60.0,,traffic,1,Traffic,timeofday:America/Anchorage:day7-19:night1-5,AM,2.0-20.0,857.6050821449255,5372.500748145981,810.2757429222419,5141.260332558151,0.8926700900292509,3.4067768478596143,1.9582900412715523,,,223.23593596182425,23.03061247915462
1429,,AM,R3130,00,EHZ,61.1981981981982,-149.90658980942584,2026-09-12T19:15:59.995000Z,2026-09-12T19:16:59.995000Z,100.0,100.0,60.0,,traffic,1,Traffic,timeofday:America/Anchorage:day7-19:night1-5,AM,2.0-20.0,765.1352888327388,4670.491153709413,706.36914660491,4240.445613132514,0.8522891857079475,3.6054470012711954,3.06622634993934,,,223.23593596182425,18.99535392840011
1430,,AM,R3130,00,EHZ,61.1981981981982,-149.90658980942584,2026-09-12T19:16:59.995000Z,2026-09-12T19:17:59.995000Z,100.0,100.0,60.0,,traffic,1,Traffic,timeofday:America/Anchorage:day7-19:night1-5,AM,2.0-20.0,709.4063295365689,7211.520617904241,640.9891361267541,6997.7681964443545,0.8164154591703315,7.176211833458657,10.98755472629624,,,223.23593596182425,31.34696108085863
1431,,AM,R3130,00,EHZ,61.1981981981982,-149.90658980942584,2026-09-12T19:20:59.995000Z,2026-09-12T19:21:59.995000Z,100.0,100.0,60.0,,traffic,1,Traffic,timeofday:America/Anchorage:day7-19:night1-5,AM,2.0-20.0,669.835286498061,3730.446538722224,624.0774195914205,3177.720968132608,0.8680423100920579,4.592648204502174,1.3321899734041738,,,223.23593596182425,14.234809258828438
1432,,AM,R3130,00,EHZ,61.1981981981982,-149.90658980942584,2026-09-12T19:21:59.995000Z,2026-09-12T19:22:59.995000Z,100.0,100.0,60.0,,traffic,1,Traffic,timeofday:America/Anchorage:day7-19:night1-5,AM,2.0-20.0,758.8760427796025,4138.440542913667,711.0937432084785,4335.703454964774,0.8780354073134709,3.4758523871914973,2.306059314715146,,,223.23593596182425,19.42206767151605
1433,,AM,R3130,00,EHZ,61.1981981981982,-149.90658980942584,2026-09-12T19:22:59.995000Z,2026-09-12T19:23:59.995000Z,100.0,100.0,60.0,,traffic,1,Traffic,timeofday:America/Anchorage:day7-19:night1-5,AM,2.0-20.0,469.55546899053206,2469.56485859983,404.6142921467116,2703.3563321776137,0.7425208139285421,2.286982156632438,1.8400146850220453,,,223.23593596182425,12.109861795010982
1434,,AM,R3130,00,EHZ,61.1981981981982,-149.90658980942584,2026-09-12T19:23:59.995000Z,2026-09-12T19:24:59.995000Z,100.0,100.0,60.0,,traffic,1,Traffic,timeofday:America/Anchorage:day7-19:night1-5,AM,2.0-20.0,615.8745137778961,3820.42067974422,572.5004782797969,3492.212027204244,0.8641064419528484,2.8725138813954736,1.7991675162278824,,,223.23593596182425,15.643592561197
1435,,AM,R3130,00,EHZ,61.1981981981982,-149.90658980942584,2026-09-12T19:24:59.995000Z,2026-09-12T19:25:59.995000Z,100.0,100.0,60.0,,traffic,1,Traffic,timeofday:America/Anchorage:day7-19:night1-5,AM,2.0-20.0,745.9944777853831,4494.5850189168095,702.6089371422963,4022.407120666786,0.8870663686091861,2.955852817275526,2.3410216282333627,,,223.23593596182425,18.018636217041063
1436,,AM,R3130,00,EHZ,61.1981981981982,-149.90658980942584,2026-09-12T19:25:59.995000Z,2026-09-12T19:26:59.995000Z,100.0,100.0,60.0,,traffic,1,Traffic,timeofday:America/Anchorage:day7-19:night1-5,AM,2.0-20.0,958.1715328136938,5062.407015243659,872.0329110987556,4602.716768484517,0.828283907922783,4.150011204041273,2.511649008682496,,,223.23593596182425,20.6181713022747
1437,,AM,R3130,00,EHZ,61.1981981981982,-149.90658980942584,2026-09-12T19:26:59.995000Z,2026-09-12T19:27:59.995000Z,100.0,100.0,60.0,,traffic,1,Traffic,timeofday:America/Anchorage:day7-19:night1-5,AM,2.0-20.0,704.4225925625695,3785.6062935370214,621.483187659211,3977.57695545312,0.7783809820763765,2.6738752672203607,1.4449232863905346,,,223.23593596182425,17.8178165550072
1438,,AM,R3130,00,EHZ,61.1981981981982,-149.90658980942584,2026-09-12T19:27:59.995000Z,2026-09-12T19:28:59.995000Z,100.0,100.0,60.0,,traffic,1,Traffic,timeofday:America/Anchorage:day7-19:night1-5,AM,2.0-20.0,948.843220865355,5441.609656447038,785.8480349882963,3729.9780851098967,0.685943310288169,3.546997243300269,1.4331903250231255,,,223.23593596182425,16.708681194356462
1439,,AM,R3130,00,EHZ,61.1981981981982,-149.90658980942584,2026-09-12T19:28:59.995000Z,2026-09-12T19:29:59.995000Z,100.0,100.0,60.0,,traffic,1,Traffic,timeofday:America/Anchorage:day7-19:night1-5,AM,2.0-20.0,542.015489070855,2938.377194774797,478.50861341100824,3147.8096534371334,0.7793923244690175,3.7930357033451885,1.9015719908386242,,,223.23593596182425,14.10081956506968
1440,,AM,R3130,00,EHZ,61.1981981981982,-149.90658980942584,2026-09-12T19:29:59.995000Z,2026-09-12T19:30:59.995000Z,100.0,100.0,60.0,,traffic,1,Traffic,timeofday:America/Anchorage:day7-19:night1-5,AM,2.0-20.0,526.8316397112004,3334.3686389259888,454.1939868272692,2803.492212061698,0.743257091876526,2.9230147950944323,1.3155394463498258,,,223.23593596182425,12.558427029155043
1441,,AM,R3130,00,EHZ,61.1981981981982,-149.90658980942584,2026-09-12T19:30:59.995000Z,2026-09-12T19:31:59.995000Z,100.0,100.0,60.0,,traffic,1,Traffic,timeofday:America/Anchorage:day7-19:night1-5,AM,2.0-20.0,625.7570200515312,3518.3612916676116,570.2786503351837,3382.289392379479,0.8305442298004766,3.7520348750492123,2.3104400141773738,,,223.23593596182425,15.151186917136346
1442,,AM,R3130,00,EHZ,61.1981981981982,-149.90658980942584,2026-09-12T19:31:59.995000Z,2026-09-12T19:32:59.995000Z,100.0,100.0,60.0,,traffic,1,Traffic,timeofday:America/Anchorage:day7-19:night1-5,AM,2.0-20.0,589.6212645030375,3079.3564015907264,546.0956419974983,3147.3801512211644,0.8578100811669275,4.065021054443474,1.7151102074104418,,,223.23593596182425,14.098895581755261
1443,,AM,R3130,00,EHZ,61.1981981981982,-149.90658980942584,2026-09-12T19:32:59.995000Z,2026-09-12T19:33:59.995000Z,100.0,100.0,60.0,,traffic,1,Traffic,timeofday:America/Anchorage:day7-19:night1-5,AM,2.0-20.0,666.4057027938758,3576.346301431922,631.071325097331,3528.0570068667453,0.8967667227997386,2.9864436099924623,3.61247685474226,,,223.23593596182425,15.804162495907832
1444,,AM,R3130,00,EHZ,61.1981981981982,-149.90658980942584,2026-09-12T19:33:59.995000Z,2026-09-12T19:34:59.995000Z,100.0,100.0,60.0,,traffic,1,Traffic,timeofday:America/Anchorage:day7-19:night1-5,AM,2.0-20.0,627.7269155054074,7043.6666316285655,594.5720484979615,6902.68798031945,0.897154988133224,6.70574890218695,19.53972697096904,,,223.23593596182425,30.921043023735585
1445,,AM,R3130,00,EHZ,61.1981981981982,-149.90658980942584,2026-09-12T19:34:59.995000Z,2026-09-12T19:35:59.995000Z,100.0,100.0,60.0,,traffic,1,Traffic,timeofday:America/Anchorage:day7-19:night1-5,AM,2.0-20.0,2816.729486651801,20232.330672614764,2801.1514085981175,21767.250116371702,0.9889694765389361,8.028859512076396,15.334493279337977,,,223.23593596182425,97.50782293444966
1446,,AM,R3130,00,EHZ,61.1981981981982,-149.90658980942584,2026-09-12T19:35:59.995000Z,2026-09-12T19:36:59.995000Z,100.0,100.0,60.0,,traffic,1,Traffic,timeofday:America/Anchorage:day7-19:night1-5,AM,2.0-20.0,563.2617381110465,3412.3221896242444,493.718558050004,2746.6360579836987,0.7683133897135952,3.2824607567732,1.1056878958702692,,,223.23593596182425,12.303736162144624
1447,,AM,R3130,00,EHZ,61.1981981981982,-149.90658980942584,2026-09-12T19:36:59.995000Z,2026-09-12T19:37:59.995000Z,100.0,100.0,60.0,,traffic,1,Traffic,timeofday:America/Anchorage:day7-19:night1-5,AM,2.0-20.0,1083.7776460841974,6263.314458074111,1010.4136470657919,4754.529411397321,0.8691966195519396,4.353101539005035,1.18428115293493,,,223.23593596182425,21.298225981906413
1448,,AM,R3130,00,EHZ,61.1981981981982,-149.90658980942584,2026-09-12T19:37:59.995000Z,2026-09-12T19:38:59.995000Z,100.0,100.0,60.0,,traffic,1,Traffic,timeofday:America/Anchorage:day7-19:night1-5,AM,2.0-20.0,595.9774575533484,3357.6969163904437,550.3886614900003,3817.9893830994715,0.8528630332015414,4.390848426355812,2.8798406845006186,,,223.23593596182425,17.102933569586167
1449,,AM,R3130,00,EHZ,61.1981981981982,-149.90658980942584,2026-09-12T19:38:59.995000Z,2026-09-12T19:39:59.995000Z,100.0,100.0,60.0,,traffic,1,Traffic,timeofday:America/Anchorage:day7-19:night1-5,AM,2.0-20.0,637.0321630542262,4711.702935056502,591.9362011242808,3777.453322748779,0.8634298964115401,3.38894995157089,3.3950081584269496,,,223.23593596182425,16.921349631605747
1450,,AM,R3130,00,EHZ,61.1981981981982,-149.90658980942584,2026-09-12T19:39:59.995000Z,2026-09-12T19:40:59.995000Z,100.0,100.0,60.0,,traffic,1,Traffic,timeofday:America/Anchorage:day7-19:night1-5,AM,2.0-20.0,553.8100327275765,4416.714920959242,510.0667500870806,4110.759357533481,0.8482666438582794,5.976212294260536,5.254394831387234,,,223.23593596182425,18.41441585030676
1451,,AM,R3130,00,EHZ,61.1981981981982,-149.90658980942584,2026-09-12T19:40:59.995000Z,2026-09-12T19:41:59.995000Z,100.0,100.0,60.0,,traffic,1,Traffic,timeofday:America/Anchorage:day7-19:night1-5,AM,2.0-20.0,597.6341057879788,4405.273531716345,562.8116494686974,4611.419087377077,0.8868606970065518,5.269475762675619,6.807789835661966,,,223.23593596182425,20.65715390986906
1452,,AM,R3130,00,EHZ,61.1981981981982,-149.90658980942584,2026-09-12T19:41:59.995000Z,2026-09-12T19:42:59.995000Z,100.0,100.0,60.0,,traffic,1,Traffic,timeofday:America/Anchorage:day7-19:night1-5,AM,2.0-20.0,1242.2903332959143,14136.268244490358,1119.2681291068109,14877.604060139238,0.8117495627027057,5.357248590348536,14.28262407725482,,,223.23593596182425,66.64520206407748
1453,,AM,R3130,00,EHZ,61.1981981981982,-149.90658980942584,2026-09-12T19:42:59.995000Z,2026-09-12T19:43:59.995000Z,100.0,100.0,60.0,,traffic,1,Traffic,timeofday:America/Anchorage:day7-19:night1-5,AM,2.0-20.0,666.985540800882,4650.741735666558,619.8268039739545,4864.067759549693,0.8635905229656681,3.3780143825277302,3.002117259016752,,,223.23593596182425,21.7889101886423
1454,,AM,R3130,00,EHZ,61.1981981981982,-149.90658980942584,2026-09-12T19:43:59.995000Z,2026-09-12T19:44:59.995000Z,100.0,100.0,60.0,,traffic,1,Traffic,timeofday:America/Anchorage:day7-19:night1-5,AM,2.0-20.0,904.3475076276246,8056.254831422323,789.7672777265275,7011.3178807795,0.762654047480428,4.96256026870496,6.625427409508191,,,223.23593596182425,31.407657779518576
1455,,AM,R3130,00,EHZ,61.1981981981982,-149.90658980942584,2026-09-12T19:44:59.995000Z,2026-09-12T19:45:59.995000Z,100.0,100.0,60.0,,traffic,1,Traffic,timeofday:America/Anchorage:day7-19:night1-5,AM,2.0-20.0,833.2261119134221,6680.246801296066,640.1101058481862,5926.8049393610645,0.5901788263348228,3.6067051543136346,6.12473189229779,,,223.23593596182425,26.54951100872313
1456,,AM,R3130,00,EHZ,61.1981981981982,-149.90658980942584,2026-09-12T19:45:59.995000Z,2026-09-12T19:46:59.995000Z,100.0,100.0,60.0,,traffic,1,Traffic,timeofday:America/Anchorage:day7-19:night1-5,AM,2.0-20.0,875.0094703996557,4752.231525341599,820.8435371141354,4650.855279499339,0.8800255053125778,5.104810955974414,1.8709238040671146,,,223.23593596182425,20.833810916064543
1457,,AM,R3130,00,EHZ,61.1981981981982,-149.90658980942584,2026-09-12T19:46:59.995000Z,2026-09-12T19:47:59.995000Z,100.0,100.0,60.0,,traffic,1,Traffic,timeofday:America/Anchorage:day7-19:night1-5,AM,2.0-20.0,674.3018132155722,4124.2257966801,628.1677143722453,3743.605702830698,0.8678458036131403,3.546823833576452,2.372859126121332,,,223.23593596182425,16.769727000723105
1458,,AM,R3130,00,EHZ,61.1981981981982,-149.90658980942584,2026-09-12T19:47:59.995000Z,2026-09-12T19:48:59.995000Z,100.0,100.0,60.0,,traffic,1,Traffic,timeofday:America/Anchorage:day7-19:night1-5,AM,2.0-20.0,782.6287067088728,4776.782084872392,722.4216999635455,5356.967507646972,0.8520596866185531,6.076884991050776,4.1185566776957305,,,223.23593596182425,23.996886901592184
1459,,AM,R3130,00,EHZ,61.1981981981982,-149.90658980942584,2026-09-12T19:48:59.995000Z,2026-09-12T19:49:59.995000Z,100.0,100.0,60.0,,traffic,1,Traffic,timeofday:America/Anchorage:day7-19:night1-5,AM,2.0-20.0,897.7153225882213,4700.794189348423,822.896044877752,4805.324699329096,0.8402580347301964,4.013564231062368,2.894784359995737,,,223.23593596182425,21.525766801949207
1460,,AM,R3130,00,EHZ,61.1981981981982,-149.90658980942584,2026-09-12T19:49:59.995000Z,2026-09-12T19:50:59.995000Z,100.0,100.0,60.0,,traffic,1,Traffic,timeofday:America/Anchorage:day7-19:night1-5,AM,2.0-20.0,497.29706545060895,2767.197701952656,461.74591394342906,2743.113806063927,0.8621331192719732,3.7731949644393046,2.4915335218873036,,,223.23593596182425,12.287958003916668
1461,,AM,R3130,00,EHZ,61.1981981981982,-149.90658980942584,2026-09-12T19:50:59.995000Z,2026-09-12T19:51:59.995000Z,100.0,100.0,60.0,,traffic,1,Traffic,timeofday:America/Anchorage:day7-19:night1-5,AM,2.0-20.0,847.0112253027773,5803.190840416201,815.8592029748149,5437.940521955816,0.927795157743807,4.2378201356367375,4.96210049623558,,,223.23593596182425,24.359610823974872
1462,,AM,R3130,00,EHZ,61.1981981981982,-149.90658980942584,2026-09-12T19:51:59.995000Z,2026-09-12T19:52:59.995000Z,100.0,100.0,60.0,,traffic,1,Traffic,timeofday:America/Anchorage:day7-19:night1-5,AM,2.0-20.0,1353.561230442345,9097.18115597822,1159.786870232091,7414.197723604657,0.7341766410520462,4.845518753616826,3.0441004189585446,,,223.23593596182425,33.21238442932667
1463,,AM,R3130,00,EHZ,61.1981981981982,-149.90658980942584,2026-09-12T19:52:59.995000Z,2026-09-12T19:53:59.995000Z,100.0,100.0,60.0,,traffic,1,Traffic,timeofday:America/Anchorage:day7-19:night1-5,AM,2.0-20.0,752.2480254296484,4949.821558350171,710.9121122821468,4998.141920975552,0.8931197935846241,2.239826892558836,2.530674334798997,,,223.23593596182425,22.38950417835186
1464,,AM,R3130,00,EHZ,61.1981981981982,-149.90658980942584,2026-09-12T19:53:59.995000Z,2026-09-12T19:54:59.995000Z,100.0,100.0,60.0,,traffic,1,Traffic,timeofday:America/Anchorage:day7-19:night1-5,AM,2.0-20.0,731.4799203614868,3809.836337153964,682.1078057554171,4116.50138667032,0.8695633380206109,5.25481318898543,2.160222138642644,,,223.23593596182425,18.440137646002864
1465,,AM,R3130,00,EHZ,61.1981981981982,-149.90658980942584,2026-09-12T19:54:59.995000Z,2026-09-12T19:55:59.995000Z,100.0,100.0,60.0,,traffic,1,Traffic,timeofday:America/Anchorage:day7-19:night1-5,AM,2.0-20.0,792.6701142164029,6575.160855659041,749.8935543777154,5307.123078027785,0.8949819416526079,5.048417747931088,3.379787430401075,,,223.23593596182425,23.773605513654218
1466,,AM,R3130,00,EHZ,61.1981981981982,-149.90658980942584,2026-09-12T19:55:59.995000Z,2026-09-12T19:56:59.995000Z,100.0,100.0,60.0,,traffic,1,Traffic,timeofday:America/Anchorage:day7-19:night1-5,AM,2.0-20.0,614.0036217423573,3677.8527716980775,569.7374654955689,3979.37703713216,0.8610090033867995,3.6056479764885907,2.5410068861851967,,,223.23593596182425,17.825880138817237
1467,,AM,R3130,00,EHZ,61.1981981981982,-149.90658980942584,2026-09-12T19:56:59.995000Z,2026-09-12T19:57:59.995000Z,100.0,100.0,60.0,,traffic,1,Traffic,timeofday:America/Anchorage:day7-19:night1-5,AM,2.0-20.0,671.1101756626874,4741.139172460976,633.5849141970893,4601.579171645293,0.8912961046072488,7.179929024668987,5.56027933138485,,,223.23593596182425,20.613075362705995
1468,,AM,R3130,00,EHZ,61.1981981981982,-149.90658980942584,2026-09-12T19:57:59.995000Z,2026-09-12T19:58:59.995000Z,100.0,100.0,60.0,,traffic,1,Traffic,timeofday:America/Anchorage:day7-19:night1-5,AM,2.0-20.0,842.4193348961996,8192.86889052294,805.6380091657952,8545.089276574414,0.914583249523313,7.711600945919871,13.497527004413442,,,223.23593596182425,38.278287228968885
1469,,AM,R3130,00,EHZ,61.1981981981982,-149.90658980942584,2026-09-12T19:58:59.995000Z,2026-09-12T19:59:59.995000Z,100.0,100.0,60.0,,traffic,1,Traffic,timeofday:America/Anchorage:day7-19:night1-5,AM,2.0-20.0,677.0977530831221,7117.880447847511,635.9162788959413,6559.275277244884,0.8820579936930646,6.02065038010867,9.789213707692483,,,223.23593596182425,29.382703322311826
1470,,AM,R3130,00,EHZ,61.1981981981982,-149.90658980942584,2026-09-12T19:59:59.995000Z,2026-09-12T20:00:59.995000Z,100.0,100.0,60.0,,traffic,1,Traffic,timeofday:America/Anchorage:day7-19:night1-5,AM,2.0-20.0,804.6319701556367,8890.884129333965,765.1578653329946,8605.581624118327,0.9042895773124952,7.615244250935022,11.742543190409412,,,223.23593596182425,38.54926666282786
1471,,AM,R3130,00,EHZ,61.1981981981982,-149.90658980942584,2026-09-12T20:00:59.995000Z,2026-09-12T20:01:59.995000Z,100.0,100.0,60.0,,traffic,1,Traffic,timeofday:America/Anchorage:day7-19:night1-5,AM,2.0-20.0,752.5301051024545,3756.103780475941,711.1763364760403,4213.108600903564,0.8931138780197336,2.9812017217664124,1.5916232281756502,,,223.23593596182425,18.872895991190465
1472,,AM,R3130,00,EHZ,61.1981981981982,-149.90658980942584,2026-09-12T20:10:00.005000Z,2026-09-12T20:11:00.005000Z,100.0,100.0,60.0,,traffic,1,Traffic,timeofday:America/Anchorage:day7-19:night1-5,AM,2.0-20.0,575.6005031357881,3222.5928456204833,526.8033499728094,3193.081177773339,0.8376348273619477,3.27349418115094,1.8369985191878682,,,223.23593596182425,14.30361632420772
1473,,AM,R3130,00,EHZ,61.1981981981982,-149.90658980942584,2026-09-12T20:11:00.005000Z,2026-09-12T20:12:00.005000Z,100.0,100.0,60.0,,traffic,1,Traffic,timeofday:America/Anchorage:day7-19:night1-5,AM,2.0-20.0,702.9221831316988,4026.408741980275,668.7822739307106,3689.970079225306,0.9052218094539205,5.260676403504031,2.82893153265658,,,223.23593596182425,16.52946271095139
1474,,AM,R3130,00,EHZ,61.1981981981982,-149.90658980942584,2026-09-12T20:12:00.005000Z,2026-09-12T20:13:00.005000Z,100.0,100.0,60.0,,traffic,1,Traffic,timeofday:America/Anchorage:day7-19:night1-5,AM,2.0-20.0,754.2443698126274,4724.409672886555,716.926588342472,4853.008364586536,0.9034938908957413,4.912308003277572,3.85041160757583,,,223.23593596182425,21.739368904370544
1475,,AM,R3130,00,EHZ,61.1981981981982,-149.90658980942584,2026-09-12T20:13:00.005000Z,2026-09-12T20:14:00.005000Z,100.0,100.0,60.0,,traffic,1,Traffic,timeofday:America/Anchorage:day7-19:night1-5,AM,2.0-20.0,658.5657969921704,5466.410752804812,623.3882467167468,4873.533891996833,0.896022419897565,4.830070573997417,5.948936009349424,,,223.23593596182425,21.831314349094132
1476,,AM,R3130,00,EHZ,61.1981981981982,-149.90658980942584,2026-09-12T20:14:00.005000Z,2026-09-12T20:15:00.005000Z,100.0,100.0,60.0,,traffic,1,Traffic,timeofday:America/Anchorage:day7-19:night1-5,AM,2.0-20.0,800.5810383495042,6132.411915135435,759.518577362883,5481.9969120767,0.9000491009799748,3.280352687060071,2.9134933577237865,,,223.23593596182425,24.556964309788277
1477,,AM,R3130,00,EHZ,61.1981981981982,-149.90658980942584,2026-09-12T20:15:00.005000Z,2026-09-12T20:16:00.005000Z,100.0,100.0,60.0,,traffic,1,Traffic,timeofday:America/Anchorage:day7-19:night1-5,AM,2.0-20.0,1194.1337313878205,7036.587462586085,1153.3100862325948,6647.42881730896,0.9327950821228547,4.59384738550266,3.441819888420355,,,223.23593596182425,29.777592880232966
1478,,AM,R3130,00,EHZ,61.1981981981982,-149.90658980942584,2026-09-12T20:16:00.005000Z,2026-09-12T20:17:00.005000Z,100.0,100.0,60.0,,traffic,1,Traffic,timeofday:America/Anchorage:day7-19:night1-5,AM,2.0-20.0,600.7534359640846,4505.41452740282,562.3901395860485,4512.052178675669,0.8763606490751723,3.873489284793596,5.652118067635184,,,223.23593596182425,20.212033332515418
1479,,AM,R3130,00,EHZ,61.1981981981982,-149.90658980942584,2026-09-12T20:17:00.005000Z,2026-09-12T20:18:00.005000Z,100.0,100.0,60.0,,traffic,1,Traffic,timeofday:America/Anchorage:day7-19:night1-5,AM,2.0-20.0,625.3298307802169,3033.4150090407807,577.46371072396,2821.700402087733,0.8527684040876612,3.2349739710154934,1.262180239104171,,,223.23593596182425,12.639991809250075
1480,,AM,R3130,00,EHZ,61.1981981981982,-149.90658980942584,2026-09-12T20:18:00.005000Z,2026-09-12T20:19:00.005000Z,100.0,100.0,60.0,,traffic,1,Traffic,timeofday:America/Anchorage:day7-19:night1-5,AM,2.0-20.0,581.1363536848273,3113.4165400876814,513.9918662203696,2894.8737717356316,0.7822695124211395,3.4355808629711273,1.650647001359098,,,223.23593596182425,12.967776712395832
1481,,AM,R3130,00,EHZ,61.1981981981982,-149.90658980942584,2026-09-12T20:19:00.005000Z,2026-09-12T20:20:00.005000Z,100.0,100.0,60.0,,traffic,1,Traffic,timeofday:America/Anchorage:day7-19:night1-5,AM,2.0-20.0,551.314170852613,2683.582069505937,508.65466170491874,2449.9590593191383,0.8512316185082863,3.7262886451823762,0.8157048624033831,,,223.23593596182425,10.974752110422346
1482,,AM,R3130,00,EHZ,61.1981981981982,-149.90658980942584,2026-09-12T20:20:00.005000Z,2026-09-12T20:21:00.005000Z,100.0,100.0,60.0,,traffic,1,Traffic,timeofday:America/Anchorage:day7-19:night1-5,AM,2.0-20.0,526.5880413160526,3554.41875926854,481.4213634366094,2982.5903519217222,0.8358122512548906,2.9419018633843845,1.7354858707644274,,,223.23593596182425,13.360708879916974
1483,,AM,R3130,00,EHZ,61.1981981981982,-149.90658980942584,2026-09-12T20:21:00.005000Z,2026-09-12T20:22:00.005000Z,100.0,100.0,60.0,,traffic,1,Traffic,timeofday:America/Anchorage:day7-19:night1-5,AM,2.0-20.0,874.1879224082846,5240.580300337528,777.6015691589016,5198.587354658947,0.7912334743100917,4.34878560542488,2.740562746261509,,,223.23593596182425,23.28741263032114
1484,,AM,R3130,00,EHZ,61.1981981981982,-149.90658980942584,2026-09-12T20:22:00.005000Z,2026-09-12T20:23:00.005000Z,100.0,100.0,60.0,,traffic,1,Traffic,timeofday:America/Anchorage:day7-19:night1-5,AM,2.0-20.0,954.1966960170236,6490.5787332003365,904.6354806901492,6105.237108590639,0.8988172888018826,4.303244616486043,3.8657067772760723,,,223.23593596182425,27.348809600416217
1485,,AM,R3130,00,EHZ,61.1981981981982,-149.90658980942584,2026-09-12T20:23:00.005000Z,2026-09-12T20:24:00.005000Z,100.0,100.0,60.0,,traffic,1,Traffic,timeofday:America/Anchorage:day7-19:night1-5,AM,2.0-20.0,1466.9365333423543,9074.421363164463,1422.8309057872482,10460.832533089148,0.9407710205059705,3.5547908454620005,3.8154532250134716,,,223.23593596182425,46.85998465264151
1486,,AM,R3130,00,EHZ,61.1981981981982,-149.90658980942584,2026-09-12T20:24:00.005000Z,2026-09-12T20:25:00.005000Z,100.0,100.0,60.0,,traffic,1,Traffic,timeofday:America/Anchorage:day7-19:night1-5,AM,2.0-20.0,637.2578785413665,3916.576804974198,594.8659554824418,3769.049508862781,0.8713804309924423,3.6317582126135957,3.0314694062055363,,,223.23593596182425,16.88370419674424
1487,,AM,R3130,00,EHZ,61.1981981981982,-149.90658980942584,2026-09-12T20:25:00.005000Z,2026-09-12T20:26:00.005000Z,100.0,100.0,60.0,,traffic,1,Traffic,timeofday:America/Anchorage:day7-19:night1-5,AM,2.0-20.0,549.7477984142722,2762.5760160106615,498.52429205452387,2480.7289425236136,0.8223290890379052,3.22034336034892,1.2009061452348666,,,223.23593596182425,11.112587818064583
1488,,AM,R3130,00,EHZ,61.1981981981982,-149.90658980942584,2026-09-12T20:26:00.005000Z,2026-09-12T20:27:00.005000Z,100.0,100.0,60.0,,traffic,1,Traffic,timeofday:America/Anchorage:day7-19:night1-5,AM,2.0-20.0,921.0866716199135,8048.5742792118945,886.4033862269999,7410.734578198083,0.9261083863728479,6.060723547273782,8.81447191015387,,,223.23593596182425,33.196871042596825
1489,,AM,R3130,00,EHZ,61.1981981981982,-149.90658980942584,2026-09-12T20:27:00.005000Z,2026-09-12T20:28:00.005000Z,100.0,100.0,60.0,,traffic,1,Traffic,timeofday:America/Anchorage:day7-19:night1-5,AM,2.0-20.0,790.1101749434891,7102.573979141585,719.7883752645082,6973.864210502631,0.8299164015760089,3.8782230342289266,8.384619218403678,,,223.23593596182425,31.239881609810514
1490,,AM,R3130,00,EHZ,61.1981981981982,-149.90658980942584,2026-09-12T20:28:00.005000Z,2026-09-12T20:29:00.005000Z,100.0,100.0,60.0,,traffic,1,Traffic,timeofday:America/Anchorage:day7-19:night1-5,AM,2.0-20.0,650.3799242838613,3878.4272838325837,612.9727483172221,3611.475731962715,0.8882763098235138,5.665625796936133,3.2054502115191212,,,223.23593596182425,16.177842139987337
1491,,AM,R3130,00,EHZ,61.1981981981982,-149.90658980942584,2026-09-12T20:29:00.005000Z,2026-09-12T20:30:00.005000Z,100.0,100.0,60.0,,traffic,1,Traffic,timeofday:America/Anchorage:day7-19:night1-5,AM,2.0-20.0,438.0717557966842,2519.4290706740744,373.8557898409509,2281.05550592287,0.7283124180526439,2.9399621819149595,0.9138170512478005,,,223.23593596182425,10.218137577602896
1492,,AM,R3130,00,EHZ,61.1981981981982,-149.90658980942584,2026-09-12T20:30:00.005000Z,2026-09-12T20:31:00.005000Z,100.0,100.0,60.0,,traffic,1,Traffic,timeofday:America/Anchorage:day7-19:night1-5,AM,2.0-20.0,717.6630437319864,6531.4297115557965,664.2343705505831,5796.9202254633,0.856646259919484,4.847056589734041,5.902179356991974,,,223.23593596182425,25.967683923679008
1493,,AM,R3130,00,EHZ,61.1981981981982,-149.90658980942584,2026-09-12T20:31:00.005000Z,2026-09-12T20:32:00.005000Z,100.0,100.0,60.0,,traffic,1,Traffic,timeofday:America/Anchorage:day7-19:night1-5,AM,2.0-20.0,968.5299470524632,7521.569268986486,916.0855816051987,7981.0200079681335,0.8946352131625799,4.961887035668997,6.554385553724659,,,223.23593596182425,35.751501986369135
1494,,AM,R3130,00,EHZ,61.1981981981982,-149.90658980942584,2026-09-12T20:32:00.005000Z,2026-09-12T20:33:00.005000Z,100.0,100.0,60.0,,traffic,1,Traffic,timeofday:America/Anchorage:day7-19:night1-5,AM,2.0-20.0,977.9534072524649,5411.568100702827,927.2110250939197,5753.299051343874,0.8989195914553171,4.233856863148811,2.3962087337450892,,,223.23593596182425,25.77228001645645
1495,,AM,R3130,00,EHZ,61.1981981981982,-149.90658980942584,2026-09-12T20:33:00.005000Z,2026-09-12T20:34:00.005000Z,100.0,100.0,60.0,,traffic,1,Traffic,timeofday:America/Anchorage:day7-19:night1-5,AM,2.0-20.0,1885.8389980259835,23003.566773175404,1817.0446153317328,21586.245420748044,0.9283718367249342,5.873809034218706,18.88594524651942,,,223.23593596182425,96.69700054224032
1496,,AM,R3130,00,EHZ,61.1981981981982,-149.90658980942584,2026-09-12T20:34:00.005000Z,2026-09-12T20:35:00.005000Z,100.0,100.0,60.0,,traffic,1,Traffic,timeofday:America/Anchorage:day7-19:night1-5,AM,2.0-20.0,516.5796489121426,3975.566327627735,477.6170969983623,3223.83165818569,0.8548406062573247,3.4758628696202076,2.4383463420876863,,,223.23593596182425,14.441365115771502
1497,,AM,R3130,00,EHZ,61.1981981981982,-149.90658980942584,2026-09-12T20:35:00.005000Z,2026-09-12T20:36:00.005000Z,100.0,100.0,60.0,,traffic,1,Traffic,timeofday:America/Anchorage:day7-19:night1-5,AM,2.0-20.0,952.273538679724,6083.564576876535,909.7412246266642,5334.894611181284,0.9126669356542442,4.68841007978791,3.190643836219026,,,223.23593596182425,23.898009915812157
1498,,AM,R3130,00,EHZ,61.1981981981982,-149.90658980942584,2026-09-12T20:36:00.005000Z,2026-09-12T20:37:00.005000Z,100.0,100.0,60.0,,traffic,1,Traffic,timeofday:America/Anchorage:day7-19:night1-5,AM,2.0-20.0,567.7883629113055,3604.4365735480137,517.9890499306458,3139.252158757852,0.8322775569019576,2.699785124104679,1.8094446773037616,,,223.23593596182425,14.06248570702657
1499,,AM,R3130,00,EHZ,61.1981981981982,-149.90658980942584,2026-09-12T20:37:00.005000Z,2026-09-12T20:38:00.005000Z,100.0,100.0,60.0,,traffic,1,Traffic,timeofday:America/Anchorage:day7-19:night1-5,AM,2.0-20.0,729.9233254195126,6023.437520081017,695.2079386309559,5600.0155637778225,0.907141344413932,5.3701337540657,5.160011225693138,,,223.23593596182425,25.085636591841045
1500,,AM,R3130,00,EHZ,61.1981981981982,-149.90658980942584,2026-09-12T20:38:00.005000Z,2026-09-12T20:39:00.005000Z,100.0,100.0,60.0,,traffic,1,Traffic,timeofday:America/Anchorage:day7-19:night1-5,AM,2.0-20.0,642.9324108722618,4722.560939756495,607.0955163907748,4353.47959742066,0.8916274119972715,3.5416833166082595,2.3688112742094924,,,223.23593596182425,19.50169706621586
1501,,AM,R3130,00,EHZ,61.1981981981982,-149.90658980942584,2026-09-12T20:39:00.005000Z,2026-09-12T20:40:00.005000Z,100.0,100.0,60.0,,traffic,1,Traffic,timeofday:America/Anchorage:day7-19:night1-5,AM,2.0-20.0,809.1969620770628,5648.560736423049,719.93887440953,4511.738258566146,0.7915580357414614,3.526891533500672,2.7675031890235875,,,223.23593596182425,20.210627106818958
1502,,AM,R3130,00,EHZ,61.1981981981982,-149.90658980942584,2026-09-12T20:40:00.005000Z,2026-09-12T20:41:00.005000Z,100.0,100.0,60.0,,traffic,1,Traffic,timeofday:America/Anchorage:day7-19:night1-5,AM,2.0-20.0,661.7725310251984,3072.558967812736,615.3028285151212,3354.439108822865,0.8644907489791349,3.414589281935672,1.3509107327517835,,,223.23593596182425,15.026429747388477
1503,,AM,R3130,00,EHZ,61.1981981981982,-149.90658980942584,2026-09-12T20:41:00.005000Z,2026-09-12T20:42:00.005000Z,100.0,100.0,60.0,,traffic,1,Traffic,timeofday:America/Anchorage:day7-19:night1-5,AM,2.0-20.0,1438.3523868726031,7546.558144619232,1222.02939308663,6050.8923470556365,0.7218263091844357,5.435547309053975,3.182284105698651,,,223.23593596182425,27.10536868083105
1504,,AM,R3130,00,EHZ,61.1981981981982,-149.90658980942584,2026-09-12T20:42:00.005000Z,2026-09-12T20:43:00.005000Z,100.0,100.0,60.0,,traffic,1,Traffic,timeofday:America/Anchorage:day7-19:night1-5,AM,2.0-20.0,775.2344649423792,7478.55745462495,732.9721226197767,6861.088670700925,0.8939408230258293,5.583056269014605,6.869775638867278,,,223.23593596182425,30.73469619100325
1505,,AM,R3130,00,EHZ,61.1981981981982,-149.90658980942584,2026-09-12T20:43:00.005000Z,2026-09-12T20:44:00.005000Z,100.0,100.0,60.0,,traffic,1,Traffic,timeofday:America/Anchorage:day7-19:night1-5,AM,2.0-20.0,831.3026501317013,4788.555469286855,717.4246557721098,5244.7080978813965,0.7447907359136512,3.8565080737118147,2.9133879685997135,,,223.23593596182425,23.494013521095
1506,,AM,R3130,00,EHZ,61.1981981981982,-149.90658980942584,2026-09-12T20:44:00.005000Z,2026-09-12T20:45:00.005000Z,100.0,100.0,60.0,,traffic,1,Traffic,timeofday:America/Anchorage:day7-19:night1-5,AM,2.0-20.0,1470.5609870082112,19999.554315885787,1374.7413498016563,20715.56302802975,0.873928516795835,7.006680860788493,41.25401345612073,,,223.23593596182425,92.79672172303088
1507,,AM,R3130,00,EHZ,61.1981981981982,-149.90658980942584,2026-09-12T20:45:00.005000Z,2026-09-12T20:46:00.005000Z,100.0,100.0,60.0,,traffic,1,Traffic,timeofday:America/Anchorage:day7-19:night1-5,AM,2.0-20.0,563.1550480986558,3286.553905312215,515.2952226540017,3135.853999983769,0.8372521457958081,3.9238423401144122,3.08271953536498,,,223.23593596182425,14.047263432174441
1508,,AM,R3130,00,EHZ,61.1981981981982,-149.90658980942584,2026-09-12T20:46:00.005000Z,2026-09-12T20:47:00.005000Z,100.0,100.0,60.0,,traffic,1,Traffic,timeofday:America/Anchorage:day7-19:night1-5,AM,2.0-20.0,811.7209491604189,5964.447683962835,776.2752848000531,5408.531988302015,0.9145722280065122,6.736206488279515,5.855444084690262,,,223.23593596182425,24.227873370830995
1509,,AM,R3130,00,EHZ,61.1981981981982,-149.90658980942584,2026-09-12T20:47:00.005000Z,2026-09-12T20:48:00.005000Z,100.0,100.0,60.0,,traffic,1,Traffic,timeofday:America/Anchorage:day7-19:night1-5,AM,2.0-20.0,553.3012780357834,2880.448852618562,482.1681564928248,2635.2860262212926,0.7594054395241944,2.248261629794932,0.5714708818571146,,,223.23593596182425,11.804936399988732
1510,,AM,R3130,00,EHZ,61.1981981981982,-149.90658980942584,2026-09-12T20:48:00.005000Z,2026-09-12T20:49:00.005000Z,100.0,100.0,60.0,,traffic,1,Traffic,timeofday:America/Anchorage:day7-19:night1-5,AM,2.0-20.0,1138.6849810440233,6896.550126249431,1108.6679501297012,7093.224218605206,0.9479726353230239,6.623950524522275,4.16964785929966,,,223.23593596182425,31.774562585739886
1511,,AM,R3130,00,EHZ,61.1981981981982,-149.90658980942584,2026-09-12T20:49:00.005000Z,2026-09-12T20:50:00.005000Z,100.0,100.0,60.0,,traffic,1,Traffic,timeofday:America/Anchorage:day7-19:night1-5,AM,2.0-20.0,841.7517842611609,6842.548992195736,802.5798998458814,7073.8602914118155,0.9090933197809495,3.639763557165147,3.3348204613060304,,,223.23593596182425,31.687820605287857
1512,,AM,R3130,00,EHZ,61.1981981981982,-149.90658980942584,2026-09-12T20:50:00.005000Z,2026-09-12T20:51:00.005000Z,100.0,100.0,60.0,,traffic,1,Traffic,timeofday:America/Anchorage:day7-19:night1-5,AM,2.0-20.0,716.8230318483123,3705.5480990540395,659.0772117926142,3649.5572458352394,0.8453736163603679,4.51153559707378,1.8810336674236892,,,223.23593596182425,16.348430776214062
1513,,AM,R3130,00,EHZ,61.1981981981982,-149.90658980942584,2026-09-12T20:51:00.005000Z,2026-09-12T20:52:00.005000Z,100.0,100.0,60.0,,traffic,1,Traffic,timeofday:America/Anchorage:day7-19:night1-5,AM,2.0-20.0,737.9090606838132,7236.546638327398,690.2270547112012,6966.878087964065,0.8749399973055594,4.741549719727509,8.542121945211766,,,223.23593596182425,31.208586816217064
1514,,AM,R3130,00,EHZ,61.1981981981982,-149.90658980942584,2026-09-12T20:52:00.005000Z,2026-09-12T20:53:00.005000Z,100.0,100.0,60.0,,traffic,1,Traffic,timeofday:America/Anchorage:day7-19:night1-5,AM,2.0-20.0,738.8628057029215,7251.54536233096,661.8129272302074,7351.6376104829815,0.8023112510675591,5.5273299508884355,13.797533221455286,,,223.23593596182425,32.93214230409655
1515,,AM,R3130,00,EHZ,61.1981981981982,-149.90658980942584,2026-09-12T20:53:00.005000Z,2026-09-12T20:54:00.005000Z,100.0,100.0,60.0,,traffic,1,Traffic,timeofday:America/Anchorage:day7-19:night1-5,AM,2.0-20.0,587.3100947427747,5280.5447668411525,523.0139669666246,5942.895368871962,0.7930336986008661,5.064888146932565,10.050345771935145,,,223.23593596182425,26.62158914184973
1516,,AM,R3130,00,EHZ,61.1981981981982,-149.90658980942584,2026-09-12T20:54:00.005000Z,2026-09-12T20:55:00.005000Z,100.0,100.0,60.0,,traffic,1,Traffic,timeofday:America/Anchorage:day7-19:night1-5,AM,2.0-20.0,614.1672672737102,5730.456647377381,550.5558330478177,4290.557956559225,0.803580526040869,4.367516241820275,4.100479579332172,,,223.23593596182425,19.219835453790722
1517,,AM,R3130,00,EHZ,61.1981981981982,-149.90658980942584,2026-09-12T20:55:00.005000Z,2026-09-12T20:56:00.005000Z,100.0,100.0,60.0,,traffic,1,Traffic,timeofday:America/Anchorage:day7-19:night1-5,AM,2.0-20.0,680.8066437204911,6172.542416879494,640.3282552259728,6234.995534068614,0.8846220525084452,3.9788031058879185,9.890686369926987,,,223.23593596182425,27.930070968210355
1518,,AM,R3130,00,EHZ,61.1981981981982,-149.90658980942584,2026-09-12T20:56:00.005000Z,2026-09-12T20:57:00.005000Z,100.0,100.0,60.0,,traffic,1,Traffic,timeofday:America/Anchorage:day7-19:night1-5,AM,2.0-20.0,788.4835695770248,5685.541549596306,726.9416526632045,5393.341402126981,0.8499899917503143,4.723753302751585,3.367540620080293,,,223.23593596182425,24.159826144878846
1519,,AM,R3130,00,EHZ,61.1981981981982,-149.90658980942584,2026-09-12T20:57:00.005000Z,2026-09-12T20:58:00.005000Z,100.0,100.0,60.0,,traffic,1,Traffic,timeofday:America/Anchorage:day7-19:night1-5,AM,2.0-20.0,613.2382466998166,5016.540715798954,575.3765067911452,5002.962464514772,0.8803305712873871,6.754486177541845,8.212465715032403,,,223.23593596182425,22.411098118944132
1520,,AM,R3130,00,EHZ,61.1981981981982,-149.90658980942584,2026-09-12T20:58:00.005000Z,2026-09-12T20:59:00.005000Z,100.0,100.0,60.0,,traffic,1,Traffic,timeofday:America/Anchorage:day7-19:night1-5,AM,2.0-20.0,1033.1060586813512,7835.539154428769,1001.414550259782,7900.977079246888,0.9395891164965734,6.233202182739239,7.06953603648463,,,223.23593596182425,35.39294444330881
1521,,AM,R3130,00,EHZ,61.1981981981982,-149.90658980942584,2026-09-12T20:59:00.005000Z,2026-09-12T21:00:00.005000Z,100.0,100.0,60.0,,traffic,1,Traffic,timeofday:America/Anchorage:day7-19:night1-5,AM,2.0-20.0,885.1202555173923,6269.462131613422,818.8496526383256,5752.264136870924,0.8558620690968056,3.564462526239909,2.2548729944338133,,,223.23593596182425,25.767644049274498
1522,,AM,R3130,00,EHZ,61.1981981981982,-149.90658980942584,2026-09-12T21:00:00.005000Z,2026-09-12T21:01:00.005000Z,100.0,100.0,60.0,,traffic,1,Traffic,timeofday:America/Anchorage:day7-19:night1-5,AM,2.0-20.0,708.1753950938321,4143.537048913724,670.2515517480107,4192.273461762719,0.8957647934218689,3.3481315782125116,2.6636196502496867,,,223.23593596182425,18.779563620436285
1523,,AM,R3130,00,EHZ,61.1981981981982,-149.90658980942584,2026-09-12T21:01:00.005000Z,2026-09-12T21:02:00.005000Z,100.0,100.0,60.0,,traffic,1,Traffic,timeofday:America/Anchorage:day7-19:night1-5,AM,2.0-20.0,821.1449941515783,4860.4647089067075,774.351501150138,4467.841958033127,0.8892760372826718,2.9545492658660484,1.816651741367835,,,223.23593596182425,20.013990752802346
1524,,AM,R3130,00,EHZ,61.1981981981982,-149.90658980942584,2026-09-12T21:02:00.005000Z,2026-09-12T21:03:00.005000Z,100.0,100.0,60.0,,traffic,1,Traffic,timeofday:America/Anchorage:day7-19:night1-5,AM,2.0-20.0,973.3949190065979,10482.465224588605,874.5379728530447,10197.4590375797,0.8071963567947488,5.130400011659165,20.812151694083717,,,223.23593596182425,45.68018582511543
1525,,AM,R3130,00,EHZ,61.1981981981982,-149.90658980942584,2026-09-12T21:03:00.005000Z,2026-09-12T21:04:00.005000Z,100.0,100.0,60.0,,traffic,1,Traffic,timeofday:America/Anchorage:day7-19:night1-5,AM,2.0-20.0,1162.162783885877,23285.532950619287,1121.280694740963,25206.95803869735,0.9308822774915528,7.6361549100731345,107.08150380269929,,,223.23593596182425,112.91621991814083
1526,,AM,R3130,00,EHZ,61.1981981981982,-149.90658980942584,2026-09-12T21:04:00.005000Z,2026-09-12T21:05:00.005000Z,100.0,100.0,60.0,,traffic,1,Traffic,timeofday:America/Anchorage:day7-19:night1-5,AM,2.0-20.0,690.9858377066786,4491.467083052581,615.3013858297938,4110.982216326718,0.7929348283909485,4.126099704178178,4.457758826756653,,,223.23593596182425,18.415414160871215
1527,,AM,R3130,00,EHZ,61.1981981981982,-149.90658980942584,2026-09-12T21:05:00.005000Z,2026-09-12T21:06:00.005000Z,100.0,100.0,60.0,,traffic,1,Traffic,timeofday:America/Anchorage:day7-19:night1-5,AM,2.0-20.0,759.4724180872763,5504.531477986573,721.0233685186063,5218.43055315253,0.9013109945496351,3.3630933101533422,3.901541126193835,,,223.23593596182425,23.376301537960885
1528,,AM,R3130,00,EHZ,61.1981981981982,-149.90658980942584,2026-09-12T21:06:00.005000Z,2026-09-12T21:07:00.005000Z,100.0,100.0,60.0,,traffic,1,Traffic,timeofday:America/Anchorage:day7-19:night1-5,AM,2.0-20.0,594.5991706581427,5914.470162261363,557.065583809192,5313.145518675851,0.8777362965150965,6.257148772738642,9.539196290505002,,,223.23593596182425,23.80058343108547
1529,,AM,R3130,00,EHZ,61.1981981981982,-149.90658980942584,2026-09-12T21:07:00.005000Z,2026-09-12T21:08:00.005000Z,100.0,100.0,60.0,,traffic,1,Traffic,timeofday:America/Anchorage:day7-19:night1-5,AM,2.0-20.0,1438.4216601196924,14241.470870300793,1390.7323316880588,13546.043129611193,0.9347913265675921,3.9873081535371697,19.667348560262443,,,223.23593596182425,60.680387641207155
1530,,AM,R3130,00,EHZ,61.1981981981982,-149.90658980942584,2026-09-12T21:08:00.005000Z,2026-09-12T21:09:00.005000Z,100.0,100.0,60.0,,traffic,1,Traffic,timeofday:America/Anchorage:day7-19:night1-5,AM,2.0-20.0,970.3192028217047,5493.47211560188,936.5250924858079,4706.761300329229,0.9315573215337174,3.4848612568608766,1.8333303951839461,,,223.23593596182425,21.084245598943962
1531,,AM,R3130,00,EHZ,61.1981981981982,-149.90658980942584,2026-09-12T21:09:00.005000Z,2026-09-12T21:10:00.005000Z,100.0,100.0,60.0,,traffic,1,Traffic,timeofday:America/Anchorage:day7-19:night1-5,AM,2.0-20.0,570.3374856306399,3380.4726811404676,518.1898377932015,2889.5304278900094,0.8254940555734481,4.761349963514418,1.912474855950454,,,223.23593596182425,12.943840853580806
1532,,AM,R3130,00,EHZ,61.1981981981982,-149.90658980942584,2026-09-12T21:10:00.005000Z,2026-09-12T21:11:00.005000Z,100.0,100.0,60.0,,traffic,1,Traffic,timeofday:America/Anchorage:day7-19:night1-5,AM,2.0-20.0,936.6676063282113,6592.474355246306,895.001506357957,6381.612411268237,0.9130120949416729,4.219676981343709,4.718851643564956,,,223.23593596182425,28.586850874939604
1533,,AM,R3130,00,EHZ,61.1981981981982,-149.90658980942584,2026-09-12T21:11:00.005000Z,2026-09-12T21:12:00.005000Z,100.0,100.0,60.0,,traffic,1,Traffic,timeofday:America/Anchorage:day7-19:night1-5,AM,2.0-20.0,931.9807678045381,7584.524850023154,884.8034997902192,6142.335711517157,0.9013215663110066,5.053578638836864,3.835009645699828,,,223.23593596182425,27.514995222666847
1534,,AM,R3130,00,EHZ,61.1981981981982,-149.90658980942584,2026-09-12T21:12:00.005000Z,2026-09-12T21:13:00.005000Z,100.0,100.0,60.0,,traffic,1,Traffic,timeofday:America/Anchorage:day7-19:night1-5,AM,2.0-20.0,728.0026581169013,4662.523794103079,692.1239382619933,5319.091621555823,0.9038613387730462,3.631372535898051,2.8737913690423333,,,223.23593596182425,23.827219388483424
1535,,AM,R3130,00,EHZ,61.1981981981982,-149.90658980942584,2026-09-12T21:13:00.005000Z,2026-09-12T21:14:00.005000Z,100.0,100.0,60.0,,traffic,1,Traffic,timeofday:America/Anchorage:day7-19:night1-5,AM,2.0-20.0,517.4359527673821,3272.4771237809314,483.35046232017595,3271.4919998129326,0.8725916926014249,2.740256653090445,2.565930218971479,,,223.23593596182425,14.654862738463367
1536,,AM,R3130,00,EHZ,61.1981981981982,-149.90658980942584,2026-09-12T21:14:00.005000Z,2026-09-12T21:15:00.005000Z,100.0,100.0,60.0,,traffic,1,Traffic,timeofday:America/Anchorage:day7-19:night1-5,AM,2.0-20.0,588.0500352219179,5178.478994337014,544.9725726316141,5063.830114516655,0.8588567449305436,3.8883866647355654,4.4435197021109865,,,223.23593596182425,22.683758744750776
1537,,AM,R3130,00,EHZ,61.1981981981982,-149.90658980942584,2026-09-12T21:15:00.005000Z,2026-09-12T21:16:00.005000Z,100.0,100.0,60.0,,traffic,1,Traffic,timeofday:America/Anchorage:day7-19:night1-5,AM,2.0-20.0,1323.2896518735663,9260.519942115583,1292.1976178265743,8866.393816309006,0.9535600319280026,4.035003356483375,5.212299281713809,,,223.23593596182425,39.717591964338816
1538,,AM,R3130,00,EHZ,61.1981981981982,-149.90658980942584,2026-09-12T21:16:00.005000Z,2026-09-12T21:17:00.005000Z,100.0,100.0,60.0,,traffic,1,Traffic,timeofday:America/Anchorage:day7-19:night1-5,AM,2.0-20.0,542.0474215307352,2932.519208217645,496.0604750541968,2628.5489917108653,0.8375190302850338,3.904334902418511,1.4948174442943607,,,223.23593596182425,11.774757412535836
1539,,AM,R3130,00,EHZ,61.1981981981982,-149.90658980942584,2026-09-12T21:17:00.005000Z,2026-09-12T21:18:00.005000Z,100.0,100.0,60.0,,traffic,1,Traffic,timeofday:America/Anchorage:day7-19:night1-5,AM,2.0-20.0,939.7502514457393,5473.517769442831,878.59398771845,4939.157556530917,0.8740807441046117,3.361595149561176,2.377539868962547,,,223.23593596182425,22.12527985357862
1540,,AM,R3130,00,EHZ,61.1981981981982,-149.90658980942584,2026-09-12T21:18:00.005000Z,2026-09-12T21:19:00.005000Z,100.0,100.0,60.0,,traffic,1,Traffic,timeofday:America/Anchorage:day7-19:night1-5,AM,2.0-20.0,690.7375362667256,4378.516785703341,623.8561934154297,4756.608338356127,0.8157232999962086,4.235301242064685,2.7565712521278574,,,223.23593596182425,21.307538671415156
1541,,AM,R3130,00,EHZ,61.1981981981982,-149.90658980942584,2026-09-12T21:19:00.005000Z,2026-09-12T21:20:00.005000Z,100.0,100.0,60.0,,traffic,1,Traffic,timeofday:America/Anchorage:day7-19:night1-5,AM,2.0-20.0,793.6838184049135,4598.515933116714,737.4055507431026,4956.261884170002,0.8632125637940945,3.752655114628183,1.7037222196027697,,,223.23593596182425,22.201899809793957
1542,,AM,R3130,00,EHZ,61.1981981981982,-149.90658980942584,2026-09-12T21:20:00.005000Z,2026-09-12T21:21:00.005000Z,100.0,100.0,60.0,,traffic,1,Traffic,timeofday:America/Anchorage:day7-19:night1-5,AM,2.0-20.0,799.8867211492951,3661.4853287412593,670.5125289474896,3011.1138752508296,0.7026787504449058,3.452582545295781,1.047492412470893,,,223.23593596182425,13.488481871331695
1543,,AM,R3130,00,EHZ,61.1981981981982,-149.90658980942584,2026-09-12T21:21:00.005000Z,2026-09-12T21:22:00.005000Z,100.0,100.0,60.0,,traffic,1,Traffic,timeofday:America/Anchorage:day7-19:night1-5,AM,2.0-20.0,631.1257632416534,4496.513526043102,590.4261717865008,4330.0497283764225,0.8751840266152573,4.843699734132,3.7309765539527815,,,223.23593596182425,19.39674143287086
1544,,AM,R3130,00,EHZ,61.1981981981982,-149.90658980942584,2026-09-12T21:22:00.005000Z,2026-09-12T21:23:00.005000Z,100.0,100.0,60.0,,traffic,1,Traffic,timeofday:America/Anchorage:day7-19:night1-5,AM,2.0-20.0,899.7190654817423,6228.512631413145,866.6428610856074,5568.818591770287,0.9278258770508175,3.654402433611067,3.2537239000909155,,,223.23593596182425,24.94588771192562
1545,,AM,R3130,00,EHZ,61.1981981981982,-149.90658980942584,2026-09-12T21:23:00.005000Z,2026-09-12T21:24:00.005000Z,100.0,100.0,60.0,,traffic,1,Traffic,timeofday:America/Anchorage:day7-19:night1-5,AM,2.0-20.0,769.339205186186,7240.510925681792,731.9694001616518,6324.199174296826,0.9052116252310264,5.5236177029256694,11.127203266506479,,,223.23593596182425,28.329664518611967
1546,,AM,R3130,00,EHZ,61.1981981981982,-149.90658980942584,2026-09-12T21:24:00.005000Z,2026-09-12T21:25:00.005000Z,100.0,100.0,60.0,,traffic,1,Traffic,timeofday:America/Anchorage:day7-19:night1-5,AM,2.0-20.0,879.9505791283343,6717.489724315517,843.6430368972859,6898.158285250465,0.9191806850090773,5.770914462284554,4.425014783687462,,,223.23593596182425,30.900751957920093
1547,,AM,R3130,00,EHZ,61.1981981981982,-149.90658980942584,2026-09-12T21:25:00.005000Z,2026-09-12T21:26:00.005000Z,100.0,100.0,60.0,,traffic,1,Traffic,timeofday:America/Anchorage:day7-19:night1-5,AM,2.0-20.0,616.7351870893885,3959.5094573278216,578.5056232419774,3715.0353317263657,0.8798683887612478,5.069941099081003,3.6022199686843432,,,223.23593596182425,16.641744151630125
1548,,AM,R3130,00,EHZ,61.1981981981982,-149.90658980942584,2026-09-12T21:26:00.005000Z,2026-09-12T21:27:00.005000Z,100.0,100.0,60.0,,traffic,1,Traffic,timeofday:America/Anchorage:day7-19:night1-5,AM,2.0-20.0,977.7552388031372,10006.50746064175,935.764952748949,9065.489101341585,0.915953123246469,4.678492166849656,8.029915448899596,,,223.23593596182425,40.60945233697446
1549,,AM,R3130,00,EHZ,61.1981981981982,-149.90658980942584,2026-09-12T21:27:00.005000Z,2026-09-12T21:28:00.005000Z,100.0,100.0,60.0,,traffic,1,Traffic,timeofday:America/Anchorage:day7-19:night1-5,AM,2.0-20.0,773.0392982914258,5596.493237723993,675.6522899629051,5404.921509704309,0.763912051389254,6.825735525049046,3.4852568379989535,,,223.23593596182425,24.211699995419234
1550,,AM,R3130,00,EHZ,61.1981981981982,-149.90658980942584,2026-09-12T21:28:00.005000Z,2026-09-12T21:29:00.005000Z,100.0,100.0,60.0,,traffic,1,Traffic,timeofday:America/Anchorage:day7-19:night1-5,AM,2.0-20.0,856.0125207757745,7285.5052096493455,811.252397935167,5695.941406557994,0.8981559532104768,3.5081701405465644,4.748387523255162,,,223.23593596182425,25.51534268896591
1551,,AM,R3130,00,EHZ,61.1981981981982,-149.90658980942584,2026-09-12T21:29:00.005000Z,2026-09-12T21:30:00.005000Z,100.0,100.0,60.0,,traffic,1,Traffic,timeofday:America/Anchorage:day7-19:night1-5,AM,2.0-20.0,874.6186237904177,4356.504910323165,837.174792729058,4351.336000301133,0.9162096147367782,3.1210768253992507,1.629680183624127,,,223.23593596182425,19.492094682485433
1552,,AM,R3130,00,EHZ,61.1981981981982,-149.90658980942584,2026-09-12T21:30:00.005000Z,2026-09-12T21:31:00.005000Z,100.0,100.0,60.0,,traffic,1,Traffic,timeofday:America/Anchorage:day7-19:night1-5,AM,2.0-20.0,649.7548341506136,5958.496945722389,615.0276161665994,5887.017980569143,0.8959632479584755,5.817611700654904,7.26873298967625,,,223.23593596182425,26.371282720251127
1553,,AM,R3130,00,EHZ,61.1981981981982,-149.90658980942584,2026-09-12T21:31:00.005000Z,2026-09-12T21:32:00.005000Z,100.0,100.0,60.0,,traffic,1,Traffic,timeofday:America/Anchorage:day7-19:night1-5,AM,2.0-20.0,887.6355554053661,8611.501974173321,847.8084003137017,8122.39154323919,0.9122755814875697,3.693846670911297,4.436658052173312,,,223.23593596182425,36.38478504029121
1554,,AM,R3130,00,EHZ,61.1981981981982,-149.90658980942584,2026-09-12T21:32:00.005000Z,2026-09-12T21:33:00.005000Z,100.0,100.0,60.0,,traffic,1,Traffic,timeofday:America/Anchorage:day7-19:night1-5,AM,2.0-20.0,737.0465994319126,4525.500948390501,682.1566566388086,4166.094900675169,0.8566005507172524,2.954167188463806,2.231443544855776,,,223.23593596182425,18.662295041008164
1555,,AM,R3130,00,EHZ,61.1981981981982,-149.90658980942584,2026-09-12T21:33:00.005000Z,2026-09-12T21:34:00.005000Z,100.0,100.0,60.0,,traffic,1,Traffic,timeofday:America/Anchorage:day7-19:night1-5,AM,2.0-20.0,746.9123706347791,3909.499762247727,710.5438973115116,3969.936615809118,0.9049873791298186,2.7829899336830657,1.036702393538663,,,223.23593596182425,17.78359115303022
1556,,AM,R3130,00,EHZ,61.1981981981982,-149.90658980942584,2026-09-12T21:34:00.005000Z,2026-09-12T21:35:00.005000Z,100.0,100.0,60.0,,traffic,1,Traffic,timeofday:America/Anchorage:day7-19:night1-5,AM,2.0-20.0,791.5554985163145,5665.49921810287,659.3161087918784,5249.64674301099,0.6937845647934211,3.722294520789014,4.39356562538404,,,223.23593596182425,23.51613650549854
1557,,AM,R3130,00,EHZ,61.1981981981982,-149.90658980942584,2026-09-12T21:35:00.005000Z,2026-09-12T21:36:00.005000Z,100.0,100.0,60.0,,traffic,1,Traffic,timeofday:America/Anchorage:day7-19:night1-5,AM,2.0-20.0,1019.7717858378121,7195.498089816181,717.0991054184526,4316.454707088182,0.4944841520018791,4.490535776797379,3.0919478801858027,,,223.23593596182425,19.335841644359366
1558,,AM,R3130,00,EHZ,61.1981981981982,-149.90658980942584,2026-09-12T21:36:00.005000Z,2026-09-12T21:37:00.005000Z,100.0,100.0,60.0,,traffic,1,Traffic,timeofday:America/Anchorage:day7-19:night1-5,AM,2.0-20.0,1536.8806151011845,14102.50366409757,1493.3979450574732,14759.453868959328,0.94421486460504,5.069270745294418,9.353696202363489,,,223.23593596182425,66.11594054231195
1559,,AM,R3130,00,EHZ,61.1981981981982,-149.90658980942584,2026-09-12T21:37:00.005000Z,2026-09-12T21:38:00.005000Z,100.0,100.0,60.0,,traffic,1,Traffic,timeofday:America/Anchorage:day7-19:night1-5,AM,2.0-20.0,605.3603540471378,5187.495463596366,565.3814907092034,5051.838984475247,0.8722786108116826,5.368951873455135,7.821682377996041,,,223.23593596182425,22.63004369215522
1560,,AM,R3130,00,EHZ,61.1981981981982,-149.90658980942584,2026-09-12T21:38:00.005000Z,2026-09-12T21:39:00.005000Z,100.0,100.0,60.0,,traffic,1,Traffic,timeofday:America/Anchorage:day7-19:night1-5,AM,2.0-20.0,681.7882618014334,5839.505495958909,647.7457242479056,4966.009168039649,0.9026306369547485,5.581777198484814,7.671520220583272,,,223.23593596182425,22.245563406461986
1561,,AM,R3130,00,EHZ,61.1981981981982,-149.90658980942584,2026-09-12T21:39:00.005000Z,2026-09-12T21:40:00.005000Z,100.0,100.0,60.0,,traffic,1,Traffic,timeofday:America/Anchorage:day7-19:night1-5,AM,2.0-20.0,713.6274957446293,8117.493050569714,673.0526945085429,7673.728827062419,0.8895184998255393,5.608066938128447,11.853901620176375,,,223.23593596182425,34.37497100993054
1562,,AM,R3130,00,EHZ,61.1981981981982,-149.90658980942584,2026-09-12T21:40:00.005000Z,2026-09-12T21:41:00.005000Z,100.0,100.0,60.0,,traffic,1,Traffic,timeofday:America/Anchorage:day7-19:night1-5,AM,2.0-20.0,848.2851299075251,6408.492028507544,759.4891802991843,5646.083209055716,0.8016032594154612,5.641355511530016,4.862320149875747,,,223.23593596182425,25.29199962689366
1563,,AM,R3130,00,EHZ,61.1981981981982,-149.90658980942584,2026-09-12T21:41:00.005000Z,2026-09-12T21:42:00.005000Z,100.0,100.0,60.0,,traffic,1,Traffic,timeofday:America/Anchorage:day7-19:night1-5,AM,2.0-20.0,719.5745309091866,4692.49151989488,672.9313853771728,3763.6357458674797,0.8745607891008229,2.875083816626283,1.8226969448678574,,,223.23593596182425,16.859452890734858
1564,,AM,R3130,00,EHZ,61.1981981981982,-149.90658980942584,2026-09-12T21:42:00.005000Z,2026-09-12T21:43:00.005000Z,100.0,100.0,60.0,,traffic,1,Traffic,timeofday:America/Anchorage:day7-19:night1-5,AM,2.0-20.0,573.8806692797452,3651.48955706671,523.7422039909212,3222.309687512215,0.8328982520754662,4.0701051268322335,3.4769858009213994,,,223.23593596182425,14.434547348430787
1565,,AM,R3130,00,EHZ,61.1981981981982,-149.90658980942584,2026-09-12T21:43:00.005000Z,2026-09-12T21:44:00.005000Z,100.0,100.0,60.0,,traffic,1,Traffic,timeofday:America/Anchorage:day7-19:night1-5,AM,2.0-20.0,621.4506502977079,3132.488964925485,551.9232894142652,2841.915607813624,0.788758671754553,2.718003244396412,1.0657431260309833,,,223.23593596182425,12.73054714765826
1566,,AM,R3130,00,EHZ,61.1981981981982,-149.90658980942584,2026-09-12T21:44:00.005000Z,2026-09-12T21:45:00.005000Z,100.0,100.0,60.0,,traffic,1,Traffic,timeofday:America/Anchorage:day7-19:night1-5,AM,2.0-20.0,851.0172076589084,6686.512728713758,799.7549264961322,6297.443971308201,0.8831554731827275,3.814709584823425,4.970958841280379,,,223.23593596182425,28.20981283401043
1567,,AM,R3130,00,EHZ,61.1981981981982,-149.90658980942584,2026-09-12T21:45:00.005000Z,2026-09-12T21:46:00.005000Z,100.0,100.0,60.0,,traffic,1,Traffic,timeofday:America/Anchorage:day7-19:night1-5,AM,2.0-20.0,830.5126161655608,4826.486444930188,794.5058740333193,4898.9988170282495,0.9151699609064762,3.910427067827615,2.8082289257954036,,,223.23593596182425,21.945386149056354
1568,,AM,R3130,00,EHZ,61.1981981981982,-149.90658980942584,2026-09-12T21:46:00.005000Z,2026-09-12T21:47:00.005000Z,100.0,100.0,60.0,,traffic,1,Traffic,timeofday:America/Anchorage:day7-19:night1-5,AM,2.0-20.0,774.8123552110583,4687.485709916056,724.5081802085872,4240.863138326376,0.8743665038838558,5.610856292499079,2.5715437643324917,,,223.23593596182425,18.99722425985935
1569,,AM,R3130,00,EHZ,61.1981981981982,-149.90658980942584,2026-09-12T21:47:00.005000Z,2026-09-12T21:48:00.005000Z,100.0,100.0,60.0,,traffic,1,Traffic,timeofday:America/Anchorage:day7-19:night1-5,AM,2.0-20.0,545.9279870618825,3767.5151409962805,503.88393447259085,2823.0842858046294,0.8519033097304399,2.8573058306781,1.5778739375691222,,,223.23593596182425,12.646191007022306
1570,,AM,R3130,00,EHZ,61.1981981981982,-149.90658980942584,2026-09-12T21:48:00.005000Z,2026-09-12T21:49:00.005000Z,100.0,100.0,60.0,,traffic,1,Traffic,timeofday:America/Anchorage:day7-19:night1-5,AM,2.0-20.0,572.9748278691075,3340.516693622942,526.1356547073173,3347.3450124114815,0.843187931261612,2.6397099607457317,0.8754443347838667,,,223.23593596182425,14.994651277758047
1571,,AM,R3130,00,EHZ,61.1981981981982,-149.90658980942584,2026-09-12T21:49:00.005000Z,2026-09-12T21:50:00.005000Z,100.0,100.0,60.0,,traffic,1,Traffic,timeofday:America/Anchorage:day7-19:night1-5,AM,2.0-20.0,916.3086114301653,6763.482582896939,885.6591733714928,7167.609587860472,0.9342211914695842,6.525802163586247,4.099974620441743,,,223.23593596182425,32.10777672052859
1572,,AM,R3130,00,EHZ,61.1981981981982,-149.90658980942584,2026-09-12T21:50:00.005000Z,2026-09-12T21:51:00.005000Z,100.0,100.0,60.0,,traffic,1,Traffic,timeofday:America/Anchorage:day7-19:night1-5,AM,2.0-20.0,755.5345760592812,4268.518819973617,715.064665536027,3964.6612869146793,0.8957399584300575,3.169980606077201,2.1615940981390978,,,223.23593596182425,17.759959971644882
1573,,AM,R3130,00,EHZ,61.1981981981982,-149.90658980942584,2026-09-12T21:51:00.005000Z,2026-09-12T21:52:00.005000Z,100.0,100.0,60.0,,traffic,1,Traffic,timeofday:America/Anchorage:day7-19:night1-5,AM,2.0-20.0,2097.0803444123258,8885.479786643482,1586.2172981898611,7739.492015784854,0.5721306627790704,4.909472049670333,2.1439127071244837,,,223.23593596182425,34.669561522157395
1574,,AM,R3130,00,EHZ,61.1981981981982,-149.90658980942584,2026-09-12T21:52:00.005000Z,2026-09-12T21:53:00.005000Z,100.0,100.0,60.0,,traffic,1,Traffic,timeofday:America/Anchorage:day7-19:night1-5,AM,2.0-20.0,796.4619896979277,4481.479188549218,741.6978369424183,4612.498978478233,0.8672092790619627,2.5604332895021087,1.6228848516712322,,,223.23593596182425,20.661991352803607
1575,,AM,R3130,00,EHZ,61.1981981981982,-149.90658980942584,2026-09-12T21:53:00.005000Z,2026-09-12T21:54:00.005000Z,100.0,100.0,60.0,,traffic,1,Traffic,timeofday:America/Anchorage:day7-19:night1-5,AM,2.0-20.0,621.1808423394326,5094.477414916029,558.1991219286856,4293.388556576465,0.8074993684813758,4.285323356573526,3.6789334933872215,,,223.23593596182425,19.232515312009088
1576,,AM,R3130,00,EHZ,61.1981981981982,-149.90658980942584,2026-09-12T21:54:00.005000Z,2026-09-12T21:55:00.005000Z,100.0,100.0,60.0,,traffic,1,Traffic,timeofday:America/Anchorage:day7-19:night1-5,AM,2.0-20.0,852.630830005507,9185.476301139872,802.6925281957438,9230.882787709625,0.8862910762596,4.572572727003275,8.279082871331317,,,223.23593596182425,41.350344190498994
1577,,AM,R3130,00,EHZ,61.1981981981982,-149.90658980942584,2026-09-12T21:55:00.005000Z,2026-09-12T21:56:00.005000Z,100.0,100.0,60.0,,traffic,1,Traffic,timeofday:America/Anchorage:day7-19:night1-5,AM,2.0-20.0,596.8231017198991,2976.5241235721683,547.0786452504068,2769.644151424164,0.8402495234339731,2.211419542047806,1.1241675795067962,,,223.23593596182425,12.406802424040738
1578,,AM,R3130,00,EHZ,61.1981981981982,-149.90658980942584,2026-09-12T21:56:00.005000Z,2026-09-12T21:57:00.005000Z,100.0,100.0,60.0,,traffic,1,Traffic,timeofday:America/Anchorage:day7-19:night1-5,AM,2.0-20.0,784.9797064906859,5340.473945783273,718.6748291705343,5583.767402367557,0.8382006823651591,3.773800600924451,4.181322394242301,,,223.23593596182425,25.012851888337735
1579,,AM,R3130,00,EHZ,61.1981981981982,-149.90658980942584,2026-09-12T21:57:00.005000Z,2026-09-12T21:58:00.005000Z,100.0,100.0,60.0,,traffic,1,Traffic,timeofday:America/Anchorage:day7-19:night1-5,AM,2.0-20.0,766.4133108501687,5714.526672960588,720.6795033785198,5964.886787817861,0.8842157847301484,3.312439693506453,3.3646541405684767,,,223.23593596182425,26.72010114374202
1580,,AM,R3130,00,EHZ,61.1981981981982,-149.90658980942584,2026-09-12T21:58:00.005000Z,2026-09-12T21:59:00.005000Z,100.0,100.0,60.0,,traffic,1,Traffic,timeofday:America/Anchorage:day7-19:night1-5,AM,2.0-20.0,555.060561261111,4155.471653677701,505.8940642134629,3431.085955780304,0.8306889367988491,6.016061826082546,3.7741945180461594,,,223.23593596182425,15.369774319700287
1581,,AM,R3130,00,EHZ,61.1981981981982,-149.90658980942584,2026-09-12T21:59:00.005000Z,2026-09-12T22:00:00.005000Z,100.0,100.0,60.0,,traffic,1,Traffic,timeofday:America/Anchorage:day7-19:night1-5,AM,2.0-20.0,707.6533243997146,4161.529056594116,637.7673846610268,3270.4298193249288,0.8122383837098722,2.8518459546468664,1.2766596805358779,,,223.23593596182425,14.650104631380708
1582,,AM,R3130,00,EHZ,61.1981981981982,-149.90658980942584,2026-09-12T22:00:00.005000Z,2026-09-12T22:01:00.005000Z,100.0,100.0,60.0,,traffic,1,Traffic,timeofday:America/Anchorage:day7-19:night1-5,AM,2.0-20.0,797.8445668145866,5532.529693383123,752.4182887105085,5727.207176445831,0.8893692356497008,5.215703210712739,4.394718268466836,,,223.23593596182425,25.655399753493292
1583,,AM,R3130,00,EHZ,61.1981981981982,-149.90658980942584,2026-09-12T22:01:00.005000Z,2026-09-12T22:02:00.005000Z,100.0,100.0,60.0,,traffic,1,Traffic,timeofday:America/Anchorage:day7-19:night1-5,AM,2.0-20.0,975.292829393642,7774.469212932219,919.2497164599841,7269.218879187331,0.8883762648810452,5.496727878501064,3.8902901883391134,,,223.23593596182425,32.56294219775819
1584,,AM,R3130,00,EHZ,61.1981981981982,-149.90658980942584,2026-09-12T22:02:00.005000Z,2026-09-12T22:03:00.005000Z,100.0,100.0,60.0,,traffic,1,Traffic,timeofday:America/Anchorage:day7-19:night1-5,AM,2.0-20.0,1104.9327214917014,6928.467162296742,1068.1361785770803,6285.614544028928,0.9345048947285717,6.0591388796120516,5.114709642453493,,,223.23593596182425,28.156822139531496
1585,,AM,R3130,00,EHZ,61.1981981981982,-149.90658980942584,2026-09-12T22:03:00.005000Z,2026-09-12T22:04:00.005000Z,100.0,100.0,60.0,,traffic,1,Traffic,timeofday:America/Anchorage:day7-19:night1-5,AM,2.0-20.0,763.6681963395284,4681.466460210351,708.9571299977271,4110.671955273341,0.8618477266158734,2.8732202591902274,1.733795027273108,,,223.23593596182425,18.414024326156476
1586,,AM,R3130,00,EHZ,61.1981981981982,-149.90658980942584,2026-09-12T22:04:00.005000Z,2026-09-12T22:05:00.005000Z,100.0,100.0,60.0,,traffic,1,Traffic,timeofday:America/Anchorage:day7-19:night1-5,AM,2.0-20.0,882.6179796808283,5962.534554968619,852.5757119292721,5844.446814225029,0.9330832049798087,4.170274845323835,4.155658346912767,,,223.23593596182425,26.18058239164725
1587,,AM,R3130,00,EHZ,61.1981981981982,-149.90658980942584,2026-09-12T22:05:00.005000Z,2026-09-12T22:06:00.005000Z,100.0,100.0,60.0,,traffic,1,Traffic,timeofday:America/Anchorage:day7-19:night1-5,AM,2.0-20.0,652.6662744961468,6120.464311535783,602.9972975281756,5281.298162166326,0.8535881708167833,4.8870740586770465,7.2110522026365675,,,223.23593596182425,23.657921111184734
1588,,AM,R3130,00,EHZ,61.1981981981982,-149.90658980942584,2026-09-12T22:06:00.005000Z,2026-09-12T22:07:00.005000Z,100.0,100.0,60.0,,traffic,1,Traffic,timeofday:America/Anchorage:day7-19:night1-5,AM,2.0-20.0,724.9035920862613,6560.463498760097,689.6674698815428,6984.191619927717,0.905146715613472,6.634976989712037,5.585599457595,,,223.23593596182425,31.286143916909904
1589,,AM,R3130,00,EHZ,61.1981981981982,-149.90658980942584,2026-09-12T22:07:00.005000Z,2026-09-12T22:08:00.005000Z,100.0,100.0,60.0,,traffic,1,Traffic,timeofday:America/Anchorage:day7-19:night1-5,AM,2.0-20.0,589.3533527331189,4684.462592782162,550.2015075311247,4247.106073469104,0.871549453702839,3.2080668433651223,4.105182944477734,,,223.23593596182425,19.025189896824696
1590,,AM,R3130,00,EHZ,61.1981981981982,-149.90658980942584,2026-09-12T22:08:00.005000Z,2026-09-12T22:09:00.005000Z,100.0,100.0,60.0,,traffic,1,Traffic,timeofday:America/Anchorage:day7-19:night1-5,AM,2.0-20.0,865.2617042804377,5713.461301717098,823.4005404134881,5577.581415387879,0.9055810585729632,3.917538256143412,3.8770498549907355,,,223.23593596182425,24.985141354399612
1591,,AM,R3130,00,EHZ,61.1981981981982,-149.90658980942584,2026-09-12T22:09:00.005000Z,2026-09-12T22:10:00.005000Z,100.0,100.0,60.0,,traffic,1,Traffic,timeofday:America/Anchorage:day7-19:night1-5,AM,2.0-20.0,645.8717106106345,3563.4597559736353,568.7821732211693,3655.5228831156496,0.7755314727148868,2.6651516429930107,1.9364532706120334,,,223.23593596182425,16.37515423923854
1592,,AM,R3130,00,EHZ,61.1981981981982,-149.90658980942584,2026-09-12T22:10:00.005000Z,2026-09-12T22:11:00.005000Z,100.0,100.0,60.0,,traffic,1,Traffic,timeofday:America/Anchorage:day7-19:night1-5,AM,2.0-20.0,1832.5277279452669,28588.54182139534,1778.4162838810466,30763.43534636395,0.941815304025486,6.802254933361283,39.46518550515867,,,223.23593596182425,137.80682403940926
1593,,AM,R3130,00,EHZ,61.1981981981982,-149.90658980942584,2026-09-12T22:11:00.005000Z,2026-09-12T22:12:00.005000Z,100.0,100.0,60.0,,traffic,1,Traffic,timeofday:America/Anchorage:day7-19:night1-5,AM,2.0-20.0,1284.8097321320313,15091.45814642105,1277.4792299787123,17582.43665853943,0.9886215214240792,3.6962495259843187,24.84116614054547,,,223.23593596182425,78.76167689034716
1594,,AM,R3130,00,EHZ,61.1981981981982,-149.90658980942584,2026-09-12T22:12:00.005000Z,2026-09-12T22:13:00.005000Z,100.0,100.0,60.0,,traffic,1,Traffic,timeofday:America/Anchorage:day7-19:night1-5,AM,2.0-20.0,609.006464768575,4401.543215708403,574.0481235737346,4390.402754608396,0.8884905187614097,3.3189187087644174,3.8472581875900334,,,223.23593596182425,19.66709676778564
1595,,AM,R3130,00,EHZ,61.1981981981982,-149.90658980942584,2026-09-12T22:13:00.005000Z,2026-09-12T22:14:00.005000Z,100.0,100.0,60.0,,traffic,1,Traffic,timeofday:America/Anchorage:day7-19:night1-5,AM,2.0-20.0,628.9051226520564,4994.544139359419,584.3792581539387,4354.902297011096,0.8634144667251676,4.434839325153143,3.1315236660096284,,,223.23593596182425,19.50807014223656
1596,,AM,R3130,00,EHZ,61.1981981981982,-149.90658980942584,2026-09-12T22:14:00.005000Z,2026-09-12T22:15:00.005000Z,100.0,100.0,60.0,,traffic,1,Traffic,timeofday:America/Anchorage:day7-19:night1-5,AM,2.0-20.0,530.4206441765385,3694.4543182457032,484.574473987397,3027.774165804909,0.8346035520570101,3.3208815908532126,2.8411733783261095,,,223.23593596182425,13.563112734334542
1597,,AM,R3130,00,EHZ,61.1981981981982,-149.90658980942584,2026-09-12T22:15:00.005000Z,2026-09-12T22:16:00.005000Z,100.0,100.0,60.0,,traffic,1,Traffic,timeofday:America/Anchorage:day7-19:night1-5,AM,2.0-20.0,673.2991798376861,3189.453377479705,619.742294960891,3155.049275119517,0.8472393165204162,3.4354777689670417,1.5018399993515859,,,223.23593596182425,14.133249924685353
1598,,AM,R3130,00,EHZ,61.1981981981982,-149.90658980942584,2026-09-12T22:16:00.005000Z,2026-09-12T22:17:00.005000Z,100.0,100.0,60.0,,traffic,1,Traffic,timeofday:America/Anchorage:day7-19:night1-5,AM,2.0-20.0,525.5514177206808,5337.54795953537,481.70287688712165,5348.413904161582,0.8400943351016564,6.990414250936988,18.343122844353342,,,223.23593596182425,23.958570474407033
1599,,AM,R3130,00,EHZ,61.1981981981982,-149.90658980942584,2026-09-12T22:17:00.005000Z,2026-09-12T22:18:00.005000Z,100.0,100.0,60.0,,traffic,1,Traffic,timeofday:America/Anchorage:day7-19:night1-5,AM,2.0-20.0,654.9384824789719,4982.4511884361,613.3385322045518,4492.00765629636,0.8769997724700398,7.770733256632804,5.7960387814450165,,,223.23593596182425,20.122242581340227
1600,,AM,R3130,00,EHZ,61.1981981981982,-149.90658980942584,2026-09-12T22:18:00.005000Z,2026-09-12T22:19:00.005000Z,100.0,100.0,60.0,,traffic,1,Traffic,timeofday:America/Anchorage:day7-19:night1-5,AM,2.0-20.0,449.15248976702645,2715.449336111192,405.32204971732295,2655.93835523104,0.8143532568156869,3.6097509459481767,1.237955705300009,,,223.23593596182425,11.897449860784215
1601,,AM,R3130,00,EHZ,61.1981981981982,-149.90658980942584,2026-09-12T22:19:00.005000Z,2026-09-12T22:20:00.005000Z,100.0,100.0,60.0,,traffic,1,Traffic,timeofday:America/Anchorage:day7-19:night1-5,AM,2.0-20.0,585.2520853284539,3968.44861858411,543.8566583625787,3817.2483848686743,0.8635409959284602,4.0854173173757244,2.347119113426058,,,223.23593596182425,17.099614219466282
1602,,AM,R3130,00,EHZ,61.1981981981982,-149.90658980942584,2026-09-12T22:20:00.005000Z,2026-09-12T22:21:00.005000Z,100.0,100.0,60.0,,traffic,1,Traffic,timeofday:America/Anchorage:day7-19:night1-5,AM,2.0-20.0,749.5126391079156,4634.447093304216,706.6333694439404,4319.353375639646,0.888853860633308,3.848310854828151,3.075099719989703,,,223.23593596182425,19.348826420036165
1603,,AM,R3130,00,EHZ,61.1981981981982,-149.90658980942584,2026-09-12T22:21:00.005000Z,2026-09-12T22:22:00.005000Z,100.0,100.0,60.0,,traffic,1,Traffic,timeofday:America/Anchorage:day7-19:night1-5,AM,2.0-20.0,515.8860240242383,3072.4461672347784,459.84165578088886,2576.029702176878,0.7945277964719609,2.7077419064976316,1.4677440055798279,,,223.23593596182425,11.539493814371387
1604,,AM,R3130,00,EHZ,61.1981981981982,-149.90658980942584,2026-09-12T22:22:00.005000Z,2026-09-12T22:23:00.005000Z,100.0,100.0,60.0,,traffic,1,Traffic,timeofday:America/Anchorage:day7-19:night1-5,AM,2.0-20.0,606.050820227757,5054.445610811781,556.9447760543641,4986.144397669593,0.8445126958689745,4.975332552635478,3.9918506520755965,,,223.23593596182425,22.3357604867089
1605,,AM,R3130,00,EHZ,61.1981981981982,-149.90658980942584,2026-09-12T22:23:00.005000Z,2026-09-12T22:24:00.005000Z,100.0,100.0,60.0,,traffic,1,Traffic,timeofday:America/Anchorage:day7-19:night1-5,AM,2.0-20.0,1471.1191919578582,9414.444470991082,1387.6825493463423,8369.538404245719,0.8897838755563019,5.687866411832372,5.375873075083602,,,223.23593596182425,37.49189559550573
1606,,AM,R3130,00,EHZ,61.1981981981982,-149.90658980942584,2026-09-12T22:24:00.005000Z,2026-09-12T22:25:00.005000Z,100.0,100.0,60.0,,traffic,1,Traffic,timeofday:America/Anchorage:day7-19:night1-5,AM,2.0-20.0,938.1519064203487,5466.442978638926,878.6104518037885,5241.380791999773,0.8770945241433297,5.648189240857993,3.099253319066121,,,223.23593596182425,23.479108636416427
1607,,AM,R3130,00,EHZ,61.1981981981982,-149.90658980942584,2026-09-12T22:25:00.005000Z,2026-09-12T22:26:00.005000Z,100.0,100.0,60.0,,traffic,1,Traffic,timeofday:America/Anchorage:day7-19:night1-5,AM,2.0-20.0,821.3998467837436,4355.557548390947,736.8158342734692,3938.915163474271,0.8046530571549584,4.076508879511395,2.2216330072954094,,,223.23593596182425,17.64462852498743
1608,,AM,R3130,00,EHZ,61.1981981981982,-149.90658980942584,2026-09-12T22:26:00.005000Z,2026-09-12T22:27:00.005000Z,100.0,100.0,60.0,,traffic,1,Traffic,timeofday:America/Anchorage:day7-19:night1-5,AM,2.0-20.0,1243.8010952387888,7414.559535589366,1045.7371072897674,6887.834786198033,0.706875888402131,3.1820732534294964,3.1848448283013067,,,223.23593596182425,30.854507167591184
1609,,AM,R3130,00,EHZ,61.1981981981982,-149.90658980942584,2026-09-12T22:27:00.005000Z,2026-09-12T22:28:00.005000Z,100.0,100.0,60.0,,traffic,1,Traffic,timeofday:America/Anchorage:day7-19:night1-5,AM,2.0-20.0,856.8890042499443,5644.56022260713,715.777818993141,3850.2183573333677,0.6977620290863095,3.1593245184784506,1.645546727514743,,,223.23593596182425,17.247305371084146
1610,,AM,R3130,00,EHZ,61.1981981981982,-149.90658980942584,2026-09-12T22:28:00.005000Z,2026-09-12T22:29:00.005000Z,100.0,100.0,60.0,,traffic,1,Traffic,timeofday:America/Anchorage:day7-19:night1-5,AM,2.0-20.0,724.9508215469692,6487.561939314395,651.8805929303936,6215.673696001105,0.8085725827147965,5.4476286305511135,10.773943983386411,,,223.23593596182425,27.8435175287551
1611,,AM,R3130,00,EHZ,61.1981981981982,-149.90658980942584,2026-09-12T22:29:00.005000Z,2026-09-12T22:30:00.005000Z,100.0,100.0,60.0,,traffic,1,Traffic,timeofday:America/Anchorage:day7-19:night1-5,AM,2.0-20.0,729.7395043244758,4399.4370832712175,619.643854086969,3805.470670330822,0.7210221031427719,4.124102336173729,2.4042043705279266,,,223.23593596182425,17.046855175600395
1612,,AM,R3130,00,EHZ,61.1981981981982,-149.90658980942584,2026-09-12T22:30:00.005000Z,2026-09-12T22:31:00.005000Z,100.0,100.0,60.0,,traffic,1,Traffic,timeofday:America/Anchorage:day7-19:night1-5,AM,2.0-20.0,593.9318941511733,4010.5635444022014,551.7165429052903,4468.554563727355,0.8628965197803402,4.460197143630363,5.071292668035557,,,223.23593596182425,20.017182916694587
1613,,AM,R3130,00,EHZ,61.1981981981982,-149.90658980942584,2026-09-12T22:31:00.005000Z,2026-09-12T22:32:00.005000Z,100.0,100.0,60.0,,traffic,1,Traffic,timeofday:America/Anchorage:day7-19:night1-5,AM,2.0-20.0,663.724633463056,4869.564663573301,606.3899171294154,4420.887356929576,0.8346954959817914,4.73923378570537,3.2494386688476062,,,223.23593596182425,19.803654541021544
1614,,AM,R3130,00,EHZ,61.1981981981982,-149.90658980942584,2026-09-12T22:32:00.005000Z,2026-09-12T22:33:00.005000Z,100.0,100.0,60.0,,traffic,1,Traffic,timeofday:America/Anchorage:day7-19:night1-5,AM,2.0-20.0,817.3270950398397,5293.433970576598,766.2830002745263,5139.26888111951,0.8789953735736481,3.2528502674087214,2.364305706728005,,,223.23593596182425,23.02169164196924
1615,,AM,R3130,00,EHZ,61.1981981981982,-149.90658980942584,2026-09-12T22:33:00.005000Z,2026-09-12T22:34:00.005000Z,100.0,100.0,60.0,,traffic,1,Traffic,timeofday:America/Anchorage:day7-19:night1-5,AM,2.0-20.0,789.956456299013,5007.432981628199,744.3440015889694,4706.844973448145,0.8878530274967584,4.130330477533726,3.8059365567537533,,,223.23593596182425,21.084620418161823
1616,,AM,R3130,00,EHZ,61.1981981981982,-149.90658980942584,2026-09-12T22:34:00.005000Z,2026-09-12T22:35:00.005000Z,100.0,100.0,60.0,,traffic,1,Traffic,timeofday:America/Anchorage:day7-19:night1-5,AM,2.0-20.0,933.4656775487908,7546.431446116521,904.2062615397665,7431.101893707026,0.9382926452824538,5.317003077260574,6.795487410375024,,,223.23593596182425,33.28810776674336
1617,,AM,R3130,00,EHZ,61.1981981981982,-149.90658980942584,2026-09-12T22:35:00.005000Z,2026-09-12T22:36:00.005000Z,100.0,100.0,60.0,,traffic,1,Traffic,timeofday:America/Anchorage:day7-19:night1-5,AM,2.0-20.0,2692.429591533026,35676.431039263596,2672.0192261482534,32609.578782835368,0.9848961669903487,7.514446640704545,30.525747849297126,,,223.23593596182425,146.07674450950387
1618,,AM,R3130,00,EHZ,61.1981981981982,-149.90658980942584,2026-09-12T22:36:00.005000Z,2026-09-12T22:37:00.005000Z,100.0,100.0,60.0,,traffic,1,Traffic,timeofday:America/Anchorage:day7-19:night1-5,AM,2.0-20.0,807.7824758623522,4021.430120821489,740.4915907167206,3887.250028585184,0.8403329777316,2.489947072182195,2.0852900839479185,,,223.23593596182425,17.413191168513055
1619,,AM,R3130,00,EHZ,61.1981981981982,-149.90658980942584,2026-09-12T22:37:00.005000Z,2026-09-12T22:38:00.005000Z,100.0,100.0,60.0,,traffic,1,Traffic,timeofday:America/Anchorage:day7-19:night1-5,AM,2.0-20.0,677.3236986063638,4571.428917377698,626.6759204313013,4932.912781832177,0.8560388456172036,3.3799095203278737,4.821417028802554,,,223.23593596182425,22.0973059762016
1620,,AM,R3130,00,EHZ,61.1981981981982,-149.90658980942584,2026-09-12T22:38:00.005000Z,2026-09-12T22:39:00.005000Z,100.0,100.0,60.0,,traffic,1,Traffic,timeofday:America/Anchorage:day7-19:night1-5,AM,2.0-20.0,557.0201920909325,4237.4269934303065,503.3209607462681,4049.2292688818166,0.8164848982304059,4.935774748229504,3.6403497832007217,,,223.23593596182425,18.138787787170067
1621,,AM,R3130,00,EHZ,61.1981981981982,-149.90658980942584,2026-09-12T22:39:00.005000Z,2026-09-12T22:40:00.005000Z,100.0,100.0,60.0,,traffic,1,Traffic,timeofday:America/Anchorage:day7-19:night1-5,AM,2.0-20.0,774.1666145204679,5324.426568532235,725.8637776660158,4716.194835922801,0.8791062584247383,3.10698177594036,2.923143936677759,,,223.23593596182425,21.126503739654716
1622,,AM,R3130,00,EHZ,61.1981981981982,-149.90658980942584,2026-09-12T22:40:00.005000Z,2026-09-12T22:41:00.005000Z,100.0,100.0,60.0,,traffic,1,Traffic,timeofday:America/Anchorage:day7-19:night1-5,AM,2.0-20.0,608.578906152442,4284.425027625617,570.409682819071,4390.896875618413,0.8784964032266298,5.152092052442131,4.040214911099262,,,223.23593596182425,19.66931021522137
1623,,AM,R3130,00,EHZ,61.1981981981982,-149.90658980942584,2026-09-12T22:41:00.005000Z,2026-09-12T22:42:00.005000Z,100.0,100.0,60.0,,traffic,1,Traffic,timeofday:America/Anchorage:day7-19:night1-5,AM,2.0-20.0,752.0372156479445,4386.424506920846,674.6810652066333,3677.514581922254,0.8048563563554254,4.59641110761378,1.8541848664978442,,,223.23593596182425,16.473667494785197
1624,,AM,R3130,00,EHZ,61.1981981981982,-149.90658980942584,2026-09-12T22:42:00.005000Z,2026-09-12T22:43:00.005000Z,100.0,100.0,60.0,,traffic,1,Traffic,timeofday:America/Anchorage:day7-19:night1-5,AM,2.0-20.0,718.9243008448608,7253.576790097257,682.0690937832443,6741.131868120347,0.9000992805844323,5.615145371087764,7.4040542479099365,,,223.23593596182425,30.197341835111857
1625,,AM,R3130,00,EHZ,61.1981981981982,-149.90658980942584,2026-09-12T22:43:00.005000Z,2026-09-12T22:44:00.005000Z,100.0,100.0,60.0,,traffic,1,Traffic,timeofday:America/Anchorage:day7-19:night1-5,AM,2.0-20.0,1037.6757525545172,9104.421985437288,996.5641932346585,8813.557754257461,0.9223318804731516,3.5173560593698894,8.696595633883485,,,223.23593596182425,39.480909362929246
1626,,AM,R3130,00,EHZ,61.1981981981982,-149.90658980942584,2026-09-12T22:44:00.005000Z,2026-09-12T22:45:00.005000Z,100.0,100.0,60.0,,traffic,1,Traffic,timeofday:America/Anchorage:day7-19:night1-5,AM,2.0-20.0,911.8898129187623,12493.420774180137,853.3833024658549,12449.079322343716,0.8757972033448694,6.407693099909487,24.47058031359033,,,223.23593596182425,55.76646640114718
1627,,AM,R3130,00,EHZ,61.1981981981982,-149.90658980942584,2026-09-12T22:45:00.005000Z,2026-09-12T22:46:00.005000Z,100.0,100.0,60.0,,traffic,1,Traffic,timeofday:America/Anchorage:day7-19:night1-5,AM,2.0-20.0,557.280932032326,3409.5802045364785,507.7335382984442,3066.659323085055,0.8300864723571508,3.078918642364699,2.121838171512625,,,223.23593596182425,13.737301343854812
1628,,AM,R3130,00,EHZ,61.1981981981982,-149.90658980942584,2026-09-12T22:46:00.005000Z,2026-09-12T22:47:00.005000Z,100.0,100.0,60.0,,traffic,1,Traffic,timeofday:America/Anchorage:day7-19:night1-5,AM,2.0-20.0,556.6916114515985,3717.5809443874537,519.1476017234493,3322.8388529698536,0.869665716372597,3.6126639303669004,2.061165772097735,,,223.23593596182425,14.884874331066907
1629,,AM,R3130,00,EHZ,61.1981981981982,-149.90658980942584,2026-09-12T22:47:00.005000Z,2026-09-12T22:48:00.005000Z,100.0,100.0,60.0,,traffic,1,Traffic,timeofday:America/Anchorage:day7-19:night1-5,AM,2.0-20.0,732.7202632398466,4186.417359182817,689.9923306819014,4148.4475642127745,0.8867723089267836,4.136893841505374,2.8601182888296792,,,223.23593596182425,18.583242641194666
1630,,AM,R3130,00,EHZ,61.1981981981982,-149.90658980942584,2026-09-12T22:48:00.005000Z,2026-09-12T22:49:00.005000Z,100.0,100.0,60.0,,traffic,1,Traffic,timeofday:America/Anchorage:day7-19:night1-5,AM,2.0-20.0,815.7248485148215,6266.4163497708505,777.23317211827,5974.201329063415,0.9078524541840998,3.9886266251015834,4.488739828213761,,,223.23593596182425,26.761826241475152
1631,,AM,R3130,00,EHZ,61.1981981981982,-149.90658980942584,2026-09-12T22:49:00.005000Z,2026-09-12T22:50:00.005000Z,100.0,100.0,60.0,,traffic,1,Traffic,timeofday:America/Anchorage:day7-19:night1-5,AM,2.0-20.0,770.0734046092372,8513.415188556422,724.6462897497846,7896.883951011037,0.8854986354657197,6.405269504199472,7.4381349238321945,,,223.23593596182425,35.37460900722314
1632,,AM,R3130,00,EHZ,61.1981981981982,-149.90658980942584,2026-09-12T22:50:00.005000Z,2026-09-12T22:51:00.005000Z,100.0,100.0,60.0,,traffic,1,Traffic,timeofday:America/Anchorage:day7-19:night1-5,AM,2.0-20.0,919.8173111217753,6829.586216546522,870.2230690646379,6145.531223279679,0.8950721128831186,4.120821948749918,2.9972791734873176,,,223.23593596182425,27.529309726954672
1633,,AM,R3130,00,EHZ,61.1981981981982,-149.90658980942584,2026-09-12T22:51:00.005000Z,2026-09-12T22:52:00.005000Z,100.0,100.0,60.0,,traffic,1,Traffic,timeofday:America/Anchorage:day7-19:night1-5,AM,2.0-20.0,725.2489690146164,3957.4125528489526,692.2911777836101,3724.2993345819045,0.9111782704033035,3.7664559036641436,2.2095638778319193,,,223.23593596182425,16.68324285933426
1634,,AM,R3130,00,EHZ,61.1981981981982,-149.90658980942584,2026-09-12T22:52:00.005000Z,2026-09-12T22:53:00.005000Z,100.0,100.0,60.0,,traffic,1,Traffic,timeofday:America/Anchorage:day7-19:night1-5,AM,2.0-20.0,973.8384026038339,6155.41202972576,942.7742627961578,6644.658267431112,0.9372202050902098,4.224084035453411,2.145883282299889,,,223.23593596182425,29.76518202054807
1635,,AM,R3130,00,EHZ,61.1981981981982,-149.90658980942584,2026-09-12T22:53:00.005000Z,2026-09-12T22:54:00.005000Z,100.0,100.0,60.0,,traffic,1,Traffic,timeofday:America/Anchorage:day7-19:night1-5,AM,2.0-20.0,738.2705292792451,4952.589513041185,698.003868225849,4116.067784588993,0.893891060674879,3.9048008615706014,2.1863076604524165,,,223.23593596182425,18.43819529707298
1636,,AM,R3130,00,EHZ,61.1981981981982,-149.90658980942584,2026-09-12T22:54:00.005000Z,2026-09-12T22:55:00.005000Z,100.0,100.0,60.0,,traffic,1,Traffic,timeofday:America/Anchorage:day7-19:night1-5,AM,2.0-20.0,744.552640245733,7411.590650443461,711.4346349985551,7224.226644669809,0.9130176906148149,7.3869979291967445,12.437485304222852,,,223.23593596182425,32.36139653566005
1637,,AM,R3130,00,EHZ,61.1981981981982,-149.90658980942584,2026-09-12T22:55:00.005000Z,2026-09-12T22:56:00.005000Z,100.0,100.0,60.0,,traffic,1,Traffic,timeofday:America/Anchorage:day7-19:night1-5,AM,2.0-20.0,1128.2294595361984,7315.408712395465,1091.267710298678,6738.680294213595,0.9355515850411322,5.107154886980071,3.2929605056414113,,,223.23593596182425,30.186359849186562
1638,,AM,R3130,00,EHZ,61.1981981981982,-149.90658980942584,2026-09-12T22:56:00.005000Z,2026-09-12T22:57:00.005000Z,100.0,100.0,60.0,,traffic,1,Traffic,timeofday:America/Anchorage:day7-19:night1-5,AM,2.0-20.0,704.1276685398718,5408.407280689884,663.4285732606626,5183.674180350987,0.8877394589707812,3.8880829899499525,3.2863005866583928,,,223.23593596182425,23.220608089001633
1639,,AM,R3130,00,EHZ,61.1981981981982,-149.90658980942584,2026-09-12T22:57:00.005000Z,2026-09-12T22:58:00.005000Z,100.0,100.0,60.0,,traffic,1,Traffic,timeofday:America/Anchorage:day7-19:night1-5,AM,2.0-20.0,1298.594299987614,9034.593927776783,1269.9925960313303,9074.842809831367,0.9564348528556167,6.415136154739792,7.184834112990872,,,223.23593596182425,40.651352886944075
1640,,AM,R3130,00,EHZ,61.1981981981982,-149.90658980942584,2026-09-12T22:58:00.005000Z,2026-09-12T22:59:00.005000Z,100.0,100.0,60.0,,traffic,1,Traffic,timeofday:America/Anchorage:day7-19:night1-5,AM,2.0-20.0,558.1315380760414,2684.595039506585,523.4263407732742,3149.6430017415505,0.8795044091005005,4.204001928811301,1.6116740642016714,,,223.23593596182425,14.109032168907488
1641,,AM,R3130,00,EHZ,61.1981981981982,-149.90658980942584,2026-09-12T22:59:00.005000Z,2026-09-12T23:00:00.005000Z,100.0,100.0,60.0,,traffic,1,Traffic,timeofday:America/Anchorage:day7-19:night1-5,AM,2.0-20.0,661.9751232427685,5525.403773978576,618.8385391317369,5512.127865260014,0.8739193716392197,6.967027469315932,6.42141385635016,,,223.23593596182425,24.691937888542494
1642,,AM,R3130,00,EHZ,61.1981981981982,-149.90658980942584,2026-09-12T23:00:00.005000Z,2026-09-12T23:01:00.005000Z,100.0,100.0,60.0,,traffic,1,Traffic,timeofday:America/Anchorage:day7-19:night1-5,AM,2.0-20.0,639.818061812713,3695.597299056481,597.6649479931616,4284.286641825899,0.8725746267647578,3.22789142664569,1.962638449440404,,,223.23593596182425,19.191742688590057
1643,,AM,R3130,00,EHZ,61.1981981981982,-149.90658980942584,2026-09-12T23:01:00.005000Z,2026-09-12T23:02:00.005000Z,100.0,100.0,60.0,,traffic,1,Traffic,timeofday:America/Anchorage:day7-19:night1-5,AM,2.0-20.0,694.7873888971695,5898.401776920438,650.6884015792175,5167.42416249734,0.8770861986217708,4.213468242378468,4.113572139449989,,,223.23593596182425,23.147815069438575
1644,,AM,R3130,00,EHZ,61.1981981981982,-149.90658980942584,2026-09-12T23:02:00.005000Z,2026-09-12T23:03:00.005000Z,100.0,100.0,60.0,,traffic,1,Traffic,timeofday:America/Anchorage:day7-19:night1-5,AM,2.0-20.0,801.2119661229085,4249.4004767397855,763.2198709264934,4003.175330520405,0.9074119288851993,4.737024667417732,2.107151586884876,,,223.23593596182425,17.932486153147813
1645,,AM,R3130,00,EHZ,61.1981981981982,-149.90658980942584,2026-09-12T23:03:00.005000Z,2026-09-12T23:04:00.005000Z,100.0,100.0,60.0,,traffic,1,Traffic,timeofday:America/Anchorage:day7-19:night1-5,AM,2.0-20.0,691.7243683462723,4608.39977428133,655.7218723511282,3984.7912936796392,0.8986140191816168,2.8825349418427955,2.0373290970783353,,,223.23593596182425,17.850133655725937
1646,,AM,R3130,00,EHZ,61.1981981981982,-149.90658980942584,2026-09-12T23:04:00.005000Z,2026-09-12T23:05:00.005000Z,100.0,100.0,60.0,,traffic,1,Traffic,timeofday:America/Anchorage:day7-19:night1-5,AM,2.0-20.0,683.1453713190059,4311.60125987295,647.9055317726327,4260.072721594836,0.8994916076227807,4.0160325599884805,2.7179039626155754,,,223.23593596182425,19.083274846588118
1647,,AM,R3130,00,EHZ,61.1981981981982,-149.90658980942584,2026-09-12T23:05:00.005000Z,2026-09-12T23:06:00.005000Z,100.0,100.0,60.0,,traffic,1,Traffic,timeofday:America/Anchorage:day7-19:night1-5,AM,2.0-20.0,977.108953322952,6010.602400995876,934.8648055698155,6468.326315930317,0.9154015327000603,4.835013196239929,3.779438374093708,,,223.23593596182425,28.975291491762643
1648,,AM,R3130,00,EHZ,61.1981981981982,-149.90658980942584,2026-09-12T23:06:00.005000Z,2026-09-12T23:07:00.005000Z,100.0,100.0,60.0,,traffic,1,Traffic,timeofday:America/Anchorage:day7-19:night1-5,AM,2.0-20.0,716.266740671088,5500.395641570894,644.9848727813126,4505.867068292913,0.8108667401003188,3.70000707429234,3.020126102322158,,,223.23593596182425,20.18432672535064
1649,,AM,R3130,00,EHZ,61.1981981981982,-149.90658980942584,2026-09-12T23:07:00.005000Z,2026-09-12T23:08:00.005000Z,100.0,100.0,60.0,,traffic,1,Traffic,timeofday:America/Anchorage:day7-19:night1-5,AM,2.0-20.0,784.1749775000753,3821.3956108755424,728.6089247242743,3311.050032051617,0.8633025285678387,3.284302889993427,1.2780821394247477,,,223.23593596182425,14.832065535442476
1650,,AM,R3130,00,EHZ,61.1981981981982,-149.90658980942584,2026-09-12T23:08:00.005000Z,2026-09-12T23:09:00.005000Z,100.0,100.0,60.0,,traffic,1,Traffic,timeofday:America/Anchorage:day7-19:night1-5,AM,2.0-20.0,647.4007387662439,3741.6063296287343,599.0921990693193,3971.717825603476,0.8563295835830219,4.176573514777445,2.2218586501038695,,,223.23593596182425,17.791570198996467
1651,,AM,R3130,00,EHZ,61.1981981981982,-149.90658980942584,2026-09-12T23:09:00.005000Z,2026-09-12T23:10:00.005000Z,100.0,100.0,60.0,,traffic,1,Traffic,timeofday:America/Anchorage:day7-19:night1-5,AM,2.0-20.0,913.9731167782934,7399.392876942951,869.102122288816,6836.2728243931715,0.9042213920579831,3.5306942677713167,3.5824673961475115,,,223.23593596182425,30.62353198170678
1652,,AM,R3130,00,EHZ,61.1981981981982,-149.90658980942584,2026-09-12T23:10:00.005000Z,2026-09-12T23:11:00.005000Z,100.0,100.0,60.0,,traffic,1,Traffic,timeofday:America/Anchorage:day7-19:night1-5,AM,2.0-20.0,792.5614803437049,4112.391382358408,732.8077952965056,3576.579308466862,0.8548978772883145,3.509212742016172,1.6706916534286043,,,223.23593596182425,16.021521324767782
1653,,AM,R3130,00,EHZ,61.1981981981982,-149.90658980942584,2026-09-12T23:11:00.005000Z,2026-09-12T23:12:00.005000Z,100.0,100.0,60.0,,traffic,1,Traffic,timeofday:America/Anchorage:day7-19:night1-5,AM,2.0-20.0,776.2131366466151,5207.609418697237,717.5724966781378,4455.188935867403,0.854613191680129,4.578505069585798,3.7192020466042592,,,223.23593596182425,19.95731071107337
1654,,AM,R3130,00,EHZ,61.1981981981982,-149.90658980942584,2026-09-12T23:12:00.005000Z,2026-09-12T23:13:00.005000Z,100.0,100.0,60.0,,traffic,1,Traffic,timeofday:America/Anchorage:day7-19:night1-5,AM,2.0-20.0,830.105320603753,4894.389043186631,745.867002551938,5457.0839869490355,0.8073398570696655,4.4513837897415645,3.57397816348851,,,223.23593596182425,24.445365229558092
1655,,AM,R3130,00,EHZ,61.1981981981982,-149.90658980942584,2026-09-12T23:13:00.005000Z,2026-09-12T23:14:00.005000Z,100.0,100.0,60.0,,traffic,1,Traffic,timeofday:America/Anchorage:day7-19:night1-5,AM,2.0-20.0,860.8212355117266,6119.388825528687,725.1772442148927,5511.770590839322,0.7096797140406059,3.9475459368083565,4.501533135039082,,,223.23593596182425,24.69033745436888
1656,,AM,R3130,00,EHZ,61.1981981981982,-149.90658980942584,2026-09-12T23:14:00.005000Z,2026-09-12T23:15:00.005000Z,100.0,100.0,60.0,,traffic,1,Traffic,timeofday:America/Anchorage:day7-19:night1-5,AM,2.0-20.0,1669.838000380265,20640.612821230385,1526.1703856218369,18626.206624403476,0.8353286251132641,7.1551447449114045,28.26091452861234,,,223.23593596182425,83.43731283295158
1657,,AM,R3130,00,EHZ,61.1981981981982,-149.90658980942584,2026-09-12T23:15:00.005000Z,2026-09-12T23:16:00.005000Z,100.0,100.0,60.0,,traffic,1,Traffic,timeofday:America/Anchorage:day7-19:night1-5,AM,2.0-20.0,3399.606309802095,13094.614086064876,2045.0055934357656,8400.92444370658,0.36185264138388457,3.641853442975465,1.3207820841204798,,,223.23593596182425,37.632491415464706
1658,,AM,R3130,00,EHZ,61.1981981981982,-149.90658980942584,2026-09-12T23:16:00.005000Z,2026-09-12T23:17:00.005000Z,100.0,100.0,60.0,,traffic,1,Traffic,timeofday:America/Anchorage:day7-19:night1-5,AM,2.0-20.0,3058.3312237619834,13206.614430410904,1881.5842797746334,7864.965050307674,0.3785108339861276,2.614301712120163,0.525319185077465,,,223.23593596182425,35.231626200419036
1659,,AM,R3130,00,EHZ,61.1981981981982,-149.90658980942584,2026-09-12T23:17:00.005000Z,2026-09-12T23:18:00.005000Z,100.0,100.0,60.0,,traffic,1,Traffic,timeofday:America/Anchorage:day7-19:night1-5,AM,2.0-20.0,2767.6248571201922,11411.384182531297,1621.6996642427646,8128.107827581343,0.343341585684426,3.4670085409788682,0.7736576445405383,,,223.23593596182425,36.41039151049291
1660,,AM,R3130,00,EHZ,61.1981981981982,-149.90658980942584,2026-09-12T23:18:00.005000Z,2026-09-12T23:19:00.005000Z,100.0,100.0,60.0,,traffic,1,Traffic,timeofday:America/Anchorage:day7-19:night1-5,AM,2.0-20.0,3677.40451237101,13928.617597799059,2340.6395675837593,9354.463777189061,0.40512241731491083,3.603369730108658,0.4426935401297918,,,223.23593596182425,41.903933329035226
1661,,AM,R3130,00,EHZ,61.1981981981982,-149.90658980942584,2026-09-12T23:19:00.005000Z,2026-09-12T23:20:00.005000Z,100.0,100.0,60.0,,traffic,1,Traffic,timeofday:America/Anchorage:day7-19:night1-5,AM,2.0-20.0,3027.4293774992866,12537.381640026077,1709.933252195287,9812.098582132636,0.3190143903361798,2.3434923902884144,0.8100667022596775,,,223.23593596182425,43.953938418815376
1662,,AM,R3130,00,EHZ,61.1981981981982,-149.90658980942584,2026-09-12T23:20:00.005000Z,2026-09-12T23:21:00.005000Z,100.0,100.0,60.0,,traffic,1,Traffic,timeofday:America/Anchorage:day7-19:night1-5,AM,2.0-20.0,2091.0914421341663,8085.619228373307,1115.5509107041842,5827.014270905785,0.28459858786779374,3.0517483058266244,0.34298472536618574,,,223.23593596182425,26.102492171790242
1663,,AM,R3130,00,EHZ,61.1981981981982,-149.90658980942584,2026-09-12T23:21:00.005000Z,2026-09-12T23:22:00.005000Z,100.0,100.0,60.0,,traffic,1,Traffic,timeofday:America/Anchorage:day7-19:night1-5,AM,2.0-20.0,2506.9580956467307,10887.620426980255,1373.8927557358368,8203.512860159777,0.3003388529604264,4.713491000845794,1.354158158121896,,,223.23593596182425,36.748173293938954
1664,,AM,R3130,00,EHZ,61.1981981981982,-149.90658980942584,2026-09-12T23:22:00.005000Z,2026-09-12T23:23:00.005000Z,100.0,100.0,60.0,,traffic,1,Traffic,timeofday:America/Anchorage:day7-19:night1-5,AM,2.0-20.0,1597.4425449485675,8822.621285147856,922.3520791956815,6637.728242992929,0.3333826300680869,2.6451544399913054,3.054036604843531,,,223.23593596182425,29.73413852207044
1665,,AM,R3130,00,EHZ,61.1981981981982,-149.90658980942584,2026-09-12T23:23:00.005000Z,2026-09-12T23:24:00.005000Z,100.0,100.0,60.0,,traffic,1,Traffic,timeofday:America/Anchorage:day7-19:night1-5,AM,2.0-20.0,997.6233034827967,4870.623053758169,734.767867103984,4956.810094805234,0.5424592764925645,2.5508043804730347,1.793497164571198,,,223.23593596182425,22.20435555524941
1666,,AM,R3130,00,EHZ,61.1981981981982,-149.90658980942584,2026-09-12T23:24:00.005000Z,2026-09-12T23:25:00.005000Z,100.0,100.0,60.0,,traffic,1,Traffic,timeofday:America/Anchorage:day7-19:night1-5,AM,2.0-20.0,690.6928146788142,3997.3758544174993,480.6566477548883,3220.538136244101,0.48428389911098213,3.3854853889935783,1.9808807463101736,,,223.23593596182425,14.426611568465606
1667,,AM,R3130,00,EHZ,61.1981981981982,-149.90658980942584,2026-09-12T23:25:00.005000Z,2026-09-12T23:26:00.005000Z,100.0,100.0,60.0,,traffic,1,Traffic,timeofday:America/Anchorage:day7-19:night1-5,AM,2.0-20.0,656.8078848602757,6249.625061978251,566.6274480042667,6293.766532913438,0.744249413665149,8.247466858158587,12.480210122762648,,,223.23593596182425,28.193339507801017
1668,,AM,R3130,00,EHZ,61.1981981981982,-149.90658980942584,2026-09-12T23:26:00.005000Z,2026-09-12T23:27:00.005000Z,100.0,100.0,60.0,,traffic,1,Traffic,timeofday:America/Anchorage:day7-19:night1-5,AM,2.0-20.0,606.3702792520002,4769.3743512754645,556.5740226338557,4640.597375601889,0.8425002755386535,3.114351399971949,6.035106041271044,,,223.23593596182425,20.787859963529712
1669,,AM,R3130,00,EHZ,61.1981981981982,-149.90658980942584,2026-09-12T23:27:00.005000Z,2026-09-12T23:28:00.005000Z,100.0,100.0,60.0,,traffic,1,Traffic,timeofday:America/Anchorage:day7-19:night1-5,AM,2.0-20.0,449.0729318936079,2421.6272735317802,398.94115051208115,2297.906389497786,0.7891942540005326,3.5741112704427263,1.4110881828197348,,,223.23593596182425,10.293622214528906
1670,,AM,R3130,00,EHZ,61.1981981981982,-149.90658980942584,2026-09-12T23:28:00.005000Z,2026-09-12T23:29:00.005000Z,100.0,100.0,60.0,,traffic,1,Traffic,timeofday:America/Anchorage:day7-19:night1-5,AM,2.0-20.0,694.7363765953933,4181.628068448354,652.4202331154355,4652.190622622311,0.8818907018479809,3.893096120172858,3.2785773163730605,,,223.23593596182425,20.839792673066245
1671,,AM,R3130,00,EHZ,61.1981981981982,-149.90658980942584,2026-09-12T23:29:00.005000Z,2026-09-12T23:30:00.005000Z,100.0,100.0,60.0,,traffic,1,Traffic,timeofday:America/Anchorage:day7-19:night1-5,AM,2.0-20.0,519.0365626560753,4420.62893852203,468.62010195200196,4717.773597155227,0.8151657502869661,4.568658493024125,7.583460651386327,,,223.23593596182425,21.133575904024777
1672,,AM,R3130,00,EHZ,61.1981981981982,-149.90658980942584,2026-09-12T23:30:00.005000Z,2026-09-12T23:31:00.005000Z,100.0,100.0,60.0,,traffic,1,Traffic,timeofday:America/Anchorage:day7-19:night1-5,AM,2.0-20.0,624.1901056515999,4187.630231447418,575.7183471936142,3533.1805770664096,0.8507194839335143,3.533105345461495,1.924243771137422,,,223.23593596182425,15.827113864277754
1673,,AM,R3130,00,EHZ,61.1981981981982,-149.90658980942584,2026-09-12T23:31:00.005000Z,2026-09-12T23:32:00.005000Z,100.0,100.0,60.0,,traffic,1,Traffic,timeofday:America/Anchorage:day7-19:night1-5,AM,2.0-20.0,552.2565526656689,6375.631575531726,518.4457305302251,5920.720864673415,0.8813021904136977,6.533490721711541,18.57496156468994,,,223.23593596182425,26.522256997573734
1674,,AM,R3130,00,EHZ,61.1981981981982,-149.90658980942584,2026-09-12T23:32:00.005000Z,2026-09-12T23:33:00.005000Z,100.0,100.0,60.0,,traffic,1,Traffic,timeofday:America/Anchorage:day7-19:night1-5,AM,2.0-20.0,1264.0782401700615,7797.367309203855,1239.5748542867273,7511.97459559897,0.9616069741329267,5.4071006961782295,4.174737429270502,,,223.23593596182425,33.65038233308278
1675,,AM,R3130,00,EHZ,61.1981981981982,-149.90658980942584,2026-09-12T23:33:00.005000Z,2026-09-12T23:34:00.005000Z,100.0,100.0,60.0,,traffic,1,Traffic,timeofday:America/Anchorage:day7-19:night1-5,AM,2.0-20.0,507.6602254338875,4288.366399877337,463.3330503806821,5201.778934508899,0.832990951912916,4.3710743274321215,6.124126285066115,,,223.23593596182425,23.30170952134901
1676,,AM,R3130,00,EHZ,61.1981981981982,-149.90658980942584,2026-09-12T23:34:00.005000Z,2026-09-12T23:35:00.005000Z,100.0,100.0,60.0,,traffic,1,Traffic,timeofday:America/Anchorage:day7-19:night1-5,AM,2.0-20.0,675.6800384802724,5403.364797021919,635.7031624815785,4696.202295278396,0.8851697550003759,3.380392428204251,3.13626906786238,,,223.23593596182425,21.036945844066512
1677,,AM,R3130,00,EHZ,61.1981981981982,-149.90658980942584,2026-09-12T23:35:00.005000Z,2026-09-12T23:36:00.005000Z,100.0,100.0,60.0,,traffic,1,Traffic,timeofday:America/Anchorage:day7-19:night1-5,AM,2.0-20.0,753.9117987580513,8316.363295554176,687.5439740513143,8439.8144039297,0.8316869364482731,4.892811933491504,14.266074574836388,,,223.23593596182425,37.806701540082685
1678,,AM,R3130,00,EHZ,61.1981981981982,-149.90658980942584,2026-09-12T23:36:00.005000Z,2026-09-12T23:37:00.005000Z,100.0,100.0,60.0,,traffic,1,Traffic,timeofday:America/Anchorage:day7-19:night1-5,AM,2.0-20.0,2120.6834112954475,34123.36317072642,2004.1619735982144,37785.17618837158,0.8931285183831581,7.698005357985762,63.80643631332889,,,223.23593596182425,169.26117215658886
1679,,AM,R3130,00,EHZ,61.1981981981982,-149.90658980942584,2026-09-12T23:37:00.005000Z,2026-09-12T23:38:00.005000Z,100.0,100.0,60.0,,traffic,1,Traffic,timeofday:America/Anchorage:day7-19:night1-5,AM,2.0-20.0,544.6252838850008,2516.6384844041154,504.6270088876302,2212.79172048886,0.8585100509525757,2.997796063713088,0.850368453657504,,,223.23593596182425,9.912345478584914
1680,,AM,R3130,00,EHZ,61.1981981981982,-149.90658980942584,2026-09-12T23:38:00.005000Z,2026-09-12T23:39:00.005000Z,100.0,100.0,60.0,,traffic,1,Traffic,timeofday:America/Anchorage:day7-19:night1-5,AM,2.0-20.0,746.1105970235021,7278.360066589288,667.9368232453793,6400.919137151581,0.8014277142954247,5.274665559611641,7.963882313273807,,,223.23593596182425,28.673336618375846
1681,,AM,R3130,00,EHZ,61.1981981981982,-149.90658980942584,2026-09-12T23:39:00.005000Z,2026-09-12T23:40:00.005000Z,100.0,100.0,60.0,,traffic,1,Traffic,timeofday:America/Anchorage:day7-19:night1-5,AM,2.0-20.0,701.3880073098062,4472.640578943245,625.2947775683415,3945.9070250710556,0.7947909829928312,4.446160324909747,2.613634154192564,,,223.23593596182425,17.675949027068153
1682,,AM,R3130,00,EHZ,61.1981981981982,-149.90658980942584,2026-09-12T23:40:00.005000Z,2026-09-12T23:41:00.005000Z,100.0,100.0,60.0,,traffic,1,Traffic,timeofday:America/Anchorage:day7-19:night1-5,AM,2.0-20.0,626.1001800507001,3261.6418696362457,580.3102488367643,3301.675006129889,0.8590784482975795,3.2021085966858607,1.9359753099169472,,,223.23593596182425,14.79006949263989
1683,,AM,R3130,00,EHZ,61.1981981981982,-149.90658980942584,2026-09-12T23:41:00.005000Z,2026-09-12T23:42:00.005000Z,100.0,100.0,60.0,,traffic,1,Traffic,timeofday:America/Anchorage:day7-19:night1-5,AM,2.0-20.0,971.8968791723462,5100.357330796371,934.8216664905133,4862.603976493471,0.9251606741690879,4.5684968826331485,2.025484141811397,,,223.23593596182425,21.782353076545117
1684,,AM,R3130,00,EHZ,61.1981981981982,-149.90658980942584,2026-09-12T23:42:00.005000Z,2026-09-12T23:43:00.005000Z,100.0,100.0,60.0,,traffic,1,Traffic,timeofday:America/Anchorage:day7-19:night1-5,AM,2.0-20.0,637.6586091187609,2570.3560812165374,587.9188707191205,2763.3286628004494,0.8500771553760597,2.1903559001577997,0.8388622517891071,,,223.23593596182425,12.378511779004112
1685,,AM,R3130,00,EHZ,61.1981981981982,-149.90658980942584,2026-09-12T23:43:00.005000Z,2026-09-12T23:44:00.005000Z,100.0,100.0,60.0,,traffic,1,Traffic,timeofday:America/Anchorage:day7-19:night1-5,AM,2.0-20.0,587.8615495757766,7716.644694910761,540.977659613325,5651.559179497317,0.8468540156586809,5.23463415197249,11.323768657803459,,,223.23593596182425,25.31652959523414
1686,,AM,R3130,00,EHZ,61.1981981981982,-149.90658980942584,2026-09-12T23:44:00.005000Z,2026-09-12T23:45:00.005000Z,100.0,100.0,60.0,,traffic,1,Traffic,timeofday:America/Anchorage:day7-19:night1-5,AM,2.0-20.0,772.8556206505016,5377.353340958842,732.6665608745578,4961.75279049897,0.8987026077818813,3.919333068878194,3.62900237710074,,,223.23593596182425,22.226496684420393
1687,,AM,R3130,00,EHZ,61.1981981981982,-149.90658980942584,2026-09-12T23:45:00.005000Z,2026-09-12T23:46:00.005000Z,100.0,100.0,60.0,,traffic,1,Traffic,timeofday:America/Anchorage:day7-19:night1-5,AM,2.0-20.0,592.7541599133642,4033.647788630073,554.1779267575096,3834.0525702336313,0.8740760611827608,6.773073272653799,4.616838828266163,,,223.23593596182425,17.17488966870144
1688,,AM,R3130,00,EHZ,61.1981981981982,-149.90658980942584,2026-09-12T23:46:00.005000Z,2026-09-12T23:47:00.005000Z,100.0,100.0,60.0,,traffic,1,Traffic,timeofday:America/Anchorage:day7-19:night1-5,AM,2.0-20.0,900.3516486205693,6988.648093351194,860.3916801355589,6907.403298467773,0.9132045697451002,5.099093653520677,5.31244627185764,,,223.23593596182425,30.942165600295706
1689,,AM,R3130,00,EHZ,61.1981981981982,-149.90658980942584,2026-09-12T23:47:00.005000Z,2026-09-12T23:48:00.005000Z,100.0,100.0,60.0,,traffic,1,Traffic,timeofday:America/Anchorage:day7-19:night1-5,AM,2.0-20.0,545.9641194892675,5153.35061856026,499.6873542987974,4576.285987228304,0.8376614197610287,5.340862996550673,9.937637543070272,,,223.23593596182425,20.49977288607735
1690,,AM,R3130,00,EHZ,61.1981981981982,-149.90658980942584,2026-09-12T23:48:00.005000Z,2026-09-12T23:49:00.005000Z,100.0,100.0,60.0,,traffic,1,Traffic,timeofday:America/Anchorage:day7-19:night1-5,AM,2.0-20.0,654.183034543549,5328.650385642797,610.3496454111291,4480.474128849194,0.8704800838998444,4.561707454340666,4.010677735435084,,,223.23593596182425,20.0705773895445
1691,,AM,R3130,00,EHZ,61.1981981981982,-149.90658980942584,2026-09-12T23:49:00.005000Z,2026-09-12T23:50:00.005000Z,100.0,100.0,60.0,,traffic,1,Traffic,timeofday:America/Anchorage:day7-19:night1-5,AM,2.0-20.0,660.7865209523064,6420.348192511339,623.0881472706735,6754.852448310753,0.8891532678936022,4.424520711160972,8.244309630994644,,,223.23593596182425,30.258804072951342
1692,,AM,R3130,00,EHZ,61.1981981981982,-149.90658980942584,2026-09-12T23:50:00.005000Z,2026-09-12T23:51:00.005000Z,100.0,100.0,60.0,,traffic,1,Traffic,timeofday:America/Anchorage:day7-19:night1-5,AM,2.0-20.0,564.3298247842556,6942.653097809596,515.2158916889326,6306.060362519108,0.8335132229008128,7.627939896412508,31.67629406455982,,,223.23593596182425,28.24841052292545
1693,,AM,R3130,00,EHZ,61.1981981981982,-149.90658980942584,2026-09-12T23:51:00.005000Z,2026-09-12T23:52:00.005000Z,100.0,100.0,60.0,,traffic,1,Traffic,timeofday:America/Anchorage:day7-19:night1-5,AM,2.0-20.0,1032.402725122934,7294.654501052217,935.5783302271288,6025.252811281603,0.8212247391127021,4.32763257501747,3.9473883360350843,,,223.23593596182425,26.990514700607996
1694,,AM,R3130,00,EHZ,61.1981981981982,-149.90658980942584,2026-09-12T23:52:00.005000Z,2026-09-12T23:53:00.005000Z,100.0,100.0,60.0,,traffic,1,Traffic,timeofday:America/Anchorage:day7-19:night1-5,AM,2.0-20.0,748.4133964660206,6564.344485815169,711.0508097910175,6202.787301759835,0.9026474619375147,7.115662445202857,7.909306815317336,,,223.23593596182425,27.785792081524807
1695,,AM,R3130,00,EHZ,61.1981981981982,-149.90658980942584,2026-09-12T23:53:00.005000Z,2026-09-12T23:54:00.005000Z,100.0,100.0,60.0,,traffic,1,Traffic,timeofday:America/Anchorage:day7-19:night1-5,AM,2.0-20.0,837.2369883653619,9601.343549141884,793.2857503459788,8098.710262957926,0.8977646333487428,6.636647316890326,10.955500746469166,,,223.23593596182425,36.27870319383924
1696,,AM,R3130,00,EHZ,61.1981981981982,-149.90658980942584,2026-09-12T23:54:00.005000Z,2026-09-12T23:55:00.005000Z,100.0,100.0,60.0,,traffic,1,Traffic,timeofday:America/Anchorage:day7-19:night1-5,AM,2.0-20.0,889.9687346451547,8332.343131871143,849.2971600677993,7922.2645711835785,0.9106884826997306,4.140787021121374,5.602297927204525,,,223.23593596182425,35.48830315804697
1697,,AM,R3130,00,EHZ,61.1981981981982,-149.90658980942584,2026-09-12T23:55:00.005000Z,2026-09-12T23:56:00.005000Z,100.0,100.0,60.0,,traffic,1,Traffic,timeofday:America/Anchorage:day7-19:night1-5,AM,2.0-20.0,674.0950164144108,5626.658975132161,619.8567933042891,5538.916857536244,0.8455523435739303,3.7264215504436633,6.20489791648388,,,223.23593596182425,24.81194093447149
1698,,AM,R3130,00,EHZ,61.1981981981982,-149.90658980942584,2026-09-12T23:56:00.005000Z,2026-09-12T23:57:00.005000Z,100.0,100.0,60.0,,traffic,1,Traffic,timeofday:America/Anchorage:day7-19:night1-5,AM,2.0-20.0,840.1696843297173,6716.65938700796,799.9616950783837,6513.298371071433,0.9065763181327066,4.2475886155821225,4.372382351268975,,,223.23593596182425,29.176746759022155
1699,,AM,R3130,00,EHZ,61.1981981981982,-149.90658980942584,2026-09-12T23:57:00.005000Z,2026-09-12T23:58:00.005000Z,100.0,100.0,60.0,,traffic,1,Traffic,timeofday:America/Anchorage:day7-19:night1-5,AM,2.0-20.0,795.8828648908669,4474.339406757763,745.011191295918,4476.575246961562,0.8762484930278733,3.9459271112340275,3.122382106016879,,,223.23593596182425,20.053112092701348
1700,,AM,R3130,00,EHZ,61.1981981981982,-149.90658980942584,2026-09-12T23:58:00.005000Z,2026-09-12T23:59:00.005000Z,100.0,100.0,60.0,,traffic,1,Traffic,timeofday:America/Anchorage:day7-19:night1-5,AM,2.0-20.0,640.3765860424062,4108.337879431512,597.8602470598596,3790.437781233363,0.8716225660668333,3.538940010690852,2.40820840393138,,,223.23593596182425,16.97951436403845
1701,,AM,R3130,00,EHZ,61.1981981981982,-149.90658980942584,2026-09-12T23:59:00.005000Z,2026-09-13T00:00:00.005000Z,100.0,100.0,60.0,,traffic,1,Traffic,timeofday:America/Anchorage:day7-19:night1-5,AM,2.0-20.0,582.8916288699519,2721.663425585985,543.9904564450646,2658.1073678207786,0.8709774774435229,3.5814184535756204,1.9888427677170055,,,223.23593596182425,11.907166094778502
1702,,AM,R3130,00,EHZ,61.1981981981982,-149.90658980942584,2026-09-13T00:00:00.005000Z,2026-09-13T00:01:00.005000Z,100.0,100.0,60.0,,traffic,1,Traffic,timeofday:America/Anchorage:day7-19:night1-5,AM,2.0-20.0,592.4878390449753,4708.3362877380405,544.5245110426497,3938.7114867680702,0.8446484431011285,3.9232770812500775,2.993758167245381,,,223.23593596182425,17.643716141838528
1703,,AM,R3130,00,EHZ,61.1981981981982,-149.90658980942584,2026-09-13T00:01:00.005000Z,2026-09-13T00:02:00.005000Z,100.0,100.0,60.0,,traffic,1,Traffic,timeofday:America/Anchorage:day7-19:night1-5,AM,2.0-20.0,487.7365999660304,2392.665571284035,452.4003108538135,2366.530978191591,0.8603498680040121,4.071584888249038,1.0344021446145542,,,223.23593596182425,10.601030555386448
1704,,AM,R3130,00,EHZ,61.1981981981982,-149.90658980942584,2026-09-13T00:02:00.005000Z,2026-09-13T00:03:00.005000Z,100.0,100.0,60.0,,traffic,1,Traffic,timeofday:America/Anchorage:day7-19:night1-5,AM,2.0-20.0,926.7617515796293,8756.666122870189,873.8334446459312,7606.0939976544305,0.8890396326669103,6.164970370659454,8.981427532279756,,,223.23593596182425,34.07199636063593
1705,,AM,R3130,00,EHZ,61.1981981981982,-149.90658980942584,2026-09-13T00:03:00.005000Z,2026-09-13T00:04:00.005000Z,100.0,100.0,60.0,,traffic,1,Traffic,timeofday:America/Anchorage:day7-19:night1-5,AM,2.0-20.0,637.0288854653753,5223.667801254773,588.3500337179049,5138.9705763766015,0.8530084128749043,6.2119575176682265,4.862064613287367,,,223.23593596182425,23.020355366330538
1706,,AM,R3130,00,EHZ,61.1981981981982,-149.90658980942584,2026-09-13T00:04:00.005000Z,2026-09-13T00:05:00.005000Z,100.0,100.0,60.0,,traffic,1,Traffic,timeofday:America/Anchorage:day7-19:night1-5,AM,2.0-20.0,931.0000433846016,7707.6687965282745,886.6891124093104,6497.302390284891,0.9070753169440418,5.7844066477125144,3.5858395092440096,,,223.23593596182425,29.105091715143924
1707,,AM,R3130,00,EHZ,61.1981981981982,-149.90658980942584,2026-09-13T00:05:00.005000Z,2026-09-13T00:06:00.005000Z,100.0,100.0,60.0,,traffic,1,Traffic,timeofday:America/Anchorage:day7-19:night1-5,AM,2.0-20.0,700.3233023376695,5183.670107498809,648.9699320911417,5136.770040475726,0.858720828508843,4.340281934406485,3.233730796883444,,,223.23593596182425,23.010497921598827
1708,,AM,R3130,00,EHZ,61.1981981981982,-149.90658980942584,2026-09-13T00:06:00.005000Z,2026-09-13T00:07:00.005000Z,100.0,100.0,60.0,,traffic,1,Traffic,timeofday:America/Anchorage:day7-19:night1-5,AM,2.0-20.0,706.2117558820669,3941.329431698861,644.8198501914294,3917.5901686954817,0.8336944517561339,2.671574773035254,1.8376437907197216,,,223.23593596182425,17.54910181381116
1709,,AM,R3130,00,EHZ,61.1981981981982,-149.90658980942584,2026-09-13T00:07:00.005000Z,2026-09-13T00:08:00.005000Z,100.0,100.0,60.0,,traffic,1,Traffic,timeofday:America/Anchorage:day7-19:night1-5,AM,2.0-20.0,495.34261848842345,2904.3275708164633,450.4501777858404,2768.1549414000456,0.8269554888518672,3.1564743448062282,1.4625054327025007,,,223.23593596182425,12.400131410175062
1710,,AM,R3130,00,EHZ,61.1981981981982,-149.90658980942584,2026-09-13T00:08:00.005000Z,2026-09-13T00:09:00.005000Z,100.0,100.0,60.0,,traffic,1,Traffic,timeofday:America/Anchorage:day7-19:night1-5,AM,2.0-20.0,675.6855056905993,6288.326534987893,635.0496429616505,6220.3464865457845,0.8833364400962221,5.281315770869975,10.541044917942042,,,223.23593596182425,27.864449600128587
1711,,AM,R3130,00,EHZ,61.1981981981982,-149.90658980942584,2026-09-13T00:09:00.005000Z,2026-09-13T00:10:00.005000Z,100.0,100.0,60.0,,traffic,1,Traffic,timeofday:America/Anchorage:day7-19:night1-5,AM,2.0-20.0,511.3949734494375,3847.3262925876347,466.840233342597,4417.722048238137,0.8333427183300943,4.933311616128594,5.961775039036649,,,223.23593596182425,19.78947533336933
1712,,AM,R3130,00,EHZ,61.1981981981982,-149.90658980942584,2026-09-13T00:10:00.005000Z,2026-09-13T00:11:00.005000Z,100.0,100.0,60.0,,traffic,1,Traffic,timeofday:America/Anchorage:day7-19:night1-5,AM,2.0-20.0,906.3158585730813,9106.324953154139,866.6499678304682,8425.419753256228,0.9143833131959369,5.927840844616906,6.443740813456428,,,223.23593596182425,37.742219759353915
1713,,AM,R3130,00,EHZ,61.1981981981982,-149.90658980942584,2026-09-13T00:11:00.005000Z,2026-09-13T00:12:00.005000Z,100.0,100.0,60.0,,traffic,1,Traffic,timeofday:America/Anchorage:day7-19:night1-5,AM,2.0-20.0,934.2575760199059,8819.32384012211,889.1723745863783,8290.082059994185,0.905813243415119,4.4524618890676635,7.329156925541042,,,223.23593596182425,37.135965696006394
1714,,AM,R3130,00,EHZ,61.1981981981982,-149.90658980942584,2026-09-13T00:12:00.005000Z,2026-09-13T00:13:00.005000Z,100.0,100.0,60.0,,traffic,1,Traffic,timeofday:America/Anchorage:day7-19:night1-5,AM,2.0-20.0,873.9471780553527,4876.322624958277,748.901727516203,4209.032749541691,0.7343097522025477,4.6351635815848296,2.5653902309324623,,,223.23593596182425,18.85463794799365
1715,,AM,R3130,00,EHZ,61.1981981981982,-149.90658980942584,2026-09-13T00:13:00.005000Z,2026-09-13T00:14:00.005000Z,100.0,100.0,60.0,,traffic,1,Traffic,timeofday:America/Anchorage:day7-19:night1-5,AM,2.0-20.0,1369.9962271257089,17945.321118281623,1322.4229266841012,16847.567591127907,0.9317555699255483,5.474697539433482,19.636056171246135,,,223.23593596182425,75.4697827593897
1716,,AM,R3130,00,EHZ,61.1981981981982,-149.90658980942584,2026-09-13T00:14:00.005000Z,2026-09-13T00:15:00.005000Z,100.0,100.0,60.0,,traffic,1,Traffic,timeofday:America/Anchorage:day7-19:night1-5,AM,2.0-20.0,644.4991771548633,5267.680108044155,607.7045236566993,4750.366046880652,0.889078696137345,3.5939370656419314,3.4898310860577553,,,223.23593596182425,21.279575917799434
1717,,AM,R3130,00,EHZ,61.1981981981982,-149.90658980942584,2026-09-13T00:15:00.005000Z,2026-09-13T00:16:00.005000Z,100.0,100.0,60.0,,traffic,1,Traffic,timeofday:America/Anchorage:day7-19:night1-5,AM,2.0-20.0,692.2789551322833,8353.681353717306,665.8636892062431,8867.369960244901,0.9251420182403419,5.843193363915651,22.570566732657127,,,223.23593596182425,39.721964665049796
1718,,AM,R3130,00,EHZ,61.1981981981982,-149.90658980942584,2026-09-13T00:16:00.005000Z,2026-09-13T00:17:00.005000Z,100.0,100.0,60.0,,traffic,1,Traffic,timeofday:America/Anchorage:day7-19:night1-5,AM,2.0-20.0,850.1531147340918,6328.6815250531745,815.5688249861739,6665.414978718135,0.9202947246426882,4.322431694478833,7.212124838727833,,,223.23593596182425,29.858163068593008
1719,,AM,R3130,00,EHZ,61.1981981981982,-149.90658980942584,2026-09-13T00:17:00.005000Z,2026-09-13T00:18:00.005000Z,100.0,100.0,60.0,,traffic,1,Traffic,timeofday:America/Anchorage:day7-19:night1-5,AM,2.0-20.0,914.7889539567543,7262.316506165618,881.7405240518865,7172.896093907102,0.9290514775634395,3.5194250188689136,4.810061574003671,,,223.23593596182425,32.131457970699415
1720,,AM,R3130,00,EHZ,61.1981981981982,-149.90658980942584,2026-09-13T00:18:00.005000Z,2026-09-13T00:19:00.005000Z,100.0,100.0,60.0,,traffic,1,Traffic,timeofday:America/Anchorage:day7-19:night1-5,AM,2.0-20.0,450.77913284178976,2265.3163843143752,388.57296105990173,2005.5408465580758,0.7430491575251511,2.4433037350162405,1.5778406816788735,,,223.23593596182425,8.983951611182551
1721,,AM,R3130,00,EHZ,61.1981981981982,-149.90658980942584,2026-09-13T00:19:00.005000Z,2026-09-13T00:20:00.005000Z,100.0,100.0,60.0,,traffic,1,Traffic,timeofday:America/Anchorage:day7-19:night1-5,AM,2.0-20.0,591.4369156401624,5721.314207176847,554.4514165407935,5727.531594552609,0.8788406529180656,4.69614542086017,7.230529929702849,,,223.23593596182425,25.656853005656217
1722,,AM,R3130,00,EHZ,61.1981981981982,-149.90658980942584,2026-09-13T00:20:00.005000Z,2026-09-13T00:21:00.005000Z,100.0,100.0,60.0,,traffic,1,Traffic,timeofday:America/Anchorage:day7-19:night1-5,AM,2.0-20.0,687.0748821882402,4791.6866398288075,642.86319938949,4676.239547439397,0.8754452417414484,3.3129046408449465,4.089280721631541,,,223.23593596182425,20.947521407301934
1723,,AM,R3130,00,EHZ,61.1981981981982,-149.90658980942584,2026-09-13T00:21:00.005000Z,2026-09-13T00:22:00.005000Z,100.0,100.0,60.0,,traffic,1,Traffic,timeofday:America/Anchorage:day7-19:night1-5,AM,2.0-20.0,708.9083703760198,4400.68806706961,669.3615628832289,4442.577696345118,0.8915410230833053,4.02021599165712,4.225181253658888,,,223.23593596182425,19.900817837432978
1724,,AM,R3130,00,EHZ,61.1981981981982,-149.90658980942584,2026-09-13T00:22:00.005000Z,2026-09-13T00:23:00.005000Z,100.0,100.0,60.0,,traffic,1,Traffic,timeofday:America/Anchorage:day7-19:night1-5,AM,2.0-20.0,939.6124637930152,10509.311884934023,902.7416717547217,9616.884873097919,0.9230589617235991,5.186494383420712,12.683034139806965,,,223.23593596182425,43.079465820155896
1725,,AM,R3130,00,EHZ,61.1981981981982,-149.90658980942584,2026-09-13T00:23:00.005000Z,2026-09-13T00:24:00.005000Z,100.0,100.0,60.0,,traffic,1,Traffic,timeofday:America/Anchorage:day7-19:night1-5,AM,2.0-20.0,519.312389416365,3275.6899260916857,474.8932458703632,3171.9078762248546,0.8362470873907172,3.898738259657239,3.9733269980658203,,,223.23593596182425,14.208769132794485
1726,,AM,R3130,00,EHZ,61.1981981981982,-149.90658980942584,2026-09-13T00:24:00.005000Z,2026-09-13T00:25:00.005000Z,100.0,100.0,60.0,,traffic,1,Traffic,timeofday:America/Anchorage:day7-19:night1-5,AM,2.0-20.0,553.8972302791609,3294.309281596195,513.1651013228527,3209.1991628839696,0.8583330603468069,2.669086282335801,1.8101042167305081,,,223.23593596182425,14.375817894448577
1727,,AM,R3130,00,EHZ,61.1981981981982,-149.90658980942584,2026-09-13T00:25:00.005000Z,2026-09-13T00:26:00.005000Z,100.0,100.0,60.0,,traffic,1,Traffic,timeofday:America/Anchorage:day7-19:night1-5,AM,2.0-20.0,809.2514965898495,6116.308393663407,524.3404767110924,3679.7165967051696,0.41981673496383354,5.650160526284789,6.107332116980061,,,223.23593596182425,16.483531564265892
1728,,AM,R3130,00,EHZ,61.1981981981982,-149.90658980942584,2026-09-13T00:26:00.005000Z,2026-09-13T00:27:00.005000Z,100.0,100.0,60.0,,traffic,1,Traffic,timeofday:America/Anchorage:day7-19:night1-5,AM,2.0-20.0,1031.1035159570897,6764.307071716958,898.1426466034923,6733.2464118622775,0.758727982591134,4.374285417629319,3.3864807660793854,,,223.23593596182425,30.16201841720383
1729,,AM,R3130,00,EHZ,61.1981981981982,-149.90658980942584,2026-09-13T00:27:00.005000Z,2026-09-13T00:28:00.005000Z,100.0,100.0,60.0,,traffic,1,Traffic,timeofday:America/Anchorage:day7-19:night1-5,AM,2.0-20.0,687.628556904338,3913.6944489121256,639.7615444376069,4001.4651576900987,0.8656223355968448,3.2657082395671373,1.8594045801822636,,,223.23593596182425,17.92482532191588
1730,,AM,R3130,00,EHZ,61.1981981981982,-149.90658980942584,2026-09-13T00:28:00.005000Z,2026-09-13T00:29:00.005000Z,100.0,100.0,60.0,,traffic,1,Traffic,timeofday:America/Anchorage:day7-19:night1-5,AM,2.0-20.0,964.675536944321,4888.304741102675,924.1569965427627,4948.1371744937405,0.9177596943082191,4.768039260776924,1.4883129133243909,,,223.23593596182425,22.165504640524926
1731,,AM,R3130,00,EHZ,61.1981981981982,-149.90658980942584,2026-09-13T00:29:00.005000Z,2026-09-13T00:30:00.005000Z,100.0,100.0,60.0,,traffic,1,Traffic,timeofday:America/Anchorage:day7-19:night1-5,AM,2.0-20.0,777.0260376142535,7657.695985912063,746.7598235634728,7228.4346098412225,0.9236145054391574,4.664801175213088,12.073077241778792,,,223.23593596182425,32.38024639132188
1732,,AM,R3130,00,EHZ,61.1981981981982,-149.90658980942584,2026-09-13T00:30:00.005000Z,2026-09-13T00:31:00.005000Z,100.0,100.0,60.0,,traffic,1,Traffic,timeofday:America/Anchorage:day7-19:night1-5,AM,2.0-20.0,635.5253247179087,6051.302866081811,593.1809190472146,5323.151069423643,0.8711814565094347,6.089510675542863,6.2622866228172995,,,223.23593596182425,23.84540395115399
1733,,AM,R3130,00,EHZ,61.1981981981982,-149.90658980942584,2026-09-13T00:31:00.005000Z,2026-09-13T00:32:00.005000Z,100.0,100.0,60.0,,traffic,1,Traffic,timeofday:America/Anchorage:day7-19:night1-5,AM,2.0-20.0,849.1555837367663,6788.301388984317,811.5361900925717,6880.318473582995,0.9133584354171458,5.230529320947833,4.992661248610274,,,223.23593596182425,30.820837352815825
1734,,AM,R3130,00,EHZ,61.1981981981982,-149.90658980942584,2026-09-13T00:32:00.005000Z,2026-09-13T00:33:00.005000Z,100.0,100.0,60.0,,traffic,1,Traffic,timeofday:America/Anchorage:day7-19:night1-5,AM,2.0-20.0,779.4631435945814,6603.699292638508,743.8650592535896,5730.839576531878,0.9107457425994661,3.926633987020822,4.155000054891303,,,223.23593596182425,25.671671327648223
1735,,AM,R3130,00,EHZ,61.1981981981982,-149.90658980942584,2026-09-13T00:33:00.005000Z,2026-09-13T00:34:00.005000Z,100.0,100.0,60.0,,traffic,1,Traffic,timeofday:America/Anchorage:day7-19:night1-5,AM,2.0-20.0,571.4586809408045,3754.701329693617,535.5713580478648,3665.0280189968644,0.8783447658539818,3.1630130685156015,1.7059232266766715,,,223.23593596182425,16.41773311812854
1736,,AM,R3130,00,EHZ,61.1981981981982,-149.90658980942584,2026-09-13T00:34:00.005000Z,2026-09-13T00:35:00.005000Z,100.0,100.0,60.0,,traffic,1,Traffic,timeofday:America/Anchorage:day7-19:night1-5,AM,2.0-20.0,1340.1212076381373,21970.701716082975,1282.9877891993815,22823.069235634248,0.9165515284061815,6.259560724778904,58.1128119921755,,,223.23593596182425,102.23743384907903
1737,,AM,R3130,00,EHZ,61.1981981981982,-149.90658980942584,2026-09-13T00:35:00.005000Z,2026-09-13T00:36:00.005000Z,100.0,100.0,60.0,,traffic,1,Traffic,timeofday:America/Anchorage:day7-19:night1-5,AM,2.0-20.0,621.1223995425438,3729.2972012082823,579.0625223904425,2940.833452824995,0.8691535985133281,3.781419637891898,1.3386434246145944,,,223.23593596182425,13.173656114792868
1738,,AM,R3130,00,EHZ,61.1981981981982,-149.90658980942584,2026-09-13T00:36:00.005000Z,2026-09-13T00:37:00.005000Z,100.0,100.0,60.0,,traffic,1,Traffic,timeofday:America/Anchorage:day7-19:night1-5,AM,2.0-20.0,836.397469393657,4815.296105291236,791.3128357230607,4383.881782155031,0.8950988527288056,2.459022789699697,2.359403494934469,,,223.23593596182425,19.63788564447223
1739,,AM,R3130,00,EHZ,61.1981981981982,-149.90658980942584,2026-09-13T00:37:00.005000Z,2026-09-13T00:38:00.005000Z,100.0,100.0,60.0,,traffic,1,Traffic,timeofday:America/Anchorage:day7-19:night1-5,AM,2.0-20.0,623.1578395353303,5624.704952861226,590.0388193226811,5283.4373161063795,0.8965304501000612,4.328744746253221,7.305484260011012,,,223.23593596182425,23.66750359140163
1740,,AM,R3130,00,EHZ,61.1981981981982,-149.90658980942584,2026-09-13T00:38:00.005000Z,2026-09-13T00:39:00.005000Z,100.0,100.0,60.0,,traffic,1,Traffic,timeofday:America/Anchorage:day7-19:night1-5,AM,2.0-20.0,789.593003288408,5563.705948506791,755.4219489680185,5103.260289763751,0.9153192915097775,4.358917770260965,2.756290830638422,,,223.23593596182425,22.860388797959764
1741,,AM,R3130,00,EHZ,61.1981981981982,-149.90658980942584,2026-09-13T00:39:00.005000Z,2026-09-13T00:40:00.005000Z,100.0,100.0,60.0,,traffic,1,Traffic,timeofday:America/Anchorage:day7-19:night1-5,AM,2.0-20.0,531.8267949335122,6545.707306915596,497.65882085385687,6763.65848915093,0.8756347398023937,6.435361087653698,14.725102446969991,,,223.23593596182425,30.298251309805195
1742,,AM,R3130,00,EHZ,61.1981981981982,-149.90658980942584,2026-09-13T00:40:00.005000Z,2026-09-13T00:41:00.005000Z,100.0,100.0,60.0,,traffic,1,Traffic,timeofday:America/Anchorage:day7-19:night1-5,AM,2.0-20.0,566.0183271166852,4845.708598352727,530.4297135549838,4301.807305350604,0.878202566134509,6.331779921129535,4.542831002423475,,,223.23593596182425,19.27022764868045
1743,,AM,R3130,00,EHZ,61.1981981981982,-149.90658980942584,2026-09-13T00:41:00.005000Z,2026-09-13T00:42:00.005000Z,100.0,100.0,60.0,,traffic,1,Traffic,timeofday:America/Anchorage:day7-19:night1-5,AM,2.0-20.0,633.4418160063906,4777.2902774532995,573.4521759825841,4318.674821044369,0.8195603723292073,5.330996615753297,7.693995625565533,,,223.23593596182425,19.345786790272463
1744,,AM,R3130,00,EHZ,61.1981981981982,-149.90658980942584,2026-09-13T00:42:00.005000Z,2026-09-13T00:43:00.005000Z,100.0,100.0,60.0,,traffic,1,Traffic,timeofday:America/Anchorage:day7-19:night1-5,AM,2.0-20.0,725.996753359467,5885.289319200252,678.8762828583168,6025.659070667378,0.8744035574820385,5.92419787173789,5.348873065733519,,,223.23593596182425,26.992334566141853
1745,,AM,R3130,00,EHZ,61.1981981981982,-149.90658980942584,2026-09-13T00:43:00.005000Z,2026-09-13T00:44:00.005000Z,100.0,100.0,60.0,,traffic,1,Traffic,timeofday:America/Anchorage:day7-19:night1-5,AM,2.0-20.0,989.6963998530609,5917.287651977613,912.9798943968559,4594.783356807529,0.8509782228551864,5.242855046795824,2.1523969737865674,,,223.23593596182425,20.582633064925922
1746,,AM,R3130,00,EHZ,61.1981981981982,-149.90658980942584,2026-09-13T00:44:00.005000Z,2026-09-13T00:45:00.005000Z,100.0,100.0,60.0,,traffic,1,Traffic,timeofday:America/Anchorage:day7-19:night1-5,AM,2.0-20.0,646.4521031436573,3850.286269942689,601.3625124256401,3506.3812820963794,0.865366338832568,3.368506785838383,2.0646497603465566,,,223.23593596182425,15.707064666756917
1747,,AM,R3130,00,EHZ,61.1981981981982,-149.90658980942584,2026-09-13T00:45:00.005000Z,2026-09-13T00:46:00.005000Z,100.0,100.0,60.0,,traffic,1,Traffic,timeofday:America/Anchorage:day7-19:night1-5,AM,2.0-20.0,1050.1287809837222,12287.714132445457,1005.6107563773697,11436.87791826747,0.9170113211171116,4.723809753835136,18.68484263277375,,,223.23593596182425,51.23224389922284
1748,,AM,R3130,00,EHZ,61.1981981981982,-149.90658980942584,2026-09-13T00:46:00.005000Z,2026-09-13T00:47:00.005000Z,100.0,100.0,60.0,,traffic,1,Traffic,timeofday:America/Anchorage:day7-19:night1-5,AM,2.0-20.0,616.6928967307216,4163.285020920954,589.0807796613274,3889.701331890189,0.9124557528616329,2.886333483375036,2.9101155906869005,,,223.23593596182425,17.42417194226009
1749,,AM,R3130,00,EHZ,61.1981981981982,-149.90658980942584,2026-09-13T00:47:00.005000Z,2026-09-13T00:48:00.005000Z,100.0,100.0,60.0,,traffic,1,Traffic,timeofday:America/Anchorage:day7-19:night1-5,AM,2.0-20.0,853.2194164385771,7468.716454688281,811.5251025628338,7152.708799510336,0.9046538930533087,5.07429481444284,8.979610092735207,,,223.23593596182425,32.0410276629186
1750,,AM,R3130,00,EHZ,61.1981981981982,-149.90658980942584,2026-09-13T00:48:00.005000Z,2026-09-13T00:49:00.005000Z,100.0,100.0,60.0,,traffic,1,Traffic,timeofday:America/Anchorage:day7-19:night1-5,AM,2.0-20.0,415.6688999186101,2588.281823209512,378.13901870837356,2266.8104593257544,0.8275760648741385,4.04978211671005,2.2221020060828858,,,223.23593596182425,10.154325958135178
1751,,AM,R3130,00,EHZ,61.1981981981982,-149.90658980942584,2026-09-13T00:49:00.005000Z,2026-09-13T00:50:00.005000Z,100.0,100.0,60.0,,traffic,1,Traffic,timeofday:America/Anchorage:day7-19:night1-5,AM,2.0-20.0,670.784726495402,4135.718784744469,639.8683388606242,4665.100960020597,0.9099445167973097,4.06515250981355,4.1042671706932445,,,223.23593596182425,20.897625375236984
1752,,AM,R3130,00,EHZ,61.1981981981982,-149.90658980942584,2026-09-13T00:50:00.005000Z,2026-09-13T00:51:00.005000Z,100.0,100.0,60.0,,traffic,1,Traffic,timeofday:America/Anchorage:day7-19:night1-5,AM,2.0-20.0,796.9500790604025,5657.280174404084,761.5955421699715,5279.408276799576,0.9132434175029552,2.980252182800747,3.1018984473906412,,,223.23593596182425,23.649455245872293
1753,,AM,R3130,00,EHZ,61.1981981981982,-149.90658980942584,2026-09-13T00:51:00.005000Z,2026-09-13T00:52:00.005000Z,100.0,100.0,60.0,,traffic,1,Traffic,timeofday:America/Anchorage:day7-19:night1-5,AM,2.0-20.0,607.148792579504,4682.278778788794,546.2615585179002,3966.143109662984,0.8094891042804955,3.911977517441027,2.7401591959884977,,,223.23593596182425,17.76659789372459
1754,,AM,R3130,00,EHZ,61.1981981981982,-149.90658980942584,2026-09-13T00:52:00.005000Z,2026-09-13T00:53:00.005000Z,100.0,100.0,60.0,,traffic,1,Traffic,timeofday:America/Anchorage:day7-19:night1-5,AM,2.0-20.0,686.8408974909116,4123.722066542568,563.492641907972,3468.3701105358978,0.6730761543717192,3.390873493997723,1.7114373274093886,,,223.23593596182425,15.536791133525323
1755,,AM,R3130,00,EHZ,61.1981981981982,-149.90658980942584,2026-09-13T00:53:00.005000Z,2026-09-13T00:54:00.005000Z,100.0,100.0,60.0,,traffic,1,Traffic,timeofday:America/Anchorage:day7-19:night1-5,AM,2.0-20.0,1095.8810367916747,9422.723232965904,1067.6149957820737,9147.857683136379,0.9490793118696095,5.922729459542705,9.106315727704084,,,223.23593596182425,40.9784277953383
1756,,AM,R3130,00,EHZ,61.1981981981982,-149.90658980942584,2026-09-13T00:54:00.005000Z,2026-09-13T00:55:00.005000Z,100.0,100.0,60.0,,traffic,1,Traffic,timeofday:America/Anchorage:day7-19:night1-5,AM,2.0-20.0,794.8352464986917,5263.275619214002,760.3491243861823,5404.1592068436385,0.9151069748344279,5.211048091300931,4.341107248175586,,,223.23593596182425,24.208285209814104
1757,,AM,R3130,00,EHZ,61.1981981981982,-149.90658980942584,2026-09-13T00:55:00.005000Z,2026-09-13T00:56:00.005000Z,100.0,100.0,60.0,,traffic,1,Traffic,timeofday:America/Anchorage:day7-19:night1-5,AM,2.0-20.0,788.8588420231808,4739.274128536139,752.7203589872469,4169.288280737575,0.9104764768700269,5.2340894044976585,2.4822119072023803,,,223.23593596182425,18.676599996205667
1758,,AM,R3130,00,EHZ,61.1981981981982,-149.90658980942584,2026-09-13T00:56:00.005000Z,2026-09-13T00:57:00.005000Z,100.0,100.0,60.0,,traffic,1,Traffic,timeofday:America/Anchorage:day7-19:night1-5,AM,2.0-20.0,554.0003535785276,3118.726072006821,520.7695775647238,3529.303997212531,0.8836313738644377,3.6479070475638986,2.0830296092284932,,,223.23593596182425,15.809748470855876
1759,,AM,R3130,00,EHZ,61.1981981981982,-149.90658980942584,2026-09-13T00:57:00.005000Z,2026-09-13T00:58:00.005000Z,100.0,100.0,60.0,,traffic,1,Traffic,timeofday:America/Anchorage:day7-19:night1-5,AM,2.0-20.0,534.3019692715776,3050.271787690071,498.1352243082697,3086.163605819373,0.8692024781978244,4.140691357377349,2.7929568506067506,,,223.23593596182425,13.824672056147538
1760,,AM,R3130,00,EHZ,61.1981981981982,-149.90658980942584,2026-09-13T00:58:00.005000Z,2026-09-13T00:59:00.005000Z,100.0,100.0,60.0,,traffic,1,Traffic,timeofday:America/Anchorage:day7-19:night1-5,AM,2.0-20.0,587.932021723555,4794.729191212575,554.2746449147235,4460.797552288318,0.8887831152261196,3.5296025497186716,4.428690284439193,,,223.23593596182425,19.98243487576822
1761,,AM,R3130,00,EHZ,61.1981981981982,-149.90658980942584,2026-09-13T01:02:00.005000Z,2026-09-13T01:03:00.005000Z,100.0,100.0,60.0,,traffic,1,Traffic,timeofday:America/Anchorage:day7-19:night1-5,AM,2.0-20.0,603.3582926159664,4755.732726386845,556.6142629294376,4527.9461420182215,0.8510559046267028,3.4994105796242576,4.7924693928929285,,,223.23593596182425,20.283231382569824
1762,,AM,R3130,00,EHZ,61.1981981981982,-149.90658980942584,2026-09-13T01:03:00.005000Z,2026-09-13T01:04:00.005000Z,100.0,100.0,60.0,,traffic,1,Traffic,timeofday:America/Anchorage:day7-19:night1-5,AM,2.0-20.0,823.1860934392155,4825.265408079946,777.8633055534082,5276.983177080332,0.8929158242681452,4.4047020407498145,3.859679137642379,,,223.23593596182425,23.63859185280435
1763,,AM,R3130,00,EHZ,61.1981981981982,-149.90658980942584,2026-09-13T01:04:00.005000Z,2026-09-13T01:05:00.005000Z,100.0,100.0,60.0,,traffic,1,Traffic,timeofday:America/Anchorage:day7-19:night1-5,AM,2.0-20.0,717.2992667759855,4661.2642288203715,678.0997804468833,5032.333174931943,0.8936890438026072,3.781027406174684,3.115506432884116,,,223.23593596182425,22.542666140421613
1764,,AM,R3130,00,EHZ,61.1981981981982,-149.90658980942584,2026-09-13T01:05:00.005000Z,2026-09-13T01:06:00.005000Z,100.0,100.0,60.0,,traffic,1,Traffic,timeofday:America/Anchorage:day7-19:night1-5,AM,2.0-20.0,1064.1494562343428,6138.263188899087,968.4371702685575,6192.158763901407,0.8282046131146767,4.349114566592308,3.8454714809024892,,,223.23593596182425,27.73818084988043
1765,,AM,R3130,00,EHZ,61.1981981981982,-149.90658980942584,2026-09-13T01:06:00.005000Z,2026-09-13T01:07:00.005000Z,100.0,100.0,60.0,,traffic,1,Traffic,timeofday:America/Anchorage:day7-19:night1-5,AM,2.0-20.0,801.0399917759993,6316.261942667839,747.5031726660266,5197.554574950467,0.8707985219106983,5.216675552193326,2.4848260695068154,,,223.23593596182425,23.282786225956492
1766,,AM,R3130,00,EHZ,61.1981981981982,-149.90658980942584,2026-09-13T01:07:00.005000Z,2026-09-13T01:08:00.005000Z,100.0,100.0,60.0,,traffic,1,Traffic,timeofday:America/Anchorage:day7-19:night1-5,AM,2.0-20.0,1095.3106609930405,13216.260900514166,1065.2650633652513,13444.39291058455,0.9458902273233009,7.802225368218876,15.667124225472822,,,223.23593596182425,60.22503882566508
1767,,AM,R3130,00,EHZ,61.1981981981982,-149.90658980942584,2026-09-13T01:08:00.005000Z,2026-09-13T01:09:00.005000Z,100.0,100.0,60.0,,traffic,1,Traffic,timeofday:America/Anchorage:day7-19:night1-5,AM,2.0-20.0,1118.6130344428354,12003.259713813293,1078.9863970405459,11003.108267345413,0.930405326147659,6.340867483256989,7.692862302786597,,,223.23593596182425,49.289144330360244
1768,,AM,R3130,00,EHZ,61.1981981981982,-149.90658980942584,2026-09-13T01:09:00.005000Z,2026-09-13T01:10:00.005000Z,100.0,100.0,60.0,,traffic,1,Traffic,timeofday:America/Anchorage:day7-19:night1-5,AM,2.0-20.0,908.9739759133486,5000.258868481931,886.9898686097555,5168.635913994987,0.9522136867542631,5.693903430487678,3.8253050306137117,,,223.23593596182425,23.15324318965778
1769,,AM,R3130,00,EHZ,61.1981981981982,-149.90658980942584,2026-09-13T01:10:00.005000Z,2026-09-13T01:11:00.005000Z,100.0,100.0,60.0,,traffic,1,Traffic,timeofday:America/Anchorage:day7-19:night1-5,AM,2.0-20.0,677.0999005831568,6017.742164184088,645.4933531612864,5035.46837538637,0.9088203625885386,4.461107266001106,4.772793440407297,,,223.23593596182425,22.55671047625365
1770,,AM,R3130,00,EHZ,61.1981981981982,-149.90658980942584,2026-09-13T01:11:00.005000Z,2026-09-13T01:12:00.005000Z,100.0,100.0,60.0,,traffic,1,Traffic,timeofday:America/Anchorage:day7-19:night1-5,AM,2.0-20.0,1042.3039645404879,5010.743629003442,1012.011155455107,5390.361185702352,0.9427180450898005,4.828343473987577,1.7863143960021048,,,223.23593596182425,24.146476070161757
1771,,AM,R3130,00,EHZ,61.1981981981982,-149.90658980942584,2026-09-13T01:12:00.005000Z,2026-09-13T01:13:00.005000Z,100.0,100.0,60.0,,traffic,1,Traffic,timeofday:America/Anchorage:day7-19:night1-5,AM,2.0-20.0,597.1738673877021,5224.744686411776,563.229922373684,4667.86871515286,0.8895489459740457,5.826466549439955,5.317259069723576,,,223.23593596182425,20.910023715675937
1772,,AM,R3130,00,EHZ,61.1981981981982,-149.90658980942584,2026-09-13T01:13:00.005000Z,2026-09-13T01:14:00.005000Z,100.0,100.0,60.0,,traffic,1,Traffic,timeofday:America/Anchorage:day7-19:night1-5,AM,2.0-20.0,890.7707608800654,7540.254018430445,858.0929102437225,7836.218876035568,0.9279759508495287,5.949628488204924,6.603752058707041,,,223.23593596182425,35.102855829518624
1773,,AM,R3130,00,EHZ,61.1981981981982,-149.90658980942584,2026-09-13T01:14:00.005000Z,2026-09-13T01:15:00.005000Z,100.0,100.0,60.0,,traffic,1,Traffic,timeofday:America/Anchorage:day7-19:night1-5,AM,2.0-20.0,715.1578710624141,7675.252779268429,681.2397462673803,6656.3638616114695,0.9073944347140519,5.98126661849065,11.40802435714036,,,223.23593596182425,29.81761799654774
1774,,AM,R3130,00,EHZ,61.1981981981982,-149.90658980942584,2026-09-13T01:15:00.005000Z,2026-09-13T01:16:00.005000Z,100.0,100.0,60.0,,traffic,1,Traffic,timeofday:America/Anchorage:day7-19:night1-5,AM,2.0-20.0,774.4612159112032,5437.748272000834,744.4401399556223,5157.047836647558,0.9239749917923146,6.018216811542073,5.537497993376695,,,223.23593596182425,23.101333638010097
1775,,AM,R3130,00,EHZ,61.1981981981982,-149.90658980942584,2026-09-13T01:16:00.005000Z,2026-09-13T01:17:00.005000Z,100.0,100.0,60.0,,traffic,1,Traffic,timeofday:America/Anchorage:day7-19:night1-5,AM,2.0-20.0,753.0845369096177,5310.749423355543,721.1585358419322,4633.343860733615,0.9170099246387459,2.8173174598703183,2.128404573169562,,,223.23593596182425,20.755367368477657
1776,,AM,R3130,00,EHZ,61.1981981981982,-149.90658980942584,2026-09-13T01:17:00.005000Z,2026-09-13T01:18:00.005000Z,100.0,100.0,60.0,,traffic,1,Traffic,timeofday:America/Anchorage:day7-19:night1-5,AM,2.0-20.0,535.8848906204297,5165.750012892315,500.49372453446426,4494.490686996942,0.8722766529469725,4.190305045294335,4.826596250302612,,,223.23593596182425,20.133365480034307
1777,,AM,R3130,00,EHZ,61.1981981981982,-149.90658980942584,2026-09-13T01:18:00.005000Z,2026-09-13T01:19:00.005000Z,100.0,100.0,60.0,,traffic,1,Traffic,timeofday:America/Anchorage:day7-19:night1-5,AM,2.0-20.0,521.5052480802365,4326.750735442272,488.84596358574913,4242.8279397635,0.8786718247183609,4.134333932988606,5.95264541028801,,,223.23593596182425,19.00602571661701
1778,,AM,R3130,00,EHZ,61.1981981981982,-149.90658980942584,2026-09-13T01:19:00.005000Z,2026-09-13T01:20:00.005000Z,100.0,100.0,60.0,,traffic,1,Traffic,timeofday:America/Anchorage:day7-19:night1-5,AM,2.0-20.0,581.0685144930035,4150.752805797187,548.5713895637906,3655.9013660699943,0.8912747842767594,3.1852411703090073,2.5063834639711366,,,223.23593596182425,16.376849678428087
1779,,AM,R3130,00,EHZ,61.1981981981982,-149.90658980942584,2026-09-13T01:20:00.005000Z,2026-09-13T01:21:00.005000Z,100.0,100.0,60.0,,traffic,1,Traffic,timeofday:America/Anchorage:day7-19:night1-5,AM,2.0-20.0,646.8351950039726,4206.7534308661525,617.0379786872555,4427.132431929062,0.9099897630447988,3.694752047298129,3.289202638856425,,,223.23593596182425,19.831629763615428
1780,,AM,R3130,00,EHZ,61.1981981981982,-149.90658980942584,2026-09-13T01:21:00.005000Z,2026-09-13T01:22:00.005000Z,100.0,100.0,60.0,,traffic,1,Traffic,timeofday:America/Anchorage:day7-19:night1-5,AM,2.0-20.0,578.6413798254381,3754.2450604108394,542.3531942253929,3863.078421612493,0.8785074103700479,4.271346729718443,3.898224484688865,,,223.23593596182425,17.30491287152406
1781,,AM,R3130,00,EHZ,61.1981981981982,-149.90658980942584,2026-09-13T01:22:00.005000Z,2026-09-13T01:23:00.005000Z,100.0,100.0,60.0,,traffic,1,Traffic,timeofday:America/Anchorage:day7-19:night1-5,AM,2.0-20.0,945.5173171413858,5526.244135829662,911.631487096751,5304.672058427417,0.9296075863747831,4.322596542732622,2.0385725352118627,,,223.23593596182425,23.76262601078069
1782,,AM,R3130,00,EHZ,61.1981981981982,-149.90658980942584,2026-09-13T01:23:00.005000Z,2026-09-13T01:24:00.005000Z,100.0,100.0,60.0,,traffic,1,Traffic,timeofday:America/Anchorage:day7-19:night1-5,AM,2.0-20.0,541.9966339216611,3629.7572024876413,509.7014727375535,3350.936698042862,0.8843793597915137,3.3400881774406415,3.0936243688384897,,,223.23593596182425,15.010740468845967
1783,,AM,R3130,00,EHZ,61.1981981981982,-149.90658980942584,2026-09-13T01:24:00.005000Z,2026-09-13T01:25:00.005000Z,100.0,100.0,60.0,,traffic,1,Traffic,timeofday:America/Anchorage:day7-19:night1-5,AM,2.0-20.0,617.2506066816983,4779.241666435186,578.9104787742787,4427.281455500975,0.8796294691179807,3.079940597242711,3.039639175728686,,,223.23593596182425,19.8322973244688
1784,,AM,R3130,00,EHZ,61.1981981981982,-149.90658980942584,2026-09-13T01:25:00.005000Z,2026-09-13T01:26:00.005000Z,100.0,100.0,60.0,,traffic,1,Traffic,timeofday:America/Anchorage:day7-19:night1-5,AM,2.0-20.0,748.2703730504152,6321.241572488807,683.0380247312103,6129.561213968491,0.8332448972985177,3.318128222902513,4.49875280931998,,,223.23593596182425,27.45777102400176
1785,,AM,R3130,00,EHZ,61.1981981981982,-149.90658980942584,2026-09-13T01:26:00.005000Z,2026-09-13T01:27:00.005000Z,100.0,100.0,60.0,,traffic,1,Traffic,timeofday:America/Anchorage:day7-19:night1-5,AM,2.0-20.0,761.786328930413,11369.240323095008,711.5221379502074,11204.437668925455,0.8723896110216206,5.9035622153003064,29.808997045727047,,,223.23593596182425,50.191012574433955
1786,,AM,R3130,00,EHZ,61.1981981981982,-149.90658980942584,2026-09-13T01:27:00.005000Z,2026-09-13T01:28:00.005000Z,100.0,100.0,60.0,,traffic,1,Traffic,timeofday:America/Anchorage:day7-19:night1-5,AM,2.0-20.0,690.6870933105195,3794.239096583196,652.8294388832892,3857.4401206317425,0.8933811395660131,2.667188181972251,2.4345686960412216,,,223.23593596182425,17.279655732898696
1787,,AM,R3130,00,EHZ,61.1981981981982,-149.90658980942584,2026-09-13T01:28:00.005000Z,2026-09-13T01:29:00.005000Z,100.0,100.0,60.0,,traffic,1,Traffic,timeofday:America/Anchorage:day7-19:night1-5,AM,2.0-20.0,397.2725673680856,2214.237757521763,364.05817757860734,2027.4559397222472,0.8397778731722089,2.524616891768842,1.3690772450938047,,,223.23593596182425,9.082121706735263
1788,,AM,R3130,00,EHZ,61.1981981981982,-149.90658980942584,2026-09-13T01:29:00.005000Z,2026-09-13T01:30:00.005000Z,100.0,100.0,60.0,,traffic,1,Traffic,timeofday:America/Anchorage:day7-19:night1-5,AM,2.0-20.0,751.8938282397789,8065.23677043369,717.3811695190333,8002.349931310336,0.9103049522771438,6.104972889033908,8.925391751988354,,,223.23593596182425,35.8470507753681
1789,,AM,R3130,00,EHZ,61.1981981981982,-149.90658980942584,2026-09-13T01:30:00.005000Z,2026-09-13T01:31:00.005000Z,100.0,100.0,60.0,,traffic,1,Traffic,timeofday:America/Anchorage:day7-19:night1-5,AM,2.0-20.0,586.7622711818974,7038.235613684039,544.9733975467543,6935.778560320338,0.8626333499445609,5.038143495714282,13.948457631007436,,,223.23593596182425,31.069274444713198
1790,,AM,R3130,00,EHZ,61.1981981981982,-149.90658980942584,2026-09-13T01:31:00.005000Z,2026-09-13T01:32:00.005000Z,100.0,100.0,60.0,,traffic,1,Traffic,timeofday:America/Anchorage:day7-19:night1-5,AM,2.0-20.0,807.9425387048557,5747.23422588211,746.6931396337155,6629.3431898224935,0.8541288142432071,4.082381736215666,6.335661948844418,,,223.23593596182425,29.69657712706337
1791,,AM,R3130,00,EHZ,61.1981981981982,-149.90658980942584,2026-09-13T01:32:00.005000Z,2026-09-13T01:33:00.005000Z,100.0,100.0,60.0,,traffic,1,Traffic,timeofday:America/Anchorage:day7-19:night1-5,AM,2.0-20.0,501.65074512482187,5999.767148153418,448.6403423066861,5710.870157767749,0.7998226953820434,7.703790577114301,20.371336760873348,,,223.23593596182425,25.582217008037496
1792,,AM,R3130,00,EHZ,61.1981981981982,-149.90658980942584,2026-09-13T01:33:00.005000Z,2026-09-13T01:34:00.005000Z,100.0,100.0,60.0,,traffic,1,Traffic,timeofday:America/Anchorage:day7-19:night1-5,AM,2.0-20.0,516.5667736193451,4774.23245969022,473.2878288707046,4734.418805942158,0.8394556103931939,5.7468311415538444,8.54295602132531,,,223.23593596182425,21.208139207263628
1793,,AM,R3130,00,EHZ,61.1981981981982,-149.90658980942584,2026-09-13T01:34:00.005000Z,2026-09-13T01:35:00.005000Z,100.0,100.0,60.0,,traffic,1,Traffic,timeofday:America/Anchorage:day7-19:night1-5,AM,2.0-20.0,831.5022510862724,5883.768848117765,787.9881105118056,5986.222123386507,0.8980747185262644,4.1002898766786355,4.29388387711159,,,223.23593596182425,26.81567417716391
1794,,AM,R3130,00,EHZ,61.1981981981982,-149.90658980942584,2026-09-13T01:35:00.005000Z,2026-09-13T01:36:00.005000Z,100.0,100.0,60.0,,traffic,1,Traffic,timeofday:America/Anchorage:day7-19:night1-5,AM,2.0-20.0,611.0388430047049,4335.22941285108,572.2591785641971,4707.014176086261,0.8770975479073381,5.245604233015743,3.4872952807195583,,,223.23593596182425,21.085378372464238
1795,,AM,R3130,00,EHZ,61.1981981981982,-149.90658980942584,2026-09-13T01:36:00.005000Z,2026-09-13T01:37:00.005000Z,100.0,100.0,60.0,,traffic,1,Traffic,timeofday:America/Anchorage:day7-19:night1-5,AM,2.0-20.0,672.1471531308604,4200.228236381992,595.4815310998338,3336.6908395855307,0.7848883187478736,3.2667582819919767,1.356077127291444,,,223.23593596182425,14.946925212597225
1796,,AM,R3130,00,EHZ,61.1981981981982,-149.90658980942584,2026-09-13T01:37:00.005000Z,2026-09-13T01:38:00.005000Z,100.0,100.0,60.0,,traffic,1,Traffic,timeofday:America/Anchorage:day7-19:night1-5,AM,2.0-20.0,757.2529581326384,5900.772784936049,695.2434658221076,6728.740892513383,0.8429307064463717,4.002834920344658,5.086340625316357,,,223.23593596182425,30.141835648110305
1797,,AM,R3130,00,EHZ,61.1981981981982,-149.90658980942584,2026-09-13T01:38:00.005000Z,2026-09-13T01:39:00.005000Z,100.0,100.0,60.0,,traffic,1,Traffic,timeofday:America/Anchorage:day7-19:night1-5,AM,2.0-20.0,1675.1065487473109,32434.226827744427,1627.713716397105,28304.815852206586,0.9442156044061387,7.204861288953303,65.16951320090128,,,223.23593596182425,126.7932769437579
1798,,AM,R3130,00,EHZ,61.1981981981982,-149.90658980942584,2026-09-13T01:39:00.005000Z,2026-09-13T01:40:00.005000Z,100.0,100.0,60.0,,traffic,1,Traffic,timeofday:America/Anchorage:day7-19:night1-5,AM,2.0-20.0,627.0015238666122,4376.2259066978695,570.2318966639239,3768.6815014977565,0.8271148539371976,3.0390166679749493,3.7806145010988645,,,223.23593596182425,16.882055683643344
1799,,AM,R3130,00,EHZ,61.1981981981982,-149.90658980942584,2026-09-13T01:40:00.005000Z,2026-09-13T01:41:00.005000Z,100.0,100.0,60.0,,traffic,1,Traffic,timeofday:America/Anchorage:day7-19:night1-5,AM,2.0-20.0,619.5964717286978,4088.2237967180477,583.0312667648527,3998.576099865664,0.8854536231768464,3.439526891625741,2.505445723774497,,,223.23593596182425,17.911883598120436
1800,,AM,R3130,00,EHZ,61.1981981981982,-149.90658980942584,2026-09-13T01:41:00.005000Z,2026-09-13T01:42:00.005000Z,100.0,100.0,60.0,,traffic,1,Traffic,timeofday:America/Anchorage:day7-19:night1-5,AM,2.0-20.0,573.5250716894798,4827.22291883101,497.5559457712648,4550.910045725661,0.7526256669617406,4.23234408382517,3.9557725058656334,,,223.23593596182425,20.386099693661848
1801,,AM,R3130,00,EHZ,61.1981981981982,-149.90658980942584,2026-09-13T01:42:00.005000Z,2026-09-13T01:43:00.005000Z,100.0,100.0,60.0,,traffic,1,Traffic,timeofday:America/Anchorage:day7-19:night1-5,AM,2.0-20.0,538.3337440395225,6398.222318504359,494.49591730444376,5646.846194354484,0.8437663744892749,4.612327851726247,8.463075801005255,,,223.23593596182425,25.29541746952496
1802,,AM,R3130,00,EHZ,61.1981981981982,-149.90658980942584,2026-09-13T01:43:00.005000Z,2026-09-13T01:44:00.005000Z,100.0,100.0,60.0,,traffic,1,Traffic,timeofday:America/Anchorage:day7-19:night1-5,AM,2.0-20.0,680.3400255761529,7629.220477713461,639.1226964726173,7093.5941930311365,0.8825035008612826,4.735669535812072,11.699732245437971,,,223.23593596182425,31.77621991041898
1803,,AM,R3130,00,EHZ,61.1981981981982,-149.90658980942584,2026-09-13T01:44:00.005000Z,2026-09-13T01:45:00.005000Z,100.0,100.0,60.0,,traffic,1,Traffic,timeofday:America/Anchorage:day7-19:night1-5,AM,2.0-20.0,635.1938039057322,5894.779721341238,586.2294353654141,4890.644128905344,0.851770777449288,4.633588164597705,3.5345561197391655,,,223.23593596182425,21.907960776268997
1804,,AM,R3130,00,EHZ,61.1981981981982,-149.90658980942584,2026-09-13T01:45:00.005000Z,2026-09-13T01:46:00.005000Z,100.0,100.0,60.0,,traffic,1,Traffic,timeofday:America/Anchorage:day7-19:night1-5,AM,2.0-20.0,731.9767423098526,5018.218418706525,696.2937236482306,5158.235258156829,0.9048787653284115,4.227500915377439,3.7029293027536845,,,223.23593596182425,23.10665277045244
1805,,AM,R3130,00,EHZ,61.1981981981982,-149.90658980942584,2026-09-13T01:46:00.005000Z,2026-09-13T01:47:00.005000Z,100.0,100.0,60.0,,traffic,1,Traffic,timeofday:America/Anchorage:day7-19:night1-5,AM,2.0-20.0,542.4309859202596,3300.2174764522674,503.1331792649211,3110.770957859544,0.8603535109710292,2.9720176505228686,2.102883114244083,,,223.23593596182425,13.934902301713285
1806,,AM,R3130,00,EHZ,61.1981981981982,-149.90658980942584,2026-09-13T01:47:00.005000Z,2026-09-13T01:48:00.005000Z,100.0,100.0,60.0,,traffic,1,Traffic,timeofday:America/Anchorage:day7-19:night1-5,AM,2.0-20.0,643.9249024561284,4922.783935347845,608.7254130596302,4516.051616170239,0.8936602159395421,3.8562040752696563,3.8234677859503305,,,223.23593596182425,20.229949074787548
1807,,AM,R3130,00,EHZ,61.1981981981982,-149.90658980942584,2026-09-13T01:48:00.005000Z,2026-09-13T01:49:00.005000Z,100.0,100.0,60.0,,traffic,1,Traffic,timeofday:America/Anchorage:day7-19:night1-5,AM,2.0-20.0,720.3800708998704,7220.784683942344,683.2141711034823,6684.5692876927105,0.8994775997070297,5.700856703750227,9.47799368974085,,,223.23593596182425,29.943966050501132
1808,,AM,R3130,00,EHZ,61.1981981981982,-149.90658980942584,2026-09-13T01:49:00.005000Z,2026-09-13T01:50:00.005000Z,100.0,100.0,60.0,,traffic,1,Traffic,timeofday:America/Anchorage:day7-19:night1-5,AM,2.0-20.0,663.1804412147169,5613.21391541949,629.3140001866554,5189.400044728989,0.9004743952837904,5.678063665251676,11.272395922466819,,,223.23593596182425,23.246257473601528
1809,,AM,R3130,00,EHZ,61.1981981981982,-149.90658980942584,2026-09-13T01:50:00.005000Z,2026-09-13T01:51:00.005000Z,100.0,100.0,60.0,,traffic,1,Traffic,timeofday:America/Anchorage:day7-19:night1-5,AM,2.0-20.0,729.137750898669,4113.786737554339,697.5214582313963,3628.37461541053,0.9151577810097409,3.6696756416976424,1.3166637197669058,,,223.23593596182425,16.253541795488612
1810,,AM,R3130,00,EHZ,61.1981981981982,-149.90658980942584,2026-09-13T01:51:00.005000Z,2026-09-13T01:52:00.005000Z,100.0,100.0,60.0,,traffic,1,Traffic,timeofday:America/Anchorage:day7-19:night1-5,AM,2.0-20.0,471.2883895361559,4813.788270833627,432.71305219005063,4087.8482104867917,0.8429979315170186,4.607155745831366,6.8890418268473415,,,223.23593596182425,18.311783866132814
1811,,AM,R3130,00,EHZ,61.1981981981982,-149.90658980942584,2026-09-13T01:52:00.005000Z,2026-09-13T01:53:00.005000Z,100.0,100.0,60.0,,traffic,1,Traffic,timeofday:America/Anchorage:day7-19:night1-5,AM,2.0-20.0,477.34369289895886,2881.7894655338955,448.83946033445744,3465.033145320487,0.8841372445709448,3.2051629479835846,2.512436285434074,,,223.23593596182425,15.521842979228241
1812,,AM,R3130,00,EHZ,61.1981981981982,-149.90658980942584,2026-09-13T01:53:00.005000Z,2026-09-13T01:54:00.005000Z,100.0,100.0,60.0,,traffic,1,Traffic,timeofday:America/Anchorage:day7-19:night1-5,AM,2.0-20.0,474.0075419663219,3120.7899737744942,439.1442228481888,3408.3159896800366,0.8583093507343563,3.4413713048414123,2.6199448010119006,,,223.23593596182425,15.26777476482503
1813,,AM,R3130,00,EHZ,61.1981981981982,-149.90658980942584,2026-09-13T01:54:00.005000Z,2026-09-13T01:55:00.005000Z,100.0,100.0,60.0,,traffic,1,Traffic,timeofday:America/Anchorage:day7-19:night1-5,AM,2.0-20.0,607.0782409165726,4365.208863150754,545.9413892296279,3987.6167274655145,0.8087284234191425,3.613771497431763,2.1151397717254667,,,223.23593596182425,17.86279037147245
1814,,AM,R3130,00,EHZ,61.1981981981982,-149.90658980942584,2026-09-13T01:55:00.005000Z,2026-09-13T01:56:00.005000Z,100.0,100.0,60.0,,traffic,1,Traffic,timeofday:America/Anchorage:day7-19:night1-5,AM,2.0-20.0,762.8530124545298,6713.207841832713,722.3545760471326,6408.897849596888,0.8966420982077342,4.527267022557388,6.796784105363717,,,223.23593596182425,28.709077783484098
1815,,AM,R3130,00,EHZ,61.1981981981982,-149.90658980942584,2026-09-13T01:56:00.005000Z,2026-09-13T01:57:00.005000Z,100.0,100.0,60.0,,traffic,1,Traffic,timeofday:America/Anchorage:day7-19:night1-5,AM,2.0-20.0,844.4893476216272,3841.7937279089333,792.0471023262328,3802.1517666802965,0.8796576165513132,5.251506810434583,1.410043123926882,,,223.23593596182425,17.031987929266485
1816,,AM,R3130,00,EHZ,61.1981981981982,-149.90658980942584,2026-09-13T01:57:00.005000Z,2026-09-13T01:58:00.005000Z,100.0,100.0,60.0,,traffic,1,Traffic,timeofday:America/Anchorage:day7-19:night1-5,AM,2.0-20.0,943.9224781285579,6785.794296051974,902.1360596343656,6800.019771429031,0.9134219178851448,5.3760764481115135,3.848633072497414,,,223.23593596182425,30.46113405590714
1817,,AM,R3130,00,EHZ,61.1981981981982,-149.90658980942584,2026-09-13T01:58:00.005000Z,2026-09-13T01:59:00.005000Z,100.0,100.0,60.0,,traffic,1,Traffic,timeofday:America/Anchorage:day7-19:night1-5,AM,2.0-20.0,726.1421548916874,5228.204627750418,687.0880359169369,4327.9556338207885,0.8953265708026136,3.486256434065395,3.6602041131684047,,,223.23593596182425,19.38736079911845
1818,,AM,R3130,00,EHZ,61.1981981981982,-149.90658980942584,2026-09-13T01:59:00.005000Z,2026-09-13T02:00:00.005000Z,100.0,100.0,60.0,,traffic,1,Traffic,timeofday:America/Anchorage:day7-19:night1-5,AM,2.0-20.0,667.597752750585,4225.796481560963,634.5318702353331,3583.007823730867,0.9033938877077131,3.419097459547698,2.2709636509835756,,,223.23593596182425,16.0503182800443
1819,,AM,R3130,00,EHZ,61.1981981981982,-149.90658980942584,2026-09-13T02:00:00.005000Z,2026-09-13T02:01:00.005000Z,100.0,100.0,60.0,,traffic,1,Traffic,timeofday:America/Anchorage:day7-19:night1-5,AM,2.0-20.0,672.233423982448,4497.79750101868,630.7663298579638,4696.808076706846,0.880433991340292,3.8916249405000074,4.728223442304745,,,223.23593596182425,21.03965948166182
1820,,AM,R3130,00,EHZ,61.1981981981982,-149.90658980942584,2026-09-13T02:01:00.005000Z,2026-09-13T02:02:00.005000Z,100.0,100.0,60.0,,traffic,1,Traffic,timeofday:America/Anchorage:day7-19:night1-5,AM,2.0-20.0,1267.8375705389844,8694.799355762008,1239.7995200454243,8564.091110742782,0.9562593468502516,6.955970049669322,5.550361379100119,,,223.23593596182425,38.363407189993524
1821,,AM,R3130,00,EHZ,61.1981981981982,-149.90658980942584,2026-09-13T02:02:00.005000Z,2026-09-13T02:03:00.005000Z,100.0,100.0,60.0,,traffic,1,Traffic,timeofday:America/Anchorage:day7-19:night1-5,AM,2.0-20.0,649.99883731661,6197.799728943062,619.3294888267328,5366.828450678622,0.9078589063843007,3.0732905197099107,6.788440185984463,,,223.23593596182425,24.041059641922562
1822,,AM,R3130,00,EHZ,61.1981981981982,-149.90658980942584,2026-09-13T02:03:00.005000Z,2026-09-13T02:04:00.005000Z,100.0,100.0,60.0,,traffic,1,Traffic,timeofday:America/Anchorage:day7-19:night1-5,AM,2.0-20.0,591.3005136291126,2869.8010776781816,547.9833354814741,2629.4007903579895,0.8588517215830048,3.6274642872587237,1.419991458981638,,,223.23593596182425,11.778573100379525
1823,,AM,R3130,00,EHZ,61.1981981981982,-149.90658980942584,2026-09-13T02:04:00.005000Z,2026-09-13T02:05:00.005000Z,100.0,100.0,60.0,,traffic,1,Traffic,timeofday:America/Anchorage:day7-19:night1-5,AM,2.0-20.0,622.1784323590124,2916.802088392375,577.5729229410165,2753.912314802831,0.8617548678034472,2.6208560877980895,1.0714398720864748,,,223.23593596182425,12.336330631255443
1824,,AM,R3130,00,EHZ,61.1981981981982,-149.90658980942584,2026-09-13T02:05:00.005000Z,2026-09-13T02:06:00.005000Z,100.0,100.0,60.0,,traffic,1,Traffic,timeofday:America/Anchorage:day7-19:night1-5,AM,2.0-20.0,624.8071173813614,5443.803766032828,582.1076323093854,5076.035576398801,0.867989858551006,6.062428909767333,6.4833706562455,,,223.23593596182425,22.738433910868444
1825,,AM,R3130,00,EHZ,61.1981981981982,-149.90658980942584,2026-09-13T02:06:00.005000Z,2026-09-13T02:07:00.005000Z,100.0,100.0,60.0,,traffic,1,Traffic,timeofday:America/Anchorage:day7-19:night1-5,AM,2.0-20.0,708.3678228551457,4166.194749242348,678.0351351491496,3456.184165965131,0.9161925321239948,4.541208636785291,1.5873947808687845,,,223.23593596182425,15.482203396482614
1826,,AM,R3130,00,EHZ,61.1981981981982,-149.90658980942584,2026-09-13T02:07:00.005000Z,2026-09-13T02:08:00.005000Z,100.0,100.0,60.0,,traffic,1,Traffic,timeofday:America/Anchorage:day7-19:night1-5,AM,2.0-20.0,872.1098529231937,5355.1943429475195,840.2268262211295,5459.5414402552815,0.9282195269183267,3.5428389058015424,3.8246227333821654,,,223.23593596182425,24.456373552638595
1827,,AM,R3130,00,EHZ,61.1981981981982,-149.90658980942584,2026-09-13T02:08:00.005000Z,2026-09-13T02:09:00.005000Z,100.0,100.0,60.0,,traffic,1,Traffic,timeofday:America/Anchorage:day7-19:night1-5,AM,2.0-20.0,491.09884406095745,3137.1926310770973,455.2080633603959,2779.1889122542902,0.8591758652163406,3.2549822409621405,1.1693532030326734,,,223.23593596182425,12.449558805485339
1828,,AM,R3130,00,EHZ,61.1981981981982,-149.90658980942584,2026-09-13T02:09:00.005000Z,2026-09-13T02:10:00.005000Z,100.0,100.0,60.0,,traffic,1,Traffic,timeofday:America/Anchorage:day7-19:night1-5,AM,2.0-20.0,938.6831881331344,5837.808278993551,904.8082388293033,5983.254658172962,0.9291268563394468,3.3298047439781815,2.910357877985641,,,223.23593596182425,26.802381222332247
1829,,AM,R3130,00,EHZ,61.1981981981982,-149.90658980942584,2026-09-13T02:10:00.005000Z,2026-09-13T02:11:00.005000Z,100.0,100.0,60.0,,traffic,1,Traffic,timeofday:America/Anchorage:day7-19:night1-5,AM,2.0-20.0,1298.358595293477,17512.190670481315,1278.7639757783093,15960.514521272817,0.9700440846474805,6.3170064182034915,24.930132403277938,,,223.23593596182425,71.49617041945359
1830,,AM,R3130,00,EHZ,61.1981981981982,-149.90658980942584,2026-09-13T02:11:00.005000Z,2026-09-13T02:12:00.005000Z,100.0,100.0,60.0,,traffic,1,Traffic,timeofday:America/Anchorage:day7-19:night1-5,AM,2.0-20.0,731.2725647533694,5362.810600306213,700.9426634577349,4986.646599292073,0.9187692012761871,3.7822894023342863,3.576079040874757,,,223.23593596182425,22.338010131777544
1831,,AM,R3130,00,EHZ,61.1981981981982,-149.90658980942584,2026-09-13T02:12:00.005000Z,2026-09-13T02:13:00.005000Z,100.0,100.0,60.0,,traffic,1,Traffic,timeofday:America/Anchorage:day7-19:night1-5,AM,2.0-20.0,1434.9252857052093,17095.18815067205,1395.6810699518453,18243.62133144598,0.9460493657230282,5.111607259751992,18.905178615585196,,,223.23593596182425,81.7234969488328
1832,,AM,R3130,00,EHZ,61.1981981981982,-149.90658980942584,2026-09-13T02:13:00.005000Z,2026-09-13T02:14:00.005000Z,100.0,100.0,60.0,,traffic,1,Traffic,timeofday:America/Anchorage:day7-19:night1-5,AM,2.0-20.0,629.1822330590857,4604.811973225547,590.8652671714337,4335.180312797209,0.8819095028690733,5.295518842052872,5.328698323674729,,,223.23593596182425,19.41972422190382
1833,,AM,R3130,00,EHZ,61.1981981981982,-149.90658980942584,2026-09-13T02:14:00.005000Z,2026-09-13T02:15:00.005000Z,100.0,100.0,60.0,,traffic,1,Traffic,timeofday:America/Anchorage:day7-19:night1-5,AM,2.0-20.0,574.001878824818,5419.186547444569,541.0375177324565,5600.417632072813,0.8884400664165996,4.766866006739805,6.559153152875563,,,223.23593596182425,25.087437683109158
1834,,AM,R3130,00,EHZ,61.1981981981982,-149.90658980942584,2026-09-13T02:15:00.005000Z,2026-09-13T02:16:00.005000Z,100.0,100.0,60.0,,traffic,1,Traffic,timeofday:America/Anchorage:day7-19:night1-5,AM,2.0-20.0,705.5937363201774,4707.1857869439955,658.885598594832,5379.418292279795,0.8719881773695217,4.750508121148609,3.1074557978109736,,,223.23593596182425,24.097456662173485
1835,,AM,R3130,00,EHZ,61.1981981981982,-149.90658980942584,2026-09-13T02:16:00.005000Z,2026-09-13T02:17:00.005000Z,100.0,100.0,60.0,,traffic,1,Traffic,timeofday:America/Anchorage:day7-19:night1-5,AM,2.0-20.0,757.7623777419393,8388.81561053162,719.1257435346822,8914.415346269514,0.9006241616515264,4.172932372578909,9.053469501756824,,,223.23593596182425,39.93270755383208
1836,,AM,R3130,00,EHZ,61.1981981981982,-149.90658980942584,2026-09-13T02:17:00.005000Z,2026-09-13T02:18:00.005000Z,100.0,100.0,60.0,,traffic,1,Traffic,timeofday:America/Anchorage:day7-19:night1-5,AM,2.0-20.0,510.71302415668805,3183.8175227589695,474.70940045161717,3008.674635066332,0.8639762359977863,4.136292302172576,2.300708787672816,,,223.23593596182425,13.47755513512326
1837,,AM,R3130,00,EHZ,61.1981981981982,-149.90658980942584,2026-09-13T02:18:00.005000Z,2026-09-13T02:19:00.005000Z,100.0,100.0,60.0,,traffic,1,Traffic,timeofday:America/Anchorage:day7-19:night1-5,AM,2.0-20.0,961.1076491630778,7699.181795432174,922.5872868878756,6796.972777564528,0.9214480689502892,5.652266013878345,5.204692024572081,,,223.23593596182425,30.44748484727335
1838,,AM,R3130,00,EHZ,61.1981981981982,-149.90658980942584,2026-09-13T02:19:00.005000Z,2026-09-13T02:20:00.005000Z,100.0,100.0,60.0,,traffic,1,Traffic,timeofday:America/Anchorage:day7-19:night1-5,AM,2.0-20.0,636.2419476283982,4921.819600927245,591.913641496093,4654.924038306099,0.86551002043097,4.115078009387146,5.224179582661463,,,223.23593596182425,20.852037187696073
1839,,AM,R3130,00,EHZ,61.1981981981982,-149.90658980942584,2026-09-13T02:20:00.005000Z,2026-09-13T02:21:00.005000Z,100.0,100.0,60.0,,traffic,1,Traffic,timeofday:America/Anchorage:day7-19:night1-5,AM,2.0-20.0,774.468090977307,6082.17979632768,734.3316064052478,5331.930969678426,0.8990366245609311,4.979172786739871,5.359119554609181,,,223.23593596182425,23.884734089543016
1840,,AM,R3130,00,EHZ,61.1981981981982,-149.90658980942584,2026-09-13T02:21:00.005000Z,2026-09-13T02:22:00.005000Z,100.0,100.0,60.0,,traffic,1,Traffic,timeofday:America/Anchorage:day7-19:night1-5,AM,2.0-20.0,966.8171677916802,7919.821464972196,932.0876104728903,7769.664693789584,0.9294472855053636,5.3426694845036335,6.628088020981794,,,223.23593596182425,34.80472200998266
1841,,AM,R3130,00,EHZ,61.1981981981982,-149.90658980942584,2026-09-13T02:22:00.005000Z,2026-09-13T02:23:00.005000Z,100.0,100.0,60.0,,traffic,1,Traffic,timeofday:America/Anchorage:day7-19:night1-5,AM,2.0-20.0,880.3341920419041,4838.177666256357,771.6225775147738,4747.585801213279,0.7682714823702318,3.5501761217883354,1.6714357709665473,,,223.23593596182425,21.267121625190164
1842,,AM,R3130,00,EHZ,61.1981981981982,-149.90658980942584,2026-09-13T02:23:00.005000Z,2026-09-13T02:24:00.005000Z,100.0,100.0,60.0,,traffic,1,Traffic,timeofday:America/Anchorage:day7-19:night1-5,AM,2.0-20.0,726.3416216137124,3465.823679874308,631.9055140342527,3058.007491789786,0.756871979864197,2.4621530637632065,0.6576863134816144,,,223.23593596182425,13.698544898760108
1843,,AM,R3130,00,EHZ,61.1981981981982,-149.90658980942584,2026-09-13T02:24:00.005000Z,2026-09-13T02:25:00.005000Z,100.0,100.0,60.0,,traffic,1,Traffic,timeofday:America/Anchorage:day7-19:night1-5,AM,2.0-20.0,795.9291632883783,5930.17477587049,734.7247610550763,5818.806753735784,0.8521195258533103,4.546626189750253,3.627278471066549,,,223.23593596182425,26.065726060928032
1844,,AM,R3130,00,EHZ,61.1981981981982,-149.90658980942584,2026-09-13T02:25:00.005000Z,2026-09-13T02:26:00.005000Z,100.0,100.0,60.0,,traffic,1,Traffic,timeofday:America/Anchorage:day7-19:night1-5,AM,2.0-20.0,661.828408946045,3834.825940726431,627.316001259928,3927.998335369318,0.8984251903238378,3.7172665177163693,1.5138256894645892,,,223.23593596182425,17.595725878296978
1845,,AM,R3130,00,EHZ,61.1981981981982,-149.90658980942584,2026-09-13T02:26:00.005000Z,2026-09-13T02:27:00.005000Z,100.0,100.0,60.0,,traffic,1,Traffic,timeofday:America/Anchorage:day7-19:night1-5,AM,2.0-20.0,706.673067869584,3994.1728331338213,665.6298271234524,3773.684386557037,0.8872141688710324,3.5075878224342807,2.4517981763154397,,,223.23593596182425,16.90446643502047
1846,,AM,R3130,00,EHZ,61.1981981981982,-149.90658980942584,2026-09-13T02:27:00.005000Z,2026-09-13T02:28:00.005000Z,100.0,100.0,60.0,,traffic,1,Traffic,timeofday:America/Anchorage:day7-19:night1-5,AM,2.0-20.0,758.2302373845131,7204.171400312045,715.9460773678668,6568.397234469683,0.8915761217525486,3.9366341289001108,9.303102602921836,,,223.23593596182425,29.423565727307228
1847,,AM,R3130,00,EHZ,61.1981981981982,-149.90658980942584,2026-09-13T02:28:00.005000Z,2026-09-13T02:29:00.005000Z,100.0,100.0,60.0,,traffic,1,Traffic,timeofday:America/Anchorage:day7-19:night1-5,AM,2.0-20.0,542.8520479524063,2793.8294117195114,506.8322547826809,2481.1847524300965,0.8716969571563172,3.317819930021673,0.6635588137506638,,,223.23593596182425,11.114629648402154
1848,,AM,R3130,00,EHZ,61.1981981981982,-149.90658980942584,2026-09-13T02:29:00.005000Z,2026-09-13T02:30:00.005000Z,100.0,100.0,60.0,,traffic,1,Traffic,timeofday:America/Anchorage:day7-19:night1-5,AM,2.0-20.0,750.9943242229754,10277.169630213473,719.6227948484635,8347.779755174743,0.918198362223942,6.590750219218158,13.087183782072973,,,223.23593596182425,37.39442630151761
1849,,AM,R3130,00,EHZ,61.1981981981982,-149.90658980942584,2026-09-13T02:30:00.005000Z,2026-09-13T02:31:00.005000Z,100.0,100.0,60.0,,traffic,1,Traffic,timeofday:America/Anchorage:day7-19:night1-5,AM,2.0-20.0,997.5765507237006,8743.168389563198,967.9977765968613,8497.14675809376,0.9415778980605612,2.96166948544544,4.620685055568691,,,223.23593596182425,38.06352557657591
1850,,AM,R3130,00,EHZ,61.1981981981982,-149.90658980942584,2026-09-13T02:31:00.005000Z,2026-09-13T02:32:00.005000Z,100.0,100.0,60.0,,traffic,1,Traffic,timeofday:America/Anchorage:day7-19:night1-5,AM,2.0-20.0,457.17789287900405,2868.167706638145,429.5597042338135,2938.4186233375854,0.8828290715913226,2.5270603084533034,2.725055978773111,,,223.23593596182425,13.162838727901258
1851,,AM,R3130,00,EHZ,61.1981981981982,-149.90658980942584,2026-09-13T02:32:00.005000Z,2026-09-13T02:33:00.005000Z,100.0,100.0,60.0,,traffic,1,Traffic,timeofday:America/Anchorage:day7-19:night1-5,AM,2.0-20.0,604.3424846450276,4597.165782690754,574.191479750633,5086.785504839854,0.9027078853945282,5.260035746102078,7.416854987280015,,,223.23593596182425,22.786588919580353
1852,,AM,R3130,00,EHZ,61.1981981981982,-149.90658980942584,2026-09-13T02:33:00.005000Z,2026-09-13T02:34:00.005000Z,100.0,100.0,60.0,,traffic,1,Traffic,timeofday:America/Anchorage:day7-19:night1-5,AM,2.0-20.0,637.9421604673547,5064.83430027971,603.2447570262733,5061.773823216693,0.8941790745088933,3.832213013513566,5.0730985177869705,,,223.23593596182425,22.674547453158755
1853,,AM,R3130,00,EHZ,61.1981981981982,-149.90658980942584,2026-09-13T02:34:00.005000Z,2026-09-13T02:35:00.005000Z,100.0,100.0,60.0,,traffic,1,Traffic,timeofday:America/Anchorage:day7-19:night1-5,AM,2.0-20.0,499.07716244917447,3717.8355788806025,468.8214580734577,3820.2877819092623,0.8824285851300039,4.936842751185849,3.863270923927513,,,223.23593596182425,17.113229397629656
1854,,AM,R3130,00,EHZ,61.1981981981982,-149.90658980942584,2026-09-13T02:35:00.005000Z,2026-09-13T02:36:00.005000Z,100.0,100.0,60.0,,traffic,1,Traffic,timeofday:America/Anchorage:day7-19:night1-5,AM,2.0-20.0,448.9673202911732,3685.1624054580184,414.5403609139789,3363.0943074472534,0.8525192249448607,5.308261192641979,3.5682763713422574,,,223.23593596182425,15.065201276654573
1855,,AM,R3130,00,EHZ,61.1981981981982,-149.90658980942584,2026-09-13T02:36:00.005000Z,2026-09-13T02:37:00.005000Z,100.0,100.0,60.0,,traffic,1,Traffic,timeofday:America/Anchorage:day7-19:night1-5,AM,2.0-20.0,434.5284937384492,1993.1621864978474,404.71827007321446,2031.4092153829474,0.8674992338178333,2.221652897455995,0.7504423531336375,,,223.23593596182425,9.099830664048374
1856,,AM,R3130,00,EHZ,61.1981981981982,-149.90658980942584,2026-09-13T02:37:00.005000Z,2026-09-13T02:38:00.005000Z,100.0,100.0,60.0,,traffic,1,Traffic,timeofday:America/Anchorage:day7-19:night1-5,AM,2.0-20.0,2742.2578712390114,24174.839516256987,2716.910965895481,24028.80550901017,0.981599277086531,6.015193716384564,14.248175075051428,,,223.23593596182425,107.63860847708388
1857,,AM,R3130,00,EHZ,61.1981981981982,-149.90658980942584,2026-09-13T02:38:00.005000Z,2026-09-13T02:39:00.005000Z,100.0,100.0,60.0,,traffic,1,Traffic,timeofday:America/Anchorage:day7-19:night1-5,AM,2.0-20.0,974.920651301429,6658.159460750681,937.6637550574545,6492.428156460238,0.9250297872960351,5.404307641817417,3.353294875683929,,,223.23593596182425,29.083257265400643
1858,,AM,R3130,00,EHZ,61.1981981981982,-149.90658980942584,2026-09-13T02:39:00.005000Z,2026-09-13T02:40:00.005000Z,100.0,100.0,60.0,,traffic,1,Traffic,timeofday:America/Anchorage:day7-19:night1-5,AM,2.0-20.0,621.4804419807522,4269.158996041671,584.7562866344258,4052.7876036852117,0.8853089755162125,1.9082425005998163,3.5297027627930335,,,223.23593596182425,18.15472758103911
1859,,AM,R3130,00,EHZ,61.1981981981982,-149.90658980942584,2026-09-13T02:40:00.005000Z,2026-09-13T02:41:00.005000Z,100.0,100.0,60.0,,traffic,1,Traffic,timeofday:America/Anchorage:day7-19:night1-5,AM,2.0-20.0,455.9616749431303,3493.157081953999,429.41489899862364,4048.9228916450015,0.8869467294846068,5.768273956364104,6.645896925603232,,,223.23593596182425,18.137415350266057
1860,,AM,R3130,00,EHZ,61.1981981981982,-149.90658980942584,2026-09-13T02:41:00.005000Z,2026-09-13T02:42:00.005000Z,100.0,100.0,60.0,,traffic,1,Traffic,timeofday:America/Anchorage:day7-19:night1-5,AM,2.0-20.0,516.7011634492973,3020.843460516568,487.60457398979247,2984.644509649731,0.8905466265995012,4.175287502687862,2.475140428366257,,,223.23593596182425,13.369910614033653
1861,,AM,R3130,00,EHZ,61.1981981981982,-149.90658980942584,2026-09-13T02:42:00.005000Z,2026-09-13T02:43:00.005000Z,100.0,100.0,60.0,,traffic,1,Traffic,timeofday:America/Anchorage:day7-19:night1-5,AM,2.0-20.0,570.6389731835461,4197.155563929369,521.7677502141429,3849.8561675216265,0.8360487574536922,3.8980293146854965,3.621152590273227,,,223.23593596182425,17.245682918094303
1862,,AM,R3130,00,EHZ,61.1981981981982,-149.90658980942584,2026-09-13T02:43:00.005000Z,2026-09-13T02:44:00.005000Z,100.0,100.0,60.0,,traffic,1,Traffic,timeofday:America/Anchorage:day7-19:night1-5,AM,2.0-20.0,454.1171983793512,3854.1539930715294,420.0127828580136,3196.710760824626,0.8554391386065462,3.605367762839999,2.474643308012123,,,223.23593596182425,14.319875279270887
1863,,AM,R3130,00,EHZ,61.1981981981982,-149.90658980942584,2026-09-13T02:44:00.005000Z,2026-09-13T02:45:00.005000Z,100.0,100.0,60.0,,traffic,1,Traffic,timeofday:America/Anchorage:day7-19:night1-5,AM,2.0-20.0,455.1048998697314,3185.8467021316633,426.4515341178243,2949.396927370709,0.8780441211437774,3.874493589515284,2.3405198299134966,,,223.23593596182425,13.21201676003942
1864,,AM,R3130,00,EHZ,61.1981981981982,-149.90658980942584,2026-09-13T02:45:00.005000Z,2026-09-13T02:46:00.005000Z,100.0,100.0,60.0,,traffic,1,Traffic,timeofday:America/Anchorage:day7-19:night1-5,AM,2.0-20.0,468.11886967329457,3449.151880673285,438.11106367519966,2978.9698958886447,0.8759032662012256,3.283526677155863,4.5386844237127475,,,223.23593596182425,13.344490809929816
1865,,AM,R3130,00,EHZ,61.1981981981982,-149.90658980942584,2026-09-13T02:46:00.005000Z,2026-09-13T02:47:00.005000Z,100.0,100.0,60.0,,traffic,1,Traffic,timeofday:America/Anchorage:day7-19:night1-5,AM,2.0-20.0,744.517246992305,10906.150138851643,717.694932635521,9193.123399892005,0.9292450025518243,7.282408662128069,14.991250955812337,,,223.23593596182425,41.18119853903866
1866,,AM,R3130,00,EHZ,61.1981981981982,-149.90658980942584,2026-09-13T02:47:00.005000Z,2026-09-13T02:48:00.005000Z,100.0,100.0,60.0,,traffic,1,Traffic,timeofday:America/Anchorage:day7-19:night1-5,AM,2.0-20.0,1043.3713944009273,8440.149783529701,1015.2806596068856,7109.769782405554,0.9468787607421478,4.146265348332513,5.723695490525856,,,223.23593596182425,31.8486795227333
1867,,AM,R3130,00,EHZ,61.1981981981982,-149.90658980942584,2026-09-13T02:48:00.005000Z,2026-09-13T02:49:00.005000Z,100.0,100.0,60.0,,traffic,1,Traffic,timeofday:America/Anchorage:day7-19:night1-5,AM,2.0-20.0,699.201322351935,4946.148523159987,673.4815857630515,4134.595246123725,0.9277841943652118,3.957441956558785,2.1946195276547407,,,223.23593596182425,18.52119027480766
1868,,AM,R3130,00,EHZ,61.1981981981982,-149.90658980942584,2026-09-13T02:49:00.005000Z,2026-09-13T02:50:00.005000Z,100.0,100.0,60.0,,traffic,1,Traffic,timeofday:America/Anchorage:day7-19:night1-5,AM,2.0-20.0,901.329737894913,6833.852340216521,870.874036829302,7008.332770790802,0.9335622588798667,4.190311578829209,3.187631537229767,,,223.23593596182425,31.39428578376065
1869,,AM,R3130,00,EHZ,61.1981981981982,-149.90658980942584,2026-09-13T02:50:00.005000Z,2026-09-13T02:51:00.005000Z,100.0,100.0,60.0,,traffic,1,Traffic,timeofday:America/Anchorage:day7-19:night1-5,AM,2.0-20.0,1113.1304907348174,6838.853996277214,1087.3102653677654,6343.362569524429,0.9541459657786363,4.60453418493005,3.118666338765977,,,223.23593596182425,28.415508202985798
1870,,AM,R3130,00,EHZ,61.1981981981982,-149.90658980942584,2026-09-13T02:51:00.005000Z,2026-09-13T02:52:00.005000Z,100.0,100.0,60.0,,traffic,1,Traffic,timeofday:America/Anchorage:day7-19:night1-5,AM,2.0-20.0,830.2188617499672,5207.144968824377,791.9834168538082,5362.5002566082785,0.9100117174696876,4.955066508265526,3.601067639251058,,,223.23593596182425,24.021671213031418
1871,,AM,R3130,00,EHZ,61.1981981981982,-149.90658980942584,2026-09-13T02:52:00.005000Z,2026-09-13T02:53:00.005000Z,100.0,100.0,60.0,,traffic,1,Traffic,timeofday:America/Anchorage:day7-19:night1-5,AM,2.0-20.0,671.1976442818376,3611.8565309690734,637.513040606699,3494.485856480229,0.9021469779023276,3.6798197308723153,1.6319111109436975,,,223.23593596182425,15.653778328404185
1872,,AM,R3130,00,EHZ,61.1981981981982,-149.90658980942584,2026-09-13T02:53:00.005000Z,2026-09-13T02:54:00.005000Z,100.0,100.0,60.0,,traffic,1,Traffic,timeofday:America/Anchorage:day7-19:night1-5,AM,2.0-20.0,535.787615425208,4137.143149241179,498.25742152531006,3148.154607323988,0.8648130029289285,3.2947776448132737,1.9479154677752808,,,223.23593596182425,14.102364808604813
1873,,AM,R3130,00,EHZ,61.1981981981982,-149.90658980942584,2026-09-13T02:54:00.005000Z,2026-09-13T02:55:00.005000Z,100.0,100.0,60.0,,traffic,1,Traffic,timeofday:America/Anchorage:day7-19:night1-5,AM,2.0-20.0,615.2791344765727,4087.1418451538443,585.5820276564789,3955.1395134764407,0.9057974702775548,3.6011329178735156,3.576747412584189,,,223.23593596182425,17.717306563728215
1874,,AM,R3130,00,EHZ,61.1981981981982,-149.90658980942584,2026-09-13T02:55:00.005000Z,2026-09-13T02:56:00.005000Z,100.0,100.0,60.0,,traffic,1,Traffic,timeofday:America/Anchorage:day7-19:night1-5,AM,2.0-20.0,831.6229518881753,7869.140732493879,802.5775930640262,6663.952846926048,0.9313676035789389,5.44027694847562,7.634881951298867,,,223.23593596182425,29.851613353441692
1875,,AM,R3130,00,EHZ,61.1981981981982,-149.90658980942584,2026-09-13T02:56:00.005000Z,2026-09-13T02:57:00.005000Z,100.0,100.0,60.0,,traffic,1,Traffic,timeofday:America/Anchorage:day7-19:night1-5,AM,2.0-20.0,739.0635225656632,4598.860048470262,694.212016323462,5004.759478154657,0.8823090180977786,4.140937585384934,3.937844224343187,,,223.23593596182425,22.419147959271776
1876,,AM,R3130,00,EHZ,61.1981981981982,-149.90658980942584,2026-09-13T02:57:00.005000Z,2026-09-13T02:58:00.005000Z,100.0,100.0,60.0,,traffic,1,Traffic,timeofday:America/Anchorage:day7-19:night1-5,AM,2.0-20.0,782.8415423821131,5998.138821940822,752.3342230932112,5952.148489720315,0.9235786992451966,5.578111073902532,5.369162775307686,,,223.23593596182425,26.663039102889766
1877,,AM,R3130,00,EHZ,61.1981981981982,-149.90658980942584,2026-09-13T02:58:00.005000Z,2026-09-13T02:59:00.005000Z,100.0,100.0,60.0,,traffic,1,Traffic,timeofday:America/Anchorage:day7-19:night1-5,AM,2.0-20.0,647.1542655557034,5796.137589662005,609.2030371884825,5687.183033663334,0.8861525337272851,6.010895161607598,9.271601739111606,,,223.23593596182425,25.47610898379687
1878,,AM,R3130,00,EHZ,61.1981981981982,-149.90658980942584,2026-09-13T02:59:00.005000Z,2026-09-13T03:00:00.005000Z,100.0,100.0,60.0,,traffic,1,Traffic,timeofday:America/Anchorage:day7-19:night1-5,AM,2.0-20.0,628.4377315808542,4775.13600689809,594.1693462121449,4312.766631170122,0.8939144962056325,4.120897452974373,4.639061175953567,,,223.23593596182425,19.319320666667448
