window_id,event_id,network,station,location,channel,latitude,longitude,start_time,end_time,sampling_rate,native_sampling_rate,window_len_sec,p_offset_sec,window_type,label,label_name,label_method,source,bandpass_hz,rms,peak,rms_band,peak_band,band_ratio,stalta_band_max,kurtosis_band,reviewed,review_label,night_rms_ref,burst_ratio
0,,AM,R1796,00,EHZ,61.1981981981982,-149.91291617029023,2026-09-09T09:00:59.996000Z,2026-09-09T09:01:59.996000Z,100.0,100.0,60.0,,noise,0,Noise,timeofday:America/Anchorage:day7-19:night1-5,AM,2.0-20.0,196.20354946450806,974.1205658430856,167.24856991644546,1021.5190319959122,0.7266262888269728,2.8704648180575365,0.8573599552936462,,,266.39065574664994,3.834665405709369
1,,AM,R1796,00,EHZ,61.1981981981982,-149.91291617029023,2026-09-09T09:01:59.996000Z,2026-09-09T09:02:59.996000Z,100.0,100.0,60.0,,noise,0,Noise,timeofday:America/Anchorage:day7-19:night1-5,AM,2.0-20.0,292.8338478627399,1812.121131386598,266.1262549616196,2046.6833670261005,0.8259103270191135,4.439724383312541,3.3976955688698256,,,266.39065574664994,7.683014861349314
2,,AM,R1796,00,EHZ,61.1981981981982,-149.91291617029023,2026-09-09T09:02:59.996000Z,2026-09-09T09:03:59.996000Z,100.0,100.0,60.0,,traffic,1,Traffic,timeofday:America/Anchorage:day7-19:night1-5+burst>=20x,AM,2.0-20.0,358.4122754468453,4825.877198125377,326.13864525096153,5401.5871726051155,0.8280160869243761,7.25976329619191,42.59518496727818,,,266.39065574664994,20.276939359848566
3,,AM,R1796,00,EHZ,61.1981981981982,-149.91291617029023,2026-09-09T09:03:59.996000Z,2026-09-09T09:04:59.996000Z,100.0,100.0,60.0,,noise,0,Noise,timeofday:America/Anchorage:day7-19:night1-5,AM,2.0-20.0,299.27024826523757,2431.124074582623,271.30799264897604,2041.9556697128182,0.8218604629194654,4.482137123459275,5.385535913110147,,,266.39065574664994,7.6652676273105245
4,,AM,R1796,00,EHZ,61.1981981981982,-149.91291617029023,2026-09-09T09:04:59.996000Z,2026-09-09T09:05:59.996000Z,100.0,100.0,60.0,,noise,0,Noise,timeofday:America/Anchorage:day7-19:night1-5,AM,2.0-20.0,280.7477209978454,1779.125009882887,254.81224429909517,1794.331788419365,0.8237740499622153,4.712103730216439,2.7006692429144197,,,266.39065574664994,6.73571594840721
5,,AM,R1796,00,EHZ,61.1981981981982,-149.91291617029023,2026-09-09T09:05:59.996000Z,2026-09-09T09:06:59.996000Z,100.0,100.0,60.0,,noise,0,Noise,timeofday:America/Anchorage:day7-19:night1-5,AM,2.0-20.0,333.13540385887296,3864.1254618287,307.20586328376106,3979.483698610353,0.8503885838822609,6.101772671463631,22.713250190504652,,,266.39065574664994,14.93852585578313
6,,AM,R1796,00,EHZ,61.1981981981982,-149.91291617029023,2026-09-09T09:06:59.996000Z,2026-09-09T09:07:59.996000Z,100.0,100.0,60.0,,noise,0,Noise,timeofday:America/Anchorage:day7-19:night1-5,AM,2.0-20.0,367.1827295044394,4756.126551915234,340.5777202840187,4510.119935021907,0.8603357632848401,6.364522021422479,18.489500500605146,,,266.39065574664994,16.93047348969794
7,,AM,R1796,00,EHZ,61.1981981981982,-149.91291617029023,2026-09-09T09:07:59.996000Z,2026-09-09T09:08:59.996000Z,100.0,100.0,60.0,,noise,0,Noise,timeofday:America/Anchorage:day7-19:night1-5,AM,2.0-20.0,287.13943912623665,2272.8713706010117,258.6515049117701,2269.7250904952557,0.8114174136159154,3.3219932620848502,5.2906679399998975,,,266.39065574664994,8.520287936277581
8,,AM,R1796,00,EHZ,61.1981981981982,-149.91291617029023,2026-09-09T09:08:59.996000Z,2026-09-09T09:09:59.996000Z,100.0,100.0,60.0,,noise,0,Noise,timeofday:America/Anchorage:day7-19:night1-5,AM,2.0-20.0,280.32298158295845,2091.1289220447156,252.55342717207566,1944.2289969905912,0.811687999355564,3.2807010954500675,3.545883226555512,,,266.39065574664994,7.298412894931437
9,,AM,R1796,00,EHZ,61.1981981981982,-149.91291617029023,2026-09-09T09:09:59.996000Z,2026-09-09T09:10:59.996000Z,100.0,100.0,60.0,,noise,0,Noise,timeofday:America/Anchorage:day7-19:night1-5,AM,2.0-20.0,320.17726207384334,2191.130850008319,295.54349997493165,2071.028080124715,0.8520436639399444,5.120096250529828,5.924911198488436,,,266.39065574664994,7.774402125029341
10,,AM,R1796,00,EHZ,61.1981981981982,-149.91291617029023,2026-09-09T09:10:59.996000Z,2026-09-09T09:11:59.996000Z,100.0,100.0,60.0,,noise,0,Noise,timeofday:America/Anchorage:day7-19:night1-5,AM,2.0-20.0,292.6673633966208,2995.868982228191,267.5588099781096,2967.609951801017,0.8357760487418237,6.887337372682797,15.414329722770496,,,266.39065574664994,11.140067745556937
11,,AM,R1796,00,EHZ,61.1981981981982,-149.91291617029023,2026-09-09T09:11:59.996000Z,2026-09-09T09:12:59.996000Z,100.0,100.0,60.0,,noise,0,Noise,timeofday:America/Anchorage:day7-19:night1-5,AM,2.0-20.0,436.68347037474297,2858.132317938854,384.06605447359266,2997.780259041857,0.7735321018078826,5.439472837483653,4.200020737176066,,,266.39065574664994,11.253323622180227
12,,AM,R1796,00,EHZ,61.1981981981982,-149.91291617029023,2026-09-09T09:12:59.996000Z,2026-09-09T09:13:59.996000Z,100.0,100.0,60.0,,noise,0,Noise,timeofday:America/Anchorage:day7-19:night1-5,AM,2.0-20.0,345.4902187718015,2786.8664084127654,298.75432799477585,2538.543932901064,0.7477508201898199,4.838913235281392,7.8167339132718965,,,266.39065574664994,9.529403070786909
13,,AM,R1796,00,EHZ,61.1981981981982,-149.91291617029023,2026-09-09T09:13:59.996000Z,2026-09-09T09:14:59.996000Z,100.0,100.0,60.0,,noise,0,Noise,timeofday:America/Anchorage:day7-19:night1-5,AM,2.0-20.0,219.72123663993824,882.1344917173494,187.79072075258335,844.79492090269,0.7304730340515854,2.3362762219856292,0.314006806074838,,,266.39065574664994,3.171263340806255
14,,AM,R1796,00,EHZ,61.1981981981982,-149.91291617029023,2026-09-09T09:14:59.996000Z,2026-09-09T09:15:59.996000Z,100.0,100.0,60.0,,noise,0,Noise,timeofday:America/Anchorage:day7-19:night1-5,AM,2.0-20.0,316.5943809646743,2869.1358941975536,299.51661806044143,2841.665991106851,0.8950255672044751,4.996475860918777,11.893798544032387,,,266.39065574664994,10.667288547123098
15,,AM,R1796,00,EHZ,61.1981981981982,-149.91291617029023,2026-09-09T09:15:59.996000Z,2026-09-09T09:16:59.996000Z,100.0,100.0,60.0,,noise,0,Noise,timeofday:America/Anchorage:day7-19:night1-5,AM,2.0-20.0,265.3821967717949,2364.1370741842525,234.1804479733368,2130.103109488531,0.7786776246168282,4.971909603342299,9.320925562629958,,,266.39065574664994,7.996163016747703
16,,AM,R1796,00,EHZ,61.1981981981982,-149.91291617029023,2026-09-09T09:16:59.996000Z,2026-09-09T09:17:59.996000Z,100.0,100.0,60.0,,noise,0,Noise,timeofday:America/Anchorage:day7-19:night1-5,AM,2.0-20.0,254.5021621920235,1799.1381802572153,223.75388329949905,1663.7020094658099,0.7729621176403806,3.514849149360196,2.979767997040903,,,266.39065574664994,6.245346725104611
17,,AM,R1796,00,EHZ,61.1981981981982,-149.91291617029023,2026-09-09T09:17:59.996000Z,2026-09-09T09:18:59.996000Z,100.0,100.0,60.0,,noise,0,Noise,timeofday:America/Anchorage:day7-19:night1-5,AM,2.0-20.0,304.9877766487494,3096.8607522253283,282.3634688298985,3104.1713407463394,0.8571407627248798,6.089213024371176,22.64707095861207,,,266.39065574664994,11.652703553155229
18,,AM,R1796,00,EHZ,61.1981981981982,-149.91291617029023,2026-09-09T09:18:59.996000Z,2026-09-09T09:19:59.996000Z,100.0,100.0,60.0,,traffic,1,Traffic,timeofday:America/Anchorage:day7-19:night1-5+burst>=20x,AM,2.0-20.0,583.3578938262225,10538.140838894766,561.817112978178,10917.691334761043,0.927512496051629,8.21741917795123,85.50813394610435,,,266.39065574664994,40.98376237770247
19,,AM,R1796,00,EHZ,61.1981981981982,-149.91291617029023,2026-09-09T09:19:59.996000Z,2026-09-09T09:20:59.996000Z,100.0,100.0,60.0,,noise,0,Noise,timeofday:America/Anchorage:day7-19:night1-5,AM,2.0-20.0,292.71479317530697,2708.1421008824523,262.71592631067443,2390.5760859576276,0.8055332286619366,4.5629120125959775,4.365482724108822,,,266.39065574664994,8.97394872675706
20,,AM,R1796,00,EHZ,61.1981981981982,-149.91291617029023,2026-09-09T09:20:59.996000Z,2026-09-09T09:21:59.996000Z,100.0,100.0,60.0,,noise,0,Noise,timeofday:America/Anchorage:day7-19:night1-5,AM,2.0-20.0,212.5651683660998,1076.8567067178544,179.4807416655392,925.7301780029475,0.7129375819660223,1.9083444905761404,1.0648987396307952,,,266.39065574664994,3.475085022814616
21,,AM,R1796,00,EHZ,61.1981981981982,-149.91291617029023,2026-09-09T09:21:59.996000Z,2026-09-09T09:22:59.996000Z,100.0,100.0,60.0,,noise,0,Noise,timeofday:America/Anchorage:day7-19:night1-5,AM,2.0-20.0,306.25902119799633,2677.143480229353,280.3827578255462,2794.7982684645413,0.8381559374326485,4.477501564541108,10.770301967607073,,,266.39065574664994,10.491352486186775
22,,AM,R1796,00,EHZ,61.1981981981982,-149.91291617029023,2026-09-09T09:22:59.996000Z,2026-09-09T09:23:59.996000Z,100.0,100.0,60.0,,noise,0,Noise,timeofday:America/Anchorage:day7-19:night1-5,AM,2.0-20.0,281.1313868738728,1872.1449487241127,260.74375766301756,2016.87140577528,0.8602192755363627,4.7445728948147865,4.540048351074232,,,266.39065574664994,7.5711041745151135
23,,AM,R1796,00,EHZ,61.1981981981982,-149.91291617029023,2026-09-09T09:23:59.996000Z,2026-09-09T09:24:59.996000Z,100.0,100.0,60.0,,noise,0,Noise,timeofday:America/Anchorage:day7-19:night1-5,AM,2.0-20.0,254.2575666701581,1600.1465306285002,227.3239536137914,1656.531334364982,0.7993603981925039,4.2434800828331785,3.235894673864755,,,266.39065574664994,6.2184288323552215
24,,AM,R1796,00,EHZ,61.1981981981982,-149.91291617029023,2026-09-09T09:24:59.996000Z,2026-09-09T09:25:59.996000Z,100.0,100.0,60.0,,noise,0,Noise,timeofday:America/Anchorage:day7-19:night1-5,AM,2.0-20.0,222.38919062972892,1378.852368564653,190.1907005714029,1127.5624840514117,0.7313936876692017,3.6345526509813384,2.417037678581477,,,266.39065574664994,4.232740374811708
25,,AM,R1796,00,EHZ,61.1981981981982,-149.91291617029023,2026-09-09T09:25:59.996000Z,2026-09-09T09:26:59.996000Z,100.0,100.0,60.0,,noise,0,Noise,timeofday:America/Anchorage:day7-19:night1-5,AM,2.0-20.0,262.42232193318904,2604.851175600734,231.92296783468632,2302.954774074803,0.7810628325895982,5.878932369904833,12.227004141391461,,,266.39065574664994,8.645028361148754
26,,AM,R1796,00,EHZ,61.1981981981982,-149.91291617029023,2026-09-09T09:26:59.996000Z,2026-09-09T09:27:59.996000Z,100.0,100.0,60.0,,noise,0,Noise,timeofday:America/Anchorage:day7-19:night1-5,AM,2.0-20.0,270.0798761660504,1820.149320730937,236.0389500760947,1965.5537200904746,0.7638057030090819,5.347992709834487,4.800767494317684,,,266.39065574664994,7.378463462171169
27,,AM,R1796,00,EHZ,61.1981981981982,-149.91291617029023,2026-09-09T09:27:59.996000Z,2026-09-09T09:28:59.996000Z,100.0,100.0,60.0,,noise,0,Noise,timeofday:America/Anchorage:day7-19:night1-5,AM,2.0-20.0,249.98685929360468,1756.8494772775146,221.75890409551175,1547.955982413054,0.78691490749821,3.230588134490389,4.045710444221163,,,266.39065574664994,5.8108494011337735
28,,AM,R1796,00,EHZ,61.1981981981982,-149.91291617029023,2026-09-09T09:28:59.996000Z,2026-09-09T09:29:59.996000Z,100.0,100.0,60.0,,noise,0,Noise,timeofday:America/Anchorage:day7-19:night1-5,AM,2.0-20.0,259.15770690911336,1980.8476980817566,232.06049681276616,1785.257818136612,0.8018150031152622,6.220795782634903,5.196020509981386,,,266.39065574664994,6.70165330361466
29,,AM,R1796,00,EHZ,61.1981981981982,-149.91291617029023,2026-09-09T09:29:59.996000Z,2026-09-09T09:30:59.996000Z,100.0,100.0,60.0,,noise,0,Noise,timeofday:America/Anchorage:day7-19:night1-5,AM,2.0-20.0,255.78391027401665,2016.152775680833,232.85877159408645,1673.8067565920203,0.8287790407439857,5.047679860388074,5.318619119435068,,,266.39065574664994,6.283278788066386
30,,AM,R1796,00,EHZ,61.1981981981982,-149.91291617029023,2026-09-09T09:30:59.996000Z,2026-09-09T09:31:59.996000Z,100.0,100.0,60.0,,noise,0,Noise,timeofday:America/Anchorage:day7-19:night1-5,AM,2.0-20.0,204.62602245792547,1110.154559390406,171.1061808875454,965.1331999392021,0.6992132843151841,2.3963454257384327,0.642016905416698,,,266.39065574664994,3.62299945256747
31,,AM,R1796,00,EHZ,61.1981981981982,-149.91291617029023,2026-09-09T09:31:59.996000Z,2026-09-09T09:32:59.996000Z,100.0,100.0,60.0,,noise,0,Noise,timeofday:America/Anchorage:day7-19:night1-5,AM,2.0-20.0,231.9246824818579,1900.8446807839234,210.22384396998063,1908.0921412568441,0.8216181121934302,4.967270869796935,5.423461663459497,,,266.39065574664994,7.16275927888225
32,,AM,R1796,00,EHZ,61.1981981981982,-149.91291617029023,2026-09-09T09:32:59.996000Z,2026-09-09T09:33:59.996000Z,100.0,100.0,60.0,,noise,0,Noise,timeofday:America/Anchorage:day7-19:night1-5,AM,2.0-20.0,245.56303568987695,1859.1567942934864,219.70216271042796,1583.194105529426,0.8004656076456719,5.561423537197026,3.8764643493097726,,,266.39065574664994,5.943129277909501
33,,AM,R1796,00,EHZ,61.1981981981982,-149.91291617029023,2026-09-09T09:33:59.996000Z,2026-09-09T09:34:59.996000Z,100.0,100.0,60.0,,noise,0,Noise,timeofday:America/Anchorage:day7-19:night1-5,AM,2.0-20.0,227.10897573081556,1787.8421585012318,202.94745341413224,2019.2036861108159,0.7985435664499755,4.59199623031915,6.073763608337696,,,266.39065574664994,7.579859287674015
34,,AM,R1796,00,EHZ,61.1981981981982,-149.91291617029023,2026-09-09T09:34:59.996000Z,2026-09-09T09:35:59.996000Z,100.0,100.0,60.0,,noise,0,Noise,timeofday:America/Anchorage:day7-19:night1-5,AM,2.0-20.0,292.9657703778924,2328.1584354417078,269.53564110814693,2319.6430734787564,0.8464447960760645,3.5081615869825526,5.247281926709631,,,266.39065574664994,8.707674325051574
35,,AM,R1796,00,EHZ,61.1981981981982,-149.91291617029023,2026-09-09T09:35:59.996000Z,2026-09-09T09:36:59.996000Z,100.0,100.0,60.0,,noise,0,Noise,timeofday:America/Anchorage:day7-19:night1-5,AM,2.0-20.0,250.4392820433787,2505.159569349869,226.20836394909907,2548.2731815448433,0.8158539438793448,4.85525610976829,9.467986567944346,,,266.39065574664994,9.565925555468324
36,,AM,R1796,00,EHZ,61.1981981981982,-149.91291617029023,2026-09-09T09:36:59.996000Z,2026-09-09T09:37:59.996000Z,100.0,100.0,60.0,,noise,0,Noise,timeofday:America/Anchorage:day7-19:night1-5,AM,2.0-20.0,330.12267606345796,3602.160595114526,303.38833349793424,3750.372714424016,0.844592146682996,5.86923297920653,20.90502162645161,,,266.39065574664994,14.078469471507278
37,,AM,R1796,00,EHZ,61.1981981981982,-149.91291617029023,2026-09-09T09:37:59.996000Z,2026-09-09T09:38:59.996000Z,100.0,100.0,60.0,,noise,0,Noise,timeofday:America/Anchorage:day7-19:night1-5,AM,2.0-20.0,191.53248092473854,794.8380225293647,160.9969950185232,829.5628193704792,0.7065626429545049,2.732535751891395,0.33500735727747966,,,266.39065574664994,3.114083776870284
38,,AM,R1796,00,EHZ,61.1981981981982,-149.91291617029023,2026-09-09T09:38:59.996000Z,2026-09-09T09:39:59.996000Z,100.0,100.0,60.0,,noise,0,Noise,timeofday:America/Anchorage:day7-19:night1-5,AM,2.0-20.0,282.0186091914742,2239.163363400186,249.62607128758893,2298.4348294762003,0.78347357002287,3.296199462069586,4.991998188714266,,,266.39065574664994,8.628061006997633
39,,AM,R1796,00,EHZ,61.1981981981982,-149.91291617029023,2026-09-09T09:39:59.996000Z,2026-09-09T09:40:59.996000Z,100.0,100.0,60.0,,noise,0,Noise,timeofday:America/Anchorage:day7-19:night1-5,AM,2.0-20.0,255.48359444655267,1970.8355523436283,222.68404230892213,2018.1729834794733,0.7597175468450966,5.827282184601619,5.955075549873351,,,266.39065574664994,7.575990148088568
40,,AM,R1796,00,EHZ,61.1981981981982,-149.91291617029023,2026-09-09T09:40:59.996000Z,2026-09-09T09:41:59.996000Z,100.0,100.0,60.0,,noise,0,Noise,timeofday:America/Anchorage:day7-19:night1-5,AM,2.0-20.0,226.12688113796807,1399.8341863500998,198.85520460850677,1333.016020792475,0.7733383347243956,3.5130930637411524,2.103580244929441,,,266.39065574664994,5.003989411926806
41,,AM,R1796,00,EHZ,61.1981981981982,-149.91291617029023,2026-09-09T09:41:59.996000Z,2026-09-09T09:42:59.996000Z,100.0,100.0,60.0,,noise,0,Noise,timeofday:America/Anchorage:day7-19:night1-5,AM,2.0-20.0,279.97222206587486,2716.1668713874183,261.5181119974138,2535.383087265364,0.8725165151143244,5.039124338973394,10.127961439971504,,,266.39065574664994,9.517537618423946
42,,AM,R1796,00,EHZ,61.1981981981982,-149.91291617029023,2026-09-09T09:42:59.996000Z,2026-09-09T09:43:59.996000Z,100.0,100.0,60.0,,noise,0,Noise,timeofday:America/Anchorage:day7-19:night1-5,AM,2.0-20.0,396.2094518157684,2577.1671459778822,374.81962934104524,2721.1572022441433,0.8949422064090173,3.584199617872441,3.9322492094922037,,,266.39065574664994,10.214912361010485
43,,AM,R1796,00,EHZ,61.1981981981982,-149.91291617029023,2026-09-09T09:43:59.996000Z,2026-09-09T09:44:59.996000Z,100.0,100.0,60.0,,noise,0,Noise,timeofday:America/Anchorage:day7-19:night1-5,AM,2.0-20.0,254.1937174051363,2582.831805876455,228.1549474685569,2285.142428167135,0.8056198466820345,4.692641202230991,11.430780080848404,,,266.39065574664994,8.578162855458464
44,,AM,R1796,00,EHZ,61.1981981981982,-149.91291617029023,2026-09-09T09:44:59.996000Z,2026-09-09T09:45:59.996000Z,100.0,100.0,60.0,,noise,0,Noise,timeofday:America/Anchorage:day7-19:night1-5,AM,2.0-20.0,345.5253143058389,4146.830206292957,318.43366823586655,3265.966203371333,0.8493334295950933,5.348532513908602,9.410301830612866,,,266.39065574664994,12.260062929825214
45,,AM,R1796,00,EHZ,61.1981981981982,-149.91291617029023,2026-09-09T09:45:59.996000Z,2026-09-09T09:46:59.996000Z,100.0,100.0,60.0,,noise,0,Noise,timeofday:America/Anchorage:day7-19:night1-5,AM,2.0-20.0,208.85111994932754,870.1704809355081,164.77605028715027,785.5796920627984,0.6224644599024698,3.410849235213381,0.4204968527240611,,,266.39065574664994,2.9489761563180417
46,,AM,R1796,00,EHZ,61.1981981981982,-149.91291617029023,2026-09-09T09:46:59.996000Z,2026-09-09T09:47:59.996000Z,100.0,100.0,60.0,,noise,0,Noise,timeofday:America/Anchorage:day7-19:night1-5,AM,2.0-20.0,274.15860967433684,1924.8278135943935,247.30250668137813,1798.8403504535909,0.8136792834269914,5.291857908157727,6.278764828636204,,,266.39065574664994,6.752640573715817
47,,AM,R1796,00,EHZ,61.1981981981982,-149.91291617029023,2026-09-09T09:47:59.996000Z,2026-09-09T09:48:59.996000Z,100.0,100.0,60.0,,noise,0,Noise,timeofday:America/Anchorage:day7-19:night1-5,AM,2.0-20.0,298.3054131391591,2088.826339645437,266.8130301345637,1784.9057294750646,0.80000334257848,5.73252911762379,3.5273140261327587,,,266.39065574664994,6.700331603119721
48,,AM,R1796,00,EHZ,61.1981981981982,-149.91291617029023,2026-09-09T09:48:59.996000Z,2026-09-09T09:49:59.996000Z,100.0,100.0,60.0,,noise,0,Noise,timeofday:America/Anchorage:day7-19:night1-5,AM,2.0-20.0,211.09441534576086,1186.1749349433205,180.78072383732132,1262.1257158751055,0.7334166315238545,2.9728120719011213,1.346303136436748,,,266.39065574664994,4.737875329513985
49,,AM,R1796,00,EHZ,61.1981981981982,-149.91291617029023,2026-09-09T09:49:59.996000Z,2026-09-09T09:50:59.996000Z,100.0,100.0,60.0,,noise,0,Noise,timeofday:America/Anchorage:day7-19:night1-5,AM,2.0-20.0,380.1099466256314,2915.824540513661,361.4256700455922,3022.2197811692213,0.9041063533402585,5.623952661694948,6.992443531677397,,,266.39065574664994,11.34506678809145
50,,AM,R1796,00,EHZ,61.1981981981982,-149.91291617029023,2026-09-09T09:50:59.996000Z,2026-09-09T09:51:59.996000Z,100.0,100.0,60.0,,noise,0,Noise,timeofday:America/Anchorage:day7-19:night1-5,AM,2.0-20.0,188.5048567803532,1909.8238619366773,166.14711885298595,1686.6093565681153,0.7768560295681299,2.469390084575786,11.917601176923359,,,266.39065574664994,6.331338281520506
51,,AM,R1796,00,EHZ,61.1981981981982,-149.91291617029023,2026-09-09T09:51:59.996000Z,2026-09-09T09:52:59.996000Z,100.0,100.0,60.0,,noise,0,Noise,timeofday:America/Anchorage:day7-19:night1-5,AM,2.0-20.0,298.8340569883862,2330.1782582402534,273.3446637581802,2666.323062819074,0.8366831412842999,5.350056819685576,7.504313418774126,,,266.39065574664994,10.009071284222795
52,,AM,R1796,00,EHZ,61.1981981981982,-149.91291617029023,2026-09-09T09:52:59.996000Z,2026-09-09T09:53:59.996000Z,100.0,100.0,60.0,,noise,0,Noise,timeofday:America/Anchorage:day7-19:night1-5,AM,2.0-20.0,193.89022024956876,1103.821412251188,165.89932791687696,973.5440870187444,0.7321118649854722,2.8101707894515493,1.669428268587403,,,266.39065574664994,3.654572958987836
53,,AM,R1796,00,EHZ,61.1981981981982,-149.91291617029023,2026-09-09T09:53:59.996000Z,2026-09-09T09:54:59.996000Z,100.0,100.0,60.0,,noise,0,Noise,timeofday:America/Anchorage:day7-19:night1-5,AM,2.0-20.0,293.366157016928,2634.179725230411,272.1954624098621,2588.51065486679,0.8608782560291017,5.260328895674716,10.000296923039791,,,266.39065574664994,9.716972420115912
54,,AM,R1796,00,EHZ,61.1981981981982,-149.91291617029023,2026-09-09T09:54:59.996000Z,2026-09-09T09:55:59.996000Z,100.0,100.0,60.0,,noise,0,Noise,timeofday:America/Anchorage:day7-19:night1-5,AM,2.0-20.0,270.53232918279974,2560.818852353363,245.16313416811704,2242.2570861759873,0.8212435774708591,5.186292266097164,7.033527289677586,,,266.39065574664994,8.417176195205883
55,,AM,R1796,00,EHZ,61.1981981981982,-149.91291617029023,2026-09-09T09:55:59.996000Z,2026-09-09T09:56:59.996000Z,100.0,100.0,60.0,,noise,0,Noise,timeofday:America/Anchorage:day7-19:night1-5,AM,2.0-20.0,285.57743601400784,2099.8177539915,250.9788872480877,1742.7999773818317,0.7723721376667692,3.6351363313271383,2.4842826709278256,,,266.39065574664994,6.542271434022508
56,,AM,R1796,00,EHZ,61.1981981981982,-149.91291617029023,2026-09-09T09:56:59.996000Z,2026-09-09T09:57:59.996000Z,100.0,100.0,60.0,,noise,0,Noise,timeofday:America/Anchorage:day7-19:night1-5,AM,2.0-20.0,248.07244193063192,1421.1836076762859,214.46647696920508,1376.0472781244962,0.7474149698606114,3.257807865979533,1.597765560472661,,,266.39065574664994,5.165523821650794
57,,AM,R1796,00,EHZ,61.1981981981982,-149.91291617029023,2026-09-09T09:57:59.996000Z,2026-09-09T09:58:59.996000Z,100.0,100.0,60.0,,noise,0,Noise,timeofday:America/Anchorage:day7-19:night1-5,AM,2.0-20.0,324.75932820192673,2599.815126574513,289.7144684385516,2225.2648093684693,0.7958241249817846,5.542300399770168,5.332753717704847,,,266.39065574664994,8.35338913495825
58,,AM,R1796,00,EHZ,61.1981981981982,-149.91291617029023,2026-09-09T09:58:59.996000Z,2026-09-09T09:59:59.996000Z,100.0,100.0,60.0,,noise,0,Noise,timeofday:America/Anchorage:day7-19:night1-5,AM,2.0-20.0,249.7264788157852,2165.1856535633283,221.20369197704,1989.0232221261078,0.7846131007454203,6.225726826070832,7.6216626033822905,,,266.39065574664994,7.466565283797952
59,,AM,R1796,00,EHZ,61.1981981981982,-149.91291617029023,2026-09-09T09:59:59.996000Z,2026-09-09T10:00:59.996000Z,100.0,100.0,60.0,,noise,0,Noise,timeofday:America/Anchorage:day7-19:night1-5,AM,2.0-20.0,413.82223815704094,4686.8135012246485,398.8762805817195,4740.581177068265,0.9290707181280146,6.748256387181676,23.399951755747892,,,266.39065574664994,17.7955985872747
60,,AM,R1796,00,EHZ,61.1981981981982,-149.91291617029023,2026-09-09T10:00:59.996000Z,2026-09-09T10:01:59.996000Z,100.0,100.0,60.0,,noise,0,Noise,timeofday:America/Anchorage:day7-19:night1-5,AM,2.0-20.0,246.8861754089719,1816.8124374687093,211.76492460768173,1833.0987384666182,0.7357233031792186,4.948397752308147,4.826788348815333,,,266.39065574664994,6.881242637166603
61,,AM,R1796,00,EHZ,61.1981981981982,-149.91291617029023,2026-09-09T10:01:59.996000Z,2026-09-09T10:02:59.996000Z,100.0,100.0,60.0,,noise,0,Noise,timeofday:America/Anchorage:day7-19:night1-5,AM,2.0-20.0,299.2108940810492,1921.1892441157772,249.35027816779973,1568.1329251724583,0.6944882628004135,3.663579804963104,1.952188478862399,,,266.39065574664994,5.886591332482122
62,,AM,R1796,00,EHZ,61.1981981981982,-149.91291617029023,2026-09-09T10:02:59.996000Z,2026-09-09T10:03:59.996000Z,100.0,100.0,60.0,,noise,0,Noise,timeofday:America/Anchorage:day7-19:night1-5,AM,2.0-20.0,263.8588949239461,3587.1907539871877,220.10725521051071,3766.5584196206787,0.6958653916232532,4.555601700896689,25.876308757429143,,,266.39065574664994,14.139228754340593
63,,AM,R1796,00,EHZ,61.1981981981982,-149.91291617029023,2026-09-09T10:03:59.996000Z,2026-09-09T10:04:59.996000Z,100.0,100.0,60.0,,noise,0,Noise,timeofday:America/Anchorage:day7-19:night1-5,AM,2.0-20.0,475.1559802276831,4109.191868147403,422.13374070937834,3604.726452501617,0.7892738848892464,6.423682844301453,18.00983917145748,,,266.39065574664994,13.531730091651118
64,,AM,R1796,00,EHZ,61.1981981981982,-149.91291617029023,2026-09-09T10:04:59.996000Z,2026-09-09T10:05:59.996000Z,100.0,100.0,60.0,,traffic,1,Traffic,timeofday:America/Anchorage:day7-19:night1-5+burst>=20x,AM,2.0-20.0,1192.9704975052605,6848.807838642641,1056.5183599846282,6855.417348325781,0.7843225290026022,3.4581004285749595,5.113165231903938,,,266.39065574664994,25.734451267110533
65,,AM,R1796,00,EHZ,61.1981981981982,-149.91291617029023,2026-09-09T10:05:59.996000Z,2026-09-09T10:06:59.996000Z,100.0,100.0,60.0,,noise,0,Noise,timeofday:America/Anchorage:day7-19:night1-5,AM,2.0-20.0,380.91218863388326,1889.1930122116512,300.14077644286004,1687.9990141245157,0.6208694117043264,3.2467497911059064,2.735857908709958,,,266.39065574664994,6.336554896767408
66,,AM,R1796,00,EHZ,61.1981981981982,-149.91291617029023,2026-09-09T10:06:59.996000Z,2026-09-09T10:07:59.996000Z,100.0,100.0,60.0,,noise,0,Noise,timeofday:America/Anchorage:day7-19:night1-5,AM,2.0-20.0,328.0662938345332,3592.1943509342104,305.5476379306387,3648.605066853151,0.8674303963820388,6.445211208731244,21.063862846321715,,,266.39065574664994,13.696445382540544
67,,AM,R1796,00,EHZ,61.1981981981982,-149.91291617029023,2026-09-09T10:07:59.996000Z,2026-09-09T10:08:59.996000Z,100.0,100.0,60.0,,noise,0,Noise,timeofday:America/Anchorage:day7-19:night1-5,AM,2.0-20.0,349.34293818771573,3679.803840718307,322.2818867966932,3380.50989250174,0.8510750478509889,7.9067866091922845,25.157985770836063,,,266.39065574664994,12.690046814993256
68,,AM,R1796,00,EHZ,61.1981981981982,-149.91291617029023,2026-09-09T10:08:59.996000Z,2026-09-09T10:09:59.996000Z,100.0,100.0,60.0,,noise,0,Noise,timeofday:America/Anchorage:day7-19:night1-5,AM,2.0-20.0,217.36241762982434,973.1971032334343,185.54068537063912,920.969328051813,0.7286339471259252,3.249118187427963,0.8160366951256774,,,266.39065574664994,3.4572133375717886
69,,AM,R1796,00,EHZ,61.1981981981982,-149.91291617029023,2026-09-09T10:09:59.996000Z,2026-09-09T10:10:59.996000Z,100.0,100.0,60.0,,noise,0,Noise,timeofday:America/Anchorage:day7-19:night1-5,AM,2.0-20.0,294.24024198791545,1513.1982459811527,259.4234090162939,1553.2910937241797,0.7773456736898918,3.907802722366613,2.420248329650094,,,266.39065574664994,5.830876797726091
70,,AM,R1796,00,EHZ,61.1981981981982,-149.91291617029023,2026-09-09T10:10:59.996000Z,2026-09-09T10:11:59.996000Z,100.0,100.0,60.0,,traffic,1,Traffic,timeofday:America/Anchorage:day7-19:night1-5+burst>=20x,AM,2.0-20.0,352.45892774830406,5639.199761494831,331.2606700756488,5617.03743629151,0.8833294718115399,7.606084284997451,53.350830058259525,,,266.39065574664994,21.085714964542813
71,,AM,R1796,00,EHZ,61.1981981981982,-149.91291617029023,2026-09-09T10:11:59.996000Z,2026-09-09T10:12:59.996000Z,100.0,100.0,60.0,,noise,0,Noise,timeofday:America/Anchorage:day7-19:night1-5,AM,2.0-20.0,358.72275266835413,4176.799114188866,330.49290902751,4735.425608482268,0.8488020985352224,6.7449094035581725,20.090234744751104,,,266.39065574664994,17.776245173501433
72,,AM,R1796,00,EHZ,61.1981981981982,-149.91291617029023,2026-09-09T10:12:59.996000Z,2026-09-09T10:13:59.996000Z,100.0,100.0,60.0,,noise,0,Noise,timeofday:America/Anchorage:day7-19:night1-5,AM,2.0-20.0,260.5208454900149,1863.2010390927983,231.49232273437875,1725.0103141383029,0.7895656155740843,4.677891950630676,4.202184812897051,,,266.39065574664994,6.475491076454532
73,,AM,R1796,00,EHZ,61.1981981981982,-149.91291617029023,2026-09-09T10:13:59.996000Z,2026-09-09T10:14:59.996000Z,100.0,100.0,60.0,,noise,0,Noise,timeofday:America/Anchorage:day7-19:night1-5,AM,2.0-20.0,370.90018557008483,2951.7973596310208,320.8136129724469,2801.078473569079,0.7481548149622212,6.0902016437648365,7.151633128408422,,,266.39065574664994,10.51492765659557
74,,AM,R1796,00,EHZ,61.1981981981982,-149.91291617029023,2026-09-09T10:14:59.996000Z,2026-09-09T10:15:59.996000Z,100.0,100.0,60.0,,traffic,1,Traffic,timeofday:America/Anchorage:day7-19:night1-5+burst>=20x,AM,2.0-20.0,944.1775975888071,7174.203818474919,740.2033171862645,7950.204965506257,0.6146029925784336,7.509172644111012,12.185136918807284,,,266.39065574664994,29.844158546864634
75,,AM,R1796,00,EHZ,61.1981981981982,-149.91291617029023,2026-09-09T10:15:59.996000Z,2026-09-09T10:16:59.996000Z,100.0,100.0,60.0,,noise,0,Noise,timeofday:America/Anchorage:day7-19:night1-5,AM,2.0-20.0,243.1299000178598,2161.2042973155562,202.0836079160543,1629.6436379801817,0.6908526550764034,2.3959783612867986,6.005784071926424,,,266.39065574664994,6.117495500780814
76,,AM,R1796,00,EHZ,61.1981981981982,-149.91291617029023,2026-09-09T10:16:59.996000Z,2026-09-09T10:17:59.996000Z,100.0,100.0,60.0,,noise,0,Noise,timeofday:America/Anchorage:day7-19:night1-5,AM,2.0-20.0,206.02975434065533,1423.794351548894,173.17623300675763,1358.6771718172508,0.7065073552829917,4.010018809543984,3.3404325641006043,,,266.39065574664994,5.100318432750948
77,,AM,R1796,00,EHZ,61.1981981981982,-149.91291617029023,2026-09-09T10:17:59.996000Z,2026-09-09T10:18:59.996000Z,100.0,100.0,60.0,,noise,0,Noise,timeofday:America/Anchorage:day7-19:night1-5,AM,2.0-20.0,315.07501275708086,3504.7932003377705,288.02380577887254,3319.804168533632,0.8356585176321928,6.44977827049116,20.438264298318128,,,266.39065574664994,12.462164482566994
78,,AM,R1796,00,EHZ,61.1981981981982,-149.91291617029023,2026-09-09T10:18:59.996000Z,2026-09-09T10:19:59.996000Z,100.0,100.0,60.0,,noise,0,Noise,timeofday:America/Anchorage:day7-19:night1-5,AM,2.0-20.0,313.7036103674264,3341.20835843331,255.95091957607562,3039.491834050453,0.6656935584103593,7.707990197636095,24.315481635016027,,,266.39065574664994,11.4099040956645
79,,AM,R1796,00,EHZ,61.1981981981982,-149.91291617029023,2026-09-09T10:19:59.996000Z,2026-09-09T10:20:59.996000Z,100.0,100.0,60.0,,noise,0,Noise,timeofday:America/Anchorage:day7-19:night1-5,AM,2.0-20.0,311.8690380852206,3676.2092514165465,292.29481656751176,3889.8005075841056,0.8784108796633239,6.116302056048719,23.59728008813709,,,266.39065574664994,14.601865432109935
80,,AM,R1796,00,EHZ,61.1981981981982,-149.91291617029023,2026-09-09T10:20:59.996000Z,2026-09-09T10:21:59.996000Z,100.0,100.0,60.0,,noise,0,Noise,timeofday:America/Anchorage:day7-19:night1-5,AM,2.0-20.0,237.6366546043109,1558.2108762021865,211.64662778570042,1484.3301072670974,0.7932240013614679,3.3545013309913307,3.054227756607972,,,266.39065574664994,5.572005155761789
81,,AM,R1796,00,EHZ,61.1981981981982,-149.91291617029023,2026-09-09T10:21:59.996000Z,2026-09-09T10:22:59.996000Z,100.0,100.0,60.0,,noise,0,Noise,timeofday:America/Anchorage:day7-19:night1-5,AM,2.0-20.0,198.39679669771309,1984.2110810165807,172.7711836353786,2076.8943295425024,0.7583563114596309,5.101195440291084,14.994519081207134,,,266.39065574664994,7.796423353218991
82,,AM,R1796,00,EHZ,61.1981981981982,-149.91291617029023,2026-09-09T10:22:59.996000Z,2026-09-09T10:23:59.996000Z,100.0,100.0,60.0,,traffic,1,Traffic,timeofday:America/Anchorage:day7-19:night1-5+burst>=20x,AM,2.0-20.0,410.71879353693214,6271.212470895717,394.3006813217541,6247.6694737689095,0.9216497375976682,7.185154804752916,57.4154916015657,,,266.39065574664994,23.45303537865359
83,,AM,R1796,00,EHZ,61.1981981981982,-149.91291617029023,2026-09-09T10:23:59.996000Z,2026-09-09T10:24:59.996000Z,100.0,100.0,60.0,,noise,0,Noise,timeofday:America/Anchorage:day7-19:night1-5,AM,2.0-20.0,231.80525789084902,1661.7860957796681,204.8318136013778,1550.3112516010044,0.780815193529273,4.551327609180775,4.617116514638935,,,266.39065574664994,5.819690811810695
84,,AM,R1796,00,EHZ,61.1981981981982,-149.91291617029023,2026-09-09T10:24:59.996000Z,2026-09-09T10:25:59.996000Z,100.0,100.0,60.0,,noise,0,Noise,timeofday:America/Anchorage:day7-19:night1-5,AM,2.0-20.0,254.1052686041412,1729.7847570571128,219.45031726949082,1593.1427868379856,0.7458389959425938,4.185199854214942,3.7067992526727744,,,266.39065574664994,5.980475487673034
85,,AM,R1796,00,EHZ,61.1981981981982,-149.91291617029023,2026-09-09T10:25:59.996000Z,2026-09-09T10:26:59.996000Z,100.0,100.0,60.0,,noise,0,Noise,timeofday:America/Anchorage:day7-19:night1-5,AM,2.0-20.0,298.730601468056,1891.7833098148974,201.607288512374,1314.9624749336429,0.4554629249084368,3.7367109762733515,2.491911697578824,,,266.39065574664994,4.936218469255296
86,,AM,R1796,00,EHZ,61.1981981981982,-149.91291617029023,2026-09-09T10:26:59.996000Z,2026-09-09T10:27:59.996000Z,100.0,100.0,60.0,,traffic,1,Traffic,timeofday:America/Anchorage:day7-19:night1-5+burst>=20x,AM,2.0-20.0,641.6891294202663,5494.217053171128,496.0648618152752,5690.0047753082945,0.5976233620941862,4.710886748412996,10.778209038369868,,,266.39065574664994,21.359625994988942
87,,AM,R1796,00,EHZ,61.1981981981982,-149.91291617029023,2026-09-09T10:27:59.996000Z,2026-09-09T10:28:59.996000Z,100.0,100.0,60.0,,traffic,1,Traffic,timeofday:America/Anchorage:day7-19:night1-5+burst>=20x,AM,2.0-20.0,1400.3993130908607,16678.218938441554,1382.7186237197711,16240.705166620937,0.9749084767976156,8.10126878420647,36.31827313485127,,,266.39065574664994,60.96574641892324
88,,AM,R1796,00,EHZ,61.1981981981982,-149.91291617029023,2026-09-09T10:28:59.996000Z,2026-09-09T10:29:59.996000Z,100.0,100.0,60.0,,traffic,1,Traffic,timeofday:America/Anchorage:day7-19:night1-5+burst>=20x,AM,2.0-20.0,521.050128888931,5217.218975304387,510.5937360311909,5746.201674879074,0.9602668793247838,6.442395490835703,20.20328026687041,,,266.39065574664994,21.57058271722557
89,,AM,R1796,00,EHZ,61.1981981981982,-149.91291617029023,2026-09-09T10:29:59.996000Z,2026-09-09T10:30:59.996000Z,100.0,100.0,60.0,,noise,0,Noise,timeofday:America/Anchorage:day7-19:night1-5,AM,2.0-20.0,238.94896457715018,2156.7791482647394,216.71624083837892,1959.259070623928,0.8225695178339879,4.534081863356823,5.794385373847298,,,266.39065574664994,7.3548340692823535
90,,AM,R1796,00,EHZ,61.1981981981982,-149.91291617029023,2026-09-09T10:30:59.996000Z,2026-09-09T10:31:59.996000Z,100.0,100.0,60.0,,noise,0,Noise,timeofday:America/Anchorage:day7-19:night1-5,AM,2.0-20.0,187.19027957881536,1059.7780732242634,158.39585545765334,1033.4357596217637,0.7160132212628462,3.176094298471272,0.9544206870841268,,,266.39065574664994,3.8793994358593786
91,,AM,R1796,00,EHZ,61.1981981981982,-149.91291617029023,2026-09-09T10:31:59.996000Z,2026-09-09T10:32:59.996000Z,100.0,100.0,60.0,,noise,0,Noise,timeofday:America/Anchorage:day7-19:night1-5,AM,2.0-20.0,286.61724785838805,3662.223258915646,266.08715511102844,3434.133630232552,0.8618728049792361,7.366569102880238,38.437651719951695,,,266.39065574664994,12.891344182502314
92,,AM,R1796,00,EHZ,61.1981981981982,-149.91291617029023,2026-09-09T10:32:59.996000Z,2026-09-09T10:33:59.996000Z,100.0,100.0,60.0,,noise,0,Noise,timeofday:America/Anchorage:day7-19:night1-5,AM,2.0-20.0,273.8039297659936,2147.2239109739653,245.1966196857488,1979.1920434945173,0.8019542682776296,3.6564457758486575,5.668680393612904,,,266.39065574664994,7.429660165620907
93,,AM,R1796,00,EHZ,61.1981981981982,-149.91291617029023,2026-09-09T10:33:59.996000Z,2026-09-09T10:34:59.996000Z,100.0,100.0,60.0,,noise,0,Noise,timeofday:America/Anchorage:day7-19:night1-5,AM,2.0-20.0,284.773361122694,1924.2255412137977,259.69896843318065,2061.0365179246564,0.8316521732811951,6.157820505885504,6.209799572967466,,,266.39065574664994,7.736894945312193
94,,AM,R1796,00,EHZ,61.1981981981982,-149.91291617029023,2026-09-09T10:34:59.996000Z,2026-09-09T10:35:59.996000Z,100.0,100.0,60.0,,noise,0,Noise,timeofday:America/Anchorage:day7-19:night1-5,AM,2.0-20.0,247.63249766415493,2116.226410875655,213.98795505841312,2042.9179435452543,0.7467296240784178,3.5956990047291892,5.799511860939697,,,266.39065574664994,7.668879893025097
95,,AM,R1796,00,EHZ,61.1981981981982,-149.91291617029023,2026-09-09T10:35:59.996000Z,2026-09-09T10:36:59.996000Z,100.0,100.0,60.0,,noise,0,Noise,timeofday:America/Anchorage:day7-19:night1-5,AM,2.0-20.0,209.85476151733002,1179.7726180897068,173.31621540268102,1156.9386334091155,0.6820885180039467,4.15859837786356,1.1220807934562718,,,266.39065574664994,4.343015073732236
96,,AM,R1796,00,EHZ,61.1981981981982,-149.91291617029023,2026-09-09T10:36:59.996000Z,2026-09-09T10:37:59.996000Z,100.0,100.0,60.0,,noise,0,Noise,timeofday:America/Anchorage:day7-19:night1-5,AM,2.0-20.0,258.26251357062085,1698.7711526041555,224.48234696251328,1770.722822940495,0.7555124778757936,3.15489183958213,3.935771013208404,,,266.39065574664994,6.647090596993522
97,,AM,R1796,00,EHZ,61.1981981981982,-149.91291617029023,2026-09-09T10:37:59.996000Z,2026-09-09T10:38:59.996000Z,100.0,100.0,60.0,,noise,0,Noise,timeofday:America/Anchorage:day7-19:night1-5,AM,2.0-20.0,243.9644704341859,2077.229817678182,207.04101831623385,2010.0493409617902,0.7202107914421805,4.572791225314089,4.278780879632577,,,266.39065574664994,7.545494924842416
98,,AM,R1796,00,EHZ,61.1981981981982,-149.91291617029023,2026-09-09T10:38:59.996000Z,2026-09-09T10:39:59.996000Z,100.0,100.0,60.0,,noise,0,Noise,timeofday:America/Anchorage:day7-19:night1-5,AM,2.0-20.0,382.0277470679998,3674.2308630027087,338.10317675540193,3526.199798644837,0.78326494122688,4.9297414305378995,9.196881858239818,,,266.39065574664994,13.236950030253384
99,,AM,R1796,00,EHZ,61.1981981981982,-149.91291617029023,2026-09-09T10:39:59.996000Z,2026-09-09T10:40:59.996000Z,100.0,100.0,60.0,,noise,0,Noise,timeofday:America/Anchorage:day7-19:night1-5,AM,2.0-20.0,278.2842316345946,2160.231679439153,259.4736210310759,2419.0956808861874,0.8693791646648245,5.52345728190792,7.660579530220199,,,266.39065574664994,9.081008018490188
100,,AM,R1796,00,EHZ,61.1981981981982,-149.91291617029023,2026-09-09T10:40:59.996000Z,2026-09-09T10:41:59.996000Z,100.0,100.0,60.0,,noise,0,Noise,timeofday:America/Anchorage:day7-19:night1-5,AM,2.0-20.0,262.4579766074388,2786.2327943516734,234.65233292844627,2647.22619883104,0.7993375223040936,5.990274057402551,15.089397825757239,,,266.39065574664994,9.937383844832294
101,,AM,R1796,00,EHZ,61.1981981981982,-149.91291617029023,2026-09-09T10:41:59.996000Z,2026-09-09T10:42:59.996000Z,100.0,100.0,60.0,,noise,0,Noise,timeofday:America/Anchorage:day7-19:night1-5,AM,2.0-20.0,347.24103497209484,2284.7660935569425,328.5738038566546,2283.756834150094,0.8953725733621068,3.9178734012869953,5.588960707162087,,,266.39065574664994,8.572961494272736
102,,AM,R1796,00,EHZ,61.1981981981982,-149.91291617029023,2026-09-09T10:42:59.996000Z,2026-09-09T10:43:59.996000Z,100.0,100.0,60.0,,noise,0,Noise,timeofday:America/Anchorage:day7-19:night1-5,AM,2.0-20.0,240.5303301958259,1794.2351646692307,215.56541195351838,1748.2744558549148,0.8031903127934675,3.224683503707286,4.247880599966512,,,266.39065574664994,6.56282199897284
103,,AM,R1796,00,EHZ,61.1981981981982,-149.91291617029023,2026-09-09T10:43:59.996000Z,2026-09-09T10:44:59.996000Z,100.0,100.0,60.0,,noise,0,Noise,timeofday:America/Anchorage:day7-19:night1-5,AM,2.0-20.0,224.99894367967855,1404.2362617145639,191.31386544835084,1301.9000472840164,0.7229894080151055,3.7259130565819287,1.2581761743392041,,,266.39065574664994,4.887183612484458
104,,AM,R1796,00,EHZ,61.1981981981982,-149.91291617029023,2026-09-09T10:44:59.996000Z,2026-09-09T10:45:59.996000Z,100.0,100.0,60.0,,noise,0,Noise,timeofday:America/Anchorage:day7-19:night1-5,AM,2.0-20.0,304.3951323967681,2460.237829513278,283.4946473839155,2653.6325586811026,0.8673898189565973,5.5019485892321,9.878336339847055,,,266.39065574664994,9.961432585701624
105,,AM,R1796,00,EHZ,61.1981981981982,-149.91291617029023,2026-09-09T10:45:59.996000Z,2026-09-09T10:46:59.996000Z,100.0,100.0,60.0,,noise,0,Noise,timeofday:America/Anchorage:day7-19:night1-5,AM,2.0-20.0,197.30667992492062,796.2387174184744,166.253826595262,698.1672543162138,0.7100022460366628,2.766589148569036,0.18627335686508895,,,266.39065574664994,2.6208398802854544
106,,AM,R1796,00,EHZ,61.1981981981982,-149.91291617029023,2026-09-09T10:46:59.996000Z,2026-09-09T10:47:59.996000Z,100.0,100.0,60.0,,traffic,1,Traffic,timeofday:America/Anchorage:day7-19:night1-5+burst>=20x,AM,2.0-20.0,810.5314689429199,8317.75989872081,774.7807149789008,9409.57891162504,0.9137299120828691,6.7868000398363595,22.38629182110662,,,266.39065574664994,35.3224811330244
107,,AM,R1796,00,EHZ,61.1981981981982,-149.91291617029023,2026-09-09T10:47:59.996000Z,2026-09-09T10:48:59.996000Z,100.0,100.0,60.0,,noise,0,Noise,timeofday:America/Anchorage:day7-19:night1-5,AM,2.0-20.0,361.7147235879306,2414.75903921504,339.38778530300846,2184.0173749271935,0.8803594725441187,5.449151745228738,4.382419718676722,,,266.39065574664994,8.198550991984858
108,,AM,R1796,00,EHZ,61.1981981981982,-149.91291617029023,2026-09-09T10:48:59.996000Z,2026-09-09T10:49:59.996000Z,100.0,100.0,60.0,,noise,0,Noise,timeofday:America/Anchorage:day7-19:night1-5,AM,2.0-20.0,267.38713224930115,1325.242137010145,235.3338975791375,1340.4848333434495,0.7746186845664611,3.7501614488469204,1.453770066225732,,,266.39065574664994,5.032026478504989
109,,AM,R1796,00,EHZ,61.1981981981982,-149.91291617029023,2026-09-09T10:49:59.996000Z,2026-09-09T10:50:59.996000Z,100.0,100.0,60.0,,noise,0,Noise,timeofday:America/Anchorage:day7-19:night1-5,AM,2.0-20.0,288.53111080419865,2231.2431827108244,259.2046492242591,1874.012487325408,0.8070496965117144,3.3514141460816376,2.6806472353105244,,,266.39065574664994,7.034828162695325
110,,AM,R1796,00,EHZ,61.1981981981982,-149.91291617029023,2026-09-09T10:50:59.996000Z,2026-09-09T10:51:59.996000Z,100.0,100.0,60.0,,noise,0,Noise,timeofday:America/Anchorage:day7-19:night1-5,AM,2.0-20.0,339.8226638830401,3106.244270540448,308.9203583773382,2779.993509200471,0.8263963302288527,6.079646242548687,8.860994288707262,,,266.39065574664994,10.435777116162722
111,,AM,R1796,00,EHZ,61.1981981981982,-149.91291617029023,2026-09-09T10:51:59.996000Z,2026-09-09T10:52:59.996000Z,100.0,100.0,60.0,,noise,0,Noise,timeofday:America/Anchorage:day7-19:night1-5,AM,2.0-20.0,234.24296484947723,1539.2455195509149,202.1879839555465,1466.8918328640912,0.7450365365653169,4.86473029195802,1.7426298710363,,,266.39065574664994,5.506543871640807
112,,AM,R1796,00,EHZ,61.1981981981982,-149.91291617029023,2026-09-09T10:52:59.996000Z,2026-09-09T10:53:59.996000Z,100.0,100.0,60.0,,traffic,1,Traffic,timeofday:America/Anchorage:day7-19:night1-5+burst>=20x,AM,2.0-20.0,801.4868778432462,12379.24670536796,784.6557506998959,11712.789262426382,0.9584412376788635,7.10444669300065,48.98241793523501,,,266.39065574664994,43.96846889992191
113,,AM,R1796,00,EHZ,61.1981981981982,-149.91291617029023,2026-09-09T10:56:59.996000Z,2026-09-09T10:57:59.996000Z,100.0,100.0,60.0,,noise,0,Noise,timeofday:America/Anchorage:day7-19:night1-5,AM,2.0-20.0,265.43820971646113,1803.748736430315,224.91458652811514,1752.9850831659096,0.7179734170268863,3.14778731596307,2.569589339538963,,,266.39065574664994,6.580505154178835
114,,AM,R1796,00,EHZ,61.1981981981982,-149.91291617029023,2026-09-09T10:57:59.996000Z,2026-09-09T10:58:59.996000Z,100.0,100.0,60.0,,noise,0,Noise,timeofday:America/Anchorage:day7-19:night1-5,AM,2.0-20.0,298.8624300691864,2228.7477008857263,268.938594046944,2322.722735803489,0.8097735991812228,3.2633363600734167,5.063523783294798,,,266.39065574664994,8.71923502456673
115,,AM,R1796,00,EHZ,61.1981981981982,-149.91291617029023,2026-09-09T10:58:59.996000Z,2026-09-09T10:59:59.996000Z,100.0,100.0,60.0,,noise,0,Noise,timeofday:America/Anchorage:day7-19:night1-5,AM,2.0-20.0,252.79932292465924,2187.746547041543,221.67011542623865,2376.4198184066863,0.7688869360199022,4.74556209414596,4.798561592900608,,,266.39065574664994,8.920807720323245
116,,AM,R1796,00,EHZ,61.1981981981982,-149.91291617029023,2026-09-09T10:59:59.996000Z,2026-09-09T11:00:59.996000Z,100.0,100.0,60.0,,noise,0,Noise,timeofday:America/Anchorage:day7-19:night1-5,AM,2.0-20.0,247.1840107337905,2168.2544266261552,219.5587009584229,2103.1473128993953,0.7889701198272594,3.3270709051696574,4.90284563294076,,,266.39065574664994,7.894974044808792
117,,AM,R1796,00,EHZ,61.1981981981982,-149.91291617029023,2026-09-09T11:00:59.996000Z,2026-09-09T11:01:59.996000Z,100.0,100.0,60.0,,traffic,1,Traffic,timeofday:America/Anchorage:day7-19:night1-5+burst>=20x,AM,2.0-20.0,548.1229190530497,6803.255985021083,514.3094241109939,7479.825852869679,0.8804263680092846,5.9088828307776335,29.916277119013223,,,266.39065574664994,28.078409251649372
118,,AM,R1796,00,EHZ,61.1981981981982,-149.91291617029023,2026-09-09T11:01:59.996000Z,2026-09-09T11:02:59.996000Z,100.0,100.0,60.0,,noise,0,Noise,timeofday:America/Anchorage:day7-19:night1-5,AM,2.0-20.0,282.41027138888103,2240.2565295001236,256.66686698559585,2367.56843344112,0.825997328128818,4.956130689534684,3.935519028628571,,,266.39065574664994,8.887580635308728
119,,AM,R1796,00,EHZ,61.1981981981982,-149.91291617029023,2026-09-09T11:02:59.996000Z,2026-09-09T11:03:59.996000Z,100.0,100.0,60.0,,noise,0,Noise,timeofday:America/Anchorage:day7-19:night1-5,AM,2.0-20.0,248.498135392651,2947.2584510691536,223.2850246104529,3047.5082329117167,0.8073705882905039,6.8612447982794755,25.522105625890458,,,266.39065574664994,11.439996738511882
120,,AM,R1796,00,EHZ,61.1981981981982,-149.91291617029023,2026-09-09T11:03:59.996000Z,2026-09-09T11:04:59.996000Z,100.0,100.0,60.0,,noise,0,Noise,timeofday:America/Anchorage:day7-19:night1-5,AM,2.0-20.0,204.31331061789098,1323.7415368940044,172.19678397508585,1376.2838838530224,0.7103244279063874,6.795852707339909,2.479009913624621,,,266.39065574664994,5.166412012446612
121,,AM,R1796,00,EHZ,61.1981981981982,-149.91291617029023,2026-09-09T11:04:59.996000Z,2026-09-09T11:05:59.996000Z,100.0,100.0,60.0,,noise,0,Noise,timeofday:America/Anchorage:day7-19:night1-5,AM,2.0-20.0,320.2683258915419,2187.739778762722,293.6114835736703,2139.287265704585,0.8404620257009923,4.388938040334364,3.1011959673848963,,,266.39065574664994,8.030639286909327
122,,AM,R1796,00,EHZ,61.1981981981982,-149.91291617029023,2026-09-09T11:05:59.996000Z,2026-09-09T11:06:59.996000Z,100.0,100.0,60.0,,noise,0,Noise,timeofday:America/Anchorage:day7-19:night1-5,AM,2.0-20.0,235.80717616322067,2117.7383097037296,209.08592763016554,2031.2133642667013,0.7862045860004045,5.917503366782034,8.347350870194129,,,266.39065574664994,7.624942243463979
123,,AM,R1796,00,EHZ,61.1981981981982,-149.91291617029023,2026-09-09T11:06:59.996000Z,2026-09-09T11:07:59.996000Z,100.0,100.0,60.0,,noise,0,Noise,timeofday:America/Anchorage:day7-19:night1-5,AM,2.0-20.0,264.1023965815375,2366.262443351215,231.27443503166057,2229.2110462841256,0.7668502668176326,4.321396122081499,6.309594576045509,,,266.39065574664994,8.36820285620007
124,,AM,R1796,00,EHZ,61.1981981981982,-149.91291617029023,2026-09-09T11:07:59.996000Z,2026-09-09T11:08:59.996000Z,100.0,100.0,60.0,,noise,0,Noise,timeofday:America/Anchorage:day7-19:night1-5,AM,2.0-20.0,284.57270589278403,3478.2631775985988,259.563561553677,3184.159738765293,0.8319571574052951,5.9096574346922095,14.570703257415136,,,266.39065574664994,11.952970834658625
125,,AM,R1796,00,EHZ,61.1981981981982,-149.91291617029023,2026-09-09T11:08:59.996000Z,2026-09-09T11:09:59.996000Z,100.0,100.0,60.0,,noise,0,Noise,timeofday:America/Anchorage:day7-19:night1-5,AM,2.0-20.0,220.6855745932332,1541.264124935705,192.7921504740177,1487.8913510454677,0.7631867179882927,3.4145861196639586,3.3974203519021975,,,266.39065574664994,5.585373656876773
126,,AM,R1796,00,EHZ,61.1981981981982,-149.91291617029023,2026-09-09T11:09:59.996000Z,2026-09-09T11:10:59.996000Z,100.0,100.0,60.0,,noise,0,Noise,timeofday:America/Anchorage:day7-19:night1-5,AM,2.0-20.0,248.77080613942994,2137.7342173654165,218.3857027573153,2360.9138139874535,0.7706365061056846,5.978439494284392,11.920193409216703,,,266.39065574664994,8.862599956331778
127,,AM,R1796,00,EHZ,61.1981981981982,-149.91291617029023,2026-09-09T11:10:59.996000Z,2026-09-09T11:11:59.996000Z,100.0,100.0,60.0,,noise,0,Noise,timeofday:America/Anchorage:day7-19:night1-5,AM,2.0-20.0,232.49172326141894,1324.2664177660893,205.04942702055084,1269.4507620466052,0.7778612317689585,2.6314678487083447,1.8825072725643492,,,266.39065574664994,4.765372713575632
128,,AM,R1796,00,EHZ,61.1981981981982,-149.91291617029023,2026-09-09T11:11:59.996000Z,2026-09-09T11:12:59.996000Z,100.0,100.0,60.0,,noise,0,Noise,timeofday:America/Anchorage:day7-19:night1-5,AM,2.0-20.0,274.66418707926806,3055.7320843993425,245.14659994831223,3136.747883467525,0.7966135252216473,5.638053750502252,15.33741628041054,,,266.39065574664994,11.774992162077636
129,,AM,R1796,00,EHZ,61.1981981981982,-149.91291617029023,2026-09-09T11:12:59.996000Z,2026-09-09T11:13:59.996000Z,100.0,100.0,60.0,,noise,0,Noise,timeofday:America/Anchorage:day7-19:night1-5,AM,2.0-20.0,295.16573522723803,2476.730969298746,272.8214285039056,2115.951000787214,0.8543288580922763,4.780651899144417,3.5496027713761924,,,266.39065574664994,7.943037622158876
130,,AM,R1796,00,EHZ,61.1981981981982,-149.91291617029023,2026-09-09T11:13:59.996000Z,2026-09-09T11:14:59.996000Z,100.0,100.0,60.0,,noise,0,Noise,timeofday:America/Anchorage:day7-19:night1-5,AM,2.0-20.0,218.817835174723,1741.2698446927145,189.8317697956438,1964.1942602587844,0.752614115001747,3.4489221643221413,6.2940447853291825,,,266.39065574664994,7.3733602057229275
131,,AM,R1796,00,EHZ,61.1981981981982,-149.91291617029023,2026-09-09T11:14:59.996000Z,2026-09-09T11:15:59.996000Z,100.0,100.0,60.0,,noise,0,Noise,timeofday:America/Anchorage:day7-19:night1-5,AM,2.0-20.0,292.96356597524834,1655.72814948036,266.39065574664994,1727.5541913998654,0.8268195698176574,4.200286996510263,2.500075882291463,,,266.39065574664994,6.485040500230049
132,,AM,R1796,00,EHZ,61.1981981981982,-149.91291617029023,2026-09-09T11:15:59.996000Z,2026-09-09T11:16:59.996000Z,100.0,100.0,60.0,,noise,0,Noise,timeofday:America/Anchorage:day7-19:night1-5,AM,2.0-20.0,358.13952020409295,3925.7271037796804,335.6007398410401,3983.753751187396,0.878094636074796,7.283846264215904,15.723150305018528,,,266.39065574664994,14.95455514391666
133,,AM,R1796,00,EHZ,61.1981981981982,-149.91291617029023,2026-09-09T11:16:59.996000Z,2026-09-09T11:17:59.996000Z,100.0,100.0,60.0,,noise,0,Noise,timeofday:America/Anchorage:day7-19:night1-5,AM,2.0-20.0,225.9515794179517,1187.7258878705313,197.18393641258717,1134.0246094949293,0.7615743380076976,3.746977543753267,1.5909473391443054,,,266.39065574664994,4.256998453329535
134,,AM,R1796,00,EHZ,61.1981981981982,-149.91291617029023,2026-09-09T11:17:59.996000Z,2026-09-09T11:18:59.996000Z,100.0,100.0,60.0,,noise,0,Noise,timeofday:America/Anchorage:day7-19:night1-5,AM,2.0-20.0,260.2601268572888,1635.2752718039967,236.11333299265664,1470.5017882940704,0.8230491093462511,3.390795891226379,2.2115389023876473,,,266.39065574664994,5.5200952307148
135,,AM,R1796,00,EHZ,61.1981981981982,-149.91291617029023,2026-09-09T11:18:59.996000Z,2026-09-09T11:19:59.996000Z,100.0,100.0,60.0,,traffic,1,Traffic,timeofday:America/Anchorage:day7-19:night1-5+burst>=20x,AM,2.0-20.0,976.2569671709371,10273.276165915691,951.9610887513801,11094.316502441747,0.9508458196778784,7.5368418923365645,23.844889268460705,,,266.39065574664994,41.64679302037142
136,,AM,R1796,00,EHZ,61.1981981981982,-149.91291617029023,2026-09-09T11:19:59.996000Z,2026-09-09T11:20:59.996000Z,100.0,100.0,60.0,,noise,0,Noise,timeofday:America/Anchorage:day7-19:night1-5,AM,2.0-20.0,337.406851415556,4262.277434109871,315.33382536092995,3784.9472741001546,0.8734404974856049,6.36141586368626,16.635095512064325,,,266.39065574664994,14.208258407156059
137,,AM,R1796,00,EHZ,61.1981981981982,-149.91291617029023,2026-09-09T11:20:59.996000Z,2026-09-09T11:21:59.996000Z,100.0,100.0,60.0,,noise,0,Noise,timeofday:America/Anchorage:day7-19:night1-5,AM,2.0-20.0,340.73995064501287,2560.278105351908,320.8473696426111,2616.903320487737,0.886647214723151,4.923884711434302,7.899035820398636,,,266.39065574664994,9.82355523377117
138,,AM,R1796,00,EHZ,61.1981981981982,-149.91291617029023,2026-09-09T11:21:59.996000Z,2026-09-09T11:22:59.996000Z,100.0,100.0,60.0,,traffic,1,Traffic,timeofday:America/Anchorage:day7-19:night1-5+burst>=20x,AM,2.0-20.0,523.2310800713365,8676.721147235412,509.0092194633434,8618.557958315025,0.9463771168079353,7.757766339036429,65.17211368460922,,,266.39065574664994,32.353079105416064
139,,AM,R1796,00,EHZ,61.1981981981982,-149.91291617029023,2026-09-09T11:22:59.996000Z,2026-09-09T11:23:59.996000Z,100.0,100.0,60.0,,traffic,1,Traffic,timeofday:America/Anchorage:day7-19:night1-5+burst>=20x,AM,2.0-20.0,531.9053872723567,6205.2806893234165,509.8338375812126,6578.568674834278,0.9187313461500185,5.621863433647399,18.981602449992195,,,266.39065574664994,24.695193066722304
140,,AM,R1796,00,EHZ,61.1981981981982,-149.91291617029023,2026-09-09T11:23:59.996000Z,2026-09-09T11:24:59.996000Z,100.0,100.0,60.0,,noise,0,Noise,timeofday:America/Anchorage:day7-19:night1-5,AM,2.0-20.0,246.2840042534467,1541.2810620893772,208.1581911610457,1459.0627079670635,0.7143558384741276,1.9433270691380877,1.2406104674731377,,,266.39065574664994,5.477154233798279
141,,AM,R1796,00,EHZ,61.1981981981982,-149.91291617029023,2026-09-09T11:24:59.996000Z,2026-09-09T11:25:59.996000Z,100.0,100.0,60.0,,noise,0,Noise,timeofday:America/Anchorage:day7-19:night1-5,AM,2.0-20.0,336.18846960563906,3143.2826750262516,316.35004478629617,3161.8235851401714,0.8854624979096496,6.038773272787598,10.780756001313005,,,266.39065574664994,11.869123473111664
142,,AM,R1796,00,EHZ,61.1981981981982,-149.91291617029023,2026-09-09T11:25:59.996000Z,2026-09-09T11:26:59.996000Z,100.0,100.0,60.0,,noise,0,Noise,timeofday:America/Anchorage:day7-19:night1-5,AM,2.0-20.0,265.6713723499825,2109.7157205002827,244.6278763299881,2004.224286038679,0.8478565350507026,5.101927918454262,9.494888776895777,,,266.39065574664994,7.5236283360659275
143,,AM,R1796,00,EHZ,61.1981981981982,-149.91291617029023,2026-09-09T11:26:59.996000Z,2026-09-09T11:27:59.996000Z,100.0,100.0,60.0,,noise,0,Noise,timeofday:America/Anchorage:day7-19:night1-5,AM,2.0-20.0,250.3878802774958,2152.7150532078363,223.32675140842417,1802.0324359404708,0.7955269376330767,5.062613690188553,6.226596318260707,,,266.39065574664994,6.764623296900806
144,,AM,R1796,00,EHZ,61.1981981981982,-149.91291617029023,2026-09-09T11:27:59.996000Z,2026-09-09T11:28:59.996000Z,100.0,100.0,60.0,,noise,0,Noise,timeofday:America/Anchorage:day7-19:night1-5,AM,2.0-20.0,203.3641529657331,1069.28572881076,170.84770850086502,926.2508163041613,0.7057802675489249,3.5248292145882125,0.6070847314963941,,,266.39065574664994,3.4770394393453103
145,,AM,R1796,00,EHZ,61.1981981981982,-149.91291617029023,2026-09-09T11:28:59.996000Z,2026-09-09T11:29:59.996000Z,100.0,100.0,60.0,,noise,0,Noise,timeofday:America/Anchorage:day7-19:night1-5,AM,2.0-20.0,277.2090803898511,2986.287614081191,257.3081014158701,2847.669470200286,0.8615728726205055,5.351147751385082,17.64794418751042,,,266.39065574664994,10.689824919792057
146,,AM,R1796,00,EHZ,61.1981981981982,-149.91291617029023,2026-09-09T11:29:59.996000Z,2026-09-09T11:30:59.996000Z,100.0,100.0,60.0,,noise,0,Noise,timeofday:America/Anchorage:day7-19:night1-5,AM,2.0-20.0,232.32165386340557,1097.2878029091528,202.23222883783902,1091.6064303123003,0.7577419918114909,2.378673370474632,0.9304555597293689,,,266.39065574664994,4.09776546873502
147,,AM,R1796,00,EHZ,61.1981981981982,-149.91291617029023,2026-09-09T11:30:59.996000Z,2026-09-09T11:31:59.996000Z,100.0,100.0,60.0,,noise,0,Noise,timeofday:America/Anchorage:day7-19:night1-5,AM,2.0-20.0,424.83205404439207,4074.710782573797,402.95530501640206,4004.085082481676,0.8996616349796804,4.167246009290946,10.746632251787009,,,266.39065574664994,15.030876632135888
148,,AM,R1796,00,EHZ,61.1981981981982,-149.91291617029023,2026-09-09T11:31:59.996000Z,2026-09-09T11:32:59.996000Z,100.0,100.0,60.0,,noise,0,Noise,timeofday:America/Anchorage:day7-19:night1-5,AM,2.0-20.0,305.26547637098065,2780.290857634043,282.4387759321735,2469.739367963508,0.8560384246606701,5.244910196473995,8.127890003642262,,,266.39065574664994,9.271118617284934
149,,AM,R1796,00,EHZ,61.1981981981982,-149.91291617029023,2026-09-09T11:32:59.996000Z,2026-09-09T11:33:59.996000Z,100.0,100.0,60.0,,noise,0,Noise,timeofday:America/Anchorage:day7-19:night1-5,AM,2.0-20.0,237.25674102757694,1471.2920509741136,202.4290318337715,1359.2513880231877,0.7279616065322139,4.346535528146812,2.0331858954997823,,,266.39065574664994,5.102473974597292
150,,AM,R1796,00,EHZ,61.1981981981982,-149.91291617029023,2026-09-09T11:33:59.996000Z,2026-09-09T11:34:59.996000Z,100.0,100.0,60.0,,traffic,1,Traffic,timeofday:America/Anchorage:day7-19:night1-5+burst>=20x,AM,2.0-20.0,491.99861728258344,5467.292978939427,442.97446136390835,5370.337564283822,0.8106429554786581,5.406893279103388,22.249630581140018,,,266.39065574664994,20.159631910630026
151,,AM,R1796,00,EHZ,61.1981981981982,-149.91291617029023,2026-09-09T11:34:59.996000Z,2026-09-09T11:35:59.996000Z,100.0,100.0,60.0,,noise,0,Noise,timeofday:America/Anchorage:day7-19:night1-5,AM,2.0-20.0,249.80520904694163,1743.2939251480796,220.07865161088046,1755.762814102772,0.7761628511242512,5.35546700544351,5.741028460145177,,,266.39065574664994,6.590932437857674
152,,AM,R1796,00,EHZ,61.1981981981982,-149.91291617029023,2026-09-09T11:35:59.996000Z,2026-09-09T11:36:59.996000Z,100.0,100.0,60.0,,noise,0,Noise,timeofday:America/Anchorage:day7-19:night1-5,AM,2.0-20.0,256.8926122960551,2050.295063193907,231.99453389037268,1811.5551219734425,0.8155531600166996,4.504647378589347,5.803824206841762,,,266.39065574664994,6.800370369208133
153,,AM,R1796,00,EHZ,61.1981981981982,-149.91291617029023,2026-09-09T11:36:59.996000Z,2026-09-09T11:37:59.996000Z,100.0,100.0,60.0,,noise,0,Noise,timeofday:America/Anchorage:day7-19:night1-5,AM,2.0-20.0,298.4956994164223,2440.296164753055,274.1338857253884,2656.7533590838048,0.8434304717502955,5.941655687713991,8.349269226353028,,,266.39065574664994,9.97314771284809
154,,AM,R1796,00,EHZ,61.1981981981982,-149.91291617029023,2026-09-09T11:37:59.996000Z,2026-09-09T11:38:59.996000Z,100.0,100.0,60.0,,noise,0,Noise,timeofday:America/Anchorage:day7-19:night1-5,AM,2.0-20.0,322.2600898656019,3323.7031198071295,299.7996728377649,3457.368714419511,0.865464505839931,5.744888048450778,20.358636260468305,,,266.39065574664994,12.978566026383566
155,,AM,R1796,00,EHZ,61.1981981981982,-149.91291617029023,2026-09-09T11:38:59.996000Z,2026-09-09T11:39:59.996000Z,100.0,100.0,60.0,,traffic,1,Traffic,timeofday:America/Anchorage:day7-19:night1-5+burst>=20x,AM,2.0-20.0,1729.996265252126,21615.298236594535,1719.1482703665226,21385.97237708068,0.9874982579330148,7.803952935699011,32.99710411148201,,,266.39065574664994,80.28049000870266
156,,AM,R1796,00,EHZ,61.1981981981982,-149.91291617029023,2026-09-09T11:39:59.996000Z,2026-09-09T11:40:59.996000Z,100.0,100.0,60.0,,noise,0,Noise,timeofday:America/Anchorage:day7-19:night1-5,AM,2.0-20.0,327.56050641620686,4318.699861020147,301.4874032668111,4716.7831005857915,0.8471401677753915,7.647958261362232,45.651706151737706,,,266.39065574664994,17.706263334820854
157,,AM,R1796,00,EHZ,61.1981981981982,-149.91291617029023,2026-09-09T11:40:59.996000Z,2026-09-09T11:41:59.996000Z,100.0,100.0,60.0,,noise,0,Noise,timeofday:America/Anchorage:day7-19:night1-5,AM,2.0-20.0,356.09500079500623,2873.6987705574634,333.3228872226987,2646.6151163072773,0.8761904527564193,5.3598480951156935,5.288434009272045,,,266.39065574664994,9.935089911052785
158,,AM,R1796,00,EHZ,61.1981981981982,-149.91291617029023,2026-09-09T11:41:59.996000Z,2026-09-09T11:42:59.996000Z,100.0,100.0,60.0,,traffic,1,Traffic,timeofday:America/Anchorage:day7-19:night1-5+burst>=20x,AM,2.0-20.0,910.5942771131059,10173.697740655143,885.398465111333,10313.409688973821,0.9454263371613454,5.522580071447342,21.964675073134327,,,266.39065574664994,38.71535831490411
159,,AM,R1796,00,EHZ,61.1981981981982,-149.91291617029023,2026-09-09T11:42:59.996000Z,2026-09-09T11:43:59.996000Z,100.0,100.0,60.0,,noise,0,Noise,timeofday:America/Anchorage:day7-19:night1-5,AM,2.0-20.0,217.8476735251537,1312.3025542474945,186.05935406047266,1260.7606817089438,0.7294527487739397,1.7167151267800436,2.218915031483159,,,266.39065574664994,4.732751147652817
160,,AM,R1796,00,EHZ,61.1981981981982,-149.91291617029023,2026-09-09T11:43:59.996000Z,2026-09-09T11:44:59.996000Z,100.0,100.0,60.0,,noise,0,Noise,timeofday:America/Anchorage:day7-19:night1-5,AM,2.0-20.0,329.69013578669217,4012.695666556751,307.90148454214966,3817.3115229753257,0.8721911164043767,7.210361654697355,25.742948860938416,,,266.39065574664994,14.329750089304065
161,,AM,R1796,00,EHZ,61.1981981981982,-149.91291617029023,2026-09-09T11:44:59.996000Z,2026-09-09T11:45:59.996000Z,100.0,100.0,60.0,,noise,0,Noise,timeofday:America/Anchorage:day7-19:night1-5,AM,2.0-20.0,378.71772157528073,2189.3057165516634,342.9080065523891,1978.1804316577272,0.819830357017857,4.901223724624931,3.2864812231886535,,,266.39065574664994,7.425862690690885
162,,AM,R1796,00,EHZ,61.1981981981982,-149.91291617029023,2026-09-09T11:45:59.996000Z,2026-09-09T11:46:59.996000Z,100.0,100.0,60.0,,noise,0,Noise,timeofday:America/Anchorage:day7-19:night1-5,AM,2.0-20.0,230.33982619315864,1697.306602576101,201.45512070550387,1779.1001597588197,0.7649244667970606,5.362606030423953,6.2932464894677835,,,266.39065574664994,6.678538159577293
163,,AM,R1796,00,EHZ,61.1981981981982,-149.91291617029023,2026-09-09T11:46:59.996000Z,2026-09-09T11:47:59.996000Z,100.0,100.0,60.0,,noise,0,Noise,timeofday:America/Anchorage:day7-19:night1-5,AM,2.0-20.0,304.6032821897039,3662.3076717862364,281.1606820536742,3527.000414846601,0.8520008322762108,6.572306707911352,15.117541532840267,,,266.39065574664994,13.239955451744315
164,,AM,R1796,00,EHZ,61.1981981981982,-149.91291617029023,2026-09-09T11:47:59.996000Z,2026-09-09T11:48:59.996000Z,100.0,100.0,60.0,,noise,0,Noise,timeofday:America/Anchorage:day7-19:night1-5,AM,2.0-20.0,322.08059714501314,1959.3084165658559,291.2671440399216,1766.253540890266,0.81781273555617,4.702573485381455,2.9566592673869545,,,266.39065574664994,6.630313424244341
165,,AM,R1796,00,EHZ,61.1981981981982,-149.91291617029023,2026-09-09T11:48:59.996000Z,2026-09-09T11:49:59.996000Z,100.0,100.0,60.0,,noise,0,Noise,timeofday:America/Anchorage:day7-19:night1-5,AM,2.0-20.0,251.80041978726868,1369.690748190135,218.07800238802304,1329.5371099127942,0.7500855879553365,3.2218827055226864,1.944045863105731,,,266.39065574664994,4.990929979080222
166,,AM,R1796,00,EHZ,61.1981981981982,-149.91291617029023,2026-09-09T11:49:59.996000Z,2026-09-09T11:50:59.996000Z,100.0,100.0,60.0,,noise,0,Noise,timeofday:America/Anchorage:day7-19:night1-5,AM,2.0-20.0,324.05135322283047,2445.3106712168824,304.06995272138124,2391.1076677685614,0.8804796734700846,4.386730162003147,5.186461846732733,,,266.39065574664994,8.975944223969393
167,,AM,R1796,00,EHZ,61.1981981981982,-149.91291617029023,2026-09-09T11:50:59.996000Z,2026-09-09T11:51:59.996000Z,100.0,100.0,60.0,,noise,0,Noise,timeofday:America/Anchorage:day7-19:night1-5,AM,2.0-20.0,235.20042024594582,1982.6884087169844,208.5015971111895,2027.6429593688115,0.785855297687752,3.1506287320038724,5.505467310694485,,,266.39065574664994,7.611539352555952
168,,AM,R1796,00,EHZ,61.1981981981982,-149.91291617029023,2026-09-09T11:51:59.996000Z,2026-09-09T11:52:59.996000Z,100.0,100.0,60.0,,noise,0,Noise,timeofday:America/Anchorage:day7-19:night1-5,AM,2.0-20.0,277.02048366331064,2391.6866180486127,251.13569802121023,2244.4797496657866,0.8218510882605407,3.483421854871171,4.6121299859943,,,266.39065574664994,8.425519819285224
169,,AM,R1796,00,EHZ,61.1981981981982,-149.91291617029023,2026-09-09T11:52:59.996000Z,2026-09-09T11:53:59.996000Z,100.0,100.0,60.0,,traffic,1,Traffic,timeofday:America/Anchorage:day7-19:night1-5+burst>=20x,AM,2.0-20.0,661.1521383274429,9413.314861730692,640.2993938062785,10380.508287023236,0.9379147537928832,6.973597338693747,57.29184581426135,,,266.39065574664994,38.967238764168926
170,,AM,R1796,00,EHZ,61.1981981981982,-149.91291617029023,2026-09-09T11:53:59.996000Z,2026-09-09T11:54:59.996000Z,100.0,100.0,60.0,,noise,0,Noise,timeofday:America/Anchorage:day7-19:night1-5,AM,2.0-20.0,494.69864587522613,4880.314983791796,477.62271641187874,4646.76323576946,0.9321557983241995,4.894942059993693,12.560031131706307,,,266.39065574664994,17.443416784816772
171,,AM,R1796,00,EHZ,61.1981981981982,-149.91291617029023,2026-09-09T11:54:59.996000Z,2026-09-09T11:55:59.996000Z,100.0,100.0,60.0,,traffic,1,Traffic,timeofday:America/Anchorage:day7-19:night1-5+burst>=20x,AM,2.0-20.0,419.2206853198176,5499.683579122079,401.7661710323798,5391.560375632136,0.9184622796528064,4.798888130004387,21.162288341198487,,,266.39065574664994,20.23929991283089
172,,AM,R1796,00,EHZ,61.1981981981982,-149.91291617029023,2026-09-09T11:55:59.996000Z,2026-09-09T11:56:59.996000Z,100.0,100.0,60.0,,noise,0,Noise,timeofday:America/Anchorage:day7-19:night1-5,AM,2.0-20.0,421.7065985848356,3127.3178013532756,398.88323546391337,2814.820249049897,0.8946862738278725,5.525601964536005,5.992170977865964,,,266.39065574664994,10.566512707288515
173,,AM,R1796,00,EHZ,61.1981981981982,-149.91291617029023,2026-09-09T11:56:59.996000Z,2026-09-09T11:57:59.996000Z,100.0,100.0,60.0,,noise,0,Noise,timeofday:America/Anchorage:day7-19:night1-5,AM,2.0-20.0,212.46988028255808,783.319309343927,177.60052181699112,641.1666211863642,0.6987048028142219,1.8353552714744432,-0.11735581912717263,,,266.39065574664994,2.406866034355739
174,,AM,R1796,00,EHZ,61.1981981981982,-149.91291617029023,2026-09-09T11:57:59.996000Z,2026-09-09T11:58:59.996000Z,100.0,100.0,60.0,,noise,0,Noise,timeofday:America/Anchorage:day7-19:night1-5,AM,2.0-20.0,237.98917193791434,1517.320039077492,213.43242664065855,1522.593400881623,0.8042784059219217,4.81992732176205,2.807185261318102,,,266.39065574664994,5.715641175979089
175,,AM,R1796,00,EHZ,61.1981981981982,-149.91291617029023,2026-09-09T11:58:59.996000Z,2026-09-09T11:59:59.996000Z,100.0,100.0,60.0,,noise,0,Noise,timeofday:America/Anchorage:day7-19:night1-5,AM,2.0-20.0,231.50054474137204,1880.3207056176373,200.10764177724548,1766.3073826070176,0.7471766878246321,5.039620958708044,7.1850974914222,,,266.39065574664994,6.630515539880119
176,,AM,R1796,00,EHZ,61.1981981981982,-149.91291617029023,2026-09-09T11:59:59.996000Z,2026-09-09T12:00:59.996000Z,100.0,100.0,60.0,,noise,0,Noise,timeofday:America/Anchorage:day7-19:night1-5,AM,2.0-20.0,355.05056682661694,3551.3227270548464,328.5920017095555,3255.599079634717,0.8565122040346326,4.550736649237606,13.9487353680749,,,266.39065574664994,12.22114593512974
177,,AM,R1796,00,EHZ,61.1981981981982,-149.91291617029023,2026-09-09T12:00:59.996000Z,2026-09-09T12:01:59.996000Z,100.0,100.0,60.0,,noise,0,Noise,timeofday:America/Anchorage:day7-19:night1-5,AM,2.0-20.0,258.6244565827283,1666.322794762081,225.8938089327226,1761.476537554889,0.7629032666328921,2.730534484687675,3.4095147881202275,,,266.39065574664994,6.6123811010478395
178,,AM,R1796,00,EHZ,61.1981981981982,-149.91291617029023,2026-09-09T12:01:59.996000Z,2026-09-09T12:02:59.996000Z,100.0,100.0,60.0,,noise,0,Noise,timeofday:America/Anchorage:day7-19:night1-5,AM,2.0-20.0,383.4841999748627,3074.6759351629757,358.54861239112046,2896.1056053954126,0.8741805547320576,4.905132445685134,7.412558087042234,,,266.39065574664994,10.871648621751003
179,,AM,R1796,00,EHZ,61.1981981981982,-149.91291617029023,2026-09-09T12:02:59.996000Z,2026-09-09T12:03:59.996000Z,100.0,100.0,60.0,,noise,0,Noise,timeofday:America/Anchorage:day7-19:night1-5,AM,2.0-20.0,279.87603705103436,2245.6748031355733,255.11028788282223,1990.3199692754995,0.8308536154605874,4.425352415527338,6.092756504020052,,,266.39065574664994,7.471433124022141
180,,AM,R1796,00,EHZ,61.1981981981982,-149.91291617029023,2026-09-09T12:03:59.996000Z,2026-09-09T12:04:59.996000Z,100.0,100.0,60.0,,noise,0,Noise,timeofday:America/Anchorage:day7-19:night1-5,AM,2.0-20.0,294.3054780516993,3721.326953491103,266.19479748389875,3962.7418423040226,0.818092544628358,7.126286604199951,41.73856481149483,,,266.39065574664994,14.87567884540506
181,,AM,R1796,00,EHZ,61.1981981981982,-149.91291617029023,2026-09-09T12:04:59.996000Z,2026-09-09T12:05:59.996000Z,100.0,100.0,60.0,,noise,0,Noise,timeofday:America/Anchorage:day7-19:night1-5,AM,2.0-20.0,238.29935233755677,1316.6718672744998,211.34622872019216,1323.0346884924293,0.7865806912904848,4.359876995920094,2.277618997253854,,,266.39065574664994,4.966520634082216
182,,AM,R1796,00,EHZ,61.1981981981982,-149.91291617029023,2026-09-09T12:05:59.996000Z,2026-09-09T12:06:59.996000Z,100.0,100.0,60.0,,noise,0,Noise,timeofday:America/Anchorage:day7-19:night1-5,AM,2.0-20.0,286.12390077544126,3729.6712295099337,259.6013695608676,3714.7603315810834,0.8232006111495582,7.58925105527509,38.09176778564931,,,266.39065574664994,13.9447846665988
183,,AM,R1796,00,EHZ,61.1981981981982,-149.91291617029023,2026-09-09T12:06:59.996000Z,2026-09-09T12:07:59.996000Z,100.0,100.0,60.0,,noise,0,Noise,timeofday:America/Anchorage:day7-19:night1-5,AM,2.0-20.0,397.83844098138184,3052.669385051921,335.7173327004823,2907.5369557261247,0.7120886100182513,4.842624293628144,7.079335759249796,,,266.39065574664994,10.914560601147096
184,,AM,R1796,00,EHZ,61.1981981981982,-149.91291617029023,2026-09-09T12:07:59.996000Z,2026-09-09T12:08:59.996000Z,100.0,100.0,60.0,,noise,0,Noise,timeofday:America/Anchorage:day7-19:night1-5,AM,2.0-20.0,318.7439186814989,1888.6683101995175,264.4190993180006,1689.8205043054782,0.6881796529602838,4.747135443112654,2.6202569272606135,,,266.39065574664994,6.343392562209753
185,,AM,R1796,00,EHZ,61.1981981981982,-149.91291617029023,2026-09-09T12:08:59.996000Z,2026-09-09T12:09:59.996000Z,100.0,100.0,60.0,,noise,0,Noise,timeofday:America/Anchorage:day7-19:night1-5,AM,2.0-20.0,339.1736842905683,2192.332753744498,294.31280578071676,1814.5897877984407,0.7529636661310078,3.638072683957321,3.865055644228339,,,266.39065574664994,6.811762157018755
186,,AM,R1796,00,EHZ,61.1981981981982,-149.91291617029023,2026-09-09T12:09:59.996000Z,2026-09-09T12:10:59.996000Z,100.0,100.0,60.0,,noise,0,Noise,timeofday:America/Anchorage:day7-19:night1-5,AM,2.0-20.0,364.31878351688,2899.333610241059,309.31051267020194,2928.9958552334356,0.7208190160886885,4.6628585668431635,6.501014934346497,,,266.39065574664994,10.995114851247067
187,,AM,R1796,00,EHZ,61.1981981981982,-149.91291617029023,2026-09-09T12:10:59.996000Z,2026-09-09T12:11:59.996000Z,100.0,100.0,60.0,,noise,0,Noise,timeofday:America/Anchorage:day7-19:night1-5,AM,2.0-20.0,255.06681527881818,1686.6649276587511,215.2225075492225,1657.9516982140065,0.7119794435022372,3.8308319856704576,2.9541945749157748,,,266.39065574664994,6.223760715506465
188,,AM,R1796,00,EHZ,61.1981981981982,-149.91291617029023,2026-09-09T12:11:59.996000Z,2026-09-09T12:12:59.996000Z,100.0,100.0,60.0,,traffic,1,Traffic,timeofday:America/Anchorage:day7-19:night1-5+burst>=20x,AM,2.0-20.0,671.5012886741869,7268.335544975384,638.92507907055,6621.934167567211,0.9053284531999692,7.4622907166900205,23.888675203702395,,,266.39065574664994,24.85798215784634
189,,AM,R1796,00,EHZ,61.1981981981982,-149.91291617029023,2026-09-09T12:12:59.996000Z,2026-09-09T12:13:59.996000Z,100.0,100.0,60.0,,traffic,1,Traffic,timeofday:America/Anchorage:day7-19:night1-5+burst>=20x,AM,2.0-20.0,636.527376218003,7498.336739255837,576.641977963964,7223.5927819798035,0.8206884769179145,6.429934402775944,22.399284272938505,,,266.39065574664994,27.11653966139781
190,,AM,R1796,00,EHZ,61.1981981981982,-149.91291617029023,2026-09-09T12:13:59.996000Z,2026-09-09T12:14:59.996000Z,100.0,100.0,60.0,,noise,0,Noise,timeofday:America/Anchorage:day7-19:night1-5,AM,2.0-20.0,540.8084638258925,2766.6622940352668,453.6580570205137,2543.054705594539,0.7036720435733075,4.074795105168909,0.8850442705138568,,,266.39065574664994,9.54633599465705
191,,AM,R1796,00,EHZ,61.1981981981982,-149.91291617029023,2026-09-09T12:14:59.996000Z,2026-09-09T12:15:59.996000Z,100.0,100.0,60.0,,noise,0,Noise,timeofday:America/Anchorage:day7-19:night1-5,AM,2.0-20.0,469.2833976876612,4471.339642767894,436.22981085489533,4574.021365557819,0.8640926314246773,6.074067999670074,13.233562775015866,,,266.39065574664994,17.170352138432097
192,,AM,R1796,00,EHZ,61.1981981981982,-149.91291617029023,2026-09-09T12:15:59.996000Z,2026-09-09T12:16:59.996000Z,100.0,100.0,60.0,,noise,0,Noise,timeofday:America/Anchorage:day7-19:night1-5,AM,2.0-20.0,290.48731888468757,2757.6594508954936,264.20957417212264,2526.1417421725437,0.8272613718759206,5.9313073578883735,9.118673083803074,,,266.39065574664994,9.482846667771348
193,,AM,R1796,00,EHZ,61.1981981981982,-149.91291617029023,2026-09-09T12:16:59.996000Z,2026-09-09T12:17:59.996000Z,100.0,100.0,60.0,,noise,0,Noise,timeofday:America/Anchorage:day7-19:night1-5,AM,2.0-20.0,507.46725055794593,4861.341299150242,444.6124995026814,5243.787532724797,0.7676217919926416,5.938756655669257,17.697649624339476,,,266.39065574664994,19.68457759160999
194,,AM,R1796,00,EHZ,61.1981981981982,-149.91291617029023,2026-09-09T12:17:59.996000Z,2026-09-09T12:18:59.996000Z,100.0,100.0,60.0,,noise,0,Noise,timeofday:America/Anchorage:day7-19:night1-5,AM,2.0-20.0,431.0435419987459,3951.3423623419562,408.2532783363332,4321.797068075243,0.8970508792424697,6.6940879437850995,12.356178892616304,,,266.39065574664994,16.22353102424687
195,,AM,R1796,00,EHZ,61.1981981981982,-149.91291617029023,2026-09-09T12:18:59.996000Z,2026-09-09T12:19:59.996000Z,100.0,100.0,60.0,,noise,0,Noise,timeofday:America/Anchorage:day7-19:night1-5,AM,2.0-20.0,407.1630408170545,3416.6565037498826,363.01668343201044,3345.118816192615,0.7949072739450601,7.066843443452759,11.597438241063204,,,266.39065574664994,12.557192769456526
196,,AM,R1796,00,EHZ,61.1981981981982,-149.91291617029023,2026-09-09T12:19:59.996000Z,2026-09-09T12:20:59.996000Z,100.0,100.0,60.0,,noise,0,Noise,timeofday:America/Anchorage:day7-19:night1-5,AM,2.0-20.0,430.80561907171216,2645.6549397126823,400.77657102340555,2755.5120426211424,0.8654498996898213,5.614441230296899,5.549702265268927,,,266.39065574664994,10.343876495584606
197,,AM,R1796,00,EHZ,61.1981981981982,-149.91291617029023,2026-09-09T12:20:59.996000Z,2026-09-09T12:21:59.996000Z,100.0,100.0,60.0,,noise,0,Noise,timeofday:America/Anchorage:day7-19:night1-5,AM,2.0-20.0,361.20971535967703,3119.654473849269,331.8917015615493,3096.1354046312335,0.8442555835687219,6.193217671329419,8.06961527133523,,,266.39065574664994,11.622537569695403
198,,AM,R1796,00,EHZ,61.1981981981982,-149.91291617029023,2026-09-09T12:21:59.996000Z,2026-09-09T12:22:59.996000Z,100.0,100.0,60.0,,noise,0,Noise,timeofday:America/Anchorage:day7-19:night1-5,AM,2.0-20.0,358.9246443504461,2485.346580690964,325.6777399386909,2549.949056968583,0.8233217598683689,4.3974740884187105,6.744467438548506,,,266.39065574664994,9.572216599795846
199,,AM,R1796,00,EHZ,61.1981981981982,-149.91291617029023,2026-09-09T12:22:59.996000Z,2026-09-09T12:23:59.996000Z,100.0,100.0,60.0,,noise,0,Noise,timeofday:America/Anchorage:day7-19:night1-5,AM,2.0-20.0,382.6904296538629,2801.3480847320257,321.0710921811681,2748.2375608231023,0.7038939099966829,3.898744131844169,4.8915483704431315,,,266.39065574664994,10.31656892438752
200,,AM,R1796,00,EHZ,61.1981981981982,-149.91291617029023,2026-09-09T12:23:59.996000Z,2026-09-09T12:24:59.996000Z,100.0,100.0,60.0,,noise,0,Noise,timeofday:America/Anchorage:day7-19:night1-5,AM,2.0-20.0,267.53327459555845,1335.3487965984034,209.2061800033969,1393.1163180695385,0.6114957014092569,2.775350609045714,0.9088351782165542,,,266.39065574664994,5.229599041921567
201,,AM,R1796,00,EHZ,61.1981981981982,-149.91291617029023,2026-09-09T12:24:59.996000Z,2026-09-09T12:25:59.996000Z,100.0,100.0,60.0,,noise,0,Noise,timeofday:America/Anchorage:day7-19:night1-5,AM,2.0-20.0,273.51864825539775,2301.6491650375815,238.66623751011755,1934.703953002082,0.7613916160865379,4.2207407744807215,4.784537852635081,,,266.39065574664994,7.262656971129185
202,,AM,R1796,00,EHZ,61.1981981981982,-149.91291617029023,2026-09-09T12:25:59.996000Z,2026-09-09T12:26:59.996000Z,100.0,100.0,60.0,,traffic,1,Traffic,timeofday:America/Anchorage:day7-19:night1-5+burst>=20x,AM,2.0-20.0,532.0445566963455,6874.648446588554,505.4192714933173,6494.542098430384,0.9024176610308186,4.890752779572471,19.665120866153107,,,266.39065574664994,24.37976692623558
203,,AM,R1796,00,EHZ,61.1981981981982,-149.91291617029023,2026-09-09T12:26:59.996000Z,2026-09-09T12:27:59.996000Z,100.0,100.0,60.0,,noise,0,Noise,timeofday:America/Anchorage:day7-19:night1-5,AM,2.0-20.0,398.2283148171837,2773.6473299833547,363.36087943720645,2767.8423760593396,0.83255333346175,4.721249464024061,3.8747427021801855,,,266.39065574664994,10.39016315456533
204,,AM,R1796,00,EHZ,61.1981981981982,-149.91291617029023,2026-09-09T12:27:59.996000Z,2026-09-09T12:28:59.996000Z,100.0,100.0,60.0,,noise,0,Noise,timeofday:America/Anchorage:day7-19:night1-5,AM,2.0-20.0,447.02766421769644,5093.645712532666,410.28381660397173,5026.337731892539,0.8423643395799614,6.796800627212858,20.67228546971977,,,266.39065574664994,18.868295953566864
205,,AM,R1796,00,EHZ,61.1981981981982,-149.91291617029023,2026-09-09T12:28:59.996000Z,2026-09-09T12:29:59.996000Z,100.0,100.0,60.0,,traffic,1,Traffic,timeofday:America/Anchorage:day7-19:night1-5+burst>=20x,AM,2.0-20.0,1324.4454075556826,16791.64477121398,1153.1075920332842,14865.677217909591,0.758004073474086,7.925173548409873,31.59195523354309,,,266.39065574664994,55.80404904309989
206,,AM,R1796,00,EHZ,61.1981981981982,-149.91291617029023,2026-09-09T12:29:59.996000Z,2026-09-09T12:30:59.996000Z,100.0,100.0,60.0,,traffic,1,Traffic,timeofday:America/Anchorage:day7-19:night1-5+burst>=20x,AM,2.0-20.0,1482.0770846996718,16138.355936326656,1453.0380027135548,15595.05734589944,0.9611968991205795,7.58660960683318,20.696338510051355,,,266.39065574664994,58.542058474945435
207,,AM,R1796,00,EHZ,61.1981981981982,-149.91291617029023,2026-09-09T12:30:59.996000Z,2026-09-09T12:31:59.996000Z,100.0,100.0,60.0,,noise,0,Noise,timeofday:America/Anchorage:day7-19:night1-5,AM,2.0-20.0,320.7204827213081,3879.643130818064,289.14043543659216,3571.5243861556464,0.8127636417965202,5.601625335419632,12.879902209316588,,,266.39065574664994,13.407093338710553
208,,AM,R1796,00,EHZ,61.1981981981982,-149.91291617029023,2026-09-09T12:31:59.996000Z,2026-09-09T12:32:59.996000Z,100.0,100.0,60.0,,noise,0,Noise,timeofday:America/Anchorage:day7-19:night1-5,AM,2.0-20.0,294.302933552064,1678.358102205971,264.15925086148155,1778.7700828336215,0.8056426817265625,3.8749827517935924,3.1969889335173196,,,266.39065574664994,6.677299088618617
209,,AM,R1796,00,EHZ,61.1981981981982,-149.91291617029023,2026-09-09T12:32:59.996000Z,2026-09-09T12:33:59.996000Z,100.0,100.0,60.0,,noise,0,Noise,timeofday:America/Anchorage:day7-19:night1-5,AM,2.0-20.0,271.9042511051386,1379.6401212313347,233.79776750382644,1381.9702956311748,0.7393476969329755,2.854184293461568,1.442909287585242,,,266.39065574664994,5.187758150741946
210,,AM,R1796,00,EHZ,61.1981981981982,-149.91291617029023,2026-09-09T12:33:59.996000Z,2026-09-09T12:34:59.996000Z,100.0,100.0,60.0,,noise,0,Noise,timeofday:America/Anchorage:day7-19:night1-5,AM,2.0-20.0,313.205617955445,2761.3609402677007,277.44839194473934,2612.94834063525,0.7847030440262965,5.8888491204390325,11.044955993188703,,,266.39065574664994,9.80870869254621
211,,AM,R1796,00,EHZ,61.1981981981982,-149.91291617029023,2026-09-09T12:34:59.996000Z,2026-09-09T12:35:59.996000Z,100.0,100.0,60.0,,traffic,1,Traffic,timeofday:America/Anchorage:day7-19:night1-5+burst>=20x,AM,2.0-20.0,1288.3057905154344,14610.63845939479,1267.455463222699,13423.897839234516,0.9678933317386227,6.008449285287355,26.18965566733891,,,266.39065574664994,50.39177444722864
212,,AM,R1796,00,EHZ,61.1981981981982,-149.91291617029023,2026-09-09T12:35:59.996000Z,2026-09-09T12:36:59.996000Z,100.0,100.0,60.0,,noise,0,Noise,timeofday:America/Anchorage:day7-19:night1-5,AM,2.0-20.0,362.5575443972759,3384.6366218955795,330.3552377418258,3537.7990912187797,0.8302492660268774,5.96381963689943,12.675135932444773,,,266.39065574664994,13.280492445588607
213,,AM,R1796,00,EHZ,61.1981981981982,-149.91291617029023,2026-09-09T12:36:59.996000Z,2026-09-09T12:37:59.996000Z,100.0,100.0,60.0,,traffic,1,Traffic,timeofday:America/Anchorage:day7-19:night1-5+burst>=20x,AM,2.0-20.0,623.1818712318179,5503.363757829179,585.6374234699897,5375.728574962939,0.8831368785525731,5.7312552768883585,15.280942707005313,,,266.39065574664994,20.17986914704512
214,,AM,R1796,00,EHZ,61.1981981981982,-149.91291617029023,2026-09-09T12:37:59.996000Z,2026-09-09T12:38:59.996000Z,100.0,100.0,60.0,,noise,0,Noise,timeofday:America/Anchorage:day7-19:night1-5,AM,2.0-20.0,290.8661746212273,1779.6344712503912,240.67804976887453,1710.6013456304554,0.6846782452017479,4.4855839281959495,2.7042681166940614,,,266.39065574664994,6.421401459581667
215,,AM,R1796,00,EHZ,61.1981981981982,-149.91291617029023,2026-09-09T12:38:59.996000Z,2026-09-09T12:39:59.996000Z,100.0,100.0,60.0,,traffic,1,Traffic,timeofday:America/Anchorage:day7-19:night1-5+burst>=20x,AM,2.0-20.0,949.1810183429917,10218.633963069957,931.0220144480272,10036.830929498119,0.9621035366833725,4.2130967971297775,16.52418913670606,,,266.39065574664994,37.67711334080583
216,,AM,R1796,00,EHZ,61.1981981981982,-149.91291617029023,2026-09-09T12:39:59.996000Z,2026-09-09T12:40:59.996000Z,100.0,100.0,60.0,,noise,0,Noise,timeofday:America/Anchorage:day7-19:night1-5,AM,2.0-20.0,776.6690080395775,4278.6327941797235,532.6502589601172,3695.257780257347,0.47034045385632367,4.080543627226282,4.346810453902565,,,266.39065574664994,13.871574323431641
217,,AM,R1796,00,EHZ,61.1981981981982,-149.91291617029023,2026-09-09T12:40:59.996000Z,2026-09-09T12:41:59.996000Z,100.0,100.0,60.0,,traffic,1,Traffic,timeofday:America/Anchorage:day7-19:night1-5+burst>=20x,AM,2.0-20.0,1112.3819486126374,17501.631617578387,1029.4140717539572,16676.444329184935,0.8563914759768128,7.498673910534565,59.102686065349225,,,266.39065574664994,62.60146131043357
218,,AM,R1796,00,EHZ,61.1981981981982,-149.91291617029023,2026-09-09T12:41:59.996000Z,2026-09-09T12:42:59.996000Z,100.0,100.0,60.0,,noise,0,Noise,timeofday:America/Anchorage:day7-19:night1-5,AM,2.0-20.0,374.05584967822244,3781.36926957451,344.0813315024756,3801.144325687286,0.8461538183832774,6.867297112057962,11.969523685572726,,,266.39065574664994,14.269060283039181
219,,AM,R1796,00,EHZ,61.1981981981982,-149.91291617029023,2026-09-09T12:42:59.996000Z,2026-09-09T12:43:59.996000Z,100.0,100.0,60.0,,noise,0,Noise,timeofday:America/Anchorage:day7-19:night1-5,AM,2.0-20.0,464.1270562663539,4773.629512259434,430.21784599514353,4745.660938263007,0.8592174139341907,6.094449785339316,13.167599225861618,,,266.39065574664994,17.81466742878682
220,,AM,R1796,00,EHZ,61.1981981981982,-149.91291617029023,2026-09-09T12:43:59.996000Z,2026-09-09T12:44:59.996000Z,100.0,100.0,60.0,,noise,0,Noise,timeofday:America/Anchorage:day7-19:night1-5,AM,2.0-20.0,466.99984380355835,4155.3716575711815,418.46860382036385,4399.21026574034,0.8029570016127165,5.080735273959407,12.991455354532677,,,266.39065574664994,16.514131298675117
221,,AM,R1796,00,EHZ,61.1981981981982,-149.91291617029023,2026-09-09T12:44:59.996000Z,2026-09-09T12:45:59.996000Z,100.0,100.0,60.0,,noise,0,Noise,timeofday:America/Anchorage:day7-19:night1-5,AM,2.0-20.0,446.6978037652499,3058.6273113980446,419.60438444466985,3274.863896955337,0.8823733860262118,5.616826843225753,4.828205354951932,,,266.39065574664994,12.293463852087541
222,,AM,R1796,00,EHZ,61.1981981981982,-149.91291617029023,2026-09-09T12:45:59.996000Z,2026-09-09T12:46:59.996000Z,100.0,100.0,60.0,,noise,0,Noise,timeofday:America/Anchorage:day7-19:night1-5,AM,2.0-20.0,321.5734169643769,3284.6253796729275,293.38665316727605,3173.3273699463534,0.8323776777994527,5.883457775866187,13.569309214874313,,,266.39065574664994,11.912307363229502
223,,AM,R1796,00,EHZ,61.1981981981982,-149.91291617029023,2026-09-09T12:46:59.996000Z,2026-09-09T12:47:59.996000Z,100.0,100.0,60.0,,noise,0,Noise,timeofday:America/Anchorage:day7-19:night1-5,AM,2.0-20.0,293.8522837660927,1836.6252480199644,227.0710102645263,1741.8512097776907,0.5971249854806122,3.4015319358641682,2.624553367759839,,,266.39065574664994,6.5387098691414804
224,,AM,R1796,00,EHZ,61.1981981981982,-149.91291617029023,2026-09-09T12:47:59.996000Z,2026-09-09T12:48:59.996000Z,100.0,100.0,60.0,,noise,0,Noise,timeofday:America/Anchorage:day7-19:night1-5,AM,2.0-20.0,269.9199204877974,1834.6232363626902,223.8219393530753,1688.785300585144,0.6875993133043661,4.323514937873752,4.740230284902802,,,266.39065574664994,6.339506526051943
225,,AM,R1796,00,EHZ,61.1981981981982,-149.91291617029023,2026-09-09T12:48:59.996000Z,2026-09-09T12:49:59.996000Z,100.0,100.0,60.0,,traffic,1,Traffic,timeofday:America/Anchorage:day7-19:night1-5+burst>=20x,AM,2.0-20.0,468.37377523980643,4883.377798993822,424.3467453747606,5687.684659646273,0.8208364062430825,7.948749661283314,18.109059678447185,,,266.39065574664994,21.35091654662065
226,,AM,R1796,00,EHZ,61.1981981981982,-149.91291617029023,2026-09-09T12:49:59.996000Z,2026-09-09T12:50:59.996000Z,100.0,100.0,60.0,,traffic,1,Traffic,timeofday:America/Anchorage:day7-19:night1-5+burst>=20x,AM,2.0-20.0,1085.2106807239168,15653.379145239409,1010.6298181877783,16103.913819948451,0.8672735401063333,6.8897166217339745,59.919085194518466,,,266.39065574664994,60.452247376364554
227,,AM,R1796,00,EHZ,61.1981981981982,-149.91291617029023,2026-09-09T12:50:59.996000Z,2026-09-09T12:51:59.996000Z,100.0,100.0,60.0,,noise,0,Noise,timeofday:America/Anchorage:day7-19:night1-5,AM,2.0-20.0,882.1011330436031,5219.380101604144,765.4845564022967,5194.352189393705,0.7530713173168831,7.354909168670706,4.3150649612717125,,,266.39065574664994,19.49900297679277
228,,AM,R1796,00,EHZ,61.1981981981982,-149.91291617029023,2026-09-09T12:51:59.996000Z,2026-09-09T12:52:59.996000Z,100.0,100.0,60.0,,traffic,1,Traffic,timeofday:America/Anchorage:day7-19:night1-5+burst>=20x,AM,2.0-20.0,771.4576744310666,7324.619636406459,645.817484438517,6708.454060811081,0.7008020923315567,3.65368834334987,16.342338826519374,,,266.39065574664994,25.182767924078902
229,,AM,R1796,00,EHZ,61.1981981981982,-149.91291617029023,2026-09-09T12:52:59.996000Z,2026-09-09T12:53:59.996000Z,100.0,100.0,60.0,,traffic,1,Traffic,timeofday:America/Anchorage:day7-19:night1-5+burst>=20x,AM,2.0-20.0,749.1649922788251,10122.381726389782,712.4656878281503,10317.332975633799,0.9044258303285497,6.6551583911532175,35.18772736833499,,,266.39065574664994,38.73008588351563
230,,AM,R1796,00,EHZ,61.1981981981982,-149.91291617029023,2026-09-09T12:53:59.996000Z,2026-09-09T12:54:59.996000Z,100.0,100.0,60.0,,noise,0,Noise,timeofday:America/Anchorage:day7-19:night1-5,AM,2.0-20.0,372.55475128368937,3099.383108369742,335.3450244481589,3154.692429836312,0.8102210481668537,3.4852793729859237,8.669519161075046,,,266.39065574664994,11.842353933152118
231,,AM,R1796,00,EHZ,61.1981981981982,-149.91291617029023,2026-09-09T12:54:59.996000Z,2026-09-09T12:55:59.996000Z,100.0,100.0,60.0,,noise,0,Noise,timeofday:America/Anchorage:day7-19:night1-5,AM,2.0-20.0,418.95534596458253,5503.384108179956,387.55331552378203,5038.840726481753,0.8557116413481093,6.543674811575144,27.577647732530803,,,266.39065574664994,18.915230762725884
232,,AM,R1796,00,EHZ,61.1981981981982,-149.91291617029023,2026-09-09T12:55:59.996000Z,2026-09-09T12:56:59.996000Z,100.0,100.0,60.0,,noise,0,Noise,timeofday:America/Anchorage:day7-19:night1-5,AM,2.0-20.0,324.8625356976299,1720.6145961668142,294.8641656168769,2139.852406139809,0.823843526593148,2.582707247987304,2.444043377622367,,,266.39065574664994,8.03276075935227
233,,AM,R1796,00,EHZ,61.1981981981982,-149.91291617029023,2026-09-09T12:56:59.996000Z,2026-09-09T12:57:59.996000Z,100.0,100.0,60.0,,noise,0,Noise,timeofday:America/Anchorage:day7-19:night1-5,AM,2.0-20.0,291.01065790843916,2668.3861585808168,258.9964715701126,2671.4259414898206,0.7920815648245599,4.577006849406927,14.52362533949336,,,266.39065574664994,10.028226906091152
234,,AM,R1796,00,EHZ,61.1981981981982,-149.91291617029023,2026-09-09T12:57:59.996000Z,2026-09-09T12:58:59.996000Z,100.0,100.0,60.0,,noise,0,Noise,timeofday:America/Anchorage:day7-19:night1-5,AM,2.0-20.0,363.2058149821841,2716.6119839839544,335.8775291915331,2677.916226245593,0.8551775935192558,3.985531094777635,6.2205642657718645,,,266.39065574664994,10.052590691440834
235,,AM,R1796,00,EHZ,61.1981981981982,-149.91291617029023,2026-09-09T12:58:59.996000Z,2026-09-09T12:59:59.996000Z,100.0,100.0,60.0,,traffic,1,Traffic,timeofday:America/Anchorage:day7-19:night1-5+burst>=20x,AM,2.0-20.0,1014.7347154385569,7016.389338940248,856.1127172987942,6366.504194464182,0.7117981582893769,6.746531352504025,5.275439608260768,,,266.39065574664994,23.89912730467178
236,,AM,R1796,00,EHZ,61.1981981981982,-149.91291617029023,2026-09-09T12:59:59.996000Z,2026-09-09T13:00:59.996000Z,100.0,100.0,60.0,,noise,0,Noise,timeofday:America/Anchorage:day7-19:night1-5,AM,2.0-20.0,516.3205864482617,4492.3893641423865,392.09025641655694,3751.7753290365595,0.5766777793727863,1.5007757792323293,11.300803359593232,,,266.39065574664994,14.083734726058388
237,,AM,R1796,00,EHZ,61.1981981981982,-149.91291617029023,2026-09-09T15:00:59.996000Z,2026-09-09T15:01:59.996000Z,100.0,100.0,60.0,,traffic,1,Traffic,timeofday:America/Anchorage:day7-19:night1-5,AM,2.0-20.0,1230.2765328160992,8782.526246172876,1044.9062496622971,7619.097311137328,0.721355210910714,3.137964828902991,3.195289872655793,,,266.39065574664994,28.601218348977856
238,,AM,R1796,00,EHZ,61.1981981981982,-149.91291617029023,2026-09-09T15:01:59.996000Z,2026-09-09T15:02:59.996000Z,100.0,100.0,60.0,,traffic,1,Traffic,timeofday:America/Anchorage:day7-19:night1-5,AM,2.0-20.0,1128.440423330282,8208.527699433513,1065.924016944496,8739.17828356299,0.8922678090577973,4.761678844163528,7.719956671361647,,,266.39065574664994,32.80587398633967
239,,AM,R1796,00,EHZ,61.1981981981982,-149.91291617029023,2026-09-09T15:02:59.996000Z,2026-09-09T15:03:59.996000Z,100.0,100.0,60.0,,traffic,1,Traffic,timeofday:America/Anchorage:day7-19:night1-5,AM,2.0-20.0,816.6727927086164,4291.528340395366,766.0431998567323,4154.715176514037,0.8798534648630967,2.5777655697418336,1.868657165058119,,,266.39065574664994,15.59632474671096
240,,AM,R1796,00,EHZ,61.1981981981982,-149.91291617029023,2026-09-09T15:03:59.996000Z,2026-09-09T15:04:59.996000Z,100.0,100.0,60.0,,traffic,1,Traffic,timeofday:America/Anchorage:day7-19:night1-5,AM,2.0-20.0,929.9374124756318,6444.529309173097,864.4775378189275,6860.303323401241,0.864171592830507,3.8480330086104573,4.413104073051149,,,266.39065574664994,25.75279265773388
241,,AM,R1796,00,EHZ,61.1981981981982,-149.91291617029023,2026-09-09T15:04:59.996000Z,2026-09-09T15:05:59.996000Z,100.0,100.0,60.0,,traffic,1,Traffic,timeofday:America/Anchorage:day7-19:night1-5,AM,2.0-20.0,1030.0546083809813,6758.469529647772,928.6832183261,7269.042017497097,0.8128580229274045,3.2811406574570894,4.330306792714682,,,266.39065574664994,27.28715088418979
242,,AM,R1796,00,EHZ,61.1981981981982,-149.91291617029023,2026-09-09T15:05:59.996000Z,2026-09-09T15:06:59.996000Z,100.0,100.0,60.0,,traffic,1,Traffic,timeofday:America/Anchorage:day7-19:night1-5,AM,2.0-20.0,790.1647191841035,5314.5324037700275,724.4068683870462,4697.477500169568,0.8404847727858213,3.950693760453729,2.1405672130061646,,,266.39065574664994,17.633792322794875
243,,AM,R1796,00,EHZ,61.1981981981982,-149.91291617029023,2026-09-09T15:06:59.996000Z,2026-09-09T15:07:59.996000Z,100.0,100.0,60.0,,traffic,1,Traffic,timeofday:America/Anchorage:day7-19:night1-5,AM,2.0-20.0,1063.8481178410987,4967.466992695175,960.5816268451475,4983.946540344358,0.8152846996257938,3.4099183739862,0.9126846062400662,,,266.39065574664994,18.709164277459966
244,,AM,R1796,00,EHZ,61.1981981981982,-149.91291617029023,2026-09-09T15:07:59.996000Z,2026-09-09T15:08:59.996000Z,100.0,100.0,60.0,,traffic,1,Traffic,timeofday:America/Anchorage:day7-19:night1-5,AM,2.0-20.0,941.9215842509574,7317.53475791308,852.0367784597687,6973.627572527379,0.8182522071307505,4.416001471028711,3.62661227335278,,,266.39065574664994,26.17819890484307
245,,AM,R1796,00,EHZ,61.1981981981982,-149.91291617029023,2026-09-09T15:08:59.996000Z,2026-09-09T15:09:59.996000Z,100.0,100.0,60.0,,traffic,1,Traffic,timeofday:America/Anchorage:day7-19:night1-5,AM,2.0-20.0,1037.4793986607929,12078.535296561773,985.0865628278749,11217.606553290902,0.9015500190028107,6.21979514734191,17.410860850559043,,,266.39065574664994,42.109609745318444
246,,AM,R1796,00,EHZ,61.1981981981982,-149.91291617029023,2026-09-09T15:09:59.996000Z,2026-09-09T15:10:59.996000Z,100.0,100.0,60.0,,traffic,1,Traffic,timeofday:America/Anchorage:day7-19:night1-5,AM,2.0-20.0,862.080256655079,5793.536990371177,780.1095431188875,5616.66389498251,0.8188715512103107,3.5342642409342258,2.706063114933352,,,266.39065574664994,21.084312733267275
247,,AM,R1796,00,EHZ,61.1981981981982,-149.91291617029023,2026-09-09T15:10:59.996000Z,2026-09-09T15:11:59.996000Z,100.0,100.0,60.0,,traffic,1,Traffic,timeofday:America/Anchorage:day7-19:night1-5,AM,2.0-20.0,840.9831115143762,4595.461806508817,772.8875460325265,4207.970883800428,0.8446135991646067,3.6813542695638324,1.5292580909266986,,,266.39065574664994,15.7962405700987
248,,AM,R1796,00,EHZ,61.1981981981982,-149.91291617029023,2026-09-09T15:11:59.996000Z,2026-09-09T15:12:59.996000Z,100.0,100.0,60.0,,traffic,1,Traffic,timeofday:America/Anchorage:day7-19:night1-5,AM,2.0-20.0,1084.7824092387384,9314.461358700666,991.1463541520461,8403.101585470522,0.8348151220961677,4.495725072450683,5.409873954998449,,,266.39065574664994,31.544280567642236
249,,AM,R1796,00,EHZ,61.1981981981982,-149.91291617029023,2026-09-09T15:12:59.996000Z,2026-09-09T15:13:59.996000Z,100.0,100.0,60.0,,traffic,1,Traffic,timeofday:America/Anchorage:day7-19:night1-5,AM,2.0-20.0,1005.0818778581839,6420.459836980491,950.1843874297261,6270.386693160362,0.8937434981695862,2.5592085219814384,1.6516475891919544,,,266.39065574664994,23.538313217426793
250,,AM,R1796,00,EHZ,61.1981981981982,-149.91291617029023,2026-09-09T15:13:59.996000Z,2026-09-09T15:14:59.996000Z,100.0,100.0,60.0,,traffic,1,Traffic,timeofday:America/Anchorage:day7-19:night1-5,AM,2.0-20.0,748.2023357483466,4300.458362843458,687.5645101566319,4256.581039803459,0.8444788636595277,4.943030177373363,2.0163254477806793,,,266.39065574664994,15.978717526232106
251,,AM,R1796,00,EHZ,61.1981981981982,-149.91291617029023,2026-09-09T15:14:59.996000Z,2026-09-09T15:15:59.996000Z,100.0,100.0,60.0,,traffic,1,Traffic,timeofday:America/Anchorage:day7-19:night1-5,AM,2.0-20.0,997.3729407550247,5553.457325418111,935.6853111350827,4934.033680016577,0.8801252094789824,3.7730664985831557,1.841675922779788,,,266.39065574664994,18.521797118548616
252,,AM,R1796,00,EHZ,61.1981981981982,-149.91291617029023,2026-09-09T15:15:59.996000Z,2026-09-09T15:16:59.996000Z,100.0,100.0,60.0,,traffic,1,Traffic,timeofday:America/Anchorage:day7-19:night1-5,AM,2.0-20.0,894.6466605318737,6193.543898954443,818.2124344494014,6936.031523047115,0.836428957998202,4.171784707802862,4.757735209197198,,,266.39065574664994,26.037067642656385
253,,AM,R1796,00,EHZ,61.1981981981982,-149.91291617029023,2026-09-09T15:16:59.996000Z,2026-09-09T15:17:59.996000Z,100.0,100.0,60.0,,traffic,1,Traffic,timeofday:America/Anchorage:day7-19:night1-5,AM,2.0-20.0,795.7822981121001,6535.456003058137,725.8362879434745,6416.131056456536,0.8319338688991315,3.7127685946967315,5.365219850604074,,,266.39065574664994,24.085420858600155
254,,AM,R1796,00,EHZ,61.1981981981982,-149.91291617029023,2026-09-09T15:17:59.996000Z,2026-09-09T15:18:59.996000Z,100.0,100.0,60.0,,traffic,1,Traffic,timeofday:America/Anchorage:day7-19:night1-5,AM,2.0-20.0,1990.2055194349803,13843.454103870108,1705.3004682612084,12137.34718471886,0.7341857821877282,3.81034157389688,3.454377901660709,,,266.39065574664994,45.56221069654203
255,,AM,R1796,00,EHZ,61.1981981981982,-149.91291617029023,2026-09-09T15:18:59.996000Z,2026-09-09T15:19:59.996000Z,100.0,100.0,60.0,,traffic,1,Traffic,timeofday:America/Anchorage:day7-19:night1-5,AM,2.0-20.0,1057.1831195192642,5618.452664903226,919.6683983665611,5855.27684434123,0.7567668282016088,4.128904079895085,3.0138337577686114,,,266.39065574664994,21.98003840611389
256,,AM,R1796,00,EHZ,61.1981981981982,-149.91291617029023,2026-09-09T15:19:59.996000Z,2026-09-09T15:20:59.996000Z,100.0,100.0,60.0,,traffic,1,Traffic,timeofday:America/Anchorage:day7-19:night1-5,AM,2.0-20.0,1175.8018322280736,9390.547560411416,1012.4976965859887,7847.804910614803,0.7415147981954733,3.2356613740841493,4.718046896446634,,,266.39065574664994,29.45976047327439
257,,AM,R1796,00,EHZ,61.1981981981982,-149.91291617029023,2026-09-09T15:20:59.996000Z,2026-09-09T15:21:59.996000Z,100.0,100.0,60.0,,traffic,1,Traffic,timeofday:America/Anchorage:day7-19:night1-5,AM,2.0-20.0,2213.3128527933354,19958.451159921784,1996.6524512437184,20448.059221030377,0.8138030990252184,7.068509216446946,10.22172598617397,,,266.39065574664994,76.75967148216131
258,,AM,R1796,00,EHZ,61.1981981981982,-149.91291617029023,2026-09-09T15:21:59.996000Z,2026-09-09T15:22:59.996000Z,100.0,100.0,60.0,,traffic,1,Traffic,timeofday:America/Anchorage:day7-19:night1-5,AM,2.0-20.0,1364.0607712285273,7741.449334647491,1255.3162023229697,6216.822458652721,0.8469130598115249,3.918535666289709,1.4343508214896348,,,266.39065574664994,23.33723921819995
259,,AM,R1796,00,EHZ,61.1981981981982,-149.91291617029023,2026-09-09T15:22:59.996000Z,2026-09-09T15:23:59.996000Z,100.0,100.0,60.0,,traffic,1,Traffic,timeofday:America/Anchorage:day7-19:night1-5,AM,2.0-20.0,1572.1294594421947,13024.550799074304,1413.0817008879403,12892.394175250172,0.8079006046280646,4.591637847624441,8.818519085042087,,,266.39065574664994,48.39657058959097
260,,AM,R1796,00,EHZ,61.1981981981982,-149.91291617029023,2026-09-09T15:23:59.996000Z,2026-09-09T15:24:59.996000Z,100.0,100.0,60.0,,traffic,1,Traffic,timeofday:America/Anchorage:day7-19:night1-5,AM,2.0-20.0,2744.8554533473207,16942.447633503136,2593.142039162705,15513.779211736726,0.8925111567355165,3.688660738741575,2.598558200867995,,,266.39065574664994,58.236949671729704
261,,AM,R1796,00,EHZ,61.1981981981982,-149.91291617029023,2026-09-09T15:24:59.996000Z,2026-09-09T15:25:59.996000Z,100.0,100.0,60.0,,traffic,1,Traffic,timeofday:America/Anchorage:day7-19:night1-5,AM,2.0-20.0,918.5867141411917,4263.446022258947,817.8975458500693,4821.604500116995,0.7927887717203991,2.9159574204136076,1.3261461258419311,,,266.39065574664994,18.099750858763485
262,,AM,R1796,00,EHZ,61.1981981981982,-149.91291617029023,2026-09-09T15:25:59.996000Z,2026-09-09T15:26:59.996000Z,100.0,100.0,60.0,,traffic,1,Traffic,timeofday:America/Anchorage:day7-19:night1-5,AM,2.0-20.0,1430.4093761625004,7653.555215278907,1332.0951527819034,7896.574008452457,0.867260965259654,5.369335339933126,2.1919222589937792,,,266.39065574664994,29.64283407884423
263,,AM,R1796,00,EHZ,61.1981981981982,-149.91291617029023,2026-09-09T15:26:59.996000Z,2026-09-09T15:27:59.996000Z,100.0,100.0,60.0,,traffic,1,Traffic,timeofday:America/Anchorage:day7-19:night1-5,AM,2.0-20.0,1265.06541838996,8952.444675825287,1182.1615804890419,8938.841254005347,0.8732281222624388,3.4124629848184815,4.474801210914687,,,266.39065574664994,33.55538590102277
264,,AM,R1796,00,EHZ,61.1981981981982,-149.91291617029023,2026-09-09T15:27:59.996000Z,2026-09-09T15:28:59.996000Z,100.0,100.0,60.0,,traffic,1,Traffic,timeofday:America/Anchorage:day7-19:night1-5,AM,2.0-20.0,1031.5360149895855,6198.557319657478,847.3126386774632,5672.088512250864,0.6747122231346597,5.395581310022753,2.98213885537929,,,266.39065574664994,21.292370396224737
265,,AM,R1796,00,EHZ,61.1981981981982,-149.91291617029023,2026-09-09T15:28:59.996000Z,2026-09-09T15:29:59.996000Z,100.0,100.0,60.0,,traffic,1,Traffic,timeofday:America/Anchorage:day7-19:night1-5,AM,2.0-20.0,1151.33872705848,6381.5577383139,1026.0600382634673,5292.1420186223695,0.7942172600523983,3.206509713493454,1.5050722516674329,,,266.39065574664994,19.866094791460874
266,,AM,R1796,00,EHZ,61.1981981981982,-149.91291617029023,2026-09-09T15:29:59.996000Z,2026-09-09T15:30:59.996000Z,100.0,100.0,60.0,,traffic,1,Traffic,timeofday:America/Anchorage:day7-19:night1-5,AM,2.0-20.0,1072.503867663213,8610.558743014086,950.6981203782551,7432.232116530815,0.7857556934306136,4.646273729132007,3.686204291307023,,,266.39065574664994,27.899747818479106
267,,AM,R1796,00,EHZ,61.1981981981982,-149.91291617029023,2026-09-09T15:30:59.996000Z,2026-09-09T15:31:59.996000Z,100.0,100.0,60.0,,traffic,1,Traffic,timeofday:America/Anchorage:day7-19:night1-5,AM,2.0-20.0,965.7142590194544,5240.5608611221805,913.7430107713177,4818.350578330313,0.8952634374393987,2.9864050273936558,1.3779122176032876,,,266.39065574664994,18.087536009193922
268,,AM,R1796,00,EHZ,61.1981981981982,-149.91291617029023,2026-09-09T15:31:59.996000Z,2026-09-09T15:32:59.996000Z,100.0,100.0,60.0,,traffic,1,Traffic,timeofday:America/Anchorage:day7-19:night1-5,AM,2.0-20.0,874.8962141340008,5368.438941962601,818.7776102045939,4613.612967702245,0.8758280333550341,3.1579610796032513,2.3877198326311255,,,266.39065574664994,17.318974476679877
269,,AM,R1796,00,EHZ,61.1981981981982,-149.91291617029023,2026-09-09T15:32:59.996000Z,2026-09-09T15:33:59.996000Z,100.0,100.0,60.0,,traffic,1,Traffic,timeofday:America/Anchorage:day7-19:night1-5,AM,2.0-20.0,1583.9983067535693,12016.437163331071,1540.9429765912962,12315.743183744999,0.9463759811091539,4.708709802251356,8.186848127185765,,,266.39065574664994,46.23188883718898
270,,AM,R1796,00,EHZ,61.1981981981982,-149.91291617029023,2026-09-09T15:33:59.996000Z,2026-09-09T15:34:59.996000Z,100.0,100.0,60.0,,traffic,1,Traffic,timeofday:America/Anchorage:day7-19:night1-5,AM,2.0-20.0,1713.4500976091645,13479.435995193142,1606.305432605372,12162.604784644567,0.8788471225910891,5.723452652806768,6.474066232409511,,,266.39065574664994,45.65702483277708
271,,AM,R1796,00,EHZ,61.1981981981982,-149.91291617029023,2026-09-09T15:34:59.996000Z,2026-09-09T15:35:59.996000Z,100.0,100.0,60.0,,traffic,1,Traffic,timeofday:America/Anchorage:day7-19:night1-5,AM,2.0-20.0,1336.0528623909906,11104.435516164433,1207.8873279886457,9842.278573963482,0.8173452941746105,3.74064670657524,6.183600141905421,,,266.39065574664994,36.94678608893832
272,,AM,R1796,00,EHZ,61.1981981981982,-149.91291617029023,2026-09-09T15:35:59.996000Z,2026-09-09T15:36:59.996000Z,100.0,100.0,60.0,,traffic,1,Traffic,timeofday:America/Anchorage:day7-19:night1-5,AM,2.0-20.0,1047.3584643646172,5397.434207345904,906.369204624478,5149.492868374447,0.7488926853858009,4.248377528502967,1.3582655463161712,,,266.39065574664994,19.33060622543704
273,,AM,R1796,00,EHZ,61.1981981981982,-149.91291617029023,2026-09-09T15:36:59.996000Z,2026-09-09T15:37:59.996000Z,100.0,100.0,60.0,,traffic,1,Traffic,timeofday:America/Anchorage:day7-19:night1-5,AM,2.0-20.0,1570.5891082616945,13488.432381507386,1513.9933973615866,12604.330161527592,0.9292290952333427,4.5015889082113,8.025829535073829,,,266.39065574664994,47.315211286971355
274,,AM,R1796,00,EHZ,61.1981981981982,-149.91291617029023,2026-09-09T15:37:59.996000Z,2026-09-09T15:38:59.996000Z,100.0,100.0,60.0,,traffic,1,Traffic,timeofday:America/Anchorage:day7-19:night1-5,AM,2.0-20.0,1537.7280321081791,8952.431703682703,1163.705793743202,6430.546851298154,0.5727001939952758,2.996474037175015,1.3372499219438287,,,266.39065574664994,24.13953610074787
275,,AM,R1796,00,EHZ,61.1981981981982,-149.91291617029023,2026-09-09T15:38:59.996000Z,2026-09-09T15:39:59.996000Z,100.0,100.0,60.0,,traffic,1,Traffic,timeofday:America/Anchorage:day7-19:night1-5,AM,2.0-20.0,1182.6677112190275,8180.568866938852,959.97150551056,6702.327451148129,0.6588570606409002,5.828220176818442,5.669635023906821,,,266.39065574664994,25.15976933335964
276,,AM,R1796,00,EHZ,61.1981981981982,-149.91291617029023,2026-09-09T15:39:59.996000Z,2026-09-09T15:40:59.996000Z,100.0,100.0,60.0,,traffic,1,Traffic,timeofday:America/Anchorage:day7-19:night1-5,AM,2.0-20.0,1148.9291376761587,5901.570442448669,1035.031979010642,5544.849520606488,0.811560777011431,3.0566892800954086,0.900532077827831,,,266.39065574664994,20.8147297999818
277,,AM,R1796,00,EHZ,61.1981981981982,-149.91291617029023,2026-09-09T15:40:59.996000Z,2026-09-09T15:41:59.996000Z,100.0,100.0,60.0,,traffic,1,Traffic,timeofday:America/Anchorage:day7-19:night1-5,AM,2.0-20.0,1099.019757140302,5467.427979408457,971.7555921968855,4769.0578287808385,0.7818133777675526,3.5289373567716305,1.3809677480102218,,,266.39065574664994,17.90249667509523
278,,AM,R1796,00,EHZ,61.1981981981982,-149.91291617029023,2026-09-09T15:41:59.996000Z,2026-09-09T15:42:59.996000Z,100.0,100.0,60.0,,traffic,1,Traffic,timeofday:America/Anchorage:day7-19:night1-5,AM,2.0-20.0,1495.6307377447538,7242.572440000266,1324.1096724922152,6840.714778688215,0.7837889780867382,2.690220388642068,0.9261548585511243,,,266.39065574664994,25.679259505236015
279,,AM,R1796,00,EHZ,61.1981981981982,-149.91291617029023,2026-09-09T15:42:59.996000Z,2026-09-09T15:43:59.996000Z,100.0,100.0,60.0,,traffic,1,Traffic,timeofday:America/Anchorage:day7-19:night1-5,AM,2.0-20.0,1094.5780092367029,4780.425764253318,1008.09158053413,4704.27901927407,0.8482161514075663,5.203263144441118,1.6496098759566316,,,266.39065574664994,17.659324446230055
280,,AM,R1796,00,EHZ,61.1981981981982,-149.91291617029023,2026-09-09T15:43:59.996000Z,2026-09-09T15:44:59.996000Z,100.0,100.0,60.0,,traffic,1,Traffic,timeofday:America/Anchorage:day7-19:night1-5,AM,2.0-20.0,1964.0701201824918,10187.424946876496,1681.1975146857403,8469.111762647564,0.7326954612636379,3.0265824269309354,1.1503148443992615,,,266.39065574664994,31.792075209657835
281,,AM,R1796,00,EHZ,61.1981981981982,-149.91291617029023,2026-09-09T15:44:59.996000Z,2026-09-09T15:45:59.996000Z,100.0,100.0,60.0,,traffic,1,Traffic,timeofday:America/Anchorage:day7-19:night1-5,AM,2.0-20.0,2076.26411544877,16160.424326979117,1864.8095144846536,16339.736719071409,0.8066845824014598,6.050480736263304,4.997617238274858,,,266.39065574664994,61.337499520295744
282,,AM,R1796,00,EHZ,61.1981981981982,-149.91291617029023,2026-09-09T15:45:59.996000Z,2026-09-09T15:46:59.996000Z,100.0,100.0,60.0,,traffic,1,Traffic,timeofday:America/Anchorage:day7-19:night1-5,AM,2.0-20.0,885.0002259821068,5305.422186113864,785.0079510731534,4975.783080830506,0.7867945590850512,3.563442410525555,1.4733992106586467,,,266.39065574664994,18.67851958577222
283,,AM,R1796,00,EHZ,61.1981981981982,-149.91291617029023,2026-09-09T15:46:59.996000Z,2026-09-09T15:47:59.996000Z,100.0,100.0,60.0,,traffic,1,Traffic,timeofday:America/Anchorage:day7-19:night1-5,AM,2.0-20.0,1780.3929137130078,15863.421309869356,1695.0242572221105,17220.262553996905,0.9064004684706445,5.513552403596487,9.081471136827082,,,266.39065574664994,64.64289261847902
284,,AM,R1796,00,EHZ,61.1981981981982,-149.91291617029023,2026-09-09T15:47:59.996000Z,2026-09-09T15:48:59.996000Z,100.0,100.0,60.0,,traffic,1,Traffic,timeofday:America/Anchorage:day7-19:night1-5,AM,2.0-20.0,2242.6736536747044,22906.42021056712,2115.944377690069,22974.592464522197,0.890176924225044,7.724979412646258,14.510280082817584,,,266.39065574664994,86.24398780102901
285,,AM,R1796,00,EHZ,61.1981981981982,-149.91291617029023,2026-09-09T15:48:59.996000Z,2026-09-09T15:49:59.996000Z,100.0,100.0,60.0,,traffic,1,Traffic,timeofday:America/Anchorage:day7-19:night1-5,AM,2.0-20.0,1179.3758252092132,5848.580710063242,1070.0267990273378,7087.4704419287555,0.8231611530720275,3.240443462103485,1.0245626685564586,,,266.39065574664994,26.605551993044656
286,,AM,R1796,00,EHZ,61.1981981981982,-149.91291617029023,2026-09-09T15:49:59.996000Z,2026-09-09T15:50:59.996000Z,100.0,100.0,60.0,,traffic,1,Traffic,timeofday:America/Anchorage:day7-19:night1-5,AM,2.0-20.0,2320.4356517235883,15722.418278842002,2039.3653948524864,13897.591847442962,0.772415592989658,5.003283562052135,3.9901624529892894,,,266.39065574664994,52.16996748061698
287,,AM,R1796,00,EHZ,61.1981981981982,-149.91291617029023,2026-09-09T15:50:59.996000Z,2026-09-09T15:51:59.996000Z,100.0,100.0,60.0,,traffic,1,Traffic,timeofday:America/Anchorage:day7-19:night1-5,AM,2.0-20.0,1850.1196127624146,11093.417583714358,1527.2183017662744,7684.661404620771,0.6814007789194589,1.9067856445995466,2.4981857091010937,,,266.39065574664994,28.847338443917664
288,,AM,R1796,00,EHZ,61.1981981981982,-149.91291617029023,2026-09-09T15:51:59.996000Z,2026-09-09T15:52:59.996000Z,100.0,100.0,60.0,,traffic,1,Traffic,timeofday:America/Anchorage:day7-19:night1-5,AM,2.0-20.0,1649.3165895990974,11834.415888964575,1469.6433409868057,9229.681302379913,0.7939914900325498,4.296326103924653,4.62930875466922,,,266.39065574664994,34.64716611966215
289,,AM,R1796,00,EHZ,61.1981981981982,-149.91291617029023,2026-09-09T15:52:59.996000Z,2026-09-09T15:53:59.996000Z,100.0,100.0,60.0,,traffic,1,Traffic,timeofday:America/Anchorage:day7-19:night1-5,AM,2.0-20.0,2442.5069177951464,15424.414746781082,2254.7134294801144,17138.39808450604,0.8521402873743432,4.837556585483735,3.9991958233007514,,,266.39065574664994,64.33558277962071
290,,AM,R1796,00,EHZ,61.1981981981982,-149.91291617029023,2026-09-09T15:53:59.996000Z,2026-09-09T15:54:59.996000Z,100.0,100.0,60.0,,traffic,1,Traffic,timeofday:America/Anchorage:day7-19:night1-5,AM,2.0-20.0,1201.6771713560634,7768.414160549247,1128.606162813369,7460.34747632135,0.8820825146262358,4.822523857067579,3.7356246363611723,,,266.39065574664994,28.005289657819272
291,,AM,R1796,00,EHZ,61.1981981981982,-149.91291617029023,2026-09-09T15:54:59.996000Z,2026-09-09T15:55:59.996000Z,100.0,100.0,60.0,,traffic,1,Traffic,timeofday:America/Anchorage:day7-19:night1-5,AM,2.0-20.0,1307.9335101143365,7927.587713436643,1187.238591582079,6461.709524705504,0.8239572442906254,3.6855141038366668,1.696627485069535,,,266.39065574664994,24.25651720626002
292,,AM,R1796,00,EHZ,61.1981981981982,-149.91291617029023,2026-09-09T15:55:59.996000Z,2026-09-09T15:56:59.996000Z,100.0,100.0,60.0,,traffic,1,Traffic,timeofday:America/Anchorage:day7-19:night1-5,AM,2.0-20.0,1973.5835199824012,15867.588502790191,1759.866094312684,14280.006531562554,0.7951484714886866,4.895792190970626,4.965513527940122,,,266.39065574664994,53.60550838969184
293,,AM,R1796,00,EHZ,61.1981981981982,-149.91291617029023,2026-09-09T15:56:59.996000Z,2026-09-09T15:57:59.996000Z,100.0,100.0,60.0,,traffic,1,Traffic,timeofday:America/Anchorage:day7-19:night1-5,AM,2.0-20.0,1190.3562475795384,6355.410375902716,1048.599900366039,5260.799412990222,0.7760071322546926,2.957558762805615,0.9630718310195916,,,266.39065574664994,19.748438240992545
294,,AM,R1796,00,EHZ,61.1981981981982,-149.91291617029023,2026-09-09T15:57:59.996000Z,2026-09-09T15:58:59.996000Z,100.0,100.0,60.0,,traffic,1,Traffic,timeofday:America/Anchorage:day7-19:night1-5,AM,2.0-20.0,1643.461162077113,9287.409629618493,1464.3274880135414,7737.3651276443325,0.7938848954532366,4.615100512409451,1.9604794030868788,,,266.39065574664994,29.045182181626263
295,,AM,R1796,00,EHZ,61.1981981981982,-149.91291617029023,2026-09-09T15:58:59.996000Z,2026-09-09T15:59:59.996000Z,100.0,100.0,60.0,,traffic,1,Traffic,timeofday:America/Anchorage:day7-19:night1-5,AM,2.0-20.0,996.553775251134,5482.591440720095,867.6542172246976,5356.081929993809,0.7580395874106691,3.386749605982749,2.369117455615979,,,266.39065574664994,20.106117892842665
296,,AM,R1796,00,EHZ,61.1981981981982,-149.91291617029023,2026-09-09T15:59:59.996000Z,2026-09-09T16:00:59.996000Z,100.0,100.0,60.0,,traffic,1,Traffic,timeofday:America/Anchorage:day7-19:night1-5,AM,2.0-20.0,1259.7810116579253,6118.593161612397,1150.4386049755622,6937.405991767602,0.8339437869886519,3.3542493361273866,2.0560365833146586,,,266.39065574664994,26.042227240753526
297,,AM,R1796,00,EHZ,61.1981981981982,-149.91291617029023,2026-09-09T16:00:59.996000Z,2026-09-09T16:01:59.996000Z,100.0,100.0,60.0,,traffic,1,Traffic,timeofday:America/Anchorage:day7-19:night1-5,AM,2.0-20.0,2247.6075685113674,15646.594285364472,2023.3651004310625,13211.481643962532,0.810415125538711,3.8581041656430086,2.8245167609677395,,,266.39065574664994,49.594388387734114
298,,AM,R1796,00,EHZ,61.1981981981982,-149.91291617029023,2026-09-09T16:01:59.996000Z,2026-09-09T16:02:59.996000Z,100.0,100.0,60.0,,traffic,1,Traffic,timeofday:America/Anchorage:day7-19:night1-5,AM,2.0-20.0,962.1911259471392,8034.405222817672,855.440108586205,7653.11160601679,0.7904174571342273,2.525275164073133,4.338509873202568,,,266.39065574664994,28.728904114772178
299,,AM,R1796,00,EHZ,61.1981981981982,-149.91291617029023,2026-09-09T16:02:59.996000Z,2026-09-09T16:03:59.996000Z,100.0,100.0,60.0,,traffic,1,Traffic,timeofday:America/Anchorage:day7-19:night1-5,AM,2.0-20.0,1284.0947784517437,12615.596712857032,1195.7550571444863,11791.807010946475,0.8671421413858418,4.8032799908520865,6.593271718976686,,,266.39065574664994,44.265092474418616
300,,AM,R1796,00,EHZ,61.1981981981982,-149.91291617029023,2026-09-09T16:03:59.996000Z,2026-09-09T16:04:59.996000Z,100.0,100.0,60.0,,traffic,1,Traffic,timeofday:America/Anchorage:day7-19:night1-5,AM,2.0-20.0,1345.0144719851087,7719.597192073817,1190.4362427165747,9183.78055024001,0.7833545429713719,4.350688237565596,2.6405818719411958,,,266.39065574664994,34.474859955201346
301,,AM,R1796,00,EHZ,61.1981981981982,-149.91291617029023,2026-09-09T16:04:59.996000Z,2026-09-09T16:05:59.996000Z,100.0,100.0,60.0,,traffic,1,Traffic,timeofday:America/Anchorage:day7-19:night1-5,AM,2.0-20.0,1268.3858295894343,6424.400751883054,1151.6841862444028,5656.26748208506,0.8244494721553918,3.0531156122369425,1.084893779054613,,,266.39065574664994,21.232980061674674
302,,AM,R1796,00,EHZ,61.1981981981982,-149.91291617029023,2026-09-09T16:05:59.996000Z,2026-09-09T16:06:59.996000Z,100.0,100.0,60.0,,traffic,1,Traffic,timeofday:America/Anchorage:day7-19:night1-5,AM,2.0-20.0,2151.0829158608094,13615.399696402443,2064.8766728858723,13506.466568008102,0.9214545819730287,3.202026690789679,2.6897077545066947,,,266.39065574664994,50.701727994743884
303,,AM,R1796,00,EHZ,61.1981981981982,-149.91291617029023,2026-09-09T16:06:59.996000Z,2026-09-09T16:07:59.996000Z,100.0,100.0,60.0,,traffic,1,Traffic,timeofday:America/Anchorage:day7-19:night1-5,AM,2.0-20.0,1801.6205719627371,9900.399481431961,1722.1794799723145,9064.923510612965,0.9137558197712938,1.8914294017565405,1.1513956138704424,,,266.39065574664994,34.02868424647047
304,,AM,R1796,00,EHZ,61.1981981981982,-149.91291617029023,2026-09-09T16:07:59.996000Z,2026-09-09T16:08:59.996000Z,100.0,100.0,60.0,,traffic,1,Traffic,timeofday:America/Anchorage:day7-19:night1-5,AM,2.0-20.0,1465.390228460148,15739.397360126577,1354.6899595187322,13569.768413546766,0.8546203727512282,3.003006418002668,8.741164647506094,,,266.39065574664994,50.93935587009574
305,,AM,R1796,00,EHZ,61.1981981981982,-149.91291617029023,2026-09-09T16:08:59.996000Z,2026-09-09T16:09:59.996000Z,100.0,100.0,60.0,,traffic,1,Traffic,timeofday:America/Anchorage:day7-19:night1-5,AM,2.0-20.0,3039.0918543784883,16376.396713146301,2873.5271500702916,15115.344042512192,0.8940111939892597,4.091306955046081,1.352598528613453,,,266.39065574664994,56.74126969711579
306,,AM,R1796,00,EHZ,61.1981981981982,-149.91291617029023,2026-09-09T16:09:59.996000Z,2026-09-09T16:10:59.996000Z,100.0,100.0,60.0,,traffic,1,Traffic,timeofday:America/Anchorage:day7-19:night1-5,AM,2.0-20.0,2051.2703580409448,17183.396221140374,1943.107374917904,16142.445965547424,0.897320917335024,4.01242675893489,2.9462034221259827,,,266.39065574664994,60.596892636127784
307,,AM,R1796,00,EHZ,61.1981981981982,-149.91291617029023,2026-09-09T16:10:59.996000Z,2026-09-09T16:11:59.996000Z,100.0,100.0,60.0,,traffic,1,Traffic,timeofday:America/Anchorage:day7-19:night1-5,AM,2.0-20.0,1916.2785950863085,9276.394962726123,1748.9000860289202,9323.974397615862,0.8329380486934064,2.950515332912083,0.991641592474156,,,266.39065574664994,35.00113159555942
308,,AM,R1796,00,EHZ,61.1981981981982,-149.91291617029023,2026-09-09T16:11:59.996000Z,2026-09-09T16:12:59.996000Z,100.0,100.0,60.0,,traffic,1,Traffic,timeofday:America/Anchorage:day7-19:night1-5,AM,2.0-20.0,1866.5787348078593,17464.393254434894,1723.785099529848,16894.161176322923,0.8528518917325663,3.5470085441194215,4.678615236860999,,,266.39065574664994,63.41874540971161
309,,AM,R1796,00,EHZ,61.1981981981982,-149.91291617029023,2026-09-09T16:12:59.996000Z,2026-09-09T16:13:59.996000Z,100.0,100.0,60.0,,traffic,1,Traffic,timeofday:America/Anchorage:day7-19:night1-5,AM,2.0-20.0,2003.9772810422728,18365.39219594507,1553.602971150976,16574.613846367494,0.6010277149766591,6.623252968934215,11.535031718145065,,,266.39065574664994,62.21920134515053
310,,AM,R1796,00,EHZ,61.1981981981982,-149.91291617029023,2026-09-09T16:13:59.996000Z,2026-09-09T16:14:59.996000Z,100.0,100.0,60.0,,traffic,1,Traffic,timeofday:America/Anchorage:day7-19:night1-5,AM,2.0-20.0,1877.8709650691858,9311.608310166534,1665.2082460434744,8734.032976691453,0.7863313874782186,2.6065853725248873,0.4368382089636218,,,266.39065574664994,32.78655909386675
311,,AM,R1796,00,EHZ,61.1981981981982,-149.91291617029023,2026-09-09T16:14:59.996000Z,2026-09-09T16:15:59.996000Z,100.0,100.0,60.0,,traffic,1,Traffic,timeofday:America/Anchorage:day7-19:night1-5,AM,2.0-20.0,1263.8031995137105,7841.609580053399,1076.4442284609927,6079.729849980855,0.7254778647273584,3.166540404905751,1.2545721567175496,,,266.39065574664994,22.82260927261264
312,,AM,R1796,00,EHZ,61.1981981981982,-149.91291617029023,2026-09-09T16:15:59.996000Z,2026-09-09T16:16:59.996000Z,100.0,100.0,60.0,,traffic,1,Traffic,timeofday:America/Anchorage:day7-19:night1-5,AM,2.0-20.0,1672.3263404827317,7861.389350360317,1424.102738655462,6466.94697143417,0.725171258048179,3.4023120146113506,0.8409785232332281,,,266.39065574664994,24.27617798119969
313,,AM,R1796,00,EHZ,61.1981981981982,-149.91291617029023,2026-09-09T16:16:59.996000Z,2026-09-09T16:17:59.996000Z,100.0,100.0,60.0,,traffic,1,Traffic,timeofday:America/Anchorage:day7-19:night1-5,AM,2.0-20.0,1489.6724865867195,7655.6117658687335,1276.7657196431535,5877.169965298434,0.7345829330375976,3.2475787869394623,1.2288174578568096,,,266.39065574664994,22.0622226737859
314,,AM,R1796,00,EHZ,61.1981981981982,-149.91291617029023,2026-09-09T16:17:59.996000Z,2026-09-09T16:18:59.996000Z,100.0,100.0,60.0,,traffic,1,Traffic,timeofday:America/Anchorage:day7-19:night1-5,AM,2.0-20.0,991.2570855918101,4278.613908050514,865.9724032500333,3722.9625450252333,0.7631949621339709,2.262752869932276,0.2723954838239253,,,266.39065574664994,13.975574836100655
315,,AM,R1796,00,EHZ,61.1981981981982,-149.91291617029023,2026-09-09T16:18:59.996000Z,2026-09-09T16:19:59.996000Z,100.0,100.0,60.0,,traffic,1,Traffic,timeofday:America/Anchorage:day7-19:night1-5,AM,2.0-20.0,1021.8072624940093,5057.385560447666,895.2780178423404,5148.340292267983,0.7676758387914112,2.779389507034023,0.7972308770215784,,,266.39065574664994,19.326279586789628
316,,AM,R1796,00,EHZ,61.1981981981982,-149.91291617029023,2026-09-09T16:19:59.996000Z,2026-09-09T16:20:59.996000Z,100.0,100.0,60.0,,traffic,1,Traffic,timeofday:America/Anchorage:day7-19:night1-5,AM,2.0-20.0,2109.6578962946032,15099.615460803174,1934.7293610480608,14644.703368575483,0.8410394627107184,3.397377509999301,6.218410180875271,,,266.39065574664994,54.974538530748184
317,,AM,R1796,00,EHZ,61.1981981981982,-149.91291617029023,2026-09-09T16:20:59.996000Z,2026-09-09T16:21:59.996000Z,100.0,100.0,60.0,,traffic,1,Traffic,timeofday:America/Anchorage:day7-19:night1-5,AM,2.0-20.0,1338.655658438801,5791.383526033237,1159.942800622444,4952.161586130407,0.7508192369729106,3.3504872816623847,0.66276436459213,,,266.39065574664994,18.589847201097573
318,,AM,R1796,00,EHZ,61.1981981981982,-149.91291617029023,2026-09-09T16:21:59.996000Z,2026-09-09T16:22:59.996000Z,100.0,100.0,60.0,,traffic,1,Traffic,timeofday:America/Anchorage:day7-19:night1-5,AM,2.0-20.0,1283.4164785675714,9685.381727653765,1147.5282529961655,8353.179011628956,0.7994504506423004,3.3571126028432374,2.037864966000522,,,266.39065574664994,31.35687694531306
319,,AM,R1796,00,EHZ,61.1981981981982,-149.91291617029023,2026-09-09T16:22:59.996000Z,2026-09-09T16:23:59.996000Z,100.0,100.0,60.0,,traffic,1,Traffic,timeofday:America/Anchorage:day7-19:night1-5,AM,2.0-20.0,1729.6036920791223,9732.618978570345,1537.6389925834067,9329.795621190371,0.7903429067643679,3.424438171423238,2.4271708327367545,,,266.39065574664994,35.02298380189223
320,,AM,R1796,00,EHZ,61.1981981981982,-149.91291617029023,2026-09-09T16:23:59.996000Z,2026-09-09T16:24:59.996000Z,100.0,100.0,60.0,,traffic,1,Traffic,timeofday:America/Anchorage:day7-19:night1-5,AM,2.0-20.0,1297.7601770735487,5819.620635328841,1141.7738751181475,5539.276596308102,0.7740541025728627,3.487056394596486,0.9719469396319904,,,266.39065574664994,20.7938096806827
321,,AM,R1796,00,EHZ,61.1981981981982,-149.91291617029023,2026-09-09T16:24:59.996000Z,2026-09-09T16:25:59.996000Z,100.0,100.0,60.0,,traffic,1,Traffic,timeofday:America/Anchorage:day7-19:night1-5,AM,2.0-20.0,2660.625458242791,21271.621130720134,2389.2950915801243,18172.09941694772,0.806440067268671,5.477764075952752,6.133377887151802,,,266.39065574664994,68.21597914541807
322,,AM,R1796,00,EHZ,61.1981981981982,-149.91291617029023,2026-09-09T16:25:59.996000Z,2026-09-09T16:26:59.996000Z,100.0,100.0,60.0,,traffic,1,Traffic,timeofday:America/Anchorage:day7-19:night1-5,AM,2.0-20.0,1394.7894802301341,6889.378142555513,1201.912477127948,6033.604981798242,0.742554545443361,2.5923566912677494,1.0476155978291777,,,266.39065574664994,22.649461802205572
323,,AM,R1796,00,EHZ,61.1981981981982,-149.91291617029023,2026-09-09T16:26:59.996000Z,2026-09-09T16:27:59.996000Z,100.0,100.0,60.0,,traffic,1,Traffic,timeofday:America/Anchorage:day7-19:night1-5,AM,2.0-20.0,1142.9488845104556,6163.376202743139,979.4496850639048,5256.86367737466,0.7343627603896343,2.3301854249766323,0.2985722572501319,,,266.39065574664994,19.733663940428094
324,,AM,R1796,00,EHZ,61.1981981981982,-149.91291617029023,2026-09-09T16:27:59.996000Z,2026-09-09T16:28:59.996000Z,100.0,100.0,60.0,,traffic,1,Traffic,timeofday:America/Anchorage:day7-19:night1-5,AM,2.0-20.0,2079.2921078452046,14715.624946587226,1898.823037645138,15456.871845650172,0.833946084730551,5.296756080714178,4.0562584761788845,,,266.39065574664994,58.023325939594464
325,,AM,R1796,00,EHZ,61.1981981981982,-149.91291617029023,2026-09-09T16:28:59.996000Z,2026-09-09T16:29:59.996000Z,100.0,100.0,60.0,,traffic,1,Traffic,timeofday:America/Anchorage:day7-19:night1-5,AM,2.0-20.0,1447.8511914772146,7134.62602745805,1310.7381455440689,5633.588931255263,0.8195661665408065,2.879878315643931,0.8305941358249824,,,266.39065574664994,21.147847380251473
326,,AM,R1796,00,EHZ,61.1981981981982,-149.91291617029023,2026-09-09T16:29:59.996000Z,2026-09-09T16:30:59.996000Z,100.0,100.0,60.0,,traffic,1,Traffic,timeofday:America/Anchorage:day7-19:night1-5,AM,2.0-20.0,1860.386712520496,8616.627410378389,1671.336215338241,7742.502368178222,0.8070885565250275,3.069738526396692,1.0128386466569053,,,266.39065574664994,29.064466793991855
327,,AM,R1796,00,EHZ,61.1981981981982,-149.91291617029023,2026-09-09T16:30:59.996000Z,2026-09-09T16:31:59.996000Z,100.0,100.0,60.0,,traffic,1,Traffic,timeofday:America/Anchorage:day7-19:night1-5,AM,2.0-20.0,1272.9390280374523,5742.627933981029,1088.3136305359185,5323.73073553728,0.7309588571453189,3.5062127195721486,0.6009976441271196,,,266.39065574664994,19.984675215486533
328,,AM,R1796,00,EHZ,61.1981981981982,-149.91291617029023,2026-09-09T16:31:59.996000Z,2026-09-09T16:32:59.996000Z,100.0,100.0,60.0,,traffic,1,Traffic,timeofday:America/Anchorage:day7-19:night1-5,AM,2.0-20.0,1366.6033500157632,7936.370415655044,1192.7703844599212,7371.6667923414,0.7617785378497125,2.5280252434065327,1.160750854146202,,,266.39065574664994,27.67239253073577
329,,AM,R1796,00,EHZ,61.1981981981982,-149.91291617029023,2026-09-09T16:32:59.996000Z,2026-09-09T16:33:59.996000Z,100.0,100.0,60.0,,traffic,1,Traffic,timeofday:America/Anchorage:day7-19:night1-5,AM,2.0-20.0,1310.134284217488,7798.629773925223,1138.2744490042528,7417.3118697794025,0.7548529408383329,5.899645612303972,4.115583941229371,,,266.39065574664994,27.843738921659533
330,,AM,R1796,00,EHZ,61.1981981981982,-149.91291617029023,2026-09-09T16:33:59.996000Z,2026-09-09T16:34:59.996000Z,100.0,100.0,60.0,,traffic,1,Traffic,timeofday:America/Anchorage:day7-19:night1-5,AM,2.0-20.0,1386.4930982651658,6145.368890549506,1240.937003079877,5842.178101559803,0.8010581540870753,2.688635216170235,0.5719484252641291,,,266.39065574664994,21.930867226499075
331,,AM,R1796,00,EHZ,61.1981981981982,-149.91291617029023,2026-09-09T16:34:59.996000Z,2026-09-09T16:35:59.996000Z,100.0,100.0,60.0,,traffic,1,Traffic,timeofday:America/Anchorage:day7-19:night1-5,AM,2.0-20.0,1804.2990781142964,10521.63260032626,1685.030782232774,10334.746972046347,0.8721649379468647,4.154185940231868,2.1754976577263525,,,266.39065574664994,38.79545603084208
332,,AM,R1796,00,EHZ,61.1981981981982,-149.91291617029023,2026-09-09T16:35:59.996000Z,2026-09-09T16:36:59.996000Z,100.0,100.0,60.0,,traffic,1,Traffic,timeofday:America/Anchorage:day7-19:night1-5,AM,2.0-20.0,1223.5635161865162,5647.366440111716,1077.004556159596,4601.572965657135,0.774786497272882,2.4259904050715604,0.2644503120299553,,,266.39065574664994,17.273777688484117
333,,AM,R1796,00,EHZ,61.1981981981982,-149.91291617029023,2026-09-09T16:36:59.996000Z,2026-09-09T16:37:59.996000Z,100.0,100.0,60.0,,traffic,1,Traffic,timeofday:America/Anchorage:day7-19:night1-5,AM,2.0-20.0,1439.7909395604293,6585.635200096124,1243.4113749939977,5386.481454766979,0.7458144605173059,2.4970131251920176,0.8850052676914362,,,266.39065574664994,20.220234225819755
334,,AM,R1796,00,EHZ,61.1981981981982,-149.91291617029023,2026-09-09T16:37:59.996000Z,2026-09-09T16:38:59.996000Z,100.0,100.0,60.0,,traffic,1,Traffic,timeofday:America/Anchorage:day7-19:night1-5,AM,2.0-20.0,1442.639051110667,8260.635429736509,1195.6715935009559,8590.30439304625,0.6869236279229866,3.0471455623280734,2.089468522439022,,,266.39065574664994,32.24701845854546
335,,AM,R1796,00,EHZ,61.1981981981982,-149.91291617029023,2026-09-09T16:38:59.996000Z,2026-09-09T16:39:59.996000Z,100.0,100.0,60.0,,traffic,1,Traffic,timeofday:America/Anchorage:day7-19:night1-5,AM,2.0-20.0,1902.3447653879948,9220.636601635955,1601.9682866172025,8498.375303113966,0.709135738559203,2.765822145803331,0.8778411347726598,,,266.39065574664994,31.90192718770256
336,,AM,R1796,00,EHZ,61.1981981981982,-149.91291617029023,2026-09-09T16:39:59.996000Z,2026-09-09T16:40:59.996000Z,100.0,100.0,60.0,,traffic,1,Traffic,timeofday:America/Anchorage:day7-19:night1-5,AM,2.0-20.0,1375.4853933909576,8190.638302968387,1229.5313749172833,7154.596679186754,0.7990376900279993,3.881048887768091,1.4001463398734355,,,266.39065574664994,26.857536196731736
337,,AM,R1796,00,EHZ,61.1981981981982,-149.91291617029023,2026-09-09T16:40:59.996000Z,2026-09-09T16:41:59.996000Z,100.0,100.0,60.0,,traffic,1,Traffic,timeofday:America/Anchorage:day7-19:night1-5,AM,2.0-20.0,2599.8928887310576,18702.638930953017,2432.9014543538947,15994.224982435022,0.8756652667698199,5.409737427427701,4.1206661523072,,,266.39065574664994,60.040488047922686
338,,AM,R1796,00,EHZ,61.1981981981982,-149.91291617029023,2026-09-09T16:41:59.996000Z,2026-09-09T16:42:59.996000Z,100.0,100.0,60.0,,traffic,1,Traffic,timeofday:America/Anchorage:day7-19:night1-5,AM,2.0-20.0,1298.5611702644678,5972.640549532161,1161.2690460888634,5368.064113253611,0.799725372940636,2.5018371918402345,0.68949645709794,,,266.39065574664994,20.151097635942953
339,,AM,R1796,00,EHZ,61.1981981981982,-149.91291617029023,2026-09-09T16:42:59.996000Z,2026-09-09T16:43:59.996000Z,100.0,100.0,60.0,,traffic,1,Traffic,timeofday:America/Anchorage:day7-19:night1-5,AM,2.0-20.0,1972.5406753493096,16137.358230421027,1848.9169935639543,17425.431696029103,0.8785831974026841,4.701888698877639,8.360433992311187,,,266.39065574664994,65.41307407044152
340,,AM,R1796,00,EHZ,61.1981981981982,-149.91291617029023,2026-09-09T16:43:59.996000Z,2026-09-09T16:44:59.996000Z,100.0,100.0,60.0,,traffic,1,Traffic,timeofday:America/Anchorage:day7-19:night1-5,AM,2.0-20.0,1559.7499493897133,7828.643174880316,1409.713922438686,7188.042575805944,0.8168682520816865,2.517460482214571,0.47346327419711587,,,266.39065574664994,26.983088260581148
341,,AM,R1796,00,EHZ,61.1981981981982,-149.91291617029023,2026-09-09T16:44:59.996000Z,2026-09-09T16:45:59.996000Z,100.0,100.0,60.0,,traffic,1,Traffic,timeofday:America/Anchorage:day7-19:night1-5,AM,2.0-20.0,1647.746112333636,16094.64396573847,1512.1648859367892,15511.940445616432,0.8422047894621185,6.2616164185164935,11.701240828924174,,,266.39065574664994,58.2300471543905
342,,AM,R1796,00,EHZ,61.1981981981982,-149.91291617029023,2026-09-09T16:45:59.996000Z,2026-09-09T16:46:59.996000Z,100.0,100.0,60.0,,traffic,1,Traffic,timeofday:America/Anchorage:day7-19:night1-5,AM,2.0-20.0,1534.4802527476902,10651.644887685363,1229.551064706737,11283.86707014863,0.6420524872109113,3.9435169130828096,5.277980701788811,,,266.39065574664994,42.35834413381271
343,,AM,R1796,00,EHZ,61.1981981981982,-149.91291617029023,2026-09-09T16:46:59.996000Z,2026-09-09T16:47:59.996000Z,100.0,100.0,60.0,,traffic,1,Traffic,timeofday:America/Anchorage:day7-19:night1-5,AM,2.0-20.0,1332.6032605949486,5650.354038590688,1164.4834393693097,5511.807959234697,0.7635981897111599,1.900369796113209,0.5397705642054103,,,266.39065574664994,20.690695564324468
344,,AM,R1796,00,EHZ,61.1981981981982,-149.91291617029023,2026-09-09T16:47:59.996000Z,2026-09-09T16:48:59.996000Z,100.0,100.0,60.0,,traffic,1,Traffic,timeofday:America/Anchorage:day7-19:night1-5,AM,2.0-20.0,2316.4945555520144,16013.352768891897,2140.5370819749514,15702.979645817803,0.8538526762672066,5.439397681168963,5.25312312949448,,,266.39065574664994,58.94718642365623
345,,AM,R1796,00,EHZ,61.1981981981982,-149.91291617029023,2026-09-09T16:48:59.996000Z,2026-09-09T16:49:59.996000Z,100.0,100.0,60.0,,traffic,1,Traffic,timeofday:America/Anchorage:day7-19:night1-5,AM,2.0-20.0,1696.4234496404006,12489.352086177247,1571.6610252275816,10810.696798672934,0.8583200009842672,3.754053362445294,3.300659626262882,,,266.39065574664994,40.58211714811204
346,,AM,R1796,00,EHZ,61.1981981981982,-149.91291617029023,2026-09-09T16:49:59.996000Z,2026-09-09T16:50:59.996000Z,100.0,100.0,60.0,,traffic,1,Traffic,timeofday:America/Anchorage:day7-19:night1-5,AM,2.0-20.0,1170.158574825633,5006.3502872335475,999.8753074195329,4505.539665403172,0.7301334538608899,2.6137177620511136,0.5287382258050668,,,266.39065574664994,16.913279682332973
347,,AM,R1796,00,EHZ,61.1981981981982,-149.91291617029023,2026-09-09T16:50:59.996000Z,2026-09-09T16:51:59.996000Z,100.0,100.0,60.0,,traffic,1,Traffic,timeofday:America/Anchorage:day7-19:night1-5,AM,2.0-20.0,1517.2225754204444,7615.650353728303,1353.0600331315106,6527.239011941207,0.7953083454721446,2.7416981826014903,0.8609188146661877,,,266.39065574664994,24.502507393310815
348,,AM,R1796,00,EHZ,61.1981981981982,-149.91291617029023,2026-09-09T16:51:59.996000Z,2026-09-09T16:52:59.996000Z,100.0,100.0,60.0,,traffic,1,Traffic,timeofday:America/Anchorage:day7-19:night1-5,AM,2.0-20.0,1253.8053216677458,8234.651821658843,1094.2704867101106,7737.573634851276,0.7617091184919488,2.628325660610049,1.316220892972563,,,266.39065574664994,29.045964893791446
349,,AM,R1796,00,EHZ,61.1981981981982,-149.91291617029023,2026-09-09T16:52:59.996000Z,2026-09-09T16:53:59.996000Z,100.0,100.0,60.0,,traffic,1,Traffic,timeofday:America/Anchorage:day7-19:night1-5,AM,2.0-20.0,1485.2097477766058,6728.653214359111,1280.924850280444,6316.460472706295,0.7438266262527832,3.3974658971868905,1.0209903069267652,,,266.39065574664994,23.711268906945243
350,,AM,R1796,00,EHZ,61.1981981981982,-149.91291617029023,2026-09-09T16:53:59.996000Z,2026-09-09T16:54:59.996000Z,100.0,100.0,60.0,,traffic,1,Traffic,timeofday:America/Anchorage:day7-19:night1-5,AM,2.0-20.0,1182.8510194511769,4868.653926789718,1003.0456519138988,5381.609975416937,0.7190867761784573,3.0384645820724074,0.6044119374915073,,,266.39065574664994,20.20194725048878
351,,AM,R1796,00,EHZ,61.1981981981982,-149.91291617029023,2026-09-09T16:54:59.996000Z,2026-09-09T16:55:59.996000Z,100.0,100.0,60.0,,traffic,1,Traffic,timeofday:America/Anchorage:day7-19:night1-5,AM,2.0-20.0,1256.4818352393504,7211.344510489612,1128.5995599799303,6430.109893316394,0.8068026654449685,3.027072774138137,1.1999136116485403,,,266.39065574664994,24.13789581054874
352,,AM,R1796,00,EHZ,61.1981981981982,-149.91291617029023,2026-09-09T16:55:59.996000Z,2026-09-09T16:56:59.996000Z,100.0,100.0,60.0,,traffic,1,Traffic,timeofday:America/Anchorage:day7-19:night1-5,AM,2.0-20.0,1904.2105215801441,11336.656394718544,1626.6568212091938,10471.326908554465,0.7297295891100516,2.8935794646843727,1.752496646516609,,,266.39065574664994,39.30816146386602
353,,AM,R1796,00,EHZ,61.1981981981982,-149.91291617029023,2026-09-09T16:56:59.996000Z,2026-09-09T16:57:59.996000Z,100.0,100.0,60.0,,traffic,1,Traffic,timeofday:America/Anchorage:day7-19:night1-5,AM,2.0-20.0,1345.3006163570672,9337.657235980978,1174.767690324542,9097.47504629568,0.7625446964246685,3.2723109039296245,3.32277993374755,,,266.39065574664994,34.15087898183564
354,,AM,R1796,00,EHZ,61.1981981981982,-149.91291617029023,2026-09-09T16:57:59.996000Z,2026-09-09T16:58:59.996000Z,100.0,100.0,60.0,,traffic,1,Traffic,timeofday:America/Anchorage:day7-19:night1-5,AM,2.0-20.0,1988.2999843642451,10550.341879123034,1873.4214022941276,11109.432502216026,0.8877836378304571,3.5242119629661124,2.7291632816570157,,,266.39065574664994,41.703536751610464
355,,AM,R1796,00,EHZ,61.1981981981982,-149.91291617029023,2026-09-09T16:58:59.996000Z,2026-09-09T16:59:59.996000Z,100.0,100.0,60.0,,traffic,1,Traffic,timeofday:America/Anchorage:day7-19:night1-5,AM,2.0-20.0,1759.47065113299,14541.660171089747,1640.4990861302133,14781.191445745448,0.869336534648472,6.668048532103387,10.37098759962559,,,266.39065574664994,55.48689913434147
356,,AM,R1796,00,EHZ,61.1981981981982,-149.91291617029023,2026-09-09T16:59:59.996000Z,2026-09-09T17:00:59.996000Z,100.0,100.0,60.0,,traffic,1,Traffic,timeofday:America/Anchorage:day7-19:night1-5,AM,2.0-20.0,1790.2293513371665,8488.339702711482,1686.6856901637823,8398.330758508719,0.887668838533287,3.3587890275585828,1.6250408000172722,,,266.39065574664994,31.52637142984447
357,,AM,R1796,00,EHZ,61.1981981981982,-149.91291617029023,2026-09-09T17:00:59.996000Z,2026-09-09T17:01:59.996000Z,100.0,100.0,60.0,,traffic,1,Traffic,timeofday:America/Anchorage:day7-19:night1-5,AM,2.0-20.0,1943.188917986923,17151.661466742975,1857.7753075878672,16719.948883069294,0.9140213123833612,5.6260705003611475,7.3957668591193855,,,266.39065574664994,62.764772421187146
358,,AM,R1796,00,EHZ,61.1981981981982,-149.91291617029023,2026-09-09T17:01:59.996000Z,2026-09-09T17:02:59.996000Z,100.0,100.0,60.0,,traffic,1,Traffic,timeofday:America/Anchorage:day7-19:night1-5,AM,2.0-20.0,1309.6972135001859,5384.663114097694,1139.5176637610284,4912.476675228162,0.7570077334261702,3.237416856519151,0.6869133190297543,,,266.39065574664994,18.44087459246378
359,,AM,R1796,00,EHZ,61.1981981981982,-149.91291617029023,2026-09-09T17:02:59.996000Z,2026-09-09T17:03:59.996000Z,100.0,100.0,60.0,,traffic,1,Traffic,timeofday:America/Anchorage:day7-19:night1-5,AM,2.0-20.0,1209.6419407230517,5387.336226132887,1043.8606062107367,5825.082344828755,0.7446828358528035,3.693454020172468,0.745683945374934,,,266.39065574664994,21.866691714474708
360,,AM,R1796,00,EHZ,61.1981981981982,-149.91291617029023,2026-09-09T17:03:59.996000Z,2026-09-09T17:04:59.996000Z,100.0,100.0,60.0,,traffic,1,Traffic,timeofday:America/Anchorage:day7-19:night1-5,AM,2.0-20.0,1214.516708798461,5836.665156599375,1064.9540824320216,5982.142981457717,0.7688732957855673,3.662774882830261,0.9976375178340358,,,266.39065574664994,22.456279349178885
361,,AM,R1796,00,EHZ,61.1981981981982,-149.91291617029023,2026-09-09T17:04:59.996000Z,2026-09-09T17:05:59.996000Z,100.0,100.0,60.0,,traffic,1,Traffic,timeofday:America/Anchorage:day7-19:night1-5,AM,2.0-20.0,1967.174329644494,12371.33306025528,1801.7241384323065,11404.610998206197,0.8388627252315766,3.6166218043871785,2.2301885269246773,,,266.39065574664994,42.81160300552178
362,,AM,R1796,00,EHZ,61.1981981981982,-149.91291617029023,2026-09-09T17:05:59.996000Z,2026-09-09T17:06:59.996000Z,100.0,100.0,60.0,,traffic,1,Traffic,timeofday:America/Anchorage:day7-19:night1-5,AM,2.0-20.0,1889.3184172810934,11948.332911299354,1723.088843289521,12789.824567136819,0.8317733943700237,2.676364025078746,3.030601429081206,,,266.39065574664994,48.01153603263226
363,,AM,R1796,00,EHZ,61.1981981981982,-149.91291617029023,2026-09-09T17:06:59.996000Z,2026-09-09T17:07:59.996000Z,100.0,100.0,60.0,,traffic,1,Traffic,timeofday:America/Anchorage:day7-19:night1-5,AM,2.0-20.0,1278.8869730316821,7210.331191535511,1151.8434955242703,5377.2923811688925,0.8111900615710868,3.10643204813358,0.5973568604724386,,,266.39065574664994,20.185739496369386
364,,AM,R1796,00,EHZ,61.1981981981982,-149.91291617029023,2026-09-09T17:07:59.996000Z,2026-09-09T17:08:59.996000Z,100.0,100.0,60.0,,traffic,1,Traffic,timeofday:America/Anchorage:day7-19:night1-5,AM,2.0-20.0,1353.937177158691,12443.330520293473,1245.2974384269376,10355.405641913552,0.8459587026499341,5.415378213565499,8.94377179022851,,,266.39065574664994,38.8730063105593
365,,AM,R1796,00,EHZ,61.1981981981982,-149.91291617029023,2026-09-09T17:08:59.996000Z,2026-09-09T17:09:59.996000Z,100.0,100.0,60.0,,traffic,1,Traffic,timeofday:America/Anchorage:day7-19:night1-5,AM,2.0-20.0,1933.5983755979544,11316.329356481283,1770.9729934597556,9438.947826999578,0.8388635650451136,3.225030717632222,1.9596804579958969,,,266.39065574664994,35.432728676400956
366,,AM,R1796,00,EHZ,61.1981981981982,-149.91291617029023,2026-09-09T17:09:59.996000Z,2026-09-09T17:10:59.996000Z,100.0,100.0,60.0,,traffic,1,Traffic,timeofday:America/Anchorage:day7-19:night1-5,AM,2.0-20.0,1880.9935995411936,10220.328069291458,1699.3911019616971,9200.35071485491,0.8162290441236109,4.839006035387746,1.5122845488249563,,,266.39065574664994,34.537062454641344
367,,AM,R1796,00,EHZ,61.1981981981982,-149.91291617029023,2026-09-09T17:10:59.996000Z,2026-09-09T17:11:59.996000Z,100.0,100.0,60.0,,traffic,1,Traffic,timeofday:America/Anchorage:day7-19:night1-5,AM,2.0-20.0,1060.7976254408375,4352.6729636200735,925.0025718899693,3973.1926307303784,0.7603626974334322,2.2143913521390584,0.4221461299108644,,,266.39065574664994,14.914909907759947
368,,AM,R1796,00,EHZ,61.1981981981982,-149.91291617029023,2026-09-09T17:11:59.996000Z,2026-09-09T17:12:59.996000Z,100.0,100.0,60.0,,traffic,1,Traffic,timeofday:America/Anchorage:day7-19:night1-5,AM,2.0-20.0,1389.2902423913627,8830.325759158108,1203.1250631351222,9698.34823312755,0.7499556424824653,2.9731927191955956,3.211685038516703,,,266.39065574664994,36.40648808023933
369,,AM,R1796,00,EHZ,61.1981981981982,-149.91291617029023,2026-09-09T17:12:59.996000Z,2026-09-09T17:13:59.996000Z,100.0,100.0,60.0,,traffic,1,Traffic,timeofday:America/Anchorage:day7-19:night1-5,AM,2.0-20.0,1306.3937231156408,7776.675273189195,1182.5848584900407,8832.366803840481,0.8194386761608969,3.748657946945376,1.7823059128574155,,,266.39065574664994,33.15569301439942
370,,AM,R1796,00,EHZ,61.1981981981982,-149.91291617029023,2026-09-09T17:13:59.996000Z,2026-09-09T17:14:59.996000Z,100.0,100.0,60.0,,traffic,1,Traffic,timeofday:America/Anchorage:day7-19:night1-5,AM,2.0-20.0,2125.5593693547135,16319.323618292858,2009.8930225956408,18044.834170711318,0.8941274033538503,3.5346303870562434,5.607399604662019,,,266.39065574664994,67.7382399924448
371,,AM,R1796,00,EHZ,61.1981981981982,-149.91291617029023,2026-09-09T17:14:59.996000Z,2026-09-09T17:15:59.996000Z,100.0,100.0,60.0,,traffic,1,Traffic,timeofday:America/Anchorage:day7-19:night1-5,AM,2.0-20.0,1731.3920499370383,7066.322423260105,1349.1804485001735,5594.228074147037,0.6072244357719061,2.3078872546960967,0.2679313227580318,,,266.39065574664994,21.00009123243201
372,,AM,R1796,00,EHZ,61.1981981981982,-149.91291617029023,2026-09-09T17:15:59.996000Z,2026-09-09T17:16:59.996000Z,100.0,100.0,60.0,,traffic,1,Traffic,timeofday:America/Anchorage:day7-19:night1-5,AM,2.0-20.0,1763.5483045209974,7211.6787783552945,1408.6179435425333,6028.259468419921,0.6379868293067122,2.549466028131002,0.31689347737462503,,,266.39065574664994,22.629395357444817
373,,AM,R1796,00,EHZ,61.1981981981982,-149.91291617029023,2026-09-09T17:16:59.996000Z,2026-09-09T17:17:59.996000Z,100.0,100.0,60.0,,traffic,1,Traffic,timeofday:America/Anchorage:day7-19:night1-5,AM,2.0-20.0,1698.432832574257,8678.680424581557,1508.670701026438,8113.2584242795265,0.7890275350610407,3.1685084349777566,0.5599015936661997,,,266.39065574664994,30.456242549271764
374,,AM,R1796,00,EHZ,61.1981981981982,-149.91291617029023,2026-09-09T17:17:59.996000Z,2026-09-09T17:18:59.996000Z,100.0,100.0,60.0,,traffic,1,Traffic,timeofday:America/Anchorage:day7-19:night1-5,AM,2.0-20.0,1436.6244473010465,6347.681203967096,1263.4108115318197,5497.754518089652,0.7733973377346876,3.06044579162889,0.2579685319484444,,,266.39065574664994,20.63794055643707
375,,AM,R1796,00,EHZ,61.1981981981982,-149.91291617029023,2026-09-09T17:18:59.996000Z,2026-09-09T17:19:59.996000Z,100.0,100.0,60.0,,traffic,1,Traffic,timeofday:America/Anchorage:day7-19:night1-5,AM,2.0-20.0,1731.2277063526888,6957.317950444732,1485.2778083197516,6228.02880822752,0.7360494572120955,2.785496323944661,0.5760508331408141,,,266.39065574664994,23.37930657053778
376,,AM,R1796,00,EHZ,61.1981981981982,-149.91291617029023,2026-09-09T17:19:59.996000Z,2026-09-09T17:20:59.996000Z,100.0,100.0,60.0,,traffic,1,Traffic,timeofday:America/Anchorage:day7-19:night1-5,AM,2.0-20.0,1661.9239204156058,7378.316299140423,1389.5785933581917,6643.875092224779,0.6991074862840877,2.116548408320731,0.4257534033192032,,,266.39065574664994,24.94034587513241
377,,AM,R1796,00,EHZ,61.1981981981982,-149.91291617029023,2026-09-09T17:20:59.996000Z,2026-09-09T17:21:59.996000Z,100.0,100.0,60.0,,traffic,1,Traffic,timeofday:America/Anchorage:day7-19:night1-5,AM,2.0-20.0,1920.786426546011,10235.315418570177,1677.7112893655365,9867.867384466792,0.7629152527364328,4.102417816720313,2.1589714193210794,,,266.39065574664994,37.04284355173328
378,,AM,R1796,00,EHZ,61.1981981981982,-149.91291617029023,2026-09-09T17:21:59.996000Z,2026-09-09T17:22:59.996000Z,100.0,100.0,60.0,,traffic,1,Traffic,timeofday:America/Anchorage:day7-19:night1-5,AM,2.0-20.0,1497.933658833644,8610.314866944262,1233.2937907489488,5173.309799232828,0.6778723674127158,2.030905144538065,0.47087738578422433,,,266.39065574664994,19.42001225505781
379,,AM,R1796,00,EHZ,61.1981981981982,-149.91291617029023,2026-09-09T17:22:59.996000Z,2026-09-09T17:23:59.996000Z,100.0,100.0,60.0,,traffic,1,Traffic,timeofday:America/Anchorage:day7-19:night1-5,AM,2.0-20.0,1613.231418306346,8965.31318216249,1453.2160827856462,8268.040554258418,0.8114598721156688,2.4446230061929812,1.545581086351083,,,266.39065574664994,31.037276931071162
380,,AM,R1796,00,EHZ,61.1981981981982,-149.91291617029023,2026-09-09T17:23:59.996000Z,2026-09-09T17:24:59.996000Z,100.0,100.0,60.0,,traffic,1,Traffic,timeofday:America/Anchorage:day7-19:night1-5,AM,2.0-20.0,1920.1438990313404,15423.312433809433,1742.610193755743,14808.14195760289,0.823631498044571,5.402258282253945,7.455489863875341,,,266.39065574664994,55.5880682680031
381,,AM,R1796,00,EHZ,61.1981981981982,-149.91291617029023,2026-09-09T17:24:59.996000Z,2026-09-09T17:25:59.996000Z,100.0,100.0,60.0,,traffic,1,Traffic,timeofday:America/Anchorage:day7-19:night1-5,AM,2.0-20.0,1328.4641088062479,6491.689384882212,1116.5394236714417,5487.489017302297,0.7063963931988501,2.7081566995566346,0.3778208009437378,,,266.39065574664994,20.599405042649686
382,,AM,R1796,00,EHZ,61.1981981981982,-149.91291617029023,2026-09-09T17:25:59.996000Z,2026-09-09T17:26:59.996000Z,100.0,100.0,60.0,,traffic,1,Traffic,timeofday:America/Anchorage:day7-19:night1-5,AM,2.0-20.0,1676.8269977202804,9161.309870150095,1480.3955594726192,9135.051001761574,0.7794334358296386,3.3585815355071285,1.333276607482837,,,266.39065574664994,34.29193481339465
383,,AM,R1796,00,EHZ,61.1981981981982,-149.91291617029023,2026-09-09T17:26:59.996000Z,2026-09-09T17:27:59.996000Z,100.0,100.0,60.0,,traffic,1,Traffic,timeofday:America/Anchorage:day7-19:night1-5,AM,2.0-20.0,1576.8806437238738,7132.308214896201,1257.7534006837163,5609.790980493291,0.6361995477127967,1.9185316029628692,0.30886080552335127,,,266.39065574664994,21.05851259973798
384,,AM,R1796,00,EHZ,61.1981981981982,-149.91291617029023,2026-09-09T17:27:59.996000Z,2026-09-09T17:28:59.996000Z,100.0,100.0,60.0,,traffic,1,Traffic,timeofday:America/Anchorage:day7-19:night1-5,AM,2.0-20.0,2884.7837346003116,16893.30785905705,2675.2678781589375,16406.229989493302,0.8600189656675127,3.7795592990375333,3.170320126020898,,,266.39065574664994,61.58710763900217
385,,AM,R1796,00,EHZ,61.1981981981982,-149.91291617029023,2026-09-09T17:28:59.996000Z,2026-09-09T17:29:59.996000Z,100.0,100.0,60.0,,traffic,1,Traffic,timeofday:America/Anchorage:day7-19:night1-5,AM,2.0-20.0,1832.6537374544434,14856.30655682117,1679.8526398632032,15252.105829967131,0.8401977972291168,3.7657893803301565,4.650635675550262,,,266.39065574664994,57.25465777775855
386,,AM,R1796,00,EHZ,61.1981981981982,-149.91291617029023,2026-09-09T17:29:59.996000Z,2026-09-09T17:30:59.996000Z,100.0,100.0,60.0,,traffic,1,Traffic,timeofday:America/Anchorage:day7-19:night1-5,AM,2.0-20.0,1887.0448790021373,14247.305444353633,1604.9694215283434,12627.147093128991,0.7233842803512941,3.2598137563066736,3.1429605103697513,,,266.39065574664994,47.4008634339562
387,,AM,R1796,00,EHZ,61.1981981981982,-149.91291617029023,2026-09-09T17:30:59.996000Z,2026-09-09T17:31:59.996000Z,100.0,100.0,60.0,,traffic,1,Traffic,timeofday:America/Anchorage:day7-19:night1-5,AM,2.0-20.0,1618.7018710476048,11240.695211842349,1424.564533954552,8626.477719510738,0.7745162221054562,2.3390279177939415,2.123171476537302,,,266.39065574664994,32.38280898153922
388,,AM,R1796,00,EHZ,61.1981981981982,-149.91291617029023,2026-09-09T17:31:59.996000Z,2026-09-09T17:32:59.996000Z,100.0,100.0,60.0,,traffic,1,Traffic,timeofday:America/Anchorage:day7-19:night1-5,AM,2.0-20.0,1597.6770312984092,7372.696901514087,1465.4479303632347,7322.706957417931,0.8413230748510527,4.383083081396612,1.545681605826041,,,266.39065574664994,27.488602919999455
389,,AM,R1796,00,EHZ,61.1981981981982,-149.91291617029023,2026-09-09T17:32:59.996000Z,2026-09-09T17:33:59.996000Z,100.0,100.0,60.0,,traffic,1,Traffic,timeofday:America/Anchorage:day7-19:night1-5,AM,2.0-20.0,1779.364572433745,8691.301544604796,1643.6305325907779,10582.480665514242,0.8532543708962251,3.4755919288223702,2.144833864321278,,,266.39065574664994,39.725419932066536
390,,AM,R1796,00,EHZ,61.1981981981982,-149.91291617029023,2026-09-09T17:33:59.996000Z,2026-09-09T17:34:59.996000Z,100.0,100.0,60.0,,traffic,1,Traffic,timeofday:America/Anchorage:day7-19:night1-5,AM,2.0-20.0,1089.6649696517345,6474.6988924830375,967.1329997239424,5761.086771301392,0.7877463968053587,4.2560449097350475,1.8367600785931044,,,266.39065574664994,21.62645966373707
391,,AM,R1796,00,EHZ,61.1981981981982,-149.91291617029023,2026-09-09T17:34:59.996000Z,2026-09-09T17:35:59.996000Z,100.0,100.0,60.0,,traffic,1,Traffic,timeofday:America/Anchorage:day7-19:night1-5,AM,2.0-20.0,1110.6862897701728,4631.299738702298,944.2269283840436,3808.2152306786297,0.7227197813176875,2.3322460629940043,0.34772408159795587,,,266.39065574664994,14.295603650228715
392,,AM,R1796,00,EHZ,61.1981981981982,-149.91291617029023,2026-09-09T17:35:59.996000Z,2026-09-09T17:36:59.996000Z,100.0,100.0,60.0,,traffic,1,Traffic,timeofday:America/Anchorage:day7-19:night1-5,AM,2.0-20.0,962.4250788025258,4256.701198666798,819.5256650588012,4383.184673340145,0.7250888973787801,2.0175337520429464,0.718216845667766,,,266.39065574664994,16.453973060934842
393,,AM,R1796,00,EHZ,61.1981981981982,-149.91291617029023,2026-09-09T17:36:59.996000Z,2026-09-09T17:37:59.996000Z,100.0,100.0,60.0,,traffic,1,Traffic,timeofday:America/Anchorage:day7-19:night1-5,AM,2.0-20.0,1144.663480324216,4683.702217660729,982.6634915488111,4476.664586409242,0.7369770911017657,2.783911993342645,0.777561679395518,,,266.39065574664994,16.804885944147983
394,,AM,R1796,00,EHZ,61.1981981981982,-149.91291617029023,2026-09-09T17:37:59.996000Z,2026-09-09T17:38:59.996000Z,100.0,100.0,60.0,,traffic,1,Traffic,timeofday:America/Anchorage:day7-19:night1-5,AM,2.0-20.0,958.9053591839453,5930.7035033459515,838.1241377963921,5957.009226631566,0.7639504748206747,3.7481529303391685,1.6391003571161908,,,266.39065574664994,22.361930113258037
395,,AM,R1796,00,EHZ,61.1981981981982,-149.91291617029023,2026-09-09T17:38:59.996000Z,2026-09-09T17:39:59.996000Z,100.0,100.0,60.0,,traffic,1,Traffic,timeofday:America/Anchorage:day7-19:night1-5,AM,2.0-20.0,1026.5198140633524,4253.295009727873,835.68738445142,3895.822441254553,0.6627550093420405,2.2668296161201544,0.43740808040217294,,,266.39065574664994,14.624471081146568
396,,AM,R1796,00,EHZ,61.1981981981982,-149.91291617029023,2026-09-09T17:39:59.996000Z,2026-09-09T17:40:59.996000Z,100.0,100.0,60.0,,traffic,1,Traffic,timeofday:America/Anchorage:day7-19:night1-5,AM,2.0-20.0,1393.5327850477245,10553.293861714033,1298.464079569407,9593.838516123771,0.8682114290419993,3.7900305126053975,3.1652326581182573,,,266.39065574664994,36.01417057679367
397,,AM,R1796,00,EHZ,61.1981981981982,-149.91291617029023,2026-09-09T17:40:59.996000Z,2026-09-09T17:41:59.996000Z,100.0,100.0,60.0,,traffic,1,Traffic,timeofday:America/Anchorage:day7-19:night1-5,AM,2.0-20.0,1055.3858885270738,7388.292450582349,944.1524602786318,6890.682143907772,0.8003163555687184,4.40304572389417,3.0130942012388084,,,266.39065574664994,25.8668312692662
398,,AM,R1796,00,EHZ,61.1981981981982,-149.91291617029023,2026-09-09T17:41:59.996000Z,2026-09-09T17:42:59.996000Z,100.0,100.0,60.0,,traffic,1,Traffic,timeofday:America/Anchorage:day7-19:night1-5,AM,2.0-20.0,1534.479687711274,8009.291593145411,1365.317909293534,7655.174840252834,0.7916720021617002,3.7183564632813866,2.02345598950365,,,266.39065574664994,28.736649259699504
399,,AM,R1796,00,EHZ,61.1981981981982,-149.91291617029023,2026-09-09T17:42:59.996000Z,2026-09-09T17:43:59.996000Z,100.0,100.0,60.0,,traffic,1,Traffic,timeofday:America/Anchorage:day7-19:night1-5,AM,2.0-20.0,1610.6028366401654,11652.290699786017,1481.2273517349008,13303.703384816059,0.845797752168687,4.228131077649307,6.887212303021393,,,266.39065574664994,49.94057823660492
400,,AM,R1796,00,EHZ,61.1981981981982,-149.91291617029023,2026-09-09T17:43:59.996000Z,2026-09-09T17:44:59.996000Z,100.0,100.0,60.0,,traffic,1,Traffic,timeofday:America/Anchorage:day7-19:night1-5,AM,2.0-20.0,1509.3873280300163,11941.289237873903,1400.0860477454985,10691.765866214515,0.8604151650927101,5.324936909554154,4.656662046508863,,,266.39065574664994,40.13566405415845
401,,AM,R1796,00,EHZ,61.1981981981982,-149.91291617029023,2026-09-09T17:44:59.996000Z,2026-09-09T17:45:59.996000Z,100.0,100.0,60.0,,traffic,1,Traffic,timeofday:America/Anchorage:day7-19:night1-5,AM,2.0-20.0,2137.054308804146,16525.288947861234,1952.4944311719387,16042.213647952536,0.8347347426919773,4.950103798666255,9.288068209107946,,,266.39065574664994,60.22063199998065
402,,AM,R1796,00,EHZ,61.1981981981982,-149.91291617029023,2026-09-09T17:45:59.996000Z,2026-09-09T17:46:59.996000Z,100.0,100.0,60.0,,traffic,1,Traffic,timeofday:America/Anchorage:day7-19:night1-5,AM,2.0-20.0,1067.7104203445979,5231.2872237716465,928.4865919723275,5383.490112377479,0.7562132989085465,3.0956911496742583,1.3840979582163682,,,266.39065574664994,20.209005069222215
403,,AM,R1796,00,EHZ,61.1981981981982,-149.91291617029023,2026-09-09T17:46:59.996000Z,2026-09-09T17:47:59.996000Z,100.0,100.0,60.0,,traffic,1,Traffic,timeofday:America/Anchorage:day7-19:night1-5,AM,2.0-20.0,1724.2843998314472,16440.714322774515,1646.3199827751785,16774.95908871093,0.9116134018202504,6.229252606526535,14.057864601619645,,,266.39065574664994,62.97127443037907
404,,AM,R1796,00,EHZ,61.1981981981982,-149.91291617029023,2026-09-09T17:47:59.996000Z,2026-09-09T17:48:59.996000Z,100.0,100.0,60.0,,traffic,1,Traffic,timeofday:America/Anchorage:day7-19:night1-5,AM,2.0-20.0,1812.6619423032466,10306.714435807988,1641.1328787056455,10635.406936640087,0.8196979695804848,5.692784863166487,3.9577688731645093,,,266.39065574664994,39.92409908985269
405,,AM,R1796,00,EHZ,61.1981981981982,-149.91291617029023,2026-09-09T17:48:59.996000Z,2026-09-09T17:49:59.996000Z,100.0,100.0,60.0,,traffic,1,Traffic,timeofday:America/Anchorage:day7-19:night1-5,AM,2.0-20.0,1510.630913437499,9634.715526458747,1395.6304371646806,9200.235844291452,0.8535404923843565,2.6266656419543577,4.2609050776712865,,,266.39065574664994,34.5366312437074
406,,AM,R1796,00,EHZ,61.1981981981982,-149.91291617029023,2026-09-09T17:49:59.996000Z,2026-09-09T17:50:59.996000Z,100.0,100.0,60.0,,traffic,1,Traffic,timeofday:America/Anchorage:day7-19:night1-5,AM,2.0-20.0,995.4210367444753,6235.716627077517,849.5661087660986,5291.375486634365,0.728418099919619,4.249822439133942,1.965667959552885,,,266.39065574664994,19.863217318203205
407,,AM,R1796,00,EHZ,61.1981981981982,-149.91291617029023,2026-09-09T17:50:59.996000Z,2026-09-09T17:51:59.996000Z,100.0,100.0,60.0,,traffic,1,Traffic,timeofday:America/Anchorage:day7-19:night1-5,AM,2.0-20.0,1268.6914821503553,7766.282028369579,1076.702879989755,8400.800672200046,0.7202440865899286,4.0461104199228455,2.0303849974479053,,,266.39065574664994,31.53564320285169
408,,AM,R1796,00,EHZ,61.1981981981982,-149.91291617029023,2026-09-09T17:51:59.996000Z,2026-09-09T17:52:59.996000Z,100.0,100.0,60.0,,traffic,1,Traffic,timeofday:America/Anchorage:day7-19:night1-5,AM,2.0-20.0,2122.6364095130116,20004.7193240825,1966.3943051443896,16713.786092338065,0.8582029376163718,7.766532213057617,9.510869586857403,,,266.39065574664994,62.74163801088302
409,,AM,R1796,00,EHZ,61.1981981981982,-149.91291617029023,2026-09-09T17:52:59.996000Z,2026-09-09T17:53:59.996000Z,100.0,100.0,60.0,,traffic,1,Traffic,timeofday:America/Anchorage:day7-19:night1-5,AM,2.0-20.0,1197.1462510651406,7560.720744806044,1026.048653802817,8118.479966837919,0.7345840429419099,3.753649983076324,2.7809920920756674,,,266.39065574664994,30.475843621778445
410,,AM,R1796,00,EHZ,61.1981981981982,-149.91291617029023,2026-09-09T17:53:59.996000Z,2026-09-09T17:54:59.996000Z,100.0,100.0,60.0,,traffic,1,Traffic,timeofday:America/Anchorage:day7-19:night1-5,AM,2.0-20.0,2074.355557562373,17097.27839625241,1968.9089093265284,20609.40290391026,0.9009171408118641,5.934763873676431,7.6537181322484376,,,266.39065574664994,77.36533718176202
411,,AM,R1796,00,EHZ,61.1981981981982,-149.91291617029023,2026-09-09T17:54:59.996000Z,2026-09-09T17:55:59.996000Z,100.0,100.0,60.0,,traffic,1,Traffic,timeofday:America/Anchorage:day7-19:night1-5,AM,2.0-20.0,961.1220730713358,5353.276696424585,841.0938282925806,4193.183214229819,0.7658289680304754,2.7396705035700752,0.578359090582047,,,266.39065574664994,15.74072935282585
412,,AM,R1796,00,EHZ,61.1981981981982,-149.91291617029023,2026-09-09T17:55:59.996000Z,2026-09-09T17:56:59.996000Z,100.0,100.0,60.0,,traffic,1,Traffic,timeofday:America/Anchorage:day7-19:night1-5,AM,2.0-20.0,2002.897086914272,14445.275745702116,1846.8682037345366,13677.722530560543,0.8502654634501483,3.880493077695066,6.064216968510193,,,266.39065574664994,51.344603256537276
413,,AM,R1796,00,EHZ,61.1981981981982,-149.91291617029023,2026-09-09T17:56:59.996000Z,2026-09-09T17:57:59.996000Z,100.0,100.0,60.0,,traffic,1,Traffic,timeofday:America/Anchorage:day7-19:night1-5,AM,2.0-20.0,1827.563073586078,14496.274910834256,1672.9410243495379,14161.669590657446,0.837946928730731,4.628551447856308,5.868403274591689,,,266.39065574664994,53.16128507197287
414,,AM,R1796,00,EHZ,61.1981981981982,-149.91291617029023,2026-09-09T17:57:59.996000Z,2026-09-09T17:58:59.996000Z,100.0,100.0,60.0,,traffic,1,Traffic,timeofday:America/Anchorage:day7-19:night1-5,AM,2.0-20.0,1629.7044259766717,9491.72667802893,1463.1076229120918,6753.865435216343,0.805999655220984,3.6257877397111216,1.273633632979271,,,266.39065574664994,25.353237020594246
415,,AM,R1796,00,EHZ,61.1981981981982,-149.91291617029023,2026-09-09T17:58:59.996000Z,2026-09-09T17:59:59.996000Z,100.0,100.0,60.0,,traffic,1,Traffic,timeofday:America/Anchorage:day7-19:night1-5,AM,2.0-20.0,1341.8023202695588,6432.726787488967,1174.6560232867048,6944.797928121129,0.7663803181727825,3.1423398248675287,1.8842524337178954,,,266.39065574664994,26.069975722894572
416,,AM,R1796,00,EHZ,61.1981981981982,-149.91291617029023,2026-09-09T17:59:59.996000Z,2026-09-09T18:00:59.996000Z,100.0,100.0,60.0,,traffic,1,Traffic,timeofday:America/Anchorage:day7-19:night1-5,AM,2.0-20.0,1169.143430816985,8459.728834128311,1045.4929171029655,8666.175428713472,0.799662264266382,5.066009826595071,7.170879510387243,,,266.39065574664994,32.531829633526684
417,,AM,R1796,00,EHZ,61.1981981981982,-149.91291617029023,2026-09-09T18:00:59.996000Z,2026-09-09T18:01:59.996000Z,100.0,100.0,60.0,,traffic,1,Traffic,timeofday:America/Anchorage:day7-19:night1-5,AM,2.0-20.0,1505.5336189641807,11509.270659383934,1371.6447931290813,10841.350004542106,0.8300464618616226,3.7538302455642136,3.8492891926556663,,,266.39065574664994,40.69718577085805
418,,AM,R1796,00,EHZ,61.1981981981982,-149.91291617029023,2026-09-09T18:01:59.996000Z,2026-09-09T18:02:59.996000Z,100.0,100.0,60.0,,traffic,1,Traffic,timeofday:America/Anchorage:day7-19:night1-5,AM,2.0-20.0,1758.4964466094325,10262.730907474403,1510.862433746479,10621.594615436421,0.7381877871986063,4.02069745421442,3.5997678278589955,,,266.39065574664994,39.87224921859894
419,,AM,R1796,00,EHZ,61.1981981981982,-149.91291617029023,2026-09-09T18:02:59.996000Z,2026-09-09T18:03:59.996000Z,100.0,100.0,60.0,,traffic,1,Traffic,timeofday:America/Anchorage:day7-19:night1-5,AM,2.0-20.0,1656.5917680632529,14064.267636067676,1524.185615415167,15314.629242313176,0.8465346114693788,5.310376952592214,13.810079181598343,,,266.39065574664994,57.48936350409419
420,,AM,R1796,00,EHZ,61.1981981981982,-149.91291617029023,2026-09-09T18:03:59.996000Z,2026-09-09T18:04:59.996000Z,100.0,100.0,60.0,,traffic,1,Traffic,timeofday:America/Anchorage:day7-19:night1-5,AM,2.0-20.0,1866.189595715991,11414.732507434053,1621.550728971678,12853.570305484627,0.7550045204549168,4.074514692505225,5.492134751655248,,,266.39065574664994,48.250830230730685
421,,AM,R1796,00,EHZ,61.1981981981982,-149.91291617029023,2026-09-09T18:04:59.996000Z,2026-09-09T18:05:59.996000Z,100.0,100.0,60.0,,traffic,1,Traffic,timeofday:America/Anchorage:day7-19:night1-5,AM,2.0-20.0,1111.4047488663189,8705.266033663045,974.4706364243993,8259.922868224417,0.7687639648993037,4.913420393057052,4.562753903813104,,,266.39065574664994,31.00680406778229
422,,AM,R1796,00,EHZ,61.1981981981982,-149.91291617029023,2026-09-09T18:05:59.996000Z,2026-09-09T18:06:59.996000Z,100.0,100.0,60.0,,traffic,1,Traffic,timeofday:America/Anchorage:day7-19:night1-5,AM,2.0-20.0,2250.5356868323497,15822.264656761128,2167.02775012787,16835.070440321797,0.927165232165194,4.713629255898704,6.1564871821652165,,,266.39065574664994,63.196925557076376
423,,AM,R1796,00,EHZ,61.1981981981982,-149.91291617029023,2026-09-09T18:06:59.996000Z,2026-09-09T18:07:59.996000Z,100.0,100.0,60.0,,traffic,1,Traffic,timeofday:America/Anchorage:day7-19:night1-5,AM,2.0-20.0,1170.1940110011149,5237.736254653527,1026.543090233105,4667.651239384535,0.7695531601842661,2.6470022774087716,0.5899040377191778,,,266.39065574664994,17.521827957147607
424,,AM,R1796,00,EHZ,61.1981981981982,-149.91291617029023,2026-09-09T18:07:59.996000Z,2026-09-09T18:08:59.996000Z,100.0,100.0,60.0,,traffic,1,Traffic,timeofday:America/Anchorage:day7-19:night1-5,AM,2.0-20.0,1446.7924952917515,12780.737926081927,1346.9805970465077,11936.671337193853,0.8667826007978049,4.609378577040665,7.278766718407402,,,266.39065574664994,44.80889655734092
425,,AM,R1796,00,EHZ,61.1981981981982,-149.91291617029023,2026-09-09T18:08:59.996000Z,2026-09-09T18:09:59.996000Z,100.0,100.0,60.0,,traffic,1,Traffic,timeofday:America/Anchorage:day7-19:night1-5,AM,2.0-20.0,2430.0778615891295,16188.73900488392,2279.697645584901,14110.538520896582,0.88006373137381,5.401546343501274,3.4424381787900593,,,266.39065574664994,52.96934489442591
426,,AM,R1796,00,EHZ,61.1981981981982,-149.91291617029023,2026-09-09T18:09:59.996000Z,2026-09-09T18:10:59.996000Z,100.0,100.0,60.0,,traffic,1,Traffic,timeofday:America/Anchorage:day7-19:night1-5,AM,2.0-20.0,2016.2768702953063,10466.259812120168,1823.898650680507,10695.493653466827,0.8182783632516915,3.9814601954195536,2.560315012218495,,,266.39065574664994,40.14965774039291
427,,AM,R1796,00,EHZ,61.1981981981982,-149.91291617029023,2026-09-09T18:10:59.996000Z,2026-09-09T18:11:59.996000Z,100.0,100.0,60.0,,traffic,1,Traffic,timeofday:America/Anchorage:day7-19:night1-5,AM,2.0-20.0,1750.1855567471143,9242.259489194259,1560.7461504103971,8089.347469294758,0.7952365888452886,3.6206813696981466,1.5101699562117972,,,266.39065574664994,30.36648356385334
428,,AM,R1796,00,EHZ,61.1981981981982,-149.91291617029023,2026-09-09T18:11:59.996000Z,2026-09-09T18:12:59.996000Z,100.0,100.0,60.0,,traffic,1,Traffic,timeofday:America/Anchorage:day7-19:night1-5,AM,2.0-20.0,1836.372540779765,14181.742532995251,1677.4557374195588,13226.336321628967,0.8344120331157695,4.118350564580017,3.1237146241974516,,,266.39065574664994,49.65015114572125
429,,AM,R1796,00,EHZ,61.1981981981982,-149.91291617029023,2026-09-09T18:12:59.996000Z,2026-09-09T18:13:59.996000Z,100.0,100.0,60.0,,traffic,1,Traffic,timeofday:America/Anchorage:day7-19:night1-5,AM,2.0-20.0,2354.2110798521685,14954.257125271271,1881.0970150855983,13897.64397739842,0.6384569073958812,2.843056593598588,3.710729984408248,,,266.39065574664994,52.17016317049699
430,,AM,R1796,00,EHZ,61.1981981981982,-149.91291617029023,2026-09-09T18:13:59.996000Z,2026-09-09T18:14:59.996000Z,100.0,100.0,60.0,,traffic,1,Traffic,timeofday:America/Anchorage:day7-19:night1-5,AM,2.0-20.0,1218.598743867773,6322.255177559727,1027.2978812447718,6019.126349358827,0.7106754817419995,2.5989246711789726,2.113138131089096,,,266.39065574664994,22.595110674915336
431,,AM,R1796,00,EHZ,61.1981981981982,-149.91291617029023,2026-09-09T18:14:59.996000Z,2026-09-09T18:15:59.996000Z,100.0,100.0,60.0,,traffic,1,Traffic,timeofday:America/Anchorage:day7-19:night1-5,AM,2.0-20.0,2774.0963639835463,17666.254298117936,2615.0266967726716,15122.680493190801,0.8886058491903834,3.911555741943527,4.083012849084665,,,266.39065574664994,56.76880989239045
432,,AM,R1796,00,EHZ,61.1981981981982,-149.91291617029023,2026-09-09T18:15:59.996000Z,2026-09-09T18:16:59.996000Z,100.0,100.0,60.0,,traffic,1,Traffic,timeofday:America/Anchorage:day7-19:night1-5,AM,2.0-20.0,2165.0900337541902,8799.253823414963,1855.767880582573,7550.691587707632,0.7346752098182627,2.6141032865933482,0.32617045575559045,,,266.39065574664994,28.344431100799177
433,,AM,R1796,00,EHZ,61.1981981981982,-149.91291617029023,2026-09-09T18:16:59.996000Z,2026-09-09T18:17:59.996000Z,100.0,100.0,60.0,,traffic,1,Traffic,timeofday:America/Anchorage:day7-19:night1-5,AM,2.0-20.0,2645.141341112889,18285.251971998157,2455.3771249973815,17927.8428800931,0.8616653808829392,5.107754316333102,3.61041323444978,,,266.39065574664994,67.29906809172512
434,,AM,R1796,00,EHZ,61.1981981981982,-149.91291617029023,2026-09-09T18:17:59.996000Z,2026-09-09T18:18:59.996000Z,100.0,100.0,60.0,,traffic,1,Traffic,timeofday:America/Anchorage:day7-19:night1-5,AM,2.0-20.0,1974.2791833752685,11341.749127116009,1672.8481061765694,9972.53759638866,0.7179527862607387,2.8358892459233247,1.2940475044699289,,,266.39065574664994,37.43576353471277
435,,AM,R1796,00,EHZ,61.1981981981982,-149.91291617029023,2026-09-09T18:18:59.996000Z,2026-09-09T18:19:59.996000Z,100.0,100.0,60.0,,traffic,1,Traffic,timeofday:America/Anchorage:day7-19:night1-5,AM,2.0-20.0,1992.2035175304918,14609.749766761333,1828.3889257394053,12937.138204401614,0.8423057379436493,4.025526704345882,3.686876096207258,,,266.39065574664994,48.56453454848447
436,,AM,R1796,00,EHZ,61.1981981981982,-149.91291617029023,2026-09-09T18:19:59.996000Z,2026-09-09T18:20:59.996000Z,100.0,100.0,60.0,,traffic,1,Traffic,timeofday:America/Anchorage:day7-19:night1-5,AM,2.0-20.0,1868.6207552855926,11046.248606008043,1676.3617630778588,10486.494393018758,0.8048096141403182,3.0704919158082222,1.7089831526962511,,,266.39065574664994,39.365098462732526
437,,AM,R1796,00,EHZ,61.1981981981982,-149.91291617029023,2026-09-09T18:20:59.996000Z,2026-09-09T18:21:59.996000Z,100.0,100.0,60.0,,traffic,1,Traffic,timeofday:America/Anchorage:day7-19:night1-5,AM,2.0-20.0,1543.3410142348018,10864.247408342233,1352.6504309551988,10501.470177314292,0.7681523349932634,3.2093268551039578,2.0410713340997395,,,266.39065574664994,39.42131584112952
438,,AM,R1796,00,EHZ,61.1981981981982,-149.91291617029023,2026-09-09T18:21:59.996000Z,2026-09-09T18:22:59.996000Z,100.0,100.0,60.0,,traffic,1,Traffic,timeofday:America/Anchorage:day7-19:night1-5,AM,2.0-20.0,2127.130991160145,13279.75288712463,1924.7588194382377,12192.647312113097,0.8187742321570702,4.7897907663467825,1.6697723563903768,,,266.39065574664994,45.76980103877547
439,,AM,R1796,00,EHZ,61.1981981981982,-149.91291617029023,2026-09-09T18:22:59.996000Z,2026-09-09T18:23:59.996000Z,100.0,100.0,60.0,,traffic,1,Traffic,timeofday:America/Anchorage:day7-19:night1-5,AM,2.0-20.0,1868.9964316243152,8458.754649957804,1692.6940434910382,9596.650083976865,0.8202381927655685,3.6835393707842656,1.2942877465790872,,,266.39065574664994,36.02472488037918
440,,AM,R1796,00,EHZ,61.1981981981982,-149.91291617029023,2026-09-09T18:23:59.996000Z,2026-09-09T18:24:59.996000Z,100.0,100.0,60.0,,traffic,1,Traffic,timeofday:America/Anchorage:day7-19:night1-5,AM,2.0-20.0,2194.730777985807,15113.755887871806,2061.435392098168,14377.609874459551,0.8822200993639001,4.346301119554132,6.132206580510035,,,266.39065574664994,53.97190015603751
441,,AM,R1796,00,EHZ,61.1981981981982,-149.91291617029023,2026-09-09T18:24:59.996000Z,2026-09-09T18:25:59.996000Z,100.0,100.0,60.0,,traffic,1,Traffic,timeofday:America/Anchorage:day7-19:night1-5,AM,2.0-20.0,1425.7047788009145,7236.756117136037,1269.5592249961264,8158.1950112654395,0.7929516743082348,3.098879799715644,1.310696963809959,,,266.39065574664994,30.624929348213577
442,,AM,R1796,00,EHZ,61.1981981981982,-149.91291617029023,2026-09-09T18:25:59.996000Z,2026-09-09T18:26:59.996000Z,100.0,100.0,60.0,,traffic,1,Traffic,timeofday:America/Anchorage:day7-19:night1-5,AM,2.0-20.0,1737.2249811272372,8720.242436374052,1515.468181756199,8182.001314404362,0.7609944918384874,3.9092703787049428,1.4977469846523812,,,266.39065574664994,30.71429548259317
443,,AM,R1796,00,EHZ,61.1981981981982,-149.91291617029023,2026-09-09T18:26:59.996000Z,2026-09-09T18:27:59.996000Z,100.0,100.0,60.0,,traffic,1,Traffic,timeofday:America/Anchorage:day7-19:night1-5,AM,2.0-20.0,1833.5770492391105,15327.758511339203,1551.297125477589,15219.537447460905,0.7157999223376196,4.404465578720497,8.174218955660054,,,266.39065574664994,57.13239980134814
444,,AM,R1796,00,EHZ,61.1981981981982,-149.91291617029023,2026-09-09T18:27:59.996000Z,2026-09-09T18:28:59.996000Z,100.0,100.0,60.0,,traffic,1,Traffic,timeofday:America/Anchorage:day7-19:night1-5,AM,2.0-20.0,1117.800119281431,6523.760322319745,1015.0335803312695,6799.403703075193,0.8245794690465429,3.4012182012430765,2.8854987669330177,,,266.39065574664994,25.524182460595565
445,,AM,R1796,00,EHZ,61.1981981981982,-149.91291617029023,2026-09-09T18:28:59.996000Z,2026-09-09T18:29:59.996000Z,100.0,100.0,60.0,,traffic,1,Traffic,timeofday:America/Anchorage:day7-19:night1-5,AM,2.0-20.0,1242.2836355801703,11166.239183981643,1148.494631458244,10739.50351246585,0.8547053259527967,3.7113388634226467,5.932937776299974,,,266.39065574664994,40.31486570865167
446,,AM,R1796,00,EHZ,61.1981981981982,-149.91291617029023,2026-09-09T18:29:59.996000Z,2026-09-09T18:30:59.996000Z,100.0,100.0,60.0,,traffic,1,Traffic,timeofday:America/Anchorage:day7-19:night1-5,AM,2.0-20.0,1466.9783164615599,10047.237925379317,1351.1569059882993,8881.164820822778,0.8483287421909301,4.421922873495649,2.172971291900917,,,266.39065574664994,33.33887517912484
447,,AM,R1796,00,EHZ,61.1981981981982,-149.91291617029023,2026-09-09T18:30:59.996000Z,2026-09-09T18:31:59.996000Z,100.0,100.0,60.0,,traffic,1,Traffic,timeofday:America/Anchorage:day7-19:night1-5,AM,2.0-20.0,2186.51673207358,17944.76394898272,2044.5189928990947,16272.260360619935,0.8743326341046042,4.036770854566689,5.595649498777588,,,266.39065574664994,61.08420100176345
448,,AM,R1796,00,EHZ,61.1981981981982,-149.91291617029023,2026-09-09T18:31:59.996000Z,2026-09-09T18:32:59.996000Z,100.0,100.0,60.0,,traffic,1,Traffic,timeofday:America/Anchorage:day7-19:night1-5,AM,2.0-20.0,1768.852257037783,6970.764183701148,1450.2660237316309,6436.719617943183,0.6722212313534289,3.0450666974840668,0.6886292685540591,,,266.39065574664994,24.162707959489413
449,,AM,R1796,00,EHZ,61.1981981981982,-149.91291617029023,2026-09-09T18:32:59.996000Z,2026-09-09T18:33:59.996000Z,100.0,100.0,60.0,,traffic,1,Traffic,timeofday:America/Anchorage:day7-19:night1-5,AM,2.0-20.0,1352.9358577103744,7270.233836426366,1196.1989466827713,7868.541183703881,0.7817221479781946,2.63621792725173,1.3097951986699314,,,266.39065574664994,29.537602066595138
450,,AM,R1796,00,EHZ,61.1981981981982,-149.91291617029023,2026-09-09T18:33:59.996000Z,2026-09-09T18:34:59.996000Z,100.0,100.0,60.0,,traffic,1,Traffic,timeofday:America/Anchorage:day7-19:night1-5,AM,2.0-20.0,1683.0439429531373,8672.766880518056,1496.164218076188,8461.588308819642,0.7902556647687855,3.9202925800066213,2.114267183920685,,,266.39065574664994,31.76383302598651
451,,AM,R1796,00,EHZ,61.1981981981982,-149.91291617029023,2026-09-09T18:37:59.996000Z,2026-09-09T18:38:59.996000Z,100.0,100.0,60.0,,traffic,1,Traffic,timeofday:America/Anchorage:day7-19:night1-5,AM,2.0-20.0,1918.2215519832569,16253.771869036895,1776.2764217254905,14101.38886540561,0.8574791518905457,3.8104457387887307,6.432413338374623,,,266.39065574664994,52.93499813603333
452,,AM,R1796,00,EHZ,61.1981981981982,-149.91291617029023,2026-09-09T18:38:59.996000Z,2026-09-09T18:39:59.996000Z,100.0,100.0,60.0,,traffic,1,Traffic,timeofday:America/Anchorage:day7-19:night1-5,AM,2.0-20.0,1374.5857942797484,13358.228033539914,1201.008860345171,9206.003653633328,0.7633939610207655,2.2389126506221997,4.081313448758411,,,266.39065574664994,34.558282939130834
453,,AM,R1796,00,EHZ,61.1981981981982,-149.91291617029023,2026-09-09T18:39:59.996000Z,2026-09-09T18:40:59.996000Z,100.0,100.0,60.0,,traffic,1,Traffic,timeofday:America/Anchorage:day7-19:night1-5,AM,2.0-20.0,1352.4890874242105,13467.774156977315,1227.2913442285826,14024.176274785852,0.8234321189367344,5.637736456310316,11.429744414762155,,,266.39065574664994,52.645150917468754
454,,AM,R1796,00,EHZ,61.1981981981982,-149.91291617029023,2026-09-09T18:40:59.996000Z,2026-09-09T18:41:59.996000Z,100.0,100.0,60.0,,traffic,1,Traffic,timeofday:America/Anchorage:day7-19:night1-5,AM,2.0-20.0,1103.2437884879475,8249.225750865613,974.8054842836957,8677.390209761792,0.780715759032388,6.00744512516572,4.286196076488821,,,266.39065574664994,32.57392863665007
455,,AM,R1796,00,EHZ,61.1981981981982,-149.91291617029023,2026-09-09T18:41:59.996000Z,2026-09-09T18:42:59.996000Z,100.0,100.0,60.0,,traffic,1,Traffic,timeofday:America/Anchorage:day7-19:night1-5,AM,2.0-20.0,1232.26310120771,5600.223767607767,981.6360485923349,3920.8933826342763,0.6345912927004961,2.6905981767872724,0.416535689236075,,,266.39065574664994,14.718584522586372
456,,AM,R1796,00,EHZ,61.1981981981982,-149.91291617029023,2026-09-09T18:42:59.996000Z,2026-09-09T18:43:59.996000Z,100.0,100.0,60.0,,traffic,1,Traffic,timeofday:America/Anchorage:day7-19:night1-5,AM,2.0-20.0,2271.3743932222305,18037.22321522955,2050.9471791075002,17208.248443468103,0.8153263914323549,6.155467434921366,7.357510392641002,,,266.39065574664994,64.59779302406898
457,,AM,R1796,00,EHZ,61.1981981981982,-149.91291617029023,2026-09-09T18:43:59.996000Z,2026-09-09T18:44:59.996000Z,100.0,100.0,60.0,,traffic,1,Traffic,timeofday:America/Anchorage:day7-19:night1-5,AM,2.0-20.0,1313.198127270016,8083.778102804686,1094.8215610529955,8062.329843500818,0.6950662063409674,4.032862658017927,3.4731779554392475,,,266.39065574664994,30.265062492163665
458,,AM,R1796,00,EHZ,61.1981981981982,-149.91291617029023,2026-09-09T18:44:59.996000Z,2026-09-09T18:45:59.996000Z,100.0,100.0,60.0,,traffic,1,Traffic,timeofday:America/Anchorage:day7-19:night1-5,AM,2.0-20.0,1302.1087781344158,12388.221110474822,1158.6271631275622,13266.614796897764,0.7917587626960135,5.406359693590245,8.046524138574048,,,266.39065574664994,49.80135192697952
459,,AM,R1796,00,EHZ,61.1981981981982,-149.91291617029023,2026-09-09T18:45:59.996000Z,2026-09-09T18:46:59.996000Z,100.0,100.0,60.0,,traffic,1,Traffic,timeofday:America/Anchorage:day7-19:night1-5,AM,2.0-20.0,1489.701124085087,13821.219957006791,1404.5509435330755,12287.309199496016,0.8889487031829568,4.214180266194007,11.14216334144497,,,266.39065574664994,46.125150918138154
460,,AM,R1796,00,EHZ,61.1981981981982,-149.91291617029023,2026-09-09T18:46:59.996000Z,2026-09-09T18:47:59.996000Z,100.0,100.0,60.0,,traffic,1,Traffic,timeofday:America/Anchorage:day7-19:night1-5,AM,2.0-20.0,1956.6798047560274,18376.21795230832,1873.4952224816457,19735.839618188846,0.9167811068424782,5.902806737340592,20.816579046723014,,,266.39065574664994,74.08608069555773
461,,AM,R1796,00,EHZ,61.1981981981982,-149.91291617029023,2026-09-09T18:47:59.996000Z,2026-09-09T18:48:59.996000Z,100.0,100.0,60.0,,traffic,1,Traffic,timeofday:America/Anchorage:day7-19:night1-5,AM,2.0-20.0,2823.851872448936,17499.78209057293,2716.839384392575,16252.097310875046,0.9256442448033773,5.746612531205033,4.641732517027716,,,266.39065574664994,61.0085112231998
462,,AM,R1796,00,EHZ,61.1981981981982,-149.91291617029023,2026-09-09T18:48:59.996000Z,2026-09-09T18:49:59.996000Z,100.0,100.0,60.0,,traffic,1,Traffic,timeofday:America/Anchorage:day7-19:night1-5,AM,2.0-20.0,2029.0813881324766,13425.784124235057,1885.8742652331741,12839.747861824555,0.8638265213386052,3.219577657028194,2.54634738917873,,,266.39065574664994,48.19894236093536
463,,AM,R1796,00,EHZ,61.1981981981982,-149.91291617029023,2026-09-09T18:49:59.996000Z,2026-09-09T18:50:59.996000Z,100.0,100.0,60.0,,traffic,1,Traffic,timeofday:America/Anchorage:day7-19:night1-5,AM,2.0-20.0,1999.9542545859802,14995.214763673559,1752.4871251258771,12448.590459110612,0.7678379055941793,3.8341428308884957,3.326239079661934,,,266.39065574664994,46.730582287953105
464,,AM,R1796,00,EHZ,61.1981981981982,-149.91291617029023,2026-09-09T18:50:59.996000Z,2026-09-09T18:51:59.996000Z,100.0,100.0,60.0,,traffic,1,Traffic,timeofday:America/Anchorage:day7-19:night1-5,AM,2.0-20.0,1080.770317200392,5800.214136065078,911.9435684140984,5519.826952875968,0.711982161301841,2.728428697079078,1.1439512004547376,,,266.39065574664994,20.720797947678705
465,,AM,R1796,00,EHZ,61.1981981981982,-149.91291617029023,2026-09-09T18:51:59.996000Z,2026-09-09T18:52:59.996000Z,100.0,100.0,60.0,,traffic,1,Traffic,timeofday:America/Anchorage:day7-19:night1-5,AM,2.0-20.0,1375.2870576922576,11981.787639557244,1234.7508197181648,13575.450179556356,0.8060684709799445,4.5778544786276285,8.268398724332092,,,266.39065574664994,50.960684568708174
466,,AM,R1796,00,EHZ,61.1981981981982,-149.91291617029023,2026-09-09T18:52:59.996000Z,2026-09-09T18:53:59.996000Z,100.0,100.0,60.0,,traffic,1,Traffic,timeofday:America/Anchorage:day7-19:night1-5,AM,2.0-20.0,1067.077176310061,5399.788228610211,957.0406289929964,4942.435218110115,0.8043944927074319,3.4189000442338537,1.8584461975501796,,,266.39065574664994,18.55333552994668
467,,AM,R1796,00,EHZ,61.1981981981982,-149.91291617029023,2026-09-09T18:53:59.996000Z,2026-09-09T18:54:59.996000Z,100.0,100.0,60.0,,traffic,1,Traffic,timeofday:America/Anchorage:day7-19:night1-5,AM,2.0-20.0,1741.1662267230681,10251.78933411895,1571.6131288383835,10792.598376708076,0.814724595102699,3.434325444556248,2.9029866473464434,,,266.39065574664994,40.514177745680186
468,,AM,R1796,00,EHZ,61.1981981981982,-149.91291617029023,2026-09-09T18:54:59.996000Z,2026-09-09T18:55:59.996000Z,100.0,100.0,60.0,,traffic,1,Traffic,timeofday:America/Anchorage:day7-19:night1-5,AM,2.0-20.0,1973.3357616021199,14306.209303649035,1857.5322743205425,15066.74954554065,0.8860755719660135,5.2271569796166,6.570579885377546,,,266.39065574664994,56.55885152319246
469,,AM,R1796,00,EHZ,61.1981981981982,-149.91291617029023,2026-09-09T18:55:59.996000Z,2026-09-09T18:56:59.996000Z,100.0,100.0,60.0,,traffic,1,Traffic,timeofday:America/Anchorage:day7-19:night1-5,AM,2.0-20.0,1115.7941124949825,9655.208516740468,984.4098263985954,8568.718034927653,0.7783658067788346,4.511370168528655,4.153029490357255,,,266.39065574664994,32.165985743422276
470,,AM,R1796,00,EHZ,61.1981981981982,-149.91291617029023,2026-09-09T18:56:59.996000Z,2026-09-09T18:57:59.996000Z,100.0,100.0,60.0,,traffic,1,Traffic,timeofday:America/Anchorage:day7-19:night1-5,AM,2.0-20.0,2014.6556367223293,22134.793004039326,1920.41062987773,23063.548516336912,0.9086289208807823,6.014606890679275,16.43971724982249,,,266.39065574664994,86.577918627414
471,,AM,R1796,00,EHZ,61.1981981981982,-149.91291617029023,2026-09-09T18:57:59.996000Z,2026-09-09T18:58:59.996000Z,100.0,100.0,60.0,,traffic,1,Traffic,timeofday:America/Anchorage:day7-19:night1-5,AM,2.0-20.0,1222.5941112878497,5932.793856774374,1056.1956075315313,5934.818549349562,0.7463183411525655,3.3281118763540816,1.0607771550816594,,,266.39065574664994,22.278628853235205
472,,AM,R1796,00,EHZ,61.1981981981982,-149.91291617029023,2026-09-09T18:58:59.996000Z,2026-09-09T18:59:59.996000Z,100.0,100.0,60.0,,traffic,1,Traffic,timeofday:America/Anchorage:day7-19:night1-5,AM,2.0-20.0,1879.0878671920768,10644.204910953891,1778.2593304975978,10409.919761558096,0.8955627378643528,3.5275800628535245,3.5228346139697333,,,266.39065574664994,39.077646069757115
473,,AM,R1796,00,EHZ,61.1981981981982,-149.91291617029023,2026-09-09T18:59:59.996000Z,2026-09-09T19:00:59.996000Z,100.0,100.0,60.0,,traffic,1,Traffic,timeofday:America/Anchorage:day7-19:night1-5,AM,2.0-20.0,1744.0782112245865,12251.204115958071,1645.4810536633704,13240.606001128679,0.8901308628771744,5.4345936654331535,5.873727384082777,,,266.39065574664994,49.7037178876166
474,,AM,R1796,00,EHZ,61.1981981981982,-149.91291617029023,2026-09-09T19:00:59.996000Z,2026-09-09T19:01:59.996000Z,100.0,100.0,60.0,,traffic,1,Traffic,timeofday:America/Anchorage:day7-19:night1-5,AM,2.0-20.0,2048.6625875294485,10653.797859024447,1629.2423818044767,10112.262981248707,0.6324563028415507,5.600341277397042,2.5445154411442186,,,266.39065574664994,37.96027662046053
475,,AM,R1796,00,EHZ,61.1981981981982,-149.91291617029023,2026-09-09T19:01:59.996000Z,2026-09-09T19:02:59.996000Z,100.0,100.0,60.0,,traffic,1,Traffic,timeofday:America/Anchorage:day7-19:night1-5,AM,2.0-20.0,2176.857340299094,15923.79795343843,2010.7263328339695,14927.474317557142,0.8531904662458237,4.8429658588755,4.498108085085898,,,266.39065574664994,56.03602827478255
476,,AM,R1796,00,EHZ,61.1981981981982,-149.91291617029023,2026-09-09T19:02:59.996000Z,2026-09-09T19:03:59.996000Z,100.0,100.0,60.0,,traffic,1,Traffic,timeofday:America/Anchorage:day7-19:night1-5,AM,2.0-20.0,921.892465537407,4345.200977163359,791.9863633266813,4332.617801214105,0.7380314628191196,1.7729790619414332,1.1840952185905937,,,266.39065574664994,16.26415081666614
477,,AM,R1796,00,EHZ,61.1981981981982,-149.91291617029023,2026-09-09T19:03:59.996000Z,2026-09-09T19:04:59.996000Z,100.0,100.0,60.0,,traffic,1,Traffic,timeofday:America/Anchorage:day7-19:night1-5,AM,2.0-20.0,1675.3693785399128,9590.198922812911,1553.0880711962022,9093.199127683467,0.8593518599557235,2.929044295774755,2.065271667359074,,,266.39065574664994,34.13482767327818
478,,AM,R1796,00,EHZ,61.1981981981982,-149.91291617029023,2026-09-09T19:04:59.996000Z,2026-09-09T19:05:59.996000Z,100.0,100.0,60.0,,traffic,1,Traffic,timeofday:America/Anchorage:day7-19:night1-5,AM,2.0-20.0,2060.6724000691684,12843.19859556126,1884.6063663889925,12401.510769438064,0.8364180551728376,3.9109396471471083,2.4643943598258584,,,266.39065574664994,46.55385052707136
479,,AM,R1796,00,EHZ,61.1981981981982,-149.91291617029023,2026-09-09T19:05:59.996000Z,2026-09-09T19:06:59.996000Z,100.0,100.0,60.0,,traffic,1,Traffic,timeofday:America/Anchorage:day7-19:night1-5,AM,2.0-20.0,2372.1626883689596,10106.803383746997,2079.5157664436874,10916.026534651934,0.7684851745972848,2.4873958235297757,0.7130017529092219,,,266.39065574664994,40.97751290883712
480,,AM,R1796,00,EHZ,61.1981981981982,-149.91291617029023,2026-09-09T19:06:59.996000Z,2026-09-09T19:07:59.996000Z,100.0,100.0,60.0,,traffic,1,Traffic,timeofday:America/Anchorage:day7-19:night1-5,AM,2.0-20.0,2097.4192361588766,9706.195367054459,1798.4984322741295,8540.570754327871,0.7352747186897989,3.0098833519058,0.8601092626148681,,,266.39065574664994,32.06032407702152
481,,AM,R1796,00,EHZ,61.1981981981982,-149.91291617029023,2026-09-09T19:07:59.996000Z,2026-09-09T19:08:59.996000Z,100.0,100.0,60.0,,traffic,1,Traffic,timeofday:America/Anchorage:day7-19:night1-5,AM,2.0-20.0,2308.1655572799746,14796.195199102896,2005.6546289833636,15607.58868752222,0.7550546527816953,3.5010238529182662,2.367148840370981,,,266.39065574664994,58.589099695620604
482,,AM,R1796,00,EHZ,61.1981981981982,-149.91291617029023,2026-09-09T19:08:59.996000Z,2026-09-09T19:09:59.996000Z,100.0,100.0,60.0,,traffic,1,Traffic,timeofday:America/Anchorage:day7-19:night1-5,AM,2.0-20.0,2206.422749858248,13621.806071348195,1953.3602017050068,13103.549449977789,0.7837674380508768,4.549253873497345,4.246593589838581,,,266.39065574664994,49.189223297831745
483,,AM,R1796,00,EHZ,61.1981981981982,-149.91291617029023,2026-09-09T19:09:59.996000Z,2026-09-09T19:10:59.996000Z,100.0,100.0,60.0,,traffic,1,Traffic,timeofday:America/Anchorage:day7-19:night1-5,AM,2.0-20.0,1612.98833295655,15712.19242160153,1369.404893292696,14222.227568647062,0.7207776286900672,4.23110820343444,4.806015577010834,,,266.39065574664994,53.38861278292385
484,,AM,R1796,00,EHZ,61.1981981981982,-149.91291617029023,2026-09-09T19:10:59.996000Z,2026-09-09T19:11:59.996000Z,100.0,100.0,60.0,,traffic,1,Traffic,timeofday:America/Anchorage:day7-19:night1-5,AM,2.0-20.0,1613.3610744072168,14597.191249325931,1450.7141440419105,15641.253951558567,0.8085381968830119,4.01276322479217,5.429019275686139,,,266.39065574664994,58.71547523962003
485,,AM,R1796,00,EHZ,61.1981981981982,-149.91291617029023,2026-09-09T19:11:59.996000Z,2026-09-09T19:12:59.996000Z,100.0,100.0,60.0,,traffic,1,Traffic,timeofday:America/Anchorage:day7-19:night1-5,AM,2.0-20.0,1407.7834326517584,9334.810032409698,1232.614888239754,9202.384621660507,0.7666252481569866,3.443217268927366,2.5309660414744135,,,266.39065574664994,34.54469750775496
486,,AM,R1796,00,EHZ,61.1981981981982,-149.91291617029023,2026-09-09T19:12:59.996000Z,2026-09-09T19:13:59.996000Z,100.0,100.0,60.0,,traffic,1,Traffic,timeofday:America/Anchorage:day7-19:night1-5,AM,2.0-20.0,1255.6607998063926,6355.189338477215,1132.8016131017368,6768.193374426836,0.8138850008601897,3.0388724789874293,1.0045785189797938,,,266.39065574664994,25.407022462768765
487,,AM,R1796,00,EHZ,61.1981981981982,-149.91291617029023,2026-09-09T19:13:59.996000Z,2026-09-09T19:14:59.996000Z,100.0,100.0,60.0,,traffic,1,Traffic,timeofday:America/Anchorage:day7-19:night1-5,AM,2.0-20.0,1880.9372069103836,16615.811543221484,1772.6918103625408,14462.617543340868,0.8882145475623803,4.944093973965008,8.93169655365591,,,266.39065574664994,54.29100920527595
488,,AM,R1796,00,EHZ,61.1981981981982,-149.91291617029023,2026-09-09T19:14:59.996000Z,2026-09-09T19:15:59.996000Z,100.0,100.0,60.0,,traffic,1,Traffic,timeofday:America/Anchorage:day7-19:night1-5,AM,2.0-20.0,1359.7298874377743,8645.186465809564,1250.430830383347,9527.089735884703,0.8456955761395244,4.537370360046518,3.90495880127194,,,266.39065574664994,35.76360330350857
489,,AM,R1796,00,EHZ,61.1981981981982,-149.91291617029023,2026-09-09T19:15:59.996000Z,2026-09-09T19:16:59.996000Z,100.0,100.0,60.0,,traffic,1,Traffic,timeofday:America/Anchorage:day7-19:night1-5,AM,2.0-20.0,1223.3922851281516,5844.185438540305,1082.2776716188598,4896.032487038981,0.7826109541320595,2.3296051876514925,1.0389398206395324,,,266.39065574664994,18.379144994092204
490,,AM,R1796,00,EHZ,61.1981981981982,-149.91291617029023,2026-09-09T19:16:59.996000Z,2026-09-09T19:17:59.996000Z,100.0,100.0,60.0,,traffic,1,Traffic,timeofday:America/Anchorage:day7-19:night1-5,AM,2.0-20.0,1306.1783175952094,6878.184535024825,1140.7280690067846,7701.974897296299,0.7627097805281404,2.8038960274507585,1.6564724567077178,,,266.39065574664994,28.912331311730544
491,,AM,R1796,00,EHZ,61.1981981981982,-149.91291617029023,2026-09-09T19:17:59.996000Z,2026-09-09T19:18:59.996000Z,100.0,100.0,60.0,,traffic,1,Traffic,timeofday:America/Anchorage:day7-19:night1-5,AM,2.0-20.0,1284.9958799930907,7454.816499579386,1139.0366262042621,7514.359749066832,0.7857274177847312,4.264358142680337,2.4700157370718676,,,266.39065574664994,28.208045541257054
492,,AM,R1796,00,EHZ,61.1981981981982,-149.91291617029023,2026-09-09T19:18:59.996000Z,2026-09-09T19:19:59.996000Z,100.0,100.0,60.0,,traffic,1,Traffic,timeofday:America/Anchorage:day7-19:night1-5,AM,2.0-20.0,1169.4388018330362,6111.182155303485,1023.7862936336941,5363.48092273483,0.7664143413047139,2.52535291662042,1.3142190639915396,,,266.39065574664994,20.133892863853877
493,,AM,R1796,00,EHZ,61.1981981981982,-149.91291617029023,2026-09-09T19:19:59.996000Z,2026-09-09T19:20:59.996000Z,100.0,100.0,60.0,,traffic,1,Traffic,timeofday:America/Anchorage:day7-19:night1-5,AM,2.0-20.0,1581.4712097523625,8816.180855700664,1417.9239925871768,8936.583958271927,0.8038653742806482,4.153416830392269,2.2557013936708303,,,266.39065574664994,33.54691227146886
494,,AM,R1796,00,EHZ,61.1981981981982,-149.91291617029023,2026-09-09T19:20:59.996000Z,2026-09-09T19:21:59.996000Z,100.0,100.0,60.0,,traffic,1,Traffic,timeofday:America/Anchorage:day7-19:night1-5,AM,2.0-20.0,1644.5371953310755,11228.819510858799,1419.6439589959105,10983.179979421668,0.7451976493310721,4.388026346456497,6.438457597001921,,,266.39065574664994,41.22959924640596
495,,AM,R1796,00,EHZ,61.1981981981982,-149.91291617029023,2026-09-09T19:21:59.996000Z,2026-09-09T19:22:59.996000Z,100.0,100.0,60.0,,traffic,1,Traffic,timeofday:America/Anchorage:day7-19:night1-5,AM,2.0-20.0,1057.9530757582938,4416.178472970113,909.9658087400379,4217.115432021995,0.7398051285841475,2.766217251612115,0.6610672971711127,,,266.39065574664994,15.8305681563871
496,,AM,R1796,00,EHZ,61.1981981981982,-149.91291617029023,2026-09-09T19:22:59.996000Z,2026-09-09T19:23:59.996000Z,100.0,100.0,60.0,,traffic,1,Traffic,timeofday:America/Anchorage:day7-19:night1-5,AM,2.0-20.0,2028.1851814439324,11778.821912961144,1718.9528899182233,9189.480787616796,0.7183113658236567,2.9475259905887388,2.36648280710389,,,266.39065574664994,34.49625799320989
497,,AM,R1796,00,EHZ,61.1981981981982,-149.91291617029023,2026-09-09T19:23:59.996000Z,2026-09-09T19:24:59.996000Z,100.0,100.0,60.0,,traffic,1,Traffic,timeofday:America/Anchorage:day7-19:night1-5,AM,2.0-20.0,1094.298437280446,4654.177277749287,921.8900912100171,4894.283217103521,0.7097194969710451,2.1733877820922216,0.7826580582693876,,,266.39065574664994,18.372578435176848
498,,AM,R1796,00,EHZ,61.1981981981982,-149.91291617029023,2026-09-09T19:24:59.996000Z,2026-09-09T19:25:59.996000Z,100.0,100.0,60.0,,traffic,1,Traffic,timeofday:America/Anchorage:day7-19:night1-5,AM,2.0-20.0,2391.6174176691575,13880.82485352411,2107.543921334685,12152.186847117668,0.776550766921938,3.3687042165005643,2.7700925603655815,,,266.39065574664994,45.61791708893487
499,,AM,R1796,00,EHZ,61.1981981981982,-149.91291617029023,2026-09-09T19:28:59.996000Z,2026-09-09T19:29:59.996000Z,100.0,100.0,60.0,,traffic,1,Traffic,timeofday:America/Anchorage:day7-19:night1-5,AM,2.0-20.0,1470.5070280968414,6317.17099564605,1282.0431097064675,6096.053066724609,0.7601005535980448,3.0767257170795954,0.8193493731950934,,,266.39065574664994,22.88388475803837
500,,AM,R1796,00,EHZ,61.1981981981982,-149.91291617029023,2026-09-09T19:29:59.996000Z,2026-09-09T19:30:59.996000Z,100.0,100.0,60.0,,traffic,1,Traffic,timeofday:America/Anchorage:day7-19:night1-5,AM,2.0-20.0,1385.0078380984642,6589.8300639722265,1172.9459420255123,5498.254730748182,0.7172185801745696,2.9437768627128102,0.652158587691646,,,266.39065574664994,20.63981829744539
501,,AM,R1796,00,EHZ,61.1981981981982,-149.91291617029023,2026-09-09T19:30:59.996000Z,2026-09-09T19:31:59.996000Z,100.0,100.0,60.0,,traffic,1,Traffic,timeofday:America/Anchorage:day7-19:night1-5,AM,2.0-20.0,2206.4304464488923,11182.830851821172,2018.7313532087078,10582.085792220147,0.8370985178152044,3.056415619739287,1.7502706163811022,,,266.39065574664994,39.72393762296306
502,,AM,R1796,00,EHZ,61.1981981981982,-149.91291617029023,2026-09-09T19:31:59.996000Z,2026-09-09T19:32:59.996000Z,100.0,100.0,60.0,,traffic,1,Traffic,timeofday:America/Anchorage:day7-19:night1-5,AM,2.0-20.0,1540.3064355674885,6758.831846177193,1367.1759281203986,5678.81344960748,0.7878336861372104,2.487155054305582,0.45398179969374564,,,266.39065574664994,21.317615040552695
503,,AM,R1796,00,EHZ,61.1981981981982,-149.91291617029023,2026-09-09T19:32:59.996000Z,2026-09-09T19:33:59.996000Z,100.0,100.0,60.0,,traffic,1,Traffic,timeofday:America/Anchorage:day7-19:night1-5,AM,2.0-20.0,1741.7830331837843,9188.166663323189,1584.7961918385647,9718.844030039809,0.8278634831748244,5.637388528965168,2.642982302370851,,,266.39065574664994,36.48342695354482
504,,AM,R1796,00,EHZ,61.1981981981982,-149.91291617029023,2026-09-09T19:33:59.996000Z,2026-09-09T19:34:59.996000Z,100.0,100.0,60.0,,traffic,1,Traffic,timeofday:America/Anchorage:day7-19:night1-5,AM,2.0-20.0,1225.5012742682527,5417.834753826916,1069.7609779509833,5314.792281254266,0.7619842058769456,2.765490574810276,0.44822948322540457,,,266.39065574664994,19.95112128223027
505,,AM,R1796,00,EHZ,61.1981981981982,-149.91291617029023,2026-09-09T19:34:59.996000Z,2026-09-09T19:35:59.996000Z,100.0,100.0,60.0,,traffic,1,Traffic,timeofday:America/Anchorage:day7-19:night1-5,AM,2.0-20.0,1492.05700127893,8675.835230974872,1332.7314732701238,6967.089396953206,0.7978375606508343,2.900279098232861,1.2775413794993202,,,266.39065574664994,26.153655342848197
506,,AM,R1796,00,EHZ,61.1981981981982,-149.91291617029023,2026-09-09T19:35:59.996000Z,2026-09-09T19:36:59.996000Z,100.0,100.0,60.0,,traffic,1,Traffic,timeofday:America/Anchorage:day7-19:night1-5,AM,2.0-20.0,1276.9058406947172,5468.162870025178,1096.2608850604577,5121.988304274017,0.7370723000802826,2.144808610570955,0.2900231744989994,,,266.39065574664994,19.227357243135692
507,,AM,R1796,00,EHZ,61.1981981981982,-149.91291617029023,2026-09-09T19:36:59.996000Z,2026-09-09T19:37:59.996000Z,100.0,100.0,60.0,,traffic,1,Traffic,timeofday:America/Anchorage:day7-19:night1-5,AM,2.0-20.0,2381.1978808562903,12654.162063556743,2241.589855936472,12144.648923354358,0.8861787473753491,2.843358293148076,2.292021661246478,,,266.39065574664994,45.58962058678399
508,,AM,R1796,00,EHZ,61.1981981981982,-149.91291617029023,2026-09-09T19:37:59.996000Z,2026-09-09T19:38:59.996000Z,100.0,100.0,60.0,,traffic,1,Traffic,timeofday:America/Anchorage:day7-19:night1-5,AM,2.0-20.0,1705.3688840390405,10838.839208775107,1573.1712000571572,9644.929806704957,0.8509720679205584,4.390096016001857,1.2966046584780226,,,266.39065574664994,36.205961427857815
509,,AM,R1796,00,EHZ,61.1981981981982,-149.91291617029023,2026-09-09T19:38:59.996000Z,2026-09-09T19:39:59.996000Z,100.0,100.0,60.0,,traffic,1,Traffic,timeofday:America/Anchorage:day7-19:night1-5,AM,2.0-20.0,1715.8646135878796,11821.159322918205,1488.4667665153968,9827.13898992457,0.7525099543352914,2.6090089019073353,2.3733185739049327,,,266.39065574664994,36.889953825072006
510,,AM,R1796,00,EHZ,61.1981981981982,-149.91291617029023,2026-09-09T19:39:59.996000Z,2026-09-09T19:40:59.996000Z,100.0,100.0,60.0,,traffic,1,Traffic,timeofday:America/Anchorage:day7-19:night1-5,AM,2.0-20.0,2660.770157334096,11892.15882038004,2275.817925482863,9647.465025717842,0.7315774421734439,2.2302834125700524,0.4768840150573621,,,266.39065574664994,36.21547834955981
511,,AM,R1796,00,EHZ,61.1981981981982,-149.91291617029023,2026-09-09T19:40:59.996000Z,2026-09-09T19:41:59.996000Z,100.0,100.0,60.0,,traffic,1,Traffic,timeofday:America/Anchorage:day7-19:night1-5,AM,2.0-20.0,1761.3168001079887,12806.157319160111,1591.9189741687615,12903.512805242852,0.8168963642156108,4.358587876751213,2.313521687699267,,,266.39065574664994,48.438308652667985
512,,AM,R1796,00,EHZ,61.1981981981982,-149.91291617029023,2026-09-09T19:41:59.996000Z,2026-09-09T19:42:59.996000Z,100.0,100.0,60.0,,traffic,1,Traffic,timeofday:America/Anchorage:day7-19:night1-5,AM,2.0-20.0,1617.2097652210011,7790.156451190937,1431.6386491802177,7141.317500859724,0.7836716181632319,3.0893152982112353,0.3890524155565651,,,266.39065574664994,26.807687682752103
513,,AM,R1796,00,EHZ,61.1981981981982,-149.91291617029023,2026-09-09T19:42:59.996000Z,2026-09-09T19:43:59.996000Z,100.0,100.0,60.0,,traffic,1,Traffic,timeofday:America/Anchorage:day7-19:night1-5,AM,2.0-20.0,1748.4558940844706,9060.155206130059,1545.5950057211944,8970.882464232116,0.7814155487051119,3.963806534994332,1.815422825296464,,,266.39065574664994,33.67566493309678
514,,AM,R1796,00,EHZ,61.1981981981982,-149.91291617029023,2026-09-09T19:43:59.996000Z,2026-09-09T19:44:59.996000Z,100.0,100.0,60.0,,traffic,1,Traffic,timeofday:America/Anchorage:day7-19:night1-5,AM,2.0-20.0,1772.2828713863364,14103.154354899614,1642.1314877596965,15756.079774860631,0.8585187353287507,5.0647069773374485,4.857942906403505,,,266.39065574664994,59.14651822414299
515,,AM,R1796,00,EHZ,61.1981981981982,-149.91291617029023,2026-09-09T19:44:59.996000Z,2026-09-09T19:45:59.996000Z,100.0,100.0,60.0,,traffic,1,Traffic,timeofday:America/Anchorage:day7-19:night1-5,AM,2.0-20.0,1204.1842871777676,4887.846715438974,971.8795553739279,4255.483340241941,0.6513868405920378,1.996442324146526,0.42066615283988984,,,266.39065574664994,15.974596887846944
516,,AM,R1796,00,EHZ,61.1981981981982,-149.91291617029023,2026-09-09T19:45:59.996000Z,2026-09-09T19:46:59.996000Z,100.0,100.0,60.0,,traffic,1,Traffic,timeofday:America/Anchorage:day7-19:night1-5,AM,2.0-20.0,1534.5485851593503,7041.848262925513,1190.6200586496063,6304.875585707044,0.6019842151481739,2.3341849774151204,0.6372375322169774,,,266.39065574664994,23.667780568486897
517,,AM,R1796,00,EHZ,61.1981981981982,-149.91291617029023,2026-09-09T19:46:59.996000Z,2026-09-09T19:47:59.996000Z,100.0,100.0,60.0,,traffic,1,Traffic,timeofday:America/Anchorage:day7-19:night1-5,AM,2.0-20.0,1146.7999543669725,4611.84974947554,998.5765391631907,4633.253848816356,0.7582062897422046,2.091776305081775,0.5160900541915905,,,266.39065574664994,17.392704094030982
518,,AM,R1796,00,EHZ,61.1981981981982,-149.91291617029023,2026-09-09T19:47:59.996000Z,2026-09-09T19:48:59.996000Z,100.0,100.0,60.0,,traffic,1,Traffic,timeofday:America/Anchorage:day7-19:night1-5,AM,2.0-20.0,1655.0009466535003,10336.149349830119,1529.6217051516462,10861.558349510471,0.8542236322144611,4.201489603289803,3.007741803648476,,,266.39065574664994,40.77304558250093
519,,AM,R1796,00,EHZ,61.1981981981982,-149.91291617029023,2026-09-09T19:48:59.996000Z,2026-09-09T19:49:59.996000Z,100.0,100.0,60.0,,traffic,1,Traffic,timeofday:America/Anchorage:day7-19:night1-5,AM,2.0-20.0,2081.660647598212,13279.148738772294,1943.176046130765,12487.394842775037,0.8713736681154333,4.602226898776257,2.619015330277734,,,266.39065574664994,46.87624949822241
520,,AM,R1796,00,EHZ,61.1981981981982,-149.91291617029023,2026-09-09T19:49:59.996000Z,2026-09-09T19:50:59.996000Z,100.0,100.0,60.0,,traffic,1,Traffic,timeofday:America/Anchorage:day7-19:night1-5,AM,2.0-20.0,1435.0514927346703,8449.852147252148,1304.8608922126982,7843.8193628490135,0.8267866599673931,2.2068115383565665,2.0892901404632465,,,266.39065574664994,29.444799183605205
521,,AM,R1796,00,EHZ,61.1981981981982,-149.91291617029023,2026-09-09T19:50:59.996000Z,2026-09-09T19:51:59.996000Z,100.0,100.0,60.0,,traffic,1,Traffic,timeofday:America/Anchorage:day7-19:night1-5,AM,2.0-20.0,1249.0704812611903,11378.146556530397,1091.3749224426097,10150.655757880188,0.7634384881110049,4.564472951821476,4.240634507222118,,,266.39065574664994,38.10439870508799
522,,AM,R1796,00,EHZ,61.1981981981982,-149.91291617029023,2026-09-09T19:51:59.996000Z,2026-09-09T19:52:59.996000Z,100.0,100.0,60.0,,traffic,1,Traffic,timeofday:America/Anchorage:day7-19:night1-5,AM,2.0-20.0,1382.3878171848864,5487.145501802089,1249.964629202027,5342.637732488066,0.8175901525795884,3.2265732683553985,0.5382647217214522,,,266.39065574664994,20.055649915773195
523,,AM,R1796,00,EHZ,61.1981981981982,-149.91291617029023,2026-09-09T19:55:59.996000Z,2026-09-09T19:56:59.996000Z,100.0,100.0,60.0,,traffic,1,Traffic,timeofday:America/Anchorage:day7-19:night1-5,AM,2.0-20.0,1761.627518636029,9865.859867193814,1449.8428983490835,8301.187012008386,0.6773509114732863,2.199941007706892,0.6191435731416437,,,266.39065574664994,31.161704935713683
524,,AM,R1796,00,EHZ,61.1981981981982,-149.91291617029023,2026-09-09T19:56:59.996000Z,2026-09-09T19:57:59.996000Z,100.0,100.0,60.0,,traffic,1,Traffic,timeofday:America/Anchorage:day7-19:night1-5,AM,2.0-20.0,1871.7047761986685,9587.860789328783,1639.1279897822087,8117.561624841861,0.7669217164429541,3.133749558127017,0.6789635383130213,,,266.39065574664994,30.472396271144152
525,,AM,R1796,00,EHZ,61.1981981981982,-149.91291617029023,2026-09-09T19:57:59.996000Z,2026-09-09T19:58:59.996000Z,100.0,100.0,60.0,,traffic,1,Traffic,timeofday:America/Anchorage:day7-19:night1-5,AM,2.0-20.0,1776.272098752776,8809.86133512435,1537.803148623727,8775.795491395515,0.74951875306566,3.0960597219054184,2.0769926378762182,,,266.39065574664994,32.943330789131394
526,,AM,R1796,00,EHZ,61.1981981981982,-149.91291617029023,2026-09-09T19:58:59.996000Z,2026-09-09T19:59:59.996000Z,100.0,100.0,60.0,,traffic,1,Traffic,timeofday:America/Anchorage:day7-19:night1-5,AM,2.0-20.0,1520.461034424392,7622.862930570184,1239.6682005531732,6351.0570307461,0.6647530406422599,2.1777742082861478,0.3731092712709847,,,266.39065574664994,23.84114042193077
527,,AM,R1796,00,EHZ,61.1981981981982,-149.91291617029023,2026-09-09T19:59:59.996000Z,2026-09-09T20:00:59.996000Z,100.0,100.0,60.0,,traffic,1,Traffic,timeofday:America/Anchorage:day7-19:night1-5,AM,2.0-20.0,1477.4712086221277,7256.135657921978,1310.7189661017212,6297.537729688691,0.7870115650043693,2.6652713450572114,0.8832123162615888,,,266.39065574664994,23.64023509772785
528,,AM,R1796,00,EHZ,61.1981981981982,-149.91291617029023,2026-09-09T20:00:59.996000Z,2026-09-09T20:01:59.996000Z,100.0,100.0,60.0,,traffic,1,Traffic,timeofday:America/Anchorage:day7-19:night1-5,AM,2.0-20.0,1178.4990449994507,5318.864753211416,1022.4368285988478,4543.736318244807,0.752687145701741,2.660451782406858,0.5830537516892464,,,266.39065574664994,17.0566655407242
529,,AM,R1796,00,EHZ,61.1981981981982,-149.91291617029023,2026-09-09T20:01:59.996000Z,2026-09-09T20:02:59.996000Z,100.0,100.0,60.0,,traffic,1,Traffic,timeofday:America/Anchorage:day7-19:night1-5,AM,2.0-20.0,1202.5170748436417,12721.133966181404,1082.7019219403949,12002.580903070791,0.8106535929897447,5.4044928344120216,8.741161256585112,,,266.39065574664994,45.05631351606346
530,,AM,R1796,00,EHZ,61.1981981981982,-149.91291617029023,2026-09-09T20:02:59.996000Z,2026-09-09T20:03:59.996000Z,100.0,100.0,60.0,,traffic,1,Traffic,timeofday:America/Anchorage:day7-19:night1-5,AM,2.0-20.0,1032.4642477120588,4465.8667007348895,893.4925553336742,4347.83967851575,0.74891379947619,2.573346575887116,0.6556404757069787,,,266.39065574664994,16.321292000012008
531,,AM,R1796,00,EHZ,61.1981981981982,-149.91291617029023,2026-09-09T20:03:59.996000Z,2026-09-09T20:04:59.996000Z,100.0,100.0,60.0,,traffic,1,Traffic,timeofday:America/Anchorage:day7-19:night1-5,AM,2.0-20.0,1166.0159800789809,5173.868383071681,981.439189706646,4740.321523761992,0.7084639997283217,2.9800105912433086,1.1275352639219651,,,266.39065574664994,17.79462387851269
532,,AM,R1796,00,EHZ,61.1981981981982,-149.91291617029023,2026-09-09T20:04:59.996000Z,2026-09-09T20:05:59.996000Z,100.0,100.0,60.0,,traffic,1,Traffic,timeofday:America/Anchorage:day7-19:night1-5,AM,2.0-20.0,1453.5116939060692,8487.869696780175,1222.5193426643593,8737.83664791242,0.707415250633128,3.6779649344381102,2.1479598272528673,,,266.39065574664994,32.800837639825154
533,,AM,R1796,00,EHZ,61.1981981981982,-149.91291617029023,2026-09-09T20:05:59.996000Z,2026-09-09T20:06:59.996000Z,100.0,100.0,60.0,,traffic,1,Traffic,timeofday:America/Anchorage:day7-19:night1-5,AM,2.0-20.0,1767.5765970459597,11434.870990552647,1652.974119094914,10487.01903769498,0.8745318320676658,3.4753055832856905,2.3169814217343943,,,266.39065574664994,39.36706791873596
534,,AM,R1796,00,EHZ,61.1981981981982,-149.91291617029023,2026-09-09T20:06:59.996000Z,2026-09-09T20:07:59.996000Z,100.0,100.0,60.0,,traffic,1,Traffic,timeofday:America/Anchorage:day7-19:night1-5,AM,2.0-20.0,1499.4664225293939,7889.872336798232,1279.444573238624,6421.4260625658535,0.7280638418203927,2.799408963517781,0.591474717094596,,,266.39065574664994,24.105297704859932
535,,AM,R1796,00,EHZ,61.1981981981982,-149.91291617029023,2026-09-09T20:07:59.996000Z,2026-09-09T20:08:59.996000Z,100.0,100.0,60.0,,traffic,1,Traffic,timeofday:America/Anchorage:day7-19:night1-5,AM,2.0-20.0,2188.3373624398955,16171.87300484298,2091.848429329737,14693.161453461507,0.913759438641899,4.1171586382206655,4.541165060887575,,,266.39065574664994,55.15644462933188
536,,AM,R1796,00,EHZ,61.1981981981982,-149.91291617029023,2026-09-09T20:08:59.996000Z,2026-09-09T20:09:59.996000Z,100.0,100.0,60.0,,traffic,1,Traffic,timeofday:America/Anchorage:day7-19:night1-5,AM,2.0-20.0,1749.5212334018352,11332.125530799922,1533.8865992051808,10029.32017609149,0.7686844063638828,2.773129198718187,2.320690014754728,,,266.39065574664994,37.6489188330609
537,,AM,R1796,00,EHZ,61.1981981981982,-149.91291617029023,2026-09-09T20:09:59.996000Z,2026-09-09T20:10:59.996000Z,100.0,100.0,60.0,,traffic,1,Traffic,timeofday:America/Anchorage:day7-19:night1-5,AM,2.0-20.0,1556.1769868542312,10596.125373004443,1337.7061491085824,10268.745576351865,0.7389302905361025,3.248927746052706,1.937737835882806,,,266.39065574664994,38.547694353505875
538,,AM,R1796,00,EHZ,61.1981981981982,-149.91291617029023,2026-09-09T20:10:59.996000Z,2026-09-09T20:11:59.996000Z,100.0,100.0,60.0,,traffic,1,Traffic,timeofday:America/Anchorage:day7-19:night1-5,AM,2.0-20.0,1968.4880999493944,12016.87672403918,1770.9425812536263,10586.427323357577,0.8093630497056046,2.7655141864363064,2.440799181462986,,,266.39065574664994,39.74023523342263
539,,AM,R1796,00,EHZ,61.1981981981982,-149.91291617029023,2026-09-09T20:11:59.996000Z,2026-09-09T20:12:59.996000Z,100.0,100.0,60.0,,traffic,1,Traffic,timeofday:America/Anchorage:day7-19:night1-5,AM,2.0-20.0,1899.398997118804,8528.12253983268,1644.2258530708143,7729.922376407661,0.749360050393835,2.583087256954077,0.7226269211267855,,,266.39065574664994,29.017242946236003
540,,AM,R1796,00,EHZ,61.1981981981982,-149.91291617029023,2026-09-09T20:12:59.996000Z,2026-09-09T20:13:59.996000Z,100.0,100.0,60.0,,traffic,1,Traffic,timeofday:America/Anchorage:day7-19:night1-5,AM,2.0-20.0,1404.616173910445,10393.12124549598,1236.7651769737265,9664.963194992008,0.7752810471746122,3.062785953215582,1.7169138845373793,,,266.39065574664994,36.28116447216468
541,,AM,R1796,00,EHZ,61.1981981981982,-149.91291617029023,2026-09-09T20:13:59.996000Z,2026-09-09T20:14:59.996000Z,100.0,100.0,60.0,,traffic,1,Traffic,timeofday:America/Anchorage:day7-19:night1-5,AM,2.0-20.0,1563.68306025772,8322.880235976003,1427.9636370610215,7951.097927975631,0.8339438953186143,2.9440382926008306,1.055761773632912,,,266.39065574664994,29.84751062566361
542,,AM,R1796,00,EHZ,61.1981981981982,-149.91291617029023,2026-09-09T20:14:59.996000Z,2026-09-09T20:15:59.996000Z,100.0,100.0,60.0,,traffic,1,Traffic,timeofday:America/Anchorage:day7-19:night1-5,AM,2.0-20.0,2289.476907810779,14213.119713619717,2161.9134018840773,13017.425281637414,0.8916697892988843,3.5778592614259113,5.001857359536652,,,266.39065574664994,48.86592303754678
543,,AM,R1796,00,EHZ,61.1981981981982,-149.91291617029023,2026-09-09T20:15:59.996000Z,2026-09-09T20:16:59.996000Z,100.0,100.0,60.0,,traffic,1,Traffic,timeofday:America/Anchorage:day7-19:night1-5,AM,2.0-20.0,1316.1545446487487,8039.117786784568,1203.5071442902847,6209.460039778785,0.8361487983035258,3.090537848266395,1.3711013795707592,,,266.39065574664994,23.30960154129533
544,,AM,R1796,00,EHZ,61.1981981981982,-149.91291617029023,2026-09-09T20:16:59.996000Z,2026-09-09T20:17:59.996000Z,100.0,100.0,60.0,,traffic,1,Traffic,timeofday:America/Anchorage:day7-19:night1-5,AM,2.0-20.0,1704.6092841442578,8577.116717950585,1569.2429532834822,8250.901971567086,0.8474823754964281,3.2854639378350257,0.6220517609533371,,,266.39065574664994,30.972940655298668
545,,AM,R1796,00,EHZ,61.1981981981982,-149.91291617029023,2026-09-09T20:17:59.996000Z,2026-09-09T20:18:59.996000Z,100.0,100.0,60.0,,traffic,1,Traffic,timeofday:America/Anchorage:day7-19:night1-5,AM,2.0-20.0,1708.1334162744827,11701.884599895571,1577.292774382953,10406.730113063037,0.8526701308268752,2.7883067471007927,0.8140906996666915,,,266.39065574664994,39.0656724947602
546,,AM,R1796,00,EHZ,61.1981981981982,-149.91291617029023,2026-09-09T20:18:59.996000Z,2026-09-09T20:19:59.996000Z,100.0,100.0,60.0,,traffic,1,Traffic,timeofday:America/Anchorage:day7-19:night1-5,AM,2.0-20.0,2604.0862081974747,11746.885400345587,2365.03691196822,11080.446942021128,0.8248312979504864,3.138533174695421,0.5527662852665896,,,266.39065574664994,41.594728279655406
547,,AM,R1796,00,EHZ,61.1981981981982,-149.91291617029023,2026-09-09T20:19:59.996000Z,2026-09-09T20:20:59.996000Z,100.0,100.0,60.0,,traffic,1,Traffic,timeofday:America/Anchorage:day7-19:night1-5,AM,2.0-20.0,1965.0828727514688,8102.88654892365,1766.142274167969,7666.576346276526,0.80777355459901,2.2283496407861496,0.3023991852441319,,,266.39065574664994,28.779449206986456
548,,AM,R1796,00,EHZ,61.1981981981982,-149.91291617029023,2026-09-09T20:20:59.996000Z,2026-09-09T20:21:59.996000Z,100.0,100.0,60.0,,traffic,1,Traffic,timeofday:America/Anchorage:day7-19:night1-5,AM,2.0-20.0,1779.3180096838369,6850.112440921973,1632.6830873143574,6295.110555590786,0.8419700413045105,2.1653211539634762,0.11087473458710839,,,266.39065574664994,23.631123764257456
549,,AM,R1796,00,EHZ,61.1981981981982,-149.91291617029023,2026-09-09T20:24:59.996000Z,2026-09-09T20:25:59.996000Z,100.0,100.0,60.0,,traffic,1,Traffic,timeofday:America/Anchorage:day7-19:night1-5,AM,2.0-20.0,1435.77760231725,7765.892613611421,1148.6898847609887,5919.190643397456,0.6400755603466993,2.415178469273328,1.6048207150237275,,,266.39065574664994,22.219963484856187
550,,AM,R1796,00,EHZ,61.1981981981982,-149.91291617029023,2026-09-09T20:25:59.996000Z,2026-09-09T20:26:59.996000Z,100.0,100.0,60.0,,traffic,1,Traffic,timeofday:America/Anchorage:day7-19:night1-5,AM,2.0-20.0,1946.1480551870636,11003.893217334296,1684.5399415731472,10407.706338482485,0.749222605729708,3.8897192250634554,2.0799652637269217,,,266.39065574664994,39.06933713313392
551,,AM,R1796,00,EHZ,61.1981981981982,-149.91291617029023,2026-09-09T20:26:59.996000Z,2026-09-09T20:27:59.996000Z,100.0,100.0,60.0,,traffic,1,Traffic,timeofday:America/Anchorage:day7-19:night1-5,AM,2.0-20.0,1228.2579682775552,5674.894186112027,1053.2224128476578,6378.237127030831,0.7352939697809776,3.0123823645305574,0.747496004836016,,,266.39065574664994,23.94317138922784
552,,AM,R1796,00,EHZ,61.1981981981982,-149.91291617029023,2026-09-09T20:27:59.996000Z,2026-09-09T20:28:59.996000Z,100.0,100.0,60.0,,traffic,1,Traffic,timeofday:America/Anchorage:day7-19:night1-5,AM,2.0-20.0,1096.3313018050592,4484.104328842553,952.7266736288269,3916.384368696325,0.7551844186154187,2.1583459594523284,0.30487016312495285,,,266.39065574664994,14.701658200882958
553,,AM,R1796,00,EHZ,61.1981981981982,-149.91291617029023,2026-09-09T20:28:59.996000Z,2026-09-09T20:29:59.996000Z,100.0,100.0,60.0,,traffic,1,Traffic,timeofday:America/Anchorage:day7-19:night1-5,AM,2.0-20.0,1737.5394502810757,9077.103476107504,1601.33422562148,8098.393439409068,0.8493655149239945,5.578077902225229,2.559691129351296,,,266.39065574664994,30.40044109922167
554,,AM,R1796,00,EHZ,61.1981981981982,-149.91291617029023,2026-09-09T20:29:59.996000Z,2026-09-09T20:30:59.996000Z,100.0,100.0,60.0,,traffic,1,Traffic,timeofday:America/Anchorage:day7-19:night1-5,AM,2.0-20.0,1646.1320480757302,17063.89726227754,1517.4857452470453,18172.75108869407,0.8498062092151503,4.347035621827823,16.67451686285068,,,266.39065574664994,68.21842544648868
555,,AM,R1796,00,EHZ,61.1981981981982,-149.91291617029023,2026-09-09T20:30:59.996000Z,2026-09-09T20:31:59.996000Z,100.0,100.0,60.0,,traffic,1,Traffic,timeofday:America/Anchorage:day7-19:night1-5,AM,2.0-20.0,1736.8104102835632,14661.101534790529,1619.9891250130845,13540.883335425022,0.8700002373790313,4.375705664758566,6.949447759697701,,,266.39065574664994,50.83092459633058
556,,AM,R1796,00,EHZ,61.1981981981982,-149.91291617029023,2026-09-09T20:31:59.996000Z,2026-09-09T20:32:59.996000Z,100.0,100.0,60.0,,traffic,1,Traffic,timeofday:America/Anchorage:day7-19:night1-5,AM,2.0-20.0,999.0561668473305,3680.899963608264,842.4811562504104,3151.0633626812632,0.7111162152785178,2.027489217950654,0.13777484999142509,,,266.39065574664994,11.828730830851939
557,,AM,R1796,00,EHZ,61.1981981981982,-149.91291617029023,2026-09-09T20:32:59.996000Z,2026-09-09T20:33:59.996000Z,100.0,100.0,60.0,,traffic,1,Traffic,timeofday:America/Anchorage:day7-19:night1-5,AM,2.0-20.0,1130.4001254002426,7546.0983294170355,983.9758855711216,8756.595544494787,0.7577126126825621,4.606053274945974,2.9144105015701562,,,266.39065574664994,32.87125638829735
558,,AM,R1796,00,EHZ,61.1981981981982,-149.91291617029023,2026-09-09T20:33:59.996000Z,2026-09-09T20:34:59.996000Z,100.0,100.0,60.0,,traffic,1,Traffic,timeofday:America/Anchorage:day7-19:night1-5,AM,2.0-20.0,1457.5677587791063,7871.098048808147,1164.2806142815348,5739.523536278033,0.6380545739760549,4.831816517109152,0.7025695881901921,,,266.39065574664994,21.54551375006408
559,,AM,R1796,00,EHZ,61.1981981981982,-149.91291617029023,2026-09-09T20:34:59.996000Z,2026-09-09T20:35:59.996000Z,100.0,100.0,60.0,,traffic,1,Traffic,timeofday:America/Anchorage:day7-19:night1-5,AM,2.0-20.0,2098.823962973765,12556.096409352607,1915.819939991062,12754.4056110401,0.8332155187622451,3.7489398045681,3.011124072586113,,,266.39065574664994,47.87857732956722
560,,AM,R1796,00,EHZ,61.1981981981982,-149.91291617029023,2026-09-09T20:35:59.996000Z,2026-09-09T20:36:59.996000Z,100.0,100.0,60.0,,traffic,1,Traffic,timeofday:America/Anchorage:day7-19:night1-5,AM,2.0-20.0,1462.3957099182296,5539.095710087301,1313.473469569379,5235.709596519202,0.8067013827869435,3.2283527759052992,0.4366434845740583,,,266.39065574664994,19.654253944622624
561,,AM,R1796,00,EHZ,61.1981981981982,-149.91291617029023,2026-09-09T20:36:59.996000Z,2026-09-09T20:37:59.996000Z,100.0,100.0,60.0,,traffic,1,Traffic,timeofday:America/Anchorage:day7-19:night1-5,AM,2.0-20.0,1794.5259629075217,7442.093892524109,1639.1021104894335,7588.2761080535765,0.8342813340703709,2.7887373145298486,0.5829074290110872,,,266.39065574664994,28.48551908393658
562,,AM,R1796,00,EHZ,61.1981981981982,-149.91291617029023,2026-09-09T20:37:59.996000Z,2026-09-09T20:38:59.996000Z,100.0,100.0,60.0,,traffic,1,Traffic,timeofday:America/Anchorage:day7-19:night1-5,AM,2.0-20.0,1592.3533528056287,12093.907092428128,1483.3535968428914,10718.300170912575,0.867781694724332,4.585324553882502,3.95859015889698,,,266.39065574664994,40.23527079383063
563,,AM,R1796,00,EHZ,61.1981981981982,-149.91291617029023,2026-09-09T20:38:59.996000Z,2026-09-09T20:39:59.996000Z,100.0,100.0,60.0,,traffic,1,Traffic,timeofday:America/Anchorage:day7-19:night1-5,AM,2.0-20.0,1097.6931788232007,5818.091604583692,961.8128458386012,5147.474921730785,0.7677489220999808,2.836160043814119,0.8254909688480581,,,266.39065574664994,19.323031084942695
564,,AM,R1796,00,EHZ,61.1981981981982,-149.91291617029023,2026-09-09T20:39:59.996000Z,2026-09-09T20:40:59.996000Z,100.0,100.0,60.0,,traffic,1,Traffic,timeofday:America/Anchorage:day7-19:night1-5,AM,2.0-20.0,1159.838449709134,9380.091376071761,1034.8506242392882,9308.025008346576,0.7960866262872869,3.1191495883038205,4.122658561911937,,,266.39065574664994,34.94125941564162
565,,AM,R1796,00,EHZ,61.1981981981982,-149.91291617029023,2026-09-09T20:40:59.996000Z,2026-09-09T20:41:59.996000Z,100.0,100.0,60.0,,traffic,1,Traffic,timeofday:America/Anchorage:day7-19:night1-5,AM,2.0-20.0,1029.8379296469252,4472.909660977436,866.3932025450047,3964.410425824174,0.7077702540199433,1.8681534144740295,0.385816030479615,,,266.39065574664994,14.881942516761981
566,,AM,R1796,00,EHZ,61.1981981981982,-149.91291617029023,2026-09-09T20:41:59.996000Z,2026-09-09T20:42:59.996000Z,100.0,100.0,60.0,,traffic,1,Traffic,timeofday:America/Anchorage:day7-19:night1-5,AM,2.0-20.0,1436.0382154234217,11259.9109810805,1318.5251188525103,11625.196530511912,0.8430334770693485,5.519493591202917,4.017743312667369,,,266.39065574664994,43.639655820240264
567,,AM,R1796,00,EHZ,61.1981981981982,-149.91291617029023,2026-09-09T20:42:59.996000Z,2026-09-09T20:43:59.996000Z,100.0,100.0,60.0,,traffic,1,Traffic,timeofday:America/Anchorage:day7-19:night1-5,AM,2.0-20.0,1138.4909290321589,6052.912263192285,949.5441762612948,5304.985690611948,0.6956186217906923,4.124934444070978,1.5474028942556712,,,266.39065574664994,19.91430846454779
568,,AM,R1796,00,EHZ,61.1981981981982,-149.91291617029023,2026-09-09T20:43:59.996000Z,2026-09-09T20:44:59.996000Z,100.0,100.0,60.0,,traffic,1,Traffic,timeofday:America/Anchorage:day7-19:night1-5,AM,2.0-20.0,2177.4544970721295,11011.91396264396,1896.9231435227762,9643.107255142319,0.7589292546576529,4.52185275530675,1.473237465026469,,,266.39065574664994,36.199119778110266
569,,AM,R1796,00,EHZ,61.1981981981982,-149.91291617029023,2026-09-09T20:44:59.996000Z,2026-09-09T20:45:59.996000Z,100.0,100.0,60.0,,traffic,1,Traffic,timeofday:America/Anchorage:day7-19:night1-5,AM,2.0-20.0,2818.1770630860196,19241.085658947813,2526.299973103049,17146.114297012493,0.8035877045359655,3.770759427340445,2.9130692945613923,,,266.39065574664994,64.36454855728594
570,,AM,R1796,00,EHZ,61.1981981981982,-149.91291617029023,2026-09-09T20:45:59.996000Z,2026-09-09T20:46:59.996000Z,100.0,100.0,60.0,,traffic,1,Traffic,timeofday:America/Anchorage:day7-19:night1-5,AM,2.0-20.0,1834.6537192317503,10086.084721014488,1513.9532975893383,9290.475721358825,0.6809523849022192,2.2660185277370113,1.3194915464697559,,,266.39065574664994,34.87538140299675
571,,AM,R1796,00,EHZ,61.1981981981982,-149.91291617029023,2026-09-09T20:46:59.996000Z,2026-09-09T20:47:59.996000Z,100.0,100.0,60.0,,traffic,1,Traffic,timeofday:America/Anchorage:day7-19:night1-5,AM,2.0-20.0,2549.8078532832274,14549.082952539045,2399.2991210570262,15238.951341533111,0.8854292832750789,3.934659014804791,3.4045667769422767,,,266.39065574664994,57.20527733535095
572,,AM,R1796,00,EHZ,61.1981981981982,-149.91291617029023,2026-09-09T20:47:59.996000Z,2026-09-09T20:48:59.996000Z,100.0,100.0,60.0,,traffic,1,Traffic,timeofday:America/Anchorage:day7-19:night1-5,AM,2.0-20.0,1801.9320648781963,20522.082385867077,1514.587684332558,19693.48563147132,0.7064997543685416,7.635417017015058,20.46778700536028,,,266.39065574664994,73.92708868212237
573,,AM,R1796,00,EHZ,61.1981981981982,-149.91291617029023,2026-09-09T20:48:59.996000Z,2026-09-09T20:49:59.996000Z,100.0,100.0,60.0,,traffic,1,Traffic,timeofday:America/Anchorage:day7-19:night1-5,AM,2.0-20.0,2343.876018624593,11475.080446618935,2052.6661324915663,11548.96995923834,0.7669505487618776,2.7822147161508184,1.4875167786863637,,,266.39065574664994,43.353510005328246
574,,AM,R1796,00,EHZ,61.1981981981982,-149.91291617029023,2026-09-09T20:49:59.996000Z,2026-09-09T20:50:59.996000Z,100.0,100.0,60.0,,traffic,1,Traffic,timeofday:America/Anchorage:day7-19:night1-5,AM,2.0-20.0,1094.545814432313,6284.079140997695,900.8651435531762,5369.417090854571,0.6774101158913048,2.5608471066698613,1.0970559443788588,,,266.39065574664994,20.156176558839736
575,,AM,R1796,00,EHZ,61.1981981981982,-149.91291617029023,2026-09-09T20:50:59.996000Z,2026-09-09T20:51:59.996000Z,100.0,100.0,60.0,,traffic,1,Traffic,timeofday:America/Anchorage:day7-19:night1-5,AM,2.0-20.0,2323.9445382638205,20833.921979180945,2043.3711144590627,21214.0832315142,0.7731130089919847,6.361342508276829,11.99364155945837,,,266.39065574664994,79.63523785042142
576,,AM,R1796,00,EHZ,61.1981981981982,-149.91291617029023,2026-09-09T20:51:59.996000Z,2026-09-09T20:52:59.996000Z,100.0,100.0,60.0,,traffic,1,Traffic,timeofday:America/Anchorage:day7-19:night1-5,AM,2.0-20.0,1771.4054895424301,16205.077926028922,1626.3976979972026,15922.210029665779,0.8429805017192619,6.310496682151594,9.267008520326886,,,266.39065574664994,59.770152166330305
577,,AM,R1796,00,EHZ,61.1981981981982,-149.91291617029023,2026-09-09T20:52:59.996000Z,2026-09-09T20:53:59.996000Z,100.0,100.0,60.0,,traffic,1,Traffic,timeofday:America/Anchorage:day7-19:night1-5,AM,2.0-20.0,1510.5457135745614,9814.92314976386,1363.4241293898913,9407.523427689539,0.814693414513778,2.969404439648193,4.043510623091116,,,266.39065574664994,35.314765081837315
578,,AM,R1796,00,EHZ,61.1981981981982,-149.91291617029023,2026-09-09T20:53:59.996000Z,2026-09-09T20:54:59.996000Z,100.0,100.0,60.0,,traffic,1,Traffic,timeofday:America/Anchorage:day7-19:night1-5,AM,2.0-20.0,1972.2247653812872,11456.075523362348,1701.60057685033,10772.730821234192,0.7443932601466158,3.6625327430177372,3.726576484893206,,,266.39065574664994,40.439597218753676
579,,AM,R1796,00,EHZ,61.1981981981982,-149.91291617029023,2026-09-09T20:54:59.996000Z,2026-09-09T20:55:59.996000Z,100.0,100.0,60.0,,traffic,1,Traffic,timeofday:America/Anchorage:day7-19:night1-5,AM,2.0-20.0,1752.7562336466663,9688.074065023671,1509.4931081265313,9298.937611059744,0.741684543153938,3.5225912758732587,3.1681003101309715,,,266.39065574664994,34.90714636741415
580,,AM,R1796,00,EHZ,61.1981981981982,-149.91291617029023,2026-09-09T20:55:59.996000Z,2026-09-09T20:56:59.996000Z,100.0,100.0,60.0,,traffic,1,Traffic,timeofday:America/Anchorage:day7-19:night1-5,AM,2.0-20.0,1458.854995500476,12027.927110637285,1350.8332629391446,12923.570861167998,0.8573916281791664,4.386360031648602,5.482199413464706,,,266.39065574664994,48.51360429646197
581,,AM,R1796,00,EHZ,61.1981981981982,-149.91291617029023,2026-09-09T20:56:59.996000Z,2026-09-09T20:57:59.996000Z,100.0,100.0,60.0,,traffic,1,Traffic,timeofday:America/Anchorage:day7-19:night1-5,AM,2.0-20.0,1734.7632108400317,9400.928495438382,1635.4284955375556,8938.769904192657,0.8887563448870225,3.3843449658982228,2.6862135404440677,,,266.39065574664994,33.55511806200082
582,,AM,R1796,00,EHZ,61.1981981981982,-149.91291617029023,2026-09-09T20:57:59.996000Z,2026-09-09T20:58:59.996000Z,100.0,100.0,60.0,,traffic,1,Traffic,timeofday:America/Anchorage:day7-19:night1-5,AM,2.0-20.0,1565.8974762370747,8420.07055252262,1458.998305182481,8164.699881395123,0.8681263261147907,3.576015120959595,1.5980564295799384,,,266.39065574664994,30.649347885385804
583,,AM,R1796,00,EHZ,61.1981981981982,-149.91291617029023,2026-09-09T20:58:59.996000Z,2026-09-09T20:59:59.996000Z,100.0,100.0,60.0,,traffic,1,Traffic,timeofday:America/Anchorage:day7-19:night1-5,AM,2.0-20.0,1651.8487858034844,10756.069203455905,1475.7937703428843,11174.331811819478,0.7981982451082383,6.12131560791458,4.6159060676448505,,,266.39065574664994,41.94716132403231
584,,AM,R1796,00,EHZ,61.1981981981982,-149.91291617029023,2026-09-09T20:59:59.996000Z,2026-09-09T21:00:59.996000Z,100.0,100.0,60.0,,traffic,1,Traffic,timeofday:America/Anchorage:day7-19:night1-5,AM,2.0-20.0,2024.402283294489,12063.931273315897,1786.4248322449444,10052.436245938048,0.7787101887673268,3.4793144393032605,1.3330290887114344,,,266.39065574664994,37.73569391074433
585,,AM,R1796,00,EHZ,61.1981981981982,-149.91291617029023,2026-09-09T21:00:59.996000Z,2026-09-09T21:01:59.996000Z,100.0,100.0,60.0,,traffic,1,Traffic,timeofday:America/Anchorage:day7-19:night1-5,AM,2.0-20.0,2446.828630243825,14463.067454916481,2203.7989179905826,13223.846986482813,0.8112165904344407,3.9959210421301017,3.859572564769919,,,266.39065574664994,49.64080646679782
586,,AM,R1796,00,EHZ,61.1981981981982,-149.91291617029023,2026-09-09T21:01:59.996000Z,2026-09-09T21:02:59.996000Z,100.0,100.0,60.0,,traffic,1,Traffic,timeofday:America/Anchorage:day7-19:night1-5,AM,2.0-20.0,1754.1289102482694,11018.933644197683,1668.4866876048902,10889.983411641448,0.904737265780928,4.071528876049072,3.535494257793097,,,266.39065574664994,40.87975000894301
587,,AM,R1796,00,EHZ,61.1981981981982,-149.91291617029023,2026-09-09T21:02:59.996000Z,2026-09-09T21:03:59.996000Z,100.0,100.0,60.0,,traffic,1,Traffic,timeofday:America/Anchorage:day7-19:night1-5,AM,2.0-20.0,1420.4225461112474,8780.06483934826,1252.5089238028465,8462.694635107055,0.7775468087375137,3.2038743915672296,1.4958242573492173,,,266.39065574664994,31.767986048112274
588,,AM,R1796,00,EHZ,61.1981981981982,-149.91291617029023,2026-09-09T21:03:59.996000Z,2026-09-09T21:04:59.996000Z,100.0,100.0,60.0,,traffic,1,Traffic,timeofday:America/Anchorage:day7-19:night1-5,AM,2.0-20.0,1150.9320054182026,5456.936590967144,959.4606901540562,5569.9558659000995,0.6949523657768567,2.498706190351583,1.1663257573513164,,,266.39065574664994,20.908976143657945
589,,AM,R1796,00,EHZ,61.1981981981982,-149.91291617029023,2026-09-09T21:04:59.996000Z,2026-09-09T21:05:59.996000Z,100.0,100.0,60.0,,traffic,1,Traffic,timeofday:America/Anchorage:day7-19:night1-5,AM,2.0-20.0,2143.334110997192,22313.937491661483,1968.7338030244366,21149.582492337526,0.8437120363396025,5.929111152299359,12.263224141112405,,,266.39065574664994,79.39310946571555
590,,AM,R1796,00,EHZ,61.1981981981982,-149.91291617029023,2026-09-09T21:05:59.996000Z,2026-09-09T21:06:59.996000Z,100.0,100.0,60.0,,traffic,1,Traffic,timeofday:America/Anchorage:day7-19:night1-5,AM,2.0-20.0,1517.2957375716862,8621.938150678603,1148.5770231155643,7243.844519529969,0.5730331843114045,3.2243991955019533,1.6302321873728847,,,266.39065574664994,27.192562363821075
591,,AM,R1796,00,EHZ,61.1981981981982,-149.91291617029023,2026-09-09T21:06:59.996000Z,2026-09-09T21:07:59.996000Z,100.0,100.0,60.0,,traffic,1,Traffic,timeofday:America/Anchorage:day7-19:night1-5,AM,2.0-20.0,1379.975731358337,10483.060128241023,1261.8541269135128,10553.263224892562,0.8361330826104301,3.6307197324916474,3.4522594247593377,,,266.39065574664994,39.615741007557006
592,,AM,R1796,00,EHZ,61.1981981981982,-149.91291617029023,2026-09-09T21:07:59.996000Z,2026-09-09T21:08:59.996000Z,100.0,100.0,60.0,,traffic,1,Traffic,timeofday:America/Anchorage:day7-19:night1-5,AM,2.0-20.0,1131.7837210564783,6512.940216689743,964.9500164965575,4739.253636511823,0.7269135255469195,2.1011872825709426,0.7903322719757528,,,266.39065574664994,17.790615152128595
593,,AM,R1796,00,EHZ,61.1981981981982,-149.91291617029023,2026-09-09T21:08:59.996000Z,2026-09-09T21:09:59.996000Z,100.0,100.0,60.0,,traffic,1,Traffic,timeofday:America/Anchorage:day7-19:night1-5,AM,2.0-20.0,1215.1157980362686,7385.058000917218,1072.5447654822692,6819.71779817095,0.7791041555313749,3.2985330246166313,1.5388861593808976,,,266.39065574664994,25.60043924610037
594,,AM,R1796,00,EHZ,61.1981981981982,-149.91291617029023,2026-09-09T21:09:59.996000Z,2026-09-09T21:10:59.996000Z,100.0,100.0,60.0,,traffic,1,Traffic,timeofday:America/Anchorage:day7-19:night1-5,AM,2.0-20.0,2559.2831498872147,23097.942984223097,2485.49059278335,24078.37329374528,0.9431647756895194,5.035637900641076,11.025810959078743,,,266.39065574664994,90.38745456839503
595,,AM,R1796,00,EHZ,61.1981981981982,-149.91291617029023,2026-09-09T21:10:59.996000Z,2026-09-09T21:11:59.996000Z,100.0,100.0,60.0,,traffic,1,Traffic,timeofday:America/Anchorage:day7-19:night1-5,AM,2.0-20.0,2089.191117101716,11886.055628718901,1720.9559153763619,8671.758794822606,0.6785520229960145,4.639906626700255,2.2025548677222524,,,266.39065574664994,32.552788950186965
596,,AM,R1796,00,EHZ,61.1981981981982,-149.91291617029023,2026-09-09T21:11:59.996000Z,2026-09-09T21:12:59.996000Z,100.0,100.0,60.0,,traffic,1,Traffic,timeofday:America/Anchorage:day7-19:night1-5,AM,2.0-20.0,3341.94127141128,23462.054409988617,3222.0853572215833,22420.13561989771,0.9295579192873542,4.777258718742904,3.231511227924737,,,266.39065574664994,84.16262033312577
597,,AM,R1796,00,EHZ,61.1981981981982,-149.91291617029023,2026-09-09T21:12:59.996000Z,2026-09-09T21:13:59.996000Z,100.0,100.0,60.0,,traffic,1,Traffic,timeofday:America/Anchorage:day7-19:night1-5,AM,2.0-20.0,1264.5280209095718,5774.9457590914035,1089.9223963376849,5199.903465463718,0.7429066379012224,2.6698342073767596,0.9836218385990585,,,266.39065574664994,19.519841831122903
598,,AM,R1796,00,EHZ,61.1981981981982,-149.91291617029023,2026-09-09T21:13:59.996000Z,2026-09-09T21:14:59.996000Z,100.0,100.0,60.0,,traffic,1,Traffic,timeofday:America/Anchorage:day7-19:night1-5,AM,2.0-20.0,1366.266899385594,8197.05209327262,1168.261101281044,6514.570588219931,0.7311537967191389,2.837561746015731,2.1379530176579813,,,266.39065574664994,24.454951582144062
599,,AM,R1796,00,EHZ,61.1981981981982,-149.91291617029023,2026-09-09T21:14:59.996000Z,2026-09-09T21:15:59.996000Z,100.0,100.0,60.0,,traffic,1,Traffic,timeofday:America/Anchorage:day7-19:night1-5,AM,2.0-20.0,2265.7598000608273,10260.94858680897,1985.6270596393658,11774.394613865377,0.7680113372760012,3.3040509156463176,1.9343711143911317,,,266.39065574664994,44.19972833079919
600,,AM,R1796,00,EHZ,61.1981981981982,-149.91291617029023,2026-09-09T21:15:59.996000Z,2026-09-09T21:16:59.996000Z,100.0,100.0,60.0,,traffic,1,Traffic,timeofday:America/Anchorage:day7-19:night1-5,AM,2.0-20.0,1558.9538597996873,7639.050175277028,1411.5470526171198,7178.9178219625455,0.819830735181213,3.460366882222245,1.879209211185831,,,266.39065574664994,26.948834980120452
601,,AM,R1796,00,EHZ,61.1981981981982,-149.91291617029023,2026-09-09T21:16:59.996000Z,2026-09-09T21:17:59.996000Z,100.0,100.0,60.0,,traffic,1,Traffic,timeofday:America/Anchorage:day7-19:night1-5,AM,2.0-20.0,2181.7464004579915,14444.951118495448,2022.6725645603176,14383.740166834505,0.8594935685148711,5.010097056024203,4.268736521238464,,,266.39065574664994,53.99491257123568
602,,AM,R1796,00,EHZ,61.1981981981982,-149.91291617029023,2026-09-09T21:17:59.996000Z,2026-09-09T21:18:59.996000Z,100.0,100.0,60.0,,traffic,1,Traffic,timeofday:America/Anchorage:day7-19:night1-5,AM,2.0-20.0,1253.812840835411,5395.048568546655,1096.8757153015877,5545.664621257398,0.7653311958593941,2.7267388037417644,0.7663013139038788,,,266.39065574664994,20.817789594435272
603,,AM,R1796,00,EHZ,61.1981981981982,-149.91291617029023,2026-09-09T21:18:59.996000Z,2026-09-09T21:19:59.996000Z,100.0,100.0,60.0,,traffic,1,Traffic,timeofday:America/Anchorage:day7-19:night1-5,AM,2.0-20.0,1715.699510354944,10693.95354542378,1597.4256842725963,10338.7324352762,0.8668797763391726,3.6485405203298775,6.2236319177875306,,,266.39065574664994,38.81041700317305
604,,AM,R1796,00,EHZ,61.1981981981982,-149.91291617029023,2026-09-09T21:19:59.996000Z,2026-09-09T21:20:59.996000Z,100.0,100.0,60.0,,traffic,1,Traffic,timeofday:America/Anchorage:day7-19:night1-5,AM,2.0-20.0,1850.7789002032127,11622.954015801008,1765.519927409193,12746.212018608112,0.9099890537805123,6.2616552373455745,6.78230745400128,,,266.39065574664994,47.84781952235727
605,,AM,R1796,00,EHZ,61.1981981981982,-149.91291617029023,2026-09-09T21:20:59.996000Z,2026-09-09T21:21:59.996000Z,100.0,100.0,60.0,,traffic,1,Traffic,timeofday:America/Anchorage:day7-19:night1-5,AM,2.0-20.0,1154.4944799199975,5421.955753243966,984.8557488253279,4419.67365225519,0.7277153356325192,3.1915139443050755,0.6758178872910845,,,266.39065574664994,16.590948507062155
606,,AM,R1796,00,EHZ,61.1981981981982,-149.91291617029023,2026-09-09T21:21:59.996000Z,2026-09-09T21:22:59.996000Z,100.0,100.0,60.0,,traffic,1,Traffic,timeofday:America/Anchorage:day7-19:night1-5,AM,2.0-20.0,2145.35677633187,11655.956565542749,1942.9739671510072,11110.74494340082,0.8202286044837038,4.646349673130951,3.730180304837993,,,266.39065574664994,41.70846350544541
607,,AM,R1796,00,EHZ,61.1981981981982,-149.91291617029023,2026-09-09T21:22:59.996000Z,2026-09-09T21:23:59.996000Z,100.0,100.0,60.0,,traffic,1,Traffic,timeofday:America/Anchorage:day7-19:night1-5,AM,2.0-20.0,1263.185885160892,6116.041941136503,1102.1716379920756,5081.363007542926,0.7613142064016408,3.680842002709981,0.8992426248171892,,,266.39065574664994,19.07485453384499
608,,AM,R1796,00,EHZ,61.1981981981982,-149.91291617029023,2026-09-09T21:23:59.996000Z,2026-09-09T21:24:59.996000Z,100.0,100.0,60.0,,traffic,1,Traffic,timeofday:America/Anchorage:day7-19:night1-5,AM,2.0-20.0,2130.507297338504,14514.041337413628,1973.9460600828895,14629.629953134281,0.8584292550389315,3.791487303840022,6.10126824027256,,,266.39065574664994,54.91795465621642
609,,AM,R1796,00,EHZ,61.1981981981982,-149.91291617029023,2026-09-09T21:24:59.996000Z,2026-09-09T21:25:59.996000Z,100.0,100.0,60.0,,traffic,1,Traffic,timeofday:America/Anchorage:day7-19:night1-5,AM,2.0-20.0,1680.9645813801458,9406.040079187454,1360.0885874132362,8109.263865194637,0.6546622025937093,3.4749758182299595,1.4658788109134866,,,266.39065574664994,30.44124743214315
610,,AM,R1796,00,EHZ,61.1981981981982,-149.91291617029023,2026-09-09T21:25:59.996000Z,2026-09-09T21:26:59.996000Z,100.0,100.0,60.0,,traffic,1,Traffic,timeofday:America/Anchorage:day7-19:night1-5,AM,2.0-20.0,2003.3900700615923,8755.039449698217,1702.0749580900851,8871.624543827756,0.7218157110270984,3.555243864304068,0.9715252356437829,,,266.39065574664994,33.30306207236146
611,,AM,R1796,00,EHZ,61.1981981981982,-149.91291617029023,2026-09-09T21:26:59.996000Z,2026-09-09T21:27:59.996000Z,100.0,100.0,60.0,,traffic,1,Traffic,timeofday:America/Anchorage:day7-19:night1-5,AM,2.0-20.0,955.2052093649537,4250.037836573271,814.7399853201889,3895.3747915939985,0.7275195984962944,2.227294882703874,0.37061752048435403,,,266.39065574664994,14.622790655610245
612,,AM,R1796,00,EHZ,61.1981981981982,-149.91291617029023,2026-09-09T21:27:59.996000Z,2026-09-09T21:28:59.996000Z,100.0,100.0,60.0,,traffic,1,Traffic,timeofday:America/Anchorage:day7-19:night1-5,AM,2.0-20.0,1677.9947284962607,17372.96370226179,1515.6158830847785,16796.88087700463,0.8158251912982836,5.097481322920272,13.866047365857053,,,266.39065574664994,63.053566311947726
613,,AM,R1796,00,EHZ,61.1981981981982,-149.91291617029023,2026-09-09T21:28:59.996000Z,2026-09-09T21:29:59.996000Z,100.0,100.0,60.0,,traffic,1,Traffic,timeofday:America/Anchorage:day7-19:night1-5,AM,2.0-20.0,2931.6545282775296,16712.964150258013,2628.6560895590037,15219.444922947281,0.8039739168200726,3.455422607963283,2.8342701293140458,,,266.39065574664994,57.13205247492498
614,,AM,R1796,00,EHZ,61.1981981981982,-149.91291617029023,2026-09-09T21:29:59.996000Z,2026-09-09T21:30:59.996000Z,100.0,100.0,60.0,,traffic,1,Traffic,timeofday:America/Anchorage:day7-19:night1-5,AM,2.0-20.0,1860.9487557615375,11285.965556499736,1727.6864034311602,11556.921977141363,0.8619081797484172,3.5233025479889495,3.093515157514627,,,266.39065574664994,43.383360969434825
615,,AM,R1796,00,EHZ,61.1981981981982,-149.91291617029023,2026-09-09T21:30:59.996000Z,2026-09-09T21:31:59.996000Z,100.0,100.0,60.0,,traffic,1,Traffic,timeofday:America/Anchorage:day7-19:night1-5,AM,2.0-20.0,1923.7778645932874,12032.033393285774,1770.5030803145883,11797.628529300926,0.8470002269073126,3.599894860450528,3.820609455720957,,,266.39065574664994,44.28694578732156
616,,AM,R1796,00,EHZ,61.1981981981982,-149.91291617029023,2026-09-09T21:31:59.996000Z,2026-09-09T21:32:59.996000Z,100.0,100.0,60.0,,traffic,1,Traffic,timeofday:America/Anchorage:day7-19:night1-5,AM,2.0-20.0,2075.062621446334,10898.031786179248,1656.2468157736723,10289.736208668435,0.6370707971407272,3.937660477487844,1.3623175465635908,,,266.39065574664994,38.626490782223456
617,,AM,R1796,00,EHZ,61.1981981981982,-149.91291617029023,2026-09-09T21:32:59.996000Z,2026-09-09T21:33:59.996000Z,100.0,100.0,60.0,,traffic,1,Traffic,timeofday:America/Anchorage:day7-19:night1-5,AM,2.0-20.0,3233.5135487529265,16203.969280397827,2593.1468199257233,16867.681641057072,0.6431389955554064,4.014970509054161,4.0705799265222,,,266.39065574664994,63.31934426821274
618,,AM,R1796,00,EHZ,61.1981981981982,-149.91291617029023,2026-09-09T21:33:59.996000Z,2026-09-09T21:34:59.996000Z,100.0,100.0,60.0,,traffic,1,Traffic,timeofday:America/Anchorage:day7-19:night1-5,AM,2.0-20.0,3667.703771838353,16853.96954859372,2510.1374878725082,17041.559252945015,0.4683888150375912,2.6383251859327466,2.443523702491767,,,266.39065574664994,63.972060901236496
619,,AM,R1796,00,EHZ,61.1981981981982,-149.91291617029023,2026-09-09T21:34:59.996000Z,2026-09-09T21:35:59.996000Z,100.0,100.0,60.0,,traffic,1,Traffic,timeofday:America/Anchorage:day7-19:night1-5,AM,2.0-20.0,3201.5596408277893,16799.029230607164,2186.319746776408,14270.72489915411,0.4663416033389425,2.9489089436091795,1.7121371046383844,,,266.39065574664994,53.5706662050723
620,,AM,R1796,00,EHZ,61.1981981981982,-149.91291617029023,2026-09-09T21:35:59.996000Z,2026-09-09T21:36:59.996000Z,100.0,100.0,60.0,,traffic,1,Traffic,timeofday:America/Anchorage:day7-19:night1-5,AM,2.0-20.0,3814.740287641487,13410.02764287243,2220.963078481801,7741.785713613703,0.33896333639602766,2.4086578716451066,0.035635762460553444,,,266.39065574664994,29.061776554867244
621,,AM,R1796,00,EHZ,61.1981981981982,-149.91291617029023,2026-09-09T21:36:59.996000Z,2026-09-09T21:37:59.996000Z,100.0,100.0,60.0,,traffic,1,Traffic,timeofday:America/Anchorage:day7-19:night1-5,AM,2.0-20.0,4955.018158234516,19193.972825059813,2866.3098764786587,12903.445301671003,0.3346229931386752,3.457640208385764,0.24729775196308657,,,266.39065574664994,48.438055251993475
622,,AM,R1796,00,EHZ,61.1981981981982,-149.91291617029023,2026-09-09T21:37:59.996000Z,2026-09-09T21:38:59.996000Z,100.0,100.0,60.0,,traffic,1,Traffic,timeofday:America/Anchorage:day7-19:night1-5,AM,2.0-20.0,4767.957518370754,18699.025677669848,2877.872368689217,12941.231974114438,0.36431604977648707,3.041546931356133,0.26111242620324715,,,266.39065574664994,48.57990209094331
623,,AM,R1796,00,EHZ,61.1981981981982,-149.91291617029023,2026-09-09T21:38:59.996000Z,2026-09-09T21:39:59.996000Z,100.0,100.0,60.0,,traffic,1,Traffic,timeofday:America/Anchorage:day7-19:night1-5,AM,2.0-20.0,4264.759330189464,13789.97514610155,2265.6288406274707,9962.867887108814,0.28222044539273095,2.1528705694970545,0.15857594049488144,,,266.39065574664994,37.39946455398184
624,,AM,R1796,00,EHZ,61.1981981981982,-149.91291617029023,2026-09-09T21:39:59.996000Z,2026-09-09T21:40:59.996000Z,100.0,100.0,60.0,,traffic,1,Traffic,timeofday:America/Anchorage:day7-19:night1-5,AM,2.0-20.0,3518.9925848987305,14383.022778295452,2161.5735132470586,14530.307381968785,0.3773143449695401,3.209615430328191,1.604738619512788,,,266.39065574664994,54.54510910393115
625,,AM,R1796,00,EHZ,61.1981981981982,-149.91291617029023,2026-09-09T21:40:59.996000Z,2026-09-09T21:41:59.996000Z,100.0,100.0,60.0,,traffic,1,Traffic,timeofday:America/Anchorage:day7-19:night1-5,AM,2.0-20.0,2214.5219465429273,17563.021678052835,1783.4194886099529,16038.241900507566,0.648555339308092,5.327453609492757,4.796942520811416,,,266.39065574664994,60.20572251513465
626,,AM,R1796,00,EHZ,61.1981981981982,-149.91291617029023,2026-09-09T21:41:59.996000Z,2026-09-09T21:42:59.996000Z,100.0,100.0,60.0,,traffic,1,Traffic,timeofday:America/Anchorage:day7-19:night1-5,AM,2.0-20.0,1307.4381853103398,6323.021088247561,1050.0882669260184,5656.391223393567,0.6450736201648067,2.839931624245458,0.6907860988063663,,,266.39065574664994,21.233444572369166
627,,AM,R1796,00,EHZ,61.1981981981982,-149.91291617029023,2026-09-09T21:42:59.996000Z,2026-09-09T21:43:59.996000Z,100.0,100.0,60.0,,traffic,1,Traffic,timeofday:America/Anchorage:day7-19:night1-5,AM,2.0-20.0,1872.1617258641572,14829.97965860089,1689.565364029761,14085.894055657756,0.8144478312117558,6.17014420336393,5.978811596863897,,,266.39065574664994,52.87683239555559
628,,AM,R1796,00,EHZ,61.1981981981982,-149.91291617029023,2026-09-09T21:43:59.996000Z,2026-09-09T21:44:59.996000Z,100.0,100.0,60.0,,traffic,1,Traffic,timeofday:America/Anchorage:day7-19:night1-5,AM,2.0-20.0,1412.6648403510424,6529.018833596531,1115.4725257915131,5002.495798658276,0.6235043441318716,2.2177290327181822,0.41418484671624123,,,266.39065574664994,18.77879606789168
629,,AM,R1796,00,EHZ,61.1981981981982,-149.91291617029023,2026-09-09T21:44:59.996000Z,2026-09-09T21:45:59.996000Z,100.0,100.0,60.0,,traffic,1,Traffic,timeofday:America/Anchorage:day7-19:night1-5,AM,2.0-20.0,1303.177686986193,6141.982657091158,1164.3638757610765,6216.522870237371,0.7983074373435732,3.778761776563833,1.2630675704003176,,,266.39065574664994,23.336114597614028
630,,AM,R1796,00,EHZ,61.1981981981982,-149.91291617029023,2026-09-09T21:45:59.996000Z,2026-09-09T21:46:59.996000Z,100.0,100.0,60.0,,traffic,1,Traffic,timeofday:America/Anchorage:day7-19:night1-5,AM,2.0-20.0,1787.1430652698014,10931.01629043744,1673.9241742173165,10980.497331716222,0.87730968179126,4.664434319269166,4.396569218289759,,,266.39065574664994,41.21952889428371
631,,AM,R1796,00,EHZ,61.1981981981982,-149.91291617029023,2026-09-09T21:46:59.996000Z,2026-09-09T21:47:59.996000Z,100.0,100.0,60.0,,traffic,1,Traffic,timeofday:America/Anchorage:day7-19:night1-5,AM,2.0-20.0,2151.7221517651165,12617.015666778547,1926.0785987010786,12972.840849385511,0.8012639977686156,7.185728873527678,3.5385459960921093,,,266.39065574664994,48.698558187128356
632,,AM,R1796,00,EHZ,61.1981981981982,-149.91291617029023,2026-09-09T21:47:59.996000Z,2026-09-09T21:48:59.996000Z,100.0,100.0,60.0,,traffic,1,Traffic,timeofday:America/Anchorage:day7-19:night1-5,AM,2.0-20.0,1175.2632078357478,6568.985201566779,1017.7729124262336,5442.777966646834,0.749948593788738,2.4695184035717683,1.6501045223037654,,,266.39065574664994,20.431564881251585
633,,AM,R1796,00,EHZ,61.1981981981982,-149.91291617029023,2026-09-09T21:48:59.996000Z,2026-09-09T21:49:59.996000Z,100.0,100.0,60.0,,traffic,1,Traffic,timeofday:America/Anchorage:day7-19:night1-5,AM,2.0-20.0,1550.5335890646143,6872.013322039281,1373.5043975256908,5548.981633561749,0.7846893367306028,3.0273679372626328,0.5505803753773995,,,266.39065574664994,20.830241278579575
634,,AM,R1796,00,EHZ,61.1981981981982,-149.91291617029023,2026-09-09T21:49:59.996000Z,2026-09-09T21:50:59.996000Z,100.0,100.0,60.0,,traffic,1,Traffic,timeofday:America/Anchorage:day7-19:night1-5,AM,2.0-20.0,1780.2913523618295,14096.987598967235,1656.9942912650856,13836.68964879845,0.8662831354626923,5.140864244330025,6.53468336885947,,,266.39065574664994,51.94134760476656
635,,AM,R1796,00,EHZ,61.1981981981982,-149.91291617029023,2026-09-09T21:50:59.996000Z,2026-09-09T21:51:59.996000Z,100.0,100.0,60.0,,traffic,1,Traffic,timeofday:America/Anchorage:day7-19:night1-5,AM,2.0-20.0,1856.8157825163312,7747.989573009375,1587.7576756449866,7771.999876255803,0.7311909443076037,2.9913540550779056,0.49499540171386114,,,266.39065574664994,29.17519705964214
636,,AM,R1796,00,EHZ,61.1981981981982,-149.91291617029023,2026-09-09T21:51:59.996000Z,2026-09-09T21:52:59.996000Z,100.0,100.0,60.0,,traffic,1,Traffic,timeofday:America/Anchorage:day7-19:night1-5,AM,2.0-20.0,1827.7243441510975,10893.009457460592,1655.146523201746,11876.180848412007,0.8200710850826183,3.9697111750678133,2.733671958123651,,,266.39065574664994,44.581822193143346
637,,AM,R1796,00,EHZ,61.1981981981982,-149.91291617029023,2026-09-09T21:52:59.996000Z,2026-09-09T21:53:59.996000Z,100.0,100.0,60.0,,traffic,1,Traffic,timeofday:America/Anchorage:day7-19:night1-5,AM,2.0-20.0,1362.971648277864,7421.00846103574,1244.0919006804015,5864.247837546127,0.8331655062390211,3.0790967356087346,0.6465960347924495,,,266.39065574664994,22.013714486754758
638,,AM,R1796,00,EHZ,61.1981981981982,-149.91291617029023,2026-09-09T21:53:59.996000Z,2026-09-09T21:54:59.996000Z,100.0,100.0,60.0,,traffic,1,Traffic,timeofday:America/Anchorage:day7-19:night1-5,AM,2.0-20.0,1919.5558458505539,11436.993003697511,1716.2430073578591,10909.988059539075,0.7993851170355879,4.904346443835737,3.090910056330224,,,266.39065574664994,40.95484516512091
639,,AM,R1796,00,EHZ,61.1981981981982,-149.91291617029023,2026-09-09T21:54:59.996000Z,2026-09-09T21:55:59.996000Z,100.0,100.0,60.0,,traffic,1,Traffic,timeofday:America/Anchorage:day7-19:night1-5,AM,2.0-20.0,1804.392785777997,10038.99327377416,1545.866175658011,8536.766785179709,0.7339756044709861,2.496622050847171,1.6162705364784005,,,266.39065574664994,32.04604441267856
640,,AM,R1796,00,EHZ,61.1981981981982,-149.91291617029023,2026-09-09T21:55:59.996000Z,2026-09-09T21:56:59.996000Z,100.0,100.0,60.0,,traffic,1,Traffic,timeofday:America/Anchorage:day7-19:night1-5,AM,2.0-20.0,1438.2499366481077,8603.995229196813,1201.2283513088785,8172.334562065213,0.6975613677265158,2.4362310892574754,1.7767452343199253,,,266.39065574664994,30.67800760187883
641,,AM,R1796,00,EHZ,61.1981981981982,-149.91291617029023,2026-09-09T21:56:59.996000Z,2026-09-09T21:57:59.996000Z,100.0,100.0,60.0,,traffic,1,Traffic,timeofday:America/Anchorage:day7-19:night1-5,AM,2.0-20.0,1397.5636373518248,8425.995636192541,1234.8871527144686,7954.699566808736,0.7807488623189414,2.5957508308051396,1.746692538537534,,,266.39065574664994,29.86103076518581
642,,AM,R1796,00,EHZ,61.1981981981982,-149.91291617029023,2026-09-09T21:57:59.996000Z,2026-09-09T21:58:59.996000Z,100.0,100.0,60.0,,traffic,1,Traffic,timeofday:America/Anchorage:day7-19:night1-5,AM,2.0-20.0,1527.3302746649888,6065.002791871083,1381.8185658255502,5343.426425602665,0.8185328737453259,2.5500465373603367,0.4254681908171527,,,266.39065574664994,20.058610579360995
643,,AM,R1796,00,EHZ,61.1981981981982,-149.91291617029023,2026-09-09T21:58:59.996000Z,2026-09-09T21:59:59.996000Z,100.0,100.0,60.0,,traffic,1,Traffic,timeofday:America/Anchorage:day7-19:night1-5,AM,2.0-20.0,2366.9075279668027,13711.001740151982,2266.293865476409,13234.84100302738,0.9167899937391671,3.659643643783582,3.088965863561204,,,266.39065574664994,49.68207674526819
644,,AM,R1796,00,EHZ,61.1981981981982,-149.91291617029023,2026-09-09T21:59:59.996000Z,2026-09-09T22:00:59.996000Z,100.0,100.0,60.0,,traffic,1,Traffic,timeofday:America/Anchorage:day7-19:night1-5,AM,2.0-20.0,1574.8281694692173,10626.001093924011,1243.7053067365694,10198.263869306027,0.6236897772811489,3.943030913456812,2.3862156808990003,,,266.39065574664994,38.28311410068774
645,,AM,R1796,00,EHZ,61.1981981981982,-149.91291617029023,2026-09-09T22:03:59.996000Z,2026-09-09T22:04:59.996000Z,100.0,100.0,60.0,,traffic,1,Traffic,timeofday:America/Anchorage:day7-19:night1-5,AM,2.0-20.0,2283.5758587888295,15676.003776859465,2161.5020441150446,15968.175947022793,0.8959430705564662,3.2770030926850895,7.158715870226084,,,266.39065574664994,59.94270295354985
646,,AM,R1796,00,EHZ,61.1981981981982,-149.91291617029023,2026-09-09T22:04:59.996000Z,2026-09-09T22:05:59.996000Z,100.0,100.0,60.0,,traffic,1,Traffic,timeofday:America/Anchorage:day7-19:night1-5,AM,2.0-20.0,1665.3003780197312,7505.00513984378,1527.8521585073609,6772.777636614279,0.8417391031961575,2.809702572635768,0.9392002034857048,,,266.39065574664994,25.424231257779212
647,,AM,R1796,00,EHZ,61.1981981981982,-149.91291617029023,2026-09-09T22:05:59.996000Z,2026-09-09T22:06:59.996000Z,100.0,100.0,60.0,,traffic,1,Traffic,timeofday:America/Anchorage:day7-19:night1-5,AM,2.0-20.0,1576.7022319742478,11828.006031510491,1450.7571074214036,11026.689398854014,0.8466229733128207,3.9273538891455084,3.200158725262672,,,266.39065574664994,41.39292862186921
648,,AM,R1796,00,EHZ,61.1981981981982,-149.91291617029023,2026-09-09T22:06:59.996000Z,2026-09-09T22:07:59.996000Z,100.0,100.0,60.0,,traffic,1,Traffic,timeofday:America/Anchorage:day7-19:night1-5,AM,2.0-20.0,1290.7756944126984,11115.992703868762,1134.7615457617512,9325.322811659376,0.7728721580163925,3.551644358528127,3.4713026540970686,,,266.39065574664994,35.00619338738442
649,,AM,R1796,00,EHZ,61.1981981981982,-149.91291617029023,2026-09-09T22:07:59.996000Z,2026-09-09T22:08:59.996000Z,100.0,100.0,60.0,,traffic,1,Traffic,timeofday:America/Anchorage:day7-19:night1-5,AM,2.0-20.0,1248.990615023134,6492.008708955605,1135.91183133319,5328.232024341558,0.8271245206419805,2.7450443315821405,1.3225316707582282,,,266.39065574664994,20.00157253792324
650,,AM,R1796,00,EHZ,61.1981981981982,-149.91291617029023,2026-09-09T22:08:59.996000Z,2026-09-09T22:09:59.996000Z,100.0,100.0,60.0,,traffic,1,Traffic,timeofday:America/Anchorage:day7-19:night1-5,AM,2.0-20.0,1981.1218206332642,18854.99098278839,1861.5869813874451,18404.279688168186,0.8829666560630282,6.595929880718177,8.176978936601191,,,266.39065574664994,69.08755728155691
651,,AM,R1796,00,EHZ,61.1981981981982,-149.91291617029023,2026-09-09T22:09:59.996000Z,2026-09-09T22:10:59.996000Z,100.0,100.0,60.0,,traffic,1,Traffic,timeofday:America/Anchorage:day7-19:night1-5,AM,2.0-20.0,1511.4831720525472,11380.989910945193,1392.3477037477078,11717.910588954313,0.8485721478839725,3.6068026366742134,4.683220768956225,,,266.39065574664994,43.98769377293248
652,,AM,R1796,00,EHZ,61.1981981981982,-149.91291617029023,2026-09-09T22:10:59.996000Z,2026-09-09T22:11:59.996000Z,100.0,100.0,60.0,,traffic,1,Traffic,timeofday:America/Anchorage:day7-19:night1-5,AM,2.0-20.0,1668.5651591507378,12326.988178204125,1488.6312976924532,11200.681216467301,0.7959539626491791,4.595006103040426,2.637667915651159,,,266.39065574664994,42.0460739701008
653,,AM,R1796,00,EHZ,61.1981981981982,-149.91291617029023,2026-09-09T22:11:59.996000Z,2026-09-09T22:12:59.996000Z,100.0,100.0,60.0,,traffic,1,Traffic,timeofday:America/Anchorage:day7-19:night1-5,AM,2.0-20.0,1600.465856408349,9782.986943675483,1430.9424029868464,10110.430184382833,0.7993766890518722,3.3828614793605984,1.5985760281397594,,,266.39065574664994,37.9533965110185
654,,AM,R1796,00,EHZ,61.1981981981982,-149.91291617029023,2026-09-09T22:12:59.996000Z,2026-09-09T22:13:59.996000Z,100.0,100.0,60.0,,traffic,1,Traffic,timeofday:America/Anchorage:day7-19:night1-5,AM,2.0-20.0,1566.4913441331557,10178.986271304997,1396.8705398899212,9632.233063771195,0.79516328157964,2.7505052145721494,2.089849930481755,,,266.39065574664994,36.158299309612055
655,,AM,R1796,00,EHZ,61.1981981981982,-149.91291617029023,2026-09-09T22:13:59.996000Z,2026-09-09T22:14:59.996000Z,100.0,100.0,60.0,,traffic,1,Traffic,timeofday:America/Anchorage:day7-19:night1-5,AM,2.0-20.0,1452.6757907111826,10414.985054079314,1285.1603788088764,10636.190563911863,0.7826674236527611,3.557742155901587,4.985919499435123,,,266.39065574664994,39.92704073684695
656,,AM,R1796,00,EHZ,61.1981981981982,-149.91291617029023,2026-09-09T22:14:59.996000Z,2026-09-09T22:15:59.996000Z,100.0,100.0,60.0,,traffic,1,Traffic,timeofday:America/Anchorage:day7-19:night1-5,AM,2.0-20.0,1693.2492608813543,12855.016493783378,1559.7606919554398,13040.017964840641,0.8485435825423061,4.817578705370828,5.494433771010691,,,266.39065574664994,48.950733381738104
657,,AM,R1796,00,EHZ,61.1981981981982,-149.91291617029023,2026-09-09T22:15:59.996000Z,2026-09-09T22:16:59.996000Z,100.0,100.0,60.0,,traffic,1,Traffic,timeofday:America/Anchorage:day7-19:night1-5,AM,2.0-20.0,2476.6061476243767,15808.982383404926,2342.525660701353,15519.818866997495,0.8946534081240046,5.674447783538414,3.8015416082299653,,,266.39065574664994,58.259621845585954
658,,AM,R1796,00,EHZ,61.1981981981982,-149.91291617029023,2026-09-09T22:16:59.996000Z,2026-09-09T22:17:59.996000Z,100.0,100.0,60.0,,traffic,1,Traffic,timeofday:America/Anchorage:day7-19:night1-5,AM,2.0-20.0,1461.536780550451,14533.018327897224,1303.8916804882692,12905.20783415275,0.7959092101676429,4.6088620568982686,4.852282156863706,,,266.39065574664994,48.44467159698804
659,,AM,R1796,00,EHZ,61.1981981981982,-149.91291617029023,2026-09-09T22:17:59.996000Z,2026-09-09T22:18:59.996000Z,100.0,100.0,60.0,,traffic,1,Traffic,timeofday:America/Anchorage:day7-19:night1-5,AM,2.0-20.0,2130.410408452793,13389.98068959552,2007.6335060182157,12162.45087177755,0.888060022050224,3.0098287981010547,3.848653727173036,,,266.39065574664994,45.65644706150884
660,,AM,R1796,00,EHZ,61.1981981981982,-149.91291617029023,2026-09-09T22:18:59.996000Z,2026-09-09T22:19:59.996000Z,100.0,100.0,60.0,,traffic,1,Traffic,timeofday:America/Anchorage:day7-19:night1-5,AM,2.0-20.0,1293.925272508115,6993.978985818106,1114.590787569892,6440.399107566579,0.7420146970909679,2.219483822908332,0.9757729105416288,,,266.39065574664994,24.17652034195862
661,,AM,R1796,00,EHZ,61.1981981981982,-149.91291617029023,2026-09-09T22:19:59.996000Z,2026-09-09T22:20:59.996000Z,100.0,100.0,60.0,,traffic,1,Traffic,timeofday:America/Anchorage:day7-19:night1-5,AM,2.0-20.0,1818.186524524359,10613.977859621047,1609.1113684224238,11166.30288795811,0.7832408624608335,3.1296512804991345,2.4231185078454764,,,266.39065574664994,41.91702166376958
662,,AM,R1796,00,EHZ,61.1981981981982,-149.91291617029023,2026-09-09T22:20:59.996000Z,2026-09-09T22:21:59.996000Z,100.0,100.0,60.0,,traffic,1,Traffic,timeofday:America/Anchorage:day7-19:night1-5,AM,2.0-20.0,1678.9360918527937,6987.0224381027265,1474.4490820437702,6926.902797052197,0.7712429879094701,1.9000460531273302,0.42369644353419167,,,266.39065574664994,26.00279945119399
663,,AM,R1796,00,EHZ,61.1981981981982,-149.91291617029023,2026-09-09T22:21:59.996000Z,2026-09-09T22:22:59.996000Z,100.0,100.0,60.0,,traffic,1,Traffic,timeofday:America/Anchorage:day7-19:night1-5,AM,2.0-20.0,2591.5340030881375,13026.9762967123,2147.8956650847617,10147.464989363103,0.6869300892533519,3.0333989000300754,0.49536724692819156,,,266.39065574664994,38.09242092565672
664,,AM,R1796,00,EHZ,61.1981981981982,-149.91291617029023,2026-09-09T22:22:59.996000Z,2026-09-09T22:23:59.996000Z,100.0,100.0,60.0,,traffic,1,Traffic,timeofday:America/Anchorage:day7-19:night1-5,AM,2.0-20.0,2323.7622197905202,15909.025640278936,2027.1823082262101,14252.33830839432,0.7610308138472445,3.946753883142908,3.1123871759082666,,,266.39065574664994,53.50164505000117
665,,AM,R1796,00,EHZ,61.1981981981982,-149.91291617029023,2026-09-09T22:23:59.996000Z,2026-09-09T22:24:59.996000Z,100.0,100.0,60.0,,traffic,1,Traffic,timeofday:America/Anchorage:day7-19:night1-5,AM,2.0-20.0,2852.812088076526,13156.026059499583,2377.887639332002,13240.95932856132,0.6947624317956961,2.51582196947304,2.380979273041387,,,266.39065574664994,49.70504423831628
666,,AM,R1796,00,EHZ,61.1981981981982,-149.91291617029023,2026-09-09T22:24:59.996000Z,2026-09-09T22:25:59.996000Z,100.0,100.0,60.0,,traffic,1,Traffic,timeofday:America/Anchorage:day7-19:night1-5,AM,2.0-20.0,2468.8584212422497,19213.027341047138,2273.5853091949034,20368.945334193206,0.8480669476527215,4.0557165776504185,4.372081441365861,,,266.39065574664994,76.46268701543733
667,,AM,R1796,00,EHZ,61.1981981981982,-149.91291617029023,2026-09-09T22:25:59.996000Z,2026-09-09T22:26:59.996000Z,100.0,100.0,60.0,,traffic,1,Traffic,timeofday:America/Anchorage:day7-19:night1-5,AM,2.0-20.0,1769.9402906285684,11295.028873863777,1554.0214061007428,11288.212002577344,0.7708977220556453,3.461923723303581,1.9836018788149454,,,266.39065574664994,42.37465451233006
668,,AM,R1796,00,EHZ,61.1981981981982,-149.91291617029023,2026-09-09T22:26:59.996000Z,2026-09-09T22:27:59.996000Z,100.0,100.0,60.0,,traffic,1,Traffic,timeofday:America/Anchorage:day7-19:night1-5,AM,2.0-20.0,1961.0964155473573,12290.969993356515,1781.9798302105314,10724.538979381123,0.8256722265822966,3.370711817870845,2.4440383301299837,,,266.39065574664994,40.258690566010934
669,,AM,R1796,00,EHZ,61.1981981981982,-149.91291617029023,2026-09-09T22:27:59.996000Z,2026-09-09T22:28:59.996000Z,100.0,100.0,60.0,,traffic,1,Traffic,timeofday:America/Anchorage:day7-19:night1-5,AM,2.0-20.0,1365.2788786929557,8446.03042699259,1147.886239813608,6906.231804141135,0.7068950759594405,2.9775245672632455,1.7691771241726642,,,266.39065574664994,25.92520291218205
670,,AM,R1796,00,EHZ,61.1981981981982,-149.91291617029023,2026-09-09T22:28:59.996000Z,2026-09-09T22:29:59.996000Z,100.0,100.0,60.0,,traffic,1,Traffic,timeofday:America/Anchorage:day7-19:night1-5,AM,2.0-20.0,1421.51116824638,6740.032079613423,1258.7425980752598,6458.931542961352,0.7841033462132031,3.7448326498407147,1.4416485054218677,,,266.39065574664994,24.24608898107935
671,,AM,R1796,00,EHZ,61.1981981981982,-149.91291617029023,2026-09-09T22:29:59.996000Z,2026-09-09T22:30:59.996000Z,100.0,100.0,60.0,,traffic,1,Traffic,timeofday:America/Anchorage:day7-19:night1-5,AM,2.0-20.0,1293.2753271719068,11751.967217735904,1128.1666267006829,11985.585082367606,0.7609647019806425,4.343166337517771,7.506627773617808,,,266.39065574664994,44.99251315243753
672,,AM,R1796,00,EHZ,61.1981981981982,-149.91291617029023,2026-09-09T22:30:59.996000Z,2026-09-09T22:31:59.996000Z,100.0,100.0,60.0,,traffic,1,Traffic,timeofday:America/Anchorage:day7-19:night1-5,AM,2.0-20.0,1166.6944076864459,5300.033776055888,960.2401066441078,4322.390712080262,0.6774004024197599,2.099237975429072,0.5521901478358959,,,266.39065574664994,16.22575949582503
673,,AM,R1796,00,EHZ,61.1981981981982,-149.91291617029023,2026-09-09T22:31:59.996000Z,2026-09-09T22:32:59.996000Z,100.0,100.0,60.0,,traffic,1,Traffic,timeofday:America/Anchorage:day7-19:night1-5,AM,2.0-20.0,2511.0747570248323,14521.964703352389,2197.2641362604168,13302.370184283005,0.7656763799621413,3.8478257247258085,3.015185418202285,,,266.39065574664994,49.935573554555106
674,,AM,R1796,00,EHZ,61.1981981981982,-149.91291617029023,2026-09-09T22:32:59.996000Z,2026-09-09T22:33:59.996000Z,100.0,100.0,60.0,,traffic,1,Traffic,timeofday:America/Anchorage:day7-19:night1-5,AM,2.0-20.0,1003.565927761758,4482.963525810675,868.5246192551326,4034.684441487067,0.7489838457158349,2.760306415369167,0.7162278295386071,,,266.39065574664994,15.145743119924754
675,,AM,R1796,00,EHZ,61.1981981981982,-149.91291617029023,2026-09-09T22:33:59.996000Z,2026-09-09T22:34:59.996000Z,100.0,100.0,60.0,,traffic,1,Traffic,timeofday:America/Anchorage:day7-19:night1-5,AM,2.0-20.0,1750.5891116826235,14869.037880242968,1652.472137457678,14598.152561595361,0.8910454260860221,3.5385436601172717,8.4034487480454,,,266.39065574664994,54.799792134897146
676,,AM,R1796,00,EHZ,61.1981981981982,-149.91291617029023,2026-09-09T22:34:59.996000Z,2026-09-09T22:35:59.996000Z,100.0,100.0,60.0,,traffic,1,Traffic,timeofday:America/Anchorage:day7-19:night1-5,AM,2.0-20.0,1657.67242237061,14759.0386496605,1473.2046685623507,12557.568142582411,0.7898211296634302,6.107119329759585,4.017531603559301,,,266.39065574664994,47.13967202560307
677,,AM,R1796,00,EHZ,61.1981981981982,-149.91291617029023,2026-09-09T22:35:59.996000Z,2026-09-09T22:36:59.996000Z,100.0,100.0,60.0,,traffic,1,Traffic,timeofday:America/Anchorage:day7-19:night1-5,AM,2.0-20.0,1919.6226806307275,14893.959531647857,1781.1705182526193,13093.723948186553,0.8609526183426756,4.296470696936972,5.313385995592494,,,266.39065574664994,49.15233948986297
678,,AM,R1796,00,EHZ,61.1981981981982,-149.91291617029023,2026-09-09T22:36:59.996000Z,2026-09-09T22:37:59.996000Z,100.0,100.0,60.0,,traffic,1,Traffic,timeofday:America/Anchorage:day7-19:night1-5,AM,2.0-20.0,1522.9094193425678,10825.959450587246,1436.737921980687,10248.2853042538,0.8900347516545464,3.8091121555358898,5.4589115356979665,,,266.39065574664994,38.47088883628262
679,,AM,R1796,00,EHZ,61.1981981981982,-149.91291617029023,2026-09-09T22:37:59.996000Z,2026-09-09T22:38:59.996000Z,100.0,100.0,60.0,,traffic,1,Traffic,timeofday:America/Anchorage:day7-19:night1-5,AM,2.0-20.0,1197.3933615837832,6766.041834157594,1050.2691237358051,6024.401334615861,0.7693562816438803,4.346703075430222,1.5574496365098192,,,266.39065574664994,22.61491236518953
680,,AM,R1796,00,EHZ,61.1981981981982,-149.91291617029023,2026-09-09T22:38:59.996000Z,2026-09-09T22:39:59.996000Z,100.0,100.0,60.0,,traffic,1,Traffic,timeofday:America/Anchorage:day7-19:night1-5,AM,2.0-20.0,1755.8881390208442,9691.04275854947,1578.0243626058466,8902.865074831921,0.8076695639391641,4.207470814780537,2.111055064213037,,,266.39065574664994,33.42033544637153
681,,AM,R1796,00,EHZ,61.1981981981982,-149.91291617029023,2026-09-09T22:39:59.996000Z,2026-09-09T22:40:59.996000Z,100.0,100.0,60.0,,traffic,1,Traffic,timeofday:America/Anchorage:day7-19:night1-5,AM,2.0-20.0,1743.6780006568395,8317.955926425506,1621.2546566111685,8084.395913075702,0.8645097516490754,2.9514043480853274,1.650437779677878,,,266.39065574664994,30.347895989130876
682,,AM,R1796,00,EHZ,61.1981981981982,-149.91291617029023,2026-09-09T22:40:59.996000Z,2026-09-09T22:41:59.996000Z,100.0,100.0,60.0,,traffic,1,Traffic,timeofday:America/Anchorage:day7-19:night1-5,AM,2.0-20.0,2561.587693976728,17527.04596881293,2435.841604599333,18325.363438910772,0.9042314989722432,4.439496416680018,7.85022694635504,,,266.39065574664994,68.79131472366304
683,,AM,R1796,00,EHZ,61.1981981981982,-149.91291617029023,2026-09-09T22:41:59.996000Z,2026-09-09T22:42:59.996000Z,100.0,100.0,60.0,,traffic,1,Traffic,timeofday:America/Anchorage:day7-19:night1-5,AM,2.0-20.0,1540.509550487594,10578.953876024645,1422.673815558908,10095.375478118021,0.8528681310385295,2.95174747256144,3.46131801655744,,,266.39065574664994,37.896882868591305
684,,AM,R1796,00,EHZ,61.1981981981982,-149.91291617029023,2026-09-09T22:42:59.996000Z,2026-09-09T22:43:59.996000Z,100.0,100.0,60.0,,traffic,1,Traffic,timeofday:America/Anchorage:day7-19:night1-5,AM,2.0-20.0,2936.014563478981,18537.048289478516,2211.420156965191,14856.827193581354,0.5673174168095957,3.3413859327068804,4.670967928977017,,,266.39065574664994,55.770827065762006
685,,AM,R1796,00,EHZ,61.1981981981982,-149.91291617029023,2026-09-09T22:43:59.996000Z,2026-09-09T22:44:59.996000Z,100.0,100.0,60.0,,traffic,1,Traffic,timeofday:America/Anchorage:day7-19:night1-5,AM,2.0-20.0,1893.264520449099,11043.95161836441,1637.1141152726973,10311.948480508861,0.7477136574303599,2.735776991466608,1.4664848139341133,,,266.39065574664994,38.70987310574441
686,,AM,R1796,00,EHZ,61.1981981981982,-149.91291617029023,2026-09-09T22:44:59.996000Z,2026-09-09T22:45:59.996000Z,100.0,100.0,60.0,,traffic,1,Traffic,timeofday:America/Anchorage:day7-19:night1-5,AM,2.0-20.0,1196.6263833652918,6379.049787501158,1015.2900216395786,5224.451281038135,0.71988493941546,3.9649227106238003,1.0140696909762923,,,266.39065574664994,19.611991518226652
687,,AM,R1796,00,EHZ,61.1981981981982,-149.91291617029023,2026-09-09T22:45:59.996000Z,2026-09-09T22:46:59.996000Z,100.0,100.0,60.0,,traffic,1,Traffic,timeofday:America/Anchorage:day7-19:night1-5,AM,2.0-20.0,2106.026310983636,17836.94928791889,1883.3712498066466,16419.83066825804,0.7997316571863171,4.419537103542071,5.689886104981772,,,266.39065574664994,61.638163028789094
688,,AM,R1796,00,EHZ,61.1981981981982,-149.91291617029023,2026-09-09T22:46:59.996000Z,2026-09-09T22:47:59.996000Z,100.0,100.0,60.0,,traffic,1,Traffic,timeofday:America/Anchorage:day7-19:night1-5,AM,2.0-20.0,1211.020296722677,7213.947153824362,1015.2705844229497,6349.133856257413,0.7028469474962975,4.320733543098758,1.712957633356801,,,266.39065574664994,23.833921045247692
689,,AM,R1796,00,EHZ,61.1981981981982,-149.91291617029023,2026-09-09T22:47:59.996000Z,2026-09-09T22:48:59.996000Z,100.0,100.0,60.0,,traffic,1,Traffic,timeofday:America/Anchorage:day7-19:night1-5,AM,2.0-20.0,1980.0637108206815,20207.05394002368,1852.330867774268,17827.040746179766,0.8751425482601918,5.148745021815127,9.754379456404758,,,266.39065574664994,66.92066843040516
690,,AM,R1796,00,EHZ,61.1981981981982,-149.91291617029023,2026-09-09T22:48:59.996000Z,2026-09-09T22:49:59.996000Z,100.0,100.0,60.0,,traffic,1,Traffic,timeofday:America/Anchorage:day7-19:night1-5,AM,2.0-20.0,1612.0020886417856,12323.054075250084,1420.0534041670971,10639.434555275679,0.7760293630091714,2.074363888835751,8.29075408113022,,,266.39065574664994,39.939218308746845
691,,AM,R1796,00,EHZ,61.1981981981982,-149.91291617029023,2026-09-09T22:49:59.996000Z,2026-09-09T22:50:59.996000Z,100.0,100.0,60.0,,traffic,1,Traffic,timeofday:America/Anchorage:day7-19:night1-5,AM,2.0-20.0,1466.6100264277536,6490.944058287055,1204.838110522391,5092.855397216072,0.6748823856821818,2.071401265199758,0.6886150480372377,,,266.39065574664994,19.117995647939008
692,,AM,R1796,00,EHZ,61.1981981981982,-149.91291617029023,2026-09-09T22:50:59.996000Z,2026-09-09T22:51:59.996000Z,100.0,100.0,60.0,,traffic,1,Traffic,timeofday:America/Anchorage:day7-19:night1-5,AM,2.0-20.0,1810.9174229325024,10573.943358269442,1472.7870916558009,11573.405028999767,0.6614281038254687,3.338374479769564,2.8825401022068062,,,266.39065574664994,43.445236457567866
693,,AM,R1796,00,EHZ,61.1981981981982,-149.91291617029023,2026-09-09T22:51:59.996000Z,2026-09-09T22:52:59.996000Z,100.0,100.0,60.0,,traffic,1,Traffic,timeofday:America/Anchorage:day7-19:night1-5,AM,2.0-20.0,1631.637710604363,13362.057526814619,1525.1216993249216,13359.129541718466,0.8736983831381292,4.871553870483414,11.048759619964944,,,266.39065574664994,50.148641679172215
694,,AM,R1796,00,EHZ,61.1981981981982,-149.91291617029023,2026-09-09T22:52:59.996000Z,2026-09-09T22:53:59.996000Z,100.0,100.0,60.0,,traffic,1,Traffic,timeofday:America/Anchorage:day7-19:night1-5,AM,2.0-20.0,1642.810396886009,14373.058986093676,1489.3921404249008,14599.01799363891,0.8219458934601533,5.159763032194599,7.461124606167312,,,266.39065574664994,54.80304086763187
695,,AM,R1796,00,EHZ,61.1981981981982,-149.91291617029023,2026-09-09T22:53:59.996000Z,2026-09-09T22:54:59.996000Z,100.0,100.0,60.0,,traffic,1,Traffic,timeofday:America/Anchorage:day7-19:night1-5,AM,2.0-20.0,1533.2208350989822,6933.939231325209,1314.3115180800592,5722.8620740067845,0.7348305495448328,2.7191640313995666,0.7584937510514504,,,266.39065574664994,21.482968529682573
696,,AM,R1796,00,EHZ,61.1981981981982,-149.91291617029023,2026-09-09T22:54:59.996000Z,2026-09-09T22:55:59.996000Z,100.0,100.0,60.0,,traffic,1,Traffic,timeofday:America/Anchorage:day7-19:night1-5,AM,2.0-20.0,2013.104482076227,15892.061456467485,1898.3468209154444,17563.315746411776,0.8892389702870247,4.132377218036291,8.771404863436961,,,266.39065574664994,65.93067499753188
697,,AM,R1796,00,EHZ,61.1981981981982,-149.91291617029023,2026-09-09T22:55:59.996000Z,2026-09-09T22:56:59.996000Z,100.0,100.0,60.0,,traffic,1,Traffic,timeofday:America/Anchorage:day7-19:night1-5,AM,2.0-20.0,1351.4542243275876,6415.937158543346,1107.0557768550625,5348.002940836832,0.6710213289728265,2.843786188570702,0.9374083569024081,,,266.39065574664994,20.075790293196448
698,,AM,R1796,00,EHZ,61.1981981981982,-149.91291617029023,2026-09-09T22:56:59.996000Z,2026-09-09T22:57:59.996000Z,100.0,100.0,60.0,,traffic,1,Traffic,timeofday:America/Anchorage:day7-19:night1-5,AM,2.0-20.0,1960.1741813999433,16644.935839004505,1754.644854276711,16473.071931298044,0.8012888971812727,3.936243499187042,8.46942141379557,,,266.39065574664994,61.83802463013084
699,,AM,R1796,00,EHZ,61.1981981981982,-149.91291617029023,2026-09-09T22:57:59.996000Z,2026-09-09T22:58:59.996000Z,100.0,100.0,60.0,,traffic,1,Traffic,timeofday:America/Anchorage:day7-19:night1-5,AM,2.0-20.0,1919.3673168386977,9526.935334021355,1603.4756830872232,9529.804356933195,0.6979246954371159,2.941617863625675,2.3428487638401982,,,266.39065574664994,35.77379367989727
700,,AM,R1796,00,EHZ,61.1981981981982,-149.91291617029023,2026-09-09T22:58:59.996000Z,2026-09-09T22:59:59.996000Z,100.0,100.0,60.0,,traffic,1,Traffic,timeofday:America/Anchorage:day7-19:night1-5,AM,2.0-20.0,1487.4630883456657,11368.933810044271,1313.9847087999858,9320.650049694252,0.780347831068179,4.900340146081238,4.244307390441269,,,266.39065574664994,34.988652374348405
701,,AM,R1796,00,EHZ,61.1981981981982,-149.91291617029023,2026-09-09T22:59:59.996000Z,2026-09-09T23:00:59.996000Z,100.0,100.0,60.0,,traffic,1,Traffic,timeofday:America/Anchorage:day7-19:night1-5,AM,2.0-20.0,2243.3738540534573,16708.93299360783,2092.2604907022105,15358.842250168262,0.8698176185877794,4.562873561908596,5.80585275241274,,,266.39065574664994,57.655334069882855
702,,AM,R1796,00,EHZ,61.1981981981982,-149.91291617029023,2026-09-09T23:00:59.996000Z,2026-09-09T23:01:59.996000Z,100.0,100.0,60.0,,traffic,1,Traffic,timeofday:America/Anchorage:day7-19:night1-5,AM,2.0-20.0,1788.778587015473,9911.932134478206,1613.8955515062535,9694.06241780192,0.8140248711114753,2.653505561150074,2.3048903789823685,,,266.39065574664994,36.39039962055362
703,,AM,R1796,00,EHZ,61.1981981981982,-149.91291617029023,2026-09-09T23:01:59.996000Z,2026-09-09T23:02:59.996000Z,100.0,100.0,60.0,,traffic,1,Traffic,timeofday:America/Anchorage:day7-19:night1-5,AM,2.0-20.0,1769.8781053104526,11826.069478458665,1588.496601112398,12589.265099236633,0.8055376919440317,4.216818789887242,4.775314243425784,,,266.39065574664994,47.258658769208544
704,,AM,R1796,00,EHZ,61.1981981981982,-149.91291617029023,2026-09-09T23:02:59.996000Z,2026-09-09T23:03:59.996000Z,100.0,100.0,60.0,,traffic,1,Traffic,timeofday:America/Anchorage:day7-19:night1-5,AM,2.0-20.0,1348.158940519738,6722.929325756281,1199.385101121385,5574.585725956353,0.791471182999932,3.074308228657852,0.6259196078154496,,,266.39065574664994,20.926356107843535
705,,AM,R1796,00,EHZ,61.1981981981982,-149.91291617029023,2026-09-09T23:03:59.996000Z,2026-09-09T23:04:59.996000Z,100.0,100.0,60.0,,traffic,1,Traffic,timeofday:America/Anchorage:day7-19:night1-5,AM,2.0-20.0,2049.298209637488,13368.928304693514,1920.6846647902296,14000.791091351457,0.8784191933466582,3.392698695138548,3.2940541406497283,,,266.39065574664994,52.55736561821023
706,,AM,R1796,00,EHZ,61.1981981981982,-149.91291617029023,2026-09-09T23:04:59.996000Z,2026-09-09T23:05:59.996000Z,100.0,100.0,60.0,,traffic,1,Traffic,timeofday:America/Anchorage:day7-19:night1-5,AM,2.0-20.0,1245.7459912602694,6493.926971425152,1112.3610941705288,6684.587460544426,0.7973198651133796,2.118572414312096,0.7792209189597896,,,266.39065574664994,25.093175441190336
707,,AM,R1796,00,EHZ,61.1981981981982,-149.91291617029023,2026-09-09T23:05:59.996000Z,2026-09-09T23:06:59.996000Z,100.0,100.0,60.0,,traffic,1,Traffic,timeofday:America/Anchorage:day7-19:night1-5,AM,2.0-20.0,1727.915903930174,9735.073542961783,1424.4356253076164,6848.959172205198,0.6795797821424172,2.8234273839421964,0.5473555983323588,,,266.39065574664994,25.71020801389851
708,,AM,R1796,00,EHZ,61.1981981981982,-149.91291617029023,2026-09-09T23:06:59.996000Z,2026-09-09T23:07:59.996000Z,100.0,100.0,60.0,,traffic,1,Traffic,timeofday:America/Anchorage:day7-19:night1-5,AM,2.0-20.0,1643.9178505730158,9170.074684392968,1427.435824773976,7572.925146450116,0.7539680831036424,3.4379408223695656,1.2806309607868887,,,266.39065574664994,28.427893332911513
709,,AM,R1796,00,EHZ,61.1981981981982,-149.91291617029023,2026-09-09T23:07:59.996000Z,2026-09-09T23:08:59.996000Z,100.0,100.0,60.0,,traffic,1,Traffic,timeofday:America/Anchorage:day7-19:night1-5,AM,2.0-20.0,1470.942158962639,5690.076139910511,1229.3409839016615,5032.27240539177,0.6984792835601343,2.072490963023183,0.28517840066887246,,,266.39065574664994,18.890574037918576
710,,AM,R1796,00,EHZ,61.1981981981982,-149.91291617029023,2026-09-09T23:08:59.996000Z,2026-09-09T23:09:59.996000Z,100.0,100.0,60.0,,traffic,1,Traffic,timeofday:America/Anchorage:day7-19:night1-5,AM,2.0-20.0,2116.1907331162324,19220.07766576835,1826.6295728740488,15281.459964232135,0.745060179222218,4.261413222062843,5.623172270236735,,,266.39065574664994,57.364849834543456
711,,AM,R1796,00,EHZ,61.1981981981982,-149.91291617029023,2026-09-09T23:09:59.996000Z,2026-09-09T23:10:59.996000Z,100.0,100.0,60.0,,traffic,1,Traffic,timeofday:America/Anchorage:day7-19:night1-5,AM,2.0-20.0,2326.3166007365817,12973.92180705557,2137.9335165597113,12821.778317826298,0.844599367598381,3.0529983784254746,1.6968117672818988,,,266.39065574664994,48.13148675162395
712,,AM,R1796,00,EHZ,61.1981981981982,-149.91291617029023,2026-09-09T23:10:59.996000Z,2026-09-09T23:11:59.996000Z,100.0,100.0,60.0,,traffic,1,Traffic,timeofday:America/Anchorage:day7-19:night1-5,AM,2.0-20.0,2314.2548447413596,12384.921050803334,2010.2420573596921,13139.737784624445,0.7545262379710657,4.306642183812357,2.1075408093016055,,,266.39065574664994,49.325070159821806
713,,AM,R1796,00,EHZ,61.1981981981982,-149.91291617029023,2026-09-09T23:11:59.996000Z,2026-09-09T23:12:59.996000Z,100.0,100.0,60.0,,traffic,1,Traffic,timeofday:America/Anchorage:day7-19:night1-5,AM,2.0-20.0,2049.6880289063447,11225.919978207838,1758.7536543421043,10843.116187160744,0.7362655773161669,2.5743745583673383,0.981094008005376,,,266.39065574664994,40.70381581804828
714,,AM,R1796,00,EHZ,61.1981981981982,-149.91291617029023,2026-09-09T23:12:59.996000Z,2026-09-09T23:13:59.996000Z,100.0,100.0,60.0,,traffic,1,Traffic,timeofday:America/Anchorage:day7-19:night1-5,AM,2.0-20.0,1823.6903842597133,8562.081503640295,1556.782356519656,7800.242441085831,0.7287080807381513,2.281567080248594,0.7769358666309505,,,266.39065574664994,29.281216412126067
715,,AM,R1796,00,EHZ,61.1981981981982,-149.91291617029023,2026-09-09T23:13:59.996000Z,2026-09-09T23:14:59.996000Z,100.0,100.0,60.0,,traffic,1,Traffic,timeofday:America/Anchorage:day7-19:night1-5,AM,2.0-20.0,1918.588944888022,8680.917660175315,1659.7338739371658,8486.843413028659,0.74836426264179,3.4134549235170675,1.0152401734538392,,,266.39065574664994,31.85863779358705
716,,AM,R1796,00,EHZ,61.1981981981982,-149.91291617029023,2026-09-09T23:14:59.996000Z,2026-09-09T23:15:59.996000Z,100.0,100.0,60.0,,traffic,1,Traffic,timeofday:America/Anchorage:day7-19:night1-5,AM,2.0-20.0,3140.565880363821,23660.08377089239,2755.4369047085593,24700.08117614043,0.7697773448719983,5.0224645644363095,4.4130389480890635,,,266.39065574664994,92.72127472681088
717,,AM,R1796,00,EHZ,61.1981981981982,-149.91291617029023,2026-09-09T23:15:59.996000Z,2026-09-09T23:16:59.996000Z,100.0,100.0,60.0,,traffic,1,Traffic,timeofday:America/Anchorage:day7-19:night1-5,AM,2.0-20.0,2033.2112943845298,11251.914476618595,1645.4409232753696,11636.677157392189,0.654937053444663,4.239702668016307,2.5310879972849243,,,266.39065574664994,43.682752778157564
718,,AM,R1796,00,EHZ,61.1981981981982,-149.91291617029023,2026-09-09T23:16:59.996000Z,2026-09-09T23:17:59.996000Z,100.0,100.0,60.0,,traffic,1,Traffic,timeofday:America/Anchorage:day7-19:night1-5,AM,2.0-20.0,3084.8055003846985,13953.913476244155,2613.9627526656627,12221.60042830127,0.718031036081554,3.073613231889036,1.3904103000764492,,,266.39065574664994,45.87848771964654
719,,AM,R1796,00,EHZ,61.1981981981982,-149.91291617029023,2026-09-09T23:17:59.996000Z,2026-09-09T23:18:59.996000Z,100.0,100.0,60.0,,traffic,1,Traffic,timeofday:America/Anchorage:day7-19:night1-5,AM,2.0-20.0,3168.8803989277562,11520.086934325014,2093.086148454855,9711.633153906496,0.4362771936869753,2.3427309023754246,0.40644341606655265,,,266.39065574664994,36.456358150725514
720,,AM,R1796,00,EHZ,61.1981981981982,-149.91291617029023,2026-09-09T23:18:59.996000Z,2026-09-09T23:19:59.996000Z,100.0,100.0,60.0,,traffic,1,Traffic,timeofday:America/Anchorage:day7-19:night1-5,AM,2.0-20.0,3413.920248164745,11666.91131807594,2673.0767854629335,8586.94698222871,0.6130785557409812,2.525977973210123,-0.3684073743775378,,,266.39065574664994,32.2344151230113
721,,AM,R1796,00,EHZ,61.1981981981982,-149.91291617029023,2026-09-09T23:19:59.996000Z,2026-09-09T23:20:59.996000Z,100.0,100.0,60.0,,traffic,1,Traffic,timeofday:America/Anchorage:day7-19:night1-5,AM,2.0-20.0,3459.143898776774,12348.910277077155,2311.162434776844,8236.012692877342,0.44639948224978127,2.8099172342119116,0.05072107677872273,,,266.39065574664994,30.91704800903444
722,,AM,R1796,00,EHZ,61.1981981981982,-149.91291617029023,2026-09-09T23:20:59.996000Z,2026-09-09T23:21:59.996000Z,100.0,100.0,60.0,,traffic,1,Traffic,timeofday:America/Anchorage:day7-19:night1-5,AM,2.0-20.0,5682.091648453093,21213.090448894895,3108.393005918828,11475.836788730714,0.2992646209045795,3.5263116305516116,-0.04224313590180451,,,266.39065574664994,43.07897646246562
723,,AM,R1796,00,EHZ,61.1981981981982,-149.91291617029023,2026-09-09T23:21:59.996000Z,2026-09-09T23:22:59.996000Z,100.0,100.0,60.0,,traffic,1,Traffic,timeofday:America/Anchorage:day7-19:night1-5,AM,2.0-20.0,4729.625711186105,19981.0915592936,2689.5580648230803,11614.923213777656,0.3233763857552022,3.4379005031982413,0.13383837981715185,,,266.39065574664994,43.60109096628372
724,,AM,R1796,00,EHZ,61.1981981981982,-149.91291617029023,2026-09-09T23:22:59.996000Z,2026-09-09T23:23:59.996000Z,100.0,100.0,60.0,,traffic,1,Traffic,timeofday:America/Anchorage:day7-19:night1-5,AM,2.0-20.0,4098.038754469751,14359.906754043868,2018.664823481534,8230.1916301146,0.24264777212734867,2.867099073777937,0.13581176597922173,,,266.39065574664994,30.895196406370573
725,,AM,R1796,00,EHZ,61.1981981981982,-149.91291617029023,2026-09-09T23:23:59.996000Z,2026-09-09T23:24:59.996000Z,100.0,100.0,60.0,,traffic,1,Traffic,timeofday:America/Anchorage:day7-19:night1-5,AM,2.0-20.0,2649.419171535261,14589.905401215636,1865.7609636862026,12790.946617435768,0.49591889476763595,4.115055428133875,3.631920738554361,,,266.39065574664994,48.015748080895754
726,,AM,R1796,00,EHZ,61.1981981981982,-149.91291617029023,2026-09-09T23:24:59.996000Z,2026-09-09T23:25:59.996000Z,100.0,100.0,60.0,,traffic,1,Traffic,timeofday:America/Anchorage:day7-19:night1-5,AM,2.0-20.0,1931.1478198040359,11291.90465775255,1567.177349239259,9896.845154937691,0.658575023235391,3.7785047938519027,1.215175498663137,,,266.39065574664994,37.15162278195695
727,,AM,R1796,00,EHZ,61.1981981981982,-149.91291617029023,2026-09-09T23:25:59.996000Z,2026-09-09T23:26:59.996000Z,100.0,100.0,60.0,,traffic,1,Traffic,timeofday:America/Anchorage:day7-19:night1-5,AM,2.0-20.0,1742.5718216050295,7797.903939679675,1407.9382304847034,6323.6353277369,0.6528085434822501,2.4565041722112166,0.5337138702011828,,,266.39065574664994,23.7382024906721
728,,AM,R1796,00,EHZ,61.1981981981982,-149.91291617029023,2026-09-09T23:26:59.996000Z,2026-09-09T23:27:59.996000Z,100.0,100.0,60.0,,traffic,1,Traffic,timeofday:America/Anchorage:day7-19:night1-5,AM,2.0-20.0,1557.1786692374667,10222.903061366336,1238.6616562072377,10448.968455725673,0.6327446703729509,3.0961333254981396,2.2232804870175977,,,266.39065574664994,39.22423039366341
729,,AM,R1796,00,EHZ,61.1981981981982,-149.91291617029023,2026-09-09T23:27:59.996000Z,2026-09-09T23:28:59.996000Z,100.0,100.0,60.0,,traffic,1,Traffic,timeofday:America/Anchorage:day7-19:night1-5,AM,2.0-20.0,1317.9810469743963,5023.9017406990415,1066.4459672852565,4334.682033975317,0.6547256909202881,2.7232656728942617,0.3596741188432415,,,266.39065574664994,16.27189970994254
730,,AM,R1796,00,EHZ,61.1981981981982,-149.91291617029023,2026-09-09T23:28:59.996000Z,2026-09-09T23:29:59.996000Z,100.0,100.0,60.0,,traffic,1,Traffic,timeofday:America/Anchorage:day7-19:night1-5,AM,2.0-20.0,1986.214970136435,17818.100176544245,1802.3561875093997,15479.238016020749,0.8234338988716455,3.855013923544353,9.722550592814205,,,266.39065574664994,58.1072859805647
731,,AM,R1796,00,EHZ,61.1981981981982,-149.91291617029023,2026-09-09T23:29:59.996000Z,2026-09-09T23:30:59.996000Z,100.0,100.0,60.0,,traffic,1,Traffic,timeofday:America/Anchorage:day7-19:night1-5,AM,2.0-20.0,1834.8318125727324,9799.89965794917,1700.4144709195148,8683.707283892174,0.8588494893052554,2.0849752909513266,2.0790253241761834,,,266.39065574664994,32.59764220915763
732,,AM,R1796,00,EHZ,61.1981981981982,-149.91291617029023,2026-09-09T23:30:59.996000Z,2026-09-09T23:31:59.996000Z,100.0,100.0,60.0,,traffic,1,Traffic,timeofday:America/Anchorage:day7-19:night1-5,AM,2.0-20.0,1298.2902673912727,13496.898194344374,1169.1791292571274,10458.161669495243,0.8109956143686703,5.161745788077244,7.740607336950367,,,266.39065574664994,39.25874066484317
733,,AM,R1796,00,EHZ,61.1981981981982,-149.91291617029023,2026-09-09T23:31:59.996000Z,2026-09-09T23:32:59.996000Z,100.0,100.0,60.0,,traffic,1,Traffic,timeofday:America/Anchorage:day7-19:night1-5,AM,2.0-20.0,1189.3598210041428,9031.89726167717,1086.8635484946162,9362.238438731129,0.8350712287650913,4.586396889581754,4.6481379004701,,,266.39065574664994,35.14477042180886
734,,AM,R1796,00,EHZ,61.1981981981982,-149.91291617029023,2026-09-09T23:32:59.996000Z,2026-09-09T23:33:59.996000Z,100.0,100.0,60.0,,traffic,1,Traffic,timeofday:America/Anchorage:day7-19:night1-5,AM,2.0-20.0,1461.9023521077943,7669.895288199258,1294.1718758516465,6443.6689023945655,0.7836951982533672,2.9686594363080325,0.6894891088573405,,,266.39065574664994,24.18879477710659
735,,AM,R1796,00,EHZ,61.1981981981982,-149.91291617029023,2026-09-09T23:33:59.996000Z,2026-09-09T23:34:59.996000Z,100.0,100.0,60.0,,traffic,1,Traffic,timeofday:America/Anchorage:day7-19:night1-5,AM,2.0-20.0,2577.4772578508423,19911.89501285649,2350.8536480640564,17219.903476243784,0.83188156863245,5.3710733783054865,3.0701029954758807,,,266.39065574664994,64.6415446817351
736,,AM,R1796,00,EHZ,61.1981981981982,-149.91291617029023,2026-09-09T23:34:59.996000Z,2026-09-09T23:35:59.996000Z,100.0,100.0,60.0,,traffic,1,Traffic,timeofday:America/Anchorage:day7-19:night1-5,AM,2.0-20.0,1486.1388287411232,7170.105959306603,1322.180488737434,5944.6420841925665,0.7915215173568636,2.284056189145932,0.8111984513429991,,,266.39065574664994,22.315505277505682
737,,AM,R1796,00,EHZ,61.1981981981982,-149.91291617029023,2026-09-09T23:35:59.996000Z,2026-09-09T23:36:59.996000Z,100.0,100.0,60.0,,traffic,1,Traffic,timeofday:America/Anchorage:day7-19:night1-5,AM,2.0-20.0,1131.0895479663836,5463.108076474325,993.1943836496482,4150.16732184494,0.7710357792729486,2.201478416130538,0.2702101535643022,,,266.39065574664994,15.579252621352996
738,,AM,R1796,00,EHZ,61.1981981981982,-149.91291617029023,2026-09-09T23:36:59.996000Z,2026-09-09T23:37:59.996000Z,100.0,100.0,60.0,,traffic,1,Traffic,timeofday:America/Anchorage:day7-19:night1-5,AM,2.0-20.0,1930.2234377364548,13638.891635393762,1815.9581742886203,13450.320849574495,0.8851085042132761,4.65779662293756,3.7174315772724924,,,266.39065574664994,50.490963400632126
739,,AM,R1796,00,EHZ,61.1981981981982,-149.91291617029023,2026-09-09T23:37:59.996000Z,2026-09-09T23:38:59.996000Z,100.0,100.0,60.0,,traffic,1,Traffic,timeofday:America/Anchorage:day7-19:night1-5,AM,2.0-20.0,1276.984238240337,7153.890594018826,1110.874794306968,6520.190714313801,0.7567617134947419,2.029762989565094,1.1244698509990272,,,266.39065574664994,24.476048891575275
740,,AM,R1796,00,EHZ,61.1981981981982,-149.91291617029023,2026-09-09T23:38:59.996000Z,2026-09-09T23:39:59.996000Z,100.0,100.0,60.0,,traffic,1,Traffic,timeofday:America/Anchorage:day7-19:night1-5,AM,2.0-20.0,1282.2855653868648,6799.1109489538985,1117.0678642464402,6022.239902018198,0.7589088362860759,2.5957430959958536,1.0598227757261034,,,266.39065574664994,22.606798594863747
741,,AM,R1796,00,EHZ,61.1981981981982,-149.91291617029023,2026-09-09T23:39:59.996000Z,2026-09-09T23:40:59.996000Z,100.0,100.0,60.0,,traffic,1,Traffic,timeofday:America/Anchorage:day7-19:night1-5,AM,2.0-20.0,1236.2641657834904,5900.887552459232,1056.3417894594652,5116.22982665588,0.7301067440753514,2.6159342735983406,0.7631087549877802,,,266.39065574664994,19.205740577933994
742,,AM,R1796,00,EHZ,61.1981981981982,-149.91291617029023,2026-09-09T23:40:59.996000Z,2026-09-09T23:41:59.996000Z,100.0,100.0,60.0,,traffic,1,Traffic,timeofday:America/Anchorage:day7-19:night1-5,AM,2.0-20.0,1629.0463746867824,11477.113821245397,1469.6946796903806,11747.470352076369,0.8139305482645516,3.055923279560239,3.4757426203497523,,,266.39065574664994,44.098657736886864
743,,AM,R1796,00,EHZ,61.1981981981982,-149.91291617029023,2026-09-09T23:41:59.996000Z,2026-09-09T23:42:59.996000Z,100.0,100.0,60.0,,traffic,1,Traffic,timeofday:America/Anchorage:day7-19:night1-5,AM,2.0-20.0,1662.2079724157152,15741.113928072375,1443.6828681070233,14716.652104205643,0.7543499809077878,4.139059223428918,10.953576272986702,,,266.39065574664994,55.24462584078727
744,,AM,R1796,00,EHZ,61.1981981981982,-149.91291617029023,2026-09-09T23:42:59.996000Z,2026-09-09T23:43:59.996000Z,100.0,100.0,60.0,,traffic,1,Traffic,timeofday:America/Anchorage:day7-19:night1-5,AM,2.0-20.0,1779.3760145015692,8916.11550960061,1626.7437466308813,7318.538095545686,0.835800886930485,3.432231637159169,0.5613260921019498,,,266.39065574664994,27.472953490177826
745,,AM,R1796,00,EHZ,61.1981981981982,-149.91291617029023,2026-09-09T23:43:59.996000Z,2026-09-09T23:44:59.996000Z,100.0,100.0,60.0,,traffic,1,Traffic,timeofday:America/Anchorage:day7-19:night1-5,AM,2.0-20.0,1878.210280142568,13715.883374734569,1746.7365857861485,13052.738209981744,0.8649010153134619,5.023894468337973,6.27032744641429,,,266.39065574664994,48.99848372457746
746,,AM,R1796,00,EHZ,61.1981981981982,-149.91291617029023,2026-09-09T23:44:59.996000Z,2026-09-09T23:45:59.996000Z,100.0,100.0,60.0,,traffic,1,Traffic,timeofday:America/Anchorage:day7-19:night1-5,AM,2.0-20.0,1458.4657043111756,8609.881984291207,1259.0971085824076,7497.816607239777,0.745291230048662,3.341746922920481,1.233640719026023,,,266.39065574664994,28.1459444822665
747,,AM,R1796,00,EHZ,61.1981981981982,-149.91291617029023,2026-09-09T23:45:59.996000Z,2026-09-09T23:46:59.996000Z,100.0,100.0,60.0,,traffic,1,Traffic,timeofday:America/Anchorage:day7-19:night1-5,AM,2.0-20.0,1468.2493739789645,8286.11876537838,1309.6302991052587,7328.835346510621,0.7956055054319839,3.9117020651301453,2.033762499392039,,,266.39065574664994,27.511608190494073
748,,AM,R1796,00,EHZ,61.1981981981982,-149.91291617029023,2026-09-09T23:46:59.996000Z,2026-09-09T23:47:59.996000Z,100.0,100.0,60.0,,traffic,1,Traffic,timeofday:America/Anchorage:day7-19:night1-5,AM,2.0-20.0,1594.811587849341,7802.120033384487,1405.622431675492,6891.2371955468425,0.7768167713505949,2.9090744251456964,1.0561597827633298,,,266.39065574664994,25.868914869524303
749,,AM,R1796,00,EHZ,61.1981981981982,-149.91291617029023,2026-09-09T23:47:59.996000Z,2026-09-09T23:48:59.996000Z,100.0,100.0,60.0,,traffic,1,Traffic,timeofday:America/Anchorage:day7-19:night1-5,AM,2.0-20.0,1422.4886349438427,5724.121725501213,1127.6725944250331,5965.685670954601,0.6284466875604442,2.7956261254815344,0.7757022672218592,,,266.39065574664994,22.39450049114429
750,,AM,R1796,00,EHZ,61.1981981981982,-149.91291617029023,2026-09-09T23:48:59.996000Z,2026-09-09T23:49:59.996000Z,100.0,100.0,60.0,,traffic,1,Traffic,timeofday:America/Anchorage:day7-19:night1-5,AM,2.0-20.0,2152.438070422975,9137.877808823449,1969.8194744160337,9404.677411955923,0.8375129360144421,2.9371762815557965,0.8046739535924203,,,266.39065574664994,35.30408146485519
751,,AM,R1796,00,EHZ,61.1981981981982,-149.91291617029023,2026-09-09T23:49:59.996000Z,2026-09-09T23:50:59.996000Z,100.0,100.0,60.0,,traffic,1,Traffic,timeofday:America/Anchorage:day7-19:night1-5,AM,2.0-20.0,1800.8979949420348,8616.876410480907,1443.488018273618,7368.339481758164,0.6424630240909568,2.622268101209,0.9123021006681107,,,266.39065574664994,27.659902188032458
752,,AM,R1796,00,EHZ,61.1981981981982,-149.91291617029023,2026-09-09T23:50:59.996000Z,2026-09-09T23:51:59.996000Z,100.0,100.0,60.0,,traffic,1,Traffic,timeofday:America/Anchorage:day7-19:night1-5,AM,2.0-20.0,2041.8844923412787,10928.875438505891,1710.650042579965,7754.381135989522,0.7018753715520409,3.6480963150080763,0.9917510161735477,,,266.39065574664994,29.109058327347274
753,,AM,R1796,00,EHZ,61.1981981981982,-149.91291617029023,2026-09-09T23:51:59.996000Z,2026-09-09T23:52:59.996000Z,100.0,100.0,60.0,,traffic,1,Traffic,timeofday:America/Anchorage:day7-19:night1-5,AM,2.0-20.0,1486.4858461837152,6037.125280695437,1261.0297425845954,5532.205697186295,0.7196628811432335,2.3842949323771503,0.4862092027286553,,,266.39065574664994,20.767266335526735
754,,AM,R1796,00,EHZ,61.1981981981982,-149.91291617029023,2026-09-09T23:52:59.996000Z,2026-09-09T23:53:59.996000Z,100.0,100.0,60.0,,traffic,1,Traffic,timeofday:America/Anchorage:day7-19:night1-5,AM,2.0-20.0,1366.9801085047825,7673.87370858596,1219.110684876815,7883.103287865693,0.7953565926809761,3.5143751703148087,2.0852852169219016,,,266.39065574664994,29.59226653716749
755,,AM,R1796,00,EHZ,61.1981981981982,-149.91291617029023,2026-09-09T23:53:59.996000Z,2026-09-09T23:54:59.996000Z,100.0,100.0,60.0,,traffic,1,Traffic,timeofday:America/Anchorage:day7-19:night1-5,AM,2.0-20.0,1473.1382048709052,6554.872483461101,1255.4087291202293,6407.860849785255,0.7262452460202125,3.757832810272323,1.0031852035223494,,,266.39065574664994,24.054375450313962
756,,AM,R1796,00,EHZ,61.1981981981982,-149.91291617029023,2026-09-09T23:54:59.996000Z,2026-09-09T23:55:59.996000Z,100.0,100.0,60.0,,traffic,1,Traffic,timeofday:America/Anchorage:day7-19:night1-5,AM,2.0-20.0,1347.5513236226307,6605.871087939696,1161.4760423300763,5642.082033919998,0.7428991855278628,2.7611825795697813,0.5171668455658334,,,266.39065574664994,21.179729514558815
757,,AM,R1796,00,EHZ,61.1981981981982,-149.91291617029023,2026-09-09T23:55:59.996000Z,2026-09-09T23:56:59.996000Z,100.0,100.0,60.0,,traffic,1,Traffic,timeofday:America/Anchorage:day7-19:night1-5,AM,2.0-20.0,1521.9631526728913,7423.130718338955,1351.0384325671635,7251.842716378522,0.7880016568391126,3.4375319011008476,1.5586186659193757,,,266.39065574664994,27.22258667839823
758,,AM,R1796,00,EHZ,61.1981981981982,-149.91291617029023,2026-09-09T23:56:59.996000Z,2026-09-09T23:57:59.996000Z,100.0,100.0,60.0,,traffic,1,Traffic,timeofday:America/Anchorage:day7-19:night1-5,AM,2.0-20.0,1147.9901153821183,6238.869238967868,984.7803460101217,6794.253077590337,0.7358722869786368,1.87059153499197,0.9945077783321516,,,266.39065574664994,25.504847602657623
759,,AM,R1796,00,EHZ,61.1981981981982,-149.91291617029023,2026-09-09T23:57:59.996000Z,2026-09-09T23:58:59.996000Z,100.0,100.0,60.0,,traffic,1,Traffic,timeofday:America/Anchorage:day7-19:night1-5,AM,2.0-20.0,2421.130934827142,20145.867172768656,2248.150353123372,17287.954104627348,0.8622121773604269,3.4841910402313387,4.914840294375405,,,266.39065574664994,64.89699894379557
760,,AM,R1796,00,EHZ,61.1981981981982,-149.91291617029023,2026-09-09T23:58:59.996000Z,2026-09-09T23:59:59.996000Z,100.0,100.0,60.0,,traffic,1,Traffic,timeofday:America/Anchorage:day7-19:night1-5,AM,2.0-20.0,2433.034538987061,13071.866853792331,2041.9935060452501,10994.29345395545,0.7043883506933258,2.3519009134243505,0.8820617260210049,,,266.39065574664994,41.27131795648096
761,,AM,R1796,00,EHZ,61.1981981981982,-149.91291617029023,2026-09-09T23:59:59.996000Z,2026-09-10T00:00:59.996000Z,100.0,100.0,60.0,,traffic,1,Traffic,timeofday:America/Anchorage:day7-19:night1-5,AM,2.0-20.0,2304.658549518372,13028.86574414593,1893.7487770623363,11825.223246481462,0.6751986247182128,3.2572401463026357,2.7504634699099544,,,266.39065574664994,44.390533193956344
762,,AM,R1796,00,EHZ,61.1981981981982,-149.91291617029023,2026-09-10T00:00:59.996000Z,2026-09-10T00:01:59.996000Z,100.0,100.0,60.0,,traffic,1,Traffic,timeofday:America/Anchorage:day7-19:night1-5,AM,2.0-20.0,1948.0930308393977,9096.864373826664,1666.4535743316912,8471.638293143149,0.7317572819899474,2.539945191802784,0.9109411230778051,,,266.39065574664994,31.801559515661374
763,,AM,R1796,00,EHZ,61.1981981981982,-149.91291617029023,2026-09-10T00:01:59.996000Z,2026-09-10T00:02:59.996000Z,100.0,100.0,60.0,,traffic,1,Traffic,timeofday:America/Anchorage:day7-19:night1-5,AM,2.0-20.0,2070.4817982389036,11328.862864519482,1687.8540631958733,8676.84676276457,0.6645489148891195,2.6111642363838956,1.0470564750586737,,,266.39065574664994,32.57188859888787
764,,AM,R1796,00,EHZ,61.1981981981982,-149.91291617029023,2026-09-10T00:02:59.996000Z,2026-09-10T00:03:59.996000Z,100.0,100.0,60.0,,traffic,1,Traffic,timeofday:America/Anchorage:day7-19:night1-5,AM,2.0-20.0,2069.8514613634616,8201.138433578732,1636.4502352350848,8524.311682606292,0.6250679698778858,1.7735902614944483,0.23688371526972363,,,266.39065574664994,31.999289384659626
765,,AM,R1796,00,EHZ,61.1981981981982,-149.91291617029023,2026-09-10T00:03:59.996000Z,2026-09-10T00:04:59.996000Z,100.0,100.0,60.0,,traffic,1,Traffic,timeofday:America/Anchorage:day7-19:night1-5,AM,2.0-20.0,2095.6803937059467,7508.139658139361,1695.1368745652176,6688.030974389352,0.6542736677922278,2.4935010013447516,0.31686861696182866,,,266.39065574664994,25.106101997624062
766,,AM,R1796,00,EHZ,61.1981981981982,-149.91291617029023,2026-09-10T00:04:59.996000Z,2026-09-10T00:05:59.996000Z,100.0,100.0,60.0,,traffic,1,Traffic,timeofday:America/Anchorage:day7-19:night1-5,AM,2.0-20.0,1897.882621236078,11116.860172404466,1492.9903888476963,9893.108284944254,0.6188356517301978,2.8187557996141384,1.6130616262516817,,,266.39065574664994,37.137595000152956
767,,AM,R1796,00,EHZ,61.1981981981982,-149.91291617029023,2026-09-10T00:05:59.996000Z,2026-09-10T00:06:59.996000Z,100.0,100.0,60.0,,traffic,1,Traffic,timeofday:America/Anchorage:day7-19:night1-5,AM,2.0-20.0,1385.4541080712017,5308.858000882882,1144.4088808836145,4435.006959293509,0.6823043643833095,1.9590088791173663,0.15839529673336417,,,266.39065574664994,16.648507984872445
768,,AM,R1796,00,EHZ,61.1981981981982,-149.91291617029023,2026-09-10T00:06:59.996000Z,2026-09-10T00:07:59.996000Z,100.0,100.0,60.0,,traffic,1,Traffic,timeofday:America/Anchorage:day7-19:night1-5,AM,2.0-20.0,1679.917271320291,6703.143065129964,1420.453851230221,6352.243148082118,0.714954603650431,2.8011316980825245,0.46291055749916454,,,266.39065574664994,23.84559297051095
769,,AM,R1796,00,EHZ,61.1981981981982,-149.91291617029023,2026-09-10T00:07:59.996000Z,2026-09-10T00:08:59.996000Z,100.0,100.0,60.0,,traffic,1,Traffic,timeofday:America/Anchorage:day7-19:night1-5,AM,2.0-20.0,1416.2976575375496,6684.856076492716,1193.4225428234759,6869.65873373578,0.7100344169110497,2.7164217618985482,0.8233575459680571,,,266.39065574664994,25.787911796234884
770,,AM,R1796,00,EHZ,61.1981981981982,-149.91291617029023,2026-09-10T00:08:59.996000Z,2026-09-10T00:09:59.996000Z,100.0,100.0,60.0,,traffic,1,Traffic,timeofday:America/Anchorage:day7-19:night1-5,AM,2.0-20.0,1516.4945383399659,6389.145425291438,1209.4921736312972,4971.625008859497,0.6360985767899394,2.2210308059406056,0.24850735277750235,,,266.39065574664994,18.66291066000358
771,,AM,R1796,00,EHZ,61.1981981981982,-149.91291617029023,2026-09-10T00:09:59.996000Z,2026-09-10T00:10:59.996000Z,100.0,100.0,60.0,,traffic,1,Traffic,timeofday:America/Anchorage:day7-19:night1-5,AM,2.0-20.0,2174.364391080784,18300.146188502473,2037.0216613664136,17732.187121673724,0.8776606763909494,4.50688539766482,6.658662078996851,,,266.39065574664994,66.56459879185053
772,,AM,R1796,00,EHZ,61.1981981981982,-149.91291617029023,2026-09-10T00:10:59.996000Z,2026-09-10T00:11:59.996000Z,100.0,100.0,60.0,,traffic,1,Traffic,timeofday:America/Anchorage:day7-19:night1-5,AM,2.0-20.0,1223.561239901863,5682.146603209306,1060.430648739879,4767.139443820601,0.7511265630683879,2.186714634598071,0.6804193143960497,,,266.39065574664994,17.895295277753192
773,,AM,R1796,00,EHZ,61.1981981981982,-149.91291617029023,2026-09-10T00:11:59.996000Z,2026-09-10T00:12:59.996000Z,100.0,100.0,60.0,,traffic,1,Traffic,timeofday:America/Anchorage:day7-19:night1-5,AM,2.0-20.0,1584.2546861059925,7868.148036910073,1429.0336392195882,8485.990374283563,0.8136448941173522,3.074211476242402,1.672947546044223,,,266.39065574664994,31.85543558387476
774,,AM,R1796,00,EHZ,61.1981981981982,-149.91291617029023,2026-09-10T00:12:59.996000Z,2026-09-10T00:13:59.996000Z,100.0,100.0,60.0,,traffic,1,Traffic,timeofday:America/Anchorage:day7-19:night1-5,AM,2.0-20.0,1234.6088413953212,5097.851147405788,1085.8831350691285,3978.2120644057068,0.7735838789833355,1.9202857297917864,0.03086702398901897,,,266.39065574664994,14.933752286676203
775,,AM,R1796,00,EHZ,61.1981981981982,-149.91291617029023,2026-09-10T00:13:59.996000Z,2026-09-10T00:14:59.996000Z,100.0,100.0,60.0,,traffic,1,Traffic,timeofday:America/Anchorage:day7-19:night1-5,AM,2.0-20.0,2030.9978599500785,13048.15051480691,1825.0115817629737,12262.671205993212,0.8074438261549205,5.209089536861049,3.3034412650016236,,,266.39065574664994,46.03266271342336
776,,AM,R1796,00,EHZ,61.1981981981982,-149.91291617029023,2026-09-10T00:14:59.996000Z,2026-09-10T00:15:59.996000Z,100.0,100.0,60.0,,traffic,1,Traffic,timeofday:America/Anchorage:day7-19:night1-5,AM,2.0-20.0,1758.055547761346,7993.84834601881,1612.9419910016786,6898.517809535798,0.8417290400933963,2.684230645815639,0.21849358502696203,,,266.39065574664994,25.89624546026349
777,,AM,R1796,00,EHZ,61.1981981981982,-149.91291617029023,2026-09-10T00:15:59.996000Z,2026-09-10T00:16:59.996000Z,100.0,100.0,60.0,,traffic,1,Traffic,timeofday:America/Anchorage:day7-19:night1-5,AM,2.0-20.0,1133.8952211945239,5109.153299831299,952.0707794901685,4877.592343018502,0.7050056905481707,2.2170140324815573,0.8417995317891704,,,266.39065574664994,18.309922806216303
778,,AM,R1796,00,EHZ,61.1981981981982,-149.91291617029023,2026-09-10T00:16:59.996000Z,2026-09-10T00:17:59.996000Z,100.0,100.0,60.0,,traffic,1,Traffic,timeofday:America/Anchorage:day7-19:night1-5,AM,2.0-20.0,1885.3550084971587,13982.846437803151,1632.4407780891256,13800.518657395645,0.7497018657626016,4.942043460566358,4.095329092619718,,,266.39065574664994,51.805565847326825
779,,AM,R1796,00,EHZ,61.1981981981982,-149.91291617029023,2026-09-10T00:17:59.996000Z,2026-09-10T00:18:59.996000Z,100.0,100.0,60.0,,traffic,1,Traffic,timeofday:America/Anchorage:day7-19:night1-5,AM,2.0-20.0,1606.2380785825937,8430.844784430012,1398.0296340623502,8025.8789492295155,0.7575528209772884,2.5920345061571486,0.9438538685759545,,,266.39065574664994,30.128230011425416
780,,AM,R1796,00,EHZ,61.1981981981982,-149.91291617029023,2026-09-10T00:18:59.996000Z,2026-09-10T00:19:59.996000Z,100.0,100.0,60.0,,traffic,1,Traffic,timeofday:America/Anchorage:day7-19:night1-5,AM,2.0-20.0,1566.4110150597,9379.156325780614,1381.7756835024043,8260.53976992732,0.7781505603162233,4.134929848514989,2.8835011601478815,,,266.39065574664994,31.009119846093558
781,,AM,R1796,00,EHZ,61.1981981981982,-149.91291617029023,2026-09-10T00:19:59.996000Z,2026-09-10T00:20:59.996000Z,100.0,100.0,60.0,,traffic,1,Traffic,timeofday:America/Anchorage:day7-19:night1-5,AM,2.0-20.0,1422.021247654382,8762.843047551281,1237.5246878468488,6996.003707300582,0.7573481553708837,2.0011770534628495,2.4800936394044717,,,266.39065574664994,26.262196351039098
782,,AM,R1796,00,EHZ,61.1981981981982,-149.91291617029023,2026-09-10T00:20:59.996000Z,2026-09-10T00:21:59.996000Z,100.0,100.0,60.0,,traffic,1,Traffic,timeofday:America/Anchorage:day7-19:night1-5,AM,2.0-20.0,1581.2892408379573,10002.15827969866,1416.005699265099,8834.780411713018,0.8018762869274844,3.663411781283392,2.59084486427028,,,266.39065574664994,33.164753421814126
783,,AM,R1796,00,EHZ,61.1981981981982,-149.91291617029023,2026-09-10T00:21:59.996000Z,2026-09-10T00:22:59.996000Z,100.0,100.0,60.0,,traffic,1,Traffic,timeofday:America/Anchorage:day7-19:night1-5,AM,2.0-20.0,1053.901509294506,6156.840606517274,934.7442725838685,5099.214515352447,0.7866572918486826,2.5729387028687007,0.902716234372142,,,266.39065574664994,19.14186704882787
784,,AM,R1796,00,EHZ,61.1981981981982,-149.91291617029023,2026-09-10T00:22:59.996000Z,2026-09-10T00:23:59.996000Z,100.0,100.0,60.0,,traffic,1,Traffic,timeofday:America/Anchorage:day7-19:night1-5,AM,2.0-20.0,1277.085865568934,6342.160486578469,1147.153002759295,5464.402886516293,0.8068680075608244,2.4568129363759277,0.6455065004781071,,,266.39065574664994,20.5127423527693
785,,AM,R1796,00,EHZ,61.1981981981982,-149.91291617029023,2026-09-10T00:23:59.996000Z,2026-09-10T00:24:59.996000Z,100.0,100.0,60.0,,traffic,1,Traffic,timeofday:America/Anchorage:day7-19:night1-5,AM,2.0-20.0,937.5204432265593,4039.837705262124,817.7424560182079,3790.315739184759,0.7608019191130837,3.1268906172017763,0.5969318145244285,,,266.39065574664994,14.228411009992511
786,,AM,R1796,00,EHZ,61.1981981981982,-149.91291617029023,2026-09-10T00:24:59.996000Z,2026-09-10T00:25:59.996000Z,100.0,100.0,60.0,,traffic,1,Traffic,timeofday:America/Anchorage:day7-19:night1-5,AM,2.0-20.0,1605.5398654159496,14322.83728491302,1512.4012899696397,14680.261643767233,0.8873437427755004,5.331448194079372,6.238394513460694,,,266.39065574664994,55.108020221733504
787,,AM,R1796,00,EHZ,61.1981981981982,-149.91291617029023,2026-09-10T00:25:59.996000Z,2026-09-10T00:26:59.996000Z,100.0,100.0,60.0,,traffic,1,Traffic,timeofday:America/Anchorage:day7-19:night1-5,AM,2.0-20.0,1056.184796595775,6498.164208219653,953.1436915339685,4589.697317213365,0.8143984383956951,2.5746793131892853,0.5068420154475226,,,266.39065574664994,17.229197864876998
788,,AM,R1796,00,EHZ,61.1981981981982,-149.91291617029023,2026-09-10T00:26:59.996000Z,2026-09-10T00:27:59.996000Z,100.0,100.0,60.0,,traffic,1,Traffic,timeofday:America/Anchorage:day7-19:night1-5,AM,2.0-20.0,1063.575916666494,5503.834406038876,958.6237860055141,4829.817784355428,0.812380353875208,2.682848841077941,0.6444138069149021,,,266.39065574664994,18.130582586758642
789,,AM,R1796,00,EHZ,61.1981981981982,-149.91291617029023,2026-09-10T00:27:59.996000Z,2026-09-10T00:28:59.996000Z,100.0,100.0,60.0,,traffic,1,Traffic,timeofday:America/Anchorage:day7-19:night1-5,AM,2.0-20.0,1935.079268186628,10688.166846733106,1820.079230625072,11002.243067655212,0.8846736002102267,3.8704481310095455,2.347637765663335,,,266.39065574664994,41.30115989548396
790,,AM,R1796,00,EHZ,61.1981981981982,-149.91291617029023,2026-09-10T00:28:59.996000Z,2026-09-10T00:29:59.996000Z,100.0,100.0,60.0,,traffic,1,Traffic,timeofday:America/Anchorage:day7-19:night1-5,AM,2.0-20.0,2073.7383804478045,18273.832034969015,1904.889676029693,17263.39977187215,0.8437848528375604,7.076159202651036,9.742926080251577,,,266.39065574664994,64.80482479194187
791,,AM,R1796,00,EHZ,61.1981981981982,-149.91291617029023,2026-09-10T00:29:59.996000Z,2026-09-10T00:30:59.996000Z,100.0,100.0,60.0,,traffic,1,Traffic,timeofday:America/Anchorage:day7-19:night1-5,AM,2.0-20.0,1560.7909038543776,10381.831892783814,1450.9534692752836,9102.003737109611,0.8642064826565328,2.6325814904797507,3.0860739520908016,,,266.39065574664994,34.167879168277004
792,,AM,R1796,00,EHZ,61.1981981981982,-149.91291617029023,2026-09-10T00:30:59.996000Z,2026-09-10T00:31:59.996000Z,100.0,100.0,60.0,,traffic,1,Traffic,timeofday:America/Anchorage:day7-19:night1-5,AM,2.0-20.0,1870.5721415547046,17398.829978173584,1762.300134856265,18154.854309921106,0.8875867792101692,4.363599670322988,10.16419225355282,,,266.39065574664994,68.15124298949596
793,,AM,R1796,00,EHZ,61.1981981981982,-149.91291617029023,2026-09-10T00:31:59.996000Z,2026-09-10T00:32:59.996000Z,100.0,100.0,60.0,,traffic,1,Traffic,timeofday:America/Anchorage:day7-19:night1-5,AM,2.0-20.0,1533.8082067769649,17750.171297731704,1346.0596578298273,17222.71751504537,0.7701698309321994,7.197837516067342,22.127011420428417,,,266.39065574664994,64.65210826097814
794,,AM,R1796,00,EHZ,61.1981981981982,-149.91291617029023,2026-09-10T00:32:59.996000Z,2026-09-10T00:33:59.996000Z,100.0,100.0,60.0,,traffic,1,Traffic,timeofday:America/Anchorage:day7-19:night1-5,AM,2.0-20.0,1699.4194252854986,10821.171503298405,1434.8799312455712,9751.10570362031,0.7129022190322638,3.58855080256252,1.9325315767049895,,,266.39065574664994,36.60453357978919
795,,AM,R1796,00,EHZ,61.1981981981982,-149.91291617029023,2026-09-10T00:33:59.996000Z,2026-09-10T00:34:59.996000Z,100.0,100.0,60.0,,traffic,1,Traffic,timeofday:America/Anchorage:day7-19:night1-5,AM,2.0-20.0,2318.312832469099,12702.173176607563,2026.8259177060577,12694.06216501112,0.7643439281344538,3.4775477922543945,2.388713786987852,,,266.39065574664994,47.6520549470165
796,,AM,R1796,00,EHZ,61.1981981981982,-149.91291617029023,2026-09-10T00:34:59.996000Z,2026-09-10T00:35:59.996000Z,100.0,100.0,60.0,,traffic,1,Traffic,timeofday:America/Anchorage:day7-19:night1-5,AM,2.0-20.0,2100.7049398775034,13975.174024828795,1947.1853614886918,11698.637283539521,0.8591806322308266,3.101831515582389,2.534371313731569,,,266.39065574664994,43.91534399264168
797,,AM,R1796,00,EHZ,61.1981981981982,-149.91291617029023,2026-09-10T00:35:59.996000Z,2026-09-10T00:36:59.996000Z,100.0,100.0,60.0,,traffic,1,Traffic,timeofday:America/Anchorage:day7-19:night1-5,AM,2.0-20.0,1441.4768639202666,7077.17485123325,1258.9901645137143,6079.474431427362,0.7628327363464975,2.4883025409514863,1.0553008593740305,,,266.39065574664994,22.821650460627374
798,,AM,R1796,00,EHZ,61.1981981981982,-149.91291617029023,2026-09-10T00:36:59.996000Z,2026-09-10T00:37:59.996000Z,100.0,100.0,60.0,,traffic,1,Traffic,timeofday:America/Anchorage:day7-19:night1-5,AM,2.0-20.0,1263.2237265713054,5428.823038745907,993.823688370301,4349.752891824686,0.6189536665050357,2.3153307801426473,0.4727032971177789,,,266.39065574664994,16.3284739835676
799,,AM,R1796,00,EHZ,61.1981981981982,-149.91291617029023,2026-09-10T00:37:59.996000Z,2026-09-10T00:38:59.996000Z,100.0,100.0,60.0,,traffic,1,Traffic,timeofday:America/Anchorage:day7-19:night1-5,AM,2.0-20.0,2005.0277545175409,10161.822198988079,1719.274652293734,9900.49896801883,0.7352749041561799,3.132799263359493,1.2069277056114966,,,266.39065574664994,37.16533877762841
800,,AM,R1796,00,EHZ,61.1981981981982,-149.91291617029023,2026-09-10T00:38:59.996000Z,2026-09-10T00:39:59.996000Z,100.0,100.0,60.0,,traffic,1,Traffic,timeofday:America/Anchorage:day7-19:night1-5,AM,2.0-20.0,1908.3037405039197,8461.821274596206,1625.4803938536422,7989.175434598335,0.725551873531544,2.768492511644694,0.784773081943599,,,266.39065574664994,29.990449222800134
801,,AM,R1796,00,EHZ,61.1981981981982,-149.91291617029023,2026-09-10T00:39:59.996000Z,2026-09-10T00:40:59.996000Z,100.0,100.0,60.0,,traffic,1,Traffic,timeofday:America/Anchorage:day7-19:night1-5,AM,2.0-20.0,1365.2395459726226,5885.179468678806,1191.6668714175385,5841.969984839792,0.7618895426182385,2.656575057216346,1.0144319438555938,,,266.39065574664994,21.9300859801771
802,,AM,R1796,00,EHZ,61.1981981981982,-149.91291617029023,2026-09-10T00:40:59.996000Z,2026-09-10T00:41:59.996000Z,100.0,100.0,60.0,,traffic,1,Traffic,timeofday:America/Anchorage:day7-19:night1-5,AM,2.0-20.0,1367.1691198524973,6906.181449491673,1187.186174513316,6005.118614929338,0.7540379079178249,2.540814511859944,0.6913474480781705,,,266.39065574664994,22.542527244801292
803,,AM,R1796,00,EHZ,61.1981981981982,-149.91291617029023,2026-09-10T00:41:59.996000Z,2026-09-10T00:42:59.996000Z,100.0,100.0,60.0,,traffic,1,Traffic,timeofday:America/Anchorage:day7-19:night1-5,AM,2.0-20.0,1703.7017809822328,10108.81816156786,1523.8766673352445,10193.330598628898,0.8000414423072945,4.20012420292628,2.5315719656551714,,,266.39065574664994,38.2645951677946
804,,AM,R1796,00,EHZ,61.1981981981982,-149.91291617029023,2026-09-10T00:42:59.996000Z,2026-09-10T00:43:59.996000Z,100.0,100.0,60.0,,traffic,1,Traffic,timeofday:America/Anchorage:day7-19:night1-5,AM,2.0-20.0,1365.449942940975,5885.183399083978,1137.4830655708215,4311.873622492771,0.693966190129053,2.014922302254613,0.26867071722347147,,,266.39065574664994,16.186279546507688
805,,AM,R1796,00,EHZ,61.1981981981982,-149.91291617029023,2026-09-10T00:43:59.996000Z,2026-09-10T00:44:59.996000Z,100.0,100.0,60.0,,traffic,1,Traffic,timeofday:America/Anchorage:day7-19:night1-5,AM,2.0-20.0,1718.3081223148884,15877.815185834746,1560.82611024093,17021.747137553215,0.8251007029366023,5.6940478818570295,6.362557310579271,,,266.39065574664994,63.897688490026084
806,,AM,R1796,00,EHZ,61.1981981981982,-149.91291617029023,2026-09-10T00:44:59.996000Z,2026-09-10T00:45:59.996000Z,100.0,100.0,60.0,,traffic,1,Traffic,timeofday:America/Anchorage:day7-19:night1-5,AM,2.0-20.0,2466.957408435961,17468.814875509906,2299.1471114465285,17071.936499764888,0.8685807861091106,5.167812243342999,5.370926022344168,,,266.39065574664994,64.0860936053294
807,,AM,R1796,00,EHZ,61.1981981981982,-149.91291617029023,2026-09-10T00:45:59.996000Z,2026-09-10T00:46:59.996000Z,100.0,100.0,60.0,,traffic,1,Traffic,timeofday:America/Anchorage:day7-19:night1-5,AM,2.0-20.0,1376.8372540659936,8483.187070508962,1177.447068352634,7260.886649172391,0.7313370379050989,2.554354597744355,0.8406866404550497,,,266.39065574664994,27.256536565899054
808,,AM,R1796,00,EHZ,61.1981981981982,-149.91291617029023,2026-09-10T00:46:59.996000Z,2026-09-10T00:47:59.996000Z,100.0,100.0,60.0,,traffic,1,Traffic,timeofday:America/Anchorage:day7-19:night1-5,AM,2.0-20.0,1729.4927864734352,13111.187762063166,1593.0376800774202,13956.74491301503,0.8484272066121069,5.157369223239517,6.5958125989486085,,,266.39065574664994,52.39202131132014
809,,AM,R1796,00,EHZ,61.1981981981982,-149.91291617029023,2026-09-10T00:47:59.996000Z,2026-09-10T00:48:59.996000Z,100.0,100.0,60.0,,traffic,1,Traffic,timeofday:America/Anchorage:day7-19:night1-5,AM,2.0-20.0,1478.2893729807151,9655.811119827025,1332.9314339824282,9149.377352467487,0.8130115397955978,3.9416856632532564,2.329150494846534,,,266.39065574664994,34.34571429250497
810,,AM,R1796,00,EHZ,61.1981981981982,-149.91291617029023,2026-09-10T00:48:59.996000Z,2026-09-10T00:49:59.996000Z,100.0,100.0,60.0,,traffic,1,Traffic,timeofday:America/Anchorage:day7-19:night1-5,AM,2.0-20.0,1400.8832207681373,7860.190301084594,1225.8435541140034,8827.652109783652,0.7657133667304941,3.5489076946609943,1.687798057646706,,,266.39065574664994,33.137994593095506
811,,AM,R1796,00,EHZ,61.1981981981982,-149.91291617029023,2026-09-10T00:49:59.996000Z,2026-09-10T00:50:59.996000Z,100.0,100.0,60.0,,traffic,1,Traffic,timeofday:America/Anchorage:day7-19:night1-5,AM,2.0-20.0,1423.653270574195,7360.190647708038,1259.2508398804862,7092.492732219796,0.7823769338844729,2.5482728478475476,0.843524094981051,,,266.39065574664994,26.624405095369003
812,,AM,R1796,00,EHZ,61.1981981981982,-149.91291617029023,2026-09-10T00:50:59.996000Z,2026-09-10T00:51:59.996000Z,100.0,100.0,60.0,,traffic,1,Traffic,timeofday:America/Anchorage:day7-19:night1-5,AM,2.0-20.0,1751.4743105919015,7893.807490342918,1512.908575408871,7974.318393608713,0.7461357095584344,3.1364896265575393,1.1160944105415274,,,266.39065574664994,29.93467759316853
813,,AM,R1796,00,EHZ,61.1981981981982,-149.91291617029023,2026-09-10T00:51:59.996000Z,2026-09-10T00:52:59.996000Z,100.0,100.0,60.0,,traffic,1,Traffic,timeofday:America/Anchorage:day7-19:night1-5,AM,2.0-20.0,1620.5355643453795,10528.806125853991,1458.0874686137868,10285.829185035407,0.8095618271546264,3.529604165469635,3.075254218148383,,,266.39065574664994,38.61182426315177
814,,AM,R1796,00,EHZ,61.1981981981982,-149.91291617029023,2026-09-10T00:52:59.996000Z,2026-09-10T00:53:59.996000Z,100.0,100.0,60.0,,traffic,1,Traffic,timeofday:America/Anchorage:day7-19:night1-5,AM,2.0-20.0,1528.186498228384,20300.19398360604,1380.1656919564825,18654.205992394564,0.8156610770687378,4.37234292780706,23.72704829647164,,,266.39065574664994,70.02575199235064
815,,AM,R1796,00,EHZ,61.1981981981982,-149.91291617029023,2026-09-10T00:53:59.996000Z,2026-09-10T00:54:59.996000Z,100.0,100.0,60.0,,traffic,1,Traffic,timeofday:America/Anchorage:day7-19:night1-5,AM,2.0-20.0,1366.8039504401106,10472.195403577285,1204.1822391211508,10380.122842381401,0.7761970431708379,4.763720760633855,4.727687595327169,,,266.39065574664994,38.96579184914574
816,,AM,R1796,00,EHZ,61.1981981981982,-149.91291617029023,2026-09-10T00:54:59.996000Z,2026-09-10T00:55:59.996000Z,100.0,100.0,60.0,,traffic,1,Traffic,timeofday:America/Anchorage:day7-19:night1-5,AM,2.0-20.0,1853.6436920865983,11282.196492535362,1643.8941929724976,10472.887059953486,0.7864936261754508,3.8406870220703464,2.9642593649825324,,,266.39065574664994,39.314018093463815
817,,AM,R1796,00,EHZ,61.1981981981982,-149.91291617029023,2026-09-10T00:55:59.996000Z,2026-09-10T00:56:59.996000Z,100.0,100.0,60.0,,traffic,1,Traffic,timeofday:America/Anchorage:day7-19:night1-5,AM,2.0-20.0,1453.6377795717176,7050.801553734668,1292.5149425603513,6590.828315749519,0.7906035170032414,3.254320216627739,1.7213606638345542,,,266.39065574664994,24.741214354071438
818,,AM,R1796,00,EHZ,61.1981981981982,-149.91291617029023,2026-09-10T00:56:59.996000Z,2026-09-10T00:57:59.996000Z,100.0,100.0,60.0,,traffic,1,Traffic,timeofday:America/Anchorage:day7-19:night1-5,AM,2.0-20.0,1662.6345357683308,9990.199030616413,1553.8338974360972,9898.752224948545,0.8734048282507438,5.786266943938925,4.243673087090069,,,266.39065574664994,37.158781704275405
819,,AM,R1796,00,EHZ,61.1981981981982,-149.91291617029023,2026-09-10T00:57:59.996000Z,2026-09-10T00:58:59.996000Z,100.0,100.0,60.0,,traffic,1,Traffic,timeofday:America/Anchorage:day7-19:night1-5,AM,2.0-20.0,1208.6344767856724,5224.19980699274,1042.1176309765276,4938.589041382147,0.743435901699632,2.2477163719577744,0.3650646376362272,,,266.39065574664994,18.53889742318506
820,,AM,R1796,00,EHZ,61.1981981981982,-149.91291617029023,2026-09-10T00:58:59.996000Z,2026-09-10T00:59:59.996000Z,100.0,100.0,60.0,,traffic,1,Traffic,timeofday:America/Anchorage:day7-19:night1-5,AM,2.0-20.0,1099.3772661415217,5408.201418989233,948.2032886737138,4710.128356100141,0.743891181710298,2.7132056279808254,0.41007257504424466,,,266.39065574664994,17.681282186488158
821,,AM,R1796,00,EHZ,61.1981981981982,-149.91291617029023,2026-09-10T00:59:59.996000Z,2026-09-10T01:00:59.996000Z,100.0,100.0,60.0,,traffic,1,Traffic,timeofday:America/Anchorage:day7-19:night1-5,AM,2.0-20.0,1794.2166393484583,10720.79750013994,1637.4906518446637,9580.662658411098,0.8329288382773676,3.3257461859157447,3.0658602626651064,,,266.39065574664994,35.964709916562384
822,,AM,R1796,00,EHZ,61.1981981981982,-149.91291617029023,2026-09-10T01:00:59.996000Z,2026-09-10T01:01:59.996000Z,100.0,100.0,60.0,,traffic,1,Traffic,timeofday:America/Anchorage:day7-19:night1-5,AM,2.0-20.0,1839.0739783629313,16337.203047536384,1692.5316626641882,14819.125774609114,0.8469839971308949,5.22887558916306,8.254920240981908,,,266.39065574664994,55.629300258575135
823,,AM,R1796,00,EHZ,61.1981981981982,-149.91291617029023,2026-09-10T01:01:59.996000Z,2026-09-10T01:02:59.996000Z,100.0,100.0,60.0,,traffic,1,Traffic,timeofday:America/Anchorage:day7-19:night1-5,AM,2.0-20.0,1179.732648311537,6043.204291280731,1045.7161278240376,5522.409378653887,0.7857066255492897,2.6268277616593783,0.9557152613272977,,,266.39065574664994,20.73049207816793
824,,AM,R1796,00,EHZ,61.1981981981982,-149.91291617029023,2026-09-10T01:02:59.996000Z,2026-09-10T01:03:59.996000Z,100.0,100.0,60.0,,traffic,1,Traffic,timeofday:America/Anchorage:day7-19:night1-5,AM,2.0-20.0,1463.9903344689906,8896.793796365944,1236.000681104124,7770.510303622797,0.7127890202909576,3.8399984947089165,1.5399790149412604,,,266.39065574664994,29.169605374645418
825,,AM,R1796,00,EHZ,61.1981981981982,-149.91291617029023,2026-09-10T01:03:59.996000Z,2026-09-10T01:04:59.996000Z,100.0,100.0,60.0,,traffic,1,Traffic,timeofday:America/Anchorage:day7-19:night1-5,AM,2.0-20.0,1522.3018162239584,8705.792621457289,1366.439608948817,9145.570387424048,0.8057111129100208,2.7009048614318267,2.0344544684346877,,,266.39065574664994,34.331423381914405
826,,AM,R1796,00,EHZ,61.1981981981982,-149.91291617029023,2026-09-10T01:04:59.996000Z,2026-09-10T01:05:59.996000Z,100.0,100.0,60.0,,traffic,1,Traffic,timeofday:America/Anchorage:day7-19:night1-5,AM,2.0-20.0,1577.6630182158722,7422.20850135441,1324.6751607150807,6311.902021065141,0.7050019120324218,2.0831032348135086,0.6714536298291289,,,266.39065574664994,23.69415700176832
827,,AM,R1796,00,EHZ,61.1981981981982,-149.91291617029023,2026-09-10T01:05:59.996000Z,2026-09-10T01:06:59.996000Z,100.0,100.0,60.0,,traffic,1,Traffic,timeofday:America/Anchorage:day7-19:night1-5,AM,2.0-20.0,1831.750369054854,12132.209142504338,1699.960231393462,12161.805008842053,0.8612811610764309,5.3889461681538675,4.613099601177124,,,266.39065574664994,45.654022566048646
828,,AM,R1796,00,EHZ,61.1981981981982,-149.91291617029023,2026-09-10T01:06:59.996000Z,2026-09-10T01:07:59.996000Z,100.0,100.0,60.0,,traffic,1,Traffic,timeofday:America/Anchorage:day7-19:night1-5,AM,2.0-20.0,1257.5878446033628,6676.789161617423,1128.6497333867414,5564.136092848732,0.805455784276211,2.6351544732206644,0.48979866601987077,,,266.39065574664994,20.88712938242281
829,,AM,R1796,00,EHZ,61.1981981981982,-149.91291617029023,2026-09-10T01:07:59.996000Z,2026-09-10T01:08:59.996000Z,100.0,100.0,60.0,,traffic,1,Traffic,timeofday:America/Anchorage:day7-19:night1-5,AM,2.0-20.0,1433.1701484646576,6411.211052224605,1233.2728653616648,7900.336380334192,0.740496218558319,2.5102394909474377,0.6035370094876096,,,266.39065574664994,29.656957591815022
830,,AM,R1796,00,EHZ,61.1981981981982,-149.91291617029023,2026-09-10T01:08:59.996000Z,2026-09-10T01:09:59.996000Z,100.0,100.0,60.0,,traffic,1,Traffic,timeofday:America/Anchorage:day7-19:night1-5,AM,2.0-20.0,1281.2900595657911,7413.212447934086,1128.8048475993753,6119.206297145964,0.7761449175616085,2.0151736867753938,0.4690759189869551,,,266.39065574664994,22.97079933226193
831,,AM,R1796,00,EHZ,61.1981981981982,-149.91291617029023,2026-09-10T01:09:59.996000Z,2026-09-10T01:10:59.996000Z,100.0,100.0,60.0,,traffic,1,Traffic,timeofday:America/Anchorage:day7-19:night1-5,AM,2.0-20.0,1188.9334954064784,6457.785793934635,1095.7378769181155,7164.359577190219,0.8493725548832516,2.852881259676205,1.9944815075371354,,,266.39065574664994,26.894184997254044
832,,AM,R1796,00,EHZ,61.1981981981982,-149.91291617029023,2026-09-10T01:10:59.996000Z,2026-09-10T01:11:59.996000Z,100.0,100.0,60.0,,traffic,1,Traffic,timeofday:America/Anchorage:day7-19:night1-5,AM,2.0-20.0,1554.4232754858713,10994.21440580172,1474.9348466372217,10784.584952167366,0.9003411321783229,2.86042726653144,2.20486685301577,,,266.39065574664994,40.48409626809138
833,,AM,R1796,00,EHZ,61.1981981981982,-149.91291617029023,2026-09-10T01:11:59.996000Z,2026-09-10T01:12:59.996000Z,100.0,100.0,60.0,,traffic,1,Traffic,timeofday:America/Anchorage:day7-19:night1-5,AM,2.0-20.0,890.692286656416,3871.783756887146,795.5138028238883,3545.743831563024,0.7977008523533257,2.428428946051494,0.5402824750887132,,,266.39065574664994,13.310316090573362
834,,AM,R1796,00,EHZ,61.1981981981982,-149.91291617029023,2026-09-10T01:12:59.996000Z,2026-09-10T01:13:59.996000Z,100.0,100.0,60.0,,traffic,1,Traffic,timeofday:America/Anchorage:day7-19:night1-5,AM,2.0-20.0,1195.991711255193,7007.216754678652,1076.0714973694226,7045.4900992342145,0.8095168939844815,2.8974903523828823,1.9621812112832053,,,266.39065574664994,26.44796259646137
835,,AM,R1796,00,EHZ,61.1981981981982,-149.91291617029023,2026-09-10T01:13:59.996000Z,2026-09-10T01:14:59.996000Z,100.0,100.0,60.0,,traffic,1,Traffic,timeofday:America/Anchorage:day7-19:night1-5,AM,2.0-20.0,1655.0726882718463,13079.781807859066,1480.5032031219212,14272.163252225006,0.800174226144025,4.45305144208054,6.582792017418003,,,266.39065574664994,53.57606561770134
836,,AM,R1796,00,EHZ,61.1981981981982,-149.91291617029023,2026-09-10T01:14:59.996000Z,2026-09-10T01:15:59.996000Z,100.0,100.0,60.0,,traffic,1,Traffic,timeofday:America/Anchorage:day7-19:night1-5,AM,2.0-20.0,1033.7599370455341,4195.780421741444,901.9111231938537,3994.2068089280824,0.7611812671474768,2.70727271758122,0.6785847827750575,,,266.39065574664994,14.993794725017537
837,,AM,R1796,00,EHZ,61.1981981981982,-149.91291617029023,2026-09-10T01:15:59.996000Z,2026-09-10T01:16:59.996000Z,100.0,100.0,60.0,,traffic,1,Traffic,timeofday:America/Anchorage:day7-19:night1-5,AM,2.0-20.0,1333.833653345693,5928.7791700979205,1185.4279909559584,5098.917136218344,0.7898543498571903,2.7475202312734908,0.5252123887741988,,,266.39065574664994,19.14075072163062
838,,AM,R1796,00,EHZ,61.1981981981982,-149.91291617029023,2026-09-10T01:16:59.996000Z,2026-09-10T01:17:59.996000Z,100.0,100.0,60.0,,traffic,1,Traffic,timeofday:America/Anchorage:day7-19:night1-5,AM,2.0-20.0,1967.5023991233247,14044.221133080047,1867.1303891993668,13062.075461065415,0.9005726507759227,4.304195864717468,4.3124094685802365,,,266.39065574664994,49.0335346953313
839,,AM,R1796,00,EHZ,61.1981981981982,-149.91291617029023,2026-09-10T01:17:59.996000Z,2026-09-10T01:18:59.996000Z,100.0,100.0,60.0,,traffic,1,Traffic,timeofday:America/Anchorage:day7-19:night1-5,AM,2.0-20.0,1817.4319961684082,19497.777256992293,1712.005104040664,19708.48819548211,0.8873475836799246,6.73487495647183,12.206353479056782,,,266.39065574664994,73.98340658850215
840,,AM,R1796,00,EHZ,61.1981981981982,-149.91291617029023,2026-09-10T01:18:59.996000Z,2026-09-10T01:19:59.996000Z,100.0,100.0,60.0,,traffic,1,Traffic,timeofday:America/Anchorage:day7-19:night1-5,AM,2.0-20.0,1381.8665572068674,8385.223554178034,1283.861482078707,7134.893445365602,0.8631854794068757,3.505043783482801,1.4465633970998937,,,266.39065574664994,26.78357251446245
841,,AM,R1796,00,EHZ,61.1981981981982,-149.91291617029023,2026-09-10T01:19:59.996000Z,2026-09-10T01:20:59.996000Z,100.0,100.0,60.0,,traffic,1,Traffic,timeofday:America/Anchorage:day7-19:night1-5,AM,2.0-20.0,1000.6932299382196,6220.774457486076,862.1886968036947,5549.721394963712,0.7423397678486962,2.6058416285634998,0.9292236332741748,,,266.39065574664994,20.833018258124483
842,,AM,R1796,00,EHZ,61.1981981981982,-149.91291617029023,2026-09-10T01:20:59.996000Z,2026-09-10T01:21:59.996000Z,100.0,100.0,60.0,,traffic,1,Traffic,timeofday:America/Anchorage:day7-19:night1-5,AM,2.0-20.0,1505.6022847733573,8058.226304972654,1418.9693526471694,7891.836952186545,0.8882301296574411,3.6751666056031302,2.046166782747176,,,266.39065574664994,29.625051712369572
843,,AM,R1796,00,EHZ,61.1981981981982,-149.91291617029023,2026-09-10T01:21:59.996000Z,2026-09-10T01:22:59.996000Z,100.0,100.0,60.0,,traffic,1,Traffic,timeofday:America/Anchorage:day7-19:night1-5,AM,2.0-20.0,1098.8138722211065,4519.227147175466,1015.1406404289402,5500.4058865359475,0.8535012516172141,1.8793302339336142,0.8626602416448588,,,266.39065574664994,20.647893489804282
844,,AM,R1796,00,EHZ,61.1981981981982,-149.91291617029023,2026-09-10T01:22:59.996000Z,2026-09-10T01:23:59.996000Z,100.0,100.0,60.0,,traffic,1,Traffic,timeofday:America/Anchorage:day7-19:night1-5,AM,2.0-20.0,991.0094756855799,6099.228672845232,903.9644495257521,6720.950309290776,0.8320455231735346,2.788794558202154,1.6233204187476051,,,266.39065574664994,25.22967740911572
845,,AM,R1796,00,EHZ,61.1981981981982,-149.91291617029023,2026-09-10T01:23:59.996000Z,2026-09-10T01:24:59.996000Z,100.0,100.0,60.0,,traffic,1,Traffic,timeofday:America/Anchorage:day7-19:night1-5,AM,2.0-20.0,1096.9910362904636,5402.770258696938,1005.9962632686381,5139.02405295801,0.8409817615696025,2.597549115790161,0.6417148686605167,,,266.39065574664994,19.291307491826828
846,,AM,R1796,00,EHZ,61.1981981981982,-149.91291617029023,2026-09-10T01:24:59.996000Z,2026-09-10T01:25:59.996000Z,100.0,100.0,60.0,,traffic,1,Traffic,timeofday:America/Anchorage:day7-19:night1-5,AM,2.0-20.0,930.3716779405627,4259.230318695344,846.4647310651598,3957.6408002541057,0.8277606408809306,2.8201205215837106,0.7294476788951858,,,266.39065574664994,14.856530118000867
847,,AM,R1796,00,EHZ,61.1981981981982,-149.91291617029023,2026-09-10T01:25:59.996000Z,2026-09-10T01:26:59.996000Z,100.0,100.0,60.0,,traffic,1,Traffic,timeofday:America/Anchorage:day7-19:night1-5,AM,2.0-20.0,1347.7222453765257,6342.768564135228,1226.6654011577752,5740.458600042688,0.8284216459483714,3.141545377552712,0.7385512380658752,,,266.39065574664994,21.54902387230179
848,,AM,R1796,00,EHZ,61.1981981981982,-149.91291617029023,2026-09-10T01:26:59.996000Z,2026-09-10T01:27:59.996000Z,100.0,100.0,60.0,,traffic,1,Traffic,timeofday:America/Anchorage:day7-19:night1-5,AM,2.0-20.0,1121.560226253053,7208.766648584619,1046.8053196001629,6231.459397656117,0.8711373665626784,2.8720868233636003,1.5375325251746244,,,266.39065574664994,23.392184610193418
849,,AM,R1796,00,EHZ,61.1981981981982,-149.91291617029023,2026-09-10T01:27:59.996000Z,2026-09-10T01:28:59.996000Z,100.0,100.0,60.0,,traffic,1,Traffic,timeofday:America/Anchorage:day7-19:night1-5,AM,2.0-20.0,1091.1829387967184,5265.765479506309,990.4544472131187,5832.118646394776,0.8238988160934432,2.4789529897692932,0.8397908177306803,,,266.39065574664994,21.893105184370263
850,,AM,R1796,00,EHZ,61.1981981981982,-149.91291617029023,2026-09-10T01:28:59.996000Z,2026-09-10T01:29:59.996000Z,100.0,100.0,60.0,,traffic,1,Traffic,timeofday:America/Anchorage:day7-19:night1-5,AM,2.0-20.0,992.9406240564507,5187.764345221995,894.5771953456685,4649.268698658245,0.8116879286098959,2.842066493390596,0.707443364165091,,,266.39065574664994,17.452822005438204
851,,AM,R1796,00,EHZ,61.1981981981982,-149.91291617029023,2026-09-10T01:29:59.996000Z,2026-09-10T01:30:59.996000Z,100.0,100.0,60.0,,traffic,1,Traffic,timeofday:America/Anchorage:day7-19:night1-5,AM,2.0-20.0,1257.7354006311414,8060.2362139269435,1163.562200223559,8427.247123177634,0.8558558797780493,3.590724061218395,3.6215692732439155,,,266.39065574664994,31.634920149723058
852,,AM,R1796,00,EHZ,61.1981981981982,-149.91291617029023,2026-09-10T01:30:59.996000Z,2026-09-10T01:31:59.996000Z,100.0,100.0,60.0,,traffic,1,Traffic,timeofday:America/Anchorage:day7-19:night1-5,AM,2.0-20.0,951.9668244635191,4660.237239315448,857.5370594182897,3990.480796991131,0.8114507534565312,2.6496680152617524,0.7053123687750831,,,266.39065574664994,14.979807703113527
853,,AM,R1796,00,EHZ,61.1981981981982,-149.91291617029023,2026-09-10T01:31:59.996000Z,2026-09-10T01:32:59.996000Z,100.0,100.0,60.0,,traffic,1,Traffic,timeofday:America/Anchorage:day7-19:night1-5,AM,2.0-20.0,1094.5812312954222,6419.7611703167595,998.0293388335806,5606.937706320656,0.8313628666147878,2.833217249292023,1.0814083927139304,,,266.39065574664994,21.047801735407408
854,,AM,R1796,00,EHZ,61.1981981981982,-149.91291617029023,2026-09-10T01:32:59.996000Z,2026-09-10T01:33:59.996000Z,100.0,100.0,60.0,,traffic,1,Traffic,timeofday:America/Anchorage:day7-19:night1-5,AM,2.0-20.0,1229.775403295904,7305.239323946081,1099.6718299362308,6800.698958978395,0.7996033315960087,2.7742283736991062,1.8960303970567312,,,266.39065574664994,25.529044702852417
855,,AM,R1796,00,EHZ,61.1981981981982,-149.91291617029023,2026-09-10T01:33:59.996000Z,2026-09-10T01:34:59.996000Z,100.0,100.0,60.0,,traffic,1,Traffic,timeofday:America/Anchorage:day7-19:night1-5,AM,2.0-20.0,1318.8994842711068,8482.240632200379,1226.2700139542953,8354.13623539064,0.8644677982187188,2.7191173250029266,1.9916468619289676,,,266.39065574664994,31.360470253640646
856,,AM,R1796,00,EHZ,61.1981981981982,-149.91291617029023,2026-09-10T01:34:59.996000Z,2026-09-10T01:35:59.996000Z,100.0,100.0,60.0,,traffic,1,Traffic,timeofday:America/Anchorage:day7-19:night1-5,AM,2.0-20.0,1869.6074614808504,11619.757859997042,1747.804435954068,14482.869658469359,0.8739464231838003,4.612192755807386,5.163388055618396,,,266.39065574664994,54.36703332508498
857,,AM,R1796,00,EHZ,61.1981981981982,-149.91291617029023,2026-09-10T01:35:59.996000Z,2026-09-10T01:36:59.996000Z,100.0,100.0,60.0,,traffic,1,Traffic,timeofday:America/Anchorage:day7-19:night1-5,AM,2.0-20.0,1406.9353480672432,8415.24277663907,1317.415620956805,7625.342691271155,0.8767935276379798,4.654062316627056,2.4366511037800933,,,266.39065574664994,28.62466279043667
858,,AM,R1796,00,EHZ,61.1981981981982,-149.91291617029023,2026-09-10T01:36:59.996000Z,2026-09-10T01:37:59.996000Z,100.0,100.0,60.0,,traffic,1,Traffic,timeofday:America/Anchorage:day7-19:night1-5,AM,2.0-20.0,1325.2759339555444,9307.243739022228,1245.7082247285157,8779.390242899071,0.8835274369814268,4.50177045835885,4.674280997474122,,,266.39065574664994,32.95682507440758
859,,AM,R1796,00,EHZ,61.1981981981982,-149.91291617029023,2026-09-10T01:37:59.996000Z,2026-09-10T01:38:59.996000Z,100.0,100.0,60.0,,traffic,1,Traffic,timeofday:America/Anchorage:day7-19:night1-5,AM,2.0-20.0,1372.1655487383339,10853.245074547498,1290.7198803786523,11939.659362476847,0.8848119435804036,4.107758266955926,4.2653745894801025,,,266.39065574664994,44.820113261900694
860,,AM,R1796,00,EHZ,61.1981981981982,-149.91291617029023,2026-09-10T01:38:59.996000Z,2026-09-10T01:39:59.996000Z,100.0,100.0,60.0,,traffic,1,Traffic,timeofday:America/Anchorage:day7-19:night1-5,AM,2.0-20.0,1269.1846243989146,9289.24670742039,1119.745680175668,9358.741958915389,0.7783755524838577,3.998444385512687,2.7869033112012422,,,266.39065574664994,35.131645037189266
861,,AM,R1796,00,EHZ,61.1981981981982,-149.91291617029023,2026-09-10T01:39:59.996000Z,2026-09-10T01:40:59.996000Z,100.0,100.0,60.0,,traffic,1,Traffic,timeofday:America/Anchorage:day7-19:night1-5,AM,2.0-20.0,1751.2343129379883,12247.75191154003,1595.347688935469,11472.090349772534,0.8298931483266913,3.3262466417767413,3.4622476205979495,,,266.39065574664994,43.06491275986434
862,,AM,R1796,00,EHZ,61.1981981981982,-149.91291617029023,2026-09-10T01:40:59.996000Z,2026-09-10T01:41:59.996000Z,100.0,100.0,60.0,,traffic,1,Traffic,timeofday:America/Anchorage:day7-19:night1-5,AM,2.0-20.0,2107.147261024416,13298.75188295253,1994.8079746570443,12347.763640495436,0.8962154273437217,4.464787873985453,1.9641437011831986,,,266.39065574664994,46.35208996309068
863,,AM,R1796,00,EHZ,61.1981981981982,-149.91291617029023,2026-09-10T01:41:59.996000Z,2026-09-10T01:42:59.996000Z,100.0,100.0,60.0,,traffic,1,Traffic,timeofday:America/Anchorage:day7-19:night1-5,AM,2.0-20.0,2010.3005095049111,9177.249267882444,1819.8473289138308,8178.858506376714,0.8194980899850862,3.8757419818013847,0.9957050880522709,,,266.39065574664994,30.702497741344178
864,,AM,R1796,00,EHZ,61.1981981981982,-149.91291617029023,2026-09-10T01:42:59.996000Z,2026-09-10T01:43:59.996000Z,100.0,100.0,60.0,,traffic,1,Traffic,timeofday:America/Anchorage:day7-19:night1-5,AM,2.0-20.0,1562.6141191664483,9277.250729606481,1467.696332342897,9025.103757914665,0.8822038113679228,3.0905532745547566,2.2989690055151577,,,266.39065574664994,33.879205457183765
865,,AM,R1796,00,EHZ,61.1981981981982,-149.91291617029023,2026-09-10T01:43:59.996000Z,2026-09-10T01:44:59.996000Z,100.0,100.0,60.0,,traffic,1,Traffic,timeofday:America/Anchorage:day7-19:night1-5,AM,2.0-20.0,1539.9615751001493,12196.252462911774,1450.5690772538169,13108.606202342924,0.8872725814319478,5.737160283593942,7.001166833766257,,,266.39065574664994,49.20820576683375
866,,AM,R1796,00,EHZ,61.1981981981982,-149.91291617029023,2026-09-10T01:44:59.996000Z,2026-09-10T01:45:59.996000Z,100.0,100.0,60.0,,traffic,1,Traffic,timeofday:America/Anchorage:day7-19:night1-5,AM,2.0-20.0,1468.0312305345433,12669.252649670909,1397.569071499246,12174.593834277872,0.9063083319414968,4.993903950919479,7.6068019120851,,,266.39065574664994,45.702030351456784
867,,AM,R1796,00,EHZ,61.1981981981982,-149.91291617029023,2026-09-10T01:45:59.996000Z,2026-09-10T01:46:59.996000Z,100.0,100.0,60.0,,traffic,1,Traffic,timeofday:America/Anchorage:day7-19:night1-5,AM,2.0-20.0,1158.199711749777,4860.253811978492,1032.2310986830457,4806.022652973676,0.7943044092705565,2.054303940362198,0.44812748774813826,,,266.39065574664994,18.041258389875466
868,,AM,R1796,00,EHZ,61.1981981981982,-149.91291617029023,2026-09-10T01:46:59.996000Z,2026-09-10T01:47:59.996000Z,100.0,100.0,60.0,,traffic,1,Traffic,timeofday:America/Anchorage:day7-19:night1-5,AM,2.0-20.0,1126.300080380527,4911.255398960923,1027.0601508896189,4594.111153893057,0.8315407336553488,3.8145378210113807,0.8040500751336177,,,266.39065574664994,17.24576690205783
869,,AM,R1796,00,EHZ,61.1981981981982,-149.91291617029023,2026-09-10T01:47:59.996000Z,2026-09-10T01:48:59.996000Z,100.0,100.0,60.0,,traffic,1,Traffic,timeofday:America/Anchorage:day7-19:night1-5,AM,2.0-20.0,1639.0545460031717,9547.256370183639,1542.285784410016,8700.942944454397,0.8854068913634702,5.130795231324768,2.4878845170652966,,,266.39065574664994,32.66234290413476
870,,AM,R1796,00,EHZ,61.1981981981982,-149.91291617029023,2026-09-10T01:48:59.996000Z,2026-09-10T01:49:59.996000Z,100.0,100.0,60.0,,traffic,1,Traffic,timeofday:America/Anchorage:day7-19:night1-5,AM,2.0-20.0,1023.2094774991938,4381.742488949402,949.3266654846187,4415.650302572616,0.8607999863664788,2.494092840068482,0.7067227229708584,,,266.39065574664994,16.57584531332851
871,,AM,R1796,00,EHZ,61.1981981981982,-149.91291617029023,2026-09-10T01:49:59.996000Z,2026-09-10T01:50:59.996000Z,100.0,100.0,60.0,,traffic,1,Traffic,timeofday:America/Anchorage:day7-19:night1-5,AM,2.0-20.0,1445.0738323932444,18793.25899308681,1380.6972446273824,18860.52131767421,0.912886621855383,7.845187234824992,28.39191279912153,,,266.39065574664994,70.80023608490028
872,,AM,R1796,00,EHZ,61.1981981981982,-149.91291617029023,2026-09-10T01:50:59.996000Z,2026-09-10T01:51:59.996000Z,100.0,100.0,60.0,,traffic,1,Traffic,timeofday:America/Anchorage:day7-19:night1-5,AM,2.0-20.0,1106.601426709657,6124.259986126302,1017.4495714361318,5948.889181963828,0.8453631929895575,3.7672069954427374,1.0673643063991198,,,266.39065574664994,22.331448395928355
873,,AM,R1796,00,EHZ,61.1981981981982,-149.91291617029023,2026-09-10T01:51:59.996000Z,2026-09-10T01:52:59.996000Z,100.0,100.0,60.0,,traffic,1,Traffic,timeofday:America/Anchorage:day7-19:night1-5,AM,2.0-20.0,1590.3381547956396,12288.261521764076,1497.2577792194272,12498.370288348637,0.8863682669574413,4.64331400196061,5.64675970635013,,,266.39065574664994,46.91745006339553
874,,AM,R1796,00,EHZ,61.1981981981982,-149.91291617029023,2026-09-10T01:52:59.996000Z,2026-09-10T01:53:59.996000Z,100.0,100.0,60.0,,traffic,1,Traffic,timeofday:America/Anchorage:day7-19:night1-5,AM,2.0-20.0,1157.072718235257,7121.73721662439,1077.344536327322,6613.023651481965,0.8669377602016968,3.125445459340839,1.5949248154600228,,,266.39065574664994,24.82453310138349
875,,AM,R1796,00,EHZ,61.1981981981982,-149.91291617029023,2026-09-10T01:53:59.996000Z,2026-09-10T01:54:59.996000Z,100.0,100.0,60.0,,traffic,1,Traffic,timeofday:America/Anchorage:day7-19:night1-5,AM,2.0-20.0,1750.7338295284562,12503.263206922,1695.212086829352,12626.456329036786,0.9375789170969729,5.09295720241267,6.046180261619973,,,266.39065574664994,47.39827038469826
876,,AM,R1796,00,EHZ,61.1981981981982,-149.91291617029023,2026-09-10T01:54:59.996000Z,2026-09-10T01:55:59.996000Z,100.0,100.0,60.0,,traffic,1,Traffic,timeofday:America/Anchorage:day7-19:night1-5,AM,2.0-20.0,1122.9486386474962,5852.735031937506,1036.0917776651363,5930.87509435683,0.8512883075987849,4.202883891276578,2.224331986149096,,,266.39065574664994,22.263825575013307
877,,AM,R1796,00,EHZ,61.1981981981982,-149.91291617029023,2026-09-10T01:55:59.996000Z,2026-09-10T01:56:59.996000Z,100.0,100.0,60.0,,traffic,1,Traffic,timeofday:America/Anchorage:day7-19:night1-5,AM,2.0-20.0,1213.057595842512,8730.265063040702,1133.6588523682726,8868.068582554202,0.8733773484490199,2.874090834170172,2.8225151215580686,,,266.39065574664994,33.28971340116431
878,,AM,R1796,00,EHZ,61.1981981981982,-149.91291617029023,2026-09-10T01:56:59.996000Z,2026-09-10T01:57:59.996000Z,100.0,100.0,60.0,,traffic,1,Traffic,timeofday:America/Anchorage:day7-19:night1-5,AM,2.0-20.0,1686.0762954176287,15868.266477557749,1614.9948311472263,16820.82762937485,0.9174614562469618,5.117809417612572,9.487493893538144,,,266.39065574664994,63.143459676649655
879,,AM,R1796,00,EHZ,61.1981981981982,-149.91291617029023,2026-09-10T01:57:59.996000Z,2026-09-10T01:58:59.996000Z,100.0,100.0,60.0,,traffic,1,Traffic,timeofday:America/Anchorage:day7-19:night1-5,AM,2.0-20.0,1016.0724949286525,6073.732547081871,943.2244047145558,5796.013380454165,0.8617487611338724,4.45645189768026,2.557663747426975,,,266.39065574664994,21.757570152785114
880,,AM,R1796,00,EHZ,61.1981981981982,-149.91291617029023,2026-09-10T01:58:59.996000Z,2026-09-10T01:59:59.996000Z,100.0,100.0,60.0,,traffic,1,Traffic,timeofday:America/Anchorage:day7-19:night1-5,AM,2.0-20.0,1933.3343793940887,17819.269496924415,1855.2044467826554,17710.015927837114,0.920809106245993,5.83484815275754,9.287161804190161,,,266.39065574664994,66.4813706704494
881,,AM,R1796,00,EHZ,61.1981981981982,-149.91291617029023,2026-09-10T01:59:59.996000Z,2026-09-10T02:00:59.996000Z,100.0,100.0,60.0,,traffic,1,Traffic,timeofday:America/Anchorage:day7-19:night1-5,AM,2.0-20.0,1449.7246128061781,9379.730424083808,1343.3620857127735,9282.819036285196,0.8586479734194488,2.428846960371333,3.4334448652915084,,,266.39065574664994,34.846639084493994
882,,AM,R1796,00,EHZ,61.1981981981982,-149.91291617029023,2026-09-10T02:00:59.996000Z,2026-09-10T02:01:59.996000Z,100.0,100.0,60.0,,traffic,1,Traffic,timeofday:America/Anchorage:day7-19:night1-5,AM,2.0-20.0,1370.1879988977541,10004.728366912224,1285.5963088182823,9585.244116720747,0.8803369181301159,3.3766770744985246,3.3223111590216856,,,266.39065574664994,35.98190818613685
883,,AM,R1796,00,EHZ,61.1981981981982,-149.91291617029023,2026-09-10T02:01:59.996000Z,2026-09-10T02:02:59.996000Z,100.0,100.0,60.0,,traffic,1,Traffic,timeofday:America/Anchorage:day7-19:night1-5,AM,2.0-20.0,1559.17348423253,13363.27244839577,1496.045918024994,13312.105414619378,0.9206635856239531,5.117143511104963,9.242266640970895,,,266.39065574664994,49.972118493825164
884,,AM,R1796,00,EHZ,61.1981981981982,-149.91291617029023,2026-09-10T02:02:59.996000Z,2026-09-10T02:03:59.996000Z,100.0,100.0,60.0,,traffic,1,Traffic,timeofday:America/Anchorage:day7-19:night1-5,AM,2.0-20.0,1357.4307748359302,5863.273654901136,1234.749878622184,5554.873531618812,0.8274134994469124,2.4810903974244,1.0174887802743156,,,266.39065574664994,20.85235878882238
885,,AM,R1796,00,EHZ,61.1981981981982,-149.91291617029023,2026-09-10T02:03:59.996000Z,2026-09-10T02:04:59.996000Z,100.0,100.0,60.0,,traffic,1,Traffic,timeofday:America/Anchorage:day7-19:night1-5,AM,2.0-20.0,1943.569871283714,13978.274713955185,1893.793811046326,14095.402205208491,0.949434632953692,4.3809041249924885,5.630041016555996,,,266.39065574664994,52.912524899574116
886,,AM,R1796,00,EHZ,61.1981981981982,-149.91291617029023,2026-09-10T02:04:59.996000Z,2026-09-10T02:05:59.996000Z,100.0,100.0,60.0,,traffic,1,Traffic,timeofday:America/Anchorage:day7-19:night1-5,AM,2.0-20.0,2501.771999473249,17393.27524940659,2415.480090991334,17185.767244176623,0.9322050893171245,4.028511263899396,5.5282630641294475,,,266.39065574664994,64.51340117770908
887,,AM,R1796,00,EHZ,61.1981981981982,-149.91291617029023,2026-09-10T02:05:59.996000Z,2026-09-10T02:06:59.996000Z,100.0,100.0,60.0,,traffic,1,Traffic,timeofday:America/Anchorage:day7-19:night1-5,AM,2.0-20.0,994.5974857983144,7400.722719376269,896.6125492831405,7078.628923740362,0.8126712802310735,3.7012938382461846,2.8677802344342247,,,266.39065574664994,26.572361946781164
888,,AM,R1796,00,EHZ,61.1981981981982,-149.91291617029023,2026-09-10T02:06:59.996000Z,2026-09-10T02:07:59.996000Z,100.0,100.0,60.0,,traffic,1,Traffic,timeofday:America/Anchorage:day7-19:night1-5,AM,2.0-20.0,1139.3214720016097,7359.721886389164,1079.2653473989355,6553.512601902978,0.8973542037888788,3.5350362537451425,2.201727203176513,,,266.39065574664994,24.601135439734332
889,,AM,R1796,00,EHZ,61.1981981981982,-149.91291617029023,2026-09-10T02:07:59.996000Z,2026-09-10T02:08:59.996000Z,100.0,100.0,60.0,,traffic,1,Traffic,timeofday:America/Anchorage:day7-19:night1-5,AM,2.0-20.0,1018.8931770802477,7461.27955596308,941.6679367148676,7126.267860241936,0.8541580894035129,5.233761373318994,4.712272605637777,,,266.39065574664994,26.751193056183446
890,,AM,R1796,00,EHZ,61.1981981981982,-149.91291617029023,2026-09-10T02:08:59.996000Z,2026-09-10T02:09:59.996000Z,100.0,100.0,60.0,,traffic,1,Traffic,timeofday:America/Anchorage:day7-19:night1-5,AM,2.0-20.0,1191.0704466669943,14628.71978370327,1125.7228737398182,13673.483330203098,0.8932809730567777,8.074220925119933,16.496697515964332,,,266.39065574664994,51.32868978410123
891,,AM,R1796,00,EHZ,61.1981981981982,-149.91291617029023,2026-09-10T02:09:59.996000Z,2026-09-10T02:10:59.996000Z,100.0,100.0,60.0,,traffic,1,Traffic,timeofday:America/Anchorage:day7-19:night1-5,AM,2.0-20.0,1423.224458218194,9928.7185269817,1361.120412088271,9843.223689258575,0.9146317998955117,4.167961840721654,3.3769334872113728,,,266.39065574664994,36.95033394346964
892,,AM,R1796,00,EHZ,61.1981981981982,-149.91291617029023,2026-09-10T02:10:59.996000Z,2026-09-10T02:11:59.996000Z,100.0,100.0,60.0,,traffic,1,Traffic,timeofday:America/Anchorage:day7-19:night1-5,AM,2.0-20.0,1450.1322946327093,6752.282136173079,1365.488135080664,6802.604672655849,0.8866671380489808,3.4863981428242674,1.4085118272737818,,,266.39065574664994,25.536198533650694
893,,AM,R1796,00,EHZ,61.1981981981982,-149.91291617029023,2026-09-10T02:11:59.996000Z,2026-09-10T02:12:59.996000Z,100.0,100.0,60.0,,traffic,1,Traffic,timeofday:America/Anchorage:day7-19:night1-5,AM,2.0-20.0,1118.4615346734383,6155.283865528782,1017.2526602652121,5879.131822915546,0.8272095945947255,3.73705203581511,1.0977591233502277,,,266.39065574664994,22.069587262500967
894,,AM,R1796,00,EHZ,61.1981981981982,-149.91291617029023,2026-09-10T02:12:59.996000Z,2026-09-10T02:13:59.996000Z,100.0,100.0,60.0,,traffic,1,Traffic,timeofday:America/Anchorage:day7-19:night1-5,AM,2.0-20.0,1170.8081487500076,4963.714911603266,1015.9577431093869,4638.788952986941,0.7529737157267383,2.2985638715334016,0.6911323341325528,,,266.39065574664994,17.41348224090355
895,,AM,R1796,00,EHZ,61.1981981981982,-149.91291617029023,2026-09-10T02:13:59.996000Z,2026-09-10T02:14:59.996000Z,100.0,100.0,60.0,,traffic,1,Traffic,timeofday:America/Anchorage:day7-19:night1-5,AM,2.0-20.0,869.8919130836458,5282.714599585745,722.7632762866623,4617.580120149494,0.6903376643417763,1.9830247130173237,1.2641005256504219,,,266.39065574664994,17.333866712430897
896,,AM,R1796,00,EHZ,61.1981981981982,-149.91291617029023,2026-09-10T02:14:59.996000Z,2026-09-10T02:15:59.996000Z,100.0,100.0,60.0,,traffic,1,Traffic,timeofday:America/Anchorage:day7-19:night1-5,AM,2.0-20.0,2232.4136900752947,17156.713313524375,2090.1198978413277,14619.945868231212,0.8765830026410858,5.936929559010217,4.422381937927423,,,266.39065574664994,54.88160171104301
897,,AM,R1796,00,EHZ,61.1981981981982,-149.91291617029023,2026-09-10T02:15:59.996000Z,2026-09-10T02:16:59.996000Z,100.0,100.0,60.0,,traffic,1,Traffic,timeofday:America/Anchorage:day7-19:night1-5,AM,2.0-20.0,1714.6979984118555,8681.712051160534,1346.6393383598345,5628.225115039004,0.6167757815488658,3.5434938097527984,0.733959023130808,,,266.39065574664994,21.127712228734147
898,,AM,R1796,00,EHZ,61.1981981981982,-149.91291617029023,2026-09-10T02:16:59.996000Z,2026-09-10T02:17:59.996000Z,100.0,100.0,60.0,,traffic,1,Traffic,timeofday:America/Anchorage:day7-19:night1-5,AM,2.0-20.0,852.5529505826518,4596.2898485917185,763.9365543561482,3837.364184861356,0.8029192300518251,2.5870819907064595,1.4588420150657724,,,266.39065574664994,14.405025484493233
899,,AM,R1796,00,EHZ,61.1981981981982,-149.91291617029023,2026-09-10T02:17:59.996000Z,2026-09-10T02:18:59.996000Z,100.0,100.0,60.0,,traffic,1,Traffic,timeofday:America/Anchorage:day7-19:night1-5,AM,2.0-20.0,1229.8251738377,6721.709207456536,1133.8546138570835,6529.903020899529,0.8500177331725899,4.08632780963388,1.4387152432515213,,,266.39065574664994,24.512507777711896
900,,AM,R1796,00,EHZ,61.1981981981982,-149.91291617029023,2026-09-10T02:18:59.996000Z,2026-09-10T02:19:59.996000Z,100.0,100.0,60.0,,traffic,1,Traffic,timeofday:America/Anchorage:day7-19:night1-5,AM,2.0-20.0,1319.8955847783013,9414.291556506801,1256.7591598426068,9710.28970029714,0.9066193131228214,5.904645271910044,7.449180324964074,,,266.39065574664994,36.45131497980201
901,,AM,R1796,00,EHZ,61.1981981981982,-149.91291617029023,2026-09-10T02:19:59.996000Z,2026-09-10T02:20:59.996000Z,100.0,100.0,60.0,,traffic,1,Traffic,timeofday:America/Anchorage:day7-19:night1-5,AM,2.0-20.0,984.5199595011294,5309.707832999603,904.4344924406396,4963.060096828054,0.8439275857647589,3.5643909876935878,2.087412873053066,,,266.39065574664994,18.630758961561167
902,,AM,R1796,00,EHZ,61.1981981981982,-149.91291617029023,2026-09-10T02:20:59.996000Z,2026-09-10T02:21:59.996000Z,100.0,100.0,60.0,,traffic,1,Traffic,timeofday:America/Anchorage:day7-19:night1-5,AM,2.0-20.0,1010.9348193186804,6851.294149505943,933.734476747776,6223.742177935968,0.8531010557308732,4.2088536095084015,1.8081456727690197,,,266.39065574664994,23.363215051563373
903,,AM,R1796,00,EHZ,61.1981981981982,-149.91291617029023,2026-09-10T02:21:59.996000Z,2026-09-10T02:22:59.996000Z,100.0,100.0,60.0,,traffic,1,Traffic,timeofday:America/Anchorage:day7-19:night1-5,AM,2.0-20.0,1411.4094013348356,9615.705408140102,1357.736679862804,9246.21330104547,0.9253906130273866,3.2641968697589565,3.446881304486297,,,266.39065574664994,34.70922534850117
904,,AM,R1796,00,EHZ,61.1981981981982,-149.91291617029023,2026-09-10T02:22:59.996000Z,2026-09-10T02:23:59.996000Z,100.0,100.0,60.0,,traffic,1,Traffic,timeofday:America/Anchorage:day7-19:night1-5,AM,2.0-20.0,1013.5733346390489,4749.295598252761,835.0429804885326,5078.999800862706,0.6787460360424827,2.585160739707011,1.4971808923910093,,,266.39065574664994,19.06598332673153
905,,AM,R1796,00,EHZ,61.1981981981982,-149.91291617029023,2026-09-10T02:23:59.996000Z,2026-09-10T02:24:59.996000Z,100.0,100.0,60.0,,traffic,1,Traffic,timeofday:America/Anchorage:day7-19:night1-5,AM,2.0-20.0,796.8931609328042,4956.703091047958,725.5021354580623,5126.059495070525,0.8288523838219504,4.93870448772742,2.7337698496849665,,,266.39065574664994,19.24264002692966
906,,AM,R1796,00,EHZ,61.1981981981982,-149.91291617029023,2026-09-10T02:24:59.996000Z,2026-09-10T02:25:59.996000Z,100.0,100.0,60.0,,traffic,1,Traffic,timeofday:America/Anchorage:day7-19:night1-5,AM,2.0-20.0,889.3777173781414,5171.298199527232,813.3676576160726,4410.162105262338,0.8363755142641689,3.169695389811375,1.4466804920896896,,,266.39065574664994,16.555243249435183
907,,AM,R1796,00,EHZ,61.1981981981982,-149.91291617029023,2026-09-10T02:25:59.996000Z,2026-09-10T02:26:59.996000Z,100.0,100.0,60.0,,traffic,1,Traffic,timeofday:America/Anchorage:day7-19:night1-5,AM,2.0-20.0,1142.3152236158614,7219.3000223565405,1059.8599629091048,6948.612882755535,0.8608451637298957,6.580945725552607,3.088423837639313,,,266.39065574664994,26.084296625494225
908,,AM,R1796,00,EHZ,61.1981981981982,-149.91291617029023,2026-09-10T02:26:59.996000Z,2026-09-10T02:27:59.996000Z,100.0,100.0,60.0,,traffic,1,Traffic,timeofday:America/Anchorage:day7-19:night1-5,AM,2.0-20.0,1463.6908073893683,12479.300569280565,1400.5405954769533,12564.828065442161,0.915572442816468,6.573543595803251,7.327910014684049,,,266.39065574664994,47.1669249442139
909,,AM,R1796,00,EHZ,61.1981981981982,-149.91291617029023,2026-09-10T02:27:59.996000Z,2026-09-10T02:28:59.996000Z,100.0,100.0,60.0,,traffic,1,Traffic,timeofday:America/Anchorage:day7-19:night1-5,AM,2.0-20.0,1544.26445151618,11647.30220629112,1476.8393355072708,12032.943350857982,0.91458306195096,3.3436000991843917,5.84254022474474,,,266.39065574664994,45.17029066628327
910,,AM,R1796,00,EHZ,61.1981981981982,-149.91291617029023,2026-09-10T02:28:59.996000Z,2026-09-10T02:29:59.996000Z,100.0,100.0,60.0,,traffic,1,Traffic,timeofday:America/Anchorage:day7-19:night1-5,AM,2.0-20.0,808.3587312987128,3841.3023571278004,716.5295934188016,3328.8446096977414,0.7857058679281552,2.7960044289872417,0.485061431380275,,,266.39065574664994,12.496101262889752
911,,AM,R1796,00,EHZ,61.1981981981982,-149.91291617029023,2026-09-10T02:29:59.996000Z,2026-09-10T02:30:59.996000Z,100.0,100.0,60.0,,traffic,1,Traffic,timeofday:America/Anchorage:day7-19:night1-5,AM,2.0-20.0,769.8231365553563,3383.3045047637765,665.7982944413233,3057.561774903468,0.7480031689748953,2.26185723936501,0.8534428584414719,,,266.39065574664994,11.477736583265719
912,,AM,R1796,00,EHZ,61.1981981981982,-149.91291617029023,2026-09-10T02:30:59.996000Z,2026-09-10T02:31:59.996000Z,100.0,100.0,60.0,,traffic,1,Traffic,timeofday:America/Anchorage:day7-19:night1-5,AM,2.0-20.0,1162.5141720466768,7544.694840356772,1098.7911936176197,6636.819972917917,0.8933750678421841,4.7263449492383645,2.9543541745650614,,,266.39065574664994,24.91386176559378
913,,AM,R1796,00,EHZ,61.1981981981982,-149.91291617029023,2026-09-10T02:31:59.996000Z,2026-09-10T02:32:59.996000Z,100.0,100.0,60.0,,traffic,1,Traffic,timeofday:America/Anchorage:day7-19:night1-5,AM,2.0-20.0,909.9760825166458,7281.694062099686,817.9787845739938,6363.588125885474,0.8080237467442752,6.234958490112498,5.593062176028766,,,266.39065574664994,23.88818071733547
914,,AM,R1796,00,EHZ,61.1981981981982,-149.91291617029023,2026-09-10T02:32:59.996000Z,2026-09-10T02:33:59.996000Z,100.0,100.0,60.0,,traffic,1,Traffic,timeofday:America/Anchorage:day7-19:night1-5,AM,2.0-20.0,1174.144453497964,7901.692408914622,1104.5860369149698,8500.28110858932,0.8850260137859723,4.2006550287509405,3.83475839580003,,,266.39065574664994,31.909081363099645
915,,AM,R1796,00,EHZ,61.1981981981982,-149.91291617029023,2026-09-10T02:33:59.996000Z,2026-09-10T02:34:59.996000Z,100.0,100.0,60.0,,traffic,1,Traffic,timeofday:America/Anchorage:day7-19:night1-5,AM,2.0-20.0,1070.1410941071824,7832.69153868854,991.2503850960419,7724.964963620908,0.857994798437389,3.9864787923832705,3.439920580675259,,,266.39065574664994,28.99863338662942
916,,AM,R1796,00,EHZ,61.1981981981982,-149.91291617029023,2026-09-10T02:34:59.996000Z,2026-09-10T02:35:59.996000Z,100.0,100.0,60.0,,traffic,1,Traffic,timeofday:America/Anchorage:day7-19:night1-5,AM,2.0-20.0,980.3533558481645,5421.690010385714,882.0074555031946,4875.720960221771,0.809429880887775,3.519213688040805,2.2643497050642996,,,266.39065574664994,18.3028978496108
917,,AM,R1796,00,EHZ,61.1981981981982,-149.91291617029023,2026-09-10T02:35:59.996000Z,2026-09-10T02:36:59.996000Z,100.0,100.0,60.0,,traffic,1,Traffic,timeofday:America/Anchorage:day7-19:night1-5,AM,2.0-20.0,955.3068386220273,5834.311018952377,871.5024836305296,5892.7231813070175,0.832245556115485,3.234620871160721,2.022377422377563,,,266.39065574664994,22.120607664674527
918,,AM,R1796,00,EHZ,61.1981981981982,-149.91291617029023,2026-09-10T02:36:59.996000Z,2026-09-10T02:37:59.996000Z,100.0,100.0,60.0,,traffic,1,Traffic,timeofday:America/Anchorage:day7-19:night1-5,AM,2.0-20.0,937.3809851394938,13522.311392282567,882.5442083591082,13031.640015304762,0.8864222717959056,6.245466763964004,42.99215404174841,,,266.39065574664994,48.91928351908283
919,,AM,R1796,00,EHZ,61.1981981981982,-149.91291617029023,2026-09-10T02:37:59.996000Z,2026-09-10T02:38:59.996000Z,100.0,100.0,60.0,,traffic,1,Traffic,timeofday:America/Anchorage:day7-19:night1-5,AM,2.0-20.0,1308.1055503112027,6842.313509074135,1206.9257661417103,5974.475668523834,0.8512860979620968,3.4137139498221734,1.984947090643864,,,266.39065574664994,22.42749713490642
920,,AM,R1796,00,EHZ,61.1981981981982,-149.91291617029023,2026-09-10T02:38:59.996000Z,2026-09-10T02:39:59.996000Z,100.0,100.0,60.0,,traffic,1,Traffic,timeofday:America/Anchorage:day7-19:night1-5,AM,2.0-20.0,1229.0115533280064,9559.68566019567,1116.4200259004722,8722.522644291714,0.8251697622643637,5.4499906279101005,2.480684408204967,,,266.39065574664994,32.74335062483289
921,,AM,R1796,00,EHZ,61.1981981981982,-149.91291617029023,2026-09-10T02:39:59.996000Z,2026-09-10T02:40:59.996000Z,100.0,100.0,60.0,,traffic,1,Traffic,timeofday:America/Anchorage:day7-19:night1-5,AM,2.0-20.0,1023.4205335704156,8892.315136492833,922.7566176067818,8842.473996805002,0.8129542098363436,5.80514407207387,8.273089355477667,,,266.39065574664994,33.193634258757974
922,,AM,R1796,00,EHZ,61.1981981981982,-149.91291617029023,2026-09-10T02:40:59.996000Z,2026-09-10T02:41:59.996000Z,100.0,100.0,60.0,,traffic,1,Traffic,timeofday:America/Anchorage:day7-19:night1-5,AM,2.0-20.0,1067.6285951132613,5042.68308318296,956.5984435852091,4581.65437459969,0.8028214087025687,2.3644098913012526,0.8339220785337433,,,266.39065574664994,17.199005579824313
923,,AM,R1796,00,EHZ,61.1981981981982,-149.91291617029023,2026-09-10T02:41:59.996000Z,2026-09-10T02:42:59.996000Z,100.0,100.0,60.0,,traffic,1,Traffic,timeofday:America/Anchorage:day7-19:night1-5,AM,2.0-20.0,1365.025724338109,10939.682934038961,1294.9522056895228,11137.413693355262,0.8999653891271933,4.6252309568848355,8.634681273838721,,,266.39065574664994,41.808574937206004
924,,AM,R1796,00,EHZ,61.1981981981982,-149.91291617029023,2026-09-10T02:42:59.996000Z,2026-09-10T02:43:59.996000Z,100.0,100.0,60.0,,traffic,1,Traffic,timeofday:America/Anchorage:day7-19:night1-5,AM,2.0-20.0,864.1017445942274,4090.681821947574,740.5497041417133,3548.6894684400295,0.7344777798418416,3.5259708638149414,1.3024693403685577,,,266.39065574664994,13.3213736739137
925,,AM,R1796,00,EHZ,61.1981981981982,-149.91291617029023,2026-09-10T02:43:59.996000Z,2026-09-10T02:44:59.996000Z,100.0,100.0,60.0,,traffic,1,Traffic,timeofday:America/Anchorage:day7-19:night1-5,AM,2.0-20.0,1081.5353761559918,5843.319751305332,974.5892021557181,6130.7456362610865,0.8120106622367803,3.5237837370572405,2.4803186820293526,,,266.39065574664994,23.0141166891819
926,,AM,R1796,00,EHZ,61.1981981981982,-149.91291617029023,2026-09-10T02:44:59.996000Z,2026-09-10T02:45:59.996000Z,100.0,100.0,60.0,,traffic,1,Traffic,timeofday:America/Anchorage:day7-19:night1-5,AM,2.0-20.0,925.166988678611,7009.321184253794,862.1480012782616,6958.975027338727,0.8684071593150292,6.494038194533954,5.7683690812450905,,,266.39065574664994,26.123194929018233
927,,AM,R1796,00,EHZ,61.1981981981982,-149.91291617029023,2026-09-10T02:45:59.996000Z,2026-09-10T02:46:59.996000Z,100.0,100.0,60.0,,traffic,1,Traffic,timeofday:America/Anchorage:day7-19:night1-5,AM,2.0-20.0,1058.401803864038,8307.678196789204,955.9612217127426,7928.17595412215,0.8157919368124066,3.89539710912227,4.211468061634969,,,266.39065574664994,29.76146416209966
928,,AM,R1796,00,EHZ,61.1981981981982,-149.91291617029023,2026-09-10T02:46:59.996000Z,2026-09-10T02:47:59.996000Z,100.0,100.0,60.0,,traffic,1,Traffic,timeofday:America/Anchorage:day7-19:night1-5,AM,2.0-20.0,1579.1899402507815,10468.323469185003,1508.7052331587934,10633.4679022938,0.9127252305170585,4.523674763731403,4.879050585695972,,,266.39065574664994,39.91682017708132
929,,AM,R1796,00,EHZ,61.1981981981982,-149.91291617029023,2026-09-10T02:47:59.996000Z,2026-09-10T02:48:59.996000Z,100.0,100.0,60.0,,traffic,1,Traffic,timeofday:America/Anchorage:day7-19:night1-5,AM,2.0-20.0,812.6384015515574,4687.324548363148,677.3832698483639,3893.08937441089,0.6948231020968542,2.7253287836043287,0.7831296457070227,,,266.39065574664994,14.614211461356216
930,,AM,R1796,00,EHZ,61.1981981981982,-149.91291617029023,2026-09-10T02:48:59.996000Z,2026-09-10T02:49:59.996000Z,100.0,100.0,60.0,,traffic,1,Traffic,timeofday:America/Anchorage:day7-19:night1-5,AM,2.0-20.0,1469.9658243343013,16593.32548403956,1408.7315629202162,15430.072991215333,0.9184214424673305,6.343973458062193,17.724896091856564,,,266.39065574664994,57.922726110521154
931,,AM,R1796,00,EHZ,61.1981981981982,-149.91291617029023,2026-09-10T02:49:59.996000Z,2026-09-10T02:50:59.996000Z,100.0,100.0,60.0,,traffic,1,Traffic,timeofday:America/Anchorage:day7-19:night1-5,AM,2.0-20.0,1340.3564437793568,13176.326293705284,1274.0785149097585,13139.235296843008,0.9035491281954016,4.456165607535629,8.942399700118962,,,266.39065574664994,49.32318387826275
932,,AM,R1796,00,EHZ,61.1981981981982,-149.91291617029023,2026-09-10T02:50:59.996000Z,2026-09-10T02:51:59.996000Z,100.0,100.0,60.0,,traffic,1,Traffic,timeofday:America/Anchorage:day7-19:night1-5,AM,2.0-20.0,909.5545605550635,3643.6723480122914,779.3786410996047,3011.357840005967,0.7342424474270948,2.1383208211748586,0.12013036000312516,,,266.39065574664994,11.304292305470016
933,,AM,R1796,00,EHZ,61.1981981981982,-149.91291617029023,2026-09-10T02:51:59.996000Z,2026-09-10T02:52:59.996000Z,100.0,100.0,60.0,,traffic,1,Traffic,timeofday:America/Anchorage:day7-19:night1-5,AM,2.0-20.0,1451.825435166032,13183.328944067502,1373.2756637440925,13455.441381448452,0.8947189716816609,6.381787920720196,12.814248049658893,,,266.39065574664994,50.51018529060273
934,,AM,R1796,00,EHZ,61.1981981981982,-149.91291617029023,2026-09-10T02:52:59.996000Z,2026-09-10T02:53:59.996000Z,100.0,100.0,60.0,,traffic,1,Traffic,timeofday:America/Anchorage:day7-19:night1-5,AM,2.0-20.0,956.8720396174724,7490.670630317275,845.6838857362865,8363.871109152027,0.7811031366465861,3.225245910669967,7.150603246271361,,,266.39065574664994,31.39701385436906
935,,AM,R1796,00,EHZ,61.1981981981982,-149.91291617029023,2026-09-10T02:53:59.996000Z,2026-09-10T02:54:59.996000Z,100.0,100.0,60.0,,traffic,1,Traffic,timeofday:America/Anchorage:day7-19:night1-5,AM,2.0-20.0,735.3427693686381,4963.331481396247,646.6431692901107,4728.903297830113,0.7733030729096441,3.6734926232451177,2.3077887917537296,,,266.39065574664994,17.751761166606094
936,,AM,R1796,00,EHZ,61.1981981981982,-149.91291617029023,2026-09-10T02:54:59.996000Z,2026-09-10T02:55:59.996000Z,100.0,100.0,60.0,,traffic,1,Traffic,timeofday:America/Anchorage:day7-19:night1-5,AM,2.0-20.0,894.1561542670687,4411.332047503988,817.3727250656825,4481.29855956499,0.835629076351686,3.5579395429541476,0.671617455353712,,,266.39065574664994,16.822281348437823
937,,AM,R1796,00,EHZ,61.1981981981982,-149.91291617029023,2026-09-10T02:55:59.996000Z,2026-09-10T02:56:59.996000Z,100.0,100.0,60.0,,traffic,1,Traffic,timeofday:America/Anchorage:day7-19:night1-5,AM,2.0-20.0,1293.2466315053803,9049.333213761163,1216.1849570174693,9035.175042858958,0.8843751744678948,4.867368054966031,4.196464247936834,,,266.39065574664994,33.91701190694855
938,,AM,R1796,00,EHZ,61.1981981981982,-149.91291617029023,2026-09-10T02:56:59.996000Z,2026-09-10T02:57:59.996000Z,100.0,100.0,60.0,,traffic,1,Traffic,timeofday:America/Anchorage:day7-19:night1-5,AM,2.0-20.0,867.9769749133807,4248.666120827146,733.7052494096903,3435.298725341325,0.714540489715878,3.0042849212080447,0.741263571265752,,,266.39065574664994,12.895717816050034
939,,AM,R1796,00,EHZ,61.1981981981982,-149.91291617029023,2026-09-10T02:57:59.996000Z,2026-09-10T02:58:59.996000Z,100.0,100.0,60.0,,traffic,1,Traffic,timeofday:America/Anchorage:day7-19:night1-5,AM,2.0-20.0,972.7079958485128,4465.664531399735,871.6188253227085,4473.703137952177,0.8029494990423963,2.5106880535696168,1.3903505868976298,,,266.39065574664994,16.793769005947713
940,,AM,R1796,00,EHZ,61.1981981981982,-149.91291617029023,2026-09-10T02:58:59.996000Z,2026-09-10T02:59:59.996000Z,100.0,100.0,60.0,,traffic,1,Traffic,timeofday:America/Anchorage:day7-19:night1-5,AM,2.0-20.0,766.2914457031559,4091.663644058763,670.552011114399,3208.096837152276,0.7657323300503899,2.179264485538013,0.8871480488802961,,,266.39065574664994,12.042827959413588
941,,AM,R1796,00,EHZ,61.1981981981982,-149.91291617029023,2026-09-10T02:59:59.996000Z,2026-09-10T03:00:59.996000Z,100.0,100.0,60.0,,traffic,1,Traffic,timeofday:America/Anchorage:day7-19:night1-5,AM,2.0-20.0,1281.8801569293908,7939.337686952692,1200.3270485715786,8664.72046055736,0.8768076610516485,3.8944751727537845,3.33839958593856,,,266.39065574664994,32.52636784977142
942,,AM,R3130,00,EHZ,61.1981981981982,-149.90658980942584,2026-09-09T09:00:59.995000Z,2026-09-09T09:01:59.995000Z,100.0,100.0,60.0,,noise,0,Noise,timeofday:America/Anchorage:day7-19:night1-5,AM,2.0-20.0,201.0375281497749,809.9421242775895,175.07440089495663,663.7055223104795,0.7583872555307537,1.761682807310143,0.13159647176460965,,,231.98600683757178,2.860972225687656
943,,AM,R3130,00,EHZ,61.1981981981982,-149.90658980942584,2026-09-09T09:01:59.995000Z,2026-09-09T09:02:59.995000Z,100.0,100.0,60.0,,noise,0,Noise,timeofday:America/Anchorage:day7-19:night1-5,AM,2.0-20.0,312.443936344161,2963.0583303189383,286.9661992468328,2538.557439442973,0.8435625483160104,4.074410973970396,6.273490000804443,,,231.98600683757178,10.942717942554093
944,,AM,R3130,00,EHZ,61.1981981981982,-149.90658980942584,2026-09-09T09:02:59.995000Z,2026-09-09T09:03:59.995000Z,100.0,100.0,60.0,,noise,0,Noise,timeofday:America/Anchorage:day7-19:night1-5,AM,2.0-20.0,245.15030507112544,1178.059112371315,214.33948102141505,1227.2007588416018,0.7644330820833529,2.873801871578354,0.8487175307496972,,,231.98600683757178,5.289977510155789
945,,AM,R3130,00,EHZ,61.1981981981982,-149.90658980942584,2026-09-09T09:03:59.995000Z,2026-09-09T09:04:59.995000Z,100.0,100.0,60.0,,noise,0,Noise,timeofday:America/Anchorage:day7-19:night1-5,AM,2.0-20.0,269.0731693059923,1043.9406867037285,230.8027718877444,917.0835895791997,0.7357686043186641,1.9761848681515461,0.05993028782490395,,,231.98600683757178,3.95318494456137
946,,AM,R3130,00,EHZ,61.1981981981982,-149.90658980942584,2026-09-09T09:04:59.995000Z,2026-09-09T09:05:59.995000Z,100.0,100.0,60.0,,noise,0,Noise,timeofday:America/Anchorage:day7-19:night1-5,AM,2.0-20.0,233.0027618967408,900.9397404152712,201.6674332716016,910.1197190604211,0.7491165704054837,2.140571758251994,0.3009695865038795,,,231.98600683757178,3.92316645071465
947,,AM,R3130,00,EHZ,61.1981981981982,-149.90658980942584,2026-09-09T09:05:59.995000Z,2026-09-09T09:06:59.995000Z,100.0,100.0,60.0,,noise,0,Noise,timeofday:America/Anchorage:day7-19:night1-5,AM,2.0-20.0,271.44059564733834,1596.060792030785,240.01792670462302,1615.409148434293,0.7818757805684072,2.571044905493168,0.725342732200748,,,231.98600683757178,6.963390466759248
948,,AM,R3130,00,EHZ,61.1981981981982,-149.90658980942584,2026-09-09T09:06:59.995000Z,2026-09-09T09:07:59.995000Z,100.0,100.0,60.0,,noise,0,Noise,timeofday:America/Anchorage:day7-19:night1-5,AM,2.0-20.0,273.93417808753725,1362.9388066274566,235.10252288014644,1143.709551528903,0.736583754461003,3.039450628808926,0.5670166983194389,,,231.98600683757178,4.930079909214899
949,,AM,R3130,00,EHZ,61.1981981981982,-149.90658980942584,2026-09-09T09:07:59.995000Z,2026-09-09T09:08:59.995000Z,100.0,100.0,60.0,,noise,0,Noise,timeofday:America/Anchorage:day7-19:night1-5,AM,2.0-20.0,311.32383728152774,2615.0622240149282,278.977834187216,2287.788552321118,0.802998339344395,3.4220645208011606,3.7106298486238343,,,231.98600683757178,9.861752368206178
950,,AM,R3130,00,EHZ,61.1981981981982,-149.90658980942584,2026-09-09T09:08:59.995000Z,2026-09-09T09:09:59.995000Z,100.0,100.0,60.0,,noise,0,Noise,timeofday:America/Anchorage:day7-19:night1-5,AM,2.0-20.0,268.9746839893499,1893.0625549262388,236.44906382912893,1682.9325127460138,0.7727737936192087,3.1268280912548247,1.4621171612659065,,,231.98600683757178,7.25445700664326
951,,AM,R3130,00,EHZ,61.1981981981982,-149.90658980942584,2026-09-09T09:09:59.995000Z,2026-09-09T09:10:59.995000Z,100.0,100.0,60.0,,traffic,1,Traffic,timeofday:America/Anchorage:day7-19:night1-5+burst>=20x,AM,2.0-20.0,296.8516446943014,5075.936498277148,268.22482250117685,4877.585868838414,0.8164301120022982,7.074808512386719,46.42122626897933,,,231.98600683757178,21.025345172019463
952,,AM,R3130,00,EHZ,61.1981981981982,-149.90658980942584,2026-09-09T09:10:59.995000Z,2026-09-09T09:11:59.995000Z,100.0,100.0,60.0,,noise,0,Noise,timeofday:America/Anchorage:day7-19:night1-5,AM,2.0-20.0,246.83282531496667,1380.063566766845,220.67017067267975,1384.3911704605518,0.799247770017129,1.8097926923822316,1.022686016502873,,,231.98600683757178,5.967563256648719
953,,AM,R3130,00,EHZ,61.1981981981982,-149.90658980942584,2026-09-09T09:11:59.995000Z,2026-09-09T09:12:59.995000Z,100.0,100.0,60.0,,noise,0,Noise,timeofday:America/Anchorage:day7-19:night1-5,AM,2.0-20.0,285.92959516252495,1321.9356315659495,248.4371570117298,1228.8540038501606,0.7549442519191838,2.702626788122218,0.4905233709586221,,,231.98600683757178,5.297103996063693
954,,AM,R3130,00,EHZ,61.1981981981982,-149.90658980942584,2026-09-09T09:12:59.995000Z,2026-09-09T09:13:59.995000Z,100.0,100.0,60.0,,noise,0,Noise,timeofday:America/Anchorage:day7-19:night1-5,AM,2.0-20.0,266.5299284280448,1605.934977162409,229.19656303455008,1370.2212359869704,0.7394762603060641,2.2659157928158313,0.6279282564378179,,,231.98600683757178,5.9064822687617955
955,,AM,R3130,00,EHZ,61.1981981981982,-149.90658980942584,2026-09-09T09:13:59.995000Z,2026-09-09T09:14:59.995000Z,100.0,100.0,60.0,,noise,0,Noise,timeofday:America/Anchorage:day7-19:night1-5,AM,2.0-20.0,215.1288393781705,839.0656101645166,186.3902188269706,780.6930687444828,0.7506698410876567,1.936213930960382,0.05222712076862246,,,231.98600683757178,3.3652593076059794
956,,AM,R3130,00,EHZ,61.1981981981982,-149.90658980942584,2026-09-09T09:14:59.995000Z,2026-09-09T09:15:59.995000Z,100.0,100.0,60.0,,noise,0,Noise,timeofday:America/Anchorage:day7-19:night1-5,AM,2.0-20.0,275.92512298229593,2861.0664614277653,253.34967929963756,2539.3532397280796,0.8430595030699559,5.3180416938204385,7.195766818570965,,,231.98600683757178,10.946148323101415
957,,AM,R3130,00,EHZ,61.1981981981982,-149.90658980942584,2026-09-09T09:15:59.995000Z,2026-09-09T09:16:59.995000Z,100.0,100.0,60.0,,noise,0,Noise,timeofday:America/Anchorage:day7-19:night1-5,AM,2.0-20.0,220.2035121792104,966.933064157616,193.35339059734918,831.2114778717672,0.771001283804487,1.8926050370092826,0.32299866930677723,,,231.98600683757178,3.58302420565285
958,,AM,R3130,00,EHZ,61.1981981981982,-149.90658980942584,2026-09-09T09:16:59.995000Z,2026-09-09T09:17:59.995000Z,100.0,100.0,60.0,,noise,0,Noise,timeofday:America/Anchorage:day7-19:night1-5,AM,2.0-20.0,275.5917419070487,1701.0675184942722,253.04737221301585,1624.0202138130803,0.8430848083813589,3.906517719273826,3.6518782184948106,,,231.98600683757178,7.00050936671435
959,,AM,R3130,00,EHZ,61.1981981981982,-149.90658980942584,2026-09-09T09:17:59.995000Z,2026-09-09T09:18:59.995000Z,100.0,100.0,60.0,,noise,0,Noise,timeofday:America/Anchorage:day7-19:night1-5,AM,2.0-20.0,235.535502137354,1777.9318816781613,207.10560250379172,1904.3903503137112,0.7731627817640965,3.6445947644065817,3.438115532366826,,,231.98600683757178,8.209074229408571
960,,AM,R3130,00,EHZ,61.1981981981982,-149.90658980942584,2026-09-09T09:18:59.995000Z,2026-09-09T09:19:59.995000Z,100.0,100.0,60.0,,noise,0,Noise,timeofday:America/Anchorage:day7-19:night1-5,AM,2.0-20.0,300.2709658023833,2614.9310889545045,276.99361753589216,2848.8928160120563,0.8509672429159937,5.657230042224759,7.3792553400493315,,,231.98600683757178,12.28045111361716
961,,AM,R3130,00,EHZ,61.1981981981982,-149.90658980942584,2026-09-09T09:19:59.995000Z,2026-09-09T09:20:59.995000Z,100.0,100.0,60.0,,noise,0,Noise,timeofday:America/Anchorage:day7-19:night1-5,AM,2.0-20.0,269.35599476138816,1417.0690906278926,242.09652102071513,1222.6748912423445,0.8078371216518838,1.7308756844624322,1.5250532723360521,,,231.98600683757178,5.2704682834530505
962,,AM,R3130,00,EHZ,61.1981981981982,-149.90658980942584,2026-09-09T09:20:59.995000Z,2026-09-09T09:21:59.995000Z,100.0,100.0,60.0,,noise,0,Noise,timeofday:America/Anchorage:day7-19:night1-5,AM,2.0-20.0,239.8101989306286,1158.929806876438,207.41428885757557,1036.9269955151105,0.748069666603953,2.1372239450051027,0.5555087097771487,,,231.98600683757178,4.469782508223133
963,,AM,R3130,00,EHZ,61.1981981981982,-149.90658980942584,2026-09-09T09:21:59.995000Z,2026-09-09T09:22:59.995000Z,100.0,100.0,60.0,,noise,0,Noise,timeofday:America/Anchorage:day7-19:night1-5,AM,2.0-20.0,226.0152234152583,1086.0703540058114,200.3157350010964,1017.6099213119317,0.7855154747397833,3.3291103272349782,0.6528678299916488,,,231.98600683757178,4.3865142349918775
964,,AM,R3130,00,EHZ,61.1981981981982,-149.90658980942584,2026-09-09T09:22:59.995000Z,2026-09-09T09:23:59.995000Z,100.0,100.0,60.0,,noise,0,Noise,timeofday:America/Anchorage:day7-19:night1-5,AM,2.0-20.0,356.4439854034234,3547.071402332033,329.6834796697094,3679.689333929042,0.8554837981336451,6.505279754176382,15.0087785449692,,,231.98600683757178,15.861686590887473
965,,AM,R3130,00,EHZ,61.1981981981982,-149.90658980942584,2026-09-09T09:23:59.995000Z,2026-09-09T09:24:59.995000Z,100.0,100.0,60.0,,noise,0,Noise,timeofday:America/Anchorage:day7-19:night1-5,AM,2.0-20.0,241.53965877923633,1010.9281302659053,207.85464434493315,909.0921570059321,0.7405298495993349,2.205933028871329,0.32958558302813623,,,231.98600683757178,3.918737036766384
966,,AM,R3130,00,EHZ,61.1981981981982,-149.90658980942584,2026-09-09T09:24:59.995000Z,2026-09-09T09:25:59.995000Z,100.0,100.0,60.0,,noise,0,Noise,timeofday:America/Anchorage:day7-19:night1-5,AM,2.0-20.0,322.9088362849941,2919.0725839984357,298.3819172217118,2712.7682321567695,0.8538569963275936,4.896653724939365,8.245292528122022,,,231.98600683757178,11.69367182588798
967,,AM,R3130,00,EHZ,61.1981981981982,-149.90658980942584,2026-09-09T09:25:59.995000Z,2026-09-09T09:26:59.995000Z,100.0,100.0,60.0,,noise,0,Noise,timeofday:America/Anchorage:day7-19:night1-5,AM,2.0-20.0,250.97942542866184,1549.0727560601229,223.23789601879577,1642.5868235330668,0.7911513982260094,2.335672078546995,1.6865568533651158,,,231.98600683757178,7.08054268412468
968,,AM,R3130,00,EHZ,61.1981981981982,-149.90658980942584,2026-09-09T09:26:59.995000Z,2026-09-09T09:27:59.995000Z,100.0,100.0,60.0,,noise,0,Noise,timeofday:America/Anchorage:day7-19:night1-5,AM,2.0-20.0,271.8376933259024,1350.9260990639812,231.52002232124812,1402.7283484963104,0.7253669412066743,3.6411228916712437,0.9436282457641325,,,231.98600683757178,6.046607584734411
969,,AM,R3130,00,EHZ,61.1981981981982,-149.90658980942584,2026-09-09T09:27:59.995000Z,2026-09-09T09:28:59.995000Z,100.0,100.0,60.0,,noise,0,Noise,timeofday:America/Anchorage:day7-19:night1-5,AM,2.0-20.0,308.30955170215503,2952.9259912332377,281.98257912889505,3231.50140847643,0.8365089604917907,4.21736971430882,11.694967177097123,,,231.98600683757178,13.929725557710084
970,,AM,R3130,00,EHZ,61.1981981981982,-149.90658980942584,2026-09-09T09:28:59.995000Z,2026-09-09T09:29:59.995000Z,100.0,100.0,60.0,,noise,0,Noise,timeofday:America/Anchorage:day7-19:night1-5,AM,2.0-20.0,360.4236072342039,3024.0749208054917,341.5681948019114,2849.7842198351636,0.8981076405679606,5.06203702584874,10.613355808707135,,,231.98600683757178,12.284293603236508
971,,AM,R3130,00,EHZ,61.1981981981982,-149.90658980942584,2026-09-09T09:29:59.995000Z,2026-09-09T09:30:59.995000Z,100.0,100.0,60.0,,noise,0,Noise,timeofday:America/Anchorage:day7-19:night1-5,AM,2.0-20.0,232.81545862316293,893.0756002103174,206.67890299498396,938.5923745466023,0.7880770284754781,2.5324925982962343,0.28067875185431523,,,231.98600683757178,4.045900816784052
972,,AM,R3130,00,EHZ,61.1981981981982,-149.90658980942584,2026-09-09T09:30:59.995000Z,2026-09-09T09:31:59.995000Z,100.0,100.0,60.0,,noise,0,Noise,timeofday:America/Anchorage:day7-19:night1-5,AM,2.0-20.0,224.72331003375538,1603.9237995555902,200.16345231087723,1457.7740107161608,0.7933655156155701,3.4622202609429635,2.454255432668056,,,231.98600683757178,6.283887681798159
973,,AM,R3130,00,EHZ,61.1981981981982,-149.90658980942584,2026-09-09T09:31:59.995000Z,2026-09-09T09:32:59.995000Z,100.0,100.0,60.0,,noise,0,Noise,timeofday:America/Anchorage:day7-19:night1-5,AM,2.0-20.0,220.80764283396388,829.0768942808702,195.08748231499044,798.4699114491042,0.7806036988766538,1.8761667367386414,0.1416913087627818,,,231.98600683757178,3.441888251510635
974,,AM,R3130,00,EHZ,61.1981981981982,-149.90658980942584,2026-09-09T09:32:59.995000Z,2026-09-09T09:33:59.995000Z,100.0,100.0,60.0,,noise,0,Noise,timeofday:America/Anchorage:day7-19:night1-5,AM,2.0-20.0,226.9906636169832,1290.0774229665715,200.29148598621484,968.9043413580973,0.7785902989642106,2.102739075270112,0.3843980054450671,,,231.98600683757178,4.176563727123805
975,,AM,R3130,00,EHZ,61.1981981981982,-149.90658980942584,2026-09-09T09:33:59.995000Z,2026-09-09T09:34:59.995000Z,100.0,100.0,60.0,,noise,0,Noise,timeofday:America/Anchorage:day7-19:night1-5,AM,2.0-20.0,242.56369725400788,1848.9218338041862,218.77723559386675,1877.1707341121964,0.8134908144105705,4.441835278927611,5.1546824732560435,,,231.98600683757178,8.091741220523373
976,,AM,R3130,00,EHZ,61.1981981981982,-149.90658980942584,2026-09-09T09:34:59.995000Z,2026-09-09T09:35:59.995000Z,100.0,100.0,60.0,,noise,0,Noise,timeofday:America/Anchorage:day7-19:night1-5,AM,2.0-20.0,375.3626253517058,4347.078256952509,355.30663907316716,4370.196206947758,0.8959929431598282,4.724952103819071,21.460174750888708,,,231.98600683757178,18.838188848207604
977,,AM,R3130,00,EHZ,61.1981981981982,-149.90658980942584,2026-09-09T09:35:59.995000Z,2026-09-09T09:36:59.995000Z,100.0,100.0,60.0,,noise,0,Noise,timeofday:America/Anchorage:day7-19:night1-5,AM,2.0-20.0,294.27386541071223,3147.078818566732,275.01466633725806,3155.2448028028416,0.8733902155206191,6.10359185735542,13.302310618444714,,,231.98600683757178,13.60101346548902
978,,AM,R3130,00,EHZ,61.1981981981982,-149.90658980942584,2026-09-09T09:36:59.995000Z,2026-09-09T09:37:59.995000Z,100.0,100.0,60.0,,noise,0,Noise,timeofday:America/Anchorage:day7-19:night1-5,AM,2.0-20.0,240.8085598604683,1059.9202625852465,213.15841395679425,925.9357866515873,0.7835399046315565,2.6251773121531836,0.7996399534684695,,,231.98600683757178,3.991343267957942
979,,AM,R3130,00,EHZ,61.1981981981982,-149.90658980942584,2026-09-09T09:37:59.995000Z,2026-09-09T09:38:59.995000Z,100.0,100.0,60.0,,noise,0,Noise,timeofday:America/Anchorage:day7-19:night1-5,AM,2.0-20.0,220.94553235833072,1138.0800794038698,193.76431716366773,1053.1295573068137,0.7690899845015967,2.7860606460642083,0.5692102114645592,,,231.98600683757178,4.539625349231417
980,,AM,R3130,00,EHZ,61.1981981981982,-149.90658980942584,2026-09-09T09:38:59.995000Z,2026-09-09T09:39:59.995000Z,100.0,100.0,60.0,,noise,0,Noise,timeofday:America/Anchorage:day7-19:night1-5,AM,2.0-20.0,394.39322501847516,4208.081057096379,370.64450733154257,3633.024168769722,0.8831942752401662,4.783400728878966,12.285094743222878,,,231.98600683757178,15.660531504874061
981,,AM,R3130,00,EHZ,61.1981981981982,-149.90658980942584,2026-09-09T09:39:59.995000Z,2026-09-09T09:40:59.995000Z,100.0,100.0,60.0,,noise,0,Noise,timeofday:America/Anchorage:day7-19:night1-5,AM,2.0-20.0,246.8030924571524,1126.9185221502955,206.7858315658056,937.7639095449775,0.7020052549941986,2.0911934920346007,0.13286169208770726,,,231.98600683757178,4.042329631552156
982,,AM,R3130,00,EHZ,61.1981981981982,-149.90658980942584,2026-09-09T09:40:59.995000Z,2026-09-09T09:41:59.995000Z,100.0,100.0,60.0,,noise,0,Noise,timeofday:America/Anchorage:day7-19:night1-5,AM,2.0-20.0,227.93496533000305,860.9177324755763,197.6196501904969,752.510122043837,0.7516892681573566,1.8982549309736378,0.1884335729586759,,,231.98600683757178,3.243773761624844
983,,AM,R3130,00,EHZ,61.1981981981982,-149.90658980942584,2026-09-09T09:41:59.995000Z,2026-09-09T09:42:59.995000Z,100.0,100.0,60.0,,noise,0,Noise,timeofday:America/Anchorage:day7-19:night1-5,AM,2.0-20.0,261.9275109688028,1212.9170206503857,238.3421824389554,1222.5572147893627,0.8280176448048151,3.0383279069149083,1.6087199664028704,,,231.98600683757178,5.269961026767244
984,,AM,R3130,00,EHZ,61.1981981981982,-149.90658980942584,2026-09-09T09:42:59.995000Z,2026-09-09T09:43:59.995000Z,100.0,100.0,60.0,,noise,0,Noise,timeofday:America/Anchorage:day7-19:night1-5,AM,2.0-20.0,250.71394386257472,1195.0832660513372,227.83464504097574,1285.0610624989768,0.8258145907332988,2.7028276663137154,0.8333791948905924,,,231.98600683757178,5.539390414175843
985,,AM,R3130,00,EHZ,61.1981981981982,-149.90658980942584,2026-09-09T09:43:59.995000Z,2026-09-09T09:44:59.995000Z,100.0,100.0,60.0,,noise,0,Noise,timeofday:America/Anchorage:day7-19:night1-5,AM,2.0-20.0,233.50889082866527,1482.083739246382,207.51711447804914,1284.2661207858234,0.7897706642270529,2.319231710697317,1.498775808179193,,,231.98600683757178,5.535963734592924
986,,AM,R3130,00,EHZ,61.1981981981982,-149.90658980942584,2026-09-09T09:44:59.995000Z,2026-09-09T09:45:59.995000Z,100.0,100.0,60.0,,noise,0,Noise,timeofday:America/Anchorage:day7-19:night1-5,AM,2.0-20.0,253.82179336862984,1054.9154411993147,223.34325385063454,1090.423021068405,0.7742618509949527,3.1285418496432222,0.39130764405808494,,,231.98600683757178,4.700382733997744
987,,AM,R3130,00,EHZ,61.1981981981982,-149.90658980942584,2026-09-09T09:45:59.995000Z,2026-09-09T09:46:59.995000Z,100.0,100.0,60.0,,noise,0,Noise,timeofday:America/Anchorage:day7-19:night1-5,AM,2.0-20.0,248.0537293729705,1126.085377033782,213.43684055521433,1019.6636130582854,0.7403673281510214,2.30739936015045,0.769368957780534,,,231.98600683757178,4.395366888539174
988,,AM,R3130,00,EHZ,61.1981981981982,-149.90658980942584,2026-09-09T09:46:59.995000Z,2026-09-09T09:47:59.995000Z,100.0,100.0,60.0,,noise,0,Noise,timeofday:America/Anchorage:day7-19:night1-5,AM,2.0-20.0,238.32905844511137,1100.9141518037993,209.8505998268219,1047.0076445738482,0.7752940220614103,2.3481093156377906,0.7723164397678479,,,231.98600683757178,4.513236202677195
989,,AM,R3130,00,EHZ,61.1981981981982,-149.90658980942584,2026-09-09T09:47:59.995000Z,2026-09-09T09:48:59.995000Z,100.0,100.0,60.0,,noise,0,Noise,timeofday:America/Anchorage:day7-19:night1-5,AM,2.0-20.0,229.82124647686186,1095.0862987274797,203.27173167998757,883.3225975844232,0.7823005261259429,2.15962113554082,0.3596270754551414,,,231.98600683757178,3.8076546496310604
990,,AM,R3130,00,EHZ,61.1981981981982,-149.90658980942584,2026-09-09T09:48:59.995000Z,2026-09-09T09:49:59.995000Z,100.0,100.0,60.0,,noise,0,Noise,timeofday:America/Anchorage:day7-19:night1-5,AM,2.0-20.0,218.68075545922878,878.0871904399612,188.43606903251833,791.5580396219196,0.7425179219890035,1.9745606951897527,0.20202441358569523,,,231.98600683757178,3.412093903474704
991,,AM,R3130,00,EHZ,61.1981981981982,-149.90658980942584,2026-09-09T09:49:59.995000Z,2026-09-09T09:50:59.995000Z,100.0,100.0,60.0,,noise,0,Noise,timeofday:America/Anchorage:day7-19:night1-5,AM,2.0-20.0,262.92151558303345,1727.0876203400987,238.8632841925037,1471.7527807300403,0.8253659424165165,4.0027470493744,1.8880857324376406,,,231.98600683757178,6.344144635243057
992,,AM,R3130,00,EHZ,61.1981981981982,-149.90658980942584,2026-09-09T09:50:59.995000Z,2026-09-09T09:51:59.995000Z,100.0,100.0,60.0,,noise,0,Noise,timeofday:America/Anchorage:day7-19:night1-5,AM,2.0-20.0,230.76920487112756,1183.0884902018645,207.64113439229723,1322.01574072159,0.8096010791485462,3.593428619857684,1.0545920446628845,,,231.98600683757178,5.6986874283638045
993,,AM,R3130,00,EHZ,61.1981981981982,-149.90658980942584,2026-09-09T09:51:59.995000Z,2026-09-09T09:52:59.995000Z,100.0,100.0,60.0,,noise,0,Noise,timeofday:America/Anchorage:day7-19:night1-5,AM,2.0-20.0,272.57610935647483,1859.08864590092,246.4880723533368,1595.232681252127,0.8177418799103391,2.8509694969514063,2.3384402974399814,,,231.98600683757178,6.876417690007704
994,,AM,R3130,00,EHZ,61.1981981981982,-149.90658980942584,2026-09-09T09:52:59.995000Z,2026-09-09T09:53:59.995000Z,100.0,100.0,60.0,,noise,0,Noise,timeofday:America/Anchorage:day7-19:night1-5,AM,2.0-20.0,206.76245268575494,835.9107999039386,178.3710900633071,883.8847580911738,0.7442272748341738,1.8896865139394738,0.12233663616779289,,,231.98600683757178,3.810077901422899
995,,AM,R3130,00,EHZ,61.1981981981982,-149.90658980942584,2026-09-09T09:53:59.995000Z,2026-09-09T09:54:59.995000Z,100.0,100.0,60.0,,noise,0,Noise,timeofday:America/Anchorage:day7-19:night1-5,AM,2.0-20.0,224.15727557561965,1079.9101125718769,199.50761725986433,1058.029090387768,0.7921606851424244,2.411251200662012,0.5817352740925004,,,231.98600683757178,4.56074530016184
996,,AM,R3130,00,EHZ,61.1981981981982,-149.90658980942584,2026-09-09T09:54:59.995000Z,2026-09-09T09:55:59.995000Z,100.0,100.0,60.0,,noise,0,Noise,timeofday:America/Anchorage:day7-19:night1-5,AM,2.0-20.0,262.63041692276454,3338.909128171704,241.27456039555196,3425.291761646856,0.8439816802539365,6.444586633794977,26.246416650341683,,,231.98600683757178,14.765079188785387
997,,AM,R3130,00,EHZ,61.1981981981982,-149.90658980942584,2026-09-09T09:55:59.995000Z,2026-09-09T09:56:59.995000Z,100.0,100.0,60.0,,noise,0,Noise,timeofday:America/Anchorage:day7-19:night1-5,AM,2.0-20.0,236.47452408881807,1103.908827648134,207.84424003348775,935.3212833374084,0.7725156150299284,2.822171104955536,0.3334982078355404,,,231.98600683757178,4.0318004352404175
998,,AM,R3130,00,EHZ,61.1981981981982,-149.90658980942584,2026-09-09T09:56:59.995000Z,2026-09-09T09:57:59.995000Z,100.0,100.0,60.0,,noise,0,Noise,timeofday:America/Anchorage:day7-19:night1-5,AM,2.0-20.0,233.33761289671585,1007.0916526610965,203.9570357177502,882.6814020565878,0.764025548817976,2.3412241616438036,0.16240128831078726,,,231.98600683757178,3.8048907090961284
999,,AM,R3130,00,EHZ,61.1981981981982,-149.90658980942584,2026-09-09T09:57:59.995000Z,2026-09-09T09:58:59.995000Z,100.0,100.0,60.0,,noise,0,Noise,timeofday:America/Anchorage:day7-19:night1-5,AM,2.0-20.0,252.98858327679258,1115.907540488504,214.51552251347897,884.8267756372127,0.7189779990651126,2.154804595894857,0.21482311469985937,,,231.98600683757178,3.8141385668004384
1000,,AM,R3130,00,EHZ,61.1981981981982,-149.90658980942584,2026-09-09T09:58:59.995000Z,2026-09-09T09:59:59.995000Z,100.0,100.0,60.0,,noise,0,Noise,timeofday:America/Anchorage:day7-19:night1-5,AM,2.0-20.0,226.6658852314393,896.0929756965527,193.09443722009462,784.2946439218936,0.7257168445826204,1.6961250530530283,0.09396906694963159,,,231.98600683757178,3.380784274937015
1001,,AM,R3130,00,EHZ,61.1981981981982,-149.90658980942584,2026-09-09T09:59:59.995000Z,2026-09-09T10:00:59.995000Z,100.0,100.0,60.0,,noise,0,Noise,timeofday:America/Anchorage:day7-19:night1-5,AM,2.0-20.0,265.0428379618206,1380.9062919487458,242.67317125297677,1524.5208770692411,0.8383230063601212,2.7723573105464414,1.227849722177747,,,231.98600683757178,6.571607045836414
1002,,AM,R3130,00,EHZ,61.1981981981982,-149.90658980942584,2026-09-09T10:00:59.995000Z,2026-09-09T10:01:59.995000Z,100.0,100.0,60.0,,noise,0,Noise,timeofday:America/Anchorage:day7-19:night1-5,AM,2.0-20.0,285.5587139472551,1997.0944591061036,254.58701344286595,1786.6063470265863,0.7948435566784714,3.977201168454649,3.569255053165885,,,231.98600683757178,7.701353936737673
1003,,AM,R3130,00,EHZ,61.1981981981982,-149.90658980942584,2026-09-09T10:01:59.995000Z,2026-09-09T10:02:59.995000Z,100.0,100.0,60.0,,noise,0,Noise,timeofday:America/Anchorage:day7-19:night1-5,AM,2.0-20.0,456.52703817574195,2640.9051464630625,411.6758920283872,2494.401451505152,0.8131634734388793,3.159971448976405,2.410096434067465,,,231.98600683757178,10.752378927974057
1004,,AM,R3130,00,EHZ,61.1981981981982,-149.90658980942584,2026-09-09T10:02:59.995000Z,2026-09-09T10:03:59.995000Z,100.0,100.0,60.0,,noise,0,Noise,timeofday:America/Anchorage:day7-19:night1-5,AM,2.0-20.0,329.41344121584507,1651.9041480377798,288.556136070414,1702.5795832516992,0.7673226110685635,3.2703240306847077,1.5642006201801184,,,231.98600683757178,7.339147763527754
1005,,AM,R3130,00,EHZ,61.1981981981982,-149.90658980942584,2026-09-09T10:03:59.995000Z,2026-09-09T10:04:59.995000Z,100.0,100.0,60.0,,noise,0,Noise,timeofday:America/Anchorage:day7-19:night1-5,AM,2.0-20.0,612.841909269059,5813.903550446101,542.5048098604559,4529.318777750068,0.7836285894562149,6.478592911143681,13.167484472295342,,,231.98600683757178,19.524103369395608
1006,,AM,R3130,00,EHZ,61.1981981981982,-149.90658980942584,2026-09-09T10:04:59.995000Z,2026-09-09T10:05:59.995000Z,100.0,100.0,60.0,,noise,0,Noise,timeofday:America/Anchorage:day7-19:night1-5,AM,2.0-20.0,659.2994911081943,4026.096509821224,558.9199212229316,3586.08925759734,0.7186769189878458,4.233505780505594,3.2904861755002486,,,231.98600683757178,15.45821365039569
1007,,AM,R3130,00,EHZ,61.1981981981982,-149.90658980942584,2026-09-09T10:05:59.995000Z,2026-09-09T10:06:59.995000Z,100.0,100.0,60.0,,noise,0,Noise,timeofday:America/Anchorage:day7-19:night1-5,AM,2.0-20.0,297.0861607482768,1478.0972185974772,246.8038330412383,1222.0709852289206,0.6901427941370254,4.3225438508933145,1.6067915483787543,,,231.98600683757178,5.267865083278797
1008,,AM,R3130,00,EHZ,61.1981981981982,-149.90658980942584,2026-09-09T10:06:59.995000Z,2026-09-09T10:07:59.995000Z,100.0,100.0,60.0,,noise,0,Noise,timeofday:America/Anchorage:day7-19:night1-5,AM,2.0-20.0,243.69682395057148,1033.9020317705124,215.91050457742156,873.9435855443468,0.7849605058204077,1.9092864143221973,0.3312109726239352,,,231.98600683757178,3.7672254350938092
1009,,AM,R3130,00,EHZ,61.1981981981982,-149.90658980942584,2026-09-09T10:07:59.995000Z,2026-09-09T10:08:59.995000Z,100.0,100.0,60.0,,noise,0,Noise,timeofday:America/Anchorage:day7-19:night1-5,AM,2.0-20.0,264.5162448238725,1281.9011953454226,220.61862583260148,1205.5944223859942,0.6956321619416752,2.874072148795344,1.107711766801235,,,231.98600683757178,5.196841132017536
1010,,AM,R3130,00,EHZ,61.1981981981982,-149.90658980942584,2026-09-09T10:08:59.995000Z,2026-09-09T10:09:59.995000Z,100.0,100.0,60.0,,noise,0,Noise,timeofday:America/Anchorage:day7-19:night1-5,AM,2.0-20.0,316.86836963424605,2008.9006782456834,287.22853011612494,2083.0173256647813,0.8216698905250663,5.573608273471037,4.368208251465214,,,231.98600683757178,8.979064530919034
1011,,AM,R3130,00,EHZ,61.1981981981982,-149.90658980942584,2026-09-09T10:09:59.995000Z,2026-09-09T10:10:59.995000Z,100.0,100.0,60.0,,noise,0,Noise,timeofday:America/Anchorage:day7-19:night1-5,AM,2.0-20.0,295.33013660828607,1587.0995582502076,247.165918493815,1093.3439654202512,0.7004250011404236,1.9480562473964758,0.6624954176837199,,,231.98600683757178,4.71297377080925
1012,,AM,R3130,00,EHZ,61.1981981981982,-149.90658980942584,2026-09-09T10:10:59.995000Z,2026-09-09T10:11:59.995000Z,100.0,100.0,60.0,,noise,0,Noise,timeofday:America/Anchorage:day7-19:night1-5,AM,2.0-20.0,301.9603443900375,1739.8995979056233,247.20277747645497,1614.9590686453535,0.6702037723249541,3.714697317076752,2.68807135424192,,,231.98600683757178,6.961450350650199
1013,,AM,R3130,00,EHZ,61.1981981981982,-149.90658980942584,2026-09-09T10:11:59.995000Z,2026-09-09T10:12:59.995000Z,100.0,100.0,60.0,,noise,0,Noise,timeofday:America/Anchorage:day7-19:night1-5,AM,2.0-20.0,269.73369956389655,2115.10135712312,239.57596857350862,1947.588769923922,0.788889339144686,6.064603345136018,4.335698762955131,,,231.98600683757178,8.395285545337023
1014,,AM,R3130,00,EHZ,61.1981981981982,-149.90658980942584,2026-09-09T10:12:59.995000Z,2026-09-09T10:13:59.995000Z,100.0,100.0,60.0,,noise,0,Noise,timeofday:America/Anchorage:day7-19:night1-5,AM,2.0-20.0,227.4364574498968,1131.8983981488598,199.42647047895855,1178.3527968601918,0.7688567680769576,6.098189912742634,0.6734775387481928,,,231.98600683757178,5.079413249632905
1015,,AM,R3130,00,EHZ,61.1981981981982,-149.90658980942584,2026-09-09T10:13:59.995000Z,2026-09-09T10:14:59.995000Z,100.0,100.0,60.0,,noise,0,Noise,timeofday:America/Anchorage:day7-19:night1-5,AM,2.0-20.0,281.1360215298388,1504.1025820844318,237.09959947445455,1508.466184760311,0.7112604355012566,3.0099262501706563,1.6265062900449312,,,231.98600683757178,6.502401611733783
1016,,AM,R3130,00,EHZ,61.1981981981982,-149.90658980942584,2026-09-09T10:14:59.995000Z,2026-09-09T10:15:59.995000Z,100.0,100.0,60.0,,noise,0,Noise,timeofday:America/Anchorage:day7-19:night1-5,AM,2.0-20.0,560.9815420686251,3077.1031699195123,447.3152420218539,2266.135643511937,0.6358142390038912,4.091245142733968,2.3175504749122133,,,231.98600683757178,9.76841523505598
1017,,AM,R3130,00,EHZ,61.1981981981982,-149.90658980942584,2026-09-09T10:15:59.995000Z,2026-09-09T10:16:59.995000Z,100.0,100.0,60.0,,noise,0,Noise,timeofday:America/Anchorage:day7-19:night1-5,AM,2.0-20.0,324.07794374746874,1781.8967650364955,272.2443390651861,1813.7314669467569,0.7056978052101538,1.5806799464696955,4.4918592057774225,,,231.98600683757178,7.818279609496732
1018,,AM,R3130,00,EHZ,61.1981981981982,-149.90658980942584,2026-09-09T10:16:59.995000Z,2026-09-09T10:17:59.995000Z,100.0,100.0,60.0,,noise,0,Noise,timeofday:America/Anchorage:day7-19:night1-5,AM,2.0-20.0,227.66364614177087,891.8955960739966,194.9938947480969,825.5466795399815,0.7335921132667089,1.8698911748425318,-0.008638600161618104,,,231.98600683757178,3.558605498641129
1019,,AM,R3130,00,EHZ,61.1981981981982,-149.90658980942584,2026-09-09T10:17:59.995000Z,2026-09-09T10:18:59.995000Z,100.0,100.0,60.0,,noise,0,Noise,timeofday:America/Anchorage:day7-19:night1-5,AM,2.0-20.0,323.0544051616558,1910.8954984063764,266.1768387638213,1409.634679221034,0.6788740231264505,2.079459285785388,1.446121772047234,,,231.98600683757178,6.076378047267348
1020,,AM,R3130,00,EHZ,61.1981981981982,-149.90658980942584,2026-09-09T10:18:59.995000Z,2026-09-09T10:19:59.995000Z,100.0,100.0,60.0,,noise,0,Noise,timeofday:America/Anchorage:day7-19:night1-5,AM,2.0-20.0,283.7207734008844,1505.8948704269567,210.2130795334848,926.8161886453554,0.5489555736593349,2.2542751723316603,0.27928474222812927,,,231.98600683757178,3.995138333038676
1021,,AM,R3130,00,EHZ,61.1981981981982,-149.90658980942584,2026-09-09T10:19:59.995000Z,2026-09-09T10:20:59.995000Z,100.0,100.0,60.0,,noise,0,Noise,timeofday:America/Anchorage:day7-19:night1-5,AM,2.0-20.0,238.46282975473864,1116.1057221847916,213.8765027315304,1139.5878027421968,0.8044235223609437,2.7370208258820226,0.9418372176189291,,,231.98600683757178,4.9123126790147085
1022,,AM,R3130,00,EHZ,61.1981981981982,-149.90658980942584,2026-09-09T10:20:59.995000Z,2026-09-09T10:21:59.995000Z,100.0,100.0,60.0,,traffic,1,Traffic,timeofday:America/Anchorage:day7-19:night1-5+burst>=20x,AM,2.0-20.0,354.2897027997011,5255.10630412526,332.48392353264086,5410.260512428151,0.8806923860147942,8.1077022211309,45.53084720079463,,,231.98600683757178,23.321495059899107
1023,,AM,R3130,00,EHZ,61.1981981981982,-149.90658980942584,2026-09-09T10:21:59.995000Z,2026-09-09T10:22:59.995000Z,100.0,100.0,60.0,,noise,0,Noise,timeofday:America/Anchorage:day7-19:night1-5,AM,2.0-20.0,219.7740634848473,1118.107440362501,192.26232457724407,978.57486604298,0.7653066756872638,2.648418991377088,0.4410417559989348,,,231.98600683757178,4.218249537473796
1024,,AM,R3130,00,EHZ,61.1981981981982,-149.90658980942584,2026-09-09T10:22:59.995000Z,2026-09-09T10:23:59.995000Z,100.0,100.0,60.0,,noise,0,Noise,timeofday:America/Anchorage:day7-19:night1-5,AM,2.0-20.0,402.27878661431555,4091.1077285886918,381.00478685473115,3617.30431247996,0.8970292429141109,4.94670038983356,9.340040434556343,,,231.98600683757178,15.592769416530652
1025,,AM,R3130,00,EHZ,61.1981981981982,-149.90658980942584,2026-09-09T10:23:59.995000Z,2026-09-09T10:24:59.995000Z,100.0,100.0,60.0,,noise,0,Noise,timeofday:America/Anchorage:day7-19:night1-5,AM,2.0-20.0,236.20231021057396,1169.8916422123127,209.31499233280095,1159.618361528424,0.7852942006800334,3.3036070336243895,1.2982926317487156,,,231.98600683757178,4.998656502330966
1026,,AM,R3130,00,EHZ,61.1981981981982,-149.90658980942584,2026-09-09T10:24:59.995000Z,2026-09-09T10:25:59.995000Z,100.0,100.0,60.0,,noise,0,Noise,timeofday:America/Anchorage:day7-19:night1-5,AM,2.0-20.0,270.8093294010587,2048.109278566703,238.90922776939277,1904.0228472008407,0.778284901850842,3.6150625046184777,3.1737772933724235,,,231.98600683757178,8.207490068717673
1027,,AM,R3130,00,EHZ,61.1981981981982,-149.90658980942584,2026-09-09T10:25:59.995000Z,2026-09-09T10:26:59.995000Z,100.0,100.0,60.0,,noise,0,Noise,timeofday:America/Anchorage:day7-19:night1-5,AM,2.0-20.0,334.6402197939678,2496.109886524768,244.9499780914706,1913.4357715946203,0.5357948516710858,3.9172057126280957,3.6625243620387655,,,231.98600683757178,8.248065466010365
1028,,AM,R3130,00,EHZ,61.1981981981982,-149.90658980942584,2026-09-09T10:26:59.995000Z,2026-09-09T10:27:59.995000Z,100.0,100.0,60.0,,noise,0,Noise,timeofday:America/Anchorage:day7-19:night1-5,AM,2.0-20.0,547.6950495820907,5004.889686827295,490.1806998940727,4321.150509624629,0.8010041831265728,4.0842962122784074,6.70550557016573,,,231.98600683757178,18.62677222876698
1029,,AM,R3130,00,EHZ,61.1981981981982,-149.90658980942584,2026-09-09T10:27:59.995000Z,2026-09-09T10:28:59.995000Z,100.0,100.0,60.0,,traffic,1,Traffic,timeofday:America/Anchorage:day7-19:night1-5+burst>=20x,AM,2.0-20.0,534.592332566983,7795.111111892606,514.4611475120853,7936.747591472378,0.9261038999223349,6.1122561732530665,45.08259036854041,,,231.98600683757178,34.21218244870003
1030,,AM,R3130,00,EHZ,61.1981981981982,-149.90658980942584,2026-09-09T10:28:59.995000Z,2026-09-09T10:29:59.995000Z,100.0,100.0,60.0,,noise,0,Noise,timeofday:America/Anchorage:day7-19:night1-5,AM,2.0-20.0,535.4293601486252,3849.8888193030466,515.8764128437151,3953.1156096841014,0.9282970679223068,5.026038553509057,7.51883194803265,,,231.98600683757178,17.040319213959876
1031,,AM,R3130,00,EHZ,61.1981981981982,-149.90658980942584,2026-09-09T10:29:59.995000Z,2026-09-09T10:30:59.995000Z,100.0,100.0,60.0,,noise,0,Noise,timeofday:America/Anchorage:day7-19:night1-5,AM,2.0-20.0,219.61670118612108,975.8878193532962,193.51058140971548,871.5155335075016,0.7763878099987014,2.2591807630333993,0.42739787652575467,,,231.98600683757178,3.756759062272688
1032,,AM,R3130,00,EHZ,61.1981981981982,-149.90658980942584,2026-09-09T10:30:59.995000Z,2026-09-09T10:31:59.995000Z,100.0,100.0,60.0,,noise,0,Noise,timeofday:America/Anchorage:day7-19:night1-5,AM,2.0-20.0,204.59252759356437,781.8871791781273,176.98409347400053,628.2576217755068,0.7483227281316632,1.9751181518754288,0.05254878985929379,,,231.98600683757178,2.7081703346675994
1033,,AM,R3130,00,EHZ,61.1981981981982,-149.90658980942584,2026-09-09T10:31:59.995000Z,2026-09-09T10:32:59.995000Z,100.0,100.0,60.0,,noise,0,Noise,timeofday:America/Anchorage:day7-19:night1-5,AM,2.0-20.0,215.92824035773327,1168.113455508954,188.11868325119343,1140.091217886202,0.7590055808104853,2.676268069337215,0.652365437294637,,,231.98600683757178,4.9144827027625535
1034,,AM,R3130,00,EHZ,61.1981981981982,-149.90658980942584,2026-09-09T10:32:59.995000Z,2026-09-09T10:33:59.995000Z,100.0,100.0,60.0,,noise,0,Noise,timeofday:America/Anchorage:day7-19:night1-5,AM,2.0-20.0,284.2473036531546,1929.1139819587663,252.78284404868938,1382.237105198994,0.7908652331322962,3.896189616510765,1.9597932254750017,,,231.98600683757178,5.958277932542657
1035,,AM,R3130,00,EHZ,61.1981981981982,-149.90658980942584,2026-09-09T10:33:59.995000Z,2026-09-09T10:34:59.995000Z,100.0,100.0,60.0,,noise,0,Noise,timeofday:America/Anchorage:day7-19:night1-5,AM,2.0-20.0,221.64717824443645,868.1147624866737,193.25285713299036,819.0920826636913,0.7601992440423354,2.0683037246098985,0.17584205864024582,,,231.98600683757178,3.5307822822140733
1036,,AM,R3130,00,EHZ,61.1981981981982,-149.90658980942584,2026-09-09T10:34:59.995000Z,2026-09-09T10:35:59.995000Z,100.0,100.0,60.0,,noise,0,Noise,timeofday:America/Anchorage:day7-19:night1-5,AM,2.0-20.0,233.43249668845323,1179.114841454146,202.1828793016722,1055.745956710311,0.7501811097037715,1.6981627553628007,0.31119660948778893,,,231.98600683757178,4.550903613119675
1037,,AM,R3130,00,EHZ,61.1981981981982,-149.90658980942584,2026-09-09T10:35:59.995000Z,2026-09-09T10:36:59.995000Z,100.0,100.0,60.0,,noise,0,Noise,timeofday:America/Anchorage:day7-19:night1-5,AM,2.0-20.0,211.3855112504563,751.1155401689068,180.225583773395,657.4930866007089,0.7269130213840314,1.650497845258855,-0.06588467220946725,,,231.98600683757178,2.834192870353003
1038,,AM,R3130,00,EHZ,61.1981981981982,-149.90658980942584,2026-09-09T10:36:59.995000Z,2026-09-09T10:37:59.995000Z,100.0,100.0,60.0,,noise,0,Noise,timeofday:America/Anchorage:day7-19:night1-5,AM,2.0-20.0,239.01521072825125,2183.8835658827225,210.29416071268574,2158.9151390308893,0.7741111937595198,4.846772135865881,7.016707365451033,,,231.98600683757178,9.30623001128893
1039,,AM,R3130,00,EHZ,61.1981981981982,-149.90658980942584,2026-09-09T10:37:59.995000Z,2026-09-09T10:38:59.995000Z,100.0,100.0,60.0,,noise,0,Noise,timeofday:America/Anchorage:day7-19:night1-5,AM,2.0-20.0,225.55430877064515,855.88294572891,194.77099887905106,789.5992953906933,0.745669410349065,1.929568766533814,0.07226553384470957,,,231.98600683757178,3.4036505311440712
1040,,AM,R3130,00,EHZ,61.1981981981982,-149.90658980942584,2026-09-09T10:38:59.995000Z,2026-09-09T10:39:59.995000Z,100.0,100.0,60.0,,noise,0,Noise,timeofday:America/Anchorage:day7-19:night1-5,AM,2.0-20.0,306.76630344541513,1445.1174755325721,270.22251256942394,1464.2833300906914,0.7759393012940958,3.0124296774429937,1.6029396650736203,,,231.98600683757178,6.31194678529007
1041,,AM,R3130,00,EHZ,61.1981981981982,-149.90658980942584,2026-09-09T10:39:59.995000Z,2026-09-09T10:40:59.995000Z,100.0,100.0,60.0,,noise,0,Noise,timeofday:America/Anchorage:day7-19:night1-5,AM,2.0-20.0,232.12340337397896,993.8818095933,206.9899463707178,1086.6593355450652,0.7951712052190828,2.524468196131192,0.3194786236546294,,,231.98600683757178,4.684158973027649
1042,,AM,R3130,00,EHZ,61.1981981981982,-149.90658980942584,2026-09-09T10:40:59.995000Z,2026-09-09T10:41:59.995000Z,100.0,100.0,60.0,,noise,0,Noise,timeofday:America/Anchorage:day7-19:night1-5,AM,2.0-20.0,232.4074255343716,1027.8810328257475,204.38977042071244,884.0377877978847,0.7734251886933043,2.5553891595149554,0.7437813642564759,,,231.98600683757178,3.8107375520147473
1043,,AM,R3130,00,EHZ,61.1981981981982,-149.90658980942584,2026-09-09T10:41:59.995000Z,2026-09-09T10:42:59.995000Z,100.0,100.0,60.0,,noise,0,Noise,timeofday:America/Anchorage:day7-19:night1-5,AM,2.0-20.0,247.7609242114325,1384.8807667551662,224.18689942928236,1484.5954433793945,0.8187566425480034,3.277235833875074,1.5422762751080343,,,231.98600683757178,6.399504278802707
1044,,AM,R3130,00,EHZ,61.1981981981982,-149.90658980942584,2026-09-09T10:42:59.995000Z,2026-09-09T10:43:59.995000Z,100.0,100.0,60.0,,noise,0,Noise,timeofday:America/Anchorage:day7-19:night1-5,AM,2.0-20.0,216.95367579131002,938.1199817589006,189.2924885081565,793.4627199113974,0.7612595185976617,1.697560867702455,0.2199192009247004,,,231.98600683757178,3.4203042275172715
1045,,AM,R3130,00,EHZ,61.1981981981982,-149.90658980942584,2026-09-09T10:43:59.995000Z,2026-09-09T10:44:59.995000Z,100.0,100.0,60.0,,noise,0,Noise,timeofday:America/Anchorage:day7-19:night1-5,AM,2.0-20.0,212.76358562520255,875.1204194846434,182.17335201361843,788.203670172574,0.7331200506725293,2.254460726330575,0.07740652037148577,,,231.98600683757178,3.3976345423474
1046,,AM,R3130,00,EHZ,61.1981981981982,-149.90658980942584,2026-09-09T10:44:59.995000Z,2026-09-09T10:45:59.995000Z,100.0,100.0,60.0,,noise,0,Noise,timeofday:America/Anchorage:day7-19:night1-5,AM,2.0-20.0,230.38072012866004,880.8789435923879,203.85221023076014,799.1405266010382,0.7829582168144293,1.95192827194107,0.0838075065112136,,,231.98600683757178,3.444779008419105
1047,,AM,R3130,00,EHZ,61.1981981981982,-149.90658980942584,2026-09-09T10:45:59.995000Z,2026-09-09T10:46:59.995000Z,100.0,100.0,60.0,,noise,0,Noise,timeofday:America/Anchorage:day7-19:night1-5,AM,2.0-20.0,204.53167575058436,861.1215398674105,175.38804084819353,738.22968968672,0.7353241008880891,2.19490956372375,0.06686384732671291,,,231.98600683757178,3.1822164610281938
1048,,AM,R3130,00,EHZ,61.1981981981982,-149.90658980942584,2026-09-09T10:46:59.995000Z,2026-09-09T10:47:59.995000Z,100.0,100.0,60.0,,noise,0,Noise,timeofday:America/Anchorage:day7-19:night1-5,AM,2.0-20.0,439.37210031675556,2863.1226059790974,413.33999729316963,2561.7406968935043,0.8850135340403349,3.388327481777078,4.099700456065003,,,231.98600683757178,11.042651803938945
1049,,AM,R3130,00,EHZ,61.1981981981982,-149.90658980942584,2026-09-09T10:47:59.995000Z,2026-09-09T10:48:59.995000Z,100.0,100.0,60.0,,noise,0,Noise,timeofday:America/Anchorage:day7-19:night1-5,AM,2.0-20.0,317.81001427363697,1803.877288832571,293.00112285743654,1681.7094398153704,0.8499696405575043,2.7073729249434235,1.9128410363707857,,,231.98600683757178,7.249184822569245
1050,,AM,R3130,00,EHZ,61.1981981981982,-149.90658980942584,2026-09-09T10:48:59.995000Z,2026-09-09T10:49:59.995000Z,100.0,100.0,60.0,,noise,0,Noise,timeofday:America/Anchorage:day7-19:night1-5,AM,2.0-20.0,232.88658254396617,1021.8761791210834,207.26333550695472,1008.5858814822591,0.7920562588663352,2.180894255127446,0.2756834043730314,,,231.98600683757178,4.347615165376912
1051,,AM,R3130,00,EHZ,61.1981981981982,-149.90658980942584,2026-09-09T10:49:59.995000Z,2026-09-09T10:50:59.995000Z,100.0,100.0,60.0,,noise,0,Noise,timeofday:America/Anchorage:day7-19:night1-5,AM,2.0-20.0,240.22346641978686,1174.1242161228004,212.24384847184135,1047.886829332982,0.7806194437612228,1.8982999903513718,0.3103054810875969,,,231.98600683757178,4.517026020740443
1052,,AM,R3130,00,EHZ,61.1981981981982,-149.90658980942584,2026-09-09T10:50:59.995000Z,2026-09-09T10:51:59.995000Z,100.0,100.0,60.0,,noise,0,Noise,timeofday:America/Anchorage:day7-19:night1-5,AM,2.0-20.0,238.35836482935372,1002.8751244937264,205.49752118481084,912.2752683422236,0.7432798856242449,2.255054876847165,0.41515120372731396,,,231.98600683757178,3.9324581718455365
1053,,AM,R3130,00,EHZ,61.1981981981982,-149.90658980942584,2026-09-09T10:51:59.995000Z,2026-09-09T10:52:59.995000Z,100.0,100.0,60.0,,noise,0,Noise,timeofday:America/Anchorage:day7-19:night1-5,AM,2.0-20.0,221.06313483395064,961.8745229384292,195.10676597263364,823.3590746806009,0.7789543587819968,2.644266563812862,0.19038469105796985,,,231.98600683757178,3.549175598582923
1054,,AM,R3130,00,EHZ,61.1981981981982,-149.90658980942584,2026-09-09T10:52:59.995000Z,2026-09-09T10:53:59.995000Z,100.0,100.0,60.0,,noise,0,Noise,timeofday:America/Anchorage:day7-19:night1-5,AM,2.0-20.0,456.8846182455229,3490.873830524804,436.7985076372834,3577.910784901882,0.9140063597761826,6.961964660572006,7.572907613864492,,,231.98600683757178,15.42295948654785
1055,,AM,R3130,00,EHZ,61.1981981981982,-149.90658980942584,2026-09-09T10:56:59.995000Z,2026-09-09T10:57:59.995000Z,100.0,100.0,60.0,,noise,0,Noise,timeofday:America/Anchorage:day7-19:night1-5,AM,2.0-20.0,232.3024780870143,1137.1287310905484,198.23409741155743,856.925977815893,0.7281972426925155,2.4097055327902965,0.3293397387573789,,,231.98600683757178,3.6938692531394
1056,,AM,R3130,00,EHZ,61.1981981981982,-149.90658980942584,2026-09-09T10:57:59.995000Z,2026-09-09T10:58:59.995000Z,100.0,100.0,60.0,,noise,0,Noise,timeofday:America/Anchorage:day7-19:night1-5,AM,2.0-20.0,241.30082424871406,907.8710577197378,211.97517873428956,888.0884357546081,0.7717069463229344,2.2507785301707326,0.2912019752627977,,,231.98600683757178,3.8281982946342774
1057,,AM,R3130,00,EHZ,61.1981981981982,-149.90658980942584,2026-09-09T10:58:59.995000Z,2026-09-09T10:59:59.995000Z,100.0,100.0,60.0,,noise,0,Noise,timeofday:America/Anchorage:day7-19:night1-5,AM,2.0-20.0,242.857291768638,1004.1296767692186,201.75775818972457,905.4666104117642,0.6901733600199647,2.2690336340145585,0.10504628001144978,,,231.98600683757178,3.903108738130655
1058,,AM,R3130,00,EHZ,61.1981981981982,-149.90658980942584,2026-09-09T10:59:59.995000Z,2026-09-09T11:00:59.995000Z,100.0,100.0,60.0,,noise,0,Noise,timeofday:America/Anchorage:day7-19:night1-5,AM,2.0-20.0,232.32989672350098,1079.8695783754372,201.65872553930632,1006.9032585542636,0.7533969151292517,2.692402440237002,0.3533595952849944,,,231.98600683757178,4.340362042867787
1059,,AM,R3130,00,EHZ,61.1981981981982,-149.90658980942584,2026-09-09T11:00:59.995000Z,2026-09-09T11:01:59.995000Z,100.0,100.0,60.0,,noise,0,Noise,timeofday:America/Anchorage:day7-19:night1-5,AM,2.0-20.0,382.82289350557096,2229.131133754647,350.72112693839983,2176.4203063221667,0.8393209295301806,3.864608847835871,3.0398203407525886,,,231.98600683757178,9.381687869846466
1060,,AM,R3130,00,EHZ,61.1981981981982,-149.90658980942584,2026-09-09T11:01:59.995000Z,2026-09-09T11:02:59.995000Z,100.0,100.0,60.0,,noise,0,Noise,timeofday:America/Anchorage:day7-19:night1-5,AM,2.0-20.0,294.3220781323374,1669.1317132559655,268.04153129665565,1552.3173266292297,0.8293894335953734,3.1206433729397243,1.4771911092971113,,,231.98600683757178,6.69142655537886
1061,,AM,R3130,00,EHZ,61.1981981981982,-149.90658980942584,2026-09-09T11:02:59.995000Z,2026-09-09T11:03:59.995000Z,100.0,100.0,60.0,,noise,0,Noise,timeofday:America/Anchorage:day7-19:night1-5,AM,2.0-20.0,237.6780802286634,2063.8680637650973,213.26883371379287,1629.0752254911856,0.8051494972128398,3.5840657478689897,3.415094588159418,,,231.98600683757178,7.022299524435563
1062,,AM,R3130,00,EHZ,61.1981981981982,-149.90658980942584,2026-09-09T11:03:59.995000Z,2026-09-09T11:04:59.995000Z,100.0,100.0,60.0,,noise,0,Noise,timeofday:America/Anchorage:day7-19:night1-5,AM,2.0-20.0,218.3389989702925,954.8675343679786,189.731611334169,1040.185066747614,0.7551213690108751,2.4305854207333666,0.4379029301023092,,,231.98600683757178,4.483826765792447
1063,,AM,R3130,00,EHZ,61.1981981981982,-149.90658980942584,2026-09-09T11:04:59.995000Z,2026-09-09T11:05:59.995000Z,100.0,100.0,60.0,,noise,0,Noise,timeofday:America/Anchorage:day7-19:night1-5,AM,2.0-20.0,256.1359154422488,1359.1334227950194,231.4779528410416,1166.8852890895469,0.8167296204564723,2.29579347665753,0.8670860105593001,,,231.98600683757178,5.029981355326133
1064,,AM,R3130,00,EHZ,61.1981981981982,-149.90658980942584,2026-09-09T11:05:59.995000Z,2026-09-09T11:06:59.995000Z,100.0,100.0,60.0,,noise,0,Noise,timeofday:America/Anchorage:day7-19:night1-5,AM,2.0-20.0,223.5363441687978,835.8658659895771,196.83301002110792,893.5805667957352,0.7753531931636711,2.654531233796698,0.309255979104623,,,231.98600683757178,3.851872701190068
1065,,AM,R3130,00,EHZ,61.1981981981982,-149.90658980942584,2026-09-09T11:06:59.995000Z,2026-09-09T11:07:59.995000Z,100.0,100.0,60.0,,noise,0,Noise,timeofday:America/Anchorage:day7-19:night1-5,AM,2.0-20.0,231.41781246449656,1165.1344863659253,199.71733837736082,826.9783039087627,0.7447970901362251,1.9516440592362725,0.18938263716788883,,,231.98600683757178,3.564776665550276
1066,,AM,R3130,00,EHZ,61.1981981981982,-149.90658980942584,2026-09-09T11:07:59.995000Z,2026-09-09T11:08:59.995000Z,100.0,100.0,60.0,,noise,0,Noise,timeofday:America/Anchorage:day7-19:night1-5,AM,2.0-20.0,232.10757388861526,930.8646114535748,205.21844520350393,908.3811408537053,0.7817252888522209,2.062852005474584,0.33469198849276127,,,231.98600683757178,3.915672127111188
1067,,AM,R3130,00,EHZ,61.1981981981982,-149.90658980942584,2026-09-09T11:08:59.995000Z,2026-09-09T11:09:59.995000Z,100.0,100.0,60.0,,noise,0,Noise,timeofday:America/Anchorage:day7-19:night1-5,AM,2.0-20.0,204.4128441577933,751.1358317602537,176.4236302613569,693.8516679238759,0.744898580517026,1.7355426219148353,0.052973323490251634,,,231.98600683757178,2.9909203463710883
1068,,AM,R3130,00,EHZ,61.1981981981982,-149.90658980942584,2026-09-09T11:09:59.995000Z,2026-09-09T11:10:59.995000Z,100.0,100.0,60.0,,noise,0,Noise,timeofday:America/Anchorage:day7-19:night1-5,AM,2.0-20.0,227.3346500458484,1245.8633819188578,200.29450431794643,1108.8564113032023,0.7762592634487565,2.4383977056423407,0.7596413007933811,,,231.98600683757178,4.7798417948526675
1069,,AM,R3130,00,EHZ,61.1981981981982,-149.90658980942584,2026-09-09T11:10:59.995000Z,2026-09-09T11:11:59.995000Z,100.0,100.0,60.0,,noise,0,Noise,timeofday:America/Anchorage:day7-19:night1-5,AM,2.0-20.0,289.25593069388884,2255.8628427651397,265.91253431156287,2053.0466426896614,0.8451096755856492,4.95712052192661,4.631944258430361,,,231.98600683757178,8.849872760330456
1070,,AM,R3130,00,EHZ,61.1981981981982,-149.90658980942584,2026-09-09T11:11:59.995000Z,2026-09-09T11:12:59.995000Z,100.0,100.0,60.0,,noise,0,Noise,timeofday:America/Anchorage:day7-19:night1-5,AM,2.0-20.0,355.9709518195891,3655.1375623369754,333.6642534761257,3347.8759697244304,0.8785980679456089,6.220497664060643,12.449497638605258,,,231.98600683757178,14.431370302729045
1071,,AM,R3130,00,EHZ,61.1981981981982,-149.90658980942584,2026-09-09T11:12:59.995000Z,2026-09-09T11:13:59.995000Z,100.0,100.0,60.0,,noise,0,Noise,timeofday:America/Anchorage:day7-19:night1-5,AM,2.0-20.0,242.25739194220472,994.1381948897999,218.87811960727686,968.871634807442,0.8163015537232529,2.19459330906737,0.34920815408628414,,,231.98600683757178,4.176422742108798
1072,,AM,R3130,00,EHZ,61.1981981981982,-149.90658980942584,2026-09-09T11:13:59.995000Z,2026-09-09T11:14:59.995000Z,100.0,100.0,60.0,,noise,0,Noise,timeofday:America/Anchorage:day7-19:night1-5,AM,2.0-20.0,207.4227716627408,1172.1386202165306,180.25666848102287,1127.6203308955005,0.7552136203890051,3.488866051925288,0.7936242578784136,,,231.98600683757178,4.860725637150259
1073,,AM,R3130,00,EHZ,61.1981981981982,-149.90658980942584,2026-09-09T11:14:59.995000Z,2026-09-09T11:15:59.995000Z,100.0,100.0,60.0,,noise,0,Noise,timeofday:America/Anchorage:day7-19:night1-5,AM,2.0-20.0,235.60722814106353,968.1396189467071,204.19508231782333,914.9915996224225,0.7511269377655502,2.0135560769791776,0.18030440212274046,,,231.98600683757178,3.9441672025635004
1074,,AM,R3130,00,EHZ,61.1981981981982,-149.90658980942584,2026-09-09T11:15:59.995000Z,2026-09-09T11:16:59.995000Z,100.0,100.0,60.0,,noise,0,Noise,timeofday:America/Anchorage:day7-19:night1-5,AM,2.0-20.0,280.65110172422675,1469.1402970303263,247.73943249524646,1500.7261253727806,0.779214048676113,3.28730251946086,1.1263567837431427,,,231.98600683757178,6.469037274405671
1075,,AM,R3130,00,EHZ,61.1981981981982,-149.90658980942584,2026-09-09T11:16:59.995000Z,2026-09-09T11:17:59.995000Z,100.0,100.0,60.0,,noise,0,Noise,timeofday:America/Anchorage:day7-19:night1-5,AM,2.0-20.0,300.4339485696588,3250.859585280699,270.3099561564946,3182.124014250456,0.8095171851253713,5.714071296150346,18.36193148741933,,,231.98600683757178,13.7168791240002
1076,,AM,R3130,00,EHZ,61.1981981981982,-149.90658980942584,2026-09-09T11:17:59.995000Z,2026-09-09T11:18:59.995000Z,100.0,100.0,60.0,,noise,0,Noise,timeofday:America/Anchorage:day7-19:night1-5,AM,2.0-20.0,238.4353793480442,899.8584626620448,211.62313957518353,871.5804867603053,0.7877436522759617,1.7122274731409484,0.048512414883526755,,,231.98600683757178,3.7570390500775095
1077,,AM,R3130,00,EHZ,61.1981981981982,-149.90658980942584,2026-09-09T11:18:59.995000Z,2026-09-09T11:19:59.995000Z,100.0,100.0,60.0,,noise,0,Noise,timeofday:America/Anchorage:day7-19:night1-5,AM,2.0-20.0,535.8913770799647,3007.8577943350224,511.2437348801647,2638.013626880853,0.910127967140528,5.262907135542106,1.9701106699445763,,,231.98600683757178,11.37143426382564
1078,,AM,R3130,00,EHZ,61.1981981981982,-149.90658980942584,2026-09-09T11:19:59.995000Z,2026-09-09T11:20:59.995000Z,100.0,100.0,60.0,,noise,0,Noise,timeofday:America/Anchorage:day7-19:night1-5,AM,2.0-20.0,260.76000744989176,1294.142230462998,233.5632314572344,1247.2010012516316,0.8022818753920078,2.1973270795869606,1.0357247880022191,,,231.98600683757178,5.376190651554586
1079,,AM,R3130,00,EHZ,61.1981981981982,-149.90658980942584,2026-09-09T11:20:59.995000Z,2026-09-09T11:21:59.995000Z,100.0,100.0,60.0,,noise,0,Noise,timeofday:America/Anchorage:day7-19:night1-5,AM,2.0-20.0,269.83252526212516,1930.1431622181883,244.07253589564294,1605.4399571026793,0.8181807011459382,3.967395214973921,1.4975197980576258,,,231.98600683757178,6.920417222521315
1080,,AM,R3130,00,EHZ,61.1981981981982,-149.90658980942584,2026-09-09T11:21:59.995000Z,2026-09-09T11:22:59.995000Z,100.0,100.0,60.0,,noise,0,Noise,timeofday:America/Anchorage:day7-19:night1-5,AM,2.0-20.0,338.9085298262095,2273.143609802161,318.9257662907821,2237.244585470104,0.8855523019752569,4.27642107260576,4.673121699356428,,,231.98600683757178,9.643877300912127
1081,,AM,R3130,00,EHZ,61.1981981981982,-149.90658980942584,2026-09-09T11:22:59.995000Z,2026-09-09T11:23:59.995000Z,100.0,100.0,60.0,,noise,0,Noise,timeofday:America/Anchorage:day7-19:night1-5,AM,2.0-20.0,396.5919951836462,3845.8556789824356,372.0062770964809,3250.0257872897664,0.879858122914286,5.412375261887413,4.9990817836711905,,,231.98600683757178,14.009576834370518
1082,,AM,R3130,00,EHZ,61.1981981981982,-149.90658980942584,2026-09-09T11:23:59.995000Z,2026-09-09T11:24:59.995000Z,100.0,100.0,60.0,,noise,0,Noise,timeofday:America/Anchorage:day7-19:night1-5,AM,2.0-20.0,241.95458714741227,1000.8553286595577,199.16501036258234,825.7823737107,0.6775765481584222,1.625704070290931,0.04276706327086632,,,231.98600683757178,3.5596214830702393
1083,,AM,R3130,00,EHZ,61.1981981981982,-149.90658980942584,2026-09-09T11:24:59.995000Z,2026-09-09T11:25:59.995000Z,100.0,100.0,60.0,,noise,0,Noise,timeofday:America/Anchorage:day7-19:night1-5,AM,2.0-20.0,345.90434838709615,3258.145664277638,320.26681286738466,2969.171119797087,0.8572585645253892,4.4962992807673405,9.943444599938344,,,231.98600683757178,12.79892335004496
1084,,AM,R3130,00,EHZ,61.1981981981982,-149.90658980942584,2026-09-09T11:25:59.995000Z,2026-09-09T11:26:59.995000Z,100.0,100.0,60.0,,noise,0,Noise,timeofday:America/Anchorage:day7-19:night1-5,AM,2.0-20.0,222.65143688393266,960.8535931029071,196.40508478419366,807.4646913554018,0.778134103941696,2.192436277651197,0.1346329966547044,,,231.98600683757178,3.4806611931587725
1085,,AM,R3130,00,EHZ,61.1981981981982,-149.90658980942584,2026-09-09T11:26:59.995000Z,2026-09-09T11:27:59.995000Z,100.0,100.0,60.0,,noise,0,Noise,timeofday:America/Anchorage:day7-19:night1-5,AM,2.0-20.0,233.49832125670326,1014.1466772361857,207.7049521591926,1039.1721246799925,0.7912726911626476,2.1582128616756893,0.5831009518518306,,,231.98600683757178,4.479460372830087
1086,,AM,R3130,00,EHZ,61.1981981981982,-149.90658980942584,2026-09-09T11:27:59.995000Z,2026-09-09T11:28:59.995000Z,100.0,100.0,60.0,,noise,0,Noise,timeofday:America/Anchorage:day7-19:night1-5,AM,2.0-20.0,211.7468973970443,961.1474661994873,183.19999268531032,676.8251213086086,0.7485430679038957,1.7273192350607358,0.011922256093503947,,,231.98600683757178,2.9175256324080663
1087,,AM,R3130,00,EHZ,61.1981981981982,-149.90658980942584,2026-09-09T11:28:59.995000Z,2026-09-09T11:29:59.995000Z,100.0,100.0,60.0,,noise,0,Noise,timeofday:America/Anchorage:day7-19:night1-5,AM,2.0-20.0,220.10420568493467,1224.1482251815726,195.094937377613,1112.5133455849252,0.7856612210356356,3.2369897840223993,1.2568523961278233,,,231.98600683757178,4.795605393405762
1088,,AM,R3130,00,EHZ,61.1981981981982,-149.90658980942584,2026-09-09T11:29:59.995000Z,2026-09-09T11:30:59.995000Z,100.0,100.0,60.0,,noise,0,Noise,timeofday:America/Anchorage:day7-19:night1-5,AM,2.0-20.0,261.1960259339174,1458.1489280632143,227.64098437715452,1683.7109619931002,0.7595699589922572,3.6807546302004956,1.0382222470616709,,,231.98600683757178,7.257812593722404
1089,,AM,R3130,00,EHZ,61.1981981981982,-149.90658980942584,2026-09-09T11:30:59.995000Z,2026-09-09T11:31:59.995000Z,100.0,100.0,60.0,,noise,0,Noise,timeofday:America/Anchorage:day7-19:night1-5,AM,2.0-20.0,314.1673629538203,2304.851044089826,289.3235020493601,1866.6325675007513,0.8480965434565454,4.572662938352877,3.55619594021113,,,231.98600683757178,8.04631534869989
1090,,AM,R3130,00,EHZ,61.1981981981982,-149.90658980942584,2026-09-09T11:31:59.995000Z,2026-09-09T11:32:59.995000Z,100.0,100.0,60.0,,noise,0,Noise,timeofday:America/Anchorage:day7-19:night1-5,AM,2.0-20.0,250.53616892374276,979.8499844825399,224.61087021530437,872.5510556251429,0.8037494276244116,2.2074602463673063,0.10748150649746657,,,231.98600683757178,3.7612227889075727
1091,,AM,R3130,00,EHZ,61.1981981981982,-149.90658980942584,2026-09-09T11:32:59.995000Z,2026-09-09T11:33:59.995000Z,100.0,100.0,60.0,,noise,0,Noise,timeofday:America/Anchorage:day7-19:night1-5,AM,2.0-20.0,224.9789640076336,996.1504186885816,194.59840931697275,670.0307402492864,0.7481604505977836,1.7525809173284368,-0.05623325357398912,,,231.98600683757178,2.8882377406427695
1092,,AM,R3130,00,EHZ,61.1981981981982,-149.90658980942584,2026-09-09T11:33:59.995000Z,2026-09-09T11:34:59.995000Z,100.0,100.0,60.0,,noise,0,Noise,timeofday:America/Anchorage:day7-19:night1-5,AM,2.0-20.0,375.5385760799543,3090.1510925036896,332.85790603306833,2566.211735454588,0.785612966872763,3.7611131836098357,4.1485380256234965,,,231.98600683757178,11.061924684325279
1093,,AM,R3130,00,EHZ,61.1981981981982,-149.90658980942584,2026-09-09T11:34:59.995000Z,2026-09-09T11:35:59.995000Z,100.0,100.0,60.0,,noise,0,Noise,timeofday:America/Anchorage:day7-19:night1-5,AM,2.0-20.0,225.988268818811,930.8482984203017,197.20340102181873,763.1832544838309,0.7614773866194073,1.996458734643069,0.06535601760451648,,,231.98600683757178,3.289781417799843
1094,,AM,R3130,00,EHZ,61.1981981981982,-149.90658980942584,2026-09-09T11:35:59.995000Z,2026-09-09T11:36:59.995000Z,100.0,100.0,60.0,,noise,0,Noise,timeofday:America/Anchorage:day7-19:night1-5,AM,2.0-20.0,234.0161498832542,1272.8478284774571,205.945548510732,1196.2292770682157,0.7744852632987166,2.2350008406021433,0.7144291899711308,,,231.98600683757178,5.156471691440304
1095,,AM,R3130,00,EHZ,61.1981981981982,-149.90658980942584,2026-09-09T11:36:59.995000Z,2026-09-09T11:37:59.995000Z,100.0,100.0,60.0,,noise,0,Noise,timeofday:America/Anchorage:day7-19:night1-5,AM,2.0-20.0,234.42063887461777,973.8473973577454,207.36644745145722,933.8073161015097,0.7825016907730566,2.2192254297348497,0.1607707165960508,,,231.98600683757178,4.025274320771114
1096,,AM,R3130,00,EHZ,61.1981981981982,-149.90658980942584,2026-09-09T11:37:59.995000Z,2026-09-09T11:38:59.995000Z,100.0,100.0,60.0,,noise,0,Noise,timeofday:America/Anchorage:day7-19:night1-5,AM,2.0-20.0,263.00438243609386,1435.1533814424313,236.94558416473632,1245.5166063280979,0.8116546262729977,2.2598193247515503,0.6594293940959561,,,231.98600683757178,5.3689298906729475
1097,,AM,R3130,00,EHZ,61.1981981981982,-149.90658980942584,2026-09-09T11:38:59.995000Z,2026-09-09T11:39:59.995000Z,100.0,100.0,60.0,,traffic,1,Traffic,timeofday:America/Anchorage:day7-19:night1-5+burst>=20x,AM,2.0-20.0,825.0343582388809,7367.154025276324,808.9689652593586,7763.296670254842,0.9614343887608879,6.640440982476208,9.125619409920793,,,231.98600683757178,33.46450407110297
1098,,AM,R3130,00,EHZ,61.1981981981982,-149.90658980942584,2026-09-09T11:39:59.995000Z,2026-09-09T11:40:59.995000Z,100.0,100.0,60.0,,noise,0,Noise,timeofday:America/Anchorage:day7-19:night1-5,AM,2.0-20.0,239.5693403133978,1242.8450042469829,207.64993355582433,1192.7256024145263,0.7512787742856822,3.652352970577737,0.8137060081328649,,,231.98600683757178,5.14136873457902
1099,,AM,R3130,00,EHZ,61.1981981981982,-149.90658980942584,2026-09-09T11:40:59.995000Z,2026-09-09T11:41:59.995000Z,100.0,100.0,60.0,,noise,0,Noise,timeofday:America/Anchorage:day7-19:night1-5,AM,2.0-20.0,378.3919980158987,3010.1551005348233,358.7695344265891,2931.9858609821495,0.8989741975389374,6.264003050327283,5.301675276222358,,,231.98600683757178,12.638632394043578
1100,,AM,R3130,00,EHZ,61.1981981981982,-149.90658980942584,2026-09-09T11:41:59.995000Z,2026-09-09T11:42:59.995000Z,100.0,100.0,60.0,,noise,0,Noise,timeofday:America/Anchorage:day7-19:night1-5,AM,2.0-20.0,616.213772253847,4286.844005415176,590.6487045233929,4062.764219558414,0.9187465273186234,7.4280161058878535,6.860798152154269,,,231.98600683757178,17.51297104054649
1101,,AM,R3130,00,EHZ,61.1981981981982,-149.90658980942584,2026-09-09T11:42:59.995000Z,2026-09-09T11:43:59.995000Z,100.0,100.0,60.0,,noise,0,Noise,timeofday:America/Anchorage:day7-19:night1-5,AM,2.0-20.0,217.85995701510814,997.8437498126129,187.49925885563468,884.7022121434675,0.7407033068847301,1.6624821313283211,0.1964504179130815,,,231.98600683757178,3.8136016228034997
1102,,AM,R3130,00,EHZ,61.1981981981982,-149.90658980942584,2026-09-09T11:43:59.995000Z,2026-09-09T11:44:59.995000Z,100.0,100.0,60.0,,noise,0,Noise,timeofday:America/Anchorage:day7-19:night1-5,AM,2.0-20.0,248.99706491968308,1334.157374127248,216.98798710327094,1143.6233138002278,0.7594215668183901,2.9539842243911822,1.2075010622342166,,,231.98600683757178,4.929708172445727
1103,,AM,R3130,00,EHZ,61.1981981981982,-149.90658980942584,2026-09-09T11:44:59.995000Z,2026-09-09T11:45:59.995000Z,100.0,100.0,60.0,,noise,0,Noise,timeofday:America/Anchorage:day7-19:night1-5,AM,2.0-20.0,314.0314863295603,1681.8422295109247,282.6268348526152,1517.3347476092172,0.8099913858574506,3.76597060669225,1.2377889623581178,,,231.98600683757178,6.540630481525552
1104,,AM,R3130,00,EHZ,61.1981981981982,-149.90658980942584,2026-09-09T11:45:59.995000Z,2026-09-09T11:46:59.995000Z,100.0,100.0,60.0,,noise,0,Noise,timeofday:America/Anchorage:day7-19:night1-5,AM,2.0-20.0,215.39968541113612,839.1584907496601,187.9019432803023,873.3111219554062,0.7609785473931355,1.7220173175649103,0.17235969563233944,,,231.98600683757178,3.7644991344967935
1105,,AM,R3130,00,EHZ,61.1981981981982,-149.90658980942584,2026-09-09T11:46:59.995000Z,2026-09-09T11:47:59.995000Z,100.0,100.0,60.0,,noise,0,Noise,timeofday:America/Anchorage:day7-19:night1-5,AM,2.0-20.0,263.9743451723821,1637.840715510372,238.4748760032467,1545.245206940557,0.8161346576965289,3.5116591419153735,1.4232172983221343,,,231.98600683757178,6.660941442138283
1106,,AM,R3130,00,EHZ,61.1981981981982,-149.90658980942584,2026-09-09T11:47:59.995000Z,2026-09-09T11:48:59.995000Z,100.0,100.0,60.0,,noise,0,Noise,timeofday:America/Anchorage:day7-19:night1-5,AM,2.0-20.0,317.0946581278432,2684.159743151406,287.93616790826775,2781.4718880613414,0.8245454303264503,4.589700307717221,8.311035732330456,,,231.98600683757178,11.989826136404975
1107,,AM,R3130,00,EHZ,61.1981981981982,-149.90658980942584,2026-09-09T11:48:59.995000Z,2026-09-09T11:49:59.995000Z,100.0,100.0,60.0,,noise,0,Noise,timeofday:America/Anchorage:day7-19:night1-5,AM,2.0-20.0,297.49566576633276,2520.1601742711177,263.2473161965534,2410.0553671971984,0.7830087564100002,4.103215638388758,4.579715190115276,,,231.98600683757178,10.388796290134138
1108,,AM,R3130,00,EHZ,61.1981981981982,-149.90658980942584,2026-09-09T11:49:59.995000Z,2026-09-09T11:50:59.995000Z,100.0,100.0,60.0,,noise,0,Noise,timeofday:America/Anchorage:day7-19:night1-5,AM,2.0-20.0,258.41245575423056,1126.1605645350703,234.96961959060297,1154.4398353847773,0.826792523953506,2.5033208395368662,0.5400698396241039,,,231.98600683757178,4.976333922558848
1109,,AM,R3130,00,EHZ,61.1981981981982,-149.90658980942584,2026-09-09T11:50:59.995000Z,2026-09-09T11:51:59.995000Z,100.0,100.0,60.0,,noise,0,Noise,timeofday:America/Anchorage:day7-19:night1-5,AM,2.0-20.0,215.28185288295097,764.1611693425677,187.21501921862554,715.4486976127181,0.7562519863378686,1.645183517669869,0.014048597834663834,,,231.98600683757178,3.0840166067156343
1110,,AM,R3130,00,EHZ,61.1981981981982,-149.90658980942584,2026-09-09T11:51:59.995000Z,2026-09-09T11:52:59.995000Z,100.0,100.0,60.0,,noise,0,Noise,timeofday:America/Anchorage:day7-19:night1-5,AM,2.0-20.0,238.7941504689443,945.1621935821843,211.11564586600628,797.7102016079753,0.7816160564761401,2.2764690962622574,0.185387760702989,,,231.98600683757178,3.438613442605196
1111,,AM,R3130,00,EHZ,61.1981981981982,-149.90658980942584,2026-09-09T11:52:59.995000Z,2026-09-09T11:53:59.995000Z,100.0,100.0,60.0,,noise,0,Noise,timeofday:America/Anchorage:day7-19:night1-5,AM,2.0-20.0,304.2210991771529,2936.1629490071778,279.3739420396184,2656.0000268210956,0.8433214162161131,5.460707141956479,10.358978240447703,,,231.98600683757178,11.44896652616091
1112,,AM,R3130,00,EHZ,61.1981981981982,-149.90658980942584,2026-09-09T11:53:59.995000Z,2026-09-09T11:54:59.995000Z,100.0,100.0,60.0,,noise,0,Noise,timeofday:America/Anchorage:day7-19:night1-5,AM,2.0-20.0,398.95660220505755,3048.1630113071265,372.72748696273584,2946.551447128546,0.8728337471721389,4.435868245328486,3.4696510456752385,,,231.98600683757178,12.701418879939663
1113,,AM,R3130,00,EHZ,61.1981981981982,-149.90658980942584,2026-09-09T11:54:59.995000Z,2026-09-09T11:55:59.995000Z,100.0,100.0,60.0,,noise,0,Noise,timeofday:America/Anchorage:day7-19:night1-5,AM,2.0-20.0,354.70266425412984,2672.163656563857,337.2855376235676,2644.1002535256566,0.9042042375880411,7.31902197830009,6.649732333353789,,,231.98600683757178,11.397671305998038
1114,,AM,R3130,00,EHZ,61.1981981981982,-149.90658980942584,2026-09-09T11:55:59.995000Z,2026-09-09T11:56:59.995000Z,100.0,100.0,60.0,,noise,0,Noise,timeofday:America/Anchorage:day7-19:night1-5,AM,2.0-20.0,327.59885442556833,3578.1644383113385,304.9468000111968,3349.188143578138,0.866489714724212,6.262911959095531,9.314721026886406,,,231.98600683757178,14.437026565671776
1115,,AM,R3130,00,EHZ,61.1981981981982,-149.90658980942584,2026-09-09T11:56:59.995000Z,2026-09-09T11:57:59.995000Z,100.0,100.0,60.0,,noise,0,Noise,timeofday:America/Anchorage:day7-19:night1-5,AM,2.0-20.0,210.88275650527672,755.1650570423155,183.1120490533158,665.5693524089636,0.7539659021699813,1.757091255767823,0.043466804622242616,,,231.98600683757178,2.8690064606998957
1116,,AM,R3130,00,EHZ,61.1981981981982,-149.90658980942584,2026-09-09T11:57:59.995000Z,2026-09-09T11:58:59.995000Z,100.0,100.0,60.0,,noise,0,Noise,timeofday:America/Anchorage:day7-19:night1-5,AM,2.0-20.0,219.07785217494666,844.1656949815972,194.0339186196931,711.412792077899,0.7844375239709063,1.8416142630475414,0.04963513840154965,,,231.98600683757178,3.0666194128510713
1117,,AM,R3130,00,EHZ,61.1981981981982,-149.90658980942584,2026-09-09T11:58:59.995000Z,2026-09-09T11:59:59.995000Z,100.0,100.0,60.0,,noise,0,Noise,timeofday:America/Anchorage:day7-19:night1-5,AM,2.0-20.0,206.13814638778084,893.1661043522238,177.25636695373382,723.8949739446242,0.7394127831529799,1.9055818236361879,0.05524869270707322,,,231.98600683757178,3.1204251662104316
1118,,AM,R3130,00,EHZ,61.1981981981982,-149.90658980942584,2026-09-09T11:59:59.995000Z,2026-09-09T12:00:59.995000Z,100.0,100.0,60.0,,noise,0,Noise,timeofday:America/Anchorage:day7-19:night1-5,AM,2.0-20.0,264.9715835874212,1805.8329444810204,229.07809286393015,1443.7811785802087,0.74742654029951,4.260235786192078,2.2205294440351215,,,231.98600683757178,6.2235701121020295
1119,,AM,R3130,00,EHZ,61.1981981981982,-149.90658980942584,2026-09-09T12:00:59.995000Z,2026-09-09T12:01:59.995000Z,100.0,100.0,60.0,,noise,0,Noise,timeofday:America/Anchorage:day7-19:night1-5,AM,2.0-20.0,285.86888207807675,1442.832223305755,260.673272769816,1485.3716988943747,0.8314942350845651,3.717541076457978,1.8275821894776065,,,231.98600683757178,6.402850409569653
1120,,AM,R3130,00,EHZ,61.1981981981982,-149.90658980942584,2026-09-09T12:01:59.995000Z,2026-09-09T12:02:59.995000Z,100.0,100.0,60.0,,noise,0,Noise,timeofday:America/Anchorage:day7-19:night1-5,AM,2.0-20.0,280.3399985414245,1443.831634352731,249.8842949601078,1171.9350001733987,0.7945254085782884,3.0954627155886727,0.7993488340778407,,,231.98600683757178,5.0517486642801925
1121,,AM,R3130,00,EHZ,61.1981981981982,-149.90658980942584,2026-09-09T12:02:59.995000Z,2026-09-09T12:03:59.995000Z,100.0,100.0,60.0,,noise,0,Noise,timeofday:America/Anchorage:day7-19:night1-5,AM,2.0-20.0,249.42023298364018,1253.8315286562445,212.25754845121338,1048.8730021366525,0.72420734741394,2.189208148252469,0.4188751044350201,,,231.98600683757178,4.521277021984501
1122,,AM,R3130,00,EHZ,61.1981981981982,-149.90658980942584,2026-09-09T12:03:59.995000Z,2026-09-09T12:04:59.995000Z,100.0,100.0,60.0,,noise,0,Noise,timeofday:America/Anchorage:day7-19:night1-5,AM,2.0-20.0,238.71612926098393,895.8305624480652,204.42632042953525,946.5909724226036,0.733347972410109,2.7347272714596373,0.18901633909296311,,,231.98600683757178,4.080379611367562
1123,,AM,R3130,00,EHZ,61.1981981981982,-149.90658980942584,2026-09-09T12:04:59.995000Z,2026-09-09T12:05:59.995000Z,100.0,100.0,60.0,,noise,0,Noise,timeofday:America/Anchorage:day7-19:night1-5,AM,2.0-20.0,231.0646981809274,935.1698502763941,203.00698663142518,820.4530214446961,0.7718888551626883,1.9416815187955814,-0.026762875132040342,,,231.98600683757178,3.5366487514876175
1124,,AM,R3130,00,EHZ,61.1981981981982,-149.90658980942584,2026-09-09T12:05:59.995000Z,2026-09-09T12:06:59.995000Z,100.0,100.0,60.0,,noise,0,Noise,timeofday:America/Anchorage:day7-19:night1-5,AM,2.0-20.0,233.63146102196183,1263.170510168022,205.17473807556073,1125.7358848906672,0.7712321502234532,3.039965542973862,0.927666060140814,,,231.98600683757178,4.852602535112675
1125,,AM,R3130,00,EHZ,61.1981981981982,-149.90658980942584,2026-09-09T12:06:59.995000Z,2026-09-09T12:07:59.995000Z,100.0,100.0,60.0,,noise,0,Noise,timeofday:America/Anchorage:day7-19:night1-5,AM,2.0-20.0,280.3364188252418,1398.8285871433234,238.8541956743228,1165.0909331008702,0.7259499950637427,2.310600675286482,1.100396409929174,,,231.98600683757178,5.02224659574672
1126,,AM,R3130,00,EHZ,61.1981981981982,-149.90658980942584,2026-09-09T12:07:59.995000Z,2026-09-09T12:08:59.995000Z,100.0,100.0,60.0,,noise,0,Noise,timeofday:America/Anchorage:day7-19:night1-5,AM,2.0-20.0,265.2385245336054,1031.171509812879,219.11236733747984,1024.424485490146,0.682433873499972,1.9901014190945097,0.42329579635462045,,,231.98600683757178,4.415889128206819
1127,,AM,R3130,00,EHZ,61.1981981981982,-149.90658980942584,2026-09-09T12:08:59.995000Z,2026-09-09T12:09:59.995000Z,100.0,100.0,60.0,,noise,0,Noise,timeofday:America/Anchorage:day7-19:night1-5,AM,2.0-20.0,282.2836871095225,1179.827554163419,245.16937266081152,1053.4692199580813,0.7543291117215699,2.865976470373774,0.40637854155461417,,,231.98600683757178,4.541089500694248
1128,,AM,R3130,00,EHZ,61.1981981981982,-149.90658980942584,2026-09-09T12:09:59.995000Z,2026-09-09T12:10:59.995000Z,100.0,100.0,60.0,,noise,0,Noise,timeofday:America/Anchorage:day7-19:night1-5,AM,2.0-20.0,279.1789061477285,1387.8268846168228,227.92077035177792,1194.0914691407372,0.6665037628032316,2.2723259115822816,0.429537330961447,,,231.98600683757178,5.147256446276939
1129,,AM,R3130,00,EHZ,61.1981981981982,-149.90658980942584,2026-09-09T12:10:59.995000Z,2026-09-09T12:11:59.995000Z,100.0,100.0,60.0,,noise,0,Noise,timeofday:America/Anchorage:day7-19:night1-5,AM,2.0-20.0,243.10056419870173,1229.1737314717413,201.22335224927156,1032.988283362138,0.6851486810506566,2.60560058285634,0.3078662110043999,,,231.98600683757178,4.452804276619146
1130,,AM,R3130,00,EHZ,61.1981981981982,-149.90658980942584,2026-09-09T12:11:59.995000Z,2026-09-09T12:12:59.995000Z,100.0,100.0,60.0,,noise,0,Noise,timeofday:America/Anchorage:day7-19:night1-5,AM,2.0-20.0,418.8250045644334,2225.174261173754,374.17996021192454,2016.266502091796,0.7981708174302256,4.418019634688348,3.054871109828305,,,231.98600683757178,8.69132810886957
1131,,AM,R3130,00,EHZ,61.1981981981982,-149.90658980942584,2026-09-09T12:12:59.995000Z,2026-09-09T12:13:59.995000Z,100.0,100.0,60.0,,noise,0,Noise,timeofday:America/Anchorage:day7-19:night1-5,AM,2.0-20.0,437.86363450959516,2026.8253628922973,383.5767003088479,1855.4801576073232,0.7674086364215775,3.3139873225137455,1.4939530839313004,,,231.98600683757178,7.998241716822443
1132,,AM,R3130,00,EHZ,61.1981981981982,-149.90658980942584,2026-09-09T12:13:59.995000Z,2026-09-09T12:14:59.995000Z,100.0,100.0,60.0,,noise,0,Noise,timeofday:America/Anchorage:day7-19:night1-5,AM,2.0-20.0,370.5647425288596,1582.824819266805,317.68250796326316,1319.2053606097184,0.7349510479251218,2.547665230621219,0.17595628680342923,,,231.98600683757178,5.686572990298412
1133,,AM,R3130,00,EHZ,61.1981981981982,-149.90658980942584,2026-09-09T12:14:59.995000Z,2026-09-09T12:15:59.995000Z,100.0,100.0,60.0,,noise,0,Noise,timeofday:America/Anchorage:day7-19:night1-5,AM,2.0-20.0,320.61044253478093,1372.1761976553628,285.6109339246771,1347.0211129176437,0.7935866101673769,2.375910297300922,0.4883799596312075,,,231.98600683757178,5.806475706359217
1134,,AM,R3130,00,EHZ,61.1981981981982,-149.90658980942584,2026-09-09T12:15:59.995000Z,2026-09-09T12:16:59.995000Z,100.0,100.0,60.0,,noise,0,Noise,timeofday:America/Anchorage:day7-19:night1-5,AM,2.0-20.0,253.83347721339933,1258.1763858764155,226.57377528417717,1280.3482327836996,0.7967489210876484,3.93522873543919,1.250421961726219,,,231.98600683757178,5.519075267674025
1135,,AM,R3130,00,EHZ,61.1981981981982,-149.90658980942584,2026-09-09T12:16:59.995000Z,2026-09-09T12:17:59.995000Z,100.0,100.0,60.0,,noise,0,Noise,timeofday:America/Anchorage:day7-19:night1-5,AM,2.0-20.0,360.6076078411198,1754.1773851147466,313.8060939701828,1965.7068120553736,0.757273878422238,3.178995793544556,2.271148624948765,,,231.98600683757178,8.473385265136661
1136,,AM,R3130,00,EHZ,61.1981981981982,-149.90658980942584,2026-09-09T12:17:59.995000Z,2026-09-09T12:18:59.995000Z,100.0,100.0,60.0,,noise,0,Noise,timeofday:America/Anchorage:day7-19:night1-5,AM,2.0-20.0,313.05560945631237,1592.8221595773064,287.17089405837794,1501.9124201949546,0.8414684950858774,2.7484792614008935,0.8072679556653419,,,231.98600683757178,6.474150922587928
1137,,AM,R3130,00,EHZ,61.1981981981982,-149.90658980942584,2026-09-09T12:18:59.995000Z,2026-09-09T12:19:59.995000Z,100.0,100.0,60.0,,traffic,1,Traffic,timeofday:America/Anchorage:day7-19:night1-5+burst>=20x,AM,2.0-20.0,693.5736559098565,16505.17859869336,664.8068520409328,15357.057528685085,0.9187678635529488,8.535792360808612,116.91787993025265,,,231.98600683757178,66.19820625404162
1138,,AM,R3130,00,EHZ,61.1981981981982,-149.90658980942584,2026-09-09T12:19:59.995000Z,2026-09-09T12:20:59.995000Z,100.0,100.0,60.0,,noise,0,Noise,timeofday:America/Anchorage:day7-19:night1-5,AM,2.0-20.0,326.6135904765484,1522.1789722897904,298.0610359890678,1537.1798472135151,0.832802287648721,3.7744991034883517,1.3151400754898175,,,231.98600683757178,6.62617486359767
1139,,AM,R3130,00,EHZ,61.1981981981982,-149.90658980942584,2026-09-09T12:20:59.995000Z,2026-09-09T12:21:59.995000Z,100.0,100.0,60.0,,noise,0,Noise,timeofday:America/Anchorage:day7-19:night1-5,AM,2.0-20.0,270.232108233795,1318.820334991691,241.11109084291581,1167.111830058946,0.7960868990929854,2.6004515297171,0.7748056626564037,,,231.98600683757178,5.030957883921488
1140,,AM,R3130,00,EHZ,61.1981981981982,-149.90658980942584,2026-09-09T12:21:59.995000Z,2026-09-09T12:22:59.995000Z,100.0,100.0,60.0,,noise,0,Noise,timeofday:America/Anchorage:day7-19:night1-5,AM,2.0-20.0,260.7412121366344,1289.1802630065142,231.98600683757178,1122.0472401940044,0.7915971440110213,2.8958836349356276,0.48772655860568737,,,231.98600683757178,4.836702245491994
1141,,AM,R3130,00,EHZ,61.1981981981982,-149.90658980942584,2026-09-09T12:22:59.995000Z,2026-09-09T12:23:59.995000Z,100.0,100.0,60.0,,noise,0,Noise,timeofday:America/Anchorage:day7-19:night1-5,AM,2.0-20.0,287.8594079952436,1161.819094684062,246.39307784206903,1131.1201533162534,0.7326493175804468,2.4584636185717614,0.43303061709151525,,,231.98600683757178,4.875811988557667
1142,,AM,R3130,00,EHZ,61.1981981981982,-149.90658980942584,2026-09-09T12:23:59.995000Z,2026-09-09T12:24:59.995000Z,100.0,100.0,60.0,,noise,0,Noise,timeofday:America/Anchorage:day7-19:night1-5,AM,2.0-20.0,250.21720556853705,1178.8182311234339,197.54799274099935,834.5295277492411,0.6233197722575916,1.9187043369244967,0.23233384243920296,,,231.98600683757178,3.597327007458465
1143,,AM,R3130,00,EHZ,61.1981981981982,-149.90658980942584,2026-09-09T12:24:59.995000Z,2026-09-09T12:25:59.995000Z,100.0,100.0,60.0,,noise,0,Noise,timeofday:America/Anchorage:day7-19:night1-5,AM,2.0-20.0,246.4282433862741,1107.1822239812502,212.0386744950388,949.6163956127174,0.7403706582568256,2.627017529216191,0.34946848514403284,,,231.98600683757178,4.093421015163231
1144,,AM,R3130,00,EHZ,61.1981981981982,-149.90658980942584,2026-09-09T12:25:59.995000Z,2026-09-09T12:26:59.995000Z,100.0,100.0,60.0,,noise,0,Noise,timeofday:America/Anchorage:day7-19:night1-5,AM,2.0-20.0,410.201671985315,3096.8173838238013,387.22843417023796,2366.680515031378,0.8911270516942319,4.898336830909898,4.2726563390742385,,,231.98600683757178,10.201824443180499
1145,,AM,R3130,00,EHZ,61.1981981981982,-149.90658980942584,2026-09-09T12:26:59.995000Z,2026-09-09T12:27:59.995000Z,100.0,100.0,60.0,,noise,0,Noise,timeofday:America/Anchorage:day7-19:night1-5,AM,2.0-20.0,285.39672496139264,1917.1836013894192,254.5685678409179,1831.3748197236405,0.7956308026592109,4.521134961166482,2.6841458151465485,,,231.98600683757178,7.894333131075026
1146,,AM,R3130,00,EHZ,61.1981981981982,-149.90658980942584,2026-09-09T12:27:59.995000Z,2026-09-09T12:28:59.995000Z,100.0,100.0,60.0,,noise,0,Noise,timeofday:America/Anchorage:day7-19:night1-5,AM,2.0-20.0,295.6620494322449,1537.815747865763,252.2915837270006,1657.8255639339877,0.7281391124217067,3.8388317265601373,1.6095603282469542,,,231.98600683757178,7.146230871997108
1147,,AM,R3130,00,EHZ,61.1981981981982,-149.90658980942584,2026-09-09T12:28:59.995000Z,2026-09-09T12:29:59.995000Z,100.0,100.0,60.0,,noise,0,Noise,timeofday:America/Anchorage:day7-19:night1-5,AM,2.0-20.0,690.7663690773716,4593.184822082219,566.3868890779504,4350.372003648294,0.6723013956770629,4.393180854332476,5.992753245915301,,,231.98600683757178,18.752734541847893
1148,,AM,R3130,00,EHZ,61.1981981981982,-149.90658980942584,2026-09-09T12:29:59.995000Z,2026-09-09T12:30:59.995000Z,100.0,100.0,60.0,,traffic,1,Traffic,timeofday:America/Anchorage:day7-19:night1-5+burst>=20x,AM,2.0-20.0,914.9557134593857,7090.185183787795,857.920608094236,6448.614631989227,0.8792129037279938,6.65243245771677,4.385403120308474,,,231.98600683757178,27.797429335918153
1149,,AM,R3130,00,EHZ,61.1981981981982,-149.90658980942584,2026-09-09T12:30:59.995000Z,2026-09-09T12:31:59.995000Z,100.0,100.0,60.0,,noise,0,Noise,timeofday:America/Anchorage:day7-19:night1-5,AM,2.0-20.0,257.8508952134034,1240.185648649078,224.89938344335815,1336.4060841078974,0.7607452381231361,2.2431740413411956,1.0706843927272551,,,231.98600683757178,5.760718511973011
1150,,AM,R3130,00,EHZ,61.1981981981982,-149.90658980942584,2026-09-09T12:31:59.995000Z,2026-09-09T12:32:59.995000Z,100.0,100.0,60.0,,noise,0,Noise,timeofday:America/Anchorage:day7-19:night1-5,AM,2.0-20.0,243.0494886675388,1362.1863990941386,212.4216968958777,973.2187074672582,0.7638504242013558,2.1355974298786,0.36552316261766693,,,231.98600683757178,4.19516125448321
1151,,AM,R3130,00,EHZ,61.1981981981982,-149.90658980942584,2026-09-09T12:32:59.995000Z,2026-09-09T12:33:59.995000Z,100.0,100.0,60.0,,noise,0,Noise,timeofday:America/Anchorage:day7-19:night1-5,AM,2.0-20.0,241.76329247344253,1018.8129868499216,211.59249630416036,881.3066655075995,0.7659841823789825,1.918935869197778,0.10381789459538249,,,231.98600683757178,3.7989647630973646
1152,,AM,R3130,00,EHZ,61.1981981981982,-149.90658980942584,2026-09-09T12:33:59.995000Z,2026-09-09T12:34:59.995000Z,100.0,100.0,60.0,,noise,0,Noise,timeofday:America/Anchorage:day7-19:night1-5,AM,2.0-20.0,276.28160190631877,1428.187696315261,247.57414930670078,1145.074891314695,0.8029835715678381,3.653423065602914,0.93964176963263,,,231.98600683757178,4.935965349480907
1153,,AM,R3130,00,EHZ,61.1981981981982,-149.90658980942584,2026-09-09T12:34:59.995000Z,2026-09-09T12:35:59.995000Z,100.0,100.0,60.0,,traffic,1,Traffic,timeofday:America/Anchorage:day7-19:night1-5+burst>=20x,AM,2.0-20.0,738.6275788711215,7711.811822765721,718.9036127628443,7788.405030137255,0.9473060121971912,6.538484434231364,14.626176378664887,,,231.98600683757178,33.57273628831594
1154,,AM,R3130,00,EHZ,61.1981981981982,-149.90658980942584,2026-09-09T12:35:59.995000Z,2026-09-09T12:36:59.995000Z,100.0,100.0,60.0,,noise,0,Noise,timeofday:America/Anchorage:day7-19:night1-5,AM,2.0-20.0,270.4369440262561,1162.1891689519,236.9562539423874,1200.7754755178805,0.7677225753151563,2.1337028282730013,0.29048092073478404,,,231.98600683757178,5.1760685564048705
1155,,AM,R3130,00,EHZ,61.1981981981982,-149.90658980942584,2026-09-09T12:36:59.995000Z,2026-09-09T12:37:59.995000Z,100.0,100.0,60.0,,noise,0,Noise,timeofday:America/Anchorage:day7-19:night1-5,AM,2.0-20.0,343.8658360817717,2281.8105797140483,314.26438850030246,2555.1472770747414,0.8352419184620372,3.9008435197823204,4.271993227068359,,,231.98600683757178,11.014230176666489
1156,,AM,R3130,00,EHZ,61.1981981981982,-149.90658980942584,2026-09-09T12:37:59.995000Z,2026-09-09T12:38:59.995000Z,100.0,100.0,60.0,,noise,0,Noise,timeofday:America/Anchorage:day7-19:night1-5,AM,2.0-20.0,292.20404065284947,1723.1903830386693,254.42883410379122,2241.9793927821183,0.7581588717899581,4.3172948792756385,3.6052219799791274,,,231.98600683757178,9.664287184148444
1157,,AM,R3130,00,EHZ,61.1981981981982,-149.90658980942584,2026-09-09T12:38:59.995000Z,2026-09-09T12:39:59.995000Z,100.0,100.0,60.0,,noise,0,Noise,timeofday:America/Anchorage:day7-19:night1-5,AM,2.0-20.0,591.7269302231106,3060.8095961269278,568.1538720407328,3174.044254951932,0.9219115831010531,4.055107162489117,3.0834987671800773,,,231.98600683757178,13.682050474597302
1158,,AM,R3130,00,EHZ,61.1981981981982,-149.90658980942584,2026-09-09T12:39:59.995000Z,2026-09-09T12:40:59.995000Z,100.0,100.0,60.0,,noise,0,Noise,timeofday:America/Anchorage:day7-19:night1-5,AM,2.0-20.0,535.122411330567,3624.808932881469,390.7842319500671,2759.758462350069,0.5332953336041724,4.65828535486878,3.110451209807027,,,231.98600683757178,11.896228138804734
1159,,AM,R3130,00,EHZ,61.1981981981982,-149.90658980942584,2026-09-09T12:40:59.995000Z,2026-09-09T12:41:59.995000Z,100.0,100.0,60.0,,noise,0,Noise,timeofday:America/Anchorage:day7-19:night1-5,AM,2.0-20.0,580.1991665939005,4206.80807348772,511.4436286472922,3865.670012518275,0.7770363651158871,4.923621788771927,5.231068756214162,,,231.98600683757178,16.663375801045092
1160,,AM,R3130,00,EHZ,61.1981981981982,-149.90658980942584,2026-09-09T12:41:59.995000Z,2026-09-09T12:42:59.995000Z,100.0,100.0,60.0,,noise,0,Noise,timeofday:America/Anchorage:day7-19:night1-5,AM,2.0-20.0,279.78815928531634,1116.807492461932,250.1127099971469,1214.0281943122873,0.7991215851207217,2.169814526072677,0.4959413250941207,,,231.98600683757178,5.233195789961185
1161,,AM,R3130,00,EHZ,61.1981981981982,-149.90658980942584,2026-09-09T12:42:59.995000Z,2026-09-09T12:43:59.995000Z,100.0,100.0,60.0,,noise,0,Noise,timeofday:America/Anchorage:day7-19:night1-5,AM,2.0-20.0,304.5855974395842,1205.1930991335032,269.7462204551559,1039.2580661470477,0.7843176882220925,2.4238018615064365,0.3634099964749007,,,231.98600683757178,4.4798308325324925
1162,,AM,R3130,00,EHZ,61.1981981981982,-149.90658980942584,2026-09-09T12:43:59.995000Z,2026-09-09T12:44:59.995000Z,100.0,100.0,60.0,,noise,0,Noise,timeofday:America/Anchorage:day7-19:night1-5,AM,2.0-20.0,332.1316606240818,1884.8063622209354,289.8826850976974,1835.6568306808335,0.7617702309742185,4.224904205175264,3.05208793395052,,,231.98600683757178,7.912791188160302
1163,,AM,R3130,00,EHZ,61.1981981981982,-149.90658980942584,2026-09-09T12:44:59.995000Z,2026-09-09T12:45:59.995000Z,100.0,100.0,60.0,,noise,0,Noise,timeofday:America/Anchorage:day7-19:night1-5,AM,2.0-20.0,322.0879426908324,1497.805938926829,295.19773946982735,1439.7322163683518,0.8399958108373445,3.4885884880953433,0.7346727793728407,,,231.98600683757178,6.206116636062451
1164,,AM,R3130,00,EHZ,61.1981981981982,-149.90658980942584,2026-09-09T12:45:59.995000Z,2026-09-09T12:46:59.995000Z,100.0,100.0,60.0,,noise,0,Noise,timeofday:America/Anchorage:day7-19:night1-5,AM,2.0-20.0,240.12773864236735,918.1952179415532,210.43414925445015,886.2434013168065,0.7679762244083345,1.907492620441642,0.18790482377712925,,,231.98600683757178,3.820245080287632
1165,,AM,R3130,00,EHZ,61.1981981981982,-149.90658980942584,2026-09-09T12:46:59.995000Z,2026-09-09T12:47:59.995000Z,100.0,100.0,60.0,,noise,0,Noise,timeofday:America/Anchorage:day7-19:night1-5,AM,2.0-20.0,268.2264493685991,1128.804330612487,217.1447198363098,1058.8551802311315,0.6553832616084427,2.14159184446358,0.4488269737985098,,,231.98600683757178,4.564306247025079
1166,,AM,R3130,00,EHZ,61.1981981981982,-149.90658980942584,2026-09-09T12:47:59.995000Z,2026-09-09T12:48:59.995000Z,100.0,100.0,60.0,,noise,0,Noise,timeofday:America/Anchorage:day7-19:night1-5,AM,2.0-20.0,243.3413048666295,1076.1961134143914,201.00623133452603,781.0080062329149,0.6823188619797138,1.633994541539795,-0.0810746178272641,,,231.98600683757178,3.3666168786626365
1167,,AM,R3130,00,EHZ,61.1981981981982,-149.90658980942584,2026-09-09T12:48:59.995000Z,2026-09-09T12:49:59.995000Z,100.0,100.0,60.0,,noise,0,Noise,timeofday:America/Anchorage:day7-19:night1-5,AM,2.0-20.0,371.9293381506146,1834.803236755473,315.547040449345,1907.9332266184706,0.7197925509865989,3.8185647683584674,1.1044254111014844,,,231.98600683757178,8.224346169096037
1168,,AM,R3130,00,EHZ,61.1981981981982,-149.90658980942584,2026-09-09T12:49:59.995000Z,2026-09-09T12:50:59.995000Z,100.0,100.0,60.0,,noise,0,Noise,timeofday:America/Anchorage:day7-19:night1-5,AM,2.0-20.0,463.48113738289356,3416.802314248725,408.0796845249922,3072.5232839099203,0.7752215223522111,3.7091189795889656,3.597834621994277,,,231.98600683757178,13.244433687162822
1169,,AM,R3130,00,EHZ,61.1981981981982,-149.90658980942584,2026-09-09T12:50:59.995000Z,2026-09-09T12:51:59.995000Z,100.0,100.0,60.0,,traffic,1,Traffic,timeofday:America/Anchorage:day7-19:night1-5+burst>=20x,AM,2.0-20.0,793.771400143296,6868.198113720418,685.7338787360742,7441.876290160506,0.746311817541696,8.651423875039368,10.246242579698537,,,231.98600683757178,32.07898783037823
1170,,AM,R3130,00,EHZ,61.1981981981982,-149.90658980942584,2026-09-09T12:51:59.995000Z,2026-09-09T12:52:59.995000Z,100.0,100.0,60.0,,noise,0,Noise,timeofday:America/Anchorage:day7-19:night1-5,AM,2.0-20.0,517.4627463188215,3789.1988134514927,454.39552014537503,3316.9691120537827,0.7710985809249864,4.859783200518335,4.592879615162915,,,231.98600683757178,14.298143052982521
1171,,AM,R3130,00,EHZ,61.1981981981982,-149.90658980942584,2026-09-09T12:52:59.995000Z,2026-09-09T12:53:59.995000Z,100.0,100.0,60.0,,noise,0,Noise,timeofday:America/Anchorage:day7-19:night1-5,AM,2.0-20.0,453.2566187683527,2554.8009195632453,415.01980540136054,2386.4916900197836,0.8383962661458345,4.263174637286936,3.00882645737678,,,231.98600683757178,10.287222589639724
1172,,AM,R3130,00,EHZ,61.1981981981982,-149.90658980942584,2026-09-09T12:53:59.995000Z,2026-09-09T12:54:59.995000Z,100.0,100.0,60.0,,noise,0,Noise,timeofday:America/Anchorage:day7-19:night1-5,AM,2.0-20.0,274.95115542674085,1212.8004220783366,236.85986481978892,1147.6679785139593,0.7421161042161231,2.1992912520008416,0.6955227600001592,,,231.98600683757178,4.947143123669157
1173,,AM,R3130,00,EHZ,61.1981981981982,-149.90658980942584,2026-09-09T12:54:59.995000Z,2026-09-09T12:55:59.995000Z,100.0,100.0,60.0,,noise,0,Noise,timeofday:America/Anchorage:day7-19:night1-5,AM,2.0-20.0,289.43098298802926,1724.200370442057,254.07840022372784,1822.062554926201,0.7706291866060814,4.119950095253882,2.0728544643562046,,,231.98600683757178,7.854191637523825
1174,,AM,R3130,00,EHZ,61.1981981981982,-149.90658980942584,2026-09-09T12:55:59.995000Z,2026-09-09T12:56:59.995000Z,100.0,100.0,60.0,,noise,0,Noise,timeofday:America/Anchorage:day7-19:night1-5,AM,2.0-20.0,270.94601717204165,1398.201369477127,236.19397442162364,1263.5249881366153,0.7599273678178868,2.978208658935333,0.35107461008074026,,,231.98600683757178,5.446556908155628
1175,,AM,R3130,00,EHZ,61.1981981981982,-149.90658980942584,2026-09-09T12:56:59.995000Z,2026-09-09T12:57:59.995000Z,100.0,100.0,60.0,,noise,0,Noise,timeofday:America/Anchorage:day7-19:night1-5,AM,2.0-20.0,255.0770745178936,1061.2017175641179,222.46115098206423,1053.193188752359,0.7606160842393196,2.4699579811457837,0.5776882519826105,,,231.98600683757178,4.539899639247495
1176,,AM,R3130,00,EHZ,61.1981981981982,-149.90658980942584,2026-09-09T12:57:59.995000Z,2026-09-09T12:58:59.995000Z,100.0,100.0,60.0,,noise,0,Noise,timeofday:America/Anchorage:day7-19:night1-5,AM,2.0-20.0,274.5571120775845,1226.797871947312,244.48884336389165,1162.8201674588795,0.7929625843753002,2.5977922010823935,0.4244572017494086,,,231.98600683757178,5.01245822241789
1177,,AM,R3130,00,EHZ,61.1981981981982,-149.90658980942584,2026-09-09T12:58:59.995000Z,2026-09-09T12:59:59.995000Z,100.0,100.0,60.0,,noise,0,Noise,timeofday:America/Anchorage:day7-19:night1-5,AM,2.0-20.0,775.9004109039901,4407.796981454405,626.5695040220157,4198.997172622255,0.652118533166476,5.482966980513302,4.309640866742921,,,231.98600683757178,18.100217465108752
1178,,AM,R3130,00,EHZ,61.1981981981982,-149.90658980942584,2026-09-09T12:59:59.995000Z,2026-09-09T13:00:59.995000Z,100.0,100.0,60.0,,noise,0,Noise,timeofday:America/Anchorage:day7-19:night1-5,AM,2.0-20.0,313.42326421700096,2353.2032139824664,252.2891702109622,1800.4989858833899,0.6479399499187146,1.940603507330518,4.353522154788216,,,231.98600683757178,7.761239612801449
1179,,AM,R3130,00,EHZ,61.1981981981982,-149.90658980942584,2026-09-09T15:00:59.995000Z,2026-09-09T15:01:59.995000Z,100.0,100.0,60.0,,traffic,1,Traffic,timeofday:America/Anchorage:day7-19:night1-5,AM,2.0-20.0,921.6885858436381,4848.276989419333,837.9389932294654,4694.801945106519,0.8265257394886001,2.208213770453348,1.0281861591579258,,,231.98600683757178,20.237435908768628
1180,,AM,R3130,00,EHZ,61.1981981981982,-149.90658980942584,2026-09-09T15:01:59.995000Z,2026-09-09T15:02:59.995000Z,100.0,100.0,60.0,,traffic,1,Traffic,timeofday:America/Anchorage:day7-19:night1-5,AM,2.0-20.0,1071.0787445628441,9470.722117546977,1025.6326478392377,8451.263721912557,0.9169399015311125,4.717355926190899,6.1080844947189075,,,231.98600683757178,36.43005816221418
1181,,AM,R3130,00,EHZ,61.1981981981982,-149.90658980942584,2026-09-09T15:02:59.995000Z,2026-09-09T15:03:59.995000Z,100.0,100.0,60.0,,traffic,1,Traffic,timeofday:America/Anchorage:day7-19:night1-5,AM,2.0-20.0,778.8484349478118,3312.2783791248826,733.2091463160153,3114.8427095673387,0.8862369325918776,4.050123655277143,0.1719902551153405,,,231.98600683757178,13.42685600751876
1182,,AM,R3130,00,EHZ,61.1981981981982,-149.90658980942584,2026-09-09T15:03:59.995000Z,2026-09-09T15:04:59.995000Z,100.0,100.0,60.0,,traffic,1,Traffic,timeofday:America/Anchorage:day7-19:night1-5,AM,2.0-20.0,1133.4848919510812,14195.279349703205,1074.071039423644,11372.367611488178,0.8979135837787674,5.224587389977794,9.852650761835214,,,231.98600683757178,49.02178267782634
1183,,AM,R3130,00,EHZ,61.1981981981982,-149.90658980942584,2026-09-09T15:04:59.995000Z,2026-09-09T15:05:59.995000Z,100.0,100.0,60.0,,traffic,1,Traffic,timeofday:America/Anchorage:day7-19:night1-5,AM,2.0-20.0,970.6605488764324,5951.279431109828,868.5956643709615,6639.164737414114,0.8007566556384579,1.707503644775612,3.7270118850239493,,,231.98600683757178,28.61881553943302
1184,,AM,R3130,00,EHZ,61.1981981981982,-149.90658980942584,2026-09-09T15:05:59.995000Z,2026-09-09T15:06:59.995000Z,100.0,100.0,60.0,,traffic,1,Traffic,timeofday:America/Anchorage:day7-19:night1-5,AM,2.0-20.0,791.0254246168182,3663.7196493307306,725.0366462677849,3398.0516094121267,0.8401155652403448,2.5746925214412397,0.2962728705129307,,,231.98600683757178,14.647657657176364
1185,,AM,R3130,00,EHZ,61.1981981981982,-149.90658980942584,2026-09-09T15:06:59.995000Z,2026-09-09T15:07:59.995000Z,100.0,100.0,60.0,,traffic,1,Traffic,timeofday:America/Anchorage:day7-19:night1-5,AM,2.0-20.0,876.3279654410873,5912.281220734298,825.7795693189789,5460.920884509029,0.8879631132938808,2.219026911870353,1.1016995098582978,,,231.98600683757178,23.53987190413846
1186,,AM,R3130,00,EHZ,61.1981981981982,-149.90658980942584,2026-09-09T15:07:59.995000Z,2026-09-09T15:08:59.995000Z,100.0,100.0,60.0,,traffic,1,Traffic,timeofday:America/Anchorage:day7-19:night1-5,AM,2.0-20.0,1187.8947228918666,12534.718237063049,1132.1954983816613,12592.801511630589,0.9084205320275885,6.054741810235319,11.07460686907179,,,231.98600683757178,54.28259093423516
1187,,AM,R3130,00,EHZ,61.1981981981982,-149.90658980942584,2026-09-09T15:08:59.995000Z,2026-09-09T15:09:59.995000Z,100.0,100.0,60.0,,traffic,1,Traffic,timeofday:America/Anchorage:day7-19:night1-5,AM,2.0-20.0,1972.2255091453667,28059.282051163147,1942.6032658193112,27845.990194806287,0.9701861835507559,6.872327835977843,40.29493812065391,,,231.98600683757178,120.03305964183885
1188,,AM,R3130,00,EHZ,61.1981981981982,-149.90658980942584,2026-09-09T15:09:59.995000Z,2026-09-09T15:10:59.995000Z,100.0,100.0,60.0,,traffic,1,Traffic,timeofday:America/Anchorage:day7-19:night1-5,AM,2.0-20.0,831.9914521959316,3347.7174346844236,767.0964807568263,3759.149193542513,0.8500848019537826,2.2824936814425087,0.4330007092488204,,,231.98600683757178,16.20420664499188
1189,,AM,R3130,00,EHZ,61.1981981981982,-149.90658980942584,2026-09-09T15:10:59.995000Z,2026-09-09T15:11:59.995000Z,100.0,100.0,60.0,,traffic,1,Traffic,timeofday:America/Anchorage:day7-19:night1-5,AM,2.0-20.0,936.9734500470935,8856.716596328342,883.0264553323731,8377.368003779537,0.8881633752611914,5.482098915186069,5.01646010600032,,,231.98600683757178,36.11152292321263
1190,,AM,R3130,00,EHZ,61.1981981981982,-149.90658980942584,2026-09-09T15:11:59.995000Z,2026-09-09T15:12:59.995000Z,100.0,100.0,60.0,,traffic,1,Traffic,timeofday:America/Anchorage:day7-19:night1-5,AM,2.0-20.0,1238.285107569512,7813.28375765326,1163.3456062246626,5966.447602358086,0.8826249667650421,2.786931870823057,2.030011872763648,,,231.98600683757178,25.718997812379165
1191,,AM,R3130,00,EHZ,61.1981981981982,-149.90658980942584,2026-09-09T15:12:59.995000Z,2026-09-09T15:13:59.995000Z,100.0,100.0,60.0,,traffic,1,Traffic,timeofday:America/Anchorage:day7-19:night1-5,AM,2.0-20.0,886.0815710322166,6354.715398096047,834.9127232363106,5709.616523874947,0.8878400879404352,3.080785684772657,0.9810447486757079,,,231.98600683757178,24.61190052670985
1192,,AM,R3130,00,EHZ,61.1981981981982,-149.90658980942584,2026-09-09T15:13:59.995000Z,2026-09-09T15:14:59.995000Z,100.0,100.0,60.0,,traffic,1,Traffic,timeofday:America/Anchorage:day7-19:night1-5,AM,2.0-20.0,707.4560494251956,3244.2852311029496,666.6853474474749,2822.035081377522,0.8880611906602675,2.573223303369256,0.07218996295197666,,,231.98600683757178,12.164678033160031
1193,,AM,R3130,00,EHZ,61.1981981981982,-149.90658980942584,2026-09-09T15:14:59.995000Z,2026-09-09T15:15:59.995000Z,100.0,100.0,60.0,,traffic,1,Traffic,timeofday:America/Anchorage:day7-19:night1-5,AM,2.0-20.0,978.8875973677699,5210.285614252716,927.5439543189814,4445.818461082018,0.8978490886622497,3.7109446912143653,1.1929838890483788,,,231.98600683757178,19.16416650162361
1194,,AM,R3130,00,EHZ,61.1981981981982,-149.90658980942584,2026-09-09T15:15:59.995000Z,2026-09-09T15:16:59.995000Z,100.0,100.0,60.0,,traffic,1,Traffic,timeofday:America/Anchorage:day7-19:night1-5,AM,2.0-20.0,917.6530327634381,6860.713417811374,857.7833548118165,6439.940262543241,0.8737721950683014,3.320120680578995,2.292105200696054,,,231.98600683757178,27.760037557145655
1195,,AM,R3130,00,EHZ,61.1981981981982,-149.90658980942584,2026-09-09T15:16:59.995000Z,2026-09-09T15:17:59.995000Z,100.0,100.0,60.0,,traffic,1,Traffic,timeofday:America/Anchorage:day7-19:night1-5,AM,2.0-20.0,784.0355666266113,4135.28676471833,725.615332062803,4310.520620857478,0.8565276216382736,2.12757579925937,0.708682094412771,,,231.98600683757178,18.580950978976716
1196,,AM,R3130,00,EHZ,61.1981981981982,-149.90658980942584,2026-09-09T15:17:59.995000Z,2026-09-09T15:18:59.995000Z,100.0,100.0,60.0,,traffic,1,Traffic,timeofday:America/Anchorage:day7-19:night1-5,AM,2.0-20.0,1539.7924740398498,7556.287611001648,1313.495642773204,6227.612448133014,0.7276673480477954,4.057561201727041,1.3864285263603655,,,231.98600683757178,26.8447762562393
1197,,AM,R3130,00,EHZ,61.1981981981982,-149.90658980942584,2026-09-09T15:18:59.995000Z,2026-09-09T15:19:59.995000Z,100.0,100.0,60.0,,traffic,1,Traffic,timeofday:America/Anchorage:day7-19:night1-5,AM,2.0-20.0,1089.695600969775,5438.711819761787,1000.8773166794365,5584.773090754006,0.8436286072595455,3.8512143043508766,1.5378965120855366,,,231.98600683757178,24.073749821747924
1198,,AM,R3130,00,EHZ,61.1981981981982,-149.90658980942584,2026-09-09T15:19:59.995000Z,2026-09-09T15:20:59.995000Z,100.0,100.0,60.0,,traffic,1,Traffic,timeofday:America/Anchorage:day7-19:night1-5,AM,2.0-20.0,878.9383501005559,3944.7114213673335,798.7054363662255,4238.2817611550945,0.8257649642995378,2.685746861306077,0.900744615501627,,,231.98600683757178,18.26955780191771
1199,,AM,R3130,00,EHZ,61.1981981981982,-149.90658980942584,2026-09-09T15:20:59.995000Z,2026-09-09T15:21:59.995000Z,100.0,100.0,60.0,,traffic,1,Traffic,timeofday:America/Anchorage:day7-19:night1-5,AM,2.0-20.0,1470.0152536235314,8375.289373388947,1269.6708375320675,8552.953267935223,0.7459996208364743,5.093935427941558,1.9660358933560493,,,231.98600683757178,36.86840160977335
1200,,AM,R3130,00,EHZ,61.1981981981982,-149.90658980942584,2026-09-09T15:21:59.995000Z,2026-09-09T15:22:59.995000Z,100.0,100.0,60.0,,traffic,1,Traffic,timeofday:America/Anchorage:day7-19:night1-5,AM,2.0-20.0,1948.7791754352706,17612.70990380969,1853.2763088436009,16071.841766041462,0.9043886175901052,4.993882681532924,6.589533147528458,,,231.98600683757178,69.2793586351714
1201,,AM,R3130,00,EHZ,61.1981981981982,-149.90658980942584,2026-09-09T15:22:59.995000Z,2026-09-09T15:23:59.995000Z,100.0,100.0,60.0,,traffic,1,Traffic,timeofday:America/Anchorage:day7-19:night1-5,AM,2.0-20.0,1307.0424083723883,7967.708998275359,1237.3864249320493,8362.747169283342,0.8962544735981098,3.709036949134921,5.581270877578191,,,231.98600683757178,36.04849828351344
1202,,AM,R3130,00,EHZ,61.1981981981982,-149.90658980942584,2026-09-09T15:23:59.995000Z,2026-09-09T15:24:59.995000Z,100.0,100.0,60.0,,traffic,1,Traffic,timeofday:America/Anchorage:day7-19:night1-5,AM,2.0-20.0,1935.0223502820543,13417.708646428013,1835.6219078856598,13823.315808096893,0.8999005003262749,3.8586216899300343,2.3937204855587515,,,231.98600683757178,59.586851795658
1203,,AM,R3130,00,EHZ,61.1981981981982,-149.90658980942584,2026-09-09T15:24:59.995000Z,2026-09-09T15:25:59.995000Z,100.0,100.0,60.0,,traffic,1,Traffic,timeofday:America/Anchorage:day7-19:night1-5,AM,2.0-20.0,948.196315672273,5702.292226990847,887.5140869784684,4996.848094107624,0.8761006109428413,3.7111859093222805,1.0306559707793088,,,231.98600683757178,21.53943749549617
1204,,AM,R3130,00,EHZ,61.1981981981982,-149.90658980942584,2026-09-09T15:25:59.995000Z,2026-09-09T15:26:59.995000Z,100.0,100.0,60.0,,traffic,1,Traffic,timeofday:America/Anchorage:day7-19:night1-5,AM,2.0-20.0,1151.190178848475,6679.707640177125,1091.5239674808845,5705.898472654837,0.899026308709713,3.0939618048803093,1.1654779446937669,,,231.98600683757178,24.595873477187357
1205,,AM,R3130,00,EHZ,61.1981981981982,-149.90658980942584,2026-09-09T15:26:59.995000Z,2026-09-09T15:27:59.995000Z,100.0,100.0,60.0,,traffic,1,Traffic,timeofday:America/Anchorage:day7-19:night1-5,AM,2.0-20.0,1097.2038595676054,6909.293424816618,1042.7777571249396,6994.55290193074,0.9032518600589994,4.191075552204322,1.471840631586164,,,231.98600683757178,30.150753475523516
1206,,AM,R3130,00,EHZ,61.1981981981982,-149.90658980942584,2026-09-09T15:27:59.995000Z,2026-09-09T15:28:59.995000Z,100.0,100.0,60.0,,traffic,1,Traffic,timeofday:America/Anchorage:day7-19:night1-5,AM,2.0-20.0,984.5904372844392,5657.293924435784,905.9032301510902,5562.453602699643,0.8465495624393881,2.7405697192195424,1.7263464409164033,,,231.98600683757178,23.977539328888366
1207,,AM,R3130,00,EHZ,61.1981981981982,-149.90658980942584,2026-09-09T15:28:59.995000Z,2026-09-09T15:29:59.995000Z,100.0,100.0,60.0,,traffic,1,Traffic,timeofday:America/Anchorage:day7-19:night1-5,AM,2.0-20.0,1202.2532644178498,10018.29407342718,1124.5816903531781,9324.186378628607,0.8749638030420821,4.4184531049973765,5.5508443477807745,,,231.98600683757178,40.19288277657654
1208,,AM,R3130,00,EHZ,61.1981981981982,-149.90658980942584,2026-09-09T15:29:59.995000Z,2026-09-09T15:30:59.995000Z,100.0,100.0,60.0,,traffic,1,Traffic,timeofday:America/Anchorage:day7-19:night1-5,AM,2.0-20.0,1028.664982994893,5756.295122159923,955.4720580583099,4723.804731937857,0.8627561617576173,3.0827490765263255,1.0372875847268945,,,231.98600683757178,20.36245546157141
1209,,AM,R3130,00,EHZ,61.1981981981982,-149.90658980942584,2026-09-09T15:30:59.995000Z,2026-09-09T15:31:59.995000Z,100.0,100.0,60.0,,traffic,1,Traffic,timeofday:America/Anchorage:day7-19:night1-5,AM,2.0-20.0,855.8084624009136,4118.295621169302,810.6017467914386,4224.941426126881,0.897143505219943,2.147931974249187,0.5549505320875041,,,231.98600683757178,18.212052889401352
1210,,AM,R3130,00,EHZ,61.1981981981982,-149.90658980942584,2026-09-09T15:31:59.995000Z,2026-09-09T15:32:59.995000Z,100.0,100.0,60.0,,traffic,1,Traffic,timeofday:America/Anchorage:day7-19:night1-5,AM,2.0-20.0,791.0330988863036,3248.2961394886174,747.3735893371307,3155.742821164489,0.8926602201364185,1.725030160262519,0.18617458977134138,,,231.98600683757178,13.603160225840805
1211,,AM,R3130,00,EHZ,61.1981981981982,-149.90658980942584,2026-09-09T15:32:59.995000Z,2026-09-09T15:33:59.995000Z,100.0,100.0,60.0,,traffic,1,Traffic,timeofday:America/Anchorage:day7-19:night1-5,AM,2.0-20.0,1291.459996637344,6807.703202347486,1252.6585648690134,7423.947221941557,0.9408134287901165,4.200033250943398,2.703300399867749,,,231.98600683757178,32.00170270243729
1212,,AM,R3130,00,EHZ,61.1981981981982,-149.90658980942584,2026-09-09T15:33:59.995000Z,2026-09-09T15:34:59.995000Z,100.0,100.0,60.0,,traffic,1,Traffic,timeofday:America/Anchorage:day7-19:night1-5,AM,2.0-20.0,1745.3316847557555,9617.702640326741,1580.557059873192,8404.42661082608,0.8200954682953924,3.693984430420457,1.8202834732785407,,,231.98600683757178,36.228161885257826
1213,,AM,R3130,00,EHZ,61.1981981981982,-149.90658980942584,2026-09-09T15:34:59.995000Z,2026-09-09T15:35:59.995000Z,100.0,100.0,60.0,,traffic,1,Traffic,timeofday:America/Anchorage:day7-19:night1-5,AM,2.0-20.0,989.6317850814671,4810.298113370522,884.7591455500174,4026.1753511325987,0.7992871849886305,3.251698320126647,0.5545223022638845,,,231.98600683757178,17.355250887832995
1214,,AM,R3130,00,EHZ,61.1981981981982,-149.90658980942584,2026-09-09T15:35:59.995000Z,2026-09-09T15:36:59.995000Z,100.0,100.0,60.0,,traffic,1,Traffic,timeofday:America/Anchorage:day7-19:night1-5,AM,2.0-20.0,992.8712855250674,5696.298736878165,909.3625450302139,5068.476728764942,0.8388575608347567,2.952104392986985,1.1035069628979715,,,231.98600683757178,21.848200233532648
1215,,AM,R3130,00,EHZ,61.1981981981982,-149.90658980942584,2026-09-09T15:36:59.995000Z,2026-09-09T15:37:59.995000Z,100.0,100.0,60.0,,traffic,1,Traffic,timeofday:America/Anchorage:day7-19:night1-5,AM,2.0-20.0,1039.0927318365605,7154.700470499809,973.4267361298242,6037.452534561562,0.8776026514364905,3.939705457279779,1.5833194584227606,,,231.98600683757178,26.02507201560984
1216,,AM,R3130,00,EHZ,61.1981981981982,-149.90658980942584,2026-09-09T15:37:59.995000Z,2026-09-09T15:38:59.995000Z,100.0,100.0,60.0,,traffic,1,Traffic,timeofday:America/Anchorage:day7-19:night1-5,AM,2.0-20.0,1278.3763403181158,5200.299890799242,1084.858104335135,4764.35676969769,0.7201590568014782,2.8714722826946653,0.39666788774042194,,,231.98600683757178,20.53725927113147
1217,,AM,R3130,00,EHZ,61.1981981981982,-149.90658980942584,2026-09-09T15:38:59.995000Z,2026-09-09T15:39:59.995000Z,100.0,100.0,60.0,,traffic,1,Traffic,timeofday:America/Anchorage:day7-19:night1-5,AM,2.0-20.0,966.4947061924553,4759.699455813528,858.9022541399054,3994.63814114047,0.7897479838214984,2.944732225349795,0.5356822192986579,,,231.98600683757178,17.21930643832915
1218,,AM,R3130,00,EHZ,61.1981981981982,-149.90658980942584,2026-09-09T15:39:59.995000Z,2026-09-09T15:40:59.995000Z,100.0,100.0,60.0,,traffic,1,Traffic,timeofday:America/Anchorage:day7-19:night1-5,AM,2.0-20.0,1158.278527191152,5606.301264447055,1054.3113566013599,5478.9238648786295,0.8285367161630554,3.391406769683634,0.9607271128804018,,,231.98600683757178,23.617475638152495
1219,,AM,R3130,00,EHZ,61.1981981981982,-149.90658980942584,2026-09-09T15:40:59.995000Z,2026-09-09T15:41:59.995000Z,100.0,100.0,60.0,,traffic,1,Traffic,timeofday:America/Anchorage:day7-19:night1-5,AM,2.0-20.0,1539.593534803652,11379.69803815939,1345.5120563838532,11368.109215338685,0.7637707632345695,4.328607173048339,5.890964297812969,,,231.98600683757178,49.00342641484503
1220,,AM,R3130,00,EHZ,61.1981981981982,-149.90658980942584,2026-09-09T15:41:59.995000Z,2026-09-09T15:42:59.995000Z,100.0,100.0,60.0,,traffic,1,Traffic,timeofday:America/Anchorage:day7-19:night1-5,AM,2.0-20.0,1875.1580781484345,15027.697997506895,1690.5610262101598,13509.213913529675,0.8128041922412851,2.66268154758715,3.307740843397326,,,231.98600683757178,58.232882653945325
1221,,AM,R3130,00,EHZ,61.1981981981982,-149.90658980942584,2026-09-09T15:42:59.995000Z,2026-09-09T15:43:59.995000Z,100.0,100.0,60.0,,traffic,1,Traffic,timeofday:America/Anchorage:day7-19:night1-5,AM,2.0-20.0,1077.0740418318182,8416.303048075282,1015.599907021557,8321.095181874474,0.8891073212271553,6.450324367981962,5.249391633451161,,,231.98600683757178,35.86895302569092
1222,,AM,R3130,00,EHZ,61.1981981981982,-149.90658980942584,2026-09-09T15:43:59.995000Z,2026-09-09T15:44:59.995000Z,100.0,100.0,60.0,,traffic,1,Traffic,timeofday:America/Anchorage:day7-19:night1-5,AM,2.0-20.0,1850.6438092651576,8127.30329260004,1574.7060488543523,7496.62384429106,0.7240245859376893,3.0910425164104636,1.4900811939556142,,,231.98600683757178,32.314982901274405
1223,,AM,R3130,00,EHZ,61.1981981981982,-149.90658980942584,2026-09-09T15:44:59.995000Z,2026-09-09T15:45:59.995000Z,100.0,100.0,60.0,,traffic,1,Traffic,timeofday:America/Anchorage:day7-19:night1-5,AM,2.0-20.0,1551.0223240618625,8404.304001376295,1350.1889395336,7327.498257081279,0.7577971971167754,3.5573351505069555,1.7804612580629176,,,231.98600683757178,31.585949329313333
1224,,AM,R3130,00,EHZ,61.1981981981982,-149.90658980942584,2026-09-09T15:45:59.995000Z,2026-09-09T15:46:59.995000Z,100.0,100.0,60.0,,traffic,1,Traffic,timeofday:America/Anchorage:day7-19:night1-5,AM,2.0-20.0,907.2732210750061,4680.304599781024,839.754359570521,4653.967960436366,0.8566991762267253,3.120868813472513,1.3976819431326577,,,231.98600683757178,20.061416737497044
1225,,AM,R3130,00,EHZ,61.1981981981982,-149.90658980942584,2026-09-09T15:46:59.995000Z,2026-09-09T15:47:59.995000Z,100.0,100.0,60.0,,traffic,1,Traffic,timeofday:America/Anchorage:day7-19:night1-5,AM,2.0-20.0,1332.5913554589865,6649.694446308176,1241.6779736345154,5975.900713672383,0.8682083752383819,2.6839158398876757,1.5642245760066684,,,231.98600683757178,25.75974643960527
1226,,AM,R3130,00,EHZ,61.1981981981982,-149.90658980942584,2026-09-09T15:47:59.995000Z,2026-09-09T15:48:59.995000Z,100.0,100.0,60.0,,traffic,1,Traffic,timeofday:America/Anchorage:day7-19:night1-5,AM,2.0-20.0,1361.255071322753,6560.306108903276,1267.7154496542914,6097.086066479339,0.8672904110797285,3.0235240301387383,1.3043581842057774,,,231.98600683757178,26.2821286059219
1227,,AM,R3130,00,EHZ,61.1981981981982,-149.90658980942584,2026-09-09T15:48:59.995000Z,2026-09-09T15:49:59.995000Z,100.0,100.0,60.0,,traffic,1,Traffic,timeofday:America/Anchorage:day7-19:night1-5,AM,2.0-20.0,1251.3245607436515,6495.306293363974,1136.4402162482584,5361.002444350033,0.8248087326979948,2.4480831415103483,1.3913582852836042,,,231.98600683757178,23.109162994057712
1228,,AM,R3130,00,EHZ,61.1981981981982,-149.90658980942584,2026-09-09T15:49:59.995000Z,2026-09-09T15:50:59.995000Z,100.0,100.0,60.0,,traffic,1,Traffic,timeofday:America/Anchorage:day7-19:night1-5,AM,2.0-20.0,1900.826974191867,11454.692580358647,1572.129243419665,10263.754298279866,0.6840554694091103,3.843494370085284,2.0602687763533227,,,231.98600683757178,44.24298878279402
1229,,AM,R3130,00,EHZ,61.1981981981982,-149.90658980942584,2026-09-09T15:50:59.995000Z,2026-09-09T15:51:59.995000Z,100.0,100.0,60.0,,traffic,1,Traffic,timeofday:America/Anchorage:day7-19:night1-5,AM,2.0-20.0,1291.1560367272093,6913.692498240607,1125.4845257660356,6041.5360549201705,0.7598390274454636,1.8182065500537423,0.9513903686347005,,,231.98600683757178,26.042674458163486
1230,,AM,R3130,00,EHZ,61.1981981981982,-149.90658980942584,2026-09-09T15:51:59.995000Z,2026-09-09T15:52:59.995000Z,100.0,100.0,60.0,,traffic,1,Traffic,timeofday:America/Anchorage:day7-19:night1-5,AM,2.0-20.0,1216.4166432340824,5234.308408919824,1091.3598281581872,5232.837668150046,0.8049542920334556,2.6950586595808206,0.9029630896118546,,,231.98600683757178,22.556695291599592
1231,,AM,R3130,00,EHZ,61.1981981981982,-149.90658980942584,2026-09-09T15:52:59.995000Z,2026-09-09T15:53:59.995000Z,100.0,100.0,60.0,,traffic,1,Traffic,timeofday:America/Anchorage:day7-19:night1-5,AM,2.0-20.0,2059.5743435695776,21245.69100385488,1918.7396534158836,20113.542152509843,0.8679149228576644,4.690198164647533,9.422890346798358,,,231.98600683757178,86.70153181520392
1232,,AM,R3130,00,EHZ,61.1981981981982,-149.90658980942584,2026-09-09T15:53:59.995000Z,2026-09-09T15:54:59.995000Z,100.0,100.0,60.0,,traffic,1,Traffic,timeofday:America/Anchorage:day7-19:night1-5,AM,2.0-20.0,1036.865510038236,9585.30940358475,975.1638203618903,9361.467820321874,0.8845253890892911,3.029295230199032,2.6342720889122866,,,231.98600683757178,40.35358833895717
1233,,AM,R3130,00,EHZ,61.1981981981982,-149.90658980942584,2026-09-09T15:54:59.995000Z,2026-09-09T15:55:59.995000Z,100.0,100.0,60.0,,traffic,1,Traffic,timeofday:America/Anchorage:day7-19:night1-5,AM,2.0-20.0,1046.8211398534622,5928.689837026639,972.2380205281477,5286.142385831598,0.8625816850606066,2.8800485429159077,1.0215002340656518,,,231.98600683757178,22.786470864739545
1234,,AM,R3130,00,EHZ,61.1981981981982,-149.90658980942584,2026-09-09T15:55:59.995000Z,2026-09-09T15:56:59.995000Z,100.0,100.0,60.0,,traffic,1,Traffic,timeofday:America/Anchorage:day7-19:night1-5,AM,2.0-20.0,1785.3561301853176,16682.311027753567,1690.909086057255,15430.710933631246,0.8969966012243554,4.889156236605077,9.86767841696323,,,231.98600683757178,66.51569697665114
1235,,AM,R3130,00,EHZ,61.1981981981982,-149.90658980942584,2026-09-09T15:56:59.995000Z,2026-09-09T15:57:59.995000Z,100.0,100.0,60.0,,traffic,1,Traffic,timeofday:America/Anchorage:day7-19:night1-5,AM,2.0-20.0,1200.8917506885286,6712.311156113818,1123.3716365781404,6784.856863834226,0.8750627272961911,1.9282810030941246,2.272621621778791,,,231.98600683757178,29.246836722288762
1236,,AM,R3130,00,EHZ,61.1981981981982,-149.90658980942584,2026-09-09T15:57:59.995000Z,2026-09-09T15:58:59.995000Z,100.0,100.0,60.0,,traffic,1,Traffic,timeofday:America/Anchorage:day7-19:night1-5,AM,2.0-20.0,1789.8443964020232,14226.312041423533,1596.6580720567513,14120.330228450672,0.7957804931114961,4.443355768000879,5.420938520967253,,,231.98600683757178,60.8671635886091
1237,,AM,R3130,00,EHZ,61.1981981981982,-149.90658980942584,2026-09-09T15:58:59.995000Z,2026-09-09T15:59:59.995000Z,100.0,100.0,60.0,,traffic,1,Traffic,timeofday:America/Anchorage:day7-19:night1-5,AM,2.0-20.0,1084.7818725561835,5204.687535587254,979.1411324295138,4939.364266460067,0.8147150739037767,2.3791794682290988,0.7392963744877932,,,231.98600683757178,21.29164743077987
1238,,AM,R3130,00,EHZ,61.1981981981982,-149.90658980942584,2026-09-09T15:59:59.995000Z,2026-09-09T16:00:59.995000Z,100.0,100.0,60.0,,traffic,1,Traffic,timeofday:America/Anchorage:day7-19:night1-5,AM,2.0-20.0,1112.9956880650616,6036.313285288254,1038.3073502115878,4964.646049509983,0.8702918032881862,2.9759654469698296,0.5530034761531288,,,231.98600683757178,21.40062720673514
1239,,AM,R3130,00,EHZ,61.1981981981982,-149.90658980942584,2026-09-09T16:00:59.995000Z,2026-09-09T16:01:59.995000Z,100.0,100.0,60.0,,traffic,1,Traffic,timeofday:America/Anchorage:day7-19:night1-5,AM,2.0-20.0,1789.8263496058473,9677.313676365258,1667.9694379181838,9133.936834970718,0.868469123766773,4.1124633370931045,1.9819251604425698,,,231.98600683757178,39.37279217606418
1240,,AM,R3130,00,EHZ,61.1981981981982,-149.90658980942584,2026-09-09T16:01:59.995000Z,2026-09-09T16:02:59.995000Z,100.0,100.0,60.0,,traffic,1,Traffic,timeofday:America/Anchorage:day7-19:night1-5,AM,2.0-20.0,1080.8378410155742,4992.314240215366,1004.9586175086856,4806.0533860826945,0.8645204575814172,3.9552403047287887,0.8277548728255528,,,231.98600683757178,20.716996906833778
1241,,AM,R3130,00,EHZ,61.1981981981982,-149.90658980942584,2026-09-09T16:02:59.995000Z,2026-09-09T16:03:59.995000Z,100.0,100.0,60.0,,traffic,1,Traffic,timeofday:America/Anchorage:day7-19:night1-5,AM,2.0-20.0,1111.5552182035701,5523.684700583872,1033.139446059593,5795.391919024054,0.8638847419279718,2.1450578390739823,0.4643524952133946,,,231.98600683757178,24.98164435875556
1242,,AM,R3130,00,EHZ,61.1981981981982,-149.90658980942584,2026-09-09T16:03:59.995000Z,2026-09-09T16:04:59.995000Z,100.0,100.0,60.0,,traffic,1,Traffic,timeofday:America/Anchorage:day7-19:night1-5,AM,2.0-20.0,1461.7146771832574,8044.684282168064,1335.792934678441,7519.531546810195,0.8351280455750725,3.178568804113166,1.4777451459205295,,,231.98600683757178,32.41372895424291
1243,,AM,R3130,00,EHZ,61.1981981981982,-149.90658980942584,2026-09-09T16:04:59.995000Z,2026-09-09T16:05:59.995000Z,100.0,100.0,60.0,,traffic,1,Traffic,timeofday:America/Anchorage:day7-19:night1-5,AM,2.0-20.0,1087.2458345858374,5787.316484233101,990.7001095023978,4753.628479794836,0.8302882979049985,2.920688853373057,0.5200671231199645,,,231.98600683757178,20.49101385293103
1244,,AM,R3130,00,EHZ,61.1981981981982,-149.90658980942584,2026-09-09T16:05:59.995000Z,2026-09-09T16:06:59.995000Z,100.0,100.0,60.0,,traffic,1,Traffic,timeofday:America/Anchorage:day7-19:night1-5,AM,2.0-20.0,1453.5426501405937,6749.683249086531,1382.1682389825874,6605.038942807961,0.9042036570012921,2.99762162591282,1.0589800686511994,,,231.98600683757178,28.471712724606576
1245,,AM,R3130,00,EHZ,61.1981981981982,-149.90658980942584,2026-09-09T16:06:59.995000Z,2026-09-09T16:07:59.995000Z,100.0,100.0,60.0,,traffic,1,Traffic,timeofday:America/Anchorage:day7-19:night1-5,AM,2.0-20.0,1392.2387592422806,6782.317412431197,1317.76081089186,6243.632079311563,0.895871530209784,2.2191779175438926,1.3568806592228695,,,231.98600683757178,26.913830555664198
1246,,AM,R3130,00,EHZ,61.1981981981982,-149.90658980942584,2026-09-09T16:07:59.995000Z,2026-09-09T16:08:59.995000Z,100.0,100.0,60.0,,traffic,1,Traffic,timeofday:America/Anchorage:day7-19:night1-5,AM,2.0-20.0,1134.6406533498316,5857.318130862419,1058.5750119130905,5622.80893640167,0.8704154600688959,2.67694762062811,0.9537698487872381,,,231.98600683757178,24.237707321453044
1247,,AM,R3130,00,EHZ,61.1981981981982,-149.90658980942584,2026-09-09T16:08:59.995000Z,2026-09-09T16:09:59.995000Z,100.0,100.0,60.0,,traffic,1,Traffic,timeofday:America/Anchorage:day7-19:night1-5,AM,2.0-20.0,2351.813590416447,18041.681138408978,2172.6134034051697,17802.81521329776,0.8534127316027389,4.009014533594433,4.18844866683931,,,231.98600683757178,76.74090112582802
1248,,AM,R3130,00,EHZ,61.1981981981982,-149.90658980942584,2026-09-09T16:09:59.995000Z,2026-09-09T16:10:59.995000Z,100.0,100.0,60.0,,traffic,1,Traffic,timeofday:America/Anchorage:day7-19:night1-5,AM,2.0-20.0,1896.025785280108,9828.319387126152,1781.8715059550748,10246.422022635701,0.88321063018824,3.972240723884219,2.27148416260367,,,231.98600683757178,44.16827619180443
1249,,AM,R3130,00,EHZ,61.1981981981982,-149.90658980942584,2026-09-09T16:10:59.995000Z,2026-09-09T16:11:59.995000Z,100.0,100.0,60.0,,traffic,1,Traffic,timeofday:America/Anchorage:day7-19:night1-5,AM,2.0-20.0,1305.37874135319,10169.32013726632,1179.195453229533,8559.924345702557,0.8160157109548815,2.9443317507897797,1.7405301189922646,,,231.98600683757178,36.89845117122046
1250,,AM,R3130,00,EHZ,61.1981981981982,-149.90658980942584,2026-09-09T16:11:59.995000Z,2026-09-09T16:12:59.995000Z,100.0,100.0,60.0,,traffic,1,Traffic,timeofday:America/Anchorage:day7-19:night1-5,AM,2.0-20.0,1367.2692857080924,6344.320761282121,1261.5028228263338,7540.3801675173,0.8512719777060129,2.4016563386769185,0.6560539273293338,,,231.98600683757178,32.50359911922102
1251,,AM,R3130,00,EHZ,61.1981981981982,-149.90658980942584,2026-09-09T16:12:59.995000Z,2026-09-09T16:13:59.995000Z,100.0,100.0,60.0,,traffic,1,Traffic,timeofday:America/Anchorage:day7-19:night1-5,AM,2.0-20.0,1357.7876591005306,8391.67862730435,1155.2368131338765,6091.384379804424,0.7238995813897836,2.554921334251163,0.828510869664719,,,231.98600683757178,26.257550887840363
1252,,AM,R3130,00,EHZ,61.1981981981982,-149.90658980942584,2026-09-09T16:13:59.995000Z,2026-09-09T16:14:59.995000Z,100.0,100.0,60.0,,traffic,1,Traffic,timeofday:America/Anchorage:day7-19:night1-5,AM,2.0-20.0,1613.3301287960978,8622.322010533298,1490.403345684319,7132.895091484901,0.8534167156495498,2.4477636974048256,1.0559905672038887,,,231.98600683757178,30.747091985074327
1253,,AM,R3130,00,EHZ,61.1981981981982,-149.90658980942584,2026-09-09T16:14:59.995000Z,2026-09-09T16:15:59.995000Z,100.0,100.0,60.0,,traffic,1,Traffic,timeofday:America/Anchorage:day7-19:night1-5,AM,2.0-20.0,1606.9185252272246,14159.322608531504,1476.429403732176,12912.051328343767,0.8441850494745101,5.664707928985056,5.262977023979529,,,231.98600683757178,55.65875073397991
1254,,AM,R3130,00,EHZ,61.1981981981982,-149.90658980942584,2026-09-09T16:15:59.995000Z,2026-09-09T16:16:59.995000Z,100.0,100.0,60.0,,traffic,1,Traffic,timeofday:America/Anchorage:day7-19:night1-5,AM,2.0-20.0,2658.0951012503633,26157.677027323767,2561.892671912224,25746.15440461044,0.9289253884528227,6.815831797187776,9.575838053047859,,,231.98600683757178,110.98149735659257
1255,,AM,R3130,00,EHZ,61.1981981981982,-149.90658980942584,2026-09-09T16:16:59.995000Z,2026-09-09T16:17:59.995000Z,100.0,100.0,60.0,,traffic,1,Traffic,timeofday:America/Anchorage:day7-19:night1-5,AM,2.0-20.0,1576.661931512557,10823.323768956978,1430.379215590847,9201.508067772298,0.8230481031788536,4.554004205615429,1.3645700768654212,,,231.98600683757178,39.66406505809147
1256,,AM,R3130,00,EHZ,61.1981981981982,-149.90658980942584,2026-09-09T16:17:59.995000Z,2026-09-09T16:18:59.995000Z,100.0,100.0,60.0,,traffic,1,Traffic,timeofday:America/Anchorage:day7-19:night1-5,AM,2.0-20.0,1274.683537014304,7249.324333213612,1180.958480157554,6060.740079090003,0.8583501839916201,2.7802018773086172,0.8032106409277242,,,231.98600683757178,26.12545541737573
1257,,AM,R3130,00,EHZ,61.1981981981982,-149.90658980942584,2026-09-09T16:18:59.995000Z,2026-09-09T16:19:59.995000Z,100.0,100.0,60.0,,traffic,1,Traffic,timeofday:America/Anchorage:day7-19:night1-5,AM,2.0-20.0,1289.121477936193,7694.324821043554,1206.8901624432394,6628.895255452573,0.8764916966193035,2.6632866649108404,2.049436182265767,,,231.98600683757178,28.574547860957345
1258,,AM,R3130,00,EHZ,61.1981981981982,-149.90658980942584,2026-09-09T16:19:59.995000Z,2026-09-09T16:20:59.995000Z,100.0,100.0,60.0,,traffic,1,Traffic,timeofday:America/Anchorage:day7-19:night1-5,AM,2.0-20.0,1891.8882026521624,11209.325401357923,1740.8130987335032,9332.460293830887,0.8466684051150439,4.5583409962299,0.81219974563375,,,231.98600683757178,40.22854835535463
1259,,AM,R3130,00,EHZ,61.1981981981982,-149.90658980942584,2026-09-09T16:20:59.995000Z,2026-09-09T16:21:59.995000Z,100.0,100.0,60.0,,traffic,1,Traffic,timeofday:America/Anchorage:day7-19:night1-5,AM,2.0-20.0,1465.9645115901894,7578.674177888752,1286.5457617031757,6524.120241606437,0.7702000863870797,2.619071243106155,1.0736800081290703,,,231.98600683757178,28.122904180916354
1260,,AM,R3130,00,EHZ,61.1981981981982,-149.90658980942584,2026-09-09T16:21:59.995000Z,2026-09-09T16:22:59.995000Z,100.0,100.0,60.0,,traffic,1,Traffic,timeofday:America/Anchorage:day7-19:night1-5,AM,2.0-20.0,1843.1096441905058,14943.673111878696,1763.6817251108798,15319.397947842466,0.9156681042415246,5.079435671035143,7.813866111495381,,,231.98600683757178,66.03587068321994
1261,,AM,R3130,00,EHZ,61.1981981981982,-149.90658980942584,2026-09-09T16:22:59.995000Z,2026-09-09T16:23:59.995000Z,100.0,100.0,60.0,,traffic,1,Traffic,timeofday:America/Anchorage:day7-19:night1-5,AM,2.0-20.0,1620.2257022952133,6985.672535832839,1463.730428752462,7236.902065491588,0.8161522231392345,1.9061314813069812,0.4300147933765417,,,231.98600683757178,31.19542494887894
1262,,AM,R3130,00,EHZ,61.1981981981982,-149.90658980942584,2026-09-09T16:23:59.995000Z,2026-09-09T16:24:59.995000Z,100.0,100.0,60.0,,traffic,1,Traffic,timeofday:America/Anchorage:day7-19:night1-5,AM,2.0-20.0,1599.9582577844885,7980.672374747326,1483.703720192484,6113.151655836321,0.8599576549747906,3.638161971843081,0.7652412574540106,,,231.98600683757178,26.351381012892425
1263,,AM,R3130,00,EHZ,61.1981981981982,-149.90658980942584,2026-09-09T16:24:59.995000Z,2026-09-09T16:25:59.995000Z,100.0,100.0,60.0,,traffic,1,Traffic,timeofday:America/Anchorage:day7-19:night1-5,AM,2.0-20.0,1930.486350191157,9446.67164117305,1758.468750920153,9074.437210307202,0.8297281788108022,3.4156037641227988,0.7448114251047877,,,231.98600683757178,39.11631280700821
1264,,AM,R3130,00,EHZ,61.1981981981982,-149.90658980942584,2026-09-09T16:25:59.995000Z,2026-09-09T16:26:59.995000Z,100.0,100.0,60.0,,traffic,1,Traffic,timeofday:America/Anchorage:day7-19:night1-5,AM,2.0-20.0,1568.5791381098484,10962.671045512365,1438.807754939857,11541.979342464654,0.8413809418055448,4.393716198442471,2.991579412048191,,,231.98600683757178,49.75291182345292
1265,,AM,R3130,00,EHZ,61.1981981981982,-149.90658980942584,2026-09-09T16:26:59.995000Z,2026-09-09T16:27:59.995000Z,100.0,100.0,60.0,,traffic,1,Traffic,timeofday:America/Anchorage:day7-19:night1-5,AM,2.0-20.0,1498.5141349335415,8167.329945188943,1386.948961632496,8359.210149374016,0.8566418192644777,3.5684774275844817,1.6824364677194916,,,231.98600683757178,36.03325158843237
1266,,AM,R3130,00,EHZ,61.1981981981982,-149.90658980942584,2026-09-09T16:27:59.995000Z,2026-09-09T16:28:59.995000Z,100.0,100.0,60.0,,traffic,1,Traffic,timeofday:America/Anchorage:day7-19:night1-5,AM,2.0-20.0,2025.0974085651765,13624.330309638563,1857.4693275377344,11901.2435930736,0.8413011181283159,3.1394401249011534,1.8245240570504286,,,231.98600683757178,51.301558034948286
1267,,AM,R3130,00,EHZ,61.1981981981982,-149.90658980942584,2026-09-09T16:28:59.995000Z,2026-09-09T16:29:59.995000Z,100.0,100.0,60.0,,traffic,1,Traffic,timeofday:America/Anchorage:day7-19:night1-5,AM,2.0-20.0,1771.5611774837355,7082.330851536324,1613.7800317156175,6540.649379118021,0.8298056085207175,2.4852286390523757,0.4199235146165723,,,231.98600683757178,28.19415476079791
1268,,AM,R3130,00,EHZ,61.1981981981982,-149.90658980942584,2026-09-09T16:29:59.995000Z,2026-09-09T16:30:59.995000Z,100.0,100.0,60.0,,traffic,1,Traffic,timeofday:America/Anchorage:day7-19:night1-5,AM,2.0-20.0,1636.6958036595217,6380.331677696657,1531.8788290480506,6739.200136610843,0.8760177186447248,2.2563951814891277,0.260602784518265,,,231.98600683757178,29.050028613705948
1269,,AM,R3130,00,EHZ,61.1981981981982,-149.90658980942584,2026-09-09T16:30:59.995000Z,2026-09-09T16:31:59.995000Z,100.0,100.0,60.0,,traffic,1,Traffic,timeofday:America/Anchorage:day7-19:night1-5,AM,2.0-20.0,1883.5507425740448,8924.667869129653,1588.6184680065558,7088.4822352962165,0.7113520132141056,2.487696493524433,0.5753400360215073,,,231.98600683757178,30.555645712973178
1270,,AM,R3130,00,EHZ,61.1981981981982,-149.90658980942584,2026-09-09T16:31:59.995000Z,2026-09-09T16:32:59.995000Z,100.0,100.0,60.0,,traffic,1,Traffic,timeofday:America/Anchorage:day7-19:night1-5,AM,2.0-20.0,1854.559064751993,11463.332821657872,1750.1890786940428,11257.048725360097,0.8906121180358795,3.8499500514419545,1.9621278714026689,,,231.98600683757178,48.52468853107108
1271,,AM,R3130,00,EHZ,61.1981981981982,-149.90658980942584,2026-09-09T16:32:59.995000Z,2026-09-09T16:33:59.995000Z,100.0,100.0,60.0,,traffic,1,Traffic,timeofday:America/Anchorage:day7-19:night1-5,AM,2.0-20.0,1571.6057567438882,8095.333469455383,1406.7218894444811,6835.470663192395,0.8011784679192592,3.5993668013488405,0.6276765270406539,,,231.98600683757178,29.46501280992497
1272,,AM,R3130,00,EHZ,61.1981981981982,-149.90658980942584,2026-09-09T16:33:59.995000Z,2026-09-09T16:34:59.995000Z,100.0,100.0,60.0,,traffic,1,Traffic,timeofday:America/Anchorage:day7-19:night1-5,AM,2.0-20.0,2026.736489208128,10054.334240734848,1885.6347782891733,9544.313388005427,0.8656066537823227,3.483162035744178,1.2882579677843147,,,231.98600683757178,41.141763324923346
1273,,AM,R3130,00,EHZ,61.1981981981982,-149.90658980942584,2026-09-09T16:34:59.995000Z,2026-09-09T16:35:59.995000Z,100.0,100.0,60.0,,traffic,1,Traffic,timeofday:America/Anchorage:day7-19:night1-5,AM,2.0-20.0,2097.50525898101,15327.665215944553,1928.5600510048673,13289.600744340287,0.8453960531745144,4.181455926880093,2.8082289460469436,,,231.98600683757178,57.286217067588844
1274,,AM,R3130,00,EHZ,61.1981981981982,-149.90658980942584,2026-09-09T16:35:59.995000Z,2026-09-09T16:36:59.995000Z,100.0,100.0,60.0,,traffic,1,Traffic,timeofday:America/Anchorage:day7-19:night1-5,AM,2.0-20.0,1811.2855159014277,9323.335152875208,1601.2320155324946,9480.256321683779,0.7815102912423096,3.575534615532516,1.5919073298562445,,,231.98600683757178,40.865638625874155
1275,,AM,R3130,00,EHZ,61.1981981981982,-149.90658980942584,2026-09-09T16:36:59.995000Z,2026-09-09T16:37:59.995000Z,100.0,100.0,60.0,,traffic,1,Traffic,timeofday:America/Anchorage:day7-19:night1-5,AM,2.0-20.0,1929.0084282535547,9722.33554364732,1734.8562211284932,10009.393574361413,0.8088327453961601,2.7669686823435278,0.9455844356509502,,,231.98600683757178,43.14654021942638
1276,,AM,R3130,00,EHZ,61.1981981981982,-149.90658980942584,2026-09-09T16:37:59.995000Z,2026-09-09T16:38:59.995000Z,100.0,100.0,60.0,,traffic,1,Traffic,timeofday:America/Anchorage:day7-19:night1-5,AM,2.0-20.0,1766.4771714575334,6253.66367795903,1518.120926253781,6057.720762627517,0.7385785232250853,2.538053594636691,0.2285568291008757,,,231.98600683757178,26.112440337269625
1277,,AM,R3130,00,EHZ,61.1981981981982,-149.90658980942584,2026-09-09T16:38:59.995000Z,2026-09-09T16:39:59.995000Z,100.0,100.0,60.0,,traffic,1,Traffic,timeofday:America/Anchorage:day7-19:night1-5,AM,2.0-20.0,1921.8637947853188,7938.662938083617,1578.3699999079815,6348.143489253921,0.6744852001827502,2.3237593364825924,0.3445462536927706,,,231.98600683757178,27.364337943446138
1278,,AM,R3130,00,EHZ,61.1981981981982,-149.90658980942584,2026-09-09T16:39:59.995000Z,2026-09-09T16:40:59.995000Z,100.0,100.0,60.0,,traffic,1,Traffic,timeofday:America/Anchorage:day7-19:night1-5,AM,2.0-20.0,1445.1952915962943,6377.337944380422,1276.470321839445,6225.179615611973,0.780132494432928,2.046454236842802,0.2771031748316637,,,231.98600683757178,26.834289276639943
1279,,AM,R3130,00,EHZ,61.1981981981982,-149.90658980942584,2026-09-09T16:40:59.995000Z,2026-09-09T16:41:59.995000Z,100.0,100.0,60.0,,traffic,1,Traffic,timeofday:America/Anchorage:day7-19:night1-5,AM,2.0-20.0,2074.5419823465004,9369.66167582364,1910.3808385466602,8270.352238998781,0.8479992160554892,3.0602860175132482,0.8382044277344622,,,231.98600683757178,35.65022025138518
1280,,AM,R3130,00,EHZ,61.1981981981982,-149.90658980942584,2026-09-09T16:41:59.995000Z,2026-09-09T16:42:59.995000Z,100.0,100.0,60.0,,traffic,1,Traffic,timeofday:America/Anchorage:day7-19:night1-5,AM,2.0-20.0,1788.344374828883,8684.339102671642,1579.6480793875003,8480.003632966927,0.7802223406325502,2.120855017196131,0.6494645612657464,,,231.98600683757178,36.55394456142486
1281,,AM,R3130,00,EHZ,61.1981981981982,-149.90658980942584,2026-09-09T16:42:59.995000Z,2026-09-09T16:43:59.995000Z,100.0,100.0,60.0,,traffic,1,Traffic,timeofday:America/Anchorage:day7-19:night1-5,AM,2.0-20.0,1907.9245462346635,8169.339719776519,1715.3205416782778,8192.555366412918,0.8082918245681072,2.066493315832229,0.6037465474670944,,,231.98600683757178,35.31486867718297
1282,,AM,R3130,00,EHZ,61.1981981981982,-149.90658980942584,2026-09-09T16:43:59.995000Z,2026-09-09T16:44:59.995000Z,100.0,100.0,60.0,,traffic,1,Traffic,timeofday:America/Anchorage:day7-19:night1-5,AM,2.0-20.0,2059.4396938636896,9809.659848900506,1850.7431114415863,9838.92406216305,0.8075959362238121,2.588374046106108,0.7703550292435701,,,231.98600683757178,42.41171351792744
1283,,AM,R3130,00,EHZ,61.1981981981982,-149.90658980942584,2026-09-09T16:44:59.995000Z,2026-09-09T16:45:59.995000Z,100.0,100.0,60.0,,traffic,1,Traffic,timeofday:America/Anchorage:day7-19:night1-5,AM,2.0-20.0,1702.910960379073,7728.340429975611,1528.6736510109845,7613.542977503332,0.8058341689815987,2.942368934873099,0.9398059981553919,,,231.98600683757178,32.81897508082916
1284,,AM,R3130,00,EHZ,61.1981981981982,-149.90658980942584,2026-09-09T16:45:59.995000Z,2026-09-09T16:46:59.995000Z,100.0,100.0,60.0,,traffic,1,Traffic,timeofday:America/Anchorage:day7-19:night1-5,AM,2.0-20.0,1405.470030694894,7121.341262030557,1226.2298345138777,6172.342972981842,0.7612031520479686,2.3021372151521367,0.38957509964921755,,,231.98600683757178,26.606531390074288
1285,,AM,R3130,00,EHZ,61.1981981981982,-149.90658980942584,2026-09-09T16:46:59.995000Z,2026-09-09T16:47:59.995000Z,100.0,100.0,60.0,,traffic,1,Traffic,timeofday:America/Anchorage:day7-19:night1-5,AM,2.0-20.0,1549.2471053147542,6908.657862009803,1404.7304706681657,6831.114397269502,0.8221378052300348,2.638861175174992,0.730969059955044,,,231.98600683757178,29.4462346690264
1286,,AM,R3130,00,EHZ,61.1981981981982,-149.90658980942584,2026-09-09T16:47:59.995000Z,2026-09-09T16:48:59.995000Z,100.0,100.0,60.0,,traffic,1,Traffic,timeofday:America/Anchorage:day7-19:night1-5,AM,2.0-20.0,1962.4000962881883,9072.657480181242,1818.6763543761167,8060.089264602313,0.8588864032995348,2.803264878411515,0.5240760050688693,,,231.98600683757178,34.74385965980136
1287,,AM,R3130,00,EHZ,61.1981981981982,-149.90658980942584,2026-09-09T16:48:59.995000Z,2026-09-09T16:49:59.995000Z,100.0,100.0,60.0,,traffic,1,Traffic,timeofday:America/Anchorage:day7-19:night1-5,AM,2.0-20.0,1744.0402628829754,10946.343271788288,1619.513136756853,10177.651063171603,0.8622951366163011,2.632173026712119,1.2370625015497883,,,231.98600683757178,43.87183176223912
1288,,AM,R3130,00,EHZ,61.1981981981982,-149.90658980942584,2026-09-09T16:49:59.995000Z,2026-09-09T16:50:59.995000Z,100.0,100.0,60.0,,traffic,1,Traffic,timeofday:America/Anchorage:day7-19:night1-5,AM,2.0-20.0,1514.674457107553,10511.344058109176,1366.912752310709,9767.078881144129,0.8144097924334023,3.323549802464023,2.8945542778863267,,,231.98600683757178,42.102017334100175
1289,,AM,R3130,00,EHZ,61.1981981981982,-149.90658980942584,2026-09-09T16:50:59.995000Z,2026-09-09T16:51:59.995000Z,100.0,100.0,60.0,,traffic,1,Traffic,timeofday:America/Anchorage:day7-19:night1-5,AM,2.0-20.0,1840.4566077864022,12447.655859162996,1703.8758207117683,11868.438483853111,0.8570866188539967,3.4918252045914997,2.252808494711699,,,231.98600683757178,51.160148172915285
1290,,AM,R3130,00,EHZ,61.1981981981982,-149.90658980942584,2026-09-09T16:51:59.995000Z,2026-09-09T16:52:59.995000Z,100.0,100.0,60.0,,traffic,1,Traffic,timeofday:America/Anchorage:day7-19:night1-5,AM,2.0-20.0,1358.5290519585362,7383.654774249531,1210.310794182616,6514.2654662577625,0.7936992186655777,4.081345957563779,1.202089912685551,,,231.98600683757178,28.080424138766336
1291,,AM,R3130,00,EHZ,61.1981981981982,-149.90658980942584,2026-09-09T16:52:59.995000Z,2026-09-09T16:53:59.995000Z,100.0,100.0,60.0,,traffic,1,Traffic,timeofday:America/Anchorage:day7-19:night1-5,AM,2.0-20.0,2194.549322813783,17784.345633495,2067.515589847483,17274.70270038679,0.887578745322817,6.014523957136257,7.784056811483612,,,231.98600683757178,74.46441678045656
1292,,AM,R3130,00,EHZ,61.1981981981982,-149.90658980942584,2026-09-09T16:53:59.995000Z,2026-09-09T16:54:59.995000Z,100.0,100.0,60.0,,traffic,1,Traffic,timeofday:America/Anchorage:day7-19:night1-5,AM,2.0-20.0,1355.2525458248672,8912.346180677581,1222.3854574064756,8677.602704684608,0.8135343322437535,3.1558361538885626,2.297835775647658,,,231.98600683757178,37.40571607304035
1293,,AM,R3130,00,EHZ,61.1981981981982,-149.90658980942584,2026-09-09T16:54:59.995000Z,2026-09-09T16:55:59.995000Z,100.0,100.0,60.0,,traffic,1,Traffic,timeofday:America/Anchorage:day7-19:night1-5,AM,2.0-20.0,1316.8670289807758,8885.347003179191,1191.4198947705854,7572.170175622818,0.818551195879449,2.6086388285493607,2.4425228874530447,,,231.98600683757178,32.640633281491745
1294,,AM,R3130,00,EHZ,61.1981981981982,-149.90658980942584,2026-09-09T16:55:59.995000Z,2026-09-09T16:56:59.995000Z,100.0,100.0,60.0,,traffic,1,Traffic,timeofday:America/Anchorage:day7-19:night1-5,AM,2.0-20.0,1872.0041250237596,17843.652454109997,1714.9367186231993,16685.144439799238,0.8392330828121118,3.7992139613396225,5.1998066441429796,,,231.98600683757178,71.92306409878236
1295,,AM,R3130,00,EHZ,61.1981981981982,-149.90658980942584,2026-09-09T16:56:59.995000Z,2026-09-09T16:57:59.995000Z,100.0,100.0,60.0,,traffic,1,Traffic,timeofday:America/Anchorage:day7-19:night1-5,AM,2.0-20.0,1231.6527311650916,5997.651749602257,1045.0763363727713,5550.679836410938,0.7199784205875268,2.16762235827251,1.3343778359022078,,,231.98600683757178,23.926787275136487
1296,,AM,R3130,00,EHZ,61.1981981981982,-149.90658980942584,2026-09-09T16:57:59.995000Z,2026-09-09T16:58:59.995000Z,100.0,100.0,60.0,,traffic,1,Traffic,timeofday:America/Anchorage:day7-19:night1-5,AM,2.0-20.0,1575.983065453371,7745.65115556767,1504.936338242152,7976.411981323583,0.9118704969537459,4.517639073838543,1.7803164953875505,,,231.98600683757178,34.38315995890381
1297,,AM,R3130,00,EHZ,61.1981981981982,-149.90658980942584,2026-09-09T16:58:59.995000Z,2026-09-09T16:59:59.995000Z,100.0,100.0,60.0,,traffic,1,Traffic,timeofday:America/Anchorage:day7-19:night1-5,AM,2.0-20.0,1356.0982664932621,6383.6510118611,1268.0502964204584,6399.401202762083,0.8743607183348562,3.5004031653071865,1.416770696570337,,,231.98600683757178,27.58528969052307
1298,,AM,R3130,00,EHZ,61.1981981981982,-149.90658980942584,2026-09-09T16:59:59.995000Z,2026-09-09T17:00:59.995000Z,100.0,100.0,60.0,,traffic,1,Traffic,timeofday:America/Anchorage:day7-19:night1-5,AM,2.0-20.0,1470.2641198519204,7318.650449230567,1368.8140353073372,7861.2717459965725,0.8667586440768168,3.480211616758856,1.368145808083928,,,231.98600683757178,33.886835905153326
1299,,AM,R3130,00,EHZ,61.1981981981982,-149.90658980942584,2026-09-09T17:00:59.995000Z,2026-09-09T17:01:59.995000Z,100.0,100.0,60.0,,traffic,1,Traffic,timeofday:America/Anchorage:day7-19:night1-5,AM,2.0-20.0,2869.160016659723,23896.649392265692,2816.587607522618,23580.899727574506,0.963689191631525,7.5277647152074945,9.584609292126482,,,231.98600683757178,101.64794010220194
1300,,AM,R3130,00,EHZ,61.1981981981982,-149.90658980942584,2026-09-09T17:01:59.995000Z,2026-09-09T17:02:59.995000Z,100.0,100.0,60.0,,traffic,1,Traffic,timeofday:America/Anchorage:day7-19:night1-5,AM,2.0-20.0,1065.1215200774259,6990.351107251843,946.5909278622532,5440.201191190545,0.7898167811831512,2.6353723830721387,0.8231915248192445,,,231.98600683757178,23.45055749418359
1301,,AM,R3130,00,EHZ,61.1981981981982,-149.90658980942584,2026-09-09T17:02:59.995000Z,2026-09-09T17:03:59.995000Z,100.0,100.0,60.0,,traffic,1,Traffic,timeofday:America/Anchorage:day7-19:night1-5,AM,2.0-20.0,1225.6765155864518,4656.351932395864,1073.4203173249784,5027.077407546595,0.7669868049796751,2.1814523760476674,0.2917401199337384,,,231.98600683757178,21.669744119809664
1302,,AM,R3130,00,EHZ,61.1981981981982,-149.90658980942584,2026-09-09T17:03:59.995000Z,2026-09-09T17:04:59.995000Z,100.0,100.0,60.0,,traffic,1,Traffic,timeofday:America/Anchorage:day7-19:night1-5,AM,2.0-20.0,1695.3124290287615,19577.64752133623,1584.7935428309393,18347.633205858467,0.8738681161177908,6.315466898491774,11.242895265132153,,,231.98600683757178,79.08939619235231
1303,,AM,R3130,00,EHZ,61.1981981981982,-149.90658980942584,2026-09-09T17:04:59.995000Z,2026-09-09T17:05:59.995000Z,100.0,100.0,60.0,,traffic,1,Traffic,timeofday:America/Anchorage:day7-19:night1-5,AM,2.0-20.0,1991.1754522713263,19883.647367466536,1795.791532698307,18670.56799230293,0.8133786711461054,5.024829811029351,16.24579828657476,,,231.98600683757178,80.48144044039427
1304,,AM,R3130,00,EHZ,61.1981981981982,-149.90658980942584,2026-09-09T17:05:59.995000Z,2026-09-09T17:06:59.995000Z,100.0,100.0,60.0,,traffic,1,Traffic,timeofday:America/Anchorage:day7-19:night1-5,AM,2.0-20.0,2110.7087514488776,20376.64635399983,2028.865195823084,20482.274622031047,0.923952750312283,5.131789459411337,11.34609418855436,,,231.98600683757178,88.29099177681005
1305,,AM,R3130,00,EHZ,61.1981981981982,-149.90658980942584,2026-09-09T17:06:59.995000Z,2026-09-09T17:07:59.995000Z,100.0,100.0,60.0,,traffic,1,Traffic,timeofday:America/Anchorage:day7-19:night1-5,AM,2.0-20.0,1242.657223703393,5850.645792182348,1158.683713602032,5451.399633146748,0.8694149576517753,3.776832559398899,1.4774577433962808,,,231.98600683757178,23.49882955209286
1306,,AM,R3130,00,EHZ,61.1981981981982,-149.90658980942584,2026-09-09T17:07:59.995000Z,2026-09-09T17:08:59.995000Z,100.0,100.0,60.0,,traffic,1,Traffic,timeofday:America/Anchorage:day7-19:night1-5,AM,2.0-20.0,1013.1428654372851,5260.354898706808,928.0728467002134,5580.0458172912295,0.8391174484807769,3.3465421751803475,0.9466779006229786,,,231.98600683757178,24.053372413958467
1307,,AM,R3130,00,EHZ,61.1981981981982,-149.90658980942584,2026-09-09T17:08:59.995000Z,2026-09-09T17:09:59.995000Z,100.0,100.0,60.0,,traffic,1,Traffic,timeofday:America/Anchorage:day7-19:night1-5,AM,2.0-20.0,1619.221107500593,10296.355482375007,1544.2657538466678,10700.36846938413,0.9095608692069669,3.824622394262586,1.9902825191477653,,,231.98600683757178,46.12505993465434
1308,,AM,R3130,00,EHZ,61.1981981981982,-149.90658980942584,2026-09-09T17:09:59.995000Z,2026-09-09T17:10:59.995000Z,100.0,100.0,60.0,,traffic,1,Traffic,timeofday:America/Anchorage:day7-19:night1-5,AM,2.0-20.0,1388.7533438724884,6151.643758642906,1237.6574110446832,6054.176380642801,0.7942379931498671,2.5030464407712083,0.5094434820649361,,,231.98600683757178,26.097161907190877
1309,,AM,R3130,00,EHZ,61.1981981981982,-149.90658980942584,2026-09-09T17:10:59.995000Z,2026-09-09T17:11:59.995000Z,100.0,100.0,60.0,,traffic,1,Traffic,timeofday:America/Anchorage:day7-19:night1-5,AM,2.0-20.0,1051.4637805063558,4499.356274488877,933.6535381916202,4633.794132415078,0.7884657996798901,1.8638837627333187,1.027414513987578,,,231.98600683757178,19.97445533712511
1310,,AM,R3130,00,EHZ,61.1981981981982,-149.90658980942584,2026-09-09T17:11:59.995000Z,2026-09-09T17:12:59.995000Z,100.0,100.0,60.0,,traffic,1,Traffic,timeofday:America/Anchorage:day7-19:night1-5,AM,2.0-20.0,1120.8510637968243,4540.642639174819,960.992318253564,4515.406510648494,0.7350959255416369,2.859039264356846,0.25256637139050353,,,231.98600683757178,19.464133083725255
1311,,AM,R3130,00,EHZ,61.1981981981982,-149.90658980942584,2026-09-09T17:12:59.995000Z,2026-09-09T17:13:59.995000Z,100.0,100.0,60.0,,traffic,1,Traffic,timeofday:America/Anchorage:day7-19:night1-5,AM,2.0-20.0,1737.8927755857276,23135.642310499392,1642.5236746192825,23461.24680577289,0.893258834791183,5.622995624552704,30.704200318676307,,,231.98600683757178,101.13216364036822
1312,,AM,R3130,00,EHZ,61.1981981981982,-149.90658980942584,2026-09-09T17:13:59.995000Z,2026-09-09T17:14:59.995000Z,100.0,100.0,60.0,,traffic,1,Traffic,timeofday:America/Anchorage:day7-19:night1-5,AM,2.0-20.0,1538.0322025506432,8423.641665852454,1457.6512582624457,7848.492929024562,0.8982069403685102,3.9968626936347067,2.477322002702814,,,231.98600683757178,33.83175147507838
1313,,AM,R3130,00,EHZ,61.1981981981982,-149.90658980942584,2026-09-09T17:14:59.995000Z,2026-09-09T17:15:59.995000Z,100.0,100.0,60.0,,traffic,1,Traffic,timeofday:America/Anchorage:day7-19:night1-5,AM,2.0-20.0,1331.6085796347793,10073.641073037443,1215.5406507955997,10033.803892589487,0.8332701132211964,4.81930131592515,3.3234994402873417,,,231.98600683757178,43.251763454917324
1314,,AM,R3130,00,EHZ,61.1981981981982,-149.90658980942584,2026-09-09T17:15:59.995000Z,2026-09-09T17:16:59.995000Z,100.0,100.0,60.0,,traffic,1,Traffic,timeofday:America/Anchorage:day7-19:night1-5,AM,2.0-20.0,1241.3332859524376,5912.640278687686,1003.6554458841911,5269.845799784087,0.6537210790054541,2.395905797757231,0.7554181445701071,,,231.98600683757178,22.716222722320673
1315,,AM,R3130,00,EHZ,61.1981981981982,-149.90658980942584,2026-09-09T17:16:59.995000Z,2026-09-09T17:17:59.995000Z,100.0,100.0,60.0,,traffic,1,Traffic,timeofday:America/Anchorage:day7-19:night1-5,AM,2.0-20.0,1814.563581310116,24652.360473485107,1725.9997761239688,19623.428734359866,0.9047677033935468,4.757051743461792,16.471846971126332,,,231.98600683757178,84.58884655098824
1316,,AM,R3130,00,EHZ,61.1981981981982,-149.90658980942584,2026-09-09T17:17:59.995000Z,2026-09-09T17:18:59.995000Z,100.0,100.0,60.0,,traffic,1,Traffic,timeofday:America/Anchorage:day7-19:night1-5,AM,2.0-20.0,1426.5691350251236,10219.63922660111,1352.4092106421874,9724.969265753896,0.8987328018705397,5.981845676951057,4.329313686101502,,,231.98600683757178,41.92049942289393
1317,,AM,R3130,00,EHZ,61.1981981981982,-149.90658980942584,2026-09-09T17:18:59.995000Z,2026-09-09T17:19:59.995000Z,100.0,100.0,60.0,,traffic,1,Traffic,timeofday:America/Anchorage:day7-19:night1-5,AM,2.0-20.0,1203.7070940792173,5232.63843194646,1073.3515800978037,5528.739363881917,0.7951377266807514,2.1331435115739534,0.6363117655420707,,,231.98600683757178,23.832210568428554
1318,,AM,R3130,00,EHZ,61.1981981981982,-149.90658980942584,2026-09-09T17:19:59.995000Z,2026-09-09T17:20:59.995000Z,100.0,100.0,60.0,,traffic,1,Traffic,timeofday:America/Anchorage:day7-19:night1-5,AM,2.0-20.0,1853.166065518476,14289.362349699391,1748.731323388969,13084.834012872278,0.8904663254632872,3.2548158861571954,4.713511582716325,,,231.98600683757178,56.40354860728219
1319,,AM,R3130,00,EHZ,61.1981981981982,-149.90658980942584,2026-09-09T17:20:59.995000Z,2026-09-09T17:21:59.995000Z,100.0,100.0,60.0,,traffic,1,Traffic,timeofday:America/Anchorage:day7-19:night1-5,AM,2.0-20.0,1911.8799115288912,16290.362420841258,1805.5206112563194,14763.335705288217,0.8918332933025239,2.965091781847174,4.763953237416245,,,231.98600683757178,63.63890609843968
1320,,AM,R3130,00,EHZ,61.1981981981982,-149.90658980942584,2026-09-09T17:21:59.995000Z,2026-09-09T17:22:59.995000Z,100.0,100.0,60.0,,traffic,1,Traffic,timeofday:America/Anchorage:day7-19:night1-5,AM,2.0-20.0,1331.0520357666257,7038.636800155304,1125.4021999324134,6578.028558495031,0.7148673327186192,2.237957768524459,1.198322823858839,,,231.98600683757178,28.355281631709488
1321,,AM,R3130,00,EHZ,61.1981981981982,-149.90658980942584,2026-09-09T17:22:59.995000Z,2026-09-09T17:23:59.995000Z,100.0,100.0,60.0,,traffic,1,Traffic,timeofday:America/Anchorage:day7-19:night1-5,AM,2.0-20.0,2447.4414302740975,24268.36387711527,2370.457991110409,24044.94567812179,0.9380800747615279,4.515377820184651,14.509826938809393,,,231.98600683757178,103.6482588148396
1322,,AM,R3130,00,EHZ,61.1981981981982,-149.90658980942584,2026-09-09T17:23:59.995000Z,2026-09-09T17:24:59.995000Z,100.0,100.0,60.0,,traffic,1,Traffic,timeofday:America/Anchorage:day7-19:night1-5,AM,2.0-20.0,1707.103718758534,10836.364534872639,1612.7925910838408,9672.144992569556,0.8925595940669805,4.136228309888006,2.8468786603766514,,,231.98600683757178,41.69279485612097
1323,,AM,R3130,00,EHZ,61.1981981981982,-149.90658980942584,2026-09-09T17:24:59.995000Z,2026-09-09T17:25:59.995000Z,100.0,100.0,60.0,,traffic,1,Traffic,timeofday:America/Anchorage:day7-19:night1-5,AM,2.0-20.0,1025.1133630321924,4710.635142041656,913.0754816508678,4186.652142075363,0.7933586703440092,2.401232321381705,0.2603670707873711,,,231.98600683757178,18.047002916890182
1324,,AM,R3130,00,EHZ,61.1981981981982,-149.90658980942584,2026-09-09T17:25:59.995000Z,2026-09-09T17:26:59.995000Z,100.0,100.0,60.0,,traffic,1,Traffic,timeofday:America/Anchorage:day7-19:night1-5,AM,2.0-20.0,2496.32802266385,19942.63415825127,2418.159965710778,20726.62685764024,0.9383540867593128,5.6860907090246755,5.7212806277940285,,,231.98600683757178,89.34429770219838
1325,,AM,R3130,00,EHZ,61.1981981981982,-149.90658980942584,2026-09-09T17:26:59.995000Z,2026-09-09T17:27:59.995000Z,100.0,100.0,60.0,,traffic,1,Traffic,timeofday:America/Anchorage:day7-19:night1-5,AM,2.0-20.0,1376.2427236076915,8410.366164834435,1215.8924054591,8036.211827642235,0.7805490869765758,5.293777197424601,2.373640357426461,,,231.98600683757178,34.64093346487446
1326,,AM,R3130,00,EHZ,61.1981981981982,-149.90658980942584,2026-09-09T17:27:59.995000Z,2026-09-09T17:28:59.995000Z,100.0,100.0,60.0,,traffic,1,Traffic,timeofday:America/Anchorage:day7-19:night1-5,AM,2.0-20.0,2142.008561069335,11381.6331221208,1847.4369506155745,8270.848457753567,0.7438696621488307,2.936112956647638,0.8490512992126287,,,231.98600683757178,35.65235925434294
1327,,AM,R3130,00,EHZ,61.1981981981982,-149.90658980942584,2026-09-09T17:28:59.995000Z,2026-09-09T17:29:59.995000Z,100.0,100.0,60.0,,traffic,1,Traffic,timeofday:America/Anchorage:day7-19:night1-5,AM,2.0-20.0,3277.8215377734855,25586.63255989679,3192.7573670331594,26031.211373689606,0.948770608071409,4.95205132346663,9.420459449450192,,,231.98600683757178,112.21026530240559
1328,,AM,R3130,00,EHZ,61.1981981981982,-149.90658980942584,2026-09-09T17:29:59.995000Z,2026-09-09T17:30:59.995000Z,100.0,100.0,60.0,,traffic,1,Traffic,timeofday:America/Anchorage:day7-19:night1-5,AM,2.0-20.0,2107.718480847253,15467.63159277393,2019.157278227149,12932.358531045169,0.9177303418148209,4.440580048307749,3.775489615890338,,,231.98600683757178,55.746287059891245
1329,,AM,R3130,00,EHZ,61.1981981981982,-149.90658980942584,2026-09-09T17:30:59.995000Z,2026-09-09T17:31:59.995000Z,100.0,100.0,60.0,,traffic,1,Traffic,timeofday:America/Anchorage:day7-19:night1-5,AM,2.0-20.0,1378.6004590366974,7283.63152620547,1184.8055012595028,8991.128025017897,0.7386135770652713,2.0642012979281144,2.039509702424062,,,231.98600683757178,38.7571998310793
1330,,AM,R3130,00,EHZ,61.1981981981982,-149.90658980942584,2026-09-09T17:31:59.995000Z,2026-09-09T17:32:59.995000Z,100.0,100.0,60.0,,traffic,1,Traffic,timeofday:America/Anchorage:day7-19:night1-5,AM,2.0-20.0,1589.629159390102,8421.369379023967,1511.7234928350601,9016.958175715117,0.9043844431381448,3.9606353909936987,3.086725866059469,,,231.98600683757178,38.86854340325995
1331,,AM,R3130,00,EHZ,61.1981981981982,-149.90658980942584,2026-09-09T17:32:59.995000Z,2026-09-09T17:33:59.995000Z,100.0,100.0,60.0,,traffic,1,Traffic,timeofday:America/Anchorage:day7-19:night1-5,AM,2.0-20.0,1933.0843936004642,11337.370069404968,1785.7144650562116,10486.035245319797,0.8533405902982397,3.5993734280089695,2.9714709290244334,,,231.98600683757178,45.20115410522041
1332,,AM,R3130,00,EHZ,61.1981981981982,-149.90658980942584,2026-09-09T17:33:59.995000Z,2026-09-09T17:34:59.995000Z,100.0,100.0,60.0,,traffic,1,Traffic,timeofday:America/Anchorage:day7-19:night1-5,AM,2.0-20.0,1081.23455773242,5814.370770253983,997.5376556786182,5441.778251887946,0.8511748082993004,2.514025035486192,0.7335094691087387,,,231.98600683757178,23.457355579632363
1333,,AM,R3130,00,EHZ,61.1981981981982,-149.90658980942584,2026-09-09T17:34:59.995000Z,2026-09-09T17:35:59.995000Z,100.0,100.0,60.0,,traffic,1,Traffic,timeofday:America/Anchorage:day7-19:night1-5,AM,2.0-20.0,1473.3956663248575,10735.371044455063,1376.2734262432862,10694.409304331926,0.8725105209638183,4.262551633900203,3.2562168865824335,,,231.98600683757178,46.099372329037784
1334,,AM,R3130,00,EHZ,61.1981981981982,-149.90658980942584,2026-09-09T17:35:59.995000Z,2026-09-09T17:36:59.995000Z,100.0,100.0,60.0,,traffic,1,Traffic,timeofday:America/Anchorage:day7-19:night1-5,AM,2.0-20.0,909.5540662533191,3362.6283923046135,828.471699099904,3040.5283059002263,0.8296564907044439,2.024227632566156,0.06265542130481938,,,231.98600683757178,13.106515980634532
1335,,AM,R3130,00,EHZ,61.1981981981982,-149.90658980942584,2026-09-09T17:36:59.995000Z,2026-09-09T17:37:59.995000Z,100.0,100.0,60.0,,traffic,1,Traffic,timeofday:America/Anchorage:day7-19:night1-5,AM,2.0-20.0,1523.5492561549502,14756.37225000481,1455.3806147532027,14514.740318242455,0.9125153378542055,4.621505757072231,8.17477898808923,,,231.98600683757178,62.56730962400311
1336,,AM,R3130,00,EHZ,61.1981981981982,-149.90658980942584,2026-09-09T17:37:59.995000Z,2026-09-09T17:38:59.995000Z,100.0,100.0,60.0,,traffic,1,Traffic,timeofday:America/Anchorage:day7-19:night1-5,AM,2.0-20.0,915.3286111423621,4953.627258913049,828.2250365466348,3796.5845861467155,0.8187336383988018,1.9211302124567666,0.21795768853180508,,,231.98600683757178,16.365575828911727
1337,,AM,R3130,00,EHZ,61.1981981981982,-149.90658980942584,2026-09-09T17:38:59.995000Z,2026-09-09T17:39:59.995000Z,100.0,100.0,60.0,,traffic,1,Traffic,timeofday:America/Anchorage:day7-19:night1-5,AM,2.0-20.0,1063.9227716414068,6796.626126842688,946.6641557071353,6446.538956530469,0.791720076563861,3.723461943158518,1.8287980955175458,,,231.98600683757178,27.788481919274133
1338,,AM,R3130,00,EHZ,61.1981981981982,-149.90658980942584,2026-09-09T17:39:59.995000Z,2026-09-09T17:40:59.995000Z,100.0,100.0,60.0,,traffic,1,Traffic,timeofday:America/Anchorage:day7-19:night1-5,AM,2.0-20.0,1517.3758981223164,10630.625593583583,1455.588924582786,10758.388893245306,0.9202188429380078,5.347075417241341,4.847921774713965,,,231.98600683757178,46.3751630535972
1339,,AM,R3130,00,EHZ,61.1981981981982,-149.90658980942584,2026-09-09T17:40:59.995000Z,2026-09-09T17:41:59.995000Z,100.0,100.0,60.0,,traffic,1,Traffic,timeofday:America/Anchorage:day7-19:night1-5,AM,2.0-20.0,1983.0295033255748,18056.624869664272,1904.3086085848315,21538.067189351772,0.9221812972849882,4.520700319198529,10.860612475448498,,,231.98600683757178,92.84209630985178
1340,,AM,R3130,00,EHZ,61.1981981981982,-149.90658980942584,2026-09-09T17:41:59.995000Z,2026-09-09T17:42:59.995000Z,100.0,100.0,60.0,,traffic,1,Traffic,timeofday:America/Anchorage:day7-19:night1-5,AM,2.0-20.0,1409.2498720364124,11903.375645910995,1275.123571667603,10312.156647307816,0.8187070686731744,3.5087287009380375,2.347260708130719,,,231.98600683757178,44.451632181970425
1341,,AM,R3130,00,EHZ,61.1981981981982,-149.90658980942584,2026-09-09T17:42:59.995000Z,2026-09-09T17:43:59.995000Z,100.0,100.0,60.0,,traffic,1,Traffic,timeofday:America/Anchorage:day7-19:night1-5,AM,2.0-20.0,1424.3092732816124,7690.624026633155,1308.9506275126478,6791.26873127851,0.8445744276597354,4.653148206608711,1.8517340123141581,,,231.98600683757178,29.274475749020116
1342,,AM,R3130,00,EHZ,61.1981981981982,-149.90658980942584,2026-09-09T17:43:59.995000Z,2026-09-09T17:44:59.995000Z,100.0,100.0,60.0,,traffic,1,Traffic,timeofday:America/Anchorage:day7-19:night1-5,AM,2.0-20.0,1201.7367803829734,6142.623354342517,1099.5860747677477,5598.83183024141,0.8372203108871318,3.2463377654873233,1.4726472385928089,,,231.98600683757178,24.134351491991108
1343,,AM,R3130,00,EHZ,61.1981981981982,-149.90658980942584,2026-09-09T17:44:59.995000Z,2026-09-09T17:45:59.995000Z,100.0,100.0,60.0,,traffic,1,Traffic,timeofday:America/Anchorage:day7-19:night1-5,AM,2.0-20.0,1382.249286435889,6853.377035006757,1247.620648592178,6910.733564052035,0.8146899500796961,2.957201965369478,1.0911604840330806,,,231.98600683757178,29.789441433382148
1344,,AM,R3130,00,EHZ,61.1981981981982,-149.90658980942584,2026-09-09T17:45:59.995000Z,2026-09-09T17:46:59.995000Z,100.0,100.0,60.0,,traffic,1,Traffic,timeofday:America/Anchorage:day7-19:night1-5,AM,2.0-20.0,976.3209697477304,4451.377727623643,884.248670601666,4108.693858768233,0.8202827834879388,2.49856449151045,0.3753563215333888,,,231.98600683757178,17.71095556485436
1345,,AM,R3130,00,EHZ,61.1981981981982,-149.90658980942584,2026-09-09T17:46:59.995000Z,2026-09-09T17:47:59.995000Z,100.0,100.0,60.0,,traffic,1,Traffic,timeofday:America/Anchorage:day7-19:night1-5,AM,2.0-20.0,1217.024514024663,6499.621214598432,1102.007888139346,6440.979978200805,0.8199186293546374,2.4294245321959496,1.1190813154289492,,,231.98600683757178,27.764519360473955
1346,,AM,R3130,00,EHZ,61.1981981981982,-149.90658980942584,2026-09-09T17:47:59.995000Z,2026-09-09T17:48:59.995000Z,100.0,100.0,60.0,,traffic,1,Traffic,timeofday:America/Anchorage:day7-19:night1-5,AM,2.0-20.0,2172.9727525567514,16903.378873515856,1951.3087260858501,15236.940889879057,0.8063868038082354,3.2839039754332906,3.8275220452771874,,,231.98600683757178,65.68043089145206
1347,,AM,R3130,00,EHZ,61.1981981981982,-149.90658980942584,2026-09-09T17:48:59.995000Z,2026-09-09T17:49:59.995000Z,100.0,100.0,60.0,,traffic,1,Traffic,timeofday:America/Anchorage:day7-19:night1-5,AM,2.0-20.0,1225.215881566353,6696.379919504554,1144.1110862563476,5829.277175779795,0.8719892933545972,3.1009709436965673,0.9321287690688442,,,231.98600683757178,25.12771030996384
1348,,AM,R3130,00,EHZ,61.1981981981982,-149.90658980942584,2026-09-09T17:49:59.995000Z,2026-09-09T17:50:59.995000Z,100.0,100.0,60.0,,traffic,1,Traffic,timeofday:America/Anchorage:day7-19:night1-5,AM,2.0-20.0,1203.6875961906726,7214.619838816363,1091.2846574040113,6470.224495517839,0.8219559212295475,3.833614952696591,2.1361126550877945,,,231.98600683757178,27.890580917874313
1349,,AM,R3130,00,EHZ,61.1981981981982,-149.90658980942584,2026-09-09T17:50:59.995000Z,2026-09-09T17:51:59.995000Z,100.0,100.0,60.0,,traffic,1,Traffic,timeofday:America/Anchorage:day7-19:night1-5,AM,2.0-20.0,1202.30442032841,4799.380832762858,1080.7884500354055,4194.498676149522,0.8080765467411438,2.2440712686839355,0.2913339400438293,,,231.98600683757178,18.080826224516027
1350,,AM,R3130,00,EHZ,61.1981981981982,-149.90658980942584,2026-09-09T17:51:59.995000Z,2026-09-09T17:52:59.995000Z,100.0,100.0,60.0,,traffic,1,Traffic,timeofday:America/Anchorage:day7-19:night1-5,AM,2.0-20.0,1556.0155386901515,10029.618687944223,1383.7766047479383,9914.77644522958,0.7908681908472821,3.9123850306784966,1.6209194655721886,,,231.98600683757178,42.738683166228846
1351,,AM,R3130,00,EHZ,61.1981981981982,-149.90658980942584,2026-09-09T17:52:59.995000Z,2026-09-09T17:53:59.995000Z,100.0,100.0,60.0,,traffic,1,Traffic,timeofday:America/Anchorage:day7-19:night1-5,AM,2.0-20.0,1156.4334556292686,5735.6177796658485,1000.2418405898023,5354.905129358056,0.7481156501408585,2.424387327545367,0.8380240594723416,,,231.98600683757178,23.082879878644434
1352,,AM,R3130,00,EHZ,61.1981981981982,-149.90658980942584,2026-09-09T17:53:59.995000Z,2026-09-09T17:54:59.995000Z,100.0,100.0,60.0,,traffic,1,Traffic,timeofday:America/Anchorage:day7-19:night1-5,AM,2.0-20.0,1652.4289581192386,7289.617072312432,1564.8243641392105,7336.37038047942,0.8967793606504042,3.7438501844767824,1.4474557765969394,,,231.98600683757178,31.62419354722581
1353,,AM,R3130,00,EHZ,61.1981981981982,-149.90658980942584,2026-09-09T17:54:59.995000Z,2026-09-09T17:55:59.995000Z,100.0,100.0,60.0,,traffic,1,Traffic,timeofday:America/Anchorage:day7-19:night1-5,AM,2.0-20.0,1021.6726971753842,5516.616652067263,935.5159674341264,4699.266443975286,0.8384532137879619,2.752523379491652,0.652979179989353,,,231.98600683757178,20.256680599125716
1354,,AM,R3130,00,EHZ,61.1981981981982,-149.90658980942584,2026-09-09T17:55:59.995000Z,2026-09-09T17:56:59.995000Z,100.0,100.0,60.0,,traffic,1,Traffic,timeofday:America/Anchorage:day7-19:night1-5,AM,2.0-20.0,1387.4347095183962,6219.384107829503,1244.8207162740457,5584.869922994061,0.8049863280089505,2.237768484382193,1.0006573970701327,,,231.98600683757178,24.07416722726895
1355,,AM,R3130,00,EHZ,61.1981981981982,-149.90658980942584,2026-09-09T17:56:59.995000Z,2026-09-09T17:57:59.995000Z,100.0,100.0,60.0,,traffic,1,Traffic,timeofday:America/Anchorage:day7-19:night1-5,AM,2.0-20.0,2102.3073566664593,22407.615386555084,2027.855129490739,22706.497419050887,0.9304251287297195,5.730067760041936,17.302290226966257,,,231.98600683757178,97.87873729362114
1356,,AM,R3130,00,EHZ,61.1981981981982,-149.90658980942584,2026-09-09T17:57:59.995000Z,2026-09-09T17:58:59.995000Z,100.0,100.0,60.0,,traffic,1,Traffic,timeofday:America/Anchorage:day7-19:night1-5,AM,2.0-20.0,1578.6625513585132,11825.384920167988,1462.7674821413204,11458.084859810631,0.8585626288464007,4.890195275899632,3.4442710910546177,,,231.98600683757178,49.39127586188062
1357,,AM,R3130,00,EHZ,61.1981981981982,-149.90658980942584,2026-09-09T17:58:59.995000Z,2026-09-09T17:59:59.995000Z,100.0,100.0,60.0,,traffic,1,Traffic,timeofday:America/Anchorage:day7-19:night1-5,AM,2.0-20.0,1444.9744842408281,15583.386057929698,1307.9868081413993,14360.087774165046,0.8193819094149798,4.640867133744997,9.303020934650425,,,231.98600683757178,61.900663621575504
1358,,AM,R3130,00,EHZ,61.1981981981982,-149.90658980942584,2026-09-09T17:59:59.995000Z,2026-09-09T18:00:59.995000Z,100.0,100.0,60.0,,traffic,1,Traffic,timeofday:America/Anchorage:day7-19:night1-5,AM,2.0-20.0,1161.913564175231,6024.613259311645,1079.3447358624678,4952.768588950805,0.8629243262056745,2.388315152255256,0.662015387913331,,,231.98600683757178,21.349428167960813
1359,,AM,R3130,00,EHZ,61.1981981981982,-149.90658980942584,2026-09-09T18:00:59.995000Z,2026-09-09T18:01:59.995000Z,100.0,100.0,60.0,,traffic,1,Traffic,timeofday:America/Anchorage:day7-19:night1-5,AM,2.0-20.0,1332.2846903246466,5311.38687158939,1234.1963494847964,5127.210128030611,0.8581721974449115,3.117693912466721,0.34602881758369985,,,231.98600683757178,22.101376707692967
1360,,AM,R3130,00,EHZ,61.1981981981982,-149.90658980942584,2026-09-09T18:01:59.995000Z,2026-09-09T18:02:59.995000Z,100.0,100.0,60.0,,traffic,1,Traffic,timeofday:America/Anchorage:day7-19:night1-5,AM,2.0-20.0,1368.3695183070693,6214.3873999701955,1217.555787165871,5651.439873315892,0.7917187967024788,2.503153331768782,0.8663002031570382,,,231.98600683757178,24.361123976209594
1361,,AM,R3130,00,EHZ,61.1981981981982,-149.90658980942584,2026-09-09T18:02:59.995000Z,2026-09-09T18:03:59.995000Z,100.0,100.0,60.0,,traffic,1,Traffic,timeofday:America/Anchorage:day7-19:night1-5,AM,2.0-20.0,1276.1258542276403,9523.388442300173,1164.8778454234734,8931.464831944933,0.8332469949807422,4.0053547367679485,2.0363954383122937,,,231.98600683757178,38.50001538324862
1362,,AM,R3130,00,EHZ,61.1981981981982,-149.90658980942584,2026-09-09T18:03:59.995000Z,2026-09-09T18:04:59.995000Z,100.0,100.0,60.0,,traffic,1,Traffic,timeofday:America/Anchorage:day7-19:night1-5,AM,2.0-20.0,1607.610916341307,6805.611342953021,1427.5849681101977,6527.3869468921675,0.7885732477292476,1.8637692347440848,0.6791113852606085,,,231.98600683757178,28.13698565647715
1363,,AM,R3130,00,EHZ,61.1981981981982,-149.90658980942584,2026-09-09T18:04:59.995000Z,2026-09-09T18:05:59.995000Z,100.0,100.0,60.0,,traffic,1,Traffic,timeofday:America/Anchorage:day7-19:night1-5,AM,2.0-20.0,1180.7174495078968,5104.610287309353,1081.802077963915,5204.825288059583,0.8394670599284979,1.9440547734663285,0.24036025906181502,,,231.98600683757178,22.435944990870993
1364,,AM,R3130,00,EHZ,61.1981981981982,-149.90658980942584,2026-09-09T18:05:59.995000Z,2026-09-09T18:06:59.995000Z,100.0,100.0,60.0,,traffic,1,Traffic,timeofday:America/Anchorage:day7-19:night1-5,AM,2.0-20.0,1545.5159581575645,7343.60977976295,1448.4534994054172,7582.64851987341,0.8783389201914487,2.368951359301252,0.9053877407027446,,,231.98600683757178,32.685801282758
1365,,AM,R3130,00,EHZ,61.1981981981982,-149.90658980942584,2026-09-09T18:06:59.995000Z,2026-09-09T18:07:59.995000Z,100.0,100.0,60.0,,traffic,1,Traffic,timeofday:America/Anchorage:day7-19:night1-5,AM,2.0-20.0,2161.6457522992982,9161.609021289021,1877.5684932163279,7822.720437554413,0.7544362195451683,2.5862635760889945,0.26535461424489704,,,231.98600683757178,33.72065644904005
1366,,AM,R3130,00,EHZ,61.1981981981982,-149.90658980942584,2026-09-09T18:07:59.995000Z,2026-09-09T18:08:59.995000Z,100.0,100.0,60.0,,traffic,1,Traffic,timeofday:America/Anchorage:day7-19:night1-5,AM,2.0-20.0,1898.0691313682323,11002.39105605235,1642.8699451808786,8503.369502786805,0.7491733445571314,2.1509821225835615,0.54696707775331,,,231.98600683757178,36.6546655925698
1367,,AM,R3130,00,EHZ,61.1981981981982,-149.90658980942584,2026-09-09T18:08:59.995000Z,2026-09-09T18:09:59.995000Z,100.0,100.0,60.0,,traffic,1,Traffic,timeofday:America/Anchorage:day7-19:night1-5,AM,2.0-20.0,2740.576914190613,12162.391882517579,2480.9790514922356,11278.60210847939,0.8195249961763561,4.309350578170748,0.7722871622468999,,,231.98600683757178,48.61759664830241
1368,,AM,R3130,00,EHZ,61.1981981981982,-149.90658980942584,2026-09-09T18:09:59.995000Z,2026-09-09T18:10:59.995000Z,100.0,100.0,60.0,,traffic,1,Traffic,timeofday:America/Anchorage:day7-19:night1-5,AM,2.0-20.0,3094.260464988931,21516.39280034929,2864.5678978679393,21880.88595992224,0.8570467343196049,4.328918185107052,6.2591777050972635,,,231.98600683757178,94.31985255577267
1369,,AM,R3130,00,EHZ,61.1981981981982,-149.90658980942584,2026-09-09T18:10:59.995000Z,2026-09-09T18:11:59.995000Z,100.0,100.0,60.0,,traffic,1,Traffic,timeofday:America/Anchorage:day7-19:night1-5,AM,2.0-20.0,2283.3756432930795,10691.392871592787,2046.7444936654242,10457.155965906564,0.8034753048831966,3.432664887891712,1.0814566686540932,,,231.98600683757178,45.07666694408981
1370,,AM,R3130,00,EHZ,61.1981981981982,-149.90658980942584,2026-09-09T18:11:59.995000Z,2026-09-09T18:12:59.995000Z,100.0,100.0,60.0,,traffic,1,Traffic,timeofday:America/Anchorage:day7-19:night1-5,AM,2.0-20.0,2114.3091801141018,9742.393799790883,1866.092017289522,10280.042992868703,0.7789850433395449,2.915400393232608,0.843445174406384,,,231.98600683757178,44.31320290825307
1371,,AM,R3130,00,EHZ,61.1981981981982,-149.90658980942584,2026-09-09T18:12:59.995000Z,2026-09-09T18:13:59.995000Z,100.0,100.0,60.0,,traffic,1,Traffic,timeofday:America/Anchorage:day7-19:night1-5,AM,2.0-20.0,2122.839736918827,14325.394103973178,1808.3921365121744,15280.38364090762,0.7256894390561381,3.6550342867390717,2.019345733732284,,,231.98600683757178,65.86769542357092
1372,,AM,R3130,00,EHZ,61.1981981981982,-149.90658980942584,2026-09-09T18:13:59.995000Z,2026-09-09T18:14:59.995000Z,100.0,100.0,60.0,,traffic,1,Traffic,timeofday:America/Anchorage:day7-19:night1-5,AM,2.0-20.0,2010.8768620090407,17575.60482625641,1824.4650527302863,19217.062941043398,0.823190109818377,4.149056984384176,7.405108580144232,,,231.98600683757178,82.8371642023154
1373,,AM,R3130,00,EHZ,61.1981981981982,-149.90658980942584,2026-09-09T18:14:59.995000Z,2026-09-09T18:15:59.995000Z,100.0,100.0,60.0,,traffic,1,Traffic,timeofday:America/Anchorage:day7-19:night1-5,AM,2.0-20.0,1882.019168049754,9853.395881808425,1734.1583609859806,9283.545780757759,0.8490424874984267,2.3530987329108424,1.5096238339603154,,,231.98600683757178,40.017697219374796
1374,,AM,R3130,00,EHZ,61.1981981981982,-149.90658980942584,2026-09-09T18:15:59.995000Z,2026-09-09T18:16:59.995000Z,100.0,100.0,60.0,,traffic,1,Traffic,timeofday:America/Anchorage:day7-19:night1-5,AM,2.0-20.0,1793.5697245060583,8621.39594136433,1654.626297346194,7799.509093153916,0.8510661471769307,2.4954592323767173,0.7493492621032796,,,231.98600683757178,33.6206015159132
1375,,AM,R3130,00,EHZ,61.1981981981982,-149.90658980942584,2026-09-09T18:16:59.995000Z,2026-09-09T18:17:59.995000Z,100.0,100.0,60.0,,traffic,1,Traffic,timeofday:America/Anchorage:day7-19:night1-5,AM,2.0-20.0,1646.797211695264,12727.396512125362,1558.6201313336878,9728.56143842524,0.8957778444421929,2.8588326101148476,2.166339384827255,,,231.98600683757178,41.93598385973697
1376,,AM,R3130,00,EHZ,61.1981981981982,-149.90658980942584,2026-09-09T18:17:59.995000Z,2026-09-09T18:18:59.995000Z,100.0,100.0,60.0,,traffic,1,Traffic,timeofday:America/Anchorage:day7-19:night1-5,AM,2.0-20.0,1327.8996815810838,6727.397267347093,1222.934204903693,6296.582418665004,0.8481558284032316,2.0182706752006645,0.9464827757562144,,,231.98600683757178,27.142078543873744
1377,,AM,R3130,00,EHZ,61.1981981981982,-149.90658980942584,2026-09-09T18:18:59.995000Z,2026-09-09T18:19:59.995000Z,100.0,100.0,60.0,,traffic,1,Traffic,timeofday:America/Anchorage:day7-19:night1-5,AM,2.0-20.0,1553.5952583967712,7844.601807605379,1390.8094621050889,7204.8828819105,0.8014187503071144,2.9032150568773485,0.5753379916796773,,,231.98600683757178,31.057402901697856
1378,,AM,R3130,00,EHZ,61.1981981981982,-149.90658980942584,2026-09-09T18:19:59.995000Z,2026-09-09T18:20:59.995000Z,100.0,100.0,60.0,,traffic,1,Traffic,timeofday:America/Anchorage:day7-19:night1-5,AM,2.0-20.0,1472.2166788193736,7800.6014664293125,1351.0383251763412,7161.691719349815,0.8421546882487209,3.823079314042424,1.3253510933571055,,,231.98600683757178,30.87122286804209
1379,,AM,R3130,00,EHZ,61.1981981981982,-149.90658980942584,2026-09-09T18:20:59.995000Z,2026-09-09T18:21:59.995000Z,100.0,100.0,60.0,,traffic,1,Traffic,timeofday:America/Anchorage:day7-19:night1-5,AM,2.0-20.0,1070.7836858320952,3849.399040608933,973.6628736434839,4973.275466624792,0.8268252469822873,2.517277198501606,0.12384769108586458,,,231.98600683757178,21.43782521377205
1380,,AM,R3130,00,EHZ,61.1981981981982,-149.90658980942584,2026-09-09T18:21:59.995000Z,2026-09-09T18:22:59.995000Z,100.0,100.0,60.0,,traffic,1,Traffic,timeofday:America/Anchorage:day7-19:night1-5,AM,2.0-20.0,1868.410434976765,8486.399790749101,1750.1106868470617,7599.3448368269055,0.8773774442256096,2.799843486433015,0.5336445870092246,,,231.98600683757178,32.75777250714821
1381,,AM,R3130,00,EHZ,61.1981981981982,-149.90658980942584,2026-09-09T18:22:59.995000Z,2026-09-09T18:23:59.995000Z,100.0,100.0,60.0,,traffic,1,Traffic,timeofday:America/Anchorage:day7-19:night1-5,AM,2.0-20.0,1653.963852339933,10370.599653632922,1520.3496739963,10407.171905881092,0.8449576517303006,4.159080937917908,1.2711809423337748,,,231.98600683757178,44.86120541385851
1382,,AM,R3130,00,EHZ,61.1981981981982,-149.90658980942584,2026-09-09T18:23:59.995000Z,2026-09-09T18:24:59.995000Z,100.0,100.0,60.0,,traffic,1,Traffic,timeofday:America/Anchorage:day7-19:night1-5,AM,2.0-20.0,1616.1903786272444,9135.401169885,1544.3856436924934,8207.69967064844,0.9131171036367478,3.6030623347449198,1.6256655264976025,,,231.98600683757178,35.380149788065346
1383,,AM,R3130,00,EHZ,61.1981981981982,-149.90658980942584,2026-09-09T18:24:59.995000Z,2026-09-09T18:25:59.995000Z,100.0,100.0,60.0,,traffic,1,Traffic,timeofday:America/Anchorage:day7-19:night1-5,AM,2.0-20.0,1528.139538250835,8989.401563299523,1399.584538971657,8241.180082028957,0.8388267032205122,2.383184417698085,0.7636985695048475,,,231.98600683757178,35.524470610846514
1384,,AM,R3130,00,EHZ,61.1981981981982,-149.90658980942584,2026-09-09T18:25:59.995000Z,2026-09-09T18:26:59.995000Z,100.0,100.0,60.0,,traffic,1,Traffic,timeofday:America/Anchorage:day7-19:night1-5,AM,2.0-20.0,1931.9191508720944,14243.597659221507,1772.8614063411333,13558.015423019664,0.84211553007977,3.7134152178276105,4.547009571439189,,,231.98600683757178,58.443246676134635
1385,,AM,R3130,00,EHZ,61.1981981981982,-149.90658980942584,2026-09-09T18:26:59.995000Z,2026-09-09T18:27:59.995000Z,100.0,100.0,60.0,,traffic,1,Traffic,timeofday:America/Anchorage:day7-19:night1-5,AM,2.0-20.0,1503.3292087723628,8972.597266518404,1348.52845357473,9149.448081201812,0.8046593044924276,3.009341159298752,1.258553465210654,,,231.98600683757178,39.43965502888252
1386,,AM,R3130,00,EHZ,61.1981981981982,-149.90658980942584,2026-09-09T18:27:59.995000Z,2026-09-09T18:28:59.995000Z,100.0,100.0,60.0,,traffic,1,Traffic,timeofday:America/Anchorage:day7-19:night1-5,AM,2.0-20.0,1091.2780682846333,4701.5962724632645,1013.9523515663856,5044.357349015778,0.8633049662435573,2.0578136508677733,0.5481810584287099,,,231.98600683757178,21.74423111885216
1387,,AM,R3130,00,EHZ,61.1981981981982,-149.90658980942584,2026-09-09T18:28:59.995000Z,2026-09-09T18:29:59.995000Z,100.0,100.0,60.0,,traffic,1,Traffic,timeofday:America/Anchorage:day7-19:night1-5,AM,2.0-20.0,1122.1487484236902,5184.4040264342075,1055.3229182201326,4674.198021760914,0.8844430643389006,2.1592814975634527,0.3078648357784255,,,231.98600683757178,20.148620537417237
1388,,AM,R3130,00,EHZ,61.1981981981982,-149.90658980942584,2026-09-09T18:29:59.995000Z,2026-09-09T18:30:59.995000Z,100.0,100.0,60.0,,traffic,1,Traffic,timeofday:America/Anchorage:day7-19:night1-5,AM,2.0-20.0,1381.1580979124394,7396.405035327507,1284.5826911397176,7474.797565088702,0.8650422978544916,3.2434261146730585,1.535015357637917,,,231.98600683757178,32.220898436871174
1389,,AM,R3130,00,EHZ,61.1981981981982,-149.90658980942584,2026-09-09T18:30:59.995000Z,2026-09-09T18:31:59.995000Z,100.0,100.0,60.0,,traffic,1,Traffic,timeofday:America/Anchorage:day7-19:night1-5,AM,2.0-20.0,1496.9945069541639,8379.594378870039,1408.1082488676898,7679.968415079679,0.8847726143141466,3.444296690335418,1.091730807670432,,,231.98600683757178,33.1053088924321
1390,,AM,R3130,00,EHZ,61.1981981981982,-149.90658980942584,2026-09-09T18:31:59.995000Z,2026-09-09T18:32:59.995000Z,100.0,100.0,60.0,,traffic,1,Traffic,timeofday:America/Anchorage:day7-19:night1-5,AM,2.0-20.0,1647.1793092550636,11554.405779471432,1432.9224119550206,9352.734542568292,0.7567694542393236,2.2659306702439026,2.2010078509472137,,,231.98600683757178,40.31594262974981
1391,,AM,R3130,00,EHZ,61.1981981981982,-149.90658980942584,2026-09-09T18:32:59.995000Z,2026-09-09T18:33:59.995000Z,100.0,100.0,60.0,,traffic,1,Traffic,timeofday:America/Anchorage:day7-19:night1-5,AM,2.0-20.0,1354.318508544977,8922.406488044422,1240.9476725076256,8916.35353447562,0.8395862360066499,3.030182807660454,1.2050178427193536,,,231.98600683757178,38.43487655149187
1392,,AM,R3130,00,EHZ,61.1981981981982,-149.90658980942584,2026-09-09T18:33:59.995000Z,2026-09-09T18:34:59.995000Z,100.0,100.0,60.0,,traffic,1,Traffic,timeofday:America/Anchorage:day7-19:night1-5,AM,2.0-20.0,1275.630528013462,5445.407137772927,1158.361631286914,4952.886833645766,0.8245908653755107,1.7471211415305032,0.12129131845576158,,,231.98600683757178,21.349937874113238
1393,,AM,R3130,00,EHZ,61.1981981981982,-149.90658980942584,2026-09-09T18:37:59.995000Z,2026-09-09T18:38:59.995000Z,100.0,100.0,60.0,,traffic,1,Traffic,timeofday:America/Anchorage:day7-19:night1-5,AM,2.0-20.0,1749.9712700933576,14791.409905191538,1623.1435937033355,14210.19736812056,0.8603042065888864,5.146062533374992,6.217590638159596,,,231.98600683757178,61.2545453143216
1394,,AM,R3130,00,EHZ,61.1981981981982,-149.90658980942584,2026-09-09T18:38:59.995000Z,2026-09-09T18:39:59.995000Z,100.0,100.0,60.0,,traffic,1,Traffic,timeofday:America/Anchorage:day7-19:night1-5,AM,2.0-20.0,1475.4467395491092,8209.410400948716,1327.1615148576102,8867.627662399429,0.8090968026187132,4.1291895932352745,1.7709272866895471,,,231.98600683757178,38.22483857230329
1395,,AM,R3130,00,EHZ,61.1981981981982,-149.90658980942584,2026-09-09T18:39:59.995000Z,2026-09-09T18:40:59.995000Z,100.0,100.0,60.0,,traffic,1,Traffic,timeofday:America/Anchorage:day7-19:night1-5,AM,2.0-20.0,1192.1289375561826,6913.410829324384,1118.1873281244352,6352.6622412949555,0.8797973963387192,3.8545249879512307,1.204825455056568,,,231.98600683757178,27.383816497789283
1396,,AM,R3130,00,EHZ,61.1981981981982,-149.90658980942584,2026-09-09T18:40:59.995000Z,2026-09-09T18:41:59.995000Z,100.0,100.0,60.0,,traffic,1,Traffic,timeofday:America/Anchorage:day7-19:night1-5,AM,2.0-20.0,1192.1746203199602,5301.588269104903,1086.3022178507263,4420.480307456949,0.830274286833057,2.54464589409227,0.44781123536367273,,,231.98600683757178,19.054943734395195
1397,,AM,R3130,00,EHZ,61.1981981981982,-149.90658980942584,2026-09-09T18:41:59.995000Z,2026-09-09T18:42:59.995000Z,100.0,100.0,60.0,,traffic,1,Traffic,timeofday:America/Anchorage:day7-19:night1-5,AM,2.0-20.0,1173.8215082109757,6996.587690416634,1062.2705417893337,5778.2481589798135,0.8189665246179969,3.339780029612456,0.9299039708482932,,,231.98600683757178,24.90774438402026
1398,,AM,R3130,00,EHZ,61.1981981981982,-149.90658980942584,2026-09-09T18:42:59.995000Z,2026-09-09T18:43:59.995000Z,100.0,100.0,60.0,,traffic,1,Traffic,timeofday:America/Anchorage:day7-19:night1-5,AM,2.0-20.0,2627.743307233202,39797.412542725426,2534.973535493403,34811.21038437793,0.9306384296710603,7.523744548162433,36.20879210882345,,,231.98600683757178,150.05737138598832
1399,,AM,R3130,00,EHZ,61.1981981981982,-149.90658980942584,2026-09-09T18:43:59.995000Z,2026-09-09T18:44:59.995000Z,100.0,100.0,60.0,,traffic,1,Traffic,timeofday:America/Anchorage:day7-19:night1-5,AM,2.0-20.0,1350.6218918561963,6412.41316277761,1207.6761619797844,5681.926494435407,0.7995275225945576,2.550665222946317,0.4737932279570285,,,231.98600683757178,24.492539752251897
1400,,AM,R3130,00,EHZ,61.1981981981982,-149.90658980942584,2026-09-09T18:44:59.995000Z,2026-09-09T18:45:59.995000Z,100.0,100.0,60.0,,traffic,1,Traffic,timeofday:America/Anchorage:day7-19:night1-5,AM,2.0-20.0,1100.6515038307446,4866.414186000913,1000.8719576782989,4316.059892401812,0.826908355342937,1.811556044753396,0.10720990450313161,,,231.98600683757178,18.604828589613
1401,,AM,R3130,00,EHZ,61.1981981981982,-149.90658980942584,2026-09-09T18:45:59.995000Z,2026-09-09T18:46:59.995000Z,100.0,100.0,60.0,,traffic,1,Traffic,timeofday:America/Anchorage:day7-19:night1-5,AM,2.0-20.0,1349.0658354584652,6611.585681675215,1266.786567352085,6658.907581569189,0.8817401381429205,3.7043684268724903,0.8185906711316981,,,231.98600683757178,28.70391913867251
1402,,AM,R3130,00,EHZ,61.1981981981982,-149.90658980942584,2026-09-09T18:46:59.995000Z,2026-09-09T18:47:59.995000Z,100.0,100.0,60.0,,traffic,1,Traffic,timeofday:America/Anchorage:day7-19:night1-5,AM,2.0-20.0,1208.3003196205311,11426.58459838785,1129.0846835471639,10812.058764738924,0.8731789378080035,4.14067978858204,6.310993262559499,,,231.98600683757178,46.60651266052067
1403,,AM,R3130,00,EHZ,61.1981981981982,-149.90658980942584,2026-09-09T18:47:59.995000Z,2026-09-09T18:48:59.995000Z,100.0,100.0,60.0,,traffic,1,Traffic,timeofday:America/Anchorage:day7-19:night1-5,AM,2.0-20.0,2310.5328582427874,11896.584347460323,2209.2697317200477,11464.497064881427,0.9142673000906755,3.95810271268034,1.6457760001891355,,,231.98600683757178,49.418916343986446
1404,,AM,R3130,00,EHZ,61.1981981981982,-149.90658980942584,2026-09-09T18:48:59.995000Z,2026-09-09T18:49:59.995000Z,100.0,100.0,60.0,,traffic,1,Traffic,timeofday:America/Anchorage:day7-19:night1-5,AM,2.0-20.0,1923.197467441988,9087.416336517908,1825.4542354665186,9056.484747466982,0.9009364175669429,3.532593041776386,1.5629987660077083,,,231.98600683757178,39.03892683409998
1405,,AM,R3130,00,EHZ,61.1981981981982,-149.90658980942584,2026-09-09T18:49:59.995000Z,2026-09-09T18:50:59.995000Z,100.0,100.0,60.0,,traffic,1,Traffic,timeofday:America/Anchorage:day7-19:night1-5,AM,2.0-20.0,1466.5792239894374,13061.417009418336,1356.9539886978644,14271.022530399056,0.8560895330246712,4.193293914773059,4.608277319831325,,,231.98600683757178,61.5167385522141
1406,,AM,R3130,00,EHZ,61.1981981981982,-149.90658980942584,2026-09-09T18:50:59.995000Z,2026-09-09T18:51:59.995000Z,100.0,100.0,60.0,,traffic,1,Traffic,timeofday:America/Anchorage:day7-19:night1-5,AM,2.0-20.0,1164.650176996367,5237.417254247988,1012.053681467577,5136.148445699477,0.7551202275939829,2.1212827431694232,0.5618880350082498,,,231.98600683757178,22.139906262948102
1407,,AM,R3130,00,EHZ,61.1981981981982,-149.90658980942584,2026-09-09T18:51:59.995000Z,2026-09-09T18:52:59.995000Z,100.0,100.0,60.0,,traffic,1,Traffic,timeofday:America/Anchorage:day7-19:night1-5,AM,2.0-20.0,1205.4257164928295,4834.581574350363,1112.9191646596464,5031.635705907492,0.8524056845917699,2.405458763186034,0.2901074440404856,,,231.98600683757178,21.689393142709946
1408,,AM,R3130,00,EHZ,61.1981981981982,-149.90658980942584,2026-09-09T18:52:59.995000Z,2026-09-09T18:53:59.995000Z,100.0,100.0,60.0,,traffic,1,Traffic,timeofday:America/Anchorage:day7-19:night1-5,AM,2.0-20.0,1181.9848690263784,4704.581381962429,1101.9578691061315,4100.013167538233,0.8691728401126629,2.1291338793906207,0.13904041247690557,,,231.98600683757178,17.673536535369195
1409,,AM,R3130,00,EHZ,61.1981981981982,-149.90658980942584,2026-09-09T18:53:59.995000Z,2026-09-09T18:54:59.995000Z,100.0,100.0,60.0,,traffic,1,Traffic,timeofday:America/Anchorage:day7-19:night1-5,AM,2.0-20.0,2305.3427640852383,12357.580750832441,2136.505707564236,11883.108267580574,0.8588891206800797,2.97442548004415,2.5324758449199525,,,231.98600683757178,51.22338381340689
1410,,AM,R3130,00,EHZ,61.1981981981982,-149.90658980942584,2026-09-09T18:54:59.995000Z,2026-09-09T18:55:59.995000Z,100.0,100.0,60.0,,traffic,1,Traffic,timeofday:America/Anchorage:day7-19:night1-5,AM,2.0-20.0,1732.1528059880618,11800.420039756958,1618.9171096293853,11639.37587903953,0.8735279841989653,2.7930206798203807,2.14552050535141,,,231.98600683757178,50.17274980378019
1411,,AM,R3130,00,EHZ,61.1981981981982,-149.90658980942584,2026-09-09T18:55:59.995000Z,2026-09-09T18:56:59.995000Z,100.0,100.0,60.0,,traffic,1,Traffic,timeofday:America/Anchorage:day7-19:night1-5,AM,2.0-20.0,1114.5231465075917,5185.5796914284165,1034.5900764375735,5046.277319828894,0.8617046412640532,1.8763220834725423,0.43347863690830835,,,231.98600683757178,21.752507354299674
1412,,AM,R3130,00,EHZ,61.1981981981982,-149.90658980942584,2026-09-09T18:56:59.995000Z,2026-09-09T18:57:59.995000Z,100.0,100.0,60.0,,traffic,1,Traffic,timeofday:America/Anchorage:day7-19:night1-5,AM,2.0-20.0,1544.246344831097,7763.578563118412,1440.8769308356477,7515.845945169152,0.8706039077438642,2.3275856323423074,1.1524176116371736,,,231.98600683757178,32.397841782032465
1413,,AM,R3130,00,EHZ,61.1981981981982,-149.90658980942584,2026-09-09T18:57:59.995000Z,2026-09-09T18:58:59.995000Z,100.0,100.0,60.0,,traffic,1,Traffic,timeofday:America/Anchorage:day7-19:night1-5,AM,2.0-20.0,1271.5342702657679,5765.421546033538,1178.6937873401203,5738.7518521324655,0.8593020531295726,2.3317534014296966,0.5398169827218777,,,231.98600683757178,24.73749141322361
1414,,AM,R3130,00,EHZ,61.1981981981982,-149.90658980942584,2026-09-09T18:58:59.995000Z,2026-09-09T18:59:59.995000Z,100.0,100.0,60.0,,traffic,1,Traffic,timeofday:America/Anchorage:day7-19:night1-5,AM,2.0-20.0,1622.392735277066,9225.422198404454,1543.5833612856004,8511.59897680382,0.9052075990611553,4.474232821085193,1.5070544191107178,,,231.98600683757178,36.690139602960336
1415,,AM,R3130,00,EHZ,61.1981981981982,-149.90658980942584,2026-09-09T18:59:59.995000Z,2026-09-09T19:00:59.995000Z,100.0,100.0,60.0,,traffic,1,Traffic,timeofday:America/Anchorage:day7-19:night1-5,AM,2.0-20.0,1344.296040752461,5918.577010396359,1243.9583139185738,5086.001425702767,0.8562918587772772,2.5777963964105135,0.4282344106402549,,,231.98600683757178,21.923742276678787
1416,,AM,R3130,00,EHZ,61.1981981981982,-149.90658980942584,2026-09-09T19:00:59.995000Z,2026-09-09T19:01:59.995000Z,100.0,100.0,60.0,,traffic,1,Traffic,timeofday:America/Anchorage:day7-19:night1-5,AM,2.0-20.0,1711.527903964881,11149.576414938934,1424.3439354141271,8523.502452501416,0.6925669670234113,5.27016807519516,1.634563791831793,,,231.98600683757178,36.74145078271581
1417,,AM,R3130,00,EHZ,61.1981981981982,-149.90658980942584,2026-09-09T19:01:59.995000Z,2026-09-09T19:02:59.995000Z,100.0,100.0,60.0,,traffic,1,Traffic,timeofday:America/Anchorage:day7-19:night1-5,AM,2.0-20.0,2442.2395846779023,16139.575725370985,2307.097044461042,16744.002923999244,0.8923910239974832,3.6753179827258493,3.1640330180932503,,,231.98600683757178,72.17677976466395
1418,,AM,R3130,00,EHZ,61.1981981981982,-149.90658980942584,2026-09-09T19:02:59.995000Z,2026-09-09T19:03:59.995000Z,100.0,100.0,60.0,,traffic,1,Traffic,timeofday:America/Anchorage:day7-19:night1-5,AM,2.0-20.0,1226.9683658329575,5902.575118429231,1126.2702617760756,6502.691374222299,0.8425942725238351,2.662745775937636,0.5320369501363151,,,231.98600683757178,28.030532801813553
1419,,AM,R3130,00,EHZ,61.1981981981982,-149.90658980942584,2026-09-09T19:03:59.995000Z,2026-09-09T19:04:59.995000Z,100.0,100.0,60.0,,traffic,1,Traffic,timeofday:America/Anchorage:day7-19:night1-5,AM,2.0-20.0,1296.2879621349512,6669.425335760772,1210.4544476773099,5971.025057682584,0.8719547042166508,2.3986610869922855,0.6610061851938172,,,231.98600683757178,25.738729413379144
1420,,AM,R3130,00,EHZ,61.1981981981982,-149.90658980942584,2026-09-09T19:04:59.995000Z,2026-09-09T19:05:59.995000Z,100.0,100.0,60.0,,traffic,1,Traffic,timeofday:America/Anchorage:day7-19:night1-5,AM,2.0-20.0,1467.8949963716707,6750.425929896988,1336.9532528815198,6122.218727787084,0.82954980255171,3.015492565883563,0.6754059874740377,,,231.98600683757178,26.39046557697612
1421,,AM,R3130,00,EHZ,61.1981981981982,-149.90658980942584,2026-09-09T19:05:59.995000Z,2026-09-09T19:06:59.995000Z,100.0,100.0,60.0,,traffic,1,Traffic,timeofday:America/Anchorage:day7-19:night1-5,AM,2.0-20.0,1258.7074915653611,7564.573022894734,1118.1390745386434,6501.220031041662,0.789118118621706,4.335794264397868,1.1251898195825625,,,231.98600683757178,28.024190422802448
1422,,AM,R3130,00,EHZ,61.1981981981982,-149.90658980942584,2026-09-09T19:06:59.995000Z,2026-09-09T19:07:59.995000Z,100.0,100.0,60.0,,traffic,1,Traffic,timeofday:America/Anchorage:day7-19:night1-5,AM,2.0-20.0,2216.292221890017,22675.572824510557,2121.456166906832,22337.355235943854,0.9162501973492101,5.303482846863222,9.409058368432623,,,231.98600683757178,96.28751121865581
1423,,AM,R3130,00,EHZ,61.1981981981982,-149.90658980942584,2026-09-09T19:07:59.995000Z,2026-09-09T19:08:59.995000Z,100.0,100.0,60.0,,traffic,1,Traffic,timeofday:America/Anchorage:day7-19:night1-5,AM,2.0-20.0,1469.8758823376743,8670.572096932525,1357.6141269921443,7637.503824536434,0.853083159687226,4.593331677706099,1.9043925611008605,,,231.98600683757178,32.922260823619155
1424,,AM,R3130,00,EHZ,61.1981981981982,-149.90658980942584,2026-09-09T19:08:59.995000Z,2026-09-09T19:09:59.995000Z,100.0,100.0,60.0,,traffic,1,Traffic,timeofday:America/Anchorage:day7-19:night1-5,AM,2.0-20.0,1795.5689119110589,11582.571359902788,1650.14929968929,11104.539329896987,0.8445829771351211,4.310903982633033,2.5697801874076944,,,231.98600683757178,47.867280795397214
1425,,AM,R3130,00,EHZ,61.1981981981982,-149.90658980942584,2026-09-09T19:09:59.995000Z,2026-09-09T19:10:59.995000Z,100.0,100.0,60.0,,traffic,1,Traffic,timeofday:America/Anchorage:day7-19:night1-5,AM,2.0-20.0,1122.3767567051666,6609.57071647542,1032.0585712444122,5498.673316218323,0.8455345559986582,1.8182867247872794,0.7029442592613275,,,231.98600683757178,23.70260771835387
1426,,AM,R3130,00,EHZ,61.1981981981982,-149.90658980942584,2026-09-09T19:10:59.995000Z,2026-09-09T19:11:59.995000Z,100.0,100.0,60.0,,traffic,1,Traffic,timeofday:America/Anchorage:day7-19:night1-5,AM,2.0-20.0,1152.1624998629743,7727.570116139697,1062.17043642163,6400.852215989844,0.8498865321154402,2.1122294948780236,0.840396714919919,,,231.98600683757178,27.59154443514125
1427,,AM,R3130,00,EHZ,61.1981981981982,-149.90658980942584,2026-09-09T19:11:59.995000Z,2026-09-09T19:12:59.995000Z,100.0,100.0,60.0,,traffic,1,Traffic,timeofday:America/Anchorage:day7-19:night1-5,AM,2.0-20.0,1202.1847261545474,7289.430224121688,1108.188192232641,6718.970887019113,0.8497371876694457,2.948094303562259,1.2109947339113223,,,231.98600683757178,28.962828312845154
1428,,AM,R3130,00,EHZ,61.1981981981982,-149.90658980942584,2026-09-09T19:12:59.995000Z,2026-09-09T19:13:59.995000Z,100.0,100.0,60.0,,traffic,1,Traffic,timeofday:America/Anchorage:day7-19:night1-5,AM,2.0-20.0,1123.7201994090858,5482.430846308127,1045.1444320731769,5094.9346470682085,0.8650401141445554,2.392527559798806,0.35654024950408925,,,231.98600683757178,21.9622498637838
1429,,AM,R3130,00,EHZ,61.1981981981982,-149.90658980942584,2026-09-09T19:13:59.995000Z,2026-09-09T19:14:59.995000Z,100.0,100.0,60.0,,traffic,1,Traffic,timeofday:America/Anchorage:day7-19:night1-5,AM,2.0-20.0,1674.164219731588,7756.568561994805,1582.294063903998,6348.773162337198,0.8932608204664999,3.254207558198064,1.1069311766470493,,,231.98600683757178,27.367052215275983
1430,,AM,R3130,00,EHZ,61.1981981981982,-149.90658980942584,2026-09-09T19:14:59.995000Z,2026-09-09T19:15:59.995000Z,100.0,100.0,60.0,,traffic,1,Traffic,timeofday:America/Anchorage:day7-19:night1-5,AM,2.0-20.0,1099.3324485197036,4241.567529827953,1006.5594350487377,3978.8228416964807,0.8383410921830403,2.1133864658939943,0.02233072256392843,,,231.98600683757178,17.151132932264783
1431,,AM,R3130,00,EHZ,61.1981981981982,-149.90658980942584,2026-09-09T19:15:59.995000Z,2026-09-09T19:16:59.995000Z,100.0,100.0,60.0,,traffic,1,Traffic,timeofday:America/Anchorage:day7-19:night1-5,AM,2.0-20.0,1249.859877345538,6692.5669644533755,1177.8251870725205,6466.028951883656,0.8880532766861722,3.7263636397829174,1.6232278107480411,,,231.98600683757178,27.872495587248658
1432,,AM,R3130,00,EHZ,61.1981981981982,-149.90658980942584,2026-09-09T19:16:59.995000Z,2026-09-09T19:17:59.995000Z,100.0,100.0,60.0,,traffic,1,Traffic,timeofday:America/Anchorage:day7-19:night1-5,AM,2.0-20.0,1152.1367022877182,4421.566334949488,1040.0084110510807,4226.877418852593,0.8148275041532203,2.4452275780718185,0.23457916760066766,,,231.98600683757178,18.22039818898258
1433,,AM,R3130,00,EHZ,61.1981981981982,-149.90658980942584,2026-09-09T19:17:59.995000Z,2026-09-09T19:18:59.995000Z,100.0,100.0,60.0,,traffic,1,Traffic,timeofday:America/Anchorage:day7-19:night1-5,AM,2.0-20.0,1193.9935930508511,5162.434009783672,1085.197872269231,4889.596859323716,0.8260643393955046,1.8671389609389193,0.26700307560125447,,,231.98600683757178,21.077119805537386
1434,,AM,R3130,00,EHZ,61.1981981981982,-149.90658980942584,2026-09-09T19:18:59.995000Z,2026-09-09T19:19:59.995000Z,100.0,100.0,60.0,,traffic,1,Traffic,timeofday:America/Anchorage:day7-19:night1-5,AM,2.0-20.0,1161.5916762280613,4939.565474132902,1068.867707440791,4334.4072624938535,0.84672216809398,2.0271115027539914,0.19548290678119562,,,231.98600683757178,18.683916851625664
1435,,AM,R3130,00,EHZ,61.1981981981982,-149.90658980942584,2026-09-09T19:19:59.995000Z,2026-09-09T19:20:59.995000Z,100.0,100.0,60.0,,traffic,1,Traffic,timeofday:America/Anchorage:day7-19:night1-5,AM,2.0-20.0,1296.1395842978875,7275.435440243347,1205.6069154349245,6526.273575636149,0.8651828705858012,3.2686091920926956,0.755195973587282,,,231.98600683757178,28.132186352970894
1436,,AM,R3130,00,EHZ,61.1981981981982,-149.90658980942584,2026-09-09T19:20:59.995000Z,2026-09-09T19:21:59.995000Z,100.0,100.0,60.0,,traffic,1,Traffic,timeofday:America/Anchorage:day7-19:night1-5,AM,2.0-20.0,1375.5657936003604,6657.435982954157,1218.0170456966232,6417.969084010479,0.78405042943379,2.2298225167448975,0.8404501673810478,,,231.98600683757178,27.665328488989893
1437,,AM,R3130,00,EHZ,61.1981981981982,-149.90658980942584,2026-09-09T19:21:59.995000Z,2026-09-09T19:22:59.995000Z,100.0,100.0,60.0,,traffic,1,Traffic,timeofday:America/Anchorage:day7-19:night1-5,AM,2.0-20.0,1423.7424392925075,8328.56330837122,1333.243648757693,8082.211616322215,0.8769123477314937,3.2009318282161177,2.6242120189717886,,,231.98600683757178,34.839220375826756
1438,,AM,R3130,00,EHZ,61.1981981981982,-149.90658980942584,2026-09-09T19:22:59.995000Z,2026-09-09T19:23:59.995000Z,100.0,100.0,60.0,,traffic,1,Traffic,timeofday:America/Anchorage:day7-19:night1-5,AM,2.0-20.0,2750.073717428444,24694.436873751958,2456.7562975159176,28115.19977157968,0.7980598916986412,5.063513863911753,14.950488123777056,,,231.98600683757178,121.19351574194269
1439,,AM,R3130,00,EHZ,61.1981981981982,-149.90658980942584,2026-09-09T19:23:59.995000Z,2026-09-09T19:24:59.995000Z,100.0,100.0,60.0,,traffic,1,Traffic,timeofday:America/Anchorage:day7-19:night1-5,AM,2.0-20.0,1134.8455763733248,5318.437961104573,1042.7051003627812,4850.452927790361,0.8442079886957564,2.3050511155669455,0.5250304723027428,,,231.98600683757178,20.908385785468834
1440,,AM,R3130,00,EHZ,61.1981981981982,-149.90658980942584,2026-09-09T19:24:59.995000Z,2026-09-09T19:25:59.995000Z,100.0,100.0,60.0,,traffic,1,Traffic,timeofday:America/Anchorage:day7-19:night1-5,AM,2.0-20.0,1661.0877220350308,10217.561728411994,1505.6250889803662,8600.182704119354,0.821577524040116,2.6502111395568404,0.7073395979543342,,,231.98600683757178,37.071989045187934
1441,,AM,R3130,00,EHZ,61.1981981981982,-149.90658980942584,2026-09-09T19:28:59.995000Z,2026-09-09T19:29:59.995000Z,100.0,100.0,60.0,,traffic,1,Traffic,timeofday:America/Anchorage:day7-19:night1-5,AM,2.0-20.0,1888.269346334961,15897.55921771389,1785.4411841939243,15052.016937250912,0.8940528884732704,5.770479485448395,8.28444257657397,,,231.98600683757178,64.88329680931915
1442,,AM,R3130,00,EHZ,61.1981981981982,-149.90658980942584,2026-09-09T19:29:59.995000Z,2026-09-09T19:30:59.995000Z,100.0,100.0,60.0,,traffic,1,Traffic,timeofday:America/Anchorage:day7-19:night1-5,AM,2.0-20.0,1243.0889979289693,5895.558963737427,1144.8072109342918,5234.9217572527805,0.8481257854175366,2.0805623928051835,0.43905119126068026,,,231.98600683757178,22.565678976137917
1443,,AM,R3130,00,EHZ,61.1981981981982,-149.90658980942584,2026-09-09T19:30:59.995000Z,2026-09-09T19:31:59.995000Z,100.0,100.0,60.0,,traffic,1,Traffic,timeofday:America/Anchorage:day7-19:night1-5,AM,2.0-20.0,1980.6230047438219,10766.557791319465,1856.389183011856,11645.633138711537,0.8784851413649888,3.002285843233982,1.4325647313225138,,,231.98600683757178,50.19972237750266
1444,,AM,R3130,00,EHZ,61.1981981981982,-149.90658980942584,2026-09-09T19:31:59.995000Z,2026-09-09T19:32:59.995000Z,100.0,100.0,60.0,,traffic,1,Traffic,timeofday:America/Anchorage:day7-19:night1-5,AM,2.0-20.0,1929.0197666813126,13249.442841030097,1764.665105729008,11621.908551537332,0.8368569753619317,2.447836248249455,1.7967638873934542,,,231.98600683757178,50.09745505759997
1445,,AM,R3130,00,EHZ,61.1981981981982,-149.90658980942584,2026-09-09T19:32:59.995000Z,2026-09-09T19:33:59.995000Z,100.0,100.0,60.0,,traffic,1,Traffic,timeofday:America/Anchorage:day7-19:night1-5,AM,2.0-20.0,2146.231032536151,12166.443098563655,1989.9119858688584,11948.628919684086,0.8596363978824794,5.9751464709907225,4.15747341750868,,,231.98600683757178,51.50581745238662
1446,,AM,R3130,00,EHZ,61.1981981981982,-149.90658980942584,2026-09-09T19:33:59.995000Z,2026-09-09T19:34:59.995000Z,100.0,100.0,60.0,,traffic,1,Traffic,timeofday:America/Anchorage:day7-19:night1-5,AM,2.0-20.0,1578.2561380192012,13873.556328744318,1466.5357999031078,13962.084072082349,0.8634364215337785,4.00494614647659,6.056493706222216,,,231.98600683757178,60.18502694370741
1447,,AM,R3130,00,EHZ,61.1981981981982,-149.90658980942584,2026-09-09T19:34:59.995000Z,2026-09-09T19:35:59.995000Z,100.0,100.0,60.0,,traffic,1,Traffic,timeofday:America/Anchorage:day7-19:night1-5,AM,2.0-20.0,2492.750079080226,12754.555419449633,2258.9004446709073,10990.776893990846,0.8211768629366992,2.730737518952826,0.8014827158740436,,,231.98600683757178,47.3768958904758
1448,,AM,R3130,00,EHZ,61.1981981981982,-149.90658980942584,2026-09-09T19:35:59.995000Z,2026-09-09T19:36:59.995000Z,100.0,100.0,60.0,,traffic,1,Traffic,timeofday:America/Anchorage:day7-19:night1-5,AM,2.0-20.0,2450.1440828072277,15934.444876500533,2149.3454580946027,13383.594378741715,0.7695364573242082,2.9721246487333715,1.125439332758905,,,231.98600683757178,57.69138648139422
1449,,AM,R3130,00,EHZ,61.1981981981982,-149.90658980942584,2026-09-09T19:36:59.995000Z,2026-09-09T19:37:59.995000Z,100.0,100.0,60.0,,traffic,1,Traffic,timeofday:America/Anchorage:day7-19:night1-5,AM,2.0-20.0,2096.1843827817024,7855.554647153855,1871.7155279754343,7165.343685719656,0.7972980916155772,2.1001803312095078,0.1638019388926697,,,231.98600683757178,30.886965051890265
1450,,AM,R3130,00,EHZ,61.1981981981982,-149.90658980942584,2026-09-09T19:37:59.995000Z,2026-09-09T19:38:59.995000Z,100.0,100.0,60.0,,traffic,1,Traffic,timeofday:America/Anchorage:day7-19:night1-5,AM,2.0-20.0,2869.11232718195,19061.553722817745,2740.8929482321278,19051.471568619934,0.9126180291431387,6.4630881368476665,6.698369595750826,,,231.98600683757178,82.12336523365863
1451,,AM,R3130,00,EHZ,61.1981981981982,-149.90658980942584,2026-09-09T19:38:59.995000Z,2026-09-09T19:39:59.995000Z,100.0,100.0,60.0,,traffic,1,Traffic,timeofday:America/Anchorage:day7-19:night1-5,AM,2.0-20.0,1795.793441647202,8583.553435607866,1595.0698890878764,8612.014697078104,0.7889448964408251,2.058845835981688,0.38031657559277976,,,231.98600683757178,37.12299209110456
1452,,AM,R3130,00,EHZ,61.1981981981982,-149.90658980942584,2026-09-09T19:39:59.995000Z,2026-09-09T19:40:59.995000Z,100.0,100.0,60.0,,traffic,1,Traffic,timeofday:America/Anchorage:day7-19:night1-5,AM,2.0-20.0,2942.7926251702897,13184.447484154836,2468.4940235778668,11404.399634073176,0.7036308010241398,2.895937461970282,0.8005888199168796,,,231.98600683757178,49.1598600688796
1453,,AM,R3130,00,EHZ,61.1981981981982,-149.90658980942584,2026-09-09T19:40:59.995000Z,2026-09-09T19:41:59.995000Z,100.0,100.0,60.0,,traffic,1,Traffic,timeofday:America/Anchorage:day7-19:night1-5,AM,2.0-20.0,1932.1917806960591,12610.447919339798,1785.4378154054841,11427.910049450162,0.8538645770236324,3.382656695461221,2.013771569349407,,,231.98600683757178,49.2612041788002
1454,,AM,R3130,00,EHZ,61.1981981981982,-149.90658980942584,2026-09-09T19:41:59.995000Z,2026-09-09T19:42:59.995000Z,100.0,100.0,60.0,,traffic,1,Traffic,timeofday:America/Anchorage:day7-19:night1-5,AM,2.0-20.0,2237.2577756063065,24807.44862140839,2131.122921476034,23501.66419098717,0.9073711111428228,4.6435254058790685,8.271461379106054,,,231.98600683757178,101.30638701601595
1455,,AM,R3130,00,EHZ,61.1981981981982,-149.90658980942584,2026-09-09T19:42:59.995000Z,2026-09-09T19:43:59.995000Z,100.0,100.0,60.0,,traffic,1,Traffic,timeofday:America/Anchorage:day7-19:night1-5,AM,2.0-20.0,1735.4583829527314,7540.5505147260865,1596.1632377368878,8235.700097546774,0.8459139773360926,1.8364928786660157,0.5844595242837047,,,231.98600683757178,35.50084856330629
1456,,AM,R3130,00,EHZ,61.1981981981982,-149.90658980942584,2026-09-09T19:43:59.995000Z,2026-09-09T19:44:59.995000Z,100.0,100.0,60.0,,traffic,1,Traffic,timeofday:America/Anchorage:day7-19:night1-5,AM,2.0-20.0,1818.9216804728444,12690.450076869349,1692.7187203317444,11515.116076915965,0.8660472668209267,3.614648834355329,1.0654664419950963,,,231.98600683757178,49.637114901410555
1457,,AM,R3130,00,EHZ,61.1981981981982,-149.90658980942584,2026-09-09T19:44:59.995000Z,2026-09-09T19:45:59.995000Z,100.0,100.0,60.0,,traffic,1,Traffic,timeofday:America/Anchorage:day7-19:night1-5,AM,2.0-20.0,1435.2091209583607,6999.549323201452,1311.8383593731771,5792.806040489116,0.8354688852610354,2.6588021740571657,0.6092384476193833,,,231.98600683757178,24.970497658270524
1458,,AM,R3130,00,EHZ,61.1981981981982,-149.90658980942584,2026-09-09T19:45:59.995000Z,2026-09-09T19:46:59.995000Z,100.0,100.0,60.0,,traffic,1,Traffic,timeofday:America/Anchorage:day7-19:night1-5,AM,2.0-20.0,1462.7123849227162,7197.450954759983,1328.154147959099,6403.224370872075,0.8244780323794517,2.558034338844699,0.7274011027004454,,,231.98600683757178,27.601769857418088
1459,,AM,R3130,00,EHZ,61.1981981981982,-149.90658980942584,2026-09-09T19:46:59.995000Z,2026-09-09T19:47:59.995000Z,100.0,100.0,60.0,,traffic,1,Traffic,timeofday:America/Anchorage:day7-19:night1-5,AM,2.0-20.0,1409.8584613496785,7182.451682846173,1292.7559867249277,6749.33748757497,0.8407794438061194,2.5501233860221575,0.6921102743220451,,,231.98600683757178,29.093726727666862
1460,,AM,R3130,00,EHZ,61.1981981981982,-149.90658980942584,2026-09-09T19:47:59.995000Z,2026-09-09T19:48:59.995000Z,100.0,100.0,60.0,,traffic,1,Traffic,timeofday:America/Anchorage:day7-19:night1-5,AM,2.0-20.0,1395.6068246754512,7789.452540105665,1290.8908800718552,8071.951566002642,0.8555647759365858,2.7676162161072613,1.0921169901624594,,,231.98600683757178,34.79499335343244
1461,,AM,R3130,00,EHZ,61.1981981981982,-149.90658980942584,2026-09-09T19:48:59.995000Z,2026-09-09T19:49:59.995000Z,100.0,100.0,60.0,,traffic,1,Traffic,timeofday:America/Anchorage:day7-19:night1-5,AM,2.0-20.0,1813.9214797139693,8513.453049989586,1725.542193341964,9310.748369095461,0.9049283606410621,3.5550263924250656,1.065560860187298,,,231.98600683757178,40.134956827868116
1462,,AM,R3130,00,EHZ,61.1981981981982,-149.90658980942584,2026-09-09T19:49:59.995000Z,2026-09-09T19:50:59.995000Z,100.0,100.0,60.0,,traffic,1,Traffic,timeofday:America/Anchorage:day7-19:night1-5,AM,2.0-20.0,1432.9903536251531,6519.546332499012,1317.0101778525536,5206.690572827395,0.8446790613034661,2.7411040581522554,0.3663593576668398,,,231.98600683757178,22.443985496387857
1463,,AM,R3130,00,EHZ,61.1981981981982,-149.90658980942584,2026-09-09T19:50:59.995000Z,2026-09-09T19:51:59.995000Z,100.0,100.0,60.0,,traffic,1,Traffic,timeofday:America/Anchorage:day7-19:night1-5,AM,2.0-20.0,1279.070513961381,8895.453825029406,1146.8261322212568,8038.678535164851,0.8039076957530052,2.8694318441137727,1.5760115194921545,,,231.98600683757178,34.65156646621899
1464,,AM,R3130,00,EHZ,61.1981981981982,-149.90658980942584,2026-09-09T19:51:59.995000Z,2026-09-09T19:52:59.995000Z,100.0,100.0,60.0,,traffic,1,Traffic,timeofday:America/Anchorage:day7-19:night1-5,AM,2.0-20.0,1889.970369138687,13543.454907503723,1790.4592233067192,11419.155468791203,0.8974678060829242,4.23509506183523,2.5194739726062565,,,231.98600683757178,49.22346664118618
1465,,AM,R3130,00,EHZ,61.1981981981982,-149.90658980942584,2026-09-09T19:55:59.995000Z,2026-09-09T19:56:59.995000Z,100.0,100.0,60.0,,traffic,1,Traffic,timeofday:America/Anchorage:day7-19:night1-5,AM,2.0-20.0,1411.0191019307217,6845.542591961297,1270.6532008974152,6279.290181488399,0.8109391796322301,2.411042145532989,0.7341545528484317,,,231.98600683757178,27.067538542895527
1466,,AM,R3130,00,EHZ,61.1981981981982,-149.90658980942584,2026-09-09T19:56:59.995000Z,2026-09-09T19:57:59.995000Z,100.0,100.0,60.0,,traffic,1,Traffic,timeofday:America/Anchorage:day7-19:night1-5,AM,2.0-20.0,1570.130259954134,7686.457938350502,1477.6010622427011,8086.672604302302,0.8856110409354525,4.856304231672585,1.6380678718862551,,,231.98600683757178,34.85844993213016
1467,,AM,R3130,00,EHZ,61.1981981981982,-149.90658980942584,2026-09-09T19:57:59.995000Z,2026-09-09T19:58:59.995000Z,100.0,100.0,60.0,,traffic,1,Traffic,timeofday:America/Anchorage:day7-19:night1-5,AM,2.0-20.0,1286.4901972909051,7433.458101265376,1181.0534653664372,8467.523615855318,0.8428031570434455,2.364873924733477,1.1863072387267914,,,231.98600683757178,36.500148139469346
1468,,AM,R3130,00,EHZ,61.1981981981982,-149.90658980942584,2026-09-09T19:58:59.995000Z,2026-09-09T19:59:59.995000Z,100.0,100.0,60.0,,traffic,1,Traffic,timeofday:America/Anchorage:day7-19:night1-5,AM,2.0-20.0,1519.393776157697,8581.458733411677,1396.999738842397,7032.291808858252,0.8453799894991803,3.1747507011042857,0.7855438183245558,,,231.98600683757178,30.313430989749346
1469,,AM,R3130,00,EHZ,61.1981981981982,-149.90658980942584,2026-09-09T19:59:59.995000Z,2026-09-09T20:00:59.995000Z,100.0,100.0,60.0,,traffic,1,Traffic,timeofday:America/Anchorage:day7-19:night1-5,AM,2.0-20.0,1322.4955175466525,7108.459638742745,1237.640601814982,7590.12293893225,0.875791405950836,2.5096972099905157,0.653651211432245,,,231.98600683757178,32.71802054960401
1470,,AM,R3130,00,EHZ,61.1981981981982,-149.90658980942584,2026-09-09T20:00:59.995000Z,2026-09-09T20:01:59.995000Z,100.0,100.0,60.0,,traffic,1,Traffic,timeofday:America/Anchorage:day7-19:night1-5,AM,2.0-20.0,1412.778737121054,6210.5399169254815,1284.2260804312302,5972.287360097884,0.8262941364685841,1.9261195146275114,0.3579493735909902,,,231.98600683757178,25.744170700258934
1471,,AM,R3130,00,EHZ,61.1981981981982,-149.90658980942584,2026-09-09T20:01:59.995000Z,2026-09-09T20:02:59.995000Z,100.0,100.0,60.0,,traffic,1,Traffic,timeofday:America/Anchorage:day7-19:night1-5,AM,2.0-20.0,1477.2110064166309,8137.539327159408,1331.7960358195792,7927.108855245454,0.8128124853180759,2.693517209378757,0.9961207950650381,,,231.98600683757178,34.17063366583024
1472,,AM,R3130,00,EHZ,61.1981981981982,-149.90658980942584,2026-09-09T20:02:59.995000Z,2026-09-09T20:03:59.995000Z,100.0,100.0,60.0,,traffic,1,Traffic,timeofday:America/Anchorage:day7-19:night1-5,AM,2.0-20.0,1639.5582156556895,12899.538323550933,1479.7067485335567,9712.655298950785,0.814512259753321,3.354681263979147,2.378149083683991,,,231.98600683757178,41.86741877819913
1473,,AM,R3130,00,EHZ,61.1981981981982,-149.90658980942584,2026-09-09T20:03:59.995000Z,2026-09-09T20:04:59.995000Z,100.0,100.0,60.0,,traffic,1,Traffic,timeofday:America/Anchorage:day7-19:night1-5,AM,2.0-20.0,1478.9054500987543,8087.537839684608,1329.9111517579793,8535.774162347312,0.8086571607874593,3.3283523575018146,1.7055855385847805,,,231.98600683757178,36.79434927436702
1474,,AM,R3130,00,EHZ,61.1981981981982,-149.90658980942584,2026-09-09T20:04:59.995000Z,2026-09-09T20:05:59.995000Z,100.0,100.0,60.0,,traffic,1,Traffic,timeofday:America/Anchorage:day7-19:night1-5,AM,2.0-20.0,1352.0816985633244,4941.537064746419,1241.3901077856528,5168.827369117193,0.8429672300806385,2.0503955826366727,0.18846792616372365,,,231.98600683757178,22.28077218785105
1475,,AM,R3130,00,EHZ,61.1981981981982,-149.90658980942584,2026-09-09T20:05:59.995000Z,2026-09-09T20:06:59.995000Z,100.0,100.0,60.0,,traffic,1,Traffic,timeofday:America/Anchorage:day7-19:night1-5,AM,2.0-20.0,1756.9305404671263,7856.5364424583495,1634.5001644907843,7025.783609348365,0.8654874063877853,2.556288482629653,0.44623276251448774,,,231.98600683757178,30.28537671355137
1476,,AM,R3130,00,EHZ,61.1981981981982,-149.90658980942584,2026-09-09T20:06:59.995000Z,2026-09-09T20:07:59.995000Z,100.0,100.0,60.0,,traffic,1,Traffic,timeofday:America/Anchorage:day7-19:night1-5,AM,2.0-20.0,1457.1369396335406,8025.53628828376,1312.5968470117186,8102.920146949691,0.8114503974160013,2.4673296915111025,1.1082059671870086,,,231.98600683757178,34.928486667831926
1477,,AM,R3130,00,EHZ,61.1981981981982,-149.90658980942584,2026-09-09T20:07:59.995000Z,2026-09-09T20:08:59.995000Z,100.0,100.0,60.0,,traffic,1,Traffic,timeofday:America/Anchorage:day7-19:night1-5,AM,2.0-20.0,2067.7651965647506,11190.46475933104,1972.1759253643556,12215.231734652043,0.9096804544625426,3.0720245696656647,1.7875531926431663,,,231.98600683757178,52.6550368324789
1478,,AM,R3130,00,EHZ,61.1981981981982,-149.90658980942584,2026-09-09T20:08:59.995000Z,2026-09-09T20:09:59.995000Z,100.0,100.0,60.0,,traffic,1,Traffic,timeofday:America/Anchorage:day7-19:night1-5,AM,2.0-20.0,1742.3302067650147,8589.46517134408,1604.4218799647367,7981.719578920337,0.8479616666901119,2.851899315476523,0.8229990843395822,,,231.98600683757178,34.40603891470423
1479,,AM,R3130,00,EHZ,61.1981981981982,-149.90658980942584,2026-09-09T20:09:59.995000Z,2026-09-09T20:10:59.995000Z,100.0,100.0,60.0,,traffic,1,Traffic,timeofday:America/Anchorage:day7-19:night1-5,AM,2.0-20.0,1912.112610737141,13442.53447467432,1651.3724218394484,11486.555699155433,0.7458699725817634,4.0236611956605515,2.4246374270905715,,,231.98600683757178,49.514002399282234
1480,,AM,R3130,00,EHZ,61.1981981981982,-149.90658980942584,2026-09-09T20:10:59.995000Z,2026-09-09T20:11:59.995000Z,100.0,100.0,60.0,,traffic,1,Traffic,timeofday:America/Anchorage:day7-19:night1-5,AM,2.0-20.0,2191.122824978704,14601.466473036975,2021.444638708617,13172.093668136251,0.8511189453906682,3.7340034196464478,2.1526461086507425,,,231.98600683757178,56.779690498137995
1481,,AM,R3130,00,EHZ,61.1981981981982,-149.90658980942584,2026-09-09T20:11:59.995000Z,2026-09-09T20:12:59.995000Z,100.0,100.0,60.0,,traffic,1,Traffic,timeofday:America/Anchorage:day7-19:night1-5,AM,2.0-20.0,2123.050747084742,9483.533078769266,1743.5130824574826,7682.566899935574,0.6744188037468974,2.9352908722688604,0.5038621723254169,,,231.98600683757178,33.11650993378505
1482,,AM,R3130,00,EHZ,61.1981981981982,-149.90658980942584,2026-09-09T20:12:59.995000Z,2026-09-09T20:13:59.995000Z,100.0,100.0,60.0,,traffic,1,Traffic,timeofday:America/Anchorage:day7-19:night1-5,AM,2.0-20.0,2034.0455862325898,24115.532354951585,1903.3745863379506,20947.815227244413,0.8756431787025778,3.894049016285321,9.72536518120379,,,231.98600683757178,90.29775335506041
1483,,AM,R3130,00,EHZ,61.1981981981982,-149.90658980942584,2026-09-09T20:13:59.995000Z,2026-09-09T20:14:59.995000Z,100.0,100.0,60.0,,traffic,1,Traffic,timeofday:America/Anchorage:day7-19:night1-5,AM,2.0-20.0,1498.7211803828347,5733.468068850674,1342.5834892400158,5808.530405100959,0.8024923742990506,2.169585344213795,0.38863640874854566,,,231.98600683757178,25.03827918020884
1484,,AM,R3130,00,EHZ,61.1981981981982,-149.90658980942584,2026-09-09T20:14:59.995000Z,2026-09-09T20:15:59.995000Z,100.0,100.0,60.0,,traffic,1,Traffic,timeofday:America/Anchorage:day7-19:night1-5,AM,2.0-20.0,1963.5302828722718,8650.53123863407,1782.7671186145938,9108.985882922625,0.8243545197760688,1.8657769137106481,0.5597610536470272,,,231.98600683757178,39.26523848182105
1485,,AM,R3130,00,EHZ,61.1981981981982,-149.90658980942584,2026-09-09T20:15:59.995000Z,2026-09-09T20:16:59.995000Z,100.0,100.0,60.0,,traffic,1,Traffic,timeofday:America/Anchorage:day7-19:night1-5,AM,2.0-20.0,1748.7657690945316,7386.46964047614,1593.925699833546,6979.35575647462,0.830754799166539,2.213918408723641,0.5110650162111456,,,231.98600683757178,30.08524458702077
1486,,AM,R3130,00,EHZ,61.1981981981982,-149.90658980942584,2026-09-09T20:16:59.995000Z,2026-09-09T20:17:59.995000Z,100.0,100.0,60.0,,traffic,1,Traffic,timeofday:America/Anchorage:day7-19:night1-5,AM,2.0-20.0,1773.058672002618,11248.469688649346,1602.316103043921,9238.849123380649,0.8166767288982183,2.068136645878154,0.5087720560611846,,,231.98600683757178,39.82502759250198
1487,,AM,R3130,00,EHZ,61.1981981981982,-149.90658980942584,2026-09-09T20:17:59.995000Z,2026-09-09T20:18:59.995000Z,100.0,100.0,60.0,,traffic,1,Traffic,timeofday:America/Anchorage:day7-19:night1-5,AM,2.0-20.0,1862.461188390749,7327.470316628765,1651.8709082746846,7760.688072964412,0.7866431166788923,2.4324449784492086,0.3814709370369602,,,231.98600683757178,33.45325943904093
1488,,AM,R3130,00,EHZ,61.1981981981982,-149.90658980942584,2026-09-09T20:18:59.995000Z,2026-09-09T20:19:59.995000Z,100.0,100.0,60.0,,traffic,1,Traffic,timeofday:America/Anchorage:day7-19:night1-5,AM,2.0-20.0,2342.864909831669,10812.471362312574,2040.4673894304963,7945.7446772510775,0.758516130789288,2.36322535596336,0.2469258214297576,,,231.98600683757178,34.250965330052864
1489,,AM,R3130,00,EHZ,61.1981981981982,-149.90658980942584,2026-09-09T20:19:59.995000Z,2026-09-09T20:20:59.995000Z,100.0,100.0,60.0,,traffic,1,Traffic,timeofday:America/Anchorage:day7-19:night1-5,AM,2.0-20.0,2329.6875488942683,21020.528024241274,2047.2029505130383,11990.931205101824,0.7721940313542623,2.919976048595465,1.1754738369885525,,,231.98600683757178,51.688165887942716
1490,,AM,R3130,00,EHZ,61.1981981981982,-149.90658980942584,2026-09-09T20:20:59.995000Z,2026-09-09T20:21:59.995000Z,100.0,100.0,60.0,,traffic,1,Traffic,timeofday:America/Anchorage:day7-19:night1-5,AM,2.0-20.0,1968.9684332140157,8598.472342444233,1782.5507044377978,7330.202166233041,0.8196081669557272,2.320933759878112,0.3096613492024738,,,231.98600683757178,31.597604813144542
1491,,AM,R3130,00,EHZ,61.1981981981982,-149.90658980942584,2026-09-09T20:24:59.995000Z,2026-09-09T20:25:59.995000Z,100.0,100.0,60.0,,traffic,1,Traffic,timeofday:America/Anchorage:day7-19:night1-5,AM,2.0-20.0,1612.2204224587024,9797.474867878866,1410.955374883107,8053.966269391194,0.7659099653129445,2.543496499254294,0.6293959852373807,,,231.98600683757178,34.71746584711159
1492,,AM,R3130,00,EHZ,61.1981981981982,-149.90658980942584,2026-09-09T20:25:59.995000Z,2026-09-09T20:26:59.995000Z,100.0,100.0,60.0,,traffic,1,Traffic,timeofday:America/Anchorage:day7-19:night1-5,AM,2.0-20.0,2148.599535553389,33415.47546038898,1978.6805530968857,30572.613140503207,0.8480870190236006,6.495433413052069,28.23502979937098,,,231.98600683757178,131.7864536627377
1493,,AM,R3130,00,EHZ,61.1981981981982,-149.90658980942584,2026-09-09T20:26:59.995000Z,2026-09-09T20:27:59.995000Z,100.0,100.0,60.0,,traffic,1,Traffic,timeofday:America/Anchorage:day7-19:night1-5,AM,2.0-20.0,1365.654677074304,9032.524052390861,1267.2367006201912,8399.113441725643,0.8610605482574364,2.862000320480477,0.9695656540753563,,,231.98600683757178,36.20525891290676
1494,,AM,R3130,00,EHZ,61.1981981981982,-149.90658980942584,2026-09-09T20:27:59.995000Z,2026-09-09T20:28:59.995000Z,100.0,100.0,60.0,,traffic,1,Traffic,timeofday:America/Anchorage:day7-19:night1-5,AM,2.0-20.0,1136.1379608439042,5494.523278164092,1058.9269226420015,4762.2340988713495,0.8687000343354911,2.4203738682057367,0.2178334388692469,,,231.98600683757178,20.52810927602928
1495,,AM,R3130,00,EHZ,61.1981981981982,-149.90658980942584,2026-09-09T20:28:59.995000Z,2026-09-09T20:29:59.995000Z,100.0,100.0,60.0,,traffic,1,Traffic,timeofday:America/Anchorage:day7-19:night1-5,AM,2.0-20.0,1637.3776594304272,8709.477251741184,1540.6571865330918,8685.20499722767,0.8853486045566451,5.109891951608675,2.5800615603242347,,,231.98600683757178,37.43848655194422
1496,,AM,R3130,00,EHZ,61.1981981981982,-149.90658980942584,2026-09-09T20:29:59.995000Z,2026-09-09T20:30:59.995000Z,100.0,100.0,60.0,,traffic,1,Traffic,timeofday:America/Anchorage:day7-19:night1-5,AM,2.0-20.0,1476.445532033622,9722.52233980287,1361.3259139859183,9184.934362380383,0.8501378721828107,3.419366102279187,1.6100976952421107,,,231.98600683757178,39.59262236368999
1497,,AM,R3130,00,EHZ,61.1981981981982,-149.90658980942584,2026-09-09T20:30:59.995000Z,2026-09-09T20:31:59.995000Z,100.0,100.0,60.0,,traffic,1,Traffic,timeofday:America/Anchorage:day7-19:night1-5,AM,2.0-20.0,1691.4265157601485,9133.478389299631,1616.3003179122431,9208.554158739153,0.9131410096107881,3.3324546818024374,2.3405426583370588,,,231.98600683757178,39.69443797179823
1498,,AM,R3130,00,EHZ,61.1981981981982,-149.90658980942584,2026-09-09T20:31:59.995000Z,2026-09-09T20:32:59.995000Z,100.0,100.0,60.0,,traffic,1,Traffic,timeofday:America/Anchorage:day7-19:night1-5,AM,2.0-20.0,1051.0146809398423,6566.520584428128,963.9967855999856,5920.720915058908,0.8412665220653397,3.1232022683180487,1.0070891405963467,,,231.98600683757178,25.52188813355619
1499,,AM,R3130,00,EHZ,61.1981981981982,-149.90658980942584,2026-09-09T20:32:59.995000Z,2026-09-09T20:33:59.995000Z,100.0,100.0,60.0,,traffic,1,Traffic,timeofday:America/Anchorage:day7-19:night1-5,AM,2.0-20.0,1096.0170916729853,5675.479832564843,1004.3240791992077,4633.128718515386,0.8396786234105837,2.4002061722154227,0.5444097049046372,,,231.98600683757178,19.97158700075964
1500,,AM,R3130,00,EHZ,61.1981981981982,-149.90658980942584,2026-09-09T20:33:59.995000Z,2026-09-09T20:34:59.995000Z,100.0,100.0,60.0,,traffic,1,Traffic,timeofday:America/Anchorage:day7-19:night1-5,AM,2.0-20.0,1567.828324555932,8378.519837235266,1270.5458109671802,5347.882223084798,0.6567251447478373,2.1059093759130816,0.6884775385636384,,,231.98600683757178,23.052606904989712
1501,,AM,R3130,00,EHZ,61.1981981981982,-149.90658980942584,2026-09-09T20:34:59.995000Z,2026-09-09T20:35:59.995000Z,100.0,100.0,60.0,,traffic,1,Traffic,timeofday:America/Anchorage:day7-19:night1-5,AM,2.0-20.0,1614.5127123074494,9603.480914531001,1475.9715720348158,7134.128924603965,0.8357435775768297,2.6054018075857903,0.9104694495406385,,,231.98600683757178,30.752410552068447
1502,,AM,R3130,00,EHZ,61.1981981981982,-149.90658980942584,2026-09-09T20:35:59.995000Z,2026-09-09T20:36:59.995000Z,100.0,100.0,60.0,,traffic,1,Traffic,timeofday:America/Anchorage:day7-19:night1-5,AM,2.0-20.0,1517.9900790752145,7492.4816526786835,1410.960097323567,6927.285484204378,0.8639559447563983,3.54644923017211,1.2116067584908103,,,231.98600683757178,29.860790220224846
1503,,AM,R3130,00,EHZ,61.1981981981982,-149.90658980942584,2026-09-09T20:36:59.995000Z,2026-09-09T20:37:59.995000Z,100.0,100.0,60.0,,traffic,1,Traffic,timeofday:America/Anchorage:day7-19:night1-5,AM,2.0-20.0,1698.5904165831307,13169.482426397299,1600.0656629195744,13379.386951405206,0.887356779968495,3.897958854330084,3.655076114354415,,,231.98600683757178,57.673249924824
1504,,AM,R3130,00,EHZ,61.1981981981982,-149.90658980942584,2026-09-09T20:37:59.995000Z,2026-09-09T20:38:59.995000Z,100.0,100.0,60.0,,traffic,1,Traffic,timeofday:America/Anchorage:day7-19:night1-5,AM,2.0-20.0,1421.176872585752,7114.517509778285,1341.8449272342668,6585.814616351073,0.8914734111640152,2.6130731748458285,0.5943278176379585,,,231.98600683757178,28.38884425025783
1505,,AM,R3130,00,EHZ,61.1981981981982,-149.90658980942584,2026-09-09T20:38:59.995000Z,2026-09-09T20:39:59.995000Z,100.0,100.0,60.0,,traffic,1,Traffic,timeofday:America/Anchorage:day7-19:night1-5,AM,2.0-20.0,1191.2031026563097,7396.483332643047,1114.9287373955842,7071.865753262089,0.8760372784665148,3.7053741655054067,1.1188070865146411,,,231.98600683757178,30.484018625371462
1506,,AM,R3130,00,EHZ,61.1981981981982,-149.90658980942584,2026-09-09T20:39:59.995000Z,2026-09-09T20:40:59.995000Z,100.0,100.0,60.0,,traffic,1,Traffic,timeofday:America/Anchorage:day7-19:night1-5,AM,2.0-20.0,1096.9389223106334,5914.5161998532585,1006.7751973493978,5553.157559352458,0.8423646287045021,2.4384695949098707,0.5876701597891048,,,231.98600683757178,23.93746775959887
1507,,AM,R3130,00,EHZ,61.1981981981982,-149.90658980942584,2026-09-09T20:40:59.995000Z,2026-09-09T20:41:59.995000Z,100.0,100.0,60.0,,traffic,1,Traffic,timeofday:America/Anchorage:day7-19:night1-5,AM,2.0-20.0,1178.6291472053,6921.4845377862675,1096.6450069209986,6978.473329500887,0.8657206511526371,3.2759508531899844,1.9215935598823135,,,231.98600683757178,30.081440793051634
1508,,AM,R3130,00,EHZ,61.1981981981982,-149.90658980942584,2026-09-09T20:41:59.995000Z,2026-09-09T20:42:59.995000Z,100.0,100.0,60.0,,traffic,1,Traffic,timeofday:America/Anchorage:day7-19:night1-5,AM,2.0-20.0,1545.5621477847858,10147.485207942651,1474.8731311604015,9465.57951219321,0.9106183168836277,4.939324722159314,3.6870728057089437,,,231.98600683757178,40.80237270009422
1509,,AM,R3130,00,EHZ,61.1981981981982,-149.90658980942584,2026-09-09T20:42:59.995000Z,2026-09-09T20:43:59.995000Z,100.0,100.0,60.0,,traffic,1,Traffic,timeofday:America/Anchorage:day7-19:night1-5,AM,2.0-20.0,1564.5250362458728,14675.485987555878,1463.2290818222455,15546.89053020669,0.874700981337208,4.669221322235386,8.354403930807361,,,231.98600683757178,67.01650130601223
1510,,AM,R3130,00,EHZ,61.1981981981982,-149.90658980942584,2026-09-09T20:43:59.995000Z,2026-09-09T20:44:59.995000Z,100.0,100.0,60.0,,traffic,1,Traffic,timeofday:America/Anchorage:day7-19:night1-5,AM,2.0-20.0,1434.592888244311,7587.513498799846,1348.2455000450957,7153.685447983438,0.8832438289054039,3.677674470959281,0.9146069967100408,,,231.98600683757178,30.836710996073958
1511,,AM,R3130,00,EHZ,61.1981981981982,-149.90658980942584,2026-09-09T20:44:59.995000Z,2026-09-09T20:45:59.995000Z,100.0,100.0,60.0,,traffic,1,Traffic,timeofday:America/Anchorage:day7-19:night1-5,AM,2.0-20.0,1797.3867484847356,7735.487210789457,1685.974126845231,7068.079735019477,0.8798704660078354,3.709186522248944,0.596852396634429,,,231.98600683757178,30.467698596873955
1512,,AM,R3130,00,EHZ,61.1981981981982,-149.90658980942584,2026-09-09T20:45:59.995000Z,2026-09-09T20:46:59.995000Z,100.0,100.0,60.0,,traffic,1,Traffic,timeofday:America/Anchorage:day7-19:night1-5,AM,2.0-20.0,1159.5748903411077,5183.512389494883,1072.2970065787872,5883.179504291851,0.8551308653135918,2.45034664697462,0.48774417606136344,,,231.98600683757178,25.360061947232193
1513,,AM,R3130,00,EHZ,61.1981981981982,-149.90658980942584,2026-09-09T20:46:59.995000Z,2026-09-09T20:47:59.995000Z,100.0,100.0,60.0,,traffic,1,Traffic,timeofday:America/Anchorage:day7-19:night1-5,AM,2.0-20.0,1819.3097779132095,11490.488191835799,1731.3609843826525,12082.917430317357,0.9056532416348942,3.609040095596226,1.620006578334424,,,231.98600683757178,52.08468215402914
1514,,AM,R3130,00,EHZ,61.1981981981982,-149.90658980942584,2026-09-09T20:47:59.995000Z,2026-09-09T20:48:59.995000Z,100.0,100.0,60.0,,traffic,1,Traffic,timeofday:America/Anchorage:day7-19:night1-5,AM,2.0-20.0,1189.3543954117395,9601.510840736448,1085.1021354012075,10360.653545800085,0.8323743187989117,5.232743873342798,4.139770241673329,,,231.98600683757178,44.66068314652375
1515,,AM,R3130,00,EHZ,61.1981981981982,-149.90658980942584,2026-09-09T20:48:59.995000Z,2026-09-09T20:49:59.995000Z,100.0,100.0,60.0,,traffic,1,Traffic,timeofday:America/Anchorage:day7-19:night1-5,AM,2.0-20.0,1902.975559774698,10847.510490921726,1656.9760909003228,9469.572527528935,0.7581690689641121,3.530216957014818,1.4982170812076276,,,231.98600683757178,40.8195850112597
1516,,AM,R3130,00,EHZ,61.1981981981982,-149.90658980942584,2026-09-09T20:49:59.995000Z,2026-09-09T20:50:59.995000Z,100.0,100.0,60.0,,traffic,1,Traffic,timeofday:America/Anchorage:day7-19:night1-5,AM,2.0-20.0,1158.7914897729263,5577.509811618531,1060.0672948686015,4795.9902535320325,0.8368666818655168,1.7478583797471392,0.1081711590705936,,,231.98600683757178,20.673618719123915
1517,,AM,R3130,00,EHZ,61.1981981981982,-149.90658980942584,2026-09-09T20:50:59.995000Z,2026-09-09T20:51:59.995000Z,100.0,100.0,60.0,,traffic,1,Traffic,timeofday:America/Anchorage:day7-19:night1-5,AM,2.0-20.0,1707.7010652512965,10843.490726417243,1488.1742029116547,9775.53930050985,0.7594231731349012,5.615813883210164,3.3693017153691427,,,231.98600683757178,42.13848685862475
1518,,AM,R3130,00,EHZ,61.1981981981982,-149.90658980942584,2026-09-09T20:51:59.995000Z,2026-09-09T20:52:59.995000Z,100.0,100.0,60.0,,traffic,1,Traffic,timeofday:America/Anchorage:day7-19:night1-5,AM,2.0-20.0,1676.0779063678945,7666.508846325032,1603.203044096049,7568.071218404903,0.9149316575969287,3.4554492052339407,1.5586883080640384,,,231.98600683757178,32.62296429673792
1519,,AM,R3130,00,EHZ,61.1981981981982,-149.90658980942584,2026-09-09T20:52:59.995000Z,2026-09-09T20:53:59.995000Z,100.0,100.0,60.0,,traffic,1,Traffic,timeofday:America/Anchorage:day7-19:night1-5,AM,2.0-20.0,1315.3126993785372,8665.50792829006,1190.7496689275088,8666.707578862815,0.8195640734659803,4.259403763493765,2.3612683844922433,,,231.98600683757178,37.358751491123044
1520,,AM,R3130,00,EHZ,61.1981981981982,-149.90658980942584,2026-09-09T20:53:59.995000Z,2026-09-09T20:54:59.995000Z,100.0,100.0,60.0,,traffic,1,Traffic,timeofday:America/Anchorage:day7-19:night1-5,AM,2.0-20.0,2532.8996558704857,21904.492352618683,2427.398399371139,21060.32677431622,0.9184301928966754,5.795700301181192,11.378249372804001,,,231.98600683757178,90.78274617253919
1521,,AM,R3130,00,EHZ,61.1981981981982,-149.90658980942584,2026-09-09T20:54:59.995000Z,2026-09-09T20:55:59.995000Z,100.0,100.0,60.0,,traffic,1,Traffic,timeofday:America/Anchorage:day7-19:night1-5,AM,2.0-20.0,1596.6016295496884,8258.493014441305,1434.5528173100313,7351.722719956737,0.8073092880438988,3.0618956846454664,1.3315248642369317,,,231.98600683757178,31.690371415824867
1522,,AM,R3130,00,EHZ,61.1981981981982,-149.90658980942584,2026-09-09T20:55:59.995000Z,2026-09-09T20:56:59.995000Z,100.0,100.0,60.0,,traffic,1,Traffic,timeofday:America/Anchorage:day7-19:night1-5,AM,2.0-20.0,1309.635839717064,5936.506209705825,1221.257252261385,5119.466473601779,0.8695873399642801,2.263874105110672,0.36480877194183625,,,231.98600683757178,22.067996873562485
1523,,AM,R3130,00,EHZ,61.1981981981982,-149.90658980942584,2026-09-09T20:56:59.995000Z,2026-09-09T20:57:59.995000Z,100.0,100.0,60.0,,traffic,1,Traffic,timeofday:America/Anchorage:day7-19:night1-5,AM,2.0-20.0,1795.3049894598194,8451.505619329964,1741.070703532524,8151.023831520271,0.9404946728102315,3.995848724928224,1.3528891089725565,,,231.98600683757178,35.13584264255785
1524,,AM,R3130,00,EHZ,61.1981981981982,-149.90658980942584,2026-09-09T20:57:59.995000Z,2026-09-09T20:58:59.995000Z,100.0,100.0,60.0,,traffic,1,Traffic,timeofday:America/Anchorage:day7-19:night1-5,AM,2.0-20.0,1516.056104015216,8387.505068488654,1455.4126320562677,8103.044796658052,0.9215984450629421,4.511527950486121,1.2302408074800937,,,231.98600683757178,34.929023983466
1525,,AM,R3130,00,EHZ,61.1981981981982,-149.90658980942584,2026-09-09T20:58:59.995000Z,2026-09-09T20:59:59.995000Z,100.0,100.0,60.0,,traffic,1,Traffic,timeofday:America/Anchorage:day7-19:night1-5,AM,2.0-20.0,1444.8985694479948,6765.504169661985,1348.1170793886095,7322.75748599596,0.8705234999944449,2.654693106098244,1.163680202136062,,,231.98600683757178,31.56551373860705
1526,,AM,R3130,00,EHZ,61.1981981981982,-149.90658980942584,2026-09-09T20:59:59.995000Z,2026-09-09T21:00:59.995000Z,100.0,100.0,60.0,,traffic,1,Traffic,timeofday:America/Anchorage:day7-19:night1-5,AM,2.0-20.0,1435.6943528417146,6819.495899548889,1345.3695418097782,6264.316174268552,0.8781307764318388,2.598112141994708,0.851683810092768,,,231.98600683757178,27.002991515150306
1527,,AM,R3130,00,EHZ,61.1981981981982,-149.90658980942584,2026-09-09T21:00:59.995000Z,2026-09-09T21:01:59.995000Z,100.0,100.0,60.0,,traffic,1,Traffic,timeofday:America/Anchorage:day7-19:night1-5,AM,2.0-20.0,1916.0838268895805,9612.496657717924,1787.7146725837445,9340.369977769577,0.8704972409275883,3.460543620470059,1.144902487765279,,,231.98600683757178,40.262643877091115
1528,,AM,R3130,00,EHZ,61.1981981981982,-149.90658980942584,2026-09-09T21:01:59.995000Z,2026-09-09T21:02:59.995000Z,100.0,100.0,60.0,,traffic,1,Traffic,timeofday:America/Anchorage:day7-19:night1-5,AM,2.0-20.0,1367.576053175125,6523.502675377893,1304.6945781462205,6406.397028471062,0.9101537026299853,2.446084070193807,0.9432377390966407,,,231.98600683757178,27.615445930566796
1529,,AM,R3130,00,EHZ,61.1981981981982,-149.90658980942584,2026-09-09T21:02:59.995000Z,2026-09-09T21:03:59.995000Z,100.0,100.0,60.0,,traffic,1,Traffic,timeofday:America/Anchorage:day7-19:night1-5,AM,2.0-20.0,1225.2565540414519,6030.497874345474,1131.4091304222984,5373.445420459402,0.8526784552606169,2.1231915750284145,0.3498275033629423,,,231.98600683757178,23.162799746890315
1530,,AM,R3130,00,EHZ,61.1981981981982,-149.90658980942584,2026-09-09T21:03:59.995000Z,2026-09-09T21:04:59.995000Z,100.0,100.0,60.0,,traffic,1,Traffic,timeofday:America/Anchorage:day7-19:night1-5,AM,2.0-20.0,1394.0254940627726,10769.49884106181,1309.0149428839961,10176.960696412834,0.8817546850967105,4.757787557232291,5.101799194843929,,,231.98600683757178,43.86885586395896
1531,,AM,R3130,00,EHZ,61.1981981981982,-149.90658980942584,2026-09-09T21:04:59.995000Z,2026-09-09T21:05:59.995000Z,100.0,100.0,60.0,,traffic,1,Traffic,timeofday:America/Anchorage:day7-19:night1-5,AM,2.0-20.0,1659.089904409073,7106.499537540683,1497.6972474847275,6776.12946458982,0.8149073257329857,3.070189407255234,0.965430923721895,,,231.98600683757178,29.209216353011417
1532,,AM,R3130,00,EHZ,61.1981981981982,-149.90658980942584,2026-09-09T21:05:59.995000Z,2026-09-09T21:06:59.995000Z,100.0,100.0,60.0,,traffic,1,Traffic,timeofday:America/Anchorage:day7-19:night1-5,AM,2.0-20.0,1509.2981043956015,7613.499941524855,1319.641732805014,7496.117047548657,0.7644727854930182,2.9469032077068604,1.345764940778615,,,231.98600683757178,32.3127983007922
1533,,AM,R3130,00,EHZ,61.1981981981982,-149.90658980942584,2026-09-09T21:06:59.995000Z,2026-09-09T21:07:59.995000Z,100.0,100.0,60.0,,traffic,1,Traffic,timeofday:America/Anchorage:day7-19:night1-5,AM,2.0-20.0,1376.531143544246,8634.499414641252,1279.6134686590635,8701.33104411121,0.8641428125000783,4.379361837895065,2.5966428336017557,,,231.98600683757178,37.50799956742032
1534,,AM,R3130,00,EHZ,61.1981981981982,-149.90658980942584,2026-09-09T21:07:59.995000Z,2026-09-09T21:08:59.995000Z,100.0,100.0,60.0,,traffic,1,Traffic,timeofday:America/Anchorage:day7-19:night1-5,AM,2.0-20.0,1261.1606725644172,5591.498828635535,1149.2631812805037,4600.627615703201,0.8304206651547807,2.382095120154173,0.45642308951807475,,,231.98600683757178,19.831487590216568
1535,,AM,R3130,00,EHZ,61.1981981981982,-149.90658980942584,2026-09-09T21:08:59.995000Z,2026-09-09T21:09:59.995000Z,100.0,100.0,60.0,,traffic,1,Traffic,timeofday:America/Anchorage:day7-19:night1-5,AM,2.0-20.0,1502.202269326338,13995.501821296233,1426.4749961777898,14371.7191183209,0.9017195792348417,4.33281369777277,5.79203158857268,,,231.98600683757178,61.950801749794586
1536,,AM,R3130,00,EHZ,61.1981981981982,-149.90658980942584,2026-09-09T21:09:59.995000Z,2026-09-09T21:10:59.995000Z,100.0,100.0,60.0,,traffic,1,Traffic,timeofday:America/Anchorage:day7-19:night1-5,AM,2.0-20.0,1802.516338099275,8436.497907754887,1729.0955881412378,8653.0400592913,0.9201943992240449,4.608621525357564,1.0009735795334942,,,231.98600683757178,37.299836215336235
1537,,AM,R3130,00,EHZ,61.1981981981982,-149.90658980942584,2026-09-09T21:10:59.995000Z,2026-09-09T21:11:59.995000Z,100.0,100.0,60.0,,traffic,1,Traffic,timeofday:America/Anchorage:day7-19:night1-5,AM,2.0-20.0,2367.1193146851974,13730.496888393569,2127.3119993617433,11894.450824722047,0.8076479245473095,3.4147373599845103,2.8190183703853586,,,231.98600683757178,51.27227709492889
1538,,AM,R3130,00,EHZ,61.1981981981982,-149.90658980942584,2026-09-09T21:11:59.995000Z,2026-09-09T21:12:59.995000Z,100.0,100.0,60.0,,traffic,1,Traffic,timeofday:America/Anchorage:day7-19:night1-5,AM,2.0-20.0,2022.391210498446,8528.496380643905,1931.3233410841642,7928.964950453663,0.9119680850754723,3.3337985203675897,0.3882064655839672,,,231.98600683757178,34.17863455878715
1539,,AM,R3130,00,EHZ,61.1981981981982,-149.90658980942584,2026-09-09T21:12:59.995000Z,2026-09-09T21:13:59.995000Z,100.0,100.0,60.0,,traffic,1,Traffic,timeofday:America/Anchorage:day7-19:night1-5,AM,2.0-20.0,1231.9456686904903,5269.495771872789,1147.0340698387074,5083.597385025059,0.8669010431306216,2.4131337099652934,0.33857614972521377,,,231.98600683757178,21.91337940733818
1540,,AM,R3130,00,EHZ,61.1981981981982,-149.90658980942584,2026-09-09T21:13:59.995000Z,2026-09-09T21:14:59.995000Z,100.0,100.0,60.0,,traffic,1,Traffic,timeofday:America/Anchorage:day7-19:night1-5,AM,2.0-20.0,1447.798124320441,6563.495075190653,1287.1536583420823,6535.15209940533,0.7903960686777451,2.963532789228781,0.6927306865199441,,,231.98600683757178,28.170458160353643
1541,,AM,R3130,00,EHZ,61.1981981981982,-149.90658980942584,2026-09-09T21:14:59.995000Z,2026-09-09T21:15:59.995000Z,100.0,100.0,60.0,,traffic,1,Traffic,timeofday:America/Anchorage:day7-19:night1-5,AM,2.0-20.0,1675.875285508501,8233.505092907415,1506.4703381053464,8029.942045666146,0.80804914897588,3.0659397515513156,1.2815871223125122,,,231.98600683757178,34.61390691244762
1542,,AM,R3130,00,EHZ,61.1981981981982,-149.90658980942584,2026-09-09T21:15:59.995000Z,2026-09-09T21:16:59.995000Z,100.0,100.0,60.0,,traffic,1,Traffic,timeofday:America/Anchorage:day7-19:night1-5,AM,2.0-20.0,1253.1206257540207,6217.494132052763,1169.423069446453,6663.314132721109,0.8708784767776753,3.083538986128488,0.8237534151504482,,,231.98600683757178,28.722914039321864
1543,,AM,R3130,00,EHZ,61.1981981981982,-149.90658980942584,2026-09-09T21:16:59.995000Z,2026-09-09T21:17:59.995000Z,100.0,100.0,60.0,,traffic,1,Traffic,timeofday:America/Anchorage:day7-19:night1-5,AM,2.0-20.0,1488.9854475011202,7353.5068531604575,1386.1568932492805,7347.943996243508,0.8666502598808898,2.549509987915894,1.604504441803349,,,231.98600683757178,31.674082831160902
1544,,AM,R3130,00,EHZ,61.1981981981982,-149.90658980942584,2026-09-09T21:17:59.995000Z,2026-09-09T21:18:59.995000Z,100.0,100.0,60.0,,traffic,1,Traffic,timeofday:America/Anchorage:day7-19:night1-5,AM,2.0-20.0,1440.036421527615,8027.5069479824015,1337.5657585729266,7862.7765377158685,0.8627467498095781,2.186641380643872,1.8257686296902857,,,231.98600683757178,33.893322467596505
1545,,AM,R3130,00,EHZ,61.1981981981982,-149.90658980942584,2026-09-09T21:18:59.995000Z,2026-09-09T21:19:59.995000Z,100.0,100.0,60.0,,traffic,1,Traffic,timeofday:America/Anchorage:day7-19:night1-5,AM,2.0-20.0,1913.9707373803717,11049.491994138041,1851.8735563971325,9670.968399115547,0.936164295283794,4.9881381492004015,3.4254627450003836,,,231.98600683757178,41.68772302670311
1546,,AM,R3130,00,EHZ,61.1981981981982,-149.90658980942584,2026-09-09T21:19:59.995000Z,2026-09-09T21:20:59.995000Z,100.0,100.0,60.0,,traffic,1,Traffic,timeofday:America/Anchorage:day7-19:night1-5,AM,2.0-20.0,1349.9491300262816,9851.508435660464,1268.4357294658391,10249.761735979086,0.8828809109730855,4.197840425639016,1.8568697685591777,,,231.98600683757178,44.182672376250686
1547,,AM,R3130,00,EHZ,61.1981981981982,-149.90658980942584,2026-09-09T21:20:59.995000Z,2026-09-09T21:21:59.995000Z,100.0,100.0,60.0,,traffic,1,Traffic,timeofday:America/Anchorage:day7-19:night1-5,AM,2.0-20.0,1177.9000712230031,5967.490835541928,1062.3825071314222,6472.186020999939,0.8134763403332345,2.887761273698988,1.339332465146839,,,231.98600683757178,27.899036279078373
1548,,AM,R3130,00,EHZ,61.1981981981982,-149.90658980942584,2026-09-09T21:21:59.995000Z,2026-09-09T21:22:59.995000Z,100.0,100.0,60.0,,traffic,1,Traffic,timeofday:America/Anchorage:day7-19:night1-5,AM,2.0-20.0,1649.1862748328779,7939.509696904128,1534.6061774904938,7002.9898232749565,0.8658735246333078,3.016669809188386,1.0826944211838612,,,231.98600683757178,30.187121709363257
1549,,AM,R3130,00,EHZ,61.1981981981982,-149.90658980942584,2026-09-09T21:22:59.995000Z,2026-09-09T21:23:59.995000Z,100.0,100.0,60.0,,traffic,1,Traffic,timeofday:America/Anchorage:day7-19:night1-5,AM,2.0-20.0,1314.6806521777717,7762.510208312517,1203.6675232392201,7248.0183899976,0.8382480317895055,2.4798154128415626,0.9517257325879314,,,231.98600683757178,31.243343030911344
1550,,AM,R3130,00,EHZ,61.1981981981982,-149.90658980942584,2026-09-09T21:23:59.995000Z,2026-09-09T21:24:59.995000Z,100.0,100.0,60.0,,traffic,1,Traffic,timeofday:America/Anchorage:day7-19:night1-5,AM,2.0-20.0,1776.1839479009475,8943.510715249133,1667.9372696085095,8194.489237522663,0.8818273091252254,3.015446517856692,1.8195393482313849,,,231.98600683757178,35.323204831316176
1551,,AM,R3130,00,EHZ,61.1981981981982,-149.90658980942584,2026-09-09T21:24:59.995000Z,2026-09-09T21:25:59.995000Z,100.0,100.0,60.0,,traffic,1,Traffic,timeofday:America/Anchorage:day7-19:night1-5,AM,2.0-20.0,1859.1487316738223,11418.488393953066,1662.3451085079612,9188.541117541536,0.7994919777424171,2.5535660085910914,1.9323199565593336,,,231.98600683757178,39.60816965988393
1552,,AM,R3130,00,EHZ,61.1981981981982,-149.90658980942584,2026-09-09T21:25:59.995000Z,2026-09-09T21:26:59.995000Z,100.0,100.0,60.0,,traffic,1,Traffic,timeofday:America/Anchorage:day7-19:night1-5,AM,2.0-20.0,1376.0923684772245,4976.488008262519,1255.4483233118112,5108.600712760199,0.8323433408637928,2.3823172334344727,0.11129468673773779,,,231.98600683757178,22.02115887247051
1553,,AM,R3130,00,EHZ,61.1981981981982,-149.90658980942584,2026-09-09T21:26:59.995000Z,2026-09-09T21:27:59.995000Z,100.0,100.0,60.0,,traffic,1,Traffic,timeofday:America/Anchorage:day7-19:night1-5,AM,2.0-20.0,1206.311018150009,5682.512967600629,1104.974776759494,4693.2121615266105,0.8390467119845718,2.4995065272220525,0.4390892077919646,,,231.98600683757178,20.230582980001152
1554,,AM,R3130,00,EHZ,61.1981981981982,-149.90658980942584,2026-09-09T21:27:59.995000Z,2026-09-09T21:28:59.995000Z,100.0,100.0,60.0,,traffic,1,Traffic,timeofday:America/Anchorage:day7-19:night1-5,AM,2.0-20.0,1406.3717833718688,6557.513563871102,1264.0776270271783,7066.90040719053,0.8078806399501678,3.2444342646401454,1.606782110744903,,,231.98600683757178,30.462614980646304
1555,,AM,R3130,00,EHZ,61.1981981981982,-149.90658980942584,2026-09-09T21:28:59.995000Z,2026-09-09T21:29:59.995000Z,100.0,100.0,60.0,,traffic,1,Traffic,timeofday:America/Anchorage:day7-19:night1-5,AM,2.0-20.0,2163.176919350605,10190.48634852277,2000.5810131519097,8748.381399891095,0.8553191675118031,2.8880930581735025,0.9358278270325515,,,231.98600683757178,37.71081505798061
1556,,AM,R3130,00,EHZ,61.1981981981982,-149.90658980942584,2026-09-09T21:29:59.995000Z,2026-09-09T21:30:59.995000Z,100.0,100.0,60.0,,traffic,1,Traffic,timeofday:America/Anchorage:day7-19:night1-5,AM,2.0-20.0,1744.6987895944792,9215.514393283634,1635.3454319320886,9392.966657034045,0.8785734697824734,3.569005687261986,2.8587529477717935,,,231.98600683757178,40.48936737641534
1557,,AM,R3130,00,EHZ,61.1981981981982,-149.90658980942584,2026-09-09T21:30:59.995000Z,2026-09-09T21:31:59.995000Z,100.0,100.0,60.0,,traffic,1,Traffic,timeofday:America/Anchorage:day7-19:night1-5,AM,2.0-20.0,1598.009391872131,6750.4849860543945,1435.5407523380502,5929.343086911518,0.8069978854834011,2.925068412738992,0.5937480956724697,,,231.98600683757178,25.55905490913092
1558,,AM,R3130,00,EHZ,61.1981981981982,-149.90658980942584,2026-09-09T21:31:59.995000Z,2026-09-09T21:32:59.995000Z,100.0,100.0,60.0,,traffic,1,Traffic,timeofday:America/Anchorage:day7-19:night1-5,AM,2.0-20.0,1631.9307994207277,7778.484456352382,1392.008435825436,7915.589244255458,0.7275791690449916,3.486589544223494,0.8993590011919208,,,231.98600683757178,34.120977175134826
1559,,AM,R3130,00,EHZ,61.1981981981982,-149.90658980942584,2026-09-09T21:32:59.995000Z,2026-09-09T21:33:59.995000Z,100.0,100.0,60.0,,traffic,1,Traffic,timeofday:America/Anchorage:day7-19:night1-5,AM,2.0-20.0,2153.4098487434026,9964.51660203533,1618.5472721396866,10094.902851110277,0.5649335749172877,2.396899507880526,1.9860825393900106,,,231.98600683757178,43.51513692021245
1560,,AM,R3130,00,EHZ,61.1981981981982,-149.90658980942584,2026-09-09T21:33:59.995000Z,2026-09-09T21:34:59.995000Z,100.0,100.0,60.0,,traffic,1,Traffic,timeofday:America/Anchorage:day7-19:night1-5,AM,2.0-20.0,2901.461542166132,10658.516707528555,2143.690804493046,9166.861735607796,0.5458717924262892,2.3402101442691468,0.46299408291379196,,,231.98600683757178,39.51471841155532
1561,,AM,R3130,00,EHZ,61.1981981981982,-149.90658980942584,2026-09-09T21:34:59.995000Z,2026-09-09T21:35:59.995000Z,100.0,100.0,60.0,,traffic,1,Traffic,timeofday:America/Anchorage:day7-19:night1-5,AM,2.0-20.0,2795.8437526028765,11696.482512553324,2121.0988276828243,8507.90654262306,0.5755671698613886,3.2223500396575573,-0.02540678766261628,,,231.98600683757178,36.67422297837123
1562,,AM,R3130,00,EHZ,61.1981981981982,-149.90658980942584,2026-09-09T21:35:59.995000Z,2026-09-09T21:36:59.995000Z,100.0,100.0,60.0,,traffic,1,Traffic,timeofday:America/Anchorage:day7-19:night1-5,AM,2.0-20.0,2517.440166200975,9868.481691779445,1748.184178507863,9064.681507255274,0.4822320339966088,2.457319045367887,0.3173123626794707,,,231.98600683757178,39.074259826378395
1563,,AM,R3130,00,EHZ,61.1981981981982,-149.90658980942584,2026-09-09T21:36:59.995000Z,2026-09-09T21:37:59.995000Z,100.0,100.0,60.0,,traffic,1,Traffic,timeofday:America/Anchorage:day7-19:night1-5,AM,2.0-20.0,2714.590982745295,11117.519066084697,1773.3500891719914,7708.025989764557,0.42675651307528156,2.4769720629169814,0.08161427077194228,,,231.98600683757178,33.22625400919737
1564,,AM,R3130,00,EHZ,61.1981981981982,-149.90658980942584,2026-09-09T21:37:59.995000Z,2026-09-09T21:38:59.995000Z,100.0,100.0,60.0,,traffic,1,Traffic,timeofday:America/Anchorage:day7-19:night1-5,AM,2.0-20.0,4367.200778881872,15507.480609813287,2253.463471755771,8959.137127962404,0.26625313356932057,2.3752290009278627,0.2051292598003669,,,231.98600683757178,38.61929971593187
1565,,AM,R3130,00,EHZ,61.1981981981982,-149.90658980942584,2026-09-09T21:38:59.995000Z,2026-09-09T21:39:59.995000Z,100.0,100.0,60.0,,traffic,1,Traffic,timeofday:America/Anchorage:day7-19:night1-5,AM,2.0-20.0,3730.653537171093,15371.4799090659,2036.0128111839356,11846.792104096698,0.29784559132027366,2.447200217672554,0.930141104175239,,,231.98600683757178,51.06683918393144
1566,,AM,R3130,00,EHZ,61.1981981981982,-149.90658980942584,2026-09-09T21:39:59.995000Z,2026-09-09T21:40:59.995000Z,100.0,100.0,60.0,,traffic,1,Traffic,timeofday:America/Anchorage:day7-19:night1-5,AM,2.0-20.0,2838.7257977674885,10816.520797372836,1979.2055575840816,9994.020860009981,0.48611040204538175,2.8459541379036284,0.42204071110531727,,,231.98600683757178,43.080274522796685
1567,,AM,R3130,00,EHZ,61.1981981981982,-149.90658980942584,2026-09-09T21:40:59.995000Z,2026-09-09T21:41:59.995000Z,100.0,100.0,60.0,,traffic,1,Traffic,timeofday:America/Anchorage:day7-19:night1-5,AM,2.0-20.0,2199.7018906964886,10608.521005310347,1929.3020369755209,9660.191395290141,0.7692593604032893,2.498202317632983,2.1668751783856086,,,231.98600683757178,41.64126762203316
1568,,AM,R3130,00,EHZ,61.1981981981982,-149.90658980942584,2026-09-09T21:41:59.995000Z,2026-09-09T21:42:59.995000Z,100.0,100.0,60.0,,traffic,1,Traffic,timeofday:America/Anchorage:day7-19:night1-5,AM,2.0-20.0,1217.703356732127,5307.478293535742,1061.0635223564539,5124.81083945152,0.7592761573633852,2.5054497139620535,0.6529053480497891,,,231.98600683757178,22.091034322771577
1569,,AM,R3130,00,EHZ,61.1981981981982,-149.90658980942584,2026-09-09T21:42:59.995000Z,2026-09-09T21:43:59.995000Z,100.0,100.0,60.0,,traffic,1,Traffic,timeofday:America/Anchorage:day7-19:night1-5,AM,2.0-20.0,1347.3674531514882,6655.522391966959,1239.487872649789,6940.530714055264,0.8462768465258114,2.5497207343185,0.8361723439907611,,,231.98600683757178,29.9178851719051
1570,,AM,R3130,00,EHZ,61.1981981981982,-149.90658980942584,2026-09-09T21:43:59.995000Z,2026-09-09T21:44:59.995000Z,100.0,100.0,60.0,,traffic,1,Traffic,timeofday:America/Anchorage:day7-19:night1-5,AM,2.0-20.0,1459.8657878785598,7720.523125439604,1284.9085916767692,8032.0128801425435,0.7746733294330513,3.208443428771051,1.3452158947888258,,,231.98600683757178,34.62283346152972
1571,,AM,R3130,00,EHZ,61.1981981981982,-149.90658980942584,2026-09-09T21:44:59.995000Z,2026-09-09T21:45:59.995000Z,100.0,100.0,60.0,,traffic,1,Traffic,timeofday:America/Anchorage:day7-19:night1-5,AM,2.0-20.0,1320.220087227802,6448.523752910867,1216.1006085635045,6179.097093366311,0.8484892396162869,2.814856564796581,1.1495128248205635,,,231.98600683757178,26.635645733980375
1572,,AM,R3130,00,EHZ,61.1981981981982,-149.90658980942584,2026-09-09T21:45:59.995000Z,2026-09-09T21:46:59.995000Z,100.0,100.0,60.0,,traffic,1,Traffic,timeofday:America/Anchorage:day7-19:night1-5,AM,2.0-20.0,1748.7979310850897,8531.47578222785,1637.5036682570885,7496.846188470889,0.8767692330751574,3.4538573970200073,1.1915790228402576,,,231.98600683757178,32.3159413391684
1573,,AM,R3130,00,EHZ,61.1981981981982,-149.90658980942584,2026-09-09T21:46:59.995000Z,2026-09-09T21:47:59.995000Z,100.0,100.0,60.0,,traffic,1,Traffic,timeofday:America/Anchorage:day7-19:night1-5,AM,2.0-20.0,2667.7432687980454,14232.47511725466,2330.1882609053127,11374.606254243115,0.7629462706666602,2.24806758345715,0.9477450132621024,,,231.98600683757178,49.0314325820833
1574,,AM,R3130,00,EHZ,61.1981981981982,-149.90658980942584,2026-09-09T21:47:59.995000Z,2026-09-09T21:48:59.995000Z,100.0,100.0,60.0,,traffic,1,Traffic,timeofday:America/Anchorage:day7-19:night1-5,AM,2.0-20.0,2463.5346750718872,11437.525196989129,2100.388407753013,10192.507337630817,0.7269120470301187,2.239427889916167,0.6012785343382299,,,231.98600683757178,43.9358712905785
1575,,AM,R3130,00,EHZ,61.1981981981982,-149.90658980942584,2026-09-09T21:48:59.995000Z,2026-09-09T21:49:59.995000Z,100.0,100.0,60.0,,traffic,1,Traffic,timeofday:America/Anchorage:day7-19:night1-5,AM,2.0-20.0,2199.9397712949026,12096.526042256135,1919.0479127904125,10835.702546428316,0.7609393682961357,2.3661961439157357,1.2143396594160851,,,231.98600683757178,46.70843165991078
1576,,AM,R3130,00,EHZ,61.1981981981982,-149.90658980942584,2026-09-09T21:49:59.995000Z,2026-09-09T21:50:59.995000Z,100.0,100.0,60.0,,traffic,1,Traffic,timeofday:America/Anchorage:day7-19:night1-5,AM,2.0-20.0,2168.9457732448814,8463.473017756545,1941.7180062116802,7372.472415990089,0.8014472215917852,2.3818565949321178,0.1143020647921853,,,231.98600683757178,31.77981515562716
1577,,AM,R3130,00,EHZ,61.1981981981982,-149.90658980942584,2026-09-09T21:50:59.995000Z,2026-09-09T21:51:59.995000Z,100.0,100.0,60.0,,traffic,1,Traffic,timeofday:America/Anchorage:day7-19:night1-5,AM,2.0-20.0,2073.7551323699663,10167.472974360007,1839.9912609639653,8202.38831145257,0.7872570761376259,2.008294255309466,0.5561076968818046,,,231.98600683757178,35.357254617497624
1578,,AM,R3130,00,EHZ,61.1981981981982,-149.90658980942584,2026-09-09T21:51:59.995000Z,2026-09-09T21:52:59.995000Z,100.0,100.0,60.0,,traffic,1,Traffic,timeofday:America/Anchorage:day7-19:night1-5,AM,2.0-20.0,1645.7464864852707,7634.527717748724,1480.4774694219943,6547.965930431375,0.8092407274200649,1.9379768537184257,0.3571921361431243,,,231.98600683757178,28.225693522178794
1579,,AM,R3130,00,EHZ,61.1981981981982,-149.90658980942584,2026-09-09T21:52:59.995000Z,2026-09-09T21:53:59.995000Z,100.0,100.0,60.0,,traffic,1,Traffic,timeofday:America/Anchorage:day7-19:night1-5,AM,2.0-20.0,2113.1464384418045,16074.471250186054,2001.219641030607,14680.813043943384,0.8968717092381616,4.893054664125929,5.6813695540606375,,,231.98600683757178,63.28318351641941
1580,,AM,R3130,00,EHZ,61.1981981981982,-149.90658980942584,2026-09-09T21:53:59.995000Z,2026-09-09T21:54:59.995000Z,100.0,100.0,60.0,,traffic,1,Traffic,timeofday:America/Anchorage:day7-19:night1-5,AM,2.0-20.0,2467.93526779469,15048.470680746228,2132.9052221800534,13219.367354989146,0.7469225764016788,2.8390936936787248,3.19184209613835,,,231.98600683757178,56.98346868069879
1581,,AM,R3130,00,EHZ,61.1981981981982,-149.90658980942584,2026-09-09T21:54:59.995000Z,2026-09-09T21:55:59.995000Z,100.0,100.0,60.0,,traffic,1,Traffic,timeofday:America/Anchorage:day7-19:night1-5,AM,2.0-20.0,1623.9474023557168,7160.470180822167,1433.258823352981,6249.856533376204,0.7789423748674776,2.8434135392273028,0.39638775186285935,,,231.98600683757178,26.940661717377324
1582,,AM,R3130,00,EHZ,61.1981981981982,-149.90658980942584,2026-09-09T21:55:59.995000Z,2026-09-09T21:56:59.995000Z,100.0,100.0,60.0,,traffic,1,Traffic,timeofday:America/Anchorage:day7-19:night1-5,AM,2.0-20.0,1256.2785034477288,6319.530159032693,1163.9706958915299,5590.604086694964,0.8584445273839374,2.263097500652376,0.4073724795809204,,,231.98600683757178,24.098884940975356
1583,,AM,R3130,00,EHZ,61.1981981981982,-149.90658980942584,2026-09-09T21:56:59.995000Z,2026-09-09T21:57:59.995000Z,100.0,100.0,60.0,,traffic,1,Traffic,timeofday:America/Anchorage:day7-19:night1-5,AM,2.0-20.0,1213.1460078121486,5434.5307342655,1111.461803807347,5294.516350133992,0.839388351612315,2.4448768190512697,0.4523453154366983,,,231.98600683757178,22.822567715651147
1584,,AM,R3130,00,EHZ,61.1981981981982,-149.90658980942584,2026-09-09T21:57:59.995000Z,2026-09-09T21:58:59.995000Z,100.0,100.0,60.0,,traffic,1,Traffic,timeofday:America/Anchorage:day7-19:night1-5,AM,2.0-20.0,1520.4644797198869,8239.468637348557,1407.1643280840217,8776.064276214898,0.856519148498971,3.692481753322769,1.845049926443914,,,231.98600683757178,37.830144998183364
1585,,AM,R3130,00,EHZ,61.1981981981982,-149.90658980942584,2026-09-09T21:58:59.995000Z,2026-09-09T21:59:59.995000Z,100.0,100.0,60.0,,traffic,1,Traffic,timeofday:America/Anchorage:day7-19:night1-5,AM,2.0-20.0,1878.026968895318,9544.467903875911,1813.3927154005364,9466.971141312668,0.9323523815344833,2.930927052891739,1.7115503336330944,,,231.98600683757178,40.80837146328873
1586,,AM,R3130,00,EHZ,61.1981981981982,-149.90658980942584,2026-09-09T21:59:59.995000Z,2026-09-09T22:00:59.995000Z,100.0,100.0,60.0,,traffic,1,Traffic,timeofday:America/Anchorage:day7-19:night1-5,AM,2.0-20.0,1639.4875771702411,8699.467288295504,1491.8283623549764,8642.913473653309,0.8279830737978141,2.881942944012368,0.9789301936076487,,,231.98600683757178,37.25618450644208
1587,,AM,R3130,00,EHZ,61.1981981981982,-149.90658980942584,2026-09-09T22:03:59.995000Z,2026-09-09T22:04:59.995000Z,100.0,100.0,60.0,,traffic,1,Traffic,timeofday:America/Anchorage:day7-19:night1-5,AM,2.0-20.0,1706.2705016915452,9984.46478349201,1597.315343759701,9622.390460563653,0.8763660838636594,4.328724516691646,1.7583038721662803,,,231.98600683757178,41.47832273047789
1588,,AM,R3130,00,EHZ,61.1981981981982,-149.90658980942584,2026-09-09T22:04:59.995000Z,2026-09-09T22:05:59.995000Z,100.0,100.0,60.0,,traffic,1,Traffic,timeofday:America/Anchorage:day7-19:night1-5,AM,2.0-20.0,1382.6628278161156,6514.464285295682,1293.4623868016024,6512.2563757041735,0.8751349610029913,2.3824720023599304,0.7642363218417421,,,231.98600683757178,28.071763743335694
1589,,AM,R3130,00,EHZ,61.1981981981982,-149.90658980942584,2026-09-09T22:05:59.995000Z,2026-09-09T22:06:59.995000Z,100.0,100.0,60.0,,traffic,1,Traffic,timeofday:America/Anchorage:day7-19:night1-5,AM,2.0-20.0,1179.405604558691,5084.536234751362,1101.3766693693888,5165.591218287813,0.8720580001116914,2.947464807163996,0.5044795127091919,,,231.98600683757178,22.26682242047717
1590,,AM,R3130,00,EHZ,61.1981981981982,-149.90658980942584,2026-09-09T22:06:59.995000Z,2026-09-09T22:07:59.995000Z,100.0,100.0,60.0,,traffic,1,Traffic,timeofday:America/Anchorage:day7-19:night1-5,AM,2.0-20.0,1093.9222167250311,3991.4630568789084,1024.5436195645111,3877.4298887966975,0.8771785858181369,2.4852551479348266,0.12642591847148843,,,231.98600683757178,16.714067980451656
1591,,AM,R3130,00,EHZ,61.1981981981982,-149.90658980942584,2026-09-09T22:07:59.995000Z,2026-09-09T22:08:59.995000Z,100.0,100.0,60.0,,traffic,1,Traffic,timeofday:America/Anchorage:day7-19:night1-5,AM,2.0-20.0,1190.431257204766,6296.462066177601,1111.747913716,5837.402655716016,0.8721757411978985,3.200606710583423,0.7826746608193784,,,231.98600683757178,25.16273604296812
1592,,AM,R3130,00,EHZ,61.1981981981982,-149.90658980942584,2026-09-09T22:08:59.995000Z,2026-09-09T22:09:59.995000Z,100.0,100.0,60.0,,traffic,1,Traffic,timeofday:America/Anchorage:day7-19:night1-5,AM,2.0-20.0,1839.6074768381322,18279.538144300695,1755.532152979185,17228.394785348857,0.9106830304887407,4.934537121861769,6.962259655772062,,,231.98600683757178,74.2648016585395
1593,,AM,R3130,00,EHZ,61.1981981981982,-149.90658980942584,2026-09-09T22:09:59.995000Z,2026-09-09T22:10:59.995000Z,100.0,100.0,60.0,,traffic,1,Traffic,timeofday:America/Anchorage:day7-19:night1-5,AM,2.0-20.0,1317.7158630266506,6004.538743620104,1249.964819671597,6097.378184755364,0.8998125199508868,2.460954163386519,0.8964838093768495,,,231.98600683757178,26.28338781237149
1594,,AM,R3130,00,EHZ,61.1981981981982,-149.90658980942584,2026-09-09T22:10:59.995000Z,2026-09-09T22:11:59.995000Z,100.0,100.0,60.0,,traffic,1,Traffic,timeofday:America/Anchorage:day7-19:night1-5,AM,2.0-20.0,1217.4394345991511,5263.5393632657615,1143.2653963358437,4711.144763859648,0.8818594787649117,2.054130035026561,0.11515852190558551,,,231.98600683757178,20.307883342111328
1595,,AM,R3130,00,EHZ,61.1981981981982,-149.90658980942584,2026-09-09T22:11:59.995000Z,2026-09-09T22:12:59.995000Z,100.0,100.0,60.0,,traffic,1,Traffic,timeofday:America/Anchorage:day7-19:night1-5,AM,2.0-20.0,1713.8862408683822,10966.54005608591,1642.3072542485904,10352.454875053405,0.9182159614754755,3.4030617502611458,3.2171175039760866,,,231.98600683757178,44.62534191685889
1596,,AM,R3130,00,EHZ,61.1981981981982,-149.90658980942584,2026-09-09T22:12:59.995000Z,2026-09-09T22:13:59.995000Z,100.0,100.0,60.0,,traffic,1,Traffic,timeofday:America/Anchorage:day7-19:night1-5,AM,2.0-20.0,1256.9393684877575,7611.459536372824,1160.420316186131,6761.432639753845,0.85231864580682,3.215227767724827,0.39271957588550066,,,231.98600683757178,29.145864148987037
1597,,AM,R3130,00,EHZ,61.1981981981982,-149.90658980942584,2026-09-09T22:13:59.995000Z,2026-09-09T22:14:59.995000Z,100.0,100.0,60.0,,traffic,1,Traffic,timeofday:America/Anchorage:day7-19:night1-5,AM,2.0-20.0,1313.9721421800502,8217.541448942027,1235.1432692014357,8489.345185959346,0.8836135288303211,3.1211949212237586,1.6445823153822765,,,231.98600683757178,36.594212304810604
1598,,AM,R3130,00,EHZ,61.1981981981982,-149.90658980942584,2026-09-09T22:14:59.995000Z,2026-09-09T22:15:59.995000Z,100.0,100.0,60.0,,traffic,1,Traffic,timeofday:America/Anchorage:day7-19:night1-5,AM,2.0-20.0,1145.4536401191694,5893.54209023514,1075.9166095356177,5936.32958414025,0.8822713784672112,2.533017517270944,0.5583682693789362,,,231.98600683757178,25.589170937782697
1599,,AM,R3130,00,EHZ,61.1981981981982,-149.90658980942584,2026-09-09T22:15:59.995000Z,2026-09-09T22:16:59.995000Z,100.0,100.0,60.0,,traffic,1,Traffic,timeofday:America/Anchorage:day7-19:night1-5,AM,2.0-20.0,1695.5325943497655,10119.457221213223,1616.7356199697545,9368.209161412327,0.9092131907119005,2.743031439779806,0.8310568896275807,,,231.98600683757178,40.382647596376835
1600,,AM,R3130,00,EHZ,61.1981981981982,-149.90658980942584,2026-09-09T22:16:59.995000Z,2026-09-09T22:17:59.995000Z,100.0,100.0,60.0,,traffic,1,Traffic,timeofday:America/Anchorage:day7-19:night1-5,AM,2.0-20.0,1251.1657015640199,5152.542883670214,1173.0567803944468,4792.014965197901,0.8790395335295541,3.2259044832003947,0.4206114892484818,,,231.98600683757178,20.656482822057008
1601,,AM,R3130,00,EHZ,61.1981981981982,-149.90658980942584,2026-09-09T22:17:59.995000Z,2026-09-09T22:18:59.995000Z,100.0,100.0,60.0,,traffic,1,Traffic,timeofday:America/Anchorage:day7-19:night1-5,AM,2.0-20.0,1456.6617695459013,8098.4563289925845,1372.7340196207736,6723.817610445552,0.888086664850311,3.1511519709846874,1.1405848207589866,,,231.98600683757178,28.98372062222411
1602,,AM,R3130,00,EHZ,61.1981981981982,-149.90658980942584,2026-09-09T22:18:59.995000Z,2026-09-09T22:19:59.995000Z,100.0,100.0,60.0,,traffic,1,Traffic,timeofday:America/Anchorage:day7-19:night1-5,AM,2.0-20.0,1067.406417934993,4906.544338623018,986.2316194102266,4096.66414380043,0.8536861292989563,2.230553870405421,0.18119274971730093,,,231.98600683757178,17.65910021749185
1603,,AM,R3130,00,EHZ,61.1981981981982,-149.90658980942584,2026-09-09T22:19:59.995000Z,2026-09-09T22:20:59.995000Z,100.0,100.0,60.0,,traffic,1,Traffic,timeofday:America/Anchorage:day7-19:night1-5,AM,2.0-20.0,1336.8019397817616,5909.455120902059,1224.4421668230964,5608.099034545662,0.8389622511456867,2.213776442815964,0.4418732318241916,,,231.98600683757178,24.17429874756304
1604,,AM,R3130,00,EHZ,61.1981981981982,-149.90658980942584,2026-09-09T22:20:59.995000Z,2026-09-09T22:21:59.995000Z,100.0,100.0,60.0,,traffic,1,Traffic,timeofday:America/Anchorage:day7-19:night1-5,AM,2.0-20.0,1391.2960846507683,6900.545305745878,1269.9345484747612,6767.671219634895,0.8331506753707734,2.610807196103389,0.6044730705543806,,,231.98600683757178,29.17275620151251
1605,,AM,R3130,00,EHZ,61.1981981981982,-149.90658980942584,2026-09-09T22:21:59.995000Z,2026-09-09T22:22:59.995000Z,100.0,100.0,60.0,,traffic,1,Traffic,timeofday:America/Anchorage:day7-19:night1-5,AM,2.0-20.0,1510.9568919080623,12348.453898583159,1366.3892243896314,12802.18720250191,0.8177954858269083,4.2981160207858995,3.9215813801181403,,,231.98600683757178,55.185169903224114
1606,,AM,R3130,00,EHZ,61.1981981981982,-149.90658980942584,2026-09-09T22:22:59.995000Z,2026-09-09T22:23:59.995000Z,100.0,100.0,60.0,,traffic,1,Traffic,timeofday:America/Anchorage:day7-19:night1-5,AM,2.0-20.0,1798.242755029912,11219.547032765506,1630.8832205997383,10492.674517990805,0.8225249690319023,4.106840748111601,2.859815400641301,,,231.98600683757178,45.22977338601891
1607,,AM,R3130,00,EHZ,61.1981981981982,-149.90658980942584,2026-09-09T22:23:59.995000Z,2026-09-09T22:24:59.995000Z,100.0,100.0,60.0,,traffic,1,Traffic,timeofday:America/Anchorage:day7-19:night1-5,AM,2.0-20.0,1585.2864889129994,8736.45285523687,1455.4121845844984,8187.623263377107,0.8428620429936257,2.6676008538080307,1.4755843890739522,,,231.98600683757178,35.29360833004805
1608,,AM,R3130,00,EHZ,61.1981981981982,-149.90658980942584,2026-09-09T22:24:59.995000Z,2026-09-09T22:25:59.995000Z,100.0,100.0,60.0,,traffic,1,Traffic,timeofday:America/Anchorage:day7-19:night1-5,AM,2.0-20.0,1645.5368470125409,8662.451901529332,1586.0565110061068,8675.603230283969,0.9290136416651286,3.988133166370871,2.2527831598223136,,,231.98600683757178,37.397097129044994
1609,,AM,R3130,00,EHZ,61.1981981981982,-149.90658980942584,2026-09-09T22:25:59.995000Z,2026-09-09T22:26:59.995000Z,100.0,100.0,60.0,,traffic,1,Traffic,timeofday:America/Anchorage:day7-19:night1-5,AM,2.0-20.0,2094.0763625253953,21546.548766492797,2027.5979044848973,22608.265421029617,0.9375158918958452,4.488241195367691,13.874081760851873,,,231.98600683757178,97.4552979691534
1610,,AM,R3130,00,EHZ,61.1981981981982,-149.90658980942584,2026-09-09T22:26:59.995000Z,2026-09-09T22:27:59.995000Z,100.0,100.0,60.0,,traffic,1,Traffic,timeofday:America/Anchorage:day7-19:night1-5,AM,2.0-20.0,1487.4442741580424,7988.54952628793,1398.4945470829343,7810.181087612564,0.8839753327151226,2.6484547159198746,1.6915929168229322,,,231.98600683757178,33.66660426670032
1611,,AM,R3130,00,EHZ,61.1981981981982,-149.90658980942584,2026-09-09T22:27:59.995000Z,2026-09-09T22:28:59.995000Z,100.0,100.0,60.0,,traffic,1,Traffic,timeofday:America/Anchorage:day7-19:night1-5,AM,2.0-20.0,1268.41101635428,6304.450414562689,1166.2135358582611,6318.953730962469,0.8453491982095912,2.6197264629487558,1.2604320626678058,,,231.98600683757178,27.238512430565574
1612,,AM,R3130,00,EHZ,61.1981981981982,-149.90658980942584,2026-09-09T22:28:59.995000Z,2026-09-09T22:29:59.995000Z,100.0,100.0,60.0,,traffic,1,Traffic,timeofday:America/Anchorage:day7-19:night1-5,AM,2.0-20.0,1314.016456208355,6599.550712019583,1216.2980824111742,6072.310462486175,0.8567979835323545,2.1969276174377077,1.000072127149906,,,231.98600683757178,26.175330767850095
1613,,AM,R3130,00,EHZ,61.1981981981982,-149.90658980942584,2026-09-09T22:29:59.995000Z,2026-09-09T22:30:59.995000Z,100.0,100.0,60.0,,traffic,1,Traffic,timeofday:America/Anchorage:day7-19:night1-5,AM,2.0-20.0,1349.4684447714635,5178.551160314975,1214.1257005929774,5164.171598569184,0.8094720118738051,2.0041549339966265,0.4415531592236994,,,231.98600683757178,22.26070300087087
1614,,AM,R3130,00,EHZ,61.1981981981982,-149.90658980942584,2026-09-09T22:30:59.995000Z,2026-09-09T22:31:59.995000Z,100.0,100.0,60.0,,traffic,1,Traffic,timeofday:America/Anchorage:day7-19:night1-5,AM,2.0-20.0,1342.4582456398502,6469.55161318377,1263.232666222294,6596.7651392748685,0.8854522009887448,3.410767408721043,1.572881365348616,,,231.98600683757178,28.436047627190227
1615,,AM,R3130,00,EHZ,61.1981981981982,-149.90658980942584,2026-09-09T22:31:59.995000Z,2026-09-09T22:32:59.995000Z,100.0,100.0,60.0,,traffic,1,Traffic,timeofday:America/Anchorage:day7-19:night1-5,AM,2.0-20.0,1813.198942154341,10675.447690642248,1591.5639666803886,8907.406554901145,0.7704727480071706,2.609653663908402,0.8773441773505368,,,231.98600683757178,38.39630965818464
1616,,AM,R3130,00,EHZ,61.1981981981982,-149.90658980942584,2026-09-09T22:32:59.995000Z,2026-09-09T22:33:59.995000Z,100.0,100.0,60.0,,traffic,1,Traffic,timeofday:America/Anchorage:day7-19:night1-5,AM,2.0-20.0,1070.6802016802524,4091.4473477384504,980.8004495652083,3601.1891069929416,0.8391541918568001,2.0458437055815315,-0.011975851930944081,,,231.98600683757178,15.523303134030684
1617,,AM,R3130,00,EHZ,61.1981981981982,-149.90658980942584,2026-09-09T22:33:59.995000Z,2026-09-09T22:34:59.995000Z,100.0,100.0,60.0,,traffic,1,Traffic,timeofday:America/Anchorage:day7-19:night1-5,AM,2.0-20.0,1481.2725470666505,8482.44635093927,1390.8623768381472,8723.876874519014,0.8816543833746187,2.6724248354033246,0.7347131294202147,,,231.98600683757178,37.60518573272032
1618,,AM,R3130,00,EHZ,61.1981981981982,-149.90658980942584,2026-09-09T22:34:59.995000Z,2026-09-09T22:35:59.995000Z,100.0,100.0,60.0,,traffic,1,Traffic,timeofday:America/Anchorage:day7-19:night1-5,AM,2.0-20.0,1869.898870140504,8505.55431891222,1600.3589987834855,8415.8615792133,0.7324847613711911,3.3903507255849097,1.2772398388868824,,,231.98600683757178,36.27745351514147
1619,,AM,R3130,00,EHZ,61.1981981981982,-149.90658980942584,2026-09-09T22:35:59.995000Z,2026-09-09T22:36:59.995000Z,100.0,100.0,60.0,,traffic,1,Traffic,timeofday:America/Anchorage:day7-19:night1-5,AM,2.0-20.0,1391.9869672841228,7541.444967433226,1292.4126573607502,6702.251488972803,0.8620492276069582,2.204355233176895,0.5153272558432311,,,231.98600683757178,28.89075759498493
1620,,AM,R3130,00,EHZ,61.1981981981982,-149.90658980942584,2026-09-09T22:36:59.995000Z,2026-09-09T22:37:59.995000Z,100.0,100.0,60.0,,traffic,1,Traffic,timeofday:America/Anchorage:day7-19:night1-5,AM,2.0-20.0,1540.312908365704,7353.555185928311,1462.9960079397129,7163.73510792633,0.9021284355003718,3.3980322201671735,1.2049411249525654,,,231.98600683757178,30.880031108695785
1621,,AM,R3130,00,EHZ,61.1981981981982,-149.90658980942584,2026-09-09T22:37:59.995000Z,2026-09-09T22:38:59.995000Z,100.0,100.0,60.0,,traffic,1,Traffic,timeofday:America/Anchorage:day7-19:night1-5,AM,2.0-20.0,1145.509423835015,5578.443809446901,1066.573191317122,5031.012153646108,0.8669299241749445,2.263983774076936,0.20023727833071314,,,231.98600683757178,21.68670525532448
1622,,AM,R3130,00,EHZ,61.1981981981982,-149.90658980942584,2026-09-09T22:38:59.995000Z,2026-09-09T22:39:59.995000Z,100.0,100.0,60.0,,traffic,1,Traffic,timeofday:America/Anchorage:day7-19:night1-5,AM,2.0-20.0,1584.3266806115969,7011.443654560893,1470.4073640290037,8990.47168059063,0.8613623129904677,3.002198332582488,0.6130532342221846,,,231.98600683757178,38.7543705896254
1623,,AM,R3130,00,EHZ,61.1981981981982,-149.90658980942584,2026-09-09T22:39:59.995000Z,2026-09-09T22:40:59.995000Z,100.0,100.0,60.0,,traffic,1,Traffic,timeofday:America/Anchorage:day7-19:night1-5,AM,2.0-20.0,1907.927150479205,12412.556967320652,1798.0596320820325,11369.998190466804,0.8881464931400712,3.419253289113036,3.264953596226439,,,231.98600683757178,49.01156904014329
1624,,AM,R3130,00,EHZ,61.1981981981982,-149.90658980942584,2026-09-09T22:40:59.995000Z,2026-09-09T22:41:59.995000Z,100.0,100.0,60.0,,traffic,1,Traffic,timeofday:America/Anchorage:day7-19:night1-5,AM,2.0-20.0,1601.2708567739614,9998.441926321691,1525.1881276198544,10647.686877822734,0.9072296448359016,3.9996446940128894,2.2119483784377856,,,231.98600683757178,45.897970411973425
1625,,AM,R3130,00,EHZ,61.1981981981982,-149.90658980942584,2026-09-09T22:41:59.995000Z,2026-09-09T22:42:59.995000Z,100.0,100.0,60.0,,traffic,1,Traffic,timeofday:America/Anchorage:day7-19:night1-5,AM,2.0-20.0,1386.7280077467303,6656.441854468407,1306.1869123098384,6288.146271878119,0.8872133777617995,2.22793430647671,0.8361770584577877,,,231.98600683757178,27.105713648844567
1626,,AM,R3130,00,EHZ,61.1981981981982,-149.90658980942584,2026-09-09T22:42:59.995000Z,2026-09-09T22:43:59.995000Z,100.0,100.0,60.0,,traffic,1,Traffic,timeofday:America/Anchorage:day7-19:night1-5,AM,2.0-20.0,2475.204619765678,10250.559169059792,1743.733841676227,8334.190442087072,0.4962930330497007,4.298662468083931,1.463372111134201,,,231.98600683757178,35.925401517525025
1627,,AM,R3130,00,EHZ,61.1981981981982,-149.90658980942584,2026-09-09T22:43:59.995000Z,2026-09-09T22:44:59.995000Z,100.0,100.0,60.0,,traffic,1,Traffic,timeofday:America/Anchorage:day7-19:night1-5,AM,2.0-20.0,1740.7706582702208,7820.440303880609,1587.9716147502213,6711.294294297408,0.832151412282151,3.9372559898950197,0.34815393985651566,,,231.98600683757178,28.92973755523286
1628,,AM,R3130,00,EHZ,61.1981981981982,-149.90658980942584,2026-09-09T22:44:59.995000Z,2026-09-09T22:45:59.995000Z,100.0,100.0,60.0,,traffic,1,Traffic,timeofday:America/Anchorage:day7-19:night1-5,AM,2.0-20.0,1156.5300508032744,4683.559932716913,1053.5294195029826,4064.753050614178,0.8298115812438012,2.1352844617875784,0.015524124419877161,,,231.98600683757178,17.52154410528809
1629,,AM,R3130,00,EHZ,61.1981981981982,-149.90658980942584,2026-09-09T22:45:59.995000Z,2026-09-09T22:46:59.995000Z,100.0,100.0,60.0,,traffic,1,Traffic,timeofday:America/Anchorage:day7-19:night1-5,AM,2.0-20.0,1576.1968799078156,8043.439177095073,1453.7537557159792,7727.797568392045,0.8506693249616507,2.148548144365078,0.8740825514085362,,,231.98600683757178,33.311481471392234
1630,,AM,R3130,00,EHZ,61.1981981981982,-149.90658980942584,2026-09-09T22:46:59.995000Z,2026-09-09T22:47:59.995000Z,100.0,100.0,60.0,,traffic,1,Traffic,timeofday:America/Anchorage:day7-19:night1-5,AM,2.0-20.0,1339.2231967315463,7567.438448907253,1233.7429972766947,6874.825763879809,0.8486790371119877,3.6042352646142986,1.0792818004698495,,,231.98600683757178,29.634657096767537
1631,,AM,R3130,00,EHZ,61.1981981981982,-149.90658980942584,2026-09-09T22:47:59.995000Z,2026-09-09T22:48:59.995000Z,100.0,100.0,60.0,,traffic,1,Traffic,timeofday:America/Anchorage:day7-19:night1-5,AM,2.0-20.0,1460.6363459873733,8068.43767132665,1363.457382803028,8413.919576928456,0.8713626274104985,3.6054770950480215,1.3706541556029848,,,231.98600683757178,36.26908231072566
1632,,AM,R3130,00,EHZ,61.1981981981982,-149.90658980942584,2026-09-09T22:48:59.995000Z,2026-09-09T22:49:59.995000Z,100.0,100.0,60.0,,traffic,1,Traffic,timeofday:America/Anchorage:day7-19:night1-5,AM,2.0-20.0,1623.6835337555392,8366.43756288612,1526.0406716451757,7648.2318405115575,0.8833431470856461,2.297328950830887,1.473254594226895,,,231.98600683757178,32.9685050610254
1633,,AM,R3130,00,EHZ,61.1981981981982,-149.90658980942584,2026-09-09T22:49:59.995000Z,2026-09-09T22:50:59.995000Z,100.0,100.0,60.0,,traffic,1,Traffic,timeofday:America/Anchorage:day7-19:night1-5,AM,2.0-20.0,1351.6098993543903,5709.436614565038,1227.045133377137,5033.430200997299,0.8241729314147788,2.4873155210896662,0.1121590634404459,,,231.98600683757178,21.69712850189936
1634,,AM,R3130,00,EHZ,61.1981981981982,-149.90658980942584,2026-09-09T22:50:59.995000Z,2026-09-09T22:51:59.995000Z,100.0,100.0,60.0,,traffic,1,Traffic,timeofday:America/Anchorage:day7-19:night1-5,AM,2.0-20.0,1602.7788198233486,7451.564112809732,1437.7729309036854,7502.332412662448,0.8046989158305362,3.1711447367051737,0.39481569738496214,,,231.98600683757178,32.33959028362995
1635,,AM,R3130,00,EHZ,61.1981981981982,-149.90658980942584,2026-09-09T22:51:59.995000Z,2026-09-09T22:52:59.995000Z,100.0,100.0,60.0,,traffic,1,Traffic,timeofday:America/Anchorage:day7-19:night1-5,AM,2.0-20.0,1567.5420126831436,10280.564205700684,1493.8273422046268,9355.217447901716,0.9081601258259594,2.6779179521156546,1.5359100244182313,,,231.98600683757178,40.32664545345574
1636,,AM,R3130,00,EHZ,61.1981981981982,-149.90658980942584,2026-09-09T22:52:59.995000Z,2026-09-09T22:53:59.995000Z,100.0,100.0,60.0,,traffic,1,Traffic,timeofday:America/Anchorage:day7-19:night1-5,AM,2.0-20.0,1405.1627414561003,6540.565108287708,1321.518791501252,6689.105724769437,0.8844910333088588,3.2095936733948265,0.8024156291564073,,,231.98600683757178,28.834091400404624
1637,,AM,R3130,00,EHZ,61.1981981981982,-149.90658980942584,2026-09-09T22:53:59.995000Z,2026-09-09T22:54:59.995000Z,100.0,100.0,60.0,,traffic,1,Traffic,timeofday:America/Anchorage:day7-19:night1-5,AM,2.0-20.0,1784.2252031986084,12850.43427348947,1668.8440402769754,13888.487657384863,0.8748471166404289,4.264357282450994,4.816787852237357,,,231.98600683757178,59.8677818835387
1638,,AM,R3130,00,EHZ,61.1981981981982,-149.90658980942584,2026-09-09T22:54:59.995000Z,2026-09-09T22:55:59.995000Z,100.0,100.0,60.0,,traffic,1,Traffic,timeofday:America/Anchorage:day7-19:night1-5,AM,2.0-20.0,1529.2524082635507,7624.433527312922,1450.723419123436,7703.748662641543,0.8999344925503305,2.696695899371,1.0374773055990705,,,231.98600683757178,33.207816142270296
1639,,AM,R3130,00,EHZ,61.1981981981982,-149.90658980942584,2026-09-09T22:55:59.995000Z,2026-09-09T22:56:59.995000Z,100.0,100.0,60.0,,traffic,1,Traffic,timeofday:America/Anchorage:day7-19:night1-5,AM,2.0-20.0,1917.2879486860631,13965.432878905624,1832.01045079591,14178.187745508207,0.9130219291626207,3.0016695411373413,2.889384682827867,,,231.98600683757178,61.11656448069845
1640,,AM,R3130,00,EHZ,61.1981981981982,-149.90658980942584,2026-09-09T22:56:59.995000Z,2026-09-09T22:57:59.995000Z,100.0,100.0,60.0,,traffic,1,Traffic,timeofday:America/Anchorage:day7-19:night1-5,AM,2.0-20.0,1738.9562513748758,10136.567475584136,1632.904789010922,10538.378369320631,0.8817478576516025,2.650475100725539,1.94269104296154,,,231.98600683757178,45.42678462800225
1641,,AM,R3130,00,EHZ,61.1981981981982,-149.90658980942584,2026-09-09T22:57:59.995000Z,2026-09-09T22:58:59.995000Z,100.0,100.0,60.0,,traffic,1,Traffic,timeofday:America/Anchorage:day7-19:night1-5,AM,2.0-20.0,1762.8493465804397,8709.43209471899,1564.915641953469,8280.587322453332,0.7880458114080676,2.2722051636789593,0.46104920422864737,,,231.98600683757178,35.6943396514907
1642,,AM,R3130,00,EHZ,61.1981981981982,-149.90658980942584,2026-09-09T22:58:59.995000Z,2026-09-09T22:59:59.995000Z,100.0,100.0,60.0,,traffic,1,Traffic,timeofday:America/Anchorage:day7-19:night1-5,AM,2.0-20.0,1629.8807535378655,17161.569022106687,1514.5232791467822,13859.691955852599,0.863456062969084,4.3963951039510025,7.341959863908185,,,231.98600683757178,59.743654993624915
1643,,AM,R3130,00,EHZ,61.1981981981982,-149.90658980942584,2026-09-09T22:59:59.995000Z,2026-09-09T23:00:59.995000Z,100.0,100.0,60.0,,traffic,1,Traffic,timeofday:America/Anchorage:day7-19:night1-5,AM,2.0-20.0,1895.812316500117,10622.569197522202,1757.9430253676755,8533.369771523281,0.859842505562962,2.6416421885605077,0.6196130312022898,,,231.98600683757178,36.78398489568398
1644,,AM,R3130,00,EHZ,61.1981981981982,-149.90658980942584,2026-09-09T23:00:59.995000Z,2026-09-09T23:01:59.995000Z,100.0,100.0,60.0,,traffic,1,Traffic,timeofday:America/Anchorage:day7-19:night1-5,AM,2.0-20.0,1642.7381296672047,7080.430092481971,1511.7036114273658,6968.210552638126,0.8468307619846459,2.3370275796044586,0.46573477544817576,,,231.98600683757178,30.0372020176071
1645,,AM,R3130,00,EHZ,61.1981981981982,-149.90658980942584,2026-09-09T23:01:59.995000Z,2026-09-09T23:02:59.995000Z,100.0,100.0,60.0,,traffic,1,Traffic,timeofday:America/Anchorage:day7-19:night1-5,AM,2.0-20.0,1594.3386174335737,9140.570387217473,1468.621866427748,8831.115565933806,0.8485136814164534,3.2648566905519605,0.9738308723787328,,,231.98600683757178,38.06744935317169
1646,,AM,R3130,00,EHZ,61.1981981981982,-149.90658980942584,2026-09-09T23:02:59.995000Z,2026-09-09T23:03:59.995000Z,100.0,100.0,60.0,,traffic,1,Traffic,timeofday:America/Anchorage:day7-19:night1-5,AM,2.0-20.0,1922.1603522754601,9689.57104284059,1807.5260425960682,9519.864403460646,0.8842801914605702,3.435156913112032,1.2979126756251125,,,231.98600683757178,41.0363734142211
1647,,AM,R3130,00,EHZ,61.1981981981982,-149.90658980942584,2026-09-09T23:03:59.995000Z,2026-09-09T23:04:59.995000Z,100.0,100.0,60.0,,traffic,1,Traffic,timeofday:America/Anchorage:day7-19:night1-5,AM,2.0-20.0,2570.3330736169505,16226.571649070924,2473.4198185930977,16426.05345654505,0.9260125307447964,3.613454215083904,2.6566412294631947,,,231.98600683757178,70.80622525670688
1648,,AM,R3130,00,EHZ,61.1981981981982,-149.90658980942584,2026-09-09T23:04:59.995000Z,2026-09-09T23:05:59.995000Z,100.0,100.0,60.0,,traffic,1,Traffic,timeofday:America/Anchorage:day7-19:night1-5,AM,2.0-20.0,1752.592746203599,15358.427712684901,1669.381907081879,15285.26805132967,0.9072968118418295,3.8914302847276088,5.2869410870782865,,,231.98600683757178,65.88875018669493
1649,,AM,R3130,00,EHZ,61.1981981981982,-149.90658980942584,2026-09-09T23:05:59.995000Z,2026-09-09T23:06:59.995000Z,100.0,100.0,60.0,,traffic,1,Traffic,timeofday:America/Anchorage:day7-19:night1-5,AM,2.0-20.0,1473.9180688938504,5798.5728417135015,1300.6197595065657,5377.365938255633,0.7786710159551079,2.501053017501526,0.32187242694781837,,,231.98600683757178,23.179699549812376
1650,,AM,R3130,00,EHZ,61.1981981981982,-149.90658980942584,2026-09-09T23:06:59.995000Z,2026-09-09T23:07:59.995000Z,100.0,100.0,60.0,,traffic,1,Traffic,timeofday:America/Anchorage:day7-19:night1-5,AM,2.0-20.0,1509.1749093619624,8041.426566182905,1395.204641632464,7024.760531068789,0.8546664820326927,3.1863056767358984,0.880200796423511,,,231.98600683757178,30.280966627384867
1651,,AM,R3130,00,EHZ,61.1981981981982,-149.90658980942584,2026-09-09T23:07:59.995000Z,2026-09-09T23:08:59.995000Z,100.0,100.0,60.0,,traffic,1,Traffic,timeofday:America/Anchorage:day7-19:night1-5,AM,2.0-20.0,1380.2028094871744,5943.42568727596,1261.1850496184315,6134.280541473239,0.8349718105819409,2.9531038483766805,0.29687917917661677,,,231.98600683757178,26.442459289228772
1652,,AM,R3130,00,EHZ,61.1981981981982,-149.90658980942584,2026-09-09T23:08:59.995000Z,2026-09-09T23:09:59.995000Z,100.0,100.0,60.0,,traffic,1,Traffic,timeofday:America/Anchorage:day7-19:night1-5,AM,2.0-20.0,1553.709507259841,10369.574626662934,1440.4769230571223,8627.74951690886,0.8595536004269373,3.1653721985101644,1.0043158905078302,,,231.98600683757178,37.19081868135994
1653,,AM,R3130,00,EHZ,61.1981981981982,-149.90658980942584,2026-09-09T23:09:59.995000Z,2026-09-09T23:10:59.995000Z,100.0,100.0,60.0,,traffic,1,Traffic,timeofday:America/Anchorage:day7-19:night1-5,AM,2.0-20.0,2358.7027898464025,12029.424451643368,2146.263513232264,10632.934201503853,0.827979613429381,2.463029609248263,0.6636902952609254,,,231.98600683757178,45.834377454277444
1654,,AM,R3130,00,EHZ,61.1981981981982,-149.90658980942584,2026-09-09T23:10:59.995000Z,2026-09-09T23:11:59.995000Z,100.0,100.0,60.0,,traffic,1,Traffic,timeofday:America/Anchorage:day7-19:night1-5,AM,2.0-20.0,1826.6412528535193,10103.57584288396,1698.5404671348142,9982.413119420364,0.864659810608685,4.132153900607301,1.722997108892664,,,231.98600683757178,43.03023814022407
1655,,AM,R3130,00,EHZ,61.1981981981982,-149.90658980942584,2026-09-09T23:11:59.995000Z,2026-09-09T23:12:59.995000Z,100.0,100.0,60.0,,traffic,1,Traffic,timeofday:America/Anchorage:day7-19:night1-5,AM,2.0-20.0,1652.0921951971334,8998.576505214738,1550.2440621784947,8579.873323412226,0.8805045288746209,2.7150340620411626,1.398538400435191,,,231.98600683757178,36.984443330754615
1656,,AM,R3130,00,EHZ,61.1981981981982,-149.90658980942584,2026-09-09T23:12:59.995000Z,2026-09-09T23:13:59.995000Z,100.0,100.0,60.0,,traffic,1,Traffic,timeofday:America/Anchorage:day7-19:night1-5,AM,2.0-20.0,1252.9820647652427,5877.577302918326,1120.8752133254688,5681.883519370815,0.8002484134254986,2.4581788817437773,0.3994320120139472,,,231.98600683757178,24.492354503731185
1657,,AM,R3130,00,EHZ,61.1981981981982,-149.90658980942584,2026-09-09T23:13:59.995000Z,2026-09-09T23:14:59.995000Z,100.0,100.0,60.0,,traffic,1,Traffic,timeofday:America/Anchorage:day7-19:night1-5,AM,2.0-20.0,1384.290051266584,5658.577724789593,1261.4106959548928,4933.563405081642,0.8303454745305658,1.9916380006485501,0.22980314071535002,,,231.98600683757178,21.26664220974304
1658,,AM,R3130,00,EHZ,61.1981981981982,-149.90658980942584,2026-09-09T23:14:59.995000Z,2026-09-09T23:15:59.995000Z,100.0,100.0,60.0,,traffic,1,Traffic,timeofday:America/Anchorage:day7-19:night1-5,AM,2.0-20.0,2884.7606343303432,14393.421704551005,2558.6764611229205,15539.058786144065,0.7867036798214906,3.8531805363193183,1.092151533881549,,,231.98600683757178,66.98274175228143
1659,,AM,R3130,00,EHZ,61.1981981981982,-149.90658980942584,2026-09-09T23:15:59.995000Z,2026-09-09T23:16:59.995000Z,100.0,100.0,60.0,,traffic,1,Traffic,timeofday:America/Anchorage:day7-19:night1-5,AM,2.0-20.0,2500.0465436485583,10956.579052195193,2098.468343167038,9236.602657605961,0.7045448680486862,2.028307757408227,0.5254925016045155,,,231.98600683757178,39.81534396629835
1660,,AM,R3130,00,EHZ,61.1981981981982,-149.90658980942584,2026-09-09T23:16:59.995000Z,2026-09-09T23:17:59.995000Z,100.0,100.0,60.0,,traffic,1,Traffic,timeofday:America/Anchorage:day7-19:night1-5,AM,2.0-20.0,3973.3842754446937,16380.58001169571,2895.111655256289,11594.20737044882,0.5308960547895043,2.026161287201375,0.33907447583466377,,,231.98600683757178,49.978046212790176
1661,,AM,R3130,00,EHZ,61.1981981981982,-149.90658980942584,2026-09-09T23:17:59.995000Z,2026-09-09T23:18:59.995000Z,100.0,100.0,60.0,,traffic,1,Traffic,timeofday:America/Anchorage:day7-19:night1-5,AM,2.0-20.0,3821.370699424638,15879.41982498289,2840.3315087253527,14992.716240052063,0.5524585822675236,1.908457985677689,1.2186319233797507,,,231.98600683757178,64.62767493795184
1662,,AM,R3130,00,EHZ,61.1981981981982,-149.90658980942584,2026-09-09T23:18:59.995000Z,2026-09-09T23:19:59.995000Z,100.0,100.0,60.0,,traffic,1,Traffic,timeofday:America/Anchorage:day7-19:night1-5,AM,2.0-20.0,2685.8838072002654,16457.580754620063,2260.2280347557676,15000.730696198078,0.7081578487511125,4.00617493577128,1.2061322920179665,,,231.98600683757178,64.66222209127056
1663,,AM,R3130,00,EHZ,61.1981981981982,-149.90658980942584,2026-09-09T23:19:59.995000Z,2026-09-09T23:20:59.995000Z,100.0,100.0,60.0,,traffic,1,Traffic,timeofday:America/Anchorage:day7-19:night1-5,AM,2.0-20.0,2593.9696786196905,10635.41844340784,2059.7160506580462,10219.347078001123,0.6304997463134366,2.6019648012464422,0.42489277521581625,,,231.98600683757178,44.05156680487345
1664,,AM,R3130,00,EHZ,61.1981981981982,-149.90658980942584,2026-09-09T23:20:59.995000Z,2026-09-09T23:21:59.995000Z,100.0,100.0,60.0,,traffic,1,Traffic,timeofday:America/Anchorage:day7-19:night1-5,AM,2.0-20.0,3176.8509963994425,14010.417531165847,2095.6778005016713,11046.837529695269,0.4351663792826489,2.3798520830640606,0.5899265697740343,,,231.98600683757178,47.61855113713762
1665,,AM,R3130,00,EHZ,61.1981981981982,-149.90658980942584,2026-09-09T23:21:59.995000Z,2026-09-09T23:22:59.995000Z,100.0,100.0,60.0,,traffic,1,Traffic,timeofday:America/Anchorage:day7-19:night1-5,AM,2.0-20.0,3639.2940704113976,12473.582519344878,2314.0958335779674,9231.925626799704,0.4043229387122427,2.0059956438240696,-0.010168447375953793,,,231.98600683757178,39.79518313474642
1666,,AM,R3130,00,EHZ,61.1981981981982,-149.90658980942584,2026-09-09T23:22:59.995000Z,2026-09-09T23:23:59.995000Z,100.0,100.0,60.0,,traffic,1,Traffic,timeofday:America/Anchorage:day7-19:night1-5,AM,2.0-20.0,3063.4316736436276,15982.583209725877,2109.4016754704694,16223.484440347667,0.4741351758403461,2.501743301915619,2.329125736349093,,,231.98600683757178,69.93303027844591
1667,,AM,R3130,00,EHZ,61.1981981981982,-149.90658980942584,2026-09-09T23:23:59.995000Z,2026-09-09T23:24:59.995000Z,100.0,100.0,60.0,,traffic,1,Traffic,timeofday:America/Anchorage:day7-19:night1-5,AM,2.0-20.0,2410.8992042516347,13077.416212602166,1798.082321983138,9080.402011456841,0.5562384872454814,2.9062406658766973,0.9419388635340722,,,231.98600683757178,39.14202470761355
1668,,AM,R3130,00,EHZ,61.1981981981982,-149.90658980942584,2026-09-09T23:24:59.995000Z,2026-09-09T23:25:59.995000Z,100.0,100.0,60.0,,traffic,1,Traffic,timeofday:America/Anchorage:day7-19:night1-5,AM,2.0-20.0,2545.5493008358835,20081.41531570649,2332.0827964379055,18547.94938098239,0.8393148461199524,6.703947284128447,3.5446475950741165,,,231.98600683757178,79.95288006301602
1669,,AM,R3130,00,EHZ,61.1981981981982,-149.90658980942584,2026-09-09T23:25:59.995000Z,2026-09-09T23:26:59.995000Z,100.0,100.0,60.0,,traffic,1,Traffic,timeofday:America/Anchorage:day7-19:night1-5,AM,2.0-20.0,2085.4431064676205,13388.414736205172,1918.1058694636595,12633.327522807202,0.845957326654152,3.5203592629801483,2.7648103704485782,,,231.98600683757178,54.45728255348005
1670,,AM,R3130,00,EHZ,61.1981981981982,-149.90658980942584,2026-09-09T23:26:59.995000Z,2026-09-09T23:27:59.995000Z,100.0,100.0,60.0,,traffic,1,Traffic,timeofday:America/Anchorage:day7-19:night1-5,AM,2.0-20.0,1698.7470183089379,10170.585659241975,1565.9149393778453,10164.725104778943,0.8497260253444974,2.5069530645866713,2.5488510252267984,,,231.98600683757178,43.81611306364662
1671,,AM,R3130,00,EHZ,61.1981981981982,-149.90658980942584,2026-09-09T23:27:59.995000Z,2026-09-09T23:28:59.995000Z,100.0,100.0,60.0,,traffic,1,Traffic,timeofday:America/Anchorage:day7-19:night1-5,AM,2.0-20.0,1380.436902575073,7213.413612671835,1250.7269670867536,7816.300057260672,0.820903120439081,3.0108581239084993,1.1815806435826985,,,231.98600683757178,33.69298072677876
1672,,AM,R3130,00,EHZ,61.1981981981982,-149.90658980942584,2026-09-09T23:28:59.995000Z,2026-09-09T23:29:59.995000Z,100.0,100.0,60.0,,traffic,1,Traffic,timeofday:America/Anchorage:day7-19:night1-5,AM,2.0-20.0,1357.6473776541116,6162.412836005915,1266.2483235855568,5913.18772935255,0.8698889148817063,2.902004988020246,0.5838723426082431,,,231.98600683757178,25.489415546915943
1673,,AM,R3130,00,EHZ,61.1981981981982,-149.90658980942584,2026-09-09T23:29:59.995000Z,2026-09-09T23:30:59.995000Z,100.0,100.0,60.0,,traffic,1,Traffic,timeofday:America/Anchorage:day7-19:night1-5,AM,2.0-20.0,1760.191508585317,9638.587479559079,1654.4412176509684,8705.905762697083,0.8834517582650916,2.7805594611592928,2.1861124439940864,,,231.98600683757178,37.52771937142158
1674,,AM,R3130,00,EHZ,61.1981981981982,-149.90658980942584,2026-09-09T23:30:59.995000Z,2026-09-09T23:31:59.995000Z,100.0,100.0,60.0,,traffic,1,Traffic,timeofday:America/Anchorage:day7-19:night1-5,AM,2.0-20.0,1122.947313274061,6109.588179188522,1042.9945446125673,5205.791546340044,0.8626712266288495,2.447256106254079,0.340348666072404,,,231.98600683757178,22.440110148475252
1675,,AM,R3130,00,EHZ,61.1981981981982,-149.90658980942584,2026-09-09T23:31:59.995000Z,2026-09-09T23:32:59.995000Z,100.0,100.0,60.0,,traffic,1,Traffic,timeofday:America/Anchorage:day7-19:night1-5,AM,2.0-20.0,1205.9533062565808,4690.588691613224,1128.0782732052796,4685.505739110096,0.8750190024556872,2.038004477714705,0.3851285564822806,,,231.98600683757178,20.197363638362543
1676,,AM,R3130,00,EHZ,61.1981981981982,-149.90658980942584,2026-09-09T23:32:59.995000Z,2026-09-09T23:33:59.995000Z,100.0,100.0,60.0,,traffic,1,Traffic,timeofday:America/Anchorage:day7-19:night1-5,AM,2.0-20.0,1387.9772729975348,9840.589507915327,1305.6419695611637,9665.986765508627,0.8848781960486998,3.5575994285112698,2.444553956340701,,,231.98600683757178,41.666249172849476
1677,,AM,R3130,00,EHZ,61.1981981981982,-149.90658980942584,2026-09-09T23:33:59.995000Z,2026-09-09T23:34:59.995000Z,100.0,100.0,60.0,,traffic,1,Traffic,timeofday:America/Anchorage:day7-19:night1-5,AM,2.0-20.0,1606.7351028719563,7830.590268828406,1524.9108164124893,7571.195617514218,0.9007418182537767,3.574219015912053,0.8564631802414953,,,231.98600683757178,32.63643234660828
1678,,AM,R3130,00,EHZ,61.1981981981982,-149.90658980942584,2026-09-09T23:34:59.995000Z,2026-09-09T23:35:59.995000Z,100.0,100.0,60.0,,traffic,1,Traffic,timeofday:America/Anchorage:day7-19:night1-5,AM,2.0-20.0,1490.7408086671246,14291.590680638183,1411.0301885358913,12567.726841024074,0.8959181404396502,5.702147442799655,3.8929555673244485,,,231.98600683757178,54.17450393817737
1679,,AM,R3130,00,EHZ,61.1981981981982,-149.90658980942584,2026-09-09T23:35:59.995000Z,2026-09-09T23:36:59.995000Z,100.0,100.0,60.0,,traffic,1,Traffic,timeofday:America/Anchorage:day7-19:night1-5,AM,2.0-20.0,1346.0687871492878,6982.408760796534,1281.2449859037458,7700.078820673232,0.9060034466897728,3.2221141743258492,1.488460575722729,,,231.98600683757178,33.19199690378114
1680,,AM,R3130,00,EHZ,61.1981981981982,-149.90658980942584,2026-09-09T23:36:59.995000Z,2026-09-09T23:37:59.995000Z,100.0,100.0,60.0,,traffic,1,Traffic,timeofday:America/Anchorage:day7-19:night1-5,AM,2.0-20.0,1642.0367837818947,8124.408164017905,1579.3967425248657,7703.426385833829,0.9251597127100374,2.557863713565369,0.9283311465456947,,,231.98600683757178,33.20642693430854
1681,,AM,R3130,00,EHZ,61.1981981981982,-149.90658980942584,2026-09-09T23:37:59.995000Z,2026-09-09T23:38:59.995000Z,100.0,100.0,60.0,,traffic,1,Traffic,timeofday:America/Anchorage:day7-19:night1-5,AM,2.0-20.0,1273.9448321678021,5993.59236659879,1192.2638405279968,4927.972781347057,0.8758777671731858,1.9150254179728696,0.4135335835378262,,,231.98600683757178,21.24254324010778
1682,,AM,R3130,00,EHZ,61.1981981981982,-149.90658980942584,2026-09-09T23:38:59.995000Z,2026-09-09T23:39:59.995000Z,100.0,100.0,60.0,,traffic,1,Traffic,timeofday:America/Anchorage:day7-19:night1-5,AM,2.0-20.0,1217.3931851253237,4846.40695206539,1163.4736328765007,5513.188429947851,0.9133797073041404,2.146055929627975,0.2958146083920066,,,231.98600683757178,23.765176637606363
1683,,AM,R3130,00,EHZ,61.1981981981982,-149.90658980942584,2026-09-09T23:39:59.995000Z,2026-09-09T23:40:59.995000Z,100.0,100.0,60.0,,traffic,1,Traffic,timeofday:America/Anchorage:day7-19:night1-5,AM,2.0-20.0,1701.9209086053213,13118.59355212718,1612.2053636705168,12057.075795781646,0.8973502246061617,5.941529755203673,4.609416084182894,,,231.98600683757178,51.9732890795589
1684,,AM,R3130,00,EHZ,61.1981981981982,-149.90658980942584,2026-09-09T23:40:59.995000Z,2026-09-09T23:41:59.995000Z,100.0,100.0,60.0,,traffic,1,Traffic,timeofday:America/Anchorage:day7-19:night1-5,AM,2.0-20.0,1462.1037227085683,7674.405383285601,1327.524767455189,6245.1718118928675,0.8243827563430436,2.4753630176436356,0.2913090103254823,,,231.98600683757178,26.920467734355682
1685,,AM,R3130,00,EHZ,61.1981981981982,-149.90658980942584,2026-09-09T23:41:59.995000Z,2026-09-09T23:42:59.995000Z,100.0,100.0,60.0,,traffic,1,Traffic,timeofday:America/Anchorage:day7-19:night1-5,AM,2.0-20.0,1464.5184963380868,8454.405258177547,1353.2772293654832,9392.38693843935,0.8538544114677431,3.1185537278928663,1.8810635558832738,,,231.98600683757178,40.48686843864492
1686,,AM,R3130,00,EHZ,61.1981981981982,-149.90658980942584,2026-09-09T23:42:59.995000Z,2026-09-09T23:43:59.995000Z,100.0,100.0,60.0,,traffic,1,Traffic,timeofday:America/Anchorage:day7-19:night1-5,AM,2.0-20.0,1637.525208041651,7666.595406490749,1548.4710259132262,6618.604021465211,0.8941907614376735,3.026735185047677,0.373346697829092,,,231.98600683757178,28.530186418094253
1687,,AM,R3130,00,EHZ,61.1981981981982,-149.90658980942584,2026-09-09T23:43:59.995000Z,2026-09-09T23:44:59.995000Z,100.0,100.0,60.0,,traffic,1,Traffic,timeofday:America/Anchorage:day7-19:night1-5,AM,2.0-20.0,1956.7019674425303,13411.596439877178,1886.7894486114099,14233.790884854343,0.9298170689974358,2.3604955263695695,2.986901799182858,,,231.98600683757178,61.356247641351615
1688,,AM,R3130,00,EHZ,61.1981981981982,-149.90658980942584,2026-09-09T23:44:59.995000Z,2026-09-09T23:45:59.995000Z,100.0,100.0,60.0,,traffic,1,Traffic,timeofday:America/Anchorage:day7-19:night1-5,AM,2.0-20.0,1660.013952425582,11678.596514474506,1534.4192651263702,10944.008673325454,0.8544066276511799,2.74344099005019,2.1338711696520214,,,231.98600683757178,47.175296572900855
1689,,AM,R3130,00,EHZ,61.1981981981982,-149.90658980942584,2026-09-09T23:45:59.995000Z,2026-09-09T23:46:59.995000Z,100.0,100.0,60.0,,traffic,1,Traffic,timeofday:America/Anchorage:day7-19:night1-5,AM,2.0-20.0,1363.4270044385753,6580.402772175834,1281.1670717122734,6057.287736491366,0.8829736694088554,2.3314977907507854,0.387884643661605,,,231.98600683757178,26.110573732718542
1690,,AM,R3130,00,EHZ,61.1981981981982,-149.90658980942584,2026-09-09T23:46:59.995000Z,2026-09-09T23:47:59.995000Z,100.0,100.0,60.0,,traffic,1,Traffic,timeofday:America/Anchorage:day7-19:night1-5,AM,2.0-20.0,1639.7741130174093,6984.598329608416,1479.4004360104916,5707.61918571431,0.81396069288567,2.2347695950519135,0.15597822779601733,,,231.98600683757178,24.60329079120095
1691,,AM,R3130,00,EHZ,61.1981981981982,-149.90658980942584,2026-09-09T23:47:59.995000Z,2026-09-09T23:48:59.995000Z,100.0,100.0,60.0,,traffic,1,Traffic,timeofday:America/Anchorage:day7-19:night1-5,AM,2.0-20.0,1516.0926545898321,8125.401202786257,1402.7218159461024,7422.584359598817,0.8560351852519549,3.5236704232177334,1.2591211747459123,,,231.98600683757178,31.995827941449257
1692,,AM,R3130,00,EHZ,61.1981981981982,-149.90658980942584,2026-09-09T23:48:59.995000Z,2026-09-09T23:49:59.995000Z,100.0,100.0,60.0,,traffic,1,Traffic,timeofday:America/Anchorage:day7-19:night1-5,AM,2.0-20.0,2166.909043390921,12289.599079646952,2070.3524406899483,12278.842009822081,0.9128663557554008,5.024348478433012,1.9299110727832298,,,231.98600683757178,52.929235591434974
1693,,AM,R3130,00,EHZ,61.1981981981982,-149.90658980942584,2026-09-09T23:49:59.995000Z,2026-09-09T23:50:59.995000Z,100.0,100.0,60.0,,traffic,1,Traffic,timeofday:America/Anchorage:day7-19:night1-5,AM,2.0-20.0,1918.0188206518812,9715.599945951626,1610.941234256734,8030.102091644275,0.7054295812271171,2.7424069017529056,0.5988537352561378,,,231.98600683757178,34.61459680741288
1694,,AM,R3130,00,EHZ,61.1981981981982,-149.90658980942584,2026-09-09T23:50:59.995000Z,2026-09-09T23:51:59.995000Z,100.0,100.0,60.0,,traffic,1,Traffic,timeofday:America/Anchorage:day7-19:night1-5,AM,2.0-20.0,1905.0217600684855,17179.60065127242,1807.0666648256554,18973.252043415247,0.8998051354230512,3.493472253690064,6.757273932232129,,,231.98600683757178,81.78619177103916
1695,,AM,R3130,00,EHZ,61.1981981981982,-149.90658980942584,2026-09-09T23:51:59.995000Z,2026-09-09T23:52:59.995000Z,100.0,100.0,60.0,,traffic,1,Traffic,timeofday:America/Anchorage:day7-19:night1-5,AM,2.0-20.0,1817.171009751396,12067.601094181353,1676.9100395865808,10242.688202973795,0.8515848573272409,3.16276023107934,1.6894473658757656,,,231.98600683757178,44.152181170760684
1696,,AM,R3130,00,EHZ,61.1981981981982,-149.90658980942584,2026-09-09T23:52:59.995000Z,2026-09-09T23:53:59.995000Z,100.0,100.0,60.0,,traffic,1,Traffic,timeofday:America/Anchorage:day7-19:night1-5,AM,2.0-20.0,1526.5545574714552,7588.3984607754555,1452.9594206239622,6875.384759274964,0.9059042768838723,3.2763565620317427,0.9401227746612766,,,231.98600683757178,29.637066705014067
1697,,AM,R3130,00,EHZ,61.1981981981982,-149.90658980942584,2026-09-09T23:53:59.995000Z,2026-09-09T23:54:59.995000Z,100.0,100.0,60.0,,traffic,1,Traffic,timeofday:America/Anchorage:day7-19:night1-5,AM,2.0-20.0,1233.8243229491095,5202.397423222148,1124.9026875808147,5438.662932036956,0.831233913877205,2.116720698941162,0.32736196521372074,,,231.98600683757178,23.443926666856726
1698,,AM,R3130,00,EHZ,61.1981981981982,-149.90658980942584,2026-09-09T23:54:59.995000Z,2026-09-09T23:55:59.995000Z,100.0,100.0,60.0,,traffic,1,Traffic,timeofday:America/Anchorage:day7-19:night1-5,AM,2.0-20.0,1472.9043335689028,8173.3971086734655,1385.8529914308679,6849.405346340261,0.8852893655310521,3.6288773470312186,1.0207467270601276,,,231.98600683757178,29.52507972231259
1699,,AM,R3130,00,EHZ,61.1981981981982,-149.90658980942584,2026-09-09T23:55:59.995000Z,2026-09-09T23:56:59.995000Z,100.0,100.0,60.0,,traffic,1,Traffic,timeofday:America/Anchorage:day7-19:night1-5,AM,2.0-20.0,1295.356004114042,9421.603563210649,1222.0653458214006,9550.427727596154,0.8900421476775952,3.1542592110788226,1.5045705302363137,,,231.98600683757178,41.168119826654106
1700,,AM,R3130,00,EHZ,61.1981981981982,-149.90658980942584,2026-09-09T23:56:59.995000Z,2026-09-09T23:57:59.995000Z,100.0,100.0,60.0,,traffic,1,Traffic,timeofday:America/Anchorage:day7-19:night1-5,AM,2.0-20.0,1118.398495343308,5127.604245359518,1034.1078266214124,3959.9489566874167,0.8549456401546578,2.0993086124098554,0.15929100385169503,,,231.98600683757178,17.06977507251129
1701,,AM,R3130,00,EHZ,61.1981981981982,-149.90658980942584,2026-09-09T23:57:59.995000Z,2026-09-09T23:58:59.995000Z,100.0,100.0,60.0,,traffic,1,Traffic,timeofday:America/Anchorage:day7-19:night1-5,AM,2.0-20.0,2360.250307048281,13503.604800774234,2263.5839405720035,12152.788785092995,0.9197654305864432,4.370496892859095,2.316635463875172,,,231.98600683757178,52.385869952931856
1702,,AM,R3130,00,EHZ,61.1981981981982,-149.90658980942584,2026-09-09T23:58:59.995000Z,2026-09-09T23:59:59.995000Z,100.0,100.0,60.0,,traffic,1,Traffic,timeofday:America/Anchorage:day7-19:night1-5,AM,2.0-20.0,1498.7960602493545,7152.394930004617,1392.197560144867,6191.20541716325,0.8628129423319926,2.1902727540143214,0.4142319711614264,,,231.98600683757178,26.687839932940904
1703,,AM,R3130,00,EHZ,61.1981981981982,-149.90658980942584,2026-09-09T23:59:59.995000Z,2026-09-10T00:00:59.995000Z,100.0,100.0,60.0,,traffic,1,Traffic,timeofday:America/Anchorage:day7-19:night1-5,AM,2.0-20.0,1300.419942722592,7354.394327534637,1206.480867881541,7630.952671739155,0.860743271775555,3.598789586705154,1.487244259820665,,,231.98600683757178,32.89402139277337
1704,,AM,R3130,00,EHZ,61.1981981981982,-149.90658980942584,2026-09-10T00:00:59.995000Z,2026-09-10T00:01:59.995000Z,100.0,100.0,60.0,,traffic,1,Traffic,timeofday:America/Anchorage:day7-19:night1-5,AM,2.0-20.0,1749.776762869886,11889.606475860299,1657.1544367718907,11923.114225492292,0.8969343948816162,4.537958680513143,3.946527635538245,,,231.98600683757178,51.39583368853978
1705,,AM,R3130,00,EHZ,61.1981981981982,-149.90658980942584,2026-09-10T00:01:59.995000Z,2026-09-10T00:02:59.995000Z,100.0,100.0,60.0,,traffic,1,Traffic,timeofday:America/Anchorage:day7-19:night1-5,AM,2.0-20.0,1414.289701642214,6134.392722269235,1204.8680109603522,6102.238968030499,0.7257753103702225,1.8555605065152623,0.23664075039569354,,,231.98600683757178,26.30434072820205
1706,,AM,R3130,00,EHZ,61.1981981981982,-149.90658980942584,2026-09-10T00:02:59.995000Z,2026-09-10T00:03:59.995000Z,100.0,100.0,60.0,,traffic,1,Traffic,timeofday:America/Anchorage:day7-19:night1-5,AM,2.0-20.0,1654.759649480953,9509.39225161497,1461.3504610458967,6395.56977159067,0.7798999944707175,2.3342637642456756,0.4891753778618919,,,231.98600683757178,27.568773904835634
1707,,AM,R3130,00,EHZ,61.1981981981982,-149.90658980942584,2026-09-10T00:03:59.995000Z,2026-09-10T00:04:59.995000Z,100.0,100.0,60.0,,traffic,1,Traffic,timeofday:America/Anchorage:day7-19:night1-5,AM,2.0-20.0,1388.5025485340832,6491.60821395773,1293.3968935335204,6306.714182069838,0.8677013329861429,2.1226497601197147,0.3393698064475612,,,231.98600683757178,27.185752572074623
1708,,AM,R3130,00,EHZ,61.1981981981982,-149.90658980942584,2026-09-10T00:04:59.995000Z,2026-09-10T00:05:59.995000Z,100.0,100.0,60.0,,traffic,1,Traffic,timeofday:America/Anchorage:day7-19:night1-5,AM,2.0-20.0,1662.0333978942422,7973.391184791866,1493.8368198014489,6664.4921572541025,0.8078427397993909,2.3226467485096163,0.7882877325501441,,,231.98600683757178,28.727992037555694
1709,,AM,R3130,00,EHZ,61.1981981981982,-149.90658980942584,2026-09-10T00:05:59.995000Z,2026-09-10T00:06:59.995000Z,100.0,100.0,60.0,,traffic,1,Traffic,timeofday:America/Anchorage:day7-19:night1-5,AM,2.0-20.0,1695.3806030842436,8245.609921159266,1593.7502839396036,9540.185746460547,0.883702594711963,2.9966260698822773,0.9257780242515423,,,231.98600683757178,41.12397069337135
1710,,AM,R3130,00,EHZ,61.1981981981982,-149.90658980942584,2026-09-10T00:06:59.995000Z,2026-09-10T00:07:59.995000Z,100.0,100.0,60.0,,traffic,1,Traffic,timeofday:America/Anchorage:day7-19:night1-5,AM,2.0-20.0,1711.8960345607632,9001.389990218295,1610.8158301443987,8313.937146666525,0.8853948795591513,2.887119245673664,1.1248306156761725,,,231.98600683757178,35.838097564598556
1711,,AM,R3130,00,EHZ,61.1981981981982,-149.90658980942584,2026-09-10T00:07:59.995000Z,2026-09-10T00:08:59.995000Z,100.0,100.0,60.0,,traffic,1,Traffic,timeofday:America/Anchorage:day7-19:night1-5,AM,2.0-20.0,1786.1291078416557,16064.610935947177,1693.443878871084,17501.824964513893,0.8989093982715873,3.562933557331988,5.744650675860443,,,231.98600683757178,75.44345110766977
1712,,AM,R3130,00,EHZ,61.1981981981982,-149.90658980942584,2026-09-10T00:08:59.995000Z,2026-09-10T00:09:59.995000Z,100.0,100.0,60.0,,traffic,1,Traffic,timeofday:America/Anchorage:day7-19:night1-5,AM,2.0-20.0,1661.838881313771,7844.6117530623305,1532.3675093585298,7346.228036104783,0.8502527371794005,2.306879664399269,0.9367182193674313,,,231.98600683757178,31.666686005110414
1713,,AM,R3130,00,EHZ,61.1981981981982,-149.90658980942584,2026-09-10T00:09:59.995000Z,2026-09-10T00:10:59.995000Z,100.0,100.0,60.0,,traffic,1,Traffic,timeofday:America/Anchorage:day7-19:night1-5,AM,2.0-20.0,1805.5385690095181,11225.387694470259,1720.7406483063348,8805.078318787626,0.9082748647712092,3.659642029239913,1.1712163353845924,,,231.98600683757178,37.95521307003928
1714,,AM,R3130,00,EHZ,61.1981981981982,-149.90658980942584,2026-09-10T00:10:59.995000Z,2026-09-10T00:11:59.995000Z,100.0,100.0,60.0,,traffic,1,Traffic,timeofday:America/Anchorage:day7-19:night1-5,AM,2.0-20.0,1536.55436585298,7721.612386733101,1438.6515735042208,8000.714256313895,0.876628101116232,2.1700195510732083,1.014148527540348,,,231.98600683757178,34.48791746269294
1715,,AM,R3130,00,EHZ,61.1981981981982,-149.90658980942584,2026-09-10T00:11:59.995000Z,2026-09-10T00:12:59.995000Z,100.0,100.0,60.0,,traffic,1,Traffic,timeofday:America/Anchorage:day7-19:night1-5,AM,2.0-20.0,2480.5844384035695,20248.613470020468,2395.0563683191226,21818.89507400028,0.9322308020382908,3.6065409166227047,5.6229374730363695,,,231.98600683757178,94.05263434392008
1716,,AM,R3130,00,EHZ,61.1981981981982,-149.90658980942584,2026-09-10T00:12:59.995000Z,2026-09-10T00:13:59.995000Z,100.0,100.0,60.0,,traffic,1,Traffic,timeofday:America/Anchorage:day7-19:night1-5,AM,2.0-20.0,1609.1030509078398,8235.38608889996,1537.8121990142927,7222.83318022058,0.9133534779880813,2.2213239747785436,0.3290141565895546,,,231.98600683757178,31.13477954417202
1717,,AM,R3130,00,EHZ,61.1981981981982,-149.90658980942584,2026-09-10T00:13:59.995000Z,2026-09-10T00:14:59.995000Z,100.0,100.0,60.0,,traffic,1,Traffic,timeofday:America/Anchorage:day7-19:night1-5,AM,2.0-20.0,1967.7824439006292,11459.614531253854,1823.1097541966135,11199.224770610332,0.8583639432539848,3.176751795512029,1.9306727956432725,,,231.98600683757178,48.27543231282749
1718,,AM,R3130,00,EHZ,61.1981981981982,-149.90658980942584,2026-09-10T00:14:59.995000Z,2026-09-10T00:15:59.995000Z,100.0,100.0,60.0,,traffic,1,Traffic,timeofday:America/Anchorage:day7-19:night1-5,AM,2.0-20.0,1971.056241190711,14031.384922884767,1896.8159018011024,13803.786802051474,0.9260881580694899,4.313165016121132,3.5923322141874747,,,231.98600683757178,59.502669968005385
1719,,AM,R3130,00,EHZ,61.1981981981982,-149.90658980942584,2026-09-10T00:15:59.995000Z,2026-09-10T00:16:59.995000Z,100.0,100.0,60.0,,traffic,1,Traffic,timeofday:America/Anchorage:day7-19:night1-5,AM,2.0-20.0,1282.4997706878364,8889.615460569894,1202.5748159921436,9431.160298254443,0.8792444126580145,2.782389342817873,2.2645534883298613,,,231.98600683757178,40.654005070477375
1720,,AM,R3130,00,EHZ,61.1981981981982,-149.90658980942584,2026-09-10T00:16:59.995000Z,2026-09-10T00:17:59.995000Z,100.0,100.0,60.0,,traffic,1,Traffic,timeofday:America/Anchorage:day7-19:night1-5,AM,2.0-20.0,1452.3814856316412,8017.616074422571,1315.8821825456168,7570.588541240372,0.8208666372040869,2.712423397417881,0.916124502894144,,,231.98600683757178,32.63381548069417
1721,,AM,R3130,00,EHZ,61.1981981981982,-149.90658980942584,2026-09-10T00:17:59.995000Z,2026-09-10T00:18:59.995000Z,100.0,100.0,60.0,,traffic,1,Traffic,timeofday:America/Anchorage:day7-19:night1-5,AM,2.0-20.0,1343.4587549915038,6820.382759257342,1196.8857624250456,5153.389190920572,0.7937006317263826,3.046404450242708,0.49727488179929713,,,231.98600683757178,22.21422430245454
1722,,AM,R3130,00,EHZ,61.1981981981982,-149.90658980942584,2026-09-10T00:18:59.995000Z,2026-09-10T00:19:59.995000Z,100.0,100.0,60.0,,traffic,1,Traffic,timeofday:America/Anchorage:day7-19:night1-5,AM,2.0-20.0,1403.0248508615255,8409.382663114191,1297.8992683747576,6697.247326549282,0.8557585527076951,2.8566041138231384,1.1469136123683343,,,231.98600683757178,28.869186628305787
1723,,AM,R3130,00,EHZ,61.1981981981982,-149.90658980942584,2026-09-10T00:19:59.995000Z,2026-09-10T00:20:59.995000Z,100.0,100.0,60.0,,traffic,1,Traffic,timeofday:America/Anchorage:day7-19:night1-5,AM,2.0-20.0,1572.6587870408484,7979.617988646938,1410.4743072733697,7363.237945960976,0.8043801549860224,2.916274702659401,1.8789526303982358,,,231.98600683757178,31.740009004579527
1724,,AM,R3130,00,EHZ,61.1981981981982,-149.90658980942584,2026-09-10T00:20:59.995000Z,2026-09-10T00:21:59.995000Z,100.0,100.0,60.0,,traffic,1,Traffic,timeofday:America/Anchorage:day7-19:night1-5,AM,2.0-20.0,1557.6211943166597,9215.61888523772,1431.5668142975358,9641.198116562404,0.8446942710941924,2.1705206991238475,1.239983468751995,,,231.98600683757178,41.55939510314009
1725,,AM,R3130,00,EHZ,61.1981981981982,-149.90658980942584,2026-09-10T00:21:59.995000Z,2026-09-10T00:22:59.995000Z,100.0,100.0,60.0,,traffic,1,Traffic,timeofday:America/Anchorage:day7-19:night1-5,AM,2.0-20.0,1219.146842438685,6766.619651842149,1131.454798585388,6461.508645711331,0.861315734416912,2.7452801345772837,0.6255543024202206,,,231.98600683757178,27.853010333659675
1726,,AM,R3130,00,EHZ,61.1981981981982,-149.90658980942584,2026-09-10T00:22:59.995000Z,2026-09-10T00:23:59.995000Z,100.0,100.0,60.0,,traffic,1,Traffic,timeofday:America/Anchorage:day7-19:night1-5,AM,2.0-20.0,1249.0444137140933,10564.620044850146,1173.1127690301284,9072.98128917603,0.8821120632581693,3.3902902984140098,2.1551044199073877,,,231.98600683757178,39.110036906357905
1727,,AM,R3130,00,EHZ,61.1981981981982,-149.90658980942584,2026-09-10T00:23:59.995000Z,2026-09-10T00:24:59.995000Z,100.0,100.0,60.0,,traffic,1,Traffic,timeofday:America/Anchorage:day7-19:night1-5,AM,2.0-20.0,1093.846461378802,4783.379369652292,1028.904019072138,4848.023374601679,0.8847834590326649,1.746251455738934,0.16937823948536934,,,231.98600683757178,20.897912941775363
1728,,AM,R3130,00,EHZ,61.1981981981982,-149.90658980942584,2026-09-10T00:24:59.995000Z,2026-09-10T00:25:59.995000Z,100.0,100.0,60.0,,traffic,1,Traffic,timeofday:America/Anchorage:day7-19:night1-5,AM,2.0-20.0,1437.7567995664785,6160.3788938148355,1366.3045278675324,6063.238730065584,0.9030756965896001,2.614768563471201,0.6151500355888504,,,231.98600683757178,26.13622611432268
1729,,AM,R3130,00,EHZ,61.1981981981982,-149.90658980942584,2026-09-10T00:25:59.995000Z,2026-09-10T00:26:59.995000Z,100.0,100.0,60.0,,traffic,1,Traffic,timeofday:America/Anchorage:day7-19:night1-5,AM,2.0-20.0,1365.9720232999796,7190.621935394434,1307.4807876949353,7377.022159156391,0.9161931129468567,2.24482093089946,0.6668051816877956,,,231.98600683757178,31.79942730046436
1730,,AM,R3130,00,EHZ,61.1981981981982,-149.90658980942584,2026-09-10T00:26:59.995000Z,2026-09-10T00:27:59.995000Z,100.0,100.0,60.0,,traffic,1,Traffic,timeofday:America/Anchorage:day7-19:night1-5,AM,2.0-20.0,1395.7605948768378,7829.622294355968,1333.8935745937204,6721.847211856031,0.9133147988601029,2.6000706350881284,1.1182337445316923,,,231.98600683757178,28.9752270125604
1731,,AM,R3130,00,EHZ,61.1981981981982,-149.90658980942584,2026-09-10T00:27:59.995000Z,2026-09-10T00:28:59.995000Z,100.0,100.0,60.0,,traffic,1,Traffic,timeofday:America/Anchorage:day7-19:night1-5,AM,2.0-20.0,1851.4424227051802,25426.37715256683,1775.3122975973906,24466.469433044145,0.9194520842431415,6.77826078959208,23.00679782928117,,,231.98600683757178,105.46528114592137
1732,,AM,R3130,00,EHZ,61.1981981981982,-149.90658980942584,2026-09-10T00:28:59.995000Z,2026-09-10T00:29:59.995000Z,100.0,100.0,60.0,,traffic,1,Traffic,timeofday:America/Anchorage:day7-19:night1-5,AM,2.0-20.0,1532.1019091744017,6152.623946371741,1434.5072571095382,6563.906192330664,0.8766579827876497,3.291515118040288,0.5053345164857448,,,231.98600683757178,28.2944056920057
1733,,AM,R3130,00,EHZ,61.1981981981982,-149.90658980942584,2026-09-10T00:29:59.995000Z,2026-09-10T00:30:59.995000Z,100.0,100.0,60.0,,traffic,1,Traffic,timeofday:America/Anchorage:day7-19:night1-5,AM,2.0-20.0,1634.384821398449,7885.624138962938,1561.3139542200256,8275.311436021133,0.9125818810780428,2.915416146183298,1.1264857345434356,,,231.98600683757178,35.67159738998916
1734,,AM,R3130,00,EHZ,61.1981981981982,-149.90658980942584,2026-09-10T00:30:59.995000Z,2026-09-10T00:31:59.995000Z,100.0,100.0,60.0,,traffic,1,Traffic,timeofday:America/Anchorage:day7-19:night1-5,AM,2.0-20.0,1298.8662732319854,6437.375342514486,1228.2795149791743,6152.925160709412,0.8942635673978852,2.54321684091908,0.9646964863491219,,,231.98600683757178,26.522828874835835
1735,,AM,R3130,00,EHZ,61.1981981981982,-149.90658980942584,2026-09-10T00:31:59.995000Z,2026-09-10T00:32:59.995000Z,100.0,100.0,60.0,,traffic,1,Traffic,timeofday:America/Anchorage:day7-19:night1-5,AM,2.0-20.0,1215.3291477027642,6147.374255263503,1148.0159963035035,5989.97804273156,0.8922941614088422,2.6048877840040827,0.6775019602430166,,,231.98600683757178,25.8204282421462
1736,,AM,R3130,00,EHZ,61.1981981981982,-149.90658980942584,2026-09-10T00:32:59.995000Z,2026-09-10T00:33:59.995000Z,100.0,100.0,60.0,,traffic,1,Traffic,timeofday:America/Anchorage:day7-19:night1-5,AM,2.0-20.0,1398.5338123450802,6076.374082083872,1308.0512278444735,6097.404782149739,0.8747895049637274,2.5223676456745108,0.5073765010497588,,,231.98600683757178,26.283502463227972
1737,,AM,R3130,00,EHZ,61.1981981981982,-149.90658980942584,2026-09-10T00:33:59.995000Z,2026-09-10T00:34:59.995000Z,100.0,100.0,60.0,,traffic,1,Traffic,timeofday:America/Anchorage:day7-19:night1-5,AM,2.0-20.0,1956.5855649430196,13933.373286819435,1829.1699997179273,14704.458535020336,0.873998021568653,3.3629033017002925,3.529234589685042,,,231.98600683757178,63.38510988430378
1738,,AM,R3130,00,EHZ,61.1981981981982,-149.90658980942584,2026-09-10T00:34:59.995000Z,2026-09-10T00:35:59.995000Z,100.0,100.0,60.0,,traffic,1,Traffic,timeofday:America/Anchorage:day7-19:night1-5,AM,2.0-20.0,1708.9252854646347,11306.372769516434,1658.0566649499829,10628.838352754476,0.9413531626076505,4.311486142191246,4.650421478123377,,,231.98600683757178,45.81672186890309
1739,,AM,R3130,00,EHZ,61.1981981981982,-149.90658980942584,2026-09-10T00:35:59.995000Z,2026-09-10T00:36:59.995000Z,100.0,100.0,60.0,,traffic,1,Traffic,timeofday:America/Anchorage:day7-19:night1-5,AM,2.0-20.0,1059.7353282152726,4993.62765692824,1005.1018691980305,4909.258765987684,0.8995500585191064,2.3410824078060832,0.4127568954577474,,,231.98600683757178,21.161874515237333
1740,,AM,R3130,00,EHZ,61.1981981981982,-149.90658980942584,2026-09-10T00:36:59.995000Z,2026-09-10T00:37:59.995000Z,100.0,100.0,60.0,,traffic,1,Traffic,timeofday:America/Anchorage:day7-19:night1-5,AM,2.0-20.0,1179.1769576806537,6047.628733304682,1082.7655061524206,5310.818487912098,0.8431616707961186,2.246246652749049,0.30955452627278257,,,231.98600683757178,22.8928397893867
1741,,AM,R3130,00,EHZ,61.1981981981982,-149.90658980942584,2026-09-10T00:37:59.995000Z,2026-09-10T00:38:59.995000Z,100.0,100.0,60.0,,traffic,1,Traffic,timeofday:America/Anchorage:day7-19:night1-5,AM,2.0-20.0,1959.8678380258496,10321.37079726063,1833.5085685661863,8090.906698547902,0.8752100895803829,4.165603347109725,1.5819101637944781,,,231.98600683757178,34.87670143920733
1742,,AM,R3130,00,EHZ,61.1981981981982,-149.90658980942584,2026-09-10T00:38:59.995000Z,2026-09-10T00:39:59.995000Z,100.0,100.0,60.0,,traffic,1,Traffic,timeofday:America/Anchorage:day7-19:night1-5,AM,2.0-20.0,1404.901203631168,6968.370370104536,1309.707207819936,6044.188055672199,0.8690742175007342,3.1395758441932617,0.9870220556535307,,,231.98600683757178,26.054106185396435
1743,,AM,R3130,00,EHZ,61.1981981981982,-149.90658980942584,2026-09-10T00:39:59.995000Z,2026-09-10T00:40:59.995000Z,100.0,100.0,60.0,,traffic,1,Traffic,timeofday:America/Anchorage:day7-19:night1-5,AM,2.0-20.0,2089.062304032694,16793.369377777126,2029.0748330134602,16158.473092736473,0.9433945075589891,4.056243708790497,5.576468204357962,,,231.98600683757178,69.65279204986726
1744,,AM,R3130,00,EHZ,61.1981981981982,-149.90658980942584,2026-09-10T00:40:59.995000Z,2026-09-10T00:41:59.995000Z,100.0,100.0,60.0,,traffic,1,Traffic,timeofday:America/Anchorage:day7-19:night1-5,AM,2.0-20.0,1375.2034051528035,10751.630927624741,1315.1065101818376,10225.266295712292,0.9145089860368648,5.166594257343138,3.333569501779584,,,231.98600683757178,44.077082213289074
1745,,AM,R3130,00,EHZ,61.1981981981982,-149.90658980942584,2026-09-10T00:41:59.995000Z,2026-09-10T00:42:59.995000Z,100.0,100.0,60.0,,traffic,1,Traffic,timeofday:America/Anchorage:day7-19:night1-5,AM,2.0-20.0,1324.5811320651578,7762.6318745229855,1262.4464496196924,7280.865593466919,0.9083825893800588,3.119264467336917,1.618812985762518,,,231.98600683757178,31.384934344616386
1746,,AM,R3130,00,EHZ,61.1981981981982,-149.90658980942584,2026-09-10T00:42:59.995000Z,2026-09-10T00:43:59.995000Z,100.0,100.0,60.0,,traffic,1,Traffic,timeofday:America/Anchorage:day7-19:night1-5,AM,2.0-20.0,1253.40007662593,6927.63242810834,1175.6437841908898,5985.288213557541,0.8797759185897637,2.966497877963988,0.6737108078096892,,,231.98600683757178,25.800212241888467
1747,,AM,R3130,00,EHZ,61.1981981981982,-149.90658980942584,2026-09-10T00:43:59.995000Z,2026-09-10T00:44:59.995000Z,100.0,100.0,60.0,,traffic,1,Traffic,timeofday:America/Anchorage:day7-19:night1-5,AM,2.0-20.0,2010.9512798256244,12678.63267517388,1955.5500275768477,12190.174172976234,0.9456594430488717,4.874560195859204,4.8251538873781,,,231.98600683757178,52.54702358626033
1748,,AM,R3130,00,EHZ,61.1981981981982,-149.90658980942584,2026-09-10T00:44:59.995000Z,2026-09-10T00:45:59.995000Z,100.0,100.0,60.0,,traffic,1,Traffic,timeofday:America/Anchorage:day7-19:night1-5,AM,2.0-20.0,2011.8843529545325,10097.366636071221,1947.2602017915196,9926.665097769663,0.9367893604391218,3.1026742113176593,1.7339529297964722,,,231.98600683757178,42.78993044921005
1749,,AM,R3130,00,EHZ,61.1981981981982,-149.90658980942584,2026-09-10T00:45:59.995000Z,2026-09-10T00:46:59.995000Z,100.0,100.0,60.0,,traffic,1,Traffic,timeofday:America/Anchorage:day7-19:night1-5,AM,2.0-20.0,1231.8954324495887,7108.366047524722,1171.8220003194374,7595.564270069625,0.9048479458970873,3.784897401373943,1.09551733628689,,,231.98600683757178,32.74147597784967
1750,,AM,R3130,00,EHZ,61.1981981981982,-149.90658980942584,2026-09-10T00:46:59.995000Z,2026-09-10T00:47:59.995000Z,100.0,100.0,60.0,,traffic,1,Traffic,timeofday:America/Anchorage:day7-19:night1-5,AM,2.0-20.0,1169.65409699014,5782.634712372044,1125.8735941851162,5960.521946084318,0.9265404289077854,2.3886562781916263,0.5823224991168598,,,231.98600683757178,25.693454649864552
1751,,AM,R3130,00,EHZ,61.1981981981982,-149.90658980942584,2026-09-10T00:47:59.995000Z,2026-09-10T00:48:59.995000Z,100.0,100.0,60.0,,traffic,1,Traffic,timeofday:America/Anchorage:day7-19:night1-5,AM,2.0-20.0,1342.9354701397565,6198.364513604447,1283.0068793190408,5484.442001732794,0.9127412547948435,2.2684247011040566,0.6277893846066798,,,231.98600683757178,23.641262145491396
1752,,AM,R3130,00,EHZ,61.1981981981982,-149.90658980942584,2026-09-10T00:48:59.995000Z,2026-09-10T00:49:59.995000Z,100.0,100.0,60.0,,traffic,1,Traffic,timeofday:America/Anchorage:day7-19:night1-5,AM,2.0-20.0,1202.3834759100148,6797.635646363122,1147.2237306851437,8080.5287219783995,0.9103538756169782,2.7096749978894774,1.0654155433974104,,,231.98600683757178,34.83196608335128
1753,,AM,R3130,00,EHZ,61.1981981981982,-149.90658980942584,2026-09-10T00:49:59.995000Z,2026-09-10T00:50:59.995000Z,100.0,100.0,60.0,,traffic,1,Traffic,timeofday:America/Anchorage:day7-19:night1-5,AM,2.0-20.0,1450.918823562037,10625.63669042083,1380.398915541612,10132.871541336752,0.9051550707372421,3.65684851045919,2.4606518040480676,,,231.98600683757178,43.67880493943508
1754,,AM,R3130,00,EHZ,61.1981981981982,-149.90658980942584,2026-09-10T00:50:59.995000Z,2026-09-10T00:51:59.995000Z,100.0,100.0,60.0,,traffic,1,Traffic,timeofday:America/Anchorage:day7-19:night1-5,AM,2.0-20.0,1903.5379288892498,10270.363054484762,1772.4062480859989,10083.412822241935,0.8669688130801749,3.7244170400581833,1.1016046949309626,,,231.98600683757178,43.465607946353316
1755,,AM,R3130,00,EHZ,61.1981981981982,-149.90658980942584,2026-09-10T00:51:59.995000Z,2026-09-10T00:52:59.995000Z,100.0,100.0,60.0,,traffic,1,Traffic,timeofday:America/Anchorage:day7-19:night1-5,AM,2.0-20.0,1555.5236569806361,8517.362074353103,1489.969392417277,7854.657843049559,0.9174902404745009,3.351800839254712,1.328493429166759,,,231.98600683757178,33.85832598320944
1756,,AM,R3130,00,EHZ,61.1981981981982,-149.90658980942584,2026-09-10T00:52:59.995000Z,2026-09-10T00:53:59.995000Z,100.0,100.0,60.0,,traffic,1,Traffic,timeofday:America/Anchorage:day7-19:night1-5,AM,2.0-20.0,1409.5915351992041,9443.3619985362,1339.5844120453944,9267.913032270204,0.9031369364328696,3.1897807202056923,2.3348667607233153,,,231.98600683757178,39.95031061834373
1757,,AM,R3130,00,EHZ,61.1981981981982,-149.90658980942584,2026-09-10T00:53:59.995000Z,2026-09-10T00:54:59.995000Z,100.0,100.0,60.0,,traffic,1,Traffic,timeofday:America/Anchorage:day7-19:night1-5,AM,2.0-20.0,2015.413269285816,27479.63875404312,1951.1220788018054,27605.834767890716,0.9372180834371421,6.216246119778673,28.0128071885116,,,231.98600683757178,118.99784450024748
1758,,AM,R3130,00,EHZ,61.1981981981982,-149.90658980942584,2026-09-10T00:54:59.995000Z,2026-09-10T00:55:59.995000Z,100.0,100.0,60.0,,traffic,1,Traffic,timeofday:America/Anchorage:day7-19:night1-5,AM,2.0-20.0,1462.6556773251968,7611.63951028116,1371.3832792892254,7629.700867165118,0.8790903192707114,2.745231536339314,0.9752247388172268,,,231.98600683757178,32.888625357938764
1759,,AM,R3130,00,EHZ,61.1981981981982,-149.90658980942584,2026-09-10T00:55:59.995000Z,2026-09-10T00:56:59.995000Z,100.0,100.0,60.0,,traffic,1,Traffic,timeofday:America/Anchorage:day7-19:night1-5,AM,2.0-20.0,1647.9140538502284,7614.3596002422455,1548.0488641767433,7340.655539656083,0.8824705380967677,2.9631874581544633,0.8702790498227002,,,231.98600683757178,31.64266517504112
1760,,AM,R3130,00,EHZ,61.1981981981982,-149.90658980942584,2026-09-10T00:56:59.995000Z,2026-09-10T00:57:59.995000Z,100.0,100.0,60.0,,traffic,1,Traffic,timeofday:America/Anchorage:day7-19:night1-5,AM,2.0-20.0,1819.3059162813136,15359.64092976466,1754.8749418424015,13630.454333539768,0.930423951387304,5.058665541087629,4.3837643558771795,,,231.98600683757178,58.7555021932134
1761,,AM,R3130,00,EHZ,61.1981981981982,-149.90658980942584,2026-09-10T00:57:59.995000Z,2026-09-10T00:58:59.995000Z,100.0,100.0,60.0,,traffic,1,Traffic,timeofday:America/Anchorage:day7-19:night1-5,AM,2.0-20.0,1296.4982011179982,7892.358970636726,1235.1021756627404,8297.733294799284,0.9075319770605162,2.6102134914325243,1.5817783746745464,,,231.98600683757178,35.76824916258443
1762,,AM,R3130,00,EHZ,61.1981981981982,-149.90658980942584,2026-09-10T00:58:59.995000Z,2026-09-10T00:59:59.995000Z,100.0,100.0,60.0,,traffic,1,Traffic,timeofday:America/Anchorage:day7-19:night1-5,AM,2.0-20.0,1194.6424047603955,8907.642203407335,1137.0777070422823,6854.262247636358,0.905950434284668,3.5404766664242753,0.8503025547624219,,,231.98600683757178,29.546015904465584
1763,,AM,R3130,00,EHZ,61.1981981981982,-149.90658980942584,2026-09-10T00:59:59.995000Z,2026-09-10T01:00:59.995000Z,100.0,100.0,60.0,,traffic,1,Traffic,timeofday:America/Anchorage:day7-19:night1-5,AM,2.0-20.0,1592.3344452680647,9452.642249649549,1520.4844052669127,9163.799071314606,0.9117911251661414,4.347153130135543,2.1262526986657306,,,231.98600683757178,39.50151647608111
1764,,AM,R3130,00,EHZ,61.1981981981982,-149.90658980942584,2026-09-10T01:00:59.995000Z,2026-09-10T01:01:59.995000Z,100.0,100.0,60.0,,traffic,1,Traffic,timeofday:America/Anchorage:day7-19:night1-5,AM,2.0-20.0,2006.4188328893513,14527.643246855256,1938.9182186640278,13358.828741083227,0.9338471369942425,4.1065099984137134,3.653506764420537,,,231.98600683757178,57.584631604252735
1765,,AM,R3130,00,EHZ,61.1981981981982,-149.90658980942584,2026-09-10T01:01:59.995000Z,2026-09-10T01:02:59.995000Z,100.0,100.0,60.0,,traffic,1,Traffic,timeofday:America/Anchorage:day7-19:night1-5,AM,2.0-20.0,1266.8113516616627,7474.356072418712,1205.3588936244514,7305.251895458371,0.9053340622708034,3.161276040899412,0.671491256772482,,,231.98600683757178,31.490054055601917
1766,,AM,R3130,00,EHZ,61.1981981981982,-149.90658980942584,2026-09-10T01:02:59.995000Z,2026-09-10T01:03:59.995000Z,100.0,100.0,60.0,,traffic,1,Traffic,timeofday:America/Anchorage:day7-19:night1-5,AM,2.0-20.0,1225.4777806643788,5769.355772809822,1131.3977039092624,4795.84249406518,0.8523534106073438,1.8447746260894289,0.34137388391273316,,,231.98600683757178,20.67298178645342
1767,,AM,R3130,00,EHZ,61.1981981981982,-149.90658980942584,2026-09-10T01:03:59.995000Z,2026-09-10T01:04:59.995000Z,100.0,100.0,60.0,,traffic,1,Traffic,timeofday:America/Anchorage:day7-19:night1-5,AM,2.0-20.0,2612.2694719083033,22698.64505446846,2546.8193991720505,19951.915748115578,0.9505180059787911,4.949115100562963,6.1205856426165575,,,231.98600683757178,86.00482425685782
1768,,AM,R3130,00,EHZ,61.1981981981982,-149.90658980942584,2026-09-10T01:04:59.995000Z,2026-09-10T01:05:59.995000Z,100.0,100.0,60.0,,traffic,1,Traffic,timeofday:America/Anchorage:day7-19:night1-5,AM,2.0-20.0,1517.7135829844224,7184.354298140559,1408.328626575178,7447.028645601172,0.8610500026075176,2.9746998209952817,0.8971738807813923,,,231.98600683757178,32.10119759859185
1769,,AM,R3130,00,EHZ,61.1981981981982,-149.90658980942584,2026-09-10T01:05:59.995000Z,2026-09-10T01:06:59.995000Z,100.0,100.0,60.0,,traffic,1,Traffic,timeofday:America/Anchorage:day7-19:night1-5,AM,2.0-20.0,1669.811575945374,9888.35359546218,1582.1470918659459,9518.967983146185,0.8977569577634382,2.5662414893399497,1.0447639343585902,,,231.98600683757178,41.032509300489934
1770,,AM,R3130,00,EHZ,61.1981981981982,-149.90658980942584,2026-09-10T01:06:59.995000Z,2026-09-10T01:07:59.995000Z,100.0,100.0,60.0,,traffic,1,Traffic,timeofday:America/Anchorage:day7-19:night1-5,AM,2.0-20.0,1208.4496584690792,6298.646602820365,1152.5343875264832,6671.763014495173,0.9096004310901139,3.0130397294461826,0.4679618551697282,,,231.98600683757178,28.759333829848195
1771,,AM,R3130,00,EHZ,61.1981981981982,-149.90658980942584,2026-09-10T01:07:59.995000Z,2026-09-10T01:08:59.995000Z,100.0,100.0,60.0,,traffic,1,Traffic,timeofday:America/Anchorage:day7-19:night1-5,AM,2.0-20.0,1263.7810847841272,5630.352471522319,1191.7639734859697,5921.807615672553,0.8892764751195104,2.13651187926264,0.27152894954928364,,,231.98600683757178,25.526572470462792
1772,,AM,R3130,00,EHZ,61.1981981981982,-149.90658980942584,2026-09-10T01:08:59.995000Z,2026-09-10T01:09:59.995000Z,100.0,100.0,60.0,,traffic,1,Traffic,timeofday:America/Anchorage:day7-19:night1-5,AM,2.0-20.0,1178.8260395766774,5304.351884805181,1115.6697550023732,5268.879162607538,0.8957191895405814,2.0767245588909793,0.2976495620257431,,,231.98600683757178,22.71205593144511
1773,,AM,R3130,00,EHZ,61.1981981981982,-149.90658980942584,2026-09-10T01:09:59.995000Z,2026-09-10T01:10:59.995000Z,100.0,100.0,60.0,,traffic,1,Traffic,timeofday:America/Anchorage:day7-19:night1-5,AM,2.0-20.0,1492.072163737657,7593.3511434053,1437.739282599444,6673.910260726775,0.9284972491626099,2.821595619320087,1.3986711632148356,,,231.98600683757178,28.76858975981084
1774,,AM,R3130,00,EHZ,61.1981981981982,-149.90658980942584,2026-09-10T01:10:59.995000Z,2026-09-10T01:11:59.995000Z,100.0,100.0,60.0,,traffic,1,Traffic,timeofday:America/Anchorage:day7-19:night1-5,AM,2.0-20.0,1343.228483509925,9136.649295540017,1282.786691852062,9696.440546273183,0.9120299627448418,3.6102510741645277,1.3723968949768386,,,231.98600683757178,41.79752338709929
1775,,AM,R3130,00,EHZ,61.1981981981982,-149.90658980942584,2026-09-10T01:11:59.995000Z,2026-09-10T01:12:59.995000Z,100.0,100.0,60.0,,traffic,1,Traffic,timeofday:America/Anchorage:day7-19:night1-5,AM,2.0-20.0,1178.1417905611395,6105.650173633912,1125.0096508125514,5523.295983895518,0.9118373412234048,2.7432733428325964,0.865145574828341,,,231.98600683757178,23.808746308404412
1776,,AM,R3130,00,EHZ,61.1981981981982,-149.90658980942584,2026-09-10T01:12:59.995000Z,2026-09-10T01:13:59.995000Z,100.0,100.0,60.0,,traffic,1,Traffic,timeofday:America/Anchorage:day7-19:night1-5,AM,2.0-20.0,1658.7109178979151,11176.650214692932,1590.338280007841,11049.272110356764,0.9192584249933247,4.277625649782833,4.9311933421109,,,231.98600683757178,47.62904565227964
1777,,AM,R3130,00,EHZ,61.1981981981982,-149.90658980942584,2026-09-10T01:13:59.995000Z,2026-09-10T01:14:59.995000Z,100.0,100.0,60.0,,traffic,1,Traffic,timeofday:America/Anchorage:day7-19:night1-5,AM,2.0-20.0,1391.5658440948282,5672.348770722418,1296.4368294789663,4789.296329040543,0.8679509826968008,1.9117378354372088,0.4230430091403061,,,231.98600683757178,20.644763855924445
1778,,AM,R3130,00,EHZ,61.1981981981982,-149.90658980942584,2026-09-10T01:14:59.995000Z,2026-09-10T01:15:59.995000Z,100.0,100.0,60.0,,traffic,1,Traffic,timeofday:America/Anchorage:day7-19:night1-5,AM,2.0-20.0,1137.1686417845963,7625.348257078142,1076.730086870498,7075.435357945998,0.896528183774685,3.445999714809187,1.300733307137489,,,231.98600683757178,30.499405780539004
1779,,AM,R3130,00,EHZ,61.1981981981982,-149.90658980942584,2026-09-10T01:15:59.995000Z,2026-09-10T01:16:59.995000Z,100.0,100.0,60.0,,traffic,1,Traffic,timeofday:America/Anchorage:day7-19:night1-5,AM,2.0-20.0,1256.6094148036595,6894.652463080811,1197.130659822014,7180.453418088793,0.9075749260627503,2.648519646049884,0.8220802507496399,,,231.98600683757178,30.95209713711865
1780,,AM,R3130,00,EHZ,61.1981981981982,-149.90658980942584,2026-09-10T01:16:59.995000Z,2026-09-10T01:17:59.995000Z,100.0,100.0,60.0,,traffic,1,Traffic,timeofday:America/Anchorage:day7-19:night1-5,AM,2.0-20.0,1382.3440471588608,5481.65278647141,1321.1268360300303,5893.2400676993775,0.9133910160361755,2.378631503185929,0.8950425969005367,,,231.98600683757178,25.403429060381264
1781,,AM,R3130,00,EHZ,61.1981981981982,-149.90658980942584,2026-09-10T01:17:59.995000Z,2026-09-10T01:18:59.995000Z,100.0,100.0,60.0,,traffic,1,Traffic,timeofday:America/Anchorage:day7-19:night1-5,AM,2.0-20.0,1812.9155778437184,15538.653527058243,1751.7588864127313,15480.986586747566,0.9336701988003316,3.092515296717655,2.873653529898487,,,231.98600683757178,66.73241544946629
1782,,AM,R3130,00,EHZ,61.1981981981982,-149.90658980942584,2026-09-10T01:18:59.995000Z,2026-09-10T01:19:59.995000Z,100.0,100.0,60.0,,traffic,1,Traffic,timeofday:America/Anchorage:day7-19:night1-5,AM,2.0-20.0,1352.8517548369787,10982.6544134859,1299.6140450697294,9533.188551515988,0.9228441715861724,3.364029887496009,2.159430056232239,,,231.98600683757178,41.09380855109413
1783,,AM,R3130,00,EHZ,61.1981981981982,-149.90658980942584,2026-09-10T01:19:59.995000Z,2026-09-10T01:20:59.995000Z,100.0,100.0,60.0,,traffic,1,Traffic,timeofday:America/Anchorage:day7-19:night1-5,AM,2.0-20.0,1398.2829121975335,9701.654962192953,1339.5901206063506,8697.728455516139,0.9178120837616544,3.2097915974008013,1.6850159545187724,,,231.98600683757178,37.49247023164623
1784,,AM,R3130,00,EHZ,61.1981981981982,-149.90658980942584,2026-09-10T01:20:59.995000Z,2026-09-10T01:21:59.995000Z,100.0,100.0,60.0,,traffic,1,Traffic,timeofday:America/Anchorage:day7-19:night1-5,AM,2.0-20.0,1211.6041874899977,5581.655162406492,1162.1164902625085,5051.015897732782,0.9199787507106642,1.8050098086848057,0.19477103667932738,,,231.98600683757178,21.772933491067505
1785,,AM,R3130,00,EHZ,61.1981981981982,-149.90658980942584,2026-09-10T01:21:59.995000Z,2026-09-10T01:22:59.995000Z,100.0,100.0,60.0,,traffic,1,Traffic,timeofday:America/Anchorage:day7-19:night1-5,AM,2.0-20.0,1099.1043971806396,5081.655857462529,1045.8741080252894,5110.788189505439,0.9054843165451713,1.9616130001582743,0.34691550865420373,,,231.98600683757178,22.030588220279288
1786,,AM,R3130,00,EHZ,61.1981981981982,-149.90658980942584,2026-09-10T01:22:59.995000Z,2026-09-10T01:23:59.995000Z,100.0,100.0,60.0,,traffic,1,Traffic,timeofday:America/Anchorage:day7-19:night1-5,AM,2.0-20.0,1328.6299665337056,7029.656498145854,1272.5543634373278,7940.4158277519755,0.9173701441297303,2.5765328620254735,1.367294717116966,,,231.98600683757178,34.22799476569968
1787,,AM,R3130,00,EHZ,61.1981981981982,-149.90658980942584,2026-09-10T01:23:59.995000Z,2026-09-10T01:24:59.995000Z,100.0,100.0,60.0,,traffic,1,Traffic,timeofday:America/Anchorage:day7-19:night1-5,AM,2.0-20.0,1031.8913198088635,6071.656942985783,978.7024282930594,5516.494169657131,0.8995667887939517,2.558643159098326,0.5792339651942413,,,231.98600683757178,23.77942637514159
1788,,AM,R3130,00,EHZ,61.1981981981982,-149.90658980942584,2026-09-10T01:24:59.995000Z,2026-09-10T01:25:59.995000Z,100.0,100.0,60.0,,traffic,1,Traffic,timeofday:America/Anchorage:day7-19:night1-5,AM,2.0-20.0,1087.2157623088665,7079.3419940531,1049.3848989424655,6922.609412929996,0.9316185774893224,3.339953978338918,1.6825045236261138,,,231.98600683757178,29.84063352483565
1789,,AM,R3130,00,EHZ,61.1981981981982,-149.90658980942584,2026-09-10T01:25:59.995000Z,2026-09-10T01:26:59.995000Z,100.0,100.0,60.0,,traffic,1,Traffic,timeofday:America/Anchorage:day7-19:night1-5,AM,2.0-20.0,1433.7102946739178,6583.658561971404,1356.1464836214848,6501.574349356871,0.8947266990149707,2.595900526476112,0.7226408723429296,,,231.98600683757178,28.02571774904095
1790,,AM,R3130,00,EHZ,61.1981981981982,-149.90658980942584,2026-09-10T01:26:59.995000Z,2026-09-10T01:27:59.995000Z,100.0,100.0,60.0,,traffic,1,Traffic,timeofday:America/Anchorage:day7-19:night1-5,AM,2.0-20.0,1133.5683951716821,5672.65877275459,1090.3050348542715,6210.252464521955,0.9251253411134657,1.9609350749376067,0.5866582909095075,,,231.98600683757178,26.769944227153964
1791,,AM,R3130,00,EHZ,61.1981981981982,-149.90658980942584,2026-09-10T01:27:59.995000Z,2026-09-10T01:28:59.995000Z,100.0,100.0,60.0,,traffic,1,Traffic,timeofday:America/Anchorage:day7-19:night1-5,AM,2.0-20.0,1157.1783126070131,6714.65973398284,1102.61611708237,6194.053267998647,0.9079210835595379,2.676171493029149,0.7772033654255353,,,231.98600683757178,26.700115892487858
1792,,AM,R3130,00,EHZ,61.1981981981982,-149.90658980942584,2026-09-10T01:28:59.995000Z,2026-09-10T01:29:59.995000Z,100.0,100.0,60.0,,traffic,1,Traffic,timeofday:America/Anchorage:day7-19:night1-5,AM,2.0-20.0,1214.905697402383,5895.660363385097,1155.6732760882724,6987.253610936597,0.9048675291495409,2.082662048463597,0.5283581171130383,,,231.98600683757178,30.11928911655788
1793,,AM,R3130,00,EHZ,61.1981981981982,-149.90658980942584,2026-09-10T01:29:59.995000Z,2026-09-10T01:30:59.995000Z,100.0,100.0,60.0,,traffic,1,Traffic,timeofday:America/Anchorage:day7-19:night1-5,AM,2.0-20.0,1608.8126802743368,24767.6608078185,1557.2718450796374,26814.20508712347,0.9369532076580671,7.095303940550388,33.805905856623355,,,231.98600683757178,115.5854417801062
1794,,AM,R3130,00,EHZ,61.1981981981982,-149.90658980942584,2026-09-10T01:30:59.995000Z,2026-09-10T01:31:59.995000Z,100.0,100.0,60.0,,traffic,1,Traffic,timeofday:America/Anchorage:day7-19:night1-5,AM,2.0-20.0,1061.6797876542098,5072.661694042896,1012.7125714435883,4135.619064691277,0.9098824823000584,2.226311364087821,0.21749022797535122,,,231.98600683757178,17.827019487373168
1795,,AM,R3130,00,EHZ,61.1981981981982,-149.90658980942584,2026-09-10T01:31:59.995000Z,2026-09-10T01:32:59.995000Z,100.0,100.0,60.0,,traffic,1,Traffic,timeofday:America/Anchorage:day7-19:night1-5,AM,2.0-20.0,1217.642881403041,5677.66182077705,1174.295297992482,5206.689931960674,0.9300681570394955,3.0529326970201365,0.3771183154122846,,,231.98600683757178,22.443982733864676
1796,,AM,R3130,00,EHZ,61.1981981981982,-149.90658980942584,2026-09-10T01:32:59.995000Z,2026-09-10T01:33:59.995000Z,100.0,100.0,60.0,,traffic,1,Traffic,timeofday:America/Anchorage:day7-19:night1-5,AM,2.0-20.0,1260.579090586674,8181.662490933433,1192.2653133506115,7499.921806572629,0.8945520598439486,2.727854228625721,0.7504365064991063,,,231.98600683757178,32.32919911339223
1797,,AM,R3130,00,EHZ,61.1981981981982,-149.90658980942584,2026-09-10T01:33:59.995000Z,2026-09-10T01:34:59.995000Z,100.0,100.0,60.0,,traffic,1,Traffic,timeofday:America/Anchorage:day7-19:night1-5,AM,2.0-20.0,1534.8628887097132,14734.663057324322,1458.7668583362506,13605.477464276566,0.9033012373983818,4.0000024220767445,5.284574957374161,,,231.98600683757178,58.64783678009782
1798,,AM,R3130,00,EHZ,61.1981981981982,-149.90658980942584,2026-09-10T01:34:59.995000Z,2026-09-10T01:35:59.995000Z,100.0,100.0,60.0,,traffic,1,Traffic,timeofday:America/Anchorage:day7-19:night1-5,AM,2.0-20.0,1573.521846455442,8055.664065709467,1489.0662445347184,8180.930537696311,0.8955348344036027,2.401399122974171,0.6842463641203156,,,231.98600683757178,35.26475863444774
1799,,AM,R3130,00,EHZ,61.1981981981982,-149.90658980942584,2026-09-10T01:35:59.995000Z,2026-09-10T01:36:59.995000Z,100.0,100.0,60.0,,traffic,1,Traffic,timeofday:America/Anchorage:day7-19:night1-5,AM,2.0-20.0,1643.1095702811804,8527.335737227564,1547.961266631289,7181.3298114129775,0.887538351706795,3.2281971884219827,0.7748548892328375,,,231.98600683757178,30.955874922408942
1800,,AM,R3130,00,EHZ,61.1981981981982,-149.90658980942584,2026-09-10T01:36:59.995000Z,2026-09-10T01:37:59.995000Z,100.0,100.0,60.0,,traffic,1,Traffic,timeofday:America/Anchorage:day7-19:night1-5,AM,2.0-20.0,1219.0311289120116,5898.334791548894,1161.0934065290412,5197.041619427581,0.9072035188378876,2.0547941610033162,0.14107538044292278,,,231.98600683757178,22.402392671323327
1801,,AM,R3130,00,EHZ,61.1981981981982,-149.90658980942584,2026-09-10T01:37:59.995000Z,2026-09-10T01:38:59.995000Z,100.0,100.0,60.0,,traffic,1,Traffic,timeofday:America/Anchorage:day7-19:night1-5,AM,2.0-20.0,1392.8094737749122,8153.665914889842,1337.1114524225684,7848.839736904847,0.921619792181153,2.629881027348609,1.7478308543753318,,,231.98600683757178,33.833246426799874
1802,,AM,R3130,00,EHZ,61.1981981981982,-149.90658980942584,2026-09-10T01:38:59.995000Z,2026-09-10T01:39:59.995000Z,100.0,100.0,60.0,,traffic,1,Traffic,timeofday:America/Anchorage:day7-19:night1-5,AM,2.0-20.0,1813.3390777498892,25427.33352227636,1740.927190608439,24242.667364000215,0.9217288374728109,5.738145484140624,20.615703753642627,,,231.98600683757178,104.5005588676478
1803,,AM,R3130,00,EHZ,61.1981981981982,-149.90658980942584,2026-09-10T01:39:59.995000Z,2026-09-10T01:40:59.995000Z,100.0,100.0,60.0,,traffic,1,Traffic,timeofday:America/Anchorage:day7-19:night1-5,AM,2.0-20.0,1372.676326537448,6472.667162006763,1259.996134521404,6184.970589463729,0.8425625230332467,3.2430309055552566,0.6118284961374187,,,231.98600683757178,26.660964054587232
1804,,AM,R3130,00,EHZ,61.1981981981982,-149.90658980942584,2026-09-10T01:40:59.995000Z,2026-09-10T01:41:59.995000Z,100.0,100.0,60.0,,traffic,1,Traffic,timeofday:America/Anchorage:day7-19:night1-5,AM,2.0-20.0,2022.251643096073,12096.33224965,1930.9819245185586,10412.54395291924,0.9117715210923809,3.186248677253398,1.3677411701505982,,,231.98600683757178,44.88436218573187
1805,,AM,R3130,00,EHZ,61.1981981981982,-149.90658980942584,2026-09-10T01:41:59.995000Z,2026-09-10T01:42:59.995000Z,100.0,100.0,60.0,,traffic,1,Traffic,timeofday:America/Anchorage:day7-19:night1-5,AM,2.0-20.0,1690.6934744752907,8027.668098945145,1608.4723755566215,7015.123497706737,0.9051018661174897,2.493918098680762,0.42435561144769496,,,231.98600683757178,30.23942518489261
1806,,AM,R3130,00,EHZ,61.1981981981982,-149.90658980942584,2026-09-10T01:42:59.995000Z,2026-09-10T01:43:59.995000Z,100.0,100.0,60.0,,traffic,1,Traffic,timeofday:America/Anchorage:day7-19:night1-5,AM,2.0-20.0,1476.3014935145736,6940.668948277402,1415.9160996356195,6546.541758444242,0.9198667515104826,3.18266934850098,0.6760080666968844,,,231.98600683757178,28.219554479541923
1807,,AM,R3130,00,EHZ,61.1981981981982,-149.90658980942584,2026-09-10T01:43:59.995000Z,2026-09-10T01:44:59.995000Z,100.0,100.0,60.0,,traffic,1,Traffic,timeofday:America/Anchorage:day7-19:night1-5,AM,2.0-20.0,1317.5631487197063,6048.66939230428,1244.874506791185,5615.93018627659,0.8927056177337421,2.131061110089651,0.3344032320014563,,,231.98600683757178,24.20805574798596
1808,,AM,R3130,00,EHZ,61.1981981981982,-149.90658980942584,2026-09-10T01:44:59.995000Z,2026-09-10T01:45:59.995000Z,100.0,100.0,60.0,,traffic,1,Traffic,timeofday:America/Anchorage:day7-19:night1-5,AM,2.0-20.0,1337.8027645172367,6108.330206455592,1280.7512923117647,5936.279381453572,0.916527346109909,2.589823651052497,0.6636036274330173,,,231.98600683757178,25.588954533839363
1809,,AM,R3130,00,EHZ,61.1981981981982,-149.90658980942584,2026-09-10T01:45:59.995000Z,2026-09-10T01:46:59.995000Z,100.0,100.0,60.0,,traffic,1,Traffic,timeofday:America/Anchorage:day7-19:night1-5,AM,2.0-20.0,1215.4002156290203,6316.67052356159,1145.7244210678014,6780.522147731825,0.8886315373460223,2.929229552778636,0.5631170775411696,,,231.98600683757178,29.22815147415034
1810,,AM,R3130,00,EHZ,61.1981981981982,-149.90658980942584,2026-09-10T01:46:59.995000Z,2026-09-10T01:47:59.995000Z,100.0,100.0,60.0,,traffic,1,Traffic,timeofday:America/Anchorage:day7-19:night1-5,AM,2.0-20.0,1267.2355695983783,6552.328914316031,1188.3938974081266,5915.804052434727,0.879439801578659,3.8469115167850547,1.275474788903015,,,231.98600683757178,25.500693481813148
1811,,AM,R3130,00,EHZ,61.1981981981982,-149.90658980942584,2026-09-10T01:47:59.995000Z,2026-09-10T01:48:59.995000Z,100.0,100.0,60.0,,traffic,1,Traffic,timeofday:America/Anchorage:day7-19:night1-5,AM,2.0-20.0,1327.0878960985526,8256.328356055641,1269.6696606275411,7664.660656597805,0.915339297116325,2.6829894816726645,1.4912372820118955,,,231.98600683757178,33.039323194887025
1812,,AM,R3130,00,EHZ,61.1981981981982,-149.90658980942584,2026-09-10T01:48:59.995000Z,2026-09-10T01:49:59.995000Z,100.0,100.0,60.0,,traffic,1,Traffic,timeofday:America/Anchorage:day7-19:night1-5,AM,2.0-20.0,1083.0516339296983,6501.672436769646,1033.2945284311654,5992.444939066571,0.910227464871889,3.6694270132596025,0.887237527235313,,,231.98600683757178,25.83106205738635
1813,,AM,R3130,00,EHZ,61.1981981981982,-149.90658980942584,2026-09-10T01:49:59.995000Z,2026-09-10T01:50:59.995000Z,100.0,100.0,60.0,,traffic,1,Traffic,timeofday:America/Anchorage:day7-19:night1-5,AM,2.0-20.0,1190.8212232221317,4479.6729003097225,1143.843665839437,4594.171116141941,0.9226568508030606,2.012782782124598,0.12524200343099956,,,231.98600683757178,19.803656172066503
1814,,AM,R3130,00,EHZ,61.1981981981982,-149.90658980942584,2026-09-10T01:50:59.995000Z,2026-09-10T01:51:59.995000Z,100.0,100.0,60.0,,traffic,1,Traffic,timeofday:America/Anchorage:day7-19:night1-5,AM,2.0-20.0,1042.0753019849478,5037.326556674572,993.5422327160887,4868.545529437246,0.9090221362976938,1.8436354906587495,0.1727537285749503,,,231.98600683757178,20.98637584139299
1815,,AM,R3130,00,EHZ,61.1981981981982,-149.90658980942584,2026-09-10T01:51:59.995000Z,2026-09-10T01:52:59.995000Z,100.0,100.0,60.0,,traffic,1,Traffic,timeofday:America/Anchorage:day7-19:night1-5,AM,2.0-20.0,1346.1092419252464,7375.325454687059,1292.2643672459042,7191.272608681456,0.9215992796986617,2.958413897952892,2.077757341679898,,,231.98600683757178,30.99873439227102
1816,,AM,R3130,00,EHZ,61.1981981981982,-149.90658980942584,2026-09-10T01:52:59.995000Z,2026-09-10T01:53:59.995000Z,100.0,100.0,60.0,,traffic,1,Traffic,timeofday:America/Anchorage:day7-19:night1-5,AM,2.0-20.0,1273.6796211630408,6185.325408444845,1226.7240833128847,6289.021350692556,0.9276270037485498,2.581452291716058,0.8002330924354415,,,231.98600683757178,27.109485767802802
1817,,AM,R3130,00,EHZ,61.1981981981982,-149.90658980942584,2026-09-10T01:53:59.995000Z,2026-09-10T01:54:59.995000Z,100.0,100.0,60.0,,traffic,1,Traffic,timeofday:America/Anchorage:day7-19:night1-5,AM,2.0-20.0,1515.1630135749758,6705.675406840945,1454.6592750108111,7219.2472847727195,0.9217302489368272,2.6621499163995783,0.691625116481291,,,231.98600683757178,31.11932216595881
1818,,AM,R3130,00,EHZ,61.1981981981982,-149.90658980942584,2026-09-10T01:54:59.995000Z,2026-09-10T01:55:59.995000Z,100.0,100.0,60.0,,traffic,1,Traffic,timeofday:America/Anchorage:day7-19:night1-5,AM,2.0-20.0,1648.2381450727898,13815.323672278408,1608.351126193906,13174.162675823998,0.9521860475885553,6.067514399334659,9.371002273854588,,,231.98600683757178,56.78860917265614
1819,,AM,R3130,00,EHZ,61.1981981981982,-149.90658980942584,2026-09-10T01:55:59.995000Z,2026-09-10T01:56:59.995000Z,100.0,100.0,60.0,,traffic,1,Traffic,timeofday:America/Anchorage:day7-19:night1-5,AM,2.0-20.0,1716.526892282932,16073.676398152042,1672.2455888917898,15153.53131483492,0.9490714180676083,3.9502227636548763,16.12774918934013,,,231.98600683757178,65.32088517496176
1820,,AM,R3130,00,EHZ,61.1981981981982,-149.90658980942584,2026-09-10T01:56:59.995000Z,2026-09-10T01:57:59.995000Z,100.0,100.0,60.0,,traffic,1,Traffic,timeofday:America/Anchorage:day7-19:night1-5,AM,2.0-20.0,1314.1789470208853,5860.322665519363,1267.5888650804804,5158.191150429142,0.9303531233380619,2.5389057756089874,0.5214032460686155,,,231.98600683757178,22.23492365227322
1821,,AM,R3130,00,EHZ,61.1981981981982,-149.90658980942584,2026-09-10T01:57:59.995000Z,2026-09-10T01:58:59.995000Z,100.0,100.0,60.0,,traffic,1,Traffic,timeofday:America/Anchorage:day7-19:night1-5,AM,2.0-20.0,1057.4994788900485,6705.677804626743,1015.8268808056781,5830.952652441947,0.9227394273814885,3.5837962681133986,1.0533011702996617,,,231.98600683757178,25.134932627744956
1822,,AM,R3130,00,EHZ,61.1981981981982,-149.90658980942584,2026-09-10T01:58:59.995000Z,2026-09-10T01:59:59.995000Z,100.0,100.0,60.0,,traffic,1,Traffic,timeofday:America/Anchorage:day7-19:night1-5,AM,2.0-20.0,1400.36000445412,7980.678805186282,1348.8604354699778,7497.685797143941,0.9278005712160435,3.2197116338294345,1.2489679460498087,,,231.98600683757178,32.3195605603641
1823,,AM,R3130,00,EHZ,61.1981981981982,-149.90658980942584,2026-09-10T01:59:59.995000Z,2026-09-10T02:00:59.995000Z,100.0,100.0,60.0,,traffic,1,Traffic,timeofday:America/Anchorage:day7-19:night1-5,AM,2.0-20.0,1566.9859367086124,8098.678975825131,1476.4324115067927,7487.95336472191,0.8877628012771509,2.9058863424907946,3.781012597719287,,,231.98600683757178,32.277607890223756
1824,,AM,R3130,00,EHZ,61.1981981981982,-149.90658980942584,2026-09-10T02:00:59.995000Z,2026-09-10T02:01:59.995000Z,100.0,100.0,60.0,,traffic,1,Traffic,timeofday:America/Anchorage:day7-19:night1-5,AM,2.0-20.0,1005.5657441346482,6284.679636123283,939.2994546392177,5948.120556006291,0.8725437260050051,4.706965942930433,2.5878649078441045,,,231.98600683757178,25.63999715797923
1825,,AM,R3130,00,EHZ,61.1981981981982,-149.90658980942584,2026-09-10T02:01:59.995000Z,2026-09-10T02:02:59.995000Z,100.0,100.0,60.0,,traffic,1,Traffic,timeofday:America/Anchorage:day7-19:night1-5,AM,2.0-20.0,984.735577247787,6854.680378641107,937.3672805079533,6656.111091745307,0.9061087468128707,3.9747544504265973,3.014677668513003,,,231.98600683757178,28.691864576149523
1826,,AM,R3130,00,EHZ,61.1981981981982,-149.90658980942584,2026-09-10T02:02:59.995000Z,2026-09-10T02:03:59.995000Z,100.0,100.0,60.0,,traffic,1,Traffic,timeofday:America/Anchorage:day7-19:night1-5,AM,2.0-20.0,1238.7011322779974,8031.319196337054,1156.2024453373333,6801.244441168708,0.8712337642893376,4.142903940761634,2.5807793799628644,,,231.98600683757178,29.317477092188124
1827,,AM,R3130,00,EHZ,61.1981981981982,-149.90658980942584,2026-09-10T02:03:59.995000Z,2026-09-10T02:04:59.995000Z,100.0,100.0,60.0,,traffic,1,Traffic,timeofday:America/Anchorage:day7-19:night1-5,AM,2.0-20.0,1474.6351604156782,12046.681301046225,1434.586645343519,11578.10486287052,0.9464210643063623,5.762247853425524,3.3426426779945126,,,231.98600683757178,49.90863466595677
1828,,AM,R3130,00,EHZ,61.1981981981982,-149.90658980942584,2026-09-10T02:04:59.995000Z,2026-09-10T02:05:59.995000Z,100.0,100.0,60.0,,traffic,1,Traffic,timeofday:America/Anchorage:day7-19:night1-5,AM,2.0-20.0,1478.770602714318,10392.682099054706,1416.0087436888584,9698.483994710861,0.9169174825219372,3.626592067653726,3.5113680120695987,,,231.98600683757178,41.806331885790804
1829,,AM,R3130,00,EHZ,61.1981981981982,-149.90658980942584,2026-09-10T02:05:59.995000Z,2026-09-10T02:06:59.995000Z,100.0,100.0,60.0,,traffic,1,Traffic,timeofday:America/Anchorage:day7-19:night1-5,AM,2.0-20.0,894.8850464247181,5625.682733131998,835.743108252247,5477.925340838786,0.8721900056792122,3.5274717795182737,1.829536101000751,,,231.98600683757178,23.613171395610216
1830,,AM,R3130,00,EHZ,61.1981981981982,-149.90658980942584,2026-09-10T02:06:59.995000Z,2026-09-10T02:07:59.995000Z,100.0,100.0,60.0,,traffic,1,Traffic,timeofday:America/Anchorage:day7-19:night1-5,AM,2.0-20.0,856.0591260551531,4128.316839508645,802.8403781584157,3996.0184541453964,0.8795304725092176,2.8727368060241205,1.2814679498261938,,,231.98600683757178,17.225256422225776
1831,,AM,R3130,00,EHZ,61.1981981981982,-149.90658980942584,2026-09-10T02:07:59.995000Z,2026-09-10T02:08:59.995000Z,100.0,100.0,60.0,,traffic,1,Traffic,timeofday:America/Anchorage:day7-19:night1-5,AM,2.0-20.0,752.1236032861412,6407.315997290576,708.2942201399927,6539.806831765347,0.8868475278025919,6.071700460075612,7.331309437491928,,,231.98600683757178,28.190522872115658
1832,,AM,R3130,00,EHZ,61.1981981981982,-149.90658980942584,2026-09-10T02:08:59.995000Z,2026-09-10T02:09:59.995000Z,100.0,100.0,60.0,,traffic,1,Traffic,timeofday:America/Anchorage:day7-19:night1-5,AM,2.0-20.0,919.080589971096,8961.68455822577,871.4139173509724,8826.145196724756,0.8989629537665881,5.0021873369869665,6.697258653540148,,,231.98600683757178,38.04602405568584
1833,,AM,R3130,00,EHZ,61.1981981981982,-149.90658980942584,2026-09-10T02:09:59.995000Z,2026-09-10T02:10:59.995000Z,100.0,100.0,60.0,,traffic,1,Traffic,timeofday:America/Anchorage:day7-19:night1-5,AM,2.0-20.0,2344.2527389705792,21798.31473533549,2304.105909431908,19755.489589755685,0.9660420066548409,5.931572843098806,12.095321640475118,,,231.98600683757178,85.15810871121967
1834,,AM,R3130,00,EHZ,61.1981981981982,-149.90658980942584,2026-09-10T02:10:59.995000Z,2026-09-10T02:11:59.995000Z,100.0,100.0,60.0,,traffic,1,Traffic,timeofday:America/Anchorage:day7-19:night1-5,AM,2.0-20.0,1167.1066776449593,7224.3144386739095,1102.5801860168351,8078.255408651508,0.8924815762215574,5.126341430407101,2.0109620194836966,,,231.98600683757178,34.82216672795963
1835,,AM,R3130,00,EHZ,61.1981981981982,-149.90658980942584,2026-09-10T02:11:59.995000Z,2026-09-10T02:12:59.995000Z,100.0,100.0,60.0,,traffic,1,Traffic,timeofday:America/Anchorage:day7-19:night1-5,AM,2.0-20.0,820.2932114027517,3547.313403153226,743.6387282094067,3447.3823050015785,0.8218371405755684,3.1385541932930505,0.8580885668922833,,,231.98600683757178,14.860302791518418
1836,,AM,R3130,00,EHZ,61.1981981981982,-149.90658980942584,2026-09-10T02:12:59.995000Z,2026-09-10T02:13:59.995000Z,100.0,100.0,60.0,,traffic,1,Traffic,timeofday:America/Anchorage:day7-19:night1-5,AM,2.0-20.0,961.620291960884,4407.312998152742,857.23794368474,3572.8759350004884,0.7946859473995223,3.001010647622488,0.4190297220840309,,,231.98600683757178,15.401256238278574
1837,,AM,R3130,00,EHZ,61.1981981981982,-149.90658980942584,2026-09-10T02:13:59.995000Z,2026-09-10T02:14:59.995000Z,100.0,100.0,60.0,,traffic,1,Traffic,timeofday:America/Anchorage:day7-19:night1-5,AM,2.0-20.0,657.8619048864026,4379.312558292744,587.3993715900567,3466.067968377279,0.7972554168344778,2.8720135331335843,2.1683321339014654,,,231.98600683757178,14.940849302191294
1838,,AM,R3130,00,EHZ,61.1981981981982,-149.90658980942584,2026-09-10T02:14:59.995000Z,2026-09-10T02:15:59.995000Z,100.0,100.0,60.0,,traffic,1,Traffic,timeofday:America/Anchorage:day7-19:night1-5,AM,2.0-20.0,1508.3831469005547,8435.311786810016,1377.5045968769973,6313.487486213737,0.8339937015873463,4.129048128118226,1.7486140230292797,,,231.98600683757178,27.214949609586636
1839,,AM,R3130,00,EHZ,61.1981981981982,-149.90658980942584,2026-09-10T02:15:59.995000Z,2026-09-10T02:16:59.995000Z,100.0,100.0,60.0,,traffic,1,Traffic,timeofday:America/Anchorage:day7-19:night1-5,AM,2.0-20.0,1264.2003515539495,6079.311304061637,1104.2032361196384,5383.38013542131,0.7628975456069511,4.673158507320573,1.8242555265102451,,,231.98600683757178,23.205624377122703
1840,,AM,R3130,00,EHZ,61.1981981981982,-149.90658980942584,2026-09-10T02:16:59.995000Z,2026-09-10T02:17:59.995000Z,100.0,100.0,60.0,,traffic,1,Traffic,timeofday:America/Anchorage:day7-19:night1-5,AM,2.0-20.0,920.498798573553,7930.310209086678,877.5666964039012,6881.489496070649,0.908895210463911,6.072201446088709,7.119391416131647,,,231.98600683757178,29.6633818128902
1841,,AM,R3130,00,EHZ,61.1981981981982,-149.90658980942584,2026-09-10T02:17:59.995000Z,2026-09-10T02:18:59.995000Z,100.0,100.0,60.0,,traffic,1,Traffic,timeofday:America/Anchorage:day7-19:night1-5,AM,2.0-20.0,1445.507960247998,8501.690278844895,1405.002284028214,8425.73218660244,0.9447417002712417,5.2856838667954245,5.34136234705413,,,231.98600683757178,36.32000180296147
1842,,AM,R3130,00,EHZ,61.1981981981982,-149.90658980942584,2026-09-10T02:18:59.995000Z,2026-09-10T02:19:59.995000Z,100.0,100.0,60.0,,traffic,1,Traffic,timeofday:America/Anchorage:day7-19:night1-5,AM,2.0-20.0,897.4231098875462,4862.6909743074575,852.4240109750355,4811.59886038585,0.9022291419719473,3.9227688381816375,2.2908847920494946,,,231.98600683757178,20.740901255112156
1843,,AM,R3130,00,EHZ,61.1981981981982,-149.90658980942584,2026-09-10T02:19:59.995000Z,2026-09-10T02:20:59.995000Z,100.0,100.0,60.0,,traffic,1,Traffic,timeofday:America/Anchorage:day7-19:night1-5,AM,2.0-20.0,694.4654470013118,4785.691049717836,652.3248444930963,5188.278176758616,0.8823208743370287,3.1934798943099185,4.441329280726826,,,231.98600683757178,22.36461693308623
1844,,AM,R3130,00,EHZ,61.1981981981982,-149.90658980942584,2026-09-10T02:20:59.995000Z,2026-09-10T02:21:59.995000Z,100.0,100.0,60.0,,traffic,1,Traffic,timeofday:America/Anchorage:day7-19:night1-5,AM,2.0-20.0,1158.2926415852753,7615.692182296352,1100.992239065728,6170.099579888472,0.9035078298355503,3.7249856794638236,4.015509443606224,,,231.98600683757178,26.59686100898557
1845,,AM,R3130,00,EHZ,61.1981981981982,-149.90658980942584,2026-09-10T02:21:59.995000Z,2026-09-10T02:22:59.995000Z,100.0,100.0,60.0,,traffic,1,Traffic,timeofday:America/Anchorage:day7-19:night1-5,AM,2.0-20.0,1034.755453225764,7626.307479271625,993.4932668545943,7774.784787480043,0.9218375796289617,5.159336522168198,2.661280419067138,,,231.98600683757178,33.51402480462395
1846,,AM,R3130,00,EHZ,61.1981981981982,-149.90658980942584,2026-09-10T02:22:59.995000Z,2026-09-10T02:23:59.995000Z,100.0,100.0,60.0,,traffic,1,Traffic,timeofday:America/Anchorage:day7-19:night1-5,AM,2.0-20.0,764.8534099137617,4434.693068927272,598.1378804706677,3546.9250994351196,0.6115700381429594,2.9806803389054473,1.2380506350554228,,,231.98600683757178,15.289392441323189
1847,,AM,R3130,00,EHZ,61.1981981981982,-149.90658980942584,2026-09-10T02:23:59.995000Z,2026-09-10T02:24:59.995000Z,100.0,100.0,60.0,,traffic,1,Traffic,timeofday:America/Anchorage:day7-19:night1-5,AM,2.0-20.0,899.1590392004503,7931.693609808721,849.1495397657478,7926.749470343413,0.891857210697421,6.774604484324492,8.1294455877318,,,231.98600683757178,34.1690844995381
1848,,AM,R3130,00,EHZ,61.1981981981982,-149.90658980942584,2026-09-10T02:24:59.995000Z,2026-09-10T02:25:59.995000Z,100.0,100.0,60.0,,traffic,1,Traffic,timeofday:America/Anchorage:day7-19:night1-5,AM,2.0-20.0,666.4830251239807,3178.694328239943,608.2223782494161,2789.4474197939066,0.8328112912151576,2.7087735358991702,0.847170142837208,,,231.98600683757178,12.024205501959335
1849,,AM,R3130,00,EHZ,61.1981981981982,-149.90658980942584,2026-09-10T02:25:59.995000Z,2026-09-10T02:26:59.995000Z,100.0,100.0,60.0,,traffic,1,Traffic,timeofday:America/Anchorage:day7-19:night1-5,AM,2.0-20.0,1298.5306957341982,16510.694881825297,1227.495511692508,16092.553797380393,0.893584002219736,5.01820496726063,18.463585679451473,,,231.98600683757178,69.36864001736026
1850,,AM,R3130,00,EHZ,61.1981981981982,-149.90658980942584,2026-09-10T02:26:59.995000Z,2026-09-10T02:27:59.995000Z,100.0,100.0,60.0,,traffic,1,Traffic,timeofday:America/Anchorage:day7-19:night1-5,AM,2.0-20.0,1241.1033578220117,7406.69544120363,1214.2436323885076,7452.23417843204,0.9571847441985687,6.03214808440815,5.91694173437584,,,231.98600683757178,32.12363659352016
1851,,AM,R3130,00,EHZ,61.1981981981982,-149.90658980942584,2026-09-10T02:27:59.995000Z,2026-09-10T02:28:59.995000Z,100.0,100.0,60.0,,traffic,1,Traffic,timeofday:America/Anchorage:day7-19:night1-5,AM,2.0-20.0,1184.9149116979856,7405.696331290012,1139.741089644547,6692.437324630659,0.9252052348756382,3.858618365255757,1.983264509238004,,,231.98600683757178,28.848452610835537
1852,,AM,R3130,00,EHZ,61.1981981981982,-149.90658980942584,2026-09-10T02:28:59.995000Z,2026-09-10T02:29:59.995000Z,100.0,100.0,60.0,,traffic,1,Traffic,timeofday:America/Anchorage:day7-19:night1-5,AM,2.0-20.0,793.442925474919,6903.302977820833,751.2456546333669,6042.09369525066,0.8964633963072621,5.064094612692195,6.331835686066235,,,231.98600683757178,26.045078225261733
1853,,AM,R3130,00,EHZ,61.1981981981982,-149.90658980942584,2026-09-10T02:29:59.995000Z,2026-09-10T02:30:59.995000Z,100.0,100.0,60.0,,traffic,1,Traffic,timeofday:America/Anchorage:day7-19:night1-5,AM,2.0-20.0,664.1805922210299,4350.697246072785,604.9572995929578,3905.605138430762,0.8296159262398136,4.4663651285908355,2.5139188216976915,,,231.98600683757178,16.835520347420463
1854,,AM,R3130,00,EHZ,61.1981981981982,-149.90658980942584,2026-09-10T02:30:59.995000Z,2026-09-10T02:31:59.995000Z,100.0,100.0,60.0,,traffic,1,Traffic,timeofday:America/Anchorage:day7-19:night1-5,AM,2.0-20.0,970.6883738217564,5927.301824712806,939.1788271593007,5653.316550311229,0.936131654004838,5.45652548878936,3.608792974839136,,,231.98600683757178,24.36921358911737
1855,,AM,R3130,00,EHZ,61.1981981981982,-149.90658980942584,2026-09-10T02:31:59.995000Z,2026-09-10T02:32:59.995000Z,100.0,100.0,60.0,,traffic,1,Traffic,timeofday:America/Anchorage:day7-19:night1-5,AM,2.0-20.0,682.3706126160919,3996.6986498034444,640.579189492782,3398.0059463918774,0.8812619544328381,4.205941386032413,2.1376626719594505,,,231.98600683757178,14.647460821941033
1856,,AM,R3130,00,EHZ,61.1981981981982,-149.90658980942584,2026-09-10T02:32:59.995000Z,2026-09-10T02:33:59.995000Z,100.0,100.0,60.0,,traffic,1,Traffic,timeofday:America/Anchorage:day7-19:night1-5,AM,2.0-20.0,900.146792123507,6009.699168834177,849.6077160890683,5323.974641101742,0.8908615597699577,4.665742288599582,2.750350133781933,,,231.98600683757178,22.949550766781364
1857,,AM,R3130,00,EHZ,61.1981981981982,-149.90658980942584,2026-09-10T02:33:59.995000Z,2026-09-10T02:34:59.995000Z,100.0,100.0,60.0,,traffic,1,Traffic,timeofday:America/Anchorage:day7-19:night1-5,AM,2.0-20.0,736.4441666407694,5029.300201052147,689.3629445788755,4507.5858716902585,0.8762261640797838,3.259073731353891,2.564062835692134,,,231.98600683757178,19.430421399711005
1858,,AM,R3130,00,EHZ,61.1981981981982,-149.90658980942584,2026-09-10T02:34:59.995000Z,2026-09-10T02:35:59.995000Z,100.0,100.0,60.0,,traffic,1,Traffic,timeofday:America/Anchorage:day7-19:night1-5,AM,2.0-20.0,701.0504876401149,4295.7006284620165,645.8772954754903,3559.458388502231,0.8487923264502993,2.947659342390812,2.383894648160915,,,231.98600683757178,15.343418497627038
1859,,AM,R3130,00,EHZ,61.1981981981982,-149.90658980942584,2026-09-10T02:35:59.995000Z,2026-09-10T02:36:59.995000Z,100.0,100.0,60.0,,traffic,1,Traffic,timeofday:America/Anchorage:day7-19:night1-5,AM,2.0-20.0,692.7922232538284,5906.299170206501,641.0925137476984,5885.73981072921,0.8563186506076884,3.195240314170911,5.307981481404754,,,231.98600683757178,25.371098416510062
1860,,AM,R3130,00,EHZ,61.1981981981982,-149.90658980942584,2026-09-10T02:36:59.995000Z,2026-09-10T02:37:59.995000Z,100.0,100.0,60.0,,traffic,1,Traffic,timeofday:America/Anchorage:day7-19:night1-5,AM,2.0-20.0,748.1295112512125,6923.298554727724,708.0270495250297,6026.722029610999,0.895666078490166,5.535329843115381,6.893871337720059,,,231.98600683757178,25.978817049214058
1861,,AM,R3130,00,EHZ,61.1981981981982,-149.90658980942584,2026-09-10T02:37:59.995000Z,2026-09-10T02:38:59.995000Z,100.0,100.0,60.0,,traffic,1,Traffic,timeofday:America/Anchorage:day7-19:night1-5,AM,2.0-20.0,1088.8607822358817,8456.297706106887,1015.4746861947125,7088.83380175872,0.8697481056825954,5.6477405138157835,3.904276408189152,,,231.98600683757178,30.557161177062138
1862,,AM,R3130,00,EHZ,61.1981981981982,-149.90658980942584,2026-09-10T02:38:59.995000Z,2026-09-10T02:39:59.995000Z,100.0,100.0,60.0,,traffic,1,Traffic,timeofday:America/Anchorage:day7-19:night1-5,AM,2.0-20.0,754.8458205742501,3833.2970659317175,688.5782579813399,3597.4488180736535,0.8321279348531176,3.385449356073959,0.9924394207788172,,,231.98600683757178,15.50718022657486
1863,,AM,R3130,00,EHZ,61.1981981981982,-149.90658980942584,2026-09-10T02:39:59.995000Z,2026-09-10T02:40:59.995000Z,100.0,100.0,60.0,,traffic,1,Traffic,timeofday:America/Anchorage:day7-19:night1-5,AM,2.0-20.0,1807.7269248522327,23304.296544868357,1748.4265149427752,26119.766520694753,0.9354683850569,6.141121588108596,33.07060925479981,,,231.98600683757178,112.59199154620939
1864,,AM,R3130,00,EHZ,61.1981981981982,-149.90658980942584,2026-09-10T02:40:59.995000Z,2026-09-10T02:41:59.995000Z,100.0,100.0,60.0,,traffic,1,Traffic,timeofday:America/Anchorage:day7-19:night1-5,AM,2.0-20.0,1045.7583867034475,7708.7044366861355,984.347096844363,7174.888109565898,0.8860001942999052,4.434913178298539,3.237076227652464,,,231.98600683757178,30.928107291356998
1865,,AM,R3130,00,EHZ,61.1981981981982,-149.90658980942584,2026-09-10T02:41:59.995000Z,2026-09-10T02:42:59.995000Z,100.0,100.0,60.0,,traffic,1,Traffic,timeofday:America/Anchorage:day7-19:night1-5,AM,2.0-20.0,761.6787776930341,5093.29551859612,718.2275327409544,5215.537348950679,0.8891609650404277,3.0262532885846833,3.6935718775253665,,,231.98600683757178,22.482120452215078
1866,,AM,R3130,00,EHZ,61.1981981981982,-149.90658980942584,2026-09-10T02:42:59.995000Z,2026-09-10T02:43:59.995000Z,100.0,100.0,60.0,,traffic,1,Traffic,timeofday:America/Anchorage:day7-19:night1-5,AM,2.0-20.0,660.0309896252462,3737.294760528715,602.8260263948571,4114.049029655272,0.8341714748045658,2.581376311996442,2.256482185583507,,,231.98600683757178,17.73403959030934
1867,,AM,R3130,00,EHZ,61.1981981981982,-149.90658980942584,2026-09-10T02:43:59.995000Z,2026-09-10T02:44:59.995000Z,100.0,100.0,60.0,,traffic,1,Traffic,timeofday:America/Anchorage:day7-19:night1-5,AM,2.0-20.0,739.0206456318199,4559.70602477586,696.2996446424762,4498.456273780874,0.8877265412733034,3.99337688335838,2.962665597347816,,,231.98600683757178,19.391067310928502
1868,,AM,R3130,00,EHZ,61.1981981981982,-149.90658980942584,2026-09-10T02:44:59.995000Z,2026-09-10T02:45:59.995000Z,100.0,100.0,60.0,,traffic,1,Traffic,timeofday:America/Anchorage:day7-19:night1-5,AM,2.0-20.0,740.6135465254431,6820.2936054896945,692.6588313593455,6330.560892427067,0.8746925927351349,4.450762655291363,5.240432398202426,,,231.98600683757178,27.288546316759085
1869,,AM,R3130,00,EHZ,61.1981981981982,-149.90658980942584,2026-09-10T02:45:59.995000Z,2026-09-10T02:46:59.995000Z,100.0,100.0,60.0,,traffic,1,Traffic,timeofday:America/Anchorage:day7-19:night1-5,AM,2.0-20.0,883.5380009466405,6121.292697414583,825.6227731695203,5179.082130570323,0.8731982581808582,2.8632620203755845,2.1125488679366704,,,231.98600683757178,22.324976412032168
1870,,AM,R3130,00,EHZ,61.1981981981982,-149.90658980942584,2026-09-10T02:46:59.995000Z,2026-09-10T02:47:59.995000Z,100.0,100.0,60.0,,traffic,1,Traffic,timeofday:America/Anchorage:day7-19:night1-5,AM,2.0-20.0,1123.9217020951783,5343.292272494378,1050.6304103801665,4938.122950320022,0.8738317493835562,3.124628066145286,1.219954165449277,,,231.98600683757178,21.286296607439418
1871,,AM,R3130,00,EHZ,61.1981981981982,-149.90658980942584,2026-09-10T02:47:59.995000Z,2026-09-10T02:48:59.995000Z,100.0,100.0,60.0,,traffic,1,Traffic,timeofday:America/Anchorage:day7-19:night1-5,AM,2.0-20.0,751.8117722284203,4430.291311266128,690.9340926195447,5165.199371895367,0.8446076318697343,3.802181289508125,2.56792037617201,,,231.98600683757178,22.26513332552792
1872,,AM,R3130,00,EHZ,61.1981981981982,-149.90658980942584,2026-09-10T02:48:59.995000Z,2026-09-10T02:49:59.995000Z,100.0,100.0,60.0,,traffic,1,Traffic,timeofday:America/Anchorage:day7-19:night1-5,AM,2.0-20.0,1068.94262148187,5478.708930412955,1034.4048239939432,5114.232594149167,0.9364234628428404,5.842085194225502,2.5492422516476996,,,231.98600683757178,22.04543568754976
1873,,AM,R3130,00,EHZ,61.1981981981982,-149.90658980942584,2026-09-10T02:49:59.995000Z,2026-09-10T02:50:59.995000Z,100.0,100.0,60.0,,traffic,1,Traffic,timeofday:America/Anchorage:day7-19:night1-5,AM,2.0-20.0,898.1236195632187,5342.290445063087,847.6137850308133,4964.776757672604,0.8906842780844975,3.2359632676572954,2.2368095078580366,,,231.98600683757178,21.40119063797137
1874,,AM,R3130,00,EHZ,61.1981981981982,-149.90658980942584,2026-09-10T02:50:59.995000Z,2026-09-10T02:51:59.995000Z,100.0,100.0,60.0,,traffic,1,Traffic,timeofday:America/Anchorage:day7-19:night1-5,AM,2.0-20.0,1042.806584036758,8494.289932028598,985.8196925305876,8970.953542199977,0.8936911340330552,5.744653101198175,7.336217322596031,,,231.98600683757178,38.670235608137844
1875,,AM,R3130,00,EHZ,61.1981981981982,-149.90658980942584,2026-09-10T02:51:59.995000Z,2026-09-10T02:52:59.995000Z,100.0,100.0,60.0,,traffic,1,Traffic,timeofday:America/Anchorage:day7-19:night1-5,AM,2.0-20.0,1467.455274394821,23492.288854026054,1420.9963096482911,22854.272382844843,0.9376832388334587,5.4937067457375734,48.29451425205408,,,231.98600683757178,98.51573676530663
1876,,AM,R3130,00,EHZ,61.1981981981982,-149.90658980942584,2026-09-10T02:52:59.995000Z,2026-09-10T02:53:59.995000Z,100.0,100.0,60.0,,traffic,1,Traffic,timeofday:America/Anchorage:day7-19:night1-5,AM,2.0-20.0,947.6367646808854,10152.288833496546,895.1818931372161,9751.255213954722,0.8923572892982259,5.0138249965337724,14.001325212818056,,,231.98600683757178,42.03380775799206
1877,,AM,R3130,00,EHZ,61.1981981981982,-149.90658980942584,2026-09-10T02:53:59.995000Z,2026-09-10T02:54:59.995000Z,100.0,100.0,60.0,,traffic,1,Traffic,timeofday:America/Anchorage:day7-19:night1-5,AM,2.0-20.0,559.8037727283664,4460.287820537997,511.0162384592593,4509.42389047458,0.8332930500103921,3.9244841672339166,5.749390256272132,,,231.98600683757178,19.43834437234792
1878,,AM,R3130,00,EHZ,61.1981981981982,-149.90658980942584,2026-09-10T02:54:59.995000Z,2026-09-10T02:55:59.995000Z,100.0,100.0,60.0,,traffic,1,Traffic,timeofday:America/Anchorage:day7-19:night1-5,AM,2.0-20.0,726.9064389777191,5239.712812421352,680.0186399138505,4891.811814322329,0.8751542431218657,4.532316864539057,3.6331785206835567,,,231.98600683757178,21.086667601237686
1879,,AM,R3130,00,EHZ,61.1981981981982,-149.90658980942584,2026-09-10T02:55:59.995000Z,2026-09-10T02:56:59.995000Z,100.0,100.0,60.0,,traffic,1,Traffic,timeofday:America/Anchorage:day7-19:night1-5,AM,2.0-20.0,1182.2307133099484,11534.71331204052,1131.417160377078,10696.411320734858,0.9158852131316976,3.661675059814261,6.393023795944643,,,231.98600683757178,46.10800223060048
1880,,AM,R3130,00,EHZ,61.1981981981982,-149.90658980942584,2026-09-10T02:56:59.995000Z,2026-09-10T02:57:59.995000Z,100.0,100.0,60.0,,traffic,1,Traffic,timeofday:America/Anchorage:day7-19:night1-5,AM,2.0-20.0,569.4170934916194,2561.7136048401157,490.1322501459003,2091.89680865273,0.7409101743310346,2.6389781825399745,0.49078790360439095,,,231.98600683757178,9.017340473114832
1881,,AM,R3130,00,EHZ,61.1981981981982,-149.90658980942584,2026-09-10T02:57:59.995000Z,2026-09-10T02:58:59.995000Z,100.0,100.0,60.0,,traffic,1,Traffic,timeofday:America/Anchorage:day7-19:night1-5,AM,2.0-20.0,653.482234571339,5928.285622762476,597.9496294700474,5830.685309303446,0.8372624830792103,4.673451558577554,5.920314011366116,,,231.98600683757178,25.13378021712267
1882,,AM,R3130,00,EHZ,61.1981981981982,-149.90658980942584,2026-09-10T02:58:59.995000Z,2026-09-10T02:59:59.995000Z,100.0,100.0,60.0,,traffic,1,Traffic,timeofday:America/Anchorage:day7-19:night1-5,AM,2.0-20.0,534.300206876977,3270.714830512847,487.129129995791,3577.707628787587,0.8312229337449681,3.550528464626117,2.2638258900671744,,,231.98600683757178,15.422083760821698
1883,,AM,R3130,00,EHZ,61.1981981981982,-149.90658980942584,2026-09-10T02:59:59.995000Z,2026-09-10T03:00:59.995000Z,100.0,100.0,60.0,,traffic,1,Traffic,timeofday:America/Anchorage:day7-19:night1-5,AM,2.0-20.0,847.5842229209857,4296.284418330673,804.1863787162963,3740.832339453992,0.9002180101301063,3.375440941373698,1.8555336982470951,,,231.98600683757178,16.125249925411183
