window_id,event_id,network,station,location,channel,latitude,longitude,start_time,end_time,sampling_rate,native_sampling_rate,window_len_sec,p_offset_sec,window_type,label,label_name,label_method,source,bandpass_hz,rms,peak,rms_band,peak_band,band_ratio,stalta_band_max,kurtosis_band,reviewed,review_label,day_night_ratio,night_rms_ref,burst_ratio
0,,AM,R1796,00,EHZ,61.1981981981982,-149.91291617029023,2026-09-12T09:00:59.996000Z,2026-09-12T09:01:59.996000Z,100.0,100.0,60.0,,noise,0,Noise,timeofday:America/Anchorage:day7-19:night1-5,AM,2.0-20.0,469.3170815939466,2594.1921084867863,412.09060395376935,2322.750630802165,0.7709970242944706,5.841414145705258,3.202540817381446,,,2.54,286.3362681107586,8.111967953370456
1,,AM,R1796,00,EHZ,61.1981981981982,-149.91291617029023,2026-09-12T09:01:59.996000Z,2026-09-12T09:02:59.996000Z,100.0,100.0,60.0,,noise,0,Noise,timeofday:America/Anchorage:day7-19:night1-5,AM,2.0-20.0,268.4530846342405,2095.8070210665537,240.6760492897726,2014.8744341186598,0.8037647406055674,5.33062470223494,4.984610796135066,,,2.54,286.3362681107586,7.036741965706139
2,,AM,R1796,00,EHZ,61.1981981981982,-149.91291617029023,2026-09-12T09:02:59.996000Z,2026-09-12T09:03:59.996000Z,100.0,100.0,60.0,,noise,0,Noise,timeofday:America/Anchorage:day7-19:night1-5,AM,2.0-20.0,339.7002668166934,2270.193646314936,311.70206838982784,2509.3012412391636,0.8419525030118162,4.597120430635496,5.678384725101781,,,2.54,286.3362681107586,8.763476795292076
3,,AM,R1796,00,EHZ,61.1981981981982,-149.91291617029023,2026-09-12T09:04:59.996000Z,2026-09-12T09:05:59.996000Z,100.0,100.0,60.0,,noise,0,Noise,timeofday:America/Anchorage:day7-19:night1-5,AM,2.0-20.0,349.51105875039195,2342.805463615281,314.9153077676352,2574.26203984155,0.8118311297640523,5.2290279943122675,4.586693355734669,,,2.54,286.3362681107586,8.990345710749404
4,,AM,R1796,00,EHZ,61.1981981981982,-149.91291617029023,2026-09-12T09:05:59.996000Z,2026-09-12T09:06:59.996000Z,100.0,100.0,60.0,,noise,0,Noise,timeofday:America/Anchorage:day7-19:night1-5,AM,2.0-20.0,305.4074846244045,2219.804548357606,268.847000110074,2343.299169812398,0.7749095932827721,4.911318843946717,2.7735186611105886,,,2.54,286.3362681107586,8.183731614836788
5,,AM,R1796,00,EHZ,61.1981981981982,-149.91291617029023,2026-09-12T09:06:59.996000Z,2026-09-12T09:07:59.996000Z,100.0,100.0,60.0,,noise,0,Noise,timeofday:America/Anchorage:day7-19:night1-5,AM,2.0-20.0,343.4732236734902,2895.195835220784,312.23171550753824,2791.415808818748,0.8263580422477448,6.482737279501508,11.27830497356126,,,2.54,286.3362681107586,9.748732939897755
6,,AM,R1796,00,EHZ,61.1981981981982,-149.91291617029023,2026-09-12T09:07:59.996000Z,2026-09-12T09:08:59.996000Z,100.0,100.0,60.0,,noise,0,Noise,timeofday:America/Anchorage:day7-19:night1-5,AM,2.0-20.0,323.4406640253331,2400.196533745442,299.2641583159328,2163.7365130497283,0.8560914754508525,3.4381861909860016,4.657177402751461,,,2.54,286.3362681107586,7.556627483224607
7,,AM,R1796,00,EHZ,61.1981981981982,-149.91291617029023,2026-09-12T09:08:59.996000Z,2026-09-12T09:09:59.996000Z,100.0,100.0,60.0,,noise,0,Noise,timeofday:America/Anchorage:day7-19:night1-5,AM,2.0-20.0,542.0112155797748,5503.197060152841,468.7763735975735,5163.452223036154,0.7480228827222453,6.907389763053338,11.005037763885301,,,2.54,286.3362681107586,18.032826428536335
8,,AM,R1796,00,EHZ,61.1981981981982,-149.91291617029023,2026-09-12T09:09:59.996000Z,2026-09-12T09:10:59.996000Z,100.0,100.0,60.0,,noise,0,Noise,timeofday:America/Anchorage:day7-19:night1-5,AM,2.0-20.0,228.62076229477995,1450.8020527062,191.11487001766153,1286.8902214168018,0.6988076035623608,4.24724736224794,1.9600496237063707,,,2.54,286.3362681107586,4.494331891337691
9,,AM,R1796,00,EHZ,61.1981981981982,-149.91291617029023,2026-09-12T09:10:59.996000Z,2026-09-12T09:11:59.996000Z,100.0,100.0,60.0,,noise,0,Noise,timeofday:America/Anchorage:day7-19:night1-5,AM,2.0-20.0,432.59302894970574,3577.197992397698,376.13594723663886,3413.7091162345146,0.7560154107081901,6.281160886740849,7.291167338274452,,,2.54,286.3362681107586,11.92202838556954
10,,AM,R1796,00,EHZ,61.1981981981982,-149.91291617029023,2026-09-12T09:11:59.996000Z,2026-09-12T09:12:59.996000Z,100.0,100.0,60.0,,noise,0,Noise,timeofday:America/Anchorage:day7-19:night1-5,AM,2.0-20.0,309.28454590886014,3024.801191827035,278.0653920597583,2815.965855348896,0.8083090476361553,5.895274719691771,13.663454206280434,,,2.54,286.3362681107586,9.834471455287822
11,,AM,R1796,00,EHZ,61.1981981981982,-149.91291617029023,2026-09-12T09:12:59.996000Z,2026-09-12T09:13:59.996000Z,100.0,100.0,60.0,,noise,0,Noise,timeofday:America/Anchorage:day7-19:night1-5,AM,2.0-20.0,310.63647638039305,3301.19949478707,285.17776741710236,3148.811217132614,0.8428036871019511,4.47017495474459,12.285003083749492,,,2.54,286.3362681107586,10.996899686890563
12,,AM,R1796,00,EHZ,61.1981981981982,-149.91291617029023,2026-09-12T09:13:59.996000Z,2026-09-12T09:14:59.996000Z,100.0,100.0,60.0,,noise,0,Noise,timeofday:America/Anchorage:day7-19:night1-5,AM,2.0-20.0,398.25641138554477,3423.8002010056844,372.1154660792173,3179.5456919923317,0.8730314509354509,3.8352448853573162,6.616497178347247,,,2.54,286.3362681107586,11.104236682872607
13,,AM,R1796,00,EHZ,61.1981981981982,-149.91291617029023,2026-09-12T09:14:59.996000Z,2026-09-12T09:15:59.996000Z,100.0,100.0,60.0,,noise,0,Noise,timeofday:America/Anchorage:day7-19:night1-5,AM,2.0-20.0,277.1958020043253,2079.799156391593,245.58134883690937,2404.9147129328912,0.7849056641408743,5.483857506488282,4.858672095300781,,,2.54,286.3362681107586,8.398917569193989
14,,AM,R1796,00,EHZ,61.1981981981982,-149.91291617029023,2026-09-12T09:15:59.996000Z,2026-09-12T09:16:59.996000Z,100.0,100.0,60.0,,noise,0,Noise,timeofday:America/Anchorage:day7-19:night1-5,AM,2.0-20.0,376.1542040973094,3451.798585563687,348.3132534820712,3491.3011779538133,0.8574487263590235,6.42031201427584,10.938775154098689,,,2.54,286.3362681107586,12.193010689806616
15,,AM,R1796,00,EHZ,61.1981981981982,-149.91291617029023,2026-09-12T09:16:59.996000Z,2026-09-12T09:17:59.996000Z,100.0,100.0,60.0,,noise,0,Noise,timeofday:America/Anchorage:day7-19:night1-5,AM,2.0-20.0,277.0414672714763,2800.2020568251646,248.3676949982807,2473.0344297011898,0.803712376781741,6.819204439240788,13.293830519747647,,,2.54,286.3362681107586,8.636818681818497
16,,AM,R1796,00,EHZ,61.1981981981982,-149.91291617029023,2026-09-12T09:17:59.996000Z,2026-09-12T09:18:59.996000Z,100.0,100.0,60.0,,noise,0,Noise,timeofday:America/Anchorage:day7-19:night1-5,AM,2.0-20.0,504.3913654001305,3374.202579620349,479.5783732927168,3660.728301030841,0.9040321880823653,6.201491187678469,4.544471339341503,,,2.54,286.3362681107586,12.784717511282306
17,,AM,R1796,00,EHZ,61.1981981981982,-149.91291617029023,2026-09-12T09:18:59.996000Z,2026-09-12T09:19:59.996000Z,100.0,100.0,60.0,,noise,0,Noise,timeofday:America/Anchorage:day7-19:night1-5,AM,2.0-20.0,286.0873297174608,1947.7972562678478,257.7022483759166,2161.4469399702066,0.8114077791444277,2.5154771311968025,6.786212934960831,,,2.54,286.3362681107586,7.548631384460632
18,,AM,R1796,00,EHZ,61.1981981981982,-149.91291617029023,2026-09-12T09:19:59.996000Z,2026-09-12T09:20:59.996000Z,100.0,100.0,60.0,,noise,0,Noise,timeofday:America/Anchorage:day7-19:night1-5,AM,2.0-20.0,387.0440114796477,3146.203413163821,361.0594745664199,3574.110001987835,0.8702354827545483,6.846644567913177,9.430443546463502,,,2.54,286.3362681107586,12.482212000490703
19,,AM,R1796,00,EHZ,61.1981981981982,-149.91291617029023,2026-09-12T09:21:59.996000Z,2026-09-12T09:22:59.996000Z,100.0,100.0,60.0,,noise,0,Noise,timeofday:America/Anchorage:day7-19:night1-5,AM,2.0-20.0,374.1668747974068,3380.795401736137,351.79850807309606,3351.2949264458316,0.8840102764339808,4.485118276028276,11.236219093922646,,,2.54,286.3362681107586,11.704053239771591
20,,AM,R1796,00,EHZ,61.1981981981982,-149.91291617029023,2026-09-12T09:22:59.996000Z,2026-09-12T09:23:59.996000Z,100.0,100.0,60.0,,noise,0,Noise,timeofday:America/Anchorage:day7-19:night1-5,AM,2.0-20.0,379.60089699940545,3876.7947778965063,351.7646698441461,3863.902725991108,0.8587168329956443,5.685108678786936,9.822667683699605,,,2.54,286.3362681107586,13.494283317600898
21,,AM,R1796,00,EHZ,61.1981981981982,-149.91291617029023,2026-09-12T09:23:59.996000Z,2026-09-12T09:24:59.996000Z,100.0,100.0,60.0,,noise,0,Noise,timeofday:America/Anchorage:day7-19:night1-5,AM,2.0-20.0,295.22824575073577,4151.7943589769675,264.87970994906095,3691.1872107888107,0.8049734795606356,5.445564010741282,27.461056319493512,,,2.54,286.3362681107586,12.891092124456309
22,,AM,R1796,00,EHZ,61.1981981981982,-149.91291617029023,2026-09-12T09:24:59.996000Z,2026-09-12T09:25:59.996000Z,100.0,100.0,60.0,,noise,0,Noise,timeofday:America/Anchorage:day7-19:night1-5,AM,2.0-20.0,281.245896672451,2655.7935698540023,258.5808043288624,2410.1818177147256,0.8453181117660585,5.389309371913921,10.06494191618648,,,2.54,286.3362681107586,8.417312391535521
23,,AM,R1796,00,EHZ,61.1981981981982,-149.91291617029023,2026-09-12T09:25:59.996000Z,2026-09-12T09:26:59.996000Z,100.0,100.0,60.0,,noise,0,Noise,timeofday:America/Anchorage:day7-19:night1-5,AM,2.0-20.0,331.1702886747379,2371.2069113518737,308.02284183434836,2333.276441207752,0.865093628634708,4.220191486230781,3.7232339673611214,,,2.54,286.3362681107586,8.148728264856794
24,,AM,R1796,00,EHZ,61.1981981981982,-149.91291617029023,2026-09-12T09:26:59.996000Z,2026-09-12T09:27:59.996000Z,100.0,100.0,60.0,,noise,0,Noise,timeofday:America/Anchorage:day7-19:night1-5,AM,2.0-20.0,489.1141183440125,4413.792179833868,472.07625799963785,4728.123774205848,0.9315451741311915,6.351971144460244,9.338071285279865,,,2.54,286.3362681107586,16.51248654388744
25,,AM,R1796,00,EHZ,61.1981981981982,-149.91291617029023,2026-09-12T09:27:59.996000Z,2026-09-12T09:28:59.996000Z,100.0,100.0,60.0,,noise,0,Noise,timeofday:America/Anchorage:day7-19:night1-5,AM,2.0-20.0,365.4005827638755,2520.208473879775,339.58198582543764,2460.06480593002,0.8636759295302033,4.108547033546505,5.429203371051052,,,2.54,286.3362681107586,8.591523603214787
26,,AM,R1796,00,EHZ,61.1981981981982,-149.91291617029023,2026-09-12T09:28:59.996000Z,2026-09-12T09:29:59.996000Z,100.0,100.0,60.0,,noise,0,Noise,timeofday:America/Anchorage:day7-19:night1-5,AM,2.0-20.0,398.6217813973887,2699.2087478224967,378.0890332169004,2490.5317314885247,0.8996345163502807,4.463514273286431,4.463430535302602,,,2.54,286.3362681107586,8.697926210748665
27,,AM,R1796,00,EHZ,61.1981981981982,-149.91291617029023,2026-09-12T09:29:59.996000Z,2026-09-12T09:30:59.996000Z,100.0,100.0,60.0,,noise,0,Noise,timeofday:America/Anchorage:day7-19:night1-5,AM,2.0-20.0,231.72106995235006,1234.2095229847328,199.00225700279657,967.0660722234106,0.7375389382441839,2.526394133634789,0.5522303842403207,,,2.54,286.3362681107586,3.3773789069896547
28,,AM,R1796,00,EHZ,61.1981981981982,-149.91291617029023,2026-09-12T09:30:59.996000Z,2026-09-12T09:31:59.996000Z,100.0,100.0,60.0,,noise,0,Noise,timeofday:America/Anchorage:day7-19:night1-5,AM,2.0-20.0,278.8553914309046,1633.2098983624128,249.38500624825605,1678.4594550181773,0.7998021854748273,3.808559079429756,3.03800477817944,,,2.54,286.3362681107586,5.8618472123444985
29,,AM,R1796,00,EHZ,61.1981981981982,-149.91291617029023,2026-09-12T09:31:59.996000Z,2026-09-12T09:32:59.996000Z,100.0,100.0,60.0,,noise,0,Noise,timeofday:America/Anchorage:day7-19:night1-5,AM,2.0-20.0,272.4315535093326,2611.7896063733533,249.22572333246396,2328.7708590983725,0.8368948906292395,6.071103727493984,8.424091714320548,,,2.54,286.3362681107586,8.132992982214791
30,,AM,R1796,00,EHZ,61.1981981981982,-149.91291617029023,2026-09-12T09:32:59.996000Z,2026-09-12T09:33:59.996000Z,100.0,100.0,60.0,,noise,0,Noise,timeofday:America/Anchorage:day7-19:night1-5,AM,2.0-20.0,277.38338879416324,2136.2111766967028,248.3734953616749,2101.803656544257,0.8017696251891987,4.928452618353852,6.0871272963151295,,,2.54,286.3362681107586,7.34033334446914
31,,AM,R1796,00,EHZ,61.1981981981982,-149.91291617029023,2026-09-12T09:33:59.996000Z,2026-09-12T09:34:59.996000Z,100.0,100.0,60.0,,noise,0,Noise,timeofday:America/Anchorage:day7-19:night1-5,AM,2.0-20.0,341.0934815059676,3617.2120163907057,317.55720989753905,3448.668936581691,0.8667565161383165,6.3901987912183555,10.172263623042404,,,2.54,286.3362681107586,12.044121966581267
32,,AM,R1796,00,EHZ,61.1981981981982,-149.91291617029023,2026-09-12T09:34:59.996000Z,2026-09-12T09:35:59.996000Z,100.0,100.0,60.0,,noise,0,Noise,timeofday:America/Anchorage:day7-19:night1-5,AM,2.0-20.0,412.93452872197093,4971.212580677569,393.58217781430665,5070.645275809464,0.9084655239604872,6.33298369853043,24.43966899543805,,,2.54,286.3362681107586,17.70870769974578
33,,AM,R1796,00,EHZ,61.1981981981982,-149.91291617029023,2026-09-12T09:35:59.996000Z,2026-09-12T09:36:59.996000Z,100.0,100.0,60.0,,noise,0,Noise,timeofday:America/Anchorage:day7-19:night1-5,AM,2.0-20.0,400.17707564677875,5282.212633201158,378.97800899217185,4918.27323190804,0.8968578364551401,3.795763786620997,29.893935781254804,,,2.54,286.3362681107586,17.176563990159945
34,,AM,R1796,00,EHZ,61.1981981981982,-149.91291617029023,2026-09-12T09:36:59.996000Z,2026-09-12T09:37:59.996000Z,100.0,100.0,60.0,,noise,0,Noise,timeofday:America/Anchorage:day7-19:night1-5,AM,2.0-20.0,454.1600317780358,3687.7862829385012,436.9110112412534,3974.1981215637315,0.9254823849527273,7.860446219779437,11.25067085032767,,,2.54,286.3362681107586,13.879478655587072
35,,AM,R1796,00,EHZ,61.1981981981982,-149.91291617029023,2026-09-12T09:37:59.996000Z,2026-09-12T09:38:59.996000Z,100.0,100.0,60.0,,noise,0,Noise,timeofday:America/Anchorage:day7-19:night1-5,AM,2.0-20.0,292.33475124394926,2262.785812959788,268.29895584417375,1961.6378697709542,0.8423199265155664,6.756938897943718,6.874438069113564,,,2.54,286.3362681107586,6.850818733909625
36,,AM,R1796,00,EHZ,61.1981981981982,-149.91291617029023,2026-09-12T09:38:59.996000Z,2026-09-12T09:39:59.996000Z,100.0,100.0,60.0,,noise,0,Noise,timeofday:America/Anchorage:day7-19:night1-5,AM,2.0-20.0,435.0615031750595,3733.7853157430036,416.6382972793124,3465.432464378028,0.9171007809758059,5.703623315121364,8.040569266165377,,,2.54,286.3362681107586,12.102666865231173
37,,AM,R1796,00,EHZ,61.1981981981982,-149.91291617029023,2026-09-12T09:39:59.996000Z,2026-09-12T09:40:59.996000Z,100.0,100.0,60.0,,noise,0,Noise,timeofday:America/Anchorage:day7-19:night1-5,AM,2.0-20.0,269.6404386880097,1693.2153274268676,237.51863684912857,1368.23221894095,0.775934986053421,3.052643502583323,1.8279614946814249,,,2.54,286.3362681107586,4.778410461128521
38,,AM,R1796,00,EHZ,61.1981981981982,-149.91291617029023,2026-09-12T09:40:59.996000Z,2026-09-12T09:41:59.996000Z,100.0,100.0,60.0,,noise,0,Noise,timeofday:America/Anchorage:day7-19:night1-5,AM,2.0-20.0,240.58969249914384,1160.2157699722593,202.53344411416336,973.406283031967,0.7086625161579451,3.3650131000541568,1.035636208801332,,,2.54,286.3362681107586,3.399521441885387
39,,AM,R1796,00,EHZ,61.1981981981982,-149.91291617029023,2026-09-12T09:41:59.996000Z,2026-09-12T09:42:59.996000Z,100.0,100.0,60.0,,noise,0,Noise,timeofday:America/Anchorage:day7-19:night1-5,AM,2.0-20.0,303.3905632608904,1533.2166197218903,276.58996904664406,1588.238735782011,0.8311295335808763,4.028998475277646,2.478883596721671,,,2.54,286.3362681107586,5.546760619118146
40,,AM,R1796,00,EHZ,61.1981981981982,-149.91291617029023,2026-09-12T09:42:59.996000Z,2026-09-12T09:43:59.996000Z,100.0,100.0,60.0,,noise,0,Noise,timeofday:America/Anchorage:day7-19:night1-5,AM,2.0-20.0,269.564282824514,1363.7831185388204,240.10118912198962,1310.3167674046101,0.7933483562925664,2.5166270429974276,1.6445418086952497,,,2.54,286.3362681107586,4.576146696504972
41,,AM,R1796,00,EHZ,61.1981981981982,-149.91291617029023,2026-09-12T09:43:59.996000Z,2026-09-12T09:44:59.996000Z,100.0,100.0,60.0,,noise,0,Noise,timeofday:America/Anchorage:day7-19:night1-5,AM,2.0-20.0,307.67842328230483,2301.7825170558826,285.3856583508998,2069.308435035073,0.8603401805954083,4.36285706910511,5.350170299770461,,,2.54,286.3362681107586,7.226847121701808
42,,AM,R1796,00,EHZ,61.1981981981982,-149.91291617029023,2026-09-12T09:44:59.996000Z,2026-09-12T09:45:59.996000Z,100.0,100.0,60.0,,noise,0,Noise,timeofday:America/Anchorage:day7-19:night1-5,AM,2.0-20.0,236.7223086810826,2187.2183009648143,211.37842456554034,2169.5277881552965,0.7973388730887407,5.755078885671791,9.479074552451268,,,2.54,286.3362681107586,7.576852916571836
43,,AM,R1796,00,EHZ,61.1981981981982,-149.91291617029023,2026-09-12T09:45:59.996000Z,2026-09-12T09:46:59.996000Z,100.0,100.0,60.0,,noise,0,Noise,timeofday:America/Anchorage:day7-19:night1-5,AM,2.0-20.0,207.61251097486007,969.7814570166483,177.63734400290807,839.4789175489906,0.7320849856884807,1.7359777683435176,0.7781604860521649,,,2.54,286.3362681107586,2.9317938767863985
44,,AM,R1796,00,EHZ,61.1981981981982,-149.91291617029023,2026-09-12T09:46:59.996000Z,2026-09-12T09:47:59.996000Z,100.0,100.0,60.0,,noise,0,Noise,timeofday:America/Anchorage:day7-19:night1-5,AM,2.0-20.0,330.18362919659836,3307.7803698369717,308.209837056024,2980.790030963075,0.8713284975654138,5.812025409935272,15.281469785958212,,,2.54,286.3362681107586,10.410102955627215
45,,AM,R1796,00,EHZ,61.1981981981982,-149.91291617029023,2026-09-12T09:47:59.996000Z,2026-09-12T09:48:59.996000Z,100.0,100.0,60.0,,noise,0,Noise,timeofday:America/Anchorage:day7-19:night1-5,AM,2.0-20.0,253.41968031517135,1462.2200618717688,228.61916674546026,1256.0630844637676,0.8138504306268133,3.836847290941805,1.999929917882656,,,2.54,286.3362681107586,4.386671282514257
46,,AM,R1796,00,EHZ,61.1981981981982,-149.91291617029023,2026-09-12T09:49:59.996000Z,2026-09-12T09:50:59.996000Z,100.0,100.0,60.0,,noise,0,Noise,timeofday:America/Anchorage:day7-19:night1-5,AM,2.0-20.0,263.33404224273085,2606.7788365973174,239.1019651193631,2510.3263265082755,0.8244271386740722,5.604184466367443,12.99286618906721,,,2.54,286.3362681107586,8.767056800283674
47,,AM,R1796,00,EHZ,61.1981981981982,-149.91291617029023,2026-09-12T09:50:59.996000Z,2026-09-12T09:51:59.996000Z,100.0,100.0,60.0,,noise,0,Noise,timeofday:America/Anchorage:day7-19:night1-5,AM,2.0-20.0,288.7294433593728,3564.221586520205,265.3423798489236,3940.977468228873,0.8445611362391456,7.525086844478618,30.30393119832162,,,2.54,286.3362681107586,13.763458936694848
48,,AM,R1796,00,EHZ,61.1981981981982,-149.91291617029023,2026-09-12T09:51:59.996000Z,2026-09-12T09:52:59.996000Z,100.0,100.0,60.0,,noise,0,Noise,timeofday:America/Anchorage:day7-19:night1-5,AM,2.0-20.0,260.9516266702561,2600.7778935158094,231.5902625817235,2455.8668528532235,0.7876269601447528,5.473748345738869,8.054180784315642,,,2.54,286.3362681107586,8.576862683365217
49,,AM,R1796,00,EHZ,61.1981981981982,-149.91291617029023,2026-09-12T09:52:59.996000Z,2026-09-12T09:53:59.996000Z,100.0,100.0,60.0,,noise,0,Noise,timeofday:America/Anchorage:day7-19:night1-5,AM,2.0-20.0,241.34753065618926,2152.7768752611373,210.40921717048886,1799.214021281934,0.7600528673266667,4.579679081907636,5.4398665481645025,,,2.54,286.3362681107586,6.283570129460423
50,,AM,R1796,00,EHZ,61.1981981981982,-149.91291617029023,2026-09-12T09:53:59.996000Z,2026-09-12T09:54:59.996000Z,100.0,100.0,60.0,,noise,0,Noise,timeofday:America/Anchorage:day7-19:night1-5,AM,2.0-20.0,453.41068199178625,4970.223161642054,433.830151669885,4448.430752906384,0.9154949863454528,6.914454939399661,17.845570000511742,,,2.54,286.3362681107586,15.535687400890735
51,,AM,R1796,00,EHZ,61.1981981981982,-149.91291617029023,2026-09-12T09:54:59.996000Z,2026-09-12T09:55:59.996000Z,100.0,100.0,60.0,,noise,0,Noise,timeofday:America/Anchorage:day7-19:night1-5,AM,2.0-20.0,261.7642631801748,1825.7760059860084,240.5384358939594,1636.0563419704213,0.8444000591190678,6.35062131080824,5.204256868710145,,,2.54,286.3362681107586,5.713758696252803
52,,AM,R1796,00,EHZ,61.1981981981982,-149.91291617029023,2026-09-12T09:55:59.996000Z,2026-09-12T09:56:59.996000Z,100.0,100.0,60.0,,noise,0,Noise,timeofday:America/Anchorage:day7-19:night1-5,AM,2.0-20.0,246.99482566030017,1225.7752859833017,217.79230420972374,1173.2278309146768,0.7775160251666102,2.8979853259393975,1.345050516931816,,,2.54,286.3362681107586,4.097377669463992
53,,AM,R1796,00,EHZ,61.1981981981982,-149.91291617029023,2026-09-12T09:57:59.996000Z,2026-09-12T09:58:59.996000Z,100.0,100.0,60.0,,noise,0,Noise,timeofday:America/Anchorage:day7-19:night1-5,AM,2.0-20.0,708.8207729317515,3113.774502717988,532.8944225219416,2442.2524124235097,0.5652095304981163,4.333991551121253,1.4760589489335914,,,2.54,286.3362681107586,8.529315648825927
54,,AM,R1796,00,EHZ,61.1981981981982,-149.91291617029023,2026-09-12T09:58:59.996000Z,2026-09-12T09:59:59.996000Z,100.0,100.0,60.0,,noise,0,Noise,timeofday:America/Anchorage:day7-19:night1-5,AM,2.0-20.0,296.19227768506335,1989.2260892950835,255.68687991843743,1981.9374837683586,0.7451941285212006,3.275332874072866,3.4298191378627623,,,2.54,286.3362681107586,6.921713050341633
55,,AM,R1796,00,EHZ,61.1981981981982,-149.91291617029023,2026-09-12T09:59:59.996000Z,2026-09-12T10:00:59.996000Z,100.0,100.0,60.0,,noise,0,Noise,timeofday:America/Anchorage:day7-19:night1-5,AM,2.0-20.0,322.2982176012477,2683.2272362227777,297.56709262952455,2336.906093517092,0.8524207166804656,5.708162202164603,6.832995161858667,,,2.54,286.3362681107586,8.161404452659648
56,,AM,R1796,00,EHZ,61.1981981981982,-149.91291617029023,2026-09-12T10:00:59.996000Z,2026-09-12T10:01:59.996000Z,100.0,100.0,60.0,,noise,0,Noise,timeofday:America/Anchorage:day7-19:night1-5,AM,2.0-20.0,269.50122190935923,1562.7727401513694,235.42214072118242,1492.4014078599566,0.7630853778638637,2.641440420020321,1.974424696736679,,,2.54,286.3362681107586,5.2120585970711755
57,,AM,R1796,00,EHZ,61.1981981981982,-149.91291617029023,2026-09-12T10:01:59.996000Z,2026-09-12T10:02:59.996000Z,100.0,100.0,60.0,,noise,0,Noise,timeofday:America/Anchorage:day7-19:night1-5,AM,2.0-20.0,265.7754955495811,1356.7716376441786,228.127366072458,1383.5202753907042,0.7367580660880308,3.4860586275214334,2.1252985011560757,,,2.54,286.3362681107586,4.8318024276810805
58,,AM,R1796,00,EHZ,61.1981981981982,-149.91291617029023,2026-09-12T10:02:59.996000Z,2026-09-12T10:03:59.996000Z,100.0,100.0,60.0,,noise,0,Noise,timeofday:America/Anchorage:day7-19:night1-5,AM,2.0-20.0,580.029158941323,5558.2289901981785,551.2992860195427,5716.866546976611,0.9033898495935825,5.752222077245982,9.457502649813563,,,2.54,286.3362681107586,19.965569100611635
59,,AM,R1796,00,EHZ,61.1981981981982,-149.91291617029023,2026-09-12T10:03:59.996000Z,2026-09-12T10:04:59.996000Z,100.0,100.0,60.0,,noise,0,Noise,timeofday:America/Anchorage:day7-19:night1-5,AM,2.0-20.0,343.0094374423686,1801.2292261638104,315.57885691367596,1847.9674169848472,0.8464545796076647,4.517547316728586,2.1969123212378374,,,2.54,286.3362681107586,6.453836355337387
60,,AM,R1796,00,EHZ,61.1981981981982,-149.91291617029023,2026-09-12T10:04:59.996000Z,2026-09-12T10:05:59.996000Z,100.0,100.0,60.0,,noise,0,Noise,timeofday:America/Anchorage:day7-19:night1-5,AM,2.0-20.0,370.0486056987857,3661.2298801703364,338.522326469468,3985.028431310061,0.8368682460367379,6.390276999602367,12.282268624039911,,,2.54,286.3362681107586,13.917302399738617
61,,AM,R1796,00,EHZ,61.1981981981982,-149.91291617029023,2026-09-12T10:05:59.996000Z,2026-09-12T10:06:59.996000Z,100.0,100.0,60.0,,noise,0,Noise,timeofday:America/Anchorage:day7-19:night1-5,AM,2.0-20.0,251.1047850827808,1362.7694338989531,227.21793347279294,1269.60014502092,0.8187950977012491,4.013352180968789,2.013413322060294,,,2.54,286.3362681107586,4.4339480757981455
62,,AM,R1796,00,EHZ,61.1981981981982,-149.91291617029023,2026-09-12T10:06:59.996000Z,2026-09-12T10:07:59.996000Z,100.0,100.0,60.0,,noise,0,Noise,timeofday:America/Anchorage:day7-19:night1-5,AM,2.0-20.0,346.58940649320976,3056.7690234730035,328.00466517518583,2876.210629684776,0.895631733036497,6.076491637426864,10.769954530767835,,,2.54,286.3362681107586,10.044870140488875
63,,AM,R1796,00,EHZ,61.1981981981982,-149.91291617029023,2026-09-12T10:07:59.996000Z,2026-09-12T10:08:59.996000Z,100.0,100.0,60.0,,noise,0,Noise,timeofday:America/Anchorage:day7-19:night1-5,AM,2.0-20.0,236.35880448495962,2136.768268714917,215.7835372888822,2139.3621674710776,0.8334759004958714,6.149490568874246,10.964263854925179,,,2.54,286.3362681107586,7.471502585357242
64,,AM,R1796,00,EHZ,61.1981981981982,-149.91291617029023,2026-09-12T10:08:59.996000Z,2026-09-12T10:09:59.996000Z,100.0,100.0,60.0,,noise,0,Noise,timeofday:America/Anchorage:day7-19:night1-5,AM,2.0-20.0,253.38480871822745,1068.2323121686204,227.5395394210256,923.5993058889687,0.806403866688679,2.730103726479427,0.5777077313517203,,,2.54,286.3362681107586,3.225575691067219
65,,AM,R1796,00,EHZ,61.1981981981982,-149.91291617029023,2026-09-12T10:10:59.996000Z,2026-09-12T10:11:59.996000Z,100.0,100.0,60.0,,noise,0,Noise,timeofday:America/Anchorage:day7-19:night1-5,AM,2.0-20.0,332.32060085073414,3062.7668382770025,313.9053434580034,3143.0833748429504,0.8922424634415708,1.865292498473977,10.969567798181235,,,2.54,286.3362681107586,10.976895786136197
66,,AM,R1796,00,EHZ,61.1981981981982,-149.91291617029023,2026-09-12T10:11:59.996000Z,2026-09-12T10:12:59.996000Z,100.0,100.0,60.0,,noise,0,Noise,timeofday:America/Anchorage:day7-19:night1-5,AM,2.0-20.0,237.63090222289114,1985.2342187357826,213.2002798315033,2108.87583927359,0.8049514868666265,3.4679856765343464,6.488615403746357,,,2.54,286.3362681107586,7.365032216100019
67,,AM,R1796,00,EHZ,61.1981981981982,-149.91291617029023,2026-09-12T10:12:59.996000Z,2026-09-12T10:13:59.996000Z,100.0,100.0,60.0,,noise,0,Noise,timeofday:America/Anchorage:day7-19:night1-5,AM,2.0-20.0,389.51922501085346,3212.2346111006445,371.0092818562973,3137.241455755049,0.9072182013494664,7.161177552406257,12.542129238729268,,,2.54,286.3362681107586,10.956493483883513
68,,AM,R1796,00,EHZ,61.1981981981982,-149.91291617029023,2026-09-12T10:13:59.996000Z,2026-09-12T10:14:59.996000Z,100.0,100.0,60.0,,noise,0,Noise,timeofday:America/Anchorage:day7-19:night1-5,AM,2.0-20.0,304.50918797032324,2535.765117494946,286.31783517255093,2602.4768337495193,0.8840890287305418,3.3917164283139387,5.483648269056088,,,2.54,286.3362681107586,9.088882979863547
69,,AM,R1796,00,EHZ,61.1981981981982,-149.91291617029023,2026-09-12T10:14:59.996000Z,2026-09-12T10:15:59.996000Z,100.0,100.0,60.0,,noise,0,Noise,timeofday:America/Anchorage:day7-19:night1-5,AM,2.0-20.0,305.88136380177974,2099.7642057518606,284.88264610093034,2037.2350655670407,0.8674130534434761,4.112891353996256,3.5743097030655804,,,2.54,286.3362681107586,7.114834173849788
70,,AM,R1796,00,EHZ,61.1981981981982,-149.91291617029023,2026-09-12T10:15:59.996000Z,2026-09-12T10:16:59.996000Z,100.0,100.0,60.0,,noise,0,Noise,timeofday:America/Anchorage:day7-19:night1-5,AM,2.0-20.0,329.18812837717064,5511.236142192498,310.226122143271,4943.467624877698,0.8881133510669712,7.256894345197166,46.79589131279635,,,2.54,286.3362681107586,17.26455281929392
71,,AM,R1796,00,EHZ,61.1981981981982,-149.91291617029023,2026-09-12T10:16:59.996000Z,2026-09-12T10:17:59.996000Z,100.0,100.0,60.0,,noise,0,Noise,timeofday:America/Anchorage:day7-19:night1-5,AM,2.0-20.0,261.0663040689811,2909.236930827323,242.05194557201276,2877.3877690557856,0.85963781930272,5.215651957931308,13.572079382617304,,,2.54,286.3362681107586,10.048981178810273
72,,AM,R1796,00,EHZ,61.1981981981982,-149.91291617029023,2026-09-12T10:17:59.996000Z,2026-09-12T10:18:59.996000Z,100.0,100.0,60.0,,noise,0,Noise,timeofday:America/Anchorage:day7-19:night1-5,AM,2.0-20.0,343.6049959450452,3991.2376359906484,321.1006753295204,4256.86035535671,0.8733000769239895,5.946519147319519,26.942623066639655,,,2.54,286.3362681107586,14.866647468179268
73,,AM,R1796,00,EHZ,61.1981981981982,-149.91291617029023,2026-09-12T10:18:59.996000Z,2026-09-12T10:19:59.996000Z,100.0,100.0,60.0,,noise,0,Noise,timeofday:America/Anchorage:day7-19:night1-5,AM,2.0-20.0,272.71887143332305,1352.23802269312,244.08098356220125,1344.716852959391,0.8010092057787956,2.53649861568582,1.6638419032156184,,,2.54,286.3362681107586,4.696285461257869
74,,AM,R1796,00,EHZ,61.1981981981982,-149.91291617029023,2026-09-12T10:19:59.996000Z,2026-09-12T10:20:59.996000Z,100.0,100.0,60.0,,noise,0,Noise,timeofday:America/Anchorage:day7-19:night1-5,AM,2.0-20.0,252.5045702618498,1443.2388185523778,220.1740091717603,1194.4395823818963,0.7603150986004593,3.269411259467176,1.7456789212840018,,,2.54,286.3362681107586,4.171457532302095
75,,AM,R1796,00,EHZ,61.1981981981982,-149.91291617029023,2026-09-12T10:20:59.996000Z,2026-09-12T10:21:59.996000Z,100.0,100.0,60.0,,noise,0,Noise,timeofday:America/Anchorage:day7-19:night1-5,AM,2.0-20.0,242.04394535109577,1447.2390607661691,214.3396140407297,1343.8437540304626,0.784181228244901,3.44508690273721,1.9463676448541687,,,2.54,286.3362681107586,4.693236252945248
76,,AM,R1796,00,EHZ,61.1981981981982,-149.91291617029023,2026-09-12T10:21:59.996000Z,2026-09-12T10:22:59.996000Z,100.0,100.0,60.0,,noise,0,Noise,timeofday:America/Anchorage:day7-19:night1-5,AM,2.0-20.0,310.27006136521555,2476.240055492617,278.6640978345001,2552.9985506833273,0.806644719820292,5.1414574725607265,5.2794635758346455,,,2.54,286.3362681107586,8.916085159340675
77,,AM,R1796,00,EHZ,61.1981981981982,-149.91291617029023,2026-09-12T10:23:59.996000Z,2026-09-12T10:24:59.996000Z,100.0,100.0,60.0,,noise,0,Noise,timeofday:America/Anchorage:day7-19:night1-5,AM,2.0-20.0,311.72919515187635,2102.2407269744617,286.7771006540948,2052.5277577950346,0.8463187893124048,5.5042153649977426,9.827912338557024,,,2.54,286.3362681107586,7.168242330381599
78,,AM,R1796,00,EHZ,61.1981981981982,-149.91291617029023,2026-09-12T10:24:59.996000Z,2026-09-12T10:25:59.996000Z,100.0,100.0,60.0,,noise,0,Noise,timeofday:America/Anchorage:day7-19:night1-5,AM,2.0-20.0,404.9628559782048,4722.758583677867,389.42440646213703,4346.248489865082,0.9247321394412797,7.0029857687044474,18.980165848376487,,,2.54,286.3362681107586,15.178826344778287
79,,AM,R1796,00,EHZ,61.1981981981982,-149.91291617029023,2026-09-12T10:25:59.996000Z,2026-09-12T10:26:59.996000Z,100.0,100.0,60.0,,noise,0,Noise,timeofday:America/Anchorage:day7-19:night1-5,AM,2.0-20.0,257.8651719426276,2126.24218445519,233.11372652918294,2158.579794475521,0.8172413190717839,6.1043347794894744,6.321997611324408,,,2.54,286.3362681107586,7.538618173372833
80,,AM,R1796,00,EHZ,61.1981981981982,-149.91291617029023,2026-09-12T10:26:59.996000Z,2026-09-12T10:27:59.996000Z,100.0,100.0,60.0,,noise,0,Noise,timeofday:America/Anchorage:day7-19:night1-5,AM,2.0-20.0,223.0706282897932,883.7573281884033,189.10303539555377,713.6693862040294,0.718641377294245,2.213692448206225,0.07884929068604007,,,2.54,286.3362681107586,2.4924170134395016
81,,AM,R1796,00,EHZ,61.1981981981982,-149.91291617029023,2026-09-12T10:27:59.996000Z,2026-09-12T10:28:59.996000Z,100.0,100.0,60.0,,noise,0,Noise,timeofday:America/Anchorage:day7-19:night1-5,AM,2.0-20.0,310.0574596124331,2846.7563918431915,288.1817308573228,3075.473850369156,0.8638702581126289,4.8265265960492405,11.065572807852794,,,2.54,286.3362681107586,10.740776467686317
82,,AM,R1796,00,EHZ,61.1981981981982,-149.91291617029023,2026-09-12T10:28:59.996000Z,2026-09-12T10:29:59.996000Z,100.0,100.0,60.0,,noise,0,Noise,timeofday:America/Anchorage:day7-19:night1-5,AM,2.0-20.0,340.3577235037032,4028.244047285236,317.60228433182414,4397.163555040135,0.8707550751499946,7.111314597651378,29.028641324521473,,,2.54,286.3362681107586,15.356641979210453
83,,AM,R1796,00,EHZ,61.1981981981982,-149.91291617029023,2026-09-12T10:29:59.996000Z,2026-09-12T10:30:59.996000Z,100.0,100.0,60.0,,noise,0,Noise,timeofday:America/Anchorage:day7-19:night1-5,AM,2.0-20.0,241.5735590329707,1398.2445790621496,211.78010416855787,1291.6728446946686,0.7685489256393115,3.9505721141811723,2.224068578441396,,,2.54,286.3362681107586,4.511034711799179
84,,AM,R1796,00,EHZ,61.1981981981982,-149.91291617029023,2026-09-12T10:30:59.996000Z,2026-09-12T10:31:59.996000Z,100.0,100.0,60.0,,noise,0,Noise,timeofday:America/Anchorage:day7-19:night1-5,AM,2.0-20.0,219.7882377724707,1124.2450506029018,189.19368254243997,960.9182146787716,0.7409763851762482,3.0876336469740377,0.9434336450195242,,,2.54,286.3362681107586,3.3559081461069957
85,,AM,R1796,00,EHZ,61.1981981981982,-149.91291617029023,2026-09-12T10:31:59.996000Z,2026-09-12T10:32:59.996000Z,100.0,100.0,60.0,,noise,0,Noise,timeofday:America/Anchorage:day7-19:night1-5,AM,2.0-20.0,188.22425289520686,696.7541769684358,158.06619901253924,562.6458778399297,0.7052236303547079,1.7423280897162066,-0.16272273728772246,,,2.54,286.3362681107586,1.964982925677759
86,,AM,R1796,00,EHZ,61.1981981981982,-149.91291617029023,2026-09-12T10:32:59.996000Z,2026-09-12T10:33:59.996000Z,100.0,100.0,60.0,,noise,0,Noise,timeofday:America/Anchorage:day7-19:night1-5,AM,2.0-20.0,313.91115608136903,2366.753913276596,282.84275252780645,2363.7225582129718,0.811851522147816,6.009911131463812,4.565261079816238,,,2.54,286.3362681107586,8.255058200656066
87,,AM,R1796,00,EHZ,61.1981981981982,-149.91291617029023,2026-09-12T10:33:59.996000Z,2026-09-12T10:34:59.996000Z,100.0,100.0,60.0,,noise,0,Noise,timeofday:America/Anchorage:day7-19:night1-5,AM,2.0-20.0,272.96512070967594,1622.7533266330393,248.0823688746203,1454.9008273841469,0.8259951303418438,3.427564688497255,2.838638830053104,,,2.54,286.3362681107586,5.081091672331819
88,,AM,R1796,00,EHZ,61.1981981981982,-149.91291617029023,2026-09-12T10:34:59.996000Z,2026-09-12T10:35:59.996000Z,100.0,100.0,60.0,,noise,0,Noise,timeofday:America/Anchorage:day7-19:night1-5,AM,2.0-20.0,286.41112220884185,1640.247720616997,241.10949381955234,1436.4034907424652,0.7086778594769176,3.5414645554779813,2.709274155100574,,,2.54,286.3362681107586,5.016491624410099
89,,AM,R1796,00,EHZ,61.1981981981982,-149.91291617029023,2026-09-12T10:35:59.996000Z,2026-09-12T10:36:59.996000Z,100.0,100.0,60.0,,noise,0,Noise,timeofday:America/Anchorage:day7-19:night1-5,AM,2.0-20.0,265.3427658639273,1932.7521667208857,220.56119820869134,1708.0461217306197,0.69094538634749,3.554492084168058,4.209418020723105,,,2.54,286.3362681107586,5.96517560629073
90,,AM,R1796,00,EHZ,61.1981981981982,-149.91291617029023,2026-09-12T10:36:59.996000Z,2026-09-12T10:37:59.996000Z,100.0,100.0,60.0,,noise,0,Noise,timeofday:America/Anchorage:day7-19:night1-5,AM,2.0-20.0,359.9748654937221,3712.2483991280205,337.831662502949,3684.43579766432,0.8807574889230756,6.2393110613894756,11.419789242342933,,,2.54,286.3362681107586,12.8675135077165
91,,AM,R1796,00,EHZ,61.1981981981982,-149.91291617029023,2026-09-12T10:37:59.996000Z,2026-09-12T10:38:59.996000Z,100.0,100.0,60.0,,noise,0,Noise,timeofday:America/Anchorage:day7-19:night1-5,AM,2.0-20.0,301.3633721987928,2318.249435346148,263.2547367136732,1981.3813483197614,0.7630824308224324,3.740507133039897,3.746551585943611,,,2.54,286.3362681107586,6.919770804421245
92,,AM,R1796,00,EHZ,61.1981981981982,-149.91291617029023,2026-09-12T10:38:59.996000Z,2026-09-12T10:39:59.996000Z,100.0,100.0,60.0,,noise,0,Noise,timeofday:America/Anchorage:day7-19:night1-5,AM,2.0-20.0,247.5243438106467,2609.750442326611,218.09886845290129,2314.6900941073545,0.7763740109603993,5.904114310211494,12.046310834570413,,,2.54,286.3362681107586,8.08381735705238
93,,AM,R1796,00,EHZ,61.1981981981982,-149.91291617029023,2026-09-12T10:39:59.996000Z,2026-09-12T10:40:59.996000Z,100.0,100.0,60.0,,noise,0,Noise,timeofday:America/Anchorage:day7-19:night1-5,AM,2.0-20.0,214.56441644235338,1044.2502173423054,185.33684495530767,920.1749894821869,0.7461190552153344,2.151813672742882,0.39172236972526076,,,2.54,286.3362681107586,3.213616617809139
94,,AM,R1796,00,EHZ,61.1981981981982,-149.91291617029023,2026-09-12T10:40:59.996000Z,2026-09-12T10:41:59.996000Z,100.0,100.0,60.0,,noise,0,Noise,timeofday:America/Anchorage:day7-19:night1-5,AM,2.0-20.0,228.52231540153406,1300.2509873302806,189.76586356698948,1282.6052450794905,0.6895709396163962,4.313714147694291,1.9255648955548867,,,2.54,286.3362681107586,4.479367051690993
95,,AM,R1796,00,EHZ,61.1981981981982,-149.91291617029023,2026-09-12T10:41:59.996000Z,2026-09-12T10:42:59.996000Z,100.0,100.0,60.0,,noise,0,Noise,timeofday:America/Anchorage:day7-19:night1-5,AM,2.0-20.0,308.61717162261635,2969.7485996078285,279.0015947982291,2660.5838346317814,0.817284378525419,5.054570213105176,12.16108668500108,,,2.54,286.3362681107586,9.291815710899161
96,,AM,R1796,00,EHZ,61.1981981981982,-149.91291617029023,2026-09-12T10:42:59.996000Z,2026-09-12T10:43:59.996000Z,100.0,100.0,60.0,,traffic,1,Traffic,timeofday:America/Anchorage:day7-19:night1-5+burst>=20x,AM,2.0-20.0,432.12690399729655,6585.747730137442,415.94702593104734,6755.517659863622,0.926517090211315,7.202526888527162,58.29087640332541,,,2.54,286.3362681107586,23.59295140792468
97,,AM,R1796,00,EHZ,61.1981981981982,-149.91291617029023,2026-09-12T10:43:59.996000Z,2026-09-12T10:44:59.996000Z,100.0,100.0,60.0,,noise,0,Noise,timeofday:America/Anchorage:day7-19:night1-5,AM,2.0-20.0,361.3652661922851,3085.7472878849367,341.0500162298898,2675.288057932692,0.890724372492272,5.592363974499194,8.646263333661635,,,2.54,286.3362681107586,9.343168700158708
98,,AM,R1796,00,EHZ,61.1981981981982,-149.91291617029023,2026-09-12T10:44:59.996000Z,2026-09-12T10:45:59.996000Z,100.0,100.0,60.0,,noise,0,Noise,timeofday:America/Anchorage:day7-19:night1-5,AM,2.0-20.0,291.9069794890476,2193.253196152138,266.41582629859107,2116.4732986016234,0.8329733031352139,5.733214036827605,5.067236179355117,,,2.54,286.3362681107586,7.3915655622882666
99,,AM,R1796,00,EHZ,61.1981981981982,-149.91291617029023,2026-09-12T10:45:59.996000Z,2026-09-12T10:46:59.996000Z,100.0,100.0,60.0,,noise,0,Noise,timeofday:America/Anchorage:day7-19:night1-5,AM,2.0-20.0,218.3060607071043,1150.746336212207,185.84784740228147,1021.7535595471559,0.7247420907691094,2.3520833301572788,1.3530312827343849,,,2.54,286.3362681107586,3.56836933822134
100,,AM,R1796,00,EHZ,61.1981981981982,-149.91291617029023,2026-09-12T10:46:59.996000Z,2026-09-12T10:47:59.996000Z,100.0,100.0,60.0,,noise,0,Noise,timeofday:America/Anchorage:day7-19:night1-5,AM,2.0-20.0,252.3049889094699,1385.7453904947579,225.7641028662561,1586.0718984334212,0.8006783802625895,3.4797932765887567,2.264683064272994,,,2.54,286.3362681107586,5.5391931622853585
101,,AM,R1796,00,EHZ,61.1981981981982,-149.91291617029023,2026-09-12T10:47:59.996000Z,2026-09-12T10:48:59.996000Z,100.0,100.0,60.0,,noise,0,Noise,timeofday:America/Anchorage:day7-19:night1-5,AM,2.0-20.0,231.17973741497175,1259.7450155075894,204.11056622682074,1104.0187738751786,0.7795275036635985,3.3007315302185187,1.4072140964117654,,,2.54,286.3362681107586,3.855672147854248
102,,AM,R1796,00,EHZ,61.1981981981982,-149.91291617029023,2026-09-12T10:48:59.996000Z,2026-09-12T10:49:59.996000Z,100.0,100.0,60.0,,noise,0,Noise,timeofday:America/Anchorage:day7-19:night1-5,AM,2.0-20.0,321.67809052396046,2705.2558940876916,290.12280961315815,2612.01821879967,0.8134311227341664,5.627290237984313,9.979164882924785,,,2.54,286.3362681107586,9.122205286929658
103,,AM,R1796,00,EHZ,61.1981981981982,-149.91291617029023,2026-09-12T10:49:59.996000Z,2026-09-12T10:50:59.996000Z,100.0,100.0,60.0,,noise,0,Noise,timeofday:America/Anchorage:day7-19:night1-5,AM,2.0-20.0,327.96905990046815,3625.256303830247,300.56540651942026,3371.9512665704788,0.839870328233952,5.908032578911879,16.377205081168118,,,2.54,286.3362681107586,11.77619338555521
104,,AM,R1796,00,EHZ,61.1981981981982,-149.91291617029023,2026-09-12T10:50:59.996000Z,2026-09-12T10:51:59.996000Z,100.0,100.0,60.0,,noise,0,Noise,timeofday:America/Anchorage:day7-19:night1-5,AM,2.0-20.0,238.60619564032757,1414.7429176881851,215.1533911593316,1380.0861825913048,0.8130794010477048,2.750347230453938,2.279462652439581,,,2.54,286.3362681107586,4.819809211376148
105,,AM,R1796,00,EHZ,61.1981981981982,-149.91291617029023,2026-09-12T10:51:59.996000Z,2026-09-12T10:52:59.996000Z,100.0,100.0,60.0,,noise,0,Noise,timeofday:America/Anchorage:day7-19:night1-5,AM,2.0-20.0,246.28978537954728,1705.7423052709673,219.5452782842419,1561.3685080918472,0.7946125170313216,3.117334476835418,2.135997076255123,,,2.54,286.3362681107586,5.452919109387461
106,,AM,R1796,00,EHZ,61.1981981981982,-149.91291617029023,2026-09-12T10:52:59.996000Z,2026-09-12T10:53:59.996000Z,100.0,100.0,60.0,,noise,0,Noise,timeofday:America/Anchorage:day7-19:night1-5,AM,2.0-20.0,249.09723060741294,1395.2578487852043,223.7507618258368,1478.7180272170715,0.8068471084841158,3.325694523379096,1.7639751453483257,,,2.54,286.3362681107586,5.164270795919865
107,,AM,R1796,00,EHZ,61.1981981981982,-149.91291617029023,2026-09-12T10:53:59.996000Z,2026-09-12T10:54:59.996000Z,100.0,100.0,60.0,,noise,0,Noise,timeofday:America/Anchorage:day7-19:night1-5,AM,2.0-20.0,298.14833993405557,3038.2588116850893,275.86080175460523,2735.6319285709214,0.8560816676316537,5.460012738925809,11.589285776279704,,,2.54,286.3362681107586,9.55391346901519
108,,AM,R1796,00,EHZ,61.1981981981982,-149.91291617029023,2026-09-12T10:54:59.996000Z,2026-09-12T10:55:59.996000Z,100.0,100.0,60.0,,traffic,1,Traffic,timeofday:America/Anchorage:day7-19:night1-5+burst>=20x,AM,2.0-20.0,690.5160525291133,7272.259215569997,672.002583055073,6980.013272756276,0.9470967068534787,5.9670183232426135,12.779641639461726,,,2.54,286.3362681107586,24.376979272693166
109,,AM,R1796,00,EHZ,61.1981981981982,-149.91291617029023,2026-09-12T10:56:59.996000Z,2026-09-12T10:57:59.996000Z,100.0,100.0,60.0,,noise,0,Noise,timeofday:America/Anchorage:day7-19:night1-5,AM,2.0-20.0,254.69017983424257,2048.2602758044886,226.05012689676698,2031.003832689456,0.7877440113115237,4.297450617414878,6.174638568237533,,,2.54,286.3362681107586,7.09307223318227
110,,AM,R1796,00,EHZ,61.1981981981982,-149.91291617029023,2026-09-12T10:57:59.996000Z,2026-09-12T10:58:59.996000Z,100.0,100.0,60.0,,noise,0,Noise,timeofday:America/Anchorage:day7-19:night1-5,AM,2.0-20.0,256.3109605674217,2290.2609291276203,225.20771325052365,1783.2388974363885,0.7720264241110947,3.9334941099740774,3.536934824450408,,,2.54,286.3362681107586,6.227778650613021
111,,AM,R1796,00,EHZ,61.1981981981982,-149.91291617029023,2026-09-12T10:59:59.996000Z,2026-09-12T11:00:59.996000Z,100.0,100.0,60.0,,noise,0,Noise,timeofday:America/Anchorage:day7-19:night1-5,AM,2.0-20.0,305.98249303294546,2791.2622278660565,286.341516216469,2793.8374195780607,0.8757405971693414,5.613218512332727,10.039839412602557,,,2.54,286.3362681107586,9.757190166693686
112,,AM,R1796,00,EHZ,61.1981981981982,-149.91291617029023,2026-09-12T11:00:59.996000Z,2026-09-12T11:01:59.996000Z,100.0,100.0,60.0,,noise,0,Noise,timeofday:America/Anchorage:day7-19:night1-5,AM,2.0-20.0,277.01334362718353,2880.2624314193636,255.37951149987566,2573.2805778413276,0.8499056670345084,6.148051477189348,9.391062197125251,,,2.54,286.3362681107586,8.986918055542825
113,,AM,R1796,00,EHZ,61.1981981981982,-149.91291617029023,2026-09-12T11:01:59.996000Z,2026-09-12T11:02:59.996000Z,100.0,100.0,60.0,,noise,0,Noise,timeofday:America/Anchorage:day7-19:night1-5,AM,2.0-20.0,278.2103046323186,2211.7366199343633,257.44533480914896,1839.1366912519554,0.8562954356934047,5.390952133039826,6.539395248444961,,,2.54,286.3362681107586,6.422995952928161
114,,AM,R1796,00,EHZ,61.1981981981982,-149.91291617029023,2026-09-12T11:02:59.996000Z,2026-09-12T11:03:59.996000Z,100.0,100.0,60.0,,noise,0,Noise,timeofday:America/Anchorage:day7-19:night1-5,AM,2.0-20.0,330.2933387785056,3547.264154056342,300.64265228821074,3302.032574519455,0.8285172558738514,5.51495811245733,10.349589030230236,,,2.54,286.3362681107586,11.532009536571126
115,,AM,R1796,00,EHZ,61.1981981981982,-149.91291617029023,2026-09-12T11:03:59.996000Z,2026-09-12T11:04:59.996000Z,100.0,100.0,60.0,,noise,0,Noise,timeofday:America/Anchorage:day7-19:night1-5,AM,2.0-20.0,352.803266104299,2240.2644769104336,330.6210133960977,2131.625846749152,0.8782046078061534,5.1122579237248384,5.036805597382616,,,2.54,286.3362681107586,7.444484280016568
116,,AM,R1796,00,EHZ,61.1981981981982,-149.91291617029023,2026-09-12T11:04:59.996000Z,2026-09-12T11:05:59.996000Z,100.0,100.0,60.0,,noise,0,Noise,timeofday:America/Anchorage:day7-19:night1-5,AM,2.0-20.0,204.04402975902372,1515.2647533914715,176.82637657200615,1467.1881657605622,0.7510110228575801,2.8532884041990836,3.172711470035874,,,2.54,286.3362681107586,5.124003939288035
117,,AM,R1796,00,EHZ,61.1981981981982,-149.91291617029023,2026-09-12T11:05:59.996000Z,2026-09-12T11:06:59.996000Z,100.0,100.0,60.0,,noise,0,Noise,timeofday:America/Anchorage:day7-19:night1-5,AM,2.0-20.0,197.2530041234801,1612.734151032888,168.20727445478065,1717.7339307640764,0.7271806187233374,5.323638805824357,4.940101197313999,,,2.54,286.3362681107586,5.999009284075862
118,,AM,R1796,00,EHZ,61.1981981981982,-149.91291617029023,2026-09-12T11:06:59.996000Z,2026-09-12T11:07:59.996000Z,100.0,100.0,60.0,,noise,0,Noise,timeofday:America/Anchorage:day7-19:night1-5,AM,2.0-20.0,240.04985324299548,2172.733781512856,212.76321043822512,2036.5494614010345,0.7855795693185074,5.750616192619039,5.9810056977823045,,,2.54,286.3362681107586,7.112439771734646
119,,AM,R1796,00,EHZ,61.1981981981982,-149.91291617029023,2026-09-12T11:07:59.996000Z,2026-09-12T11:08:59.996000Z,100.0,100.0,60.0,,noise,0,Noise,timeofday:America/Anchorage:day7-19:night1-5,AM,2.0-20.0,309.57555704407696,2388.7330325147886,274.77872351980164,2055.6743952153865,0.7878306582468403,3.7314242965924627,3.744012098578872,,,2.54,286.3362681107586,7.179231638306555
120,,AM,R1796,00,EHZ,61.1981981981982,-149.91291617029023,2026-09-12T11:08:59.996000Z,2026-09-12T11:09:59.996000Z,100.0,100.0,60.0,,noise,0,Noise,timeofday:America/Anchorage:day7-19:night1-5,AM,2.0-20.0,332.98344685083606,3361.7327031196546,305.74650676593524,3258.91614522468,0.8430973388579595,4.864858267419306,12.567333686913196,,,2.54,286.3362681107586,11.381429836768314
121,,AM,R1796,00,EHZ,61.1981981981982,-149.91291617029023,2026-09-12T11:09:59.996000Z,2026-09-12T11:10:59.996000Z,100.0,100.0,60.0,,noise,0,Noise,timeofday:America/Anchorage:day7-19:night1-5,AM,2.0-20.0,335.7008494876428,2707.267961235386,303.894038849104,2666.814365337629,0.8194821189490095,5.535445487097823,7.754864192808329,,,2.54,286.3362681107586,9.313575199304024
122,,AM,R1796,00,EHZ,61.1981981981982,-149.91291617029023,2026-09-12T11:10:59.996000Z,2026-09-12T11:11:59.996000Z,100.0,100.0,60.0,,noise,0,Noise,timeofday:America/Anchorage:day7-19:night1-5,AM,2.0-20.0,199.23210503006638,888.7314893171279,165.66976005813407,689.5534114866293,0.6914612377847343,2.9036802671614708,0.0835420009224741,,,2.54,286.3362681107586,2.408194449261667
123,,AM,R1796,00,EHZ,61.1981981981982,-149.91291617029023,2026-09-12T11:11:59.996000Z,2026-09-12T11:12:59.996000Z,100.0,100.0,60.0,,noise,0,Noise,timeofday:America/Anchorage:day7-19:night1-5,AM,2.0-20.0,414.87607095527517,4343.269418911368,391.89410848090375,4279.638909116667,0.8922790498997861,8.337243153025208,16.730865555636743,,,2.54,286.3362681107586,14.9461992270614
124,,AM,R1796,00,EHZ,61.1981981981982,-149.91291617029023,2026-09-12T11:12:59.996000Z,2026-09-12T11:13:59.996000Z,100.0,100.0,60.0,,noise,0,Noise,timeofday:America/Anchorage:day7-19:night1-5,AM,2.0-20.0,444.18908324683565,4196.269856965893,424.9923454600526,3854.4153361634885,0.9154327691868632,5.861315243726191,7.6656892052984045,,,2.54,286.3362681107586,13.461149583302351
125,,AM,R1796,00,EHZ,61.1981981981982,-149.91291617029023,2026-09-12T11:13:59.996000Z,2026-09-12T11:14:59.996000Z,100.0,100.0,60.0,,noise,0,Noise,timeofday:America/Anchorage:day7-19:night1-5,AM,2.0-20.0,309.56772659341647,2509.7299423119985,286.69988953440696,2423.9222680099633,0.8577163634753949,4.8187741377708075,7.380251660637757,,,2.54,286.3362681107586,8.465299502584697
126,,AM,R1796,00,EHZ,61.1981981981982,-149.91291617029023,2026-09-12T11:14:59.996000Z,2026-09-12T11:15:59.996000Z,100.0,100.0,60.0,,noise,0,Noise,timeofday:America/Anchorage:day7-19:night1-5,AM,2.0-20.0,330.5710927855671,3037.2709195434436,308.8232812295711,2883.2426258524774,0.8727509276748358,6.411493105368665,10.633007452417653,,,2.54,286.3362681107586,10.06942866468177
127,,AM,R1796,00,EHZ,61.1981981981982,-149.91291617029023,2026-09-12T11:15:59.996000Z,2026-09-12T11:16:59.996000Z,100.0,100.0,60.0,,noise,0,Noise,timeofday:America/Anchorage:day7-19:night1-5,AM,2.0-20.0,336.2121128239703,1950.2712211147445,313.2417131107285,1897.338792924443,0.8680254711066341,6.620447569761447,1.9869426237802026,,,2.54,286.3362681107586,6.626260813703584
128,,AM,R1796,00,EHZ,61.1981981981982,-149.91291617029023,2026-09-12T11:17:59.996000Z,2026-09-12T11:18:59.996000Z,100.0,100.0,60.0,,noise,0,Noise,timeofday:America/Anchorage:day7-19:night1-5,AM,2.0-20.0,377.08984965926777,2213.2726996830097,347.9612801809565,2126.4894668296665,0.8514754977843714,3.034932651929873,1.799124980555634,,,2.54,286.3362681107586,7.426546000826946
129,,AM,R1796,00,EHZ,61.1981981981982,-149.91291617029023,2026-09-12T11:19:59.996000Z,2026-09-12T11:20:59.996000Z,100.0,100.0,60.0,,noise,0,Noise,timeofday:America/Anchorage:day7-19:night1-5,AM,2.0-20.0,244.26706808420536,1792.7263654361923,222.20551606387386,1679.2910575010278,0.8275225405538053,5.764570102540444,3.8004415630858928,,,2.54,286.3362681107586,5.864751498582275
130,,AM,R1796,00,EHZ,61.1981981981982,-149.91291617029023,2026-09-12T11:20:59.996000Z,2026-09-12T11:21:59.996000Z,100.0,100.0,60.0,,noise,0,Noise,timeofday:America/Anchorage:day7-19:night1-5,AM,2.0-20.0,316.443023457082,3087.725707524569,296.1801110434473,2880.334052487452,0.8760335371545951,4.941626280336298,10.016141838167913,,,2.54,286.3362681107586,10.059270771012846
131,,AM,R1796,00,EHZ,61.1981981981982,-149.91291617029023,2026-09-12T11:21:59.996000Z,2026-09-12T11:22:59.996000Z,100.0,100.0,60.0,,noise,0,Noise,timeofday:America/Anchorage:day7-19:night1-5,AM,2.0-20.0,258.01276530234577,2061.72526947004,234.16348650253866,1902.3679696304384,0.8236751519474803,3.1308395899781316,5.349678441532673,,,2.54,286.3362681107586,6.643824696683473
132,,AM,R1796,00,EHZ,61.1981981981982,-149.91291617029023,2026-09-12T11:22:59.996000Z,2026-09-12T11:23:59.996000Z,100.0,100.0,60.0,,noise,0,Noise,timeofday:America/Anchorage:day7-19:night1-5,AM,2.0-20.0,291.487445343281,1442.7246693538873,262.68518483383656,1448.4729900398888,0.8121410290970672,2.87388320923246,2.8018004341096043,,,2.54,286.3362681107586,5.058643110762345
133,,AM,R1796,00,EHZ,61.1981981981982,-149.91291617029023,2026-09-12T11:23:59.996000Z,2026-09-12T11:24:59.996000Z,100.0,100.0,60.0,,noise,0,Noise,timeofday:America/Anchorage:day7-19:night1-5,AM,2.0-20.0,291.2769493757127,2578.723644167665,270.9633351289247,2585.2297994391283,0.8653839243930114,7.4194964198511855,12.188329702724479,,,2.54,286.3362681107586,9.028649484385706
134,,AM,R1796,00,EHZ,61.1981981981982,-149.91291617029023,2026-09-12T11:24:59.996000Z,2026-09-12T11:25:59.996000Z,100.0,100.0,60.0,,noise,0,Noise,timeofday:America/Anchorage:day7-19:night1-5,AM,2.0-20.0,318.25874147532346,2321.2766118116015,296.9767911506968,2594.7677144840063,0.8707316656130047,4.994968893899391,5.475051840882955,,,2.54,286.3362681107586,9.061959672814888
135,,AM,R1796,00,EHZ,61.1981981981982,-149.91291617029023,2026-09-12T11:25:59.996000Z,2026-09-12T11:26:59.996000Z,100.0,100.0,60.0,,noise,0,Noise,timeofday:America/Anchorage:day7-19:night1-5,AM,2.0-20.0,288.7561316622411,1860.7228776942793,267.21694765650227,1846.4414368456498,0.8563781292587975,4.5462090158190005,4.257178470987521,,,2.54,286.3362681107586,6.448507026470786
136,,AM,R1796,00,EHZ,61.1981981981982,-149.91291617029023,2026-09-12T11:26:59.996000Z,2026-09-12T11:27:59.996000Z,100.0,100.0,60.0,,noise,0,Noise,timeofday:America/Anchorage:day7-19:night1-5,AM,2.0-20.0,225.10764818880023,2182.2779759604527,200.69390984469194,2147.542295490607,0.7948549555460585,5.795140627327421,10.214215823572276,,,2.54,286.3362681107586,7.500070842090844
137,,AM,R1796,00,EHZ,61.1981981981982,-149.91291617029023,2026-09-12T11:27:59.996000Z,2026-09-12T11:28:59.996000Z,100.0,100.0,60.0,,noise,0,Noise,timeofday:America/Anchorage:day7-19:night1-5,AM,2.0-20.0,250.40109873442003,1550.721343673602,223.7798242642128,1543.9020839477448,0.7986737239518702,4.4516529192087235,2.9311525059978134,,,2.54,286.3362681107586,5.391919417454107
138,,AM,R1796,00,EHZ,61.1981981981982,-149.91291617029023,2026-09-12T11:28:59.996000Z,2026-09-12T11:29:59.996000Z,100.0,100.0,60.0,,noise,0,Noise,timeofday:America/Anchorage:day7-19:night1-5,AM,2.0-20.0,236.21637153192074,2462.721111905954,210.7474508499527,2421.8820321023736,0.795984612269027,5.321194153213411,9.859276781300535,,,2.54,286.3362681107586,8.45817418827837
139,,AM,R1796,00,EHZ,61.1981981981982,-149.91291617029023,2026-09-12T11:29:59.996000Z,2026-09-12T11:30:59.996000Z,100.0,100.0,60.0,,noise,0,Noise,timeofday:America/Anchorage:day7-19:night1-5,AM,2.0-20.0,253.68911301309757,1998.279689029936,228.0781675934852,2166.8853116689784,0.8082836058938627,5.772819563435317,7.863855321359386,,,2.54,286.3362681107586,7.567624338914687
140,,AM,R1796,00,EHZ,61.1981981981982,-149.91291617029023,2026-09-12T11:30:59.996000Z,2026-09-12T11:31:59.996000Z,100.0,100.0,60.0,,noise,0,Noise,timeofday:America/Anchorage:day7-19:night1-5,AM,2.0-20.0,318.10341220322044,2162.719724912269,297.1908586766409,2113.295889795365,0.8728391912146848,5.913912670288389,5.367452721121408,,,2.54,286.3362681107586,7.380468788459289
141,,AM,R1796,00,EHZ,61.1981981981982,-149.91291617029023,2026-09-12T11:32:59.996000Z,2026-09-12T11:33:59.996000Z,100.0,100.0,60.0,,noise,0,Noise,timeofday:America/Anchorage:day7-19:night1-5,AM,2.0-20.0,398.3038466425064,4180.718700897574,365.98259802050563,4203.7413030317075,0.8442904370733777,5.081112258467525,18.57715413452272,,,2.54,286.3362681107586,14.681134635049602
142,,AM,R1796,00,EHZ,61.1981981981982,-149.91291617029023,2026-09-12T11:33:59.996000Z,2026-09-12T11:34:59.996000Z,100.0,100.0,60.0,,noise,0,Noise,timeofday:America/Anchorage:day7-19:night1-5,AM,2.0-20.0,250.7052624692473,1693.7182008495947,210.40999045425895,1639.9439083953375,0.7043780484459301,3.7944041267689483,3.385120809678101,,,2.54,286.3362681107586,5.727335622607841
143,,AM,R1796,00,EHZ,61.1981981981982,-149.91291617029023,2026-09-12T11:34:59.996000Z,2026-09-12T11:35:59.996000Z,100.0,100.0,60.0,,noise,0,Noise,timeofday:America/Anchorage:day7-19:night1-5,AM,2.0-20.0,252.1669877873186,1555.2828424953404,212.40283885879106,1538.4456444666507,0.7094865594857585,4.832993646930915,1.9134834228825843,,,2.54,286.3362681107586,5.372863363126461
144,,AM,R1796,00,EHZ,61.1981981981982,-149.91291617029023,2026-09-12T11:35:59.996000Z,2026-09-12T11:36:59.996000Z,100.0,100.0,60.0,,noise,0,Noise,timeofday:America/Anchorage:day7-19:night1-5,AM,2.0-20.0,399.7654470365559,4685.716671319784,378.17298523806306,4254.969941818792,0.8948917321093691,7.9198102993315,23.39470884774375,,,2.54,286.3362681107586,14.86004539310722
145,,AM,R1796,00,EHZ,61.1981981981982,-149.91291617029023,2026-09-12T11:36:59.996000Z,2026-09-12T11:37:59.996000Z,100.0,100.0,60.0,,noise,0,Noise,timeofday:America/Anchorage:day7-19:night1-5,AM,2.0-20.0,222.89736799158564,934.2838612381493,190.56160523579825,899.8764858066664,0.7309049859276152,2.3603354223554205,0.7287869762394812,,,2.54,286.3362681107586,3.142726179062243
146,,AM,R1796,00,EHZ,61.1981981981982,-149.91291617029023,2026-09-12T11:37:59.996000Z,2026-09-12T11:38:59.996000Z,100.0,100.0,60.0,,noise,0,Noise,timeofday:America/Anchorage:day7-19:night1-5,AM,2.0-20.0,318.2291771461799,3296.715560709512,296.53267993001253,3615.721045366594,0.8682906679915622,5.966570783773713,12.094997734901217,,,2.54,286.3362681107586,12.627534294635653
147,,AM,R1796,00,EHZ,61.1981981981982,-149.91291617029023,2026-09-12T11:38:59.996000Z,2026-09-12T11:39:59.996000Z,100.0,100.0,60.0,,noise,0,Noise,timeofday:America/Anchorage:day7-19:night1-5,AM,2.0-20.0,229.0884343423516,936.7148033154808,203.4660669048615,839.24997353788,0.7888195250206901,2.590492463321437,0.49288417141183105,,,2.54,286.3362681107586,2.930994313347854
148,,AM,R1796,00,EHZ,61.1981981981982,-149.91291617029023,2026-09-12T11:43:59.996000Z,2026-09-12T11:44:59.996000Z,100.0,100.0,60.0,,traffic,1,Traffic,timeofday:America/Anchorage:day7-19:night1-5+burst>=20x,AM,2.0-20.0,656.2683931658772,10120.28758846028,640.2341183689485,9653.956248021368,0.9517319551403274,5.747335699025841,57.24360800179909,,,2.54,286.3362681107586,33.71545040982056
149,,AM,R1796,00,EHZ,61.1981981981982,-149.91291617029023,2026-09-12T11:44:59.996000Z,2026-09-12T11:45:59.996000Z,100.0,100.0,60.0,,noise,0,Noise,timeofday:America/Anchorage:day7-19:night1-5,AM,2.0-20.0,329.18897002613005,3466.7115099498915,302.7004952214387,3556.0079375950877,0.8455430277593916,6.430821490285671,9.980006266881029,,,2.54,286.3362681107586,12.418992400290616
150,,AM,R1796,00,EHZ,61.1981981981982,-149.91291617029023,2026-09-12T11:45:59.996000Z,2026-09-12T11:46:59.996000Z,100.0,100.0,60.0,,noise,0,Noise,timeofday:America/Anchorage:day7-19:night1-5,AM,2.0-20.0,250.60725147161776,1486.288991464873,214.15626219009744,1717.3407264039365,0.7302545802627323,4.084564333900259,2.3487447916848403,,,2.54,286.3362681107586,5.997636058243403
151,,AM,R1796,00,EHZ,61.1981981981982,-149.91291617029023,2026-09-12T11:46:59.996000Z,2026-09-12T11:47:59.996000Z,100.0,100.0,60.0,,noise,0,Noise,timeofday:America/Anchorage:day7-19:night1-5,AM,2.0-20.0,263.2327408533228,2167.7103947511278,237.17017300813015,1892.576743524598,0.8117837045449509,4.9367914614424135,4.637456443152971,,,2.54,286.3362681107586,6.609629845397456
152,,AM,R1796,00,EHZ,61.1981981981982,-149.91291617029023,2026-09-12T11:47:59.996000Z,2026-09-12T11:48:59.996000Z,100.0,100.0,60.0,,noise,0,Noise,timeofday:America/Anchorage:day7-19:night1-5,AM,2.0-20.0,238.02262017575217,1289.7095358245133,210.1462207076754,1183.2285892135835,0.7794831019273468,3.02581923767075,1.2249473417630092,,,2.54,286.3362681107586,4.13230429040828
153,,AM,R1796,00,EHZ,61.1981981981982,-149.91291617029023,2026-09-12T11:48:59.996000Z,2026-09-12T11:49:59.996000Z,100.0,100.0,60.0,,noise,0,Noise,timeofday:America/Anchorage:day7-19:night1-5,AM,2.0-20.0,224.54912426371826,902.2908119245913,187.7912698968269,792.9336797982462,0.6994039266282844,2.568775642187679,0.11156092909450521,,,2.54,286.3362681107586,2.769239415705205
154,,AM,R1796,00,EHZ,61.1981981981982,-149.91291617029023,2026-09-12T11:49:59.996000Z,2026-09-12T11:50:59.996000Z,100.0,100.0,60.0,,noise,0,Noise,timeofday:America/Anchorage:day7-19:night1-5,AM,2.0-20.0,318.1736954947405,3677.2912984023496,286.3362681107586,3389.6394828322154,0.8098865310421037,5.388412708218306,15.96310953440237,,,2.54,286.3362681107586,11.837967663673881
155,,AM,R1796,00,EHZ,61.1981981981982,-149.91291617029023,2026-09-12T11:50:59.996000Z,2026-09-12T11:51:59.996000Z,100.0,100.0,60.0,,noise,0,Noise,timeofday:America/Anchorage:day7-19:night1-5,AM,2.0-20.0,326.3088881069314,3108.292181345325,296.56443893886114,3007.9805381472056,0.8260005571615054,4.565401301173549,11.300764793501921,,,2.54,286.3362681107586,10.50506300858709
156,,AM,R1796,00,EHZ,61.1981981981982,-149.91291617029023,2026-09-12T11:51:59.996000Z,2026-09-12T11:52:59.996000Z,100.0,100.0,60.0,,noise,0,Noise,timeofday:America/Anchorage:day7-19:night1-5,AM,2.0-20.0,309.7754111307646,2845.70750322027,275.54314969081764,2778.808685291795,0.7911983134317433,5.3195058553946435,11.433884500771926,,,2.54,286.3362681107586,9.70470385615599
157,,AM,R1796,00,EHZ,61.1981981981982,-149.91291617029023,2026-09-12T11:53:59.996000Z,2026-09-12T11:54:59.996000Z,100.0,100.0,60.0,,noise,0,Noise,timeofday:America/Anchorage:day7-19:night1-5,AM,2.0-20.0,352.5637854255924,2390.2939197979576,321.7441231109817,2511.200190457761,0.8328098342872075,3.361261044745938,4.182157095567751,,,2.54,286.3362681107586,8.770108680351997
158,,AM,R1796,00,EHZ,61.1981981981982,-149.91291617029023,2026-09-12T11:54:59.996000Z,2026-09-12T11:55:59.996000Z,100.0,100.0,60.0,,noise,0,Noise,timeofday:America/Anchorage:day7-19:night1-5,AM,2.0-20.0,304.5424193535523,2534.2942269340274,273.11779985113884,2309.169002091843,0.8042747297221322,4.646784870291543,6.976021498141007,,,2.54,286.3362681107586,8.064535510390273
159,,AM,R1796,00,EHZ,61.1981981981982,-149.91291617029023,2026-09-12T11:55:59.996000Z,2026-09-12T11:56:59.996000Z,100.0,100.0,60.0,,traffic,1,Traffic,timeofday:America/Anchorage:day7-19:night1-5+burst>=20x,AM,2.0-20.0,1217.4388981919778,21519.29515156394,1197.6378912081116,20319.23378719361,0.9677355791711685,8.469555905880927,79.26374434682084,,,2.54,286.3362681107586,70.96283653223372
160,,AM,R1796,00,EHZ,61.1981981981982,-149.91291617029023,2026-09-12T11:57:59.996000Z,2026-09-12T11:58:59.996000Z,100.0,100.0,60.0,,noise,0,Noise,timeofday:America/Anchorage:day7-19:night1-5,AM,2.0-20.0,361.9527941539559,2444.2963697597006,326.25446233317405,2487.093811707163,0.8124732174337362,5.986652918561251,7.833272641006237,,,2.54,286.3362681107586,8.68591962910239
161,,AM,R1796,00,EHZ,61.1981981981982,-149.91291617029023,2026-09-12T11:58:59.996000Z,2026-09-12T11:59:59.996000Z,100.0,100.0,60.0,,noise,0,Noise,timeofday:America/Anchorage:day7-19:night1-5,AM,2.0-20.0,265.0800492660549,1597.2964412230212,228.5202398128412,1529.622505254647,0.7431821276531869,3.2380522075758416,2.9957541030208663,,,2.54,286.3362681107586,5.342049455862046
162,,AM,R1796,00,EHZ,61.1981981981982,-149.91291617029023,2026-09-12T11:59:59.996000Z,2026-09-12T12:00:59.996000Z,100.0,100.0,60.0,,noise,0,Noise,timeofday:America/Anchorage:day7-19:night1-5,AM,2.0-20.0,355.3661342598576,3149.2971204174355,316.04748666461245,2512.502232150752,0.790956512113698,3.7549338919053015,4.0174987192009475,,,2.54,286.3362681107586,8.774655927201243
163,,AM,R1796,00,EHZ,61.1981981981982,-149.91291617029023,2026-09-12T12:00:59.996000Z,2026-09-12T12:01:59.996000Z,100.0,100.0,60.0,,noise,0,Noise,timeofday:America/Anchorage:day7-19:night1-5,AM,2.0-20.0,423.58893827286056,4946.297759194073,394.2699986472907,4811.066683251176,0.8663596998807958,5.459032165975048,22.97203641610044,,,2.54,286.3362681107586,16.802156132698467
164,,AM,R1796,00,EHZ,61.1981981981982,-149.91291617029023,2026-09-12T12:01:59.996000Z,2026-09-12T12:02:59.996000Z,100.0,100.0,60.0,,noise,0,Noise,timeofday:America/Anchorage:day7-19:night1-5,AM,2.0-20.0,344.3732517841652,1959.2984724604794,299.11145968545486,2043.067565307516,0.7544097306475558,3.247359900934309,2.590829202215926,,,2.54,286.3362681107586,7.135203579999271
165,,AM,R1796,00,EHZ,61.1981981981982,-149.91291617029023,2026-09-12T12:02:59.996000Z,2026-09-12T12:03:59.996000Z,100.0,100.0,60.0,,noise,0,Noise,timeofday:America/Anchorage:day7-19:night1-5,AM,2.0-20.0,387.41027139727663,2309.2991992971074,325.2335392738232,2709.848464361455,0.7047715894344935,3.3429774513762633,4.216874597505968,,,2.54,286.3362681107586,9.463867369093636
166,,AM,R1796,00,EHZ,61.1981981981982,-149.91291617029023,2026-09-12T12:03:59.996000Z,2026-09-12T12:04:59.996000Z,100.0,100.0,60.0,,noise,0,Noise,timeofday:America/Anchorage:day7-19:night1-5,AM,2.0-20.0,595.982316321337,4159.299579751416,521.2967004161686,4304.179045806216,0.7650735793697674,6.3941265718640246,4.65670243384237,,,2.54,286.3362681107586,15.03190313335125
167,,AM,R1796,00,EHZ,61.1981981981982,-149.91291617029023,2026-09-12T12:04:59.996000Z,2026-09-12T12:05:59.996000Z,100.0,100.0,60.0,,noise,0,Noise,timeofday:America/Anchorage:day7-19:night1-5,AM,2.0-20.0,443.1706994782815,2322.299929648325,349.16810682612424,1498.7113795018363,0.6207647653551408,2.988093101717599,1.3267079658276995,,,2.54,286.3362681107586,5.2340955247838705
168,,AM,R1796,00,EHZ,61.1981981981982,-149.91291617029023,2026-09-12T12:05:59.996000Z,2026-09-12T12:06:59.996000Z,100.0,100.0,60.0,,noise,0,Noise,timeofday:America/Anchorage:day7-19:night1-5,AM,2.0-20.0,299.1099964411532,2351.6990235897792,246.36831173020408,2197.2138473516807,0.6784343670366122,5.286368565405569,4.593238748057981,,,2.54,286.3362681107586,7.673543634024627
169,,AM,R1796,00,EHZ,61.1981981981982,-149.91291617029023,2026-09-12T12:06:59.996000Z,2026-09-12T12:07:59.996000Z,100.0,100.0,60.0,,noise,0,Noise,timeofday:America/Anchorage:day7-19:night1-5,AM,2.0-20.0,286.8748766220928,1673.3013707276332,194.29696561883068,1314.2552822506395,0.4587192907787853,3.142496066972065,1.1909386033135752,,,2.54,286.3362681107586,4.589901554986629
170,,AM,R1796,00,EHZ,61.1981981981982,-149.91291617029023,2026-09-12T12:09:59.996000Z,2026-09-12T12:10:59.996000Z,100.0,100.0,60.0,,noise,0,Noise,timeofday:America/Anchorage:day7-19:night1-5,AM,2.0-20.0,359.50118313204985,2894.696810765199,324.7959415657082,2819.5475760528802,0.8162450111299079,4.234696743926782,6.690126005160126,,,2.54,286.3362681107586,9.846980246883158
171,,AM,R1796,00,EHZ,61.1981981981982,-149.91291617029023,2026-09-12T12:10:59.996000Z,2026-09-12T12:11:59.996000Z,100.0,100.0,60.0,,noise,0,Noise,timeofday:America/Anchorage:day7-19:night1-5,AM,2.0-20.0,230.51480508905672,1644.6965360414542,199.79993558441421,1408.0580171148783,0.751264799297661,4.534117458614849,4.017304083058972,,,2.54,286.3362681107586,4.917497969800399
172,,AM,R1796,00,EHZ,61.1981981981982,-149.91291617029023,2026-09-12T12:11:59.996000Z,2026-09-12T12:12:59.996000Z,100.0,100.0,60.0,,noise,0,Noise,timeofday:America/Anchorage:day7-19:night1-5,AM,2.0-20.0,565.1026350233692,5166.304247419117,549.8947896334179,4897.360769142951,0.9469009332478341,5.16214520780638,15.738298320448376,,,2.54,286.3362681107586,17.103529362367002
173,,AM,R1796,00,EHZ,61.1981981981982,-149.91291617029023,2026-09-12T12:12:59.996000Z,2026-09-12T12:13:59.996000Z,100.0,100.0,60.0,,noise,0,Noise,timeofday:America/Anchorage:day7-19:night1-5,AM,2.0-20.0,250.04092544509885,2879.3047447335266,227.1127462417383,3100.008707140329,0.825013057765691,6.953609355782707,21.889980200308454,,,2.54,286.3362681107586,10.82646193440366
174,,AM,R1796,00,EHZ,61.1981981981982,-149.91291617029023,2026-09-12T12:13:59.996000Z,2026-09-12T12:14:59.996000Z,100.0,100.0,60.0,,noise,0,Noise,timeofday:America/Anchorage:day7-19:night1-5,AM,2.0-20.0,572.0903573811662,3778.6944530614273,481.1076468395868,3111.427872471751,0.7072211888010141,4.228690948987046,4.675403857253903,,,2.54,286.3362681107586,10.866342196190843
175,,AM,R1796,00,EHZ,61.1981981981982,-149.91291617029023,2026-09-12T12:14:59.996000Z,2026-09-12T12:15:59.996000Z,100.0,100.0,60.0,,noise,0,Noise,timeofday:America/Anchorage:day7-19:night1-5,AM,2.0-20.0,276.35297596140833,2612.3062031905283,240.30848596371027,2684.0578556214296,0.7561534238808292,6.443603096863684,9.651074014411648,,,2.54,286.3362681107586,9.373796317633087
176,,AM,R1796,00,EHZ,61.1981981981982,-149.91291617029023,2026-09-12T12:15:59.996000Z,2026-09-12T12:16:59.996000Z,100.0,100.0,60.0,,traffic,1,Traffic,timeofday:America/Anchorage:day7-19:night1-5+burst>=20x,AM,2.0-20.0,599.2414521924296,7113.693202258088,580.9247373942416,6823.651369594808,0.939801307849306,6.217708935160598,18.358670961198754,,,2.54,286.3362681107586,23.830901389534525
177,,AM,R1796,00,EHZ,61.1981981981982,-149.91291617029023,2026-09-12T12:16:59.996000Z,2026-09-12T12:17:59.996000Z,100.0,100.0,60.0,,noise,0,Noise,timeofday:America/Anchorage:day7-19:night1-5,AM,2.0-20.0,367.7412413326097,2754.30711620277,345.5292553902298,2814.591116911065,0.8828460394778908,6.01139420402628,8.53007538969814,,,2.54,286.3362681107586,9.829670322525626
178,,AM,R1796,00,EHZ,61.1981981981982,-149.91291617029023,2026-09-12T12:17:59.996000Z,2026-09-12T12:18:59.996000Z,100.0,100.0,60.0,,traffic,1,Traffic,timeofday:America/Anchorage:day7-19:night1-5+burst>=20x,AM,2.0-20.0,1658.8385099073698,21029.69211927639,1629.9896016776243,17718.028625086386,0.965520390366365,7.3867745158250315,25.094727717382963,,,2.54,286.3362681107586,61.87839473493739
179,,AM,R1796,00,EHZ,61.1981981981982,-149.91291617029023,2026-09-12T12:18:59.996000Z,2026-09-12T12:19:59.996000Z,100.0,100.0,60.0,,noise,0,Noise,timeofday:America/Anchorage:day7-19:night1-5,AM,2.0-20.0,569.6611193551727,4835.308166576884,485.283851451255,3862.8615353945743,0.7257023370951711,5.765267163466698,7.668457425769324,,,2.54,286.3362681107586,13.490647066407838
180,,AM,R1796,00,EHZ,61.1981981981982,-149.91291617029023,2026-09-12T12:19:59.996000Z,2026-09-12T12:20:59.996000Z,100.0,100.0,60.0,,noise,0,Noise,timeofday:America/Anchorage:day7-19:night1-5,AM,2.0-20.0,428.9185179889905,3817.309086130168,373.5156308078363,3796.934799363704,0.7583469914214257,5.965897069245053,9.289418981048724,,,2.54,286.3362681107586,13.260404713715833
181,,AM,R1796,00,EHZ,61.1981981981982,-149.91291617029023,2026-09-12T12:20:59.996000Z,2026-09-12T12:21:59.996000Z,100.0,100.0,60.0,,noise,0,Noise,timeofday:America/Anchorage:day7-19:night1-5,AM,2.0-20.0,288.44084799814124,1672.6902720667422,218.28536928078532,1113.3377038779554,0.5727112684993165,2.983509299806278,1.4521974616096998,,,2.54,286.3362681107586,3.888217553521029
182,,AM,R1796,00,EHZ,61.1981981981982,-149.91291617029023,2026-09-12T12:21:59.996000Z,2026-09-12T12:22:59.996000Z,100.0,100.0,60.0,,noise,0,Noise,timeofday:America/Anchorage:day7-19:night1-5,AM,2.0-20.0,516.3670958823095,2913.309889994882,386.55986119952115,2402.5919888443686,0.5604235707333003,4.8202466581608245,4.880647041201641,,,2.54,286.3362681107586,8.390805693936803
183,,AM,R1796,00,EHZ,61.1981981981982,-149.91291617029023,2026-09-12T12:22:59.996000Z,2026-09-12T12:23:59.996000Z,100.0,100.0,60.0,,noise,0,Noise,timeofday:America/Anchorage:day7-19:night1-5,AM,2.0-20.0,370.685355953688,1626.310775573802,245.7442831239448,1430.255880387476,0.43949707390720943,4.046638973048013,1.9130754617928671,,,2.54,286.3362681107586,4.995021726811897
184,,AM,R1796,00,EHZ,61.1981981981982,-149.91291617029023,2026-09-12T12:23:59.996000Z,2026-09-12T12:24:59.996000Z,100.0,100.0,60.0,,noise,0,Noise,timeofday:America/Anchorage:day7-19:night1-5,AM,2.0-20.0,244.12413726192483,1275.6884131417937,217.72762351689605,1233.3261821005672,0.7954366944025245,3.682571664068282,1.5984233545419446,,,2.54,286.3362681107586,4.307264986856294
185,,AM,R1796,00,EHZ,61.1981981981982,-149.91291617029023,2026-09-12T12:24:59.996000Z,2026-09-12T12:25:59.996000Z,100.0,100.0,60.0,,noise,0,Noise,timeofday:America/Anchorage:day7-19:night1-5,AM,2.0-20.0,342.9938100772986,4007.311714554955,320.30705850617903,3560.058563195569,0.8720882866203499,3.9055764208461676,15.415412066133385,,,2.54,286.3362681107586,12.433138794064648
186,,AM,R1796,00,EHZ,61.1981981981982,-149.91291617029023,2026-09-12T12:25:59.996000Z,2026-09-12T12:26:59.996000Z,100.0,100.0,60.0,,noise,0,Noise,timeofday:America/Anchorage:day7-19:night1-5,AM,2.0-20.0,188.76950020911318,887.6872777341414,157.31106313235935,729.3528394462012,0.6944722236751327,2.5910088119372388,0.29839023418650745,,,2.54,286.3362681107586,2.547189862669014
187,,AM,R1796,00,EHZ,61.1981981981982,-149.91291617029023,2026-09-12T12:26:59.996000Z,2026-09-12T12:27:59.996000Z,100.0,100.0,60.0,,noise,0,Noise,timeofday:America/Anchorage:day7-19:night1-5,AM,2.0-20.0,397.13927077989064,3765.3128941878604,368.3982016136334,3613.545197258407,0.8604969490904176,7.605339284520137,15.09031184289277,,,2.54,286.3362681107586,12.619935368650681
188,,AM,R1796,00,EHZ,61.1981981981982,-149.91291617029023,2026-09-12T12:27:59.996000Z,2026-09-12T12:28:59.996000Z,100.0,100.0,60.0,,noise,0,Noise,timeofday:America/Anchorage:day7-19:night1-5,AM,2.0-20.0,355.2300750186839,2221.3137314411724,324.589999478046,2126.7594469142414,0.8349314405003684,4.657655092444775,3.984555376679549,,,2.54,286.3362681107586,7.427488878536277
189,,AM,R1796,00,EHZ,61.1981981981982,-149.91291617029023,2026-09-12T12:28:59.996000Z,2026-09-12T12:29:59.996000Z,100.0,100.0,60.0,,noise,0,Noise,timeofday:America/Anchorage:day7-19:night1-5,AM,2.0-20.0,184.1110158253655,662.3144069257432,151.72827332861874,577.6228785018078,0.6791621628559881,1.9546950322540015,-0.09620404229817492,,,2.54,286.3362681107586,2.0172885618470646
190,,AM,R1796,00,EHZ,61.1981981981982,-149.91291617029023,2026-09-12T12:29:59.996000Z,2026-09-12T12:30:59.996000Z,100.0,100.0,60.0,,noise,0,Noise,timeofday:America/Anchorage:day7-19:night1-5,AM,2.0-20.0,298.1872490566632,2252.6849221781777,263.6633762057243,2259.887382707996,0.781846472347561,5.970344659217078,7.532999228278117,,,2.54,286.3362681107586,7.892424517574009
191,,AM,R1796,00,EHZ,61.1981981981982,-149.91291617029023,2026-09-12T12:30:59.996000Z,2026-09-12T12:31:59.996000Z,100.0,100.0,60.0,,noise,0,Noise,timeofday:America/Anchorage:day7-19:night1-5,AM,2.0-20.0,408.3136870216641,3075.6848376327725,384.5574024096832,2898.5789080943314,0.8870221707618425,3.150335288589967,5.028565173321935,,,2.54,286.3362681107586,10.122989054858824
192,,AM,R1796,00,EHZ,61.1981981981982,-149.91291617029023,2026-09-12T12:31:59.996000Z,2026-09-12T12:32:59.996000Z,100.0,100.0,60.0,,noise,0,Noise,timeofday:America/Anchorage:day7-19:night1-5,AM,2.0-20.0,350.6939148150129,4403.683736101859,322.4841503257192,4062.793691474153,0.8455908768851433,6.546449135456664,22.831053376412008,,,2.54,286.3362681107586,14.188889581750821
193,,AM,R1796,00,EHZ,61.1981981981982,-149.91291617029023,2026-09-12T12:32:59.996000Z,2026-09-12T12:33:59.996000Z,100.0,100.0,60.0,,noise,0,Noise,timeofday:America/Anchorage:day7-19:night1-5,AM,2.0-20.0,402.6310606183387,4727.683232246407,379.2086270770348,4645.562792334295,0.8870372705516709,6.429074563770475,16.863396118499164,,,2.54,286.3362681107586,16.22415079649404
194,,AM,R1796,00,EHZ,61.1981981981982,-149.91291617029023,2026-09-12T12:33:59.996000Z,2026-09-12T12:34:59.996000Z,100.0,100.0,60.0,,noise,0,Noise,timeofday:America/Anchorage:day7-19:night1-5,AM,2.0-20.0,326.1021781595444,2212.682775056892,299.35183453666457,2188.441987097783,0.8426678965390406,4.563113441779137,6.5229618166160215,,,2.54,286.3362681107586,7.642908813253322
195,,AM,R1796,00,EHZ,61.1981981981982,-149.91291617029023,2026-09-12T12:35:59.996000Z,2026-09-12T12:36:59.996000Z,100.0,100.0,60.0,,noise,0,Noise,timeofday:America/Anchorage:day7-19:night1-5,AM,2.0-20.0,265.3494825429817,1805.6814759279441,237.92806983994052,1715.2613516550314,0.8039978230125141,2.7927728215959617,2.9363378287152946,,,2.54,286.3362681107586,5.99037405555466
196,,AM,R1796,00,EHZ,61.1981981981982,-149.91291617029023,2026-09-12T12:36:59.996000Z,2026-09-12T12:37:59.996000Z,100.0,100.0,60.0,,noise,0,Noise,timeofday:America/Anchorage:day7-19:night1-5,AM,2.0-20.0,280.93349553946575,2209.681347157293,248.42935644575752,2112.796496718098,0.7819856485530087,3.228653732334241,3.7952176881067423,,,2.54,286.3362681107586,7.3787247094414194
197,,AM,R1796,00,EHZ,61.1981981981982,-149.91291617029023,2026-09-12T12:37:59.996000Z,2026-09-12T12:38:59.996000Z,100.0,100.0,60.0,,noise,0,Noise,timeofday:America/Anchorage:day7-19:night1-5,AM,2.0-20.0,377.67184812477325,3487.319341604616,323.19714471918024,3705.0013097228807,0.7323282771850664,6.017300832264352,11.188176254591928,,,2.54,286.3362681107586,12.939336445810412
198,,AM,R1796,00,EHZ,61.1981981981982,-149.91291617029023,2026-09-12T12:39:59.996000Z,2026-09-12T12:40:59.996000Z,100.0,100.0,60.0,,noise,0,Noise,timeofday:America/Anchorage:day7-19:night1-5,AM,2.0-20.0,369.9360765818581,3039.67908590948,342.22876443318495,2997.6394662173016,0.8558145112065926,6.276529748177224,6.935705183249729,,,2.54,286.3362681107586,10.468947877248212
199,,AM,R1796,00,EHZ,61.1981981981982,-149.91291617029023,2026-09-12T12:40:59.996000Z,2026-09-12T12:41:59.996000Z,100.0,100.0,60.0,,noise,0,Noise,timeofday:America/Anchorage:day7-19:night1-5,AM,2.0-20.0,307.5724836137675,2596.321063167692,283.8492731642183,2630.0670161490157,0.851688168026082,5.2750234696270955,7.527539809688911,,,2.54,286.3362681107586,9.185238857452983
200,,AM,R1796,00,EHZ,61.1981981981982,-149.91291617029023,2026-09-12T12:41:59.996000Z,2026-09-12T12:42:59.996000Z,100.0,100.0,60.0,,noise,0,Noise,timeofday:America/Anchorage:day7-19:night1-5,AM,2.0-20.0,258.70259721283406,1655.3216794900072,236.48193857203253,1722.6981264120448,0.835592197825564,5.754672564427259,5.603632740581769,,,2.54,286.3362681107586,6.016346227386335
201,,AM,R1796,00,EHZ,61.1981981981982,-149.91291617029023,2026-09-12T12:42:59.996000Z,2026-09-12T12:43:59.996000Z,100.0,100.0,60.0,,noise,0,Noise,timeofday:America/Anchorage:day7-19:night1-5,AM,2.0-20.0,420.81488505067404,3026.6776682607633,396.1455502388113,3180.574414463876,0.8861910865095267,5.036492329954646,5.864460115722855,,,2.54,286.3362681107586,11.107829390420036
202,,AM,R1796,00,EHZ,61.1981981981982,-149.91291617029023,2026-09-12T12:43:59.996000Z,2026-09-12T12:44:59.996000Z,100.0,100.0,60.0,,noise,0,Noise,timeofday:America/Anchorage:day7-19:night1-5,AM,2.0-20.0,307.1885108977929,2962.3231681139005,281.91889148625097,2544.6106160494273,0.8422449598557189,5.805942564680099,11.113269796362795,,,2.54,286.3362681107586,8.886791159355122
203,,AM,R1796,00,EHZ,61.1981981981982,-149.91291617029023,2026-09-12T12:44:59.996000Z,2026-09-12T12:45:59.996000Z,100.0,100.0,60.0,,noise,0,Noise,timeofday:America/Anchorage:day7-19:night1-5,AM,2.0-20.0,257.1379225082097,2276.323327734841,230.73911063127272,2247.1790542064045,0.8052118675785941,4.312645549110387,4.797560362695633,,,2.54,286.3362681107586,7.8480419858554775
204,,AM,R1796,00,EHZ,61.1981981981982,-149.91291617029023,2026-09-12T12:45:59.996000Z,2026-09-12T12:46:59.996000Z,100.0,100.0,60.0,,noise,0,Noise,timeofday:America/Anchorage:day7-19:night1-5,AM,2.0-20.0,394.92310191741683,2660.675670607161,356.86028346968067,2480.977231432042,0.8165285100230011,4.891560029232844,5.8990590097926106,,,2.54,286.3362681107586,8.664558100870295
205,,AM,R1796,00,EHZ,61.1981981981982,-149.91291617029023,2026-09-12T12:46:59.996000Z,2026-09-12T12:47:59.996000Z,100.0,100.0,60.0,,noise,0,Noise,timeofday:America/Anchorage:day7-19:night1-5,AM,2.0-20.0,574.7253468340789,3496.675065219126,479.77454040471457,3388.7861422661304,0.6968730894901873,3.2043747684311223,3.3678791959069185,,,2.54,286.3362681107586,11.834987459413641
206,,AM,R1796,00,EHZ,61.1981981981982,-149.91291617029023,2026-09-12T12:47:59.996000Z,2026-09-12T12:48:59.996000Z,100.0,100.0,60.0,,noise,0,Noise,timeofday:America/Anchorage:day7-19:night1-5,AM,2.0-20.0,870.7017877069724,6279.67443454557,623.920617086352,4518.655751752108,0.5134755886461538,5.003300277140847,7.409097560715299,,,2.54,286.3362681107586,15.780940994887287
207,,AM,R1796,00,EHZ,61.1981981981982,-149.91291617029023,2026-09-12T12:48:59.996000Z,2026-09-12T12:49:59.996000Z,100.0,100.0,60.0,,noise,0,Noise,timeofday:America/Anchorage:day7-19:night1-5,AM,2.0-20.0,592.6244448795275,4394.67393947659,448.2530346329076,4361.820744522014,0.5721202947666708,4.907151115138198,8.940033436431689,,,2.54,286.3362681107586,15.233210844372689
208,,AM,R1796,00,EHZ,61.1981981981982,-149.91291617029023,2026-09-12T12:49:59.996000Z,2026-09-12T12:50:59.996000Z,100.0,100.0,60.0,,noise,0,Noise,timeofday:America/Anchorage:day7-19:night1-5,AM,2.0-20.0,376.8874104515775,3502.326498577935,353.3031238868701,3838.3752026854368,0.8787628605136686,5.520409454524916,11.644604192982172,,,2.54,286.3362681107586,13.405131064992098
209,,AM,R1796,00,EHZ,61.1981981981982,-149.91291617029023,2026-09-12T12:50:59.996000Z,2026-09-12T12:51:59.996000Z,100.0,100.0,60.0,,noise,0,Noise,timeofday:America/Anchorage:day7-19:night1-5,AM,2.0-20.0,249.3353776822323,2122.3274067088023,222.41941460436945,2043.6670123601152,0.7957517066090464,3.3550908798856667,5.047715540576512,,,2.54,286.3362681107586,7.137297087247076
210,,AM,R1796,00,EHZ,61.1981981981982,-149.91291617029023,2026-09-12T12:51:59.996000Z,2026-09-12T12:52:59.996000Z,100.0,100.0,60.0,,noise,0,Noise,timeofday:America/Anchorage:day7-19:night1-5,AM,2.0-20.0,321.2094424969765,2853.327741863959,295.100190288585,3215.4364187227666,0.8440387232142158,6.410489267294982,8.749561012887243,,,2.54,286.3362681107586,11.22958135879243
211,,AM,R1796,00,EHZ,61.1981981981982,-149.91291617029023,2026-09-12T12:52:59.996000Z,2026-09-12T12:53:59.996000Z,100.0,100.0,60.0,,noise,0,Noise,timeofday:America/Anchorage:day7-19:night1-5,AM,2.0-20.0,323.35340468241566,2461.3282583133587,292.6611648658977,2111.1477216677713,0.8191724115043855,3.22060634066073,3.8645555282679496,,,2.54,286.3362681107586,7.372966531962873
212,,AM,R1796,00,EHZ,61.1981981981982,-149.91291617029023,2026-09-12T12:53:59.996000Z,2026-09-12T12:54:59.996000Z,100.0,100.0,60.0,,noise,0,Noise,timeofday:America/Anchorage:day7-19:night1-5,AM,2.0-20.0,241.78092902164292,1491.3288447616615,199.52762140330424,1413.7173800105516,0.6810232934856502,4.3173256804763795,3.1392441509566913,,,2.54,286.3362681107586,4.937262713306395
213,,AM,R1796,00,EHZ,61.1981981981982,-149.91291617029023,2026-09-12T12:54:59.996000Z,2026-09-12T12:55:59.996000Z,100.0,100.0,60.0,,noise,0,Noise,timeofday:America/Anchorage:day7-19:night1-5,AM,2.0-20.0,278.75894498121653,2301.670683014192,256.7060323102577,2299.2263155704586,0.8480364593116796,5.31945292433008,8.784271726696424,,,2.54,286.3362681107586,8.029811699163055
214,,AM,R1796,00,EHZ,61.1981981981982,-149.91291617029023,2026-09-12T12:55:59.996000Z,2026-09-12T12:56:59.996000Z,100.0,100.0,60.0,,noise,0,Noise,timeofday:America/Anchorage:day7-19:night1-5,AM,2.0-20.0,210.4963539877566,1394.3302326339908,185.4405897113966,1250.9356158380708,0.7761049328513882,3.430218673041987,2.326606887115884,,,2.54,286.3362681107586,4.368764125102701
215,,AM,R1796,00,EHZ,61.1981981981982,-149.91291617029023,2026-09-12T12:56:59.996000Z,2026-09-12T12:57:59.996000Z,100.0,100.0,60.0,,noise,0,Noise,timeofday:America/Anchorage:day7-19:night1-5,AM,2.0-20.0,385.2615248032992,2954.330459325014,366.974717219134,2588.6432402603177,0.9073211000372939,5.45826472638811,6.007709665508212,,,2.54,286.3362681107586,9.040570575778395
216,,AM,R1796,00,EHZ,61.1981981981982,-149.91291617029023,2026-09-12T12:57:59.996000Z,2026-09-12T12:58:59.996000Z,100.0,100.0,60.0,,noise,0,Noise,timeofday:America/Anchorage:day7-19:night1-5,AM,2.0-20.0,281.61081583719755,1124.6689137112771,217.16815121745634,898.9304773298797,0.5946940684283161,2.8985918071763113,0.8776818888495881,,,2.54,286.3362681107586,3.139422341643992
217,,AM,R1796,00,EHZ,61.1981981981982,-149.91291617029023,2026-09-12T12:58:59.996000Z,2026-09-12T12:59:59.996000Z,100.0,100.0,60.0,,noise,0,Noise,timeofday:America/Anchorage:day7-19:night1-5,AM,2.0-20.0,258.1389014574814,1449.3320068182838,229.68879278295563,1493.740506199557,0.791721967519158,4.007411691897747,3.199656627876876,,,2.54,286.3362681107586,5.216735260451738
218,,AM,R1796,00,EHZ,61.1981981981982,-149.91291617029023,2026-09-12T12:59:59.996000Z,2026-09-12T13:00:59.996000Z,100.0,100.0,60.0,,noise,0,Noise,timeofday:America/Anchorage:day7-19:night1-5,AM,2.0-20.0,262.8078870392635,2016.3324126557382,238.24332999975078,2159.7466868297206,0.8217973043032126,4.084358782484763,5.265201087262074,,,2.54,286.3362681107586,7.542693425040737
219,,AM,R1796,00,EHZ,61.1981981981982,-149.91291617029023,2026-09-12T15:01:59.996000Z,2026-09-12T15:02:59.996000Z,100.0,100.0,60.0,,traffic,1,Traffic,timeofday:America/Anchorage:day7-19:night1-5,AM,2.0-20.0,759.3350732906068,10479.40401138429,733.4252554642302,10287.387619888168,0.932920854143278,7.018736765075598,29.720586256700386,,,2.54,286.3362681107586,35.9276444013333
220,,AM,R1796,00,EHZ,61.1981981981982,-149.91291617029023,2026-09-12T15:02:59.996000Z,2026-09-12T15:03:59.996000Z,100.0,100.0,60.0,,traffic,1,Traffic,timeofday:America/Anchorage:day7-19:night1-5,AM,2.0-20.0,457.56985892480776,2690.5955468513384,430.60768262050345,2760.813217363355,0.8856226806250207,4.6875758241684595,3.880253085367128,,,2.54,286.3362681107586,9.64185653315645
221,,AM,R1796,00,EHZ,61.1981981981982,-149.91291617029023,2026-09-12T15:05:59.996000Z,2026-09-12T15:06:59.996000Z,100.0,100.0,60.0,,traffic,1,Traffic,timeofday:America/Anchorage:day7-19:night1-5,AM,2.0-20.0,322.3483595115272,2466.405921270787,293.3843734411151,2182.5408122448366,0.828367454749986,4.911310778410717,3.940577653397656,,,2.54,286.3362681107586,7.622299566328779
222,,AM,R1796,00,EHZ,61.1981981981982,-149.91291617029023,2026-09-12T15:16:59.996000Z,2026-09-12T15:17:59.996000Z,100.0,100.0,60.0,,traffic,1,Traffic,timeofday:America/Anchorage:day7-19:night1-5,AM,2.0-20.0,727.327806178658,8084.412438588821,651.6003215337173,7764.49076042347,0.8026056218529191,7.172082088270906,19.629946505584094,,,2.54,286.3362681107586,27.116686306116357
223,,AM,R1796,00,EHZ,61.1981981981982,-149.91291617029023,2026-09-12T15:17:59.996000Z,2026-09-12T15:18:59.996000Z,100.0,100.0,60.0,,traffic,1,Traffic,timeofday:America/Anchorage:day7-19:night1-5,AM,2.0-20.0,461.8180473464894,3379.413074339005,433.5252340878654,2863.4754936289964,0.8812253085686429,5.066251223268857,3.655297278331874,,,2.54,286.3362681107586,10.00039398614138
224,,AM,R1796,00,EHZ,61.1981981981982,-149.91291617029023,2026-09-12T15:20:59.996000Z,2026-09-12T15:21:59.996000Z,100.0,100.0,60.0,,traffic,1,Traffic,timeofday:America/Anchorage:day7-19:night1-5,AM,2.0-20.0,374.9307883405858,2252.4152097449914,335.2853384180062,2038.5353290152657,0.7996996674351978,3.8883444266627984,2.8210849770133386,,,2.54,286.3362681107586,7.119375210361873
225,,AM,R1796,00,EHZ,61.1981981981982,-149.91291617029023,2026-09-12T15:21:59.996000Z,2026-09-12T15:22:59.996000Z,100.0,100.0,60.0,,traffic,1,Traffic,timeofday:America/Anchorage:day7-19:night1-5,AM,2.0-20.0,743.8811905915485,7271.584671735243,714.7625272442532,6974.400731059928,0.9232437928393477,6.451648722451208,10.425332716564997,,,2.54,286.3362681107586,24.3573780474157
226,,AM,R1796,00,EHZ,61.1981981981982,-149.91291617029023,2026-09-12T15:23:59.996000Z,2026-09-12T15:24:59.996000Z,100.0,100.0,60.0,,traffic,1,Traffic,timeofday:America/Anchorage:day7-19:night1-5,AM,2.0-20.0,314.4693595895231,1699.583444753007,276.8229320042051,1564.5959760674466,0.7749032028980108,3.15680465342524,2.1070654935892073,,,2.54,286.3362681107586,5.464190709722599
227,,AM,R1796,00,EHZ,61.1981981981982,-149.91291617029023,2026-09-12T15:26:59.996000Z,2026-09-12T15:27:59.996000Z,100.0,100.0,60.0,,traffic,1,Traffic,timeofday:America/Anchorage:day7-19:night1-5,AM,2.0-20.0,379.0869894696188,2936.5815896355307,320.8839104759236,2989.2287455662436,0.7165031834965713,4.81965716117209,5.275542426272549,,,2.54,286.3362681107586,10.439574299438625
228,,AM,R1796,00,EHZ,61.1981981981982,-149.91291617029023,2026-09-12T15:28:59.996000Z,2026-09-12T15:29:59.996000Z,100.0,100.0,60.0,,traffic,1,Traffic,timeofday:America/Anchorage:day7-19:night1-5,AM,2.0-20.0,488.0816632605368,5106.419912753838,457.8963030675554,4914.812179986914,0.8801349972809238,7.227079353160576,15.84512648428261,,,2.54,286.3362681107586,17.164476621891993
229,,AM,R1796,00,EHZ,61.1981981981982,-149.91291617029023,2026-09-12T15:29:59.996000Z,2026-09-12T15:30:59.996000Z,100.0,100.0,60.0,,traffic,1,Traffic,timeofday:America/Anchorage:day7-19:night1-5,AM,2.0-20.0,423.2394433596714,3329.4202327767343,391.35576355467146,3062.9519094601856,0.8550100098588115,6.812876489937669,8.132016905087612,,,2.54,286.3362681107586,10.697044875486732
230,,AM,R1796,00,EHZ,61.1981981981982,-149.91291617029023,2026-09-12T15:30:59.996000Z,2026-09-12T15:31:59.996000Z,100.0,100.0,60.0,,traffic,1,Traffic,timeofday:America/Anchorage:day7-19:night1-5,AM,2.0-20.0,1161.4803237406218,5722.579098377362,860.1034260206145,5191.917141004551,0.5483749922120102,5.472008737020061,1.997809899486625,,,2.54,286.3362681107586,18.132237230235358
231,,AM,R1796,00,EHZ,61.1981981981982,-149.91291617029023,2026-09-12T15:31:59.996000Z,2026-09-12T15:32:59.996000Z,100.0,100.0,60.0,,traffic,1,Traffic,timeofday:America/Anchorage:day7-19:night1-5,AM,2.0-20.0,1179.011269589282,12377.421274754888,1136.1759880500636,12340.927864673298,0.9286569229691714,6.339765043341168,27.388028142582435,,,2.54,286.3362681107586,43.0994227385113
232,,AM,R1796,00,EHZ,61.1981981981982,-149.91291617029023,2026-09-12T15:32:59.996000Z,2026-09-12T15:33:59.996000Z,100.0,100.0,60.0,,traffic,1,Traffic,timeofday:America/Anchorage:day7-19:night1-5,AM,2.0-20.0,438.9629496919466,2704.422126749949,400.63737519040075,2713.2100827414115,0.8330042030951355,3.6389759448673615,4.66425302016859,,,2.54,286.3362681107586,9.475607475934227
233,,AM,R1796,00,EHZ,61.1981981981982,-149.91291617029023,2026-09-12T15:33:59.996000Z,2026-09-12T15:34:59.996000Z,100.0,100.0,60.0,,traffic,1,Traffic,timeofday:America/Anchorage:day7-19:night1-5,AM,2.0-20.0,472.56052134908845,5635.577141922557,440.9207229418045,5971.355808971375,0.8705749121148351,5.579692043273687,24.189260699814977,,,2.54,286.3362681107586,20.854346703511467
234,,AM,R1796,00,EHZ,61.1981981981982,-149.91291617029023,2026-09-12T15:34:59.996000Z,2026-09-12T15:35:59.996000Z,100.0,100.0,60.0,,traffic,1,Traffic,timeofday:America/Anchorage:day7-19:night1-5,AM,2.0-20.0,1135.8709829789038,6739.577027893654,1108.1612037710784,7065.60178282802,0.951804761163281,3.366967674855737,5.664444949124409,,,2.54,286.3362681107586,24.67588835129664
235,,AM,R1796,00,EHZ,61.1981981981982,-149.91291617029023,2026-09-12T15:35:59.996000Z,2026-09-12T15:36:59.996000Z,100.0,100.0,60.0,,traffic,1,Traffic,timeofday:America/Anchorage:day7-19:night1-5,AM,2.0-20.0,441.73442283064924,3195.5759321227597,410.5529506125277,2832.2231063273857,0.8638053074849674,5.541493421773847,6.05380092640293,,,2.54,286.3362681107586,9.891248234163074
236,,AM,R1796,00,EHZ,61.1981981981982,-149.91291617029023,2026-09-12T15:43:59.996000Z,2026-09-12T15:44:59.996000Z,100.0,100.0,60.0,,traffic,1,Traffic,timeofday:America/Anchorage:day7-19:night1-5,AM,2.0-20.0,2069.9530693022034,13372.571641687664,1316.9762932347924,8729.435374686316,0.4047947921495078,6.864554083502151,4.8330626503924545,,,2.54,286.3362681107586,30.48665623912391
237,,AM,R1796,00,EHZ,61.1981981981982,-149.91291617029023,2026-09-12T15:44:59.996000Z,2026-09-12T15:45:59.996000Z,100.0,100.0,60.0,,traffic,1,Traffic,timeofday:America/Anchorage:day7-19:night1-5,AM,2.0-20.0,1352.2539933001283,22755.428780258328,1049.5846174178082,17981.190922890608,0.6024463382019413,8.930963108309783,61.32768984853543,,,2.54,286.3362681107586,62.79746202438891
238,,AM,R1796,00,EHZ,61.1981981981982,-149.91291617029023,2026-09-12T15:45:59.996000Z,2026-09-12T15:46:59.996000Z,100.0,100.0,60.0,,traffic,1,Traffic,timeofday:America/Anchorage:day7-19:night1-5,AM,2.0-20.0,1420.7859461811847,9541.570186842877,832.3947146016259,5469.224168475569,0.3432427103883314,5.542470896759012,4.671032969472469,,,2.54,286.3362681107586,19.100703534908128
239,,AM,R1796,00,EHZ,61.1981981981982,-149.91291617029023,2026-09-12T15:46:59.996000Z,2026-09-12T15:47:59.996000Z,100.0,100.0,60.0,,traffic,1,Traffic,timeofday:America/Anchorage:day7-19:night1-5,AM,2.0-20.0,1041.2409513010389,5069.429969946865,619.3429605604773,3774.4018876952296,0.35380171274790745,2.568044115943033,2.9047355763766385,,,2.54,286.3362681107586,13.181710834602487
240,,AM,R1796,00,EHZ,61.1981981981982,-149.91291617029023,2026-09-12T15:49:59.996000Z,2026-09-12T15:50:59.996000Z,100.0,100.0,60.0,,traffic,1,Traffic,timeofday:America/Anchorage:day7-19:night1-5,AM,2.0-20.0,864.6701245913596,5771.43225511341,766.9302371750952,6090.054913856096,0.7867030134895262,4.904432875444268,4.528569610000391,,,2.54,286.3362681107586,21.26889113292621
241,,AM,R1796,00,EHZ,61.1981981981982,-149.91291617029023,2026-09-12T15:52:59.996000Z,2026-09-12T15:53:59.996000Z,100.0,100.0,60.0,,traffic,1,Traffic,timeofday:America/Anchorage:day7-19:night1-5,AM,2.0-20.0,632.5362433427607,3132.5662819387217,531.8089584843563,2998.922083875815,0.7068714933777898,3.3803850707612653,2.1855246559869537,,,2.54,286.3362681107586,10.473427287652546
242,,AM,R1796,00,EHZ,61.1981981981982,-149.91291617029023,2026-09-12T15:54:59.996000Z,2026-09-12T15:55:59.996000Z,100.0,100.0,60.0,,traffic,1,Traffic,timeofday:America/Anchorage:day7-19:night1-5,AM,2.0-20.0,505.2468462707577,5310.565176307449,469.10860507769235,4981.421911378263,0.8620641330855568,4.745226595128726,8.083881592671297,,,2.54,286.3362681107586,17.397104265713846
243,,AM,R1796,00,EHZ,61.1981981981982,-149.91291617029023,2026-09-12T15:56:59.996000Z,2026-09-12T15:57:59.996000Z,100.0,100.0,60.0,,traffic,1,Traffic,timeofday:America/Anchorage:day7-19:night1-5,AM,2.0-20.0,579.9106241807121,4330.435817247468,545.520977810769,4221.041346576432,0.8849134197463943,6.862133376185676,7.314463281885267,,,2.54,286.3362681107586,14.74155325983252
244,,AM,R1796,00,EHZ,61.1981981981982,-149.91291617029023,2026-09-12T16:07:59.996000Z,2026-09-12T16:08:59.996000Z,100.0,100.0,60.0,,traffic,1,Traffic,timeofday:America/Anchorage:day7-19:night1-5,AM,2.0-20.0,586.489890326552,3691.557267016731,437.46440691015687,3392.0369902615894,0.5563708739685299,5.348480782324522,4.835575706014915,,,2.54,286.3362681107586,11.846340712066224
245,,AM,R1796,00,EHZ,61.1981981981982,-149.91291617029023,2026-09-12T16:14:59.996000Z,2026-09-12T16:15:59.996000Z,100.0,100.0,60.0,,traffic,1,Traffic,timeofday:America/Anchorage:day7-19:night1-5,AM,2.0-20.0,624.9017159980658,8989.55325276979,594.7305182923768,8364.584461218938,0.9057680864749672,6.464788434581951,28.47791227469911,,,2.54,286.3362681107586,29.212451906313895
246,,AM,R1796,00,EHZ,61.1981981981982,-149.91291617029023,2026-09-12T16:15:59.996000Z,2026-09-12T16:16:59.996000Z,100.0,100.0,60.0,,traffic,1,Traffic,timeofday:America/Anchorage:day7-19:night1-5,AM,2.0-20.0,396.1995878501275,2592.552740225492,358.02598226440733,2731.299915439099,0.8165843475061528,4.929662767471205,3.03267982681266,,,2.54,286.3362681107586,9.538784358195926
247,,AM,R1796,00,EHZ,61.1981981981982,-149.91291617029023,2026-09-12T16:18:59.996000Z,2026-09-12T16:19:59.996000Z,100.0,100.0,60.0,,traffic,1,Traffic,timeofday:America/Anchorage:day7-19:night1-5,AM,2.0-20.0,614.1655485155461,4725.448912803087,568.3960901633217,4617.743255349993,0.8565076799996879,3.5741332464808275,6.582680351105163,,,2.54,286.3362681107586,16.126993921579608
248,,AM,R1796,00,EHZ,61.1981981981982,-149.91291617029023,2026-09-12T16:24:59.996000Z,2026-09-12T16:25:59.996000Z,100.0,100.0,60.0,,traffic,1,Traffic,timeofday:America/Anchorage:day7-19:night1-5,AM,2.0-20.0,667.8295295248395,5075.452483528363,627.7043203910631,5218.135053370552,0.8834439457457846,4.818753040001356,6.839887818131096,,,2.54,286.3362681107586,18.223800595711154
249,,AM,R1796,00,EHZ,61.1981981981982,-149.91291617029023,2026-09-12T16:35:59.996000Z,2026-09-12T16:36:59.996000Z,100.0,100.0,60.0,,traffic,1,Traffic,timeofday:America/Anchorage:day7-19:night1-5,AM,2.0-20.0,834.8670880484251,8220.541090435301,803.4160863529006,7668.239703199912,0.9260754360430379,5.153203119988285,12.342246459553486,,,2.54,286.3362681107586,26.780539376987814
250,,AM,R1796,00,EHZ,61.1981981981982,-149.91291617029023,2026-09-12T16:37:59.996000Z,2026-09-12T16:38:59.996000Z,100.0,100.0,60.0,,traffic,1,Traffic,timeofday:America/Anchorage:day7-19:night1-5,AM,2.0-20.0,991.0646897509105,11769.540157702308,963.7137179210339,10390.759637894611,0.9455664963096512,7.066701460890499,20.85836873620622,,,2.54,286.3362681107586,36.288660554433605
251,,AM,R1796,00,EHZ,61.1981981981982,-149.91291617029023,2026-09-12T16:40:59.996000Z,2026-09-12T16:41:59.996000Z,100.0,100.0,60.0,,traffic,1,Traffic,timeofday:America/Anchorage:day7-19:night1-5,AM,2.0-20.0,511.68034277670534,4295.537914515575,460.7144168044868,3725.364877260161,0.8107111369150412,3.6053541410704315,5.46933064506193,,,2.54,286.3362681107586,13.010454113410255
252,,AM,R1796,00,EHZ,61.1981981981982,-149.91291617029023,2026-09-12T16:42:59.996000Z,2026-09-12T16:43:59.996000Z,100.0,100.0,60.0,,traffic,1,Traffic,timeofday:America/Anchorage:day7-19:night1-5,AM,2.0-20.0,624.2000102212471,3905.462980533208,586.5512919688975,3805.0240139633906,0.8830076142910531,5.154848891742469,4.668014507353443,,,2.54,286.3362681107586,13.288655464670502
253,,AM,R1796,00,EHZ,61.1981981981982,-149.91291617029023,2026-09-12T16:44:59.996000Z,2026-09-12T16:45:59.996000Z,100.0,100.0,60.0,,traffic,1,Traffic,timeofday:America/Anchorage:day7-19:night1-5,AM,2.0-20.0,639.4570155780499,4221.4640804044575,598.4149761577733,4362.156320311402,0.8757541312950592,4.807476092066083,4.740763112525221,,,2.54,286.3362681107586,15.234382808342193
254,,AM,R1796,00,EHZ,61.1981981981982,-149.91291617029023,2026-09-12T16:46:59.996000Z,2026-09-12T16:47:59.996000Z,100.0,100.0,60.0,,traffic,1,Traffic,timeofday:America/Anchorage:day7-19:night1-5,AM,2.0-20.0,1459.344092277297,17184.53468089801,1399.9394704889432,15590.22767986231,0.9202442406729189,7.303214472873313,24.50406068913294,,,2.54,286.3362681107586,54.44726853055096
255,,AM,R1796,00,EHZ,61.1981981981982,-149.91291617029023,2026-09-12T16:53:59.996000Z,2026-09-12T16:54:59.996000Z,100.0,100.0,60.0,,traffic,1,Traffic,timeofday:America/Anchorage:day7-19:night1-5,AM,2.0-20.0,750.7073983413354,3629.530575564626,710.4690081689863,3449.282968169715,0.8956717658329895,4.831824615253337,2.0925653702613998,,,2.54,286.3362681107586,12.046266408820719
256,,AM,R1796,00,EHZ,61.1981981981982,-149.91291617029023,2026-09-12T16:55:59.996000Z,2026-09-12T16:56:59.996000Z,100.0,100.0,60.0,,traffic,1,Traffic,timeofday:America/Anchorage:day7-19:night1-5,AM,2.0-20.0,608.5768203549125,5562.47075695292,558.7204708959681,5065.080642591944,0.8428656476451282,6.7095083866726055,8.487241516519397,,,2.54,286.3362681107586,17.689273789908807
257,,AM,R1796,00,EHZ,61.1981981981982,-149.91291617029023,2026-09-12T16:57:59.996000Z,2026-09-12T16:58:59.996000Z,100.0,100.0,60.0,,traffic,1,Traffic,timeofday:America/Anchorage:day7-19:night1-5,AM,2.0-20.0,918.4614500655287,13578.527926540439,890.5027838412702,13483.508693129703,0.9400451163782655,6.722555505718071,46.2886668441691,,,2.54,286.3362681107586,47.08976890036894
258,,AM,R1796,00,EHZ,61.1981981981982,-149.91291617029023,2026-09-12T17:07:59.996000Z,2026-09-12T17:08:59.996000Z,100.0,100.0,60.0,,traffic,1,Traffic,timeofday:America/Anchorage:day7-19:night1-5,AM,2.0-20.0,909.9525799667418,6746.522601742137,862.7041075586358,6377.418648321945,0.8988479045536049,6.061230417132645,6.192123646782591,,,2.54,286.3362681107586,22.27247945361597
259,,AM,R1796,00,EHZ,61.1981981981982,-149.91291617029023,2026-09-12T17:08:59.996000Z,2026-09-12T17:09:59.996000Z,100.0,100.0,60.0,,traffic,1,Traffic,timeofday:America/Anchorage:day7-19:night1-5,AM,2.0-20.0,616.1756149934497,5576.4780166303535,567.7748957839991,5382.18714228265,0.8490697296832009,4.084841703297651,9.31738648203203,,,2.54,286.3362681107586,18.796735662562835
260,,AM,R1796,00,EHZ,61.1981981981982,-149.91291617029023,2026-09-12T17:09:59.996000Z,2026-09-12T17:10:59.996000Z,100.0,100.0,60.0,,traffic,1,Traffic,timeofday:America/Anchorage:day7-19:night1-5,AM,2.0-20.0,401.4617824346563,2745.478661264642,349.412875001831,2512.4844087581905,0.7575117789369115,5.195913583808095,4.0650856921031,,,2.54,286.3362681107586,8.774593680833783
261,,AM,R1796,00,EHZ,61.1981981981982,-149.91291617029023,2026-09-12T17:17:59.996000Z,2026-09-12T17:18:59.996000Z,100.0,100.0,60.0,,traffic,1,Traffic,timeofday:America/Anchorage:day7-19:night1-5,AM,2.0-20.0,609.0451546901625,4555.483761129217,536.8263953985809,4780.371659328233,0.7769064702423346,5.9653075450969055,4.261747281808145,,,2.54,286.3362681107586,16.694956915060175
262,,AM,R1796,00,EHZ,61.1981981981982,-149.91291617029023,2026-09-12T17:20:59.996000Z,2026-09-12T17:21:59.996000Z,100.0,100.0,60.0,,traffic,1,Traffic,timeofday:America/Anchorage:day7-19:night1-5,AM,2.0-20.0,459.0660228733602,1988.5149538001933,393.4517103832236,1990.9192791113082,0.734568963090436,3.64879396575137,0.981922848380608,,,2.54,286.3362681107586,6.95308104784405
263,,AM,R1796,00,EHZ,61.1981981981982,-149.91291617029023,2026-09-12T17:21:59.996000Z,2026-09-12T17:22:59.996000Z,100.0,100.0,60.0,,traffic,1,Traffic,timeofday:America/Anchorage:day7-19:night1-5,AM,2.0-20.0,748.5566598039006,6549.4858363966705,700.2339657494038,6485.3541662669895,0.8750583005677101,4.841106894063827,7.314829537349583,,,2.54,286.3362681107586,22.649433161426725
264,,AM,R1796,00,EHZ,61.1981981981982,-149.91291617029023,2026-09-12T17:34:59.996000Z,2026-09-12T17:35:59.996000Z,100.0,100.0,60.0,,traffic,1,Traffic,timeofday:America/Anchorage:day7-19:night1-5,AM,2.0-20.0,623.542807474181,3792.5066868023678,555.309448750012,3942.053830989466,0.7931175834253256,3.3343653918392353,2.4366668410503314,,,2.54,286.3362681107586,13.767218023057518
265,,AM,R1796,00,EHZ,61.1981981981982,-149.91291617029023,2026-09-12T17:37:59.996000Z,2026-09-12T17:38:59.996000Z,100.0,100.0,60.0,,traffic,1,Traffic,timeofday:America/Anchorage:day7-19:night1-5,AM,2.0-20.0,783.6065583522351,5658.504905588899,739.3258369799213,5193.592589572461,0.8901755118222019,5.284254282758365,4.035285355664427,,,2.54,286.3362681107586,18.138088562233797
266,,AM,R1796,00,EHZ,61.1981981981982,-149.91291617029023,2026-09-12T17:40:59.996000Z,2026-09-12T17:41:59.996000Z,100.0,100.0,60.0,,traffic,1,Traffic,timeofday:America/Anchorage:day7-19:night1-5,AM,2.0-20.0,1496.990380617832,15194.502950110367,1475.1686272429117,14293.860756738335,0.9710583248926706,5.255962315919955,17.212370179916487,,,2.54,286.3362681107586,49.91984023207735
267,,AM,R1796,00,EHZ,61.1981981981982,-149.91291617029023,2026-09-12T17:43:59.996000Z,2026-09-12T17:44:59.996000Z,100.0,100.0,60.0,,traffic,1,Traffic,timeofday:America/Anchorage:day7-19:night1-5,AM,2.0-20.0,673.7314463924208,4198.501289466843,621.0258247423994,3757.2565290618586,0.8496609984239911,4.72982948352331,2.226472235681822,,,2.54,286.3362681107586,13.121832430981124
268,,AM,R1796,00,EHZ,61.1981981981982,-149.91291617029023,2026-09-12T17:52:59.996000Z,2026-09-12T17:53:59.996000Z,100.0,100.0,60.0,,traffic,1,Traffic,timeofday:America/Anchorage:day7-19:night1-5,AM,2.0-20.0,558.6712037281021,3607.4960211948564,517.8343584013159,3042.769404226352,0.8591503117301438,3.570937960625345,2.2904534457767776,,,2.54,286.3362681107586,10.626559549380481
269,,AM,R1796,00,EHZ,61.1981981981982,-149.91291617029023,2026-09-12T17:55:59.996000Z,2026-09-12T17:56:59.996000Z,100.0,100.0,60.0,,traffic,1,Traffic,timeofday:America/Anchorage:day7-19:night1-5,AM,2.0-20.0,630.3715184033359,3561.5057655833807,549.988478435597,3076.4404151934586,0.7612267097023404,2.7192979285016934,1.700290897332228,,,2.54,286.3362681107586,10.744152096036437
270,,AM,R1796,00,EHZ,61.1981981981982,-149.91291617029023,2026-09-12T17:57:59.996000Z,2026-09-12T17:58:59.996000Z,100.0,100.0,60.0,,traffic,1,Traffic,timeofday:America/Anchorage:day7-19:night1-5,AM,2.0-20.0,636.9105131804861,3880.5069274480848,551.8157630178739,3959.0593942917144,0.7506394225733072,4.659841159551865,2.603095597063848,,,2.54,286.3362681107586,13.826608205846625
271,,AM,R1796,00,EHZ,61.1981981981982,-149.91291617029023,2026-09-12T18:01:59.996000Z,2026-09-12T18:02:59.996000Z,100.0,100.0,60.0,,traffic,1,Traffic,timeofday:America/Anchorage:day7-19:night1-5,AM,2.0-20.0,819.7276152128801,5722.509562999676,773.7796898159579,5367.860437281645,0.8910365528516928,5.1996918030751385,4.92211063644783,,,2.54,286.3362681107586,18.746701117181868
272,,AM,R1796,00,EHZ,61.1981981981982,-149.91291617029023,2026-09-12T18:03:59.996000Z,2026-09-12T18:04:59.996000Z,100.0,100.0,60.0,,traffic,1,Traffic,timeofday:America/Anchorage:day7-19:night1-5,AM,2.0-20.0,712.834212219011,6150.510442916202,675.1602225594964,5979.629873117563,0.8970912582044976,5.643307576731168,6.5302252667600555,,,2.54,286.3362681107586,20.88324302251702
273,,AM,R1796,00,EHZ,61.1981981981982,-149.91291617029023,2026-09-12T18:04:59.996000Z,2026-09-12T18:05:59.996000Z,100.0,100.0,60.0,,traffic,1,Traffic,timeofday:America/Anchorage:day7-19:night1-5,AM,2.0-20.0,620.5474192087263,3618.4889186000437,581.623547956405,3054.72212502211,0.8784843217624665,3.4174773355519323,2.3004010841716838,,,2.54,286.3362681107586,10.668303198812746
274,,AM,R1796,00,EHZ,61.1981981981982,-149.91291617029023,2026-09-12T18:05:59.996000Z,2026-09-12T18:06:59.996000Z,100.0,100.0,60.0,,traffic,1,Traffic,timeofday:America/Anchorage:day7-19:night1-5,AM,2.0-20.0,541.630722546991,4000.51185099742,506.6431450648091,3358.6615781154396,0.8749792639243623,4.4544045142435,3.84952025451119,,,2.54,286.3362681107586,11.729780513924506
275,,AM,R1796,00,EHZ,61.1981981981982,-149.91291617029023,2026-09-12T18:07:59.996000Z,2026-09-12T18:08:59.996000Z,100.0,100.0,60.0,,traffic,1,Traffic,timeofday:America/Anchorage:day7-19:night1-5,AM,2.0-20.0,776.7824552247865,7482.51289844271,727.7757224490839,7772.578931629725,0.877801487481101,5.428086640485443,11.68440408802217,,,2.54,286.3362681107586,27.144933413126658
276,,AM,R1796,00,EHZ,61.1981981981982,-149.91291617029023,2026-09-12T18:10:59.996000Z,2026-09-12T18:11:59.996000Z,100.0,100.0,60.0,,traffic,1,Traffic,timeofday:America/Anchorage:day7-19:night1-5,AM,2.0-20.0,746.7555723603917,4887.514760394111,668.6919357228602,5594.8906338697225,0.8018538659668518,4.579257503703732,4.05848400001743,,,2.54,286.3362681107586,19.53958075511952
277,,AM,R1796,00,EHZ,61.1981981981982,-149.91291617029023,2026-09-12T18:11:59.996000Z,2026-09-12T18:12:59.996000Z,100.0,100.0,60.0,,traffic,1,Traffic,timeofday:America/Anchorage:day7-19:night1-5,AM,2.0-20.0,553.4678517511989,3180.5149978241534,480.5091378579761,2804.2688029310357,0.7537346875473949,3.7186553879351503,2.0447568284623676,,,2.54,286.3362681107586,9.793620701399613
278,,AM,R1796,00,EHZ,61.1981981981982,-149.91291617029023,2026-09-12T18:12:59.996000Z,2026-09-12T18:13:59.996000Z,100.0,100.0,60.0,,traffic,1,Traffic,timeofday:America/Anchorage:day7-19:night1-5,AM,2.0-20.0,520.5745251599174,2852.4843708189,479.5828619497949,3048.76465765815,0.848714235738839,3.820548732552468,2.545340290560211,,,2.54,286.3362681107586,10.647497356076626
279,,AM,R1796,00,EHZ,61.1981981981982,-149.91291617029023,2026-09-12T18:15:59.996000Z,2026-09-12T18:16:59.996000Z,100.0,100.0,60.0,,traffic,1,Traffic,timeofday:America/Anchorage:day7-19:night1-5,AM,2.0-20.0,643.9277887509276,4971.4824369160415,596.6518620717966,4293.710207024009,0.8585540983002712,6.269883013180168,2.489763054369935,,,2.54,286.3362681107586,14.995341789406663
280,,AM,R1796,00,EHZ,61.1981981981982,-149.91291617029023,2026-09-12T18:17:59.996000Z,2026-09-12T18:18:59.996000Z,100.0,100.0,60.0,,traffic,1,Traffic,timeofday:America/Anchorage:day7-19:night1-5,AM,2.0-20.0,864.8916216897101,6876.518381983304,821.1228655956494,6517.925666360577,0.9013488559578449,4.091126819999216,2.835487651096119,,,2.54,286.3362681107586,22.763185779313705
281,,AM,R1796,00,EHZ,61.1981981981982,-149.91291617029023,2026-09-12T18:23:59.996000Z,2026-09-12T18:24:59.996000Z,100.0,100.0,60.0,,traffic,1,Traffic,timeofday:America/Anchorage:day7-19:night1-5,AM,2.0-20.0,803.3830049822325,7315.522470036623,766.150933300324,7443.376706614756,0.9094595533815427,4.46990032047052,6.248061158740782,,,2.54,286.3362681107586,25.995228462415945
282,,AM,R1796,00,EHZ,61.1981981981982,-149.91291617029023,2026-09-12T18:24:59.996000Z,2026-09-12T18:25:59.996000Z,100.0,100.0,60.0,,traffic,1,Traffic,timeofday:America/Anchorage:day7-19:night1-5,AM,2.0-20.0,805.4389887434237,4279.4772091594605,768.3448454527787,4193.77110048503,0.9100118905174542,3.1546145293903063,1.9577920702405036,,,2.54,286.3362681107586,14.64631472693087
283,,AM,R1796,00,EHZ,61.1981981981982,-149.91291617029023,2026-09-12T18:25:59.996000Z,2026-09-12T18:26:59.996000Z,100.0,100.0,60.0,,traffic,1,Traffic,timeofday:America/Anchorage:day7-19:night1-5,AM,2.0-20.0,662.005819043566,7320.476349451823,607.431567221843,4474.550416415752,0.8419205335954357,3.2392587377332474,3.159219306996831,,,2.54,286.3362681107586,15.626907642328206
284,,AM,R1796,00,EHZ,61.1981981981982,-149.91291617029023,2026-09-12T18:30:59.996000Z,2026-09-12T18:31:59.996000Z,100.0,100.0,60.0,,traffic,1,Traffic,timeofday:America/Anchorage:day7-19:night1-5,AM,2.0-20.0,464.86071670582675,3073.473860048576,401.43971302809814,2653.3322739976725,0.7457529364755905,4.0511778494969946,2.301320056276431,,,2.54,286.3362681107586,9.266490380364003
285,,AM,R1796,00,EHZ,61.1981981981982,-149.91291617029023,2026-09-12T18:32:59.996000Z,2026-09-12T18:33:59.996000Z,100.0,100.0,60.0,,traffic,1,Traffic,timeofday:America/Anchorage:day7-19:night1-5,AM,2.0-20.0,655.2447433395054,4626.527673972098,593.0733750550971,3930.8492400593495,0.8192373878821726,3.8827706749298545,3.5361789802619334,,,2.54,286.3362681107586,13.728087140322879
286,,AM,R1796,00,EHZ,61.1981981981982,-149.91291617029023,2026-09-12T18:33:59.996000Z,2026-09-12T18:34:59.996000Z,100.0,100.0,60.0,,traffic,1,Traffic,timeofday:America/Anchorage:day7-19:night1-5,AM,2.0-20.0,757.7532321599593,4219.47215762049,681.3826090957566,4818.690750597613,0.8085865160229546,2.6188303490364135,2.0988463177696897,,,2.54,286.3362681107586,16.828782404657453
287,,AM,R1796,00,EHZ,61.1981981981982,-149.91291617029023,2026-09-12T18:37:59.996000Z,2026-09-12T18:38:59.996000Z,100.0,100.0,60.0,,traffic,1,Traffic,timeofday:America/Anchorage:day7-19:night1-5,AM,2.0-20.0,786.0965534771689,6920.469489168434,716.185529338001,6725.439455028203,0.8300405302533551,4.881539568473591,5.06331706643172,,,2.54,286.3362681107586,23.487906367581473
288,,AM,R1796,00,EHZ,61.1981981981982,-149.91291617029023,2026-09-12T18:39:59.996000Z,2026-09-12T18:40:59.996000Z,100.0,100.0,60.0,,traffic,1,Traffic,timeofday:America/Anchorage:day7-19:night1-5,AM,2.0-20.0,889.0126463521708,5343.531733225311,845.6354196815802,4967.870975444722,0.9047955430183212,3.321948679919497,1.9043540573979918,,,2.54,286.3362681107586,17.34977901410339
289,,AM,R1796,00,EHZ,61.1981981981982,-149.91291617029023,2026-09-12T18:42:59.996000Z,2026-09-12T18:43:59.996000Z,100.0,100.0,60.0,,traffic,1,Traffic,timeofday:America/Anchorage:day7-19:night1-5,AM,2.0-20.0,661.7558706723701,5238.466414488412,615.114386592586,4588.60454292471,0.8640048169118753,4.202055661750572,3.941051731825569,,,2.54,286.3362681107586,16.025229961961287
290,,AM,R1796,00,EHZ,61.1981981981982,-149.91291617029023,2026-09-12T18:43:59.996000Z,2026-09-12T18:44:59.996000Z,100.0,100.0,60.0,,traffic,1,Traffic,timeofday:America/Anchorage:day7-19:night1-5,AM,2.0-20.0,707.9106667247761,5017.466335214893,654.8145842187511,4826.434898792635,0.855617728436809,3.006738912556703,5.687606725348859,,,2.54,286.3362681107586,16.85582804664377
291,,AM,R1796,00,EHZ,61.1981981981982,-149.91291617029023,2026-09-12T18:44:59.996000Z,2026-09-12T18:45:59.996000Z,100.0,100.0,60.0,,traffic,1,Traffic,timeofday:America/Anchorage:day7-19:night1-5,AM,2.0-20.0,1071.64928793378,11016.534732732169,1008.213039818129,12105.603336086826,0.8851141033041269,6.386473355575225,20.418218474499454,,,2.54,286.3362681107586,42.27757599817645
292,,AM,R1796,00,EHZ,61.1981981981982,-149.91291617029023,2026-09-12T18:50:59.996000Z,2026-09-12T18:51:59.996000Z,100.0,100.0,60.0,,traffic,1,Traffic,timeofday:America/Anchorage:day7-19:night1-5,AM,2.0-20.0,909.1311358900496,6713.537771778156,843.3229904416207,5350.929564289039,0.8604681838883806,3.8007398942957265,3.5644625364227025,,,2.54,286.3362681107586,18.687571782625977
293,,AM,R1796,00,EHZ,61.1981981981982,-149.91291617029023,2026-09-12T18:57:59.996000Z,2026-09-12T18:58:59.996000Z,100.0,100.0,60.0,,traffic,1,Traffic,timeofday:America/Anchorage:day7-19:night1-5,AM,2.0-20.0,718.213995581477,4600.458093502584,659.0528014555615,4663.923675527763,0.8420399431374903,4.335753784893122,3.231574349550222,,,2.54,286.3362681107586,16.28827429476624
294,,AM,R1796,00,EHZ,61.1981981981982,-149.91291617029023,2026-09-12T19:01:59.996000Z,2026-09-12T19:02:59.996000Z,100.0,100.0,60.0,,traffic,1,Traffic,timeofday:America/Anchorage:day7-19:night1-5,AM,2.0-20.0,736.4839858474335,5372.544547320889,698.8467908754462,4707.503324856822,0.9004038317669745,4.822496644408235,3.0831177370900793,,,2.54,286.3362681107586,16.440471742950486
295,,AM,R1796,00,EHZ,61.1981981981982,-149.91291617029023,2026-09-12T19:02:59.996000Z,2026-09-12T19:03:59.996000Z,100.0,100.0,60.0,,traffic,1,Traffic,timeofday:America/Anchorage:day7-19:night1-5,AM,2.0-20.0,724.7015251916463,5844.45504928234,685.7999239197522,6265.05903774605,0.895522525934793,6.748099037538805,9.271300535392534,,,2.54,286.3362681107586,21.880075056795263
296,,AM,R1796,00,EHZ,61.1981981981982,-149.91291617029023,2026-09-12T19:03:59.996000Z,2026-09-12T19:04:59.996000Z,100.0,100.0,60.0,,traffic,1,Traffic,timeofday:America/Anchorage:day7-19:night1-5,AM,2.0-20.0,605.4524678911478,2867.54537774028,555.1191959683008,2846.7297693906157,0.840644514452302,3.393755762953461,1.5089768550879707,,,2.54,286.3362681107586,9.94191126458861
297,,AM,R1796,00,EHZ,61.1981981981982,-149.91291617029023,2026-09-12T19:10:59.996000Z,2026-09-12T19:11:59.996000Z,100.0,100.0,60.0,,traffic,1,Traffic,timeofday:America/Anchorage:day7-19:night1-5,AM,2.0-20.0,618.9143053075259,2764.5498109067594,539.3475556062369,2422.4120100676605,0.7594101330899827,2.6591220485583578,0.7881664038390945,,,2.54,286.3362681107586,8.460025081875552
298,,AM,R1796,00,EHZ,61.1981981981982,-149.91291617029023,2026-09-12T19:13:59.996000Z,2026-09-12T19:14:59.996000Z,100.0,100.0,60.0,,traffic,1,Traffic,timeofday:America/Anchorage:day7-19:night1-5,AM,2.0-20.0,714.5257651885897,3339.551361231228,646.0866362746209,3299.044792054478,0.8176091232753678,4.113090959555812,2.124393108130656,,,2.54,286.3362681107586,11.521575013258063
299,,AM,R1796,00,EHZ,61.1981981981982,-149.91291617029023,2026-09-12T19:16:59.996000Z,2026-09-12T19:17:59.996000Z,100.0,100.0,60.0,,traffic,1,Traffic,timeofday:America/Anchorage:day7-19:night1-5,AM,2.0-20.0,881.6638531197585,6342.553071176633,829.2894401550916,5525.577170128261,0.8847207212048623,5.219605298599879,4.947809082779446,,,2.54,286.3362681107586,19.297510603829256
300,,AM,R1796,00,EHZ,61.1981981981982,-149.91291617029023,2026-09-12T19:41:59.996000Z,2026-09-12T19:42:59.996000Z,100.0,100.0,60.0,,traffic,1,Traffic,timeofday:America/Anchorage:day7-19:night1-5,AM,2.0-20.0,870.5450686319301,4850.567974402769,747.3291328681112,5047.343460762579,0.7369555699697841,3.544683075083619,2.437303184409971,,,2.54,286.3362681107586,17.627328504575605
301,,AM,R1796,00,EHZ,61.1981981981982,-149.91291617029023,2026-09-12T19:42:59.996000Z,2026-09-12T19:43:59.996000Z,100.0,100.0,60.0,,traffic,1,Traffic,timeofday:America/Anchorage:day7-19:night1-5,AM,2.0-20.0,773.0349528874043,5743.431775670866,725.180423680971,5339.923482179931,0.8800227133467405,4.476942711079157,2.7220114553603176,,,2.54,286.3362681107586,18.64913417155517
302,,AM,R1796,00,EHZ,61.1981981981982,-149.91291617029023,2026-09-12T19:44:59.996000Z,2026-09-12T19:45:59.996000Z,100.0,100.0,60.0,,traffic,1,Traffic,timeofday:America/Anchorage:day7-19:night1-5,AM,2.0-20.0,774.7931119032606,4269.4305807104465,643.3480761620118,3174.8925997915208,0.6894781553647807,2.938377232865638,0.9598556147077271,,,2.54,286.3362681107586,11.087986236390531
303,,AM,R1796,00,EHZ,61.1981981981982,-149.91291617029023,2026-09-12T19:45:59.996000Z,2026-09-12T19:46:59.996000Z,100.0,100.0,60.0,,traffic,1,Traffic,timeofday:America/Anchorage:day7-19:night1-5,AM,2.0-20.0,1196.698086641558,9901.570287978917,1136.556239501851,10842.106982755748,0.9020127320643331,4.675511410189043,8.149272451805077,,,2.54,286.3362681107586,37.86494478779013
304,,AM,R1796,00,EHZ,61.1981981981982,-149.91291617029023,2026-09-12T19:47:59.996000Z,2026-09-12T19:48:59.996000Z,100.0,100.0,60.0,,traffic,1,Traffic,timeofday:America/Anchorage:day7-19:night1-5,AM,2.0-20.0,1426.4991383814984,12218.571542687358,1338.510163914884,12733.970733791723,0.8804411234991951,5.616942009692686,12.945924845704527,,,2.54,286.3362681107586,44.47208458016941
305,,AM,R1796,00,EHZ,61.1981981981982,-149.91291617029023,2026-09-12T19:50:59.996000Z,2026-09-12T19:51:59.996000Z,100.0,100.0,60.0,,traffic,1,Traffic,timeofday:America/Anchorage:day7-19:night1-5,AM,2.0-20.0,738.0957692819336,3968.5731348940135,696.1899261163699,3992.217619390167,0.8896722355113454,3.0334699579532884,2.121948999621358,,,2.54,286.3362681107586,13.942409900536681
306,,AM,R1796,00,EHZ,61.1981981981982,-149.91291617029023,2026-09-12T19:54:59.996000Z,2026-09-12T19:55:59.996000Z,100.0,100.0,60.0,,traffic,1,Traffic,timeofday:America/Anchorage:day7-19:night1-5,AM,2.0-20.0,1184.6939825260256,15280.42447079191,1150.1743595510436,15277.708603713025,0.942573007125718,8.011003942575398,27.63787044449444,,,2.54,286.3362681107586,53.35582776333247
307,,AM,R1796,00,EHZ,61.1981981981982,-149.91291617029023,2026-09-12T19:56:59.996000Z,2026-09-12T19:57:59.996000Z,100.0,100.0,60.0,,traffic,1,Traffic,timeofday:America/Anchorage:day7-19:night1-5,AM,2.0-20.0,795.8772018861381,5857.423300335988,752.5439425055196,5681.499924901358,0.8940701589059853,7.843780476696832,5.014970536565485,,,2.54,286.3362681107586,19.84205480635684
308,,AM,R1796,00,EHZ,61.1981981981982,-149.91291617029023,2026-09-12T20:08:59.996000Z,2026-09-12T20:09:59.996000Z,100.0,100.0,60.0,,traffic,1,Traffic,timeofday:America/Anchorage:day7-19:night1-5,AM,2.0-20.0,960.7018532503548,7789.796616841842,925.1689440866429,7694.089541608566,0.9273951814781111,3.688399524740211,3.7823253273621544,,,2.54,286.3362681107586,26.870817281981168
309,,AM,R1796,00,EHZ,61.1981981981982,-149.91291617029023,2026-09-12T20:09:59.996000Z,2026-09-12T20:10:59.996000Z,100.0,100.0,60.0,,traffic,1,Traffic,timeofday:America/Anchorage:day7-19:night1-5,AM,2.0-20.0,671.1682787384325,3817.7970114617633,617.2250146300343,3861.519934064845,0.8457153097813264,3.196896468891868,1.978669245739722,,,2.54,286.3362681107586,13.485961661591393
310,,AM,R1796,00,EHZ,61.1981981981982,-149.91291617029023,2026-09-12T20:11:59.996000Z,2026-09-12T20:12:59.996000Z,100.0,100.0,60.0,,traffic,1,Traffic,timeofday:America/Anchorage:day7-19:night1-5,AM,2.0-20.0,1175.8607741485569,10144.202285711512,1141.2369807488599,10024.339424408161,0.9419760622743114,4.669534443472677,9.806188249114102,,,2.54,286.3362681107586,35.00897560252694
311,,AM,R1796,00,EHZ,61.1981981981982,-149.91291617029023,2026-09-12T20:12:59.996000Z,2026-09-12T20:13:59.996000Z,100.0,100.0,60.0,,traffic,1,Traffic,timeofday:America/Anchorage:day7-19:night1-5,AM,2.0-20.0,547.7663467184963,2216.2017194297773,493.3824984679114,2260.3509761760774,0.8112912388970058,2.2220933633540505,0.43064015744450534,,,2.54,286.3362681107586,7.894043570134622
312,,AM,R1796,00,EHZ,61.1981981981982,-149.91291617029023,2026-09-12T20:18:59.996000Z,2026-09-12T20:19:59.996000Z,100.0,100.0,60.0,,traffic,1,Traffic,timeofday:America/Anchorage:day7-19:night1-5,AM,2.0-20.0,906.5339373071606,7100.199712316488,865.3021841012045,7654.596948143879,0.91110297676572,3.272856919300335,5.43692818277718,,,2.54,286.3362681107586,26.73289345652497
313,,AM,R1796,00,EHZ,61.1981981981982,-149.91291617029023,2026-09-12T20:21:59.996000Z,2026-09-12T20:22:59.996000Z,100.0,100.0,60.0,,traffic,1,Traffic,timeofday:America/Anchorage:day7-19:night1-5,AM,2.0-20.0,832.1974436574495,4803.8016322961985,762.2910879890624,4849.733887497286,0.8390521026422444,4.186947072977738,3.091185435690595,,,2.54,286.3362681107586,16.93719737110405
314,,AM,R1796,00,EHZ,61.1981981981982,-149.91291617029023,2026-09-12T20:25:59.996000Z,2026-09-12T20:26:59.996000Z,100.0,100.0,60.0,,traffic,1,Traffic,timeofday:America/Anchorage:day7-19:night1-5,AM,2.0-20.0,1193.3675933613963,14192.802945591793,1149.0841884904498,13507.02877014623,0.927161132413775,5.860341781970684,13.042733743241982,,,2.54,286.3362681107586,47.17191035304523
315,,AM,R1796,00,EHZ,61.1981981981982,-149.91291617029023,2026-09-12T20:26:59.996000Z,2026-09-12T20:27:59.996000Z,100.0,100.0,60.0,,traffic,1,Traffic,timeofday:America/Anchorage:day7-19:night1-5,AM,2.0-20.0,1003.5799362538118,5624.803225055507,878.009372905743,5738.963108962205,0.7654104085127647,3.94021661469149,3.4526816492230026,,,2.54,286.3362681107586,20.042739073285325
316,,AM,R1796,00,EHZ,61.1981981981982,-149.91291617029023,2026-09-12T20:28:59.996000Z,2026-09-12T20:29:59.996000Z,100.0,100.0,60.0,,traffic,1,Traffic,timeofday:America/Anchorage:day7-19:night1-5,AM,2.0-20.0,676.3270133381249,4465.196041413533,579.3768812461835,3808.785699197487,0.7338526303986295,4.151225945481066,2.826759026421249,,,2.54,286.3362681107586,13.301792763898838
317,,AM,R1796,00,EHZ,61.1981981981982,-149.91291617029023,2026-09-12T20:29:59.996000Z,2026-09-12T20:30:59.996000Z,100.0,100.0,60.0,,traffic,1,Traffic,timeofday:America/Anchorage:day7-19:night1-5,AM,2.0-20.0,753.7808303874884,4130.804474491189,686.2432156129399,4097.158458228312,0.8288309321627239,3.3971036177380793,1.6439707489401911,,,2.54,286.3362681107586,14.308904999220978
318,,AM,R1796,00,EHZ,61.1981981981982,-149.91291617029023,2026-09-12T20:30:59.996000Z,2026-09-12T20:31:59.996000Z,100.0,100.0,60.0,,traffic,1,Traffic,timeofday:America/Anchorage:day7-19:night1-5,AM,2.0-20.0,1637.7959289333678,24691.804676612093,1598.1350876711692,23666.24760140725,0.9521544443893672,9.26315004089459,53.32858288812514,,,2.54,286.3362681107586,82.65193842734877
319,,AM,R1796,00,EHZ,61.1981981981982,-149.91291617029023,2026-09-12T20:34:59.996000Z,2026-09-12T20:35:59.996000Z,100.0,100.0,60.0,,traffic,1,Traffic,timeofday:America/Anchorage:day7-19:night1-5,AM,2.0-20.0,1524.3911703351043,16116.80636093254,1485.2841941584159,15679.454179506361,0.9493498144036651,4.867912925147143,9.852085745144322,,,2.54,286.3362681107586,54.758882913991684
320,,AM,R1796,00,EHZ,61.1981981981982,-149.91291617029023,2026-09-12T20:35:59.996000Z,2026-09-12T20:36:59.996000Z,100.0,100.0,60.0,,traffic,1,Traffic,timeofday:America/Anchorage:day7-19:night1-5,AM,2.0-20.0,797.5996418016712,9101.806732447676,749.6471894733171,8453.253002799578,0.8833726188634466,5.326576867684988,12.110948849577385,,,2.54,286.3362681107586,29.52211767853924
321,,AM,R1796,00,EHZ,61.1981981981982,-149.91291617029023,2026-09-12T20:41:59.996000Z,2026-09-12T20:42:59.996000Z,100.0,100.0,60.0,,traffic,1,Traffic,timeofday:America/Anchorage:day7-19:night1-5,AM,2.0-20.0,1033.8737316823367,9761.808775474503,990.9851278656936,8974.41286774498,0.918754060875959,4.458814829776814,5.196551579082643,,,2.54,286.3362681107586,31.342214966193385
322,,AM,R1796,00,EHZ,61.1981981981982,-149.91291617029023,2026-09-12T20:56:59.996000Z,2026-09-12T20:57:59.996000Z,100.0,100.0,60.0,,traffic,1,Traffic,timeofday:America/Anchorage:day7-19:night1-5,AM,2.0-20.0,1191.5310646292285,17120.18548473306,1149.2789544923846,16927.19597804454,0.9303367339139497,7.053427740162283,40.69032483907221,,,2.54,286.3362681107586,59.11649296028709
323,,AM,R1796,00,EHZ,61.1981981981982,-149.91291617029023,2026-09-12T21:00:59.996000Z,2026-09-12T21:01:59.996000Z,100.0,100.0,60.0,,traffic,1,Traffic,timeofday:America/Anchorage:day7-19:night1-5,AM,2.0-20.0,985.2296800976361,8283.184038079347,943.0391444695113,8460.439126310814,0.9161877218191103,5.3178754980244225,6.608706739574721,,,2.54,286.3362681107586,29.547214476645358
324,,AM,R1796,00,EHZ,61.1981981981982,-149.91291617029023,2026-09-12T21:02:59.996000Z,2026-09-12T21:03:59.996000Z,100.0,100.0,60.0,,traffic,1,Traffic,timeofday:America/Anchorage:day7-19:night1-5,AM,2.0-20.0,1149.9406233533289,8519.183437109794,1110.688524887858,9260.79720389935,0.9328970875767718,5.566065704018538,5.332370377953811,,,2.54,286.3362681107586,32.34238283889749
325,,AM,R1796,00,EHZ,61.1981981981982,-149.91291617029023,2026-09-12T21:03:59.996000Z,2026-09-12T21:04:59.996000Z,100.0,100.0,60.0,,traffic,1,Traffic,timeofday:America/Anchorage:day7-19:night1-5,AM,2.0-20.0,593.1520360432005,4031.1832396466166,515.3006224433785,3786.018526339255,0.7547259506668511,3.2719912910353295,2.7771564803422013,,,2.54,286.3362681107586,13.222280751646778
326,,AM,R1796,00,EHZ,61.1981981981982,-149.91291617029023,2026-09-12T21:08:59.996000Z,2026-09-12T21:09:59.996000Z,100.0,100.0,60.0,,traffic,1,Traffic,timeofday:America/Anchorage:day7-19:night1-5,AM,2.0-20.0,702.9628014285117,6067.81864710116,651.5594608426209,6062.106229070282,0.8590994128955242,5.13409343278373,4.658379338905819,,,2.54,286.3362681107586,21.171283222582826
327,,AM,R1796,00,EHZ,61.1981981981982,-149.91291617029023,2026-09-12T21:09:59.996000Z,2026-09-12T21:10:59.996000Z,100.0,100.0,60.0,,traffic,1,Traffic,timeofday:America/Anchorage:day7-19:night1-5,AM,2.0-20.0,1530.48500636629,17615.819067154735,1489.4985567450958,16648.96010261374,0.947157090629767,6.826513035940027,13.696258878261172,,,2.54,286.3362681107586,58.14478274953874
328,,AM,R1796,00,EHZ,61.1981981981982,-149.91291617029023,2026-09-12T21:21:59.996000Z,2026-09-12T21:22:59.996000Z,100.0,100.0,60.0,,traffic,1,Traffic,timeofday:America/Anchorage:day7-19:night1-5,AM,2.0-20.0,1187.5294413504887,12015.17652528577,1149.4594670807862,12185.443685247707,0.9369114619710093,5.732452864758143,16.529472969826575,,,2.54,286.3362681107586,42.55641021532843
329,,AM,R1796,00,EHZ,61.1981981981982,-149.91291617029023,2026-09-12T21:28:59.996000Z,2026-09-12T21:29:59.996000Z,100.0,100.0,60.0,,traffic,1,Traffic,timeofday:America/Anchorage:day7-19:night1-5,AM,2.0-20.0,1085.5987306286536,7630.826002144825,1036.2503127235375,7321.235030785052,0.9111517120876166,3.02511823411499,3.5590360001897468,,,2.54,286.3362681107586,25.568661207643814
330,,AM,R1796,00,EHZ,61.1981981981982,-149.91291617029023,2026-09-12T21:32:59.996000Z,2026-09-12T21:33:59.996000Z,100.0,100.0,60.0,,traffic,1,Traffic,timeofday:America/Anchorage:day7-19:night1-5,AM,2.0-20.0,949.2613555915418,6278.172427036222,896.1361977897363,7191.446029521303,0.8912025863563201,4.050410989487933,3.691850791786914,,,2.54,286.3362681107586,25.115386454431114
331,,AM,R1796,00,EHZ,61.1981981981982,-149.91291617029023,2026-09-12T21:33:59.996000Z,2026-09-12T21:34:59.996000Z,100.0,100.0,60.0,,traffic,1,Traffic,timeofday:America/Anchorage:day7-19:night1-5,AM,2.0-20.0,855.2079181175415,4284.172087634896,566.4557804775643,3182.888049984693,0.43872117827867324,3.395605435977383,1.6884761430768718,,,2.54,286.3362681107586,11.115909524788213
332,,AM,R1796,00,EHZ,61.1981981981982,-149.91291617029023,2026-09-12T21:41:59.996000Z,2026-09-12T21:42:59.996000Z,100.0,100.0,60.0,,traffic,1,Traffic,timeofday:America/Anchorage:day7-19:night1-5,AM,2.0-20.0,704.2627076166004,4491.168938581396,639.7188893627695,4175.951385630437,0.825104517680977,3.5144624803264293,3.8128367872185853,,,2.54,286.3362681107586,14.58408120348598
333,,AM,R1796,00,EHZ,61.1981981981982,-149.91291617029023,2026-09-12T21:46:59.996000Z,2026-09-12T21:47:59.996000Z,100.0,100.0,60.0,,traffic,1,Traffic,timeofday:America/Anchorage:day7-19:night1-5,AM,2.0-20.0,893.6306900757685,7502.167100372052,853.4241521930434,7186.270654317386,0.9120396262975919,4.075166344861915,5.415798222708931,,,2.54,286.3362681107586,25.097311988216745
334,,AM,R1796,00,EHZ,61.1981981981982,-149.91291617029023,2026-09-12T21:48:59.996000Z,2026-09-12T21:49:59.996000Z,100.0,100.0,60.0,,traffic,1,Traffic,timeofday:America/Anchorage:day7-19:night1-5,AM,2.0-20.0,1776.079008866868,24660.166483406876,1751.406734138441,25146.711428993833,0.9724101146009921,7.640786698548863,39.640374477618174,,,2.54,286.3362681107586,87.82230625170666
335,,AM,R1796,00,EHZ,61.1981981981982,-149.91291617029023,2026-09-12T21:49:59.996000Z,2026-09-12T21:50:59.996000Z,100.0,100.0,60.0,,traffic,1,Traffic,timeofday:America/Anchorage:day7-19:night1-5,AM,2.0-20.0,832.2083219935246,4529.166313215927,784.8161796915455,4256.647120035939,0.8893481109381253,2.9005302904588977,1.2841043899912465,,,2.54,286.3362681107586,14.865902765727924
336,,AM,R1796,00,EHZ,61.1981981981982,-149.91291617029023,2026-09-12T21:56:59.996000Z,2026-09-12T21:57:59.996000Z,100.0,100.0,60.0,,traffic,1,Traffic,timeofday:America/Anchorage:day7-19:night1-5,AM,2.0-20.0,815.7536800408433,6329.163751526511,772.6505904239934,5095.441994881494,0.8971151653220614,2.668192311215139,2.9602929686670754,,,2.54,286.3362681107586,17.795307693646794
337,,AM,R1796,00,EHZ,61.1981981981982,-149.91291617029023,2026-09-12T21:57:59.996000Z,2026-09-12T21:58:59.996000Z,100.0,100.0,60.0,,traffic,1,Traffic,timeofday:America/Anchorage:day7-19:night1-5,AM,2.0-20.0,558.1882291090026,3417.163418744062,498.67789775017474,2826.8644840023126,0.7981396605501336,3.812877763422133,1.466905429658313,,,2.54,286.3362681107586,9.872533796203715
338,,AM,R1796,00,EHZ,61.1981981981982,-149.91291617029023,2026-09-12T22:00:59.996000Z,2026-09-12T22:01:59.996000Z,100.0,100.0,60.0,,traffic,1,Traffic,timeofday:America/Anchorage:day7-19:night1-5,AM,2.0-20.0,924.7803884915287,5508.837938799951,869.0771508045127,5307.220261187848,0.8831601027117854,4.277406332025066,2.846076582754514,,,2.54,286.3362681107586,18.534921531962365
339,,AM,R1796,00,EHZ,61.1981981981982,-149.91291617029023,2026-09-12T22:03:59.996000Z,2026-09-12T22:04:59.996000Z,100.0,100.0,60.0,,traffic,1,Traffic,timeofday:America/Anchorage:day7-19:night1-5,AM,2.0-20.0,1257.2774337704582,9053.838951733338,1224.3897714333777,9280.920173272792,0.9483685519910064,4.054142544242427,7.078069654041899,,,2.54,286.3362681107586,32.412660242127664
340,,AM,R1796,00,EHZ,61.1981981981982,-149.91291617029023,2026-09-12T22:07:59.996000Z,2026-09-12T22:08:59.996000Z,100.0,100.0,60.0,,traffic,1,Traffic,timeofday:America/Anchorage:day7-19:night1-5,AM,2.0-20.0,960.3703215051921,6041.840544860358,919.5415451488275,5883.150807009251,0.916780252732717,3.368355902278903,3.965166595112029,,,2.54,286.3362681107586,20.54629979578267
341,,AM,R1796,00,EHZ,61.1981981981982,-149.91291617029023,2026-09-12T22:11:59.996000Z,2026-09-12T22:12:59.996000Z,100.0,100.0,60.0,,traffic,1,Traffic,timeofday:America/Anchorage:day7-19:night1-5,AM,2.0-20.0,670.4219682423992,3546.8419259994475,624.2874857475889,3429.501954002049,0.867107185553554,3.916331831220499,1.56055049663364,,,2.54,286.3362681107586,11.977183249016408
342,,AM,R1796,00,EHZ,61.1981981981982,-149.91291617029023,2026-09-12T22:14:59.996000Z,2026-09-12T22:15:59.996000Z,100.0,100.0,60.0,,traffic,1,Traffic,timeofday:America/Anchorage:day7-19:night1-5,AM,2.0-20.0,972.0816527820656,6953.156955839274,928.1029117130892,6975.268400524501,0.911563186385352,4.260030066165792,3.059142566497539,,,2.54,286.3362681107586,24.36040829388185
343,,AM,R1796,00,EHZ,61.1981981981982,-149.91291617029023,2026-09-12T22:16:59.996000Z,2026-09-12T22:17:59.996000Z,100.0,100.0,60.0,,traffic,1,Traffic,timeofday:America/Anchorage:day7-19:night1-5,AM,2.0-20.0,654.8445941782489,3469.843862450092,583.7116925478051,3418.406657544583,0.7945482810076047,3.316800805910206,1.841043093488949,,,2.54,286.3362681107586,11.938434065999276
344,,AM,R1796,00,EHZ,61.1981981981982,-149.91291617029023,2026-09-12T22:17:59.996000Z,2026-09-12T22:18:59.996000Z,100.0,100.0,60.0,,traffic,1,Traffic,timeofday:America/Anchorage:day7-19:night1-5,AM,2.0-20.0,652.1714060846169,3966.1560201261204,584.7880250712715,3480.0833599903835,0.8040321864027372,3.4503352382822525,2.248273375325952,,,2.54,286.3362681107586,12.153833613016992
345,,AM,R1796,00,EHZ,61.1981981981982,-149.91291617029023,2026-09-12T22:22:59.996000Z,2026-09-12T22:23:59.996000Z,100.0,100.0,60.0,,traffic,1,Traffic,timeofday:America/Anchorage:day7-19:night1-5,AM,2.0-20.0,1438.593634440527,12346.154213785445,1339.022459908043,13322.799307575015,0.8663621187827079,5.43347876761826,10.043886037214763,,,2.54,286.3362681107586,46.528507881584815
346,,AM,R1796,00,EHZ,61.1981981981982,-149.91291617029023,2026-09-12T22:24:59.996000Z,2026-09-12T22:25:59.996000Z,100.0,100.0,60.0,,traffic,1,Traffic,timeofday:America/Anchorage:day7-19:night1-5,AM,2.0-20.0,1077.2463359906976,6959.1533589084,951.7245944102605,6070.636384342551,0.78053527258731,3.551286492032659,3.78550509675555,,,2.54,286.3362681107586,21.201073913537034
347,,AM,R1796,00,EHZ,61.1981981981982,-149.91291617029023,2026-09-12T22:32:59.996000Z,2026-09-12T22:33:59.996000Z,100.0,100.0,60.0,,traffic,1,Traffic,timeofday:America/Anchorage:day7-19:night1-5,AM,2.0-20.0,723.6097915947983,5534.15024515558,659.4924850930478,5591.31555896459,0.8306361583368959,4.765174035428105,4.722348251136849,,,2.54,286.3362681107586,19.527095173293926
348,,AM,R1796,00,EHZ,61.1981981981982,-149.91291617029023,2026-09-12T22:34:59.996000Z,2026-09-12T22:35:59.996000Z,100.0,100.0,60.0,,traffic,1,Traffic,timeofday:America/Anchorage:day7-19:night1-5,AM,2.0-20.0,1383.9732267997151,16272.85029471193,1339.7792276973091,15784.70262223157,0.9371543011862753,7.177635231661989,19.610400732848525,,,2.54,286.3362681107586,55.12645228765027
349,,AM,R1796,00,EHZ,61.1981981981982,-149.91291617029023,2026-09-12T22:35:59.996000Z,2026-09-12T22:36:59.996000Z,100.0,100.0,60.0,,traffic,1,Traffic,timeofday:America/Anchorage:day7-19:night1-5,AM,2.0-20.0,956.4977969600517,5800.14922345831,851.1344770661693,5852.295856918112,0.7918235564026969,4.072276819434871,2.441549096878644,,,2.54,286.3362681107586,20.43854205243175
350,,AM,R1796,00,EHZ,61.1981981981982,-149.91291617029023,2026-09-12T22:36:59.996000Z,2026-09-12T22:37:59.996000Z,100.0,100.0,60.0,,traffic,1,Traffic,timeofday:America/Anchorage:day7-19:night1-5,AM,2.0-20.0,804.0042346249488,6606.149031633436,703.0630312055519,7171.29425217825,0.7646661267834023,3.29904382947301,5.818919547521988,,,2.54,286.3362681107586,25.045008442326626
351,,AM,R1796,00,EHZ,61.1981981981982,-149.91291617029023,2026-09-12T22:44:59.996000Z,2026-09-12T22:45:59.996000Z,100.0,100.0,60.0,,traffic,1,Traffic,timeofday:America/Anchorage:day7-19:night1-5,AM,2.0-20.0,657.1644226524925,4544.145859291294,608.8062588265801,4242.701740245058,0.8582427228416973,4.108834603473608,3.821741844935991,,,2.54,286.3362681107586,14.817199959468375
352,,AM,R1796,00,EHZ,61.1981981981982,-149.91291617029023,2026-09-12T22:46:59.996000Z,2026-09-12T22:47:59.996000Z,100.0,100.0,60.0,,traffic,1,Traffic,timeofday:America/Anchorage:day7-19:night1-5,AM,2.0-20.0,589.0262134531857,2926.145318810923,527.9991031567205,3035.4745480497095,0.8035208018640149,4.294808457342385,1.2554861815910439,,,2.54,286.3362681107586,10.601083013610934
353,,AM,R1796,00,EHZ,61.1981981981982,-149.91291617029023,2026-09-12T22:53:59.996000Z,2026-09-12T22:54:59.996000Z,100.0,100.0,60.0,,traffic,1,Traffic,timeofday:America/Anchorage:day7-19:night1-5,AM,2.0-20.0,675.3182983349309,3820.142748725339,617.6567908105047,4156.638544466202,0.8365220754897088,4.926986886675396,1.629258854734097,,,2.54,286.3362681107586,14.516633089799017
354,,AM,R1796,00,EHZ,61.1981981981982,-149.91291617029023,2026-09-12T22:54:59.996000Z,2026-09-12T22:55:59.996000Z,100.0,100.0,60.0,,traffic,1,Traffic,timeofday:America/Anchorage:day7-19:night1-5,AM,2.0-20.0,1153.4253429399848,6059.857815411388,1109.693279516141,6529.73848933951,0.9256076447388175,3.285965650802724,2.044722116166648,,,2.54,286.3362681107586,22.804440849992925
355,,AM,R1796,00,EHZ,61.1981981981982,-149.91291617029023,2026-09-12T22:56:59.996000Z,2026-09-12T22:57:59.996000Z,100.0,100.0,60.0,,traffic,1,Traffic,timeofday:America/Anchorage:day7-19:night1-5,AM,2.0-20.0,2596.3425254745043,38826.14154090279,2576.4167329577353,36543.53499214439,0.9847097742660786,9.47831838922221,56.25217191785806,,,2.54,286.3362681107586,127.62454170845334
356,,AM,R1796,00,EHZ,61.1981981981982,-149.91291617029023,2026-09-12T22:58:59.996000Z,2026-09-12T22:59:59.996000Z,100.0,100.0,60.0,,traffic,1,Traffic,timeofday:America/Anchorage:day7-19:night1-5,AM,2.0-20.0,1103.2703095002335,10526.14081515513,1062.1314932072225,10779.51533599171,0.9268142675579483,7.60662229000091,11.821897814702263,,,2.54,286.3362681107586,37.64634989173656
357,,AM,R1796,00,EHZ,61.1981981981982,-149.91291617029023,2026-09-12T23:09:59.996000Z,2026-09-12T23:10:59.996000Z,100.0,100.0,60.0,,traffic,1,Traffic,timeofday:America/Anchorage:day7-19:night1-5,AM,2.0-20.0,725.2926412186583,3036.8633748394127,661.8710937159004,2795.767482133622,0.8327608241112358,2.5538318565673332,0.8040566675794092,,,2.54,286.3362681107586,9.763930711886564
358,,AM,R1796,00,EHZ,61.1981981981982,-149.91291617029023,2026-09-12T23:11:59.996000Z,2026-09-12T23:12:59.996000Z,100.0,100.0,60.0,,traffic,1,Traffic,timeofday:America/Anchorage:day7-19:night1-5,AM,2.0-20.0,806.1219332947572,5842.863879528816,716.2334385040105,5831.692353377808,0.7894192459056688,5.722265601945999,7.036588067118215,,,2.54,286.3362681107586,20.366586432990854
359,,AM,R1796,00,EHZ,61.1981981981982,-149.91291617029023,2026-09-12T23:16:59.996000Z,2026-09-12T23:17:59.996000Z,100.0,100.0,60.0,,traffic,1,Traffic,timeofday:America/Anchorage:day7-19:night1-5,AM,2.0-20.0,3172.518556736675,11887.134090743395,1994.1623576546895,10869.243054391425,0.39510514602730584,2.3498515534762756,1.0393435648003138,,,2.54,286.3362681107586,37.9597147301894
360,,AM,R1796,00,EHZ,61.1981981981982,-149.91291617029023,2026-09-12T23:18:59.996000Z,2026-09-12T23:19:59.996000Z,100.0,100.0,60.0,,traffic,1,Traffic,timeofday:America/Anchorage:day7-19:night1-5,AM,2.0-20.0,5043.266086481759,17558.866438337795,2558.5504012136666,10197.075999501558,0.25737371321583047,2.7717323983743465,0.13538922604564751,,,2.54,286.3362681107586,35.61224034517763
361,,AM,R1796,00,EHZ,61.1981981981982,-149.91291617029023,2026-09-12T23:19:59.996000Z,2026-09-12T23:20:59.996000Z,100.0,100.0,60.0,,traffic,1,Traffic,timeofday:America/Anchorage:day7-19:night1-5,AM,2.0-20.0,3447.461626331308,13003.132950457904,1740.7558827113508,7959.162404987705,0.25496282442595336,3.1619605929432493,0.2928516323953385,,,2.54,286.3362681107586,27.796557025423674
362,,AM,R1796,00,EHZ,61.1981981981982,-149.91291617029023,2026-09-12T23:20:59.996000Z,2026-09-12T23:21:59.996000Z,100.0,100.0,60.0,,traffic,1,Traffic,timeofday:America/Anchorage:day7-19:night1-5,AM,2.0-20.0,3507.9998631109393,12005.86713350378,1543.7354423344593,6041.067234210149,0.1936540637126193,2.663888456511586,0.14033680767201728,,,2.54,286.3362681107586,21.09780669444705
363,,AM,R1796,00,EHZ,61.1981981981982,-149.91291617029023,2026-09-12T23:21:59.996000Z,2026-09-12T23:22:59.996000Z,100.0,100.0,60.0,,traffic,1,Traffic,timeofday:America/Anchorage:day7-19:night1-5,AM,2.0-20.0,1779.7245954408488,7270.132529362473,1013.666973058497,4745.531709097548,0.32440309478266804,1.752874457898126,0.685342439590682,,,2.54,286.3362681107586,16.57328196811559
364,,AM,R1796,00,EHZ,61.1981981981982,-149.91291617029023,2026-09-12T23:25:59.996000Z,2026-09-12T23:26:59.996000Z,100.0,100.0,60.0,,traffic,1,Traffic,timeofday:America/Anchorage:day7-19:night1-5,AM,2.0-20.0,679.1001386913237,3409.868968832688,603.6811461897121,3391.4780568949654,0.7902192163801046,3.1662890015218412,1.9145722760178394,,,2.54,286.3362681107586,11.844388694704568
365,,AM,R1796,00,EHZ,61.1981981981982,-149.91291617029023,2026-09-12T23:26:59.996000Z,2026-09-12T23:27:59.996000Z,100.0,100.0,60.0,,traffic,1,Traffic,timeofday:America/Anchorage:day7-19:night1-5,AM,2.0-20.0,658.6391026646346,4580.869662895525,592.0184246408306,3780.336922135514,0.8079331435965447,3.846332218234952,2.3925889064147823,,,2.54,286.3362681107586,13.202438332657287
366,,AM,R1796,00,EHZ,61.1981981981982,-149.91291617029023,2026-09-12T23:28:59.996000Z,2026-09-12T23:29:59.996000Z,100.0,100.0,60.0,,traffic,1,Traffic,timeofday:America/Anchorage:day7-19:night1-5,AM,2.0-20.0,632.7659585122644,4701.129839708095,569.8649700008646,4346.184498020728,0.8110688251502832,4.568933296729223,3.4588592754469074,,,2.54,286.3362681107586,15.178602859835998
367,,AM,R1796,00,EHZ,61.1981981981982,-149.91291617029023,2026-09-12T23:30:59.996000Z,2026-09-12T23:31:59.996000Z,100.0,100.0,60.0,,traffic,1,Traffic,timeofday:America/Anchorage:day7-19:night1-5,AM,2.0-20.0,533.5477480567591,4341.129081295058,477.54774000800387,3999.628576577086,0.8011005054996363,4.272205539661205,5.32622521827143,,,2.54,286.3362681107586,13.968291907157138
368,,AM,R1796,00,EHZ,61.1981981981982,-149.91291617029023,2026-09-12T23:34:59.996000Z,2026-09-12T23:35:59.996000Z,100.0,100.0,60.0,,traffic,1,Traffic,timeofday:America/Anchorage:day7-19:night1-5,AM,2.0-20.0,851.126074144632,4847.127528432874,803.7635375995872,4182.582480534678,0.8918027574864205,3.5749644979642103,1.8907551945308994,,,2.54,286.3362681107586,14.607239621202302
369,,AM,R1796,00,EHZ,61.1981981981982,-149.91291617029023,2026-09-12T23:35:59.996000Z,2026-09-12T23:36:59.996000Z,100.0,100.0,60.0,,traffic,1,Traffic,timeofday:America/Anchorage:day7-19:night1-5,AM,2.0-20.0,1409.3026624195863,9132.872653402399,1199.0364909005282,7931.568240691241,0.7238627960827145,5.95940665223294,3.5306545677496155,,,2.54,286.3362681107586,27.700187241468154
370,,AM,R1796,00,EHZ,61.1981981981982,-149.91291617029023,2026-09-12T23:37:59.996000Z,2026-09-12T23:38:59.996000Z,100.0,100.0,60.0,,traffic,1,Traffic,timeofday:America/Anchorage:day7-19:night1-5,AM,2.0-20.0,649.4170133914603,5662.873674609381,587.8925541562888,4907.679002222522,0.819499315908508,4.0638380970806685,6.3420630870217956,,,2.54,286.3362681107586,17.139564731367415
371,,AM,R1796,00,EHZ,61.1981981981982,-149.91291617029023,2026-09-12T23:44:59.996000Z,2026-09-12T23:45:59.996000Z,100.0,100.0,60.0,,traffic,1,Traffic,timeofday:America/Anchorage:day7-19:night1-5,AM,2.0-20.0,608.6360805390037,4229.876053850668,546.3939905906856,3966.232157884938,0.8059283627667924,2.304431613578636,1.6280683171565036,,,2.54,286.3362681107586,13.8516583458116
372,,AM,R1796,00,EHZ,61.1981981981982,-149.91291617029023,2026-09-12T23:46:59.996000Z,2026-09-12T23:47:59.996000Z,100.0,100.0,60.0,,traffic,1,Traffic,timeofday:America/Anchorage:day7-19:night1-5,AM,2.0-20.0,693.7658847836872,4093.876900331546,636.6273952243912,4000.318730673775,0.8420633513685626,4.214392999265262,2.732909701014159,,,2.54,286.3362681107586,13.970702199437758
373,,AM,R1796,00,EHZ,61.1981981981982,-149.91291617029023,2026-09-12T23:49:59.996000Z,2026-09-12T23:50:59.996000Z,100.0,100.0,60.0,,traffic,1,Traffic,timeofday:America/Anchorage:day7-19:night1-5,AM,2.0-20.0,692.9490572878343,3782.8780090547984,631.2128758952534,4005.54661753855,0.8297534791615115,5.568001778173493,2.3432192911159158,,,2.54,286.3362681107586,13.98896005723296
374,,AM,R1796,00,EHZ,61.1981981981982,-149.91291617029023,2026-09-12T23:52:59.996000Z,2026-09-12T23:53:59.996000Z,100.0,100.0,60.0,,traffic,1,Traffic,timeofday:America/Anchorage:day7-19:night1-5,AM,2.0-20.0,910.3671347404601,9360.87920964562,857.0753049294498,9795.047541035048,0.8863491286758188,5.072536944299224,14.492327919895114,,,2.54,286.3362681107586,34.20819725584394
375,,AM,R1796,00,EHZ,61.1981981981982,-149.91291617029023,2026-09-12T23:55:59.996000Z,2026-09-12T23:56:59.996000Z,100.0,100.0,60.0,,traffic,1,Traffic,timeofday:America/Anchorage:day7-19:night1-5,AM,2.0-20.0,1185.3400627156936,11330.880075983128,1143.6884410890943,12512.354056505801,0.9309568190594898,5.011707722683608,13.789883426851688,,,2.54,286.3362681107586,43.69811110224381
376,,AM,R1796,00,EHZ,61.1981981981982,-149.91291617029023,2026-09-12T23:56:59.996000Z,2026-09-12T23:57:59.996000Z,100.0,100.0,60.0,,traffic,1,Traffic,timeofday:America/Anchorage:day7-19:night1-5,AM,2.0-20.0,865.7491621016924,6975.880590907275,796.6425193797976,6897.221271471413,0.8467258232374061,4.908213465174,4.647443522967903,,,2.54,286.3362681107586,24.08783671373225
377,,AM,R1796,00,EHZ,61.1981981981982,-149.91291617029023,2026-09-12T23:57:59.996000Z,2026-09-12T23:58:59.996000Z,100.0,100.0,60.0,,traffic,1,Traffic,timeofday:America/Anchorage:day7-19:night1-5,AM,2.0-20.0,872.7133388911833,4894.119087464312,826.5009786932989,4602.165550667901,0.8968989518028045,3.2299072483860995,2.289867601490947,,,2.54,286.3362681107586,16.072590388332234
378,,AM,R1796,00,EHZ,61.1981981981982,-149.91291617029023,2026-09-12T23:59:59.996000Z,2026-09-13T00:00:59.996000Z,100.0,100.0,60.0,,traffic,1,Traffic,timeofday:America/Anchorage:day7-19:night1-5,AM,2.0-20.0,739.6245843400811,3595.8816948502276,691.1446328745518,3661.01362270673,0.8732029680535733,3.351349092357125,1.3974802775188007,,,2.54,286.3362681107586,12.785713967923204
379,,AM,R1796,00,EHZ,61.1981981981982,-149.91291617029023,2026-09-13T00:00:59.996000Z,2026-09-13T00:01:59.996000Z,100.0,100.0,60.0,,traffic,1,Traffic,timeofday:America/Anchorage:day7-19:night1-5,AM,2.0-20.0,666.5858571869745,4004.881882323803,623.1011469822153,3719.8399218160803,0.8737856562380378,3.2470798860229393,3.2956887440015867,,,2.54,286.3362681107586,12.991158774120773
380,,AM,R1796,00,EHZ,61.1981981981982,-149.91291617029023,2026-09-13T00:01:59.996000Z,2026-09-13T00:02:59.996000Z,100.0,100.0,60.0,,traffic,1,Traffic,timeofday:America/Anchorage:day7-19:night1-5,AM,2.0-20.0,733.5262485257714,3553.117665570099,669.9859616366274,3452.2808670180793,0.8342574378819788,2.7661406565776856,1.236294636134522,,,2.54,286.3362681107586,12.056736262563469
381,,AM,R1796,00,EHZ,61.1981981981982,-149.91291617029023,2026-09-13T00:02:59.996000Z,2026-09-13T00:03:59.996000Z,100.0,100.0,60.0,,traffic,1,Traffic,timeofday:America/Anchorage:day7-19:night1-5,AM,2.0-20.0,826.6785369563889,4592.882581473371,777.5529540961818,4604.64963698264,0.8846808509351216,4.6241872656168885,2.243345248579386,,,2.54,286.3362681107586,16.081265804587147
382,,AM,R1796,00,EHZ,61.1981981981982,-149.91291617029023,2026-09-13T00:04:59.996000Z,2026-09-13T00:05:59.996000Z,100.0,100.0,60.0,,traffic,1,Traffic,timeofday:America/Anchorage:day7-19:night1-5,AM,2.0-20.0,963.9928365946222,6868.116648530556,900.4664301490169,7221.882907155663,0.8725442082268304,4.562283552515796,3.0435352299961727,,,2.54,286.3362681107586,25.22168412267685
383,,AM,R1796,00,EHZ,61.1981981981982,-149.91291617029023,2026-09-13T00:08:59.996000Z,2026-09-13T00:09:59.996000Z,100.0,100.0,60.0,,traffic,1,Traffic,timeofday:America/Anchorage:day7-19:night1-5,AM,2.0-20.0,715.1594681372468,4782.11492026812,660.6418162686207,4163.495958196936,0.8533483116710862,2.709294209918342,1.887351329463507,,,2.54,286.3362681107586,14.5405819027663
384,,AM,R1796,00,EHZ,61.1981981981982,-149.91291617029023,2026-09-13T00:11:59.996000Z,2026-09-13T00:12:59.996000Z,100.0,100.0,60.0,,traffic,1,Traffic,timeofday:America/Anchorage:day7-19:night1-5,AM,2.0-20.0,1319.5055463266085,6570.886058712876,1081.7276872039026,6271.649566488564,0.6720683623527686,2.901574015206718,1.9904012858426983,,,2.54,286.3362681107586,21.90309180135926
385,,AM,R1796,00,EHZ,61.1981981981982,-149.91291617029023,2026-09-13T00:14:59.996000Z,2026-09-13T00:15:59.996000Z,100.0,100.0,60.0,,traffic,1,Traffic,timeofday:America/Anchorage:day7-19:night1-5,AM,2.0-20.0,635.399813653263,3920.113029414188,588.4339767518186,3625.537924229856,0.8576326702801342,3.664865845802519,2.3827981047259303,,,2.54,286.3362681107586,12.661818735541564
386,,AM,R1796,00,EHZ,61.1981981981982,-149.91291617029023,2026-09-13T00:24:59.996000Z,2026-09-13T00:25:59.996000Z,100.0,100.0,60.0,,traffic,1,Traffic,timeofday:America/Anchorage:day7-19:night1-5,AM,2.0-20.0,926.510631314789,5676.109249667469,729.3528236999398,5492.0918392280055,0.6196900504194618,4.653064880987936,4.40898483128115,,,2.54,286.3362681107586,19.18056652573118
387,,AM,R1796,00,EHZ,61.1981981981982,-149.91291617029023,2026-09-13T00:27:59.996000Z,2026-09-13T00:28:59.996000Z,100.0,100.0,60.0,,traffic,1,Traffic,timeofday:America/Anchorage:day7-19:night1-5,AM,2.0-20.0,1348.414994514768,11517.107971549984,1305.7128972159587,10971.955889859859,0.9376661566616273,4.149153050343749,6.733894283280243,,,2.54,286.3362681107586,38.318428755995946
388,,AM,R1796,00,EHZ,61.1981981981982,-149.91291617029023,2026-09-13T00:28:59.996000Z,2026-09-13T00:29:59.996000Z,100.0,100.0,60.0,,traffic,1,Traffic,timeofday:America/Anchorage:day7-19:night1-5,AM,2.0-20.0,747.4444777459055,6467.107859335499,699.9123757364488,5769.139209400828,0.8768584070658303,3.3216959296964887,3.73246096489835,,,2.54,286.3362681107586,20.14812600396555
389,,AM,R1796,00,EHZ,61.1981981981982,-149.91291617029023,2026-09-13T00:30:59.996000Z,2026-09-13T00:31:59.996000Z,100.0,100.0,60.0,,traffic,1,Traffic,timeofday:America/Anchorage:day7-19:night1-5,AM,2.0-20.0,1080.0847756448684,10206.10699955558,1044.0928696892786,11622.328790589134,0.9344639909801189,5.512450459806595,11.491911105633752,,,2.54,286.3362681107586,40.58978929659538
390,,AM,R1796,00,EHZ,61.1981981981982,-149.91291617029023,2026-09-13T00:31:59.996000Z,2026-09-13T00:32:59.996000Z,100.0,100.0,60.0,,traffic,1,Traffic,timeofday:America/Anchorage:day7-19:night1-5,AM,2.0-20.0,896.2131819572983,5568.893514326707,848.2675122705712,5251.0249409126445,0.8958659158640702,4.704331364524882,3.847041650551544,,,2.54,286.3362681107586,18.33866514905293
391,,AM,R1796,00,EHZ,61.1981981981982,-149.91291617029023,2026-09-13T00:38:59.996000Z,2026-09-13T00:39:59.996000Z,100.0,100.0,60.0,,traffic,1,Traffic,timeofday:America/Anchorage:day7-19:night1-5,AM,2.0-20.0,645.4716035254787,4153.895920778933,602.0932253526297,4092.1994217824476,0.8701080754967068,4.327720819533952,3.0232662201305676,,,2.54,286.3362681107586,14.291586073893829
392,,AM,R1796,00,EHZ,61.1981981981982,-149.91291617029023,2026-09-13T00:39:59.996000Z,2026-09-13T00:40:59.996000Z,100.0,100.0,60.0,,traffic,1,Traffic,timeofday:America/Anchorage:day7-19:night1-5,AM,2.0-20.0,805.2870178396862,5047.103639249574,770.6094814359083,4832.3817937543245,0.9157297016582152,5.101583116423002,3.557589541111126,,,2.54,286.3362681107586,16.8765969663511
393,,AM,R1796,00,EHZ,61.1981981981982,-149.91291617029023,2026-09-13T00:41:59.996000Z,2026-09-13T00:42:59.996000Z,100.0,100.0,60.0,,traffic,1,Traffic,timeofday:America/Anchorage:day7-19:night1-5,AM,2.0-20.0,945.1244171423546,7763.102925023676,895.8963345931869,7471.873407348718,0.8985402851195797,4.365368085284079,4.767513528843453,,,2.54,286.3362681107586,26.094750262158545
394,,AM,R1796,00,EHZ,61.1981981981982,-149.91291617029023,2026-09-13T00:44:59.996000Z,2026-09-13T00:45:59.996000Z,100.0,100.0,60.0,,traffic,1,Traffic,timeofday:America/Anchorage:day7-19:night1-5,AM,2.0-20.0,921.2508256953811,5428.101759549679,869.1045120708399,5734.522740403678,0.8899963571245336,3.7721019134642484,2.1914335837903387,,,2.54,286.3362681107586,20.027231542270044
395,,AM,R1796,00,EHZ,61.1981981981982,-149.91291617029023,2026-09-13T00:45:59.996000Z,2026-09-13T00:46:59.996000Z,100.0,100.0,60.0,,traffic,1,Traffic,timeofday:America/Anchorage:day7-19:night1-5,AM,2.0-20.0,795.2035046547128,6545.101588991013,755.5982737125994,6254.605365856547,0.9028702503084269,5.537760694368047,8.334527666287817,,,2.54,286.3362681107586,21.84356668166529
396,,AM,R1796,00,EHZ,61.1981981981982,-149.91291617029023,2026-09-13T00:48:59.996000Z,2026-09-13T00:49:59.996000Z,100.0,100.0,60.0,,traffic,1,Traffic,timeofday:America/Anchorage:day7-19:night1-5,AM,2.0-20.0,1068.906963865019,10125.100221334822,1026.2031434120881,10321.323631325457,0.9216942290892155,4.8742371536669165,8.571285504468142,,,2.54,286.3362681107586,36.0461624349069
397,,AM,R1796,00,EHZ,61.1981981981982,-149.91291617029023,2026-09-13T00:53:59.996000Z,2026-09-13T00:54:59.996000Z,100.0,100.0,60.0,,traffic,1,Traffic,timeofday:America/Anchorage:day7-19:night1-5,AM,2.0-20.0,1439.4873454578496,19729.901473220365,1402.1162495948467,19331.378264919025,0.9487512090510428,8.261466823070386,31.890719013260515,,,2.54,286.3362681107586,67.51285260671692
398,,AM,R1796,00,EHZ,61.1981981981982,-149.91291617029023,2026-09-13T00:54:59.996000Z,2026-09-13T00:55:59.996000Z,100.0,100.0,60.0,,traffic,1,Traffic,timeofday:America/Anchorage:day7-19:night1-5,AM,2.0-20.0,738.6582674192774,10168.901665780671,698.6365822618974,8248.179343335309,0.8945724499390754,2.734456125149678,20.303896218305272,,,2.54,286.3362681107586,28.805918990830754
399,,AM,R1796,00,EHZ,61.1981981981982,-149.91291617029023,2026-09-13T00:56:59.996000Z,2026-09-13T00:57:59.996000Z,100.0,100.0,60.0,,traffic,1,Traffic,timeofday:America/Anchorage:day7-19:night1-5,AM,2.0-20.0,615.5070799705508,5809.902409117373,569.7464594083979,5791.777085871604,0.8568349331117658,3.1161410403681,6.498335453807181,,,2.54,286.3362681107586,20.227186461867515
400,,AM,R1796,00,EHZ,61.1981981981982,-149.91291617029023,2026-09-13T01:02:59.996000Z,2026-09-13T01:03:59.996000Z,100.0,100.0,60.0,,traffic,1,Traffic,timeofday:America/Anchorage:day7-19:night1-5,AM,2.0-20.0,1382.2202966062798,11722.09514735243,1338.2890885156316,12270.862256711196,0.9374440184276608,4.599387044742283,12.113193296534492,,,2.54,286.3362681107586,42.854725800800985
401,,AM,R1796,00,EHZ,61.1981981981982,-149.91291617029023,2026-09-13T01:04:59.996000Z,2026-09-13T01:05:59.996000Z,100.0,100.0,60.0,,traffic,1,Traffic,timeofday:America/Anchorage:day7-19:night1-5,AM,2.0-20.0,1252.7372613497487,7726.094304487419,1125.4143191741293,6846.8875534604595,0.8070582524379303,4.8207532438079905,2.946509456663149,,,2.54,286.3362681107586,23.912051374546774
402,,AM,R1796,00,EHZ,61.1981981981982,-149.91291617029023,2026-09-13T01:06:59.996000Z,2026-09-13T01:07:59.996000Z,100.0,100.0,60.0,,traffic,1,Traffic,timeofday:America/Anchorage:day7-19:night1-5,AM,2.0-20.0,746.0085178831341,4550.906413170494,690.9221604573852,3949.4536882362518,0.8577696429708334,2.9910981905350043,2.6130103785277266,,,2.54,286.3362681107586,13.793061264277396
403,,AM,R1796,00,EHZ,61.1981981981982,-149.91291617029023,2026-09-13T01:17:59.996000Z,2026-09-13T01:18:59.996000Z,100.0,100.0,60.0,,traffic,1,Traffic,timeofday:America/Anchorage:day7-19:night1-5,AM,2.0-20.0,469.949438948647,2185.9101474430713,412.58120138017523,2239.4659609040395,0.7707554447950272,2.798344476712313,0.9116077850440818,,,2.54,286.3362681107586,7.821104799891381
404,,AM,R1796,00,EHZ,61.1981981981982,-149.91291617029023,2026-09-13T01:21:59.996000Z,2026-09-13T01:22:59.996000Z,100.0,100.0,60.0,,traffic,1,Traffic,timeofday:America/Anchorage:day7-19:night1-5,AM,2.0-20.0,1313.101320546287,8446.911660346846,1272.0107175548512,9871.622479486685,0.9383936600060642,4.240507292852198,5.04248689969126,,,2.54,286.3362681107586,34.47562736156152
405,,AM,R1796,00,EHZ,61.1981981981982,-149.91291617029023,2026-09-13T01:25:59.996000Z,2026-09-13T01:26:59.996000Z,100.0,100.0,60.0,,traffic,1,Traffic,timeofday:America/Anchorage:day7-19:night1-5,AM,2.0-20.0,850.1895827656124,6208.086650981412,781.6254334177517,6220.587489045829,0.8452122958109574,6.755303177855234,4.78411896269903,,,2.54,286.3362681107586,21.724762741685325
406,,AM,R1796,00,EHZ,61.1981981981982,-149.91291617029023,2026-09-13T01:27:59.996000Z,2026-09-13T01:28:59.996000Z,100.0,100.0,60.0,,traffic,1,Traffic,timeofday:America/Anchorage:day7-19:night1-5,AM,2.0-20.0,519.8548416144155,2404.086166700214,470.17258245467366,3015.847636612654,0.8179945576048211,2.4920275740078845,1.5725650546003056,,,2.54,286.3362681107586,10.532538041761738
407,,AM,R1796,00,EHZ,61.1981981981982,-149.91291617029023,2026-09-13T01:28:59.996000Z,2026-09-13T01:29:59.996000Z,100.0,100.0,60.0,,traffic,1,Traffic,timeofday:America/Anchorage:day7-19:night1-5,AM,2.0-20.0,765.8879032522788,4626.914219094538,720.6411008181836,4451.051746269461,0.8853350040000983,4.483688053972489,1.8373311688848872,,,2.54,286.3362681107586,15.544840950947002
408,,AM,R1796,00,EHZ,61.1981981981982,-149.91291617029023,2026-09-13T01:31:59.996000Z,2026-09-13T01:32:59.996000Z,100.0,100.0,60.0,,traffic,1,Traffic,timeofday:America/Anchorage:day7-19:night1-5,AM,2.0-20.0,624.4543073008464,3512.0844177844306,533.4164347482606,3580.4596411655352,0.7296783379269651,3.4144687719662055,2.6526486286627238,,,2.54,286.3362681107586,12.50438746299706
409,,AM,R1796,00,EHZ,61.1981981981982,-149.91291617029023,2026-09-13T01:41:59.996000Z,2026-09-13T01:42:59.996000Z,100.0,100.0,60.0,,traffic,1,Traffic,timeofday:America/Anchorage:day7-19:night1-5,AM,2.0-20.0,528.2958815666882,2668.918971938808,460.30647909592335,2347.50665389386,0.7591712023781443,2.455575236656892,0.8086842431150982,,,2.54,286.3362681107586,8.198425820740995
410,,AM,R1796,00,EHZ,61.1981981981982,-149.91291617029023,2026-09-13T01:45:59.996000Z,2026-09-13T01:46:59.996000Z,100.0,100.0,60.0,,traffic,1,Traffic,timeofday:America/Anchorage:day7-19:night1-5,AM,2.0-20.0,557.7908800061208,4124.920730415192,518.6004109131852,3733.7181174858924,0.8644161946950161,4.909085178520871,3.181396768929603,,,2.54,286.3362681107586,13.039626946739563
411,,AM,R1796,00,EHZ,61.1981981981982,-149.91291617029023,2026-09-13T01:46:59.996000Z,2026-09-13T01:47:59.996000Z,100.0,100.0,60.0,,traffic,1,Traffic,timeofday:America/Anchorage:day7-19:night1-5,AM,2.0-20.0,934.2148047156993,11253.921106833204,907.4340398243843,10220.028734445514,0.9434885681945027,5.182538190414353,15.673525059136502,,,2.54,286.3362681107586,35.69240041395061
412,,AM,R1796,00,EHZ,61.1981981981982,-149.91291617029023,2026-09-13T01:48:59.996000Z,2026-09-13T01:49:59.996000Z,100.0,100.0,60.0,,traffic,1,Traffic,timeofday:America/Anchorage:day7-19:night1-5,AM,2.0-20.0,644.8533692955746,3595.9218747455557,601.7989359899915,3554.789034678637,0.8709252551847511,3.6353087752242184,2.041915844880175,,,2.54,286.3362681107586,12.414735507077287
413,,AM,R1796,00,EHZ,61.1981981981982,-149.91291617029023,2026-09-13T02:01:59.996000Z,2026-09-13T02:02:59.996000Z,100.0,100.0,60.0,,traffic,1,Traffic,timeofday:America/Anchorage:day7-19:night1-5,AM,2.0-20.0,1186.2647817495724,11266.073691709727,1157.1537322036027,10987.955425795215,0.9515220277317529,3.2251913446301668,16.07485560902549,,,2.54,286.3362681107586,38.37430549155907
414,,AM,R1796,00,EHZ,61.1981981981982,-149.91291617029023,2026-09-13T02:04:59.996000Z,2026-09-13T02:05:59.996000Z,100.0,100.0,60.0,,traffic,1,Traffic,timeofday:America/Anchorage:day7-19:night1-5,AM,2.0-20.0,659.2047855562092,4568.072354512632,614.6645743431503,4678.758637315936,0.8694320874476698,5.394400335884953,4.5200878767543875,,,2.54,286.3362681107586,16.3400838747613
415,,AM,R1796,00,EHZ,61.1981981981982,-149.91291617029023,2026-09-13T02:05:59.996000Z,2026-09-13T02:06:59.996000Z,100.0,100.0,60.0,,traffic,1,Traffic,timeofday:America/Anchorage:day7-19:night1-5,AM,2.0-20.0,1056.8097757510482,10055.071945184092,1024.1460865758393,9423.471371015592,0.9391396481064959,4.088806722582552,7.206364179112025,,,2.54,286.3362681107586,32.91050565543611
416,,AM,R1796,00,EHZ,61.1981981981982,-149.91291617029023,2026-09-13T02:09:59.996000Z,2026-09-13T02:10:59.996000Z,100.0,100.0,60.0,,traffic,1,Traffic,timeofday:America/Anchorage:day7-19:night1-5,AM,2.0-20.0,772.2853366822591,4976.070521390019,741.3885509298898,4873.848201558963,0.9215866438614199,4.930439217046162,3.6411547510664484,,,2.54,286.3362681107586,17.021414135612382
417,,AM,R1796,00,EHZ,61.1981981981982,-149.91291617029023,2026-09-13T02:10:59.996000Z,2026-09-13T02:11:59.996000Z,100.0,100.0,60.0,,traffic,1,Traffic,timeofday:America/Anchorage:day7-19:night1-5,AM,2.0-20.0,906.7771632095896,5151.9297906165075,871.1353887931319,4772.6416551143475,0.9229329801991318,3.369783764453467,1.813939108334834,,,2.54,286.3362681107586,16.66796066947491
418,,AM,R1796,00,EHZ,61.1981981981982,-149.91291617029023,2026-09-13T02:13:59.996000Z,2026-09-13T02:14:59.996000Z,100.0,100.0,60.0,,traffic,1,Traffic,timeofday:America/Anchorage:day7-19:night1-5,AM,2.0-20.0,628.7302067577062,3784.0692823729373,589.5846553935163,3411.151050400201,0.8793538953036067,2.72114955366612,2.3547213363961905,,,2.54,286.3362681107586,11.913094603442701
419,,AM,R1796,00,EHZ,61.1981981981982,-149.91291617029023,2026-09-13T02:14:59.996000Z,2026-09-13T02:15:59.996000Z,100.0,100.0,60.0,,traffic,1,Traffic,timeofday:America/Anchorage:day7-19:night1-5,AM,2.0-20.0,635.6508043355083,2857.931252407841,583.5117644604047,2554.9035332236353,0.8426787283985393,2.9449739618691346,0.9140314356067227,,,2.54,286.3362681107586,8.922738115156845
420,,AM,R1796,00,EHZ,61.1981981981982,-149.91291617029023,2026-09-13T02:15:59.996000Z,2026-09-13T02:16:59.996000Z,100.0,100.0,60.0,,traffic,1,Traffic,timeofday:America/Anchorage:day7-19:night1-5,AM,2.0-20.0,979.7234474625262,6978.931629622569,941.1092387826241,5891.931651291616,0.9227266620723239,5.08511414610087,5.0455393263288855,,,2.54,286.3362681107586,20.57696599235043
421,,AM,R1796,00,EHZ,61.1981981981982,-149.91291617029023,2026-09-13T02:18:59.996000Z,2026-09-13T02:19:59.996000Z,100.0,100.0,60.0,,traffic,1,Traffic,timeofday:America/Anchorage:day7-19:night1-5,AM,2.0-20.0,612.3019491905903,3116.932749928855,566.3880010688654,3227.0892560557586,0.8556512804137485,3.3390054831719684,1.0311126291339248,,,2.54,286.3362681107586,11.270277696039113
422,,AM,R1796,00,EHZ,61.1981981981982,-149.91291617029023,2026-09-13T02:19:59.996000Z,2026-09-13T02:20:59.996000Z,100.0,100.0,60.0,,traffic,1,Traffic,timeofday:America/Anchorage:day7-19:night1-5,AM,2.0-20.0,807.6497698348757,4322.9331710242905,765.4408079580762,4495.007248805592,0.8982083267381604,2.9364463035170587,1.7229466592679064,,,2.54,286.3362681107586,15.698351027844172
423,,AM,R1796,00,EHZ,61.1981981981982,-149.91291617029023,2026-09-13T02:24:59.996000Z,2026-09-13T02:25:59.996000Z,100.0,100.0,60.0,,traffic,1,Traffic,timeofday:America/Anchorage:day7-19:night1-5,AM,2.0-20.0,939.0308497384575,5742.065108496584,898.9966636726899,4738.872175612473,0.9165505860956104,3.4754900562459845,1.5900872190071977,,,2.54,286.3362681107586,16.55002423157731
424,,AM,R1796,00,EHZ,61.1981981981982,-149.91291617029023,2026-09-13T02:25:59.996000Z,2026-09-13T02:26:59.996000Z,100.0,100.0,60.0,,traffic,1,Traffic,timeofday:America/Anchorage:day7-19:night1-5,AM,2.0-20.0,656.0645448312848,2384.064643336588,595.2410313259695,2574.1884635616207,0.8231757814805358,2.3314314316241203,0.24122899360082872,,,2.54,286.3362681107586,8.990088753150513
425,,AM,R1796,00,EHZ,61.1981981981982,-149.91291617029023,2026-09-13T02:26:59.996000Z,2026-09-13T02:27:59.996000Z,100.0,100.0,60.0,,traffic,1,Traffic,timeofday:America/Anchorage:day7-19:night1-5,AM,2.0-20.0,899.2151153013988,7514.935735594142,858.178727520569,7812.6445155313495,0.9108110546386814,5.684471951290025,7.165984032268094,,,2.54,286.3362681107586,27.284858348818446
426,,AM,R1796,00,EHZ,61.1981981981982,-149.91291617029023,2026-09-13T02:33:59.996000Z,2026-09-13T02:34:59.996000Z,100.0,100.0,60.0,,traffic,1,Traffic,timeofday:America/Anchorage:day7-19:night1-5,AM,2.0-20.0,661.9070806291761,5443.9383344841,626.8448373025683,5266.126676754416,0.8968628870846911,4.273058745594317,5.683487908562618,,,2.54,286.3362681107586,18.391406410023507
427,,AM,R1796,00,EHZ,61.1981981981982,-149.91291617029023,2026-09-13T02:34:59.996000Z,2026-09-13T02:35:59.996000Z,100.0,100.0,60.0,,traffic,1,Traffic,timeofday:America/Anchorage:day7-19:night1-5,AM,2.0-20.0,610.1212086082888,4511.061502005113,570.602907312304,4357.443392869507,0.8746528517288292,4.1036463814802175,4.022888765660802,,,2.54,286.3362681107586,15.217923393427727
428,,AM,R1796,00,EHZ,61.1981981981982,-149.91291617029023,2026-09-13T02:37:59.996000Z,2026-09-13T02:38:59.996000Z,100.0,100.0,60.0,,traffic,1,Traffic,timeofday:America/Anchorage:day7-19:night1-5,AM,2.0-20.0,1259.1974725851508,11106.060147096392,1220.2448901805851,11256.298655946466,0.9390880384286637,5.1840867097426795,11.260915476918793,,,2.54,286.3362681107586,39.311466654976385
429,,AM,R1796,00,EHZ,61.1981981981982,-149.91291617029023,2026-09-13T02:41:59.996000Z,2026-09-13T02:42:59.996000Z,100.0,100.0,60.0,,traffic,1,Traffic,timeofday:America/Anchorage:day7-19:night1-5,AM,2.0-20.0,655.730150153727,4048.058962501193,607.0061063042764,3525.9830034407355,0.8569111905545989,3.0773311410539494,2.41015383661399,,,2.54,286.3362681107586,12.31413340232834
430,,AM,R1796,00,EHZ,61.1981981981982,-149.91291617029023,2026-09-13T02:42:59.996000Z,2026-09-13T02:43:59.996000Z,100.0,100.0,60.0,,traffic,1,Traffic,timeofday:America/Anchorage:day7-19:night1-5,AM,2.0-20.0,570.0864924144147,3503.941735177515,527.9760015367613,3858.747687624146,0.8577226197964066,3.351229242740465,1.704599804361651,,,2.54,286.3362681107586,13.476279875700314
431,,AM,R1796,00,EHZ,61.1981981981982,-149.91291617029023,2026-09-13T02:43:59.996000Z,2026-09-13T02:44:59.996000Z,100.0,100.0,60.0,,traffic,1,Traffic,timeofday:America/Anchorage:day7-19:night1-5,AM,2.0-20.0,597.4050114114364,3009.941841447267,564.4650814556835,2853.988826178309,0.8927635270604011,3.451532512964495,1.9722831347703123,,,2.54,286.3362681107586,9.967262774670056
432,,AM,R1796,00,EHZ,61.1981981981982,-149.91291617029023,2026-09-13T02:47:59.996000Z,2026-09-13T02:48:59.996000Z,100.0,100.0,60.0,,traffic,1,Traffic,timeofday:America/Anchorage:day7-19:night1-5,AM,2.0-20.0,1245.5892056034131,9989.05655090095,1220.329991081668,10700.741866023329,0.9598533778137781,5.712639949820792,9.990263918989314,,,2.54,286.3362681107586,37.37124164055998
433,,AM,R1796,00,EHZ,61.1981981981982,-149.91291617029023,2026-09-13T02:52:59.996000Z,2026-09-13T02:53:59.996000Z,100.0,100.0,60.0,,traffic,1,Traffic,timeofday:America/Anchorage:day7-19:night1-5,AM,2.0-20.0,756.4133802887242,4536.054775938658,721.9964166961972,4814.867579775329,0.9110698593499648,2.8615904533773486,2.0848447742995724,,,2.54,286.3362681107586,16.81543037332901
434,,AM,R1796,00,EHZ,61.1981981981982,-149.91291617029023,2026-09-13T02:54:59.996000Z,2026-09-13T02:55:59.996000Z,100.0,100.0,60.0,,traffic,1,Traffic,timeofday:America/Anchorage:day7-19:night1-5,AM,2.0-20.0,972.9603053998807,11836.946136914852,939.0866635206472,11095.356550849052,0.9315820269925785,6.399348418399918,16.974436123909147,,,2.54,286.3362681107586,38.74939288709743
435,,AM,R1796,00,EHZ,61.1981981981982,-149.91291617029023,2026-09-13T02:56:59.996000Z,2026-09-13T02:57:59.996000Z,100.0,100.0,60.0,,traffic,1,Traffic,timeofday:America/Anchorage:day7-19:night1-5,AM,2.0-20.0,756.1203471555168,9743.053431632397,721.6015863954912,9242.865843123865,0.9107792097964517,5.152819281428337,25.604134457436796,,,2.54,286.3362681107586,32.27975940354368
436,,AM,R1796,00,EHZ,61.1981981981982,-149.91291617029023,2026-09-13T02:57:59.996000Z,2026-09-13T02:58:59.996000Z,100.0,100.0,60.0,,traffic,1,Traffic,timeofday:America/Anchorage:day7-19:night1-5,AM,2.0-20.0,749.6773548736827,3893.0530650814185,708.642713679777,3578.1414524110814,0.8935232693830255,3.653369924304866,1.303568062174092,,,2.54,286.3362681107586,12.49629142692818
437,,AM,R1796,00,EHZ,61.1981981981982,-149.91291617029023,2026-09-13T02:59:59.996000Z,2026-09-13T03:00:59.996000Z,100.0,100.0,60.0,,traffic,1,Traffic,timeofday:America/Anchorage:day7-19:night1-5,AM,2.0-20.0,875.74700351963,6762.052267751836,844.6628913842214,6414.6046739610065,0.9302710575114967,4.014809899932388,5.167986076471157,,,2.54,286.3362681107586,22.402347827903355
438,,AM,R3130,00,EHZ,61.1981981981982,-149.90658980942584,2026-09-12T09:00:59.995000Z,2026-09-12T09:01:59.995000Z,100.0,100.0,60.0,,noise,0,Noise,timeofday:America/Anchorage:day7-19:night1-5,AM,2.0-20.0,372.1160910189593,2549.762560876728,297.71437610923425,2064.061931517307,0.6400924617718444,5.468818841893873,3.7608746830593995,,,2.78,223.23593596182425,9.246100645150088
439,,AM,R3130,00,EHZ,61.1981981981982,-149.90658980942584,2026-09-12T09:01:59.995000Z,2026-09-12T09:02:59.995000Z,100.0,100.0,60.0,,noise,0,Noise,timeofday:America/Anchorage:day7-19:night1-5,AM,2.0-20.0,219.84821747359993,1080.2421063395109,192.41883295889207,937.0387736609158,0.7660361327514449,2.1896888997787833,0.541261480991881,,,2.78,223.23593596182425,4.197526574848413
440,,AM,R3130,00,EHZ,61.1981981981982,-149.90658980942584,2026-09-12T09:02:59.995000Z,2026-09-12T09:03:59.995000Z,100.0,100.0,60.0,,noise,0,Noise,timeofday:America/Anchorage:day7-19:night1-5,AM,2.0-20.0,251.30810674281653,1294.74925638183,220.29118110234236,1146.0345382925027,0.7683891540922014,3.669421548685203,0.4254549589207435,,,2.78,223.23593596182425,5.133736794458071
441,,AM,R3130,00,EHZ,61.1981981981982,-149.90658980942584,2026-09-12T09:03:59.995000Z,2026-09-12T09:04:59.995000Z,100.0,100.0,60.0,,noise,0,Noise,timeofday:America/Anchorage:day7-19:night1-5,AM,2.0-20.0,568.9730891252842,3456.7330875561797,544.8893872891512,2639.853066224645,0.9171349562943257,3.5900572794831835,2.460625729595905,,,2.78,223.23593596182425,11.825394754884304
442,,AM,R3130,00,EHZ,61.1981981981982,-149.90658980942584,2026-09-12T09:04:59.995000Z,2026-09-12T09:05:59.995000Z,100.0,100.0,60.0,,noise,0,Noise,timeofday:America/Anchorage:day7-19:night1-5,AM,2.0-20.0,321.6101557216539,3457.732636120512,283.95607194735396,3048.8669337715705,0.7795479090048942,1.590468587254128,8.614097280287826,,,2.78,223.23593596182425,13.657599170292007
443,,AM,R3130,00,EHZ,61.1981981981982,-149.90658980942584,2026-09-12T09:05:59.995000Z,2026-09-12T09:06:59.995000Z,100.0,100.0,60.0,,noise,0,Noise,timeofday:America/Anchorage:day7-19:night1-5,AM,2.0-20.0,234.7990379364707,1019.2829012666376,202.83843056286838,921.9985287695042,0.7462904032891738,1.762487519007866,0.23020422901749527,,,2.78,223.23593596182425,4.1301528125255595
444,,AM,R3130,00,EHZ,61.1981981981982,-149.90658980942584,2026-09-12T09:06:59.995000Z,2026-09-12T09:07:59.995000Z,100.0,100.0,60.0,,noise,0,Noise,timeofday:America/Anchorage:day7-19:night1-5,AM,2.0-20.0,246.5352002193854,1708.713304387989,217.95725405634806,1686.1135087152998,0.7816004173939965,4.828665583483142,2.6590376406455327,,,2.78,223.23593596182425,7.553055924668165
445,,AM,R3130,00,EHZ,61.1981981981982,-149.90658980942584,2026-09-12T09:07:59.995000Z,2026-09-12T09:08:59.995000Z,100.0,100.0,60.0,,noise,0,Noise,timeofday:America/Anchorage:day7-19:night1-5,AM,2.0-20.0,232.24507927302093,978.2970529177134,205.10152138691947,866.427065533486,0.7799104177934595,2.592959154173945,0.2655493402732172,,,2.78,223.23593596182425,3.8812168023057647
446,,AM,R3130,00,EHZ,61.1981981981982,-149.90658980942584,2026-09-12T09:08:59.995000Z,2026-09-12T09:09:59.995000Z,100.0,100.0,60.0,,noise,0,Noise,timeofday:America/Anchorage:day7-19:night1-5,AM,2.0-20.0,314.54378246867367,1382.3069002153993,269.50628466033163,1445.174316691629,0.7341344158933532,2.7635214823952277,1.4027682163148798,,,2.78,223.23593596182425,6.473753029345461
447,,AM,R3130,00,EHZ,61.1981981981982,-149.90658980942584,2026-09-12T09:09:59.995000Z,2026-09-12T09:10:59.995000Z,100.0,100.0,60.0,,noise,0,Noise,timeofday:America/Anchorage:day7-19:night1-5,AM,2.0-20.0,207.5859279730614,877.6815610317511,171.74962179895766,746.5555400798935,0.6845351589021796,2.6138472693244816,0.3550430418670092,,,2.78,223.23593596182425,3.344244450891466
448,,AM,R3130,00,EHZ,61.1981981981982,-149.90658980942584,2026-09-12T09:10:59.995000Z,2026-09-12T09:11:59.995000Z,100.0,100.0,60.0,,noise,0,Noise,timeofday:America/Anchorage:day7-19:night1-5,AM,2.0-20.0,300.71980594644526,1116.3244319196187,250.46190169196728,1076.108873427841,0.6936801746708051,2.778349251908552,0.2767528746196577,,,2.78,223.23593596182425,4.820500197655754
449,,AM,R3130,00,EHZ,61.1981981981982,-149.90658980942584,2026-09-12T09:11:59.995000Z,2026-09-12T09:12:59.995000Z,100.0,100.0,60.0,,noise,0,Noise,timeofday:America/Anchorage:day7-19:night1-5,AM,2.0-20.0,223.18239813451726,1037.6689565478569,189.9961413227217,1221.4065125901197,0.7247190577835769,2.4702513365977046,0.4562437928938379,,,2.78,223.23593596182425,5.4713704911694565
450,,AM,R3130,00,EHZ,61.1981981981982,-149.90658980942584,2026-09-12T09:12:59.995000Z,2026-09-12T09:13:59.995000Z,100.0,100.0,60.0,,noise,0,Noise,timeofday:America/Anchorage:day7-19:night1-5,AM,2.0-20.0,234.58524800548616,1778.3385149981882,206.8918953522613,1913.4484064410267,0.7778315607123518,4.174010111091702,3.335361159161991,,,2.78,223.23593596182425,8.571417492424906
451,,AM,R3130,00,EHZ,61.1981981981982,-149.90658980942584,2026-09-12T09:13:59.995000Z,2026-09-12T09:14:59.995000Z,100.0,100.0,60.0,,noise,0,Noise,timeofday:America/Anchorage:day7-19:night1-5,AM,2.0-20.0,434.01547628926744,3925.348886589831,413.86734763906816,3552.106060336759,0.9093098498784893,4.552850793077903,11.440814892431394,,,2.78,223.23593596182425,15.911891806452736
452,,AM,R3130,00,EHZ,61.1981981981982,-149.90658980942584,2026-09-12T09:15:59.995000Z,2026-09-12T09:16:59.995000Z,100.0,100.0,60.0,,noise,0,Noise,timeofday:America/Anchorage:day7-19:night1-5,AM,2.0-20.0,256.1293553206218,1347.634476005725,228.39528869858438,1166.8428682500112,0.7951619122510263,3.0252094459010745,1.3135105560215203,,,2.78,223.23593596182425,5.226949071719142
453,,AM,R3130,00,EHZ,61.1981981981982,-149.90658980942584,2026-09-12T09:16:59.995000Z,2026-09-12T09:17:59.995000Z,100.0,100.0,60.0,,noise,0,Noise,timeofday:America/Anchorage:day7-19:night1-5,AM,2.0-20.0,211.72598754885317,828.3785727708679,180.9593260177828,810.3895047837691,0.7304888740997767,1.5761240976307143,0.10065757094522931,,,2.78,223.23593596182425,3.6301928777379033
454,,AM,R3130,00,EHZ,61.1981981981982,-149.90658980942584,2026-09-12T09:17:59.995000Z,2026-09-12T09:18:59.995000Z,100.0,100.0,60.0,,noise,0,Noise,timeofday:America/Anchorage:day7-19:night1-5,AM,2.0-20.0,330.58491733994146,1740.615698567633,301.622192409046,1802.6812360793433,0.8324545167453433,2.8047915211183323,0.6102640445437224,,,2.78,223.23593596182425,8.075228696098558
455,,AM,R3130,00,EHZ,61.1981981981982,-149.90658980942584,2026-09-12T09:18:59.995000Z,2026-09-12T09:19:59.995000Z,100.0,100.0,60.0,,noise,0,Noise,timeofday:America/Anchorage:day7-19:night1-5,AM,2.0-20.0,218.59016959859667,1348.3893943695862,187.7236583525064,862.0604487053215,0.7375250305116899,2.1728936867474538,0.44506312442591645,,,2.78,223.23593596182425,3.8616562561537724
456,,AM,R3130,00,EHZ,61.1981981981982,-149.90658980942584,2026-09-12T09:19:59.995000Z,2026-09-12T09:20:59.995000Z,100.0,100.0,60.0,,noise,0,Noise,timeofday:America/Anchorage:day7-19:night1-5,AM,2.0-20.0,263.4128423760952,1441.5972654206685,233.14417058619065,1228.9971578098725,0.783384966190146,2.752607739370215,1.2386595066455204,,,2.78,223.23593596182425,5.505373283717386
457,,AM,R3130,00,EHZ,61.1981981981982,-149.90658980942584,2026-09-12T09:20:59.995000Z,2026-09-12T09:21:59.995000Z,100.0,100.0,60.0,,noise,0,Noise,timeofday:America/Anchorage:day7-19:night1-5,AM,2.0-20.0,585.2007766048199,3561.4071189339816,562.2662455644762,3568.0313732934683,0.9231541728623892,6.810318372259663,4.937289892466543,,,2.78,223.23593596182425,15.983230289157566
458,,AM,R3130,00,EHZ,61.1981981981982,-149.90658980942584,2026-09-12T09:21:59.995000Z,2026-09-12T09:22:59.995000Z,100.0,100.0,60.0,,noise,0,Noise,timeofday:America/Anchorage:day7-19:night1-5,AM,2.0-20.0,279.03591214649873,1326.5842152154814,251.81887595178316,1220.0091138182206,0.8144348709934572,3.020832367344326,0.976969038590549,,,2.78,223.23593596182425,5.465110751822929
459,,AM,R3130,00,EHZ,61.1981981981982,-149.90658980942584,2026-09-12T09:22:59.995000Z,2026-09-12T09:23:59.995000Z,100.0,100.0,60.0,,noise,0,Noise,timeofday:America/Anchorage:day7-19:night1-5,AM,2.0-20.0,272.35912292466656,1633.424843498377,246.37234656784753,1579.6530556893583,0.8182764757142248,3.9860472454611298,2.1753245728943904,,,2.78,223.23593596182425,7.076159350793306
460,,AM,R3130,00,EHZ,61.1981981981982,-149.90658980942584,2026-09-12T09:23:59.995000Z,2026-09-12T09:24:59.995000Z,100.0,100.0,60.0,,noise,0,Noise,timeofday:America/Anchorage:day7-19:night1-5,AM,2.0-20.0,311.97941757296627,2083.56893783242,282.84561898694625,1845.230670834584,0.8219530791051091,4.153038830300154,4.169096817424378,,,2.78,223.23593596182425,8.265831676626377
461,,AM,R3130,00,EHZ,61.1981981981982,-149.90658980942584,2026-09-12T09:24:59.995000Z,2026-09-12T09:25:59.995000Z,100.0,100.0,60.0,,noise,0,Noise,timeofday:America/Anchorage:day7-19:night1-5,AM,2.0-20.0,222.659277881883,813.554924754951,194.81841633954247,857.5105100480623,0.7655585741058849,2.326508132519413,0.4622540107924977,,,2.78,223.23593596182425,3.8412745078583845
462,,AM,R3130,00,EHZ,61.1981981981982,-149.90658980942584,2026-09-12T09:25:59.995000Z,2026-09-12T09:26:59.995000Z,100.0,100.0,60.0,,noise,0,Noise,timeofday:America/Anchorage:day7-19:night1-5,AM,2.0-20.0,257.8041834995789,1740.4490238785606,231.82072141672876,1506.5713104536972,0.8085829601395857,2.6697455482549435,1.4349176872595688,,,2.78,223.23593596182425,6.74878488520476
463,,AM,R3130,00,EHZ,61.1981981981982,-149.90658980942584,2026-09-12T09:26:59.995000Z,2026-09-12T09:27:59.995000Z,100.0,100.0,60.0,,noise,0,Noise,timeofday:America/Anchorage:day7-19:night1-5,AM,2.0-20.0,272.83283393588897,1058.457648299875,248.89802438847067,1113.459053974511,0.8322420029577091,3.053974678174565,0.5901705090771272,,,2.78,223.23593596182425,4.9878127783374655
464,,AM,R3130,00,EHZ,61.1981981981982,-149.90658980942584,2026-09-12T09:27:59.995000Z,2026-09-12T09:28:59.995000Z,100.0,100.0,60.0,,noise,0,Noise,timeofday:America/Anchorage:day7-19:night1-5,AM,2.0-20.0,283.48394582772005,3568.4692856257047,257.53378036245056,3296.4784274575077,0.8252992827722188,6.291571380146631,11.670748039231201,,,2.78,223.23593596182425,14.766791078033426
465,,AM,R3130,00,EHZ,61.1981981981982,-149.90658980942584,2026-09-12T09:28:59.995000Z,2026-09-12T09:29:59.995000Z,100.0,100.0,60.0,,noise,0,Noise,timeofday:America/Anchorage:day7-19:night1-5,AM,2.0-20.0,278.950406484207,1419.4740999871142,254.3874868812067,1309.1641052630914,0.83164406512906,2.851878341297466,1.6681183354627676,,,2.78,223.23593596182425,5.864486376812435
466,,AM,R3130,00,EHZ,61.1981981981982,-149.90658980942584,2026-09-12T09:29:59.995000Z,2026-09-12T09:30:59.995000Z,100.0,100.0,60.0,,noise,0,Noise,timeofday:America/Anchorage:day7-19:night1-5,AM,2.0-20.0,215.7125420412949,838.5103154821367,186.21803776542154,809.2200541617816,0.745234065180009,1.999448151789463,0.1497430261533017,,,2.78,223.23593596182425,3.624954247062475
467,,AM,R3130,00,EHZ,61.1981981981982,-149.90658980942584,2026-09-12T09:30:59.995000Z,2026-09-12T09:31:59.995000Z,100.0,100.0,60.0,,noise,0,Noise,timeofday:America/Anchorage:day7-19:night1-5,AM,2.0-20.0,237.5420908791126,1250.490294527454,207.21021663604074,1418.736224265907,0.76092382054846,3.288513133764403,1.3919838246750214,,,2.78,223.23593596182425,6.355321862285318
468,,AM,R3130,00,EHZ,61.1981981981982,-149.90658980942584,2026-09-12T09:31:59.995000Z,2026-09-12T09:32:59.995000Z,100.0,100.0,60.0,,noise,0,Noise,timeofday:America/Anchorage:day7-19:night1-5,AM,2.0-20.0,214.02713499489266,1379.4993960991274,187.5268906431971,1396.6182202712876,0.7676962681273044,3.0969729018137127,2.6189821815203604,,,2.78,223.23593596182425,6.256242814374314
469,,AM,R3130,00,EHZ,61.1981981981982,-149.90658980942584,2026-09-12T09:32:59.995000Z,2026-09-12T09:33:59.995000Z,100.0,100.0,60.0,,noise,0,Noise,timeofday:America/Anchorage:day7-19:night1-5,AM,2.0-20.0,232.59730403590484,1221.4851193716963,203.51132153790144,1051.7173991152877,0.7655398375220271,2.5929762152156366,0.4946074966179381,,,2.78,223.23593596182425,4.7112369905136715
470,,AM,R3130,00,EHZ,61.1981981981982,-149.90658980942584,2026-09-12T09:33:59.995000Z,2026-09-12T09:34:59.995000Z,100.0,100.0,60.0,,noise,0,Noise,timeofday:America/Anchorage:day7-19:night1-5,AM,2.0-20.0,349.56965744549575,3235.478880702179,325.9144155478397,2934.232824854563,0.8692399587286999,3.3544778856385338,7.906790689767869,,,2.78,223.23593596182425,13.144088169372285
471,,AM,R3130,00,EHZ,61.1981981981982,-149.90658980942584,2026-09-12T09:34:59.995000Z,2026-09-12T09:35:59.995000Z,100.0,100.0,60.0,,noise,0,Noise,timeofday:America/Anchorage:day7-19:night1-5,AM,2.0-20.0,279.24875261025835,2378.5297937199216,254.9719341320327,2159.8817340832456,0.8336855481785544,6.129335483142463,8.141187115352025,,,2.78,223.23593596182425,9.675331728188281
472,,AM,R3130,00,EHZ,61.1981981981982,-149.90658980942584,2026-09-12T09:35:59.995000Z,2026-09-12T09:36:59.995000Z,100.0,100.0,60.0,,noise,0,Noise,timeofday:America/Anchorage:day7-19:night1-5,AM,2.0-20.0,293.6250818411556,2935.466697653484,271.38591508688154,2902.975794505319,0.8542565283632793,4.656634428451855,11.623171605658069,,,2.78,223.23593596182425,13.004070254180577
473,,AM,R3130,00,EHZ,61.1981981981982,-149.90658980942584,2026-09-12T09:36:59.995000Z,2026-09-12T09:37:59.995000Z,100.0,100.0,60.0,,traffic,1,Traffic,timeofday:America/Anchorage:day7-19:night1-5+burst>=20x,AM,2.0-20.0,408.8810812445815,7157.456266060896,388.47943827455555,7466.537669790513,0.9026970878036739,6.706574546602754,62.92073413877914,,,2.78,223.23593596182425,33.44684464721384
474,,AM,R3130,00,EHZ,61.1981981981982,-149.90658980942584,2026-09-12T09:38:59.995000Z,2026-09-12T09:39:59.995000Z,100.0,100.0,60.0,,noise,0,Noise,timeofday:America/Anchorage:day7-19:night1-5,AM,2.0-20.0,331.87141349654286,2727.4382143485013,307.646166051606,2431.23140475966,0.8593366297266158,5.800353335199942,4.4421082109709085,,,2.78,223.23593596182425,10.890860354918066
475,,AM,R3130,00,EHZ,61.1981981981982,-149.90658980942584,2026-09-12T09:39:59.995000Z,2026-09-12T09:40:59.995000Z,100.0,100.0,60.0,,noise,0,Noise,timeofday:America/Anchorage:day7-19:night1-5,AM,2.0-20.0,415.5188749350504,4044.430779945898,388.7916357064035,4023.89003802442,0.8754922651293257,6.402269590310063,18.399470385012034,,,2.78,223.23593596182425,18.02527904249497
476,,AM,R3130,00,EHZ,61.1981981981982,-149.90658980942584,2026-09-12T09:40:59.995000Z,2026-09-12T09:41:59.995000Z,100.0,100.0,60.0,,noise,0,Noise,timeofday:America/Anchorage:day7-19:night1-5,AM,2.0-20.0,299.8908300432097,4196.418551182197,268.29036316720914,4033.3474766864097,0.8003570488481976,4.7481226443321916,21.71905529759548,,,2.78,223.23593596182425,18.067644258566666
477,,AM,R3130,00,EHZ,61.1981981981982,-149.90658980942584,2026-09-12T09:41:59.995000Z,2026-09-12T09:42:59.995000Z,100.0,100.0,60.0,,noise,0,Noise,timeofday:America/Anchorage:day7-19:night1-5,AM,2.0-20.0,238.25808554585768,959.5916618355228,208.95334153392764,895.5232766136687,0.7691363655385357,2.4305778565630223,0.17350393701510658,,,2.78,223.23593596182425,4.011555186019929
478,,AM,R3130,00,EHZ,61.1981981981982,-149.90658980942584,2026-09-12T09:42:59.995000Z,2026-09-12T09:43:59.995000Z,100.0,100.0,60.0,,noise,0,Noise,timeofday:America/Anchorage:day7-19:night1-5,AM,2.0-20.0,241.53147899594438,1133.405793838759,212.7151590774654,1196.4402957235973,0.7756207162792962,2.837369957726754,1.0135448709017565,,,2.78,223.23593596182425,5.359532687103753
479,,AM,R3130,00,EHZ,61.1981981981982,-149.90658980942584,2026-09-12T09:43:59.995000Z,2026-09-12T09:44:59.995000Z,100.0,100.0,60.0,,noise,0,Noise,timeofday:America/Anchorage:day7-19:night1-5,AM,2.0-20.0,272.2363368840639,3177.6058006292537,247.697649730015,3279.205130800845,0.8278498735955803,6.338405491829993,15.540938001679365,,,2.78,223.23593596182425,14.689414214034178
480,,AM,R3130,00,EHZ,61.1981981981982,-149.90658980942584,2026-09-12T09:44:59.995000Z,2026-09-12T09:45:59.995000Z,100.0,100.0,60.0,,noise,0,Noise,timeofday:America/Anchorage:day7-19:night1-5,AM,2.0-20.0,321.6438603088938,4530.617802246526,299.208594402589,4289.302548354498,0.8653615534302723,5.119524765790421,19.284596722113413,,,2.78,223.23593596182425,19.21421177049207
481,,AM,R3130,00,EHZ,61.1981981981982,-149.90658980942584,2026-09-12T09:45:59.995000Z,2026-09-12T09:46:59.995000Z,100.0,100.0,60.0,,noise,0,Noise,timeofday:America/Anchorage:day7-19:night1-5,AM,2.0-20.0,221.22119155263172,1435.380483440807,192.26370386831914,1088.4564854255893,0.7553376880504841,1.717253314788609,1.5772740203088738,,,2.78,223.23593596182425,4.875812134528946
482,,AM,R3130,00,EHZ,61.1981981981982,-149.90658980942584,2026-09-12T09:46:59.995000Z,2026-09-12T09:47:59.995000Z,100.0,100.0,60.0,,noise,0,Noise,timeofday:America/Anchorage:day7-19:night1-5,AM,2.0-20.0,304.6006748369303,2077.3644574745463,281.1569728141389,2037.2192008826378,0.8519929379870346,5.65897505404881,4.1305234082568365,,,2.78,223.23593596182425,9.125856874723898
483,,AM,R3130,00,EHZ,61.1981981981982,-149.90658980942584,2026-09-12T09:47:59.995000Z,2026-09-12T09:48:59.995000Z,100.0,100.0,60.0,,noise,0,Noise,timeofday:America/Anchorage:day7-19:night1-5,AM,2.0-20.0,282.3288257181568,2720.3632845989628,257.9308582096744,2382.9346834243097,0.8346341737389971,2.049772504526285,6.139314459627375,,,2.78,223.23593596182425,10.67451202763258
484,,AM,R3130,00,EHZ,61.1981981981982,-149.90658980942584,2026-09-12T09:48:59.995000Z,2026-09-12T09:49:59.995000Z,100.0,100.0,60.0,,noise,0,Noise,timeofday:America/Anchorage:day7-19:night1-5,AM,2.0-20.0,486.3135200492119,3154.6498041782584,469.14739534726016,3187.3309540310465,0.9306490360177585,7.014839508880179,4.675250920255334,,,2.78,223.23593596182425,14.277857820239634
485,,AM,R3130,00,EHZ,61.1981981981982,-149.90658980942584,2026-09-12T09:49:59.995000Z,2026-09-12T09:50:59.995000Z,100.0,100.0,60.0,,noise,0,Noise,timeofday:America/Anchorage:day7-19:night1-5,AM,2.0-20.0,205.95756952080987,883.34236569863,179.87324392558807,804.8568335999944,0.7627419236333807,3.3135532285890408,0.3582442510858397,,,2.78,223.23593596182425,3.6054089147082196
486,,AM,R3130,00,EHZ,61.1981981981982,-149.90658980942584,2026-09-12T09:50:59.995000Z,2026-09-12T09:51:59.995000Z,100.0,100.0,60.0,,traffic,1,Traffic,timeofday:America/Anchorage:day7-19:night1-5+burst>=20x,AM,2.0-20.0,439.4753868089779,6822.667015877448,413.64560997646197,6432.052257702732,0.8859061669858126,7.46944520138311,53.286368625623155,,,2.78,223.23593596182425,28.812799471509294
487,,AM,R3130,00,EHZ,61.1981981981982,-149.90658980942584,2026-09-12T09:51:59.995000Z,2026-09-12T09:52:59.995000Z,100.0,100.0,60.0,,noise,0,Noise,timeofday:America/Anchorage:day7-19:night1-5,AM,2.0-20.0,215.22540858761133,787.6737802695176,187.463510329524,712.0695531240123,0.7586586402196076,2.0010006454604885,0.09583608900376195,,,2.78,223.23593596182425,3.1897622130416483
488,,AM,R3130,00,EHZ,61.1981981981982,-149.90658980942584,2026-09-12T09:52:59.995000Z,2026-09-12T09:53:59.995000Z,100.0,100.0,60.0,,noise,0,Noise,timeofday:America/Anchorage:day7-19:night1-5,AM,2.0-20.0,195.0223325801748,834.3130809524749,163.93811471343707,767.022880074313,0.7066285490142429,2.2839640703460438,0.13158107116823547,,,2.78,223.23593596182425,3.435929241273601
489,,AM,R3130,00,EHZ,61.1981981981982,-149.90658980942584,2026-09-12T09:53:59.995000Z,2026-09-12T09:54:59.995000Z,100.0,100.0,60.0,,noise,0,Noise,timeofday:America/Anchorage:day7-19:night1-5,AM,2.0-20.0,310.7575309287883,2255.6881204949864,287.5667990417279,2250.5627099217395,0.8563162038052375,4.782484417088688,3.460360416512761,,,2.78,223.23593596182425,10.081543100240859
490,,AM,R3130,00,EHZ,61.1981981981982,-149.90658980942584,2026-09-12T09:54:59.995000Z,2026-09-12T09:55:59.995000Z,100.0,100.0,60.0,,noise,0,Noise,timeofday:America/Anchorage:day7-19:night1-5,AM,2.0-20.0,207.29827382981202,919.2980464303758,181.0908528834088,784.3419803824286,0.7631354999599014,1.8226350950258796,0.22393614802410422,,,2.78,223.23593596182425,3.5135112857302664
491,,AM,R3130,00,EHZ,61.1981981981982,-149.90658980942584,2026-09-12T09:55:59.995000Z,2026-09-12T09:56:59.995000Z,100.0,100.0,60.0,,noise,0,Noise,timeofday:America/Anchorage:day7-19:night1-5,AM,2.0-20.0,212.22241422881413,1145.2914134689431,184.85702383561005,1070.6597291683793,0.7587337659671188,3.0539766677251414,0.9053576011587374,,,2.78,223.23593596182425,4.796090398955631
492,,AM,R3130,00,EHZ,61.1981981981982,-149.90658980942584,2026-09-12T09:56:59.995000Z,2026-09-12T09:57:59.995000Z,100.0,100.0,60.0,,traffic,1,Traffic,timeofday:America/Anchorage:day7-19:night1-5+burst>=20x,AM,2.0-20.0,959.3535123430291,4799.28256618698,853.298274551262,4882.064461310768,0.7911237000681738,6.906409016308924,3.9665035517402174,,,2.78,223.23593596182425,21.869527593199212
493,,AM,R3130,00,EHZ,61.1981981981982,-149.90658980942584,2026-09-12T09:57:59.995000Z,2026-09-12T09:58:59.995000Z,100.0,100.0,60.0,,traffic,1,Traffic,timeofday:America/Anchorage:day7-19:night1-5+burst>=20x,AM,2.0-20.0,563.8100449102044,5308.725259650349,474.70297778079663,4955.944352611925,0.7088890923935857,9.02858361974822,16.276995205780537,,,2.78,223.23593596182425,22.2004774063771
494,,AM,R3130,00,EHZ,61.1981981981982,-149.90658980942584,2026-09-12T09:58:59.995000Z,2026-09-12T09:59:59.995000Z,100.0,100.0,60.0,,noise,0,Noise,timeofday:America/Anchorage:day7-19:night1-5,AM,2.0-20.0,224.69326654168827,961.2696645555601,194.52829003218267,924.8713185654697,0.7495237909056911,2.42931386405456,0.45126840243049093,,,2.78,223.23593596182425,4.143021662621705
495,,AM,R3130,00,EHZ,61.1981981981982,-149.90658980942584,2026-09-12T09:59:59.995000Z,2026-09-12T10:00:59.995000Z,100.0,100.0,60.0,,traffic,1,Traffic,timeofday:America/Anchorage:day7-19:night1-5+burst>=20x,AM,2.0-20.0,513.8878827316205,6623.253162867534,495.53796701653323,5900.545243565139,0.9298590342485266,4.796897074308439,30.120346378240335,,,2.78,223.23593596182425,26.43187898105346
496,,AM,R3130,00,EHZ,61.1981981981982,-149.90658980942584,2026-09-12T10:00:59.995000Z,2026-09-12T10:01:59.995000Z,100.0,100.0,60.0,,noise,0,Noise,timeofday:America/Anchorage:day7-19:night1-5,AM,2.0-20.0,271.88478453138896,2997.2522028524395,246.39144708691853,2819.7480989018095,0.8212614710937186,1.8251620272254487,13.552181431703367,,,2.78,223.23593596182425,12.631246339227465
497,,AM,R3130,00,EHZ,61.1981981981982,-149.90658980942584,2026-09-12T10:01:59.995000Z,2026-09-12T10:02:59.995000Z,100.0,100.0,60.0,,noise,0,Noise,timeofday:America/Anchorage:day7-19:night1-5,AM,2.0-20.0,366.44860265692546,2346.763403107216,327.5184321694423,2047.6657503396734,0.7988134207028659,3.716593030710738,2.1581925598438794,,,2.78,223.23593596182425,9.172652877401632
498,,AM,R3130,00,EHZ,61.1981981981982,-149.90658980942584,2026-09-12T10:02:59.995000Z,2026-09-12T10:03:59.995000Z,100.0,100.0,60.0,,noise,0,Noise,timeofday:America/Anchorage:day7-19:night1-5,AM,2.0-20.0,501.54198809818405,2997.2343540003762,473.1124492952895,3011.218895762938,0.889844576497032,3.4762609603441885,2.7738859250693384,,,2.78,223.23593596182425,13.488952317595894
499,,AM,R3130,00,EHZ,61.1981981981982,-149.90658980942584,2026-09-12T10:03:59.995000Z,2026-09-12T10:04:59.995000Z,100.0,100.0,60.0,,noise,0,Noise,timeofday:America/Anchorage:day7-19:night1-5,AM,2.0-20.0,261.14024632398605,1072.7813576752274,232.04766066547734,1052.9843916329662,0.7895993283009318,2.371845163910349,0.4767944271364004,,,2.78,223.23593596182425,4.716912566501112
500,,AM,R3130,00,EHZ,61.1981981981982,-149.90658980942584,2026-09-12T10:04:59.995000Z,2026-09-12T10:05:59.995000Z,100.0,100.0,60.0,,noise,0,Noise,timeofday:America/Anchorage:day7-19:night1-5,AM,2.0-20.0,263.57136727144837,1352.2143079709108,235.9521317528643,1651.6564975356791,0.8014037160075461,3.631533980817345,1.3646126972519408,,,2.78,223.23593596182425,7.398703485706397
501,,AM,R3130,00,EHZ,61.1981981981982,-149.90658980942584,2026-09-12T10:05:59.995000Z,2026-09-12T10:06:59.995000Z,100.0,100.0,60.0,,noise,0,Noise,timeofday:America/Anchorage:day7-19:night1-5,AM,2.0-20.0,214.48930808569366,951.7901492420266,187.95434406372283,802.7587084061615,0.7678801462996653,2.073399641956071,0.2683667596602546,,,2.78,223.23593596182425,3.59601022544794
502,,AM,R3130,00,EHZ,61.1981981981982,-149.90658980942584,2026-09-12T10:06:59.995000Z,2026-09-12T10:07:59.995000Z,100.0,100.0,60.0,,noise,0,Noise,timeofday:America/Anchorage:day7-19:night1-5,AM,2.0-20.0,228.4347748149632,1266.1974948494167,203.83375216941093,1341.4881995907913,0.7962102475793688,2.0676769089093123,1.3035387681818076,,,2.78,223.23593596182425,6.009284275002212
503,,AM,R3130,00,EHZ,61.1981981981982,-149.90658980942584,2026-09-12T10:07:59.995000Z,2026-09-12T10:08:59.995000Z,100.0,100.0,60.0,,noise,0,Noise,timeofday:America/Anchorage:day7-19:night1-5,AM,2.0-20.0,213.553951206008,968.1885561374451,185.42908558920945,994.5257396029259,0.7539464330865584,3.1209572610770717,0.5186880699641017,,,2.78,223.23593596182425,4.455043204930054
504,,AM,R3130,00,EHZ,61.1981981981982,-149.90658980942584,2026-09-12T10:08:59.995000Z,2026-09-12T10:09:59.995000Z,100.0,100.0,60.0,,noise,0,Noise,timeofday:America/Anchorage:day7-19:night1-5,AM,2.0-20.0,221.30649440132822,981.1823603257448,193.89197188426584,818.9496898129312,0.7675935862884965,2.2658591839716022,0.1528770922786462,,,2.78,223.23593596182425,3.668538787379557
505,,AM,R3130,00,EHZ,61.1981981981982,-149.90658980942584,2026-09-12T10:09:59.995000Z,2026-09-12T10:10:59.995000Z,100.0,100.0,60.0,,noise,0,Noise,timeofday:America/Anchorage:day7-19:night1-5,AM,2.0-20.0,513.4249963518046,3557.168651538775,497.7279906426902,3916.0505496187134,0.9397884693047639,5.291204078254582,7.607722698274815,,,2.78,223.23593596182425,17.54220498929169
506,,AM,R3130,00,EHZ,61.1981981981982,-149.90658980942584,2026-09-12T10:10:59.995000Z,2026-09-12T10:11:59.995000Z,100.0,100.0,60.0,,noise,0,Noise,timeofday:America/Anchorage:day7-19:night1-5,AM,2.0-20.0,396.5203990026499,3026.833474208934,376.5845664054154,2694.652233938633,0.9019738893171085,1.8862808432484983,8.847177263012817,,,2.78,223.23593596182425,12.070871216717757
507,,AM,R3130,00,EHZ,61.1981981981982,-149.90658980942584,2026-09-12T10:11:59.995000Z,2026-09-12T10:12:59.995000Z,100.0,100.0,60.0,,noise,0,Noise,timeofday:America/Anchorage:day7-19:night1-5,AM,2.0-20.0,215.76912950891224,1891.8462586956562,187.7716669056494,1704.3898662076688,0.7573236238581118,3.5907186734862897,2.7086606078354603,,,2.78,223.23593596182425,7.634926065394497
508,,AM,R3130,00,EHZ,61.1981981981982,-149.90658980942584,2026-09-12T10:12:59.995000Z,2026-09-12T10:13:59.995000Z,100.0,100.0,60.0,,noise,0,Noise,timeofday:America/Anchorage:day7-19:night1-5,AM,2.0-20.0,255.6461481931474,2101.8533088065055,230.5814112319354,1843.9149352062082,0.8135234545383857,4.527688026358648,4.446166018632472,,,2.78,223.23593596182425,8.259937752681259
509,,AM,R3130,00,EHZ,61.1981981981982,-149.90658980942584,2026-09-12T10:13:59.995000Z,2026-09-12T10:14:59.995000Z,100.0,100.0,60.0,,noise,0,Noise,timeofday:America/Anchorage:day7-19:night1-5,AM,2.0-20.0,246.25687164625836,1367.1402425206757,223.23593596182425,1317.1460737515138,0.8217723015363518,3.903483151858294,1.8471627253412448,,,2.78,223.23593596182425,5.900242127579136
510,,AM,R3130,00,EHZ,61.1981981981982,-149.90658980942584,2026-09-12T10:14:59.995000Z,2026-09-12T10:15:59.995000Z,100.0,100.0,60.0,,noise,0,Noise,timeofday:America/Anchorage:day7-19:night1-5,AM,2.0-20.0,239.01545795389922,1138.125965153336,211.97244669260377,1154.3771830019848,0.7865147054298915,2.8042666239448257,0.661154607404479,,,2.78,223.23593596182425,5.171108217985996
511,,AM,R3130,00,EHZ,61.1981981981982,-149.90658980942584,2026-09-12T10:15:59.995000Z,2026-09-12T10:16:59.995000Z,100.0,100.0,60.0,,noise,0,Noise,timeofday:America/Anchorage:day7-19:night1-5,AM,2.0-20.0,234.78659131268302,1546.877406328244,209.67091154165243,1558.0640510560306,0.797498335360506,4.559594390168443,2.81241546436655,,,2.78,223.23593596182425,6.97944999017755
512,,AM,R3130,00,EHZ,61.1981981981982,-149.90658980942584,2026-09-12T10:16:59.995000Z,2026-09-12T10:17:59.995000Z,100.0,100.0,60.0,,noise,0,Noise,timeofday:America/Anchorage:day7-19:night1-5,AM,2.0-20.0,239.6129995543848,1532.1074534337072,214.81403245956696,1484.3425067285884,0.803719570979222,3.0159909189211294,2.056272037347698,,,2.78,223.23593596182425,6.649209502642204
513,,AM,R3130,00,EHZ,61.1981981981982,-149.90658980942584,2026-09-12T10:17:59.995000Z,2026-09-12T10:18:59.995000Z,100.0,100.0,60.0,,noise,0,Noise,timeofday:America/Anchorage:day7-19:night1-5,AM,2.0-20.0,281.89469541215004,1550.1007418996119,251.9307050133754,1304.5524060322825,0.7987086666547617,3.2676626725166766,1.5726891306116615,,,2.78,223.23593596182425,5.84382796798171
514,,AM,R3130,00,EHZ,61.1981981981982,-149.90658980942584,2026-09-12T10:18:59.995000Z,2026-09-12T10:19:59.995000Z,100.0,100.0,60.0,,noise,0,Noise,timeofday:America/Anchorage:day7-19:night1-5,AM,2.0-20.0,343.237815097363,5017.9043996098,315.5989115290021,4441.306627410665,0.8454359980711874,6.9107703612358,23.26244409415515,,,2.78,223.23593596182425,19.89512400086954
515,,AM,R3130,00,EHZ,61.1981981981982,-149.90658980942584,2026-09-12T10:19:59.995000Z,2026-09-12T10:20:59.995000Z,100.0,100.0,60.0,,noise,0,Noise,timeofday:America/Anchorage:day7-19:night1-5,AM,2.0-20.0,225.3649557611692,1545.9163355117512,193.9050666219724,1494.3772307232748,0.7402962437334384,3.258428877406861,1.6306399673850427,,,2.78,223.23593596182425,6.694160706181416
516,,AM,R3130,00,EHZ,61.1981981981982,-149.90658980942584,2026-09-12T10:20:59.995000Z,2026-09-12T10:21:59.995000Z,100.0,100.0,60.0,,noise,0,Noise,timeofday:America/Anchorage:day7-19:night1-5,AM,2.0-20.0,206.80044882995523,1252.0748514925413,179.8335130355019,1232.6502097902928,0.7562028373786248,3.2163869114160333,0.957083446109769,,,2.78,223.23593596182425,5.521737369386124
517,,AM,R3130,00,EHZ,61.1981981981982,-149.90658980942584,2026-09-12T10:21:59.995000Z,2026-09-12T10:22:59.995000Z,100.0,100.0,60.0,,noise,0,Noise,timeofday:America/Anchorage:day7-19:night1-5,AM,2.0-20.0,232.48629640920552,903.9295285763261,200.16263814009667,802.3340666854015,0.7412612789581033,2.158364752053537,0.05846721927380605,,,2.78,223.23593596182425,3.5941080150402365
518,,AM,R3130,00,EHZ,61.1981981981982,-149.90658980942584,2026-09-12T10:22:59.995000Z,2026-09-12T10:23:59.995000Z,100.0,100.0,60.0,,noise,0,Noise,timeofday:America/Anchorage:day7-19:night1-5,AM,2.0-20.0,433.8648151562497,3666.0568454951494,410.49855946082596,3790.2816307759267,0.8951883282514763,5.1449881863331886,7.151587620932423,,,2.78,223.23593596182425,16.97881487783448
519,,AM,R3130,00,EHZ,61.1981981981982,-149.90658980942584,2026-09-12T10:23:59.995000Z,2026-09-12T10:24:59.995000Z,100.0,100.0,60.0,,noise,0,Noise,timeofday:America/Anchorage:day7-19:night1-5,AM,2.0-20.0,308.27623562627946,2863.0552554701494,281.1605556240256,2411.186151018147,0.8318187230029965,2.1827036538907336,11.730006065325187,,,2.78,223.23593596182425,10.801066327557969
520,,AM,R3130,00,EHZ,61.1981981981982,-149.90658980942584,2026-09-12T10:24:59.995000Z,2026-09-12T10:25:59.995000Z,100.0,100.0,60.0,,noise,0,Noise,timeofday:America/Anchorage:day7-19:night1-5,AM,2.0-20.0,251.21400997741398,1583.9551861225941,230.99497426458174,1537.7948605239972,0.8455072779846897,4.535959959826038,3.3004649863427202,,,2.78,223.23593596182425,6.888652823293543
521,,AM,R3130,00,EHZ,61.1981981981982,-149.90658980942584,2026-09-12T10:25:59.995000Z,2026-09-12T10:26:59.995000Z,100.0,100.0,60.0,,noise,0,Noise,timeofday:America/Anchorage:day7-19:night1-5,AM,2.0-20.0,216.8338454006092,997.034053708226,191.314968870885,899.7428477795761,0.7784733672472308,2.5770948036187717,0.49212573887332844,,,2.78,223.23593596182425,4.030457031494436
522,,AM,R3130,00,EHZ,61.1981981981982,-149.90658980942584,2026-09-12T10:26:59.995000Z,2026-09-12T10:27:59.995000Z,100.0,100.0,60.0,,noise,0,Noise,timeofday:America/Anchorage:day7-19:night1-5,AM,2.0-20.0,211.41585513706633,807.9766650317312,180.89411896889686,699.080614720157,0.7321056985709606,1.674838103124968,0.06470092379584669,,,2.78,223.23593596182425,3.1315774125170748
523,,AM,R3130,00,EHZ,61.1981981981982,-149.90658980942584,2026-09-12T10:27:59.995000Z,2026-09-12T10:28:59.995000Z,100.0,100.0,60.0,,noise,0,Noise,timeofday:America/Anchorage:day7-19:night1-5,AM,2.0-20.0,211.01868541214807,1042.985288024453,184.25802949397067,861.3512822016753,0.7624493849512347,2.91506185009748,0.7729144487793085,,,2.78,223.23593596182425,3.858479498341054
524,,AM,R3130,00,EHZ,61.1981981981982,-149.90658980942584,2026-09-12T10:28:59.995000Z,2026-09-12T10:29:59.995000Z,100.0,100.0,60.0,,noise,0,Noise,timeofday:America/Anchorage:day7-19:night1-5,AM,2.0-20.0,237.224862314497,1005.9873852002844,210.60770362535067,954.0561010491741,0.7881848794737545,2.201995438704922,0.38966174574495627,,,2.78,223.23593596182425,4.273756807740524
525,,AM,R3130,00,EHZ,61.1981981981982,-149.90658980942584,2026-09-12T10:29:59.995000Z,2026-09-12T10:30:59.995000Z,100.0,100.0,60.0,,noise,0,Noise,timeofday:America/Anchorage:day7-19:night1-5,AM,2.0-20.0,204.14582932933664,889.0035897407803,177.49567596786375,783.2677026750953,0.7559525415652664,2.82020972722461,0.14328036388992205,,,2.78,223.23593596182425,3.5086989883610964
526,,AM,R3130,00,EHZ,61.1981981981982,-149.90658980942584,2026-09-12T10:30:59.995000Z,2026-09-12T10:31:59.995000Z,100.0,100.0,60.0,,noise,0,Noise,timeofday:America/Anchorage:day7-19:night1-5,AM,2.0-20.0,204.05021299952895,803.00779837838,175.60313616122065,744.1983917298166,0.74061146497686,1.7984940978190689,0.23467501849582462,,,2.78,223.23593596182425,3.3336854504334044
527,,AM,R3130,00,EHZ,61.1981981981982,-149.90658980942584,2026-09-12T10:31:59.995000Z,2026-09-12T10:32:59.995000Z,100.0,100.0,60.0,,noise,0,Noise,timeofday:America/Anchorage:day7-19:night1-5,AM,2.0-20.0,191.31888655107647,650.9793671341098,162.17864888079257,583.1601071628874,0.7185742769913904,1.7351144851621667,-0.09081820364292659,,,2.78,223.23593596182425,2.6123039046124457
528,,AM,R3130,00,EHZ,61.1981981981982,-149.90658980942584,2026-09-12T10:32:59.995000Z,2026-09-12T10:33:59.995000Z,100.0,100.0,60.0,,noise,0,Noise,timeofday:America/Anchorage:day7-19:night1-5,AM,2.0-20.0,261.8177059688892,1033.974425627844,230.81531573549304,1090.935872630741,0.7771971860139651,4.206890019550792,0.5506182366005561,,,2.78,223.23593596182425,4.886918711946551
529,,AM,R3130,00,EHZ,61.1981981981982,-149.90658980942584,2026-09-12T10:33:59.995000Z,2026-09-12T10:34:59.995000Z,100.0,100.0,60.0,,noise,0,Noise,timeofday:America/Anchorage:day7-19:night1-5,AM,2.0-20.0,214.20854758794823,1154.030097300411,187.69464347076718,917.3473920985936,0.7677682778530455,1.7776113417846173,0.5666856416440345,,,2.78,223.23593596182425,4.109317741098233
530,,AM,R3130,00,EHZ,61.1981981981982,-149.90658980942584,2026-09-12T10:34:59.995000Z,2026-09-12T10:35:59.995000Z,100.0,100.0,60.0,,noise,0,Noise,timeofday:America/Anchorage:day7-19:night1-5,AM,2.0-20.0,232.90689713438104,1279.0446732438727,201.64284169409092,1252.0890119556345,0.7495505362114512,3.1875336271149024,0.9298727064064569,,,2.78,223.23593596182425,5.608814757180292
531,,AM,R3130,00,EHZ,61.1981981981982,-149.90658980942584,2026-09-12T10:35:59.995000Z,2026-09-12T10:36:59.995000Z,100.0,100.0,60.0,,noise,0,Noise,timeofday:America/Anchorage:day7-19:night1-5,AM,2.0-20.0,209.6430746513017,773.9493452335095,173.91931219747923,829.3786901853873,0.6882315496042795,2.1796952493659334,0.19717921138006922,,,2.78,223.23593596182425,3.715256177783222
532,,AM,R3130,00,EHZ,61.1981981981982,-149.90658980942584,2026-09-12T10:36:59.995000Z,2026-09-12T10:37:59.995000Z,100.0,100.0,60.0,,noise,0,Noise,timeofday:America/Anchorage:day7-19:night1-5,AM,2.0-20.0,325.3953155598231,2681.943083706488,302.8180874316193,2757.652020292993,0.866046142010506,4.868173074431433,5.828991818718727,,,2.78,223.23593596182425,12.353082886998001
533,,AM,R3130,00,EHZ,61.1981981981982,-149.90658980942584,2026-09-12T10:37:59.995000Z,2026-09-12T10:38:59.995000Z,100.0,100.0,60.0,,noise,0,Noise,timeofday:America/Anchorage:day7-19:night1-5,AM,2.0-20.0,301.24186354563767,2606.0707422251803,265.5832828608612,2193.7829803481036,0.7772680543967697,3.502756349345489,5.799522655837171,,,2.78,223.23593596182425,9.827194581804536
534,,AM,R3130,00,EHZ,61.1981981981982,-149.90658980942584,2026-09-12T10:38:59.995000Z,2026-09-12T10:39:59.995000Z,100.0,100.0,60.0,,noise,0,Noise,timeofday:America/Anchorage:day7-19:night1-5,AM,2.0-20.0,206.27008115012558,781.9253705708446,175.45455286850836,718.9565798875212,0.7235304371047178,1.641979752469767,0.07828816348581658,,,2.78,223.23593596182425,3.2206131006186682
535,,AM,R3130,00,EHZ,61.1981981981982,-149.90658980942584,2026-09-12T10:39:59.995000Z,2026-09-12T10:40:59.995000Z,100.0,100.0,60.0,,noise,0,Noise,timeofday:America/Anchorage:day7-19:night1-5,AM,2.0-20.0,202.05510651488615,753.0822895495936,172.31488531913212,715.9487988134518,0.7272871746965665,1.7510734997460784,0.13599166466452894,,,2.78,223.23593596182425,3.2071395482485703
536,,AM,R3130,00,EHZ,61.1981981981982,-149.90658980942584,2026-09-12T10:40:59.995000Z,2026-09-12T10:41:59.995000Z,100.0,100.0,60.0,,noise,0,Noise,timeofday:America/Anchorage:day7-19:night1-5,AM,2.0-20.0,214.27402589247168,832.9017844857184,174.9597489351752,785.541424333312,0.6667104077352303,2.1257885089019055,0.09399181824570446,,,2.78,223.23593596182425,3.518884273487437
537,,AM,R3130,00,EHZ,61.1981981981982,-149.90658980942584,2026-09-12T10:41:59.995000Z,2026-09-12T10:42:59.995000Z,100.0,100.0,60.0,,noise,0,Noise,timeofday:America/Anchorage:day7-19:night1-5,AM,2.0-20.0,326.28230396937533,2293.897465846388,301.1153211042707,2462.1996371481064,0.8516843487104772,4.11599414532385,4.581253995159281,,,2.78,223.23593596182425,11.029584580724356
538,,AM,R3130,00,EHZ,61.1981981981982,-149.90658980942584,2026-09-12T10:42:59.995000Z,2026-09-12T10:43:59.995000Z,100.0,100.0,60.0,,noise,0,Noise,timeofday:America/Anchorage:day7-19:night1-5,AM,2.0-20.0,237.3193447417475,1603.1133500379533,210.90200290229276,1531.5465635314165,0.7897599883576364,4.338298171370579,2.6934484648558623,,,2.78,223.23593596182425,6.860663167570509
539,,AM,R3130,00,EHZ,61.1981981981982,-149.90658980942584,2026-09-12T10:43:59.995000Z,2026-09-12T10:44:59.995000Z,100.0,100.0,60.0,,noise,0,Noise,timeofday:America/Anchorage:day7-19:night1-5,AM,2.0-20.0,242.5153291934358,1390.8802098607898,217.42536525224978,1326.9595826634347,0.8037889402855166,3.385663487989969,1.6142086152343982,,,2.78,223.23593596182425,5.944202383662634
540,,AM,R3130,00,EHZ,61.1981981981982,-149.90658980942584,2026-09-12T10:44:59.995000Z,2026-09-12T10:45:59.995000Z,100.0,100.0,60.0,,noise,0,Noise,timeofday:America/Anchorage:day7-19:night1-5,AM,2.0-20.0,215.1417263045791,1075.867565376267,187.41100312357437,851.9486235632486,0.7588236750981389,3.347312848175277,0.41562916017640683,,,2.78,223.23593596182425,3.816359672973714
541,,AM,R3130,00,EHZ,61.1981981981982,-149.90658980942584,2026-09-12T10:45:59.995000Z,2026-09-12T10:46:59.995000Z,100.0,100.0,60.0,,noise,0,Noise,timeofday:America/Anchorage:day7-19:night1-5,AM,2.0-20.0,193.8648352278469,750.1329874895679,164.52046678375345,778.6736672410427,0.7201812086147082,1.7787305221283132,0.1568250971429852,,,2.78,223.23593596182425,3.48811970566515
542,,AM,R3130,00,EHZ,61.1981981981982,-149.90658980942584,2026-09-12T10:46:59.995000Z,2026-09-12T10:47:59.995000Z,100.0,100.0,60.0,,noise,0,Noise,timeofday:America/Anchorage:day7-19:night1-5,AM,2.0-20.0,211.1273620164653,860.1462162689919,185.24693111448778,781.6166937269373,0.7698622086553855,2.0332371983491875,0.2803591143162105,,,2.78,223.23593596182425,3.501303185615251
543,,AM,R3130,00,EHZ,61.1981981981982,-149.90658980942584,2026-09-12T10:47:59.995000Z,2026-09-12T10:48:59.995000Z,100.0,100.0,60.0,,noise,0,Noise,timeofday:America/Anchorage:day7-19:night1-5,AM,2.0-20.0,233.23026969928125,1359.1583007447084,208.5960857175244,1133.9504691147185,0.7999124943904299,2.72465046249868,1.3802535243124368,,,2.78,223.23593596182425,5.079605414912392
544,,AM,R3130,00,EHZ,61.1981981981982,-149.90658980942584,2026-09-12T10:48:59.995000Z,2026-09-12T10:49:59.995000Z,100.0,100.0,60.0,,noise,0,Noise,timeofday:America/Anchorage:day7-19:night1-5,AM,2.0-20.0,249.08681160847297,1878.8411649611767,218.35468366695298,1795.9979624998105,0.7684640523690704,2.569783447183422,2.246033823110891,,,2.78,223.23593596182425,8.045290534257646
545,,AM,R3130,00,EHZ,61.1981981981982,-149.90658980942584,2026-09-12T10:49:59.995000Z,2026-09-12T10:50:59.995000Z,100.0,100.0,60.0,,noise,0,Noise,timeofday:America/Anchorage:day7-19:night1-5,AM,2.0-20.0,224.66886835474125,1029.827587604846,197.69411095086966,931.6235422268634,0.7742864680294378,2.1754129096447548,0.3767435587983874,,,2.78,223.23593596182425,4.173268690871442
546,,AM,R3130,00,EHZ,61.1981981981982,-149.90658980942584,2026-09-12T10:50:59.995000Z,2026-09-12T10:51:59.995000Z,100.0,100.0,60.0,,noise,0,Noise,timeofday:America/Anchorage:day7-19:night1-5,AM,2.0-20.0,203.902764965706,729.818367459878,177.73570660711948,762.4404366406784,0.7598067375954464,1.8225006785290463,0.07573288192620264,,,2.78,223.23593596182425,3.4154018857029538
547,,AM,R3130,00,EHZ,61.1981981981982,-149.90658980942584,2026-09-12T10:51:59.995000Z,2026-09-12T10:52:59.995000Z,100.0,100.0,60.0,,noise,0,Noise,timeofday:America/Anchorage:day7-19:night1-5,AM,2.0-20.0,205.37389614367618,882.8101516164164,177.29732119604805,769.4571790176319,0.7452703840447418,2.318862448747282,0.15479974201378832,,,2.78,223.23593596182425,3.446833842868459
548,,AM,R3130,00,EHZ,61.1981981981982,-149.90658980942584,2026-09-12T10:52:59.995000Z,2026-09-12T10:53:59.995000Z,100.0,100.0,60.0,,noise,0,Noise,timeofday:America/Anchorage:day7-19:night1-5,AM,2.0-20.0,235.84200220665235,1348.7989814407897,210.98126379973672,1277.9066138269418,0.8002864662941837,2.9042786484093663,1.4604073072444432,,,2.78,223.23593596182425,5.724466396151727
549,,AM,R3130,00,EHZ,61.1981981981982,-149.90658980942584,2026-09-12T10:53:59.995000Z,2026-09-12T10:54:59.995000Z,100.0,100.0,60.0,,noise,0,Noise,timeofday:America/Anchorage:day7-19:night1-5,AM,2.0-20.0,338.3594338670998,2859.2073558017078,317.1687817944075,2598.1527815524505,0.8786669454039385,6.008466605151053,8.915357238538023,,,2.78,223.23593596182425,11.638595597783874
550,,AM,R3130,00,EHZ,61.1981981981982,-149.90658980942584,2026-09-12T10:54:59.995000Z,2026-09-12T10:55:59.995000Z,100.0,100.0,60.0,,traffic,1,Traffic,timeofday:America/Anchorage:day7-19:night1-5+burst>=20x,AM,2.0-20.0,599.1055187402432,5140.783265479403,578.86700179616,5152.1048711861295,0.9335787256241381,6.144421503234097,9.765413898931058,,,2.78,223.23593596182425,23.07919130039706
551,,AM,R3130,00,EHZ,61.1981981981982,-149.90658980942584,2026-09-12T10:55:59.995000Z,2026-09-12T10:56:59.995000Z,100.0,100.0,60.0,,noise,0,Noise,timeofday:America/Anchorage:day7-19:night1-5,AM,2.0-20.0,298.6676555952228,2474.780942585737,275.721650829396,1979.0702703668649,0.8522467510171052,2.013911813602012,6.640616741642223,,,2.78,223.23593596182425,8.865374930966793
552,,AM,R3130,00,EHZ,61.1981981981982,-149.90658980942584,2026-09-12T10:56:59.995000Z,2026-09-12T10:57:59.995000Z,100.0,100.0,60.0,,noise,0,Noise,timeofday:America/Anchorage:day7-19:night1-5,AM,2.0-20.0,213.85629853524807,848.7716681542037,183.9091744045435,678.5634694639524,0.7395417526051623,2.1416254910462613,0.14922199838900374,,,2.78,223.23593596182425,3.0396695162018808
553,,AM,R3130,00,EHZ,61.1981981981982,-149.90658980942584,2026-09-12T10:57:59.995000Z,2026-09-12T10:58:59.995000Z,100.0,100.0,60.0,,noise,0,Noise,timeofday:America/Anchorage:day7-19:night1-5,AM,2.0-20.0,217.98644013547934,1141.23774485094,187.47206912807485,1115.7044779296768,0.7396294363068144,2.4004098642593887,0.6094196156624347,,,2.78,223.23593596182425,4.997871302049122
554,,AM,R3130,00,EHZ,61.1981981981982,-149.90658980942584,2026-09-12T10:58:59.995000Z,2026-09-12T10:59:59.995000Z,100.0,100.0,60.0,,noise,0,Noise,timeofday:America/Anchorage:day7-19:night1-5,AM,2.0-20.0,420.36535402158546,2804.2494093200517,400.42758401537117,2729.36071238851,0.9073903243039926,5.696291793213368,5.362519387091368,,,2.78,223.23593596182425,12.226350119791018
555,,AM,R3130,00,EHZ,61.1981981981982,-149.90658980942584,2026-09-12T10:59:59.995000Z,2026-09-12T11:00:59.995000Z,100.0,100.0,60.0,,noise,0,Noise,timeofday:America/Anchorage:day7-19:night1-5,AM,2.0-20.0,240.4157490828103,1538.2590994724092,219.71921013920888,1531.3439594433328,0.8352379724566062,5.071293690489624,2.868309635283718,,,2.78,223.23593596182425,6.859755589284734
556,,AM,R3130,00,EHZ,61.1981981981982,-149.90658980942584,2026-09-12T11:00:59.995000Z,2026-09-12T11:01:59.995000Z,100.0,100.0,60.0,,noise,0,Noise,timeofday:America/Anchorage:day7-19:night1-5,AM,2.0-20.0,221.1171361701912,1166.2638038320897,197.7741265895212,1142.8199524778051,0.8000076661973776,2.7451776188175563,1.2918097453119533,,,2.78,223.23593596182425,5.119336846703927
557,,AM,R3130,00,EHZ,61.1981981981982,-149.90658980942584,2026-09-12T11:01:59.995000Z,2026-09-12T11:02:59.995000Z,100.0,100.0,60.0,,noise,0,Noise,timeofday:America/Anchorage:day7-19:night1-5,AM,2.0-20.0,225.29354402123622,1278.7241259781326,200.01546424796192,1071.0178657526799,0.7881877040402372,2.473801980438782,0.7276914558184613,,,2.78,223.23593596182425,4.797694695247612
558,,AM,R3130,00,EHZ,61.1981981981982,-149.90658980942584,2026-09-12T11:02:59.995000Z,2026-09-12T11:03:59.995000Z,100.0,100.0,60.0,,noise,0,Noise,timeofday:America/Anchorage:day7-19:night1-5,AM,2.0-20.0,334.70358511141,2328.7190473268524,306.9315155435524,2130.4556319203284,0.8409346336689307,4.207098200635668,3.885699510827629,,,2.78,223.23593596182425,9.54351557575685
559,,AM,R3130,00,EHZ,61.1981981981982,-149.90658980942584,2026-09-12T11:03:59.995000Z,2026-09-12T11:04:59.995000Z,100.0,100.0,60.0,,noise,0,Noise,timeofday:America/Anchorage:day7-19:night1-5,AM,2.0-20.0,252.7942793892077,2157.294075736622,225.3369118727007,1683.4103427404145,0.7945663940939941,3.5217884668803077,1.8942976048464937,,,2.78,223.23593596182425,7.540946915591116
560,,AM,R3130,00,EHZ,61.1981981981982,-149.90658980942584,2026-09-12T11:04:59.995000Z,2026-09-12T11:05:59.995000Z,100.0,100.0,60.0,,noise,0,Noise,timeofday:America/Anchorage:day7-19:night1-5,AM,2.0-20.0,191.61439822448338,924.2990201000763,165.73839501559397,1041.814939719689,0.7481522366419583,3.63316779332815,0.7776385764592404,,,2.78,223.23593596182425,4.6668782749111255
561,,AM,R3130,00,EHZ,61.1981981981982,-149.90658980942584,2026-09-12T11:05:59.995000Z,2026-09-12T11:06:59.995000Z,100.0,100.0,60.0,,noise,0,Noise,timeofday:America/Anchorage:day7-19:night1-5,AM,2.0-20.0,186.4718624875004,747.3063073575091,159.90249609618706,614.8243875199776,0.7353326828182914,1.791064077288814,-0.08158290973705062,,,2.78,223.23593596182425,2.754146122894475
562,,AM,R3130,00,EHZ,61.1981981981982,-149.90658980942584,2026-09-12T11:06:59.995000Z,2026-09-12T11:07:59.995000Z,100.0,100.0,60.0,,noise,0,Noise,timeofday:America/Anchorage:day7-19:night1-5,AM,2.0-20.0,207.90976213567905,761.6817010253757,178.41539495431098,804.218136564991,0.7364018795016155,1.840267481494633,0.08006438548005379,,,2.78,223.23593596182425,3.602547829496954
563,,AM,R3130,00,EHZ,61.1981981981982,-149.90658980942584,2026-09-12T11:07:59.995000Z,2026-09-12T11:08:59.995000Z,100.0,100.0,60.0,,noise,0,Noise,timeofday:America/Anchorage:day7-19:night1-5,AM,2.0-20.0,429.8575080342978,4235.67253230979,407.786804724705,3523.072902515088,0.8999477675273435,3.964654263543856,9.272908727740925,,,2.78,223.23593596182425,15.781835873940885
564,,AM,R3130,00,EHZ,61.1981981981982,-149.90658980942584,2026-09-12T11:08:59.995000Z,2026-09-12T11:09:59.995000Z,100.0,100.0,60.0,,noise,0,Noise,timeofday:America/Anchorage:day7-19:night1-5,AM,2.0-20.0,279.7661126632824,1396.6689422533432,253.5980584377344,1288.7369081681281,0.8216779481171221,2.1372671659042473,1.6419134665633397,,,2.78,223.23593596182425,5.772981409178296
565,,AM,R3130,00,EHZ,61.1981981981982,-149.90658980942584,2026-09-12T11:09:59.995000Z,2026-09-12T11:10:59.995000Z,100.0,100.0,60.0,,noise,0,Noise,timeofday:America/Anchorage:day7-19:night1-5,AM,2.0-20.0,252.2457575153589,1086.6580235102406,221.07541628581242,934.3691801510013,0.7681272310641846,3.037177631133663,0.472990006873959,,,2.78,223.23593596182425,4.185567955827634
566,,AM,R3130,00,EHZ,61.1981981981982,-149.90658980942584,2026-09-12T11:10:59.995000Z,2026-09-12T11:11:59.995000Z,100.0,100.0,60.0,,noise,0,Noise,timeofday:America/Anchorage:day7-19:night1-5,AM,2.0-20.0,280.2602703601856,1183.644411867655,214.24234679773048,841.0658710662972,0.584369526762534,2.0747124102565944,0.2716193576511765,,,2.78,223.23593596182425,3.7676096702017032
567,,AM,R3130,00,EHZ,61.1981981981982,-149.90658980942584,2026-09-12T11:12:59.995000Z,2026-09-12T11:13:59.995000Z,100.0,100.0,60.0,,noise,0,Noise,timeofday:America/Anchorage:day7-19:night1-5,AM,2.0-20.0,293.4733109470839,1954.3728884043544,272.37129403465985,2008.817191258362,0.8613614770661415,3.230036519764667,2.5454104488189655,,,2.78,223.23593596182425,8.9986282119107
568,,AM,R3130,00,EHZ,61.1981981981982,-149.90658980942584,2026-09-12T11:13:59.995000Z,2026-09-12T11:14:59.995000Z,100.0,100.0,60.0,,noise,0,Noise,timeofday:America/Anchorage:day7-19:night1-5,AM,2.0-20.0,303.532301916934,1742.3729255477942,283.49062859980927,1875.7198469898126,0.8723034353233619,4.032911185818351,3.8107069539939378,,,2.78,223.23593596182425,8.402409938651548
569,,AM,R3130,00,EHZ,61.1981981981982,-149.90658980942584,2026-09-12T11:14:59.995000Z,2026-09-12T11:15:59.995000Z,100.0,100.0,60.0,,noise,0,Noise,timeofday:America/Anchorage:day7-19:night1-5,AM,2.0-20.0,232.639742811142,1147.6161599948841,209.53588917077874,1172.901260910211,0.8112393727626277,3.183545991375471,0.8192067073729379,,,2.78,223.23593596182425,5.254088038544071
570,,AM,R3130,00,EHZ,61.1981981981982,-149.90658980942584,2026-09-12T11:15:59.995000Z,2026-09-12T11:16:59.995000Z,100.0,100.0,60.0,,noise,0,Noise,timeofday:America/Anchorage:day7-19:night1-5,AM,2.0-20.0,362.5534895908174,2282.3979516555632,341.52568158226035,2010.778056973992,0.887365529778919,4.939163892755304,4.280792477397718,,,2.78,223.23593596182425,9.007412038346088
571,,AM,R3130,00,EHZ,61.1981981981982,-149.90658980942584,2026-09-12T11:16:59.995000Z,2026-09-12T11:17:59.995000Z,100.0,100.0,60.0,,noise,0,Noise,timeofday:America/Anchorage:day7-19:night1-5,AM,2.0-20.0,319.7229051510999,2434.400157404529,298.0857570745775,2420.6176127621275,0.8692304860896968,3.5558961604523844,5.395285602603472,,,2.78,223.23593596182425,10.843315178323616
572,,AM,R3130,00,EHZ,61.1981981981982,-149.90658980942584,2026-09-12T11:17:59.995000Z,2026-09-12T11:18:59.995000Z,100.0,100.0,60.0,,noise,0,Noise,timeofday:America/Anchorage:day7-19:night1-5,AM,2.0-20.0,431.04500914485163,2747.5917567540523,411.57981445938697,2536.4622123079075,0.9117229607011265,4.678818776894634,4.198929449294345,,,2.78,223.23593596182425,11.362248651317813
573,,AM,R3130,00,EHZ,61.1981981981982,-149.90658980942584,2026-09-12T11:18:59.995000Z,2026-09-12T11:19:59.995000Z,100.0,100.0,60.0,,noise,0,Noise,timeofday:America/Anchorage:day7-19:night1-5,AM,2.0-20.0,302.83821196010143,2166.4205005815243,281.7399543808501,1993.9462441804417,0.8655168620388438,4.659509053335478,4.207547820095446,,,2.78,223.23593596182425,8.93201283023459
574,,AM,R3130,00,EHZ,61.1981981981982,-149.90658980942584,2026-09-12T11:19:59.995000Z,2026-09-12T11:20:59.995000Z,100.0,100.0,60.0,,noise,0,Noise,timeofday:America/Anchorage:day7-19:night1-5,AM,2.0-20.0,229.17070300544358,1739.5756407863769,206.45279332407694,1658.5182041806343,0.811565043830628,2.787923605148594,1.678953646410152,,,2.78,223.23593596182425,7.429440950153557
575,,AM,R3130,00,EHZ,61.1981981981982,-149.90658980942584,2026-09-12T11:20:59.995000Z,2026-09-12T11:21:59.995000Z,100.0,100.0,60.0,,noise,0,Noise,timeofday:America/Anchorage:day7-19:night1-5,AM,2.0-20.0,225.23865579939257,990.4364336891819,201.02607516610163,984.324610160026,0.796560805771056,2.982083333300867,0.4579621406877159,,,2.78,223.23593596182425,4.409346577283848
576,,AM,R3130,00,EHZ,61.1981981981982,-149.90658980942584,2026-09-12T11:21:59.995000Z,2026-09-12T11:22:59.995000Z,100.0,100.0,60.0,,noise,0,Noise,timeofday:America/Anchorage:day7-19:night1-5,AM,2.0-20.0,336.9637966619637,3968.5565976298217,316.57299387760673,3746.076325962701,0.8826351955302151,5.887684000453991,24.139316264395877,,,2.78,223.23593596182425,16.78079431890088
577,,AM,R3130,00,EHZ,61.1981981981982,-149.90658980942584,2026-09-12T11:22:59.995000Z,2026-09-12T11:23:59.995000Z,100.0,100.0,60.0,,noise,0,Noise,timeofday:America/Anchorage:day7-19:night1-5,AM,2.0-20.0,317.44258128956096,4152.549208942221,285.032768720844,3214.5392182551095,0.8062304912711938,6.314982601227427,14.03450349737264,,,2.78,223.23593596182425,14.39973902232672
578,,AM,R3130,00,EHZ,61.1981981981982,-149.90658980942584,2026-09-12T11:23:59.995000Z,2026-09-12T11:24:59.995000Z,100.0,100.0,60.0,,noise,0,Noise,timeofday:America/Anchorage:day7-19:night1-5,AM,2.0-20.0,281.8849665189727,1708.5374587574747,261.50983572001553,1804.7497486660995,0.8606612032493638,3.8866884647477313,3.590114800399525,,,2.78,223.23593596182425,8.084494733745426
579,,AM,R3130,00,EHZ,61.1981981981982,-149.90658980942584,2026-09-12T11:24:59.995000Z,2026-09-12T11:25:59.995000Z,100.0,100.0,60.0,,noise,0,Noise,timeofday:America/Anchorage:day7-19:night1-5,AM,2.0-20.0,333.07367320711506,3005.4695756388396,313.46444890919247,3156.321827639312,0.885719024588262,4.039618477696049,10.840327382722897,,,2.78,223.23593596182425,14.138950407066526
580,,AM,R3130,00,EHZ,61.1981981981982,-149.90658980942584,2026-09-12T11:25:59.995000Z,2026-09-12T11:26:59.995000Z,100.0,100.0,60.0,,noise,0,Noise,timeofday:America/Anchorage:day7-19:night1-5,AM,2.0-20.0,220.35556125163342,970.4791843613444,199.3035327612036,906.6748488464475,0.8180539813779001,3.0393778890898333,0.47553966380529156,,,2.78,223.23593596182425,4.061509384409769
581,,AM,R3130,00,EHZ,61.1981981981982,-149.90658980942584,2026-09-12T11:26:59.995000Z,2026-09-12T11:27:59.995000Z,100.0,100.0,60.0,,noise,0,Noise,timeofday:America/Anchorage:day7-19:night1-5,AM,2.0-20.0,198.57215177306333,857.4849244515959,172.2208580934764,760.092125135385,0.752202571303339,2.0398481861917745,0.18326011672779474,,,2.78,223.23593596182425,3.4048824704700276
582,,AM,R3130,00,EHZ,61.1981981981982,-149.90658980942584,2026-09-12T11:27:59.995000Z,2026-09-12T11:28:59.995000Z,100.0,100.0,60.0,,traffic,1,Traffic,timeofday:America/Anchorage:day7-19:night1-5+burst>=20x,AM,2.0-20.0,499.2200323799322,4773.500725322777,481.215725562862,4672.888247112655,0.9291709300290513,8.637074002838094,18.372863115261506,,,2.78,223.23593596182425,20.93250903793451
583,,AM,R3130,00,EHZ,61.1981981981982,-149.90658980942584,2026-09-12T11:28:59.995000Z,2026-09-12T11:29:59.995000Z,100.0,100.0,60.0,,noise,0,Noise,timeofday:America/Anchorage:day7-19:night1-5,AM,2.0-20.0,202.80423581961438,965.5056376344079,178.44157013951815,763.0011429146634,0.774173014513521,2.651914988511183,0.2553568080980648,,,2.78,223.23593596182425,3.4179136061908277
584,,AM,R3130,00,EHZ,61.1981981981982,-149.90658980942584,2026-09-12T11:29:59.995000Z,2026-09-12T11:30:59.995000Z,100.0,100.0,60.0,,noise,0,Noise,timeofday:America/Anchorage:day7-19:night1-5,AM,2.0-20.0,194.16581558136008,755.4830050441645,167.35989091432515,703.6291981185964,0.7429459601809991,1.969538944009018,0.15134433903953104,,,2.78,223.23593596182425,3.151953089841792
585,,AM,R3130,00,EHZ,61.1981981981982,-149.90658980942584,2026-09-12T11:30:59.995000Z,2026-09-12T11:31:59.995000Z,100.0,100.0,60.0,,noise,0,Noise,timeofday:America/Anchorage:day7-19:night1-5,AM,2.0-20.0,254.23933794201133,1402.524585075173,228.7756597582959,1475.4429201179476,0.809718636428978,3.3888676371739734,1.3481384010498143,,,2.78,223.23593596182425,6.609343221381096
586,,AM,R3130,00,EHZ,61.1981981981982,-149.90658980942584,2026-09-12T11:31:59.995000Z,2026-09-12T11:32:59.995000Z,100.0,100.0,60.0,,noise,0,Noise,timeofday:America/Anchorage:day7-19:night1-5,AM,2.0-20.0,439.93046259660656,2874.4673433693474,415.2381545651213,2967.6240846324213,0.8908948199883835,7.595318999584519,5.5522231271678475,,,2.78,223.23593596182425,13.293666505109272
587,,AM,R3130,00,EHZ,61.1981981981982,-149.90658980942584,2026-09-12T11:32:59.995000Z,2026-09-12T11:33:59.995000Z,100.0,100.0,60.0,,noise,0,Noise,timeofday:America/Anchorage:day7-19:night1-5,AM,2.0-20.0,267.99378636351605,1662.5381010019687,235.35505663750456,1852.1140478191032,0.7712543345495623,3.684798914288212,3.1140302618527116,,,2.78,223.23593596182425,8.296666214779302
588,,AM,R3130,00,EHZ,61.1981981981982,-149.90658980942584,2026-09-12T11:33:59.995000Z,2026-09-12T11:34:59.995000Z,100.0,100.0,60.0,,noise,0,Noise,timeofday:America/Anchorage:day7-19:night1-5,AM,2.0-20.0,211.42194495881864,964.5481540171737,174.66569954397394,688.8962525134831,0.6825196000931616,1.9621340540367138,0.14346491776902903,,,2.78,223.23593596182425,3.0859558948040147
589,,AM,R3130,00,EHZ,61.1981981981982,-149.90658980942584,2026-09-12T11:35:59.995000Z,2026-09-12T11:36:59.995000Z,100.0,100.0,60.0,,noise,0,Noise,timeofday:America/Anchorage:day7-19:night1-5,AM,2.0-20.0,250.82270562336248,1392.5628642484612,222.61835227854053,1189.5494519864653,0.7877496727100022,2.5617839479819655,0.8821710854015552,,,2.78,223.23593596182425,5.328664701143328
590,,AM,R3130,00,EHZ,61.1981981981982,-149.90658980942584,2026-09-12T11:36:59.995000Z,2026-09-12T11:37:59.995000Z,100.0,100.0,60.0,,noise,0,Noise,timeofday:America/Anchorage:day7-19:night1-5,AM,2.0-20.0,203.19028551563,919.4221326585042,176.62369333678836,812.4082289223901,0.7556001626706763,2.33180645016559,0.38802106773126654,,,2.78,223.23593596182425,3.639235884769559
591,,AM,R3130,00,EHZ,61.1981981981982,-149.90658980942584,2026-09-12T11:37:59.995000Z,2026-09-12T11:38:59.995000Z,100.0,100.0,60.0,,noise,0,Noise,timeofday:America/Anchorage:day7-19:night1-5,AM,2.0-20.0,239.7096336901457,1189.417935449655,217.41555887907415,1366.394696332538,0.8226408356237799,2.5661346758618158,1.579915073369194,,,2.78,223.23593596182425,6.120854558856537
592,,AM,R3130,00,EHZ,61.1981981981982,-149.90658980942584,2026-09-12T11:38:59.995000Z,2026-09-12T11:39:59.995000Z,100.0,100.0,60.0,,noise,0,Noise,timeofday:America/Anchorage:day7-19:night1-5,AM,2.0-20.0,193.39736092400716,755.5912175513992,168.58123800225076,617.9762019994498,0.7598316693154318,1.7414947296952412,0.04955440638233766,,,2.78,223.23593596182425,2.7682648823401372
593,,AM,R3130,00,EHZ,61.1981981981982,-149.90658980942584,2026-09-12T11:42:59.995000Z,2026-09-12T11:43:59.995000Z,100.0,100.0,60.0,,noise,0,Noise,timeofday:America/Anchorage:day7-19:night1-5,AM,2.0-20.0,265.76003468181807,2149.629982446608,245.63457628430737,2184.0978647240313,0.854278851770277,5.923546266188334,10.861413274420897,,,2.78,223.23593596182425,9.783809471865387
594,,AM,R3130,00,EHZ,61.1981981981982,-149.90658980942584,2026-09-12T11:43:59.995000Z,2026-09-12T11:44:59.995000Z,100.0,100.0,60.0,,noise,0,Noise,timeofday:America/Anchorage:day7-19:night1-5,AM,2.0-20.0,409.29411528741775,3239.6309281757626,390.1212248845593,3266.0784544839826,0.9085067475360961,4.518968901028513,8.80158081846406,,,2.78,223.23593596182425,14.630612407504664
595,,AM,R3130,00,EHZ,61.1981981981982,-149.90658980942584,2026-09-12T11:44:59.995000Z,2026-09-12T11:45:59.995000Z,100.0,100.0,60.0,,noise,0,Noise,timeofday:America/Anchorage:day7-19:night1-5,AM,2.0-20.0,295.95687626132764,3397.3585130867955,271.4704831926758,2485.6523105652977,0.8413725951229926,3.4208399087933437,4.438744235387638,,,2.78,223.23593596182425,11.134642367751987
596,,AM,R3130,00,EHZ,61.1981981981982,-149.90658980942584,2026-09-12T11:45:59.995000Z,2026-09-12T11:46:59.995000Z,100.0,100.0,60.0,,noise,0,Noise,timeofday:America/Anchorage:day7-19:night1-5,AM,2.0-20.0,237.30274932166836,1316.3527358531023,205.83265625214938,1185.801974751907,0.7523553567987006,2.7842886806853158,1.673330600213668,,,2.78,223.23593596182425,5.311877631362595
597,,AM,R3130,00,EHZ,61.1981981981982,-149.90658980942584,2026-09-12T11:46:59.995000Z,2026-09-12T11:47:59.995000Z,100.0,100.0,60.0,,noise,0,Noise,timeofday:America/Anchorage:day7-19:night1-5,AM,2.0-20.0,210.49824067210892,873.6581786042176,187.29670331121957,808.648639951619,0.791704886937772,2.33425935316598,0.2732177629087329,,,2.78,223.23593596182425,3.6223945596729847
598,,AM,R3130,00,EHZ,61.1981981981982,-149.90658980942584,2026-09-12T11:47:59.995000Z,2026-09-12T11:48:59.995000Z,100.0,100.0,60.0,,noise,0,Noise,timeofday:America/Anchorage:day7-19:night1-5,AM,2.0-20.0,204.97563065160625,977.3296712047462,180.54859749000818,986.7226521823379,0.7758607389725187,2.251324809549415,0.4906387204028637,,,2.78,223.23593596182425,4.420088763625754
599,,AM,R3130,00,EHZ,61.1981981981982,-149.90658980942584,2026-09-12T11:48:59.995000Z,2026-09-12T11:49:59.995000Z,100.0,100.0,60.0,,noise,0,Noise,timeofday:America/Anchorage:day7-19:night1-5,AM,2.0-20.0,204.83285760425883,853.6794846534964,174.8258228648615,663.57708340763,0.728470407804174,2.1841081812862537,0.05947262468489711,,,2.78,223.23593596182425,2.9725370180592643
600,,AM,R3130,00,EHZ,61.1981981981982,-149.90658980942584,2026-09-12T11:49:59.995000Z,2026-09-12T11:50:59.995000Z,100.0,100.0,60.0,,noise,0,Noise,timeofday:America/Anchorage:day7-19:night1-5,AM,2.0-20.0,226.28570453708966,1356.3154952675754,197.04856128653884,1125.7536223225118,0.7582847109350305,2.5376447444577654,0.4414186498249393,,,2.78,223.23593596182425,5.042887102706563
601,,AM,R3130,00,EHZ,61.1981981981982,-149.90658980942584,2026-09-12T11:50:59.995000Z,2026-09-12T11:51:59.995000Z,100.0,100.0,60.0,,noise,0,Noise,timeofday:America/Anchorage:day7-19:night1-5,AM,2.0-20.0,235.27657239054832,1008.6949134675093,205.03192178462555,1007.1368829340689,0.7594262342380167,2.2503924317685255,0.3420276035513665,,,2.78,223.23593596182425,4.511535647675919
602,,AM,R3130,00,EHZ,61.1981981981982,-149.90658980942584,2026-09-12T11:51:59.995000Z,2026-09-12T11:52:59.995000Z,100.0,100.0,60.0,,noise,0,Noise,timeofday:America/Anchorage:day7-19:night1-5,AM,2.0-20.0,232.50537499828454,899.296050676135,201.56566232003559,838.4774446005115,0.7515659661965854,1.9819049554189674,0.2183911444783746,,,2.78,223.23593596182425,3.7560146442725966
603,,AM,R3130,00,EHZ,61.1981981981982,-149.90658980942584,2026-09-12T11:52:59.995000Z,2026-09-12T11:53:59.995000Z,100.0,100.0,60.0,,noise,0,Noise,timeofday:America/Anchorage:day7-19:night1-5,AM,2.0-20.0,296.99338404546404,1917.713155182892,262.92701489728734,1435.6304346310685,0.783748769000325,4.144663755070644,1.4806296685799243,,,2.78,223.23593596182425,6.4310005844067
604,,AM,R3130,00,EHZ,61.1981981981982,-149.90658980942584,2026-09-12T11:53:59.995000Z,2026-09-12T11:54:59.995000Z,100.0,100.0,60.0,,noise,0,Noise,timeofday:America/Anchorage:day7-19:night1-5,AM,2.0-20.0,271.21246404640743,1402.7206181573752,244.9605721012979,1232.9446287519818,0.8157800613758457,2.381738929362323,1.3583486546375108,,,2.78,223.23593596182425,5.523056238413284
605,,AM,R3130,00,EHZ,61.1981981981982,-149.90658980942584,2026-09-12T11:54:59.995000Z,2026-09-12T11:55:59.995000Z,100.0,100.0,60.0,,noise,0,Noise,timeofday:America/Anchorage:day7-19:night1-5,AM,2.0-20.0,219.25773736079637,1084.27266316556,187.75323198864797,974.3165134990829,0.7332718066220718,2.4582283999294456,0.3563983568936506,,,2.78,223.23593596182425,4.364514652630576
606,,AM,R3130,00,EHZ,61.1981981981982,-149.90658980942584,2026-09-12T11:55:59.995000Z,2026-09-12T11:56:59.995000Z,100.0,100.0,60.0,,noise,0,Noise,timeofday:America/Anchorage:day7-19:night1-5,AM,2.0-20.0,426.0968623356937,4089.7408384752966,397.79626179741626,4209.315210958419,0.8715749163098121,6.2802673952501245,12.383209219001827,,,2.78,223.23593596182425,18.855903252414777
607,,AM,R3130,00,EHZ,61.1981981981982,-149.90658980942584,2026-09-12T11:56:59.995000Z,2026-09-12T11:57:59.995000Z,100.0,100.0,60.0,,traffic,1,Traffic,timeofday:America/Anchorage:day7-19:night1-5+burst>=20x,AM,2.0-20.0,557.7415951305336,4776.741645630845,534.0593847961516,5026.623909014367,0.9168811272126226,3.376753861956267,10.91937128411476,,,2.78,223.23593596182425,22.517091109712613
608,,AM,R3130,00,EHZ,61.1981981981982,-149.90658980942584,2026-09-12T11:57:59.995000Z,2026-09-12T11:58:59.995000Z,100.0,100.0,60.0,,noise,0,Noise,timeofday:America/Anchorage:day7-19:night1-5,AM,2.0-20.0,287.1161770177858,2253.751311497105,251.48857706866636,2519.440321637266,0.7672222724189858,5.748363294205112,8.153073803352417,,,2.78,223.23593596182425,11.285997976903314
609,,AM,R3130,00,EHZ,61.1981981981982,-149.90658980942584,2026-09-12T11:58:59.995000Z,2026-09-12T11:59:59.995000Z,100.0,100.0,60.0,,noise,0,Noise,timeofday:America/Anchorage:day7-19:night1-5,AM,2.0-20.0,247.6512309581878,1300.2336254089182,220.3586357136282,1021.8572792915842,0.7917337671037891,3.957942044876907,1.7291065439538755,,,2.78,223.23593596182425,4.577476627536942
610,,AM,R3130,00,EHZ,61.1981981981982,-149.90658980942584,2026-09-12T11:59:59.995000Z,2026-09-12T12:00:59.995000Z,100.0,100.0,60.0,,noise,0,Noise,timeofday:America/Anchorage:day7-19:night1-5,AM,2.0-20.0,234.99845267231527,1112.2323311028535,204.27378446619406,1052.528995179309,0.7556057678243905,1.6523504485850549,0.5757795041114879,,,2.78,223.23593596182425,4.71487258825256
611,,AM,R3130,00,EHZ,61.1981981981982,-149.90658980942584,2026-09-12T12:00:59.995000Z,2026-09-12T12:01:59.995000Z,100.0,100.0,60.0,,noise,0,Noise,timeofday:America/Anchorage:day7-19:night1-5,AM,2.0-20.0,270.50820421335845,1716.2209723528317,240.67384756048287,1755.5108396393052,0.7915838393021795,3.9484744574343544,2.48128920089745,,,2.78,223.23593596182425,7.863925814970563
612,,AM,R3130,00,EHZ,61.1981981981982,-149.90658980942584,2026-09-12T12:01:59.995000Z,2026-09-12T12:02:59.995000Z,100.0,100.0,60.0,,noise,0,Noise,timeofday:America/Anchorage:day7-19:night1-5,AM,2.0-20.0,332.1593165375496,2043.2083892978476,278.694054232695,1374.1628910179493,0.7039835812691673,2.986848641546053,1.2281954649321367,,,2.78,223.23593596182425,6.155652695867684
613,,AM,R3130,00,EHZ,61.1981981981982,-149.90658980942584,2026-09-12T12:02:59.995000Z,2026-09-12T12:03:59.995000Z,100.0,100.0,60.0,,noise,0,Noise,timeofday:America/Anchorage:day7-19:night1-5,AM,2.0-20.0,308.59531677644884,2253.796686496244,259.9509968730236,2425.27143125806,0.709584814118679,4.484123093344464,2.779136201956663,,,2.78,223.23593596182425,10.864162263161822
614,,AM,R3130,00,EHZ,61.1981981981982,-149.90658980942584,2026-09-12T12:03:59.995000Z,2026-09-12T12:04:59.995000Z,100.0,100.0,60.0,,noise,0,Noise,timeofday:America/Anchorage:day7-19:night1-5,AM,2.0-20.0,408.7658555854336,1674.8084695386501,345.0065567037884,1459.0224649915992,0.7123697573960072,2.482885419319893,0.35087910346173645,,,2.78,223.23593596182425,6.5357867168891115
615,,AM,R3130,00,EHZ,61.1981981981982,-149.90658980942584,2026-09-12T12:04:59.995000Z,2026-09-12T12:05:59.995000Z,100.0,100.0,60.0,,noise,0,Noise,timeofday:America/Anchorage:day7-19:night1-5,AM,2.0-20.0,330.34733925442896,1528.8107367171528,270.76126551186616,1274.5728772804355,0.6717867661213348,1.6358648138893839,0.704731179913753,,,2.78,223.23593596182425,5.709532704888523
616,,AM,R3130,00,EHZ,61.1981981981982,-149.90658980942584,2026-09-12T12:05:59.995000Z,2026-09-12T12:06:59.995000Z,100.0,100.0,60.0,,noise,0,Noise,timeofday:America/Anchorage:day7-19:night1-5,AM,2.0-20.0,231.80037956331674,989.1790374077804,192.78915313196057,805.41419489483,0.691730468987947,2.216060273019581,0.2192326537579241,,,2.78,223.23593596182425,3.607905651142854
617,,AM,R3130,00,EHZ,61.1981981981982,-149.90658980942584,2026-09-12T12:06:59.995000Z,2026-09-12T12:07:59.995000Z,100.0,100.0,60.0,,noise,0,Noise,timeofday:America/Anchorage:day7-19:night1-5,AM,2.0-20.0,222.14932637377308,892.1686458158232,175.5483119247823,809.8466485921427,0.6244581152904072,1.915179809420433,0.21411327976704841,,,2.78,223.23593596182425,3.627761117863368
618,,AM,R3130,00,EHZ,61.1981981981982,-149.90658980942584,2026-09-12T12:07:59.995000Z,2026-09-12T12:08:59.995000Z,100.0,100.0,60.0,,noise,0,Noise,timeofday:America/Anchorage:day7-19:night1-5,AM,2.0-20.0,270.41485122426315,1990.8436958067928,237.33011642535965,1613.4290425900144,0.770272912489843,3.38808715547736,2.4478027126359843,,,2.78,223.23593596182425,7.227461096881499
619,,AM,R3130,00,EHZ,61.1981981981982,-149.90658980942584,2026-09-12T12:08:59.995000Z,2026-09-12T12:09:59.995000Z,100.0,100.0,60.0,,noise,0,Noise,timeofday:America/Anchorage:day7-19:night1-5,AM,2.0-20.0,404.19334638635524,2305.847371578872,349.9212513334647,2073.0675506867,0.7494839159853663,2.6135702057673615,2.0867698525939486,,,2.78,223.23593596182425,9.28644190620464
620,,AM,R3130,00,EHZ,61.1981981981982,-149.90658980942584,2026-09-12T12:09:59.995000Z,2026-09-12T12:10:59.995000Z,100.0,100.0,60.0,,noise,0,Noise,timeofday:America/Anchorage:day7-19:night1-5,AM,2.0-20.0,237.12275746894954,1129.8584731819924,205.0784405291815,885.3940244255205,0.7479861204518629,2.3128057334280694,0.38378558815956554,,,2.78,223.23593596182425,3.966180537245277
621,,AM,R3130,00,EHZ,61.1981981981982,-149.90658980942584,2026-09-12T12:10:59.995000Z,2026-09-12T12:11:59.995000Z,100.0,100.0,60.0,,noise,0,Noise,timeofday:America/Anchorage:day7-19:night1-5,AM,2.0-20.0,203.74735837119061,942.1379253328099,179.89763015514703,961.9328355453738,0.7795911694169579,2.9418618062000492,0.5532725050785543,,,2.78,223.23593596182425,4.309041155944868
622,,AM,R3130,00,EHZ,61.1981981981982,-149.90658980942584,2026-09-12T12:11:59.995000Z,2026-09-12T12:12:59.995000Z,100.0,100.0,60.0,,noise,0,Noise,timeofday:America/Anchorage:day7-19:night1-5,AM,2.0-20.0,309.8206756423038,1890.8749905845511,290.25668664201055,1865.0823030062563,0.877695099108197,2.993395298600589,3.808294778364398,,,2.78,223.23593596182425,8.35475836347964
623,,AM,R3130,00,EHZ,61.1981981981982,-149.90658980942584,2026-09-12T12:12:59.995000Z,2026-09-12T12:13:59.995000Z,100.0,100.0,60.0,,noise,0,Noise,timeofday:America/Anchorage:day7-19:night1-5,AM,2.0-20.0,208.6228654571297,909.1177393011416,183.54905318678098,924.6927213061289,0.7740704431470258,2.4751944259013676,0.5623696851982691,,,2.78,223.23593596182425,4.142221624498044
624,,AM,R3130,00,EHZ,61.1981981981982,-149.90658980942584,2026-09-12T12:13:59.995000Z,2026-09-12T12:14:59.995000Z,100.0,100.0,60.0,,noise,0,Noise,timeofday:America/Anchorage:day7-19:night1-5,AM,2.0-20.0,418.8366285017737,2667.109152023269,346.91121336054823,2640.9611474192743,0.6860367263758863,6.334158128541087,4.164083999084055,,,2.78,223.23593596182425,11.830358477189385
625,,AM,R3130,00,EHZ,61.1981981981982,-149.90658980942584,2026-09-12T12:14:59.995000Z,2026-09-12T12:15:59.995000Z,100.0,100.0,60.0,,noise,0,Noise,timeofday:America/Anchorage:day7-19:night1-5,AM,2.0-20.0,203.2752613680658,839.1036633655416,175.10469934658272,809.0543197702473,0.7420386844859285,2.0369075402178427,0.17239214200592112,,,2.78,223.23593596182425,3.624211828997838
626,,AM,R3130,00,EHZ,61.1981981981982,-149.90658980942584,2026-09-12T12:15:59.995000Z,2026-09-12T12:16:59.995000Z,100.0,100.0,60.0,,noise,0,Noise,timeofday:America/Anchorage:day7-19:night1-5,AM,2.0-20.0,403.74753598769826,2686.908946832726,384.91267916944383,2511.287809847613,0.9088760606860524,4.128335406413191,3.2898555344084137,,,2.78,223.23593596182425,11.249478266245942
627,,AM,R3130,00,EHZ,61.1981981981982,-149.90658980942584,2026-09-12T12:16:59.995000Z,2026-09-12T12:17:59.995000Z,100.0,100.0,60.0,,noise,0,Noise,timeofday:America/Anchorage:day7-19:night1-5,AM,2.0-20.0,252.00737914921194,1497.0849387854246,226.44923353880475,1318.5967702855137,0.8074491740555727,4.344967542507297,1.9817830315178417,,,2.78,223.23593596182425,5.906740617742692
628,,AM,R3130,00,EHZ,61.1981981981982,-149.90658980942584,2026-09-12T12:18:59.995000Z,2026-09-12T12:19:59.995000Z,100.0,100.0,60.0,,noise,0,Noise,timeofday:America/Anchorage:day7-19:night1-5,AM,2.0-20.0,376.10088735214435,2453.9302743109115,337.31541821623387,2298.8968078785283,0.8043844550093074,2.7217792910185006,4.210701604074288,,,2.78,223.23593596182425,10.298058858550732
629,,AM,R3130,00,EHZ,61.1981981981982,-149.90658980942584,2026-09-12T12:19:59.995000Z,2026-09-12T12:20:59.995000Z,100.0,100.0,60.0,,noise,0,Noise,timeofday:America/Anchorage:day7-19:night1-5,AM,2.0-20.0,276.1772993143042,1334.9391444503767,243.0285071793747,1180.0951706222427,0.7743521020092077,2.385165816419829,1.2720985499570325,,,2.78,223.23593596182425,5.286313628393825
630,,AM,R3130,00,EHZ,61.1981981981982,-149.90658980942584,2026-09-12T12:20:59.995000Z,2026-09-12T12:21:59.995000Z,100.0,100.0,60.0,,noise,0,Noise,timeofday:America/Anchorage:day7-19:night1-5,AM,2.0-20.0,222.09466233602217,863.9516432183215,187.26000630124233,745.4630719268021,0.7109086933337369,2.2180777636772637,0.17770160522360845,,,2.78,223.23593596182425,3.339350668228812
631,,AM,R3130,00,EHZ,61.1981981981982,-149.90658980942584,2026-09-12T12:21:59.995000Z,2026-09-12T12:22:59.995000Z,100.0,100.0,60.0,,noise,0,Noise,timeofday:America/Anchorage:day7-19:night1-5,AM,2.0-20.0,307.23050314566126,1779.041359528806,258.5841873059572,1849.7931002221358,0.7083946349642914,3.459632875735141,1.6129093290057455,,,2.78,223.23593596182425,8.286269377966414
632,,AM,R3130,00,EHZ,61.1981981981982,-149.90658980942584,2026-09-12T12:22:59.995000Z,2026-09-12T12:23:59.995000Z,100.0,100.0,60.0,,noise,0,Noise,timeofday:America/Anchorage:day7-19:night1-5,AM,2.0-20.0,294.91569441509847,1763.9726835491351,253.23810772807968,1870.1061271180304,0.7373307556970901,3.8777047236426903,4.60956457305094,,,2.78,223.23593596182425,8.37726291271419
633,,AM,R3130,00,EHZ,61.1981981981982,-149.90658980942584,2026-09-12T12:23:59.995000Z,2026-09-12T12:24:59.995000Z,100.0,100.0,60.0,,noise,0,Noise,timeofday:America/Anchorage:day7-19:night1-5,AM,2.0-20.0,272.021972289199,2626.0266021539205,247.21614506036263,2208.157695811174,0.8259346567431544,2.3459429427237177,5.115857157303793,,,2.78,223.23593596182425,9.891587061452295
634,,AM,R3130,00,EHZ,61.1981981981982,-149.90658980942584,2026-09-12T12:24:59.995000Z,2026-09-12T12:25:59.995000Z,100.0,100.0,60.0,,noise,0,Noise,timeofday:America/Anchorage:day7-19:night1-5,AM,2.0-20.0,221.39198538552992,1035.9815822604764,196.78189635116811,1005.5824424475493,0.7900352934798539,2.8765344441287284,0.9569490163670644,,,2.78,223.23593596182425,4.504572429680474
635,,AM,R3130,00,EHZ,61.1981981981982,-149.90658980942584,2026-09-12T12:25:59.995000Z,2026-09-12T12:26:59.995000Z,100.0,100.0,60.0,,noise,0,Noise,timeofday:America/Anchorage:day7-19:night1-5,AM,2.0-20.0,181.37856382743007,724.997866802231,154.762190349128,585.0683458052259,0.7280443196124133,1.9509332783447135,0.015173215937570816,,,2.78,223.23593596182425,2.6208519846252663
636,,AM,R3130,00,EHZ,61.1981981981982,-149.90658980942584,2026-09-12T12:26:59.995000Z,2026-09-12T12:27:59.995000Z,100.0,100.0,60.0,,noise,0,Noise,timeofday:America/Anchorage:day7-19:night1-5,AM,2.0-20.0,254.96508528346345,1247.9995260139199,226.78242800102024,1025.6513138852852,0.7911473472531698,2.4549336631122216,0.6021060984269737,,,2.78,223.23593596182425,4.594472254058068
637,,AM,R3130,00,EHZ,61.1981981981982,-149.90658980942584,2026-09-12T12:27:59.995000Z,2026-09-12T12:28:59.995000Z,100.0,100.0,60.0,,noise,0,Noise,timeofday:America/Anchorage:day7-19:night1-5,AM,2.0-20.0,257.09890354213144,1145.9915958892357,229.86251698585386,1117.9052967614632,0.7993479523863197,3.110490322066833,0.47656577212501405,,,2.78,223.23593596182425,5.007730014188383
638,,AM,R3130,00,EHZ,61.1981981981982,-149.90658980942584,2026-09-12T12:28:59.995000Z,2026-09-12T12:29:59.995000Z,100.0,100.0,60.0,,noise,0,Noise,timeofday:America/Anchorage:day7-19:night1-5,AM,2.0-20.0,195.00069148916833,1026.0158242274306,166.71082384195674,1049.2601760252371,0.730895507619909,1.8984685114557909,0.4640976438957667,,,2.78,223.23593596182425,4.700229698701699
639,,AM,R3130,00,EHZ,61.1981981981982,-149.90658980942584,2026-09-12T12:29:59.995000Z,2026-09-12T12:30:59.995000Z,100.0,100.0,60.0,,noise,0,Noise,timeofday:America/Anchorage:day7-19:night1-5,AM,2.0-20.0,226.08851246639307,1328.030923036255,198.49639687092304,1240.9403709202918,0.7708116371947813,3.2548000525383696,1.059974608667031,,,2.78,223.23593596182425,5.5588736892813975
640,,AM,R3130,00,EHZ,61.1981981981982,-149.90658980942584,2026-09-12T12:30:59.995000Z,2026-09-12T12:31:59.995000Z,100.0,100.0,60.0,,noise,0,Noise,timeofday:America/Anchorage:day7-19:night1-5,AM,2.0-20.0,274.4007808113262,1124.9662326333105,246.30051900564882,981.2074700518601,0.8056751494740454,2.4309426318891894,0.24071250188116,,,2.78,223.23593596182425,4.395383143956075
641,,AM,R3130,00,EHZ,61.1981981981982,-149.90658980942584,2026-09-12T12:31:59.995000Z,2026-09-12T12:32:59.995000Z,100.0,100.0,60.0,,noise,0,Noise,timeofday:America/Anchorage:day7-19:night1-5,AM,2.0-20.0,237.66372209573186,1287.049759046697,211.9692094966848,1259.1313705288676,0.7954626113166289,5.484250934054458,2.6710395719769053,,,2.78,223.23593596182425,5.640361463775226
642,,AM,R3130,00,EHZ,61.1981981981982,-149.90658980942584,2026-09-12T12:32:59.995000Z,2026-09-12T12:33:59.995000Z,100.0,100.0,60.0,,noise,0,Noise,timeofday:America/Anchorage:day7-19:night1-5,AM,2.0-20.0,250.75385329059063,1141.0566220117457,221.65015632685444,1118.954530881222,0.7813414298158304,3.175932798622786,1.1811496137613053,,,2.78,223.23593596182425,5.012430127166332
643,,AM,R3130,00,EHZ,61.1981981981982,-149.90658980942584,2026-09-12T12:33:59.995000Z,2026-09-12T12:34:59.995000Z,100.0,100.0,60.0,,noise,0,Noise,timeofday:America/Anchorage:day7-19:night1-5,AM,2.0-20.0,254.28432863197304,1233.9353307188717,226.52169990070152,1140.3413576855523,0.7935612131527342,2.6849264530475754,0.7532369215007568,,,2.78,223.23593596182425,5.108233818951815
644,,AM,R3130,00,EHZ,61.1981981981982,-149.90658980942584,2026-09-12T12:34:59.995000Z,2026-09-12T12:35:59.995000Z,100.0,100.0,60.0,,noise,0,Noise,timeofday:America/Anchorage:day7-19:night1-5,AM,2.0-20.0,636.7137928614957,4229.071290813809,608.9758196412303,4336.678229324076,0.9147693007076516,6.81651901312439,5.641579463035308,,,2.78,223.23593596182425,19.426434237118947
645,,AM,R3130,00,EHZ,61.1981981981982,-149.90658980942584,2026-09-12T12:35:59.995000Z,2026-09-12T12:36:59.995000Z,100.0,100.0,60.0,,noise,0,Noise,timeofday:America/Anchorage:day7-19:night1-5,AM,2.0-20.0,230.84353498670677,1207.9195304704476,204.37596901816391,1002.2171443223868,0.7838342313576667,2.6524878476660927,0.6456007994254183,,,2.78,223.23593596182425,4.489497356257985
646,,AM,R3130,00,EHZ,61.1981981981982,-149.90658980942584,2026-09-12T12:36:59.995000Z,2026-09-12T12:37:59.995000Z,100.0,100.0,60.0,,noise,0,Noise,timeofday:America/Anchorage:day7-19:night1-5,AM,2.0-20.0,237.33529957659835,1078.0847967404466,205.37489602873433,850.7847078757168,0.7488072477802571,2.220417394502955,0.10009232326208206,,,2.78,223.23593596182425,3.8111458363997905
647,,AM,R3130,00,EHZ,61.1981981981982,-149.90658980942584,2026-09-12T12:37:59.995000Z,2026-09-12T12:38:59.995000Z,100.0,100.0,60.0,,noise,0,Noise,timeofday:America/Anchorage:day7-19:night1-5,AM,2.0-20.0,268.3210541929944,1206.0931011567304,227.0549261376534,1033.6466066027842,0.7160648476989857,3.0166704911824342,0.7046890552975418,,,2.78,223.23593596182425,4.630287691581829
648,,AM,R3130,00,EHZ,61.1981981981982,-149.90658980942584,2026-09-12T12:39:59.995000Z,2026-09-12T12:40:59.995000Z,100.0,100.0,60.0,,noise,0,Noise,timeofday:America/Anchorage:day7-19:night1-5,AM,2.0-20.0,295.53984888531994,1551.1102785696644,258.5831890020519,1333.238443310225,0.7655410445810931,4.474977749616803,1.1881514827098876,,,2.78,223.23593596182425,5.972328951277016
649,,AM,R3130,00,EHZ,61.1981981981982,-149.90658980942584,2026-09-12T12:40:59.995000Z,2026-09-12T12:41:59.995000Z,100.0,100.0,60.0,,noise,0,Noise,timeofday:America/Anchorage:day7-19:night1-5,AM,2.0-20.0,234.0128327430638,1572.126920259891,210.47491157492559,1779.4096952683926,0.8089493378442834,4.593833240305625,2.3844164079460093,,,2.78,223.23593596182425,7.970982304447125
650,,AM,R3130,00,EHZ,61.1981981981982,-149.90658980942584,2026-09-12T12:41:59.995000Z,2026-09-12T12:42:59.995000Z,100.0,100.0,60.0,,noise,0,Noise,timeofday:America/Anchorage:day7-19:night1-5,AM,2.0-20.0,241.0564035048929,1614.1352032472664,218.27200796844448,1586.3952216297887,0.819895951544131,3.9543347752636997,3.344555283607024,,,2.78,223.23593596182425,7.106361324823076
651,,AM,R3130,00,EHZ,61.1981981981982,-149.90658980942584,2026-09-12T12:42:59.995000Z,2026-09-12T12:43:59.995000Z,100.0,100.0,60.0,,noise,0,Noise,timeofday:America/Anchorage:day7-19:night1-5,AM,2.0-20.0,276.245971123545,1123.1374732829577,247.3729063115063,1040.6783009906449,0.8018854942285659,1.899730305985656,0.4077065929804946,,,2.78,223.23593596182425,4.661786627259744
652,,AM,R3130,00,EHZ,61.1981981981982,-149.90658980942584,2026-09-12T12:43:59.995000Z,2026-09-12T12:44:59.995000Z,100.0,100.0,60.0,,noise,0,Noise,timeofday:America/Anchorage:day7-19:night1-5,AM,2.0-20.0,239.08258718593063,1180.1508492075523,208.82637478944866,1168.5974905935127,0.7629126302110892,2.742755799946349,0.6263236557068947,,,2.78,223.23593596182425,5.234809017457455
653,,AM,R3130,00,EHZ,61.1981981981982,-149.90658980942584,2026-09-12T12:44:59.995000Z,2026-09-12T12:45:59.995000Z,100.0,100.0,60.0,,noise,0,Noise,timeofday:America/Anchorage:day7-19:night1-5,AM,2.0-20.0,222.20450246466882,918.8449192973452,194.5048499466897,805.6950789002753,0.7662229579124256,2.305699176810987,0.1613091962480664,,,2.78,223.23593596182425,3.6091638894468043
654,,AM,R3130,00,EHZ,61.1981981981982,-149.90658980942584,2026-09-12T12:45:59.995000Z,2026-09-12T12:46:59.995000Z,100.0,100.0,60.0,,noise,0,Noise,timeofday:America/Anchorage:day7-19:night1-5,AM,2.0-20.0,266.95494177446847,1131.8321419535928,237.19553968783583,953.296467478728,0.789472681902608,2.181941961528029,0.26872998366202694,,,2.78,223.23593596182425,4.270353979395826
655,,AM,R3130,00,EHZ,61.1981981981982,-149.90658980942584,2026-09-12T12:46:59.995000Z,2026-09-12T12:47:59.995000Z,100.0,100.0,60.0,,noise,0,Noise,timeofday:America/Anchorage:day7-19:night1-5,AM,2.0-20.0,341.3620291959525,1729.8249304116339,300.16321460282927,1639.8974541732487,0.7731869452587852,2.4384373499344596,1.2675770071005719,,,2.78,223.23593596182425,7.346028080594016
656,,AM,R3130,00,EHZ,61.1981981981982,-149.90658980942584,2026-09-12T12:47:59.995000Z,2026-09-12T12:48:59.995000Z,100.0,100.0,60.0,,noise,0,Noise,timeofday:America/Anchorage:day7-19:night1-5,AM,2.0-20.0,466.5240143267561,3255.8140845268204,359.29560716247244,1887.4363332397409,0.5931380798972228,4.14853172730627,2.857584140703053,,,2.78,223.23593596182425,8.45489470639043
657,,AM,R3130,00,EHZ,61.1981981981982,-149.90658980942584,2026-09-12T12:48:59.995000Z,2026-09-12T12:49:59.995000Z,100.0,100.0,60.0,,noise,0,Noise,timeofday:America/Anchorage:day7-19:night1-5,AM,2.0-20.0,336.25699713500563,1416.806867270488,266.72276936065987,1367.5619325828034,0.6291837867951413,3.351283837200581,1.21075819381071,,,2.78,223.23593596182425,6.126083270108766
658,,AM,R3130,00,EHZ,61.1981981981982,-149.90658980942584,2026-09-12T12:49:59.995000Z,2026-09-12T12:50:59.995000Z,100.0,100.0,60.0,,noise,0,Noise,timeofday:America/Anchorage:day7-19:night1-5,AM,2.0-20.0,257.8823840507734,1421.1989456780507,232.8763573419762,1312.3360078514884,0.8154689802549107,3.375007898690014,1.0175073360899614,,,2.78,223.23593596182425,5.8786951222580575
659,,AM,R3130,00,EHZ,61.1981981981982,-149.90658980942584,2026-09-12T12:50:59.995000Z,2026-09-12T12:51:59.995000Z,100.0,100.0,60.0,,noise,0,Noise,timeofday:America/Anchorage:day7-19:night1-5,AM,2.0-20.0,221.76219832737388,1234.7896569998934,194.7842216460984,1071.005931888544,0.7714939279526146,3.119545329050709,0.9196313128312332,,,2.78,223.23593596182425,4.797641236721392
660,,AM,R3130,00,EHZ,61.1981981981982,-149.90658980942584,2026-09-12T12:51:59.995000Z,2026-09-12T12:52:59.995000Z,100.0,100.0,60.0,,noise,0,Noise,timeofday:America/Anchorage:day7-19:night1-5,AM,2.0-20.0,227.78427853591825,1214.2188917059452,203.62702796237167,1201.083462782333,0.799140889667034,2.7000677123731966,1.1212611253651001,,,2.78,223.23593596182425,5.380332058131229
661,,AM,R3130,00,EHZ,61.1981981981982,-149.90658980942584,2026-09-12T12:52:59.995000Z,2026-09-12T12:53:59.995000Z,100.0,100.0,60.0,,noise,0,Noise,timeofday:America/Anchorage:day7-19:night1-5,AM,2.0-20.0,266.59223844719884,1235.2240389297317,231.03358491922816,1113.8954284113279,0.7510264485889194,2.5315497225742916,0.8295514399389665,,,2.78,223.23593596182425,4.989767546215391
662,,AM,R3130,00,EHZ,61.1981981981982,-149.90658980942584,2026-09-12T12:53:59.995000Z,2026-09-12T12:54:59.995000Z,100.0,100.0,60.0,,noise,0,Noise,timeofday:America/Anchorage:day7-19:night1-5,AM,2.0-20.0,202.83842533639262,933.7629051507059,171.06193267512103,640.5071185877208,0.7112238112252641,1.6709098159280593,0.011314083864145008,,,2.78,223.23593596182425,2.869193599265552
663,,AM,R3130,00,EHZ,61.1981981981982,-149.90658980942584,2026-09-12T12:54:59.995000Z,2026-09-12T12:55:59.995000Z,100.0,100.0,60.0,,noise,0,Noise,timeofday:America/Anchorage:day7-19:night1-5,AM,2.0-20.0,221.67647193350348,1089.7592765222248,196.67404043067995,981.2097504574527,0.7871452483187198,2.0249336124662114,0.4888225936159758,,,2.78,223.23593596182425,4.395393359182323
664,,AM,R3130,00,EHZ,61.1981981981982,-149.90658980942584,2026-09-12T12:55:59.995000Z,2026-09-12T12:56:59.995000Z,100.0,100.0,60.0,,noise,0,Noise,timeofday:America/Anchorage:day7-19:night1-5,AM,2.0-20.0,202.32097511535923,803.2524265189228,173.88354000353536,731.0667564584141,0.7386439200349518,2.233028704163931,0.018805211215750628,,,2.78,223.23593596182425,3.274861429942151
665,,AM,R3130,00,EHZ,61.1981981981982,-149.90658980942584,2026-09-12T12:56:59.995000Z,2026-09-12T12:57:59.995000Z,100.0,100.0,60.0,,noise,0,Noise,timeofday:America/Anchorage:day7-19:night1-5,AM,2.0-20.0,282.20602418068773,1530.2583980413842,258.60423386585705,1451.1887679634892,0.8397281286811559,2.8524079434624157,2.279518170105714,,,2.78,223.23593596182425,6.500695157842589
666,,AM,R3130,00,EHZ,61.1981981981982,-149.90658980942584,2026-09-12T12:57:59.995000Z,2026-09-12T12:58:59.995000Z,100.0,100.0,60.0,,noise,0,Noise,timeofday:America/Anchorage:day7-19:night1-5,AM,2.0-20.0,222.55757250311405,924.7332875421756,181.45369515624563,698.871765527482,0.6647324528528987,2.1806271363986642,0.08081029802076856,,,2.78,223.23593596182425,3.130641858876147
667,,AM,R3130,00,EHZ,61.1981981981982,-149.90658980942584,2026-09-12T12:58:59.995000Z,2026-09-12T12:59:59.995000Z,100.0,100.0,60.0,,noise,0,Noise,timeofday:America/Anchorage:day7-19:night1-5,AM,2.0-20.0,233.44580629480268,1595.2760354615516,199.81084626269757,1759.390035541965,0.7325983991879728,4.111184833152626,2.2441177084155832,,,2.78,223.23593596182425,7.881302927154343
668,,AM,R3130,00,EHZ,61.1981981981982,-149.90658980942584,2026-09-12T12:59:59.995000Z,2026-09-12T13:00:59.995000Z,100.0,100.0,60.0,,noise,0,Noise,timeofday:America/Anchorage:day7-19:night1-5,AM,2.0-20.0,216.8511510014083,901.7130572240961,189.50368863279374,896.5844895085248,0.7636808006208029,1.9399857096886672,0.30804494544103633,,,2.78,223.23593596182425,4.016308958705691
669,,AM,R3130,00,EHZ,61.1981981981982,-149.90658980942584,2026-09-12T15:01:59.995000Z,2026-09-12T15:02:59.995000Z,100.0,100.0,60.0,,traffic,1,Traffic,timeofday:America/Anchorage:day7-19:night1-5,AM,2.0-20.0,421.9595294830049,3335.664805028289,391.7446681158721,3215.4495106290883,0.8619152991097799,4.522962150796196,5.570207331718327,,,2.78,223.23593596182425,14.403816736651954
670,,AM,R3130,00,EHZ,61.1981981981982,-149.90658980942584,2026-09-12T15:02:59.995000Z,2026-09-12T15:03:59.995000Z,100.0,100.0,60.0,,traffic,1,Traffic,timeofday:America/Anchorage:day7-19:night1-5,AM,2.0-20.0,359.10484709010916,3065.6564491826243,328.29407349688194,2536.901709451986,0.8357637900969537,6.593442053088339,5.779627039000534,,,2.78,223.23593596182425,11.364217407567496
671,,AM,R3130,00,EHZ,61.1981981981982,-149.90658980942584,2026-09-12T15:03:59.995000Z,2026-09-12T15:04:59.995000Z,100.0,100.0,60.0,,traffic,1,Traffic,timeofday:America/Anchorage:day7-19:night1-5,AM,2.0-20.0,354.34739480281064,3769.65216911533,326.23657184783144,3610.464958514903,0.8476309410374785,4.378426153225015,6.4746751526686985,,,2.78,223.23593596182425,16.17331431410905
672,,AM,R3130,00,EHZ,61.1981981981982,-149.90658980942584,2026-09-12T15:04:59.995000Z,2026-09-12T15:05:59.995000Z,100.0,100.0,60.0,,traffic,1,Traffic,timeofday:America/Anchorage:day7-19:night1-5,AM,2.0-20.0,265.09996164756524,1025.645276149809,225.8154421907506,847.6490197532183,0.7255844137614461,2.0286738588474496,0.18107227855403085,,,2.78,223.23593596182425,3.797099316026679
673,,AM,R3130,00,EHZ,61.1981981981982,-149.90658980942584,2026-09-12T15:08:59.995000Z,2026-09-12T15:09:59.995000Z,100.0,100.0,60.0,,traffic,1,Traffic,timeofday:America/Anchorage:day7-19:night1-5,AM,2.0-20.0,599.2307779836833,9251.604462650963,576.1886149207857,8791.336937957161,0.9245728194844377,7.132130466556877,35.509114574521554,,,2.78,223.23593596182425,39.3813697605594
674,,AM,R3130,00,EHZ,61.1981981981982,-149.90658980942584,2026-09-12T15:15:59.995000Z,2026-09-12T15:16:59.995000Z,100.0,100.0,60.0,,traffic,1,Traffic,timeofday:America/Anchorage:day7-19:night1-5,AM,2.0-20.0,417.85985976816653,3876.547997477453,386.0121254333811,3745.9968247509382,0.8533763159638957,4.501366737272282,6.91023437899735,,,2.78,223.23593596182425,16.780438188014426
675,,AM,R3130,00,EHZ,61.1981981981982,-149.90658980942584,2026-09-12T15:16:59.995000Z,2026-09-12T15:17:59.995000Z,100.0,100.0,60.0,,traffic,1,Traffic,timeofday:America/Anchorage:day7-19:night1-5,AM,2.0-20.0,460.41910495857593,2189.540895937225,371.5959515322169,1733.4725608018302,0.6513812827278406,3.5159507329361457,1.22051185006677,,,2.78,223.23593596182425,7.765203901124023
676,,AM,R3130,00,EHZ,61.1981981981982,-149.90658980942584,2026-09-12T15:18:59.995000Z,2026-09-12T15:19:59.995000Z,100.0,100.0,60.0,,traffic,1,Traffic,timeofday:America/Anchorage:day7-19:night1-5,AM,2.0-20.0,293.77167575207056,1876.4805272567505,260.09038068966987,1803.8778743230716,0.7838423776461486,5.114351992741417,2.64216037672142,,,2.78,223.23593596182425,8.080589115506717
677,,AM,R3130,00,EHZ,61.1981981981982,-149.90658980942584,2026-09-12T15:24:59.995000Z,2026-09-12T15:25:59.995000Z,100.0,100.0,60.0,,traffic,1,Traffic,timeofday:America/Anchorage:day7-19:night1-5,AM,2.0-20.0,406.1475724004965,3189.472534862394,368.13045505466033,3140.7988960680805,0.8215533518397881,4.371652336471557,5.972218332902898,,,2.78,223.23593596182425,14.06941441813916
678,,AM,R3130,00,EHZ,61.1981981981982,-149.90658980942584,2026-09-12T15:25:59.995000Z,2026-09-12T15:26:59.995000Z,100.0,100.0,60.0,,traffic,1,Traffic,timeofday:America/Anchorage:day7-19:night1-5,AM,2.0-20.0,395.2391424828971,1930.53404381247,321.64848873683565,1578.4678545665643,0.6622822776287565,2.6209985554540682,0.7514466060529341,,,2.78,223.23593596182425,7.070850164717652
679,,AM,R3130,00,EHZ,61.1981981981982,-149.90658980942584,2026-09-12T15:28:59.995000Z,2026-09-12T15:29:59.995000Z,100.0,100.0,60.0,,traffic,1,Traffic,timeofday:America/Anchorage:day7-19:night1-5,AM,2.0-20.0,283.84803736216475,1881.5665400376897,241.83663959964468,1491.1715919860774,0.7258926645813581,3.1186010122179257,0.8569765437021433,,,2.78,223.23593596182425,6.679800837447084
680,,AM,R3130,00,EHZ,61.1981981981982,-149.90658980942584,2026-09-12T15:34:59.995000Z,2026-09-12T15:35:59.995000Z,100.0,100.0,60.0,,traffic,1,Traffic,timeofday:America/Anchorage:day7-19:night1-5,AM,2.0-20.0,1756.0234304014475,12511.610189295408,1726.2368640760928,12995.748735558016,0.966362705259839,6.6813996479544,10.625172786817906,,,2.78,223.23593596182425,58.21530785160159
681,,AM,R3130,00,EHZ,61.1981981981982,-149.90658980942584,2026-09-12T15:39:59.995000Z,2026-09-12T15:40:59.995000Z,100.0,100.0,60.0,,traffic,1,Traffic,timeofday:America/Anchorage:day7-19:night1-5,AM,2.0-20.0,504.71519847095715,6240.340908507137,469.4527266087952,6705.133284765459,0.8651491112407149,7.028516854327767,25.867923861822426,,,2.78,223.23593596182425,30.03608382259794
682,,AM,R3130,00,EHZ,61.1981981981982,-149.90658980942584,2026-09-12T15:40:59.995000Z,2026-09-12T15:41:59.995000Z,100.0,100.0,60.0,,traffic,1,Traffic,timeofday:America/Anchorage:day7-19:night1-5,AM,2.0-20.0,452.92418080886455,3659.336985588315,417.6619864500641,3338.539783500674,0.8503522876463676,5.661355528598707,6.588035659568927,,,2.78,223.23593596182425,14.955207677994999
683,,AM,R3130,00,EHZ,61.1981981981982,-149.90658980942584,2026-09-12T15:41:59.995000Z,2026-09-12T15:42:59.995000Z,100.0,100.0,60.0,,traffic,1,Traffic,timeofday:America/Anchorage:day7-19:night1-5,AM,2.0-20.0,355.2639113883407,2739.670107380351,310.70452516926764,2887.532062615617,0.7648794113261813,3.4338288841566724,3.350294349331988,,,2.78,223.23593596182425,12.934889045415234
684,,AM,R3130,00,EHZ,61.1981981981982,-149.90658980942584,2026-09-12T15:44:59.995000Z,2026-09-12T15:45:59.995000Z,100.0,100.0,60.0,,traffic,1,Traffic,timeofday:America/Anchorage:day7-19:night1-5,AM,2.0-20.0,486.2540987337377,3384.3037136366124,339.3028649881443,2916.383410783593,0.48690978610836994,3.352355554829081,3.3310461330815304,,,2.78,223.23593596182425,13.06413054967246
685,,AM,R3130,00,EHZ,61.1981981981982,-149.90658980942584,2026-09-12T15:49:59.995000Z,2026-09-12T15:50:59.995000Z,100.0,100.0,60.0,,traffic,1,Traffic,timeofday:America/Anchorage:day7-19:night1-5,AM,2.0-20.0,621.2985973215051,4046.7459857162326,551.651378642365,3691.473062515085,0.7883674220359761,3.518297462959766,2.8873037049222843,,,2.78,223.23593596182425,16.536195423062917
686,,AM,R3130,00,EHZ,61.1981981981982,-149.90658980942584,2026-09-12T15:50:59.995000Z,2026-09-12T15:51:59.995000Z,100.0,100.0,60.0,,traffic,1,Traffic,timeofday:America/Anchorage:day7-19:night1-5,AM,2.0-20.0,428.9990691021555,2592.747345737615,370.6117897983368,2140.223829903818,0.7463211720829862,4.082525307724839,3.07956755805992,,,2.78,223.23593596182425,9.587272858567983
687,,AM,R3130,00,EHZ,61.1981981981982,-149.90658980942584,2026-09-12T15:52:59.995000Z,2026-09-12T15:53:59.995000Z,100.0,100.0,60.0,,traffic,1,Traffic,timeofday:America/Anchorage:day7-19:night1-5,AM,2.0-20.0,443.03505774345797,2881.2335668194187,346.8172565682233,1889.4518790407612,0.6128091054641454,4.370538668460378,2.00069083361565,,,2.78,223.23593596182425,8.463923475850581
688,,AM,R3130,00,EHZ,61.1981981981982,-149.90658980942584,2026-09-12T15:54:59.995000Z,2026-09-12T15:55:59.995000Z,100.0,100.0,60.0,,traffic,1,Traffic,timeofday:America/Anchorage:day7-19:night1-5,AM,2.0-20.0,343.3389672810761,3417.2180822902424,309.55862546961254,3613.478353093226,0.812904684363443,4.928972765441296,10.589184085230777,,,2.78,223.23593596182425,16.186813012539208
689,,AM,R3130,00,EHZ,61.1981981981982,-149.90658980942584,2026-09-12T15:55:59.995000Z,2026-09-12T15:56:59.995000Z,100.0,100.0,60.0,,traffic,1,Traffic,timeofday:America/Anchorage:day7-19:night1-5,AM,2.0-20.0,356.80576164457887,2316.207609268434,313.3045547803333,2209.6187172304453,0.7710272012965699,4.3847934852146375,2.6424345234820263,,,2.78,223.23593596182425,9.898131802615838
690,,AM,R3130,00,EHZ,61.1981981981982,-149.90658980942584,2026-09-12T15:56:59.995000Z,2026-09-12T15:57:59.995000Z,100.0,100.0,60.0,,traffic,1,Traffic,timeofday:America/Anchorage:day7-19:night1-5,AM,2.0-20.0,351.1814587404017,1499.2001905803622,314.0789877587641,1571.8771892941722,0.7998611591774144,2.649146518229129,0.6325594201502605,,,2.78,223.23593596182425,7.0413268478556255
691,,AM,R3130,00,EHZ,61.1981981981982,-149.90658980942584,2026-09-12T16:01:59.995000Z,2026-09-12T16:02:59.995000Z,100.0,100.0,60.0,,traffic,1,Traffic,timeofday:America/Anchorage:day7-19:night1-5,AM,2.0-20.0,336.6668081510242,1474.8449644153175,292.5788652956221,1391.1457685703704,0.7552405491807678,2.7184721621386636,0.6916816732469422,,,2.78,223.23593596182425,6.231728608463251
692,,AM,R3130,00,EHZ,61.1981981981982,-149.90658980942584,2026-09-12T16:02:59.995000Z,2026-09-12T16:03:59.995000Z,100.0,100.0,60.0,,traffic,1,Traffic,timeofday:America/Anchorage:day7-19:night1-5,AM,2.0-20.0,341.2299916474324,2572.143269685404,306.4097295996231,2674.211389399507,0.806326089597998,3.357268458528211,3.0588038108013986,,,2.78,223.23593596182425,11.979305114463408
693,,AM,R3130,00,EHZ,61.1981981981982,-149.90658980942584,2026-09-12T16:06:59.995000Z,2026-09-12T16:07:59.995000Z,100.0,100.0,60.0,,traffic,1,Traffic,timeofday:America/Anchorage:day7-19:night1-5,AM,2.0-20.0,417.5626115682588,2430.8913051439254,367.5311352439666,2191.0196416201657,0.774720524575011,3.420692529155987,1.9202989770069614,,,2.78,223.23593596182425,9.81481602493809
694,,AM,R3130,00,EHZ,61.1981981981982,-149.90658980942584,2026-09-12T16:08:59.995000Z,2026-09-12T16:09:59.995000Z,100.0,100.0,60.0,,traffic,1,Traffic,timeofday:America/Anchorage:day7-19:night1-5,AM,2.0-20.0,758.924292673493,6948.08996456158,702.7876520826952,6735.681744179805,0.8575339752582252,5.431955653774599,13.190484774052475,,,2.78,223.23593596182425,30.172927647866153
695,,AM,R3130,00,EHZ,61.1981981981982,-149.90658980942584,2026-09-12T16:10:59.995000Z,2026-09-12T16:11:59.995000Z,100.0,100.0,60.0,,traffic,1,Traffic,timeofday:America/Anchorage:day7-19:night1-5,AM,2.0-20.0,565.6575539520588,8203.924951387227,533.4879884526417,7600.123865123629,0.8894921280747167,6.782964100274141,29.213918743208772,,,2.78,223.23593596182425,34.04525276084282
696,,AM,R3130,00,EHZ,61.1981981981982,-149.90658980942584,2026-09-12T16:13:59.995000Z,2026-09-12T16:14:59.995000Z,100.0,100.0,60.0,,traffic,1,Traffic,timeofday:America/Anchorage:day7-19:night1-5,AM,2.0-20.0,902.109370834203,5596.0517539608,882.5330872275722,5006.549417280311,0.9570697832899521,4.690318647709846,3.7397323365840327,,,2.78,223.23593596182425,22.42716610884945
697,,AM,R3130,00,EHZ,61.1981981981982,-149.90658980942584,2026-09-12T16:14:59.995000Z,2026-09-12T16:15:59.995000Z,100.0,100.0,60.0,,traffic,1,Traffic,timeofday:America/Anchorage:day7-19:night1-5,AM,2.0-20.0,364.4374665899005,3015.0408337891035,326.7595709818737,2910.4529945830777,0.8039158595674754,3.9069889244438363,4.60863012404072,,,2.78,223.23593596182425,13.037564861782812
698,,AM,R3130,00,EHZ,61.1981981981982,-149.90658980942584,2026-09-12T16:15:59.995000Z,2026-09-12T16:16:59.995000Z,100.0,100.0,60.0,,traffic,1,Traffic,timeofday:America/Anchorage:day7-19:night1-5,AM,2.0-20.0,469.0808182640637,3462.031639358827,434.9432616973529,3554.315882022039,0.8597454098818406,4.985205166394756,6.2025274672777595,,,2.78,223.23593596182425,15.921790847464028
699,,AM,R3130,00,EHZ,61.1981981981982,-149.90658980942584,2026-09-12T16:17:59.995000Z,2026-09-12T16:18:59.995000Z,100.0,100.0,60.0,,traffic,1,Traffic,timeofday:America/Anchorage:day7-19:night1-5,AM,2.0-20.0,486.8543462998049,3591.985639484274,441.7255135269018,2878.95909842672,0.8232028507583563,4.397138972276179,3.2872427731042952,,,2.78,223.23593596182425,12.896485890690347
700,,AM,R3130,00,EHZ,61.1981981981982,-149.90658980942584,2026-09-12T16:23:59.995000Z,2026-09-12T16:24:59.995000Z,100.0,100.0,60.0,,traffic,1,Traffic,timeofday:America/Anchorage:day7-19:night1-5,AM,2.0-20.0,353.6460509392493,2973.03089162434,319.3609047231757,2797.1149772247472,0.8155035843994779,3.683105568549059,3.9541944382428467,,,2.78,223.23593596182425,12.529859787911047
701,,AM,R3130,00,EHZ,61.1981981981982,-149.90658980942584,2026-09-12T16:29:59.995000Z,2026-09-12T16:30:59.995000Z,100.0,100.0,60.0,,traffic,1,Traffic,timeofday:America/Anchorage:day7-19:night1-5,AM,2.0-20.0,513.1567272824892,3051.9122189097666,474.3583605316289,3153.740459283829,0.854501964243393,3.871528339139641,2.0885258017550576,,,2.78,223.23593596182425,14.127386998404917
702,,AM,R3130,00,EHZ,61.1981981981982,-149.90658980942584,2026-09-12T16:37:59.995000Z,2026-09-12T16:38:59.995000Z,100.0,100.0,60.0,,traffic,1,Traffic,timeofday:America/Anchorage:day7-19:night1-5,AM,2.0-20.0,749.6481487838337,7750.156923605923,718.6967436518996,7271.711639852816,0.9191288719385974,4.321470310722475,12.797931804011172,,,2.78,223.23593596182425,32.57410868246749
703,,AM,R3130,00,EHZ,61.1981981981982,-149.90658980942584,2026-09-12T16:39:59.995000Z,2026-09-12T16:40:59.995000Z,100.0,100.0,60.0,,traffic,1,Traffic,timeofday:America/Anchorage:day7-19:night1-5,AM,2.0-20.0,466.92638799986037,3178.832433369596,427.62307252273007,2851.6243322790083,0.8387362670906368,4.173112142714456,3.4153793586939374,,,2.78,223.23593596182425,12.774038014948752
704,,AM,R3130,00,EHZ,61.1981981981982,-149.90658980942584,2026-09-12T16:40:59.995000Z,2026-09-12T16:41:59.995000Z,100.0,100.0,60.0,,traffic,1,Traffic,timeofday:America/Anchorage:day7-19:night1-5,AM,2.0-20.0,526.3035406207835,3496.8170502705866,482.2687811890897,3179.566768737231,0.8396643523484338,4.307471906894622,4.4172199719740455,,,2.78,223.23593596182425,14.243077643560808
705,,AM,R3130,00,EHZ,61.1981981981982,-149.90658980942584,2026-09-12T16:59:59.995000Z,2026-09-12T17:00:59.995000Z,100.0,100.0,60.0,,traffic,1,Traffic,timeofday:America/Anchorage:day7-19:night1-5,AM,2.0-20.0,504.47978232319304,3118.3466023025,457.0459479061895,2819.845190656736,0.8207902592599344,5.404149020018013,3.756314561911969,,,2.78,223.23593596182425,12.631681268104433
706,,AM,R3130,00,EHZ,61.1981981981982,-149.90658980942584,2026-09-12T17:00:59.995000Z,2026-09-12T17:01:59.995000Z,100.0,100.0,60.0,,traffic,1,Traffic,timeofday:America/Anchorage:day7-19:night1-5,AM,2.0-20.0,490.99836987211086,5284.652386253026,459.59483267606146,4982.734864577606,0.8761736212572263,4.386888189430658,9.625427962032859,,,2.78,223.23593596182425,22.320487259854556
707,,AM,R3130,00,EHZ,61.1981981981982,-149.90658980942584,2026-09-12T17:03:59.995000Z,2026-09-12T17:04:59.995000Z,100.0,100.0,60.0,,traffic,1,Traffic,timeofday:America/Anchorage:day7-19:night1-5,AM,2.0-20.0,625.7977841754868,4269.3733241512155,589.7249427780947,3843.266421215151,0.8880367765136967,3.5187552859665145,4.988706281663657,,,2.78,223.23593596182425,17.216163717800303
708,,AM,R3130,00,EHZ,61.1981981981982,-149.90658980942584,2026-09-12T17:06:59.995000Z,2026-09-12T17:07:59.995000Z,100.0,100.0,60.0,,traffic,1,Traffic,timeofday:America/Anchorage:day7-19:night1-5,AM,2.0-20.0,1000.6572821307849,9515.593095320803,969.7015901355467,9510.848929827489,0.939086278946708,6.475012123724905,17.082086436104852,,,2.78,223.23593596182425,42.604470865541764
709,,AM,R3130,00,EHZ,61.1981981981982,-149.90658980942584,2026-09-12T17:11:59.995000Z,2026-09-12T17:12:59.995000Z,100.0,100.0,60.0,,traffic,1,Traffic,timeofday:America/Anchorage:day7-19:night1-5,AM,2.0-20.0,413.79415538440895,2127.4471895983047,355.88640332960335,2147.159966154016,0.7396973924073196,3.492450476844229,1.7512179327734883,,,2.78,223.23593596182425,9.618343735307935
710,,AM,R3130,00,EHZ,61.1981981981982,-149.90658980942584,2026-09-12T17:16:59.995000Z,2026-09-12T17:17:59.995000Z,100.0,100.0,60.0,,traffic,1,Traffic,timeofday:America/Anchorage:day7-19:night1-5,AM,2.0-20.0,748.8120583023658,6446.48561448817,720.5620400027129,5982.360622886834,0.9259703911395516,6.95285076248525,5.419898603404631,,,2.78,223.23593596182425,26.79837633269709
711,,AM,R3130,00,EHZ,61.1981981981982,-149.90658980942584,2026-09-12T17:17:59.995000Z,2026-09-12T17:18:59.995000Z,100.0,100.0,60.0,,traffic,1,Traffic,timeofday:America/Anchorage:day7-19:night1-5,AM,2.0-20.0,480.51577985363775,2871.506196811653,426.0765579913971,2718.4889930652157,0.7862487590532323,3.49279626447915,2.24481628815387,,,2.78,223.23593596182425,12.17764954084322
712,,AM,R3130,00,EHZ,61.1981981981982,-149.90658980942584,2026-09-12T17:20:59.995000Z,2026-09-12T17:21:59.995000Z,100.0,100.0,60.0,,traffic,1,Traffic,timeofday:America/Anchorage:day7-19:night1-5,AM,2.0-20.0,376.31433752822596,1564.5222650644214,323.03116368103895,1319.8123888542164,0.7368639560963279,3.140122690858496,0.22647824696982255,,,2.78,223.23593596182425,5.912186060760031
713,,AM,R3130,00,EHZ,61.1981981981982,-149.90658980942584,2026-09-12T17:25:59.995000Z,2026-09-12T17:26:59.995000Z,100.0,100.0,60.0,,traffic,1,Traffic,timeofday:America/Anchorage:day7-19:night1-5,AM,2.0-20.0,527.0035088210034,4170.431587067144,490.113501372887,3548.868700779786,0.8649008405923269,6.27732692790271,4.310728531879047,,,2.78,223.23593596182425,15.897389842228094
714,,AM,R3130,00,EHZ,61.1981981981982,-149.90658980942584,2026-09-12T17:31:59.995000Z,2026-09-12T17:32:59.995000Z,100.0,100.0,60.0,,traffic,1,Traffic,timeofday:America/Anchorage:day7-19:night1-5,AM,2.0-20.0,740.8943817981259,5086.617285129837,703.8354276149709,4968.787080960891,0.9024634949267635,3.782061429677766,3.7875109945419974,,,2.78,223.23593596182425,22.25800724938214
715,,AM,R3130,00,EHZ,61.1981981981982,-149.90658980942584,2026-09-12T17:32:59.995000Z,2026-09-12T17:33:59.995000Z,100.0,100.0,60.0,,traffic,1,Traffic,timeofday:America/Anchorage:day7-19:night1-5,AM,2.0-20.0,691.8453556682659,3207.6259952667847,640.8179095201549,3321.0712895361858,0.8579287505618779,3.023267008935936,1.5961648250730232,,,2.78,223.23593596182425,14.876956414867383
716,,AM,R3130,00,EHZ,61.1981981981982,-149.90658980942584,2026-09-12T17:39:59.995000Z,2026-09-12T17:40:59.995000Z,100.0,100.0,60.0,,traffic,1,Traffic,timeofday:America/Anchorage:day7-19:night1-5,AM,2.0-20.0,579.1069822716316,4536.687533377198,545.5934068604026,4682.982504186721,0.887606807829731,4.03130817176197,6.295580533108771,,,2.78,223.23593596182425,20.97772692380299
717,,AM,R3130,00,EHZ,61.1981981981982,-149.90658980942584,2026-09-12T17:43:59.995000Z,2026-09-12T17:44:59.995000Z,100.0,100.0,60.0,,traffic,1,Traffic,timeofday:America/Anchorage:day7-19:night1-5,AM,2.0-20.0,595.9202846203402,3434.7232582246093,556.2992980119636,3178.6999502889084,0.8714464126263193,3.8906053710392174,2.8047297651940015,,,2.78,223.23593596182425,14.239194673533657
718,,AM,R3130,00,EHZ,61.1981981981982,-149.90658980942584,2026-09-12T17:55:59.995000Z,2026-09-12T17:56:59.995000Z,100.0,100.0,60.0,,traffic,1,Traffic,timeofday:America/Anchorage:day7-19:night1-5,AM,2.0-20.0,521.0346200584514,3285.1754601829557,470.91958961435313,2939.772191691067,0.8168839289208155,3.0166178112578033,2.255337928550915,,,2.78,223.23593596182425,13.16890212601702
719,,AM,R3130,00,EHZ,61.1981981981982,-149.90658980942584,2026-09-12T17:58:59.995000Z,2026-09-12T17:59:59.995000Z,100.0,100.0,60.0,,traffic,1,Traffic,timeofday:America/Anchorage:day7-19:night1-5,AM,2.0-20.0,556.5336433029789,4395.14800403698,517.4447329157657,4158.2465940218235,0.8644603826154972,3.41443713709796,6.056201604028864,,,2.78,223.23593596182425,18.62713803718828
720,,AM,R3130,00,EHZ,61.1981981981982,-149.90658980942584,2026-09-12T18:01:59.995000Z,2026-09-12T18:02:59.995000Z,100.0,100.0,60.0,,traffic,1,Traffic,timeofday:America/Anchorage:day7-19:night1-5,AM,2.0-20.0,916.2024610566739,5862.122213631482,884.6354322696307,5872.674982146309,0.9322786793497846,7.102054388825315,6.6637793911625565,,,2.78,223.23593596182425,26.307032319162985
721,,AM,R3130,00,EHZ,61.1981981981982,-149.90658980942584,2026-09-12T18:05:59.995000Z,2026-09-12T18:06:59.995000Z,100.0,100.0,60.0,,traffic,1,Traffic,timeofday:America/Anchorage:day7-19:night1-5,AM,2.0-20.0,498.61841711047845,3504.0884945298926,470.6523661556646,3759.545835572404,0.8909716009031179,4.834347732327567,2.893639058332945,,,2.78,223.23593596182425,16.841131869625716
722,,AM,R3130,00,EHZ,61.1981981981982,-149.90658980942584,2026-09-12T18:09:59.995000Z,2026-09-12T18:10:59.995000Z,100.0,100.0,60.0,,traffic,1,Traffic,timeofday:America/Anchorage:day7-19:night1-5,AM,2.0-20.0,475.6968123242699,3175.0529911145345,432.9208880507303,2841.463697337072,0.8282407588284528,4.53978928273333,2.728686947603042,,,2.78,223.23593596182425,12.72852278507253
723,,AM,R3130,00,EHZ,61.1981981981982,-149.90658980942584,2026-09-12T18:12:59.995000Z,2026-09-12T18:13:59.995000Z,100.0,100.0,60.0,,traffic,1,Traffic,timeofday:America/Anchorage:day7-19:night1-5,AM,2.0-20.0,449.3207128766842,3777.9677992123493,414.701953344486,4135.856415091002,0.8518424597224818,3.8025857734478645,6.352654811829984,,,2.78,223.23593596182425,18.52683976381956
724,,AM,R3130,00,EHZ,61.1981981981982,-149.90658980942584,2026-09-12T18:13:59.995000Z,2026-09-12T18:14:59.995000Z,100.0,100.0,60.0,,traffic,1,Traffic,timeofday:America/Anchorage:day7-19:night1-5,AM,2.0-20.0,510.744654537023,2715.026253551286,472.9691853564549,2455.0195543475265,0.8575472004464847,3.4306162972688514,1.175624536930024,,,2.78,223.23593596182425,10.997420929430293
725,,AM,R3130,00,EHZ,61.1981981981982,-149.90658980942584,2026-09-12T18:14:59.995000Z,2026-09-12T18:15:59.995000Z,100.0,100.0,60.0,,traffic,1,Traffic,timeofday:America/Anchorage:day7-19:night1-5,AM,2.0-20.0,440.1435751089131,3232.0110190260416,412.12783801361775,3134.4784553500413,0.8767487758666219,3.38043045168667,4.3151794028469626,,,2.78,223.23593596182425,14.041101589871582
726,,AM,R3130,00,EHZ,61.1981981981982,-149.90658980942584,2026-09-12T18:16:59.995000Z,2026-09-12T18:17:59.995000Z,100.0,100.0,60.0,,traffic,1,Traffic,timeofday:America/Anchorage:day7-19:night1-5,AM,2.0-20.0,615.1630922523976,4828.002451185749,580.9968153576563,4524.452923209696,0.8920043269630435,6.210799060144363,5.326736395168476,,,2.78,223.23593596182425,20.26758328006574
727,,AM,R3130,00,EHZ,61.1981981981982,-149.90658980942584,2026-09-12T18:21:59.995000Z,2026-09-12T18:22:59.995000Z,100.0,100.0,60.0,,traffic,1,Traffic,timeofday:America/Anchorage:day7-19:night1-5,AM,2.0-20.0,486.04335934735803,2483.0464375916276,450.95416765472254,2535.89102571562,0.8608248234462956,3.0837872494846152,1.6332497485711732,,,2.78,223.23593596182425,11.359689983557507
728,,AM,R3130,00,EHZ,61.1981981981982,-149.90658980942584,2026-09-12T18:27:59.995000Z,2026-09-12T18:28:59.995000Z,100.0,100.0,60.0,,traffic,1,Traffic,timeofday:America/Anchorage:day7-19:night1-5,AM,2.0-20.0,756.8487535316002,8539.90290161184,689.051202636701,7495.6413096604765,0.8288668870605455,5.6678670236335105,11.902322055534365,,,2.78,223.23593596182425,33.57721630867851
729,,AM,R3130,00,EHZ,61.1981981981982,-149.90658980942584,2026-09-12T18:31:59.995000Z,2026-09-12T18:32:59.995000Z,100.0,100.0,60.0,,traffic,1,Traffic,timeofday:America/Anchorage:day7-19:night1-5,AM,2.0-20.0,552.0894592534675,2493.8704668161586,515.9493960074834,2470.8444271841067,0.8733640391480556,3.0590741558149337,1.8187974910362579,,,2.78,223.23593596182425,11.06830948403687
730,,AM,R3130,00,EHZ,61.1981981981982,-149.90658980942584,2026-09-12T18:35:59.995000Z,2026-09-12T18:36:59.995000Z,100.0,100.0,60.0,,traffic,1,Traffic,timeofday:America/Anchorage:day7-19:night1-5,AM,2.0-20.0,704.6393992627347,6314.170050963755,659.8644076384134,7016.460231160634,0.8769514728950769,6.2473050161900465,10.611489527504604,,,2.78,223.23593596182425,31.43069327494174
731,,AM,R3130,00,EHZ,61.1981981981982,-149.90658980942584,2026-09-12T18:38:59.995000Z,2026-09-12T18:39:59.995000Z,100.0,100.0,60.0,,traffic,1,Traffic,timeofday:America/Anchorage:day7-19:night1-5,AM,2.0-20.0,614.2605700199,3077.19442277552,573.8318369065032,2950.6916817452975,0.8726980442432498,3.517634445577309,1.487285115919594,,,2.78,223.23593596182425,13.217816697083652
732,,AM,R3130,00,EHZ,61.1981981981982,-149.90658980942584,2026-09-12T18:39:59.995000Z,2026-09-12T18:40:59.995000Z,100.0,100.0,60.0,,traffic,1,Traffic,timeofday:America/Anchorage:day7-19:night1-5,AM,2.0-20.0,854.1703426172322,3911.801150012015,818.4800227266156,3750.216654135246,0.9181786513633919,2.6421814972272846,0.8602026128190721,,,2.78,223.23593596182425,16.79934119019517
733,,AM,R3130,00,EHZ,61.1981981981982,-149.90658980942584,2026-09-12T18:41:59.995000Z,2026-09-12T18:42:59.995000Z,100.0,100.0,60.0,,traffic,1,Traffic,timeofday:America/Anchorage:day7-19:night1-5,AM,2.0-20.0,597.1752023942679,4346.7847654686875,555.2884144269133,4104.807292538988,0.8646367568119533,3.687617652085218,3.6577795158929627,,,2.78,223.23593596182425,18.38775318522621
734,,AM,R3130,00,EHZ,61.1981981981982,-149.90658980942584,2026-09-12T18:47:59.995000Z,2026-09-12T18:48:59.995000Z,100.0,100.0,60.0,,traffic,1,Traffic,timeofday:America/Anchorage:day7-19:night1-5,AM,2.0-20.0,616.4087158907474,6266.266541052283,575.7181935091746,5826.781273401204,0.8723331288898566,6.051100567343312,7.122076947850351,,,2.78,223.23593596182425,26.101448444204102
735,,AM,R3130,00,EHZ,61.1981981981982,-149.90658980942584,2026-09-12T18:50:59.995000Z,2026-09-12T18:51:59.995000Z,100.0,100.0,60.0,,traffic,1,Traffic,timeofday:America/Anchorage:day7-19:night1-5,AM,2.0-20.0,730.550170025394,3722.7064013794384,678.0440944269629,3846.0234567629086,0.86142165101059,3.560458675465807,1.6440348420200168,,,2.78,223.23593596182425,17.228514039158192
736,,AM,R3130,00,EHZ,61.1981981981982,-149.90658980942584,2026-09-12T18:51:59.995000Z,2026-09-12T18:52:59.995000Z,100.0,100.0,60.0,,traffic,1,Traffic,timeofday:America/Anchorage:day7-19:night1-5,AM,2.0-20.0,966.2827608195223,8112.304138786284,919.3211706474372,7857.294901544005,0.9051614716468678,4.800029562127881,5.2918002097898444,,,2.78,223.23593596182425,35.19726726653762
737,,AM,R3130,00,EHZ,61.1981981981982,-149.90658980942584,2026-09-12T18:53:59.995000Z,2026-09-12T18:54:59.995000Z,100.0,100.0,60.0,,traffic,1,Traffic,timeofday:America/Anchorage:day7-19:night1-5,AM,2.0-20.0,838.7853300084404,7342.322517646681,794.4585057287468,6236.189270944396,0.8970998534279546,3.569764056228985,5.023411170580003,,,2.78,223.23593596182425,27.935418390750726
738,,AM,R3130,00,EHZ,61.1981981981982,-149.90658980942584,2026-09-12T19:00:59.995000Z,2026-09-12T19:01:59.995000Z,100.0,100.0,60.0,,traffic,1,Traffic,timeofday:America/Anchorage:day7-19:night1-5,AM,2.0-20.0,838.979169451116,5240.381112853679,784.3605426549296,4918.33650802641,0.874035596663053,3.2460278977171426,2.8924933251901663,,,2.78,223.23593596182425,22.03201060275304
739,,AM,R3130,00,EHZ,61.1981981981982,-149.90658980942584,2026-09-12T19:12:59.995000Z,2026-09-12T19:13:59.995000Z,100.0,100.0,60.0,,traffic,1,Traffic,timeofday:America/Anchorage:day7-19:night1-5,AM,2.0-20.0,1063.49167402009,9797.519894161296,1015.1273376012626,7617.741050438686,0.9111142911553445,6.884268108801548,6.3503765450371965,,,2.78,223.23593596182425,34.12417009661653
740,,AM,R3130,00,EHZ,61.1981981981982,-149.90658980942584,2026-09-12T19:13:59.995000Z,2026-09-12T19:14:59.995000Z,100.0,100.0,60.0,,traffic,1,Traffic,timeofday:America/Anchorage:day7-19:night1-5,AM,2.0-20.0,668.7214493443228,3820.507756827606,629.4049561204389,4242.302526462497,0.885869623025728,3.424023795799781,2.218873581171249,,,2.78,223.23593596182425,19.003672093313757
741,,AM,R3130,00,EHZ,61.1981981981982,-149.90658980942584,2026-09-12T19:21:59.995000Z,2026-09-12T19:22:59.995000Z,100.0,100.0,60.0,,traffic,1,Traffic,timeofday:America/Anchorage:day7-19:night1-5,AM,2.0-20.0,758.8760427796025,4138.440542913667,711.0937432084785,4335.703454964774,0.8780354073134709,3.4758523871914973,2.306059314715146,,,2.78,223.23593596182425,19.42206767151605
742,,AM,R3130,00,EHZ,61.1981981981982,-149.90658980942584,2026-09-12T19:22:59.995000Z,2026-09-12T19:23:59.995000Z,100.0,100.0,60.0,,traffic,1,Traffic,timeofday:America/Anchorage:day7-19:night1-5,AM,2.0-20.0,469.55546899053206,2469.56485859983,404.6142921467116,2703.3563321776137,0.7425208139285421,2.286982156632438,1.8400146850220453,,,2.78,223.23593596182425,12.109861795010982
743,,AM,R3130,00,EHZ,61.1981981981982,-149.90658980942584,2026-09-12T19:23:59.995000Z,2026-09-12T19:24:59.995000Z,100.0,100.0,60.0,,traffic,1,Traffic,timeofday:America/Anchorage:day7-19:night1-5,AM,2.0-20.0,615.8745137778961,3820.42067974422,572.5004782797969,3492.212027204244,0.8641064419528484,2.8725138813954736,1.7991675162278824,,,2.78,223.23593596182425,15.643592561197
744,,AM,R3130,00,EHZ,61.1981981981982,-149.90658980942584,2026-09-12T19:25:59.995000Z,2026-09-12T19:26:59.995000Z,100.0,100.0,60.0,,traffic,1,Traffic,timeofday:America/Anchorage:day7-19:night1-5,AM,2.0-20.0,958.1715328136938,5062.407015243659,872.0329110987556,4602.716768484517,0.828283907922783,4.150011204041273,2.511649008682496,,,2.78,223.23593596182425,20.6181713022747
745,,AM,R3130,00,EHZ,61.1981981981982,-149.90658980942584,2026-09-12T19:29:59.995000Z,2026-09-12T19:30:59.995000Z,100.0,100.0,60.0,,traffic,1,Traffic,timeofday:America/Anchorage:day7-19:night1-5,AM,2.0-20.0,526.8316397112004,3334.3686389259888,454.1939868272692,2803.492212061698,0.743257091876526,2.9230147950944323,1.3155394463498258,,,2.78,223.23593596182425,12.558427029155043
746,,AM,R3130,00,EHZ,61.1981981981982,-149.90658980942584,2026-09-12T19:30:59.995000Z,2026-09-12T19:31:59.995000Z,100.0,100.0,60.0,,traffic,1,Traffic,timeofday:America/Anchorage:day7-19:night1-5,AM,2.0-20.0,625.7570200515312,3518.3612916676116,570.2786503351837,3382.289392379479,0.8305442298004766,3.7520348750492123,2.3104400141773738,,,2.78,223.23593596182425,15.151186917136346
747,,AM,R3130,00,EHZ,61.1981981981982,-149.90658980942584,2026-09-12T19:31:59.995000Z,2026-09-12T19:32:59.995000Z,100.0,100.0,60.0,,traffic,1,Traffic,timeofday:America/Anchorage:day7-19:night1-5,AM,2.0-20.0,589.6212645030375,3079.3564015907264,546.0956419974983,3147.3801512211644,0.8578100811669275,4.065021054443474,1.7151102074104418,,,2.78,223.23593596182425,14.098895581755261
748,,AM,R3130,00,EHZ,61.1981981981982,-149.90658980942584,2026-09-12T19:32:59.995000Z,2026-09-12T19:33:59.995000Z,100.0,100.0,60.0,,traffic,1,Traffic,timeofday:America/Anchorage:day7-19:night1-5,AM,2.0-20.0,666.4057027938758,3576.346301431922,631.071325097331,3528.0570068667453,0.8967667227997386,2.9864436099924623,3.61247685474226,,,2.78,223.23593596182425,15.804162495907832
749,,AM,R3130,00,EHZ,61.1981981981982,-149.90658980942584,2026-09-12T19:33:59.995000Z,2026-09-12T19:34:59.995000Z,100.0,100.0,60.0,,traffic,1,Traffic,timeofday:America/Anchorage:day7-19:night1-5,AM,2.0-20.0,627.7269155054074,7043.6666316285655,594.5720484979615,6902.68798031945,0.897154988133224,6.70574890218695,19.53972697096904,,,2.78,223.23593596182425,30.921043023735585
750,,AM,R3130,00,EHZ,61.1981981981982,-149.90658980942584,2026-09-12T19:38:59.995000Z,2026-09-12T19:39:59.995000Z,100.0,100.0,60.0,,traffic,1,Traffic,timeofday:America/Anchorage:day7-19:night1-5,AM,2.0-20.0,637.0321630542262,4711.702935056502,591.9362011242808,3777.453322748779,0.8634298964115401,3.38894995157089,3.3950081584269496,,,2.78,223.23593596182425,16.921349631605747
751,,AM,R3130,00,EHZ,61.1981981981982,-149.90658980942584,2026-09-12T19:44:59.995000Z,2026-09-12T19:45:59.995000Z,100.0,100.0,60.0,,traffic,1,Traffic,timeofday:America/Anchorage:day7-19:night1-5,AM,2.0-20.0,833.2261119134221,6680.246801296066,640.1101058481862,5926.8049393610645,0.5901788263348228,3.6067051543136346,6.12473189229779,,,2.78,223.23593596182425,26.54951100872313
752,,AM,R3130,00,EHZ,61.1981981981982,-149.90658980942584,2026-09-12T19:45:59.995000Z,2026-09-12T19:46:59.995000Z,100.0,100.0,60.0,,traffic,1,Traffic,timeofday:America/Anchorage:day7-19:night1-5,AM,2.0-20.0,875.0094703996557,4752.231525341599,820.8435371141354,4650.855279499339,0.8800255053125778,5.104810955974414,1.8709238040671146,,,2.78,223.23593596182425,20.833810916064543
753,,AM,R3130,00,EHZ,61.1981981981982,-149.90658980942584,2026-09-12T19:51:59.995000Z,2026-09-12T19:52:59.995000Z,100.0,100.0,60.0,,traffic,1,Traffic,timeofday:America/Anchorage:day7-19:night1-5,AM,2.0-20.0,1353.561230442345,9097.18115597822,1159.786870232091,7414.197723604657,0.7341766410520462,4.845518753616826,3.0441004189585446,,,2.78,223.23593596182425,33.21238442932667
754,,AM,R3130,00,EHZ,61.1981981981982,-149.90658980942584,2026-09-12T19:56:59.995000Z,2026-09-12T19:57:59.995000Z,100.0,100.0,60.0,,traffic,1,Traffic,timeofday:America/Anchorage:day7-19:night1-5,AM,2.0-20.0,671.1101756626874,4741.139172460976,633.5849141970893,4601.579171645293,0.8912961046072488,7.179929024668987,5.56027933138485,,,2.78,223.23593596182425,20.613075362705995
755,,AM,R3130,00,EHZ,61.1981981981982,-149.90658980942584,2026-09-12T19:58:59.995000Z,2026-09-12T19:59:59.995000Z,100.0,100.0,60.0,,traffic,1,Traffic,timeofday:America/Anchorage:day7-19:night1-5,AM,2.0-20.0,677.0977530831221,7117.880447847511,635.9162788959413,6559.275277244884,0.8820579936930646,6.02065038010867,9.789213707692483,,,2.78,223.23593596182425,29.382703322311826
756,,AM,R3130,00,EHZ,61.1981981981982,-149.90658980942584,2026-09-12T20:00:59.995000Z,2026-09-12T20:01:59.995000Z,100.0,100.0,60.0,,traffic,1,Traffic,timeofday:America/Anchorage:day7-19:night1-5,AM,2.0-20.0,752.5301051024545,3756.103780475941,711.1763364760403,4213.108600903564,0.8931138780197336,2.9812017217664124,1.5916232281756502,,,2.78,223.23593596182425,18.872895991190465
757,,AM,R3130,00,EHZ,61.1981981981982,-149.90658980942584,2026-09-12T20:10:00.005000Z,2026-09-12T20:11:00.005000Z,100.0,100.0,60.0,,traffic,1,Traffic,timeofday:America/Anchorage:day7-19:night1-5,AM,2.0-20.0,575.6005031357881,3222.5928456204833,526.8033499728094,3193.081177773339,0.8376348273619477,3.27349418115094,1.8369985191878682,,,2.78,223.23593596182425,14.30361632420772
758,,AM,R3130,00,EHZ,61.1981981981982,-149.90658980942584,2026-09-12T20:19:00.005000Z,2026-09-12T20:20:00.005000Z,100.0,100.0,60.0,,traffic,1,Traffic,timeofday:America/Anchorage:day7-19:night1-5,AM,2.0-20.0,551.314170852613,2683.582069505937,508.65466170491874,2449.9590593191383,0.8512316185082863,3.7262886451823762,0.8157048624033831,,,2.78,223.23593596182425,10.974752110422346
759,,AM,R3130,00,EHZ,61.1981981981982,-149.90658980942584,2026-09-12T20:21:00.005000Z,2026-09-12T20:22:00.005000Z,100.0,100.0,60.0,,traffic,1,Traffic,timeofday:America/Anchorage:day7-19:night1-5,AM,2.0-20.0,874.1879224082846,5240.580300337528,777.6015691589016,5198.587354658947,0.7912334743100917,4.34878560542488,2.740562746261509,,,2.78,223.23593596182425,23.28741263032114
760,,AM,R3130,00,EHZ,61.1981981981982,-149.90658980942584,2026-09-12T20:23:00.005000Z,2026-09-12T20:24:00.005000Z,100.0,100.0,60.0,,traffic,1,Traffic,timeofday:America/Anchorage:day7-19:night1-5,AM,2.0-20.0,1466.9365333423543,9074.421363164463,1422.8309057872482,10460.832533089148,0.9407710205059705,3.5547908454620005,3.8154532250134716,,,2.78,223.23593596182425,46.85998465264151
761,,AM,R3130,00,EHZ,61.1981981981982,-149.90658980942584,2026-09-12T20:28:00.005000Z,2026-09-12T20:29:00.005000Z,100.0,100.0,60.0,,traffic,1,Traffic,timeofday:America/Anchorage:day7-19:night1-5,AM,2.0-20.0,650.3799242838613,3878.4272838325837,612.9727483172221,3611.475731962715,0.8882763098235138,5.665625796936133,3.2054502115191212,,,2.78,223.23593596182425,16.177842139987337
762,,AM,R3130,00,EHZ,61.1981981981982,-149.90658980942584,2026-09-12T20:46:00.005000Z,2026-09-12T20:47:00.005000Z,100.0,100.0,60.0,,traffic,1,Traffic,timeofday:America/Anchorage:day7-19:night1-5,AM,2.0-20.0,811.7209491604189,5964.447683962835,776.2752848000531,5408.531988302015,0.9145722280065122,6.736206488279515,5.855444084690262,,,2.78,223.23593596182425,24.227873370830995
763,,AM,R3130,00,EHZ,61.1981981981982,-149.90658980942584,2026-09-12T20:48:00.005000Z,2026-09-12T20:49:00.005000Z,100.0,100.0,60.0,,traffic,1,Traffic,timeofday:America/Anchorage:day7-19:night1-5,AM,2.0-20.0,1138.6849810440233,6896.550126249431,1108.6679501297012,7093.224218605206,0.9479726353230239,6.623950524522275,4.16964785929966,,,2.78,223.23593596182425,31.774562585739886
764,,AM,R3130,00,EHZ,61.1981981981982,-149.90658980942584,2026-09-12T20:49:00.005000Z,2026-09-12T20:50:00.005000Z,100.0,100.0,60.0,,traffic,1,Traffic,timeofday:America/Anchorage:day7-19:night1-5,AM,2.0-20.0,841.7517842611609,6842.548992195736,802.5798998458814,7073.8602914118155,0.9090933197809495,3.639763557165147,3.3348204613060304,,,2.78,223.23593596182425,31.687820605287857
765,,AM,R3130,00,EHZ,61.1981981981982,-149.90658980942584,2026-09-12T20:53:00.005000Z,2026-09-12T20:54:00.005000Z,100.0,100.0,60.0,,traffic,1,Traffic,timeofday:America/Anchorage:day7-19:night1-5,AM,2.0-20.0,587.3100947427747,5280.5447668411525,523.0139669666246,5942.895368871962,0.7930336986008661,5.064888146932565,10.050345771935145,,,2.78,223.23593596182425,26.62158914184973
766,,AM,R3130,00,EHZ,61.1981981981982,-149.90658980942584,2026-09-12T20:54:00.005000Z,2026-09-12T20:55:00.005000Z,100.0,100.0,60.0,,traffic,1,Traffic,timeofday:America/Anchorage:day7-19:night1-5,AM,2.0-20.0,614.1672672737102,5730.456647377381,550.5558330478177,4290.557956559225,0.803580526040869,4.367516241820275,4.100479579332172,,,2.78,223.23593596182425,19.219835453790722
767,,AM,R3130,00,EHZ,61.1981981981982,-149.90658980942584,2026-09-12T20:56:00.005000Z,2026-09-12T20:57:00.005000Z,100.0,100.0,60.0,,traffic,1,Traffic,timeofday:America/Anchorage:day7-19:night1-5,AM,2.0-20.0,788.4835695770248,5685.541549596306,726.9416526632045,5393.341402126981,0.8499899917503143,4.723753302751585,3.367540620080293,,,2.78,223.23593596182425,24.159826144878846
768,,AM,R3130,00,EHZ,61.1981981981982,-149.90658980942584,2026-09-12T20:57:00.005000Z,2026-09-12T20:58:00.005000Z,100.0,100.0,60.0,,traffic,1,Traffic,timeofday:America/Anchorage:day7-19:night1-5,AM,2.0-20.0,613.2382466998166,5016.540715798954,575.3765067911452,5002.962464514772,0.8803305712873871,6.754486177541845,8.212465715032403,,,2.78,223.23593596182425,22.411098118944132
769,,AM,R3130,00,EHZ,61.1981981981982,-149.90658980942584,2026-09-12T20:58:00.005000Z,2026-09-12T20:59:00.005000Z,100.0,100.0,60.0,,traffic,1,Traffic,timeofday:America/Anchorage:day7-19:night1-5,AM,2.0-20.0,1033.1060586813512,7835.539154428769,1001.414550259782,7900.977079246888,0.9395891164965734,6.233202182739239,7.06953603648463,,,2.78,223.23593596182425,35.39294444330881
770,,AM,R3130,00,EHZ,61.1981981981982,-149.90658980942584,2026-09-12T21:03:00.005000Z,2026-09-12T21:04:00.005000Z,100.0,100.0,60.0,,traffic,1,Traffic,timeofday:America/Anchorage:day7-19:night1-5,AM,2.0-20.0,1162.162783885877,23285.532950619287,1121.280694740963,25206.95803869735,0.9308822774915528,7.6361549100731345,107.08150380269929,,,2.78,223.23593596182425,112.91621991814083
771,,AM,R3130,00,EHZ,61.1981981981982,-149.90658980942584,2026-09-12T21:06:00.005000Z,2026-09-12T21:07:00.005000Z,100.0,100.0,60.0,,traffic,1,Traffic,timeofday:America/Anchorage:day7-19:night1-5,AM,2.0-20.0,594.5991706581427,5914.470162261363,557.065583809192,5313.145518675851,0.8777362965150965,6.257148772738642,9.539196290505002,,,2.78,223.23593596182425,23.80058343108547
772,,AM,R3130,00,EHZ,61.1981981981982,-149.90658980942584,2026-09-12T21:07:00.005000Z,2026-09-12T21:08:00.005000Z,100.0,100.0,60.0,,traffic,1,Traffic,timeofday:America/Anchorage:day7-19:night1-5,AM,2.0-20.0,1438.4216601196924,14241.470870300793,1390.7323316880588,13546.043129611193,0.9347913265675921,3.9873081535371697,19.667348560262443,,,2.78,223.23593596182425,60.680387641207155
773,,AM,R3130,00,EHZ,61.1981981981982,-149.90658980942584,2026-09-12T21:09:00.005000Z,2026-09-12T21:10:00.005000Z,100.0,100.0,60.0,,traffic,1,Traffic,timeofday:America/Anchorage:day7-19:night1-5,AM,2.0-20.0,570.3374856306399,3380.4726811404676,518.1898377932015,2889.5304278900094,0.8254940555734481,4.761349963514418,1.912474855950454,,,2.78,223.23593596182425,12.943840853580806
774,,AM,R3130,00,EHZ,61.1981981981982,-149.90658980942584,2026-09-12T21:12:00.005000Z,2026-09-12T21:13:00.005000Z,100.0,100.0,60.0,,traffic,1,Traffic,timeofday:America/Anchorage:day7-19:night1-5,AM,2.0-20.0,728.0026581169013,4662.523794103079,692.1239382619933,5319.091621555823,0.9038613387730462,3.631372535898051,2.8737913690423333,,,2.78,223.23593596182425,23.827219388483424
775,,AM,R3130,00,EHZ,61.1981981981982,-149.90658980942584,2026-09-12T21:19:00.005000Z,2026-09-12T21:20:00.005000Z,100.0,100.0,60.0,,traffic,1,Traffic,timeofday:America/Anchorage:day7-19:night1-5,AM,2.0-20.0,793.6838184049135,4598.515933116714,737.4055507431026,4956.261884170002,0.8632125637940945,3.752655114628183,1.7037222196027697,,,2.78,223.23593596182425,22.201899809793957
776,,AM,R3130,00,EHZ,61.1981981981982,-149.90658980942584,2026-09-12T21:21:00.005000Z,2026-09-12T21:22:00.005000Z,100.0,100.0,60.0,,traffic,1,Traffic,timeofday:America/Anchorage:day7-19:night1-5,AM,2.0-20.0,631.1257632416534,4496.513526043102,590.4261717865008,4330.0497283764225,0.8751840266152573,4.843699734132,3.7309765539527815,,,2.78,223.23593596182425,19.39674143287086
777,,AM,R3130,00,EHZ,61.1981981981982,-149.90658980942584,2026-09-12T21:24:00.005000Z,2026-09-12T21:25:00.005000Z,100.0,100.0,60.0,,traffic,1,Traffic,timeofday:America/Anchorage:day7-19:night1-5,AM,2.0-20.0,879.9505791283343,6717.489724315517,843.6430368972859,6898.158285250465,0.9191806850090773,5.770914462284554,4.425014783687462,,,2.78,223.23593596182425,30.900751957920093
778,,AM,R3130,00,EHZ,61.1981981981982,-149.90658980942584,2026-09-12T21:27:00.005000Z,2026-09-12T21:28:00.005000Z,100.0,100.0,60.0,,traffic,1,Traffic,timeofday:America/Anchorage:day7-19:night1-5,AM,2.0-20.0,773.0392982914258,5596.493237723993,675.6522899629051,5404.921509704309,0.763912051389254,6.825735525049046,3.4852568379989535,,,2.78,223.23593596182425,24.211699995419234
779,,AM,R3130,00,EHZ,61.1981981981982,-149.90658980942584,2026-09-12T21:28:00.005000Z,2026-09-12T21:29:00.005000Z,100.0,100.0,60.0,,traffic,1,Traffic,timeofday:America/Anchorage:day7-19:night1-5,AM,2.0-20.0,856.0125207757745,7285.5052096493455,811.252397935167,5695.941406557994,0.8981559532104768,3.5081701405465644,4.748387523255162,,,2.78,223.23593596182425,25.51534268896591
780,,AM,R3130,00,EHZ,61.1981981981982,-149.90658980942584,2026-09-12T21:32:00.005000Z,2026-09-12T21:33:00.005000Z,100.0,100.0,60.0,,traffic,1,Traffic,timeofday:America/Anchorage:day7-19:night1-5,AM,2.0-20.0,737.0465994319126,4525.500948390501,682.1566566388086,4166.094900675169,0.8566005507172524,2.954167188463806,2.231443544855776,,,2.78,223.23593596182425,18.662295041008164
781,,AM,R3130,00,EHZ,61.1981981981982,-149.90658980942584,2026-09-12T21:44:00.005000Z,2026-09-12T21:45:00.005000Z,100.0,100.0,60.0,,traffic,1,Traffic,timeofday:America/Anchorage:day7-19:night1-5,AM,2.0-20.0,851.0172076589084,6686.512728713758,799.7549264961322,6297.443971308201,0.8831554731827275,3.814709584823425,4.970958841280379,,,2.78,223.23593596182425,28.20981283401043
782,,AM,R3130,00,EHZ,61.1981981981982,-149.90658980942584,2026-09-12T21:45:00.005000Z,2026-09-12T21:46:00.005000Z,100.0,100.0,60.0,,traffic,1,Traffic,timeofday:America/Anchorage:day7-19:night1-5,AM,2.0-20.0,830.5126161655608,4826.486444930188,794.5058740333193,4898.9988170282495,0.9151699609064762,3.910427067827615,2.8082289257954036,,,2.78,223.23593596182425,21.945386149056354
783,,AM,R3130,00,EHZ,61.1981981981982,-149.90658980942584,2026-09-12T21:52:00.005000Z,2026-09-12T21:53:00.005000Z,100.0,100.0,60.0,,traffic,1,Traffic,timeofday:America/Anchorage:day7-19:night1-5,AM,2.0-20.0,796.4619896979277,4481.479188549218,741.6978369424183,4612.498978478233,0.8672092790619627,2.5604332895021087,1.6228848516712322,,,2.78,223.23593596182425,20.661991352803607
784,,AM,R3130,00,EHZ,61.1981981981982,-149.90658980942584,2026-09-12T21:53:00.005000Z,2026-09-12T21:54:00.005000Z,100.0,100.0,60.0,,traffic,1,Traffic,timeofday:America/Anchorage:day7-19:night1-5,AM,2.0-20.0,621.1808423394326,5094.477414916029,558.1991219286856,4293.388556576465,0.8074993684813758,4.285323356573526,3.6789334933872215,,,2.78,223.23593596182425,19.232515312009088
785,,AM,R3130,00,EHZ,61.1981981981982,-149.90658980942584,2026-09-12T22:01:00.005000Z,2026-09-12T22:02:00.005000Z,100.0,100.0,60.0,,traffic,1,Traffic,timeofday:America/Anchorage:day7-19:night1-5,AM,2.0-20.0,975.292829393642,7774.469212932219,919.2497164599841,7269.218879187331,0.8883762648810452,5.496727878501064,3.8902901883391134,,,2.78,223.23593596182425,32.56294219775819
786,,AM,R3130,00,EHZ,61.1981981981982,-149.90658980942584,2026-09-12T22:06:00.005000Z,2026-09-12T22:07:00.005000Z,100.0,100.0,60.0,,traffic,1,Traffic,timeofday:America/Anchorage:day7-19:night1-5,AM,2.0-20.0,724.9035920862613,6560.463498760097,689.6674698815428,6984.191619927717,0.905146715613472,6.634976989712037,5.585599457595,,,2.78,223.23593596182425,31.286143916909904
787,,AM,R3130,00,EHZ,61.1981981981982,-149.90658980942584,2026-09-12T22:07:00.005000Z,2026-09-12T22:08:00.005000Z,100.0,100.0,60.0,,traffic,1,Traffic,timeofday:America/Anchorage:day7-19:night1-5,AM,2.0-20.0,589.3533527331189,4684.462592782162,550.2015075311247,4247.106073469104,0.871549453702839,3.2080668433651223,4.105182944477734,,,2.78,223.23593596182425,19.025189896824696
788,,AM,R3130,00,EHZ,61.1981981981982,-149.90658980942584,2026-09-12T22:08:00.005000Z,2026-09-12T22:09:00.005000Z,100.0,100.0,60.0,,traffic,1,Traffic,timeofday:America/Anchorage:day7-19:night1-5,AM,2.0-20.0,865.2617042804377,5713.461301717098,823.4005404134881,5577.581415387879,0.9055810585729632,3.917538256143412,3.8770498549907355,,,2.78,223.23593596182425,24.985141354399612
789,,AM,R3130,00,EHZ,61.1981981981982,-149.90658980942584,2026-09-12T22:09:00.005000Z,2026-09-12T22:10:00.005000Z,100.0,100.0,60.0,,traffic,1,Traffic,timeofday:America/Anchorage:day7-19:night1-5,AM,2.0-20.0,645.8717106106345,3563.4597559736353,568.7821732211693,3655.5228831156496,0.7755314727148868,2.6651516429930107,1.9364532706120334,,,2.78,223.23593596182425,16.37515423923854
790,,AM,R3130,00,EHZ,61.1981981981982,-149.90658980942584,2026-09-12T22:14:00.005000Z,2026-09-12T22:15:00.005000Z,100.0,100.0,60.0,,traffic,1,Traffic,timeofday:America/Anchorage:day7-19:night1-5,AM,2.0-20.0,530.4206441765385,3694.4543182457032,484.574473987397,3027.774165804909,0.8346035520570101,3.3208815908532126,2.8411733783261095,,,2.78,223.23593596182425,13.563112734334542
791,,AM,R3130,00,EHZ,61.1981981981982,-149.90658980942584,2026-09-12T22:15:00.005000Z,2026-09-12T22:16:00.005000Z,100.0,100.0,60.0,,traffic,1,Traffic,timeofday:America/Anchorage:day7-19:night1-5,AM,2.0-20.0,673.2991798376861,3189.453377479705,619.742294960891,3155.049275119517,0.8472393165204162,3.4354777689670417,1.5018399993515859,,,2.78,223.23593596182425,14.133249924685353
792,,AM,R3130,00,EHZ,61.1981981981982,-149.90658980942584,2026-09-12T22:17:00.005000Z,2026-09-12T22:18:00.005000Z,100.0,100.0,60.0,,traffic,1,Traffic,timeofday:America/Anchorage:day7-19:night1-5,AM,2.0-20.0,654.9384824789719,4982.4511884361,613.3385322045518,4492.00765629636,0.8769997724700398,7.770733256632804,5.7960387814450165,,,2.78,223.23593596182425,20.122242581340227
793,,AM,R3130,00,EHZ,61.1981981981982,-149.90658980942584,2026-09-12T22:19:00.005000Z,2026-09-12T22:20:00.005000Z,100.0,100.0,60.0,,traffic,1,Traffic,timeofday:America/Anchorage:day7-19:night1-5,AM,2.0-20.0,585.2520853284539,3968.44861858411,543.8566583625787,3817.2483848686743,0.8635409959284602,4.0854173173757244,2.347119113426058,,,2.78,223.23593596182425,17.099614219466282
794,,AM,R3130,00,EHZ,61.1981981981982,-149.90658980942584,2026-09-12T22:22:00.005000Z,2026-09-12T22:23:00.005000Z,100.0,100.0,60.0,,traffic,1,Traffic,timeofday:America/Anchorage:day7-19:night1-5,AM,2.0-20.0,606.050820227757,5054.445610811781,556.9447760543641,4986.144397669593,0.8445126958689745,4.975332552635478,3.9918506520755965,,,2.78,223.23593596182425,22.3357604867089
795,,AM,R3130,00,EHZ,61.1981981981982,-149.90658980942584,2026-09-12T22:23:00.005000Z,2026-09-12T22:24:00.005000Z,100.0,100.0,60.0,,traffic,1,Traffic,timeofday:America/Anchorage:day7-19:night1-5,AM,2.0-20.0,1471.1191919578582,9414.444470991082,1387.6825493463423,8369.538404245719,0.8897838755563019,5.687866411832372,5.375873075083602,,,2.78,223.23593596182425,37.49189559550573
796,,AM,R3130,00,EHZ,61.1981981981982,-149.90658980942584,2026-09-12T22:25:00.005000Z,2026-09-12T22:26:00.005000Z,100.0,100.0,60.0,,traffic,1,Traffic,timeofday:America/Anchorage:day7-19:night1-5,AM,2.0-20.0,821.3998467837436,4355.557548390947,736.8158342734692,3938.915163474271,0.8046530571549584,4.076508879511395,2.2216330072954094,,,2.78,223.23593596182425,17.64462852498743
797,,AM,R3130,00,EHZ,61.1981981981982,-149.90658980942584,2026-09-12T22:28:00.005000Z,2026-09-12T22:29:00.005000Z,100.0,100.0,60.0,,traffic,1,Traffic,timeofday:America/Anchorage:day7-19:night1-5,AM,2.0-20.0,724.9508215469692,6487.561939314395,651.8805929303936,6215.673696001105,0.8085725827147965,5.4476286305511135,10.773943983386411,,,2.78,223.23593596182425,27.8435175287551
798,,AM,R3130,00,EHZ,61.1981981981982,-149.90658980942584,2026-09-12T22:33:00.005000Z,2026-09-12T22:34:00.005000Z,100.0,100.0,60.0,,traffic,1,Traffic,timeofday:America/Anchorage:day7-19:night1-5,AM,2.0-20.0,789.956456299013,5007.432981628199,744.3440015889694,4706.844973448145,0.8878530274967584,4.130330477533726,3.8059365567537533,,,2.78,223.23593596182425,21.084620418161823
799,,AM,R3130,00,EHZ,61.1981981981982,-149.90658980942584,2026-09-12T22:34:00.005000Z,2026-09-12T22:35:00.005000Z,100.0,100.0,60.0,,traffic,1,Traffic,timeofday:America/Anchorage:day7-19:night1-5,AM,2.0-20.0,933.4656775487908,7546.431446116521,904.2062615397665,7431.101893707026,0.9382926452824538,5.317003077260574,6.795487410375024,,,2.78,223.23593596182425,33.28810776674336
800,,AM,R3130,00,EHZ,61.1981981981982,-149.90658980942584,2026-09-12T22:37:00.005000Z,2026-09-12T22:38:00.005000Z,100.0,100.0,60.0,,traffic,1,Traffic,timeofday:America/Anchorage:day7-19:night1-5,AM,2.0-20.0,677.3236986063638,4571.428917377698,626.6759204313013,4932.912781832177,0.8560388456172036,3.3799095203278737,4.821417028802554,,,2.78,223.23593596182425,22.0973059762016
801,,AM,R3130,00,EHZ,61.1981981981982,-149.90658980942584,2026-09-12T22:38:00.005000Z,2026-09-12T22:39:00.005000Z,100.0,100.0,60.0,,traffic,1,Traffic,timeofday:America/Anchorage:day7-19:night1-5,AM,2.0-20.0,557.0201920909325,4237.4269934303065,503.3209607462681,4049.2292688818166,0.8164848982304059,4.935774748229504,3.6403497832007217,,,2.78,223.23593596182425,18.138787787170067
802,,AM,R3130,00,EHZ,61.1981981981982,-149.90658980942584,2026-09-12T22:41:00.005000Z,2026-09-12T22:42:00.005000Z,100.0,100.0,60.0,,traffic,1,Traffic,timeofday:America/Anchorage:day7-19:night1-5,AM,2.0-20.0,752.0372156479445,4386.424506920846,674.6810652066333,3677.514581922254,0.8048563563554254,4.59641110761378,1.8541848664978442,,,2.78,223.23593596182425,16.473667494785197
803,,AM,R3130,00,EHZ,61.1981981981982,-149.90658980942584,2026-09-12T22:45:00.005000Z,2026-09-12T22:46:00.005000Z,100.0,100.0,60.0,,traffic,1,Traffic,timeofday:America/Anchorage:day7-19:night1-5,AM,2.0-20.0,557.280932032326,3409.5802045364785,507.7335382984442,3066.659323085055,0.8300864723571508,3.078918642364699,2.121838171512625,,,2.78,223.23593596182425,13.737301343854812
804,,AM,R3130,00,EHZ,61.1981981981982,-149.90658980942584,2026-09-12T22:46:00.005000Z,2026-09-12T22:47:00.005000Z,100.0,100.0,60.0,,traffic,1,Traffic,timeofday:America/Anchorage:day7-19:night1-5,AM,2.0-20.0,556.6916114515985,3717.5809443874537,519.1476017234493,3322.8388529698536,0.869665716372597,3.6126639303669004,2.061165772097735,,,2.78,223.23593596182425,14.884874331066907
805,,AM,R3130,00,EHZ,61.1981981981982,-149.90658980942584,2026-09-12T22:56:00.005000Z,2026-09-12T22:57:00.005000Z,100.0,100.0,60.0,,traffic,1,Traffic,timeofday:America/Anchorage:day7-19:night1-5,AM,2.0-20.0,704.1276685398718,5408.407280689884,663.4285732606626,5183.674180350987,0.8877394589707812,3.8880829899499525,3.2863005866583928,,,2.78,223.23593596182425,23.220608089001633
806,,AM,R3130,00,EHZ,61.1981981981982,-149.90658980942584,2026-09-12T22:59:00.005000Z,2026-09-12T23:00:00.005000Z,100.0,100.0,60.0,,traffic,1,Traffic,timeofday:America/Anchorage:day7-19:night1-5,AM,2.0-20.0,661.9751232427685,5525.403773978576,618.8385391317369,5512.127865260014,0.8739193716392197,6.967027469315932,6.42141385635016,,,2.78,223.23593596182425,24.691937888542494
807,,AM,R3130,00,EHZ,61.1981981981982,-149.90658980942584,2026-09-12T23:01:00.005000Z,2026-09-12T23:02:00.005000Z,100.0,100.0,60.0,,traffic,1,Traffic,timeofday:America/Anchorage:day7-19:night1-5,AM,2.0-20.0,694.7873888971695,5898.401776920438,650.6884015792175,5167.42416249734,0.8770861986217708,4.213468242378468,4.113572139449989,,,2.78,223.23593596182425,23.147815069438575
808,,AM,R3130,00,EHZ,61.1981981981982,-149.90658980942584,2026-09-12T23:02:00.005000Z,2026-09-12T23:03:00.005000Z,100.0,100.0,60.0,,traffic,1,Traffic,timeofday:America/Anchorage:day7-19:night1-5,AM,2.0-20.0,801.2119661229085,4249.4004767397855,763.2198709264934,4003.175330520405,0.9074119288851993,4.737024667417732,2.107151586884876,,,2.78,223.23593596182425,17.932486153147813
809,,AM,R3130,00,EHZ,61.1981981981982,-149.90658980942584,2026-09-12T23:04:00.005000Z,2026-09-12T23:05:00.005000Z,100.0,100.0,60.0,,traffic,1,Traffic,timeofday:America/Anchorage:day7-19:night1-5,AM,2.0-20.0,683.1453713190059,4311.60125987295,647.9055317726327,4260.072721594836,0.8994916076227807,4.0160325599884805,2.7179039626155754,,,2.78,223.23593596182425,19.083274846588118
810,,AM,R3130,00,EHZ,61.1981981981982,-149.90658980942584,2026-09-12T23:08:00.005000Z,2026-09-12T23:09:00.005000Z,100.0,100.0,60.0,,traffic,1,Traffic,timeofday:America/Anchorage:day7-19:night1-5,AM,2.0-20.0,647.4007387662439,3741.6063296287343,599.0921990693193,3971.717825603476,0.8563295835830219,4.176573514777445,2.2218586501038695,,,2.78,223.23593596182425,17.791570198996467
811,,AM,R3130,00,EHZ,61.1981981981982,-149.90658980942584,2026-09-12T23:09:00.005000Z,2026-09-12T23:10:00.005000Z,100.0,100.0,60.0,,traffic,1,Traffic,timeofday:America/Anchorage:day7-19:night1-5,AM,2.0-20.0,913.9731167782934,7399.392876942951,869.102122288816,6836.2728243931715,0.9042213920579831,3.5306942677713167,3.5824673961475115,,,2.78,223.23593596182425,30.62353198170678
812,,AM,R3130,00,EHZ,61.1981981981982,-149.90658980942584,2026-09-12T23:10:00.005000Z,2026-09-12T23:11:00.005000Z,100.0,100.0,60.0,,traffic,1,Traffic,timeofday:America/Anchorage:day7-19:night1-5,AM,2.0-20.0,792.5614803437049,4112.391382358408,732.8077952965056,3576.579308466862,0.8548978772883145,3.509212742016172,1.6706916534286043,,,2.78,223.23593596182425,16.021521324767782
813,,AM,R3130,00,EHZ,61.1981981981982,-149.90658980942584,2026-09-12T23:11:00.005000Z,2026-09-12T23:12:00.005000Z,100.0,100.0,60.0,,traffic,1,Traffic,timeofday:America/Anchorage:day7-19:night1-5,AM,2.0-20.0,776.2131366466151,5207.609418697237,717.5724966781378,4455.188935867403,0.854613191680129,4.578505069585798,3.7192020466042592,,,2.78,223.23593596182425,19.95731071107337
814,,AM,R3130,00,EHZ,61.1981981981982,-149.90658980942584,2026-09-12T23:14:00.005000Z,2026-09-12T23:15:00.005000Z,100.0,100.0,60.0,,traffic,1,Traffic,timeofday:America/Anchorage:day7-19:night1-5,AM,2.0-20.0,1669.838000380265,20640.612821230385,1526.1703856218369,18626.206624403476,0.8353286251132641,7.1551447449114045,28.26091452861234,,,2.78,223.23593596182425,83.43731283295158
815,,AM,R3130,00,EHZ,61.1981981981982,-149.90658980942584,2026-09-12T23:17:00.005000Z,2026-09-12T23:18:00.005000Z,100.0,100.0,60.0,,traffic,1,Traffic,timeofday:America/Anchorage:day7-19:night1-5,AM,2.0-20.0,2767.6248571201922,11411.384182531297,1621.6996642427646,8128.107827581343,0.343341585684426,3.4670085409788682,0.7736576445405383,,,2.78,223.23593596182425,36.41039151049291
816,,AM,R3130,00,EHZ,61.1981981981982,-149.90658980942584,2026-09-12T23:18:00.005000Z,2026-09-12T23:19:00.005000Z,100.0,100.0,60.0,,traffic,1,Traffic,timeofday:America/Anchorage:day7-19:night1-5,AM,2.0-20.0,3677.40451237101,13928.617597799059,2340.6395675837593,9354.463777189061,0.40512241731491083,3.603369730108658,0.4426935401297918,,,2.78,223.23593596182425,41.903933329035226
817,,AM,R3130,00,EHZ,61.1981981981982,-149.90658980942584,2026-09-12T23:21:00.005000Z,2026-09-12T23:22:00.005000Z,100.0,100.0,60.0,,traffic,1,Traffic,timeofday:America/Anchorage:day7-19:night1-5,AM,2.0-20.0,2506.9580956467307,10887.620426980255,1373.8927557358368,8203.512860159777,0.3003388529604264,4.713491000845794,1.354158158121896,,,2.78,223.23593596182425,36.748173293938954
818,,AM,R3130,00,EHZ,61.1981981981982,-149.90658980942584,2026-09-12T23:25:00.005000Z,2026-09-12T23:26:00.005000Z,100.0,100.0,60.0,,traffic,1,Traffic,timeofday:America/Anchorage:day7-19:night1-5,AM,2.0-20.0,656.8078848602757,6249.625061978251,566.6274480042667,6293.766532913438,0.744249413665149,8.247466858158587,12.480210122762648,,,2.78,223.23593596182425,28.193339507801017
819,,AM,R3130,00,EHZ,61.1981981981982,-149.90658980942584,2026-09-12T23:26:00.005000Z,2026-09-12T23:27:00.005000Z,100.0,100.0,60.0,,traffic,1,Traffic,timeofday:America/Anchorage:day7-19:night1-5,AM,2.0-20.0,606.3702792520002,4769.3743512754645,556.5740226338557,4640.597375601889,0.8425002755386535,3.114351399971949,6.035106041271044,,,2.78,223.23593596182425,20.787859963529712
820,,AM,R3130,00,EHZ,61.1981981981982,-149.90658980942584,2026-09-12T23:31:00.005000Z,2026-09-12T23:32:00.005000Z,100.0,100.0,60.0,,traffic,1,Traffic,timeofday:America/Anchorage:day7-19:night1-5,AM,2.0-20.0,552.2565526656689,6375.631575531726,518.4457305302251,5920.720864673415,0.8813021904136977,6.533490721711541,18.57496156468994,,,2.78,223.23593596182425,26.522256997573734
821,,AM,R3130,00,EHZ,61.1981981981982,-149.90658980942584,2026-09-12T23:41:00.005000Z,2026-09-12T23:42:00.005000Z,100.0,100.0,60.0,,traffic,1,Traffic,timeofday:America/Anchorage:day7-19:night1-5,AM,2.0-20.0,971.8968791723462,5100.357330796371,934.8216664905133,4862.603976493471,0.9251606741690879,4.5684968826331485,2.025484141811397,,,2.78,223.23593596182425,21.782353076545117
822,,AM,R3130,00,EHZ,61.1981981981982,-149.90658980942584,2026-09-12T23:42:00.005000Z,2026-09-12T23:43:00.005000Z,100.0,100.0,60.0,,traffic,1,Traffic,timeofday:America/Anchorage:day7-19:night1-5,AM,2.0-20.0,637.6586091187609,2570.3560812165374,587.9188707191205,2763.3286628004494,0.8500771553760597,2.1903559001577997,0.8388622517891071,,,2.78,223.23593596182425,12.378511779004112
823,,AM,R3130,00,EHZ,61.1981981981982,-149.90658980942584,2026-09-12T23:43:00.005000Z,2026-09-12T23:44:00.005000Z,100.0,100.0,60.0,,traffic,1,Traffic,timeofday:America/Anchorage:day7-19:night1-5,AM,2.0-20.0,587.8615495757766,7716.644694910761,540.977659613325,5651.559179497317,0.8468540156586809,5.23463415197249,11.323768657803459,,,2.78,223.23593596182425,25.31652959523414
824,,AM,R3130,00,EHZ,61.1981981981982,-149.90658980942584,2026-09-12T23:50:00.005000Z,2026-09-12T23:51:00.005000Z,100.0,100.0,60.0,,traffic,1,Traffic,timeofday:America/Anchorage:day7-19:night1-5,AM,2.0-20.0,564.3298247842556,6942.653097809596,515.2158916889326,6306.060362519108,0.8335132229008128,7.627939896412508,31.67629406455982,,,2.78,223.23593596182425,28.24841052292545
825,,AM,R3130,00,EHZ,61.1981981981982,-149.90658980942584,2026-09-12T23:54:00.005000Z,2026-09-12T23:55:00.005000Z,100.0,100.0,60.0,,traffic,1,Traffic,timeofday:America/Anchorage:day7-19:night1-5,AM,2.0-20.0,889.9687346451547,8332.343131871143,849.2971600677993,7922.2645711835785,0.9106884826997306,4.140787021121374,5.602297927204525,,,2.78,223.23593596182425,35.48830315804697
826,,AM,R3130,00,EHZ,61.1981981981982,-149.90658980942584,2026-09-13T00:04:00.005000Z,2026-09-13T00:05:00.005000Z,100.0,100.0,60.0,,traffic,1,Traffic,timeofday:America/Anchorage:day7-19:night1-5,AM,2.0-20.0,931.0000433846016,7707.6687965282745,886.6891124093104,6497.302390284891,0.9070753169440418,5.7844066477125144,3.5858395092440096,,,2.78,223.23593596182425,29.105091715143924
827,,AM,R3130,00,EHZ,61.1981981981982,-149.90658980942584,2026-09-13T00:07:00.005000Z,2026-09-13T00:08:00.005000Z,100.0,100.0,60.0,,traffic,1,Traffic,timeofday:America/Anchorage:day7-19:night1-5,AM,2.0-20.0,495.34261848842345,2904.3275708164633,450.4501777858404,2768.1549414000456,0.8269554888518672,3.1564743448062282,1.4625054327025007,,,2.78,223.23593596182425,12.400131410175062
828,,AM,R3130,00,EHZ,61.1981981981982,-149.90658980942584,2026-09-13T00:18:00.005000Z,2026-09-13T00:19:00.005000Z,100.0,100.0,60.0,,traffic,1,Traffic,timeofday:America/Anchorage:day7-19:night1-5,AM,2.0-20.0,450.77913284178976,2265.3163843143752,388.57296105990173,2005.5408465580758,0.7430491575251511,2.4433037350162405,1.5778406816788735,,,2.78,223.23593596182425,8.983951611182551
829,,AM,R3130,00,EHZ,61.1981981981982,-149.90658980942584,2026-09-13T00:19:00.005000Z,2026-09-13T00:20:00.005000Z,100.0,100.0,60.0,,traffic,1,Traffic,timeofday:America/Anchorage:day7-19:night1-5,AM,2.0-20.0,591.4369156401624,5721.314207176847,554.4514165407935,5727.531594552609,0.8788406529180656,4.69614542086017,7.230529929702849,,,2.78,223.23593596182425,25.656853005656217
830,,AM,R3130,00,EHZ,61.1981981981982,-149.90658980942584,2026-09-13T00:23:00.005000Z,2026-09-13T00:24:00.005000Z,100.0,100.0,60.0,,traffic,1,Traffic,timeofday:America/Anchorage:day7-19:night1-5,AM,2.0-20.0,519.312389416365,3275.6899260916857,474.8932458703632,3171.9078762248546,0.8362470873907172,3.898738259657239,3.9733269980658203,,,2.78,223.23593596182425,14.208769132794485
831,,AM,R3130,00,EHZ,61.1981981981982,-149.90658980942584,2026-09-13T00:26:00.005000Z,2026-09-13T00:27:00.005000Z,100.0,100.0,60.0,,traffic,1,Traffic,timeofday:America/Anchorage:day7-19:night1-5,AM,2.0-20.0,1031.1035159570897,6764.307071716958,898.1426466034923,6733.2464118622775,0.758727982591134,4.374285417629319,3.3864807660793854,,,2.78,223.23593596182425,30.16201841720383
832,,AM,R3130,00,EHZ,61.1981981981982,-149.90658980942584,2026-09-13T00:29:00.005000Z,2026-09-13T00:30:00.005000Z,100.0,100.0,60.0,,traffic,1,Traffic,timeofday:America/Anchorage:day7-19:night1-5,AM,2.0-20.0,777.0260376142535,7657.695985912063,746.7598235634728,7228.4346098412225,0.9236145054391574,4.664801175213088,12.073077241778792,,,2.78,223.23593596182425,32.38024639132188
833,,AM,R3130,00,EHZ,61.1981981981982,-149.90658980942584,2026-09-13T00:31:00.005000Z,2026-09-13T00:32:00.005000Z,100.0,100.0,60.0,,traffic,1,Traffic,timeofday:America/Anchorage:day7-19:night1-5,AM,2.0-20.0,849.1555837367663,6788.301388984317,811.5361900925717,6880.318473582995,0.9133584354171458,5.230529320947833,4.992661248610274,,,2.78,223.23593596182425,30.820837352815825
834,,AM,R3130,00,EHZ,61.1981981981982,-149.90658980942584,2026-09-13T00:35:00.005000Z,2026-09-13T00:36:00.005000Z,100.0,100.0,60.0,,traffic,1,Traffic,timeofday:America/Anchorage:day7-19:night1-5,AM,2.0-20.0,621.1223995425438,3729.2972012082823,579.0625223904425,2940.833452824995,0.8691535985133281,3.781419637891898,1.3386434246145944,,,2.78,223.23593596182425,13.173656114792868
835,,AM,R3130,00,EHZ,61.1981981981982,-149.90658980942584,2026-09-13T00:38:00.005000Z,2026-09-13T00:39:00.005000Z,100.0,100.0,60.0,,traffic,1,Traffic,timeofday:America/Anchorage:day7-19:night1-5,AM,2.0-20.0,789.593003288408,5563.705948506791,755.4219489680185,5103.260289763751,0.9153192915097775,4.358917770260965,2.756290830638422,,,2.78,223.23593596182425,22.860388797959764
836,,AM,R3130,00,EHZ,61.1981981981982,-149.90658980942584,2026-09-13T00:39:00.005000Z,2026-09-13T00:40:00.005000Z,100.0,100.0,60.0,,traffic,1,Traffic,timeofday:America/Anchorage:day7-19:night1-5,AM,2.0-20.0,531.8267949335122,6545.707306915596,497.65882085385687,6763.65848915093,0.8756347398023937,6.435361087653698,14.725102446969991,,,2.78,223.23593596182425,30.298251309805195
837,,AM,R3130,00,EHZ,61.1981981981982,-149.90658980942584,2026-09-13T00:40:00.005000Z,2026-09-13T00:41:00.005000Z,100.0,100.0,60.0,,traffic,1,Traffic,timeofday:America/Anchorage:day7-19:night1-5,AM,2.0-20.0,566.0183271166852,4845.708598352727,530.4297135549838,4301.807305350604,0.878202566134509,6.331779921129535,4.542831002423475,,,2.78,223.23593596182425,19.27022764868045
838,,AM,R3130,00,EHZ,61.1981981981982,-149.90658980942584,2026-09-13T00:49:00.005000Z,2026-09-13T00:50:00.005000Z,100.0,100.0,60.0,,traffic,1,Traffic,timeofday:America/Anchorage:day7-19:night1-5,AM,2.0-20.0,670.784726495402,4135.718784744469,639.8683388606242,4665.100960020597,0.9099445167973097,4.06515250981355,4.1042671706932445,,,2.78,223.23593596182425,20.897625375236984
839,,AM,R3130,00,EHZ,61.1981981981982,-149.90658980942584,2026-09-13T00:54:00.005000Z,2026-09-13T00:55:00.005000Z,100.0,100.0,60.0,,traffic,1,Traffic,timeofday:America/Anchorage:day7-19:night1-5,AM,2.0-20.0,794.8352464986917,5263.275619214002,760.3491243861823,5404.1592068436385,0.9151069748344279,5.211048091300931,4.341107248175586,,,2.78,223.23593596182425,24.208285209814104
840,,AM,R3130,00,EHZ,61.1981981981982,-149.90658980942584,2026-09-13T01:02:00.005000Z,2026-09-13T01:03:00.005000Z,100.0,100.0,60.0,,traffic,1,Traffic,timeofday:America/Anchorage:day7-19:night1-5,AM,2.0-20.0,603.3582926159664,4755.732726386845,556.6142629294376,4527.9461420182215,0.8510559046267028,3.4994105796242576,4.7924693928929285,,,2.78,223.23593596182425,20.283231382569824
841,,AM,R3130,00,EHZ,61.1981981981982,-149.90658980942584,2026-09-13T01:03:00.005000Z,2026-09-13T01:04:00.005000Z,100.0,100.0,60.0,,traffic,1,Traffic,timeofday:America/Anchorage:day7-19:night1-5,AM,2.0-20.0,823.1860934392155,4825.265408079946,777.8633055534082,5276.983177080332,0.8929158242681452,4.4047020407498145,3.859679137642379,,,2.78,223.23593596182425,23.63859185280435
842,,AM,R3130,00,EHZ,61.1981981981982,-149.90658980942584,2026-09-13T01:04:00.005000Z,2026-09-13T01:05:00.005000Z,100.0,100.0,60.0,,traffic,1,Traffic,timeofday:America/Anchorage:day7-19:night1-5,AM,2.0-20.0,717.2992667759855,4661.2642288203715,678.0997804468833,5032.333174931943,0.8936890438026072,3.781027406174684,3.115506432884116,,,2.78,223.23593596182425,22.542666140421613
843,,AM,R3130,00,EHZ,61.1981981981982,-149.90658980942584,2026-09-13T01:05:00.005000Z,2026-09-13T01:06:00.005000Z,100.0,100.0,60.0,,traffic,1,Traffic,timeofday:America/Anchorage:day7-19:night1-5,AM,2.0-20.0,1064.1494562343428,6138.263188899087,968.4371702685575,6192.158763901407,0.8282046131146767,4.349114566592308,3.8454714809024892,,,2.78,223.23593596182425,27.73818084988043
844,,AM,R3130,00,EHZ,61.1981981981982,-149.90658980942584,2026-09-13T01:06:00.005000Z,2026-09-13T01:07:00.005000Z,100.0,100.0,60.0,,traffic,1,Traffic,timeofday:America/Anchorage:day7-19:night1-5,AM,2.0-20.0,801.0399917759993,6316.261942667839,747.5031726660266,5197.554574950467,0.8707985219106983,5.216675552193326,2.4848260695068154,,,2.78,223.23593596182425,23.282786225956492
845,,AM,R3130,00,EHZ,61.1981981981982,-149.90658980942584,2026-09-13T01:08:00.005000Z,2026-09-13T01:09:00.005000Z,100.0,100.0,60.0,,traffic,1,Traffic,timeofday:America/Anchorage:day7-19:night1-5,AM,2.0-20.0,1118.6130344428354,12003.259713813293,1078.9863970405459,11003.108267345413,0.930405326147659,6.340867483256989,7.692862302786597,,,2.78,223.23593596182425,49.289144330360244
846,,AM,R3130,00,EHZ,61.1981981981982,-149.90658980942584,2026-09-13T01:09:00.005000Z,2026-09-13T01:10:00.005000Z,100.0,100.0,60.0,,traffic,1,Traffic,timeofday:America/Anchorage:day7-19:night1-5,AM,2.0-20.0,908.9739759133486,5000.258868481931,886.9898686097555,5168.635913994987,0.9522136867542631,5.693903430487678,3.8253050306137117,,,2.78,223.23593596182425,23.15324318965778
847,,AM,R3130,00,EHZ,61.1981981981982,-149.90658980942584,2026-09-13T01:21:00.005000Z,2026-09-13T01:22:00.005000Z,100.0,100.0,60.0,,traffic,1,Traffic,timeofday:America/Anchorage:day7-19:night1-5,AM,2.0-20.0,578.6413798254381,3754.2450604108394,542.3531942253929,3863.078421612493,0.8785074103700479,4.271346729718443,3.898224484688865,,,2.78,223.23593596182425,17.30491287152406
848,,AM,R3130,00,EHZ,61.1981981981982,-149.90658980942584,2026-09-13T01:23:00.005000Z,2026-09-13T01:24:00.005000Z,100.0,100.0,60.0,,traffic,1,Traffic,timeofday:America/Anchorage:day7-19:night1-5,AM,2.0-20.0,541.9966339216611,3629.7572024876413,509.7014727375535,3350.936698042862,0.8843793597915137,3.3400881774406415,3.0936243688384897,,,2.78,223.23593596182425,15.010740468845967
849,,AM,R3130,00,EHZ,61.1981981981982,-149.90658980942584,2026-09-13T01:24:00.005000Z,2026-09-13T01:25:00.005000Z,100.0,100.0,60.0,,traffic,1,Traffic,timeofday:America/Anchorage:day7-19:night1-5,AM,2.0-20.0,617.2506066816983,4779.241666435186,578.9104787742787,4427.281455500975,0.8796294691179807,3.079940597242711,3.039639175728686,,,2.78,223.23593596182425,19.8322973244688
850,,AM,R3130,00,EHZ,61.1981981981982,-149.90658980942584,2026-09-13T01:25:00.005000Z,2026-09-13T01:26:00.005000Z,100.0,100.0,60.0,,traffic,1,Traffic,timeofday:America/Anchorage:day7-19:night1-5,AM,2.0-20.0,748.2703730504152,6321.241572488807,683.0380247312103,6129.561213968491,0.8332448972985177,3.318128222902513,4.49875280931998,,,2.78,223.23593596182425,27.45777102400176
851,,AM,R3130,00,EHZ,61.1981981981982,-149.90658980942584,2026-09-13T01:30:00.005000Z,2026-09-13T01:31:00.005000Z,100.0,100.0,60.0,,traffic,1,Traffic,timeofday:America/Anchorage:day7-19:night1-5,AM,2.0-20.0,586.7622711818974,7038.235613684039,544.9733975467543,6935.778560320338,0.8626333499445609,5.038143495714282,13.948457631007436,,,2.78,223.23593596182425,31.069274444713198
852,,AM,R3130,00,EHZ,61.1981981981982,-149.90658980942584,2026-09-13T01:33:00.005000Z,2026-09-13T01:34:00.005000Z,100.0,100.0,60.0,,traffic,1,Traffic,timeofday:America/Anchorage:day7-19:night1-5,AM,2.0-20.0,516.5667736193451,4774.23245969022,473.2878288707046,4734.418805942158,0.8394556103931939,5.7468311415538444,8.54295602132531,,,2.78,223.23593596182425,21.208139207263628
853,,AM,R3130,00,EHZ,61.1981981981982,-149.90658980942584,2026-09-13T01:36:00.005000Z,2026-09-13T01:37:00.005000Z,100.0,100.0,60.0,,traffic,1,Traffic,timeofday:America/Anchorage:day7-19:night1-5,AM,2.0-20.0,672.1471531308604,4200.228236381992,595.4815310998338,3336.6908395855307,0.7848883187478736,3.2667582819919767,1.356077127291444,,,2.78,223.23593596182425,14.946925212597225
854,,AM,R3130,00,EHZ,61.1981981981982,-149.90658980942584,2026-09-13T01:38:00.005000Z,2026-09-13T01:39:00.005000Z,100.0,100.0,60.0,,traffic,1,Traffic,timeofday:America/Anchorage:day7-19:night1-5,AM,2.0-20.0,1675.1065487473109,32434.226827744427,1627.713716397105,28304.815852206586,0.9442156044061387,7.204861288953303,65.16951320090128,,,2.78,223.23593596182425,126.7932769437579
855,,AM,R3130,00,EHZ,61.1981981981982,-149.90658980942584,2026-09-13T01:43:00.005000Z,2026-09-13T01:44:00.005000Z,100.0,100.0,60.0,,traffic,1,Traffic,timeofday:America/Anchorage:day7-19:night1-5,AM,2.0-20.0,680.3400255761529,7629.220477713461,639.1226964726173,7093.5941930311365,0.8825035008612826,4.735669535812072,11.699732245437971,,,2.78,223.23593596182425,31.77621991041898
856,,AM,R3130,00,EHZ,61.1981981981982,-149.90658980942584,2026-09-13T01:47:00.005000Z,2026-09-13T01:48:00.005000Z,100.0,100.0,60.0,,traffic,1,Traffic,timeofday:America/Anchorage:day7-19:night1-5,AM,2.0-20.0,643.9249024561284,4922.783935347845,608.7254130596302,4516.051616170239,0.8936602159395421,3.8562040752696563,3.8234677859503305,,,2.78,223.23593596182425,20.229949074787548
857,,AM,R3130,00,EHZ,61.1981981981982,-149.90658980942584,2026-09-13T01:50:00.005000Z,2026-09-13T01:51:00.005000Z,100.0,100.0,60.0,,traffic,1,Traffic,timeofday:America/Anchorage:day7-19:night1-5,AM,2.0-20.0,729.137750898669,4113.786737554339,697.5214582313963,3628.37461541053,0.9151577810097409,3.6696756416976424,1.3166637197669058,,,2.78,223.23593596182425,16.253541795488612
858,,AM,R3130,00,EHZ,61.1981981981982,-149.90658980942584,2026-09-13T01:51:00.005000Z,2026-09-13T01:52:00.005000Z,100.0,100.0,60.0,,traffic,1,Traffic,timeofday:America/Anchorage:day7-19:night1-5,AM,2.0-20.0,471.2883895361559,4813.788270833627,432.71305219005063,4087.8482104867917,0.8429979315170186,4.607155745831366,6.8890418268473415,,,2.78,223.23593596182425,18.311783866132814
859,,AM,R3130,00,EHZ,61.1981981981982,-149.90658980942584,2026-09-13T01:54:00.005000Z,2026-09-13T01:55:00.005000Z,100.0,100.0,60.0,,traffic,1,Traffic,timeofday:America/Anchorage:day7-19:night1-5,AM,2.0-20.0,607.0782409165726,4365.208863150754,545.9413892296279,3987.6167274655145,0.8087284234191425,3.613771497431763,2.1151397717254667,,,2.78,223.23593596182425,17.86279037147245
860,,AM,R3130,00,EHZ,61.1981981981982,-149.90658980942584,2026-09-13T02:06:00.005000Z,2026-09-13T02:07:00.005000Z,100.0,100.0,60.0,,traffic,1,Traffic,timeofday:America/Anchorage:day7-19:night1-5,AM,2.0-20.0,708.3678228551457,4166.194749242348,678.0351351491496,3456.184165965131,0.9161925321239948,4.541208636785291,1.5873947808687845,,,2.78,223.23593596182425,15.482203396482614
861,,AM,R3130,00,EHZ,61.1981981981982,-149.90658980942584,2026-09-13T02:14:00.005000Z,2026-09-13T02:15:00.005000Z,100.0,100.0,60.0,,traffic,1,Traffic,timeofday:America/Anchorage:day7-19:night1-5,AM,2.0-20.0,574.001878824818,5419.186547444569,541.0375177324565,5600.417632072813,0.8884400664165996,4.766866006739805,6.559153152875563,,,2.78,223.23593596182425,25.087437683109158
862,,AM,R3130,00,EHZ,61.1981981981982,-149.90658980942584,2026-09-13T02:15:00.005000Z,2026-09-13T02:16:00.005000Z,100.0,100.0,60.0,,traffic,1,Traffic,timeofday:America/Anchorage:day7-19:night1-5,AM,2.0-20.0,705.5937363201774,4707.1857869439955,658.885598594832,5379.418292279795,0.8719881773695217,4.750508121148609,3.1074557978109736,,,2.78,223.23593596182425,24.097456662173485
863,,AM,R3130,00,EHZ,61.1981981981982,-149.90658980942584,2026-09-13T02:16:00.005000Z,2026-09-13T02:17:00.005000Z,100.0,100.0,60.0,,traffic,1,Traffic,timeofday:America/Anchorage:day7-19:night1-5,AM,2.0-20.0,757.7623777419393,8388.81561053162,719.1257435346822,8914.415346269514,0.9006241616515264,4.172932372578909,9.053469501756824,,,2.78,223.23593596182425,39.93270755383208
864,,AM,R3130,00,EHZ,61.1981981981982,-149.90658980942584,2026-09-13T02:17:00.005000Z,2026-09-13T02:18:00.005000Z,100.0,100.0,60.0,,traffic,1,Traffic,timeofday:America/Anchorage:day7-19:night1-5,AM,2.0-20.0,510.71302415668805,3183.8175227589695,474.70940045161717,3008.674635066332,0.8639762359977863,4.136292302172576,2.300708787672816,,,2.78,223.23593596182425,13.47755513512326
865,,AM,R3130,00,EHZ,61.1981981981982,-149.90658980942584,2026-09-13T02:21:00.005000Z,2026-09-13T02:22:00.005000Z,100.0,100.0,60.0,,traffic,1,Traffic,timeofday:America/Anchorage:day7-19:night1-5,AM,2.0-20.0,966.8171677916802,7919.821464972196,932.0876104728903,7769.664693789584,0.9294472855053636,5.3426694845036335,6.628088020981794,,,2.78,223.23593596182425,34.80472200998266
866,,AM,R3130,00,EHZ,61.1981981981982,-149.90658980942584,2026-09-13T02:23:00.005000Z,2026-09-13T02:24:00.005000Z,100.0,100.0,60.0,,traffic,1,Traffic,timeofday:America/Anchorage:day7-19:night1-5,AM,2.0-20.0,726.3416216137124,3465.823679874308,631.9055140342527,3058.007491789786,0.756871979864197,2.4621530637632065,0.6576863134816144,,,2.78,223.23593596182425,13.698544898760108
867,,AM,R3130,00,EHZ,61.1981981981982,-149.90658980942584,2026-09-13T02:25:00.005000Z,2026-09-13T02:26:00.005000Z,100.0,100.0,60.0,,traffic,1,Traffic,timeofday:America/Anchorage:day7-19:night1-5,AM,2.0-20.0,661.828408946045,3834.825940726431,627.316001259928,3927.998335369318,0.8984251903238378,3.7172665177163693,1.5138256894645892,,,2.78,223.23593596182425,17.595725878296978
868,,AM,R3130,00,EHZ,61.1981981981982,-149.90658980942584,2026-09-13T02:31:00.005000Z,2026-09-13T02:32:00.005000Z,100.0,100.0,60.0,,traffic,1,Traffic,timeofday:America/Anchorage:day7-19:night1-5,AM,2.0-20.0,457.17789287900405,2868.167706638145,429.5597042338135,2938.4186233375854,0.8828290715913226,2.5270603084533034,2.725055978773111,,,2.78,223.23593596182425,13.162838727901258
869,,AM,R3130,00,EHZ,61.1981981981982,-149.90658980942584,2026-09-13T02:37:00.005000Z,2026-09-13T02:38:00.005000Z,100.0,100.0,60.0,,traffic,1,Traffic,timeofday:America/Anchorage:day7-19:night1-5,AM,2.0-20.0,2742.2578712390114,24174.839516256987,2716.910965895481,24028.80550901017,0.981599277086531,6.015193716384564,14.248175075051428,,,2.78,223.23593596182425,107.63860847708388
870,,AM,R3130,00,EHZ,61.1981981981982,-149.90658980942584,2026-09-13T02:38:00.005000Z,2026-09-13T02:39:00.005000Z,100.0,100.0,60.0,,traffic,1,Traffic,timeofday:America/Anchorage:day7-19:night1-5,AM,2.0-20.0,974.920651301429,6658.159460750681,937.6637550574545,6492.428156460238,0.9250297872960351,5.404307641817417,3.353294875683929,,,2.78,223.23593596182425,29.083257265400643
871,,AM,R3130,00,EHZ,61.1981981981982,-149.90658980942584,2026-09-13T02:39:00.005000Z,2026-09-13T02:40:00.005000Z,100.0,100.0,60.0,,traffic,1,Traffic,timeofday:America/Anchorage:day7-19:night1-5,AM,2.0-20.0,621.4804419807522,4269.158996041671,584.7562866344258,4052.7876036852117,0.8853089755162125,1.9082425005998163,3.5297027627930335,,,2.78,223.23593596182425,18.15472758103911
872,,AM,R3130,00,EHZ,61.1981981981982,-149.90658980942584,2026-09-13T02:40:00.005000Z,2026-09-13T02:41:00.005000Z,100.0,100.0,60.0,,traffic,1,Traffic,timeofday:America/Anchorage:day7-19:night1-5,AM,2.0-20.0,455.9616749431303,3493.157081953999,429.41489899862364,4048.9228916450015,0.8869467294846068,5.768273956364104,6.645896925603232,,,2.78,223.23593596182425,18.137415350266057
873,,AM,R3130,00,EHZ,61.1981981981982,-149.90658980942584,2026-09-13T02:48:00.005000Z,2026-09-13T02:49:00.005000Z,100.0,100.0,60.0,,traffic,1,Traffic,timeofday:America/Anchorage:day7-19:night1-5,AM,2.0-20.0,699.201322351935,4946.148523159987,673.4815857630515,4134.595246123725,0.9277841943652118,3.957441956558785,2.1946195276547407,,,2.78,223.23593596182425,18.52119027480766
874,,AM,R3130,00,EHZ,61.1981981981982,-149.90658980942584,2026-09-13T02:57:00.005000Z,2026-09-13T02:58:00.005000Z,100.0,100.0,60.0,,traffic,1,Traffic,timeofday:America/Anchorage:day7-19:night1-5,AM,2.0-20.0,782.8415423821131,5998.138821940822,752.3342230932112,5952.148489720315,0.9235786992451966,5.578111073902532,5.369162775307686,,,2.78,223.23593596182425,26.663039102889766
875,,AM,R4017,00,EHZ,61.13513513513514,-149.931698481745,2026-09-12T09:00:59.998000Z,2026-09-12T09:01:59.998000Z,100.0,100.0,60.0,,noise,0,Noise,timeofday:America/Anchorage:day7-19:night1-5,AM,2.0-20.0,314.94440375037635,2447.6397184924394,296.90012117644125,2588.276098420097,0.8886954530839549,7.243718906021065,8.981875143107427,,,2.46,218.98842291274408,11.819237126756217
876,,AM,R4017,00,EHZ,61.13513513513514,-149.931698481745,2026-09-12T09:01:59.998000Z,2026-09-12T09:02:59.998000Z,100.0,100.0,60.0,,noise,0,Noise,timeofday:America/Anchorage:day7-19:night1-5,AM,2.0-20.0,290.825737040602,2383.3451667582626,272.17748507148127,2502.381438342356,0.8758681196433044,4.935096626353183,5.6513292832977005,,,2.46,218.98842291274408,11.427003332223775
877,,AM,R4017,00,EHZ,61.13513513513514,-149.931698481745,2026-09-12T09:03:59.998000Z,2026-09-12T09:04:59.998000Z,100.0,100.0,60.0,,noise,0,Noise,timeofday:America/Anchorage:day7-19:night1-5,AM,2.0-20.0,240.13777207536864,890.6674933250836,215.04844278058164,892.5822718981966,0.8019580478551691,1.7435819303109221,0.14436907271032684,,,2.46,218.98842291274408,4.075933604279373
878,,AM,R4017,00,EHZ,61.13513513513514,-149.931698481745,2026-09-12T09:04:59.998000Z,2026-09-12T09:05:59.998000Z,100.0,100.0,60.0,,noise,0,Noise,timeofday:America/Anchorage:day7-19:night1-5,AM,2.0-20.0,228.5073357097074,805.313421603623,202.1172795239213,667.6769587022281,0.7823599220780444,1.6477401118392356,-0.16787529268440782,,,2.46,218.98842291274408,3.048914412102342
879,,AM,R4017,00,EHZ,61.13513513513514,-149.931698481745,2026-09-12T09:05:59.998000Z,2026-09-12T09:06:59.998000Z,100.0,100.0,60.0,,noise,0,Noise,timeofday:America/Anchorage:day7-19:night1-5,AM,2.0-20.0,232.27395485422682,1308.6874181046699,202.13312350773816,1141.9325928960466,0.7573104419109097,3.2139226235316967,0.4684116496500921,,,2.46,218.98842291274408,5.21457973762864
880,,AM,R4017,00,EHZ,61.13513513513514,-149.931698481745,2026-09-12T09:06:59.998000Z,2026-09-12T09:07:59.998000Z,100.0,100.0,60.0,,noise,0,Noise,timeofday:America/Anchorage:day7-19:night1-5,AM,2.0-20.0,347.16961285232384,2717.7057314108683,326.74583377431713,2361.3957825774296,0.8858021034244715,4.374840438665559,3.0737997260728287,,,2.46,218.98842291274408,10.783199180891529
881,,AM,R4017,00,EHZ,61.13513513513514,-149.931698481745,2026-09-12T09:07:59.998000Z,2026-09-12T09:08:59.998000Z,100.0,100.0,60.0,,noise,0,Noise,timeofday:America/Anchorage:day7-19:night1-5,AM,2.0-20.0,476.093584937411,4201.288975987889,462.0421229587571,3901.5747717997847,0.9418429297841171,4.64553390823768,9.166901820196104,,,2.46,218.98842291274408,17.816351750039164
882,,AM,R4017,00,EHZ,61.13513513513514,-149.931698481745,2026-09-12T09:08:59.998000Z,2026-09-12T09:09:59.998000Z,100.0,100.0,60.0,,noise,0,Noise,timeofday:America/Anchorage:day7-19:night1-5,AM,2.0-20.0,394.97496037035955,3471.7250865128376,378.1126088207683,3386.1291903174474,0.9164382164444372,6.15121023779376,15.682686506642547,,,2.46,218.98842291274408,15.462594530244415
883,,AM,R4017,00,EHZ,61.13513513513514,-149.931698481745,2026-09-12T09:10:59.998000Z,2026-09-12T09:11:59.998000Z,100.0,100.0,60.0,,noise,0,Noise,timeofday:America/Anchorage:day7-19:night1-5,AM,2.0-20.0,394.23133815835894,2648.748169780262,376.8968057012904,2663.8973499276385,0.9139924853693143,4.538832336594168,4.664657996877608,,,2.46,218.98842291274408,12.164557899889841
884,,AM,R4017,00,EHZ,61.13513513513514,-149.931698481745,2026-09-12T09:11:59.998000Z,2026-09-12T09:12:59.998000Z,100.0,100.0,60.0,,noise,0,Noise,timeofday:America/Anchorage:day7-19:night1-5,AM,2.0-20.0,351.04892481578133,2212.758666133938,333.25412330789743,2226.757181437664,0.9011887648443959,5.584931523762475,4.569406931079529,,,2.46,218.98842291274408,10.168378546316648
885,,AM,R4017,00,EHZ,61.13513513513514,-149.931698481745,2026-09-12T09:12:59.998000Z,2026-09-12T09:13:59.998000Z,100.0,100.0,60.0,,noise,0,Noise,timeofday:America/Anchorage:day7-19:night1-5,AM,2.0-20.0,244.34366947470775,1034.7622340231212,221.2158784196867,986.9062814358889,0.819653711301986,2.938522442974412,0.06340297581681842,,,2.46,218.98842291274408,4.506659613824068
886,,AM,R4017,00,EHZ,61.13513513513514,-149.931698481745,2026-09-12T09:13:59.998000Z,2026-09-12T09:14:59.998000Z,100.0,100.0,60.0,,noise,0,Noise,timeofday:America/Anchorage:day7-19:night1-5,AM,2.0-20.0,357.0999674522808,2928.7789776671348,341.0709980682499,2907.3026311223316,0.9122417888153089,6.772344265996535,8.62318061091568,,,2.46,218.98842291274408,13.276056297646136
887,,AM,R4017,00,EHZ,61.13513513513514,-149.931698481745,2026-09-12T09:14:59.998000Z,2026-09-12T09:15:59.998000Z,100.0,100.0,60.0,,noise,0,Noise,timeofday:America/Anchorage:day7-19:night1-5,AM,2.0-20.0,265.2765916460166,1196.78641483458,241.97754913216684,1265.1130398233915,0.8320554879731232,3.016587503881083,0.5055026604739687,,,2.46,218.98842291274408,5.777077267356164
888,,AM,R4017,00,EHZ,61.13513513513514,-149.931698481745,2026-09-12T09:15:59.998000Z,2026-09-12T09:16:59.998000Z,100.0,100.0,60.0,,noise,0,Noise,timeofday:America/Anchorage:day7-19:night1-5,AM,2.0-20.0,272.9857835332163,1734.2050870387427,247.48025538678388,1984.5568652034913,0.8218660671883454,4.790282591719633,2.1452062023855705,,,2.46,218.98842291274408,9.06238256254413
889,,AM,R4017,00,EHZ,61.13513513513514,-149.931698481745,2026-09-12T09:16:59.998000Z,2026-09-12T09:17:59.998000Z,100.0,100.0,60.0,,noise,0,Noise,timeofday:America/Anchorage:day7-19:night1-5,AM,2.0-20.0,372.8705527637021,3564.194132503984,354.6711122560823,4074.5796333067915,0.9047643098189618,6.534052918461782,15.54141292167174,,,2.46,218.98842291274408,18.606370049663802
890,,AM,R4017,00,EHZ,61.13513513513514,-149.931698481745,2026-09-12T09:17:59.998000Z,2026-09-12T09:18:59.998000Z,100.0,100.0,60.0,,noise,0,Noise,timeofday:America/Anchorage:day7-19:night1-5,AM,2.0-20.0,241.16389810381273,954.1819218910493,210.66833653192762,731.9090746945975,0.7630868013874264,1.6009271321101173,-0.18370817270223094,,,2.46,218.98842291274408,3.3422272509183126
891,,AM,R4017,00,EHZ,61.13513513513514,-149.931698481745,2026-09-12T09:18:59.998000Z,2026-09-12T09:19:59.998000Z,100.0,100.0,60.0,,noise,0,Noise,timeofday:America/Anchorage:day7-19:night1-5,AM,2.0-20.0,354.2441107131568,3564.170606734678,332.2796694009865,3249.2371730153736,0.8798370813485097,4.156193875667079,8.141945479287033,,,2.46,218.98842291274408,14.837483780181529
892,,AM,R4017,00,EHZ,61.13513513513514,-149.931698481745,2026-09-12T09:19:59.998000Z,2026-09-12T09:20:59.998000Z,100.0,100.0,60.0,,noise,0,Noise,timeofday:America/Anchorage:day7-19:night1-5,AM,2.0-20.0,264.8939674598548,1484.158542460951,242.21090032688554,1440.3822108038357,0.8360711389533276,4.253671221530534,1.0739199730610185,,,2.46,218.98842291274408,6.577435426245139
893,,AM,R4017,00,EHZ,61.13513513513514,-149.931698481745,2026-09-12T09:20:59.998000Z,2026-09-12T09:21:59.998000Z,100.0,100.0,60.0,,noise,0,Noise,timeofday:America/Anchorage:day7-19:night1-5,AM,2.0-20.0,350.4332335549674,3577.850180400936,331.22233185592665,3436.0647256710163,0.8933644133458376,7.244691042003452,12.435744576399484,,,2.46,218.98842291274408,15.690622727759978
894,,AM,R4017,00,EHZ,61.13513513513514,-149.931698481745,2026-09-12T09:21:59.998000Z,2026-09-12T09:22:59.998000Z,100.0,100.0,60.0,,noise,0,Noise,timeofday:America/Anchorage:day7-19:night1-5,AM,2.0-20.0,299.0687564260235,1428.1421681492136,274.7110416337033,1453.1904605187353,0.8437429199184198,4.423244857849431,1.995163433037476,,,2.46,218.98842291274408,6.635923676649148
895,,AM,R4017,00,EHZ,61.13513513513514,-149.931698481745,2026-09-12T09:22:59.998000Z,2026-09-12T09:23:59.998000Z,100.0,100.0,60.0,,noise,0,Noise,timeofday:America/Anchorage:day7-19:night1-5,AM,2.0-20.0,362.71682909340285,2992.1346264537674,331.17948998461526,3352.9792678356425,0.8336647790923756,6.109697404291264,13.734511117257231,,,2.46,218.98842291274408,15.311217018863307
896,,AM,R4017,00,EHZ,61.13513513513514,-149.931698481745,2026-09-12T09:23:59.998000Z,2026-09-12T09:24:59.998000Z,100.0,100.0,60.0,,noise,0,Noise,timeofday:America/Anchorage:day7-19:night1-5,AM,2.0-20.0,267.00067381450225,942.1198705839486,232.95346161338276,1035.7928306223525,0.7612260148872008,2.261330340926177,0.20885488407495645,,,2.46,218.98842291274408,4.729897666942257
897,,AM,R4017,00,EHZ,61.13513513513514,-149.931698481745,2026-09-12T09:24:59.998000Z,2026-09-12T09:25:59.998000Z,100.0,100.0,60.0,,noise,0,Noise,timeofday:America/Anchorage:day7-19:night1-5,AM,2.0-20.0,301.20005721245496,1636.113245250668,278.0609954198732,1536.2846118419734,0.8522559584710232,3.5005357900737835,2.5718319208022278,,,2.46,218.98842291274408,7.01536908393603
898,,AM,R4017,00,EHZ,61.13513513513514,-149.931698481745,2026-09-12T09:25:59.998000Z,2026-09-12T09:26:59.998000Z,100.0,100.0,60.0,,noise,0,Noise,timeofday:America/Anchorage:day7-19:night1-5,AM,2.0-20.0,222.17184942487674,899.0991374544717,198.58036280054935,840.6742647709139,0.7989038960890991,1.5411917406499174,-0.06422455873334965,,,2.46,218.98842291274408,3.8388982101847478
899,,AM,R4017,00,EHZ,61.13513513513514,-149.931698481745,2026-09-12T09:26:59.998000Z,2026-09-12T09:27:59.998000Z,100.0,100.0,60.0,,noise,0,Noise,timeofday:America/Anchorage:day7-19:night1-5,AM,2.0-20.0,225.54399478861794,911.0912856592802,202.0719838778903,821.4124556103784,0.8026933663872736,1.7016612039446848,-0.11409490565432545,,,2.46,218.98842291274408,3.750940093932135
900,,AM,R4017,00,EHZ,61.13513513513514,-149.931698481745,2026-09-12T09:27:59.998000Z,2026-09-12T09:28:59.998000Z,100.0,100.0,60.0,,noise,0,Noise,timeofday:America/Anchorage:day7-19:night1-5,AM,2.0-20.0,243.23691762362486,1175.926043341555,214.3949671338497,1024.2099691563058,0.7769090668394667,1.9174436354756188,0.12802635008953178,,,2.46,218.98842291274408,4.677005092476519
901,,AM,R4017,00,EHZ,61.13513513513514,-149.931698481745,2026-09-12T09:28:59.998000Z,2026-09-12T09:29:59.998000Z,100.0,100.0,60.0,,noise,0,Noise,timeofday:America/Anchorage:day7-19:night1-5,AM,2.0-20.0,244.7731799895403,942.9370571088477,217.32109352403617,767.2952490893235,0.7882720051576169,1.8007771076548726,-0.1351865851182117,,,2.46,218.98842291274408,3.5038164980760294
902,,AM,R4017,00,EHZ,61.13513513513514,-149.931698481745,2026-09-12T09:29:59.998000Z,2026-09-12T09:30:59.998000Z,100.0,100.0,60.0,,noise,0,Noise,timeofday:America/Anchorage:day7-19:night1-5,AM,2.0-20.0,220.24640916977435,824.0595265675727,196.36672091430054,757.0956904837196,0.7949102607362561,1.6447663276393907,-0.17245974226834848,,,2.46,218.98842291274408,3.457240708954666
903,,AM,R4017,00,EHZ,61.13513513513514,-149.931698481745,2026-09-12T09:30:59.998000Z,2026-09-12T09:31:59.998000Z,100.0,100.0,60.0,,noise,0,Noise,timeofday:America/Anchorage:day7-19:night1-5,AM,2.0-20.0,353.60336737801185,3054.954030714471,336.06550787236887,3162.8209675693147,0.9032648233524329,6.765851981305153,9.098550362277452,,,2.46,218.98842291274408,14.442868374048889
904,,AM,R4017,00,EHZ,61.13513513513514,-149.931698481745,2026-09-12T09:31:59.998000Z,2026-09-12T09:32:59.998000Z,100.0,100.0,60.0,,noise,0,Noise,timeofday:America/Anchorage:day7-19:night1-5,AM,2.0-20.0,245.63535875821324,1267.9621142134022,218.98842291274408,995.0073912427398,0.7948049188155936,2.7724770542322545,0.34304223364538355,,,2.46,218.98842291274408,4.543652938398485
905,,AM,R4017,00,EHZ,61.13513513513514,-149.931698481745,2026-09-12T09:32:59.998000Z,2026-09-12T09:33:59.998000Z,100.0,100.0,60.0,,noise,0,Noise,timeofday:America/Anchorage:day7-19:night1-5,AM,2.0-20.0,267.558666177939,1692.0233668469225,244.94791252647644,1967.2075514656942,0.8381262460863436,4.684839663088556,2.782398895875736,,,2.46,218.98842291274408,8.983157763776068
906,,AM,R4017,00,EHZ,61.13513513513514,-149.931698481745,2026-09-12T09:33:59.998000Z,2026-09-12T09:34:59.998000Z,100.0,100.0,60.0,,noise,0,Noise,timeofday:America/Anchorage:day7-19:night1-5,AM,2.0-20.0,242.75743895332477,1035.9802602747989,217.5725600626108,885.1412086010937,0.8032729630994533,1.8462952493212694,0.002249700852067882,,,2.46,218.98842291274408,4.041954350042413
907,,AM,R4017,00,EHZ,61.13513513513514,-149.931698481745,2026-09-12T09:34:59.998000Z,2026-09-12T09:35:59.998000Z,100.0,100.0,60.0,,noise,0,Noise,timeofday:America/Anchorage:day7-19:night1-5,AM,2.0-20.0,244.37683523952597,995.994895937409,215.44530576458058,917.007792793617,0.7772379529560589,1.9629350594422847,0.1295038147660139,,,2.46,218.98842291274408,4.187471559439462
908,,AM,R4017,00,EHZ,61.13513513513514,-149.931698481745,2026-09-12T09:35:59.998000Z,2026-09-12T09:36:59.998000Z,100.0,100.0,60.0,,noise,0,Noise,timeofday:America/Anchorage:day7-19:night1-5,AM,2.0-20.0,359.0427036669447,3110.0031919766157,339.4691872175612,2898.602754506237,0.8939402869984799,4.665470602649543,7.017335142766818,,,2.46,218.98842291274408,13.236328733511108
909,,AM,R4017,00,EHZ,61.13513513513514,-149.931698481745,2026-09-12T09:36:59.998000Z,2026-09-12T09:37:59.998000Z,100.0,100.0,60.0,,noise,0,Noise,timeofday:America/Anchorage:day7-19:night1-5,AM,2.0-20.0,220.86478272130182,1122.988011991896,195.84326714292519,958.8075878746358,0.78625667687621,2.333553912767735,0.09516136187888424,,,2.46,218.98842291274408,4.3783482940405145
910,,AM,R4017,00,EHZ,61.13513513513514,-149.931698481745,2026-09-12T09:37:59.998000Z,2026-09-12T09:38:59.998000Z,100.0,100.0,60.0,,noise,0,Noise,timeofday:America/Anchorage:day7-19:night1-5,AM,2.0-20.0,336.53203467042124,2695.0262142693687,318.2612789817823,2606.9517611135766,0.8943649787823732,6.275739007019806,8.777043582913878,,,2.46,218.98842291274408,11.904518633628026
911,,AM,R4017,00,EHZ,61.13513513513514,-149.931698481745,2026-09-12T09:38:59.998000Z,2026-09-12T09:39:59.998000Z,100.0,100.0,60.0,,noise,0,Noise,timeofday:America/Anchorage:day7-19:night1-5,AM,2.0-20.0,236.02027768531144,920.0344981136407,211.7497169710345,836.3184845135955,0.8049094811727552,2.700501232436074,0.03440848764955007,,,2.46,218.98842291274408,3.81900775113955
912,,AM,R4017,00,EHZ,61.13513513513514,-149.931698481745,2026-09-12T09:39:59.998000Z,2026-09-12T09:40:59.998000Z,100.0,100.0,60.0,,noise,0,Noise,timeofday:America/Anchorage:day7-19:night1-5,AM,2.0-20.0,253.43298638530405,1919.951904535246,227.13216900577197,1913.5497946284245,0.8032135273008173,2.559435169474389,1.5442186025801394,,,2.46,218.98842291274408,8.738132222591869
913,,AM,R4017,00,EHZ,61.13513513513514,-149.931698481745,2026-09-12T09:40:59.998000Z,2026-09-12T09:41:59.998000Z,100.0,100.0,60.0,,noise,0,Noise,timeofday:America/Anchorage:day7-19:night1-5,AM,2.0-20.0,282.6294879380459,1988.0603827315538,259.1110903364686,1688.260780582959,0.8404987276053643,3.725789410431834,2.243962579550523,,,2.46,218.98842291274408,7.709360879116638
914,,AM,R4017,00,EHZ,61.13513513513514,-149.931698481745,2026-09-12T09:41:59.998000Z,2026-09-12T09:42:59.998000Z,100.0,100.0,60.0,,noise,0,Noise,timeofday:America/Anchorage:day7-19:night1-5,AM,2.0-20.0,241.23897424714946,980.0639924319405,207.49621958947924,893.5361032145429,0.7398189152685655,1.76108209877694,-0.11586642488214682,,,2.46,218.98842291274408,4.080289228671107
915,,AM,R4017,00,EHZ,61.13513513513514,-149.931698481745,2026-09-12T09:42:59.998000Z,2026-09-12T09:43:59.998000Z,100.0,100.0,60.0,,noise,0,Noise,timeofday:America/Anchorage:day7-19:night1-5,AM,2.0-20.0,282.7587349857974,1783.0801768511376,244.16509609316554,1787.6159956557708,0.7456501360398362,3.705574355634171,2.2713521078082897,,,2.46,218.98842291274408,8.163061644441571
916,,AM,R4017,00,EHZ,61.13513513513514,-149.931698481745,2026-09-12T09:43:59.998000Z,2026-09-12T09:44:59.998000Z,100.0,100.0,60.0,,noise,0,Noise,timeofday:America/Anchorage:day7-19:night1-5,AM,2.0-20.0,287.94697647729396,1711.9122187366154,237.26128955367,1478.7943398604655,0.6789358285563222,3.7179495151944666,2.1232851641510804,,,2.46,218.98842291274408,6.752842548437782
917,,AM,R4017,00,EHZ,61.13513513513514,-149.931698481745,2026-09-12T09:44:59.998000Z,2026-09-12T09:45:59.998000Z,100.0,100.0,60.0,,noise,0,Noise,timeofday:America/Anchorage:day7-19:night1-5,AM,2.0-20.0,304.22924989608833,2066.900483726094,279.18733503584184,2236.473134611866,0.8421500778170837,5.612506788446652,5.428841716911549,,,2.46,218.98842291274408,10.212745974717524
918,,AM,R4017,00,EHZ,61.13513513513514,-149.931698481745,2026-09-12T09:45:59.998000Z,2026-09-12T09:46:59.998000Z,100.0,100.0,60.0,,noise,0,Noise,timeofday:America/Anchorage:day7-19:night1-5,AM,2.0-20.0,239.46387250254412,925.1080562117825,209.99199051796055,752.0678204840407,0.7689984379563476,1.7542085558566824,-0.1478548050282087,,,2.46,218.98842291274408,3.434281184735058
919,,AM,R4017,00,EHZ,61.13513513513514,-149.931698481745,2026-09-12T09:46:59.998000Z,2026-09-12T09:47:59.998000Z,100.0,100.0,60.0,,noise,0,Noise,timeofday:America/Anchorage:day7-19:night1-5,AM,2.0-20.0,264.0484910172462,1292.8769927994579,231.0455493505384,1253.3918747456705,0.7656456762406484,2.9135955230020083,0.42288531982450595,,,2.46,218.98842291274408,5.723553136163204
920,,AM,R4017,00,EHZ,61.13513513513514,-149.931698481745,2026-09-12T09:47:59.998000Z,2026-09-12T09:48:59.998000Z,100.0,100.0,60.0,,noise,0,Noise,timeofday:America/Anchorage:day7-19:night1-5,AM,2.0-20.0,483.19260259233374,4161.86486580893,465.6682925271939,3940.205900439815,0.9287798434972231,4.412400822976894,7.355203236983309,,,2.46,218.98842291274408,17.992758923195634
921,,AM,R4017,00,EHZ,61.13513513513514,-149.931698481745,2026-09-12T09:48:59.998000Z,2026-09-12T09:49:59.998000Z,100.0,100.0,60.0,,noise,0,Noise,timeofday:America/Anchorage:day7-19:night1-5,AM,2.0-20.0,246.53687351168924,1175.8629512043333,224.7042569515557,1082.77708792046,0.8307279677255922,2.111918448474987,0.5506433114879217,,,2.46,218.98842291274408,4.944448996520206
922,,AM,R4017,00,EHZ,61.13513513513514,-149.931698481745,2026-09-12T09:49:59.998000Z,2026-09-12T09:50:59.998000Z,100.0,100.0,60.0,,noise,0,Noise,timeofday:America/Anchorage:day7-19:night1-5,AM,2.0-20.0,375.2074633672894,2476.8470054574095,359.0763911082572,2160.084057891436,0.9158635316083161,4.501722072307165,3.566948362510142,,,2.46,218.98842291274408,9.86391896503187
923,,AM,R4017,00,EHZ,61.13513513513514,-149.931698481745,2026-09-12T09:50:59.998000Z,2026-09-12T09:51:59.998000Z,100.0,100.0,60.0,,noise,0,Noise,timeofday:America/Anchorage:day7-19:night1-5,AM,2.0-20.0,267.3613456801042,1398.158013628887,247.3754906873166,1372.2327486921085,0.8560834484355794,2.059877945300179,0.5208531991396805,,,2.46,218.98842291274408,6.266234216586302
924,,AM,R4017,00,EHZ,61.13513513513514,-149.931698481745,2026-09-12T09:51:59.998000Z,2026-09-12T09:52:59.998000Z,100.0,100.0,60.0,,noise,0,Noise,timeofday:America/Anchorage:day7-19:night1-5,AM,2.0-20.0,283.246040726586,2004.1771614169813,263.36698791893855,1974.7556218101695,0.8645596802015738,3.941235673326784,4.708459036368364,,,2.46,218.98842291274408,9.017625660499005
925,,AM,R4017,00,EHZ,61.13513513513514,-149.931698481745,2026-09-12T09:53:59.998000Z,2026-09-12T09:54:59.998000Z,100.0,100.0,60.0,,noise,0,Noise,timeofday:America/Anchorage:day7-19:night1-5,AM,2.0-20.0,246.82642398211502,1437.1901507635414,222.9176041054893,1173.3614875303397,0.8156529868963174,3.133352646435007,0.7146934337331596,,,2.46,218.98842291274408,5.358098258910543
926,,AM,R4017,00,EHZ,61.13513513513514,-149.931698481745,2026-09-12T09:54:59.998000Z,2026-09-12T09:55:59.998000Z,100.0,100.0,60.0,,noise,0,Noise,timeofday:America/Anchorage:day7-19:night1-5,AM,2.0-20.0,227.5363551842939,860.2091417596278,201.94418546799469,827.9349415583108,0.7877004839015571,1.9391617589053416,-0.11181459854240083,,,2.46,218.98842291274408,3.7807247093066714
927,,AM,R4017,00,EHZ,61.13513513513514,-149.931698481745,2026-09-12T09:55:59.998000Z,2026-09-12T09:56:59.998000Z,100.0,100.0,60.0,,noise,0,Noise,timeofday:America/Anchorage:day7-19:night1-5,AM,2.0-20.0,233.52889555279035,794.2134831560363,202.9635721319328,717.9633789041235,0.7553616727645913,1.557285842884633,-0.2232851627809347,,,2.46,218.98842291274408,3.2785449082401765
928,,AM,R4017,00,EHZ,61.13513513513514,-149.931698481745,2026-09-12T09:56:59.998000Z,2026-09-12T09:57:59.998000Z,100.0,100.0,60.0,,noise,0,Noise,timeofday:America/Anchorage:day7-19:night1-5,AM,2.0-20.0,232.40267856003274,937.7785065146343,208.25602090374315,727.4649931111798,0.802995060750163,1.728089991893168,-0.15280743795611595,,,2.46,218.98842291274408,3.3219335681550533
929,,AM,R4017,00,EHZ,61.13513513513514,-149.931698481745,2026-09-12T09:59:59.998000Z,2026-09-12T10:00:59.998000Z,100.0,100.0,60.0,,noise,0,Noise,timeofday:America/Anchorage:day7-19:night1-5,AM,2.0-20.0,265.4957654824261,1182.738643018394,240.7157493226485,1268.8030870007713,0.8220416347160143,2.0256749985629123,0.1654156860909488,,,2.46,218.98842291274408,5.793927688617246
930,,AM,R4017,00,EHZ,61.13513513513514,-149.931698481745,2026-09-12T10:00:59.998000Z,2026-09-12T10:01:59.998000Z,100.0,100.0,60.0,,noise,0,Noise,timeofday:America/Anchorage:day7-19:night1-5,AM,2.0-20.0,293.76299516574284,2052.7338469251695,274.203586113827,2353.8588347057052,0.871268646020773,5.162641333670004,3.57604240330069,,,2.46,218.98842291274408,10.748782074400344
931,,AM,R4017,00,EHZ,61.13513513513514,-149.931698481745,2026-09-12T10:01:59.998000Z,2026-09-12T10:02:59.998000Z,100.0,100.0,60.0,,noise,0,Noise,timeofday:America/Anchorage:day7-19:night1-5,AM,2.0-20.0,294.48003615291145,1598.2803079086264,273.73699211332337,1650.470407201122,0.8640826124703755,3.8293805507494882,1.4621203437896604,,,2.46,218.98842291274408,7.5367929740228865
932,,AM,R4017,00,EHZ,61.13513513513514,-149.931698481745,2026-09-12T10:02:59.998000Z,2026-09-12T10:03:59.998000Z,100.0,100.0,60.0,,noise,0,Noise,timeofday:America/Anchorage:day7-19:night1-5,AM,2.0-20.0,235.87036540450146,969.715197387224,206.04243463003726,856.2863242808539,0.7630738769346144,2.3477431216467615,0.036347234464889855,,,2.46,218.98842291274408,3.910189921875647
933,,AM,R4017,00,EHZ,61.13513513513514,-149.931698481745,2026-09-12T10:03:59.998000Z,2026-09-12T10:04:59.998000Z,100.0,100.0,60.0,,noise,0,Noise,timeofday:America/Anchorage:day7-19:night1-5,AM,2.0-20.0,340.88649416753816,2835.7003753163403,323.3641113502538,2577.4851430843473,0.8998374129062925,6.7101697542510585,7.517728478524717,,,2.46,218.98842291274408,11.769960753182582
934,,AM,R4017,00,EHZ,61.13513513513514,-149.931698481745,2026-09-12T10:04:59.998000Z,2026-09-12T10:05:59.998000Z,100.0,100.0,60.0,,noise,0,Noise,timeofday:America/Anchorage:day7-19:night1-5,AM,2.0-20.0,220.47115818643655,791.6892117255736,195.9432461194968,647.8933207220118,0.7898725658825757,1.436778141567804,-0.3059268923558993,,,2.46,218.98842291274408,2.958573389882646
935,,AM,R4017,00,EHZ,61.13513513513514,-149.931698481745,2026-09-12T10:05:59.998000Z,2026-09-12T10:06:59.998000Z,100.0,100.0,60.0,,noise,0,Noise,timeofday:America/Anchorage:day7-19:night1-5,AM,2.0-20.0,227.06338452698736,862.321894374789,203.97954696747868,730.1244797500402,0.8070102146101211,1.7297740087648545,-0.08756631402499648,,,2.46,218.98842291274408,3.334077984757022
936,,AM,R4017,00,EHZ,61.13513513513514,-149.931698481745,2026-09-12T10:06:59.998000Z,2026-09-12T10:07:59.998000Z,100.0,100.0,60.0,,noise,0,Noise,timeofday:America/Anchorage:day7-19:night1-5,AM,2.0-20.0,235.60280169634524,1384.6748513200362,212.81938827416764,1388.728631716101,0.8159461166972688,2.904802764293826,0.5166350933155508,,,2.46,218.98842291274408,6.341561865439068
937,,AM,R4017,00,EHZ,61.13513513513514,-149.931698481745,2026-09-12T10:07:59.998000Z,2026-09-12T10:08:59.998000Z,100.0,100.0,60.0,,noise,0,Noise,timeofday:America/Anchorage:day7-19:night1-5,AM,2.0-20.0,222.82288211055254,794.3457250174363,197.32800688086292,657.4770626221725,0.7842560613329942,1.6878756150712975,-0.22982599055562236,,,2.46,218.98842291274408,3.002337081920281
938,,AM,R4017,00,EHZ,61.13513513513514,-149.931698481745,2026-09-12T10:08:59.998000Z,2026-09-12T10:09:59.998000Z,100.0,100.0,60.0,,noise,0,Noise,timeofday:America/Anchorage:day7-19:night1-5,AM,2.0-20.0,267.8586552965271,1880.3560907111098,242.21208591185288,1735.7181346746208,0.8176741178363626,3.846380807134768,2.872990331524842,,,2.46,218.98842291274408,7.926072582230603
939,,AM,R4017,00,EHZ,61.13513513513514,-149.931698481745,2026-09-12T10:09:59.998000Z,2026-09-12T10:10:59.998000Z,100.0,100.0,60.0,,noise,0,Noise,timeofday:America/Anchorage:day7-19:night1-5,AM,2.0-20.0,460.9749180249359,4275.642505129377,446.00015340853804,4007.7756560752955,0.9360852987137738,3.4809312567526036,10.191324646762382,,,2.46,218.98842291274408,18.301312931378995
940,,AM,R4017,00,EHZ,61.13513513513514,-149.931698481745,2026-09-12T10:10:59.998000Z,2026-09-12T10:11:59.998000Z,100.0,100.0,60.0,,noise,0,Noise,timeofday:America/Anchorage:day7-19:night1-5,AM,2.0-20.0,235.22130990809495,1046.6287562126597,205.89810589184796,898.5021064256039,0.7662162787245997,3.0937689454974846,0.19260568121691124,,,2.46,218.98842291274408,4.102966241204504
941,,AM,R4017,00,EHZ,61.13513513513514,-149.931698481745,2026-09-12T10:11:59.998000Z,2026-09-12T10:12:59.998000Z,100.0,100.0,60.0,,noise,0,Noise,timeofday:America/Anchorage:day7-19:night1-5,AM,2.0-20.0,263.0481537234376,1525.6161083242475,237.2762471235034,1304.3797559086433,0.8136507209636297,4.907316441819535,1.7305083892831714,,,2.46,218.98842291274408,5.956386819719567
942,,AM,R4017,00,EHZ,61.13513513513514,-149.931698481745,2026-09-12T10:12:59.998000Z,2026-09-12T10:13:59.998000Z,100.0,100.0,60.0,,noise,0,Noise,timeofday:America/Anchorage:day7-19:night1-5,AM,2.0-20.0,255.52059401940485,1012.6117982862377,219.98886669183918,907.8900779112396,0.7412241964240934,2.3417200101509907,0.02807102749699686,,,2.46,218.98842291274408,4.145835957150065
943,,AM,R4017,00,EHZ,61.13513513513514,-149.931698481745,2026-09-12T10:13:59.998000Z,2026-09-12T10:14:59.998000Z,100.0,100.0,60.0,,noise,0,Noise,timeofday:America/Anchorage:day7-19:night1-5,AM,2.0-20.0,227.58563926133144,810.4044558182943,198.76083650273807,750.5223526309884,0.7627319217499215,1.6494143367815735,-0.10761150736168767,,,2.46,218.98842291274408,3.4272238808260376
944,,AM,R4017,00,EHZ,61.13513513513514,-149.931698481745,2026-09-12T10:14:59.998000Z,2026-09-12T10:15:59.998000Z,100.0,100.0,60.0,,noise,0,Noise,timeofday:America/Anchorage:day7-19:night1-5,AM,2.0-20.0,304.5836821738706,3444.415439969322,283.9360251542595,3692.26262306228,0.8690159174506854,6.629299455260311,15.965486087566006,,,2.46,218.98842291274408,16.86053798621794
945,,AM,R4017,00,EHZ,61.13513513513514,-149.931698481745,2026-09-12T10:15:59.998000Z,2026-09-12T10:16:59.998000Z,100.0,100.0,60.0,,noise,0,Noise,timeofday:America/Anchorage:day7-19:night1-5,AM,2.0-20.0,243.63739417615528,1457.580427690278,220.95673370714854,1170.8586026315916,0.8224823574272726,3.1200767752343967,1.1121800150367038,,,2.46,218.98842291274408,5.346668956550822
946,,AM,R4017,00,EHZ,61.13513513513514,-149.931698481745,2026-09-12T10:16:59.998000Z,2026-09-12T10:17:59.998000Z,100.0,100.0,60.0,,noise,0,Noise,timeofday:America/Anchorage:day7-19:night1-5,AM,2.0-20.0,344.3717969901546,3981.439998823724,317.5117801646274,3431.425404173414,0.8500892654753942,5.182943524058794,11.33242904296616,,,2.46,218.98842291274408,15.66943749140869
947,,AM,R4017,00,EHZ,61.13513513513514,-149.931698481745,2026-09-12T10:17:59.998000Z,2026-09-12T10:18:59.998000Z,100.0,100.0,60.0,,noise,0,Noise,timeofday:America/Anchorage:day7-19:night1-5,AM,2.0-20.0,501.4933635534024,3802.4412218013645,493.1823519077118,3850.7183015152686,0.9671295972479935,6.835627694469689,9.130289105375468,,,2.46,218.98842291274408,17.58411814787847
948,,AM,R4017,00,EHZ,61.13513513513514,-149.931698481745,2026-09-12T10:18:59.998000Z,2026-09-12T10:19:59.998000Z,100.0,100.0,60.0,,noise,0,Noise,timeofday:America/Anchorage:day7-19:night1-5,AM,2.0-20.0,310.41761534847876,1792.5463881459616,288.1502760872205,1716.522477752318,0.8616787114654015,4.643287977168123,2.951383808189246,,,2.46,218.98842291274408,7.838416546961783
949,,AM,R4017,00,EHZ,61.13513513513514,-149.931698481745,2026-09-12T10:19:59.998000Z,2026-09-12T10:20:59.998000Z,100.0,100.0,60.0,,noise,0,Noise,timeofday:America/Anchorage:day7-19:night1-5,AM,2.0-20.0,230.05954347549482,770.5358900501521,199.0705573842939,714.6774831315687,0.7487443488830423,1.6104108521683225,-0.1581668640686127,,,2.46,218.98842291274408,3.2635400247451978
950,,AM,R4017,00,EHZ,61.13513513513514,-149.931698481745,2026-09-12T10:20:59.998000Z,2026-09-12T10:21:59.998000Z,100.0,100.0,60.0,,noise,0,Noise,timeofday:America/Anchorage:day7-19:night1-5,AM,2.0-20.0,416.64465293300736,3314.476998252671,399.83400604821514,3394.4725556639387,0.9209325671989622,6.056539709824506,11.854688738032104,,,2.46,218.98842291274408,15.500694102977608
951,,AM,R4017,00,EHZ,61.13513513513514,-149.931698481745,2026-09-12T10:21:59.998000Z,2026-09-12T10:22:59.998000Z,100.0,100.0,60.0,,noise,0,Noise,timeofday:America/Anchorage:day7-19:night1-5,AM,2.0-20.0,299.8765314930209,1299.4881601013042,258.2639428865776,1126.2587441518956,0.7417244517167738,2.27459034218327,0.36125140241249154,,,2.46,218.98842291274408,5.143005868399962
952,,AM,R4017,00,EHZ,61.13513513513514,-149.931698481745,2026-09-12T10:22:59.998000Z,2026-09-12T10:23:59.998000Z,100.0,100.0,60.0,,noise,0,Noise,timeofday:America/Anchorage:day7-19:night1-5,AM,2.0-20.0,355.86524467589345,3151.502022977041,331.38743296371314,3168.151789664996,0.8671633604800922,4.523330289251383,10.519346227702556,,,2.46,218.98842291274408,14.467211314304711
953,,AM,R4017,00,EHZ,61.13513513513514,-149.931698481745,2026-09-12T10:23:59.998000Z,2026-09-12T10:24:59.998000Z,100.0,100.0,60.0,,noise,0,Noise,timeofday:America/Anchorage:day7-19:night1-5,AM,2.0-20.0,226.6506720193394,804.5127015343753,204.0404751704426,881.430441495145,0.810435824514746,1.9022748904370665,-0.046507100252600075,,,2.46,218.98842291274408,4.0250093122336015
954,,AM,R4017,00,EHZ,61.13513513513514,-149.931698481745,2026-09-12T10:24:59.998000Z,2026-09-12T10:25:59.998000Z,100.0,100.0,60.0,,noise,0,Noise,timeofday:America/Anchorage:day7-19:night1-5,AM,2.0-20.0,397.39857116568504,2872.515779884074,383.4535777617433,2858.3729111749903,0.9310499603211162,5.12809233612837,6.555343371966112,,,2.46,218.98842291274408,13.052621107344605
955,,AM,R4017,00,EHZ,61.13513513513514,-149.931698481745,2026-09-12T10:25:59.998000Z,2026-09-12T10:26:59.998000Z,100.0,100.0,60.0,,noise,0,Noise,timeofday:America/Anchorage:day7-19:night1-5,AM,2.0-20.0,371.5025067424288,4460.5252501211835,354.8182757595324,4149.357933080589,0.9121966335033745,6.564485318884423,16.8438150202097,,,2.46,218.98842291274408,18.947841524635756
956,,AM,R4017,00,EHZ,61.13513513513514,-149.931698481745,2026-09-12T10:26:59.998000Z,2026-09-12T10:27:59.998000Z,100.0,100.0,60.0,,noise,0,Noise,timeofday:America/Anchorage:day7-19:night1-5,AM,2.0-20.0,259.9079587707699,1546.4554853677835,235.21823151635402,1665.49786135872,0.8190356468041498,4.090849521007433,1.3842476552348417,,,2.46,218.98842291274408,7.60541511375849
957,,AM,R4017,00,EHZ,61.13513513513514,-149.931698481745,2026-09-12T10:28:59.998000Z,2026-09-12T10:29:59.998000Z,100.0,100.0,60.0,,noise,0,Noise,timeofday:America/Anchorage:day7-19:night1-5,AM,2.0-20.0,389.89963607778765,2918.4408531894364,375.4492911388468,3419.876879544994,0.9272501617210296,4.1458775785293405,7.074514736348581,,,2.46,218.98842291274408,15.616701714444712
958,,AM,R4017,00,EHZ,61.13513513513514,-149.931698481745,2026-09-12T10:29:59.998000Z,2026-09-12T10:30:59.998000Z,100.0,100.0,60.0,,noise,0,Noise,timeofday:America/Anchorage:day7-19:night1-5,AM,2.0-20.0,478.1406967789342,3628.4289091229143,464.6929942852874,3438.8881267697575,0.9445410343382952,4.772377884310058,6.807961425119837,,,2.46,218.98842291274408,15.70351565178394
959,,AM,R4017,00,EHZ,61.13513513513514,-149.931698481745,2026-09-12T10:30:59.998000Z,2026-09-12T10:31:59.998000Z,100.0,100.0,60.0,,noise,0,Noise,timeofday:America/Anchorage:day7-19:night1-5,AM,2.0-20.0,230.87494945308322,893.5793904005589,209.51507757202214,796.3075162230575,0.8235252837967272,1.9624158212334766,-0.20847753449644513,,,2.46,218.98842291274408,3.636299607218717
960,,AM,R4017,00,EHZ,61.13513513513514,-149.931698481745,2026-09-12T10:31:59.998000Z,2026-09-12T10:32:59.998000Z,100.0,100.0,60.0,,noise,0,Noise,timeofday:America/Anchorage:day7-19:night1-5,AM,2.0-20.0,220.3408891564688,802.5929320034013,197.8675237502884,729.1891695634896,0.8064154545503748,1.6122886746100114,-0.18094175199150442,,,2.46,218.98842291274408,3.3298069362051845
961,,AM,R4017,00,EHZ,61.13513513513514,-149.931698481745,2026-09-12T10:32:59.998000Z,2026-09-12T10:33:59.998000Z,100.0,100.0,60.0,,noise,0,Noise,timeofday:America/Anchorage:day7-19:night1-5,AM,2.0-20.0,219.92809082705085,726.6029109434642,195.12244105441027,647.5407879837094,0.787141903533441,1.521790337197405,-0.2706906497335062,,,2.46,218.98842291274408,2.9569635662508147
962,,AM,R4017,00,EHZ,61.13513513513514,-149.931698481745,2026-09-12T10:33:59.998000Z,2026-09-12T10:34:59.998000Z,100.0,100.0,60.0,,noise,0,Noise,timeofday:America/Anchorage:day7-19:night1-5,AM,2.0-20.0,255.979126491231,1953.617490857807,237.79339894079382,2015.8191230576392,0.8629596383294222,6.22715065795596,5.1457777752735705,,,2.46,218.98842291274408,9.205140145060737
963,,AM,R4017,00,EHZ,61.13513513513514,-149.931698481745,2026-09-12T10:34:59.998000Z,2026-09-12T10:35:59.998000Z,100.0,100.0,60.0,,noise,0,Noise,timeofday:America/Anchorage:day7-19:night1-5,AM,2.0-20.0,237.49571511361847,1435.381779188301,217.36992666629092,1446.1690587007122,0.8376977726302102,1.997943077799615,1.0569280452731364,,,2.46,218.98842291274408,6.603860786179268
964,,AM,R4017,00,EHZ,61.13513513513514,-149.931698481745,2026-09-12T10:35:59.998000Z,2026-09-12T10:36:59.998000Z,100.0,100.0,60.0,,noise,0,Noise,timeofday:America/Anchorage:day7-19:night1-5,AM,2.0-20.0,222.85607670775582,777.636351193891,199.37175975755412,669.6027284608028,0.8003470030612042,1.6724229403689537,-0.17243882218582884,,,2.46,218.98842291274408,3.0577083461969403
965,,AM,R4017,00,EHZ,61.13513513513514,-149.931698481745,2026-09-12T10:36:59.998000Z,2026-09-12T10:37:59.998000Z,100.0,100.0,60.0,,noise,0,Noise,timeofday:America/Anchorage:day7-19:night1-5,AM,2.0-20.0,269.3331987317505,940.6433179853195,245.64560426453176,921.1235566390726,0.8318369658369724,3.130923786925883,0.11697261745030785,,,2.46,218.98842291274408,4.2062659951941574
966,,AM,R4017,00,EHZ,61.13513513513514,-149.931698481745,2026-09-12T10:37:59.998000Z,2026-09-12T10:38:59.998000Z,100.0,100.0,60.0,,noise,0,Noise,timeofday:America/Anchorage:day7-19:night1-5,AM,2.0-20.0,228.65124570721855,796.3494835195122,200.5911059181126,673.2320541153579,0.7696197463075818,1.6098214126497994,-0.19396174056020898,,,2.46,218.98842291274408,3.0742814855724454
967,,AM,R4017,00,EHZ,61.13513513513514,-149.931698481745,2026-09-12T10:38:59.998000Z,2026-09-12T10:39:59.998000Z,100.0,100.0,60.0,,noise,0,Noise,timeofday:America/Anchorage:day7-19:night1-5,AM,2.0-20.0,253.790392916207,1060.3361980102743,226.09033176981376,891.0894082704895,0.793621867826623,2.797344090092324,0.23223642573328496,,,2.46,218.98842291274408,4.0691165150111335
968,,AM,R4017,00,EHZ,61.13513513513514,-149.931698481745,2026-09-12T10:39:59.998000Z,2026-09-12T10:40:59.998000Z,100.0,100.0,60.0,,noise,0,Noise,timeofday:America/Anchorage:day7-19:night1-5,AM,2.0-20.0,250.26295058225233,1588.3266720248973,225.86941271076728,1396.095150403615,0.8145574575756764,2.5417161358719618,0.8853358570282399,,,2.46,218.98842291274408,6.375200715335938
969,,AM,R4017,00,EHZ,61.13513513513514,-149.931698481745,2026-09-12T10:40:59.998000Z,2026-09-12T10:41:59.998000Z,100.0,100.0,60.0,,noise,0,Noise,timeofday:America/Anchorage:day7-19:night1-5,AM,2.0-20.0,227.83792186183268,880.6840368690539,199.56638846334866,739.9252107834726,0.7672250507034135,1.5714734758855489,-0.15628628290924595,,,2.46,218.98842291274408,3.378832547135589
970,,AM,R4017,00,EHZ,61.13513513513514,-149.931698481745,2026-09-12T10:41:59.998000Z,2026-09-12T10:42:59.998000Z,100.0,100.0,60.0,,noise,0,Noise,timeofday:America/Anchorage:day7-19:night1-5,AM,2.0-20.0,231.02644752010843,1019.3072158791945,191.06061130590933,700.6840668323133,0.683941451652776,1.5374179647800839,-0.1669093407771407,,,2.46,218.98842291274408,3.199639768680835
971,,AM,R4017,00,EHZ,61.13513513513514,-149.931698481745,2026-09-12T10:42:59.998000Z,2026-09-12T10:43:59.998000Z,100.0,100.0,60.0,,noise,0,Noise,timeofday:America/Anchorage:day7-19:night1-5,AM,2.0-20.0,228.62185200701796,726.2941272310306,199.84711545417974,660.60156674679,0.7641177552756971,1.9692613414038052,-0.2539049373549669,,,2.46,218.98842291274408,3.0166049782915083
972,,AM,R4017,00,EHZ,61.13513513513514,-149.931698481745,2026-09-12T10:43:59.998000Z,2026-09-12T10:44:59.998000Z,100.0,100.0,60.0,,noise,0,Noise,timeofday:America/Anchorage:day7-19:night1-5,AM,2.0-20.0,234.4337033921162,1138.7217575412217,203.7292389969429,947.0506177119616,0.7552080827102908,2.172477781235541,0.015948473010865882,,,2.46,218.98842291274408,4.324660660665673
973,,AM,R4017,00,EHZ,61.13513513513514,-149.931698481745,2026-09-12T10:44:59.998000Z,2026-09-12T10:45:59.998000Z,100.0,100.0,60.0,,noise,0,Noise,timeofday:America/Anchorage:day7-19:night1-5,AM,2.0-20.0,272.7043313849625,1021.2759742011037,217.46428795761028,834.6158393830435,0.6359043890541621,1.833557857491455,-0.042978113298109744,,,2.46,218.98842291274408,3.8112327048247483
974,,AM,R4017,00,EHZ,61.13513513513514,-149.931698481745,2026-09-12T10:45:59.998000Z,2026-09-12T10:46:59.998000Z,100.0,100.0,60.0,,noise,0,Noise,timeofday:America/Anchorage:day7-19:night1-5,AM,2.0-20.0,347.1174032783306,2856.259666090434,316.69313667815373,2920.8088334465547,0.8323855387954452,6.246283878414407,9.042126508971482,,,2.46,218.98842291274408,13.337731714750742
975,,AM,R4017,00,EHZ,61.13513513513514,-149.931698481745,2026-09-12T10:46:59.998000Z,2026-09-12T10:47:59.998000Z,100.0,100.0,60.0,,noise,0,Noise,timeofday:America/Anchorage:day7-19:night1-5,AM,2.0-20.0,235.69793568567334,1311.7463442697629,206.74400255253494,1234.5561184376845,0.769403720718155,3.4510308062559663,0.770391443050948,,,2.46,218.98842291274408,5.63754056957428
976,,AM,R4017,00,EHZ,61.13513513513514,-149.931698481745,2026-09-12T10:47:59.998000Z,2026-09-12T10:48:59.998000Z,100.0,100.0,60.0,,noise,0,Noise,timeofday:America/Anchorage:day7-19:night1-5,AM,2.0-20.0,224.75657208452193,855.7555392497964,200.6381624381142,709.0303510467398,0.7968971686353202,1.7081144123935905,-0.21596693040212323,,,2.46,218.98842291274408,3.237752670282725
977,,AM,R4017,00,EHZ,61.13513513513514,-149.931698481745,2026-09-12T10:48:59.998000Z,2026-09-12T10:49:59.998000Z,100.0,100.0,60.0,,noise,0,Noise,timeofday:America/Anchorage:day7-19:night1-5,AM,2.0-20.0,268.8521894761979,1267.7653735927854,244.8552986007215,1117.2651970097281,0.8294531440303652,3.1570737618252775,0.3771553162008692,,,2.46,218.98842291274408,5.101937272067128
978,,AM,R4017,00,EHZ,61.13513513513514,-149.931698481745,2026-09-12T10:49:59.998000Z,2026-09-12T10:50:59.998000Z,100.0,100.0,60.0,,noise,0,Noise,timeofday:America/Anchorage:day7-19:night1-5,AM,2.0-20.0,227.76570090858536,924.7751121184376,205.0810536535707,822.6839048122497,0.8107266160029484,1.8353781732229169,-0.01886199536793498,,,2.46,218.98842291274408,3.7567461049758233
979,,AM,R4017,00,EHZ,61.13513513513514,-149.931698481745,2026-09-12T10:50:59.998000Z,2026-09-12T10:51:59.998000Z,100.0,100.0,60.0,,noise,0,Noise,timeofday:America/Anchorage:day7-19:night1-5,AM,2.0-20.0,376.91194815861905,3596.2058272001373,362.3165573999678,4147.3243876370325,0.9240523006553883,6.068632782305899,13.84783793339479,,,2.46,218.98842291274408,18.93855543810886
980,,AM,R4017,00,EHZ,61.13513513513514,-149.931698481745,2026-09-12T10:51:59.998000Z,2026-09-12T10:52:59.998000Z,100.0,100.0,60.0,,noise,0,Noise,timeofday:America/Anchorage:day7-19:night1-5,AM,2.0-20.0,246.51783281948323,1148.204304575556,225.04370079051722,1226.4147504346424,0.8333684215992738,2.1073639652749483,0.5052603008551304,,,2.46,218.98842291274408,5.600363407901738
981,,AM,R4017,00,EHZ,61.13513513513514,-149.931698481745,2026-09-12T10:52:59.998000Z,2026-09-12T10:53:59.998000Z,100.0,100.0,60.0,,noise,0,Noise,timeofday:America/Anchorage:day7-19:night1-5,AM,2.0-20.0,215.82582290020014,787.8098467739767,194.4023363563279,746.6487429283487,0.8113274112265829,1.6973065682226185,-0.18579423246519378,,,2.46,218.98842291274408,3.409535230206443
982,,AM,R4017,00,EHZ,61.13513513513514,-149.931698481745,2026-09-12T10:53:59.998000Z,2026-09-12T10:54:59.998000Z,100.0,100.0,60.0,,noise,0,Noise,timeofday:America/Anchorage:day7-19:night1-5,AM,2.0-20.0,216.79013096482348,930.8244684995227,193.83066427397506,736.7587090915945,0.7994033295577397,1.6030880306456454,-0.3000683275917466,,,2.46,218.98842291274408,3.3643728709127054
983,,AM,R4017,00,EHZ,61.13513513513514,-149.931698481745,2026-09-12T10:54:59.998000Z,2026-09-12T10:55:59.998000Z,100.0,100.0,60.0,,noise,0,Noise,timeofday:America/Anchorage:day7-19:night1-5,AM,2.0-20.0,212.12333864602,947.8358603097624,190.75871718705972,650.2046559877172,0.8087082593491173,1.522260583394226,-0.216338556108985,,,2.46,218.98842291274408,2.9691279901439867
984,,AM,R4017,00,EHZ,61.13513513513514,-149.931698481745,2026-09-12T10:55:59.998000Z,2026-09-12T10:56:59.998000Z,100.0,100.0,60.0,,noise,0,Noise,timeofday:America/Anchorage:day7-19:night1-5,AM,2.0-20.0,226.0940415069062,775.8404717368469,204.66136975826777,693.903819424667,0.819395394714739,1.6993477184850363,-0.15367261404923038,,,2.46,218.98842291274408,3.1686780981164144
985,,AM,R4017,00,EHZ,61.13513513513514,-149.931698481745,2026-09-12T10:56:59.998000Z,2026-09-12T10:57:59.998000Z,100.0,100.0,60.0,,noise,0,Noise,timeofday:America/Anchorage:day7-19:night1-5,AM,2.0-20.0,236.60377869975258,932.8536509759435,211.7997371234041,909.8572266965714,0.8013227650290989,2.0987529658959363,0.22590660264444962,,,2.46,218.98842291274408,4.154818846561144
986,,AM,R4017,00,EHZ,61.13513513513514,-149.931698481745,2026-09-12T10:57:59.998000Z,2026-09-12T10:58:59.998000Z,100.0,100.0,60.0,,noise,0,Noise,timeofday:America/Anchorage:day7-19:night1-5,AM,2.0-20.0,356.2465823652445,3648.8604174220313,339.55844810039855,3436.8891699360497,0.908505721625683,6.471990951590206,9.096854961633603,,,2.46,218.98842291274408,15.694387512464427
987,,AM,R4017,00,EHZ,61.13513513513514,-149.931698481745,2026-09-12T10:58:59.998000Z,2026-09-12T10:59:59.998000Z,100.0,100.0,60.0,,noise,0,Noise,timeofday:America/Anchorage:day7-19:night1-5,AM,2.0-20.0,394.4069901855722,3006.870035740482,378.7306805193997,2994.590708704347,0.9220867247063504,4.3973970792272015,5.722442601005353,,,2.46,218.98842291274408,13.674653065552883
988,,AM,R4017,00,EHZ,61.13513513513514,-149.931698481745,2026-09-12T11:00:59.998000Z,2026-09-12T11:01:59.998000Z,100.0,100.0,60.0,,noise,0,Noise,timeofday:America/Anchorage:day7-19:night1-5,AM,2.0-20.0,253.65370846843905,1764.8998366742564,233.36002749566958,1763.7390690556344,0.8463899583735546,4.546419860356333,4.063432154381956,,,2.46,218.98842291274408,8.054028818493277
989,,AM,R4017,00,EHZ,61.13513513513514,-149.931698481745,2026-09-12T11:02:59.998000Z,2026-09-12T11:03:59.998000Z,100.0,100.0,60.0,,noise,0,Noise,timeofday:America/Anchorage:day7-19:night1-5,AM,2.0-20.0,340.6387719288835,2821.080104401884,324.0866778102681,2955.269412872863,0.905178439805323,7.490558431239563,8.345727879988086,,,2.46,218.98842291274408,13.495094277428493
990,,AM,R4017,00,EHZ,61.13513513513514,-149.931698481745,2026-09-12T11:03:59.998000Z,2026-09-12T11:04:59.998000Z,100.0,100.0,60.0,,noise,0,Noise,timeofday:America/Anchorage:day7-19:night1-5,AM,2.0-20.0,257.13213901084964,1083.9218450453775,237.4372478255356,1289.173551231434,0.8526778354803248,2.48672514779195,0.8153706636525975,,,2.46,218.98842291274408,5.886948424415591
991,,AM,R4017,00,EHZ,61.13513513513514,-149.931698481745,2026-09-12T11:04:59.998000Z,2026-09-12T11:05:59.998000Z,100.0,100.0,60.0,,noise,0,Noise,timeofday:America/Anchorage:day7-19:night1-5,AM,2.0-20.0,223.99106055059983,781.9358901247726,203.94284717016728,660.3288571301325,0.8290020107954034,1.6263124160749722,-0.15756789710078545,,,2.46,218.98842291274408,3.0153596630687662
992,,AM,R4017,00,EHZ,61.13513513513514,-149.931698481745,2026-09-12T11:05:59.998000Z,2026-09-12T11:06:59.998000Z,100.0,100.0,60.0,,noise,0,Noise,timeofday:America/Anchorage:day7-19:night1-5,AM,2.0-20.0,451.08326186833347,3318.050155386772,438.69340555210965,3198.377748175269,0.9458206415014395,3.624890572351112,7.127844624010313,,,2.46,218.98842291274408,14.605236686186203
993,,AM,R4017,00,EHZ,61.13513513513514,-149.931698481745,2026-09-12T11:06:59.998000Z,2026-09-12T11:07:59.998000Z,100.0,100.0,60.0,,noise,0,Noise,timeofday:America/Anchorage:day7-19:night1-5,AM,2.0-20.0,243.10556238952395,1298.0448627855292,222.60589933724032,1494.1496039315584,0.8384623139241819,3.973415553828336,1.128497144235559,,,2.46,218.98842291274408,6.822961616226179
994,,AM,R4017,00,EHZ,61.13513513513514,-149.931698481745,2026-09-12T11:07:59.998000Z,2026-09-12T11:08:59.998000Z,100.0,100.0,60.0,,noise,0,Noise,timeofday:America/Anchorage:day7-19:night1-5,AM,2.0-20.0,305.6436978959388,2975.9674645503405,289.1825269043837,2749.7697878607323,0.895185843701939,7.022795232936514,9.715336620546182,,,2.46,218.98842291274408,12.556690218077774
995,,AM,R4017,00,EHZ,61.13513513513514,-149.931698481745,2026-09-12T11:08:59.998000Z,2026-09-12T11:09:59.998000Z,100.0,100.0,60.0,,noise,0,Noise,timeofday:America/Anchorage:day7-19:night1-5,AM,2.0-20.0,376.7883075524197,2865.0186210302704,362.92752633120114,3052.3766437931545,0.9277799492987697,4.815918737210047,10.326709068217802,,,2.46,218.98842291274408,13.938529732274358
996,,AM,R4017,00,EHZ,61.13513513513514,-149.931698481745,2026-09-12T11:09:59.998000Z,2026-09-12T11:10:59.998000Z,100.0,100.0,60.0,,noise,0,Noise,timeofday:America/Anchorage:day7-19:night1-5,AM,2.0-20.0,270.8615458466726,1409.0159695032523,246.06607409710574,1523.649779876242,0.8252941660728704,2.8580532066547204,0.9324775357976471,,,2.46,218.98842291274408,6.957672737263103
997,,AM,R4017,00,EHZ,61.13513513513514,-149.931698481745,2026-09-12T11:10:59.998000Z,2026-09-12T11:11:59.998000Z,100.0,100.0,60.0,,noise,0,Noise,timeofday:America/Anchorage:day7-19:night1-5,AM,2.0-20.0,214.62291114638919,833.0029749302919,191.5079422308082,757.8762650933861,0.7961986132789343,1.8630083400556405,-0.20030850292797142,,,2.46,218.98842291274408,3.4608051650080234
998,,AM,R4017,00,EHZ,61.13513513513514,-149.931698481745,2026-09-12T11:11:59.998000Z,2026-09-12T11:12:59.998000Z,100.0,100.0,60.0,,noise,0,Noise,timeofday:America/Anchorage:day7-19:night1-5,AM,2.0-20.0,226.58316249268927,822.9951788833712,201.9924710675175,741.3216462174692,0.7947217447570533,1.656433273978003,-0.19145627018538214,,,2.46,218.98842291274408,3.3852093017394287
999,,AM,R4017,00,EHZ,61.13513513513514,-149.931698481745,2026-09-12T11:12:59.998000Z,2026-09-12T11:13:59.998000Z,100.0,100.0,60.0,,noise,0,Noise,timeofday:America/Anchorage:day7-19:night1-5,AM,2.0-20.0,245.882109286224,1316.9812418162471,224.23943415814227,1255.4997414176992,0.8317065421947163,3.203987085759936,0.9950151653688861,,,2.46,218.98842291274408,5.733178606971168
1000,,AM,R4017,00,EHZ,61.13513513513514,-149.931698481745,2026-09-12T11:13:59.998000Z,2026-09-12T11:14:59.998000Z,100.0,100.0,60.0,,noise,0,Noise,timeofday:America/Anchorage:day7-19:night1-5,AM,2.0-20.0,213.99351691473973,747.0268887202876,189.18917942302295,737.80946189777,0.7816122448397647,1.7522557816013409,-0.2148070193929228,,,2.46,218.98842291274408,3.369171082581613
1001,,AM,R4017,00,EHZ,61.13513513513514,-149.931698481745,2026-09-12T11:14:59.998000Z,2026-09-12T11:15:59.998000Z,100.0,100.0,60.0,,noise,0,Noise,timeofday:America/Anchorage:day7-19:night1-5,AM,2.0-20.0,216.83684460399073,955.0431114664173,194.27845116028496,880.8778329097215,0.8027551628020507,2.384494882809938,-0.12158096103952332,,,2.46,218.98842291274408,4.022485851960801
1002,,AM,R4017,00,EHZ,61.13513513513514,-149.931698481745,2026-09-12T11:15:59.998000Z,2026-09-12T11:16:59.998000Z,100.0,100.0,60.0,,noise,0,Noise,timeofday:America/Anchorage:day7-19:night1-5,AM,2.0-20.0,215.7821728615274,787.9484409287722,192.9619813870193,737.6616018306611,0.7996728951356875,1.9769514835635613,-0.09233987613184036,,,2.46,218.98842291274408,3.368495886764673
1003,,AM,R4017,00,EHZ,61.13513513513514,-149.931698481745,2026-09-12T11:16:59.998000Z,2026-09-12T11:17:59.998000Z,100.0,100.0,60.0,,noise,0,Noise,timeofday:America/Anchorage:day7-19:night1-5,AM,2.0-20.0,217.35075752914284,878.0635257854885,195.36250124400823,912.0692998450127,0.8079046309918091,2.413753663838628,-0.0007730499141525016,,,2.46,218.98842291274408,4.164920171183782
1004,,AM,R4017,00,EHZ,61.13513513513514,-149.931698481745,2026-09-12T11:17:59.998000Z,2026-09-12T11:18:59.998000Z,100.0,100.0,60.0,,noise,0,Noise,timeofday:America/Anchorage:day7-19:night1-5,AM,2.0-20.0,343.11967331978155,3128.0721075345687,325.8558695595139,2887.343010675892,0.9019030528872425,6.0833778514884,11.770864889595932,,,2.46,218.98842291274408,13.184911660039461
1005,,AM,R4017,00,EHZ,61.13513513513514,-149.931698481745,2026-09-12T11:18:59.998000Z,2026-09-12T11:19:59.998000Z,100.0,100.0,60.0,,noise,0,Noise,timeofday:America/Anchorage:day7-19:night1-5,AM,2.0-20.0,213.91234372543946,856.0849784160566,190.46969952924744,764.7762821656855,0.7928300476260421,1.625963453171505,-0.2005820064193653,,,2.46,218.98842291274408,3.49231375793053
1006,,AM,R4017,00,EHZ,61.13513513513514,-149.931698481745,2026-09-12T11:19:59.998000Z,2026-09-12T11:20:59.998000Z,100.0,100.0,60.0,,noise,0,Noise,timeofday:America/Anchorage:day7-19:night1-5,AM,2.0-20.0,214.93199178908998,781.9020514008514,191.85795657486696,660.9313644757119,0.7968150026978434,1.583136497293201,-0.25465968768617486,,,2.46,218.98842291274408,3.0181109836069275
1007,,AM,R4017,00,EHZ,61.13513513513514,-149.931698481745,2026-09-12T11:20:59.998000Z,2026-09-12T11:21:59.998000Z,100.0,100.0,60.0,,noise,0,Noise,timeofday:America/Anchorage:day7-19:night1-5,AM,2.0-20.0,219.232832410405,714.1042829961555,192.27350347674022,663.8401313620249,0.7691794804034138,1.469243587200845,-0.2412254863732417,,,2.46,218.98842291274408,3.0313937263548034
1008,,AM,R4017,00,EHZ,61.13513513513514,-149.931698481745,2026-09-12T11:21:59.998000Z,2026-09-12T11:22:59.998000Z,100.0,100.0,60.0,,noise,0,Noise,timeofday:America/Anchorage:day7-19:night1-5,AM,2.0-20.0,216.71423438624058,927.119383808382,195.23177549126902,715.1789730768206,0.8115702750106216,1.588796329034128,-0.2664837847204291,,,2.46,218.98842291274408,3.2658300542297782
1009,,AM,R4017,00,EHZ,61.13513513513514,-149.931698481745,2026-09-12T11:22:59.998000Z,2026-09-12T11:23:59.998000Z,100.0,100.0,60.0,,noise,0,Noise,timeofday:America/Anchorage:day7-19:night1-5,AM,2.0-20.0,221.53034225965362,785.1264586120817,198.7504492267948,744.5643465885869,0.8049145925817445,1.6978744330408855,-0.06732870345937458,,,2.46,218.98842291274408,3.4000169355311467
1010,,AM,R4017,00,EHZ,61.13513513513514,-149.931698481745,2026-09-12T11:23:59.998000Z,2026-09-12T11:24:59.998000Z,100.0,100.0,60.0,,noise,0,Noise,timeofday:America/Anchorage:day7-19:night1-5,AM,2.0-20.0,370.9659466918768,3815.137789447654,357.10680566228376,3772.1210912206707,0.9266765311614512,8.144856065703042,20.826040928675905,,,2.46,218.98842291274408,17.225207803444807
1011,,AM,R4017,00,EHZ,61.13513513513514,-149.931698481745,2026-09-12T11:24:59.998000Z,2026-09-12T11:25:59.998000Z,100.0,100.0,60.0,,noise,0,Noise,timeofday:America/Anchorage:day7-19:night1-5,AM,2.0-20.0,224.51289191533442,802.1408643130856,195.6602449628432,796.6011176811654,0.7594909755799849,1.7647199567043201,-0.15693037602574655,,,2.46,218.98842291274408,3.6376403240210147
1012,,AM,R4017,00,EHZ,61.13513513513514,-149.931698481745,2026-09-12T11:25:59.998000Z,2026-09-12T11:26:59.998000Z,100.0,100.0,60.0,,noise,0,Noise,timeofday:America/Anchorage:day7-19:night1-5,AM,2.0-20.0,218.279803993454,772.841505297001,195.121177512664,698.0286572231832,0.7990642596848271,1.6784153846250196,-0.18712021134745127,,,2.46,218.98842291274408,3.1875139696371653
1013,,AM,R4017,00,EHZ,61.13513513513514,-149.931698481745,2026-09-12T11:26:59.998000Z,2026-09-12T11:27:59.998000Z,100.0,100.0,60.0,,noise,0,Noise,timeofday:America/Anchorage:day7-19:night1-5,AM,2.0-20.0,238.43853621793346,1838.1710920695443,216.6672882894932,1684.900267359653,0.8257218973387779,3.6874065693535156,2.891183702287904,,,2.46,218.98842291274408,7.6940152586559405
1014,,AM,R4017,00,EHZ,61.13513513513514,-149.931698481745,2026-09-12T11:27:59.998000Z,2026-09-12T11:28:59.998000Z,100.0,100.0,60.0,,noise,0,Noise,timeofday:America/Anchorage:day7-19:night1-5,AM,2.0-20.0,226.06558676974902,887.8257598954185,203.84517491979003,879.7076815199576,0.8130775310967766,1.8621446756272295,-0.02487650386067175,,,2.46,218.98842291274408,4.017142412457471
1015,,AM,R4017,00,EHZ,61.13513513513514,-149.931698481745,2026-09-12T11:28:59.998000Z,2026-09-12T11:29:59.998000Z,100.0,100.0,60.0,,noise,0,Noise,timeofday:America/Anchorage:day7-19:night1-5,AM,2.0-20.0,233.70710353131042,1005.1831215006061,210.7535142310566,947.9316598694447,0.8132158302532309,2.6274512063265725,0.030925078084547142,,,2.46,218.98842291274408,4.328683896897819
1016,,AM,R4017,00,EHZ,61.13513513513514,-149.931698481745,2026-09-12T11:29:59.998000Z,2026-09-12T11:30:59.998000Z,100.0,100.0,60.0,,noise,0,Noise,timeofday:America/Anchorage:day7-19:night1-5,AM,2.0-20.0,221.94769364419574,871.7970408264771,201.33939850774965,713.6899008859663,0.8229174294388463,1.7237676151156194,-0.16534943294513305,,,2.46,218.98842291274408,3.2590302783738294
1017,,AM,R4017,00,EHZ,61.13513513513514,-149.931698481745,2026-09-12T11:30:59.998000Z,2026-09-12T11:31:59.998000Z,100.0,100.0,60.0,,noise,0,Noise,timeofday:America/Anchorage:day7-19:night1-5,AM,2.0-20.0,228.92159667365743,1031.2134642378662,206.88582482109237,1060.3498130141768,0.8167477328763604,2.2950691313889973,0.19821374554747218,,,2.46,218.98842291274408,4.842035934642412
1018,,AM,R4017,00,EHZ,61.13513513513514,-149.931698481745,2026-09-12T11:31:59.998000Z,2026-09-12T11:32:59.998000Z,100.0,100.0,60.0,,traffic,1,Traffic,timeofday:America/Anchorage:day7-19:night1-5+burst>=20x,AM,2.0-20.0,482.94250126830303,4828.215276056591,470.6461095372742,5132.766197335828,0.9497254847898864,8.085495465491718,24.547882781313255,,,2.46,218.98842291274408,23.43852761285458
1019,,AM,R4017,00,EHZ,61.13513513513514,-149.931698481745,2026-09-12T11:32:59.998000Z,2026-09-12T11:33:59.998000Z,100.0,100.0,60.0,,noise,0,Noise,timeofday:America/Anchorage:day7-19:night1-5,AM,2.0-20.0,223.98891344097393,813.7732276051645,200.26840257735796,766.5631182968644,0.799414131965631,2.3283099500296456,-0.1095757667437458,,,2.46,218.98842291274408,3.5004732583617053
1020,,AM,R4017,00,EHZ,61.13513513513514,-149.931698481745,2026-09-12T11:33:59.998000Z,2026-09-12T11:34:59.998000Z,100.0,100.0,60.0,,noise,0,Noise,timeofday:America/Anchorage:day7-19:night1-5,AM,2.0-20.0,220.58399104854237,799.7627260250881,196.16122172234424,662.8282565345971,0.7908212579720817,1.8109971685703898,-0.25041672705488294,,,2.46,218.98842291274408,3.0267730490880833
1021,,AM,R4017,00,EHZ,61.13513513513514,-149.931698481745,2026-09-12T11:34:59.998000Z,2026-09-12T11:35:59.998000Z,100.0,100.0,60.0,,noise,0,Noise,timeofday:America/Anchorage:day7-19:night1-5,AM,2.0-20.0,221.6671633679044,866.2469323624284,198.94941093487162,792.3334618802038,0.8055316107571853,1.6926626256741262,-0.1346350589132861,,,2.46,218.98842291274408,3.6181522810267874
1022,,AM,R4017,00,EHZ,61.13513513513514,-149.931698481745,2026-09-12T11:35:59.998000Z,2026-09-12T11:36:59.998000Z,100.0,100.0,60.0,,noise,0,Noise,timeofday:America/Anchorage:day7-19:night1-5,AM,2.0-20.0,214.26837832395015,770.2620035583898,190.87895372537523,698.3941339636863,0.7935968334018947,1.6250452773344926,-0.14513757942058936,,,2.46,218.98842291274408,3.189182901426535
1023,,AM,R4017,00,EHZ,61.13513513513514,-149.931698481745,2026-09-12T11:36:59.998000Z,2026-09-12T11:37:59.998000Z,100.0,100.0,60.0,,noise,0,Noise,timeofday:America/Anchorage:day7-19:night1-5,AM,2.0-20.0,218.7338865912384,763.2677769884433,196.32776388554484,744.3710171094585,0.8056219687479225,2.0455126132081887,-0.1482357859658312,,,2.46,218.98842291274408,3.399134105852039
1024,,AM,R4017,00,EHZ,61.13513513513514,-149.931698481745,2026-09-12T11:37:59.998000Z,2026-09-12T11:38:59.998000Z,100.0,100.0,60.0,,noise,0,Noise,timeofday:America/Anchorage:day7-19:night1-5,AM,2.0-20.0,216.45705811271245,1027.2781635877184,194.1919639671538,999.6285861521453,0.8048575175056589,2.1939662908368165,0.09654469203447924,,,2.46,218.98842291274408,4.56475540056493
1025,,AM,R4017,00,EHZ,61.13513513513514,-149.931698481745,2026-09-12T11:38:59.998000Z,2026-09-12T11:39:59.998000Z,100.0,100.0,60.0,,noise,0,Noise,timeofday:America/Anchorage:day7-19:night1-5,AM,2.0-20.0,212.74790909336778,745.29037768492,190.90652455582338,642.6360531707514,0.805213303980675,1.6502487031336623,-0.23940835186692722,,,2.46,218.98842291274408,2.9345663328823997
1026,,AM,R4017,00,EHZ,61.13513513513514,-149.931698481745,2026-09-12T11:42:59.998000Z,2026-09-12T11:43:59.998000Z,100.0,100.0,60.0,,noise,0,Noise,timeofday:America/Anchorage:day7-19:night1-5,AM,2.0-20.0,249.61121651694194,1029.6690968081527,225.09252864247006,1109.0722407761637,0.8131936265535837,2.0731997871754633,0.15291743365891008,,,2.46,218.98842291274408,5.06452453524483
1027,,AM,R4017,00,EHZ,61.13513513513514,-149.931698481745,2026-09-12T11:43:59.998000Z,2026-09-12T11:44:59.998000Z,100.0,100.0,60.0,,noise,0,Noise,timeofday:America/Anchorage:day7-19:night1-5,AM,2.0-20.0,229.53788104391285,1635.3428141578372,207.81252275146562,1579.7246339317385,0.8196617948336257,3.3394247480857464,0.7248569594356451,,,2.46,218.98842291274408,7.213735835529441
1028,,AM,R4017,00,EHZ,61.13513513513514,-149.931698481745,2026-09-12T11:44:59.998000Z,2026-09-12T11:45:59.998000Z,100.0,100.0,60.0,,noise,0,Noise,timeofday:America/Anchorage:day7-19:night1-5,AM,2.0-20.0,227.83491160788984,1091.6461703327366,207.86522569544255,1077.9914284622548,0.8323828756109529,3.1158317234186397,0.47967500366699056,,,2.46,218.98842291274408,4.922595514977431
1029,,AM,R4017,00,EHZ,61.13513513513514,-149.931698481745,2026-09-12T11:45:59.998000Z,2026-09-12T11:46:59.998000Z,100.0,100.0,60.0,,noise,0,Noise,timeofday:America/Anchorage:day7-19:night1-5,AM,2.0-20.0,285.01024106909074,2359.6365659513535,268.1587444279154,2301.9897061388056,0.8852440084780782,4.9714057479193805,4.071948204850662,,,2.46,218.98842291274408,10.511924217363916
1030,,AM,R4017,00,EHZ,61.13513513513514,-149.931698481745,2026-09-12T11:46:59.998000Z,2026-09-12T11:47:59.998000Z,100.0,100.0,60.0,,noise,0,Noise,timeofday:America/Anchorage:day7-19:night1-5,AM,2.0-20.0,233.9598796065849,1355.624844877904,212.4170026996957,1326.3635545792936,0.8243198813429574,4.5882761713309215,1.8231306527364648,,,2.46,218.98842291274408,6.0567747689008335
1031,,AM,R4017,00,EHZ,61.13513513513514,-149.931698481745,2026-09-12T11:47:59.998000Z,2026-09-12T11:48:59.998000Z,100.0,100.0,60.0,,noise,0,Noise,timeofday:America/Anchorage:day7-19:night1-5,AM,2.0-20.0,213.64089736100033,739.6134234513954,191.1219288000077,670.0515799085578,0.8002989596995604,1.5760053534740162,-0.2543677419344452,,,2.46,218.98842291274408,3.0597580045386223
1032,,AM,R4017,00,EHZ,61.13513513513514,-149.931698481745,2026-09-12T11:48:59.998000Z,2026-09-12T11:49:59.998000Z,100.0,100.0,60.0,,noise,0,Noise,timeofday:America/Anchorage:day7-19:night1-5,AM,2.0-20.0,238.20658010820767,1117.6025943502425,210.2703713549162,797.4000984682111,0.7791994822253798,1.8625669005059518,-0.04080041083427011,,,2.46,218.98842291274408,3.6412888309896414
1033,,AM,R4017,00,EHZ,61.13513513513514,-149.931698481745,2026-09-12T11:49:59.998000Z,2026-09-12T11:50:59.998000Z,100.0,100.0,60.0,,noise,0,Noise,timeofday:America/Anchorage:day7-19:night1-5,AM,2.0-20.0,259.0218389071294,1804.5886712201861,237.81508436777847,1629.8289939991191,0.8429581840003704,4.218467867797203,2.883020797872457,,,2.46,218.98842291274408,7.44253496290315
1034,,AM,R4017,00,EHZ,61.13513513513514,-149.931698481745,2026-09-12T11:50:59.998000Z,2026-09-12T11:51:59.998000Z,100.0,100.0,60.0,,noise,0,Noise,timeofday:America/Anchorage:day7-19:night1-5,AM,2.0-20.0,316.4540662104268,1902.5843995091125,299.1992138898571,2007.97825855547,0.8939218142375965,5.174150784364632,4.610889041047672,,,2.46,218.98842291274408,9.169335218033643
1035,,AM,R4017,00,EHZ,61.13513513513514,-149.931698481745,2026-09-12T11:51:59.998000Z,2026-09-12T11:52:59.998000Z,100.0,100.0,60.0,,noise,0,Noise,timeofday:America/Anchorage:day7-19:night1-5,AM,2.0-20.0,234.44709027756292,1155.4295044574758,206.0851525007905,870.7808067101781,0.7726871925116796,2.0560002946114815,-0.09913956587781492,,,2.46,218.98842291274408,3.9763782720931355
1036,,AM,R4017,00,EHZ,61.13513513513514,-149.931698481745,2026-09-12T11:52:59.998000Z,2026-09-12T11:53:59.998000Z,100.0,100.0,60.0,,noise,0,Noise,timeofday:America/Anchorage:day7-19:night1-5,AM,2.0-20.0,215.52085234291928,822.5616002094318,192.18329177433776,754.4568781415078,0.7951565922465889,2.1362051905281088,-0.18072214241416296,,,2.46,218.98842291274408,3.4451907005244795
1037,,AM,R4017,00,EHZ,61.13513513513514,-149.931698481745,2026-09-12T11:53:59.998000Z,2026-09-12T11:54:59.998000Z,100.0,100.0,60.0,,noise,0,Noise,timeofday:America/Anchorage:day7-19:night1-5,AM,2.0-20.0,219.53407964203515,907.5463164731989,195.47798850678043,661.1155630997888,0.7928514536283194,1.6306226211850714,-0.20918191414549225,,,2.46,218.98842291274408,3.018952117679802
1038,,AM,R4017,00,EHZ,61.13513513513514,-149.931698481745,2026-09-12T11:54:59.998000Z,2026-09-12T11:55:59.998000Z,100.0,100.0,60.0,,noise,0,Noise,timeofday:America/Anchorage:day7-19:night1-5,AM,2.0-20.0,249.89758480691276,1290.5401179625949,225.85331176244185,1247.718826113201,0.8168245998568102,2.909979675718433,0.5661121196334897,,,2.46,218.98842291274408,5.697647435044337
1039,,AM,R4017,00,EHZ,61.13513513513514,-149.931698481745,2026-09-12T11:55:59.998000Z,2026-09-12T11:56:59.998000Z,100.0,100.0,60.0,,noise,0,Noise,timeofday:America/Anchorage:day7-19:night1-5,AM,2.0-20.0,363.92410845203824,4154.533367195709,344.3814303334239,3991.192969158292,0.8954839318522411,6.159896875656763,23.912782520095746,,,2.46,218.98842291274408,18.225588896763654
1040,,AM,R4017,00,EHZ,61.13513513513514,-149.931698481745,2026-09-12T11:56:59.998000Z,2026-09-12T11:57:59.998000Z,100.0,100.0,60.0,,noise,0,Noise,timeofday:America/Anchorage:day7-19:night1-5,AM,2.0-20.0,415.74194856797396,4187.479136095637,399.3475870170675,4320.912246934164,0.9226870701562944,7.715100397598759,19.475458084159854,,,2.46,218.98842291274408,19.731235968833982
1041,,AM,R4017,00,EHZ,61.13513513513514,-149.931698481745,2026-09-12T11:57:59.998000Z,2026-09-12T11:58:59.998000Z,100.0,100.0,60.0,,noise,0,Noise,timeofday:America/Anchorage:day7-19:night1-5,AM,2.0-20.0,222.30130860840205,799.492242165132,198.3365998287626,821.9786696446702,0.7960158014021192,2.4987268516111367,-0.02227833636077836,,,2.46,218.98842291274408,3.7535256828265644
1042,,AM,R4017,00,EHZ,61.13513513513514,-149.931698481745,2026-09-12T11:58:59.998000Z,2026-09-12T11:59:59.998000Z,100.0,100.0,60.0,,noise,0,Noise,timeofday:America/Anchorage:day7-19:night1-5,AM,2.0-20.0,218.749036096746,884.4953973984627,193.4784048370899,716.9181395681258,0.7822988651418123,1.682643912117821,-0.21346017644135484,,,2.46,218.98842291274408,3.2737718735651233
1043,,AM,R4017,00,EHZ,61.13513513513514,-149.931698481745,2026-09-12T11:59:59.998000Z,2026-09-12T12:00:59.998000Z,100.0,100.0,60.0,,noise,0,Noise,timeofday:America/Anchorage:day7-19:night1-5,AM,2.0-20.0,401.95767703849907,3848.489083907057,386.348281441409,3840.024597659014,0.9238411739328413,4.884931813147704,12.40041681307135,,,2.46,218.98842291274408,17.53528586846379
1044,,AM,R4017,00,EHZ,61.13513513513514,-149.931698481745,2026-09-12T12:00:59.998000Z,2026-09-12T12:01:59.998000Z,100.0,100.0,60.0,,noise,0,Noise,timeofday:America/Anchorage:day7-19:night1-5,AM,2.0-20.0,256.1792424543615,1734.5192643961493,229.22750142729856,1478.1416972463335,0.8006552710317174,2.618939454296938,0.6853743789373405,,,2.46,218.98842291274408,6.749862287630149
1045,,AM,R4017,00,EHZ,61.13513513513514,-149.931698481745,2026-09-12T12:02:59.998000Z,2026-09-12T12:03:59.998000Z,100.0,100.0,60.0,,traffic,1,Traffic,timeofday:America/Anchorage:day7-19:night1-5+burst>=20x,AM,2.0-20.0,477.61261424632585,4579.459077401541,462.5015240843668,5065.925943631042,0.9377234129260401,4.721217783745838,15.365709419674175,,,2.46,218.98842291274408,23.13330483981594
1046,,AM,R4017,00,EHZ,61.13513513513514,-149.931698481745,2026-09-12T12:03:59.998000Z,2026-09-12T12:04:59.998000Z,100.0,100.0,60.0,,noise,0,Noise,timeofday:America/Anchorage:day7-19:night1-5,AM,2.0-20.0,223.74933388581744,795.54914372593,197.93333541688241,684.4108786611266,0.7825541232777286,1.777971299348915,-0.15722994579304084,,,2.46,218.98842291274408,3.1253290450602043
1047,,AM,R4017,00,EHZ,61.13513513513514,-149.931698481745,2026-09-12T12:04:59.998000Z,2026-09-12T12:05:59.998000Z,100.0,100.0,60.0,,noise,0,Noise,timeofday:America/Anchorage:day7-19:night1-5,AM,2.0-20.0,225.0505264389244,953.435069061288,194.50712637697106,739.9010059658874,0.7469834314806829,1.7973639457263775,-0.11650428721245953,,,2.46,218.98842291274408,3.3787220170113783
1048,,AM,R4017,00,EHZ,61.13513513513514,-149.931698481745,2026-09-12T12:05:59.998000Z,2026-09-12T12:06:59.998000Z,100.0,100.0,60.0,,noise,0,Noise,timeofday:America/Anchorage:day7-19:night1-5,AM,2.0-20.0,237.45297369411585,1073.5740231328784,216.90660534231137,910.0413935931498,0.834430806692913,2.6318257751407033,0.29792413182752986,,,2.46,218.98842291274408,4.155659835751937
1049,,AM,R4017,00,EHZ,61.13513513513514,-149.931698481745,2026-09-12T12:06:59.998000Z,2026-09-12T12:07:59.998000Z,100.0,100.0,60.0,,noise,0,Noise,timeofday:America/Anchorage:day7-19:night1-5,AM,2.0-20.0,219.204927648604,740.4198567525198,196.72054368570733,660.721818973991,0.8053762281172104,1.4382672499570306,-0.20781287229023926,,,2.46,218.98842291274408,3.0171541042480388
1050,,AM,R4017,00,EHZ,61.13513513513514,-149.931698481745,2026-09-12T12:07:59.998000Z,2026-09-12T12:08:59.998000Z,100.0,100.0,60.0,,noise,0,Noise,timeofday:America/Anchorage:day7-19:night1-5,AM,2.0-20.0,375.79146796399954,2630.4036444591907,360.3392443742231,2647.259878322856,0.9194524954695255,4.256651579160697,8.159320073208374,,,2.46,218.98842291274408,12.08858369365789
1051,,AM,R4017,00,EHZ,61.13513513513514,-149.931698481745,2026-09-12T12:08:59.998000Z,2026-09-12T12:09:59.998000Z,100.0,100.0,60.0,,noise,0,Noise,timeofday:America/Anchorage:day7-19:night1-5,AM,2.0-20.0,277.0952278111811,1818.3966933469635,249.75427418098948,1860.628622992514,0.8123959803173404,4.6358809150969655,3.3894247374116864,,,2.46,218.98842291274408,8.496470261963946
1052,,AM,R4017,00,EHZ,61.13513513513514,-149.931698481745,2026-09-12T12:09:59.998000Z,2026-09-12T12:10:59.998000Z,100.0,100.0,60.0,,noise,0,Noise,timeofday:America/Anchorage:day7-19:night1-5,AM,2.0-20.0,284.36445025682065,1390.6187698290125,263.68336821593533,1541.2250267935808,0.8598345078327647,4.937736478107438,1.9431236999032278,,,2.46,218.98842291274408,7.037929248925098
1053,,AM,R4017,00,EHZ,61.13513513513514,-149.931698481745,2026-09-12T12:10:59.998000Z,2026-09-12T12:11:59.998000Z,100.0,100.0,60.0,,noise,0,Noise,timeofday:America/Anchorage:day7-19:night1-5,AM,2.0-20.0,220.04531497891637,925.3777563570072,194.34276443484748,841.5296658902334,0.7800321434868549,2.443325115846997,-0.010152231023053737,,,2.46,218.98842291274408,3.8428043578611497
1054,,AM,R4017,00,EHZ,61.13513513513514,-149.931698481745,2026-09-12T12:11:59.998000Z,2026-09-12T12:12:59.998000Z,100.0,100.0,60.0,,noise,0,Noise,timeofday:America/Anchorage:day7-19:night1-5,AM,2.0-20.0,217.5255128347601,857.3681903025606,194.2162035177876,797.6127809099374,0.7971692142112498,1.766429601123978,-0.16635840041618977,,,2.46,218.98842291274408,3.6422600350327476
1055,,AM,R4017,00,EHZ,61.13513513513514,-149.931698481745,2026-09-12T12:12:59.998000Z,2026-09-12T12:13:59.998000Z,100.0,100.0,60.0,,noise,0,Noise,timeofday:America/Anchorage:day7-19:night1-5,AM,2.0-20.0,217.75464252407366,785.3475564746875,194.0805639774463,686.4875429095368,0.7943817262801015,1.5177703917794059,-0.22074028329671336,,,2.46,218.98842291274408,3.1348120315157835
1056,,AM,R4017,00,EHZ,61.13513513513514,-149.931698481745,2026-09-12T12:13:59.998000Z,2026-09-12T12:14:59.998000Z,100.0,100.0,60.0,,noise,0,Noise,timeofday:America/Anchorage:day7-19:night1-5,AM,2.0-20.0,246.78873646210354,1545.3425199670526,225.23884393334563,1372.6403502414464,0.8329825630167988,4.719037925850715,1.200743948836367,,,2.46,218.98842291274408,6.268095509269798
1057,,AM,R4017,00,EHZ,61.13513513513514,-149.931698481745,2026-09-12T12:14:59.998000Z,2026-09-12T12:15:59.998000Z,100.0,100.0,60.0,,noise,0,Noise,timeofday:America/Anchorage:day7-19:night1-5,AM,2.0-20.0,348.6279029542731,4517.336088010576,332.3531015115697,3936.4663285641154,0.9088143686691337,8.158582215920271,23.852531523137323,,,2.46,218.98842291274408,17.9756823498044
1058,,AM,R4017,00,EHZ,61.13513513513514,-149.931698481745,2026-09-12T12:15:59.998000Z,2026-09-12T12:16:59.998000Z,100.0,100.0,60.0,,noise,0,Noise,timeofday:America/Anchorage:day7-19:night1-5,AM,2.0-20.0,223.64488882722708,945.6764239914339,199.2336246308689,790.3655447069008,0.7936103400174961,2.2501014651926847,-0.07916058932739922,,,2.46,218.98842291274408,3.609165882809348
1059,,AM,R4017,00,EHZ,61.13513513513514,-149.931698481745,2026-09-12T12:16:59.998000Z,2026-09-12T12:17:59.998000Z,100.0,100.0,60.0,,noise,0,Noise,timeofday:America/Anchorage:day7-19:night1-5,AM,2.0-20.0,354.2241619431095,2966.308551850208,337.47563739354433,3124.425575291212,0.9076710618458877,6.100772294209542,9.087656703993202,,,2.46,218.98842291274408,14.267537679542718
1060,,AM,R4017,00,EHZ,61.13513513513514,-149.931698481745,2026-09-12T12:17:59.998000Z,2026-09-12T12:18:59.998000Z,100.0,100.0,60.0,,noise,0,Noise,timeofday:America/Anchorage:day7-19:night1-5,AM,2.0-20.0,221.15568453300259,897.6999515028695,198.325181009075,879.3351460104949,0.804191549076449,2.041066405654333,-0.004446128339375743,,,2.46,218.98842291274408,4.015441247142393
1061,,AM,R4017,00,EHZ,61.13513513513514,-149.931698481745,2026-09-12T12:18:59.998000Z,2026-09-12T12:19:59.998000Z,100.0,100.0,60.0,,noise,0,Noise,timeofday:America/Anchorage:day7-19:night1-5,AM,2.0-20.0,224.3385761628228,931.2903848832136,197.25498636093414,783.933147969632,0.7731220548725931,1.70577994627281,-0.13492173044062383,,,2.46,218.98842291274408,3.579792655440923
1062,,AM,R4017,00,EHZ,61.13513513513514,-149.931698481745,2026-09-12T12:19:59.998000Z,2026-09-12T12:20:59.998000Z,100.0,100.0,60.0,,noise,0,Noise,timeofday:America/Anchorage:day7-19:night1-5,AM,2.0-20.0,218.36757007053316,866.2840609390039,192.22435566005967,718.9822406003184,0.7748908715031896,1.9241788748585789,-0.11870572372625077,,,2.46,218.98842291274408,3.283197490703866
1063,,AM,R4017,00,EHZ,61.13513513513514,-149.931698481745,2026-09-12T12:20:59.998000Z,2026-09-12T12:21:59.998000Z,100.0,100.0,60.0,,noise,0,Noise,timeofday:America/Anchorage:day7-19:night1-5,AM,2.0-20.0,215.50978777519387,848.7344736181333,191.48841980712106,733.263288005845,0.7894979963014056,1.6185049939244611,-0.16820636949662493,,,2.46,218.98842291274408,3.348411200248762
1064,,AM,R4017,00,EHZ,61.13513513513514,-149.931698481745,2026-09-12T12:21:59.998000Z,2026-09-12T12:22:59.998000Z,100.0,100.0,60.0,,noise,0,Noise,timeofday:America/Anchorage:day7-19:night1-5,AM,2.0-20.0,223.2847442536947,927.7406808394046,198.45832123462006,683.8954156740969,0.7899880540997629,1.7616000137289283,-0.20648151557347827,,,2.46,218.98842291274408,3.1229752083588225
1065,,AM,R4017,00,EHZ,61.13513513513514,-149.931698481745,2026-09-12T12:22:59.998000Z,2026-09-12T12:23:59.998000Z,100.0,100.0,60.0,,noise,0,Noise,timeofday:America/Anchorage:day7-19:night1-5,AM,2.0-20.0,217.4214198109345,780.2493768053353,190.2827132087425,689.6023414952824,0.7659387042111636,1.6689458240450983,-0.15987148217105185,,,2.46,218.98842291274408,3.1490356080150157
1066,,AM,R4017,00,EHZ,61.13513513513514,-149.931698481745,2026-09-12T12:23:59.998000Z,2026-09-12T12:24:59.998000Z,100.0,100.0,60.0,,noise,0,Noise,timeofday:America/Anchorage:day7-19:night1-5,AM,2.0-20.0,227.58659335251846,1189.2426399755166,205.48465166270375,820.3202916471406,0.8152023572689903,2.5181213432661815,0.09454534535626058,,,2.46,218.98842291274408,3.7459527802252683
1067,,AM,R4017,00,EHZ,61.13513513513514,-149.931698481745,2026-09-12T12:24:59.998000Z,2026-09-12T12:25:59.998000Z,100.0,100.0,60.0,,noise,0,Noise,timeofday:America/Anchorage:day7-19:night1-5,AM,2.0-20.0,333.4638462010772,1770.774845817323,317.51154449631406,1689.8295532084019,0.9066121417067523,4.093709688266729,2.7391935372580303,,,2.46,218.98842291274408,7.716524603137191
1068,,AM,R4017,00,EHZ,61.13513513513514,-149.931698481745,2026-09-12T12:25:59.998000Z,2026-09-12T12:26:59.998000Z,100.0,100.0,60.0,,noise,0,Noise,timeofday:America/Anchorage:day7-19:night1-5,AM,2.0-20.0,267.45311077667117,1177.2205009443894,245.69260751367594,1073.0413689859954,0.8438958900124967,2.7015388197202688,0.48471529176996997,,,2.46,218.98842291274408,4.8999913087348395
1069,,AM,R4017,00,EHZ,61.13513513513514,-149.931698481745,2026-09-12T12:26:59.998000Z,2026-09-12T12:27:59.998000Z,100.0,100.0,60.0,,noise,0,Noise,timeofday:America/Anchorage:day7-19:night1-5,AM,2.0-20.0,277.5715162290239,2098.7981503356864,256.12664328400916,1921.0780718903343,0.8514511181497408,6.0561884859284065,3.5566076036058254,,,2.46,218.98842291274408,8.772509735164345
1070,,AM,R4017,00,EHZ,61.13513513513514,-149.931698481745,2026-09-12T12:27:59.998000Z,2026-09-12T12:28:59.998000Z,100.0,100.0,60.0,,noise,0,Noise,timeofday:America/Anchorage:day7-19:night1-5,AM,2.0-20.0,306.2091897832384,1858.8031171579826,277.82336784021544,1800.1495247379628,0.8231919267203108,5.462494071376575,4.344791082579753,,,2.46,218.98842291274408,8.220295396415692
1071,,AM,R4017,00,EHZ,61.13513513513514,-149.931698481745,2026-09-12T12:28:59.998000Z,2026-09-12T12:29:59.998000Z,100.0,100.0,60.0,,noise,0,Noise,timeofday:America/Anchorage:day7-19:night1-5,AM,2.0-20.0,224.85701051836114,1039.8104079862244,200.97877733934095,914.8587784261979,0.7988910115937272,3.1196707028438437,0.18553235981421423,,,2.46,218.98842291274408,4.177658189678471
1072,,AM,R4017,00,EHZ,61.13513513513514,-149.931698481745,2026-09-12T12:29:59.998000Z,2026-09-12T12:30:59.998000Z,100.0,100.0,60.0,,noise,0,Noise,timeofday:America/Anchorage:day7-19:night1-5,AM,2.0-20.0,307.06148874779313,1938.8296951449886,284.69230302396863,1750.037345127445,0.8596085943596824,2.7190084602328826,1.9025328591888968,,,2.46,218.98842291274408,7.9914605614779335
1073,,AM,R4017,00,EHZ,61.13513513513514,-149.931698481745,2026-09-12T12:30:59.998000Z,2026-09-12T12:31:59.998000Z,100.0,100.0,60.0,,noise,0,Noise,timeofday:America/Anchorage:day7-19:night1-5,AM,2.0-20.0,262.01959491764046,1662.8319041701254,240.46412886375688,1738.3853777860545,0.8422345595245418,2.939239166317893,2.03298995104646,,,2.46,218.98842291274408,7.938252418387953
1074,,AM,R4017,00,EHZ,61.13513513513514,-149.931698481745,2026-09-12T12:31:59.998000Z,2026-09-12T12:32:59.998000Z,100.0,100.0,60.0,,noise,0,Noise,timeofday:America/Anchorage:day7-19:night1-5,AM,2.0-20.0,229.13199812192016,1061.1488783564453,203.56073777877648,885.9864000489533,0.7892535569368196,2.1120906726373208,0.09907167385575955,,,2.46,218.98842291274408,4.045813875749836
1075,,AM,R4017,00,EHZ,61.13513513513514,-149.931698481745,2026-09-12T12:32:59.998000Z,2026-09-12T12:33:59.998000Z,100.0,100.0,60.0,,noise,0,Noise,timeofday:America/Anchorage:day7-19:night1-5,AM,2.0-20.0,338.99454496605466,3873.1439655402824,320.24344291953537,4075.4417191229377,0.8924318738725011,7.512226079704378,24.74235288801061,,,2.46,218.98842291274408,18.610306722683678
1076,,AM,R4017,00,EHZ,61.13513513513514,-149.931698481745,2026-09-12T12:33:59.998000Z,2026-09-12T12:34:59.998000Z,100.0,100.0,60.0,,noise,0,Noise,timeofday:America/Anchorage:day7-19:night1-5,AM,2.0-20.0,223.1512422138666,915.1307218422478,196.51887691490296,684.1464183510407,0.7755502273828592,1.7129829436130186,-0.1601303656016948,,,2.46,218.98842291274408,3.1241213998953667
1077,,AM,R4017,00,EHZ,61.13513513513514,-149.931698481745,2026-09-12T12:34:59.998000Z,2026-09-12T12:35:59.998000Z,100.0,100.0,60.0,,noise,0,Noise,timeofday:America/Anchorage:day7-19:night1-5,AM,2.0-20.0,236.37972998355247,953.8807170055918,213.54112895659514,810.6488500411012,0.8160985466362191,1.6916341227739407,0.09417948272235765,,,2.46,218.98842291274408,3.7017886117390972
1078,,AM,R4017,00,EHZ,61.13513513513514,-149.931698481745,2026-09-12T12:35:59.998000Z,2026-09-12T12:36:59.998000Z,100.0,100.0,60.0,,noise,0,Noise,timeofday:America/Anchorage:day7-19:night1-5,AM,2.0-20.0,224.92815066299767,938.1072187206771,201.85401976433596,755.4016896356949,0.8053546672003384,1.6496966164365285,-0.11702604482482615,,,2.46,218.98842291274408,3.4495051363362923
1079,,AM,R4017,00,EHZ,61.13513513513514,-149.931698481745,2026-09-12T12:36:59.998000Z,2026-09-12T12:37:59.998000Z,100.0,100.0,60.0,,noise,0,Noise,timeofday:America/Anchorage:day7-19:night1-5,AM,2.0-20.0,215.44762647790765,801.9017288764155,192.87492157868047,724.5968634397624,0.8014346165160013,1.699756548085509,-0.10423316681767059,,,2.46,218.98842291274408,3.3088363932758122
1080,,AM,R4017,00,EHZ,61.13513513513514,-149.931698481745,2026-09-12T12:37:59.998000Z,2026-09-12T12:38:59.998000Z,100.0,100.0,60.0,,noise,0,Noise,timeofday:America/Anchorage:day7-19:night1-5,AM,2.0-20.0,220.05557330147278,997.0964610469925,197.47866081293552,1072.8494029655683,0.80533319790217,3.1591009612471805,0.24442931463168804,,,2.46,218.98842291274408,4.8991147052236865
1081,,AM,R4017,00,EHZ,61.13513513513514,-149.931698481745,2026-09-12T12:38:59.998000Z,2026-09-12T12:39:59.998000Z,100.0,100.0,60.0,,noise,0,Noise,timeofday:America/Anchorage:day7-19:night1-5,AM,2.0-20.0,209.80491779012206,754.916303564358,187.01183947667334,591.5015935722747,0.7945237368409458,1.6640316207491361,-0.2382634984315195,,,2.46,218.98842291274408,2.70106330601759
1082,,AM,R4017,00,EHZ,61.13513513513514,-149.931698481745,2026-09-12T12:39:59.998000Z,2026-09-12T12:40:59.998000Z,100.0,100.0,60.0,,noise,0,Noise,timeofday:America/Anchorage:day7-19:night1-5,AM,2.0-20.0,218.5163632201971,995.0676548713816,196.30033029810855,923.5278583599538,0.8070011114735609,2.3926590675622967,0.020580297916387824,,,2.46,218.98842291274408,4.2172451222589675
1083,,AM,R4017,00,EHZ,61.13513513513514,-149.931698481745,2026-09-12T12:40:59.998000Z,2026-09-12T12:41:59.998000Z,100.0,100.0,60.0,,noise,0,Noise,timeofday:America/Anchorage:day7-19:night1-5,AM,2.0-20.0,260.1651940967022,2015.9415906305187,238.91656134757724,2342.778150676446,0.8433233433860405,5.344473134368686,4.2796694843396255,,,2.46,218.98842291274408,10.698182668815901
1084,,AM,R4017,00,EHZ,61.13513513513514,-149.931698481745,2026-09-12T12:41:59.998000Z,2026-09-12T12:42:59.998000Z,100.0,100.0,60.0,,noise,0,Noise,timeofday:America/Anchorage:day7-19:night1-5,AM,2.0-20.0,214.05396704823073,812.9548256178862,190.294636276441,923.2351433393037,0.7903264786113572,1.7062372757223145,-0.08494902010353877,,,2.46,218.98842291274408,4.215908453330278
1085,,AM,R4017,00,EHZ,61.13513513513514,-149.931698481745,2026-09-12T12:42:59.998000Z,2026-09-12T12:43:59.998000Z,100.0,100.0,60.0,,noise,0,Noise,timeofday:America/Anchorage:day7-19:night1-5,AM,2.0-20.0,278.39289215567356,1466.036406224757,251.45279581367663,1311.6240526090965,0.8158243279870797,2.790194689220487,0.5100661898567451,,,2.46,218.98842291274408,5.98946754884715
1086,,AM,R4017,00,EHZ,61.13513513513514,-149.931698481745,2026-09-12T12:43:59.998000Z,2026-09-12T12:44:59.998000Z,100.0,100.0,60.0,,noise,0,Noise,timeofday:America/Anchorage:day7-19:night1-5,AM,2.0-20.0,234.64860515690467,1468.9702992466594,210.40500232202425,1146.4314223936083,0.8040372468226207,3.259948782931267,0.4641039956173465,,,2.46,218.98842291274408,5.23512342408349
1087,,AM,R4017,00,EHZ,61.13513513513514,-149.931698481745,2026-09-12T12:44:59.998000Z,2026-09-12T12:45:59.998000Z,100.0,100.0,60.0,,noise,0,Noise,timeofday:America/Anchorage:day7-19:night1-5,AM,2.0-20.0,217.03352766572186,800.9816753777015,193.3447067902096,662.7807466645611,0.7936169132172105,1.7961800466975264,-0.2450848264451393,,,2.46,218.98842291274408,3.0265560975734593
1088,,AM,R4017,00,EHZ,61.13513513513514,-149.931698481745,2026-09-12T12:45:59.998000Z,2026-09-12T12:46:59.998000Z,100.0,100.0,60.0,,noise,0,Noise,timeofday:America/Anchorage:day7-19:night1-5,AM,2.0-20.0,213.48684464693554,897.9902379633133,189.17523304050474,671.4979871563285,0.7852108979546455,1.5428000375819149,-0.27196644997164565,,,2.46,218.98842291274408,3.0663629530036243
1089,,AM,R4017,00,EHZ,61.13513513513514,-149.931698481745,2026-09-12T12:46:59.998000Z,2026-09-12T12:47:59.998000Z,100.0,100.0,60.0,,noise,0,Noise,timeofday:America/Anchorage:day7-19:night1-5,AM,2.0-20.0,213.61316941818592,926.0025792362505,187.00234563929294,740.7986220053954,0.7663692322622929,1.5408673486355575,-0.17552799529524554,,,2.46,218.98842291274408,3.382820937071027
1090,,AM,R4017,00,EHZ,61.13513513513514,-149.931698481745,2026-09-12T12:47:59.998000Z,2026-09-12T12:48:59.998000Z,100.0,100.0,60.0,,noise,0,Noise,timeofday:America/Anchorage:day7-19:night1-5,AM,2.0-20.0,239.87825830920136,936.9877345020975,216.2796240421558,998.054096565574,0.8129230504903928,3.2387990260661588,0.2789471225872573,,,2.46,218.98842291274408,4.557565570318978
1091,,AM,R4017,00,EHZ,61.13513513513514,-149.931698481745,2026-09-12T12:48:59.998000Z,2026-09-12T12:49:59.998000Z,100.0,100.0,60.0,,noise,0,Noise,timeofday:America/Anchorage:day7-19:night1-5,AM,2.0-20.0,314.5523756866799,2299.971510013834,296.5554233990942,2298.672660799777,0.8888445266515342,4.226957297359962,7.685862966173106,,,2.46,218.98842291274408,10.496777090886138
1092,,AM,R4017,00,EHZ,61.13513513513514,-149.931698481745,2026-09-12T12:49:59.998000Z,2026-09-12T12:50:59.998000Z,100.0,100.0,60.0,,noise,0,Noise,timeofday:America/Anchorage:day7-19:night1-5,AM,2.0-20.0,295.12452544726455,1941.9681476963885,274.597707306043,2166.567767000259,0.8657314809453379,3.3013366697118385,3.1413500693762373,,,2.46,218.98842291274408,9.893526507853467
1093,,AM,R4017,00,EHZ,61.13513513513514,-149.931698481745,2026-09-12T12:50:59.998000Z,2026-09-12T12:51:59.998000Z,100.0,100.0,60.0,,noise,0,Noise,timeofday:America/Anchorage:day7-19:night1-5,AM,2.0-20.0,282.61510713843273,2497.0482179046817,262.4084807546624,2587.523468785858,0.8621145745878361,5.6242594316997305,7.964910910699643,,,2.46,218.98842291274408,11.81580028007625
1094,,AM,R4017,00,EHZ,61.13513513513514,-149.931698481745,2026-09-12T12:51:59.998000Z,2026-09-12T12:52:59.998000Z,100.0,100.0,60.0,,noise,0,Noise,timeofday:America/Anchorage:day7-19:night1-5,AM,2.0-20.0,266.78954731498754,1884.050595916757,245.75433029757806,1612.154211584026,0.8485251863563974,3.622407826103645,3.010253888862511,,,2.46,218.98842291274408,7.361823927223718
1095,,AM,R4017,00,EHZ,61.13513513513514,-149.931698481745,2026-09-12T12:52:59.998000Z,2026-09-12T12:53:59.998000Z,100.0,100.0,60.0,,noise,0,Noise,timeofday:America/Anchorage:day7-19:night1-5,AM,2.0-20.0,222.46703873079292,785.0650904665674,196.18081004491512,695.3751582273686,0.7776455640901774,1.7508539930015141,-0.12892460835171926,,,2.46,218.98842291274408,3.1753968953164287
1096,,AM,R4017,00,EHZ,61.13513513513514,-149.931698481745,2026-09-12T12:53:59.998000Z,2026-09-12T12:54:59.998000Z,100.0,100.0,60.0,,noise,0,Noise,timeofday:America/Anchorage:day7-19:night1-5,AM,2.0-20.0,304.7912730000051,2644.919779104937,286.8862430324594,2413.9903556480026,0.8859605634602592,5.284637771604945,9.852371632924934,,,2.46,218.98842291274408,11.023369745029202
1097,,AM,R4017,00,EHZ,61.13513513513514,-149.931698481745,2026-09-12T12:54:59.998000Z,2026-09-12T12:55:59.998000Z,100.0,100.0,60.0,,noise,0,Noise,timeofday:America/Anchorage:day7-19:night1-5,AM,2.0-20.0,247.340050967124,1802.9188662270424,226.18382215943066,1663.9206654656389,0.8362462543544267,2.202796122648026,1.6051496158606708,,,2.46,218.98842291274408,7.59821292529527
1098,,AM,R4017,00,EHZ,61.13513513513514,-149.931698481745,2026-09-12T12:55:59.998000Z,2026-09-12T12:56:59.998000Z,100.0,100.0,60.0,,noise,0,Noise,timeofday:America/Anchorage:day7-19:night1-5,AM,2.0-20.0,231.43895088629162,837.0963042705228,207.57405276932622,751.6016157074689,0.8044021552924863,1.7922430514492222,-0.10403452081066877,,,2.46,218.98842291274408,3.4321522832599443
1099,,AM,R4017,00,EHZ,61.13513513513514,-149.931698481745,2026-09-12T12:56:59.998000Z,2026-09-12T12:57:59.998000Z,100.0,100.0,60.0,,noise,0,Noise,timeofday:America/Anchorage:day7-19:night1-5,AM,2.0-20.0,219.0491404903331,801.8928492069897,195.2957985014501,802.8542909722763,0.7948820566974291,2.2105826302997555,-0.08130959211831845,,,2.46,218.98842291274408,3.666195136224957
1100,,AM,R4017,00,EHZ,61.13513513513514,-149.931698481745,2026-09-12T12:57:59.998000Z,2026-09-12T12:58:59.998000Z,100.0,100.0,60.0,,noise,0,Noise,timeofday:America/Anchorage:day7-19:night1-5,AM,2.0-20.0,218.06212636342542,742.8868945950596,194.53040560220978,645.5179622281613,0.7958193585980541,1.7285771705477684,-0.16395579427106943,,,2.46,218.98842291274408,2.9477264306587014
1101,,AM,R4017,00,EHZ,61.13513513513514,-149.931698481745,2026-09-12T12:58:59.998000Z,2026-09-12T12:59:59.998000Z,100.0,100.0,60.0,,noise,0,Noise,timeofday:America/Anchorage:day7-19:night1-5,AM,2.0-20.0,233.34549404025037,818.875215332813,202.70426032474398,788.6464219331077,0.754617574103299,1.563130650428096,-0.14268551999235335,,,2.46,218.98842291274408,3.601315592136776
1102,,AM,R4017,00,EHZ,61.13513513513514,-149.931698481745,2026-09-12T12:59:59.998000Z,2026-09-12T13:00:59.998000Z,100.0,100.0,60.0,,noise,0,Noise,timeofday:America/Anchorage:day7-19:night1-5,AM,2.0-20.0,237.19682939601643,1163.8647311740676,212.7663695616349,1244.045926683244,0.8046151534944148,3.5389180013994954,0.7029972550339485,,,2.46,218.98842291274408,5.6808753181392335
1103,,AM,R4017,00,EHZ,61.13513513513514,-149.931698481745,2026-09-12T15:00:59.998000Z,2026-09-12T15:01:59.998000Z,100.0,100.0,60.0,,traffic,1,Traffic,timeofday:America/Anchorage:day7-19:night1-5,AM,2.0-20.0,302.72583792742734,1462.3984566467846,226.89215675456248,966.7745067656626,0.5617459976478815,1.7251523444054624,0.30525473343319076,,,2.46,218.98842291274408,4.414728842313613
1104,,AM,R4017,00,EHZ,61.13513513513514,-149.931698481745,2026-09-12T15:01:59.998000Z,2026-09-12T15:02:59.998000Z,100.0,100.0,60.0,,traffic,1,Traffic,timeofday:America/Anchorage:day7-19:night1-5,AM,2.0-20.0,261.0326574975662,966.4134198304748,219.01962000384756,902.5087277182224,0.70400598721786,2.3094142737802614,0.04892165243377411,,,2.46,218.98842291274408,4.121262282791209
1105,,AM,R4017,00,EHZ,61.13513513513514,-149.931698481745,2026-09-12T15:02:59.998000Z,2026-09-12T15:03:59.998000Z,100.0,100.0,60.0,,traffic,1,Traffic,timeofday:America/Anchorage:day7-19:night1-5,AM,2.0-20.0,352.0049725237137,2079.5707946988764,271.2246351873608,1800.9730366473393,0.5936912804145315,2.811014328118906,2.3199911464885643,,,2.46,218.98842291274408,8.224055923563306
1106,,AM,R4017,00,EHZ,61.13513513513514,-149.931698481745,2026-09-12T15:03:59.998000Z,2026-09-12T15:04:59.998000Z,100.0,100.0,60.0,,traffic,1,Traffic,timeofday:America/Anchorage:day7-19:night1-5,AM,2.0-20.0,455.8991928689054,3285.429818532077,381.0275703583398,3179.704436369825,0.6985140665223053,4.857760143283406,7.962262086103227,,,2.46,218.98842291274408,14.51996591453046
1107,,AM,R4017,00,EHZ,61.13513513513514,-149.931698481745,2026-09-12T15:04:59.998000Z,2026-09-12T15:05:59.998000Z,100.0,100.0,60.0,,traffic,1,Traffic,timeofday:America/Anchorage:day7-19:night1-5,AM,2.0-20.0,255.85740269279768,1228.445184148579,209.2277906203537,883.3473036635537,0.6687176166360219,2.039881629454935,0.08631465117605375,,,2.46,218.98842291274408,4.033762570250224
1108,,AM,R4017,00,EHZ,61.13513513513514,-149.931698481745,2026-09-12T15:05:59.998000Z,2026-09-12T15:06:59.998000Z,100.0,100.0,60.0,,traffic,1,Traffic,timeofday:America/Anchorage:day7-19:night1-5,AM,2.0-20.0,238.8114010163911,922.5427358984887,200.35706883867562,718.5050521566026,0.7038809735084149,1.7322583681978276,-0.18572101603098057,,,2.46,218.98842291274408,3.2810184328460634
1109,,AM,R4017,00,EHZ,61.13513513513514,-149.931698481745,2026-09-12T15:06:59.998000Z,2026-09-12T15:07:59.998000Z,100.0,100.0,60.0,,traffic,1,Traffic,timeofday:America/Anchorage:day7-19:night1-5,AM,2.0-20.0,247.6151648187056,912.4666559426189,206.539383520553,691.333619433951,0.695746892160019,1.7323408238546496,-0.12667076132330068,,,2.46,218.98842291274408,3.156941404657783
1110,,AM,R4017,00,EHZ,61.13513513513514,-149.931698481745,2026-09-12T15:07:59.998000Z,2026-09-12T15:08:59.998000Z,100.0,100.0,60.0,,traffic,1,Traffic,timeofday:America/Anchorage:day7-19:night1-5,AM,2.0-20.0,255.86390010829749,1106.4796313521076,210.2178580466091,759.1978933994419,0.6750270591154919,1.6403782639705335,-0.03951310800497376,,,2.46,218.98842291274408,3.466840316494467
1111,,AM,R4017,00,EHZ,61.13513513513514,-149.931698481745,2026-09-12T15:12:59.998000Z,2026-09-12T15:13:59.998000Z,100.0,100.0,60.0,,traffic,1,Traffic,timeofday:America/Anchorage:day7-19:night1-5,AM,2.0-20.0,277.36315295364506,1119.4714129574857,238.1103673811153,1121.0526490163775,0.7369857303865713,2.799133235128056,0.34403772322913273,,,2.46,218.98842291274408,5.119232487751468
1112,,AM,R4017,00,EHZ,61.13513513513514,-149.931698481745,2026-09-12T15:13:59.998000Z,2026-09-12T15:14:59.998000Z,100.0,100.0,60.0,,traffic,1,Traffic,timeofday:America/Anchorage:day7-19:night1-5,AM,2.0-20.0,291.0600825224304,1409.5436547542051,256.19790508428014,1229.1093322083275,0.7747932922268411,2.6991726499078106,1.075313909569796,,,2.46,218.98842291274408,5.612668084732799
1113,,AM,R4017,00,EHZ,61.13513513513514,-149.931698481745,2026-09-12T15:14:59.998000Z,2026-09-12T15:15:59.998000Z,100.0,100.0,60.0,,traffic,1,Traffic,timeofday:America/Anchorage:day7-19:night1-5,AM,2.0-20.0,361.92093966694307,2519.4487007644743,312.35774983149486,2812.2361479940664,0.7448642823632027,5.743032546268983,4.873336940305563,,,2.46,218.98842291274408,12.841939818501737
1114,,AM,R4017,00,EHZ,61.13513513513514,-149.931698481745,2026-09-12T15:30:59.998000Z,2026-09-12T15:31:59.998000Z,100.0,100.0,60.0,,traffic,1,Traffic,timeofday:America/Anchorage:day7-19:night1-5,AM,2.0-20.0,277.2277457005208,1847.287995927745,240.15058309924817,1941.9716165330299,0.7504018636868696,2.839175634659753,4.633507585531134,,,2.46,218.98842291274408,8.867919092265478
1115,,AM,R4017,00,EHZ,61.13513513513514,-149.931698481745,2026-09-12T15:33:59.998000Z,2026-09-12T15:34:59.998000Z,100.0,100.0,60.0,,traffic,1,Traffic,timeofday:America/Anchorage:day7-19:night1-5,AM,2.0-20.0,330.8737152059611,1602.7507020812557,295.4080257921598,1508.4058452637344,0.797113280143312,3.339105100487172,1.4185405040242847,,,2.46,218.98842291274408,6.888062050041607
1116,,AM,R4017,00,EHZ,61.13513513513514,-149.931698481745,2026-09-12T15:35:59.998000Z,2026-09-12T15:36:59.998000Z,100.0,100.0,60.0,,traffic,1,Traffic,timeofday:America/Anchorage:day7-19:night1-5,AM,2.0-20.0,439.01379202492143,4451.233878296105,416.87285205460336,4530.654097303865,0.9016768066033853,6.123558671814101,9.332564762857965,,,2.46,218.98842291274408,20.689011944293984
1117,,AM,R4017,00,EHZ,61.13513513513514,-149.931698481745,2026-09-12T15:40:59.998000Z,2026-09-12T15:41:59.998000Z,100.0,100.0,60.0,,traffic,1,Traffic,timeofday:America/Anchorage:day7-19:night1-5,AM,2.0-20.0,462.95306086433027,4795.178626535628,437.87511796387963,4510.765948671795,0.8945953058418612,5.72724715011533,13.314098001695925,,,2.46,218.98842291274408,20.598193679257232
1118,,AM,R4017,00,EHZ,61.13513513513514,-149.931698481745,2026-09-12T15:41:59.998000Z,2026-09-12T15:42:59.998000Z,100.0,100.0,60.0,,traffic,1,Traffic,timeofday:America/Anchorage:day7-19:night1-5,AM,2.0-20.0,510.7523194523905,3378.164360205293,487.61138131954834,3506.6009059700286,0.9114376670527332,6.2120569616839205,5.576331033834537,,,2.46,218.98842291274408,16.012722770131248
1119,,AM,R4017,00,EHZ,61.13513513513514,-149.931698481745,2026-09-12T15:43:59.998000Z,2026-09-12T15:44:59.998000Z,100.0,100.0,60.0,,traffic,1,Traffic,timeofday:America/Anchorage:day7-19:night1-5,AM,2.0-20.0,262.82914478160467,1356.151832524083,225.61412962801293,1307.3264381119307,0.7368609573313991,3.5686590206538007,0.8089876059533734,,,2.46,218.98842291274408,5.969842700921385
1120,,AM,R4017,00,EHZ,61.13513513513514,-149.931698481745,2026-09-12T15:45:59.998000Z,2026-09-12T15:46:59.998000Z,100.0,100.0,60.0,,traffic,1,Traffic,timeofday:America/Anchorage:day7-19:night1-5,AM,2.0-20.0,374.67568598983087,2079.8763482256404,345.5660439875994,2023.5537187136727,0.8506503798267898,3.3327204777901924,2.6223695134948715,,,2.46,218.98842291274408,9.240459800561958
1121,,AM,R4017,00,EHZ,61.13513513513514,-149.931698481745,2026-09-12T15:49:59.998000Z,2026-09-12T15:50:59.998000Z,100.0,100.0,60.0,,traffic,1,Traffic,timeofday:America/Anchorage:day7-19:night1-5,AM,2.0-20.0,420.4173370187725,3265.911197861981,396.03897907309124,2853.3112844384204,0.8873902048241502,4.325802801162343,6.271933711309842,,,2.46,218.98842291274408,13.029507434625081
1122,,AM,R4017,00,EHZ,61.13513513513514,-149.931698481745,2026-09-12T15:55:59.998000Z,2026-09-12T15:56:59.998000Z,100.0,100.0,60.0,,traffic,1,Traffic,timeofday:America/Anchorage:day7-19:night1-5,AM,2.0-20.0,340.01816437623893,3664.9731864522805,310.6533911131237,4169.261449157606,0.8347337256989581,4.17763639956415,27.74764560763005,,,2.46,218.98842291274408,19.038729964363675
1123,,AM,R4017,00,EHZ,61.13513513513514,-149.931698481745,2026-09-12T15:57:59.998000Z,2026-09-12T15:58:59.998000Z,100.0,100.0,60.0,,traffic,1,Traffic,timeofday:America/Anchorage:day7-19:night1-5,AM,2.0-20.0,273.5451830415836,1075.9950659055287,232.14083177748603,1225.8374182851994,0.7201864223539857,2.0965489906564865,0.21150213879215007,,,2.46,218.98842291274408,5.597727048674323
1124,,AM,R4017,00,EHZ,61.13513513513514,-149.931698481745,2026-09-12T16:05:59.998000Z,2026-09-12T16:06:59.998000Z,100.0,100.0,60.0,,traffic,1,Traffic,timeofday:America/Anchorage:day7-19:night1-5,AM,2.0-20.0,312.0606562398099,1306.0862927205164,268.3890137564658,1233.1169026305938,0.7396928725245561,3.252914373118837,0.4645226105445963,,,2.46,218.98842291274408,5.630968460473954
1125,,AM,R4017,00,EHZ,61.13513513513514,-149.931698481745,2026-09-12T16:10:59.998000Z,2026-09-12T16:11:59.998000Z,100.0,100.0,60.0,,traffic,1,Traffic,timeofday:America/Anchorage:day7-19:night1-5,AM,2.0-20.0,254.44745214790555,1217.8700720644517,212.87685400092235,1142.8715555587378,0.6999397752128497,2.2506274687521284,0.35120286766410613,,,2.46,218.98842291274408,5.218867465035423
1126,,AM,R4017,00,EHZ,61.13513513513514,-149.931698481745,2026-09-12T16:12:59.998000Z,2026-09-12T16:13:59.998000Z,100.0,100.0,60.0,,traffic,1,Traffic,timeofday:America/Anchorage:day7-19:night1-5,AM,2.0-20.0,309.0597744027539,1803.8475375690466,261.0195356022662,1493.1359252921307,0.7132816620954712,3.2773317357555145,1.469354798879909,,,2.46,218.98842291274408,6.818332701939547
1127,,AM,R4017,00,EHZ,61.13513513513514,-149.931698481745,2026-09-12T16:15:59.998000Z,2026-09-12T16:16:59.998000Z,100.0,100.0,60.0,,traffic,1,Traffic,timeofday:America/Anchorage:day7-19:night1-5,AM,2.0-20.0,348.9388101279194,2123.812428354831,314.4523533729367,2297.9996071193887,0.8121030603509191,7.0203026102538875,5.072850364870071,,,2.46,218.98842291274408,10.493703623935529
1128,,AM,R4017,00,EHZ,61.13513513513514,-149.931698481745,2026-09-12T16:17:59.998000Z,2026-09-12T16:18:59.998000Z,100.0,100.0,60.0,,traffic,1,Traffic,timeofday:America/Anchorage:day7-19:night1-5,AM,2.0-20.0,251.60935809401866,1285.2130520881367,204.68876765562723,930.303219066345,0.6618117036625607,1.9506080283660345,-0.022526069844595042,,,2.46,218.98842291274408,4.248184477939385
1129,,AM,R4017,00,EHZ,61.13513513513514,-149.931698481745,2026-09-12T16:20:59.998000Z,2026-09-12T16:21:59.998000Z,100.0,100.0,60.0,,traffic,1,Traffic,timeofday:America/Anchorage:day7-19:night1-5,AM,2.0-20.0,264.0293869515697,937.2362938896988,215.32538404949025,961.6979986513637,0.6650984356045344,2.2173547469825823,-0.07547471828275665,,,2.46,218.98842291274408,4.391547214505271
1130,,AM,R4017,00,EHZ,61.13513513513514,-149.931698481745,2026-09-12T16:23:59.998000Z,2026-09-12T16:24:59.998000Z,100.0,100.0,60.0,,traffic,1,Traffic,timeofday:America/Anchorage:day7-19:night1-5,AM,2.0-20.0,317.4456027577633,1650.274308982411,279.9812868997611,1814.276196156682,0.777892133234183,4.31538101771085,2.1700005387868426,,,2.46,218.98842291274408,8.284804155512733
1131,,AM,R4017,00,EHZ,61.13513513513514,-149.931698481745,2026-09-12T16:25:59.998000Z,2026-09-12T16:26:59.998000Z,100.0,100.0,60.0,,traffic,1,Traffic,timeofday:America/Anchorage:day7-19:night1-5,AM,2.0-20.0,425.5358275662869,3893.2881345529972,382.38701188123196,3664.77036188333,0.8074841444616218,5.987348299979725,12.815950424748255,,,2.46,218.98842291274408,16.73499591046216
1132,,AM,R4017,00,EHZ,61.13513513513514,-149.931698481745,2026-09-12T16:27:59.998000Z,2026-09-12T16:28:59.998000Z,100.0,100.0,60.0,,traffic,1,Traffic,timeofday:America/Anchorage:day7-19:night1-5,AM,2.0-20.0,551.9364364891969,4087.6889267766524,480.84334587717126,4378.38662145217,0.7589778303077395,3.8884744083735594,8.568832045689334,,,2.46,218.98842291274408,19.99368990933707
1133,,AM,R4017,00,EHZ,61.13513513513514,-149.931698481745,2026-09-12T16:30:59.998000Z,2026-09-12T16:31:59.998000Z,100.0,100.0,60.0,,traffic,1,Traffic,timeofday:America/Anchorage:day7-19:night1-5,AM,2.0-20.0,664.8154074945603,5279.653162520281,645.6526886278766,5245.123087197599,0.9431825905271523,7.478730848096722,9.636000145891758,,,2.46,218.98842291274408,23.951599894792235
1134,,AM,R4017,00,EHZ,61.13513513513514,-149.931698481745,2026-09-12T16:35:59.998000Z,2026-09-12T16:36:59.998000Z,100.0,100.0,60.0,,traffic,1,Traffic,timeofday:America/Anchorage:day7-19:night1-5,AM,2.0-20.0,458.37722063117064,2793.3985840678147,421.61371874384525,2775.4477157063516,0.846025422932236,5.814378680951224,3.2292424724350033,,,2.46,218.98842291274408,12.673947228763907
1135,,AM,R4017,00,EHZ,61.13513513513514,-149.931698481745,2026-09-12T16:36:59.998000Z,2026-09-12T16:37:59.998000Z,100.0,100.0,60.0,,traffic,1,Traffic,timeofday:America/Anchorage:day7-19:night1-5,AM,2.0-20.0,314.796618224819,1718.5937366081996,269.477143599095,1581.2384904778678,0.7327971205412996,4.280514401506402,1.778668412119754,,,2.46,218.98842291274408,7.22064878794032
1136,,AM,R4017,00,EHZ,61.13513513513514,-149.931698481745,2026-09-12T16:42:59.998000Z,2026-09-12T16:43:59.998000Z,100.0,100.0,60.0,,traffic,1,Traffic,timeofday:America/Anchorage:day7-19:night1-5,AM,2.0-20.0,427.01509433086153,1950.4705324347053,337.2046574085611,1676.190125865986,0.623592200824701,2.8716038336710943,1.204270985588833,,,2.46,218.98842291274408,7.6542408204559
1137,,AM,R4017,00,EHZ,61.13513513513514,-149.931698481745,2026-09-12T16:43:59.998000Z,2026-09-12T16:44:59.998000Z,100.0,100.0,60.0,,traffic,1,Traffic,timeofday:America/Anchorage:day7-19:night1-5,AM,2.0-20.0,439.3482524976541,2434.5194293926975,393.9132265910338,2523.63547904628,0.8038653708655135,3.7737803870104756,2.094416709751628,,,2.46,218.98842291274408,11.524058877084212
1138,,AM,R4017,00,EHZ,61.13513513513514,-149.931698481745,2026-09-12T16:50:59.998000Z,2026-09-12T16:51:59.998000Z,100.0,100.0,60.0,,traffic,1,Traffic,timeofday:America/Anchorage:day7-19:night1-5,AM,2.0-20.0,326.7851805596012,1514.5563743153837,283.36034842655386,1382.2921980670726,0.7518885112439007,3.2192311191363547,0.9532577775641649,,,2.46,218.98842291274408,6.31217020370911
1139,,AM,R4017,00,EHZ,61.13513513513514,-149.931698481745,2026-09-12T16:52:59.998000Z,2026-09-12T16:53:59.998000Z,100.0,100.0,60.0,,traffic,1,Traffic,timeofday:America/Anchorage:day7-19:night1-5,AM,2.0-20.0,482.2768994535543,2846.4216120870947,454.7360897542441,2551.6459262995213,0.8890494663934904,4.118269719481185,2.6165205304329406,,,2.46,218.98842291274408,11.651967224387128
1140,,AM,R4017,00,EHZ,61.13513513513514,-149.931698481745,2026-09-12T16:54:59.998000Z,2026-09-12T16:55:59.998000Z,100.0,100.0,60.0,,traffic,1,Traffic,timeofday:America/Anchorage:day7-19:night1-5,AM,2.0-20.0,658.7128653869128,5821.407178511956,639.1317582931126,5182.622545392024,0.9414310209672299,6.419549184265137,6.76050951610234,,,2.46,218.98842291274408,23.666194205421718
1141,,AM,R4017,00,EHZ,61.13513513513514,-149.931698481745,2026-09-12T16:55:59.998000Z,2026-09-12T16:56:59.998000Z,100.0,100.0,60.0,,traffic,1,Traffic,timeofday:America/Anchorage:day7-19:night1-5,AM,2.0-20.0,505.10747052986693,3984.3986664482068,476.3704550927802,4324.205634549515,0.8894510520090582,6.346991082743533,7.483686057681545,,,2.46,218.98842291274408,19.746275063465315
1142,,AM,R4017,00,EHZ,61.13513513513514,-149.931698481745,2026-09-12T16:59:59.998000Z,2026-09-12T17:00:59.998000Z,100.0,100.0,60.0,,traffic,1,Traffic,timeofday:America/Anchorage:day7-19:night1-5,AM,2.0-20.0,423.6046125554715,3951.3513501053235,395.00568853080745,3490.1404073567337,0.8695315392951483,4.932519590118013,7.44220604395988,,,2.46,218.98842291274408,15.9375567024718
1143,,AM,R4017,00,EHZ,61.13513513513514,-149.931698481745,2026-09-12T17:03:59.998000Z,2026-09-12T17:04:59.998000Z,100.0,100.0,60.0,,traffic,1,Traffic,timeofday:America/Anchorage:day7-19:night1-5,AM,2.0-20.0,737.4599428159257,7024.6911231067315,689.5417140976485,6441.805810047584,0.8742672649706061,6.4675117288495745,14.824653774004187,,,2.46,218.98842291274408,29.416193442400928
1144,,AM,R4017,00,EHZ,61.13513513513514,-149.931698481745,2026-09-12T17:07:59.998000Z,2026-09-12T17:08:59.998000Z,100.0,100.0,60.0,,traffic,1,Traffic,timeofday:America/Anchorage:day7-19:night1-5,AM,2.0-20.0,475.4574229487318,2315.726166119883,320.52680857530413,2521.260691949302,0.4544702451429731,4.085787439946943,3.0600289217365004,,,2.46,218.98842291274408,11.51321452711634
1145,,AM,R4017,00,EHZ,61.13513513513514,-149.931698481745,2026-09-12T17:08:59.998000Z,2026-09-12T17:09:59.998000Z,100.0,100.0,60.0,,traffic,1,Traffic,timeofday:America/Anchorage:day7-19:night1-5,AM,2.0-20.0,506.2697010172373,3743.7375074082524,473.1309564186,3342.5034755030433,0.8733711771380197,4.521992734971557,3.831459333612889,,,2.46,218.98842291274408,15.263379821840461
1146,,AM,R4017,00,EHZ,61.13513513513514,-149.931698481745,2026-09-12T17:10:59.998000Z,2026-09-12T17:11:59.998000Z,100.0,100.0,60.0,,traffic,1,Traffic,timeofday:America/Anchorage:day7-19:night1-5,AM,2.0-20.0,1182.2153431525505,10544.234125433752,1167.386236396795,10483.256004525441,0.9750703584379666,8.225000497110447,18.581249069997252,,,2.46,218.98842291274408,47.871279518289846
1147,,AM,R4017,00,EHZ,61.13513513513514,-149.931698481745,2026-09-12T17:12:59.998000Z,2026-09-12T17:13:59.998000Z,100.0,100.0,60.0,,traffic,1,Traffic,timeofday:America/Anchorage:day7-19:night1-5,AM,2.0-20.0,1001.41808477817,6621.21871974818,983.3976832017264,6878.177948755131,0.9643340492125249,6.319520201622185,10.191916658275158,,,2.46,218.98842291274408,31.408865625265225
1148,,AM,R4017,00,EHZ,61.13513513513514,-149.931698481745,2026-09-12T17:13:59.998000Z,2026-09-12T17:14:59.998000Z,100.0,100.0,60.0,,traffic,1,Traffic,timeofday:America/Anchorage:day7-19:night1-5,AM,2.0-20.0,621.7636066011208,3670.7903132134493,530.7971739216079,3482.5887345714286,0.7287970526960191,5.279395598186607,3.0854622223672044,,,2.46,218.98842291274408,15.903072355377734
1149,,AM,R4017,00,EHZ,61.13513513513514,-149.931698481745,2026-09-12T17:25:59.998000Z,2026-09-12T17:26:59.998000Z,100.0,100.0,60.0,,traffic,1,Traffic,timeofday:America/Anchorage:day7-19:night1-5,AM,2.0-20.0,594.585016316771,5962.9239121967585,533.8541952162573,5263.70367918312,0.8061528588589809,3.7208853376732245,7.959395554380841,,,2.46,218.98842291274408,24.036447265892416
1150,,AM,R4017,00,EHZ,61.13513513513514,-149.931698481745,2026-09-12T17:30:59.998000Z,2026-09-12T17:31:59.998000Z,100.0,100.0,60.0,,traffic,1,Traffic,timeofday:America/Anchorage:day7-19:night1-5,AM,2.0-20.0,675.7343129002694,5203.968963766234,656.5413180321979,5138.555538116361,0.9440004049433927,4.349460571051951,7.978199944511582,,,2.46,218.98842291274408,23.46496435642088
1151,,AM,R4017,00,EHZ,61.13513513513514,-149.931698481745,2026-09-12T17:32:59.998000Z,2026-09-12T17:33:59.998000Z,100.0,100.0,60.0,,traffic,1,Traffic,timeofday:America/Anchorage:day7-19:night1-5,AM,2.0-20.0,791.6614433095443,7949.996677624211,707.5416703276875,7942.691842661731,0.7987760916967412,5.1465471337130095,13.876237351945193,,,2.46,218.98842291274408,36.26991663311122
1152,,AM,R4017,00,EHZ,61.13513513513514,-149.931698481745,2026-09-12T17:42:59.998000Z,2026-09-12T17:43:59.998000Z,100.0,100.0,60.0,,traffic,1,Traffic,timeofday:America/Anchorage:day7-19:night1-5,AM,2.0-20.0,540.543953873156,3610.096498383213,481.9105197667977,3045.7502666520368,0.7948236580418689,4.472259658408344,2.2419388410402457,,,2.46,218.98842291274408,13.908270702810695
1153,,AM,R4017,00,EHZ,61.13513513513514,-149.931698481745,2026-09-12T17:44:59.998000Z,2026-09-12T17:45:59.998000Z,100.0,100.0,60.0,,traffic,1,Traffic,timeofday:America/Anchorage:day7-19:night1-5,AM,2.0-20.0,467.2643872640944,3149.8871046573145,405.7618841034218,3225.9131842449897,0.7540794960801962,3.6457407533486514,2.7772216127578693,,,2.46,218.98842291274408,14.730975917984278
1154,,AM,R4017,00,EHZ,61.13513513513514,-149.931698481745,2026-09-12T17:51:59.998000Z,2026-09-12T17:52:59.998000Z,100.0,100.0,60.0,,traffic,1,Traffic,timeofday:America/Anchorage:day7-19:night1-5,AM,2.0-20.0,583.9189872351054,3387.814147595192,491.24128530337657,3067.983082207485,0.7077575700819839,3.2621260311079374,2.521422161093944,,,2.46,218.98842291274408,14.009795775505093
1155,,AM,R4017,00,EHZ,61.13513513513514,-149.931698481745,2026-09-12T17:54:59.998000Z,2026-09-12T17:55:59.998000Z,100.0,100.0,60.0,,traffic,1,Traffic,timeofday:America/Anchorage:day7-19:night1-5,AM,2.0-20.0,508.13570792979266,3002.777000084908,445.9727214848797,3463.0481407230427,0.7702951453915207,4.906187945614043,3.4298187292916023,,,2.46,218.98842291274408,15.81384118238476
1156,,AM,R4017,00,EHZ,61.13513513513514,-149.931698481745,2026-09-12T17:55:59.998000Z,2026-09-12T17:56:59.998000Z,100.0,100.0,60.0,,traffic,1,Traffic,timeofday:America/Anchorage:day7-19:night1-5,AM,2.0-20.0,458.2097150890598,3183.2366460459384,394.5045749968944,3198.45806813463,0.7412684261969879,6.480529064493728,7.296884746981867,,,2.46,218.98842291274408,14.605603463380598
1157,,AM,R4017,00,EHZ,61.13513513513514,-149.931698481745,2026-09-12T17:58:59.998000Z,2026-09-12T17:59:59.998000Z,100.0,100.0,60.0,,traffic,1,Traffic,timeofday:America/Anchorage:day7-19:night1-5,AM,2.0-20.0,501.75451226826453,2753.7343805336454,350.47333816606175,2530.4490720074573,0.4878961563046414,3.0699400711940554,2.037931267787176,,,2.46,218.98842291274408,11.555172818499699
1158,,AM,R4017,00,EHZ,61.13513513513514,-149.931698481745,2026-09-12T17:59:59.998000Z,2026-09-12T18:00:59.998000Z,100.0,100.0,60.0,,traffic,1,Traffic,timeofday:America/Anchorage:day7-19:night1-5,AM,2.0-20.0,453.1184653228927,2399.2758945690916,354.9985421249731,2077.418475016212,0.6138038633018176,4.045432251262261,1.2677079758797296,,,2.46,218.98842291274408,9.486430594753218
1159,,AM,R4017,00,EHZ,61.13513513513514,-149.931698481745,2026-09-12T18:04:59.998000Z,2026-09-12T18:05:59.998000Z,100.0,100.0,60.0,,traffic,1,Traffic,timeofday:America/Anchorage:day7-19:night1-5,AM,2.0-20.0,878.0699774817065,8926.32459590802,684.488404916022,8318.828896223004,0.6076785893409,5.328660462619229,11.534875502848672,,,2.46,218.98842291274408,37.987528224437874
1160,,AM,R4017,00,EHZ,61.13513513513514,-149.931698481745,2026-09-12T18:05:59.998000Z,2026-09-12T18:06:59.998000Z,100.0,100.0,60.0,,traffic,1,Traffic,timeofday:America/Anchorage:day7-19:night1-5,AM,2.0-20.0,585.5766208214526,3759.658960094908,474.3397077309963,3770.0440467603166,0.6561626486042993,4.095085681734833,3.268322659393676,,,2.46,218.98842291274408,17.21572308076985
1161,,AM,R4017,00,EHZ,61.13513513513514,-149.931698481745,2026-09-12T18:07:59.998000Z,2026-09-12T18:08:59.998000Z,100.0,100.0,60.0,,traffic,1,Traffic,timeofday:America/Anchorage:day7-19:night1-5,AM,2.0-20.0,672.2448738895619,4302.353180832688,608.2202283782971,4833.698234592376,0.8185905399109332,3.1806453175028224,4.219896625170934,,,2.46,218.98842291274408,22.072848282570458
1162,,AM,R4017,00,EHZ,61.13513513513514,-149.931698481745,2026-09-12T18:08:59.998000Z,2026-09-12T18:09:59.998000Z,100.0,100.0,60.0,,traffic,1,Traffic,timeofday:America/Anchorage:day7-19:night1-5,AM,2.0-20.0,479.22111822194825,3103.364914101076,421.23852402688783,3200.64052903268,0.7726525964252423,3.1960963065500554,4.254985127930058,,,2.46,218.98842291274408,14.615569565099682
1163,,AM,R4017,00,EHZ,61.13513513513514,-149.931698481745,2026-09-12T18:21:59.998000Z,2026-09-12T18:22:59.998000Z,100.0,100.0,60.0,,traffic,1,Traffic,timeofday:America/Anchorage:day7-19:night1-5,AM,2.0-20.0,522.1413299280324,2694.5054589702127,477.76065321040284,2863.6160822838297,0.8372296835604142,4.286548886603617,1.9814514183061585,,,2.46,218.98842291274408,13.076563793625004
1164,,AM,R4017,00,EHZ,61.13513513513514,-149.931698481745,2026-09-12T18:23:59.998000Z,2026-09-12T18:24:59.998000Z,100.0,100.0,60.0,,traffic,1,Traffic,timeofday:America/Anchorage:day7-19:night1-5,AM,2.0-20.0,510.3601471557149,3963.4783217679246,478.95944629393534,4096.607225404019,0.8807324099196931,3.450357478183771,8.515577206690843,,,2.46,218.98842291274408,18.706957979401093
1165,,AM,R4017,00,EHZ,61.13513513513514,-149.931698481745,2026-09-12T18:25:59.998000Z,2026-09-12T18:26:59.998000Z,100.0,100.0,60.0,,traffic,1,Traffic,timeofday:America/Anchorage:day7-19:night1-5,AM,2.0-20.0,460.65870894488586,2638.550620294093,363.10382067678154,2785.906180285861,0.6213024486132451,3.0819034205333162,2.483648444026409,,,2.46,218.98842291274408,12.721705299443638
1166,,AM,R4017,00,EHZ,61.13513513513514,-149.931698481745,2026-09-12T18:26:59.998000Z,2026-09-12T18:27:59.998000Z,100.0,100.0,60.0,,traffic,1,Traffic,timeofday:America/Anchorage:day7-19:night1-5,AM,2.0-20.0,603.0339342088166,3929.4480417474656,497.60234774690275,3464.8690087008054,0.6808968706194516,5.160738650832286,3.754258743627875,,,2.46,218.98842291274408,15.822156087590905
1167,,AM,R4017,00,EHZ,61.13513513513514,-149.931698481745,2026-09-12T18:30:59.998000Z,2026-09-12T18:31:59.998000Z,100.0,100.0,60.0,,traffic,1,Traffic,timeofday:America/Anchorage:day7-19:night1-5,AM,2.0-20.0,545.5837065421885,3505.598354748989,448.51955438071303,3207.7167221442196,0.6758339120932509,2.7897631464602606,2.8111186250006295,,,2.46,218.98842291274408,14.64788265735095
1168,,AM,R4017,00,EHZ,61.13513513513514,-149.931698481745,2026-09-12T18:31:59.998000Z,2026-09-12T18:32:59.998000Z,100.0,100.0,60.0,,traffic,1,Traffic,timeofday:America/Anchorage:day7-19:night1-5,AM,2.0-20.0,738.9861673652201,4263.388767400989,701.758045092103,4222.510163434096,0.9017832866862275,4.743340996568509,3.989973223821231,,,2.46,218.98842291274408,19.281887632555602
1169,,AM,R4017,00,EHZ,61.13513513513514,-149.931698481745,2026-09-12T18:33:59.998000Z,2026-09-12T18:34:59.998000Z,100.0,100.0,60.0,,traffic,1,Traffic,timeofday:America/Anchorage:day7-19:night1-5,AM,2.0-20.0,413.0477219101713,2552.6327984682507,366.08327469432413,2439.1222925075454,0.785523736513712,3.4111002224487565,1.6280916664138116,,,2.46,218.98842291274408,11.138133514388628
1170,,AM,R4017,00,EHZ,61.13513513513514,-149.931698481745,2026-09-12T18:34:59.998000Z,2026-09-12T18:35:59.998000Z,100.0,100.0,60.0,,traffic,1,Traffic,timeofday:America/Anchorage:day7-19:night1-5,AM,2.0-20.0,354.3338919388625,1347.3596702891043,296.73887262598447,1315.9565879640475,0.7013317427727067,3.119119557421895,0.3172256408986853,,,2.46,218.98842291274408,6.00925186117437
1171,,AM,R4017,00,EHZ,61.13513513513514,-149.931698481745,2026-09-12T18:36:59.998000Z,2026-09-12T18:37:59.998000Z,100.0,100.0,60.0,,traffic,1,Traffic,timeofday:America/Anchorage:day7-19:night1-5,AM,2.0-20.0,1660.5476698534599,15176.663498342856,1638.8046740641503,13793.541443160299,0.9739837088711927,4.948952185484378,9.453075907667541,,,2.46,218.98842291274408,62.98753723915503
1172,,AM,R4017,00,EHZ,61.13513513513514,-149.931698481745,2026-09-12T18:37:59.998000Z,2026-09-12T18:38:59.998000Z,100.0,100.0,60.0,,traffic,1,Traffic,timeofday:America/Anchorage:day7-19:night1-5,AM,2.0-20.0,682.5553817880731,4477.675060882168,626.0835819423935,4514.648206035098,0.8413735204415059,7.216278776897611,3.2285477539497283,,,2.46,218.98842291274408,20.61592181899935
1173,,AM,R4017,00,EHZ,61.13513513513514,-149.931698481745,2026-09-12T18:43:59.998000Z,2026-09-12T18:44:59.998000Z,100.0,100.0,60.0,,traffic,1,Traffic,timeofday:America/Anchorage:day7-19:night1-5,AM,2.0-20.0,647.4518996893213,3744.268774479456,528.4354877870768,3332.760546772466,0.6661452449040116,3.7879220984434814,2.575551399189905,,,2.46,218.98842291274408,15.218889210871225
1174,,AM,R4017,00,EHZ,61.13513513513514,-149.931698481745,2026-09-12T18:49:59.998000Z,2026-09-12T18:50:59.998000Z,100.0,100.0,60.0,,traffic,1,Traffic,timeofday:America/Anchorage:day7-19:night1-5,AM,2.0-20.0,822.4787636418469,4482.199305168382,729.7672036125318,4412.5628033925,0.7872620144668088,3.215821186898587,2.0027998334089645,,,2.46,218.98842291274408,20.149753784704345
1175,,AM,R4017,00,EHZ,61.13513513513514,-149.931698481745,2026-09-12T18:50:59.998000Z,2026-09-12T18:51:59.998000Z,100.0,100.0,60.0,,traffic,1,Traffic,timeofday:America/Anchorage:day7-19:night1-5,AM,2.0-20.0,936.9406961187719,7590.806079765927,849.8217173210345,7616.886066886644,0.8226809572716183,5.30898371766356,9.1138175553285,,,2.46,218.98842291274408,34.78214037790295
1176,,AM,R4017,00,EHZ,61.13513513513514,-149.931698481745,2026-09-12T18:51:59.998000Z,2026-09-12T18:52:59.998000Z,100.0,100.0,60.0,,traffic,1,Traffic,timeofday:America/Anchorage:day7-19:night1-5,AM,2.0-20.0,495.6692817894348,3625.8137277315113,422.3518532657251,3379.6694675656204,0.7260471051042178,3.2689640969924283,6.214856475189027,,,2.46,218.98842291274408,15.433096519957356
1177,,AM,R4017,00,EHZ,61.13513513513514,-149.931698481745,2026-09-12T18:53:59.998000Z,2026-09-12T18:54:59.998000Z,100.0,100.0,60.0,,traffic,1,Traffic,timeofday:America/Anchorage:day7-19:night1-5,AM,2.0-20.0,601.5777921724259,3968.1613893772733,512.6681253447468,3726.9122283017746,0.7262548437114986,6.51137155900123,5.506640462652557,,,2.46,218.98842291274408,17.01876372609324
1178,,AM,R4017,00,EHZ,61.13513513513514,-149.931698481745,2026-09-12T18:55:59.998000Z,2026-09-12T18:56:59.998000Z,100.0,100.0,60.0,,traffic,1,Traffic,timeofday:America/Anchorage:day7-19:night1-5,AM,2.0-20.0,747.6776115718969,3937.86407364436,603.8950007220774,3606.0163219549777,0.6523702024171586,6.10697932291459,3.30887399515277,,,2.46,218.98842291274408,16.466698439998332
1179,,AM,R4017,00,EHZ,61.13513513513514,-149.931698481745,2026-09-12T18:58:59.998000Z,2026-09-12T18:59:59.998000Z,100.0,100.0,60.0,,traffic,1,Traffic,timeofday:America/Anchorage:day7-19:night1-5,AM,2.0-20.0,450.86856061142737,1806.1051446007657,366.3192048574519,1594.5864318597328,0.6601148005684069,3.774558520073513,0.6277284213528009,,,2.46,218.98842291274408,7.281601514136186
1180,,AM,R4017,00,EHZ,61.13513513513514,-149.931698481745,2026-09-12T18:59:59.998000Z,2026-09-12T19:00:59.998000Z,100.0,100.0,60.0,,traffic,1,Traffic,timeofday:America/Anchorage:day7-19:night1-5,AM,2.0-20.0,644.5795838716717,3316.1029965502926,338.8998368646906,1677.0975298788694,0.2764328352101017,2.434376456478052,1.0484318930772831,,,2.46,218.98842291274408,7.658384436820702
1181,,AM,R4017,00,EHZ,61.13513513513514,-149.931698481745,2026-09-12T19:00:59.998000Z,2026-09-12T19:01:59.998000Z,100.0,100.0,60.0,,traffic,1,Traffic,timeofday:America/Anchorage:day7-19:night1-5,AM,2.0-20.0,423.5195280438687,2974.907646142587,326.2006248979008,2384.344735974715,0.5932294425768058,3.153169113738454,1.356701918642914,,,2.46,218.98842291274408,10.887994462267793
1182,,AM,R4017,00,EHZ,61.13513513513514,-149.931698481745,2026-09-12T19:02:59.998000Z,2026-09-12T19:03:59.998000Z,100.0,100.0,60.0,,traffic,1,Traffic,timeofday:America/Anchorage:day7-19:night1-5,AM,2.0-20.0,675.1190189129392,4177.932053431388,577.435781140783,3724.1644743156157,0.7315545197626057,4.694589621959108,2.9857131946650757,,,2.46,218.98842291274408,17.006216240935753
1183,,AM,R4017,00,EHZ,61.13513513513514,-149.931698481745,2026-09-12T19:09:59.998000Z,2026-09-12T19:10:59.998000Z,100.0,100.0,60.0,,traffic,1,Traffic,timeofday:America/Anchorage:day7-19:night1-5,AM,2.0-20.0,1130.4722192566858,13494.994202062197,1084.6559012802154,13302.239559248697,0.9205856023629388,8.319471420701896,27.315983837758154,,,2.46,218.98842291274408,60.74403104199245
1184,,AM,R4017,00,EHZ,61.13513513513514,-149.931698481745,2026-09-12T19:11:59.998000Z,2026-09-12T19:12:59.998000Z,100.0,100.0,60.0,,traffic,1,Traffic,timeofday:America/Anchorage:day7-19:night1-5,AM,2.0-20.0,495.0162446263135,2495.0311111359665,443.71561666783623,2338.023041701008,0.8034715914216639,3.436868669325612,1.5777944587159594,,,2.46,218.98842291274408,10.67646869456927
1185,,AM,R4017,00,EHZ,61.13513513513514,-149.931698481745,2026-09-12T19:16:59.998000Z,2026-09-12T19:17:59.998000Z,100.0,100.0,60.0,,traffic,1,Traffic,timeofday:America/Anchorage:day7-19:night1-5,AM,2.0-20.0,745.0531271917491,4315.917100464736,710.1970462584715,4401.659048214941,0.9086219825657824,4.102051948703555,3.330630212316213,,,2.46,218.98842291274408,20.09996231613021
1186,,AM,R4017,00,EHZ,61.13513513513514,-149.931698481745,2026-09-12T19:26:59.998000Z,2026-09-12T19:27:59.998000Z,100.0,100.0,60.0,,traffic,1,Traffic,timeofday:America/Anchorage:day7-19:night1-5,AM,2.0-20.0,607.1681203772688,3389.187577362158,544.8709248174533,3311.8302934067583,0.8053215975912077,3.3283006544153078,3.419363797983939,,,2.46,218.98842291274408,15.123312225168894
1187,,AM,R4017,00,EHZ,61.13513513513514,-149.931698481745,2026-09-12T19:28:59.998000Z,2026-09-12T19:29:59.998000Z,100.0,100.0,60.0,,traffic,1,Traffic,timeofday:America/Anchorage:day7-19:night1-5,AM,2.0-20.0,816.8864257751962,5403.79780265443,789.5494700730914,6147.688368785835,0.9341902577198916,4.103804521538658,3.4010799467261474,,,2.46,218.98842291274408,28.073120428084827
1188,,AM,R4017,00,EHZ,61.13513513513514,-149.931698481745,2026-09-12T19:31:59.998000Z,2026-09-12T19:32:59.998000Z,100.0,100.0,60.0,,traffic,1,Traffic,timeofday:America/Anchorage:day7-19:night1-5,AM,2.0-20.0,510.7759817858168,3491.2378901744746,447.7139825631833,3568.4656486444574,0.7683168920801351,4.113755568996523,2.9826727176986356,,,2.46,218.98842291274408,16.295225113641337
1189,,AM,R4017,00,EHZ,61.13513513513514,-149.931698481745,2026-09-12T19:35:59.998000Z,2026-09-12T19:36:59.998000Z,100.0,100.0,60.0,,traffic,1,Traffic,timeofday:America/Anchorage:day7-19:night1-5,AM,2.0-20.0,535.9689623061571,2371.469253898267,461.33616977439607,2254.653283582731,0.7408934065769762,3.345355421244705,1.4874326312719095,,,2.46,218.98842291274408,10.295764742235244
1190,,AM,R4017,00,EHZ,61.13513513513514,-149.931698481745,2026-09-12T19:36:59.998000Z,2026-09-12T19:37:59.998000Z,100.0,100.0,60.0,,traffic,1,Traffic,timeofday:America/Anchorage:day7-19:night1-5,AM,2.0-20.0,1103.675334774495,14440.440262651915,1022.3816591014584,15133.398040434004,0.8581109146153564,8.53806647743548,40.906598379836886,,,2.46,218.98842291274408,69.1059273323499
1191,,AM,R4017,00,EHZ,61.13513513513514,-149.931698481745,2026-09-12T19:37:59.998000Z,2026-09-12T19:38:59.998000Z,100.0,100.0,60.0,,traffic,1,Traffic,timeofday:America/Anchorage:day7-19:night1-5,AM,2.0-20.0,697.2780978504722,4220.58960522752,523.8774841529728,2538.3252616191776,0.5644785178140602,2.7235602292345766,1.3090926141639052,,,2.46,218.98842291274408,11.591139055924309
1192,,AM,R4017,00,EHZ,61.13513513513514,-149.931698481745,2026-09-12T19:38:59.998000Z,2026-09-12T19:39:59.998000Z,100.0,100.0,60.0,,traffic,1,Traffic,timeofday:America/Anchorage:day7-19:night1-5,AM,2.0-20.0,714.6701128373635,4333.611047892777,636.7794953969136,4666.903238850804,0.7939020071716565,4.963095825227768,4.369988558192288,,,2.46,218.98842291274408,21.311187033436607
1193,,AM,R4017,00,EHZ,61.13513513513514,-149.931698481745,2026-09-12T19:41:59.998000Z,2026-09-12T19:42:59.998000Z,100.0,100.0,60.0,,traffic,1,Traffic,timeofday:America/Anchorage:day7-19:night1-5,AM,2.0-20.0,796.4339173519832,3887.6758600540925,637.3651299154129,3536.0880641915155,0.640438019169375,4.962004168329657,3.3128205975127996,,,2.46,218.98842291274408,16.147374446367284
1194,,AM,R4017,00,EHZ,61.13513513513514,-149.931698481745,2026-09-12T19:43:59.998000Z,2026-09-12T19:44:59.998000Z,100.0,100.0,60.0,,traffic,1,Traffic,timeofday:America/Anchorage:day7-19:night1-5,AM,2.0-20.0,663.5263364975592,3216.2800075223095,545.8552575248124,2814.541861736949,0.67676620627515,4.093214610750807,1.8312581947554545,,,2.46,218.98842291274408,12.852468748352067
1195,,AM,R4017,00,EHZ,61.13513513513514,-149.931698481745,2026-09-12T19:47:59.998000Z,2026-09-12T19:48:59.998000Z,100.0,100.0,60.0,,traffic,1,Traffic,timeofday:America/Anchorage:day7-19:night1-5,AM,2.0-20.0,780.1699207654476,5873.203832142219,658.3937829306645,5672.250671142641,0.7121853539007796,5.393010354969979,9.199596350105939,,,2.46,218.98842291274408,25.902057267213387
1196,,AM,R4017,00,EHZ,61.13513513513514,-149.931698481745,2026-09-12T19:50:59.998000Z,2026-09-12T19:51:59.998000Z,100.0,100.0,60.0,,traffic,1,Traffic,timeofday:America/Anchorage:day7-19:night1-5,AM,2.0-20.0,565.0230565443446,5353.127649426286,533.2152738487955,5525.957691844444,0.8905797626141071,7.679440238501963,11.478921671161112,,,2.46,218.98842291274408,25.234017480669564
1197,,AM,R4017,00,EHZ,61.13513513513514,-149.931698481745,2026-09-12T19:51:59.998000Z,2026-09-12T19:52:59.998000Z,100.0,100.0,60.0,,traffic,1,Traffic,timeofday:America/Anchorage:day7-19:night1-5,AM,2.0-20.0,479.5506755743665,2895.0958192092003,408.61239278568434,2975.886556337543,0.726029143581002,3.856923255066343,2.180753825686603,,,2.46,218.98842291274408,13.589241461971186
1198,,AM,R4017,00,EHZ,61.13513513513514,-149.931698481745,2026-09-12T19:52:59.998000Z,2026-09-12T19:53:59.998000Z,100.0,100.0,60.0,,traffic,1,Traffic,timeofday:America/Anchorage:day7-19:night1-5,AM,2.0-20.0,535.0621373607997,3743.904896035365,478.2083317202916,3668.5736690053936,0.7987775251651452,3.753641989971699,3.509666136904878,,,2.46,218.98842291274408,16.752363527761176
1199,,AM,R4017,00,EHZ,61.13513513513514,-149.931698481745,2026-09-12T19:59:59.998000Z,2026-09-12T20:00:59.998000Z,100.0,100.0,60.0,,traffic,1,Traffic,timeofday:America/Anchorage:day7-19:night1-5,AM,2.0-20.0,633.8061682349426,3930.068272565608,601.2022656133372,4016.0910569256966,0.8997633398135098,5.898996821308327,4.125217214967571,,,2.46,218.98842291274408,18.33928480559864
1200,,AM,R4017,00,EHZ,61.13513513513514,-149.931698481745,2026-09-12T20:03:59.998000Z,2026-09-12T20:04:59.998000Z,100.0,100.0,60.0,,traffic,1,Traffic,timeofday:America/Anchorage:day7-19:night1-5,AM,2.0-20.0,709.3689926567645,4843.6085567723085,649.9651631831744,4648.731934740373,0.8395291067258708,5.648813595703582,4.5493625145391405,,,2.46,218.98842291274408,21.228208655544588
1201,,AM,R4017,00,EHZ,61.13513513513514,-149.931698481745,2026-09-12T20:11:59.998000Z,2026-09-12T20:12:59.998000Z,100.0,100.0,60.0,,traffic,1,Traffic,timeofday:America/Anchorage:day7-19:night1-5,AM,2.0-20.0,1375.3188600076564,18829.611040320844,1347.1604209370714,17696.268537194563,0.9594709557254907,9.391318008722662,31.35247885369356,,,2.46,218.98842291274408,80.80915101272564
1202,,AM,R4017,00,EHZ,61.13513513513514,-149.931698481745,2026-09-12T20:12:59.998000Z,2026-09-12T20:13:59.998000Z,100.0,100.0,60.0,,traffic,1,Traffic,timeofday:America/Anchorage:day7-19:night1-5,AM,2.0-20.0,670.3926127274468,3318.388364101743,599.6789364661685,4164.237638104889,0.8001642598328756,3.045914271648508,2.4080404494765366,,,2.46,218.98842291274408,19.015788975128284
1203,,AM,R4017,00,EHZ,61.13513513513514,-149.931698481745,2026-09-12T20:14:59.998000Z,2026-09-12T20:15:59.998000Z,100.0,100.0,60.0,,traffic,1,Traffic,timeofday:America/Anchorage:day7-19:night1-5,AM,2.0-20.0,953.617472020884,5518.387771911705,850.1545749048423,4209.62730356634,0.7947808481256112,4.497588861499068,1.9449871652637691,,,2.46,218.98842291274408,19.223058678511354
1204,,AM,R4017,00,EHZ,61.13513513513514,-149.931698481745,2026-09-12T20:16:59.998000Z,2026-09-12T20:17:59.998000Z,100.0,100.0,60.0,,traffic,1,Traffic,timeofday:America/Anchorage:day7-19:night1-5,AM,2.0-20.0,641.8228823225703,3382.6127457014,511.4432239632706,2552.9778567594876,0.6349864604039781,4.908817873696729,2.1196834901206305,,,2.46,218.98842291274408,11.658049420159172
1205,,AM,R4017,00,EHZ,61.13513513513514,-149.931698481745,2026-09-12T20:17:59.998000Z,2026-09-12T20:18:59.998000Z,100.0,100.0,60.0,,traffic,1,Traffic,timeofday:America/Anchorage:day7-19:night1-5,AM,2.0-20.0,475.42723372520226,3030.6130771180206,411.0184346958732,3196.7107816355756,0.7474024044307718,5.372275061868761,3.039707773664886,,,2.46,218.98842291274408,14.597624564424141
1206,,AM,R4017,00,EHZ,61.13513513513514,-149.931698481745,2026-09-12T20:19:59.998000Z,2026-09-12T20:20:59.998000Z,100.0,100.0,60.0,,traffic,1,Traffic,timeofday:America/Anchorage:day7-19:night1-5,AM,2.0-20.0,622.6473517705871,4225.613924290151,569.0154177386275,4812.532871357773,0.8351486382633222,5.670251111077301,7.534120547537537,,,2.46,218.98842291274408,21.976197679067837
1207,,AM,R4017,00,EHZ,61.13513513513514,-149.931698481745,2026-09-12T20:22:59.998000Z,2026-09-12T20:23:59.998000Z,100.0,100.0,60.0,,traffic,1,Traffic,timeofday:America/Anchorage:day7-19:night1-5,AM,2.0-20.0,427.4188568472501,1881.3852639412735,359.7875913459041,1581.1532576386057,0.7085736614551458,3.1816405291975784,0.526953915849238,,,2.46,218.98842291274408,7.220259576318407
1208,,AM,R4017,00,EHZ,61.13513513513514,-149.931698481745,2026-09-12T20:37:59.998000Z,2026-09-12T20:38:59.998000Z,100.0,100.0,60.0,,traffic,1,Traffic,timeofday:America/Anchorage:day7-19:night1-5,AM,2.0-20.0,706.6672055410587,4339.380455176776,627.0776465224977,4366.36511085277,0.7874314648177023,5.441708843545701,4.3953341762605715,,,2.46,218.98842291274408,19.93879426490298
1209,,AM,R4017,00,EHZ,61.13513513513514,-149.931698481745,2026-09-12T20:38:59.998000Z,2026-09-12T20:39:59.998000Z,100.0,100.0,60.0,,traffic,1,Traffic,timeofday:America/Anchorage:day7-19:night1-5,AM,2.0-20.0,632.4111023000585,4423.620139799655,591.2707683904846,4563.738452338442,0.8741256134781131,5.424856521099553,5.3767829255460775,,,2.46,218.98842291274408,20.840090045111026
1210,,AM,R4017,00,EHZ,61.13513513513514,-149.931698481745,2026-09-12T20:42:59.998000Z,2026-09-12T20:43:59.998000Z,100.0,100.0,60.0,,traffic,1,Traffic,timeofday:America/Anchorage:day7-19:night1-5,AM,2.0-20.0,719.1504765779887,5795.621145741438,673.9921555277739,5863.195494512171,0.8783551228634614,5.2576686116872615,10.446562683147743,,,2.46,218.98842291274408,26.77399753158805
1211,,AM,R4017,00,EHZ,61.13513513513514,-149.931698481745,2026-09-12T20:53:59.998000Z,2026-09-12T20:54:59.998000Z,100.0,100.0,60.0,,traffic,1,Traffic,timeofday:America/Anchorage:day7-19:night1-5,AM,2.0-20.0,1083.0472032487019,10526.624899774994,1056.702703250257,10833.718455750897,0.9519428284955761,8.14944404173859,11.130050337282539,,,2.46,218.98842291274408,49.47164928470941
1212,,AM,R4017,00,EHZ,61.13513513513514,-149.931698481745,2026-09-12T20:54:59.998000Z,2026-09-12T20:55:59.998000Z,100.0,100.0,60.0,,traffic,1,Traffic,timeofday:America/Anchorage:day7-19:night1-5,AM,2.0-20.0,619.6439369323547,3907.625104984493,578.2606842644386,3887.438670997215,0.8708892351840418,3.9092629990106182,4.402679475572699,,,2.46,218.98842291274408,17.751799932118626
1213,,AM,R4017,00,EHZ,61.13513513513514,-149.931698481745,2026-09-12T20:58:59.998000Z,2026-09-12T20:59:59.998000Z,100.0,100.0,60.0,,traffic,1,Traffic,timeofday:America/Anchorage:day7-19:night1-5,AM,2.0-20.0,451.6968516383246,1855.6266606648269,374.4973614535896,2176.35427395407,0.6873902968533558,4.60536582623689,1.375251649036695,,,2.46,218.98842291274408,9.938216116663108
1214,,AM,R4017,00,EHZ,61.13513513513514,-149.931698481745,2026-09-12T21:00:59.998000Z,2026-09-12T21:01:59.998000Z,100.0,100.0,60.0,,traffic,1,Traffic,timeofday:America/Anchorage:day7-19:night1-5,AM,2.0-20.0,606.048221907228,5052.627100914603,560.1149300304654,4726.840446112847,0.8541613878701113,5.359991849910668,8.90926052325651,,,2.46,218.98842291274408,21.584887380079703
1215,,AM,R4017,00,EHZ,61.13513513513514,-149.931698481745,2026-09-12T21:11:59.998000Z,2026-09-12T21:12:59.998000Z,100.0,100.0,60.0,,traffic,1,Traffic,timeofday:America/Anchorage:day7-19:night1-5,AM,2.0-20.0,554.0771855070799,3749.369329718539,497.61083665686306,4056.212215463231,0.8065645365845591,4.0332150744025865,3.212137273545471,,,2.46,218.98842291274408,18.52249612793197
1216,,AM,R4017,00,EHZ,61.13513513513514,-149.931698481745,2026-09-12T21:12:59.998000Z,2026-09-12T21:13:59.998000Z,100.0,100.0,60.0,,traffic,1,Traffic,timeofday:America/Anchorage:day7-19:night1-5,AM,2.0-20.0,759.165798578752,4146.631198657683,690.7863596317761,3822.2366174110666,0.8279693076512245,5.131633339850447,2.431460100174683,,,2.46,218.98842291274408,17.454057920377082
1217,,AM,R4017,00,EHZ,61.13513513513514,-149.931698481745,2026-09-12T21:13:59.998000Z,2026-09-12T21:14:59.998000Z,100.0,100.0,60.0,,traffic,1,Traffic,timeofday:America/Anchorage:day7-19:night1-5,AM,2.0-20.0,1082.5203675553978,9698.631518819471,1043.939756913422,9559.948628715685,0.9299909494622806,8.054013859646657,14.232769937927031,,,2.46,218.98842291274408,43.65504121889058
1218,,AM,R4017,00,EHZ,61.13513513513514,-149.931698481745,2026-09-12T21:17:59.998000Z,2026-09-12T21:18:59.998000Z,100.0,100.0,60.0,,traffic,1,Traffic,timeofday:America/Anchorage:day7-19:night1-5,AM,2.0-20.0,599.0618340248027,3480.3673002424666,541.5458524487942,3710.0987274046606,0.8171977544370607,3.8170232167197953,3.6196700608742125,,,2.46,218.98842291274408,16.941985690645158
1219,,AM,R4017,00,EHZ,61.13513513513514,-149.931698481745,2026-09-12T21:18:59.998000Z,2026-09-12T21:19:59.998000Z,100.0,100.0,60.0,,traffic,1,Traffic,timeofday:America/Anchorage:day7-19:night1-5,AM,2.0-20.0,725.5409340252066,2897.3668989475273,465.232990514914,2607.910804916559,0.41116597448219516,5.252513098095276,2.3854649246608197,,,2.46,218.98842291274408,11.908898060586885
1220,,AM,R4017,00,EHZ,61.13513513513514,-149.931698481745,2026-09-12T21:24:59.998000Z,2026-09-12T21:25:59.998000Z,100.0,100.0,60.0,,traffic,1,Traffic,timeofday:America/Anchorage:day7-19:night1-5,AM,2.0-20.0,446.998056863431,2011.364774734161,345.2793577200297,1587.5681130892244,0.5966641711278112,2.804823962870958,0.7182847741651828,,,2.46,218.98842291274408,7.249552702253081
1221,,AM,R4017,00,EHZ,61.13513513513514,-149.931698481745,2026-09-12T21:28:59.998000Z,2026-09-12T21:29:59.998000Z,100.0,100.0,60.0,,traffic,1,Traffic,timeofday:America/Anchorage:day7-19:night1-5,AM,2.0-20.0,522.5636205100977,3037.3637516915887,485.678637090012,3232.0842405437465,0.8638128459907172,5.187592850888486,2.891376861748233,,,2.46,218.98842291274408,14.75915574692992
1222,,AM,R4017,00,EHZ,61.13513513513514,-149.931698481745,2026-09-12T21:33:59.998000Z,2026-09-12T21:34:59.998000Z,100.0,100.0,60.0,,traffic,1,Traffic,timeofday:America/Anchorage:day7-19:night1-5,AM,2.0-20.0,564.6597666010547,3572.638155838903,519.9186592782861,3737.2248040273703,0.8478072371101097,5.817102962165253,4.217219096945936,,,2.46,218.98842291274408,17.06585560240537
1223,,AM,R4017,00,EHZ,61.13513513513514,-149.931698481745,2026-09-12T21:36:59.998000Z,2026-09-12T21:37:59.998000Z,100.0,100.0,60.0,,traffic,1,Traffic,timeofday:America/Anchorage:day7-19:night1-5,AM,2.0-20.0,636.1731257442822,4673.360838437854,597.6691191167548,4575.891014814304,0.8826143737681055,4.302854298390237,5.572505959076528,,,2.46,218.98842291274408,20.89558413157561
1224,,AM,R4017,00,EHZ,61.13513513513514,-149.931698481745,2026-09-12T21:40:59.998000Z,2026-09-12T21:41:59.998000Z,100.0,100.0,60.0,,traffic,1,Traffic,timeofday:America/Anchorage:day7-19:night1-5,AM,2.0-20.0,848.2350026468323,5186.359671377112,816.5036173782901,4735.2974062481235,0.9265819733299339,7.408686914394042,3.4024767598974215,,,2.46,218.98842291274408,21.623505677900162
1225,,AM,R4017,00,EHZ,61.13513513513514,-149.931698481745,2026-09-12T21:41:59.998000Z,2026-09-12T21:42:59.998000Z,100.0,100.0,60.0,,traffic,1,Traffic,timeofday:America/Anchorage:day7-19:night1-5,AM,2.0-20.0,796.540760583571,10462.640601743842,766.5694785812362,10917.698459345505,0.9261621709748208,8.373031345043348,26.825497457613917,,,2.46,218.98842291274408,49.85513989337994
1226,,AM,R4017,00,EHZ,61.13513513513514,-149.931698481745,2026-09-12T21:48:59.998000Z,2026-09-12T21:49:59.998000Z,100.0,100.0,60.0,,traffic,1,Traffic,timeofday:America/Anchorage:day7-19:night1-5,AM,2.0-20.0,793.5969034923223,4387.356917931095,520.9968515141582,3349.4402751109883,0.4309930513892252,3.7594779695999403,2.498477015639219,,,2.46,218.98842291274408,15.295056380425976
1227,,AM,R4017,00,EHZ,61.13513513513514,-149.931698481745,2026-09-12T21:49:59.998000Z,2026-09-12T21:50:59.998000Z,100.0,100.0,60.0,,traffic,1,Traffic,timeofday:America/Anchorage:day7-19:night1-5,AM,2.0-20.0,785.4522299656481,4107.356677864392,718.8816623772285,3901.3358235094474,0.8376744264980267,4.63879091571224,1.9060260817847787,,,2.46,218.98842291274408,17.815260604273742
1228,,AM,R4017,00,EHZ,61.13513513513514,-149.931698481745,2026-09-12T21:50:59.998000Z,2026-09-12T21:51:59.998000Z,100.0,100.0,60.0,,traffic,1,Traffic,timeofday:America/Anchorage:day7-19:night1-5,AM,2.0-20.0,830.0449517863185,5690.356445665141,715.9872363549316,4876.244307408216,0.7440589337608801,6.387662337246236,4.5901946265693585,,,2.46,218.98842291274408,22.267132858211205
1229,,AM,R4017,00,EHZ,61.13513513513514,-149.931698481745,2026-09-12T21:52:59.998000Z,2026-09-12T21:53:59.998000Z,100.0,100.0,60.0,,traffic,1,Traffic,timeofday:America/Anchorage:day7-19:night1-5,AM,2.0-20.0,953.1503072332346,6409.64411953515,909.2480874736601,6314.716076961098,0.9100012901899696,5.463227848607212,3.9275260311103777,,,2.46,218.98842291274408,28.83584434724751
1230,,AM,R4017,00,EHZ,61.13513513513514,-149.931698481745,2026-09-12T21:53:59.998000Z,2026-09-12T21:54:59.998000Z,100.0,100.0,60.0,,traffic,1,Traffic,timeofday:America/Anchorage:day7-19:night1-5,AM,2.0-20.0,632.8386020861948,3831.3555424920132,554.5032920767,4363.541048601986,0.7677544329956995,4.0700551423250815,2.917074340281702,,,2.46,218.98842291274408,19.925898321760318
1231,,AM,R4017,00,EHZ,61.13513513513514,-149.931698481745,2026-09-12T21:55:59.998000Z,2026-09-12T21:56:59.998000Z,100.0,100.0,60.0,,traffic,1,Traffic,timeofday:America/Anchorage:day7-19:night1-5,AM,2.0-20.0,661.2392159007305,5289.354633145119,537.0180066016394,5493.863017113244,0.6595693894115795,4.186227500182681,6.650834461002972,,,2.46,218.98842291274408,25.087458706902844
1232,,AM,R4017,00,EHZ,61.13513513513514,-149.931698481745,2026-09-12T21:56:59.998000Z,2026-09-12T21:57:59.998000Z,100.0,100.0,60.0,,traffic,1,Traffic,timeofday:America/Anchorage:day7-19:night1-5,AM,2.0-20.0,883.9644362783472,4120.6456703529575,754.5508144926465,3715.5666828976,0.7286305877587559,4.154353015285094,1.3183595634147274,,,2.46,218.98842291274408,16.96695484390089
1233,,AM,R4017,00,EHZ,61.13513513513514,-149.931698481745,2026-09-12T22:01:59.998000Z,2026-09-12T22:02:59.998000Z,100.0,100.0,60.0,,traffic,1,Traffic,timeofday:America/Anchorage:day7-19:night1-5,AM,2.0-20.0,500.86576757527644,2835.6472805591393,423.23848458245897,2772.5711171177677,0.7140483189301334,4.024410569511964,2.782106898348471,,,2.46,218.98842291274408,12.660811380985644
1234,,AM,R4017,00,EHZ,61.13513513513514,-149.931698481745,2026-09-12T22:09:59.998000Z,2026-09-12T22:10:59.998000Z,100.0,100.0,60.0,,traffic,1,Traffic,timeofday:America/Anchorage:day7-19:night1-5,AM,2.0-20.0,832.2283048456785,5596.649959155041,799.7553806789375,5698.266166320499,0.9234840021410156,5.012009950520734,7.952311853675594,,,2.46,218.98842291274408,26.020855762731223
1235,,AM,R4017,00,EHZ,61.13513513513514,-149.931698481745,2026-09-12T22:14:59.998000Z,2026-09-12T22:15:59.998000Z,100.0,100.0,60.0,,traffic,1,Traffic,timeofday:America/Anchorage:day7-19:night1-5,AM,2.0-20.0,802.6096663239122,6416.348405506623,687.8540597429702,6837.943283117563,0.7344865339866053,7.523441860194513,14.03073917808507,,,2.46,218.98842291274408,31.225135978271055
1236,,AM,R4017,00,EHZ,61.13513513513514,-149.931698481745,2026-09-12T22:19:59.998000Z,2026-09-12T22:20:59.998000Z,100.0,100.0,60.0,,traffic,1,Traffic,timeofday:America/Anchorage:day7-19:night1-5,AM,2.0-20.0,804.2324017816112,5943.347051921585,760.5083470947435,4978.554994610325,0.8942209436188686,4.015362413831055,4.320866250646731,,,2.46,218.98842291274408,22.734329643508275
1237,,AM,R4017,00,EHZ,61.13513513513514,-149.931698481745,2026-09-12T22:23:59.998000Z,2026-09-12T22:24:59.998000Z,100.0,100.0,60.0,,traffic,1,Traffic,timeofday:America/Anchorage:day7-19:night1-5,AM,2.0-20.0,645.5836127489217,4846.345439693906,549.1356775112974,4683.710916366064,0.7235263062130538,4.351347912906053,4.719631448805922,,,2.46,218.98842291274408,21.387938476694217
1238,,AM,R4017,00,EHZ,61.13513513513514,-149.931698481745,2026-09-12T22:25:59.998000Z,2026-09-12T22:26:59.998000Z,100.0,100.0,60.0,,traffic,1,Traffic,timeofday:America/Anchorage:day7-19:night1-5,AM,2.0-20.0,688.6214856804314,5040.344970924599,591.8833642384975,5284.219007352929,0.7387731946662732,3.990535997089324,5.721804575151886,,,2.46,218.98842291274408,24.13012951583484
1239,,AM,R4017,00,EHZ,61.13513513513514,-149.931698481745,2026-09-12T22:30:59.998000Z,2026-09-12T22:31:59.998000Z,100.0,100.0,60.0,,traffic,1,Traffic,timeofday:America/Anchorage:day7-19:night1-5,AM,2.0-20.0,628.3201700079173,6029.6568684758995,596.6057004225637,6215.625103542901,0.9015976984104774,7.272944237823377,8.343748498685892,,,2.46,218.98842291274408,28.383350228607824
1240,,AM,R4017,00,EHZ,61.13513513513514,-149.931698481745,2026-09-12T22:32:59.998000Z,2026-09-12T22:33:59.998000Z,100.0,100.0,60.0,,traffic,1,Traffic,timeofday:America/Anchorage:day7-19:night1-5,AM,2.0-20.0,737.4219685263007,4649.3426624816175,683.7068898673018,4057.3607053799487,0.8596224909941838,5.683074129132274,4.901773545650816,,,2.46,218.98842291274408,18.527740651370433
1241,,AM,R4017,00,EHZ,61.13513513513514,-149.931698481745,2026-09-12T22:33:59.998000Z,2026-09-12T22:34:59.998000Z,100.0,100.0,60.0,,traffic,1,Traffic,timeofday:America/Anchorage:day7-19:night1-5,AM,2.0-20.0,617.1053616758111,4906.342441919646,568.8543034395992,4558.019874578426,0.8497349009669666,6.6841830925850845,7.210594367686559,,,2.46,218.98842291274408,20.81397643744194
1242,,AM,R4017,00,EHZ,61.13513513513514,-149.931698481745,2026-09-12T22:35:59.998000Z,2026-09-12T22:36:59.998000Z,100.0,100.0,60.0,,traffic,1,Traffic,timeofday:America/Anchorage:day7-19:night1-5,AM,2.0-20.0,799.375051843693,5163.6583643854165,724.2179995056239,5521.716251601816,0.8208001911592199,7.438884057158214,5.153339414713633,,,2.46,218.98842291274408,25.214649149749544
1243,,AM,R4017,00,EHZ,61.13513513513514,-149.931698481745,2026-09-12T22:42:59.998000Z,2026-09-12T22:43:59.998000Z,100.0,100.0,60.0,,traffic,1,Traffic,timeofday:America/Anchorage:day7-19:night1-5,AM,2.0-20.0,776.7802497184621,3794.339239263697,555.2434416870296,2975.5373459326192,0.5109407316916248,3.623637571741563,1.9498656657575069,,,2.46,218.98842291274408,13.58764680961341
1244,,AM,R4017,00,EHZ,61.13513513513514,-149.931698481745,2026-09-12T22:43:59.998000Z,2026-09-12T22:44:59.998000Z,100.0,100.0,60.0,,traffic,1,Traffic,timeofday:America/Anchorage:day7-19:night1-5,AM,2.0-20.0,591.9934980258354,2768.6608762349415,477.3614406104734,2874.1235220485073,0.6502207090389532,4.011398303832933,2.1287910388933398,,,2.46,218.98842291274408,13.12454550710976
1245,,AM,R4017,00,EHZ,61.13513513513514,-149.931698481745,2026-09-12T22:46:59.998000Z,2026-09-12T22:47:59.998000Z,100.0,100.0,60.0,,traffic,1,Traffic,timeofday:America/Anchorage:day7-19:night1-5,AM,2.0-20.0,556.4396838813133,3650.338163388963,515.1805849938145,3561.3952539117813,0.8572012297108713,2.9397296744680874,2.549590913045016,,,2.46,218.98842291274408,16.2629384994056
1246,,AM,R4017,00,EHZ,61.13513513513514,-149.931698481745,2026-09-12T22:54:59.998000Z,2026-09-12T22:55:59.998000Z,100.0,100.0,60.0,,traffic,1,Traffic,timeofday:America/Anchorage:day7-19:night1-5,AM,2.0-20.0,608.9497433392149,3231.664428774183,465.10555089189353,2821.617820925948,0.5833646945360315,3.069226986220246,1.6280324523485117,,,2.46,218.98842291274408,12.884780772407412
1247,,AM,R4017,00,EHZ,61.13513513513514,-149.931698481745,2026-09-12T22:56:59.998000Z,2026-09-12T22:57:59.998000Z,100.0,100.0,60.0,,traffic,1,Traffic,timeofday:America/Anchorage:day7-19:night1-5,AM,2.0-20.0,444.70818156331876,2287.3347156945138,376.90166696146656,2113.0248039743965,0.7183000183160053,3.853996616839093,1.7697244033225221,,,2.46,218.98842291274408,9.649025167035113
1248,,AM,R4017,00,EHZ,61.13513513513514,-149.931698481745,2026-09-12T22:58:59.998000Z,2026-09-12T22:59:59.998000Z,100.0,100.0,60.0,,traffic,1,Traffic,timeofday:America/Anchorage:day7-19:night1-5,AM,2.0-20.0,510.6746209232805,2632.6660140121157,411.20202527555836,2649.3724303163835,0.6483685484849356,5.5699908224482355,2.4334573019890513,,,2.46,218.98842291274408,12.098230559758978
1249,,AM,R4017,00,EHZ,61.13513513513514,-149.931698481745,2026-09-12T22:59:59.998000Z,2026-09-12T23:00:59.998000Z,100.0,100.0,60.0,,traffic,1,Traffic,timeofday:America/Anchorage:day7-19:night1-5,AM,2.0-20.0,660.1634265520239,5350.333714178175,622.5470276561101,5393.834358373862,0.8892859008873234,6.138610421119112,5.97357302519902,,,2.46,218.98842291274408,24.630682693774343
1250,,AM,R4017,00,EHZ,61.13513513513514,-149.931698481745,2026-09-12T23:00:59.998000Z,2026-09-12T23:01:59.998000Z,100.0,100.0,60.0,,traffic,1,Traffic,timeofday:America/Anchorage:day7-19:night1-5,AM,2.0-20.0,739.3324213188113,4031.333435539077,575.9253260647628,3774.4708948874118,0.6068101701973374,5.331633758790674,3.349087479248566,,,2.46,218.98842291274408,17.235938067791597
1251,,AM,R4017,00,EHZ,61.13513513513514,-149.931698481745,2026-09-12T23:03:59.998000Z,2026-09-12T23:04:59.998000Z,100.0,100.0,60.0,,traffic,1,Traffic,timeofday:America/Anchorage:day7-19:night1-5,AM,2.0-20.0,554.0450406588769,2756.332420090782,467.87754018053033,2921.6271087370746,0.713139106191562,3.4017365852034014,1.6092558063725724,,,2.46,218.98842291274408,13.341468329132617
1252,,AM,R4017,00,EHZ,61.13513513513514,-149.931698481745,2026-09-12T23:09:59.998000Z,2026-09-12T23:10:59.998000Z,100.0,100.0,60.0,,traffic,1,Traffic,timeofday:America/Anchorage:day7-19:night1-5,AM,2.0-20.0,846.1121290974406,5597.669344131794,819.2883023572756,5166.352987423594,0.9376001469998348,6.62456667417263,4.667762108351081,,,2.46,218.98842291274408,23.591900058945704
1253,,AM,R4017,00,EHZ,61.13513513513514,-149.931698481745,2026-09-12T23:10:59.998000Z,2026-09-12T23:11:59.998000Z,100.0,100.0,60.0,,traffic,1,Traffic,timeofday:America/Anchorage:day7-19:night1-5,AM,2.0-20.0,587.6671142274795,4368.669974020063,549.6643937466763,4619.208860548337,0.8748476578927251,4.975385641018468,3.3881441422381444,,,2.46,218.98842291274408,21.09339297077298
1254,,AM,R4017,00,EHZ,61.13513513513514,-149.931698481745,2026-09-12T23:12:59.998000Z,2026-09-12T23:13:59.998000Z,100.0,100.0,60.0,,traffic,1,Traffic,timeofday:America/Anchorage:day7-19:night1-5,AM,2.0-20.0,829.9538762976027,5353.329518310425,794.7450938898995,5637.257723479342,0.9169545206146876,3.981764076594405,2.9413990998948067,,,2.46,218.98842291274408,25.742263670831157
1255,,AM,R4017,00,EHZ,61.13513513513514,-149.931698481745,2026-09-12T23:20:59.998000Z,2026-09-12T23:21:59.998000Z,100.0,100.0,60.0,,traffic,1,Traffic,timeofday:America/Anchorage:day7-19:night1-5,AM,2.0-20.0,501.71505271377237,3216.673234971683,446.20074897345165,3298.9264726435536,0.7909450775691679,3.961298093245347,3.222816349519702,,,2.46,218.98842291274408,15.06438755421336
1256,,AM,R4017,00,EHZ,61.13513513513514,-149.931698481745,2026-09-12T23:21:59.998000Z,2026-09-12T23:22:59.998000Z,100.0,100.0,60.0,,traffic,1,Traffic,timeofday:America/Anchorage:day7-19:night1-5,AM,2.0-20.0,491.2456686500401,2789.3264858428674,438.70437707062865,2813.0735513690524,0.7975289681235637,3.3508052260567522,2.7111948822408767,,,2.46,218.98842291274408,12.845763780352542
1257,,AM,R4017,00,EHZ,61.13513513513514,-149.931698481745,2026-09-12T23:23:59.998000Z,2026-09-12T23:24:59.998000Z,100.0,100.0,60.0,,traffic,1,Traffic,timeofday:America/Anchorage:day7-19:night1-5,AM,2.0-20.0,661.9410214536862,3411.674171089787,570.6138651561082,3800.096933132558,0.743097925479043,3.439625857923126,2.8196058285818673,,,2.46,218.98842291274408,17.35295812713673
1258,,AM,R4017,00,EHZ,61.13513513513514,-149.931698481745,2026-09-12T23:30:59.998000Z,2026-09-12T23:31:59.998000Z,100.0,100.0,60.0,,traffic,1,Traffic,timeofday:America/Anchorage:day7-19:night1-5,AM,2.0-20.0,420.82893913348346,2047.3237795469586,371.2859378574253,2178.329681629478,0.7784053414500667,3.6198341260381044,0.9742360277445448,,,2.46,218.98842291274408,9.9472367198947
1259,,AM,R4017,00,EHZ,61.13513513513514,-149.931698481745,2026-09-12T23:32:59.998000Z,2026-09-12T23:33:59.998000Z,100.0,100.0,60.0,,traffic,1,Traffic,timeofday:America/Anchorage:day7-19:night1-5,AM,2.0-20.0,742.5742493056288,4703.67714755635,707.6124675679248,4417.4798499592835,0.9080529689848661,6.139319287128483,3.2128727958736,,,2.46,218.98842291274408,20.17220723909879
1260,,AM,R4017,00,EHZ,61.13513513513514,-149.931698481745,2026-09-12T23:38:59.998000Z,2026-09-12T23:39:59.998000Z,100.0,100.0,60.0,,traffic,1,Traffic,timeofday:America/Anchorage:day7-19:night1-5,AM,2.0-20.0,448.7526049028075,2772.6788377483454,401.7604511004773,2355.84702949535,0.8015311422507104,3.539804090210479,1.1141436205664759,,,2.46,218.98842291274408,10.757861069368206
1261,,AM,R4017,00,EHZ,61.13513513513514,-149.931698481745,2026-09-12T23:44:59.998000Z,2026-09-12T23:45:59.998000Z,100.0,100.0,60.0,,traffic,1,Traffic,timeofday:America/Anchorage:day7-19:night1-5,AM,2.0-20.0,634.2663472673011,4042.3190101197442,596.744512440132,4128.301834759717,0.8851839470766316,4.8562027814057815,3.231951578777192,,,2.46,218.98842291274408,18.851689874056213
1262,,AM,R4017,00,EHZ,61.13513513513514,-149.931698481745,2026-09-12T23:45:59.998000Z,2026-09-12T23:46:59.998000Z,100.0,100.0,60.0,,traffic,1,Traffic,timeofday:America/Anchorage:day7-19:night1-5,AM,2.0-20.0,1122.9048186560829,8380.681416416617,1095.2878663073725,8567.064518145628,0.95141646310725,5.4729751494587795,10.566471379687053,,,2.46,218.98842291274408,39.121084138585594
1263,,AM,R4017,00,EHZ,61.13513513513514,-149.931698481745,2026-09-12T23:46:59.998000Z,2026-09-12T23:47:59.998000Z,100.0,100.0,60.0,,traffic,1,Traffic,timeofday:America/Anchorage:day7-19:night1-5,AM,2.0-20.0,1693.596380979575,16243.318516764633,1677.4086097631882,16782.300590888175,0.9809749144047332,6.495726410304531,15.765020870306259,,,2.46,218.98842291274408,76.6355607646669
1264,,AM,R4017,00,EHZ,61.13513513513514,-149.931698481745,2026-09-12T23:53:59.998000Z,2026-09-12T23:54:59.998000Z,100.0,100.0,60.0,,traffic,1,Traffic,timeofday:America/Anchorage:day7-19:night1-5,AM,2.0-20.0,777.3648759430441,7140.6839821910025,752.4422865040476,6829.473120817183,0.936907167440292,4.88788587731745,7.0982512250887115,,,2.46,218.98842291274408,31.1864573934047
1265,,AM,R4017,00,EHZ,61.13513513513514,-149.931698481745,2026-09-12T23:55:59.998000Z,2026-09-12T23:56:59.998000Z,100.0,100.0,60.0,,traffic,1,Traffic,timeofday:America/Anchorage:day7-19:night1-5,AM,2.0-20.0,559.2790068443301,4087.6844515066614,520.7070762931972,4098.933708321717,0.8668219966669188,6.617502906858328,6.17524739348665,,,2.46,218.98842291274408,18.717581750679745
1266,,AM,R4017,00,EHZ,61.13513513513514,-149.931698481745,2026-09-13T00:00:59.998000Z,2026-09-13T00:01:59.998000Z,100.0,100.0,60.0,,traffic,1,Traffic,timeofday:America/Anchorage:day7-19:night1-5,AM,2.0-20.0,763.0566988022722,5249.3136949969785,740.0911135484123,5189.483825036536,0.9407121655069063,8.40703057035386,8.951975476952526,,,2.46,218.98842291274408,23.697525905761168
1267,,AM,R4017,00,EHZ,61.13513513513514,-149.931698481745,2026-09-13T00:14:59.998000Z,2026-09-13T00:15:59.998000Z,100.0,100.0,60.0,,traffic,1,Traffic,timeofday:America/Anchorage:day7-19:night1-5,AM,2.0-20.0,822.2298798495577,6500.309234804529,797.2346924882289,6112.5107434839265,0.9401255774049236,4.853092609310109,4.736981004611652,,,2.46,218.98842291274408,27.912483510233123
1268,,AM,R4017,00,EHZ,61.13513513513514,-149.931698481745,2026-09-13T00:15:59.998000Z,2026-09-13T00:16:59.998000Z,100.0,100.0,60.0,,traffic,1,Traffic,timeofday:America/Anchorage:day7-19:night1-5,AM,2.0-20.0,568.7728469798395,3446.6912672375647,534.3069250108218,2921.4919488976775,0.8824780170194411,3.9039882296191597,1.9798036028436892,,,2.46,218.98842291274408,13.340851128288849
1269,,AM,R4017,00,EHZ,61.13513513513514,-149.931698481745,2026-09-13T00:19:59.998000Z,2026-09-13T00:20:59.998000Z,100.0,100.0,60.0,,traffic,1,Traffic,timeofday:America/Anchorage:day7-19:night1-5,AM,2.0-20.0,1589.061480550439,14805.692581376046,1575.9718908185375,14601.634320104222,0.9835932361375588,7.818391748828107,13.635298091158617,,,2.46,218.98842291274408,66.67765412385404
1270,,AM,R4017,00,EHZ,61.13513513513514,-149.931698481745,2026-09-13T00:23:59.998000Z,2026-09-13T00:24:59.998000Z,100.0,100.0,60.0,,traffic,1,Traffic,timeofday:America/Anchorage:day7-19:night1-5,AM,2.0-20.0,485.1537100847786,3613.3060950882364,454.9727567744621,3754.0324889907956,0.8794518585489858,6.690980767626672,4.909039387675522,,,2.46,218.98842291274408,17.14260707967466
1271,,AM,R4017,00,EHZ,61.13513513513514,-149.931698481745,2026-09-13T00:38:59.998000Z,2026-09-13T00:39:59.998000Z,100.0,100.0,60.0,,traffic,1,Traffic,timeofday:America/Anchorage:day7-19:night1-5,AM,2.0-20.0,764.2338275743172,4879.301442088458,731.6159865816967,4798.488822670846,0.9164607275100709,4.964542619938877,5.299661402599893,,,2.46,218.98842291274408,21.91206621266369
1272,,AM,R4017,00,EHZ,61.13513513513514,-149.931698481745,2026-09-13T00:40:59.998000Z,2026-09-13T00:41:59.998000Z,100.0,100.0,60.0,,traffic,1,Traffic,timeofday:America/Anchorage:day7-19:night1-5,AM,2.0-20.0,611.5304079718126,3917.3007665252308,582.3175310602618,3748.0434422344047,0.9067417570115163,4.4888486421101605,4.308345728825167,,,2.46,218.98842291274408,17.115258388466554
1273,,AM,R4017,00,EHZ,61.13513513513514,-149.931698481745,2026-09-13T00:42:59.998000Z,2026-09-13T00:43:59.998000Z,100.0,100.0,60.0,,traffic,1,Traffic,timeofday:America/Anchorage:day7-19:night1-5,AM,2.0-20.0,677.6730333104315,3799.699971322031,646.7021329339816,4340.375750969311,0.9106849899074771,3.494454100031626,2.346665980955577,,,2.46,218.98842291274408,19.820115114937987
1274,,AM,R4017,00,EHZ,61.13513513513514,-149.931698481745,2026-09-13T00:44:59.998000Z,2026-09-13T00:45:59.998000Z,100.0,100.0,60.0,,traffic,1,Traffic,timeofday:America/Anchorage:day7-19:night1-5,AM,2.0-20.0,1474.4329977054097,12484.299414524612,1454.8921363942854,12985.749460661067,0.9736693732529188,6.767647077301793,8.972269148502885,,,2.46,218.98842291274408,59.29879437432744
1275,,AM,R4017,00,EHZ,61.13513513513514,-149.931698481745,2026-09-13T00:51:59.998000Z,2026-09-13T00:52:59.998000Z,100.0,100.0,60.0,,traffic,1,Traffic,timeofday:America/Anchorage:day7-19:night1-5,AM,2.0-20.0,549.1757123461489,5472.297217646542,517.13021926492,5189.8713559039315,0.8867009836320401,5.701125812385783,9.154370023711952,,,2.46,218.98842291274408,23.69929554665013
1276,,AM,R4017,00,EHZ,61.13513513513514,-149.931698481745,2026-09-13T00:53:59.998000Z,2026-09-13T00:54:59.998000Z,100.0,100.0,60.0,,traffic,1,Traffic,timeofday:America/Anchorage:day7-19:night1-5,AM,2.0-20.0,998.6614458274536,7916.703711259724,976.2903386846112,8425.7369790845,0.9556996244959715,7.351530034880542,9.32724144944533,,,2.46,218.98842291274408,38.47571879378178
1277,,AM,R4017,00,EHZ,61.13513513513514,-149.931698481745,2026-09-13T01:06:59.998000Z,2026-09-13T01:07:59.998000Z,100.0,100.0,60.0,,traffic,1,Traffic,timeofday:America/Anchorage:day7-19:night1-5,AM,2.0-20.0,517.0627442124945,3201.707745134353,483.288190330385,2985.3714385344874,0.8736266466146935,3.792107074628002,2.495081565048001,,,2.46,218.98842291274408,13.63255371597433
1278,,AM,R4017,00,EHZ,61.13513513513514,-149.931698481745,2026-09-13T01:07:59.998000Z,2026-09-13T01:08:59.998000Z,100.0,100.0,60.0,,traffic,1,Traffic,timeofday:America/Anchorage:day7-19:night1-5,AM,2.0-20.0,487.64621915956565,3235.2916803773887,451.73953844838405,2792.9393635697725,0.858156477282735,3.2850540706725924,2.60580434795651,,,2.46,218.98842291274408,12.753821989405434
1279,,AM,R4017,00,EHZ,61.13513513513514,-149.931698481745,2026-09-13T01:10:59.998000Z,2026-09-13T01:11:59.998000Z,100.0,100.0,60.0,,traffic,1,Traffic,timeofday:America/Anchorage:day7-19:night1-5,AM,2.0-20.0,642.5311168598855,4009.709270710736,613.9956556520613,4102.019629517074,0.913150301890998,4.198415612794225,4.607091033699825,,,2.46,218.98842291274408,18.73167345997794
1280,,AM,R4017,00,EHZ,61.13513513513514,-149.931698481745,2026-09-13T01:11:59.998000Z,2026-09-13T01:12:59.998000Z,100.0,100.0,60.0,,traffic,1,Traffic,timeofday:America/Anchorage:day7-19:night1-5,AM,2.0-20.0,874.3041640064922,5654.290658263611,848.2611391004493,5700.6324559101095,0.9413129840101856,4.055211288858967,3.2567353669832793,,,2.46,218.98842291274408,26.031661309244306
1281,,AM,R4017,00,EHZ,61.13513513513514,-149.931698481745,2026-09-13T01:12:59.998000Z,2026-09-13T01:13:59.998000Z,100.0,100.0,60.0,,traffic,1,Traffic,timeofday:America/Anchorage:day7-19:night1-5,AM,2.0-20.0,1986.855479893828,25425.709733470183,1969.8721883785952,25434.817776432676,0.982977416736583,7.167096770067831,25.58801202638825,,,2.46,218.98842291274408,116.14686035967836
1282,,AM,R4017,00,EHZ,61.13513513513514,-149.931698481745,2026-09-13T01:14:59.998000Z,2026-09-13T01:15:59.998000Z,100.0,100.0,60.0,,traffic,1,Traffic,timeofday:America/Anchorage:day7-19:night1-5,AM,2.0-20.0,771.8738732748961,6176.289452084123,747.5012785756536,5462.531877343425,0.9378452814633014,5.484780488838593,6.657933245036439,,,2.46,218.98842291274408,24.94438657846296
1283,,AM,R4017,00,EHZ,61.13513513513514,-149.931698481745,2026-09-13T01:17:59.998000Z,2026-09-13T01:18:59.998000Z,100.0,100.0,60.0,,traffic,1,Traffic,timeofday:America/Anchorage:day7-19:night1-5,AM,2.0-20.0,484.38696699500593,3682.2886586729483,449.5891968594487,3351.87492294586,0.8614832450281416,3.2198596949743976,4.715943289337397,,,2.46,218.98842291274408,15.306174081546832
1284,,AM,R4017,00,EHZ,61.13513513513514,-149.931698481745,2026-09-13T01:23:59.998000Z,2026-09-13T01:24:59.998000Z,100.0,100.0,60.0,,traffic,1,Traffic,timeofday:America/Anchorage:day7-19:night1-5,AM,2.0-20.0,633.6131670212911,3532.7134131999765,605.4438908826205,3406.107924340487,0.9130602062377963,5.143176248345868,2.6982535667084857,,,2.46,218.98842291274408,15.553826449070554
1285,,AM,R4017,00,EHZ,61.13513513513514,-149.931698481745,2026-09-13T01:26:59.998000Z,2026-09-13T01:27:59.998000Z,100.0,100.0,60.0,,traffic,1,Traffic,timeofday:America/Anchorage:day7-19:night1-5,AM,2.0-20.0,611.9576880729857,4685.285438916207,582.4544681583272,4609.253204184168,0.9059019029351111,5.033716417635569,5.891220823007847,,,2.46,218.98842291274408,21.04793094939418
1286,,AM,R4017,00,EHZ,61.13513513513514,-149.931698481745,2026-09-13T01:29:59.998000Z,2026-09-13T01:30:59.998000Z,100.0,100.0,60.0,,traffic,1,Traffic,timeofday:America/Anchorage:day7-19:night1-5,AM,2.0-20.0,753.290950659578,5705.284611849799,730.7028063510362,5960.611320461705,0.9409272584165694,4.247197288320235,7.412864649882721,,,2.46,218.98842291274408,27.218842170650774
1287,,AM,R4017,00,EHZ,61.13513513513514,-149.931698481745,2026-09-13T01:30:59.998000Z,2026-09-13T01:31:59.998000Z,100.0,100.0,60.0,,traffic,1,Traffic,timeofday:America/Anchorage:day7-19:night1-5,AM,2.0-20.0,406.9567429744526,2142.7157103334894,362.45487100787227,2369.870572206345,0.7932523795260985,3.4668514359596756,1.5731204110909482,,,2.46,218.98842291274408,10.821898896228957
1288,,AM,R4017,00,EHZ,61.13513513513514,-149.931698481745,2026-09-13T01:33:59.998000Z,2026-09-13T01:34:59.998000Z,100.0,100.0,60.0,,traffic,1,Traffic,timeofday:America/Anchorage:day7-19:night1-5,AM,2.0-20.0,829.9828837894934,8291.283453421402,808.3369249790547,8321.036271489305,0.948520154193577,6.702644586407902,14.470767712879137,,,2.46,218.98842291274408,37.997608096409834
1289,,AM,R4017,00,EHZ,61.13513513513514,-149.931698481745,2026-09-13T01:35:59.998000Z,2026-09-13T01:36:59.998000Z,100.0,100.0,60.0,,traffic,1,Traffic,timeofday:America/Anchorage:day7-19:night1-5,AM,2.0-20.0,856.748798783202,5669.282531563066,832.2903217352085,5748.500703358418,0.9437189603190437,7.468977759309556,6.918259106391101,,,2.46,218.98842291274408,26.250249336920003
1290,,AM,R4017,00,EHZ,61.13513513513514,-149.931698481745,2026-09-13T01:39:59.998000Z,2026-09-13T01:40:59.998000Z,100.0,100.0,60.0,,traffic,1,Traffic,timeofday:America/Anchorage:day7-19:night1-5,AM,2.0-20.0,733.9117366520012,4509.281391601341,708.1160884084278,4557.298927589476,0.9309390702647617,5.673469925123825,4.689336294269192,,,2.46,218.98842291274408,20.810684268023298
1291,,AM,R4017,00,EHZ,61.13513513513514,-149.931698481745,2026-09-13T01:41:59.998000Z,2026-09-13T01:42:59.998000Z,100.0,100.0,60.0,,traffic,1,Traffic,timeofday:America/Anchorage:day7-19:night1-5,AM,2.0-20.0,508.6626845036306,3304.280546341438,476.5641735803259,3647.0078811623384,0.8777746272995431,4.503582834103188,3.89119519985523,,,2.46,218.98842291274408,16.653884404727133
1292,,AM,R4017,00,EHZ,61.13513513513514,-149.931698481745,2026-09-13T01:45:59.998000Z,2026-09-13T01:46:59.998000Z,100.0,100.0,60.0,,traffic,1,Traffic,timeofday:America/Anchorage:day7-19:night1-5,AM,2.0-20.0,549.8830188346701,3031.279517999258,520.5699669813237,3282.664955805545,0.8962261289028113,4.039682400464696,1.8980737377371995,,,2.46,218.98842291274408,14.990130127168973
1293,,AM,R4017,00,EHZ,61.13513513513514,-149.931698481745,2026-09-13T01:46:59.998000Z,2026-09-13T01:47:59.998000Z,100.0,100.0,60.0,,traffic,1,Traffic,timeofday:America/Anchorage:day7-19:night1-5,AM,2.0-20.0,511.8431576850674,2995.72095109786,480.32448497697374,2962.3878506366777,0.8806344026231958,4.280134145787722,4.067981823293232,,,2.46,218.98842291274408,13.52760027783314
1294,,AM,R4017,00,EHZ,61.13513513513514,-149.931698481745,2026-09-13T01:48:59.998000Z,2026-09-13T01:49:59.998000Z,100.0,100.0,60.0,,traffic,1,Traffic,timeofday:America/Anchorage:day7-19:night1-5,AM,2.0-20.0,402.9906434302792,1809.7217198685967,363.68751665215905,1514.197431157856,0.8144545673027547,2.3014908522526887,0.5158625802435042,,,2.46,218.98842291274408,6.914509045810097
1295,,AM,R4017,00,EHZ,61.13513513513514,-149.931698481745,2026-09-13T01:49:59.998000Z,2026-09-13T01:50:59.998000Z,100.0,100.0,60.0,,traffic,1,Traffic,timeofday:America/Anchorage:day7-19:night1-5,AM,2.0-20.0,695.2859671099707,3812.278044490141,669.5512750114087,3713.066447314208,0.927343761069443,4.438196032922405,1.9927711151144676,,,2.46,218.98842291274408,16.955537639511103
1296,,AM,R4017,00,EHZ,61.13513513513514,-149.931698481745,2026-09-13T01:52:59.998000Z,2026-09-13T01:53:59.998000Z,100.0,100.0,60.0,,traffic,1,Traffic,timeofday:America/Anchorage:day7-19:night1-5,AM,2.0-20.0,412.24874339059784,2193.2769270380822,379.2024415230996,1792.6659110274798,0.8461036504892122,3.574173649692134,0.9786837654203162,,,2.46,218.98842291274408,8.186121837782116
1297,,AM,R4017,00,EHZ,61.13513513513514,-149.931698481745,2026-09-13T02:01:59.998000Z,2026-09-13T02:02:59.998000Z,100.0,100.0,60.0,,traffic,1,Traffic,timeofday:America/Anchorage:day7-19:night1-5,AM,2.0-20.0,1040.5850459355822,6758.725996432418,1025.8131084581348,6170.131915203257,0.9718099202026582,3.8898483277002454,2.6971629881357106,,,2.46,218.98842291274408,28.175607793028153
1298,,AM,R4017,00,EHZ,61.13513513513514,-149.931698481745,2026-09-13T02:03:59.998000Z,2026-09-13T02:04:59.998000Z,100.0,100.0,60.0,,traffic,1,Traffic,timeofday:America/Anchorage:day7-19:night1-5,AM,2.0-20.0,498.81654920210025,2361.273462297476,463.02051763124877,2401.442962734306,0.861625939592046,2.757827283564085,0.920916808476314,,,2.46,218.98842291274408,10.966072684541688
1299,,AM,R4017,00,EHZ,61.13513513513514,-149.931698481745,2026-09-13T02:09:59.998000Z,2026-09-13T02:10:59.998000Z,100.0,100.0,60.0,,traffic,1,Traffic,timeofday:America/Anchorage:day7-19:night1-5,AM,2.0-20.0,630.1762672551389,3850.7285194275055,606.6332273423355,3801.280816392738,0.9266768249447557,5.895216391704052,3.6933729684067904,,,2.46,218.98842291274408,17.358364272559548
1300,,AM,R4017,00,EHZ,61.13513513513514,-149.931698481745,2026-09-13T02:12:59.998000Z,2026-09-13T02:13:59.998000Z,100.0,100.0,60.0,,traffic,1,Traffic,timeofday:America/Anchorage:day7-19:night1-5,AM,2.0-20.0,604.183895640122,3530.27046124511,484.57065438101233,3184.073459208056,0.6432442744687459,5.741352615365613,4.173737824512558,,,2.46,218.98842291274408,14.539916845178386
1301,,AM,R4017,00,EHZ,61.13513513513514,-149.931698481745,2026-09-13T02:17:59.998000Z,2026-09-13T02:18:59.998000Z,100.0,100.0,60.0,,traffic,1,Traffic,timeofday:America/Anchorage:day7-19:night1-5,AM,2.0-20.0,1075.7616523306053,10869.269017621398,1063.6792816117575,11025.639461004419,0.9776632316659616,8.786260092811434,17.654545876713765,,,2.46,218.98842291274408,50.348047236257706
1302,,AM,R4017,00,EHZ,61.13513513513514,-149.931698481745,2026-09-13T02:18:59.998000Z,2026-09-13T02:19:59.998000Z,100.0,100.0,60.0,,traffic,1,Traffic,timeofday:America/Anchorage:day7-19:night1-5,AM,2.0-20.0,621.917834282066,3793.731438964277,594.2234146429679,3680.0801845653987,0.9129216350596318,3.6671775057004785,3.0013941186780775,,,2.46,218.98842291274408,16.804907472354035
1303,,AM,R4017,00,EHZ,61.13513513513514,-149.931698481745,2026-09-13T02:19:59.998000Z,2026-09-13T02:20:59.998000Z,100.0,100.0,60.0,,traffic,1,Traffic,timeofday:America/Anchorage:day7-19:night1-5,AM,2.0-20.0,707.514828227754,6576.731736944209,685.4883318949378,6844.795011421817,0.9387048051196525,5.731494400314878,8.047183606576926,,,2.46,218.98842291274408,31.256424062879002
1304,,AM,R4017,00,EHZ,61.13513513513514,-149.931698481745,2026-09-13T02:20:59.998000Z,2026-09-13T02:21:59.998000Z,100.0,100.0,60.0,,traffic,1,Traffic,timeofday:America/Anchorage:day7-19:night1-5,AM,2.0-20.0,587.8505623977484,4019.732267232658,560.5697535028231,4288.112428128407,0.9093382215733006,5.3946938997789715,5.366384411198416,,,2.46,218.98842291274408,19.581457188889868
1305,,AM,R4017,00,EHZ,61.13513513513514,-149.931698481745,2026-09-13T02:23:59.998000Z,2026-09-13T02:24:59.998000Z,100.0,100.0,60.0,,traffic,1,Traffic,timeofday:America/Anchorage:day7-19:night1-5,AM,2.0-20.0,427.51161713258546,2209.2669282106044,397.24628072199476,2010.449752085467,0.8634234470747025,2.7800946905542068,1.2687840435793944,,,2.46,218.98842291274408,9.180621173232206
1306,,AM,R4017,00,EHZ,61.13513513513514,-149.931698481745,2026-09-13T02:30:59.998000Z,2026-09-13T02:31:59.998000Z,100.0,100.0,60.0,,traffic,1,Traffic,timeofday:America/Anchorage:day7-19:night1-5,AM,2.0-20.0,494.247742343984,3410.735227199416,466.5293340547428,3289.069953315293,0.890981166266602,4.84034678435811,4.567058406632987,,,2.46,218.98842291274408,15.019378237295323
1307,,AM,R4017,00,EHZ,61.13513513513514,-149.931698481745,2026-09-13T02:41:59.998000Z,2026-09-13T02:42:59.998000Z,100.0,100.0,60.0,,traffic,1,Traffic,timeofday:America/Anchorage:day7-19:night1-5,AM,2.0-20.0,588.5281262552754,3449.7391107182,555.590884383278,3458.1141400009656,0.8912012301549754,5.272549692744032,3.0906348978419027,,,2.46,218.98842291274408,15.791310307663391
1308,,AM,R4017,00,EHZ,61.13513513513514,-149.931698481745,2026-09-13T02:43:59.998000Z,2026-09-13T02:44:59.998000Z,100.0,100.0,60.0,,traffic,1,Traffic,timeofday:America/Anchorage:day7-19:night1-5,AM,2.0-20.0,808.4645500548511,4987.260198256835,775.286466926273,5686.432753585712,0.9196073703499235,6.160213782362126,4.344254807800097,,,2.46,218.98842291274408,25.966819058062583
1309,,AM,R4017,00,EHZ,61.13513513513514,-149.931698481745,2026-09-13T02:44:59.998000Z,2026-09-13T02:45:59.998000Z,100.0,100.0,60.0,,traffic,1,Traffic,timeofday:America/Anchorage:day7-19:night1-5,AM,2.0-20.0,645.0893212043179,3088.740068307902,605.8686390650868,3042.215767388781,0.8820988197792373,3.008675234519917,1.7628175639848198,,,2.46,218.98842291274408,13.892130583546654
1310,,AM,R4017,00,EHZ,61.13513513513514,-149.931698481745,2026-09-13T02:47:59.998000Z,2026-09-13T02:48:59.998000Z,100.0,100.0,60.0,,traffic,1,Traffic,timeofday:America/Anchorage:day7-19:night1-5,AM,2.0-20.0,688.6193928139436,7430.740800036029,658.3585161863188,7888.141487327706,0.9140425585810156,5.122366522751215,11.895166181940091,,,2.46,218.98842291274408,36.02081508423272
1311,,AM,R4017,00,EHZ,61.13513513513514,-149.931698481745,2026-09-13T02:48:59.998000Z,2026-09-13T02:49:59.998000Z,100.0,100.0,60.0,,traffic,1,Traffic,timeofday:America/Anchorage:day7-19:night1-5,AM,2.0-20.0,941.5944456703133,8210.258849752867,916.7672904916932,7819.905146536144,0.9479609406815926,5.839642915512907,11.301681684168022,,,2.46,218.98842291274408,35.709217147300905
1312,,AM,R4017,00,EHZ,61.13513513513514,-149.931698481745,2026-09-13T02:49:59.998000Z,2026-09-13T02:50:59.998000Z,100.0,100.0,60.0,,traffic,1,Traffic,timeofday:America/Anchorage:day7-19:night1-5,AM,2.0-20.0,655.3102930693532,4123.25843436207,625.868688068374,4172.042673731517,0.9121630377523368,4.406423554899799,5.831659462848952,,,2.46,218.98842291274408,19.05143029133493
1313,,AM,R4017,00,EHZ,61.13513513513514,-149.931698481745,2026-09-13T02:52:59.998000Z,2026-09-13T02:53:59.998000Z,100.0,100.0,60.0,,traffic,1,Traffic,timeofday:America/Anchorage:day7-19:night1-5,AM,2.0-20.0,577.4661128866372,3541.742572126065,549.1085931159053,3417.6407012090503,0.9041978552191663,3.080432500922845,2.7414853940262507,,,2.46,218.98842291274408,15.606490314653797
1314,,AM,R4017,00,EHZ,61.13513513513514,-149.931698481745,2026-09-13T02:53:59.998000Z,2026-09-13T02:54:59.998000Z,100.0,100.0,60.0,,traffic,1,Traffic,timeofday:America/Anchorage:day7-19:night1-5,AM,2.0-20.0,457.03756398805047,2431.2572237025024,414.47233626088683,2401.4162357924397,0.8224079609365681,3.3403146582982806,1.4363833819647809,,,2.46,218.98842291274408,10.965950637259413
1315,,AM,R4017,00,EHZ,61.13513513513514,-149.931698481745,2026-09-13T02:55:59.998000Z,2026-09-13T02:56:59.998000Z,100.0,100.0,60.0,,traffic,1,Traffic,timeofday:America/Anchorage:day7-19:night1-5,AM,2.0-20.0,404.2277448388356,2707.7434273295576,367.65298867143844,2741.2730229493136,0.8272255962270042,4.971198010190941,2.627681315612052,,,2.46,218.98842291274408,12.51789015367983
1316,,AM,R4017,00,EHZ,61.13513513513514,-149.931698481745,2026-09-13T02:59:59.998000Z,2026-09-13T03:00:59.998000Z,100.0,100.0,60.0,,traffic,1,Traffic,timeofday:America/Anchorage:day7-19:night1-5,AM,2.0-20.0,466.25881854693125,3451.255138498608,436.1192817257263,3303.531458399252,0.8748960555297252,4.1443702917015095,5.566292474650677,,,2.46,218.98842291274408,15.085415998066456
