window_id,event_id,network,station,location,channel,latitude,longitude,start_time,end_time,sampling_rate,native_sampling_rate,window_len_sec,p_offset_sec,window_type,label,label_name,label_method,source,bandpass_hz,rms,peak,rms_band,peak_band,band_ratio,stalta_band_max,kurtosis_band,reviewed,review_label,day_night_ratio,night_rms_ref,burst_ratio
0,,AM,R1796,00,EHZ,61.1981981981982,-149.91291617029023,2026-09-07T09:00:59.996000Z,2026-09-07T09:01:59.996000Z,100.0,100.0,60.0,,noise,0,Noise,timeofday:America/Anchorage:day7-19:night1-5,AM,2.0-20.0,406.9631072101716,3331.140392830856,382.110602451493,3119.480187906345,0.8815929235056855,6.247135762030287,9.741812753199941,,,2.59,271.9905386435529,11.469076106336418
1,,AM,R1796,00,EHZ,61.1981981981982,-149.91291617029023,2026-09-07T09:01:59.996000Z,2026-09-07T09:02:59.996000Z,100.0,100.0,60.0,,noise,0,Noise,timeofday:America/Anchorage:day7-19:night1-5,AM,2.0-20.0,322.6462976363734,3446.141300489317,294.68046603902104,3175.625157602673,0.8341599301252963,6.062970412973867,16.255839392054433,,,2.59,271.9905386435529,11.675498616385221
2,,AM,R1796,00,EHZ,61.1981981981982,-149.91291617029023,2026-09-07T09:02:59.996000Z,2026-09-07T09:03:59.996000Z,100.0,100.0,60.0,,noise,0,Noise,timeofday:America/Anchorage:day7-19:night1-5,AM,2.0-20.0,349.5058706922021,3056.8547569461675,313.71518696434276,2906.339995671189,0.8056791722333401,5.372245886278851,11.949278599171341,,,2.59,271.9905386435529,10.68544520028318
3,,AM,R1796,00,EHZ,61.1981981981982,-149.91291617029023,2026-09-07T09:04:59.996000Z,2026-09-07T09:05:59.996000Z,100.0,100.0,60.0,,noise,0,Noise,timeofday:America/Anchorage:day7-19:night1-5,AM,2.0-20.0,278.2325609580353,1660.149456403708,234.73311299765527,1548.6391270962224,0.7117587426416837,4.080704717671355,3.3439688459434826,,,2.59,271.9905386435529,5.693724255334241
4,,AM,R1796,00,EHZ,61.1981981981982,-149.91291617029023,2026-09-07T09:05:59.996000Z,2026-09-07T09:06:59.996000Z,100.0,100.0,60.0,,noise,0,Noise,timeofday:America/Anchorage:day7-19:night1-5,AM,2.0-20.0,329.07115036464234,3328.150495938155,289.17732693363826,3746.070289105375,0.7722338935831692,5.6897626485168615,21.33062061115853,,,2.59,271.9905386435529,13.772796317796365
5,,AM,R1796,00,EHZ,61.1981981981982,-149.91291617029023,2026-09-07T09:06:59.996000Z,2026-09-07T09:07:59.996000Z,100.0,100.0,60.0,,noise,0,Noise,timeofday:America/Anchorage:day7-19:night1-5,AM,2.0-20.0,294.1279592442691,2597.152967118322,248.7803120319125,2511.238068290507,0.7154172326656331,5.556462675449534,7.44958126578012,,,2.59,271.9905386435529,9.232814056012135
6,,AM,R1796,00,EHZ,61.1981981981982,-149.91291617029023,2026-09-07T09:07:59.996000Z,2026-09-07T09:08:59.996000Z,100.0,100.0,60.0,,noise,0,Noise,timeofday:America/Anchorage:day7-19:night1-5,AM,2.0-20.0,534.3130409334831,5424.844672829013,502.33581486542636,4856.655866449088,0.8838869824357516,6.528453510945925,14.22720966249845,,,2.59,271.9905386435529,17.855973559483985
7,,AM,R1796,00,EHZ,61.1981981981982,-149.91291617029023,2026-09-07T09:08:59.996000Z,2026-09-07T09:09:59.996000Z,100.0,100.0,60.0,,noise,0,Noise,timeofday:America/Anchorage:day7-19:night1-5,AM,2.0-20.0,277.76059498538785,2312.843998678965,239.62959579739103,2257.958182247276,0.7442856449121938,4.960624645962687,6.062297015566456,,,2.59,271.9905386435529,8.301605612856848
8,,AM,R1796,00,EHZ,61.1981981981982,-149.91291617029023,2026-09-07T09:09:59.996000Z,2026-09-07T09:10:59.996000Z,100.0,100.0,60.0,,noise,0,Noise,timeofday:America/Anchorage:day7-19:night1-5,AM,2.0-20.0,316.7950305859077,2144.8414845951424,279.38198382436616,2437.1190115476657,0.7777500951207773,4.2664258515806965,5.122063789009378,,,2.59,271.9905386435529,8.960308044911597
9,,AM,R1796,00,EHZ,61.1981981981982,-149.91291617029023,2026-09-07T09:10:59.996000Z,2026-09-07T09:11:59.996000Z,100.0,100.0,60.0,,noise,0,Noise,timeofday:America/Anchorage:day7-19:night1-5,AM,2.0-20.0,285.9358868269807,2056.838619193693,248.91295879955788,2076.6817221082074,0.7578053784927655,6.300288557702959,7.726641281063257,,,2.59,271.9905386435529,7.635124855683769
10,,AM,R1796,00,EHZ,61.1981981981982,-149.91291617029023,2026-09-07T09:11:59.996000Z,2026-09-07T09:12:59.996000Z,100.0,100.0,60.0,,noise,0,Noise,timeofday:America/Anchorage:day7-19:night1-5,AM,2.0-20.0,257.50875845453834,1594.1624628927407,209.40363871588403,1646.1054644825854,0.6612785535447869,4.036732267390181,2.689814745403451,,,2.59,271.9905386435529,6.052068842879229
11,,AM,R1796,00,EHZ,61.1981981981982,-149.91291617029023,2026-09-07T09:12:59.996000Z,2026-09-07T09:13:59.996000Z,100.0,100.0,60.0,,noise,0,Noise,timeofday:America/Anchorage:day7-19:night1-5,AM,2.0-20.0,285.2293481322103,1908.1662595144976,243.64808999103073,1867.4001253960175,0.7296886711721554,6.15589872565244,7.2243518094665795,,,2.59,271.9905386435529,6.865680456051707
12,,AM,R1796,00,EHZ,61.1981981981982,-149.91291617029023,2026-09-07T09:13:59.996000Z,2026-09-07T09:14:59.996000Z,100.0,100.0,60.0,,noise,0,Noise,timeofday:America/Anchorage:day7-19:night1-5,AM,2.0-20.0,305.373159752443,2104.1665805885664,261.66664767984344,2049.1735207674137,0.7342348858167415,4.788387375035069,5.3482665506377,,,2.59,271.9905386435529,7.533988244542881
13,,AM,R1796,00,EHZ,61.1981981981982,-149.91291617029023,2026-09-07T09:14:59.996000Z,2026-09-07T09:15:59.996000Z,100.0,100.0,60.0,,noise,0,Noise,timeofday:America/Anchorage:day7-19:night1-5,AM,2.0-20.0,406.89215240955355,4621.169288793839,370.2221383107521,4540.278599284951,0.8278776191578237,7.831309520744921,20.94216462894567,,,2.59,271.9905386435529,16.692781381028276
14,,AM,R1796,00,EHZ,61.1981981981982,-149.91291617029023,2026-09-07T09:15:59.996000Z,2026-09-07T09:16:59.996000Z,100.0,100.0,60.0,,noise,0,Noise,timeofday:America/Anchorage:day7-19:night1-5,AM,2.0-20.0,361.4708412838984,4044.8288230936937,331.9615291033822,3991.926217313504,0.8433910209512262,6.871796559327141,31.3065952862838,,,2.59,271.9905386435529,14.676709848885496
15,,AM,R1796,00,EHZ,61.1981981981982,-149.91291617029023,2026-09-07T09:16:59.996000Z,2026-09-07T09:17:59.996000Z,100.0,100.0,60.0,,noise,0,Noise,timeofday:America/Anchorage:day7-19:night1-5,AM,2.0-20.0,325.3157340824823,2069.1737236953727,282.50861095686616,2162.3350982770407,0.754142197672844,3.6538687366536897,3.2315477278714715,,,2.59,271.9905386435529,7.950037928013403
16,,AM,R1796,00,EHZ,61.1981981981982,-149.91291617029023,2026-09-07T09:17:59.996000Z,2026-09-07T09:18:59.996000Z,100.0,100.0,60.0,,noise,0,Noise,timeofday:America/Anchorage:day7-19:night1-5,AM,2.0-20.0,393.0669018778828,2606.175112789106,356.37495589211295,2607.0193219243024,0.822018140524471,4.318569413891071,3.48806450985595,,,2.59,271.9905386435529,9.584963267199653
17,,AM,R1796,00,EHZ,61.1981981981982,-149.91291617029023,2026-09-07T09:18:59.996000Z,2026-09-07T09:19:59.996000Z,100.0,100.0,60.0,,noise,0,Noise,timeofday:America/Anchorage:day7-19:night1-5,AM,2.0-20.0,309.5091161904086,3254.178010192462,274.25748143130585,2763.1188297416766,0.78518153296136,7.668842128479982,16.85004823362641,,,2.59,271.9905386435529,10.158878479823812
18,,AM,R1796,00,EHZ,61.1981981981982,-149.91291617029023,2026-09-07T09:19:59.996000Z,2026-09-07T09:20:59.996000Z,100.0,100.0,60.0,,noise,0,Noise,timeofday:America/Anchorage:day7-19:night1-5,AM,2.0-20.0,298.91821728496916,2763.820485014608,256.054367386135,2772.3801823319277,0.7337694200700045,5.70110620476279,9.498371835947218,,,2.59,271.9905386435529,10.192928754647482
19,,AM,R1796,00,EHZ,61.1981981981982,-149.91291617029023,2026-09-07T09:20:59.996000Z,2026-09-07T09:21:59.996000Z,100.0,100.0,60.0,,noise,0,Noise,timeofday:America/Anchorage:day7-19:night1-5,AM,2.0-20.0,250.1563234191223,1924.1832641317947,201.94197061716537,2254.4769493455497,0.6516737222332816,5.70883184081241,7.221830613854065,,,2.59,271.9905386435529,8.28880651727401
20,,AM,R1796,00,EHZ,61.1981981981982,-149.91291617029023,2026-09-07T09:21:59.996000Z,2026-09-07T09:22:59.996000Z,100.0,100.0,60.0,,noise,0,Noise,timeofday:America/Anchorage:day7-19:night1-5,AM,2.0-20.0,313.3513329887971,1895.8147802352337,260.76263058343704,1941.3715078078637,0.69251249551493,5.773093033166326,3.206649985756079,,,2.59,271.9905386435529,7.137643527931889
21,,AM,R1796,00,EHZ,61.1981981981982,-149.91291617029023,2026-09-07T09:22:59.996000Z,2026-09-07T09:23:59.996000Z,100.0,100.0,60.0,,noise,0,Noise,timeofday:America/Anchorage:day7-19:night1-5,AM,2.0-20.0,364.64755682746693,3824.185536970474,325.3870305362286,3345.741936413098,0.7962580958193518,5.79881978174929,12.680936221232583,,,2.59,271.9905386435529,12.300949706187154
22,,AM,R1796,00,EHZ,61.1981981981982,-149.91291617029023,2026-09-07T09:23:59.996000Z,2026-09-07T09:24:59.996000Z,100.0,100.0,60.0,,noise,0,Noise,timeofday:America/Anchorage:day7-19:night1-5,AM,2.0-20.0,263.6490341184018,1141.1876557780038,212.98463723767895,925.1632886928625,0.6525956698888046,2.190405145627812,0.3054582500930443,,,2.59,271.9905386435529,3.4014539377242854
23,,AM,R1796,00,EHZ,61.1981981981982,-149.91291617029023,2026-09-07T09:24:59.996000Z,2026-09-07T09:25:59.996000Z,100.0,100.0,60.0,,noise,0,Noise,timeofday:America/Anchorage:day7-19:night1-5,AM,2.0-20.0,318.710946814271,2124.1906048767473,270.2310659818907,1936.6495232651182,0.7189134151893616,3.7566661935173338,2.5461490224074783,,,2.59,271.9905386435529,7.120282686755963
24,,AM,R1796,00,EHZ,61.1981981981982,-149.91291617029023,2026-09-07T09:25:59.996000Z,2026-09-07T09:26:59.996000Z,100.0,100.0,60.0,,noise,0,Noise,timeofday:America/Anchorage:day7-19:night1-5,AM,2.0-20.0,344.15284595907184,2197.1922816359643,303.5974939688203,2030.7968223883834,0.7782043143177119,2.8488788574256785,2.0916302049857034,,,2.59,271.9905386435529,7.466424503279391
25,,AM,R1796,00,EHZ,61.1981981981982,-149.91291617029023,2026-09-07T09:26:59.996000Z,2026-09-07T09:27:59.996000Z,100.0,100.0,60.0,,noise,0,Noise,timeofday:America/Anchorage:day7-19:night1-5,AM,2.0-20.0,294.5521661252686,2349.1942583690966,251.01012132048885,2082.761702277826,0.7262029779338498,4.827265723128937,3.4401970130661432,,,2.59,271.9905386435529,7.657478501512554
26,,AM,R1796,00,EHZ,61.1981981981982,-149.91291617029023,2026-09-07T09:27:59.996000Z,2026-09-07T09:28:59.996000Z,100.0,100.0,60.0,,noise,0,Noise,timeofday:America/Anchorage:day7-19:night1-5,AM,2.0-20.0,232.94848947296458,936.8019657576383,182.3109832079358,988.030458223567,0.6124996842394842,2.3906557880009762,0.29617033906176315,,,2.59,271.9905386435529,3.632591277442903
27,,AM,R1796,00,EHZ,61.1981981981982,-149.91291617029023,2026-09-07T09:28:59.996000Z,2026-09-07T09:29:59.996000Z,100.0,100.0,60.0,,noise,0,Noise,timeofday:America/Anchorage:day7-19:night1-5,AM,2.0-20.0,306.28378225135737,2748.1987685278605,266.3408839487919,2637.7469503660504,0.7561843249489906,6.052659733714632,7.016142438562413,,,2.59,271.9905386435529,9.697936419115122
28,,AM,R1796,00,EHZ,61.1981981981982,-149.91291617029023,2026-09-07T09:29:59.996000Z,2026-09-07T09:30:59.996000Z,100.0,100.0,60.0,,noise,0,Noise,timeofday:America/Anchorage:day7-19:night1-5,AM,2.0-20.0,240.11074253541875,1099.2020615591778,192.83676495477616,1070.832742477049,0.6449952148169862,3.238789062276336,1.0526227576994112,,,2.59,271.9905386435529,3.937022029580187
29,,AM,R1796,00,EHZ,61.1981981981982,-149.91291617029023,2026-09-07T09:30:59.996000Z,2026-09-07T09:31:59.996000Z,100.0,100.0,60.0,,noise,0,Noise,timeofday:America/Anchorage:day7-19:night1-5,AM,2.0-20.0,317.6979276059802,3123.203228397912,282.7904506533084,3124.810587295313,0.7923201780487232,5.9927581058175905,17.858965604137648,,,2.59,271.9905386435529,11.488673844609048
30,,AM,R1796,00,EHZ,61.1981981981982,-149.91291617029023,2026-09-07T09:32:59.996000Z,2026-09-07T09:33:59.996000Z,100.0,100.0,60.0,,noise,0,Noise,timeofday:America/Anchorage:day7-19:night1-5,AM,2.0-20.0,580.9534635538926,3339.206991962756,433.99070000061334,3273.011560475138,0.5580564803937061,5.398550466496712,4.1720719823759955,,,2.59,271.9905386435529,12.033549316818192
31,,AM,R1796,00,EHZ,61.1981981981982,-149.91291617029023,2026-09-07T09:33:59.996000Z,2026-09-07T09:34:59.996000Z,100.0,100.0,60.0,,noise,0,Noise,timeofday:America/Anchorage:day7-19:night1-5,AM,2.0-20.0,294.37225560725693,1562.7909405734367,198.80287042396836,845.6939136784515,0.4560910500863181,2.0855174920340307,0.1107810571923471,,,2.59,271.9905386435529,3.109276954617691
32,,AM,R1796,00,EHZ,61.1981981981982,-149.91291617029023,2026-09-07T09:34:59.996000Z,2026-09-07T09:35:59.996000Z,100.0,100.0,60.0,,noise,0,Noise,timeofday:America/Anchorage:day7-19:night1-5,AM,2.0-20.0,268.5099221282352,2251.7874703007888,216.2933310007865,2159.8393313583674,0.6488817814778503,6.180369217991437,9.220332898565076,,,2.59,271.9905386435529,7.9408619951625035
33,,AM,R1796,00,EHZ,61.1981981981982,-149.91291617029023,2026-09-07T09:35:59.996000Z,2026-09-07T09:36:59.996000Z,100.0,100.0,60.0,,noise,0,Noise,timeofday:America/Anchorage:day7-19:night1-5,AM,2.0-20.0,234.7945576944243,996.2141231128066,176.94137536169927,776.0494191805348,0.5679142225550534,2.470355757499506,0.19935132011869472,,,2.59,271.9905386435529,2.8532221122498584
34,,AM,R1796,00,EHZ,61.1981981981982,-149.91291617029023,2026-09-07T09:36:59.996000Z,2026-09-07T09:37:59.996000Z,100.0,100.0,60.0,,noise,0,Noise,timeofday:America/Anchorage:day7-19:night1-5,AM,2.0-20.0,299.62981195199603,3102.7837904332423,256.05755344159076,2974.339409187387,0.730306455852103,6.00961559887982,13.980046350991106,,,2.59,271.9905386435529,10.935451740419902
35,,AM,R1796,00,EHZ,61.1981981981982,-149.91291617029023,2026-09-07T09:37:59.996000Z,2026-09-07T09:38:59.996000Z,100.0,100.0,60.0,,noise,0,Noise,timeofday:America/Anchorage:day7-19:night1-5,AM,2.0-20.0,327.07995164101993,2978.7811356817015,282.2967139860226,3111.450424211922,0.7449099854511357,5.449906668676406,14.235083936699624,,,2.59,271.9905386435529,11.439553889370828
36,,AM,R1796,00,EHZ,61.1981981981982,-149.91291617029023,2026-09-07T09:38:59.996000Z,2026-09-07T09:39:59.996000Z,100.0,100.0,60.0,,noise,0,Noise,timeofday:America/Anchorage:day7-19:night1-5,AM,2.0-20.0,267.8843268222489,2924.219620758961,222.9255677410457,2470.0827316488476,0.6925085707871977,5.660876079074189,10.037830031782102,,,2.59,271.9905386435529,9.08150240801546
37,,AM,R1796,00,EHZ,61.1981981981982,-149.91291617029023,2026-09-07T09:39:59.996000Z,2026-09-07T09:40:59.996000Z,100.0,100.0,60.0,,noise,0,Noise,timeofday:America/Anchorage:day7-19:night1-5,AM,2.0-20.0,197.69122619980902,815.2220550138504,151.58049045102945,846.4201391430676,0.587911324155888,2.0682302015916134,0.19438921947210197,,,2.59,271.9905386435529,3.1119469940544957
38,,AM,R1796,00,EHZ,61.1981981981982,-149.91291617029023,2026-09-07T09:40:59.996000Z,2026-09-07T09:41:59.996000Z,100.0,100.0,60.0,,noise,0,Noise,timeofday:America/Anchorage:day7-19:night1-5,AM,2.0-20.0,221.82080529534417,954.225484844525,162.18043910594642,794.8365831890717,0.5345549908238827,1.8343005492909463,0.37496969952503445,,,2.59,271.9905386435529,2.9222949708214494
39,,AM,R1796,00,EHZ,61.1981981981982,-149.91291617029023,2026-09-07T09:41:59.996000Z,2026-09-07T09:42:59.996000Z,100.0,100.0,60.0,,noise,0,Noise,timeofday:America/Anchorage:day7-19:night1-5,AM,2.0-20.0,338.569395893082,2569.2259715548375,299.12310526969003,2310.6810660780907,0.7805568226473799,4.0875098472750055,5.559834594545828,,,2.59,271.9905386435529,8.495446487226042
40,,AM,R1796,00,EHZ,61.1981981981982,-149.91291617029023,2026-09-07T09:42:59.996000Z,2026-09-07T09:43:59.996000Z,100.0,100.0,60.0,,noise,0,Noise,timeofday:America/Anchorage:day7-19:night1-5,AM,2.0-20.0,347.2504428513104,2648.771378968662,305.5980244556106,2334.5504123412475,0.7744893823174772,4.0288002505429805,4.600849257830491,,,2.59,271.9905386435529,8.583204489332278
41,,AM,R1796,00,EHZ,61.1981981981982,-149.91291617029023,2026-09-07T09:43:59.996000Z,2026-09-07T09:44:59.996000Z,100.0,100.0,60.0,,noise,0,Noise,timeofday:America/Anchorage:day7-19:night1-5,AM,2.0-20.0,295.58289615886065,1741.2313629968653,248.51501526254657,1611.6978841596288,0.7068815844257887,4.1911656125535455,3.625045151069111,,,2.59,271.9905386435529,5.925565985483707
42,,AM,R1796,00,EHZ,61.1981981981982,-149.91291617029023,2026-09-07T09:44:59.996000Z,2026-09-07T09:45:59.996000Z,100.0,100.0,60.0,,noise,0,Noise,timeofday:America/Anchorage:day7-19:night1-5,AM,2.0-20.0,327.70557514780285,2034.2328906483003,282.94259278768726,1909.3493185486643,0.7454679868176551,4.547034991782423,2.8893210098624156,,,2.59,271.9905386435529,7.01991079568724
43,,AM,R1796,00,EHZ,61.1981981981982,-149.91291617029023,2026-09-07T09:45:59.996000Z,2026-09-07T09:46:59.996000Z,100.0,100.0,60.0,,noise,0,Noise,timeofday:America/Anchorage:day7-19:night1-5,AM,2.0-20.0,301.65893298701764,2457.7659351279085,257.39012573616986,2153.732879842314,0.7280335325534654,5.422921126342213,6.984560560780274,,,2.59,271.9905386435529,7.9184110248217445
44,,AM,R1796,00,EHZ,61.1981981981982,-149.91291617029023,2026-09-07T09:46:59.996000Z,2026-09-07T09:47:59.996000Z,100.0,100.0,60.0,,noise,0,Noise,timeofday:America/Anchorage:day7-19:night1-5,AM,2.0-20.0,370.30067821342186,2926.761990101711,336.68398692492275,2811.7344701889733,0.8266771008514326,5.735486523289065,8.814391023082347,,,2.59,271.9905386435529,10.33761866942654
45,,AM,R1796,00,EHZ,61.1981981981982,-149.91291617029023,2026-09-07T09:47:59.996000Z,2026-09-07T09:48:59.996000Z,100.0,100.0,60.0,,noise,0,Noise,timeofday:America/Anchorage:day7-19:night1-5,AM,2.0-20.0,341.84967715814577,2598.7607082671143,297.2856330870923,2881.935760185761,0.7562710831227771,6.876512269902126,8.922415303070197,,,2.59,271.9905386435529,10.595720625277245
46,,AM,R1796,00,EHZ,61.1981981981982,-149.91291617029023,2026-09-07T09:48:59.996000Z,2026-09-07T09:49:59.996000Z,100.0,100.0,60.0,,noise,0,Noise,timeofday:America/Anchorage:day7-19:night1-5,AM,2.0-20.0,358.88598633619625,3085.759252356214,324.6864824164308,3053.0336605015746,0.8184938401470169,6.712292092616519,7.18935490269843,,,2.59,271.9905386435529,11.224778904911155
47,,AM,R1796,00,EHZ,61.1981981981982,-149.91291617029023,2026-09-07T09:49:59.996000Z,2026-09-07T09:50:59.996000Z,100.0,100.0,60.0,,noise,0,Noise,timeofday:America/Anchorage:day7-19:night1-5,AM,2.0-20.0,334.37486943947624,2752.75650406064,293.7456055718376,2826.788608882396,0.7717479721556717,7.758760039728365,11.04384280293977,,,2.59,271.9905386435529,10.392966692811838
48,,AM,R1796,00,EHZ,61.1981981981982,-149.91291617029023,2026-09-07T09:50:59.996000Z,2026-09-07T09:51:59.996000Z,100.0,100.0,60.0,,noise,0,Noise,timeofday:America/Anchorage:day7-19:night1-5,AM,2.0-20.0,225.21703549560482,1281.753368928837,177.59201999608084,1202.1113156883198,0.6217909818456284,3.6709683293327595,2.519663512233617,,,2.59,271.9905386435529,4.419680631846177
49,,AM,R1796,00,EHZ,61.1981981981982,-149.91291617029023,2026-09-07T09:51:59.996000Z,2026-09-07T09:52:59.996000Z,100.0,100.0,60.0,,traffic,1,Traffic,timeofday:America/Anchorage:day7-19:night1-5+burst>=20x,AM,2.0-20.0,636.0875931200841,9225.75307739499,612.1842287515418,9381.200196114725,0.9262546995856764,6.707698635755372,39.13311430913565,,,2.59,271.9905386435529,34.49090634880101
50,,AM,R1796,00,EHZ,61.1981981981982,-149.91291617029023,2026-09-07T09:52:59.996000Z,2026-09-07T09:53:59.996000Z,100.0,100.0,60.0,,noise,0,Noise,timeofday:America/Anchorage:day7-19:night1-5,AM,2.0-20.0,378.83694186478164,2185.7495441735387,332.2383262389535,2238.825855471375,0.7691212597608381,4.136694366296742,2.8526090557849777,,,2.59,271.9905386435529,8.23126372938062
51,,AM,R1796,00,EHZ,61.1981981981982,-149.91291617029023,2026-09-07T09:53:59.996000Z,2026-09-07T09:54:59.996000Z,100.0,100.0,60.0,,noise,0,Noise,timeofday:America/Anchorage:day7-19:night1-5,AM,2.0-20.0,246.09453647707963,1483.2526252743687,187.70286537791242,1410.795158103061,0.5817519673369993,4.280565682015672,1.0662569659372956,,,2.59,271.9905386435529,5.186927328938917
52,,AM,R1796,00,EHZ,61.1981981981982,-149.91291617029023,2026-09-07T09:57:59.996000Z,2026-09-07T09:58:59.996000Z,100.0,100.0,60.0,,noise,0,Noise,timeofday:America/Anchorage:day7-19:night1-5,AM,2.0-20.0,248.41799008799785,1011.7391695775418,198.10999774129957,844.9181350686664,0.6359847452197859,2.4293946106534223,0.46142008992588224,,,2.59,271.9905386435529,3.106424728162852
53,,AM,R1796,00,EHZ,61.1981981981982,-149.91291617029023,2026-09-07T09:58:59.996000Z,2026-09-07T09:59:59.996000Z,100.0,100.0,60.0,,noise,0,Noise,timeofday:America/Anchorage:day7-19:night1-5,AM,2.0-20.0,288.2978832235189,2506.7372575515597,243.58076326860478,2682.3422749799884,0.7138435942587467,5.964084034086014,9.472204889069534,,,2.59,271.9905386435529,9.861895521649863
54,,AM,R1796,00,EHZ,61.1981981981982,-149.91291617029023,2026-09-07T09:59:59.996000Z,2026-09-07T10:00:59.996000Z,100.0,100.0,60.0,,noise,0,Noise,timeofday:America/Anchorage:day7-19:night1-5,AM,2.0-20.0,239.19204319230988,1521.2656324667391,183.74809369876573,1206.4894465100083,0.5901361610115815,5.082057304630096,1.550962093262359,,,2.59,271.9905386435529,4.435777260955126
55,,AM,R1796,00,EHZ,61.1981981981982,-149.91291617029023,2026-09-07T10:00:59.996000Z,2026-09-07T10:01:59.996000Z,100.0,100.0,60.0,,noise,0,Noise,timeofday:America/Anchorage:day7-19:night1-5,AM,2.0-20.0,354.08119807182607,2761.734105539633,318.8148825697561,2771.3854352164462,0.8107210338790334,6.099579324410698,9.266141966229181,,,2.59,271.9905386435529,10.189271468918198
56,,AM,R1796,00,EHZ,61.1981981981982,-149.91291617029023,2026-09-07T10:01:59.996000Z,2026-09-07T10:02:59.996000Z,100.0,100.0,60.0,,noise,0,Noise,timeofday:America/Anchorage:day7-19:night1-5,AM,2.0-20.0,307.5394529764954,2481.268624820807,263.9376680897458,2262.9416515947823,0.7365480356676564,4.211422473023794,8.640609969042234,,,2.59,271.9905386435529,8.319927828667586
57,,AM,R1796,00,EHZ,61.1981981981982,-149.91291617029023,2026-09-07T10:02:59.996000Z,2026-09-07T10:03:59.996000Z,100.0,100.0,60.0,,traffic,1,Traffic,timeofday:America/Anchorage:day7-19:night1-5+burst>=20x,AM,2.0-20.0,445.14291235075177,6976.271874596803,419.13179039071406,7229.468836575226,0.8865480509863033,7.1514697694791405,70.6592847128371,,,2.59,271.9905386435529,26.579854110475285
58,,AM,R1796,00,EHZ,61.1981981981982,-149.91291617029023,2026-09-07T10:04:59.996000Z,2026-09-07T10:05:59.996000Z,100.0,100.0,60.0,,noise,0,Noise,timeofday:America/Anchorage:day7-19:night1-5,AM,2.0-20.0,271.98430979684133,2096.724790523234,219.3428332081068,1648.2985876352368,0.6503680460225594,3.1602445406816058,3.050380151407005,,,2.59,271.9905386435529,6.060132076121049
59,,AM,R1796,00,EHZ,61.1981981981982,-149.91291617029023,2026-09-07T10:05:59.996000Z,2026-09-07T10:06:59.996000Z,100.0,100.0,60.0,,noise,0,Noise,timeofday:America/Anchorage:day7-19:night1-5,AM,2.0-20.0,261.76752111996956,1792.2768208254952,210.666219869833,1548.2370824600525,0.6476767157531729,4.105894929728533,3.1399569993528607,,,2.59,271.9905386435529,5.692246098637413
60,,AM,R1796,00,EHZ,61.1981981981982,-149.91291617029023,2026-09-07T10:06:59.996000Z,2026-09-07T10:07:59.996000Z,100.0,100.0,60.0,,noise,0,Noise,timeofday:America/Anchorage:day7-19:night1-5,AM,2.0-20.0,291.7408535492203,1429.2798894918037,239.7268183033808,1212.3390714474813,0.6752098113264664,3.830786581744304,1.59106531049164,,,2.59,271.9905386435529,4.45728398308835
61,,AM,R1796,00,EHZ,61.1981981981982,-149.91291617029023,2026-09-07T10:07:59.996000Z,2026-09-07T10:08:59.996000Z,100.0,100.0,60.0,,noise,0,Noise,timeofday:America/Anchorage:day7-19:night1-5,AM,2.0-20.0,298.8899353025767,2406.7178559563195,256.58760544393186,2432.3741079167467,0.7369682287931905,6.368375100564993,9.592535567325452,,,2.59,271.9905386435529,8.94286293945101
62,,AM,R1796,00,EHZ,61.1981981981982,-149.91291617029023,2026-09-07T10:08:59.996000Z,2026-09-07T10:09:59.996000Z,100.0,100.0,60.0,,noise,0,Noise,timeofday:America/Anchorage:day7-19:night1-5,AM,2.0-20.0,243.34146894135992,2641.716424662272,194.22663613546544,2583.9171408356237,0.637067318535622,6.826265375614716,22.10578264884753,,,2.59,271.9905386435529,9.500025823405132
63,,AM,R1796,00,EHZ,61.1981981981982,-149.91291617029023,2026-09-07T10:09:59.996000Z,2026-09-07T10:10:59.996000Z,100.0,100.0,60.0,,noise,0,Noise,timeofday:America/Anchorage:day7-19:night1-5,AM,2.0-20.0,360.47065614542817,3057.7143923653907,324.8716231898185,3454.410417986409,0.8122387832038133,7.434623477696778,14.342595884253317,,,2.59,271.9905386435529,12.700480079983437
64,,AM,R1796,00,EHZ,61.1981981981982,-149.91291617029023,2026-09-07T10:10:59.996000Z,2026-09-07T10:11:59.996000Z,100.0,100.0,60.0,,noise,0,Noise,timeofday:America/Anchorage:day7-19:night1-5,AM,2.0-20.0,278.18751678438247,2347.287374772836,227.63564290869917,2220.990409979732,0.6695842861097251,7.361156576597432,10.947866882368375,,,2.59,271.9905386435529,8.1656899576583
65,,AM,R1796,00,EHZ,61.1981981981982,-149.91291617029023,2026-09-07T10:11:59.996000Z,2026-09-07T10:12:59.996000Z,100.0,100.0,60.0,,noise,0,Noise,timeofday:America/Anchorage:day7-19:night1-5,AM,2.0-20.0,425.57271562846154,4673.7110082517265,394.0669640960238,4985.746783250578,0.8574178151454704,7.314553700354147,23.75814537758467,,,2.59,271.9905386435529,18.330589027526667
66,,AM,R1796,00,EHZ,61.1981981981982,-149.91291617029023,2026-09-07T10:15:59.996000Z,2026-09-07T10:16:59.996000Z,100.0,100.0,60.0,,noise,0,Noise,timeofday:America/Anchorage:day7-19:night1-5,AM,2.0-20.0,301.24421660406955,1985.7008446573068,259.9759531043827,2050.8758043807734,0.7447815717339784,5.20315682504264,5.246768308964596,,,2.59,271.9905386435529,7.540246857882335
67,,AM,R1796,00,EHZ,61.1981981981982,-149.91291617029023,2026-09-07T10:16:59.996000Z,2026-09-07T10:17:59.996000Z,100.0,100.0,60.0,,noise,0,Noise,timeofday:America/Anchorage:day7-19:night1-5,AM,2.0-20.0,284.2990938556177,2793.7005802019935,235.21725788406948,2419.4798606776885,0.6845220062722249,4.478803472018458,10.189773466697995,,,2.59,271.9905386435529,8.89545596969624
68,,AM,R1796,00,EHZ,61.1981981981982,-149.91291617029023,2026-09-07T10:17:59.996000Z,2026-09-07T10:18:59.996000Z,100.0,100.0,60.0,,noise,0,Noise,timeofday:America/Anchorage:day7-19:night1-5,AM,2.0-20.0,319.1576522105999,2686.3023776884825,280.96321379856363,2515.298872883314,0.7749762629944105,5.530626687011569,10.67966212135784,,,2.59,271.9905386435529,9.247744003991423
69,,AM,R1796,00,EHZ,61.1981981981982,-149.91291617029023,2026-09-07T10:18:59.996000Z,2026-09-07T10:19:59.996000Z,100.0,100.0,60.0,,noise,0,Noise,timeofday:America/Anchorage:day7-19:night1-5,AM,2.0-20.0,396.35694518638434,3888.6955875529507,359.7149919922744,3900.2094140851777,0.8236527102931385,4.644984555501176,10.109751593980413,,,2.59,271.9905386435529,14.339503989866547
70,,AM,R1796,00,EHZ,61.1981981981982,-149.91291617029023,2026-09-07T10:19:59.996000Z,2026-09-07T10:20:59.996000Z,100.0,100.0,60.0,,noise,0,Noise,timeofday:America/Anchorage:day7-19:night1-5,AM,2.0-20.0,337.09224327222205,3771.6934880872336,296.4917680064882,3850.1454728755657,0.7736201289882408,6.949558252978498,22.805473807591845,,,2.59,271.9905386435529,14.155438979887572
71,,AM,R1796,00,EHZ,61.1981981981982,-149.91291617029023,2026-09-07T10:20:59.996000Z,2026-09-07T10:21:59.996000Z,100.0,100.0,60.0,,noise,0,Noise,timeofday:America/Anchorage:day7-19:night1-5,AM,2.0-20.0,239.31345890599806,1578.3096185593554,190.93593660237255,1632.7283175089278,0.6365625782416645,3.334270485569743,2.5564898046087334,,,2.59,271.9905386435529,6.002886444695928
72,,AM,R1796,00,EHZ,61.1981981981982,-149.91291617029023,2026-09-07T10:21:59.996000Z,2026-09-07T10:22:59.996000Z,100.0,100.0,60.0,,noise,0,Noise,timeofday:America/Anchorage:day7-19:night1-5,AM,2.0-20.0,287.6116784870144,2547.6885875755484,245.31208755492824,2202.6656977738853,0.7274863739304156,5.003364384389844,7.950747221527109,,,2.59,271.9905386435529,8.098317348679938
73,,AM,R1796,00,EHZ,61.1981981981982,-149.91291617029023,2026-09-07T10:22:59.996000Z,2026-09-07T10:23:59.996000Z,100.0,100.0,60.0,,noise,0,Noise,timeofday:America/Anchorage:day7-19:night1-5,AM,2.0-20.0,332.5147407880071,1963.6868359107698,281.3944547929643,1876.4586394788978,0.7161586866257482,3.509517727712328,2.882012613472626,,,2.59,271.9905386435529,6.898984975128201
74,,AM,R1796,00,EHZ,61.1981981981982,-149.91291617029023,2026-09-07T10:23:59.996000Z,2026-09-07T10:24:59.996000Z,100.0,100.0,60.0,,noise,0,Noise,timeofday:America/Anchorage:day7-19:night1-5,AM,2.0-20.0,297.4526802892934,2003.6857439775936,230.01902719966043,1522.596850851927,0.5979870121656219,4.6049694691963525,2.9071503219554673,,,2.59,271.9905386435529,5.597977262169806
75,,AM,R1796,00,EHZ,61.1981981981982,-149.91291617029023,2026-09-07T10:24:59.996000Z,2026-09-07T10:25:59.996000Z,100.0,100.0,60.0,,noise,0,Noise,timeofday:America/Anchorage:day7-19:night1-5,AM,2.0-20.0,339.8262202618915,2331.6832625990187,271.9905386435529,1857.2612031504227,0.6406101627219575,5.368286450582481,4.617912197334266,,,2.59,271.9905386435529,6.828403709970175
76,,AM,R1796,00,EHZ,61.1981981981982,-149.91291617029023,2026-09-07T10:25:59.996000Z,2026-09-07T10:26:59.996000Z,100.0,100.0,60.0,,noise,0,Noise,timeofday:America/Anchorage:day7-19:night1-5,AM,2.0-20.0,262.30597452782877,2244.680691544772,209.28251767816937,2242.633410645473,0.6365749393081491,6.56261611839636,9.494918354594551,,,2.59,271.9905386435529,8.245262580932907
77,,AM,R1796,00,EHZ,61.1981981981982,-149.91291617029023,2026-09-07T10:26:59.996000Z,2026-09-07T10:27:59.996000Z,100.0,100.0,60.0,,noise,0,Noise,timeofday:America/Anchorage:day7-19:night1-5,AM,2.0-20.0,304.97810007979393,2259.679089691113,259.85037427136655,2368.4341697466925,0.7259544708544757,7.093392227257053,7.8566931277969125,,,2.59,271.9905386435529,8.70778146018732
78,,AM,R1796,00,EHZ,61.1981981981982,-149.91291617029023,2026-09-07T10:27:59.996000Z,2026-09-07T10:28:59.996000Z,100.0,100.0,60.0,,noise,0,Noise,timeofday:America/Anchorage:day7-19:night1-5,AM,2.0-20.0,434.8431851400598,5216.323903014623,399.2316476890516,4808.642109544784,0.8429165596046135,6.441159773534651,18.145675974301238,,,2.59,271.9905386435529,17.679446253998456
79,,AM,R1796,00,EHZ,61.1981981981982,-149.91291617029023,2026-09-07T10:28:59.996000Z,2026-09-07T10:29:59.996000Z,100.0,100.0,60.0,,noise,0,Noise,timeofday:America/Anchorage:day7-19:night1-5,AM,2.0-20.0,260.7502282251002,2456.673362404906,209.12119394063535,2275.6718758841985,0.6432009913395528,5.723575538794838,7.468620458856524,,,2.59,271.9905386435529,8.36673175189559
80,,AM,R1796,00,EHZ,61.1981981981982,-149.91291617029023,2026-09-07T10:29:59.996000Z,2026-09-07T10:30:59.996000Z,100.0,100.0,60.0,,noise,0,Noise,timeofday:America/Anchorage:day7-19:night1-5,AM,2.0-20.0,252.4131492848963,1691.6718417868556,205.87433331367325,1444.905880314557,0.6652432257005871,4.432970669951702,3.0149468630880367,,,2.59,271.9905386435529,5.312338758254105
81,,AM,R1796,00,EHZ,61.1981981981982,-149.91291617029023,2026-09-07T10:30:59.996000Z,2026-09-07T10:31:59.996000Z,100.0,100.0,60.0,,noise,0,Noise,timeofday:America/Anchorage:day7-19:night1-5,AM,2.0-20.0,341.8630755478391,3643.669752871219,302.3270318564788,3760.6734532990777,0.7820771006109161,6.747190005204374,15.479492254036117,,,2.59,271.9905386435529,13.826486289023048
82,,AM,R1796,00,EHZ,61.1981981981982,-149.91291617029023,2026-09-07T10:31:59.996000Z,2026-09-07T10:32:59.996000Z,100.0,100.0,60.0,,noise,0,Noise,timeofday:America/Anchorage:day7-19:night1-5,AM,2.0-20.0,244.43694929877924,1224.3326314466308,195.01637621332748,1162.6361195366162,0.6365147243636596,3.3060752371706057,0.6630425300200713,,,2.59,271.9905386435529,4.274546185815183
83,,AM,R1796,00,EHZ,61.1981981981982,-149.91291617029023,2026-09-07T10:32:59.996000Z,2026-09-07T10:33:59.996000Z,100.0,100.0,60.0,,noise,0,Noise,timeofday:America/Anchorage:day7-19:night1-5,AM,2.0-20.0,303.11115763112133,1489.66666521477,253.85281208051924,1244.7453013606846,0.7013908742743671,4.507616735883262,1.4038254612574272,,,2.59,271.9905386435529,4.576428678616425
84,,AM,R1796,00,EHZ,61.1981981981982,-149.91291617029023,2026-09-07T10:33:59.996000Z,2026-09-07T10:34:59.996000Z,100.0,100.0,60.0,,noise,0,Noise,timeofday:America/Anchorage:day7-19:night1-5,AM,2.0-20.0,524.5473124484874,4239.337360695366,487.10491910948457,4899.773730674121,0.8623343744009658,5.716035011917564,11.168871520819483,,,2.59,271.9905386435529,18.014500633403788
85,,AM,R1796,00,EHZ,61.1981981981982,-149.91291617029023,2026-09-07T10:34:59.996000Z,2026-09-07T10:35:59.996000Z,100.0,100.0,60.0,,traffic,1,Traffic,timeofday:America/Anchorage:day7-19:night1-5+burst>=20x,AM,2.0-20.0,1944.898180891925,26804.337463031134,1932.3710927792984,27134.39827160965,0.9871594875747367,8.691806381506641,55.46107128369212,,,2.59,271.9905386435529,99.76228734621401
86,,AM,R1796,00,EHZ,61.1981981981982,-149.91291617029023,2026-09-07T10:35:59.996000Z,2026-09-07T10:36:59.996000Z,100.0,100.0,60.0,,noise,0,Noise,timeofday:America/Anchorage:day7-19:night1-5,AM,2.0-20.0,268.02805677895117,1941.3397527499424,222.6323737337879,2055.389107220769,0.6899476158369702,4.275945140841564,6.632712450730837,,,2.59,271.9905386435529,7.556840460227857
87,,AM,R1796,00,EHZ,61.1981981981982,-149.91291617029023,2026-09-07T10:36:59.996000Z,2026-09-07T10:37:59.996000Z,100.0,100.0,60.0,,noise,0,Noise,timeofday:America/Anchorage:day7-19:night1-5,AM,2.0-20.0,235.25849574309137,1618.34333133673,180.95360740310733,1414.7834741555707,0.5916213788011869,3.954730855496837,2.475961323473798,,,2.59,271.9905386435529,5.2015907656613845
88,,AM,R1796,00,EHZ,61.1981981981982,-149.91291617029023,2026-09-07T10:37:59.996000Z,2026-09-07T10:38:59.996000Z,100.0,100.0,60.0,,noise,0,Noise,timeofday:America/Anchorage:day7-19:night1-5,AM,2.0-20.0,261.93352205747516,1503.345365743628,215.09381322159834,1415.854012940786,0.6743318495388434,3.8505486563247486,3.367542986245888,,,2.59,271.9905386435529,5.205526706928144
89,,AM,R1796,00,EHZ,61.1981981981982,-149.91291617029023,2026-09-07T10:38:59.996000Z,2026-09-07T10:39:59.996000Z,100.0,100.0,60.0,,noise,0,Noise,timeofday:America/Anchorage:day7-19:night1-5,AM,2.0-20.0,280.8343100150519,2951.6528597330885,238.39513723748888,2650.744054882044,0.7206003263925528,5.636973684461455,7.585213874969535,,,2.59,271.9905386435529,9.74572155377757
90,,AM,R1796,00,EHZ,61.1981981981982,-149.91291617029023,2026-09-07T10:40:59.996000Z,2026-09-07T10:41:59.996000Z,100.0,100.0,60.0,,noise,0,Noise,timeofday:America/Anchorage:day7-19:night1-5,AM,2.0-20.0,273.454833271169,2029.3509326686349,228.62612014837643,2223.1964226637997,0.6990053260959661,6.0844606512027335,6.253739290928916,,,2.59,271.9905386435529,8.17380058053169
91,,AM,R1796,00,EHZ,61.1981981981982,-149.91291617029023,2026-09-07T10:41:59.996000Z,2026-09-07T10:42:59.996000Z,100.0,100.0,60.0,,noise,0,Noise,timeofday:America/Anchorage:day7-19:night1-5,AM,2.0-20.0,436.43895158981127,2927.353208672341,343.5247563860403,2975.486862554523,0.6195396027004614,6.242309086825125,6.991940233199095,,,2.59,271.9905386435529,10.939670465721372
92,,AM,R1796,00,EHZ,61.1981981981982,-149.91291617029023,2026-09-07T10:42:59.996000Z,2026-09-07T10:43:59.996000Z,100.0,100.0,60.0,,noise,0,Noise,timeofday:America/Anchorage:day7-19:night1-5,AM,2.0-20.0,597.9675261511355,4032.3562741736228,441.1783724469643,3163.063354252983,0.5443437359666666,5.115546336908454,6.985230331452108,,,2.59,271.9905386435529,11.629313909327626
93,,AM,R1796,00,EHZ,61.1981981981982,-149.91291617029023,2026-09-07T10:43:59.996000Z,2026-09-07T10:44:59.996000Z,100.0,100.0,60.0,,traffic,1,Traffic,timeofday:America/Anchorage:day7-19:night1-5+burst>=20x,AM,2.0-20.0,1151.8809738317912,9820.356439106521,1043.3579525329858,11449.598032398539,0.8204487382373371,6.035833108064558,18.84875747398936,,,2.59,271.9905386435529,42.09557468248329
94,,AM,R1796,00,EHZ,61.1981981981982,-149.91291617029023,2026-09-07T10:44:59.996000Z,2026-09-07T10:45:59.996000Z,100.0,100.0,60.0,,noise,0,Noise,timeofday:America/Anchorage:day7-19:night1-5,AM,2.0-20.0,343.5399805402883,2484.360165746088,303.44607905166947,2494.7981388256476,0.780204564737904,4.251684921859991,6.0481612775179805,,,2.59,271.9905386435529,9.172371036387823
95,,AM,R1796,00,EHZ,61.1981981981982,-149.91291617029023,2026-09-07T10:45:59.996000Z,2026-09-07T10:46:59.996000Z,100.0,100.0,60.0,,noise,0,Noise,timeofday:America/Anchorage:day7-19:night1-5,AM,2.0-20.0,282.7355830507577,1522.63872192392,237.67731431908774,1348.5177482179076,0.7066665340200919,2.5341290377960366,1.5639474588178572,,,2.59,271.9905386435529,4.957958298634636
96,,AM,R1796,00,EHZ,61.1981981981982,-149.91291617029023,2026-09-07T10:46:59.996000Z,2026-09-07T10:47:59.996000Z,100.0,100.0,60.0,,noise,0,Noise,timeofday:America/Anchorage:day7-19:night1-5,AM,2.0-20.0,277.05652097935877,1367.6368148213091,229.75555484539498,1325.5956105334553,0.6876940828127323,3.287431146201392,1.5546918307239546,,,2.59,271.9905386435529,4.8736828021457965
97,,AM,R1796,00,EHZ,61.1981981981982,-149.91291617029023,2026-09-07T10:47:59.996000Z,2026-09-07T10:48:59.996000Z,100.0,100.0,60.0,,noise,0,Noise,timeofday:America/Anchorage:day7-19:night1-5,AM,2.0-20.0,296.3023721850958,2153.633876624315,247.49058623622622,1695.7226260323152,0.6976652823665224,3.5568704652280596,1.9113473085492378,,,2.59,271.9905386435529,6.234491223441347
98,,AM,R1796,00,EHZ,61.1981981981982,-149.91291617029023,2026-09-07T10:48:59.996000Z,2026-09-07T10:49:59.996000Z,100.0,100.0,60.0,,noise,0,Noise,timeofday:America/Anchorage:day7-19:night1-5,AM,2.0-20.0,289.44899021910857,2614.631292558302,244.36257930366332,2042.9664031279285,0.7127304663050794,3.167228577981333,3.2595610496456286,,,2.59,271.9905386435529,7.511167165286078
99,,AM,R1796,00,EHZ,61.1981981981982,-149.91291617029023,2026-09-07T10:49:59.996000Z,2026-09-07T10:50:59.996000Z,100.0,100.0,60.0,,noise,0,Noise,timeofday:America/Anchorage:day7-19:night1-5,AM,2.0-20.0,284.58409074406495,1748.370363100758,242.3299451065529,1880.5881933978258,0.7250916972253894,4.599350232930564,3.468270958419903,,,2.59,271.9905386435529,6.9141676867751665
100,,AM,R1796,00,EHZ,61.1981981981982,-149.91291617029023,2026-09-07T10:50:59.996000Z,2026-09-07T10:51:59.996000Z,100.0,100.0,60.0,,noise,0,Noise,timeofday:America/Anchorage:day7-19:night1-5,AM,2.0-20.0,405.16104363818397,3960.6280044503524,372.09422122989787,4374.380295565714,0.8434328042277126,6.520404465358517,16.09997827364569,,,2.59,271.9905386435529,16.082839930319764
101,,AM,R1796,00,EHZ,61.1981981981982,-149.91291617029023,2026-09-07T10:51:59.996000Z,2026-09-07T10:52:59.996000Z,100.0,100.0,60.0,,noise,0,Noise,timeofday:America/Anchorage:day7-19:night1-5,AM,2.0-20.0,335.94357768524515,4173.373362488213,298.1448279876009,4355.203047227243,0.7876293184925739,5.074347957932426,43.81449381520773,,,2.59,271.9905386435529,16.01233288829503
102,,AM,R1796,00,EHZ,61.1981981981982,-149.91291617029023,2026-09-07T10:52:59.996000Z,2026-09-07T10:53:59.996000Z,100.0,100.0,60.0,,noise,0,Noise,timeofday:America/Anchorage:day7-19:night1-5,AM,2.0-20.0,355.34682964971756,2936.622974172698,316.4385744814348,2862.3899705129807,0.7930013901136407,5.637170344772494,6.833006096948964,,,2.59,271.9905386435529,10.52385860474426
103,,AM,R1796,00,EHZ,61.1981981981982,-149.91291617029023,2026-09-07T10:53:59.996000Z,2026-09-07T10:54:59.996000Z,100.0,100.0,60.0,,noise,0,Noise,timeofday:America/Anchorage:day7-19:night1-5,AM,2.0-20.0,426.4524037050233,3036.3776718438044,387.89809880614945,3034.7126239749396,0.8273593299354295,5.439134832080077,8.49962489755487,,,2.59,271.9905386435529,11.15741980992938
104,,AM,R1796,00,EHZ,61.1981981981982,-149.91291617029023,2026-09-07T10:54:59.996000Z,2026-09-07T10:55:59.996000Z,100.0,100.0,60.0,,noise,0,Noise,timeofday:America/Anchorage:day7-19:night1-5,AM,2.0-20.0,266.6936694584498,1263.3814983574507,218.19449466852862,1116.3451515085485,0.6693637103649628,2.7141846167477586,1.007711537475128,,,2.59,271.9905386435529,4.10435288328736
105,,AM,R1796,00,EHZ,61.1981981981982,-149.91291617029023,2026-09-07T10:56:59.996000Z,2026-09-07T10:57:59.996000Z,100.0,100.0,60.0,,noise,0,Noise,timeofday:America/Anchorage:day7-19:night1-5,AM,2.0-20.0,355.50247776504926,2370.384272676553,313.4088843551658,2119.0629258198633,0.7772081443692661,4.456953032255185,4.688441081613042,,,2.59,271.9905386435529,7.790943524682388
106,,AM,R1796,00,EHZ,61.1981981981982,-149.91291617029023,2026-09-07T10:57:59.996000Z,2026-09-07T10:58:59.996000Z,100.0,100.0,60.0,,noise,0,Noise,timeofday:America/Anchorage:day7-19:night1-5,AM,2.0-20.0,315.4011793098518,3160.6127251226403,274.85029437258027,3175.332606521849,0.7593915970023343,5.646935441680018,14.172497341114642,,,2.59,271.9905386435529,11.674423023527165
107,,AM,R1796,00,EHZ,61.1981981981982,-149.91291617029023,2026-09-07T10:58:59.996000Z,2026-09-07T10:59:59.996000Z,100.0,100.0,60.0,,noise,0,Noise,timeofday:America/Anchorage:day7-19:night1-5,AM,2.0-20.0,288.4807404897659,2711.3897260123763,243.46148959752045,2686.124723176397,0.7122408873820375,7.0456063587329805,12.493045728736881,,,2.59,271.9905386435529,9.875802064926228
108,,AM,R1796,00,EHZ,61.1981981981982,-149.91291617029023,2026-09-07T10:59:59.996000Z,2026-09-07T11:00:59.996000Z,100.0,100.0,60.0,,noise,0,Noise,timeofday:America/Anchorage:day7-19:night1-5,AM,2.0-20.0,241.3032177640242,1709.6082919794512,187.9152808739158,1652.701919726696,0.6064541445759971,3.978985520196568,3.9614063137984994,,,2.59,271.9905386435529,6.076321360180043
109,,AM,R1796,00,EHZ,61.1981981981982,-149.91291617029023,2026-09-07T11:00:59.996000Z,2026-09-07T11:01:59.996000Z,100.0,100.0,60.0,,noise,0,Noise,timeofday:America/Anchorage:day7-19:night1-5,AM,2.0-20.0,254.40596395873774,1584.6058900781368,198.73445408696725,1686.225957291018,0.6102274730055438,5.559131366943724,5.780854443310897,,,2.59,271.9905386435529,6.199575785615244
110,,AM,R1796,00,EHZ,61.1981981981982,-149.91291617029023,2026-09-07T11:01:59.996000Z,2026-09-07T11:02:59.996000Z,100.0,100.0,60.0,,noise,0,Noise,timeofday:America/Anchorage:day7-19:night1-5,AM,2.0-20.0,244.14276236644284,1162.395601703031,181.53638951088718,1136.840309330446,0.552891202039166,3.333001941373927,1.6696953587804764,,,2.59,271.9905386435529,4.179705349311028
111,,AM,R1796,00,EHZ,61.1981981981982,-149.91291617029023,2026-09-07T11:02:59.996000Z,2026-09-07T11:03:59.996000Z,100.0,100.0,60.0,,noise,0,Noise,timeofday:America/Anchorage:day7-19:night1-5,AM,2.0-20.0,219.61928650891497,860.6028632604807,159.744778008195,646.6605220515517,0.5290690880485192,2.1614759312008816,0.12672467276701616,,,2.59,271.9905386435529,2.3775110901890915
112,,AM,R1796,00,EHZ,61.1981981981982,-149.91291617029023,2026-09-07T11:03:59.996000Z,2026-09-07T11:04:59.996000Z,100.0,100.0,60.0,,noise,0,Noise,timeofday:America/Anchorage:day7-19:night1-5,AM,2.0-20.0,433.87033311617853,4565.6007198360985,395.36948628319243,4415.053633188047,0.8303981755118492,6.070297369298048,16.396683292976615,,,2.59,271.9905386435529,16.232379461456308
113,,AM,R1796,00,EHZ,61.1981981981982,-149.91291617029023,2026-09-07T11:04:59.996000Z,2026-09-07T11:05:59.996000Z,100.0,100.0,60.0,,noise,0,Noise,timeofday:America/Anchorage:day7-19:night1-5,AM,2.0-20.0,313.14576034631193,2596.599069803747,260.0511417464591,2597.7669167770496,0.6896431984010027,3.453398867195208,11.594476348136979,,,2.59,271.9905386435529,9.55094588853128
114,,AM,R1796,00,EHZ,61.1981981981982,-149.91291617029023,2026-09-07T11:06:59.996000Z,2026-09-07T11:07:59.996000Z,100.0,100.0,60.0,,noise,0,Noise,timeofday:America/Anchorage:day7-19:night1-5,AM,2.0-20.0,261.8929284655698,1035.5949936048978,209.7888544345003,1086.5751909102378,0.6416781911609746,2.256666701879047,0.24976152752423397,,,2.59,271.9905386435529,3.9949006915060696
115,,AM,R1796,00,EHZ,61.1981981981982,-149.91291617029023,2026-09-07T11:07:59.996000Z,2026-09-07T11:08:59.996000Z,100.0,100.0,60.0,,noise,0,Noise,timeofday:America/Anchorage:day7-19:night1-5,AM,2.0-20.0,276.9885668861508,1542.591642196477,228.26753221423297,1548.8650989055668,0.6791482733029158,4.356863368049343,3.223555256622536,,,2.59,271.9905386435529,5.694555062944209
116,,AM,R1796,00,EHZ,61.1981981981982,-149.91291617029023,2026-09-07T11:08:59.996000Z,2026-09-07T11:09:59.996000Z,100.0,100.0,60.0,,traffic,1,Traffic,timeofday:America/Anchorage:day7-19:night1-5+burst>=20x,AM,2.0-20.0,627.8539531009873,6762.409960360519,590.9289575272853,6911.20529155036,0.8858359040293624,5.692105227376176,18.98346920296058,,,2.59,271.9905386435529,25.409726845710555
117,,AM,R1796,00,EHZ,61.1981981981982,-149.91291617029023,2026-09-07T11:09:59.996000Z,2026-09-07T11:10:59.996000Z,100.0,100.0,60.0,,noise,0,Noise,timeofday:America/Anchorage:day7-19:night1-5,AM,2.0-20.0,276.6611391558805,1809.5886150271485,222.1981402328699,1726.1441722335069,0.6450368376550574,4.102114326247998,2.4244646950405,,,2.59,271.9905386435529,6.346339033857501
118,,AM,R1796,00,EHZ,61.1981981981982,-149.91291617029023,2026-09-07T11:10:59.996000Z,2026-09-07T11:11:59.996000Z,100.0,100.0,60.0,,noise,0,Noise,timeofday:America/Anchorage:day7-19:night1-5,AM,2.0-20.0,288.68480643644955,2557.5859075252133,243.5577295476756,2618.5023046697816,0.7117967142509354,5.729480242669284,10.232308564319293,,,2.59,271.9905386435529,9.627181584067388
119,,AM,R1796,00,EHZ,61.1981981981982,-149.91291617029023,2026-09-07T11:11:59.996000Z,2026-09-07T11:12:59.996000Z,100.0,100.0,60.0,,noise,0,Noise,timeofday:America/Anchorage:day7-19:night1-5,AM,2.0-20.0,329.46068170652757,2734.582834287206,282.7013189748217,2151.8748080065093,0.7362892912522679,5.15462744638295,6.505928074593713,,,2.59,271.9905386435529,7.911579640740992
120,,AM,R1796,00,EHZ,61.1981981981982,-149.91291617029023,2026-09-07T11:12:59.996000Z,2026-09-07T11:13:59.996000Z,100.0,100.0,60.0,,noise,0,Noise,timeofday:America/Anchorage:day7-19:night1-5,AM,2.0-20.0,260.28422805462816,1339.418060711158,201.08988778817337,1096.5999635025073,0.5968768815246893,2.239284001371147,1.4646995061244201,,,2.59,271.9905386435529,4.031757755146092
121,,AM,R1796,00,EHZ,61.1981981981982,-149.91291617029023,2026-09-07T11:13:59.996000Z,2026-09-07T11:14:59.996000Z,100.0,100.0,60.0,,noise,0,Noise,timeofday:America/Anchorage:day7-19:night1-5,AM,2.0-20.0,248.23706293312875,1121.41986231298,195.687030912716,1078.3744842105273,0.6214280313181956,2.9389829456198586,0.5384123988458875,,,2.59,271.9905386435529,3.9647499857476696
122,,AM,R1796,00,EHZ,61.1981981981982,-149.91291617029023,2026-09-07T11:14:59.996000Z,2026-09-07T11:15:59.996000Z,100.0,100.0,60.0,,traffic,1,Traffic,timeofday:America/Anchorage:day7-19:night1-5+burst>=20x,AM,2.0-20.0,814.6291597272119,12557.423863957936,786.1474625491022,13919.881144324849,0.931296842891785,6.680688595131907,63.841390144739165,,,2.59,271.9905386435529,51.17781380832159
123,,AM,R1796,00,EHZ,61.1981981981982,-149.91291617029023,2026-09-07T11:16:59.996000Z,2026-09-07T11:17:59.996000Z,100.0,100.0,60.0,,noise,0,Noise,timeofday:America/Anchorage:day7-19:night1-5,AM,2.0-20.0,276.4974368310672,1281.427864547883,221.51103789707574,1477.3963255288231,0.6418130222800291,4.579196032628311,2.3115019794134106,,,2.59,271.9905386435529,5.431793079629767
124,,AM,R1796,00,EHZ,61.1981981981982,-149.91291617029023,2026-09-07T11:17:59.996000Z,2026-09-07T11:18:59.996000Z,100.0,100.0,60.0,,noise,0,Noise,timeofday:America/Anchorage:day7-19:night1-5,AM,2.0-20.0,251.1105751022506,1457.5706795412166,200.99609827091248,1183.1262215869397,0.6406860214527603,3.7385842312466195,1.3436007372883596,,,2.59,271.9905386435529,4.3498800637967845
125,,AM,R1796,00,EHZ,61.1981981981982,-149.91291617029023,2026-09-07T11:21:59.996000Z,2026-09-07T11:22:59.996000Z,100.0,100.0,60.0,,noise,0,Noise,timeofday:America/Anchorage:day7-19:night1-5,AM,2.0-20.0,221.9352099020468,859.4372140278742,155.405593108677,742.7651476170105,0.4903214286867165,3.170479652797218,0.2670604463767323,,,2.59,271.9905386435529,2.730849210127907
126,,AM,R1796,00,EHZ,61.1981981981982,-149.91291617029023,2026-09-07T11:22:59.996000Z,2026-09-07T11:23:59.996000Z,100.0,100.0,60.0,,noise,0,Noise,timeofday:America/Anchorage:day7-19:night1-5,AM,2.0-20.0,458.8007218956487,4952.43964511774,429.26856361644036,4004.6634907173584,0.8754069400050075,6.508746537437011,13.391130219000388,,,2.59,271.9905386435529,14.723539688876905
127,,AM,R1796,00,EHZ,61.1981981981982,-149.91291617029023,2026-09-07T11:23:59.996000Z,2026-09-07T11:24:59.996000Z,100.0,100.0,60.0,,noise,0,Noise,timeofday:America/Anchorage:day7-19:night1-5,AM,2.0-20.0,285.9230754073926,2154.4409965828586,243.61908995038516,2260.4374129605094,0.7259792704980005,5.610248409257304,6.549634913530674,,,2.59,271.9905386435529,8.31072074872002
128,,AM,R1796,00,EHZ,61.1981981981982,-149.91291617029023,2026-09-07T11:24:59.996000Z,2026-09-07T11:25:59.996000Z,100.0,100.0,60.0,,noise,0,Noise,timeofday:America/Anchorage:day7-19:night1-5,AM,2.0-20.0,236.58883321345743,1359.5570080455377,191.17863163663563,1140.6823218428233,0.6529654656650528,3.8534036496553266,2.126927765311912,,,2.59,271.9905386435529,4.193830886660739
129,,AM,R1796,00,EHZ,61.1981981981982,-149.91291617029023,2026-09-07T11:25:59.996000Z,2026-09-07T11:26:59.996000Z,100.0,100.0,60.0,,noise,0,Noise,timeofday:America/Anchorage:day7-19:night1-5,AM,2.0-20.0,359.58765591769543,2067.553296176085,314.3426384956302,2459.4222845353256,0.7641824138386315,3.5841850676330327,4.760019698240277,,,2.59,271.9905386435529,9.042308224399049
130,,AM,R1796,00,EHZ,61.1981981981982,-149.91291617029023,2026-09-07T11:26:59.996000Z,2026-09-07T11:27:59.996000Z,100.0,100.0,60.0,,noise,0,Noise,timeofday:America/Anchorage:day7-19:night1-5,AM,2.0-20.0,398.59589435761126,3750.447504574912,359.13964306526253,3594.6764062755583,0.8118224392304039,6.6707796158271835,11.418001631240983,,,2.59,271.9905386435529,13.216181798832451
131,,AM,R1796,00,EHZ,61.1981981981982,-149.91291617029023,2026-09-07T11:28:59.996000Z,2026-09-07T11:29:59.996000Z,100.0,100.0,60.0,,noise,0,Noise,timeofday:America/Anchorage:day7-19:night1-5,AM,2.0-20.0,233.86903268556657,1062.5468827830714,179.59803570833463,1007.3515158043936,0.5897361172411085,3.086201592884363,0.7021754908992603,,,2.59,271.9905386435529,3.703627048308988
132,,AM,R1796,00,EHZ,61.1981981981982,-149.91291617029023,2026-09-07T11:29:59.996000Z,2026-09-07T11:30:59.996000Z,100.0,100.0,60.0,,noise,0,Noise,timeofday:America/Anchorage:day7-19:night1-5,AM,2.0-20.0,399.4039471819062,2751.545782761504,369.21740273493003,2835.586019229766,0.8545542152234458,6.012122848378455,6.806894007456059,,,2.59,271.9905386435529,10.425311238292146
133,,AM,R1796,00,EHZ,61.1981981981982,-149.91291617029023,2026-09-07T11:30:59.996000Z,2026-09-07T11:31:59.996000Z,100.0,100.0,60.0,,noise,0,Noise,timeofday:America/Anchorage:day7-19:night1-5,AM,2.0-20.0,215.76428505673948,950.456404269868,161.9062710755523,955.7520352806564,0.563077564989086,2.8536035704290237,0.7421529681997079,,,2.59,271.9905386435529,3.513916476827092
134,,AM,R1796,00,EHZ,61.1981981981982,-149.91291617029023,2026-09-07T11:32:59.996000Z,2026-09-07T11:33:59.996000Z,100.0,100.0,60.0,,noise,0,Noise,timeofday:America/Anchorage:day7-19:night1-5,AM,2.0-20.0,261.0246308480448,1739.5383889144882,217.51999686487997,1796.9970146252313,0.6944410677440703,4.733427438258156,5.9841097506544045,,,2.59,271.9905386435529,6.606836486250792
135,,AM,R1796,00,EHZ,61.1981981981982,-149.91291617029023,2026-09-07T11:34:59.996000Z,2026-09-07T11:35:59.996000Z,100.0,100.0,60.0,,noise,0,Noise,timeofday:America/Anchorage:day7-19:night1-5,AM,2.0-20.0,293.85850491913334,1788.5349713922383,244.70074788049286,1561.2383304233467,0.6934163282677929,4.11688722473511,3.016931547811348,,,2.59,271.9905386435529,5.740046467091893
136,,AM,R1796,00,EHZ,61.1981981981982,-149.91291617029023,2026-09-07T11:35:59.996000Z,2026-09-07T11:36:59.996000Z,100.0,100.0,60.0,,noise,0,Noise,timeofday:America/Anchorage:day7-19:night1-5,AM,2.0-20.0,359.8484866598542,3657.5323757211386,318.1405248110897,3421.778086761735,0.7816253301103513,4.722310614238695,9.683684703057837,,,2.59,271.9905386435529,12.580504100718073
137,,AM,R1796,00,EHZ,61.1981981981982,-149.91291617029023,2026-09-07T11:36:59.996000Z,2026-09-07T11:37:59.996000Z,100.0,100.0,60.0,,noise,0,Noise,timeofday:America/Anchorage:day7-19:night1-5,AM,2.0-20.0,318.35509777069444,2447.5301211692617,271.50162572549027,2073.8631948714647,0.7273128351694981,6.252039731240748,6.514232792507483,,,2.59,271.9905386435529,7.624762262739179
138,,AM,R1796,00,EHZ,61.1981981981982,-149.91291617029023,2026-09-07T11:37:59.996000Z,2026-09-07T11:38:59.996000Z,100.0,100.0,60.0,,noise,0,Noise,timeofday:America/Anchorage:day7-19:night1-5,AM,2.0-20.0,318.021446117257,2267.529149858657,268.4535659318737,2364.7907555978245,0.7125667251656926,4.173803150583791,4.4478618467839235,,,2.59,271.9905386435529,8.694386089278323
139,,AM,R1796,00,EHZ,61.1981981981982,-149.91291617029023,2026-09-07T11:38:59.996000Z,2026-09-07T11:39:59.996000Z,100.0,100.0,60.0,,noise,0,Noise,timeofday:America/Anchorage:day7-19:night1-5,AM,2.0-20.0,426.6171360471964,2530.5263537360565,380.3736271540861,2627.9374947269525,0.7949580363429922,3.7201299188696186,3.0626511629982547,,,2.59,271.9905386435529,9.661870989457094
140,,AM,R1796,00,EHZ,61.1981981981982,-149.91291617029023,2026-09-07T11:39:59.996000Z,2026-09-07T11:40:59.996000Z,100.0,100.0,60.0,,noise,0,Noise,timeofday:America/Anchorage:day7-19:night1-5,AM,2.0-20.0,255.51235492594608,1982.4745377456152,208.1382619318472,1597.1211905143496,0.6635597547858374,2.9636215929767955,4.029061612322045,,,2.59,271.9905386435529,5.871973335835029
141,,AM,R1796,00,EHZ,61.1981981981982,-149.91291617029023,2026-09-07T11:40:59.996000Z,2026-09-07T11:41:59.996000Z,100.0,100.0,60.0,,noise,0,Noise,timeofday:America/Anchorage:day7-19:night1-5,AM,2.0-20.0,373.16281177770804,4111.478657199788,333.7071899543275,3808.2785732838397,0.7997134756972503,6.053241019833971,16.345984114238824,,,2.59,271.9905386435529,14.001511200632747
142,,AM,R1796,00,EHZ,61.1981981981982,-149.91291617029023,2026-09-07T11:41:59.996000Z,2026-09-07T11:42:59.996000Z,100.0,100.0,60.0,,noise,0,Noise,timeofday:America/Anchorage:day7-19:night1-5,AM,2.0-20.0,283.4280911664967,1350.52122850769,235.51120251255034,1395.1787731523596,0.6904581433408201,2.9848408399745754,1.7211858557918216,,,2.59,271.9905386435529,5.12951215182069
143,,AM,R1796,00,EHZ,61.1981981981982,-149.91291617029023,2026-09-07T11:42:59.996000Z,2026-09-07T11:43:59.996000Z,100.0,100.0,60.0,,noise,0,Noise,timeofday:America/Anchorage:day7-19:night1-5,AM,2.0-20.0,261.9452462544203,1378.4829313884497,203.59468905472067,1347.942921538826,0.6041041887264206,4.313446359179313,1.622945134262853,,,2.59,271.9905386435529,4.955844891742071
144,,AM,R1796,00,EHZ,61.1981981981982,-149.91291617029023,2026-09-07T11:43:59.996000Z,2026-09-07T11:44:59.996000Z,100.0,100.0,60.0,,noise,0,Noise,timeofday:America/Anchorage:day7-19:night1-5,AM,2.0-20.0,417.76332110738394,4775.483199712127,352.52588917162905,4748.430067812424,0.712067918188431,6.070941431483864,19.498927288475368,,,2.59,271.9905386435529,17.458070753098152
145,,AM,R1796,00,EHZ,61.1981981981982,-149.91291617029023,2026-09-07T11:44:59.996000Z,2026-09-07T11:45:59.996000Z,100.0,100.0,60.0,,noise,0,Noise,timeofday:America/Anchorage:day7-19:night1-5,AM,2.0-20.0,250.0149373286128,1516.5144571153337,201.06534004537153,1399.7908938197434,0.6467590463527876,4.109644300658413,2.9597375941344337,,,2.59,271.9905386435529,5.146469067639839
146,,AM,R1796,00,EHZ,61.1981981981982,-149.91291617029023,2026-09-07T11:45:59.996000Z,2026-09-07T11:46:59.996000Z,100.0,100.0,60.0,,noise,0,Noise,timeofday:America/Anchorage:day7-19:night1-5,AM,2.0-20.0,423.3120600039123,2498.487943730974,391.305497125773,2578.7915578714674,0.8544971427870544,4.419119071025716,4.125151767014891,,,2.59,271.9905386435529,9.481181112887926
147,,AM,R1796,00,EHZ,61.1981981981982,-149.91291617029023,2026-09-07T11:46:59.996000Z,2026-09-07T11:47:59.996000Z,100.0,100.0,60.0,,noise,0,Noise,timeofday:America/Anchorage:day7-19:night1-5,AM,2.0-20.0,247.62797604000747,1294.5099912669007,193.5002565021493,1320.3615543086157,0.6106096648015913,3.9772875002719257,2.2307865869941494,,,2.59,271.9905386435529,4.854439279003622
148,,AM,R1796,00,EHZ,61.1981981981982,-149.91291617029023,2026-09-07T11:47:59.996000Z,2026-09-07T11:48:59.996000Z,100.0,100.0,60.0,,noise,0,Noise,timeofday:America/Anchorage:day7-19:night1-5,AM,2.0-20.0,373.5859247878844,3703.506848398372,329.01676688970485,3640.190477803543,0.775630806466307,6.7503989945785765,15.286796618686758,,,2.59,271.9905386435529,13.38351876487167
149,,AM,R1796,00,EHZ,61.1981981981982,-149.91291617029023,2026-09-07T11:49:59.996000Z,2026-09-07T11:50:59.996000Z,100.0,100.0,60.0,,noise,0,Noise,timeofday:America/Anchorage:day7-19:night1-5,AM,2.0-20.0,280.5958688851332,3003.50253939445,232.23299582011745,2815.3747286479374,0.6849916913618215,6.142294135032581,16.022183122999987,,,2.59,271.9905386435529,10.351002438130843
150,,AM,R1796,00,EHZ,61.1981981981982,-149.91291617029023,2026-09-07T11:50:59.996000Z,2026-09-07T11:51:59.996000Z,100.0,100.0,60.0,,noise,0,Noise,timeofday:America/Anchorage:day7-19:night1-5,AM,2.0-20.0,346.7473492316061,4056.502099456158,300.07779739265965,4524.931963451763,0.748930344525335,6.217964692888524,32.50435649309249,,,2.59,271.9905386435529,16.636357963104537
151,,AM,R1796,00,EHZ,61.1981981981982,-149.91291617029023,2026-09-07T11:51:59.996000Z,2026-09-07T11:52:59.996000Z,100.0,100.0,60.0,,noise,0,Noise,timeofday:America/Anchorage:day7-19:night1-5,AM,2.0-20.0,295.8962925758348,2547.5007641869474,252.473127280649,2517.447353556752,0.728033345813564,5.5079639297273335,7.755898426228256,,,2.59,271.9905386435529,9.255643104762182
152,,AM,R1796,00,EHZ,61.1981981981982,-149.91291617029023,2026-09-07T11:52:59.996000Z,2026-09-07T11:53:59.996000Z,100.0,100.0,60.0,,noise,0,Noise,timeofday:America/Anchorage:day7-19:night1-5,AM,2.0-20.0,261.69347719602086,1621.4964435588167,208.3020499920799,1625.6294362742337,0.633579756180939,4.583671897430952,3.4188319045880613,,,2.59,271.9905386435529,5.97678670876358
153,,AM,R1796,00,EHZ,61.1981981981982,-149.91291617029023,2026-09-07T11:53:59.996000Z,2026-09-07T11:54:59.996000Z,100.0,100.0,60.0,,noise,0,Noise,timeofday:America/Anchorage:day7-19:night1-5,AM,2.0-20.0,277.3331974370799,2307.495100885431,227.18074079087756,2254.568068408508,0.6710259339412505,4.783585118188604,4.6366860847598526,,,2.59,271.9905386435529,8.289141525482064
154,,AM,R1796,00,EHZ,61.1981981981982,-149.91291617029023,2026-09-07T11:54:59.996000Z,2026-09-07T11:55:59.996000Z,100.0,100.0,60.0,,noise,0,Noise,timeofday:America/Anchorage:day7-19:night1-5,AM,2.0-20.0,302.5250857277225,2254.493399509361,250.70145583948414,2242.6180664116687,0.6867377583655876,4.022978407959036,3.7203913475640027,,,2.59,271.9905386435529,8.24520616634628
155,,AM,R1796,00,EHZ,61.1981981981982,-149.91291617029023,2026-09-07T11:55:59.996000Z,2026-09-07T11:56:59.996000Z,100.0,100.0,60.0,,noise,0,Noise,timeofday:America/Anchorage:day7-19:night1-5,AM,2.0-20.0,265.24746459602574,1393.4911646509659,220.91969042936228,1360.7072739499358,0.6936914941030081,4.163613698186198,1.6072227704275628,,,2.59,271.9905386435529,5.002774290370299
156,,AM,R1796,00,EHZ,61.1981981981982,-149.91291617029023,2026-09-07T11:56:59.996000Z,2026-09-07T11:57:59.996000Z,100.0,100.0,60.0,,noise,0,Noise,timeofday:America/Anchorage:day7-19:night1-5,AM,2.0-20.0,341.6668434871497,2095.512286983207,294.5324232776908,1828.5878297289257,0.7431227385131919,5.057280552061591,4.757550199190791,,,2.59,271.9905386435529,6.7229832289325095
157,,AM,R1796,00,EHZ,61.1981981981982,-149.91291617029023,2026-09-07T11:57:59.996000Z,2026-09-07T11:58:59.996000Z,100.0,100.0,60.0,,noise,0,Noise,timeofday:America/Anchorage:day7-19:night1-5,AM,2.0-20.0,370.1162320386208,2120.48544123312,319.6170179801195,1886.862581671764,0.745733282059878,4.340398226851966,2.483682193823687,,,2.59,271.9905386435529,6.937236093144114
158,,AM,R1796,00,EHZ,61.1981981981982,-149.91291617029023,2026-09-07T11:58:59.996000Z,2026-09-07T11:59:59.996000Z,100.0,100.0,60.0,,noise,0,Noise,timeofday:America/Anchorage:day7-19:night1-5,AM,2.0-20.0,362.2547356641595,2010.5166434624866,311.49671775140257,1813.1184285339314,0.7393989108141531,2.439170971050293,2.0198323309297823,,,2.59,271.9905386435529,6.666108452066586
159,,AM,R1796,00,EHZ,61.1981981981982,-149.91291617029023,2026-09-07T11:59:59.996000Z,2026-09-07T12:00:59.996000Z,100.0,100.0,60.0,,traffic,1,Traffic,timeofday:America/Anchorage:day7-19:night1-5+burst>=20x,AM,2.0-20.0,1425.5966876552131,7761.48182220436,1326.112875540507,7600.225581842082,0.8653018420698356,7.418694536233801,2.615571892286476,,,2.59,271.9905386435529,27.94297779527646
160,,AM,R1796,00,EHZ,61.1981981981982,-149.91291617029023,2026-09-07T12:00:59.996000Z,2026-09-07T12:01:59.996000Z,100.0,100.0,60.0,,noise,0,Noise,timeofday:America/Anchorage:day7-19:night1-5,AM,2.0-20.0,372.087463576735,1560.481008089931,294.5010125935308,1526.8169294419163,0.6264458100657898,3.000590075835348,1.565552141200829,,,2.59,271.9905386435529,5.613492796684482
161,,AM,R1796,00,EHZ,61.1981981981982,-149.91291617029023,2026-09-07T12:01:59.996000Z,2026-09-07T12:02:59.996000Z,100.0,100.0,60.0,,noise,0,Noise,timeofday:America/Anchorage:day7-19:night1-5,AM,2.0-20.0,283.2025228699769,1927.5230470087577,232.4634246691203,1898.9004420286324,0.673775208910964,4.554216837021599,4.027728590443211,,,2.59,271.9905386435529,6.9814944721925265
162,,AM,R1796,00,EHZ,61.1981981981982,-149.91291617029023,2026-09-07T12:02:59.996000Z,2026-09-07T12:03:59.996000Z,100.0,100.0,60.0,,noise,0,Noise,timeofday:America/Anchorage:day7-19:night1-5,AM,2.0-20.0,401.39557551024893,3350.4753205423526,361.5425024939578,3388.1831289219826,0.8112852075709928,5.69604867316765,10.550198421393418,,,2.59,271.9905386435529,12.456988929906272
163,,AM,R1796,00,EHZ,61.1981981981982,-149.91291617029023,2026-09-07T12:03:59.996000Z,2026-09-07T12:04:59.996000Z,100.0,100.0,60.0,,traffic,1,Traffic,timeofday:America/Anchorage:day7-19:night1-5+burst>=20x,AM,2.0-20.0,714.349675777566,7449.526542601592,688.1408795518425,7925.280729156839,0.9279680261612752,5.8824112884003075,14.418717713758639,,,2.59,271.9905386435529,29.138075054673212
164,,AM,R1796,00,EHZ,61.1981981981982,-149.91291617029023,2026-09-07T12:04:59.996000Z,2026-09-07T12:05:59.996000Z,100.0,100.0,60.0,,noise,0,Noise,timeofday:America/Anchorage:day7-19:night1-5,AM,2.0-20.0,254.4964246420243,1171.5288699490143,201.3786559809701,949.2395368089203,0.6261285473075829,2.2122452177131198,0.5918229782173228,,,2.59,271.9905386435529,3.489972634867682
165,,AM,R1796,00,EHZ,61.1981981981982,-149.91291617029023,2026-09-07T12:05:59.996000Z,2026-09-07T12:06:59.996000Z,100.0,100.0,60.0,,noise,0,Noise,timeofday:America/Anchorage:day7-19:night1-5,AM,2.0-20.0,285.83825929231256,1990.468927546162,231.06654886557956,1751.6139323531806,0.6534817132590264,4.228787459241058,3.416009821029289,,,2.59,271.9905386435529,6.43998111511038
166,,AM,R1796,00,EHZ,61.1981981981982,-149.91291617029023,2026-09-07T12:06:59.996000Z,2026-09-07T12:07:59.996000Z,100.0,100.0,60.0,,noise,0,Noise,timeofday:America/Anchorage:day7-19:night1-5,AM,2.0-20.0,288.9877808122347,1883.5334265281258,235.40311632222466,1825.7607702829941,0.6635374748264711,4.837626931209415,4.1881238531545,,,2.59,271.9905386435529,6.712589266480615
167,,AM,R1796,00,EHZ,61.1981981981982,-149.91291617029023,2026-09-07T12:07:59.996000Z,2026-09-07T12:08:59.996000Z,100.0,100.0,60.0,,noise,0,Noise,timeofday:America/Anchorage:day7-19:night1-5,AM,2.0-20.0,264.4963660511431,2046.4644824462207,220.7461104726501,2127.250518566821,0.6965410255320184,4.907597799429501,6.750909491037618,,,2.59,271.9905386435529,7.821046015702076
168,,AM,R1796,00,EHZ,61.1981981981982,-149.91291617029023,2026-09-07T12:08:59.996000Z,2026-09-07T12:09:59.996000Z,100.0,100.0,60.0,,noise,0,Noise,timeofday:America/Anchorage:day7-19:night1-5,AM,2.0-20.0,268.07020367211993,1394.5361252383286,211.3810008757222,1415.9614129805955,0.6217772263712602,2.88975341209605,1.808714548760637,,,2.59,271.9905386435529,5.205921573750884
169,,AM,R1796,00,EHZ,61.1981981981982,-149.91291617029023,2026-09-07T12:10:59.996000Z,2026-09-07T12:11:59.996000Z,100.0,100.0,60.0,,noise,0,Noise,timeofday:America/Anchorage:day7-19:night1-5,AM,2.0-20.0,580.8810948755124,3174.459971935788,446.75590447718895,2291.876331704638,0.5915154836854848,3.078497111836977,2.5725724312682283,,,2.59,271.9905386435529,8.42630902947757
170,,AM,R1796,00,EHZ,61.1981981981982,-149.91291617029023,2026-09-07T12:11:59.996000Z,2026-09-07T12:12:59.996000Z,100.0,100.0,60.0,,noise,0,Noise,timeofday:America/Anchorage:day7-19:night1-5,AM,2.0-20.0,296.3854842351581,2750.5426283070105,228.46373906545128,3072.882105764798,0.5941836548304583,6.225609738635642,16.539173375032092,,,2.59,271.9905386435529,11.297753668526866
171,,AM,R1796,00,EHZ,61.1981981981982,-149.91291617029023,2026-09-07T12:14:59.996000Z,2026-09-07T12:15:59.996000Z,100.0,100.0,60.0,,noise,0,Noise,timeofday:America/Anchorage:day7-19:night1-5,AM,2.0-20.0,371.43792181283,2971.549452449765,316.45884294302977,3072.080255771764,0.72587525250285,6.322672943438886,14.211944769070861,,,2.59,271.9905386435529,11.294805588064094
172,,AM,R1796,00,EHZ,61.1981981981982,-149.91291617029023,2026-09-07T12:16:59.996000Z,2026-09-07T12:17:59.996000Z,100.0,100.0,60.0,,noise,0,Noise,timeofday:America/Anchorage:day7-19:night1-5,AM,2.0-20.0,399.29570924137363,3514.446643669345,356.96367207878876,3320.532702677172,0.7992060343550613,6.562879781275209,6.105287100400924,,,2.59,271.9905386435529,12.208265475839852
173,,AM,R1796,00,EHZ,61.1981981981982,-149.91291617029023,2026-09-07T12:18:59.996000Z,2026-09-07T12:19:59.996000Z,100.0,100.0,60.0,,traffic,1,Traffic,timeofday:America/Anchorage:day7-19:night1-5+burst>=20x,AM,2.0-20.0,769.331637424828,11425.443182540102,762.1567446104829,11852.05587923335,0.9814347013754949,6.708015190713514,49.81602833899439,,,2.59,271.9905386435529,43.57525058901267
174,,AM,R1796,00,EHZ,61.1981981981982,-149.91291617029023,2026-09-07T12:19:59.996000Z,2026-09-07T12:20:59.996000Z,100.0,100.0,60.0,,noise,0,Noise,timeofday:America/Anchorage:day7-19:night1-5,AM,2.0-20.0,287.0391247744583,1437.560661908678,233.64593352845412,1439.0104777997235,0.662573800934196,2.856502387832604,0.8068095429843427,,,2.59,271.9905386435529,5.290663730349699
175,,AM,R1796,00,EHZ,61.1981981981982,-149.91291617029023,2026-09-07T12:20:59.996000Z,2026-09-07T12:21:59.996000Z,100.0,100.0,60.0,,noise,0,Noise,timeofday:America/Anchorage:day7-19:night1-5,AM,2.0-20.0,360.7157921868774,3474.561868486044,313.170662911687,3453.0092310738764,0.7537578199411201,6.745417924645366,14.972122813829468,,,2.59,271.9905386435529,12.695328478315526
176,,AM,R1796,00,EHZ,61.1981981981982,-149.91291617029023,2026-09-07T12:21:59.996000Z,2026-09-07T12:22:59.996000Z,100.0,100.0,60.0,,noise,0,Noise,timeofday:America/Anchorage:day7-19:night1-5,AM,2.0-20.0,261.73972374331885,1570.565248379679,195.9966387461323,1246.0857934526227,0.5607353909205277,3.1435951897413577,1.8129250596250746,,,2.59,271.9905386435529,4.581357129799409
177,,AM,R1796,00,EHZ,61.1981981981982,-149.91291617029023,2026-09-07T12:22:59.996000Z,2026-09-07T12:23:59.996000Z,100.0,100.0,60.0,,noise,0,Noise,timeofday:America/Anchorage:day7-19:night1-5,AM,2.0-20.0,380.4795091973929,3227.4333210296113,332.5843055914605,3401.6708085079244,0.7640837389444911,7.304838527986028,13.247907244859395,,,2.59,271.9905386435529,12.506577712123502
178,,AM,R1796,00,EHZ,61.1981981981982,-149.91291617029023,2026-09-07T12:23:59.996000Z,2026-09-07T12:24:59.996000Z,100.0,100.0,60.0,,traffic,1,Traffic,timeofday:America/Anchorage:day7-19:night1-5+burst>=20x,AM,2.0-20.0,694.7003630743313,8837.430614231014,668.3959486556475,9808.400684644344,0.9257049072721748,7.039139532854456,36.99247228463908,,,2.59,271.9905386435529,36.06155101409016
179,,AM,R1796,00,EHZ,61.1981981981982,-149.91291617029023,2026-09-07T12:24:59.996000Z,2026-09-07T12:25:59.996000Z,100.0,100.0,60.0,,traffic,1,Traffic,timeofday:America/Anchorage:day7-19:night1-5+burst>=20x,AM,2.0-20.0,1490.8999418211972,17883.570658811852,1465.2600498652646,17417.93949311629,0.9659005691578219,7.468131500522851,29.436649360805646,,,2.59,271.9905386435529,64.0387698042053
180,,AM,R1796,00,EHZ,61.1981981981982,-149.91291617029023,2026-09-07T12:25:59.996000Z,2026-09-07T12:26:59.996000Z,100.0,100.0,60.0,,noise,0,Noise,timeofday:America/Anchorage:day7-19:night1-5,AM,2.0-20.0,259.79798448593294,1882.4280305166735,203.53366711444286,1607.6423587582071,0.6137633617773518,3.3909156097016044,4.332660227828437,,,2.59,271.9905386435529,5.910655446971423
181,,AM,R1796,00,EHZ,61.1981981981982,-149.91291617029023,2026-09-07T12:26:59.996000Z,2026-09-07T12:27:59.996000Z,100.0,100.0,60.0,,noise,0,Noise,timeofday:America/Anchorage:day7-19:night1-5,AM,2.0-20.0,308.81014312246776,2376.5756897928463,264.8821100693935,2591.9963774554876,0.7357362280138587,5.80354496606674,10.984572032267764,,,2.59,271.9905386435529,9.529729932453026
182,,AM,R1796,00,EHZ,61.1981981981982,-149.91291617029023,2026-09-07T12:27:59.996000Z,2026-09-07T12:28:59.996000Z,100.0,100.0,60.0,,noise,0,Noise,timeofday:America/Anchorage:day7-19:night1-5,AM,2.0-20.0,284.7197785597307,1638.423778834845,220.9194092093223,1732.7284451898745,0.6020498767822958,3.2291542495217547,3.0304097892158683,,,2.59,271.9905386435529,6.37054676177776
183,,AM,R1796,00,EHZ,61.1981981981982,-149.91291617029023,2026-09-07T12:28:59.996000Z,2026-09-07T12:29:59.996000Z,100.0,100.0,60.0,,noise,0,Noise,timeofday:America/Anchorage:day7-19:night1-5,AM,2.0-20.0,265.9876944761743,2137.4219986848525,214.7377215771133,2164.2655762018744,0.6517688365556418,6.0022377960483295,7.285802419953816,,,2.59,271.9905386435529,7.957135520210769
184,,AM,R1796,00,EHZ,61.1981981981982,-149.91291617029023,2026-09-07T12:29:59.996000Z,2026-09-07T12:30:59.996000Z,100.0,100.0,60.0,,noise,0,Noise,timeofday:America/Anchorage:day7-19:night1-5,AM,2.0-20.0,325.17022832541284,2623.418500278663,273.0811670116557,2463.242041404716,0.7052806168910403,5.333498483508011,7.4416801489717646,,,2.59,271.9905386435529,9.05635193668566
185,,AM,R1796,00,EHZ,61.1981981981982,-149.91291617029023,2026-09-07T12:30:59.996000Z,2026-09-07T12:31:59.996000Z,100.0,100.0,60.0,,noise,0,Noise,timeofday:America/Anchorage:day7-19:night1-5,AM,2.0-20.0,347.79026098966347,1846.5825642243058,298.42899679813286,1882.2346294459553,0.736287122807912,4.252906785125356,2.0461610235179126,,,2.59,271.9905386435529,6.9202209710413785
186,,AM,R1796,00,EHZ,61.1981981981982,-149.91291617029023,2026-09-07T12:31:59.996000Z,2026-09-07T12:32:59.996000Z,100.0,100.0,60.0,,noise,0,Noise,timeofday:America/Anchorage:day7-19:night1-5,AM,2.0-20.0,397.3377022917812,4366.414106874106,358.421789277688,4632.043054641522,0.8137092538895652,7.428409046982653,20.848822877328946,,,2.59,271.9905386435529,17.03016243778933
187,,AM,R1796,00,EHZ,61.1981981981982,-149.91291617029023,2026-09-07T12:32:59.996000Z,2026-09-07T12:33:59.996000Z,100.0,100.0,60.0,,traffic,1,Traffic,timeofday:America/Anchorage:day7-19:night1-5+burst>=20x,AM,2.0-20.0,435.2827819417996,5347.411978923175,398.75237281665244,5479.785412522991,0.8391963450516835,6.294670110886891,26.87049309448594,,,2.59,271.9905386435529,20.146970699243035
188,,AM,R1796,00,EHZ,61.1981981981982,-149.91291617029023,2026-09-07T12:33:59.996000Z,2026-09-07T12:34:59.996000Z,100.0,100.0,60.0,,noise,0,Noise,timeofday:America/Anchorage:day7-19:night1-5,AM,2.0-20.0,357.0374377220051,2698.4110301194064,311.03166191618345,2752.4020342329904,0.7588949931552413,5.121362284036282,8.317107382067412,,,2.59,271.9905386435529,10.119477125783588
189,,AM,R1796,00,EHZ,61.1981981981982,-149.91291617029023,2026-09-07T12:34:59.996000Z,2026-09-07T12:35:59.996000Z,100.0,100.0,60.0,,noise,0,Noise,timeofday:America/Anchorage:day7-19:night1-5,AM,2.0-20.0,456.8501914856628,2970.4093020164705,408.87534627771845,3226.5309348847986,0.8010031561556916,7.627861736474417,8.102000202086947,,,2.59,271.9905386435529,11.862658719585864
190,,AM,R1796,00,EHZ,61.1981981981982,-149.91291617029023,2026-09-07T12:35:59.996000Z,2026-09-07T12:36:59.996000Z,100.0,100.0,60.0,,noise,0,Noise,timeofday:America/Anchorage:day7-19:night1-5,AM,2.0-20.0,289.0101513251021,1788.4052395327249,219.53269205290547,1516.3386111597392,0.576995214626086,3.332136703143531,2.4549074315640267,,,2.59,271.9905386435529,5.574968227651921
191,,AM,R1796,00,EHZ,61.1981981981982,-149.91291617029023,2026-09-07T12:36:59.996000Z,2026-09-07T12:37:59.996000Z,100.0,100.0,60.0,,noise,0,Noise,timeofday:America/Anchorage:day7-19:night1-5,AM,2.0-20.0,956.088039179495,5240.595284806199,725.0302366533518,4104.800320258117,0.5750643792272104,4.5991751350840175,4.950173069073671,,,2.59,271.9905386435529,15.091702603808253
192,,AM,R1796,00,EHZ,61.1981981981982,-149.91291617029023,2026-09-07T12:37:59.996000Z,2026-09-07T12:38:59.996000Z,100.0,100.0,60.0,,noise,0,Noise,timeofday:America/Anchorage:day7-19:night1-5,AM,2.0-20.0,392.72993840355866,3382.597903687473,346.29895356568454,3676.7554676161153,0.7775249598505051,5.811358028935077,10.186969057523882,,,2.59,271.9905386435529,13.517953550709905
193,,AM,R1796,00,EHZ,61.1981981981982,-149.91291617029023,2026-09-07T12:38:59.996000Z,2026-09-07T12:39:59.996000Z,100.0,100.0,60.0,,noise,0,Noise,timeofday:America/Anchorage:day7-19:night1-5,AM,2.0-20.0,334.1675785365795,2277.399709181323,295.51610781165175,2280.8813645721402,0.7820485099705002,6.4957158087060565,6.574722279931137,,,2.59,271.9905386435529,8.385884950069034
194,,AM,R1796,00,EHZ,61.1981981981982,-149.91291617029023,2026-09-07T12:39:59.996000Z,2026-09-07T12:40:59.996000Z,100.0,100.0,60.0,,noise,0,Noise,timeofday:America/Anchorage:day7-19:night1-5,AM,2.0-20.0,329.32673463735324,2524.398578212856,291.21620485687333,2428.1166498699376,0.7819466071550087,6.036510155198721,9.610105355710326,,,2.59,271.9905386435529,8.927209975682338
195,,AM,R1796,00,EHZ,61.1981981981982,-149.91291617029023,2026-09-07T12:40:59.996000Z,2026-09-07T12:41:59.996000Z,100.0,100.0,60.0,,noise,0,Noise,timeofday:America/Anchorage:day7-19:night1-5,AM,2.0-20.0,306.8992468954583,2571.603750541241,269.2265404570306,2204.9562678024004,0.7695628524891747,5.107408813103365,6.159082427735578,,,2.59,271.9905386435529,8.106738854957099
196,,AM,R1796,00,EHZ,61.1981981981982,-149.91291617029023,2026-09-07T12:41:59.996000Z,2026-09-07T12:42:59.996000Z,100.0,100.0,60.0,,noise,0,Noise,timeofday:America/Anchorage:day7-19:night1-5,AM,2.0-20.0,285.31485773299767,1814.394088802584,228.2272944052537,1810.2094410805003,0.6398621006612291,3.526560766167881,3.258040283616112,,,2.59,271.9905386435529,6.655413273227136
197,,AM,R1796,00,EHZ,61.1981981981982,-149.91291617029023,2026-09-07T12:42:59.996000Z,2026-09-07T12:43:59.996000Z,100.0,100.0,60.0,,noise,0,Noise,timeofday:America/Anchorage:day7-19:night1-5,AM,2.0-20.0,341.2266420793018,2844.3915149349828,300.8663631839207,2699.5964061865807,0.7774302014477229,5.370219493615146,14.576157274890061,,,2.59,271.9905386435529,9.925332034157396
198,,AM,R1796,00,EHZ,61.1981981981982,-149.91291617029023,2026-09-07T12:45:59.996000Z,2026-09-07T12:46:59.996000Z,100.0,100.0,60.0,,noise,0,Noise,timeofday:America/Anchorage:day7-19:night1-5,AM,2.0-20.0,301.7977246399934,1975.6152487206514,255.98078383571794,1874.5768658783072,0.71942049653466,3.134595614638196,2.328280245647716,,,2.59,271.9905386435529,6.892066449175147
199,,AM,R1796,00,EHZ,61.1981981981982,-149.91291617029023,2026-09-07T12:46:59.996000Z,2026-09-07T12:47:59.996000Z,100.0,100.0,60.0,,noise,0,Noise,timeofday:America/Anchorage:day7-19:night1-5,AM,2.0-20.0,334.50454464407113,3138.3831835376127,295.2126474157254,3179.344435195392,0.7788716096591632,5.842353250524925,12.170717810488117,,,2.59,271.9905386435529,11.689172906716303
200,,AM,R1796,00,EHZ,61.1981981981982,-149.91291617029023,2026-09-07T12:47:59.996000Z,2026-09-07T12:48:59.996000Z,100.0,100.0,60.0,,noise,0,Noise,timeofday:America/Anchorage:day7-19:night1-5,AM,2.0-20.0,354.2079547012269,2009.380194700237,313.31366921744967,1969.9783066400205,0.7824238222910411,4.501419480984082,2.5368309909865543,,,2.59,271.9905386435529,7.2428192409358125
201,,AM,R1796,00,EHZ,61.1981981981982,-149.91291617029023,2026-09-07T12:48:59.996000Z,2026-09-07T12:49:59.996000Z,100.0,100.0,60.0,,noise,0,Noise,timeofday:America/Anchorage:day7-19:night1-5,AM,2.0-20.0,421.51895700832233,2959.3781711950883,386.84383657178495,2833.3921670479417,0.8422424792979404,5.677675716508012,9.007986434158907,,,2.59,271.9905386435529,10.417245324702778
202,,AM,R1796,00,EHZ,61.1981981981982,-149.91291617029023,2026-09-07T12:49:59.996000Z,2026-09-07T12:50:59.996000Z,100.0,100.0,60.0,,noise,0,Noise,timeofday:America/Anchorage:day7-19:night1-5,AM,2.0-20.0,246.84397397190972,1183.6225870039184,185.65263008956163,825.6986184604359,0.5656621933338396,2.845709600197096,0.19121215180210038,,,2.59,271.9905386435529,3.0357622826819157
203,,AM,R1796,00,EHZ,61.1981981981982,-149.91291617029023,2026-09-07T12:50:59.996000Z,2026-09-07T12:51:59.996000Z,100.0,100.0,60.0,,noise,0,Noise,timeofday:America/Anchorage:day7-19:night1-5,AM,2.0-20.0,356.0798369917401,3788.375519256902,317.2973283309863,3620.927963588406,0.7940321107869469,6.116377024686914,17.142280066421012,,,2.59,271.9905386435529,13.312698234454686
204,,AM,R1796,00,EHZ,61.1981981981982,-149.91291617029023,2026-09-07T12:51:59.996000Z,2026-09-07T12:52:59.996000Z,100.0,100.0,60.0,,noise,0,Noise,timeofday:America/Anchorage:day7-19:night1-5,AM,2.0-20.0,327.4324755141064,2295.3732731450887,275.4279152020209,1753.1839787780827,0.7075748802421028,4.040014442412161,2.7877119035671427,,,2.59,271.9905386435529,6.445753545404213
205,,AM,R1796,00,EHZ,61.1981981981982,-149.91291617029023,2026-09-07T12:52:59.996000Z,2026-09-07T12:53:59.996000Z,100.0,100.0,60.0,,noise,0,Noise,timeofday:America/Anchorage:day7-19:night1-5,AM,2.0-20.0,319.5656259361329,1417.629973465881,256.6881982801521,1349.5872007456858,0.6451960303718766,2.746409204247457,1.1709057930497764,,,2.59,271.9905386435529,4.961890246168957
206,,AM,R1796,00,EHZ,61.1981981981982,-149.91291617029023,2026-09-07T12:53:59.996000Z,2026-09-07T12:54:59.996000Z,100.0,100.0,60.0,,noise,0,Noise,timeofday:America/Anchorage:day7-19:night1-5,AM,2.0-20.0,259.1293680964036,2111.631092829261,210.99889733139264,2270.5693163709384,0.6630207180496334,5.930028829872764,10.022855367246457,,,2.59,271.9905386435529,8.347971689362874
207,,AM,R1796,00,EHZ,61.1981981981982,-149.91291617029023,2026-09-07T12:54:59.996000Z,2026-09-07T12:55:59.996000Z,100.0,100.0,60.0,,noise,0,Noise,timeofday:America/Anchorage:day7-19:night1-5,AM,2.0-20.0,325.02996782877716,2872.3656647797993,288.1620356041023,2583.535926512952,0.7860075488458473,5.919419291713809,7.927472360320969,,,2.59,271.9905386435529,9.498624251407175
208,,AM,R1796,00,EHZ,61.1981981981982,-149.91291617029023,2026-09-07T12:55:59.996000Z,2026-09-07T12:56:59.996000Z,100.0,100.0,60.0,,noise,0,Noise,timeofday:America/Anchorage:day7-19:night1-5,AM,2.0-20.0,272.0332205461602,1467.6360612131234,213.46737872448392,1499.2301040651141,0.6157708815778686,3.8662687088112833,2.0377154746725354,,,2.59,271.9905386435529,5.512067116532588
209,,AM,R1796,00,EHZ,61.1981981981982,-149.91291617029023,2026-09-07T12:56:59.996000Z,2026-09-07T12:57:59.996000Z,100.0,100.0,60.0,,noise,0,Noise,timeofday:America/Anchorage:day7-19:night1-5,AM,2.0-20.0,372.74520215549956,2998.3620960397507,328.8743968993104,3199.29661744367,0.7784594681446187,4.336681103250602,7.241651332993007,,,2.59,271.9905386435529,11.762529069573224
210,,AM,R1796,00,EHZ,61.1981981981982,-149.91291617029023,2026-09-07T12:57:59.996000Z,2026-09-07T12:58:59.996000Z,100.0,100.0,60.0,,noise,0,Noise,timeofday:America/Anchorage:day7-19:night1-5,AM,2.0-20.0,376.6335042280776,2860.359855202974,330.9936169560694,2596.3250340713976,0.7723272093557999,4.392055691956632,6.1829129906250095,,,2.59,271.9905386435529,9.545644664772384
211,,AM,R1796,00,EHZ,61.1981981981982,-149.91291617029023,2026-09-07T12:58:59.996000Z,2026-09-07T12:59:59.996000Z,100.0,100.0,60.0,,noise,0,Noise,timeofday:America/Anchorage:day7-19:night1-5,AM,2.0-20.0,323.7312193007736,2253.6426177355374,272.5667609238481,2124.7697529988905,0.7088863607879211,5.00555675862763,6.417391948132257,,,2.59,271.9905386435529,7.811925236794463
212,,AM,R1796,00,EHZ,61.1981981981982,-149.91291617029023,2026-09-07T12:59:59.996000Z,2026-09-07T13:00:59.996000Z,100.0,100.0,60.0,,noise,0,Noise,timeofday:America/Anchorage:day7-19:night1-5,AM,2.0-20.0,319.99326827732466,1785.3559678505421,249.32659342778146,1455.7294148165495,0.6070934150866845,2.93756426108033,1.4663252300102068,,,2.59,271.9905386435529,5.352132548714504
213,,AM,R1796,00,EHZ,61.1981981981982,-149.91291617029023,2026-09-07T15:07:59.996000Z,2026-09-07T15:08:59.996000Z,100.0,100.0,60.0,,traffic,1,Traffic,timeofday:America/Anchorage:day7-19:night1-5,AM,2.0-20.0,516.2336829746334,4276.914628663491,462.73764937827497,3903.599143082656,0.8034835628603612,3.5653443757079457,2.1951555751545033,,,2.59,271.9905386435529,14.351966662334432
214,,AM,R1796,00,EHZ,61.1981981981982,-149.91291617029023,2026-09-07T15:08:59.996000Z,2026-09-07T15:09:59.996000Z,100.0,100.0,60.0,,traffic,1,Traffic,timeofday:America/Anchorage:day7-19:night1-5,AM,2.0-20.0,497.8275816438327,3128.082532310256,439.569229065686,3594.6631522515945,0.7796445674208025,4.289416787206642,1.9475337589956547,,,2.59,271.9905386435529,13.216133069108139
215,,AM,R1796,00,EHZ,61.1981981981982,-149.91291617029023,2026-09-07T15:11:59.996000Z,2026-09-07T15:12:59.996000Z,100.0,100.0,60.0,,traffic,1,Traffic,timeofday:America/Anchorage:day7-19:night1-5,AM,2.0-20.0,678.7128069718806,3654.9227859845582,613.9707292324022,3676.6292527175788,0.8183201502091347,4.06863381664622,1.7811960964461528,,,2.59,271.9905386435529,13.517489509206232
216,,AM,R1796,00,EHZ,61.1981981981982,-149.91291617029023,2026-09-07T15:22:59.996000Z,2026-09-07T15:23:59.996000Z,100.0,100.0,60.0,,traffic,1,Traffic,timeofday:America/Anchorage:day7-19:night1-5,AM,2.0-20.0,704.4512608133631,6467.945428915731,652.5172785516061,5177.7393883434015,0.8579898119119015,5.229333969767379,4.7574283879538966,,,2.59,271.9905386435529,19.0364687469107
217,,AM,R1796,00,EHZ,61.1981981981982,-149.91291617029023,2026-09-07T15:23:59.996000Z,2026-09-07T15:24:59.996000Z,100.0,100.0,60.0,,traffic,1,Traffic,timeofday:America/Anchorage:day7-19:night1-5,AM,2.0-20.0,540.1761983821236,3183.052731502166,454.6834885919861,2732.1899615749667,0.708512438123652,2.2570586590306,0.9791520283885369,,,2.59,271.9905386435529,10.045165450242138
218,,AM,R1796,00,EHZ,61.1981981981982,-149.91291617029023,2026-09-07T15:26:59.996000Z,2026-09-07T15:27:59.996000Z,100.0,100.0,60.0,,traffic,1,Traffic,timeofday:America/Anchorage:day7-19:night1-5,AM,2.0-20.0,734.4290229493166,6390.955464854194,680.8463204840235,6576.971015258431,0.8594062896057755,5.048727164577035,8.890379600551983,,,2.59,271.9905386435529,24.18088161470071
219,,AM,R1796,00,EHZ,61.1981981981982,-149.91291617029023,2026-09-07T15:27:59.996000Z,2026-09-07T15:28:59.996000Z,100.0,100.0,60.0,,traffic,1,Traffic,timeofday:America/Anchorage:day7-19:night1-5,AM,2.0-20.0,1116.8066464162712,14515.957591046777,1076.4547715861013,14511.190462312192,0.9290425276076548,5.666745284683129,23.7976740935756,,,2.59,271.9905386435529,53.35182074597563
220,,AM,R1796,00,EHZ,61.1981981981982,-149.91291617029023,2026-09-07T15:29:59.996000Z,2026-09-07T15:30:59.996000Z,100.0,100.0,60.0,,traffic,1,Traffic,timeofday:America/Anchorage:day7-19:night1-5,AM,2.0-20.0,558.3528396903564,4228.961490004296,482.08034796687355,4160.507443528926,0.7454549401122338,5.087414577771908,4.30598337623562,,,2.59,271.9905386435529,15.296515328356053
221,,AM,R1796,00,EHZ,61.1981981981982,-149.91291617029023,2026-09-07T15:32:59.996000Z,2026-09-07T15:33:59.996000Z,100.0,100.0,60.0,,traffic,1,Traffic,timeofday:America/Anchorage:day7-19:night1-5,AM,2.0-20.0,1097.1954080340192,10127.031985475192,1029.9182742163846,9702.863987510553,0.8811250849611101,4.71266595053399,9.301182363390076,,,2.59,271.9905386435529,35.67353495419295
222,,AM,R1796,00,EHZ,61.1981981981982,-149.91291617029023,2026-09-07T15:34:59.996000Z,2026-09-07T15:35:59.996000Z,100.0,100.0,60.0,,traffic,1,Traffic,timeofday:America/Anchorage:day7-19:night1-5,AM,2.0-20.0,586.4506968802642,5456.970525091934,534.9091138928203,6051.815505521102,0.8319495319135368,5.373032364875867,8.395971025894939,,,2.59,271.9905386435529,22.250095667673513
223,,AM,R1796,00,EHZ,61.1981981981982,-149.91291617029023,2026-09-07T15:35:59.996000Z,2026-09-07T15:36:59.996000Z,100.0,100.0,60.0,,traffic,1,Traffic,timeofday:America/Anchorage:day7-19:night1-5,AM,2.0-20.0,592.0602464492425,2989.9735891865407,515.7642541606685,2926.6166632001027,0.7588757508482854,2.760595290791734,1.4814579493802453,,,2.59,271.9905386435529,10.759994365228533
224,,AM,R1796,00,EHZ,61.1981981981982,-149.91291617029023,2026-09-07T15:36:59.996000Z,2026-09-07T15:37:59.996000Z,100.0,100.0,60.0,,traffic,1,Traffic,timeofday:America/Anchorage:day7-19:night1-5,AM,2.0-20.0,529.4562499296443,3492.9762812150243,479.9032845291935,3114.6950356892366,0.8215751335723994,3.8673358574564984,1.591919116726376,,,2.59,271.9905386435529,11.451483022985165
225,,AM,R1796,00,EHZ,61.1981981981982,-149.91291617029023,2026-09-07T15:37:59.996000Z,2026-09-07T15:38:59.996000Z,100.0,100.0,60.0,,traffic,1,Traffic,timeofday:America/Anchorage:day7-19:night1-5,AM,2.0-20.0,1036.4711726222629,8243.978332502049,956.7438552822371,6699.091164011013,0.8520732046218721,3.584324467634648,3.2125152961763916,,,2.59,271.9905386435529,24.629868367554717
226,,AM,R1796,00,EHZ,61.1981981981982,-149.91291617029023,2026-09-07T15:38:59.996000Z,2026-09-07T15:39:59.996000Z,100.0,100.0,60.0,,traffic,1,Traffic,timeofday:America/Anchorage:day7-19:night1-5,AM,2.0-20.0,1830.533428043041,19790.01916818424,1738.0687808034597,17416.56339851123,0.901526691651943,6.98144475663295,12.48855028371819,,,2.59,271.9905386435529,64.0337104568768
227,,AM,R1796,00,EHZ,61.1981981981982,-149.91291617029023,2026-09-07T15:39:59.996000Z,2026-09-07T15:40:59.996000Z,100.0,100.0,60.0,,traffic,1,Traffic,timeofday:America/Anchorage:day7-19:night1-5,AM,2.0-20.0,1318.1467759592044,12857.01861676678,1273.8977391609228,11668.127156960225,0.9339886318894777,5.419033452642928,12.157264997507994,,,2.59,271.9905386435529,42.899018528918226
228,,AM,R1796,00,EHZ,61.1981981981982,-149.91291617029023,2026-09-07T15:40:59.996000Z,2026-09-07T15:41:59.996000Z,100.0,100.0,60.0,,traffic,1,Traffic,timeofday:America/Anchorage:day7-19:night1-5,AM,2.0-20.0,546.2482260757944,3055.9840991752194,476.75188715458364,3639.6078913819783,0.7617364934670596,5.063452081187178,2.1776911813626674,,,2.59,271.9905386435529,13.381376828521713
229,,AM,R1796,00,EHZ,61.1981981981982,-149.91291617029023,2026-09-07T15:41:59.996000Z,2026-09-07T15:42:59.996000Z,100.0,100.0,60.0,,traffic,1,Traffic,timeofday:America/Anchorage:day7-19:night1-5,AM,2.0-20.0,636.675101879362,3685.0139117832236,588.0301318719783,4076.2580140541313,0.8530282786149023,3.69672388938724,2.0796716217107303,,,2.59,271.9905386435529,14.986764004302811
230,,AM,R1796,00,EHZ,61.1981981981982,-149.91291617029023,2026-09-07T15:49:59.996000Z,2026-09-07T15:50:59.996000Z,100.0,100.0,60.0,,traffic,1,Traffic,timeofday:America/Anchorage:day7-19:night1-5,AM,2.0-20.0,694.8089986986648,5944.995988605717,639.2966774907966,5923.476760200437,0.8465917377727057,3.883337573882155,4.789774962543193,,,2.59,271.9905386435529,21.778245632151304
231,,AM,R1796,00,EHZ,61.1981981981982,-149.91291617029023,2026-09-07T15:50:59.996000Z,2026-09-07T15:51:59.996000Z,100.0,100.0,60.0,,traffic,1,Traffic,timeofday:America/Anchorage:day7-19:night1-5,AM,2.0-20.0,1025.8902569135473,11263.005034751941,986.6604151306242,11314.193788396198,0.9249826756729963,6.132321044246545,16.19856466577919,,,2.59,271.9905386435529,41.59774764527231
232,,AM,R1796,00,EHZ,61.1981981981982,-149.91291617029023,2026-09-07T15:51:59.996000Z,2026-09-07T15:52:59.996000Z,100.0,100.0,60.0,,traffic,1,Traffic,timeofday:America/Anchorage:day7-19:night1-5,AM,2.0-20.0,803.0977538113264,6554.006662629128,742.334444096765,4972.179067776191,0.8544022863726028,4.00920726482355,4.356653462350455,,,2.59,271.9905386435529,18.280705985483912
233,,AM,R1796,00,EHZ,61.1981981981982,-149.91291617029023,2026-09-07T15:52:59.996000Z,2026-09-07T15:53:59.996000Z,100.0,100.0,60.0,,traffic,1,Traffic,timeofday:America/Anchorage:day7-19:night1-5,AM,2.0-20.0,728.9260691720165,6435.009212231549,679.3259570372347,6129.767002653259,0.8685392583567468,5.018288514223787,5.097959095400505,,,2.59,271.9905386435529,22.536692023270696
234,,AM,R1796,00,EHZ,61.1981981981982,-149.91291617029023,2026-09-07T15:55:59.996000Z,2026-09-07T15:56:59.996000Z,100.0,100.0,60.0,,traffic,1,Traffic,timeofday:America/Anchorage:day7-19:night1-5,AM,2.0-20.0,515.4220257077917,2264.9841725172605,454.6617643698753,2250.028081337563,0.7781277774234592,2.7927241624245367,0.515305385853051,,,2.59,271.9905386435529,8.272449815933685
235,,AM,R1796,00,EHZ,61.1981981981982,-149.91291617029023,2026-09-07T15:58:59.996000Z,2026-09-07T15:59:59.996000Z,100.0,100.0,60.0,,traffic,1,Traffic,timeofday:America/Anchorage:day7-19:night1-5,AM,2.0-20.0,857.7322054199032,8236.022770841382,799.1146407180775,8574.010376992479,0.8679900389030714,4.515850181118984,11.457326719361955,,,2.59,271.9905386435529,31.523193489567774
236,,AM,R1796,00,EHZ,61.1981981981982,-149.91291617029023,2026-09-07T16:00:59.996000Z,2026-09-07T16:01:59.996000Z,100.0,100.0,60.0,,traffic,1,Traffic,timeofday:America/Anchorage:day7-19:night1-5,AM,2.0-20.0,522.1131669018122,3102.0257122034004,463.7416144552372,2695.7767583126024,0.7889016203145259,2.282819722110174,1.2481266935946902,,,2.59,271.9905386435529,9.911288722603151
237,,AM,R1796,00,EHZ,61.1981981981982,-149.91291617029023,2026-09-07T16:02:59.996000Z,2026-09-07T16:03:59.996000Z,100.0,100.0,60.0,,traffic,1,Traffic,timeofday:America/Anchorage:day7-19:night1-5,AM,2.0-20.0,981.0187513260533,12958.968743730095,930.7398929087069,12347.787587444316,0.900123376056027,6.767235957568722,25.37357062379005,,,2.59,271.9905386435529,45.39785703217512
238,,AM,R1796,00,EHZ,61.1981981981982,-149.91291617029023,2026-09-07T16:10:59.996000Z,2026-09-07T16:11:59.996000Z,100.0,100.0,60.0,,traffic,1,Traffic,timeofday:America/Anchorage:day7-19:night1-5,AM,2.0-20.0,1094.1421889963603,6386.952728006867,934.6598302179349,5236.118237758446,0.7297256757500413,4.508308695829455,1.6665483124861638,,,2.59,271.9905386435529,19.251104335730027
239,,AM,R1796,00,EHZ,61.1981981981982,-149.91291617029023,2026-09-07T16:17:59.996000Z,2026-09-07T16:18:59.996000Z,100.0,100.0,60.0,,traffic,1,Traffic,timeofday:America/Anchorage:day7-19:night1-5,AM,2.0-20.0,508.7079965838466,2361.0618761157953,451.593837990162,2218.767954509757,0.7880592764614152,2.389573849275704,0.25323843980728,,,2.59,271.9905386435529,8.157518881263297
240,,AM,R1796,00,EHZ,61.1981981981982,-149.91291617029023,2026-09-07T16:18:59.996000Z,2026-09-07T16:19:59.996000Z,100.0,100.0,60.0,,traffic,1,Traffic,timeofday:America/Anchorage:day7-19:night1-5,AM,2.0-20.0,1300.7188830071339,12169.064014265134,1254.8470364152624,12905.892428376857,0.9307106605985896,6.059538681162021,16.300715380140552,,,2.59,271.9905386435529,47.44978444007641
241,,AM,R1796,00,EHZ,61.1981981981982,-149.91291617029023,2026-09-07T16:21:59.996000Z,2026-09-07T16:22:59.996000Z,100.0,100.0,60.0,,traffic,1,Traffic,timeofday:America/Anchorage:day7-19:night1-5,AM,2.0-20.0,928.0944371989605,7689.929948276336,856.3938999641803,7761.209816077183,0.8514571389813076,6.110548481914221,6.317098006493378,,,2.59,271.9905386435529,28.534852185606162
242,,AM,R1796,00,EHZ,61.1981981981982,-149.91291617029023,2026-09-07T16:27:59.996000Z,2026-09-07T16:28:59.996000Z,100.0,100.0,60.0,,traffic,1,Traffic,timeofday:America/Anchorage:day7-19:night1-5,AM,2.0-20.0,602.8162211517746,3361.9176771278085,516.8049174945523,2780.6030118824674,0.7349933578627229,3.893071163662923,1.9501717354962,,,2.59,271.9905386435529,10.223160797245537
243,,AM,R1796,00,EHZ,61.1981981981982,-149.91291617029023,2026-09-07T16:38:59.996000Z,2026-09-07T16:39:59.996000Z,100.0,100.0,60.0,,traffic,1,Traffic,timeofday:America/Anchorage:day7-19:night1-5,AM,2.0-20.0,726.4840616312,3787.892885497216,654.2735705739879,3612.076453898374,0.8110853798476613,2.9093884079490886,1.8166220829986806,,,2.59,271.9905386435529,13.280154787413569
244,,AM,R1796,00,EHZ,61.1981981981982,-149.91291617029023,2026-09-07T16:40:59.996000Z,2026-09-07T16:41:59.996000Z,100.0,100.0,60.0,,traffic,1,Traffic,timeofday:America/Anchorage:day7-19:night1-5,AM,2.0-20.0,715.7704079084771,5652.1114839938255,643.8517167091449,5226.5933804409415,0.8091410546560152,3.882190881695107,2.8501051214251927,,,2.59,271.9905386435529,19.216085259827583
245,,AM,R1796,00,EHZ,61.1981981981982,-149.91291617029023,2026-09-07T16:43:59.996000Z,2026-09-07T16:44:59.996000Z,100.0,100.0,60.0,,traffic,1,Traffic,timeofday:America/Anchorage:day7-19:night1-5,AM,2.0-20.0,1580.661768250732,12567.116781188482,1458.2398379437032,12139.078680682102,0.8510988802883446,5.085987077108484,8.589130596587216,,,2.59,271.9905386435529,44.630518183540644
246,,AM,R1796,00,EHZ,61.1981981981982,-149.91291617029023,2026-09-07T16:45:59.996000Z,2026-09-07T16:46:59.996000Z,100.0,100.0,60.0,,traffic,1,Traffic,timeofday:America/Anchorage:day7-19:night1-5,AM,2.0-20.0,721.6393221767454,3309.1206776843196,611.0700092328267,2715.0242198970336,0.7170369879614992,2.4304970821146967,0.6644276217677914,,,2.59,271.9905386435529,9.982053910541012
247,,AM,R1796,00,EHZ,61.1981981981982,-149.91291617029023,2026-09-07T16:47:59.996000Z,2026-09-07T16:48:59.996000Z,100.0,100.0,60.0,,traffic,1,Traffic,timeofday:America/Anchorage:day7-19:night1-5,AM,2.0-20.0,1080.0637515254623,8900.873925246948,986.377106681604,9038.139131740703,0.8340405890419612,5.0608484866216505,6.750433210088406,,,2.59,271.9905386435529,33.22960856217613
248,,AM,R1796,00,EHZ,61.1981981981982,-149.91291617029023,2026-09-07T16:52:59.996000Z,2026-09-07T16:53:59.996000Z,100.0,100.0,60.0,,traffic,1,Traffic,timeofday:America/Anchorage:day7-19:night1-5,AM,2.0-20.0,910.7048100524428,5118.135728778658,834.405807186939,4591.58701909153,0.8394587787776349,4.50375834019885,2.6416172544087475,,,2.59,271.9905386435529,16.881421839120897
249,,AM,R1796,00,EHZ,61.1981981981982,-149.91291617029023,2026-09-07T16:59:59.996000Z,2026-09-07T17:00:59.996000Z,100.0,100.0,60.0,,traffic,1,Traffic,timeofday:America/Anchorage:day7-19:night1-5,AM,2.0-20.0,1217.494580565592,10194.849308395997,1118.0361445480762,10398.368735924458,0.8432912893912539,5.679471341728519,11.898507485000541,,,2.59,271.9905386435529,38.23062665261182
250,,AM,R1796,00,EHZ,61.1981981981982,-149.91291617029023,2026-09-07T17:01:59.996000Z,2026-09-07T17:02:59.996000Z,100.0,100.0,60.0,,traffic,1,Traffic,timeofday:America/Anchorage:day7-19:night1-5,AM,2.0-20.0,1896.9640802620431,16251.84430343853,1786.3443116133014,16680.379277576318,0.886772318794483,5.005868570153335,12.138744923030194,,,2.59,271.9905386435529,61.32705703942213
251,,AM,R1796,00,EHZ,61.1981981981982,-149.91291617029023,2026-09-07T17:03:59.996000Z,2026-09-07T17:04:59.996000Z,100.0,100.0,60.0,,traffic,1,Traffic,timeofday:America/Anchorage:day7-19:night1-5,AM,2.0-20.0,823.5466532852473,5957.839723649244,734.965826263799,6676.688036605849,0.7964488306838203,4.990189879932343,7.710235895519027,,,2.59,271.9905386435529,24.547501063468
252,,AM,R1796,00,EHZ,61.1981981981982,-149.91291617029023,2026-09-07T17:13:59.996000Z,2026-09-07T17:14:59.996000Z,100.0,100.0,60.0,,traffic,1,Traffic,timeofday:America/Anchorage:day7-19:night1-5,AM,2.0-20.0,1685.0609127919085,15495.180557822585,1457.8016943160517,13081.78578416524,0.7484549964319415,3.914861311490376,10.793857715840348,,,2.59,271.9905386435529,48.0964736839949
253,,AM,R1796,00,EHZ,61.1981981981982,-149.91291617029023,2026-09-07T17:14:59.996000Z,2026-09-07T17:15:59.996000Z,100.0,100.0,60.0,,traffic,1,Traffic,timeofday:America/Anchorage:day7-19:night1-5,AM,2.0-20.0,642.0343124833139,3081.181766158296,563.6138695585888,2576.5166781623752,0.7706316930999684,2.830970614943732,0.7750153088209557,,,2.59,271.9905386435529,9.472817293615252
254,,AM,R1796,00,EHZ,61.1981981981982,-149.91291617029023,2026-09-07T17:15:59.996000Z,2026-09-07T17:16:59.996000Z,100.0,100.0,60.0,,traffic,1,Traffic,timeofday:America/Anchorage:day7-19:night1-5,AM,2.0-20.0,1470.0351540729282,15610.18506235464,1302.5630470747028,14129.505554448884,0.7851308922306679,5.661485285038655,15.159404733119004,,,2.59,271.9905386435529,51.94851859522137
255,,AM,R1796,00,EHZ,61.1981981981982,-149.91291617029023,2026-09-07T17:23:59.996000Z,2026-09-07T17:24:59.996000Z,100.0,100.0,60.0,,traffic,1,Traffic,timeofday:America/Anchorage:day7-19:night1-5,AM,2.0-20.0,1838.027354376344,16058.799104086831,1679.6243104430744,17482.82886309635,0.8350651563033163,5.253316009225496,15.657664189069465,,,2.59,271.9905386435529,64.2773419630152
256,,AM,R1796,00,EHZ,61.1981981981982,-149.91291617029023,2026-09-07T17:26:59.996000Z,2026-09-07T17:27:59.996000Z,100.0,100.0,60.0,,traffic,1,Traffic,timeofday:America/Anchorage:day7-19:night1-5,AM,2.0-20.0,602.6174308709006,3237.7912797965923,505.8031732167757,2803.933421170339,0.7044979278066106,3.1067903457471253,0.929102633407322,,,2.59,271.9905386435529,10.308937344489507
257,,AM,R1796,00,EHZ,61.1981981981982,-149.91291617029023,2026-09-07T17:27:59.996000Z,2026-09-07T17:28:59.996000Z,100.0,100.0,60.0,,traffic,1,Traffic,timeofday:America/Anchorage:day7-19:night1-5,AM,2.0-20.0,1415.748547507691,11321.209646148674,1209.5782515356236,10745.371100052931,0.7299543308201999,6.0409158789812425,4.870305694362402,,,2.59,271.9905386435529,39.506415015909354
258,,AM,R1796,00,EHZ,61.1981981981982,-149.91291617029023,2026-09-07T17:43:59.996000Z,2026-09-07T17:44:59.996000Z,100.0,100.0,60.0,,traffic,1,Traffic,timeofday:America/Anchorage:day7-19:night1-5,AM,2.0-20.0,2217.499808581314,15694.244092859875,2029.6799422174008,14355.331636654188,0.8377760443663164,4.711014173560296,6.200216589483276,,,2.59,271.9905386435529,52.778790425011934
259,,AM,R1796,00,EHZ,61.1981981981982,-149.91291617029023,2026-09-07T17:46:59.996000Z,2026-09-07T17:47:59.996000Z,100.0,100.0,60.0,,traffic,1,Traffic,timeofday:America/Anchorage:day7-19:night1-5,AM,2.0-20.0,1064.8808280636333,5971.748993673367,963.0726633286608,5644.595155266705,0.8179299199695992,4.326008298399654,2.9545265029494736,,,2.59,271.9905386435529,20.752909948327353
260,,AM,R1796,00,EHZ,61.1981981981982,-149.91291617029023,2026-09-07T17:49:59.996000Z,2026-09-07T17:50:59.996000Z,100.0,100.0,60.0,,traffic,1,Traffic,timeofday:America/Anchorage:day7-19:night1-5,AM,2.0-20.0,975.1472922506379,8217.744718078027,858.228696522406,8710.8550334864,0.7745788342232384,3.6173418305737064,12.653847671320385,,,2.59,271.9905386435529,32.02631634515084
261,,AM,R1796,00,EHZ,61.1981981981982,-149.91291617029023,2026-09-07T17:52:59.996000Z,2026-09-07T17:53:59.996000Z,100.0,100.0,60.0,,traffic,1,Traffic,timeofday:America/Anchorage:day7-19:night1-5,AM,2.0-20.0,642.9768380508026,4041.263659739691,586.4635201669547,4007.067772776552,0.8319387406656727,3.899903035697162,1.4338315918554887,,,2.59,271.9905386435529,14.732379268632817
262,,AM,R1796,00,EHZ,61.1981981981982,-149.91291617029023,2026-09-07T17:58:59.996000Z,2026-09-07T17:59:59.996000Z,100.0,100.0,60.0,,traffic,1,Traffic,timeofday:America/Anchorage:day7-19:night1-5,AM,2.0-20.0,948.2006690735506,7636.274468295602,847.3019468778716,8268.614324168473,0.7985017894658843,4.196428727250569,5.0998730162178045,,,2.59,271.9905386435529,30.400374827025136
263,,AM,R1796,00,EHZ,61.1981981981982,-149.91291617029023,2026-09-07T18:04:59.996000Z,2026-09-07T18:05:59.996000Z,100.0,100.0,60.0,,traffic,1,Traffic,timeofday:America/Anchorage:day7-19:night1-5,AM,2.0-20.0,873.7936352847947,4519.711712859282,813.9262572883252,4660.9902977587135,0.8676655693701851,3.1176108105299156,2.4216572855433434,,,2.59,271.9905386435529,17.136589827732948
264,,AM,R1796,00,EHZ,61.1981981981982,-149.91291617029023,2026-09-07T18:06:59.996000Z,2026-09-07T18:07:59.996000Z,100.0,100.0,60.0,,traffic,1,Traffic,timeofday:America/Anchorage:day7-19:night1-5,AM,2.0-20.0,654.1539174660438,5912.292985442555,583.2589977281717,4682.547408633309,0.7949924447573761,5.022492149479266,3.1111723187908895,,,2.59,271.9905386435529,17.21584666873228
265,,AM,R1796,00,EHZ,61.1981981981982,-149.91291617029023,2026-09-07T18:10:59.996000Z,2026-09-07T18:11:59.996000Z,100.0,100.0,60.0,,traffic,1,Traffic,timeofday:America/Anchorage:day7-19:night1-5,AM,2.0-20.0,688.1617196158445,4939.698422924792,634.8533941751424,4415.356531025683,0.8510711537802799,5.683588470414108,4.16697032394496,,,2.59,271.9905386435529,16.2334930951847
266,,AM,R1796,00,EHZ,61.1981981981982,-149.91291617029023,2026-09-07T18:12:59.996000Z,2026-09-07T18:13:59.996000Z,100.0,100.0,60.0,,traffic,1,Traffic,timeofday:America/Anchorage:day7-19:night1-5,AM,2.0-20.0,1151.2336208276106,10301.696060058772,1012.6227553621412,9436.560878420987,0.7736925880433291,5.560732090303045,10.511878466861504,,,2.59,271.9905386435529,34.69444534902635
267,,AM,R1796,00,EHZ,61.1981981981982,-149.91291617029023,2026-09-07T18:13:59.996000Z,2026-09-07T18:14:59.996000Z,100.0,100.0,60.0,,traffic,1,Traffic,timeofday:America/Anchorage:day7-19:night1-5,AM,2.0-20.0,653.9147672327761,3519.306952692116,602.6659627933327,3209.1374280345426,0.849397617048045,4.040976064983754,1.8197047620202067,,,2.59,271.9905386435529,11.798709778799175
268,,AM,R1796,00,EHZ,61.1981981981982,-149.91291617029023,2026-09-07T18:14:59.996000Z,2026-09-07T18:15:59.996000Z,100.0,100.0,60.0,,traffic,1,Traffic,timeofday:America/Anchorage:day7-19:night1-5,AM,2.0-20.0,1055.045272205322,10778.309371121888,1008.2310014683308,10742.102165368095,0.9132252332161059,6.411623382519193,14.563001381923645,,,2.59,271.9905386435529,39.494396455627296
269,,AM,R1796,00,EHZ,61.1981981981982,-149.91291617029023,2026-09-07T18:16:59.996000Z,2026-09-07T18:17:59.996000Z,100.0,100.0,60.0,,traffic,1,Traffic,timeofday:America/Anchorage:day7-19:night1-5,AM,2.0-20.0,727.0697476805775,4150.686446123467,659.1221699822598,4534.1911877038565,0.8218256463790025,2.5086137829206616,1.938258678614913,,,2.59,271.9905386435529,16.670400412883378
270,,AM,R1796,00,EHZ,61.1981981981982,-149.91291617029023,2026-09-07T18:19:59.996000Z,2026-09-07T18:20:59.996000Z,100.0,100.0,60.0,,traffic,1,Traffic,timeofday:America/Anchorage:day7-19:night1-5,AM,2.0-20.0,691.6240060267658,3575.318771593926,638.9283588963852,3348.670095739751,0.8534227412663242,2.5773969920855895,1.1981695536041084,,,2.59,271.9905386435529,12.311715372306484
271,,AM,R1796,00,EHZ,61.1981981981982,-149.91291617029023,2026-09-07T18:20:59.996000Z,2026-09-07T18:21:59.996000Z,100.0,100.0,60.0,,traffic,1,Traffic,timeofday:America/Anchorage:day7-19:night1-5,AM,2.0-20.0,573.7710032153594,2256.3213553082664,498.830031553699,2354.911305157194,0.7558367267507902,2.108521077714064,0.25908990239341856,,,2.59,271.9905386435529,8.658063316839618
272,,AM,R1796,00,EHZ,61.1981981981982,-149.91291617029023,2026-09-07T18:21:59.996000Z,2026-09-07T18:22:59.996000Z,100.0,100.0,60.0,,traffic,1,Traffic,timeofday:America/Anchorage:day7-19:night1-5,AM,2.0-20.0,1738.819482101108,11374.675586223837,1538.4778318367578,10611.925206623995,0.782840869573295,4.847569730012716,3.462551160097476,,,2.59,271.9905386435529,39.015788047433
273,,AM,R1796,00,EHZ,61.1981981981982,-149.91291617029023,2026-09-07T18:24:59.996000Z,2026-09-07T18:25:59.996000Z,100.0,100.0,60.0,,traffic,1,Traffic,timeofday:America/Anchorage:day7-19:night1-5,AM,2.0-20.0,1139.4239585355542,13771.329145486585,1106.755575035477,13047.766611618774,0.9434800958285957,5.281379440308146,21.904485966704318,,,2.59,271.9905386435529,47.97139884603869
274,,AM,R1796,00,EHZ,61.1981981981982,-149.91291617029023,2026-09-07T18:26:59.996000Z,2026-09-07T18:27:59.996000Z,100.0,100.0,60.0,,traffic,1,Traffic,timeofday:America/Anchorage:day7-19:night1-5,AM,2.0-20.0,621.2675079831821,2981.333555067928,542.6467445429539,3213.970570057478,0.7629167012161984,2.545477605585773,0.7974479512375545,,,2.59,271.9905386435529,11.816479301397422
275,,AM,R1796,00,EHZ,61.1981981981982,-149.91291617029023,2026-09-07T18:32:59.996000Z,2026-09-07T18:33:59.996000Z,100.0,100.0,60.0,,traffic,1,Traffic,timeofday:America/Anchorage:day7-19:night1-5,AM,2.0-20.0,817.6931946764529,4385.652324003027,766.067135407522,4538.470309191683,0.8777137380656705,3.7851468150825895,1.8166508960636607,,,2.59,271.9905386435529,16.68613302442629
276,,AM,R1796,00,EHZ,61.1981981981982,-149.91291617029023,2026-09-07T18:33:59.996000Z,2026-09-07T18:34:59.996000Z,100.0,100.0,60.0,,traffic,1,Traffic,timeofday:America/Anchorage:day7-19:night1-5,AM,2.0-20.0,611.4761322040445,3459.348088153393,560.5734054434029,3719.602931116915,0.8404385422144409,3.3520823898955046,1.8203246953712062,,,2.59,271.9905386435529,13.675486469738944
277,,AM,R1796,00,EHZ,61.1981981981982,-149.91291617029023,2026-09-07T18:34:59.996000Z,2026-09-07T18:35:59.996000Z,100.0,100.0,60.0,,traffic,1,Traffic,timeofday:America/Anchorage:day7-19:night1-5,AM,2.0-20.0,614.3627212756936,2954.3502998016143,565.4938801753927,2727.761367187733,0.8472393294422114,2.848572112520453,0.6816426182173982,,,2.59,271.9905386435529,10.028883286864987
278,,AM,R1796,00,EHZ,61.1981981981982,-149.91291617029023,2026-09-07T18:39:59.996000Z,2026-09-07T18:40:59.996000Z,100.0,100.0,60.0,,traffic,1,Traffic,timeofday:America/Anchorage:day7-19:night1-5,AM,2.0-20.0,757.6852069465795,4190.637571124253,692.1188126991566,4034.7866755206237,0.8344180533762965,3.317740556761243,1.8017172722284958,,,2.59,271.9905386435529,14.834290544231996
279,,AM,R1796,00,EHZ,61.1981981981982,-149.91291617029023,2026-09-07T18:41:59.996000Z,2026-09-07T18:42:59.996000Z,100.0,100.0,60.0,,traffic,1,Traffic,timeofday:America/Anchorage:day7-19:night1-5,AM,2.0-20.0,771.8532175817737,7872.6329428046065,687.8799595853064,8134.163640454827,0.7942475362380099,4.112341518011423,7.526759246299902,,,2.59,271.9905386435529,29.906053648118817
280,,AM,R1796,00,EHZ,61.1981981981982,-149.91291617029023,2026-09-07T18:42:59.996000Z,2026-09-07T18:43:59.996000Z,100.0,100.0,60.0,,traffic,1,Traffic,timeofday:America/Anchorage:day7-19:night1-5,AM,2.0-20.0,1232.3130696723845,9321.367248151824,1134.4837446647762,8448.950221442348,0.8475287629129739,4.85081123594732,5.466928577581212,,,2.59,271.9905386435529,31.06339751220099
281,,AM,R1796,00,EHZ,61.1981981981982,-149.91291617029023,2026-09-07T18:46:59.996000Z,2026-09-07T18:47:59.996000Z,100.0,100.0,60.0,,traffic,1,Traffic,timeofday:America/Anchorage:day7-19:night1-5,AM,2.0-20.0,679.3781499932858,3569.6225601202145,630.7390676180466,3068.6745019543187,0.8619385669446501,2.9479608372767983,1.095285817278688,,,2.59,271.9905386435529,11.28228399876753
282,,AM,R1796,00,EHZ,61.1981981981982,-149.91291617029023,2026-09-07T18:48:59.996000Z,2026-09-07T18:49:59.996000Z,100.0,100.0,60.0,,traffic,1,Traffic,timeofday:America/Anchorage:day7-19:night1-5,AM,2.0-20.0,629.9456593004512,3289.3818044474597,562.7967402020961,3020.3019292820936,0.7981728867452383,2.265408427347548,0.8675241880044848,,,2.59,271.9905386435529,11.104437471776318
283,,AM,R1796,00,EHZ,61.1981981981982,-149.91291617029023,2026-09-07T18:51:59.996000Z,2026-09-07T18:52:59.996000Z,100.0,100.0,60.0,,traffic,1,Traffic,timeofday:America/Anchorage:day7-19:night1-5,AM,2.0-20.0,1285.324066567149,9782.611853196728,1112.3880546381047,8510.189672506516,0.7490095486874724,3.299746312778065,5.435120969803011,,,2.59,271.9905386435529,31.288550384685365
284,,AM,R1796,00,EHZ,61.1981981981982,-149.91291617029023,2026-09-07T18:52:59.996000Z,2026-09-07T18:53:59.996000Z,100.0,100.0,60.0,,traffic,1,Traffic,timeofday:America/Anchorage:day7-19:night1-5,AM,2.0-20.0,1460.8779915232349,11292.388201663684,1283.1883827937515,12964.40810652719,0.7715302269424045,4.630426698190299,11.05771930146316,,,2.59,271.9905386435529,47.664923093215435
285,,AM,R1796,00,EHZ,61.1981981981982,-149.91291617029023,2026-09-07T18:53:59.996000Z,2026-09-07T18:54:59.996000Z,100.0,100.0,60.0,,traffic,1,Traffic,timeofday:America/Anchorage:day7-19:night1-5,AM,2.0-20.0,627.0916071131006,3678.3919518650896,552.7951910799279,3070.627218818815,0.7770814396318322,3.0268461163532723,1.756755755086087,,,2.59,271.9905386435529,11.28946335461658
286,,AM,R1796,00,EHZ,61.1981981981982,-149.91291617029023,2026-09-07T18:59:59.996000Z,2026-09-07T19:00:59.996000Z,100.0,100.0,60.0,,traffic,1,Traffic,timeofday:America/Anchorage:day7-19:night1-5,AM,2.0-20.0,684.3175281459515,3272.596651236259,621.6003875467893,3362.39086318498,0.8251012114381739,2.9070839307215444,1.1352938322321062,,,2.59,271.9905386435529,12.36216112499206
287,,AM,R1796,00,EHZ,61.1981981981982,-149.91291617029023,2026-09-07T19:06:59.996000Z,2026-09-07T19:07:59.996000Z,100.0,100.0,60.0,,traffic,1,Traffic,timeofday:America/Anchorage:day7-19:night1-5,AM,2.0-20.0,988.9960775344302,6126.419739718111,895.2726578867478,5333.673106146956,0.8194481968468208,2.99951480628065,3.2120725074942307,,,2.59,271.9905386435529,19.60977441622263
288,,AM,R1796,00,EHZ,61.1981981981982,-149.91291617029023,2026-09-07T19:10:59.996000Z,2026-09-07T19:11:59.996000Z,100.0,100.0,60.0,,traffic,1,Traffic,timeofday:America/Anchorage:day7-19:night1-5,AM,2.0-20.0,1133.1804310667849,10916.426783654175,1068.7586263021592,10328.85899631509,0.8895310947602818,3.74790656595842,6.1797503437506425,,,2.59,271.9905386435529,37.97506724986192
289,,AM,R1796,00,EHZ,61.1981981981982,-149.91291617029023,2026-09-07T19:11:59.996000Z,2026-09-07T19:12:59.996000Z,100.0,100.0,60.0,,traffic,1,Traffic,timeofday:America/Anchorage:day7-19:night1-5,AM,2.0-20.0,1401.6194561800933,10221.57013572276,1141.9914804993425,9360.39014032919,0.6638431728121591,3.973277568946177,4.680114883991326,,,2.59,271.9905386435529,34.414396129403976
290,,AM,R1796,00,EHZ,61.1981981981982,-149.91291617029023,2026-09-07T19:12:59.996000Z,2026-09-07T19:13:59.996000Z,100.0,100.0,60.0,,traffic,1,Traffic,timeofday:America/Anchorage:day7-19:night1-5,AM,2.0-20.0,877.9343398542551,4910.567842487262,783.0060414770475,5056.848141126492,0.7954376675344249,3.1890862971601552,2.4247660236655166,,,2.59,271.9905386435529,18.592000171570515
291,,AM,R1796,00,EHZ,61.1981981981982,-149.91291617029023,2026-09-07T19:19:59.996000Z,2026-09-07T19:20:59.996000Z,100.0,100.0,60.0,,traffic,1,Traffic,timeofday:America/Anchorage:day7-19:night1-5,AM,2.0-20.0,1099.9023009075447,9952.554357376312,1056.0605673145303,10134.323053560925,0.9218694692731092,5.5811793999201695,10.227753441490664,,,2.59,271.9905386435529,37.25983669910697
292,,AM,R1796,00,EHZ,61.1981981981982,-149.91291617029023,2026-09-07T19:22:59.996000Z,2026-09-07T19:23:59.996000Z,100.0,100.0,60.0,,traffic,1,Traffic,timeofday:America/Anchorage:day7-19:night1-5,AM,2.0-20.0,777.4560667379865,6862.4532376255465,729.693701792237,6350.902600525249,0.8809058250320451,6.278205069685052,7.007702005786355,,,2.59,271.9905386435529,23.349718825507342
293,,AM,R1796,00,EHZ,61.1981981981982,-149.91291617029023,2026-09-07T19:25:59.996000Z,2026-09-07T19:26:59.996000Z,100.0,100.0,60.0,,traffic,1,Traffic,timeofday:America/Anchorage:day7-19:night1-5,AM,2.0-20.0,805.4470347812653,4450.540485077463,673.4200561940019,3238.664197769381,0.6990337095871528,2.0233585184778407,0.8226621417514242,,,2.59,271.9905386435529,11.907267855422326
294,,AM,R1796,00,EHZ,61.1981981981982,-149.91291617029023,2026-09-07T19:47:59.996000Z,2026-09-07T19:48:59.996000Z,100.0,100.0,60.0,,traffic,1,Traffic,timeofday:America/Anchorage:day7-19:night1-5,AM,2.0-20.0,827.3122941175461,4521.494737121657,781.1123032967544,4902.220441225187,0.8914315496184078,4.1343274900700235,2.040210819687,,,2.59,271.9905386435529,18.02349620568828
295,,AM,R1796,00,EHZ,61.1981981981982,-149.91291617029023,2026-09-07T19:48:59.996000Z,2026-09-07T19:49:59.996000Z,100.0,100.0,60.0,,traffic,1,Traffic,timeofday:America/Anchorage:day7-19:night1-5,AM,2.0-20.0,701.7096543599042,3967.4920387631223,650.7667933978481,3129.5663199633063,0.8600740903621467,2.31041259869566,0.6121387753135776,,,2.59,271.9905386435529,11.506158764090847
296,,AM,R1796,00,EHZ,61.1981981981982,-149.91291617029023,2026-09-07T19:50:59.996000Z,2026-09-07T19:51:59.996000Z,100.0,100.0,60.0,,traffic,1,Traffic,timeofday:America/Anchorage:day7-19:night1-5,AM,2.0-20.0,801.034648477518,4763.511878481202,764.6449599956492,4645.429364386064,0.9112070204245603,5.722752759928994,2.7488067387024246,,,2.59,271.9905386435529,17.079378523802106
297,,AM,R1796,00,EHZ,61.1981981981982,-149.91291617029023,2026-09-07T19:51:59.996000Z,2026-09-07T19:52:59.996000Z,100.0,100.0,60.0,,traffic,1,Traffic,timeofday:America/Anchorage:day7-19:night1-5,AM,2.0-20.0,588.9932086901979,3151.4852701841205,548.4126686489078,3265.628471574386,0.8669506626615269,4.301654935850718,1.0679257448318227,,,2.59,271.9905386435529,12.006404663413804
298,,AM,R1796,00,EHZ,61.1981981981982,-149.91291617029023,2026-09-07T19:53:59.996000Z,2026-09-07T19:54:59.996000Z,100.0,100.0,60.0,,traffic,1,Traffic,timeofday:America/Anchorage:day7-19:night1-5,AM,2.0-20.0,987.7543265979214,5060.482106918773,862.895376739872,5186.84897365665,0.7631649265291064,4.146575787715362,2.3572396496399968,,,2.59,271.9905386435529,19.069961034394957
299,,AM,R1796,00,EHZ,61.1981981981982,-149.91291617029023,2026-09-07T19:56:59.996000Z,2026-09-07T19:57:59.996000Z,100.0,100.0,60.0,,traffic,1,Traffic,timeofday:America/Anchorage:day7-19:night1-5,AM,2.0-20.0,951.6266246499044,10725.47473628193,872.6600156031232,10425.403484843466,0.8409244628807008,4.8599070364126185,14.065201630582298,,,2.59,271.9905386435529,38.33002256930007
300,,AM,R1796,00,EHZ,61.1981981981982,-149.91291617029023,2026-09-07T20:00:59.996000Z,2026-09-07T20:01:59.996000Z,100.0,100.0,60.0,,traffic,1,Traffic,timeofday:America/Anchorage:day7-19:night1-5,AM,2.0-20.0,731.5437354521325,3638.5326828852762,678.6227036635341,3518.3966018271344,0.8605501388027509,2.8821337151877398,1.2504455881096197,,,2.59,271.9905386435529,12.935731586009462
301,,AM,R1796,00,EHZ,61.1981981981982,-149.91291617029023,2026-09-07T20:02:59.996000Z,2026-09-07T20:03:59.996000Z,100.0,100.0,60.0,,traffic,1,Traffic,timeofday:America/Anchorage:day7-19:night1-5,AM,2.0-20.0,606.0230624836175,3297.4640374468377,565.5787618863295,3105.335108931716,0.870979397587752,2.4791446876329206,0.8002275869051858,,,2.59,271.9905386435529,11.41707033052829
302,,AM,R1796,00,EHZ,61.1981981981982,-149.91291617029023,2026-09-07T20:15:59.996000Z,2026-09-07T20:16:59.996000Z,100.0,100.0,60.0,,traffic,1,Traffic,timeofday:America/Anchorage:day7-19:night1-5,AM,2.0-20.0,1079.4163929252359,12293.435688681284,1036.9444827092404,11887.685382464439,0.9228539845564603,6.805813483029103,13.604773573480564,,,2.59,271.9905386435529,43.706245966310625
303,,AM,R1796,00,EHZ,61.1981981981982,-149.91291617029023,2026-09-07T20:16:59.996000Z,2026-09-07T20:17:59.996000Z,100.0,100.0,60.0,,traffic,1,Traffic,timeofday:America/Anchorage:day7-19:night1-5,AM,2.0-20.0,747.078486113353,3038.5670856378188,640.4793650487882,2737.8581357047924,0.7349838973882122,2.7603202596140597,0.7813063250383157,,,2.59,271.9905386435529,10.066005050612407
304,,AM,R1796,00,EHZ,61.1981981981982,-149.91291617029023,2026-09-07T20:18:59.996000Z,2026-09-07T20:19:59.996000Z,100.0,100.0,60.0,,traffic,1,Traffic,timeofday:America/Anchorage:day7-19:night1-5,AM,2.0-20.0,596.1335845950579,2749.430358781386,549.1493356965375,2580.853099835501,0.8485818647108534,4.556532405377658,0.6814818010917731,,,2.59,271.9905386435529,9.488760574932138
305,,AM,R1796,00,EHZ,61.1981981981982,-149.91291617029023,2026-09-07T20:19:59.996000Z,2026-09-07T20:20:59.996000Z,100.0,100.0,60.0,,traffic,1,Traffic,timeofday:America/Anchorage:day7-19:night1-5,AM,2.0-20.0,668.4653112572175,5388.428032488971,623.0853763773583,5875.051467749859,0.8688351180461736,4.214244452642783,3.6044091392618123,,,2.59,271.9905386435529,21.600205275703317
306,,AM,R1796,00,EHZ,61.1981981981982,-149.91291617029023,2026-09-07T20:25:59.996000Z,2026-09-07T20:26:59.996000Z,100.0,100.0,60.0,,traffic,1,Traffic,timeofday:America/Anchorage:day7-19:night1-5,AM,2.0-20.0,862.4122219700499,8125.414274130975,820.0330742779598,8358.868746436006,0.9041342740899417,4.453681155269571,8.421752902928404,,,2.59,271.9905386435529,30.73220409843157
307,,AM,R1796,00,EHZ,61.1981981981982,-149.91291617029023,2026-09-07T20:28:59.996000Z,2026-09-07T20:29:59.996000Z,100.0,100.0,60.0,,traffic,1,Traffic,timeofday:America/Anchorage:day7-19:night1-5,AM,2.0-20.0,684.8520258601316,3980.4089962781304,618.5558148788239,3675.5590893113795,0.8157635538924197,2.9168676954245196,0.8555640026185447,,,2.59,271.9905386435529,13.513554948057392
308,,AM,R1796,00,EHZ,61.1981981981982,-149.91291617029023,2026-09-07T20:32:59.996000Z,2026-09-07T20:33:59.996000Z,100.0,100.0,60.0,,traffic,1,Traffic,timeofday:America/Anchorage:day7-19:night1-5,AM,2.0-20.0,675.3152867466513,4155.599335822577,628.2486749819342,3723.914443989089,0.8654659800219154,1.9191172167823374,1.6158738743939791,,,2.59,271.9905386435529,13.691338171396199
309,,AM,R1796,00,EHZ,61.1981981981982,-149.91291617029023,2026-09-07T20:33:59.996000Z,2026-09-07T20:34:59.996000Z,100.0,100.0,60.0,,traffic,1,Traffic,timeofday:America/Anchorage:day7-19:night1-5,AM,2.0-20.0,828.8931156202405,7200.602516319721,777.4038004163094,6807.072192770325,0.8796223457453598,4.30240987234968,5.510760317557192,,,2.59,271.9905386435529,25.02687125338239
310,,AM,R1796,00,EHZ,61.1981981981982,-149.91291617029023,2026-09-07T20:35:59.996000Z,2026-09-07T20:36:59.996000Z,100.0,100.0,60.0,,traffic,1,Traffic,timeofday:America/Anchorage:day7-19:night1-5,AM,2.0-20.0,776.743715687622,4536.607141826013,731.6888447967941,3925.728903387161,0.887354939817605,2.9181046711321006,1.5799941684299181,,,2.59,271.9905386435529,14.433328905355342
311,,AM,R1796,00,EHZ,61.1981981981982,-149.91291617029023,2026-09-07T20:36:59.996000Z,2026-09-07T20:37:59.996000Z,100.0,100.0,60.0,,traffic,1,Traffic,timeofday:America/Anchorage:day7-19:night1-5,AM,2.0-20.0,813.06946219974,3953.3919153485963,764.3742307182031,3655.226029326892,0.8838056526370242,3.8391686943121917,1.0984785329821065,,,2.59,271.9905386435529,13.438798450695788
312,,AM,R1796,00,EHZ,61.1981981981982,-149.91291617029023,2026-09-07T20:37:59.996000Z,2026-09-07T20:38:59.996000Z,100.0,100.0,60.0,,traffic,1,Traffic,timeofday:America/Anchorage:day7-19:night1-5,AM,2.0-20.0,753.9249263522296,4537.389525755707,701.7122787559183,4525.109075663648,0.8662872998800254,4.70130580172448,2.007349940949582,,,2.59,271.9905386435529,16.63700913359292
313,,AM,R1796,00,EHZ,61.1981981981982,-149.91291617029023,2026-09-07T20:41:59.996000Z,2026-09-07T20:42:59.996000Z,100.0,100.0,60.0,,traffic,1,Traffic,timeofday:America/Anchorage:day7-19:night1-5,AM,2.0-20.0,1353.172257953386,10815.618930484265,1306.7449802725894,10489.286166692757,0.932557265291258,4.70674929914434,7.8500926602402785,,,2.59,271.9905386435529,38.56489354006207
314,,AM,R1796,00,EHZ,61.1981981981982,-149.91291617029023,2026-09-07T20:42:59.996000Z,2026-09-07T20:43:59.996000Z,100.0,100.0,60.0,,traffic,1,Traffic,timeofday:America/Anchorage:day7-19:night1-5,AM,2.0-20.0,716.9425364981356,3509.620381471794,673.2265207799395,3230.517648910636,0.8817667861011824,2.989371879757834,0.9343290959421324,,,2.59,271.9905386435529,11.877316266299509
315,,AM,R1796,00,EHZ,61.1981981981982,-149.91291617029023,2026-09-07T20:48:59.996000Z,2026-09-07T20:49:59.996000Z,100.0,100.0,60.0,,traffic,1,Traffic,timeofday:America/Anchorage:day7-19:night1-5,AM,2.0-20.0,1605.6660733808092,18125.6342657274,1450.7830657535737,15810.659930275775,0.816384015936176,6.163581917491752,17.447804433754325,,,2.59,271.9905386435529,58.12944821215215
316,,AM,R1796,00,EHZ,61.1981981981982,-149.91291617029023,2026-09-07T21:03:59.996000Z,2026-09-07T21:04:59.996000Z,100.0,100.0,60.0,,traffic,1,Traffic,timeofday:America/Anchorage:day7-19:night1-5,AM,2.0-20.0,696.6955816149558,4071.6650487478423,641.512924476416,3359.42003416481,0.8478610963969017,2.685220239395841,0.8275803476142474,,,2.59,271.9905386435529,12.351238579542553
317,,AM,R1796,00,EHZ,61.1981981981982,-149.91291617029023,2026-09-07T21:07:59.996000Z,2026-09-07T21:08:59.996000Z,100.0,100.0,60.0,,traffic,1,Traffic,timeofday:America/Anchorage:day7-19:night1-5,AM,2.0-20.0,770.0838443186892,4778.325215639279,716.3056538461128,4399.753646340074,0.865208412417634,4.2637308722874785,2.527327969928546,,,2.59,271.9905386435529,16.176127553120544
318,,AM,R1796,00,EHZ,61.1981981981982,-149.91291617029023,2026-09-07T21:09:59.996000Z,2026-09-07T21:10:59.996000Z,100.0,100.0,60.0,,traffic,1,Traffic,timeofday:America/Anchorage:day7-19:night1-5,AM,2.0-20.0,1143.3348404991411,9696.321987315112,1097.5582158574503,9235.569221544862,0.9215274036580104,5.515976760277715,9.656667156426051,,,2.59,271.9905386435529,33.955479729565866
319,,AM,R1796,00,EHZ,61.1981981981982,-149.91291617029023,2026-09-07T21:10:59.996000Z,2026-09-07T21:11:59.996000Z,100.0,100.0,60.0,,traffic,1,Traffic,timeofday:America/Anchorage:day7-19:night1-5,AM,2.0-20.0,672.7469687731721,3310.319785513629,623.1159728488828,3575.4185751387295,0.8578952610402556,3.2025206861756104,1.00214597784238,,,2.59,271.9905386435529,13.145378486214042
320,,AM,R1796,00,EHZ,61.1981981981982,-149.91291617029023,2026-09-07T21:15:59.996000Z,2026-09-07T21:16:59.996000Z,100.0,100.0,60.0,,traffic,1,Traffic,timeofday:America/Anchorage:day7-19:night1-5,AM,2.0-20.0,718.7305360849676,4182.689965572701,660.0263113004029,4854.297711309882,0.8433159292745477,3.919443654726524,2.194475973242147,,,2.59,271.9905386435529,17.847303569891825
321,,AM,R1796,00,EHZ,61.1981981981982,-149.91291617029023,2026-09-07T21:16:59.996000Z,2026-09-07T21:17:59.996000Z,100.0,100.0,60.0,,traffic,1,Traffic,timeofday:America/Anchorage:day7-19:night1-5,AM,2.0-20.0,1342.4909708486234,12521.30751260675,1242.4936344010641,13450.7460409364,0.8565754003501219,6.784741152877944,12.837300568575372,,,2.59,271.9905386435529,49.45299240192974
322,,AM,R1796,00,EHZ,61.1981981981982,-149.91291617029023,2026-09-07T21:28:59.996000Z,2026-09-07T21:29:59.996000Z,100.0,100.0,60.0,,traffic,1,Traffic,timeofday:America/Anchorage:day7-19:night1-5,AM,2.0-20.0,814.4777985645544,5332.282295104638,771.000311403057,4837.695761495194,0.8960878849555591,2.9323919116826764,2.483967695791941,,,2.59,271.9905386435529,17.786264866496172
323,,AM,R1796,00,EHZ,61.1981981981982,-149.91291617029023,2026-09-07T21:35:59.996000Z,2026-09-07T21:36:59.996000Z,100.0,100.0,60.0,,traffic,1,Traffic,timeofday:America/Anchorage:day7-19:night1-5,AM,2.0-20.0,819.4722679986834,5959.267888268454,775.0969240946607,6859.482662547269,0.894630097372989,4.348452543204705,5.955292754351289,,,2.59,271.9905386435529,25.219563506717083
324,,AM,R1796,00,EHZ,61.1981981981982,-149.91291617029023,2026-09-07T21:39:59.996000Z,2026-09-07T21:40:59.996000Z,100.0,100.0,60.0,,traffic,1,Traffic,timeofday:America/Anchorage:day7-19:night1-5,AM,2.0-20.0,898.1569753892511,7565.741708083382,855.3791447408873,7087.647033872776,0.9070115564107818,6.063687739893814,6.7059016431302645,,,2.59,271.9905386435529,26.058432286724607
325,,AM,R1796,00,EHZ,61.1981981981982,-149.91291617029023,2026-09-07T21:40:59.996000Z,2026-09-07T21:41:59.996000Z,100.0,100.0,60.0,,traffic,1,Traffic,timeofday:America/Anchorage:day7-19:night1-5,AM,2.0-20.0,626.8249476630529,3345.742796148194,575.1688032033416,2979.0693885952796,0.8419728704396389,2.4648309862166746,0.7396470436435001,,,2.59,271.9905386435529,10.952841975504848
326,,AM,R1796,00,EHZ,61.1981981981982,-149.91291617029023,2026-09-07T21:48:59.996000Z,2026-09-07T21:49:59.996000Z,100.0,100.0,60.0,,traffic,1,Traffic,timeofday:America/Anchorage:day7-19:night1-5,AM,2.0-20.0,730.9840208163654,4574.761482799751,673.9050672152749,4512.632611885829,0.84992709990035,4.240810470491187,2.382560985415333,,,2.59,271.9905386435529,16.591138185875252
327,,AM,R1796,00,EHZ,61.1981981981982,-149.91291617029023,2026-09-07T21:53:59.996000Z,2026-09-07T21:54:59.996000Z,100.0,100.0,60.0,,traffic,1,Traffic,timeofday:America/Anchorage:day7-19:night1-5,AM,2.0-20.0,875.9743750866432,4709.7707869144015,818.8201368643788,4268.02386253197,0.8737641566455441,3.2446030938494936,1.2977845011263751,,,2.59,271.9905386435529,15.691810030661655
328,,AM,R1796,00,EHZ,61.1981981981982,-149.91291617029023,2026-09-07T21:55:59.996000Z,2026-09-07T21:56:59.996000Z,100.0,100.0,60.0,,traffic,1,Traffic,timeofday:America/Anchorage:day7-19:night1-5,AM,2.0-20.0,1022.302248560831,11310.223714384434,910.2199790888031,10534.775292854205,0.7927460664946525,5.41985556107345,17.893448517821927,,,2.59,271.9905386435529,38.73213879200469
329,,AM,R1796,00,EHZ,61.1981981981982,-149.91291617029023,2026-09-07T21:56:59.996000Z,2026-09-07T21:57:59.996000Z,100.0,100.0,60.0,,traffic,1,Traffic,timeofday:America/Anchorage:day7-19:night1-5,AM,2.0-20.0,1170.5134385141819,9975.223334933262,1056.7027579301782,10876.669610424415,0.8149911139277928,3.765448320385381,7.563738539649123,,,2.59,271.9905386435529,39.98914691910821
330,,AM,R1796,00,EHZ,61.1981981981982,-149.91291617029023,2026-09-07T22:03:59.996000Z,2026-09-07T22:04:59.996000Z,100.0,100.0,60.0,,traffic,1,Traffic,timeofday:America/Anchorage:day7-19:night1-5,AM,2.0-20.0,1731.4331079511537,18061.791539271424,1500.3472369037586,12128.350878226338,0.7508827547872796,5.188930430473679,8.957162353752782,,,2.59,271.9905386435529,44.59107636137556
331,,AM,R1796,00,EHZ,61.1981981981982,-149.91291617029023,2026-09-07T22:04:59.996000Z,2026-09-07T22:05:59.996000Z,100.0,100.0,60.0,,traffic,1,Traffic,timeofday:America/Anchorage:day7-19:night1-5,AM,2.0-20.0,621.8946463019759,2558.7939918131146,568.4151386179616,2645.701662147285,0.8354060877671788,2.2314739824186733,0.37356385493281064,,,2.59,271.9905386435529,9.727182700331024
332,,AM,R1796,00,EHZ,61.1981981981982,-149.91291617029023,2026-09-07T22:07:59.996000Z,2026-09-07T22:08:59.996000Z,100.0,100.0,60.0,,traffic,1,Traffic,timeofday:America/Anchorage:day7-19:night1-5,AM,2.0-20.0,880.325082937649,5381.8010797078405,836.6467921271233,5196.332428966467,0.9032295714937134,3.8471529647621114,3.9047946272012313,,,2.59,271.9905386435529,19.104827891739014
333,,AM,R1796,00,EHZ,61.1981981981982,-149.91291617029023,2026-09-07T22:10:59.996000Z,2026-09-07T22:11:59.996000Z,100.0,100.0,60.0,,traffic,1,Traffic,timeofday:America/Anchorage:day7-19:night1-5,AM,2.0-20.0,844.1655826772873,5569.1930544482475,801.7983785160804,5756.129785385285,0.9021423360079279,3.5587046302247014,3.0497072604419317,,,2.59,271.9905386435529,21.162977999498604
334,,AM,R1796,00,EHZ,61.1981981981982,-149.91291617029023,2026-09-07T22:14:59.996000Z,2026-09-07T22:15:59.996000Z,100.0,100.0,60.0,,traffic,1,Traffic,timeofday:America/Anchorage:day7-19:night1-5,AM,2.0-20.0,906.212270324024,4997.81643745781,862.7254396276553,5304.256669829592,0.9063278645035361,3.4978186757525958,2.161055471016275,,,2.59,271.9905386435529,19.501621991274074
335,,AM,R1796,00,EHZ,61.1981981981982,-149.91291617029023,2026-09-07T22:18:59.996000Z,2026-09-07T22:19:59.996000Z,100.0,100.0,60.0,,traffic,1,Traffic,timeofday:America/Anchorage:day7-19:night1-5,AM,2.0-20.0,814.4361294862521,4067.17558140744,760.522482147076,4042.616899229745,0.8719870822741063,3.9904093361977027,1.2570820781975485,,,2.59,271.9905386435529,14.863079132791624
336,,AM,R1796,00,EHZ,61.1981981981982,-149.91291617029023,2026-09-07T22:21:59.996000Z,2026-09-07T22:22:59.996000Z,100.0,100.0,60.0,,traffic,1,Traffic,timeofday:America/Anchorage:day7-19:night1-5,AM,2.0-20.0,1293.7816000664452,15311.831228316869,1152.9012927845442,14030.382167018692,0.7940764413464358,3.832536169892923,18.364177547555304,,,2.59,271.9905386435529,51.58408170000975
337,,AM,R1796,00,EHZ,61.1981981981982,-149.91291617029023,2026-09-07T22:23:59.996000Z,2026-09-07T22:24:59.996000Z,100.0,100.0,60.0,,traffic,1,Traffic,timeofday:America/Anchorage:day7-19:night1-5,AM,2.0-20.0,938.0860101068016,4507.834985551663,864.9245826184923,4766.214792012964,0.8501022443921801,3.1700026692516916,1.5327873792339188,,,2.59,271.9905386435529,17.523458042998875
338,,AM,R1796,00,EHZ,61.1981981981982,-149.91291617029023,2026-09-07T22:24:59.996000Z,2026-09-07T22:25:59.996000Z,100.0,100.0,60.0,,traffic,1,Traffic,timeofday:America/Anchorage:day7-19:night1-5,AM,2.0-20.0,1557.5179717392034,10149.163518095467,1507.8731033178647,11364.354685553246,0.9372672798333407,2.6186116169290194,4.926216953152408,,,2.59,271.9905386435529,41.782169123339905
339,,AM,R1796,00,EHZ,61.1981981981982,-149.91291617029023,2026-09-07T22:29:59.996000Z,2026-09-07T22:30:59.996000Z,100.0,100.0,60.0,,traffic,1,Traffic,timeofday:America/Anchorage:day7-19:night1-5,AM,2.0-20.0,917.0376872002704,7218.846293126311,863.1470992810065,6957.912066628969,0.8859215429450582,3.2025874220456507,3.922109214036949,,,2.59,271.9905386435529,25.581448903806915
340,,AM,R1796,00,EHZ,61.1981981981982,-149.91291617029023,2026-09-07T22:31:59.996000Z,2026-09-07T22:32:59.996000Z,100.0,100.0,60.0,,traffic,1,Traffic,timeofday:America/Anchorage:day7-19:night1-5,AM,2.0-20.0,1020.3734673254264,7906.85104593689,981.7747577044958,7991.883219467187,0.9257749159071317,4.750879678572111,6.530682129978237,,,2.59,271.9905386435529,29.382945669079515
341,,AM,R1796,00,EHZ,61.1981981981982,-149.91291617029023,2026-09-07T22:39:59.996000Z,2026-09-07T22:40:59.996000Z,100.0,100.0,60.0,,traffic,1,Traffic,timeofday:America/Anchorage:day7-19:night1-5,AM,2.0-20.0,717.8703888188826,4909.867249099856,673.1575633014437,4770.363277231016,0.8793087201635329,4.18077619698178,2.178220474941762,,,2.59,271.9905386435529,17.53871035743136
342,,AM,R1796,00,EHZ,61.1981981981982,-149.91291617029023,2026-09-07T22:41:59.996000Z,2026-09-07T22:42:59.996000Z,100.0,100.0,60.0,,traffic,1,Traffic,timeofday:America/Anchorage:day7-19:night1-5,AM,2.0-20.0,691.0400015311918,3772.87253679944,643.3599697746956,3637.1867761821795,0.866765657024838,2.913373558183902,1.3465150327823876,,,2.59,271.9905386435529,13.372475360066696
343,,AM,R1796,00,EHZ,61.1981981981982,-149.91291617029023,2026-09-07T22:42:59.996000Z,2026-09-07T22:43:59.996000Z,100.0,100.0,60.0,,traffic,1,Traffic,timeofday:America/Anchorage:day7-19:night1-5,AM,2.0-20.0,845.111784080002,5284.873637172679,803.6712623064626,5086.8818838009865,0.9043333837466697,5.368336181615447,1.9175298250289163,,,2.59,271.9905386435529,18.70242218413123
344,,AM,R1796,00,EHZ,61.1981981981982,-149.91291617029023,2026-09-07T22:43:59.996000Z,2026-09-07T22:44:59.996000Z,100.0,100.0,60.0,,traffic,1,Traffic,timeofday:America/Anchorage:day7-19:night1-5,AM,2.0-20.0,685.4491927999496,5564.122809912393,633.4176814413506,5249.692617985597,0.8539448541805097,3.6529626032703573,2.5641650572170436,,,2.59,271.9905386435529,19.301011881392636
345,,AM,R1796,00,EHZ,61.1981981981982,-149.91291617029023,2026-09-07T22:51:59.996000Z,2026-09-07T22:52:59.996000Z,100.0,100.0,60.0,,traffic,1,Traffic,timeofday:America/Anchorage:day7-19:night1-5,AM,2.0-20.0,648.3991069580114,4158.894115579313,589.6227373517409,4062.6371910606863,0.8269202538875231,3.8787907375551898,2.118220924577966,,,2.59,271.9905386435529,14.9366857072364
346,,AM,R1796,00,EHZ,61.1981981981982,-149.91291617029023,2026-09-07T22:53:59.996000Z,2026-09-07T22:54:59.996000Z,100.0,100.0,60.0,,traffic,1,Traffic,timeofday:America/Anchorage:day7-19:night1-5,AM,2.0-20.0,656.0113279931442,4128.898300443974,609.1883496969451,3819.710162387033,0.8623439100113565,3.0947874637212607,1.3011960716630302,,,2.59,271.9905386435529,14.04354056371355
347,,AM,R1796,00,EHZ,61.1981981981982,-149.91291617029023,2026-09-07T23:00:59.996000Z,2026-09-07T23:01:59.996000Z,100.0,100.0,60.0,,traffic,1,Traffic,timeofday:America/Anchorage:day7-19:night1-5,AM,2.0-20.0,1091.0210854071445,10235.08776606672,1044.1817303146297,9760.443913590218,0.9159797919895113,4.620676895469971,8.915611897899804,,,2.59,271.9905386435529,35.88523322269458
348,,AM,R1796,00,EHZ,61.1981981981982,-149.91291617029023,2026-09-07T23:01:59.996000Z,2026-09-07T23:02:59.996000Z,100.0,100.0,60.0,,traffic,1,Traffic,timeofday:America/Anchorage:day7-19:night1-5,AM,2.0-20.0,1267.58454083573,8242.914844022822,1163.4903314295343,9501.192769516216,0.8425034526711475,3.6152273324477058,4.3217257423035775,,,2.59,271.9905386435529,34.93207086136055
349,,AM,R1796,00,EHZ,61.1981981981982,-149.91291617029023,2026-09-07T23:03:59.996000Z,2026-09-07T23:04:59.996000Z,100.0,100.0,60.0,,traffic,1,Traffic,timeofday:America/Anchorage:day7-19:night1-5,AM,2.0-20.0,950.4418388339301,5917.919846166935,863.7936303029251,5411.839750936942,0.8259788038018243,3.5756594114386027,1.1685064714513658,,,2.59,271.9905386435529,19.897161783370812
350,,AM,R1796,00,EHZ,61.1981981981982,-149.91291617029023,2026-09-07T23:05:59.996000Z,2026-09-07T23:06:59.996000Z,100.0,100.0,60.0,,traffic,1,Traffic,timeofday:America/Anchorage:day7-19:night1-5,AM,2.0-20.0,682.9628223562386,4119.923965269436,639.7298987450201,3965.43158414737,0.8774031129470796,3.376442858838216,2.9914551283315314,,,2.59,271.9905386435529,14.579299720951393
351,,AM,R1796,00,EHZ,61.1981981981982,-149.91291617029023,2026-09-07T23:16:59.996000Z,2026-09-07T23:17:59.996000Z,100.0,100.0,60.0,,traffic,1,Traffic,timeofday:America/Anchorage:day7-19:night1-5,AM,2.0-20.0,1195.2079034503422,12268.946521338292,1145.475292707964,12488.446214572246,0.9185113762555422,4.774505710557994,12.878410999985562,,,2.59,271.9905386435529,45.91500232638061
352,,AM,R1796,00,EHZ,61.1981981981982,-149.91291617029023,2026-09-07T23:18:59.996000Z,2026-09-07T23:19:59.996000Z,100.0,100.0,60.0,,traffic,1,Traffic,timeofday:America/Anchorage:day7-19:night1-5,AM,2.0-20.0,918.0725189088334,4502.951074400711,846.2645911749928,4375.979029550039,0.8496858077282742,2.542814810764851,1.6204120372607402,,,2.59,271.9905386435529,16.08871783325087
353,,AM,R1796,00,EHZ,61.1981981981982,-149.91291617029023,2026-09-07T23:26:59.996000Z,2026-09-07T23:27:59.996000Z,100.0,100.0,60.0,,traffic,1,Traffic,timeofday:America/Anchorage:day7-19:night1-5,AM,2.0-20.0,752.4049150907118,5309.968027674289,704.2389549813709,5622.194492019493,0.8760660306786889,4.188575101017984,3.041652763837546,,,2.59,271.9905386435529,20.670551703960008
354,,AM,R1796,00,EHZ,61.1981981981982,-149.91291617029023,2026-09-07T23:28:59.996000Z,2026-09-07T23:29:59.996000Z,100.0,100.0,60.0,,traffic,1,Traffic,timeofday:America/Anchorage:day7-19:night1-5,AM,2.0-20.0,651.1514953972505,3148.972018417497,602.0465881740853,3192.1690877050396,0.8548622011309064,2.661600411711547,1.0775677369145242,,,2.59,271.9905386435529,11.736324004594948
355,,AM,R1796,00,EHZ,61.1981981981982,-149.91291617029023,2026-09-07T23:29:59.996000Z,2026-09-07T23:30:59.996000Z,100.0,100.0,60.0,,traffic,1,Traffic,timeofday:America/Anchorage:day7-19:night1-5,AM,2.0-20.0,1178.6155830854025,7818.026335066845,1144.5202691883444,7539.623057684884,0.9429802980765671,5.0964061048520115,5.204259792147758,,,2.59,271.9905386435529,27.720166647287893
356,,AM,R1796,00,EHZ,61.1981981981982,-149.91291617029023,2026-09-07T23:30:59.996000Z,2026-09-07T23:31:59.996000Z,100.0,100.0,60.0,,traffic,1,Traffic,timeofday:America/Anchorage:day7-19:night1-5,AM,2.0-20.0,568.5490068960465,3794.0247479832956,520.5989822559735,3651.6322376108506,0.8384377405597848,3.9243091858332777,2.328163309466314,,,2.59,271.9905386435529,13.425585521547724
357,,AM,R1796,00,EHZ,61.1981981981982,-149.91291617029023,2026-09-07T23:31:59.996000Z,2026-09-07T23:32:59.996000Z,100.0,100.0,60.0,,traffic,1,Traffic,timeofday:America/Anchorage:day7-19:night1-5,AM,2.0-20.0,852.7613734745247,6527.022506443182,816.8724766263015,6168.787254367747,0.9176001711915884,6.616951217677128,5.850447309338888,,,2.59,271.9905386435529,22.68015382127693
358,,AM,R1796,00,EHZ,61.1981981981982,-149.91291617029023,2026-09-07T23:35:59.996000Z,2026-09-07T23:36:59.996000Z,100.0,100.0,60.0,,traffic,1,Traffic,timeofday:America/Anchorage:day7-19:night1-5,AM,2.0-20.0,693.2532525223586,5608.98637144828,649.7330141011037,4781.224828636628,0.878387278927061,3.9814805998530725,3.801629343509612,,,2.59,271.9905386435529,17.57864392078169
359,,AM,R1796,00,EHZ,61.1981981981982,-149.91291617029023,2026-09-07T23:36:59.996000Z,2026-09-07T23:37:59.996000Z,100.0,100.0,60.0,,traffic,1,Traffic,timeofday:America/Anchorage:day7-19:night1-5,AM,2.0-20.0,801.6496309636769,3466.0106896513876,751.8853789533022,3679.5513977344845,0.8796989739199071,3.069445112265376,0.8113643320404513,,,2.59,271.9905386435529,13.528233063123508
360,,AM,R1796,00,EHZ,61.1981981981982,-149.91291617029023,2026-09-07T23:38:59.996000Z,2026-09-07T23:39:59.996000Z,100.0,100.0,60.0,,traffic,1,Traffic,timeofday:America/Anchorage:day7-19:night1-5,AM,2.0-20.0,672.9484250357262,2982.0070263122957,629.8596532623682,3505.8168911496796,0.8760401632479884,2.2267133313576752,0.7754202656928144,,,2.59,271.9905386435529,12.88948104089789
361,,AM,R1796,00,EHZ,61.1981981981982,-149.91291617029023,2026-09-07T23:40:59.996000Z,2026-09-07T23:41:59.996000Z,100.0,100.0,60.0,,traffic,1,Traffic,timeofday:America/Anchorage:day7-19:night1-5,AM,2.0-20.0,718.5659057357972,4693.002308316978,677.1647469928764,4646.4288526109285,0.8880869070135214,4.6056009215084694,3.3686578011979913,,,2.59,271.9905386435529,17.083053240686926
362,,AM,R1796,00,EHZ,61.1981981981982,-149.91291617029023,2026-09-07T23:44:59.996000Z,2026-09-07T23:45:59.996000Z,100.0,100.0,60.0,,traffic,1,Traffic,timeofday:America/Anchorage:day7-19:night1-5,AM,2.0-20.0,803.3702970950881,4115.993973402916,759.4718217107121,4186.906206600693,0.8937000639897142,3.143701735671015,1.416241396486547,,,2.59,271.9905386435529,15.393572980447262
363,,AM,R1796,00,EHZ,61.1981981981982,-149.91291617029023,2026-09-07T23:45:59.996000Z,2026-09-07T23:46:59.996000Z,100.0,100.0,60.0,,traffic,1,Traffic,timeofday:America/Anchorage:day7-19:night1-5,AM,2.0-20.0,638.5892719906218,3751.007084066669,599.8092070147245,3647.0962402537234,0.8822324322397992,4.169121977987988,2.6594471822124515,,,2.59,271.9905386435529,13.408908480575091
364,,AM,R1796,00,EHZ,61.1981981981982,-149.91291617029023,2026-09-07T23:47:59.996000Z,2026-09-07T23:48:59.996000Z,100.0,100.0,60.0,,traffic,1,Traffic,timeofday:America/Anchorage:day7-19:night1-5,AM,2.0-20.0,1156.5332746941021,9614.010822311318,1115.0476061226327,9794.198428097643,0.9295452897206465,4.824957707809461,6.249137920717651,,,2.59,271.9905386435529,36.00933501930766
365,,AM,R1796,00,EHZ,61.1981981981982,-149.91291617029023,2026-09-07T23:54:59.996000Z,2026-09-07T23:55:59.996000Z,100.0,100.0,60.0,,traffic,1,Traffic,timeofday:America/Anchorage:day7-19:night1-5,AM,2.0-20.0,715.6180324577335,3578.0258248752966,671.4505192327341,3259.04100343431,0.8803704905445698,2.874332951109994,0.8728211017576641,,,2.59,271.9905386435529,11.98218518808599
366,,AM,R1796,00,EHZ,61.1981981981982,-149.91291617029023,2026-09-07T23:56:59.996000Z,2026-09-07T23:57:59.996000Z,100.0,100.0,60.0,,traffic,1,Traffic,timeofday:America/Anchorage:day7-19:night1-5,AM,2.0-20.0,699.7721274181632,3098.9687509774317,654.6303193359639,3388.2548824563783,0.875142855179498,3.4566422309010285,1.1233493042775349,,,2.59,271.9905386435529,12.457252738841515
367,,AM,R1796,00,EHZ,61.1981981981982,-149.91291617029023,2026-09-07T23:59:59.996000Z,2026-09-08T00:00:59.996000Z,100.0,100.0,60.0,,traffic,1,Traffic,timeofday:America/Anchorage:day7-19:night1-5,AM,2.0-20.0,680.8436945929959,3081.9636950279178,628.5338877189561,3460.0177107702752,0.8522412602540892,3.4660703775015222,0.8502989545564628,,,2.59,271.9905386435529,12.721095844089904
368,,AM,R1796,00,EHZ,61.1981981981982,-149.91291617029023,2026-09-08T00:02:59.996000Z,2026-09-08T00:03:59.996000Z,100.0,100.0,60.0,,traffic,1,Traffic,timeofday:America/Anchorage:day7-19:night1-5,AM,2.0-20.0,751.1538260285662,4193.956603616496,702.5797798108343,4378.281699352834,0.8748498586519727,2.592505906320182,1.2443370574858497,,,2.59,271.9905386435529,16.097183825539712
369,,AM,R1796,00,EHZ,61.1981981981982,-149.91291617029023,2026-09-08T00:05:59.996000Z,2026-09-08T00:06:59.996000Z,100.0,100.0,60.0,,traffic,1,Traffic,timeofday:America/Anchorage:day7-19:night1-5,AM,2.0-20.0,681.7013531811675,4011.9494710597696,637.7629870802652,3752.1447313475546,0.8752463535698892,2.8951815819409052,1.7548928217919686,,,2.59,271.9905386435529,13.795129602889565
370,,AM,R1796,00,EHZ,61.1981981981982,-149.91291617029023,2026-09-08T00:06:59.996000Z,2026-09-08T00:07:59.996000Z,100.0,100.0,60.0,,traffic,1,Traffic,timeofday:America/Anchorage:day7-19:night1-5,AM,2.0-20.0,743.2052759102351,4340.0507828454665,705.9656816203815,4068.422444296037,0.9022972034425529,2.186741778276364,2.393022805500176,,,2.59,271.9905386435529,14.957955760467673
371,,AM,R1796,00,EHZ,61.1981981981982,-149.91291617029023,2026-09-08T00:07:59.996000Z,2026-09-08T00:08:59.996000Z,100.0,100.0,60.0,,traffic,1,Traffic,timeofday:America/Anchorage:day7-19:night1-5,AM,2.0-20.0,652.9457711240689,4275.946253989017,608.3600771331403,3765.3854672539783,0.8680948617466892,3.3040803046952867,1.793178694443423,,,2.59,271.9905386435529,13.843810472350894
372,,AM,R1796,00,EHZ,61.1981981981982,-149.91291617029023,2026-09-08T00:09:59.996000Z,2026-09-08T00:10:59.996000Z,100.0,100.0,60.0,,traffic,1,Traffic,timeofday:America/Anchorage:day7-19:night1-5,AM,2.0-20.0,728.5313042872539,5434.940955739357,689.8464075007407,5564.979620418815,0.8966199101645395,3.4805625156117364,3.3548405153997054,,,2.59,271.9905386435529,20.460195594199668
373,,AM,R1796,00,EHZ,61.1981981981982,-149.91291617029023,2026-09-08T00:10:59.996000Z,2026-09-08T00:11:59.996000Z,100.0,100.0,60.0,,traffic,1,Traffic,timeofday:America/Anchorage:day7-19:night1-5,AM,2.0-20.0,719.8742890188093,4368.059218336946,663.0131802993503,4755.727752806971,0.848263927113764,2.9694957381226454,1.425208588976563,,,2.59,271.9905386435529,17.4849014106311
374,,AM,R1796,00,EHZ,61.1981981981982,-149.91291617029023,2026-09-08T00:11:59.996000Z,2026-09-08T00:12:59.996000Z,100.0,100.0,60.0,,traffic,1,Traffic,timeofday:America/Anchorage:day7-19:night1-5,AM,2.0-20.0,800.8554703394447,4100.938439193849,735.7698874617173,3486.654947118959,0.8440646779835232,2.2803723089140333,0.8870059107679311,,,2.59,271.9905386435529,12.819030266667715
375,,AM,R1796,00,EHZ,61.1981981981982,-149.91291617029023,2026-09-08T00:12:59.996000Z,2026-09-08T00:13:59.996000Z,100.0,100.0,60.0,,traffic,1,Traffic,timeofday:America/Anchorage:day7-19:night1-5,AM,2.0-20.0,633.587945615423,3033.9363629383056,591.9725373137152,2948.355634728203,0.8729498748535816,3.52558012534699,1.5873929050895832,,,2.59,271.9905386435529,10.839919834829479
376,,AM,R1796,00,EHZ,61.1981981981982,-149.91291617029023,2026-09-08T00:14:59.996000Z,2026-09-08T00:15:59.996000Z,100.0,100.0,60.0,,traffic,1,Traffic,timeofday:America/Anchorage:day7-19:night1-5,AM,2.0-20.0,1764.2013566886944,16222.068845284017,1705.4804205646678,16312.478885177094,0.9345384457990082,5.644354240405719,11.083857394389153,,,2.59,271.9905386435529,59.97443501722245
377,,AM,R1796,00,EHZ,61.1981981981982,-149.91291617029023,2026-09-08T00:18:59.996000Z,2026-09-08T00:19:59.996000Z,100.0,100.0,60.0,,traffic,1,Traffic,timeofday:America/Anchorage:day7-19:night1-5,AM,2.0-20.0,667.1429112436487,3914.9225490165604,617.906019864741,3549.6544469200753,0.8578415961185205,2.7756786914212856,1.1913679130778947,,,2.59,271.9905386435529,13.050654131656922
378,,AM,R1796,00,EHZ,61.1981981981982,-149.91291617029023,2026-09-08T00:21:59.996000Z,2026-09-08T00:22:59.996000Z,100.0,100.0,60.0,,traffic,1,Traffic,timeofday:America/Anchorage:day7-19:night1-5,AM,2.0-20.0,691.5813652587148,3637.916848105551,642.6043421243851,3883.049186049452,0.8633775392060763,2.864134060315146,1.3095490163138033,,,2.59,271.9905386435529,14.27641272161396
379,,AM,R1796,00,EHZ,61.1981981981982,-149.91291617029023,2026-09-08T00:24:59.996000Z,2026-09-08T00:25:59.996000Z,100.0,100.0,60.0,,traffic,1,Traffic,timeofday:America/Anchorage:day7-19:night1-5,AM,2.0-20.0,820.0122366584014,7938.909207738356,773.6136589050196,7582.238855429865,0.8900360377176229,4.655689537828373,10.609054665430016,,,2.59,271.9905386435529,27.876847824352033
380,,AM,R1796,00,EHZ,61.1981981981982,-149.91291617029023,2026-09-08T00:34:59.996000Z,2026-09-08T00:35:59.996000Z,100.0,100.0,60.0,,traffic,1,Traffic,timeofday:America/Anchorage:day7-19:night1-5,AM,2.0-20.0,755.5579265609516,4260.889851860122,705.5604036665069,4321.43797532353,0.8720328950475182,4.031200976215214,1.7679382964275163,,,2.59,271.9905386435529,15.888192276374841
381,,AM,R1796,00,EHZ,61.1981981981982,-149.91291617029023,2026-09-08T00:37:59.996000Z,2026-09-08T00:38:59.996000Z,100.0,100.0,60.0,,traffic,1,Traffic,timeofday:America/Anchorage:day7-19:night1-5,AM,2.0-20.0,659.8303507797908,3153.8823071469756,606.6745337760124,3028.805478709778,0.845370237033614,2.904996397810681,0.5745156303820287,,,2.59,271.9905386435529,11.135701608647008
382,,AM,R1796,00,EHZ,61.1981981981982,-149.91291617029023,2026-09-08T00:38:59.996000Z,2026-09-08T00:39:59.996000Z,100.0,100.0,60.0,,traffic,1,Traffic,timeofday:America/Anchorage:day7-19:night1-5,AM,2.0-20.0,787.8203282387929,4718.880709513351,746.2920110747577,4579.924940821544,0.8973527945547136,2.886179695472358,2.0896308778961483,,,2.59,271.9905386435529,16.838545059920612
383,,AM,R1796,00,EHZ,61.1981981981982,-149.91291617029023,2026-09-08T00:40:59.996000Z,2026-09-08T00:41:59.996000Z,100.0,100.0,60.0,,traffic,1,Traffic,timeofday:America/Anchorage:day7-19:night1-5,AM,2.0-20.0,771.0060001768817,7132.124372459695,725.4716261940711,7466.527284442471,0.8853711111544931,4.646389288802142,6.732103911797575,,,2.59,271.9905386435529,27.45142283874606
384,,AM,R1796,00,EHZ,61.1981981981982,-149.91291617029023,2026-09-08T00:41:59.996000Z,2026-09-08T00:42:59.996000Z,100.0,100.0,60.0,,traffic,1,Traffic,timeofday:America/Anchorage:day7-19:night1-5,AM,2.0-20.0,842.7337685166505,7118.875323698032,803.526332993754,7103.479291537095,0.9091162796546978,4.478096798614456,6.542585350387176,,,2.59,271.9905386435529,26.116641141132842
385,,AM,R1796,00,EHZ,61.1981981981982,-149.91291617029023,2026-09-08T00:48:59.996000Z,2026-09-08T00:49:59.996000Z,100.0,100.0,60.0,,traffic,1,Traffic,timeofday:America/Anchorage:day7-19:night1-5,AM,2.0-20.0,725.9940005030915,4107.141155525334,676.2183800697785,3972.2057396935343,0.8675766971127469,2.797032190257523,1.6514150693927787,,,2.59,271.9905386435529,14.604205570912013
386,,AM,R1796,00,EHZ,61.1981981981982,-149.91291617029023,2026-09-08T00:49:59.996000Z,2026-09-08T00:50:59.996000Z,100.0,100.0,60.0,,traffic,1,Traffic,timeofday:America/Anchorage:day7-19:night1-5,AM,2.0-20.0,779.030994377714,6411.1424514267,736.8006408885519,6239.190126655658,0.8945209499971006,5.172032484751444,4.893314194954496,,,2.59,271.9905386435529,22.93899691427207
387,,AM,R1796,00,EHZ,61.1981981981982,-149.91291617029023,2026-09-08T00:51:59.996000Z,2026-09-08T00:52:59.996000Z,100.0,100.0,60.0,,traffic,1,Traffic,timeofday:America/Anchorage:day7-19:night1-5,AM,2.0-20.0,944.3730643641652,5530.145987109836,888.2101647670939,5304.2262226634275,0.8845946223937191,3.579340364005901,2.5974776064953993,,,2.59,271.9905386435529,19.50151004926934
388,,AM,R1796,00,EHZ,61.1981981981982,-149.91291617029023,2026-09-08T00:54:59.996000Z,2026-09-08T00:55:59.996000Z,100.0,100.0,60.0,,traffic,1,Traffic,timeofday:America/Anchorage:day7-19:night1-5,AM,2.0-20.0,1063.9306965663784,10676.152224668198,1031.208327626894,11904.915162990403,0.9394337193891364,5.755484083022202,17.200640322302778,,,2.59,271.9905386435529,43.76959295114286
389,,AM,R1796,00,EHZ,61.1981981981982,-149.91291617029023,2026-09-08T00:55:59.996000Z,2026-09-08T00:56:59.996000Z,100.0,100.0,60.0,,traffic,1,Traffic,timeofday:America/Anchorage:day7-19:night1-5,AM,2.0-20.0,560.7480689518922,2651.8456146756266,516.3401344605152,2550.613647499433,0.8478835191239873,2.224808684668753,0.3336394708705641,,,2.59,271.9905386435529,9.377582250543078
390,,AM,R1796,00,EHZ,61.1981981981982,-149.91291617029023,2026-09-08T00:58:59.996000Z,2026-09-08T00:59:59.996000Z,100.0,100.0,60.0,,traffic,1,Traffic,timeofday:America/Anchorage:day7-19:night1-5,AM,2.0-20.0,689.3727743561105,3696.160751593698,640.5080220366906,3180.4694490681395,0.8632585561525166,2.894277948082636,1.0135061368051304,,,2.59,271.9905386435529,11.69330913100689
391,,AM,R1796,00,EHZ,61.1981981981982,-149.91291617029023,2026-09-08T01:03:59.996000Z,2026-09-08T01:04:59.996000Z,100.0,100.0,60.0,,traffic,1,Traffic,timeofday:America/Anchorage:day7-19:night1-5,AM,2.0-20.0,670.0693589282895,4822.827813879036,626.8866306882612,4302.861367911695,0.8752628553166444,4.310611819831297,3.4824160969723517,,,2.59,271.9905386435529,15.819893549865903
392,,AM,R1796,00,EHZ,61.1981981981982,-149.91291617029023,2026-09-08T01:04:59.996000Z,2026-09-08T01:05:59.996000Z,100.0,100.0,60.0,,traffic,1,Traffic,timeofday:America/Anchorage:day7-19:night1-5,AM,2.0-20.0,1069.4001007554632,11028.825517126845,1025.1892123266598,12341.253706608992,0.9190256101484968,5.909391593649797,15.163476742189975,,,2.59,271.9905386435529,45.37383457585032
393,,AM,R1796,00,EHZ,61.1981981981982,-149.91291617029023,2026-09-08T01:06:59.996000Z,2026-09-08T01:07:59.996000Z,100.0,100.0,60.0,,traffic,1,Traffic,timeofday:America/Anchorage:day7-19:night1-5,AM,2.0-20.0,928.8991291055665,7815.178919181368,881.1472663792491,8604.999394767565,0.8998287915800444,5.493872304623952,8.522206812421231,,,2.59,271.9905386435529,31.63712766510797
394,,AM,R1796,00,EHZ,61.1981981981982,-149.91291617029023,2026-09-08T01:09:59.996000Z,2026-09-08T01:10:59.996000Z,100.0,100.0,60.0,,traffic,1,Traffic,timeofday:America/Anchorage:day7-19:night1-5,AM,2.0-20.0,903.8581823125157,7454.185718707269,860.3289056970466,7454.245440648639,0.9060005091261728,3.900617773146995,3.9989743781340543,,,2.59,271.9905386435529,27.406267430565013
395,,AM,R1796,00,EHZ,61.1981981981982,-149.91291617029023,2026-09-08T01:11:59.996000Z,2026-09-08T01:12:59.996000Z,100.0,100.0,60.0,,traffic,1,Traffic,timeofday:America/Anchorage:day7-19:night1-5,AM,2.0-20.0,620.4176241851048,2806.8100436776745,560.5090790226118,2583.903245634846,0.8162008648259843,2.3307098220632456,0.5549846930381244,,,2.59,271.9905386435529,9.49997473633112
396,,AM,R1796,00,EHZ,61.1981981981982,-149.91291617029023,2026-09-08T01:13:59.996000Z,2026-09-08T01:14:59.996000Z,100.0,100.0,60.0,,traffic,1,Traffic,timeofday:America/Anchorage:day7-19:night1-5,AM,2.0-20.0,743.6729242418859,5481.192955709777,705.6941902025036,4768.282371994731,0.9004697838051422,3.6243440730248153,3.0169510474105117,,,2.59,271.9905386435529,17.531059704409888
397,,AM,R1796,00,EHZ,61.1981981981982,-149.91291617029023,2026-09-08T01:24:59.996000Z,2026-09-08T01:25:59.996000Z,100.0,100.0,60.0,,traffic,1,Traffic,timeofday:America/Anchorage:day7-19:night1-5,AM,2.0-20.0,655.3256722832449,4185.215342274032,604.3947854617841,3676.288322601225,0.8506032818842244,2.916664323560511,2.19884488790101,,,2.59,271.9905386435529,13.516236046059852
398,,AM,R1796,00,EHZ,61.1981981981982,-149.91291617029023,2026-09-08T01:28:59.996000Z,2026-09-08T01:29:59.996000Z,100.0,100.0,60.0,,traffic,1,Traffic,timeofday:America/Anchorage:day7-19:night1-5,AM,2.0-20.0,767.5954512324432,4356.775200635171,719.1151456033597,3732.605524196926,0.8776716828901775,4.057377816781319,1.2721023078892415,,,2.59,271.9905386435529,13.723291783647495
399,,AM,R1796,00,EHZ,61.1981981981982,-149.91291617029023,2026-09-08T01:32:59.996000Z,2026-09-08T01:33:59.996000Z,100.0,100.0,60.0,,traffic,1,Traffic,timeofday:America/Anchorage:day7-19:night1-5,AM,2.0-20.0,654.6085951026087,2951.7677505210645,573.6877084410244,2903.992709850001,0.7680467986433475,2.203925175335481,0.6063573503869759,,,2.59,271.9905386435529,10.676815172809084
400,,AM,R1796,00,EHZ,61.1981981981982,-149.91291617029023,2026-09-08T01:34:59.996000Z,2026-09-08T01:35:59.996000Z,100.0,100.0,60.0,,traffic,1,Traffic,timeofday:America/Anchorage:day7-19:night1-5,AM,2.0-20.0,812.3355555756059,4951.2368672485045,766.9325141632885,4418.085005639086,0.8913399562483247,3.041443673911783,1.8539958220443724,,,2.59,271.9905386435529,16.243524600791513
401,,AM,R1796,00,EHZ,61.1981981981982,-149.91291617029023,2026-09-08T01:35:59.996000Z,2026-09-08T01:36:59.996000Z,100.0,100.0,60.0,,traffic,1,Traffic,timeofday:America/Anchorage:day7-19:night1-5,AM,2.0-20.0,741.3282105540277,4354.238845388312,699.6829028438594,4019.647933424235,0.8908025865613916,3.490617768228683,1.4989131168555332,,,2.59,271.9905386435529,14.778631468104246
402,,AM,R1796,00,EHZ,61.1981981981982,-149.91291617029023,2026-09-08T01:38:59.996000Z,2026-09-08T01:39:59.996000Z,100.0,100.0,60.0,,traffic,1,Traffic,timeofday:America/Anchorage:day7-19:night1-5,AM,2.0-20.0,586.1213917723009,3453.2467396607412,545.0254588479996,3322.6651813133135,0.8646860131476244,3.9014038900434214,1.4828607873525481,,,2.59,271.9905386435529,12.216105743544665
403,,AM,R1796,00,EHZ,61.1981981981982,-149.91291617029023,2026-09-08T01:48:59.996000Z,2026-09-08T01:49:59.996000Z,100.0,100.0,60.0,,traffic,1,Traffic,timeofday:America/Anchorage:day7-19:night1-5,AM,2.0-20.0,652.4307820753285,4080.267392495351,610.864239517364,3811.4765926582604,0.8766384548422013,3.0797273211556404,1.531890459141671,,,2.59,271.9905386435529,14.013269033792568
404,,AM,R1796,00,EHZ,61.1981981981982,-149.91291617029023,2026-09-08T01:52:59.996000Z,2026-09-08T01:53:59.996000Z,100.0,100.0,60.0,,traffic,1,Traffic,timeofday:America/Anchorage:day7-19:night1-5,AM,2.0-20.0,891.4037835605181,5085.275961621164,841.6281213397322,5064.593027970164,0.891438794182045,3.592711130277304,2.4111791091502592,,,2.59,271.9905386435529,18.620475010740645
405,,AM,R1796,00,EHZ,61.1981981981982,-149.91291617029023,2026-09-08T01:53:59.996000Z,2026-09-08T01:54:59.996000Z,100.0,100.0,60.0,,traffic,1,Traffic,timeofday:America/Anchorage:day7-19:night1-5,AM,2.0-20.0,807.2745254685481,5852.276503543557,758.278652305988,5980.032216086113,0.8822977324296628,3.6402300087626283,5.609005894524472,,,2.59,271.9905386435529,21.986177335098493
406,,AM,R1796,00,EHZ,61.1981981981982,-149.91291617029023,2026-09-08T01:55:59.996000Z,2026-09-08T01:56:59.996000Z,100.0,100.0,60.0,,traffic,1,Traffic,timeofday:America/Anchorage:day7-19:night1-5,AM,2.0-20.0,1220.4433088240698,11705.718984539335,1174.0267991394883,11847.305239691343,0.9253814717786771,4.976551718016446,9.535658667437625,,,2.59,271.9905386435529,43.55778439491011
407,,AM,R1796,00,EHZ,61.1981981981982,-149.91291617029023,2026-09-08T02:08:59.996000Z,2026-09-08T02:09:59.996000Z,100.0,100.0,60.0,,traffic,1,Traffic,timeofday:America/Anchorage:day7-19:night1-5,AM,2.0-20.0,718.3401099609342,3606.69024506919,677.0884944862319,3872.809351761428,0.8884451777848656,3.2572073201105485,1.4131409746158878,,,2.59,271.9905386435529,14.238764962470972
408,,AM,R1796,00,EHZ,61.1981981981982,-149.91291617029023,2026-09-08T02:11:59.996000Z,2026-09-08T02:12:59.996000Z,100.0,100.0,60.0,,traffic,1,Traffic,timeofday:America/Anchorage:day7-19:night1-5,AM,2.0-20.0,960.1467604051808,7199.316480957828,925.5156605034346,7543.7262653407815,0.9291638433777223,4.60651428684369,6.044324369718064,,,2.59,271.9905386435529,27.73525249430434
409,,AM,R1796,00,EHZ,61.1981981981982,-149.91291617029023,2026-09-08T02:12:59.996000Z,2026-09-08T02:13:59.996000Z,100.0,100.0,60.0,,traffic,1,Traffic,timeofday:America/Anchorage:day7-19:night1-5,AM,2.0-20.0,750.4493942677815,4572.682788273369,710.7803257124743,4681.864137353011,0.8970733880777181,3.870476792631765,2.0459942895444057,,,2.59,271.9905386435529,17.2133345545841
410,,AM,R1796,00,EHZ,61.1981981981982,-149.91291617029023,2026-09-08T02:16:59.996000Z,2026-09-08T02:17:59.996000Z,100.0,100.0,60.0,,traffic,1,Traffic,timeofday:America/Anchorage:day7-19:night1-5,AM,2.0-20.0,693.199262751011,4081.67407390813,663.1922231721812,4473.388973640972,0.9152983204873703,4.949545180115929,2.9132770622693114,,,2.59,271.9905386435529,16.446855085291794
411,,AM,R1796,00,EHZ,61.1981981981982,-149.91291617029023,2026-09-08T02:17:59.996000Z,2026-09-08T02:18:59.996000Z,100.0,100.0,60.0,,traffic,1,Traffic,timeofday:America/Anchorage:day7-19:night1-5,AM,2.0-20.0,586.1591692181792,4808.329034145134,554.2140403248862,4398.231262134774,0.8939720108925806,5.17864774978455,5.026825243095155,,,2.59,271.9905386435529,16.170530357670685
412,,AM,R1796,00,EHZ,61.1981981981982,-149.91291617029023,2026-09-08T02:20:59.996000Z,2026-09-08T02:21:59.996000Z,100.0,100.0,60.0,,traffic,1,Traffic,timeofday:America/Anchorage:day7-19:night1-5,AM,2.0-20.0,526.8999347957115,2869.664771903497,490.1082875521383,3048.161863158561,0.8652224966698457,3.192652258535058,2.5819977168293917,,,2.59,271.9905386435529,11.206867262222001
413,,AM,R1796,00,EHZ,61.1981981981982,-149.91291617029023,2026-09-08T02:21:59.996000Z,2026-09-08T02:22:59.996000Z,100.0,100.0,60.0,,traffic,1,Traffic,timeofday:America/Anchorage:day7-19:night1-5,AM,2.0-20.0,767.8508457654722,8621.663943370628,732.0856468152068,8531.344733795988,0.9090129084766567,5.495632158303304,12.076041290783015,,,2.59,271.9905386435529,31.366329050792555
414,,AM,R1796,00,EHZ,61.1981981981982,-149.91291617029023,2026-09-08T02:22:59.996000Z,2026-09-08T02:23:59.996000Z,100.0,100.0,60.0,,traffic,1,Traffic,timeofday:America/Anchorage:day7-19:night1-5,AM,2.0-20.0,788.0698432862023,6170.662106601876,752.4629292885488,5978.590408570994,0.9116765835764774,4.403236500171302,4.13054631218978,,,2.59,271.9905386435529,21.980876387784996
415,,AM,R1796,00,EHZ,61.1981981981982,-149.91291617029023,2026-09-08T02:25:59.996000Z,2026-09-08T02:26:59.996000Z,100.0,100.0,60.0,,traffic,1,Traffic,timeofday:America/Anchorage:day7-19:night1-5,AM,2.0-20.0,865.7575640312124,8464.344285690977,807.922297640249,7772.2360636013,0.8708565031810612,4.775858875500723,8.987041027574953,,,2.59,271.9905386435529,28.575391270454872
416,,AM,R1796,00,EHZ,61.1981981981982,-149.91291617029023,2026-09-08T02:26:59.996000Z,2026-09-08T02:27:59.996000Z,100.0,100.0,60.0,,traffic,1,Traffic,timeofday:America/Anchorage:day7-19:night1-5,AM,2.0-20.0,590.1822476037445,3022.3464291153564,543.4877742046948,2658.0816899025067,0.8480223025141779,2.839365088151408,1.3903540547467017,,,2.59,271.9905386435529,9.772699091514934
417,,AM,R1796,00,EHZ,61.1981981981982,-149.91291617029023,2026-09-08T02:31:59.996000Z,2026-09-08T02:32:59.996000Z,100.0,100.0,60.0,,traffic,1,Traffic,timeofday:America/Anchorage:day7-19:night1-5,AM,2.0-20.0,700.2713417839534,6441.357960351679,658.9063656534256,6600.670012554427,0.8853494047181447,5.535639403662236,10.979812986484106,,,2.59,271.9905386435529,24.268013312053807
418,,AM,R1796,00,EHZ,61.1981981981982,-149.91291617029023,2026-09-08T02:32:59.996000Z,2026-09-08T02:33:59.996000Z,100.0,100.0,60.0,,traffic,1,Traffic,timeofday:America/Anchorage:day7-19:night1-5,AM,2.0-20.0,756.6680572232538,5949.360729395741,721.4885038637104,5576.99836410481,0.9091761399636288,5.225170474422995,7.564919385483552,,,2.59,271.9905386435529,20.50438368892507
419,,AM,R1796,00,EHZ,61.1981981981982,-149.91291617029023,2026-09-08T02:33:59.996000Z,2026-09-08T02:34:59.996000Z,100.0,100.0,60.0,,traffic,1,Traffic,timeofday:America/Anchorage:day7-19:night1-5,AM,2.0-20.0,765.0170592763081,8588.361712311433,727.6610170724517,9605.90492294842,0.904723724358441,6.430781866868429,16.754719261136216,,,2.59,271.9905386435529,35.3170554051407
420,,AM,R1796,00,EHZ,61.1981981981982,-149.91291617029023,2026-09-08T02:40:59.996000Z,2026-09-08T02:41:59.996000Z,100.0,100.0,60.0,,traffic,1,Traffic,timeofday:America/Anchorage:day7-19:night1-5,AM,2.0-20.0,694.1182572551879,5096.622325067403,656.2324462029676,4782.785423358816,0.8938166975068517,3.3844276784170715,4.913384912729162,,,2.59,271.9905386435529,17.584381600959723
421,,AM,R1796,00,EHZ,61.1981981981982,-149.91291617029023,2026-09-08T02:41:59.996000Z,2026-09-08T02:42:59.996000Z,100.0,100.0,60.0,,traffic,1,Traffic,timeofday:America/Anchorage:day7-19:night1-5,AM,2.0-20.0,1999.6849407769732,17198.378304068974,1982.271967281113,16792.082172133603,0.9826601098125513,5.692814109205458,13.474454050349909,,,2.59,271.9905386435529,61.737743731372376
422,,AM,R1796,00,EHZ,61.1981981981982,-149.91291617029023,2026-09-08T02:44:59.996000Z,2026-09-08T02:45:59.996000Z,100.0,100.0,60.0,,traffic,1,Traffic,timeofday:America/Anchorage:day7-19:night1-5,AM,2.0-20.0,587.7986024939424,3922.38501567755,552.5847652462141,3904.540356778659,0.8837729730396545,3.581900004690732,2.4353366304976216,,,2.59,271.9905386435529,14.355427127175219
423,,AM,R1796,00,EHZ,61.1981981981982,-149.91291617029023,2026-09-08T02:48:59.996000Z,2026-09-08T02:49:59.996000Z,100.0,100.0,60.0,,traffic,1,Traffic,timeofday:America/Anchorage:day7-19:night1-5,AM,2.0-20.0,868.5695891178033,7738.606389876446,837.7778629729999,7951.379256856762,0.9303546276119976,5.173041745137185,6.917005976922704,,,2.59,271.9905386435529,29.234028861853712
424,,AM,R1796,00,EHZ,61.1981981981982,-149.91291617029023,2026-09-08T02:49:59.996000Z,2026-09-08T02:50:59.996000Z,100.0,100.0,60.0,,traffic,1,Traffic,timeofday:America/Anchorage:day7-19:night1-5,AM,2.0-20.0,613.4258755221861,3331.394705573423,576.9408580140074,3079.4906975112362,0.88458263434521,2.4928362559707566,1.777913300222485,,,2.59,271.9905386435529,11.322050806873648
425,,AM,R1796,00,EHZ,61.1981981981982,-149.91291617029023,2026-09-08T02:50:59.996000Z,2026-09-08T02:51:59.996000Z,100.0,100.0,60.0,,traffic,1,Traffic,timeofday:America/Anchorage:day7-19:night1-5,AM,2.0-20.0,545.9019106032009,2468.603221687726,496.04510149390234,2631.037654281598,0.8256825417584512,3.0831000777657485,0.9340467568015938,,,2.59,271.9905386435529,9.67326903135262
426,,AM,R1796,00,EHZ,61.1981981981982,-149.91291617029023,2026-09-08T02:54:59.996000Z,2026-09-08T02:55:59.996000Z,100.0,100.0,60.0,,traffic,1,Traffic,timeofday:America/Anchorage:day7-19:night1-5,AM,2.0-20.0,725.2717282509971,6874.59443909865,691.0150762031859,6876.077119000271,0.9077652387085982,5.592638071927631,9.27138436686916,,,2.59,271.9905386435529,25.280574660030577
427,,AM,R1796,00,EHZ,61.1981981981982,-149.91291617029023,2026-09-08T02:59:59.996000Z,2026-09-08T03:00:59.996000Z,100.0,100.0,60.0,,traffic,1,Traffic,timeofday:America/Anchorage:day7-19:night1-5,AM,2.0-20.0,680.1756097360422,4561.583254608255,647.0612428473978,4468.590577009816,0.9050001807522242,3.830301646033669,2.2952969458622556,,,2.59,271.9905386435529,16.429213307548032
428,,AM,R3130,00,EHZ,61.1981981981982,-149.90658980942584,2026-09-07T09:00:59.995000Z,2026-09-07T09:01:59.995000Z,100.0,100.0,60.0,,noise,0,Noise,timeofday:America/Anchorage:day7-19:night1-5,AM,2.0-20.0,301.0569225447829,1708.3284683549864,260.1467672475186,1523.2269801643577,0.7466887896098284,3.305802629968306,0.9572396957807694,,,2.98,251.24994376300006,6.062596302911784
429,,AM,R3130,00,EHZ,61.1981981981982,-149.90658980942584,2026-09-07T09:01:59.995000Z,2026-09-07T09:02:59.995000Z,100.0,100.0,60.0,,noise,0,Noise,timeofday:America/Anchorage:day7-19:night1-5,AM,2.0-20.0,280.8873401359453,1041.3281073066628,237.9810765255315,950.3990609404334,0.7178282044793866,1.915885933615544,0.1925867397807286,,,2.98,251.24994376300006,3.782683676287423
430,,AM,R3130,00,EHZ,61.1981981981982,-149.90658980942584,2026-09-07T09:02:59.995000Z,2026-09-07T09:03:59.995000Z,100.0,100.0,60.0,,noise,0,Noise,timeofday:America/Anchorage:day7-19:night1-5,AM,2.0-20.0,289.89056911507095,1412.672911725058,244.79011414800368,1337.491059503389,0.7130493296652265,3.305777259303505,0.9015763534589851,,,2.98,251.24994376300006,5.323348692030046
431,,AM,R3130,00,EHZ,61.1981981981982,-149.90658980942584,2026-09-07T09:03:59.995000Z,2026-09-07T09:04:59.995000Z,100.0,100.0,60.0,,noise,0,Noise,timeofday:America/Anchorage:day7-19:night1-5,AM,2.0-20.0,330.1710240474022,1709.3268819758596,290.17128306802806,1448.986817794089,0.7723798702939433,2.3879867975660205,0.644401420743717,,,2.98,251.24994376300006,5.767113003459592
432,,AM,R3130,00,EHZ,61.1981981981982,-149.90658980942584,2026-09-07T09:04:59.995000Z,2026-09-07T09:05:59.995000Z,100.0,100.0,60.0,,noise,0,Noise,timeofday:America/Anchorage:day7-19:night1-5,AM,2.0-20.0,383.17290290208257,4333.673559936917,345.6592261419544,4313.701138700977,0.8137794680426909,6.79950004465444,16.915944093697718,,,2.98,251.24994376300006,17.16896359893326
433,,AM,R3130,00,EHZ,61.1981981981982,-149.90658980942584,2026-09-07T09:05:59.995000Z,2026-09-07T09:06:59.995000Z,100.0,100.0,60.0,,noise,0,Noise,timeofday:America/Anchorage:day7-19:night1-5,AM,2.0-20.0,290.11844149260037,1329.6741379532468,243.7700842363423,1267.4355534649367,0.706008847018818,2.5675846578488097,0.4803383142274473,,,2.98,251.24994376300006,5.044520744890147
434,,AM,R3130,00,EHZ,61.1981981981982,-149.90658980942584,2026-09-07T09:06:59.995000Z,2026-09-07T09:07:59.995000Z,100.0,100.0,60.0,,noise,0,Noise,timeofday:America/Anchorage:day7-19:night1-5,AM,2.0-20.0,285.1746227744739,1066.3247631476734,233.6238543353418,987.3436144418104,0.6711392184637303,2.069244257151663,0.0020864150865809172,,,2.98,251.24994376300006,3.929726708210352
435,,AM,R3130,00,EHZ,61.1981981981982,-149.90658980942584,2026-09-07T09:07:59.995000Z,2026-09-07T09:08:59.995000Z,100.0,100.0,60.0,,noise,0,Noise,timeofday:America/Anchorage:day7-19:night1-5,AM,2.0-20.0,345.1747274969682,1819.3243060790428,298.60997610700997,1512.2575623697942,0.7483945982196408,2.9765594733034204,1.0211030545609256,,,2.98,251.24994376300006,6.018936918832833
436,,AM,R3130,00,EHZ,61.1981981981982,-149.90658980942584,2026-09-07T09:08:59.995000Z,2026-09-07T09:09:59.995000Z,100.0,100.0,60.0,,noise,0,Noise,timeofday:America/Anchorage:day7-19:night1-5,AM,2.0-20.0,277.4119559576272,1116.324042546672,229.3379315393812,927.8949055831667,0.6834416367521735,2.0182014450163037,0.13283955137593884,,,2.98,251.24994376300006,3.693114878697982
437,,AM,R3130,00,EHZ,61.1981981981982,-149.90658980942584,2026-09-07T09:09:59.995000Z,2026-09-07T09:10:59.995000Z,100.0,100.0,60.0,,noise,0,Noise,timeofday:America/Anchorage:day7-19:night1-5,AM,2.0-20.0,265.49132251273613,954.676578045639,218.80653714246333,824.5996342410735,0.6792347932707546,1.7472464392423523,-0.037434113326472396,,,2.98,251.24994376300006,3.2819893285982378
438,,AM,R3130,00,EHZ,61.1981981981982,-149.90658980942584,2026-09-07T09:10:59.995000Z,2026-09-07T09:11:59.995000Z,100.0,100.0,60.0,,noise,0,Noise,timeofday:America/Anchorage:day7-19:night1-5,AM,2.0-20.0,282.32313202270285,1593.6776651789914,234.99659227263365,1452.764366074117,0.6928356118859299,3.637182139798557,1.150595058626065,,,2.98,251.24994376300006,5.782148024854827
439,,AM,R3130,00,EHZ,61.1981981981982,-149.90658980942584,2026-09-07T09:11:59.995000Z,2026-09-07T09:12:59.995000Z,100.0,100.0,60.0,,noise,0,Noise,timeofday:America/Anchorage:day7-19:night1-5,AM,2.0-20.0,313.3714841754473,2423.3221949284944,265.22248961233237,1787.577154413543,0.7163112068390374,2.7960958594787138,3.2519426772133393,,,2.98,251.24994376300006,7.114736535422811
440,,AM,R3130,00,EHZ,61.1981981981982,-149.90658980942584,2026-09-07T09:12:59.995000Z,2026-09-07T09:13:59.995000Z,100.0,100.0,60.0,,noise,0,Noise,timeofday:America/Anchorage:day7-19:night1-5,AM,2.0-20.0,258.692558151151,1126.3211335202104,209.40295738293744,984.3856018283475,0.6552360006057718,1.7167741071275413,-0.02322734457088904,,,2.98,251.24994376300006,3.9179535210439775
441,,AM,R3130,00,EHZ,61.1981981981982,-149.90658980942584,2026-09-07T09:13:59.995000Z,2026-09-07T09:14:59.995000Z,100.0,100.0,60.0,,noise,0,Noise,timeofday:America/Anchorage:day7-19:night1-5,AM,2.0-20.0,274.790331541808,1001.6790225252535,225.01715434692528,959.6293507174832,0.6705456664388565,1.729792353381677,-0.10170713090652939,,,2.98,251.24994376300006,3.8194211562597835
442,,AM,R3130,00,EHZ,61.1981981981982,-149.90658980942584,2026-09-07T09:14:59.995000Z,2026-09-07T09:15:59.995000Z,100.0,100.0,60.0,,noise,0,Noise,timeofday:America/Anchorage:day7-19:night1-5,AM,2.0-20.0,423.74338997504225,4396.679719195961,380.4739229140893,4636.271170425501,0.8062020891480572,5.974866302087244,13.286873455183578,,,2.98,251.24994376300006,18.4528247090826
443,,AM,R3130,00,EHZ,61.1981981981982,-149.90658980942584,2026-09-07T09:15:59.995000Z,2026-09-07T09:16:59.995000Z,100.0,100.0,60.0,,noise,0,Noise,timeofday:America/Anchorage:day7-19:night1-5,AM,2.0-20.0,314.1696255816687,1518.319615043296,271.3559587510729,1421.9971718149854,0.7460197698600503,2.964308777949221,1.2836697243783632,,,2.98,251.24994376300006,5.659691502881816
444,,AM,R3130,00,EHZ,61.1981981981982,-149.90658980942584,2026-09-07T09:16:59.995000Z,2026-09-07T09:17:59.995000Z,100.0,100.0,60.0,,noise,0,Noise,timeofday:America/Anchorage:day7-19:night1-5,AM,2.0-20.0,397.9393314803317,2795.3189452941697,357.8566235748761,3029.665209931699,0.8086943110028635,3.626449463718325,5.886667256324971,,,2.98,251.24994376300006,12.058371693764565
445,,AM,R3130,00,EHZ,61.1981981981982,-149.90658980942584,2026-09-07T09:17:59.995000Z,2026-09-07T09:18:59.995000Z,100.0,100.0,60.0,,noise,0,Noise,timeofday:America/Anchorage:day7-19:night1-5,AM,2.0-20.0,314.89446651164764,1356.6815764859657,269.8430876655973,1195.2584420806752,0.7343321406987765,3.33110059636641,0.3085934319913144,,,2.98,251.24994376300006,4.757248595478862
446,,AM,R3130,00,EHZ,61.1981981981982,-149.90658980942584,2026-09-07T09:18:59.995000Z,2026-09-07T09:19:59.995000Z,100.0,100.0,60.0,,noise,0,Noise,timeofday:America/Anchorage:day7-19:night1-5,AM,2.0-20.0,298.35222138708633,1424.6820151083284,252.5584278505305,1453.8578674174673,0.7165808196206935,2.5361878222853873,0.45297786938683604,,,2.98,251.24994376300006,5.786500269981622
447,,AM,R3130,00,EHZ,61.1981981981982,-149.90658980942584,2026-09-07T09:19:59.995000Z,2026-09-07T09:20:59.995000Z,100.0,100.0,60.0,,noise,0,Noise,timeofday:America/Anchorage:day7-19:night1-5,AM,2.0-20.0,317.81145831107665,1133.6826673085707,272.47593716211327,953.54459211318,0.7350505514266726,1.811011649074998,-0.18897964525102218,,,2.98,251.24994376300006,3.795203206145363
448,,AM,R3130,00,EHZ,61.1981981981982,-149.90658980942584,2026-09-07T09:20:59.995000Z,2026-09-07T09:21:59.995000Z,100.0,100.0,60.0,,noise,0,Noise,timeofday:America/Anchorage:day7-19:night1-5,AM,2.0-20.0,321.6604211423407,1738.6836828504565,280.0479611620932,1525.693770639353,0.7580006498954368,3.028667831880897,1.0099036281066756,,,2.98,251.24994376300006,6.072414376651622
449,,AM,R3130,00,EHZ,61.1981981981982,-149.90658980942584,2026-09-07T09:21:59.995000Z,2026-09-07T09:22:59.995000Z,100.0,100.0,60.0,,noise,0,Noise,timeofday:America/Anchorage:day7-19:night1-5,AM,2.0-20.0,341.61199594839934,1793.6837543422134,288.8800353087346,1560.4812481838837,0.7151033808815128,2.6874758976778095,1.8248892967879096,,,2.98,251.24994376300006,6.210872029710224
450,,AM,R3130,00,EHZ,61.1981981981982,-149.90658980942584,2026-09-07T09:22:59.995000Z,2026-09-07T09:23:59.995000Z,100.0,100.0,60.0,,noise,0,Noise,timeofday:America/Anchorage:day7-19:night1-5,AM,2.0-20.0,296.85911681278026,1485.3156671429115,248.29899211157178,1613.5288445249878,0.699598921460121,3.2662887236772145,0.9156829482206836,,,2.98,251.24994376300006,6.422006788773665
451,,AM,R3130,00,EHZ,61.1981981981982,-149.90658980942584,2026-09-07T09:23:59.995000Z,2026-09-07T09:24:59.995000Z,100.0,100.0,60.0,,noise,0,Noise,timeofday:America/Anchorage:day7-19:night1-5,AM,2.0-20.0,279.0939005824321,1016.3145697394757,233.40661022297385,1089.7431150969107,0.6993999743157086,1.9015005040300719,0.095959708915339,,,2.98,251.24994376300006,4.337287001046446
452,,AM,R3130,00,EHZ,61.1981981981982,-149.90658980942584,2026-09-07T09:24:59.995000Z,2026-09-07T09:25:59.995000Z,100.0,100.0,60.0,,noise,0,Noise,timeofday:America/Anchorage:day7-19:night1-5,AM,2.0-20.0,303.7989558576431,1459.6860058838247,252.79687895589385,1156.9530652044255,0.6924220060934929,2.653421825525917,0.6214434321340776,,,2.98,251.24994376300006,4.604789349906324
453,,AM,R3130,00,EHZ,61.1981981981982,-149.90658980942584,2026-09-07T09:25:59.995000Z,2026-09-07T09:26:59.995000Z,100.0,100.0,60.0,,noise,0,Noise,timeofday:America/Anchorage:day7-19:night1-5,AM,2.0-20.0,549.2642261326619,5281.6861516592035,516.7764353717124,5014.670045327408,0.8852027931571599,6.234923733277114,15.461257767880703,,,2.98,251.24994376300006,19.958890219922452
454,,AM,R3130,00,EHZ,61.1981981981982,-149.90658980942584,2026-09-07T09:26:59.995000Z,2026-09-07T09:27:59.995000Z,100.0,100.0,60.0,,noise,0,Noise,timeofday:America/Anchorage:day7-19:night1-5,AM,2.0-20.0,278.1755686877491,960.312764597571,229.79487206609315,825.2564426818806,0.6824057805050963,1.989580007415872,-0.10462067376979167,,,2.98,251.24994376300006,3.2846034921318488
455,,AM,R3130,00,EHZ,61.1981981981982,-149.90658980942584,2026-09-07T09:27:59.995000Z,2026-09-07T09:28:59.995000Z,100.0,100.0,60.0,,noise,0,Noise,timeofday:America/Anchorage:day7-19:night1-5,AM,2.0-20.0,266.867599240797,1131.6878582880618,219.08055050868242,906.4987024110526,0.6739318005161832,2.1766232080219305,0.10771561490170178,,,2.98,251.24994376300006,3.607955842036478
456,,AM,R3130,00,EHZ,61.1981981981982,-149.90658980942584,2026-09-07T09:28:59.995000Z,2026-09-07T09:29:59.995000Z,100.0,100.0,60.0,,noise,0,Noise,timeofday:America/Anchorage:day7-19:night1-5,AM,2.0-20.0,294.77515359467833,1936.3118119724186,250.1937014630057,1882.7953068079894,0.7203955076390757,3.0839780056265456,1.6325340011161833,,,2.98,251.24994376300006,7.4937143412219
457,,AM,R3130,00,EHZ,61.1981981981982,-149.90658980942584,2026-09-07T09:29:59.995000Z,2026-09-07T09:30:59.995000Z,100.0,100.0,60.0,,noise,0,Noise,timeofday:America/Anchorage:day7-19:night1-5,AM,2.0-20.0,413.879438369465,4698.311048396594,376.97526471758147,4589.16043435647,0.8296176968065179,5.589550540186425,14.042005611524242,,,2.98,251.24994376300006,18.265319249923294
458,,AM,R3130,00,EHZ,61.1981981981982,-149.90658980942584,2026-09-07T09:30:59.995000Z,2026-09-07T09:31:59.995000Z,100.0,100.0,60.0,,noise,0,Noise,timeofday:America/Anchorage:day7-19:night1-5,AM,2.0-20.0,290.2353287175119,1244.310842994897,239.32218394035885,1065.829467051877,0.6799318160750216,2.723365270818887,0.34371954495222035,,,2.98,251.24994376300006,4.242108281056
459,,AM,R3130,00,EHZ,61.1981981981982,-149.90658980942584,2026-09-07T09:31:59.995000Z,2026-09-07T09:32:59.995000Z,100.0,100.0,60.0,,traffic,1,Traffic,timeofday:America/Anchorage:day7-19:night1-5+burst>=20x,AM,2.0-20.0,1594.5985885763387,10036.689977714504,1221.9422916584508,7915.613488170547,0.5872170290637698,5.766181982251311,5.287424073029081,,,2.98,251.24994376300006,31.504936357865276
460,,AM,R3130,00,EHZ,61.1981981981982,-149.90658980942584,2026-09-07T09:32:59.995000Z,2026-09-07T09:33:59.995000Z,100.0,100.0,60.0,,noise,0,Noise,timeofday:America/Anchorage:day7-19:night1-5,AM,2.0-20.0,367.82760487865573,1459.3097002236118,276.26675232721965,1460.7054106059502,0.5641162447554513,2.7851531549572734,0.7773212046452498,,,2.98,251.24994376300006,5.813754179319576
461,,AM,R3130,00,EHZ,61.1981981981982,-149.90658980942584,2026-09-07T09:33:59.995000Z,2026-09-07T09:34:59.995000Z,100.0,100.0,60.0,,noise,0,Noise,timeofday:America/Anchorage:day7-19:night1-5,AM,2.0-20.0,303.830953974471,1072.3089096264976,216.43775481605067,823.3812482105802,0.5074602229234758,1.7190137437547681,-0.12086428796824622,,,2.98,251.24994376300006,3.2771400298790203
462,,AM,R3130,00,EHZ,61.1981981981982,-149.90658980942584,2026-09-07T09:34:59.995000Z,2026-09-07T09:35:59.995000Z,100.0,100.0,60.0,,noise,0,Noise,timeofday:America/Anchorage:day7-19:night1-5,AM,2.0-20.0,278.8952870867269,1221.6916627063874,222.43357928221243,1163.4863867648219,0.6360896804265025,2.9318910613940954,0.21382544669419046,,,2.98,251.24994376300006,4.630792625618732
463,,AM,R3130,00,EHZ,61.1981981981982,-149.90658980942584,2026-09-07T09:35:59.995000Z,2026-09-07T09:36:59.995000Z,100.0,100.0,60.0,,noise,0,Noise,timeofday:America/Anchorage:day7-19:night1-5,AM,2.0-20.0,268.0917854442893,950.6926287923307,214.31033607820146,881.1118263903716,0.6390270182028276,2.3440920674511845,-0.10914444671550783,,,2.98,251.24994376300006,3.506913526800666
464,,AM,R3130,00,EHZ,61.1981981981982,-149.90658980942584,2026-09-07T09:36:59.995000Z,2026-09-07T09:37:59.995000Z,100.0,100.0,60.0,,noise,0,Noise,timeofday:America/Anchorage:day7-19:night1-5,AM,2.0-20.0,291.6872208433758,1109.3069683810409,237.84973373027054,945.0766581346691,0.6649217419326464,2.0346502241420565,0.07803280925815415,,,2.98,251.24994376300006,3.7614999787866394
465,,AM,R3130,00,EHZ,61.1981981981982,-149.90658980942584,2026-09-07T09:37:59.995000Z,2026-09-07T09:38:59.995000Z,100.0,100.0,60.0,,noise,0,Noise,timeofday:America/Anchorage:day7-19:night1-5,AM,2.0-20.0,270.23703945098606,1426.3061572437564,220.0234754687072,1043.261250732399,0.6629004169135939,1.6967710560463067,0.008422174444461472,,,2.98,251.24994376300006,4.152284514405664
466,,AM,R3130,00,EHZ,61.1981981981982,-149.90658980942584,2026-09-07T09:38:59.995000Z,2026-09-07T09:39:59.995000Z,100.0,100.0,60.0,,noise,0,Noise,timeofday:America/Anchorage:day7-19:night1-5,AM,2.0-20.0,270.7182165468387,1140.3060027936463,220.12827284989334,1111.4638193894025,0.6611754074995844,1.898941866182138,0.10081023145601975,,,2.98,251.24994376300006,4.423737584744807
467,,AM,R3130,00,EHZ,61.1981981981982,-149.90658980942584,2026-09-07T09:39:59.995000Z,2026-09-07T09:40:59.995000Z,100.0,100.0,60.0,,noise,0,Noise,timeofday:America/Anchorage:day7-19:night1-5,AM,2.0-20.0,244.3563758801051,855.3051382120357,198.49970507703472,727.3416760952382,0.659891267022235,1.6092341818654479,-0.23438415090175235,,,2.98,251.24994376300006,2.8948928911256897
468,,AM,R3130,00,EHZ,61.1981981981982,-149.90658980942584,2026-09-07T09:40:59.995000Z,2026-09-07T09:41:59.995000Z,100.0,100.0,60.0,,noise,0,Noise,timeofday:America/Anchorage:day7-19:night1-5,AM,2.0-20.0,272.586312773599,1618.304367656543,217.77410496497424,1437.9989685448538,0.6382699304918937,2.7502199189603327,1.0913121334784517,,,2.98,251.24994376300006,5.723380260340654
469,,AM,R3130,00,EHZ,61.1981981981982,-149.90658980942584,2026-09-07T09:42:59.995000Z,2026-09-07T09:43:59.995000Z,100.0,100.0,60.0,,noise,0,Noise,timeofday:America/Anchorage:day7-19:night1-5,AM,2.0-20.0,300.6404299257876,1128.3034505279957,255.76639024033423,1106.395279936369,0.723756005829219,2.204380741493157,0.21895523357315883,,,2.98,251.24994376300006,4.403564288874084
470,,AM,R3130,00,EHZ,61.1981981981982,-149.90658980942584,2026-09-07T09:43:59.995000Z,2026-09-07T09:44:59.995000Z,100.0,100.0,60.0,,noise,0,Noise,timeofday:America/Anchorage:day7-19:night1-5,AM,2.0-20.0,393.7187915752884,5161.6974559316295,355.3404437555956,4802.837286376434,0.8145485853793412,5.29718580573476,27.816691736240923,,,2.98,251.24994376300006,19.115774572697504
471,,AM,R3130,00,EHZ,61.1981981981982,-149.90658980942584,2026-09-07T09:44:59.995000Z,2026-09-07T09:45:59.995000Z,100.0,100.0,60.0,,noise,0,Noise,timeofday:America/Anchorage:day7-19:night1-5,AM,2.0-20.0,361.0198491074924,2781.6974770700563,318.4709375763089,2803.6879955912495,0.7781753186391822,4.776124370660849,5.592911173344756,,,2.98,251.24994376300006,11.15895969408026
472,,AM,R3130,00,EHZ,61.1981981981982,-149.90658980942584,2026-09-07T09:45:59.995000Z,2026-09-07T09:46:59.995000Z,100.0,100.0,60.0,,noise,0,Noise,timeofday:America/Anchorage:day7-19:night1-5,AM,2.0-20.0,264.8181964995248,1143.6981071347764,217.54073667191082,944.528354713834,0.6748162663705003,2.332977553771906,0.13590534673376453,,,2.98,251.24994376300006,3.7593176761256992
473,,AM,R3130,00,EHZ,61.1981981981982,-149.90658980942584,2026-09-07T09:46:59.995000Z,2026-09-07T09:47:59.995000Z,100.0,100.0,60.0,,noise,0,Noise,timeofday:America/Anchorage:day7-19:night1-5,AM,2.0-20.0,293.59710187091673,1634.3007987522033,246.20315668964895,1460.104947198223,0.703207842047998,2.8646291870927953,0.5387248862255776,,,2.98,251.24994376300006,5.81136427467429
474,,AM,R3130,00,EHZ,61.1981981981982,-149.90658980942584,2026-09-07T09:47:59.995000Z,2026-09-07T09:48:59.995000Z,100.0,100.0,60.0,,noise,0,Noise,timeofday:America/Anchorage:day7-19:night1-5,AM,2.0-20.0,288.95703789618534,1113.3006601559118,241.31531769603015,1007.6726973232379,0.697434178469235,1.8450734081507283,0.18117149270386168,,,2.98,251.24994376300006,4.010638498983144
475,,AM,R3130,00,EHZ,61.1981981981982,-149.90658980942584,2026-09-07T09:48:59.995000Z,2026-09-07T09:49:59.995000Z,100.0,100.0,60.0,,noise,0,Noise,timeofday:America/Anchorage:day7-19:night1-5,AM,2.0-20.0,313.43385743546946,1493.7000403037582,272.7628283961874,1649.7817297085949,0.757318481110084,3.7180763863154622,1.193336912436549,,,2.98,251.24994376300006,6.56629691135297
476,,AM,R3130,00,EHZ,61.1981981981982,-149.90658980942584,2026-09-07T09:49:59.995000Z,2026-09-07T09:50:59.995000Z,100.0,100.0,60.0,,noise,0,Noise,timeofday:America/Anchorage:day7-19:night1-5,AM,2.0-20.0,277.3996355334714,1049.2993556557158,226.05260014376182,905.0103775022558,0.6640598781425803,1.768991468021444,0.047935688160848144,,,2.98,251.24994376300006,3.6020321594815448
477,,AM,R3130,00,EHZ,61.1981981981982,-149.90658980942584,2026-09-07T09:50:59.995000Z,2026-09-07T09:51:59.995000Z,100.0,100.0,60.0,,noise,0,Noise,timeofday:America/Anchorage:day7-19:night1-5,AM,2.0-20.0,248.28268877163532,1023.7016290759148,199.4573022480887,747.5000986426942,0.6453673670848455,1.7866957238423522,-0.17248065916410082,,,2.98,251.24994376300006,2.975125436636112
478,,AM,R3130,00,EHZ,61.1981981981982,-149.90658980942584,2026-09-07T09:51:59.995000Z,2026-09-07T09:52:59.995000Z,100.0,100.0,60.0,,noise,0,Noise,timeofday:America/Anchorage:day7-19:night1-5,AM,2.0-20.0,366.27053422032805,2615.2982602464726,327.4229485233011,2530.206998077737,0.799124170136943,4.308065323802795,4.696924712948071,,,2.98,251.24994376300006,10.070477868303284
479,,AM,R3130,00,EHZ,61.1981981981982,-149.90658980942584,2026-09-07T09:52:59.995000Z,2026-09-07T09:53:59.995000Z,100.0,100.0,60.0,,noise,0,Noise,timeofday:America/Anchorage:day7-19:night1-5,AM,2.0-20.0,345.29455594440765,2182.7025708327255,287.99310302495763,2090.111460502052,0.695640265498498,2.8421953541699234,1.0839950103266371,,,2.98,251.24994376300006,8.318853446087216
480,,AM,R3130,00,EHZ,61.1981981981982,-149.90658980942584,2026-09-07T09:53:59.995000Z,2026-09-07T09:54:59.995000Z,100.0,100.0,60.0,,noise,0,Noise,timeofday:America/Anchorage:day7-19:night1-5,AM,2.0-20.0,258.9611365345201,956.7028630814493,208.0551013144006,863.0583668315637,0.6454870780992613,1.7888307277686049,-0.11693449888110408,,,2.98,251.24994376300006,3.435058945309347
481,,AM,R3130,00,EHZ,61.1981981981982,-149.90658980942584,2026-09-07T09:57:59.995000Z,2026-09-07T09:58:59.995000Z,100.0,100.0,60.0,,noise,0,Noise,timeofday:America/Anchorage:day7-19:night1-5,AM,2.0-20.0,320.2008953677474,2714.7055474622684,277.24493336426,2659.1058358084974,0.7496907500401335,6.020112731125934,6.331486371427305,,,2.98,251.24994376300006,10.583508183057697
482,,AM,R3130,00,EHZ,61.1981981981982,-149.90658980942584,2026-09-07T09:58:59.995000Z,2026-09-07T09:59:59.995000Z,100.0,100.0,60.0,,noise,0,Noise,timeofday:America/Anchorage:day7-19:night1-5,AM,2.0-20.0,268.5305355911014,1016.7062826208676,218.62044202461763,1130.0147650518259,0.6628178260935783,2.001885746101715,0.15591493915709753,,,2.98,251.24994376300006,4.497572210872812
483,,AM,R3130,00,EHZ,61.1981981981982,-149.90658980942584,2026-09-07T09:59:59.995000Z,2026-09-07T10:00:59.995000Z,100.0,100.0,60.0,,noise,0,Noise,timeofday:America/Anchorage:day7-19:night1-5,AM,2.0-20.0,258.26702024224267,1073.706489318789,204.8826498146874,814.28473736616,0.6293213432371195,1.8522950903469955,-0.13504257659025098,,,2.98,251.24994376300006,3.2409350034890414
484,,AM,R3130,00,EHZ,61.1981981981982,-149.90658980942584,2026-09-07T10:00:59.995000Z,2026-09-07T10:01:59.995000Z,100.0,100.0,60.0,,noise,0,Noise,timeofday:America/Anchorage:day7-19:night1-5,AM,2.0-20.0,285.2438455586816,1278.292765551656,237.357777469183,1272.4556384795376,0.6924275959168509,2.1979607717930087,0.6291509463659035,,,2.98,251.24994376300006,5.064501187231405
485,,AM,R3130,00,EHZ,61.1981981981982,-149.90658980942584,2026-09-07T10:01:59.995000Z,2026-09-07T10:02:59.995000Z,100.0,100.0,60.0,,noise,0,Noise,timeofday:America/Anchorage:day7-19:night1-5,AM,2.0-20.0,285.1259184408525,1059.2923400909567,232.30503645206588,834.8112445979957,0.6638101010059592,1.7526149723697388,-0.04314709073516143,,,2.98,251.24994376300006,3.322632562996549
486,,AM,R3130,00,EHZ,61.1981981981982,-149.90658980942584,2026-09-07T10:02:59.995000Z,2026-09-07T10:03:59.995000Z,100.0,100.0,60.0,,noise,0,Noise,timeofday:America/Anchorage:day7-19:night1-5,AM,2.0-20.0,267.99135412299285,1751.2911857533618,219.81881586209752,1560.4363247479973,0.6728033756884673,3.1912175220559864,1.813961042101763,,,2.98,251.24994376300006,6.210693229925382
487,,AM,R3130,00,EHZ,61.1981981981982,-149.90658980942584,2026-09-07T10:03:59.995000Z,2026-09-07T10:04:59.995000Z,100.0,100.0,60.0,,noise,0,Noise,timeofday:America/Anchorage:day7-19:night1-5,AM,2.0-20.0,330.71385837940505,1678.2908997863378,286.8338260807291,1793.5652250509597,0.7522391696317279,3.6328929395410006,1.2731418210849128,,,2.98,251.24994376300006,7.1385696577221935
488,,AM,R3130,00,EHZ,61.1981981981982,-149.90658980942584,2026-09-07T10:04:59.995000Z,2026-09-07T10:05:59.995000Z,100.0,100.0,60.0,,noise,0,Noise,timeofday:America/Anchorage:day7-19:night1-5,AM,2.0-20.0,285.7030706867063,1168.2903812966179,232.7944769222997,1052.6118122066773,0.6639196590657708,1.8955312707106358,0.2338766052572061,,,2.98,251.24994376300006,4.189500687807471
489,,AM,R3130,00,EHZ,61.1981981981982,-149.90658980942584,2026-09-07T10:05:59.995000Z,2026-09-07T10:06:59.995000Z,100.0,100.0,60.0,,noise,0,Noise,timeofday:America/Anchorage:day7-19:night1-5,AM,2.0-20.0,280.0493994579618,1108.289402447852,228.14975528741982,1031.3451494391234,0.6636983274108758,2.7612894312007223,0.3335192281293833,,,2.98,251.24994376300006,4.104857234961112
490,,AM,R3130,00,EHZ,61.1981981981982,-149.90658980942584,2026-09-07T10:06:59.995000Z,2026-09-07T10:07:59.995000Z,100.0,100.0,60.0,,noise,0,Noise,timeofday:America/Anchorage:day7-19:night1-5,AM,2.0-20.0,448.20943728658983,3092.2892703326816,408.963504636321,2945.343992068685,0.8325438452502644,5.882206756804276,6.986357874112809,,,2.98,251.24994376300006,11.722764781380327
491,,AM,R3130,00,EHZ,61.1981981981982,-149.90658980942584,2026-09-07T10:07:59.995000Z,2026-09-07T10:08:59.995000Z,100.0,100.0,60.0,,noise,0,Noise,timeofday:America/Anchorage:day7-19:night1-5,AM,2.0-20.0,266.80461431356605,968.7115080998665,216.62673659466557,915.1815043631432,0.6592307271761287,1.92399846350926,0.013636183677228075,,,2.98,251.24994376300006,3.642514265501364
492,,AM,R3130,00,EHZ,61.1981981981982,-149.90658980942584,2026-09-07T10:08:59.995000Z,2026-09-07T10:09:59.995000Z,100.0,100.0,60.0,,noise,0,Noise,timeofday:America/Anchorage:day7-19:night1-5,AM,2.0-20.0,259.5983132494826,876.7122176331068,204.09633457509463,748.3752595702513,0.6181112922172631,1.942423245987839,-0.09317175054129123,,,2.98,251.24994376300006,2.978608664988126
493,,AM,R3130,00,EHZ,61.1981981981982,-149.90658980942584,2026-09-07T10:09:59.995000Z,2026-09-07T10:10:59.995000Z,100.0,100.0,60.0,,noise,0,Noise,timeofday:America/Anchorage:day7-19:night1-5,AM,2.0-20.0,293.2427897392775,1504.2872251898625,247.0023623619057,1655.344231759147,0.709492042547386,2.245094430029988,0.869794624386778,,,2.98,251.24994376300006,6.588436227952378
494,,AM,R3130,00,EHZ,61.1981981981982,-149.90658980942584,2026-09-07T10:10:59.995000Z,2026-09-07T10:11:59.995000Z,100.0,100.0,60.0,,noise,0,Noise,timeofday:America/Anchorage:day7-19:night1-5,AM,2.0-20.0,270.65468024135373,1121.2866597369375,215.34077095730825,789.6878574143395,0.6330258488245162,1.9532372243541218,-0.017197554990072028,,,2.98,251.24994376300006,3.1430369519176455
495,,AM,R3130,00,EHZ,61.1981981981982,-149.90658980942584,2026-09-07T10:11:59.995000Z,2026-09-07T10:12:59.995000Z,100.0,100.0,60.0,,noise,0,Noise,timeofday:America/Anchorage:day7-19:night1-5,AM,2.0-20.0,302.50733838201774,1539.2863734707862,257.44067557886996,1461.8783484921116,0.7242399943162796,3.6542527068160755,1.0067321252664412,,,2.98,251.24994376300006,5.818422589861662
496,,AM,R3130,00,EHZ,61.1981981981982,-149.90658980942584,2026-09-07T10:15:59.995000Z,2026-09-07T10:16:59.995000Z,100.0,100.0,60.0,,noise,0,Noise,timeofday:America/Anchorage:day7-19:night1-5,AM,2.0-20.0,292.7802525684212,1269.2834858818806,248.0202612351195,1216.0852262431497,0.7176137623744705,2.800829437357483,0.5009428067846238,,,2.98,251.24994376300006,4.840141287316119
497,,AM,R3130,00,EHZ,61.1981981981982,-149.90658980942584,2026-09-07T10:16:59.995000Z,2026-09-07T10:17:59.995000Z,100.0,100.0,60.0,,noise,0,Noise,timeofday:America/Anchorage:day7-19:night1-5,AM,2.0-20.0,268.870828184049,1072.7166770435433,216.08621228783588,897.808802922476,0.645902170665003,1.7437909532047404,0.0222621426070142,,,2.98,251.24994376300006,3.5733691696638323
498,,AM,R3130,00,EHZ,61.1981981981982,-149.90658980942584,2026-09-07T10:17:59.995000Z,2026-09-07T10:18:59.995000Z,100.0,100.0,60.0,,noise,0,Noise,timeofday:America/Anchorage:day7-19:night1-5,AM,2.0-20.0,283.4198348022783,1594.7174248652555,237.05709833206396,1564.761691483206,0.6995929868885035,3.9834023877075238,1.0788216447372072,,,2.98,251.24994376300006,6.227908623769564
499,,AM,R3130,00,EHZ,61.1981981981982,-149.90658980942584,2026-09-07T10:18:59.995000Z,2026-09-07T10:19:59.995000Z,100.0,100.0,60.0,,noise,0,Noise,timeofday:America/Anchorage:day7-19:night1-5,AM,2.0-20.0,347.4306606607709,2447.7182839628385,304.98655185078235,2083.7991802095376,0.7705930635679901,3.236670702101281,1.925770043757372,,,2.98,251.24994376300006,8.29372993681205
500,,AM,R3130,00,EHZ,61.1981981981982,-149.90658980942584,2026-09-07T10:19:59.995000Z,2026-09-07T10:20:59.995000Z,100.0,100.0,60.0,,noise,0,Noise,timeofday:America/Anchorage:day7-19:night1-5,AM,2.0-20.0,322.38697686095816,1920.281084576507,277.26238823251873,1713.109150186345,0.7396511555166548,3.0946899100966325,1.6284163176012916,,,2.98,251.24994376300006,6.818346402506234
501,,AM,R3130,00,EHZ,61.1981981981982,-149.90658980942584,2026-09-07T10:20:59.995000Z,2026-09-07T10:21:59.995000Z,100.0,100.0,60.0,,noise,0,Noise,timeofday:America/Anchorage:day7-19:night1-5,AM,2.0-20.0,273.8834527683573,1308.280917961829,224.75548451718078,1112.1936195880676,0.673424648087879,1.8783338925003785,0.3763806972569399,,,2.98,251.24994376300006,4.42664226280258
502,,AM,R3130,00,EHZ,61.1981981981982,-149.90658980942584,2026-09-07T10:21:59.995000Z,2026-09-07T10:22:59.995000Z,100.0,100.0,60.0,,noise,0,Noise,timeofday:America/Anchorage:day7-19:night1-5,AM,2.0-20.0,351.3138800691046,2636.2801496996562,312.92792201524117,2629.717687673574,0.7934106305092334,5.445304948012847,5.231148551753222,,,2.98,251.24994376300006,10.466540403106093
503,,AM,R3130,00,EHZ,61.1981981981982,-149.90658980942584,2026-09-07T10:22:59.995000Z,2026-09-07T10:23:59.995000Z,100.0,100.0,60.0,,noise,0,Noise,timeofday:America/Anchorage:day7-19:night1-5,AM,2.0-20.0,306.9112453134575,1294.2796426765362,256.5399141815295,1441.803145344149,0.6986896138813419,2.516657921717547,0.48840511706982515,,,2.98,251.24994376300006,5.738521265915897
504,,AM,R3130,00,EHZ,61.1981981981982,-149.90658980942584,2026-09-07T10:23:59.995000Z,2026-09-07T10:24:59.995000Z,100.0,100.0,60.0,,noise,0,Noise,timeofday:America/Anchorage:day7-19:night1-5,AM,2.0-20.0,328.9705296124305,1804.7212827279072,276.9239165441297,1786.3404865338625,0.7086094543619169,4.693920199727687,2.6443897736207473,,,2.98,251.24994376300006,7.109814473108452
505,,AM,R3130,00,EHZ,61.1981981981982,-149.90658980942584,2026-09-07T10:24:59.995000Z,2026-09-07T10:25:59.995000Z,100.0,100.0,60.0,,noise,0,Noise,timeofday:America/Anchorage:day7-19:night1-5,AM,2.0-20.0,401.59938857880655,2939.721467190595,339.01675190956354,3021.0689489198858,0.7126170866624714,4.375749621750242,5.789845849016162,,,2.98,251.24994376300006,12.024157711930119
506,,AM,R3130,00,EHZ,61.1981981981982,-149.90658980942584,2026-09-07T10:25:59.995000Z,2026-09-07T10:26:59.995000Z,100.0,100.0,60.0,,noise,0,Noise,timeofday:America/Anchorage:day7-19:night1-5,AM,2.0-20.0,268.31579470375806,990.2775520661562,214.31857632718905,884.2360817670639,0.6380095126860055,1.862531916976201,-0.005825787203142863,,,2.98,251.24994376300006,3.5193483768543614
507,,AM,R3130,00,EHZ,61.1981981981982,-149.90658980942584,2026-09-07T10:26:59.995000Z,2026-09-07T10:27:59.995000Z,100.0,100.0,60.0,,noise,0,Noise,timeofday:America/Anchorage:day7-19:night1-5,AM,2.0-20.0,282.20893960576217,1336.722743074146,232.94409472203688,1076.2493097738356,0.6813368475841334,2.197082665097395,0.27706235423662307,,,2.98,251.24994376300006,4.283580301172302
508,,AM,R3130,00,EHZ,61.1981981981982,-149.90658980942584,2026-09-07T10:27:59.995000Z,2026-09-07T10:28:59.995000Z,100.0,100.0,60.0,,noise,0,Noise,timeofday:America/Anchorage:day7-19:night1-5,AM,2.0-20.0,336.851372266657,1758.2765868775987,289.4314649937771,1706.8647884759189,0.738269358901411,2.7843577806333686,1.4565127770811053,,,2.98,251.24994376300006,6.793493216006354
509,,AM,R3130,00,EHZ,61.1981981981982,-149.90658980942584,2026-09-07T10:28:59.995000Z,2026-09-07T10:29:59.995000Z,100.0,100.0,60.0,,noise,0,Noise,timeofday:America/Anchorage:day7-19:night1-5,AM,2.0-20.0,278.92766189212216,1712.7243412190019,226.73252058566408,1709.2348030899045,0.6607610877676052,4.998800417920488,2.243838796705748,,,2.98,251.24994376300006,6.802926112103721
510,,AM,R3130,00,EHZ,61.1981981981982,-149.90658980942584,2026-09-07T10:29:59.995000Z,2026-09-07T10:30:59.995000Z,100.0,100.0,60.0,,noise,0,Noise,timeofday:America/Anchorage:day7-19:night1-5,AM,2.0-20.0,262.88930081664915,1033.2755711362934,216.14955391660342,773.1170183952997,0.6760251675229242,1.5645510393763564,-0.15315696702730497,,,2.98,251.24994376300006,3.077083349019844
511,,AM,R3130,00,EHZ,61.1981981981982,-149.90658980942584,2026-09-07T10:30:59.995000Z,2026-09-07T10:31:59.995000Z,100.0,100.0,60.0,,noise,0,Noise,timeofday:America/Anchorage:day7-19:night1-5,AM,2.0-20.0,289.90991534090494,1186.7253379157792,239.49892063260285,1079.7529164987304,0.6824659414813161,2.6295541403768317,0.23939241688012824,,,2.98,251.24994376300006,4.297525007676195
512,,AM,R3130,00,EHZ,61.1981981981982,-149.90658980942584,2026-09-07T10:31:59.995000Z,2026-09-07T10:32:59.995000Z,100.0,100.0,60.0,,noise,0,Noise,timeofday:America/Anchorage:day7-19:night1-5,AM,2.0-20.0,271.18380445506864,1058.7259377685023,219.96406821627932,880.8964634296881,0.6579243927152318,1.8158185345330848,-0.019299656323391368,,,2.98,251.24994376300006,3.506056360596137
513,,AM,R3130,00,EHZ,61.1981981981982,-149.90658980942584,2026-09-07T10:32:59.995000Z,2026-09-07T10:33:59.995000Z,100.0,100.0,60.0,,noise,0,Noise,timeofday:America/Anchorage:day7-19:night1-5,AM,2.0-20.0,329.2674579178599,2079.7264839774816,276.069993494879,1727.5795534427025,0.7029764699496693,3.005319172938968,1.4744013214814977,,,2.98,251.24994376300006,6.875940060198779
514,,AM,R3130,00,EHZ,61.1981981981982,-149.90658980942584,2026-09-07T10:33:59.995000Z,2026-09-07T10:34:59.995000Z,100.0,100.0,60.0,,noise,0,Noise,timeofday:America/Anchorage:day7-19:night1-5,AM,2.0-20.0,383.46908788216535,2635.727241171893,333.3911891502803,2389.476261313676,0.7558707075511393,3.421773365782863,3.6906842137590354,,,2.98,251.24994376300006,9.510355407552368
515,,AM,R3130,00,EHZ,61.1981981981982,-149.90658980942584,2026-09-07T10:35:59.995000Z,2026-09-07T10:36:59.995000Z,100.0,100.0,60.0,,noise,0,Noise,timeofday:America/Anchorage:day7-19:night1-5,AM,2.0-20.0,274.5517554024669,1098.2718650315965,224.78269289231426,1060.6501389534587,0.6703124563046958,3.2447909500462884,0.35929356365608234,,,2.98,251.24994376300006,4.221494035254203
516,,AM,R3130,00,EHZ,61.1981981981982,-149.90658980942584,2026-09-07T10:36:59.995000Z,2026-09-07T10:37:59.995000Z,100.0,100.0,60.0,,noise,0,Noise,timeofday:America/Anchorage:day7-19:night1-5,AM,2.0-20.0,291.26008859376753,1931.270959469357,242.3450800752043,1756.6177442618978,0.6923193342690236,3.7975104714157752,3.335301290041362,,,2.98,251.24994376300006,6.991514974900398
517,,AM,R3130,00,EHZ,61.1981981981982,-149.90658980942584,2026-09-07T10:37:59.995000Z,2026-09-07T10:38:59.995000Z,100.0,100.0,60.0,,noise,0,Noise,timeofday:America/Anchorage:day7-19:night1-5,AM,2.0-20.0,285.4827986534633,1276.2704660067357,239.4411628902269,1294.1204543761603,0.7034572905087549,3.91728021045096,0.9039925209220598,,,2.98,251.24994376300006,5.150729329503384
518,,AM,R3130,00,EHZ,61.1981981981982,-149.90658980942584,2026-09-07T10:38:59.995000Z,2026-09-07T10:39:59.995000Z,100.0,100.0,60.0,,noise,0,Noise,timeofday:America/Anchorage:day7-19:night1-5,AM,2.0-20.0,395.955821613261,4939.72988507063,359.550786493737,4382.938554446606,0.8245690333742172,6.55625698454184,23.160972405039594,,,2.98,251.24994376300006,17.444535464576898
519,,AM,R3130,00,EHZ,61.1981981981982,-149.90658980942584,2026-09-07T10:39:59.995000Z,2026-09-07T10:40:59.995000Z,100.0,100.0,60.0,,noise,0,Noise,timeofday:America/Anchorage:day7-19:night1-5,AM,2.0-20.0,557.0445381021374,4885.730807583495,522.285134532571,4866.964092667682,0.8790943511559443,5.581372533060139,10.256071451283155,,,2.98,251.24994376300006,19.371005699641508
520,,AM,R3130,00,EHZ,61.1981981981982,-149.90658980942584,2026-09-07T10:40:59.995000Z,2026-09-07T10:41:59.995000Z,100.0,100.0,60.0,,noise,0,Noise,timeofday:America/Anchorage:day7-19:night1-5,AM,2.0-20.0,271.7171372937697,945.268638230762,221.98333172076448,887.8695797392254,0.6674314543421596,2.1841383049168734,-0.047537174433722296,,,2.98,251.24994376300006,3.5338100635625938
521,,AM,R3130,00,EHZ,61.1981981981982,-149.90658980942584,2026-09-07T10:41:59.995000Z,2026-09-07T10:42:59.995000Z,100.0,100.0,60.0,,noise,0,Noise,timeofday:America/Anchorage:day7-19:night1-5,AM,2.0-20.0,328.175985002392,1160.7319143596287,259.1257451972085,1138.3162099700467,0.6234584754903794,3.2641697325715957,0.33851057852693156,,,2.98,251.24994376300006,4.530612795057187
522,,AM,R3130,00,EHZ,61.1981981981982,-149.90658980942584,2026-09-07T10:42:59.995000Z,2026-09-07T10:43:59.995000Z,100.0,100.0,60.0,,noise,0,Noise,timeofday:America/Anchorage:day7-19:night1-5,AM,2.0-20.0,342.13203468280466,2114.7327386585766,271.4005840117165,2092.293241067564,0.62926572244596,4.582910259148055,3.1031636266531706,,,2.98,251.24994376300006,8.32753715177421
523,,AM,R3130,00,EHZ,61.1981981981982,-149.90658980942584,2026-09-07T10:43:59.995000Z,2026-09-07T10:44:59.995000Z,100.0,100.0,60.0,,noise,0,Noise,timeofday:America/Anchorage:day7-19:night1-5,AM,2.0-20.0,805.8185350322267,5135.7328446498395,714.9404594320574,4323.666016193492,0.7871640380755074,3.817635810687519,3.958272163630724,,,2.98,251.24994376300006,17.208624811760895
524,,AM,R3130,00,EHZ,61.1981981981982,-149.90658980942584,2026-09-07T10:44:59.995000Z,2026-09-07T10:45:59.995000Z,100.0,100.0,60.0,,noise,0,Noise,timeofday:America/Anchorage:day7-19:night1-5,AM,2.0-20.0,310.5501610789701,1265.7338437396484,263.3235168433045,1071.2084996833294,0.7189782882878312,2.1187633620891964,0.17971030315798986,,,2.98,251.24994376300006,4.26351737094828
525,,AM,R3130,00,EHZ,61.1981981981982,-149.90658980942584,2026-09-07T10:45:59.995000Z,2026-09-07T10:46:59.995000Z,100.0,100.0,60.0,,noise,0,Noise,timeofday:America/Anchorage:day7-19:night1-5,AM,2.0-20.0,290.89858221211375,1104.7339934037009,242.07550250226578,1036.5230391221553,0.692497922609708,1.881329848739608,0.2019628507659723,,,2.98,251.24994376300006,4.125465755725265
526,,AM,R3130,00,EHZ,61.1981981981982,-149.90658980942584,2026-09-07T10:46:59.995000Z,2026-09-07T10:47:59.995000Z,100.0,100.0,60.0,,noise,0,Noise,timeofday:America/Anchorage:day7-19:night1-5,AM,2.0-20.0,279.78771210031306,1103.7347054296806,231.05453368307056,1034.143801740475,0.6819801203138801,3.2415650388044375,0.3349989224435599,,,2.98,251.24994376300006,4.115996152086569
527,,AM,R3130,00,EHZ,61.1981981981982,-149.90658980942584,2026-09-07T10:47:59.995000Z,2026-09-07T10:48:59.995000Z,100.0,100.0,60.0,,noise,0,Noise,timeofday:America/Anchorage:day7-19:night1-5,AM,2.0-20.0,291.62540492311257,1212.735391232045,244.4448397343896,879.6364217347033,0.7026046790962278,1.8306515692003178,0.026895341313923016,,,2.98,251.24994376300006,3.501041268150292
528,,AM,R3130,00,EHZ,61.1981981981982,-149.90658980942584,2026-09-07T10:48:59.995000Z,2026-09-07T10:49:59.995000Z,100.0,100.0,60.0,,noise,0,Noise,timeofday:America/Anchorage:day7-19:night1-5,AM,2.0-20.0,288.6538101674123,1266.2639133934717,238.79678664878216,1105.1195344416078,0.6843879714870431,2.8517679944974588,0.12147535247204955,,,2.98,251.24994376300006,4.3984866937285725
529,,AM,R3130,00,EHZ,61.1981981981982,-149.90658980942584,2026-09-07T10:49:59.995000Z,2026-09-07T10:50:59.995000Z,100.0,100.0,60.0,,noise,0,Noise,timeofday:America/Anchorage:day7-19:night1-5,AM,2.0-20.0,285.0941568600376,1177.2633942057837,239.3499887228548,976.6193327952567,0.7048394279651217,2.3360638247254606,0.17245538087272028,,,2.98,251.24994376300006,3.88704299061052
530,,AM,R3130,00,EHZ,61.1981981981982,-149.90658980942584,2026-09-07T10:50:59.995000Z,2026-09-07T10:51:59.995000Z,100.0,100.0,60.0,,noise,0,Noise,timeofday:America/Anchorage:day7-19:night1-5,AM,2.0-20.0,305.4222193377149,1298.73730096928,263.20530601009125,1276.2988750544375,0.7426565622398683,2.961726844676628,0.5356121633752329,,,2.98,251.24994376300006,5.0797976546348975
531,,AM,R3130,00,EHZ,61.1981981981982,-149.90658980942584,2026-09-07T10:51:59.995000Z,2026-09-07T10:52:59.995000Z,100.0,100.0,60.0,,noise,0,Noise,timeofday:America/Anchorage:day7-19:night1-5,AM,2.0-20.0,288.446719665348,1214.737632104734,240.8372768148788,1138.3961792763691,0.6971339083132299,2.1803874662945293,0.4770952621573694,,,2.98,251.24994376300006,4.530931080924737
532,,AM,R3130,00,EHZ,61.1981981981982,-149.90658980942584,2026-09-07T10:52:59.995000Z,2026-09-07T10:53:59.995000Z,100.0,100.0,60.0,,noise,0,Noise,timeofday:America/Anchorage:day7-19:night1-5,AM,2.0-20.0,317.8683579394908,1392.73862471342,276.6121038058942,1464.3057749731634,0.7572647873033495,2.7079687131527996,1.0309412436130065,,,2.98,251.24994376300006,5.828083990953721
533,,AM,R3130,00,EHZ,61.1981981981982,-149.90658980942584,2026-09-07T10:53:59.995000Z,2026-09-07T10:54:59.995000Z,100.0,100.0,60.0,,noise,0,Noise,timeofday:America/Anchorage:day7-19:night1-5,AM,2.0-20.0,330.725240815582,2635.739277412211,284.7222657985863,2297.2064008542516,0.7411535266633541,4.472623812829051,3.3414901278397267,,,2.98,251.24994376300006,9.143112099643567
534,,AM,R3130,00,EHZ,61.1981981981982,-149.90658980942584,2026-09-07T10:54:59.995000Z,2026-09-07T10:55:59.995000Z,100.0,100.0,60.0,,noise,0,Noise,timeofday:America/Anchorage:day7-19:night1-5,AM,2.0-20.0,285.6347565610634,1206.260550987634,243.15040713488239,1125.5755540108335,0.7246493350910678,2.3410436064276245,0.4226836311159783,,,2.98,251.24994376300006,4.4799037052624
535,,AM,R3130,00,EHZ,61.1981981981982,-149.90658980942584,2026-09-07T10:55:59.995000Z,2026-09-07T10:56:59.995000Z,100.0,100.0,60.0,,noise,0,Noise,timeofday:America/Anchorage:day7-19:night1-5,AM,2.0-20.0,479.4543041966015,4199.740106397507,445.35557379427127,4207.444665941389,0.8628182857689062,5.312328777662358,8.234395269059792,,,2.98,251.24994376300006,16.74605216990696
536,,AM,R3130,00,EHZ,61.1981981981982,-149.90658980942584,2026-09-07T10:56:59.995000Z,2026-09-07T10:57:59.995000Z,100.0,100.0,60.0,,noise,0,Noise,timeofday:America/Anchorage:day7-19:night1-5,AM,2.0-20.0,297.7599794077517,2214.259172203814,250.80470040795453,2013.4569568001205,0.7094776052639767,3.906825408436481,3.4819442233122073,,,2.98,251.24994376300006,8.013760825751195
537,,AM,R3130,00,EHZ,61.1981981981982,-149.90658980942584,2026-09-07T10:57:59.995000Z,2026-09-07T10:58:59.995000Z,100.0,100.0,60.0,,noise,0,Noise,timeofday:America/Anchorage:day7-19:night1-5,AM,2.0-20.0,293.0180760850618,1183.2585993723824,249.39957806738175,1139.088221283686,0.724440303409202,3.265789852656119,0.7736493247580674,,,2.98,251.24994376300006,4.533685477590272
538,,AM,R3130,00,EHZ,61.1981981981982,-149.90658980942584,2026-09-07T10:58:59.995000Z,2026-09-07T10:59:59.995000Z,100.0,100.0,60.0,,noise,0,Noise,timeofday:America/Anchorage:day7-19:night1-5,AM,2.0-20.0,271.91608563006577,1012.7417604794264,223.86025844624956,945.742412321602,0.677772903290719,2.0450419942981686,0.3424994594716555,,,2.98,251.24994376300006,3.764149747287925
539,,AM,R3130,00,EHZ,61.1981981981982,-149.90658980942584,2026-09-07T10:59:59.995000Z,2026-09-07T11:00:59.995000Z,100.0,100.0,60.0,,noise,0,Noise,timeofday:America/Anchorage:day7-19:night1-5,AM,2.0-20.0,259.05290946707316,1022.7428356476285,208.9747214280356,681.4862723409792,0.6507445826658073,1.6955804628373476,-0.1333861823115683,,,2.98,251.24994376300006,2.712383780606192
540,,AM,R3130,00,EHZ,61.1981981981982,-149.90658980942584,2026-09-07T11:00:59.995000Z,2026-09-07T11:01:59.995000Z,100.0,100.0,60.0,,noise,0,Noise,timeofday:America/Anchorage:day7-19:night1-5,AM,2.0-20.0,264.4648961179561,1097.2566834531553,208.4705651991178,879.6801060393709,0.6213744902881897,2.1640133083990083,0.03255056447218596,,,2.98,251.24994376300006,3.501215136068483
541,,AM,R3130,00,EHZ,61.1981981981982,-149.90658980942584,2026-09-07T11:01:59.995000Z,2026-09-07T11:02:59.995000Z,100.0,100.0,60.0,,noise,0,Noise,timeofday:America/Anchorage:day7-19:night1-5,AM,2.0-20.0,267.874357473026,1098.7435925429127,210.37815028357068,753.984737964585,0.6167923519641687,1.7930836450886736,-0.1600088513231146,,,2.98,251.24994376300006,3.000934952151895
542,,AM,R3130,00,EHZ,61.1981981981982,-149.90658980942584,2026-09-07T11:02:59.995000Z,2026-09-07T11:03:59.995000Z,100.0,100.0,60.0,,noise,0,Noise,timeofday:America/Anchorage:day7-19:night1-5,AM,2.0-20.0,255.58486438907818,916.2555650110007,198.71929042060717,670.7624441885657,0.6045187732901738,1.8357951976037166,-0.245018424882526,,,2.98,251.24994376300006,2.6697018679585653
543,,AM,R3130,00,EHZ,61.1981981981982,-149.90658980942584,2026-09-07T11:03:59.995000Z,2026-09-07T11:04:59.995000Z,100.0,100.0,60.0,,noise,0,Noise,timeofday:America/Anchorage:day7-19:night1-5,AM,2.0-20.0,474.4171385118374,3080.745254501886,443.0693696770207,3183.270564749329,0.8722133212535351,5.9998299376274336,6.541044361266934,,,2.98,251.24994376300006,12.669736426894708
544,,AM,R3130,00,EHZ,61.1981981981982,-149.90658980942584,2026-09-07T11:04:59.995000Z,2026-09-07T11:05:59.995000Z,100.0,100.0,60.0,,noise,0,Noise,timeofday:America/Anchorage:day7-19:night1-5,AM,2.0-20.0,315.8537623145023,1864.7453530149323,268.99747402560985,1633.3919835672204,0.7253110516807075,1.789546168833904,3.6662399460611397,,,2.98,251.24994376300006,6.501064076288798
545,,AM,R3130,00,EHZ,61.1981981981982,-149.90658980942584,2026-09-07T11:05:59.995000Z,2026-09-07T11:06:59.995000Z,100.0,100.0,60.0,,noise,0,Noise,timeofday:America/Anchorage:day7-19:night1-5,AM,2.0-20.0,418.3254843265538,2478.7460903671417,373.77599377751403,2262.8934340336064,0.7983515349053067,4.3335323470077665,2.9902930951687567,,,2.98,251.24994376300006,9.006543046903749
546,,AM,R3130,00,EHZ,61.1981981981982,-149.90658980942584,2026-09-07T11:06:59.995000Z,2026-09-07T11:07:59.995000Z,100.0,100.0,60.0,,noise,0,Noise,timeofday:America/Anchorage:day7-19:night1-5,AM,2.0-20.0,266.6392006259241,980.2531685913964,215.14840986242842,766.6695329724784,0.6510708987621282,1.9843238417717632,-0.09858165507500338,,,2.98,251.24994376300006,3.0514217097523617
547,,AM,R3130,00,EHZ,61.1981981981982,-149.90658980942584,2026-09-07T11:07:59.995000Z,2026-09-07T11:08:59.995000Z,100.0,100.0,60.0,,noise,0,Noise,timeofday:America/Anchorage:day7-19:night1-5,AM,2.0-20.0,268.97027012196673,975.2524367232145,219.23175971788652,837.9516488036224,0.6643522060089421,1.9654200938858202,-0.00812560154150388,,,2.98,251.24994376300006,3.3351316870106387
548,,AM,R3130,00,EHZ,61.1981981981982,-149.90658980942584,2026-09-07T11:08:59.995000Z,2026-09-07T11:09:59.995000Z,100.0,100.0,60.0,,noise,0,Noise,timeofday:America/Anchorage:day7-19:night1-5,AM,2.0-20.0,521.2090035801049,3120.2522165645023,486.7194585674059,3160.717740922214,0.8720343651196621,4.273837015741132,4.339283491790525,,,2.98,251.24994376300006,12.57997392390928
549,,AM,R3130,00,EHZ,61.1981981981982,-149.90658980942584,2026-09-07T11:09:59.995000Z,2026-09-07T11:10:59.995000Z,100.0,100.0,60.0,,noise,0,Noise,timeofday:America/Anchorage:day7-19:night1-5,AM,2.0-20.0,275.4962000359635,1204.748404526359,222.82603189961517,1025.2219137481122,0.6541850679334263,1.6636208091320248,0.3932453616396119,,,2.98,251.24994376300006,4.080486142178751
550,,AM,R3130,00,EHZ,61.1981981981982,-149.90658980942584,2026-09-07T11:10:59.995000Z,2026-09-07T11:11:59.995000Z,100.0,100.0,60.0,,noise,0,Noise,timeofday:America/Anchorage:day7-19:night1-5,AM,2.0-20.0,270.0638101543465,1197.7492045958807,220.33361323622663,847.0057552175747,0.6656236309507351,1.9618420277346906,-0.07634806351290147,,,2.98,251.24994376300006,3.3711679395102325
551,,AM,R3130,00,EHZ,61.1981981981982,-149.90658980942584,2026-09-07T11:12:59.995000Z,2026-09-07T11:13:59.995000Z,100.0,100.0,60.0,,noise,0,Noise,timeofday:America/Anchorage:day7-19:night1-5,AM,2.0-20.0,422.6242321184163,4394.75011494418,383.4442328697987,3865.6676323169468,0.823181555795051,4.0273737638829825,12.232481882480588,,,2.98,251.24994376300006,15.385745263940706
552,,AM,R3130,00,EHZ,61.1981981981982,-149.90658980942584,2026-09-07T11:13:59.995000Z,2026-09-07T11:14:59.995000Z,100.0,100.0,60.0,,noise,0,Noise,timeofday:America/Anchorage:day7-19:night1-5,AM,2.0-20.0,277.31511372066984,1117.7507815025983,229.22559387231732,1041.351350574952,0.6832492040506353,1.8044595718409928,0.3023944836171979,,,2.98,251.24994376300006,4.144682920037751
553,,AM,R3130,00,EHZ,61.1981981981982,-149.90658980942584,2026-09-07T11:14:59.995000Z,2026-09-07T11:15:59.995000Z,100.0,100.0,60.0,,noise,0,Noise,timeofday:America/Anchorage:day7-19:night1-5,AM,2.0-20.0,349.2458714304824,3284.751902337781,309.42930566787703,2867.6348885558273,0.784983130794221,4.747512882030666,10.336375162036097,,,2.98,251.24994376300006,11.413474747922013
554,,AM,R3130,00,EHZ,61.1981981981982,-149.90658980942584,2026-09-07T11:15:59.995000Z,2026-09-07T11:16:59.995000Z,100.0,100.0,60.0,,noise,0,Noise,timeofday:America/Anchorage:day7-19:night1-5,AM,2.0-20.0,638.121433767519,3845.751908420065,609.6020369878624,4014.8777539483935,0.9126119566616664,5.734701949496151,5.933945419429605,,,2.98,251.24994376300006,15.97961652773766
555,,AM,R3130,00,EHZ,61.1981981981982,-149.90658980942584,2026-09-07T11:16:59.995000Z,2026-09-07T11:17:59.995000Z,100.0,100.0,60.0,,noise,0,Noise,timeofday:America/Anchorage:day7-19:night1-5,AM,2.0-20.0,281.63623007413776,1038.7526340065451,227.15985883879094,831.4597035555623,0.650558170524648,1.8574824491216604,-0.16551561399201198,,,2.98,251.24994376300006,3.309293093175235
556,,AM,R3130,00,EHZ,61.1981981981982,-149.90658980942584,2026-09-07T11:17:59.995000Z,2026-09-07T11:18:59.995000Z,100.0,100.0,60.0,,noise,0,Noise,timeofday:America/Anchorage:day7-19:night1-5,AM,2.0-20.0,264.9209847557147,1002.7534552144953,217.71439919811795,809.0546345876256,0.6753697200198736,1.7865507178691618,-0.029947347512254918,,,2.98,251.24994376300006,3.2201186693629413
557,,AM,R3130,00,EHZ,61.1981981981982,-149.90658980942584,2026-09-07T11:21:59.995000Z,2026-09-07T11:22:59.995000Z,100.0,100.0,60.0,,noise,0,Noise,timeofday:America/Anchorage:day7-19:night1-5,AM,2.0-20.0,253.85538091289686,970.7560206418075,200.54619200939592,694.7245036682485,0.6241027453431619,1.7192045164287038,-0.1945866615267784,,,2.98,251.24994376300006,2.7650732703191
558,,AM,R3130,00,EHZ,61.1981981981982,-149.90658980942584,2026-09-07T11:22:59.995000Z,2026-09-07T11:23:59.995000Z,100.0,100.0,60.0,,noise,0,Noise,timeofday:America/Anchorage:day7-19:night1-5,AM,2.0-20.0,332.1658960513571,2314.2437605954146,293.6017673978414,2158.5489363044057,0.7812809762690535,3.2883496784912634,1.9428032215016104,,,2.98,251.24994376300006,8.591241470447967
559,,AM,R3130,00,EHZ,61.1981981981982,-149.90658980942584,2026-09-07T11:23:59.995000Z,2026-09-07T11:24:59.995000Z,100.0,100.0,60.0,,noise,0,Noise,timeofday:America/Anchorage:day7-19:night1-5,AM,2.0-20.0,327.48590709693195,2382.7570855399263,282.54240027598576,1878.0357502016848,0.7443582902322751,3.1119081131637922,2.859070184356108,,,2.98,251.24994376300006,7.474770828100981
560,,AM,R3130,00,EHZ,61.1981981981982,-149.90658980942584,2026-09-07T11:24:59.995000Z,2026-09-07T11:25:59.995000Z,100.0,100.0,60.0,,noise,0,Noise,timeofday:America/Anchorage:day7-19:night1-5,AM,2.0-20.0,266.2815635465721,927.7574846773023,218.69781254938798,794.9199521720589,0.6745384053836893,1.6026980121555527,-0.20253858863694152,,,2.98,251.24994376300006,3.1638612143208826
561,,AM,R3130,00,EHZ,61.1981981981982,-149.90658980942584,2026-09-07T11:25:59.995000Z,2026-09-07T11:26:59.995000Z,100.0,100.0,60.0,,noise,0,Noise,timeofday:America/Anchorage:day7-19:night1-5,AM,2.0-20.0,328.7272520846409,1731.758230006275,278.35459406110255,1408.6244213864816,0.7170102565962431,3.211731293519384,1.155064143954128,,,2.98,251.24994376300006,5.606466613641171
562,,AM,R3130,00,EHZ,61.1981981981982,-149.90658980942584,2026-09-07T11:26:59.995000Z,2026-09-07T11:27:59.995000Z,100.0,100.0,60.0,,noise,0,Noise,timeofday:America/Anchorage:day7-19:night1-5,AM,2.0-20.0,351.7810362748732,1622.241487815665,303.65845788692417,1356.9775413190036,0.7451194782542132,2.9128473943497624,0.7191627153144919,,,2.98,251.24994376300006,5.400906845969359
563,,AM,R3130,00,EHZ,61.1981981981982,-149.90658980942584,2026-09-07T11:27:59.995000Z,2026-09-07T11:28:59.995000Z,100.0,100.0,60.0,,noise,0,Noise,timeofday:America/Anchorage:day7-19:night1-5,AM,2.0-20.0,488.1634490434014,2648.240746774203,454.69446023118746,2552.5740137553676,0.8675785550733736,3.730489288735452,2.589765628220646,,,2.98,251.24994376300006,10.159500836199863
564,,AM,R3130,00,EHZ,61.1981981981982,-149.90658980942584,2026-09-07T11:28:59.995000Z,2026-09-07T11:29:59.995000Z,100.0,100.0,60.0,,noise,0,Noise,timeofday:America/Anchorage:day7-19:night1-5,AM,2.0-20.0,281.048796248183,1001.2401511092812,228.71704511559696,883.1008448454766,0.6622677455405209,1.696513319970727,-0.09269520254435282,,,2.98,251.24994376300006,3.5148300199362077
565,,AM,R3130,00,EHZ,61.1981981981982,-149.90658980942584,2026-09-07T11:30:59.995000Z,2026-09-07T11:31:59.995000Z,100.0,100.0,60.0,,noise,0,Noise,timeofday:America/Anchorage:day7-19:night1-5,AM,2.0-20.0,261.9446375261126,1093.238928071798,211.38558731692476,797.9340207653929,0.6512259855731125,1.8120476145667352,-0.1577988743423071,,,2.98,251.24994376300006,3.175857509914792
566,,AM,R3130,00,EHZ,61.1981981981982,-149.90658980942584,2026-09-07T11:31:59.995000Z,2026-09-07T11:32:59.995000Z,100.0,100.0,60.0,,noise,0,Noise,timeofday:America/Anchorage:day7-19:night1-5,AM,2.0-20.0,491.3007270886722,3273.238160009045,453.6355659660635,3086.4626814974245,0.852549059998654,4.803875690970538,3.3064062525393387,,,2.98,251.24994376300006,12.284431332684532
567,,AM,R3130,00,EHZ,61.1981981981982,-149.90658980942584,2026-09-07T11:33:59.995000Z,2026-09-07T11:34:59.995000Z,100.0,100.0,60.0,,noise,0,Noise,timeofday:America/Anchorage:day7-19:night1-5,AM,2.0-20.0,320.23043698129806,2041.7629098745529,279.8010287988119,1861.8488262839692,0.7634373407408017,3.439565958154705,1.62848444975155,,,2.98,251.24994376300006,7.410345245848973
568,,AM,R3130,00,EHZ,61.1981981981982,-149.90658980942584,2026-09-07T11:34:59.995000Z,2026-09-07T11:35:59.995000Z,100.0,100.0,60.0,,noise,0,Noise,timeofday:America/Anchorage:day7-19:night1-5,AM,2.0-20.0,363.64928220905813,3074.2365657528626,315.52059533202385,3187.8244192985076,0.7528179331872691,4.821592878406243,9.553201101318297,,,2.98,251.24994376300006,12.687861225177148
569,,AM,R3130,00,EHZ,61.1981981981982,-149.90658980942584,2026-09-07T11:35:59.995000Z,2026-09-07T11:36:59.995000Z,100.0,100.0,60.0,,noise,0,Noise,timeofday:America/Anchorage:day7-19:night1-5,AM,2.0-20.0,398.3693227024301,2129.23588164556,356.7339561111291,2183.5678406924253,0.8018942986315991,3.8322419133166354,2.147739111691581,,,2.98,251.24994376300006,8.690819221643881
570,,AM,R3130,00,EHZ,61.1981981981982,-149.90658980942584,2026-09-07T11:36:59.995000Z,2026-09-07T11:37:59.995000Z,100.0,100.0,60.0,,noise,0,Noise,timeofday:America/Anchorage:day7-19:night1-5,AM,2.0-20.0,331.8382148695332,1665.7645125063373,282.0485058156417,1729.1798552276655,0.7224283988096469,3.709156243538638,1.4634219019862904,,,2.98,251.24994376300006,6.882309421962587
571,,AM,R3130,00,EHZ,61.1981981981982,-149.90658980942584,2026-09-07T11:37:59.995000Z,2026-09-07T11:38:59.995000Z,100.0,100.0,60.0,,noise,0,Noise,timeofday:America/Anchorage:day7-19:night1-5,AM,2.0-20.0,362.41685553141673,2032.2343827117202,312.48748086224555,1604.7654266672237,0.7434443581534923,2.8293837276507405,1.053038645338642,,,2.98,251.24994376300006,6.387127505910897
572,,AM,R3130,00,EHZ,61.1981981981982,-149.90658980942584,2026-09-07T11:38:59.995000Z,2026-09-07T11:39:59.995000Z,100.0,100.0,60.0,,noise,0,Noise,timeofday:America/Anchorage:day7-19:night1-5,AM,2.0-20.0,599.1790255548674,4172.234059154192,564.6012395596422,4014.438595419323,0.887913072194031,4.58963005625885,6.75083061890493,,,2.98,251.24994376300006,15.977868632703364
573,,AM,R3130,00,EHZ,61.1981981981982,-149.90658980942584,2026-09-07T11:39:59.995000Z,2026-09-07T11:40:59.995000Z,100.0,100.0,60.0,,noise,0,Noise,timeofday:America/Anchorage:day7-19:night1-5,AM,2.0-20.0,291.17823040111546,1281.766367004475,241.78291611806983,998.936363923749,0.6894986462710702,1.6661941600397998,-0.03008458090191546,,,2.98,251.24994376300006,3.9758670149834114
574,,AM,R3130,00,EHZ,61.1981981981982,-149.90658980942584,2026-09-07T11:40:59.995000Z,2026-09-07T11:41:59.995000Z,100.0,100.0,60.0,,noise,0,Noise,timeofday:America/Anchorage:day7-19:night1-5,AM,2.0-20.0,320.04328988939864,1359.2328761999524,269.2114422805279,1096.0055712170897,0.7075702707027182,2.5550339202669416,0.28305152384428167,,,2.98,251.24994376300006,4.362212205113701
575,,AM,R3130,00,EHZ,61.1981981981982,-149.90658980942584,2026-09-07T11:41:59.995000Z,2026-09-07T11:42:59.995000Z,100.0,100.0,60.0,,noise,0,Noise,timeofday:America/Anchorage:day7-19:night1-5,AM,2.0-20.0,301.11212336162595,1308.232076529268,250.06677873285506,1118.7178311739622,0.6896925211376485,1.753105703070819,0.06957129467853118,,,2.98,251.24994376300006,4.452609279901891
576,,AM,R3130,00,EHZ,61.1981981981982,-149.90658980942584,2026-09-07T11:42:59.995000Z,2026-09-07T11:43:59.995000Z,100.0,100.0,60.0,,noise,0,Noise,timeofday:America/Anchorage:day7-19:night1-5,AM,2.0-20.0,410.02362046595726,3647.231352338722,349.07354076546227,2848.5982691047866,0.7247965379652226,5.209910499229372,8.745285084084836,,,2.98,251.24994376300006,11.337707091356894
577,,AM,R3130,00,EHZ,61.1981981981982,-149.90658980942584,2026-09-07T11:43:59.995000Z,2026-09-07T11:44:59.995000Z,100.0,100.0,60.0,,traffic,1,Traffic,timeofday:America/Anchorage:day7-19:night1-5+burst>=20x,AM,2.0-20.0,862.2389631593895,17730.768716161747,815.481203698334,17728.38170478266,0.8944840947108358,6.624823887738187,108.86104539641855,,,2.98,251.24994376300006,70.56073899664452
578,,AM,R3130,00,EHZ,61.1981981981982,-149.90658980942584,2026-09-07T11:44:59.995000Z,2026-09-07T11:45:59.995000Z,100.0,100.0,60.0,,noise,0,Noise,timeofday:America/Anchorage:day7-19:night1-5,AM,2.0-20.0,287.5970737707267,1581.7692936795283,234.25968163894237,1639.088498263429,0.6634774574304294,3.53238126356826,0.9949032811358078,,,2.98,251.24994376300006,6.523736776671895
579,,AM,R3130,00,EHZ,61.1981981981982,-149.90658980942584,2026-09-07T11:45:59.995000Z,2026-09-07T11:46:59.995000Z,100.0,100.0,60.0,,traffic,1,Traffic,timeofday:America/Anchorage:day7-19:night1-5+burst>=20x,AM,2.0-20.0,766.5457570278323,6135.77002804045,742.1049328108878,5813.799073118863,0.937247883967466,7.784056827447409,11.523749726611811,,,2.98,251.24994376300006,23.139503977771728
580,,AM,R3130,00,EHZ,61.1981981981982,-149.90658980942584,2026-09-07T11:46:59.995000Z,2026-09-07T11:47:59.995000Z,100.0,100.0,60.0,,noise,0,Noise,timeofday:America/Anchorage:day7-19:night1-5,AM,2.0-20.0,291.827184745672,1292.771041488435,236.66814916662116,965.7523346205895,0.657700448243967,2.3420587721464505,-0.0364006071697589,,,2.98,251.24994376300006,3.8437912469010054
581,,AM,R3130,00,EHZ,61.1981981981982,-149.90658980942584,2026-09-07T11:47:59.995000Z,2026-09-07T11:48:59.995000Z,100.0,100.0,60.0,,noise,0,Noise,timeofday:America/Anchorage:day7-19:night1-5,AM,2.0-20.0,309.37593330903775,1574.2283730170184,256.1823311188262,1350.5571312383274,0.685686017577753,2.7730077908466293,1.013008592703648,,,2.98,251.24994376300006,5.375352969281799
582,,AM,R3130,00,EHZ,61.1981981981982,-149.90658980942584,2026-09-07T11:48:59.995000Z,2026-09-07T11:49:59.995000Z,100.0,100.0,60.0,,noise,0,Noise,timeofday:America/Anchorage:day7-19:night1-5,AM,2.0-20.0,649.9702064939407,3986.772013357533,614.4419480176776,4077.7779286819077,0.8936651354636942,5.137385549585507,4.8858581664964404,,,2.98,251.24994376300006,16.229965537936234
583,,AM,R3130,00,EHZ,61.1981981981982,-149.90658980942584,2026-09-07T11:49:59.995000Z,2026-09-07T11:50:59.995000Z,100.0,100.0,60.0,,noise,0,Noise,timeofday:America/Anchorage:day7-19:night1-5,AM,2.0-20.0,272.7813124461394,995.2273743260484,219.28098521277826,742.1419555017033,0.6462085775411527,1.8963690720792457,-0.1425075766082391,,,2.98,251.24994376300006,2.9537994890130346
584,,AM,R3130,00,EHZ,61.1981981981982,-149.90658980942584,2026-09-07T11:50:59.995000Z,2026-09-07T11:51:59.995000Z,100.0,100.0,60.0,,noise,0,Noise,timeofday:America/Anchorage:day7-19:night1-5,AM,2.0-20.0,310.55325317889896,1191.2268875439695,251.24994376300006,1027.9751562544657,0.6545454079971895,1.7301547754527802,0.2609913505647463,,,2.98,251.24994376300006,4.091444323761273
585,,AM,R3130,00,EHZ,61.1981981981982,-149.90658980942584,2026-09-07T11:51:59.995000Z,2026-09-07T11:52:59.995000Z,100.0,100.0,60.0,,noise,0,Noise,timeofday:America/Anchorage:day7-19:night1-5,AM,2.0-20.0,292.1808691694783,1098.226283702863,241.6395321292846,999.2926962400147,0.6839627014628726,2.187375639928142,0.10796016204392167,,,2.98,251.24994376300006,3.9772852533755434
586,,AM,R3130,00,EHZ,61.1981981981982,-149.90658980942584,2026-09-07T11:52:59.995000Z,2026-09-07T11:53:59.995000Z,100.0,100.0,60.0,,noise,0,Noise,timeofday:America/Anchorage:day7-19:night1-5,AM,2.0-20.0,278.08192944994613,1256.7745033047067,221.44443552143468,1014.7891420390869,0.6341383340209154,2.6708182719316453,0.11483208324954264,,,2.98,251.24994376300006,4.03896266339594
587,,AM,R3130,00,EHZ,61.1981981981982,-149.90658980942584,2026-09-07T11:53:59.995000Z,2026-09-07T11:54:59.995000Z,100.0,100.0,60.0,,noise,0,Noise,timeofday:America/Anchorage:day7-19:night1-5,AM,2.0-20.0,296.875251070679,1392.774892371417,244.12526277219425,1147.6465581857815,0.6762035695798643,3.028138249623864,0.6369443719735655,,,2.98,251.24994376300006,4.567748517660715
588,,AM,R3130,00,EHZ,61.1981981981982,-149.90658980942584,2026-09-07T11:54:59.995000Z,2026-09-07T11:55:59.995000Z,100.0,100.0,60.0,,noise,0,Noise,timeofday:America/Anchorage:day7-19:night1-5,AM,2.0-20.0,282.3706488823477,1154.7753673877687,224.9380596732873,928.5132120536887,0.6345805919641897,2.097280635568387,0.10622069877486817,,,2.98,251.24994376300006,3.6955758005245163
589,,AM,R3130,00,EHZ,61.1981981981982,-149.90658980942584,2026-09-07T11:55:59.995000Z,2026-09-07T11:56:59.995000Z,100.0,100.0,60.0,,noise,0,Noise,timeofday:America/Anchorage:day7-19:night1-5,AM,2.0-20.0,280.2222050324354,1032.2239469095766,230.31520216281427,956.0045844124555,0.6755229644904099,1.8375825000516124,0.01794147115734912,,,2.98,251.24994376300006,3.804994222463345
590,,AM,R3130,00,EHZ,61.1981981981982,-149.90658980942584,2026-09-07T11:57:59.995000Z,2026-09-07T11:58:59.995000Z,100.0,100.0,60.0,,noise,0,Noise,timeofday:America/Anchorage:day7-19:night1-5,AM,2.0-20.0,356.7369367019446,1649.777050285751,307.2946996450675,1665.1388664723158,0.7420172154566635,2.713220822514578,0.8859861112916971,,,2.98,251.24994376300006,6.627419857426969
591,,AM,R3130,00,EHZ,61.1981981981982,-149.90658980942584,2026-09-07T11:58:59.995000Z,2026-09-07T11:59:59.995000Z,100.0,100.0,60.0,,noise,0,Noise,timeofday:America/Anchorage:day7-19:night1-5,AM,2.0-20.0,328.06524948486623,1095.2219019661752,275.3363301943668,1149.3411748911608,0.7043792916496823,1.692821222810559,0.10377917844730877,,,2.98,251.24994376300006,4.574493262276371
592,,AM,R3130,00,EHZ,61.1981981981982,-149.90658980942584,2026-09-07T11:59:59.995000Z,2026-09-07T12:00:59.995000Z,100.0,100.0,60.0,,traffic,1,Traffic,timeofday:America/Anchorage:day7-19:night1-5+burst>=20x,AM,2.0-20.0,1224.7910895818238,7746.778415608778,1067.304130247984,7090.724593025607,0.7593680906762451,6.354935909645945,4.978031927947023,,,2.98,251.24994376300006,28.22179574182978
593,,AM,R3130,00,EHZ,61.1981981981982,-149.90658980942584,2026-09-07T12:00:59.995000Z,2026-09-07T12:01:59.995000Z,100.0,100.0,60.0,,noise,0,Noise,timeofday:America/Anchorage:day7-19:night1-5,AM,2.0-20.0,349.38211564338235,1410.2211690011882,288.33579623558643,1230.9808685880114,0.6810763253364689,1.4435885376470334,-0.10895227165198884,,,2.98,251.24994376300006,4.899427439272087
594,,AM,R3130,00,EHZ,61.1981981981982,-149.90658980942584,2026-09-07T12:01:59.995000Z,2026-09-07T12:02:59.995000Z,100.0,100.0,60.0,,noise,0,Noise,timeofday:America/Anchorage:day7-19:night1-5,AM,2.0-20.0,326.4000891050514,1149.7797264903857,276.3246247594926,982.0924343909853,0.716702039925899,1.4273457396320735,-0.11089982014399125,,,2.98,251.24994376300006,3.9088264844245177
595,,AM,R3130,00,EHZ,61.1981981981982,-149.90658980942584,2026-09-07T12:02:59.995000Z,2026-09-07T12:03:59.995000Z,100.0,100.0,60.0,,noise,0,Noise,timeofday:America/Anchorage:day7-19:night1-5,AM,2.0-20.0,360.0895295470976,1256.2193916782508,309.8074411016387,1223.9964350695673,0.7402232167987954,1.7346472333160876,0.12141904897527178,,,2.98,251.24994376300006,4.871628692678009
596,,AM,R3130,00,EHZ,61.1981981981982,-149.90658980942584,2026-09-07T12:03:59.995000Z,2026-09-07T12:04:59.995000Z,100.0,100.0,60.0,,noise,0,Noise,timeofday:America/Anchorage:day7-19:night1-5,AM,2.0-20.0,538.7499765511002,3621.2191895669694,502.7497018570485,3769.2038750918346,0.8708214437939168,4.560506420418125,2.6233390520640105,,,2.98,251.24994376300006,15.001809825865125
597,,AM,R3130,00,EHZ,61.1981981981982,-149.90658980942584,2026-09-07T12:04:59.995000Z,2026-09-07T12:05:59.995000Z,100.0,100.0,60.0,,noise,0,Noise,timeofday:America/Anchorage:day7-19:night1-5,AM,2.0-20.0,313.54944506690777,1176.781656069823,263.26217754735393,867.9098546326596,0.704960633011388,1.4894272301361773,-0.3186534960170406,,,2.98,251.24994376300006,3.454368353814816
598,,AM,R3130,00,EHZ,61.1981981981982,-149.90658980942584,2026-09-07T12:05:59.995000Z,2026-09-07T12:06:59.995000Z,100.0,100.0,60.0,,noise,0,Noise,timeofday:America/Anchorage:day7-19:night1-5,AM,2.0-20.0,317.1554938773686,1572.2177083814313,260.08238605156686,1220.479522592833,0.6724769517065975,2.5518366048440697,0.12630185969435548,,,2.98,251.24994376300006,4.857631027945986
599,,AM,R3130,00,EHZ,61.1981981981982,-149.90658980942584,2026-09-07T12:06:59.995000Z,2026-09-07T12:07:59.995000Z,100.0,100.0,60.0,,noise,0,Noise,timeofday:America/Anchorage:day7-19:night1-5,AM,2.0-20.0,311.5620300083198,1471.2175755682947,257.7879053496103,1455.0335897266627,0.6845986298887178,3.2925307634434855,0.7084287017928195,,,2.98,251.24994376300006,5.79117976280692
600,,AM,R3130,00,EHZ,61.1981981981982,-149.90658980942584,2026-09-07T12:07:59.995000Z,2026-09-07T12:08:59.995000Z,100.0,100.0,60.0,,noise,0,Noise,timeofday:America/Anchorage:day7-19:night1-5,AM,2.0-20.0,278.14069495189636,972.2163913178301,231.15255437815856,869.1902588644143,0.690666391271507,1.8100457383094026,-0.08978974641234361,,,2.98,251.24994376300006,3.4594644912012686
601,,AM,R3130,00,EHZ,61.1981981981982,-149.90658980942584,2026-09-07T12:08:59.995000Z,2026-09-07T12:09:59.995000Z,100.0,100.0,60.0,,noise,0,Noise,timeofday:America/Anchorage:day7-19:night1-5,AM,2.0-20.0,280.9038334587297,986.215953194016,223.23365821441297,861.870795486841,0.6315445919283753,1.9579540857227717,-0.04048660654045655,,,2.98,251.24994376300006,3.430332292133086
602,,AM,R3130,00,EHZ,61.1981981981982,-149.90658980942584,2026-09-07T12:09:59.995000Z,2026-09-07T12:10:59.995000Z,100.0,100.0,60.0,,traffic,1,Traffic,timeofday:America/Anchorage:day7-19:night1-5+burst>=20x,AM,2.0-20.0,846.5749863020202,6560.215409677196,742.7112765080703,5445.691243719839,0.7696781736515559,7.09563706926429,8.19361443464601,,,2.98,251.24994376300006,21.67439786118587
603,,AM,R3130,00,EHZ,61.1981981981982,-149.90658980942584,2026-09-07T12:10:59.995000Z,2026-09-07T12:11:59.995000Z,100.0,100.0,60.0,,noise,0,Noise,timeofday:America/Anchorage:day7-19:night1-5,AM,2.0-20.0,405.4325914484011,1862.784824540564,316.38343033288334,1339.167053056659,0.6089619346646382,2.797285474986225,0.8740304616537311,,,2.98,251.24994376300006,5.330019314630666
604,,AM,R3130,00,EHZ,61.1981981981982,-149.90658980942584,2026-09-07T12:11:59.995000Z,2026-09-07T12:12:59.995000Z,100.0,100.0,60.0,,noise,0,Noise,timeofday:America/Anchorage:day7-19:night1-5,AM,2.0-20.0,277.981173514402,1176.2145808913192,217.76373562302365,822.7905765504851,0.6136777084823364,1.735959871776682,-0.15698896288337272,,,2.98,251.24994376300006,3.2747890973723357
605,,AM,R3130,00,EHZ,61.1981981981982,-149.90658980942584,2026-09-07T12:12:59.995000Z,2026-09-07T12:13:59.995000Z,100.0,100.0,60.0,,noise,0,Noise,timeofday:America/Anchorage:day7-19:night1-5,AM,2.0-20.0,307.66290377336406,2294.786575241049,260.26300523723853,2243.583864747795,0.7156070510933179,5.531485845554785,4.058369834544434,,,2.98,251.24994376300006,8.929689022593895
606,,AM,R3130,00,EHZ,61.1981981981982,-149.90658980942584,2026-09-07T12:13:59.995000Z,2026-09-07T12:14:59.995000Z,100.0,100.0,60.0,,noise,0,Noise,timeofday:America/Anchorage:day7-19:night1-5,AM,2.0-20.0,628.2856879744114,3705.2133174714636,593.5997887127456,3498.47780176183,0.8926334180039045,4.202109643883697,4.3690956860596355,,,2.98,251.24994376300006,13.924292874914578
607,,AM,R3130,00,EHZ,61.1981981981982,-149.90658980942584,2026-09-07T12:14:59.995000Z,2026-09-07T12:15:59.995000Z,100.0,100.0,60.0,,noise,0,Noise,timeofday:America/Anchorage:day7-19:night1-5,AM,2.0-20.0,314.205793156172,1418.7876017509861,249.6563237009282,1258.8467683049416,0.631330492837636,2.887817976847881,0.5681597632877415,,,2.98,251.24994376300006,5.010336517696462
608,,AM,R3130,00,EHZ,61.1981981981982,-149.90658980942584,2026-09-07T12:15:59.995000Z,2026-09-07T12:16:59.995000Z,100.0,100.0,60.0,,noise,0,Noise,timeofday:America/Anchorage:day7-19:night1-5,AM,2.0-20.0,407.7738411515527,2342.211995920932,357.82850518198563,2102.859543325566,0.7700362032866684,3.6904755013447077,1.8719137584214103,,,2.98,251.24994376300006,8.369592095547526
609,,AM,R3130,00,EHZ,61.1981981981982,-149.90658980942584,2026-09-07T12:16:59.995000Z,2026-09-07T12:17:59.995000Z,100.0,100.0,60.0,,noise,0,Noise,timeofday:America/Anchorage:day7-19:night1-5,AM,2.0-20.0,327.4068690379361,1519.2111128930537,277.9852423864914,1226.2367846766058,0.7208881857595768,2.2845787732308938,0.44474585575095293,,,2.98,251.24994376300006,4.880545509030222
610,,AM,R3130,00,EHZ,61.1981981981982,-149.90658980942584,2026-09-07T12:17:59.995000Z,2026-09-07T12:18:59.995000Z,100.0,100.0,60.0,,noise,0,Noise,timeofday:America/Anchorage:day7-19:night1-5,AM,2.0-20.0,347.00202247963995,2351.210404356909,294.741041520036,2381.134699554575,0.7214682365929441,3.691542924440006,5.111637872111505,,,2.98,251.24994376300006,9.477155154313825
611,,AM,R3130,00,EHZ,61.1981981981982,-149.90658980942584,2026-09-07T12:18:59.995000Z,2026-09-07T12:19:59.995000Z,100.0,100.0,60.0,,noise,0,Noise,timeofday:America/Anchorage:day7-19:night1-5,AM,2.0-20.0,554.0621440298638,3277.789598434958,517.6902574704454,3259.828093600964,0.873017656840215,4.883423515055508,4.130849459438302,,,2.98,251.24994376300006,12.97444307759092
612,,AM,R3130,00,EHZ,61.1981981981982,-149.90658980942584,2026-09-07T12:19:59.995000Z,2026-09-07T12:20:59.995000Z,100.0,100.0,60.0,,noise,0,Noise,timeofday:America/Anchorage:day7-19:night1-5,AM,2.0-20.0,309.2243799646032,1447.2095720811976,255.33431294672943,1329.7923895663237,0.681821838646764,2.5165995465154034,0.4657085517859252,,,2.98,251.24994376300006,5.2927072127852695
613,,AM,R3130,00,EHZ,61.1981981981982,-149.90658980942584,2026-09-07T12:20:59.995000Z,2026-09-07T12:21:59.995000Z,100.0,100.0,60.0,,noise,0,Noise,timeofday:America/Anchorage:day7-19:night1-5,AM,2.0-20.0,303.6658032095617,1154.2089556766878,247.85838039161555,971.9546451562853,0.6662165855330626,2.081995989025623,0.10078858360679144,,,2.98,251.24994376300006,3.8684770655038
614,,AM,R3130,00,EHZ,61.1981981981982,-149.90658980942584,2026-09-07T12:21:59.995000Z,2026-09-07T12:22:59.995000Z,100.0,100.0,60.0,,noise,0,Noise,timeofday:America/Anchorage:day7-19:night1-5,AM,2.0-20.0,293.7866599776559,1385.7919485893271,228.2579960826211,1150.9068926249583,0.6036536858900521,1.9288102037459183,0.05355600836352581,,,2.98,251.24994376300006,4.580724976044531
615,,AM,R3130,00,EHZ,61.1981981981982,-149.90658980942584,2026-09-07T12:22:59.995000Z,2026-09-07T12:23:59.995000Z,100.0,100.0,60.0,,noise,0,Noise,timeofday:America/Anchorage:day7-19:night1-5,AM,2.0-20.0,301.2760850350067,1128.7925159367333,241.6410651008088,887.428686836665,0.6432979452508951,1.8138810275019415,-0.05483128949653393,,,2.98,251.24994376300006,3.5320552655476884
616,,AM,R3130,00,EHZ,61.1981981981982,-149.90658980942584,2026-09-07T12:23:59.995000Z,2026-09-07T12:24:59.995000Z,100.0,100.0,60.0,,noise,0,Noise,timeofday:America/Anchorage:day7-19:night1-5,AM,2.0-20.0,351.7035900852223,2475.793169034361,305.64335620494097,2313.217484216874,0.7552249287626224,4.033332366177431,4.500001005762398,,,2.98,251.24994376300006,9.206837818833081
617,,AM,R3130,00,EHZ,61.1981981981982,-149.90658980942584,2026-09-07T12:25:59.995000Z,2026-09-07T12:26:59.995000Z,100.0,100.0,60.0,,noise,0,Noise,timeofday:America/Anchorage:day7-19:night1-5,AM,2.0-20.0,266.3718521827338,1075.7938441678034,209.16763740801255,883.5146273633939,0.6166124948812296,1.6955234649588904,-0.10195345208723294,,,2.98,251.24994376300006,3.516476915898531
618,,AM,R3130,00,EHZ,61.1981981981982,-149.90658980942584,2026-09-07T12:26:59.995000Z,2026-09-07T12:27:59.995000Z,100.0,100.0,60.0,,noise,0,Noise,timeofday:America/Anchorage:day7-19:night1-5,AM,2.0-20.0,271.96948358000316,1076.794579525822,220.95311011654874,1029.7514171063128,0.6600242386644002,2.3578710730467747,0.08046294002471832,,,2.98,251.24994376300006,4.0985140202764
619,,AM,R3130,00,EHZ,61.1981981981982,-149.90658980942584,2026-09-07T12:27:59.995000Z,2026-09-07T12:28:59.995000Z,100.0,100.0,60.0,,noise,0,Noise,timeofday:America/Anchorage:day7-19:night1-5,AM,2.0-20.0,279.74260796745347,888.2047649835204,217.18183008742938,734.8447291441123,0.6027396173257709,1.786843074120911,-0.18425040164696727,,,2.98,251.24994376300006,2.924755795516831
620,,AM,R3130,00,EHZ,61.1981981981982,-149.90658980942584,2026-09-07T12:28:59.995000Z,2026-09-07T12:29:59.995000Z,100.0,100.0,60.0,,noise,0,Noise,timeofday:America/Anchorage:day7-19:night1-5,AM,2.0-20.0,267.7494704306116,903.2040860611141,213.88970177977563,845.2076771363662,0.6381496109944346,1.8219619495183679,-0.1631934694486632,,,2.98,251.24994376300006,3.3640114082319426
621,,AM,R3130,00,EHZ,61.1981981981982,-149.90658980942584,2026-09-07T12:29:59.995000Z,2026-09-07T12:30:59.995000Z,100.0,100.0,60.0,,noise,0,Noise,timeofday:America/Anchorage:day7-19:night1-5,AM,2.0-20.0,279.0737684820598,1181.2034557969746,218.38416749887915,1160.1956085297302,0.6123564056173086,2.1502495057369835,0.09441232889017437,,,2.98,251.24994376300006,4.61769499787082
622,,AM,R3130,00,EHZ,61.1981981981982,-149.90658980942584,2026-09-07T12:30:59.995000Z,2026-09-07T12:31:59.995000Z,100.0,100.0,60.0,,noise,0,Noise,timeofday:America/Anchorage:day7-19:night1-5,AM,2.0-20.0,295.32194897293846,1533.2027810623713,241.77215053198742,1430.7589609764314,0.6702257282062508,2.709153720323658,0.4130046379639256,,,2.98,251.24994376300006,5.694564303369726
623,,AM,R3130,00,EHZ,61.1981981981982,-149.90658980942584,2026-09-07T12:31:59.995000Z,2026-09-07T12:32:59.995000Z,100.0,100.0,60.0,,noise,0,Noise,timeofday:America/Anchorage:day7-19:night1-5,AM,2.0-20.0,310.6743610303273,1892.7974359056352,259.2426707434812,1651.5215259959,0.6963092208164969,2.956320174441147,1.5202994550760511,,,2.98,251.24994376300006,6.5732214752404206
624,,AM,R3130,00,EHZ,61.1981981981982,-149.90658980942584,2026-09-07T12:32:59.995000Z,2026-09-07T12:33:59.995000Z,100.0,100.0,60.0,,noise,0,Noise,timeofday:America/Anchorage:day7-19:night1-5,AM,2.0-20.0,325.59424974922183,1947.2015445640973,269.2364179448768,1563.1217736076023,0.683776475120943,2.970967711053108,0.9508784114854616,,,2.98,251.24994376300006,6.221381585987814
625,,AM,R3130,00,EHZ,61.1981981981982,-149.90658980942584,2026-09-07T12:33:59.995000Z,2026-09-07T12:34:59.995000Z,100.0,100.0,60.0,,noise,0,Noise,timeofday:America/Anchorage:day7-19:night1-5,AM,2.0-20.0,308.5424528450091,1292.2014048710007,251.13055062195286,1231.3733129511174,0.662474616241324,2.6010595666901137,0.5800468837171904,,,2.98,251.24994376300006,4.900989407236054
626,,AM,R3130,00,EHZ,61.1981981981982,-149.90658980942584,2026-09-07T12:34:59.995000Z,2026-09-07T12:35:59.995000Z,100.0,100.0,60.0,,noise,0,Noise,timeofday:America/Anchorage:day7-19:night1-5,AM,2.0-20.0,326.57305233807784,1444.2005332100125,269.46329299113785,1236.6831023714537,0.6808297657284003,2.1696394280874327,0.5875417796391353,,,2.98,251.24994376300006,4.922122902196533
627,,AM,R3130,00,EHZ,61.1981981981982,-149.90658980942584,2026-09-07T12:35:59.995000Z,2026-09-07T12:36:59.995000Z,100.0,100.0,60.0,,noise,0,Noise,timeofday:America/Anchorage:day7-19:night1-5,AM,2.0-20.0,393.5197179682613,3069.800342140228,318.0680565214958,2835.8646519990407,0.6532916598576034,5.043033644121393,7.654395173528542,,,2.98,251.24994376300006,11.28702601690556
628,,AM,R3130,00,EHZ,61.1981981981982,-149.90658980942584,2026-09-07T12:36:59.995000Z,2026-09-07T12:37:59.995000Z,100.0,100.0,60.0,,noise,0,Noise,timeofday:America/Anchorage:day7-19:night1-5,AM,2.0-20.0,710.3416750298305,5298.19962176491,494.60431496217916,3609.2846276090268,0.48482076403242697,3.7842972111096995,6.523208419750237,,,2.98,251.24994376300006,14.365315166054746
629,,AM,R3130,00,EHZ,61.1981981981982,-149.90658980942584,2026-09-07T12:37:59.995000Z,2026-09-07T12:38:59.995000Z,100.0,100.0,60.0,,noise,0,Noise,timeofday:America/Anchorage:day7-19:night1-5,AM,2.0-20.0,306.0723748754602,1297.8013880935305,255.04376741530325,1053.7747313705436,0.69435435440006,2.642519485836536,0.23589905048216986,,,2.98,251.24994376300006,4.194129222829009
630,,AM,R3130,00,EHZ,61.1981981981982,-149.90658980942584,2026-09-07T12:38:59.995000Z,2026-09-07T12:39:59.995000Z,100.0,100.0,60.0,,noise,0,Noise,timeofday:America/Anchorage:day7-19:night1-5,AM,2.0-20.0,284.14631762096377,1143.1979118456366,233.48489370372693,915.9246324408108,0.675201673724113,1.801633516017709,-0.08734387265031751,,,2.98,251.24994376300006,3.6454719898555976
631,,AM,R3130,00,EHZ,61.1981981981982,-149.90658980942584,2026-09-07T12:39:59.995000Z,2026-09-07T12:40:59.995000Z,100.0,100.0,60.0,,noise,0,Noise,timeofday:America/Anchorage:day7-19:night1-5,AM,2.0-20.0,293.29710729726514,1235.8025820158218,244.02126836772752,1342.3239056274303,0.6922130792412446,2.673885722951557,0.3116897586838365,,,2.98,251.24994376300006,5.342583904789338
632,,AM,R3130,00,EHZ,61.1981981981982,-149.90658980942584,2026-09-07T12:40:59.995000Z,2026-09-07T12:41:59.995000Z,100.0,100.0,60.0,,noise,0,Noise,timeofday:America/Anchorage:day7-19:night1-5,AM,2.0-20.0,285.84952247991896,1094.8028674842972,238.89372741290506,902.6163229975782,0.6984487610757378,2.095887716534307,0.008346024900963034,,,2.98,251.24994376300006,3.592503582205779
633,,AM,R3130,00,EHZ,61.1981981981982,-149.90658980942584,2026-09-07T12:41:59.995000Z,2026-09-07T12:42:59.995000Z,100.0,100.0,60.0,,noise,0,Noise,timeofday:America/Anchorage:day7-19:night1-5,AM,2.0-20.0,279.81528606207945,1334.803649805519,217.15174579162047,1322.8421204183874,0.6022596654873265,2.0999507486359956,0.22047414841268864,,,2.98,251.24994376300006,5.265044443815687
634,,AM,R3130,00,EHZ,61.1981981981982,-149.90658980942584,2026-09-07T12:42:59.995000Z,2026-09-07T12:43:59.995000Z,100.0,100.0,60.0,,noise,0,Noise,timeofday:America/Anchorage:day7-19:night1-5,AM,2.0-20.0,279.47702039520425,1271.1956818412891,227.7608815768019,1373.858792675389,0.6641498232313435,2.7308874729122246,0.3143669256173576,,,2.98,251.24994376300006,5.46809592113313
635,,AM,R3130,00,EHZ,61.1981981981982,-149.90658980942584,2026-09-07T12:43:59.995000Z,2026-09-07T12:44:59.995000Z,100.0,100.0,60.0,,noise,0,Noise,timeofday:America/Anchorage:day7-19:night1-5,AM,2.0-20.0,528.4624820288848,3818.804700844008,493.35249802388876,3846.6031813908294,0.8715380303713431,6.209778000966983,5.983740645445442,,,2.98,251.24994376300006,15.309866835310686
636,,AM,R3130,00,EHZ,61.1981981981982,-149.90658980942584,2026-09-07T12:44:59.995000Z,2026-09-07T12:45:59.995000Z,100.0,100.0,60.0,,noise,0,Noise,timeofday:America/Anchorage:day7-19:night1-5,AM,2.0-20.0,503.2228016002162,4699.194475754432,470.1626622023225,3879.684282714394,0.8729224262864219,4.71230011735228,7.895709500917857,,,2.98,251.24994376300006,15.44153293970102
637,,AM,R3130,00,EHZ,61.1981981981982,-149.90658980942584,2026-09-07T12:45:59.995000Z,2026-09-07T12:46:59.995000Z,100.0,100.0,60.0,,noise,0,Noise,timeofday:America/Anchorage:day7-19:night1-5,AM,2.0-20.0,294.3381819347001,1098.8062378669001,237.31198464676652,1001.4067076034112,0.6500490631347773,2.0020770646765502,0.06568719505920972,,,2.98,251.24994376300006,3.9856992308345416
638,,AM,R3130,00,EHZ,61.1981981981982,-149.90658980942584,2026-09-07T12:46:59.995000Z,2026-09-07T12:47:59.995000Z,100.0,100.0,60.0,,noise,0,Noise,timeofday:America/Anchorage:day7-19:night1-5,AM,2.0-20.0,318.2858730185945,1459.8064823547465,269.8801997450572,1266.673667137594,0.7189642893234883,2.3060213106489016,0.8772109203958873,,,2.98,251.24994376300006,5.041488360819004
639,,AM,R3130,00,EHZ,61.1981981981982,-149.90658980942584,2026-09-07T12:47:59.995000Z,2026-09-07T12:48:59.995000Z,100.0,100.0,60.0,,noise,0,Noise,timeofday:America/Anchorage:day7-19:night1-5,AM,2.0-20.0,390.4216665811996,2340.8074867291616,348.2273813327131,2372.8741873723097,0.7955326563073908,3.695850372696266,3.250302501672344,,,2.98,251.24994376300006,9.444277486527929
640,,AM,R3130,00,EHZ,61.1981981981982,-149.90658980942584,2026-09-07T12:48:59.995000Z,2026-09-07T12:49:59.995000Z,100.0,100.0,60.0,,noise,0,Noise,timeofday:America/Anchorage:day7-19:night1-5,AM,2.0-20.0,355.39445844879265,1584.1924225351377,313.4323833850761,1471.7515612676802,0.7777972921617768,2.947175829695072,0.8989891996035615,,,2.98,251.24994376300006,5.8577189679133195
641,,AM,R3130,00,EHZ,61.1981981981982,-149.90658980942584,2026-09-07T12:49:59.995000Z,2026-09-07T12:50:59.995000Z,100.0,100.0,60.0,,noise,0,Noise,timeofday:America/Anchorage:day7-19:night1-5,AM,2.0-20.0,279.73050083145057,1086.191520861572,220.62002257222343,832.9497894894673,0.6220283854116357,1.906020784840656,-0.16085825565925438,,,2.98,251.24994376300006,3.3152237847868937
642,,AM,R3130,00,EHZ,61.1981981981982,-149.90658980942584,2026-09-07T12:50:59.995000Z,2026-09-07T12:51:59.995000Z,100.0,100.0,60.0,,noise,0,Noise,timeofday:America/Anchorage:day7-19:night1-5,AM,2.0-20.0,316.14901380923976,1200.8088549437653,258.3766570013913,1349.6574366325578,0.6679175989260653,2.051154349224748,0.2380307723308177,,,2.98,251.24994376300006,5.371772094427482
643,,AM,R3130,00,EHZ,61.1981981981982,-149.90658980942584,2026-09-07T12:51:59.995000Z,2026-09-07T12:52:59.995000Z,100.0,100.0,60.0,,noise,0,Noise,timeofday:America/Anchorage:day7-19:night1-5,AM,2.0-20.0,295.3503324429417,1359.1905420128041,240.24253970499578,872.1037309809045,0.661644783163015,2.532136642685175,-0.0594615161420764,,,2.98,251.24994376300006,3.471060402718122
644,,AM,R3130,00,EHZ,61.1981981981982,-149.90658980942584,2026-09-07T12:52:59.995000Z,2026-09-07T12:53:59.995000Z,100.0,100.0,60.0,,noise,0,Noise,timeofday:America/Anchorage:day7-19:night1-5,AM,2.0-20.0,289.9241596453986,1342.1898388609752,236.1624220833311,1024.1756012781775,0.6635181002106008,1.9094415515684715,0.18461883575846727,,,2.98,251.24994376300006,4.076321713505598
645,,AM,R3130,00,EHZ,61.1981981981982,-149.90658980942584,2026-09-07T12:53:59.995000Z,2026-09-07T12:54:59.995000Z,100.0,100.0,60.0,,noise,0,Noise,timeofday:America/Anchorage:day7-19:night1-5,AM,2.0-20.0,281.1384981688014,1060.8106243896473,227.62345751542887,929.8706132367234,0.6555312360134543,1.831348116017564,-0.13515928281156775,,,2.98,251.24994376300006,3.7009783935070453
646,,AM,R3130,00,EHZ,61.1981981981982,-149.90658980942584,2026-09-07T12:54:59.995000Z,2026-09-07T12:55:59.995000Z,100.0,100.0,60.0,,noise,0,Noise,timeofday:America/Anchorage:day7-19:night1-5,AM,2.0-20.0,304.16058224374837,1371.188417002626,257.9885262037627,1149.4312978771509,0.7194405648123342,1.9314204515582702,0.20188330259365062,,,2.98,251.24994376300006,4.57485196080836
647,,AM,R3130,00,EHZ,61.1981981981982,-149.90658980942584,2026-09-07T12:55:59.995000Z,2026-09-07T12:56:59.995000Z,100.0,100.0,60.0,,noise,0,Noise,timeofday:America/Anchorage:day7-19:night1-5,AM,2.0-20.0,289.3539860778507,1121.188110694853,230.88174822755803,940.5989476952886,0.6366786188224645,1.7669012122140235,-0.032125696712602014,,,2.98,251.24994376300006,3.743678241705559
648,,AM,R3130,00,EHZ,61.1981981981982,-149.90658980942584,2026-09-07T12:56:59.995000Z,2026-09-07T12:57:59.995000Z,100.0,100.0,60.0,,noise,0,Noise,timeofday:America/Anchorage:day7-19:night1-5,AM,2.0-20.0,336.1366411742742,1333.187515029931,286.23641049189916,1251.4772347590374,0.7251336212342605,2.399911443423057,0.14414978985628402,,,2.98,251.24994376300006,4.981005034331611
649,,AM,R3130,00,EHZ,61.1981981981982,-149.90658980942584,2026-09-07T12:57:59.995000Z,2026-09-07T12:58:59.995000Z,100.0,100.0,60.0,,noise,0,Noise,timeofday:America/Anchorage:day7-19:night1-5,AM,2.0-20.0,351.71889474500875,1250.8130379592967,301.91688777420114,1282.3460350942105,0.7368573376436931,1.7551410538418912,-0.09467260423193391,,,2.98,251.24994376300006,5.103865958687841
650,,AM,R3130,00,EHZ,61.1981981981982,-149.90658980942584,2026-09-07T12:58:59.995000Z,2026-09-07T12:59:59.995000Z,100.0,100.0,60.0,,noise,0,Noise,timeofday:America/Anchorage:day7-19:night1-5,AM,2.0-20.0,325.74554695350196,1271.1862614813217,276.44176016528417,1132.489895202095,0.7201953685093753,2.157113398201548,-0.004640552283957877,,,2.98,251.24994376300006,4.507423477357488
651,,AM,R3130,00,EHZ,61.1981981981982,-149.90658980942584,2026-09-07T12:59:59.995000Z,2026-09-07T13:00:59.995000Z,100.0,100.0,60.0,,noise,0,Noise,timeofday:America/Anchorage:day7-19:night1-5,AM,2.0-20.0,312.1270099238645,1359.1856730951986,251.14748772083746,1002.0521493600743,0.6474332095269638,1.875233577025116,0.0006404908168038403,,,2.98,251.24994376300006,3.9882681538241203
652,,AM,R3130,00,EHZ,61.1981981981982,-149.90658980942584,2026-09-07T15:02:59.995000Z,2026-09-07T15:03:59.995000Z,100.0,100.0,60.0,,traffic,1,Traffic,timeofday:America/Anchorage:day7-19:night1-5,AM,2.0-20.0,758.4368858326105,4052.1117393526038,724.6943844472287,3754.667222974116,0.9130002562638104,2.8081182139165883,0.33947945941189506,,,2.98,251.24994376300006,14.94395249105342
653,,AM,R3130,00,EHZ,61.1981981981982,-149.90658980942584,2026-09-07T15:05:59.995000Z,2026-09-07T15:06:59.995000Z,100.0,100.0,60.0,,traffic,1,Traffic,timeofday:America/Anchorage:day7-19:night1-5,AM,2.0-20.0,775.2207345226267,3294.1101109957526,738.5180478068484,2908.696019479994,0.9075518905564672,1.8147516644380437,-0.046990394138465064,,,2.98,251.24994376300006,11.57690217126464
654,,AM,R3130,00,EHZ,61.1981981981982,-149.90658980942584,2026-09-07T15:11:59.995000Z,2026-09-07T15:12:59.995000Z,100.0,100.0,60.0,,traffic,1,Traffic,timeofday:America/Anchorage:day7-19:night1-5,AM,2.0-20.0,953.5586024238652,7255.89352800441,909.152431269304,7096.095002946724,0.9090308705378392,3.3029907619363152,3.148935515022302,,,2.98,251.24994376300006,28.243170512469263
655,,AM,R3130,00,EHZ,61.1981981981982,-149.90658980942584,2026-09-07T15:12:59.995000Z,2026-09-07T15:13:59.995000Z,100.0,100.0,60.0,,traffic,1,Traffic,timeofday:America/Anchorage:day7-19:night1-5,AM,2.0-20.0,1277.8361872254927,6747.893857743931,1079.7125993440843,6089.749369165164,0.7139469997409102,4.990129731642348,2.2081658816556278,,,2.98,251.24994376300006,24.237813859610352
656,,AM,R3130,00,EHZ,61.1981981981982,-149.90658980942584,2026-09-07T15:14:59.995000Z,2026-09-07T15:15:59.995000Z,100.0,100.0,60.0,,traffic,1,Traffic,timeofday:America/Anchorage:day7-19:night1-5,AM,2.0-20.0,766.5692423223175,2934.895193652639,738.4315776801405,2817.9405679544516,0.9279353956965884,1.9086326817117345,-0.02233478145495038,,,2.98,251.24994376300006,11.215686362949274
657,,AM,R3130,00,EHZ,61.1981981981982,-149.90658980942584,2026-09-07T15:15:59.995000Z,2026-09-07T15:16:59.995000Z,100.0,100.0,60.0,,traffic,1,Traffic,timeofday:America/Anchorage:day7-19:night1-5,AM,2.0-20.0,952.9107558364908,4925.104059722164,918.8329901521134,4603.439392013284,0.9297553836144283,3.5810802219819857,1.1145935127810773,,,2.98,251.24994376300006,18.322150934909793
658,,AM,R3130,00,EHZ,61.1981981981982,-149.90658980942584,2026-09-07T15:16:59.995000Z,2026-09-07T15:17:59.995000Z,100.0,100.0,60.0,,traffic,1,Traffic,timeofday:America/Anchorage:day7-19:night1-5,AM,2.0-20.0,810.2775577314816,3857.8961108808962,774.830855701783,4262.2127938625035,0.9144210044480241,1.5732823086508965,0.19966763229659845,,,2.98,251.24994376300006,16.96403481738877
659,,AM,R3130,00,EHZ,61.1981981981982,-149.90658980942584,2026-09-07T15:17:59.995000Z,2026-09-07T15:18:59.995000Z,100.0,100.0,60.0,,traffic,1,Traffic,timeofday:America/Anchorage:day7-19:night1-5,AM,2.0-20.0,755.1664685896116,2886.102872380703,721.7394564188971,2605.039742410155,0.913430482589345,1.5841951692950231,-0.04757438649594592,,,2.98,251.24994376300006,10.368319703456118
660,,AM,R3130,00,EHZ,61.1981981981982,-149.90658980942584,2026-09-07T15:21:59.995000Z,2026-09-07T15:22:59.995000Z,100.0,100.0,60.0,,traffic,1,Traffic,timeofday:America/Anchorage:day7-19:night1-5,AM,2.0-20.0,880.5662678989763,4283.899239068975,835.7590131214389,3911.712187447472,0.9008200587667649,2.193707786594938,0.45020346118621335,,,2.98,251.24994376300006,15.569007215927282
661,,AM,R3130,00,EHZ,61.1981981981982,-149.90658980942584,2026-09-07T15:28:59.995000Z,2026-09-07T15:29:59.995000Z,100.0,100.0,60.0,,traffic,1,Traffic,timeofday:America/Anchorage:day7-19:night1-5,AM,2.0-20.0,873.889224975433,6036.096677026799,835.2133586779827,4195.56800569084,0.9134443520512312,1.7542829379987523,0.7128708661797925,,,2.98,251.24994376300006,16.69878186977208
662,,AM,R3130,00,EHZ,61.1981981981982,-149.90658980942584,2026-09-07T15:29:59.995000Z,2026-09-07T15:30:59.995000Z,100.0,100.0,60.0,,traffic,1,Traffic,timeofday:America/Anchorage:day7-19:night1-5,AM,2.0-20.0,751.3088966264826,2598.904264331173,709.2359928945552,2522.4957225770486,0.891136991305782,1.861722885313092,-0.08640763790377193,,,2.98,251.24994376300006,10.039786217649773
663,,AM,R3130,00,EHZ,61.1981981981982,-149.90658980942584,2026-09-07T15:31:59.995000Z,2026-09-07T15:32:59.995000Z,100.0,100.0,60.0,,traffic,1,Traffic,timeofday:America/Anchorage:day7-19:night1-5,AM,2.0-20.0,725.4303639112869,2749.9054988352564,693.979042310724,2954.728994585142,0.9151688959813157,1.7193417798571622,-0.025358089091178204,,,2.98,251.24994376300006,11.76011803358766
664,,AM,R3130,00,EHZ,61.1981981981982,-149.90658980942584,2026-09-07T15:37:59.995000Z,2026-09-07T15:38:59.995000Z,100.0,100.0,60.0,,traffic,1,Traffic,timeofday:America/Anchorage:day7-19:night1-5,AM,2.0-20.0,1039.4043461535996,5188.909086784124,973.6101148657922,4723.429709855143,0.8774070050344935,3.1255120618634304,1.0697425248481771,,,2.98,251.24994376300006,18.799724446150233
665,,AM,R3130,00,EHZ,61.1981981981982,-149.90658980942584,2026-09-07T15:38:59.995000Z,2026-09-07T15:39:59.995000Z,100.0,100.0,60.0,,traffic,1,Traffic,timeofday:America/Anchorage:day7-19:night1-5,AM,2.0-20.0,1110.0658306487999,5219.909694613612,1029.2092608453606,4981.5614747572445,0.8596267101403385,2.8428279130323197,0.5212843882206806,,,2.98,251.24994376300006,19.827114785172924
666,,AM,R3130,00,EHZ,61.1981981981982,-149.90658980942584,2026-09-07T15:41:59.995000Z,2026-09-07T15:42:59.995000Z,100.0,100.0,60.0,,traffic,1,Traffic,timeofday:America/Anchorage:day7-19:night1-5,AM,2.0-20.0,855.7387706832751,5631.0884177846765,825.6237203623624,6443.338972927981,0.9308547215151906,3.3834720711018687,1.2252803701561321,,,2.98,251.24994376300006,25.645135980630812
667,,AM,R3130,00,EHZ,61.1981981981982,-149.90658980942584,2026-09-07T15:47:59.995000Z,2026-09-07T15:48:59.995000Z,100.0,100.0,60.0,,traffic,1,Traffic,timeofday:America/Anchorage:day7-19:night1-5,AM,2.0-20.0,714.980777037308,3154.914694350162,684.2114486048936,3347.186116241852,0.9157816613743485,3.3075361183267873,0.5319066661365364,,,2.98,251.24994376300006,13.322136777866097
668,,AM,R3130,00,EHZ,61.1981981981982,-149.90658980942584,2026-09-07T15:52:59.995000Z,2026-09-07T15:53:59.995000Z,100.0,100.0,60.0,,traffic,1,Traffic,timeofday:America/Anchorage:day7-19:night1-5,AM,2.0-20.0,764.869812084882,2849.081982429856,725.2054395742335,3157.22012996011,0.8989738625602137,2.1859853190891325,0.1372014541427542,,,2.98,251.24994376300006,12.56605308114323
669,,AM,R3130,00,EHZ,61.1981981981982,-149.90658980942584,2026-09-07T15:53:59.995000Z,2026-09-07T15:54:59.995000Z,100.0,100.0,60.0,,traffic,1,Traffic,timeofday:America/Anchorage:day7-19:night1-5,AM,2.0-20.0,702.2580701922442,2611.9183232796604,665.2613924580114,2630.2265586350914,0.8974105349688692,1.6116641668983993,0.08934158485359855,,,2.98,251.24994376300006,10.468565760620193
670,,AM,R3130,00,EHZ,61.1981981981982,-149.90658980942584,2026-09-07T15:54:59.995000Z,2026-09-07T15:55:59.995000Z,100.0,100.0,60.0,,traffic,1,Traffic,timeofday:America/Anchorage:day7-19:night1-5,AM,2.0-20.0,765.3466716122574,4036.9193976501865,732.6207411274298,4638.343005287531,0.9163091510099254,3.2978105127503206,1.4106915801774758,,,2.98,251.24994376300006,18.461070819831917
671,,AM,R3130,00,EHZ,61.1981981981982,-149.90658980942584,2026-09-07T15:57:59.995000Z,2026-09-07T15:58:59.995000Z,100.0,100.0,60.0,,traffic,1,Traffic,timeofday:America/Anchorage:day7-19:night1-5,AM,2.0-20.0,729.5616683574917,3993.9211640050726,686.46579938693,3575.803636156133,0.8853475593222371,2.9029408413766604,0.44552999075244015,,,2.98,251.24994376300006,14.232057458803373
672,,AM,R3130,00,EHZ,61.1981981981982,-149.90658980942584,2026-09-07T16:02:59.995000Z,2026-09-07T16:03:59.995000Z,100.0,100.0,60.0,,traffic,1,Traffic,timeofday:America/Anchorage:day7-19:night1-5,AM,2.0-20.0,832.4558159724885,4249.076193093286,790.612318240404,4059.4384826929518,0.9019963280332113,3.149739570833998,1.0490039348593498,,,2.98,251.24994376300006,16.15697270174179
673,,AM,R3130,00,EHZ,61.1981981981982,-149.90658980942584,2026-09-07T16:03:59.995000Z,2026-09-07T16:04:59.995000Z,100.0,100.0,60.0,,traffic,1,Traffic,timeofday:America/Anchorage:day7-19:night1-5,AM,2.0-20.0,702.507098428187,2821.9247137651764,666.6463373575206,2928.6564103012493,0.900512117114802,1.9282435796088655,0.09384624998778301,,,2.98,251.24994376300006,11.656346530623715
674,,AM,R3130,00,EHZ,61.1981981981982,-149.90658980942584,2026-09-07T16:05:59.995000Z,2026-09-07T16:06:59.995000Z,100.0,100.0,60.0,,traffic,1,Traffic,timeofday:America/Anchorage:day7-19:night1-5,AM,2.0-20.0,919.2964868077368,6317.074408591261,881.9203284150661,6029.5698588035075,0.9203383214139793,3.5730948256900326,2.6093223942111887,,,2.98,251.24994376300006,23.998293366748378
675,,AM,R3130,00,EHZ,61.1981981981982,-149.90658980942584,2026-09-07T16:07:59.995000Z,2026-09-07T16:08:59.995000Z,100.0,100.0,60.0,,traffic,1,Traffic,timeofday:America/Anchorage:day7-19:night1-5,AM,2.0-20.0,677.1739365038088,2536.0729093582922,636.0407007962626,2457.310458589348,0.8822046572164666,2.2213689083599255,0.004940840012785941,,,2.98,251.24994376300006,9.780342322811775
676,,AM,R3130,00,EHZ,61.1981981981982,-149.90658980942584,2026-09-07T16:08:59.995000Z,2026-09-07T16:09:59.995000Z,100.0,100.0,60.0,,traffic,1,Traffic,timeofday:America/Anchorage:day7-19:night1-5,AM,2.0-20.0,899.7566490707127,4813.072416992476,867.7667854100263,4512.85300263948,0.9301562675099317,2.663004121742796,1.360205227540865,,,2.98,251.24994376300006,17.96160801093106
677,,AM,R3130,00,EHZ,61.1981981981982,-149.90658980942584,2026-09-07T16:09:59.995000Z,2026-09-07T16:10:59.995000Z,100.0,100.0,60.0,,traffic,1,Traffic,timeofday:America/Anchorage:day7-19:night1-5,AM,2.0-20.0,830.1955448504089,5686.071954140691,731.2439914361245,3849.466008178715,0.7758250966257948,2.744904071554603,0.5681394118737262,,,2.98,251.24994376300006,15.32126117333524
678,,AM,R3130,00,EHZ,61.1981981981982,-149.90658980942584,2026-09-07T16:11:59.995000Z,2026-09-07T16:12:59.995000Z,100.0,100.0,60.0,,traffic,1,Traffic,timeofday:America/Anchorage:day7-19:night1-5,AM,2.0-20.0,731.6325411515799,3940.929173474742,681.8752727592655,3611.6962908712535,0.868608062527175,3.0350962955271994,0.7766657802009784,,,2.98,251.24994376300006,14.374913827953359
679,,AM,R3130,00,EHZ,61.1981981981982,-149.90658980942584,2026-09-07T16:12:59.995000Z,2026-09-07T16:13:59.995000Z,100.0,100.0,60.0,,traffic,1,Traffic,timeofday:America/Anchorage:day7-19:night1-5,AM,2.0-20.0,928.9319346537297,4763.06996164452,890.3068546549647,4898.621868235531,0.9185687103644583,3.879782811092116,2.045598476561496,,,2.98,251.24994376300006,19.497006824631654
680,,AM,R3130,00,EHZ,61.1981981981982,-149.90658980942584,2026-09-07T16:16:59.995000Z,2026-09-07T16:17:59.995000Z,100.0,100.0,60.0,,traffic,1,Traffic,timeofday:America/Anchorage:day7-19:night1-5,AM,2.0-20.0,848.169904913074,4224.068009032175,816.8279493337724,4348.547987881211,0.9274605845227297,1.9757552903652207,1.5112950227979631,,,2.98,251.24994376300006,17.30765755706248
681,,AM,R3130,00,EHZ,61.1981981981982,-149.90658980942584,2026-09-07T16:18:59.995000Z,2026-09-07T16:19:59.995000Z,100.0,100.0,60.0,,traffic,1,Traffic,timeofday:America/Anchorage:day7-19:night1-5,AM,2.0-20.0,943.4536425829496,5708.066599737229,894.7965466576459,5527.190896573524,0.8995130480881407,2.908171234025505,1.1637572764392718,,,2.98,251.24994376300006,21.998774661566618
682,,AM,R3130,00,EHZ,61.1981981981982,-149.90658980942584,2026-09-07T16:20:59.995000Z,2026-09-07T16:21:59.995000Z,100.0,100.0,60.0,,traffic,1,Traffic,timeofday:America/Anchorage:day7-19:night1-5,AM,2.0-20.0,1172.975121784801,6058.065566048204,1037.1207924184143,5625.149963311254,0.7817737435975682,4.265862711874445,2.185537229194752,,,2.98,251.24994376300006,22.388661581621548
683,,AM,R3130,00,EHZ,61.1981981981982,-149.90658980942584,2026-09-07T16:23:59.995000Z,2026-09-07T16:24:59.995000Z,100.0,100.0,60.0,,traffic,1,Traffic,timeofday:America/Anchorage:day7-19:night1-5,AM,2.0-20.0,950.7243714115773,6189.063266546293,914.3865038981779,5983.721883279024,0.9250183768344653,5.692864296148511,5.605774440196706,,,2.98,251.24994376300006,23.815813821329133
684,,AM,R3130,00,EHZ,61.1981981981982,-149.90658980942584,2026-09-07T16:24:59.995000Z,2026-09-07T16:25:59.995000Z,100.0,100.0,60.0,,traffic,1,Traffic,timeofday:America/Anchorage:day7-19:night1-5,AM,2.0-20.0,1241.7678318039946,5791.936970961884,1191.2310231709573,5614.597849521982,0.9202613447577785,2.231540656098135,1.4847244995404782,,,2.98,251.24994376300006,22.346663109378206
685,,AM,R3130,00,EHZ,61.1981981981982,-149.90658980942584,2026-09-07T16:25:59.995000Z,2026-09-07T16:26:59.995000Z,100.0,100.0,60.0,,traffic,1,Traffic,timeofday:America/Anchorage:day7-19:night1-5,AM,2.0-20.0,892.9985357869226,4794.9376024225385,805.2405827903968,5227.084900107037,0.8131109607320226,4.458506652129277,1.5633251368682908,,,2.98,251.24994376300006,20.804322666984
686,,AM,R3130,00,EHZ,61.1981981981982,-149.90658980942584,2026-09-07T16:27:59.995000Z,2026-09-07T16:28:59.995000Z,100.0,100.0,60.0,,traffic,1,Traffic,timeofday:America/Anchorage:day7-19:night1-5,AM,2.0-20.0,749.5487434470317,4985.939145627424,694.6741812813655,4722.482679354076,0.8589394601261215,4.785827653176102,2.834563612992352,,,2.98,251.24994376300006,18.795955169680422
687,,AM,R3130,00,EHZ,61.1981981981982,-149.90658980942584,2026-09-07T16:33:59.995000Z,2026-09-07T16:34:59.995000Z,100.0,100.0,60.0,,traffic,1,Traffic,timeofday:America/Anchorage:day7-19:night1-5,AM,2.0-20.0,874.4189846058233,5408.057299527283,789.3189583595703,5014.427473360063,0.8148279395473909,3.4629640210268486,1.7882362267961254,,,2.98,251.24994376300006,19.957924759139807
688,,AM,R3130,00,EHZ,61.1981981981982,-149.90658980942584,2026-09-07T16:39:59.995000Z,2026-09-07T16:40:59.995000Z,100.0,100.0,60.0,,traffic,1,Traffic,timeofday:America/Anchorage:day7-19:night1-5,AM,2.0-20.0,742.5658559289707,7914.946311554202,697.4589682392718,7613.446528492448,0.8822006512864499,4.019229792521395,5.64431273768308,,,2.98,251.24994376300006,30.302281522793443
689,,AM,R3130,00,EHZ,61.1981981981982,-149.90658980942584,2026-09-07T16:47:59.995000Z,2026-09-07T16:48:59.995000Z,100.0,100.0,60.0,,traffic,1,Traffic,timeofday:America/Anchorage:day7-19:night1-5,AM,2.0-20.0,918.3653797680107,4523.951126229807,856.5139983972606,4790.515787874142,0.8698370928065657,2.3459196404215428,0.9185977315595268,,,2.98,251.24994376300006,19.066733771661884
690,,AM,R3130,00,EHZ,61.1981981981982,-149.90658980942584,2026-09-07T16:52:59.995000Z,2026-09-07T16:53:59.995000Z,100.0,100.0,60.0,,traffic,1,Traffic,timeofday:America/Anchorage:day7-19:night1-5,AM,2.0-20.0,762.8773534033147,3484.04611959268,716.0011073153885,3075.122700542821,0.8808824194361103,1.8153605860671966,0.1694480422507887,,,2.98,251.24994376300006,12.239297070026545
691,,AM,R3130,00,EHZ,61.1981981981982,-149.90658980942584,2026-09-07T16:53:59.995000Z,2026-09-07T16:54:59.995000Z,100.0,100.0,60.0,,traffic,1,Traffic,timeofday:America/Anchorage:day7-19:night1-5,AM,2.0-20.0,759.2277613761146,7772.045413748694,715.2104255024307,7422.29184210391,0.8874083550375693,6.234280406289598,8.39278215149188,,,2.98,251.24994376300006,29.54146668030794
692,,AM,R3130,00,EHZ,61.1981981981982,-149.90658980942584,2026-09-07T17:12:59.995000Z,2026-09-07T17:13:59.995000Z,100.0,100.0,60.0,,traffic,1,Traffic,timeofday:America/Anchorage:day7-19:night1-5,AM,2.0-20.0,755.4204450399076,2949.0340282129746,651.1693775635033,2529.328099492435,0.7430370483789017,1.9188798615484561,0.03051903325001648,,,2.98,251.24994376300006,10.06697976369821
693,,AM,R3130,00,EHZ,61.1981981981982,-149.90658980942584,2026-09-07T17:13:59.995000Z,2026-09-07T17:14:59.995000Z,100.0,100.0,60.0,,traffic,1,Traffic,timeofday:America/Anchorage:day7-19:night1-5,AM,2.0-20.0,1156.136305861092,6787.033546715502,1007.6086288053067,6798.039412306927,0.7595662809786698,2.8292494590134716,2.00365039082212,,,2.98,251.24994376300006,27.056879338923977
694,,AM,R3130,00,EHZ,61.1981981981982,-149.90658980942584,2026-09-07T17:16:59.995000Z,2026-09-07T17:17:59.995000Z,100.0,100.0,60.0,,traffic,1,Traffic,timeofday:America/Anchorage:day7-19:night1-5,AM,2.0-20.0,1464.6674349400832,9229.031844274445,1342.1580603082148,8055.469457684454,0.839709905733033,4.22719138008131,3.188773377163744,,,2.98,251.24994376300006,32.061577157139766
695,,AM,R3130,00,EHZ,61.1981981981982,-149.90658980942584,2026-09-07T17:19:59.995000Z,2026-09-07T17:20:59.995000Z,100.0,100.0,60.0,,traffic,1,Traffic,timeofday:America/Anchorage:day7-19:night1-5,AM,2.0-20.0,752.8706260190428,3585.9696731056647,689.9942731816758,4225.55211702949,0.8399438726546075,2.9920133154302664,1.0715426500458722,,,2.98,251.24994376300006,16.818121643105254
696,,AM,R3130,00,EHZ,61.1981981981982,-149.90658980942584,2026-09-07T17:24:59.995000Z,2026-09-07T17:25:59.995000Z,100.0,100.0,60.0,,traffic,1,Traffic,timeofday:America/Anchorage:day7-19:night1-5,AM,2.0-20.0,659.5700808223648,2328.027197509742,602.4815366171405,2240.716262524455,0.8343832751961888,1.6414599645926637,0.06769190834956884,,,2.98,251.24994376300006,8.91827567785681
697,,AM,R3130,00,EHZ,61.1981981981982,-149.90658980942584,2026-09-07T17:29:59.995000Z,2026-09-07T17:30:59.995000Z,100.0,100.0,60.0,,traffic,1,Traffic,timeofday:America/Anchorage:day7-19:night1-5,AM,2.0-20.0,744.2780597169163,4535.024303938264,682.6036027358205,4789.831931975625,0.8411369641902416,2.828258628334101,1.1443073184526389,,,2.98,251.24994376300006,19.0640119565312
698,,AM,R3130,00,EHZ,61.1981981981982,-149.90658980942584,2026-09-07T17:30:59.995000Z,2026-09-07T17:31:59.995000Z,100.0,100.0,60.0,,traffic,1,Traffic,timeofday:America/Anchorage:day7-19:night1-5,AM,2.0-20.0,1107.5945593701538,7158.0235509316535,959.67820271228,6135.882265866622,0.7507401346446326,2.751430412288112,1.9810359774401682,,,2.98,251.24994376300006,24.421427419918146
699,,AM,R3130,00,EHZ,61.1981981981982,-149.90658980942584,2026-09-07T17:33:59.995000Z,2026-09-07T17:34:59.995000Z,100.0,100.0,60.0,,traffic,1,Traffic,timeofday:America/Anchorage:day7-19:night1-5,AM,2.0-20.0,847.4173220934946,3995.97848633411,757.5975009268157,3852.8115839256197,0.7992495352723816,3.263214758812132,0.8904867447504321,,,2.98,251.24994376300006,15.334576900681473
700,,AM,R3130,00,EHZ,61.1981981981982,-149.90658980942584,2026-09-07T17:41:59.995000Z,2026-09-07T17:42:59.995000Z,100.0,100.0,60.0,,traffic,1,Traffic,timeofday:America/Anchorage:day7-19:night1-5,AM,2.0-20.0,1062.8906920981,6486.983139679645,914.900325811318,6037.280597888973,0.7409183599700294,3.496910837874061,2.497752230331592,,,2.98,251.24994376300006,24.02898288241545
701,,AM,R3130,00,EHZ,61.1981981981982,-149.90658980942584,2026-09-07T17:47:59.995000Z,2026-09-07T17:48:59.995000Z,100.0,100.0,60.0,,traffic,1,Traffic,timeofday:America/Anchorage:day7-19:night1-5,AM,2.0-20.0,1033.1812373170062,4940.986664113521,871.1968661675163,3913.97110365508,0.7110163500291045,2.340399881963871,0.41225808729289914,,,2.98,251.24994376300006,15.577997929213725
702,,AM,R3130,00,EHZ,61.1981981981982,-149.90658980942584,2026-09-07T17:48:59.995000Z,2026-09-07T17:49:59.995000Z,100.0,100.0,60.0,,traffic,1,Traffic,timeofday:America/Anchorage:day7-19:night1-5,AM,2.0-20.0,1086.900258087682,5513.012513781143,986.2973387636116,5881.7014658058515,0.8234483029756909,2.616648420274496,0.9421112535589278,,,2.98,251.24994376300006,23.40976231761454
703,,AM,R3130,00,EHZ,61.1981981981982,-149.90658980942584,2026-09-07T17:55:59.995000Z,2026-09-07T17:56:59.995000Z,100.0,100.0,60.0,,traffic,1,Traffic,timeofday:America/Anchorage:day7-19:night1-5,AM,2.0-20.0,1236.111533326839,6870.991539013701,1065.4396959670867,5592.964830933395,0.7429206501575211,2.839600554351126,1.2440704122670718,,,2.98,251.24994376300006,22.260561523584446
704,,AM,R3130,00,EHZ,61.1981981981982,-149.90658980942584,2026-09-07T17:59:59.995000Z,2026-09-07T18:00:59.995000Z,100.0,100.0,60.0,,traffic,1,Traffic,timeofday:America/Anchorage:day7-19:night1-5,AM,2.0-20.0,833.143455866284,7990.994037137059,767.9988763875801,8157.921369924832,0.8497312582010016,5.452488889901991,7.584277638101765,,,2.98,251.24994376300006,32.46934605334704
705,,AM,R3130,00,EHZ,61.1981981981982,-149.90658980942584,2026-09-07T18:11:59.995000Z,2026-09-07T18:12:59.995000Z,100.0,100.0,60.0,,traffic,1,Traffic,timeofday:America/Anchorage:day7-19:night1-5,AM,2.0-20.0,844.0372108746254,3938.9992045488507,758.1998924554106,3052.136471181771,0.8069455846274889,2.001867333907758,0.4411421972280283,,,2.98,251.24994376300006,12.147809569505023
706,,AM,R3130,00,EHZ,61.1981981981982,-149.90658980942584,2026-09-07T18:14:59.995000Z,2026-09-07T18:15:59.995000Z,100.0,100.0,60.0,,traffic,1,Traffic,timeofday:America/Anchorage:day7-19:night1-5,AM,2.0-20.0,798.5450135805962,3331.002976398391,758.2280061652881,3018.0891023837344,0.9015728793587567,2.521817173537379,0.29523057177867473,,,2.98,251.24994376300006,12.012297623559464
707,,AM,R3130,00,EHZ,61.1981981981982,-149.90658980942584,2026-09-07T18:17:59.995000Z,2026-09-07T18:18:59.995000Z,100.0,100.0,60.0,,traffic,1,Traffic,timeofday:America/Anchorage:day7-19:night1-5,AM,2.0-20.0,729.1412267996553,3426.004921033973,683.2256576510441,2960.4024278219586,0.8780212470808987,2.172500370302299,0.44372354172767636,,,2.98,251.24994376300006,11.78269886744515
708,,AM,R3130,00,EHZ,61.1981981981982,-149.90658980942584,2026-09-07T18:21:59.995000Z,2026-09-07T18:22:59.995000Z,100.0,100.0,60.0,,traffic,1,Traffic,timeofday:America/Anchorage:day7-19:night1-5,AM,2.0-20.0,1408.8594473179194,7674.992907192065,1288.1116708828743,8004.761275667326,0.8359334293425442,3.3650146528227376,2.360825620476364,,,2.98,251.24994376300006,31.85975350194739
709,,AM,R3130,00,EHZ,61.1981981981982,-149.90658980942584,2026-09-07T18:25:59.995000Z,2026-09-07T18:26:59.995000Z,100.0,100.0,60.0,,traffic,1,Traffic,timeofday:America/Anchorage:day7-19:night1-5,AM,2.0-20.0,727.9612359701385,3627.009743885761,683.6001221165003,3499.6662918535485,0.8818358607534377,2.383280234990062,0.9686557131083591,,,2.98,251.24994376300006,13.929023184796117
710,,AM,R3130,00,EHZ,61.1981981981982,-149.90658980942584,2026-09-07T18:28:59.995000Z,2026-09-07T18:29:59.995000Z,100.0,100.0,60.0,,traffic,1,Traffic,timeofday:America/Anchorage:day7-19:night1-5,AM,2.0-20.0,718.9227853266341,2820.0113334555936,675.827090044675,2874.7244673035366,0.8837037458340007,2.3065734127788295,0.18578604898356854,,,2.98,251.24994376300006,11.44169198308445
711,,AM,R3130,00,EHZ,61.1981981981982,-149.90658980942584,2026-09-07T18:29:59.995000Z,2026-09-07T18:30:59.995000Z,100.0,100.0,60.0,,traffic,1,Traffic,timeofday:America/Anchorage:day7-19:night1-5,AM,2.0-20.0,821.8722441766106,7061.988011153457,779.3768826966552,6789.062572044659,0.8992623522124235,4.802606397412206,5.759853582975987,,,2.98,251.24994376300006,27.021150613465093
712,,AM,R3130,00,EHZ,61.1981981981982,-149.90658980942584,2026-09-07T18:30:59.995000Z,2026-09-07T18:31:59.995000Z,100.0,100.0,60.0,,traffic,1,Traffic,timeofday:America/Anchorage:day7-19:night1-5,AM,2.0-20.0,734.0141526634415,2866.987834667534,690.395463664019,2847.804251945879,0.8846815920911205,1.7305655882815916,-0.03808629651459716,,,2.98,251.24994376300006,11.3345468233504
713,,AM,R3130,00,EHZ,61.1981981981982,-149.90658980942584,2026-09-07T18:32:59.995000Z,2026-09-07T18:33:59.995000Z,100.0,100.0,60.0,,traffic,1,Traffic,timeofday:America/Anchorage:day7-19:night1-5,AM,2.0-20.0,794.9417260960479,3675.013404822028,747.5452068313638,4036.7063111495177,0.8843095912461348,1.9772636120988305,0.27957326541834515,,,2.98,251.24994376300006,16.066496376840092
714,,AM,R3130,00,EHZ,61.1981981981982,-149.90658980942584,2026-09-07T18:37:59.995000Z,2026-09-07T18:38:59.995000Z,100.0,100.0,60.0,,traffic,1,Traffic,timeofday:America/Anchorage:day7-19:night1-5,AM,2.0-20.0,795.7856864973019,5040.0167940497395,743.119112299693,5145.397062676384,0.8720163249206996,3.678065734107128,1.4034248280937103,,,2.98,251.24994376300006,20.479196873094438
715,,AM,R3130,00,EHZ,61.1981981981982,-149.90658980942584,2026-09-07T18:43:59.995000Z,2026-09-07T18:44:59.995000Z,100.0,100.0,60.0,,traffic,1,Traffic,timeofday:America/Anchorage:day7-19:night1-5,AM,2.0-20.0,866.287139880643,6096.979898284972,819.6201288251656,6610.329337668152,0.8951617085981048,3.3368734561362063,3.909041505881939,,,2.98,251.24994376300006,26.30977439701864
716,,AM,R3130,00,EHZ,61.1981981981982,-149.90658980942584,2026-09-07T18:47:59.995000Z,2026-09-07T18:48:59.995000Z,100.0,100.0,60.0,,traffic,1,Traffic,timeofday:America/Anchorage:day7-19:night1-5,AM,2.0-20.0,788.2671364327067,3926.0226928674074,746.0944880754606,3227.063788736714,0.895861393736579,2.5954438742739594,0.5839392499691161,,,2.98,251.24994376300006,12.844037854912916
717,,AM,R3130,00,EHZ,61.1981981981982,-149.90658980942584,2026-09-07T18:51:59.995000Z,2026-09-07T18:52:59.995000Z,100.0,100.0,60.0,,traffic,1,Traffic,timeofday:America/Anchorage:day7-19:night1-5,AM,2.0-20.0,1165.9494903989223,7486.974812997616,1060.4890459688309,7572.183714416093,0.8272807141246579,3.9335733793574637,3.9230405194065776,,,2.98,251.24994376300006,30.13805138025746
718,,AM,R3130,00,EHZ,61.1981981981982,-149.90658980942584,2026-09-07T18:54:59.995000Z,2026-09-07T18:55:59.995000Z,100.0,100.0,60.0,,traffic,1,Traffic,timeofday:America/Anchorage:day7-19:night1-5,AM,2.0-20.0,764.0079032160633,5188.027078293349,729.835095438138,4891.384830582578,0.9125439380969532,2.8670973417925105,1.165459059572223,,,2.98,251.24994376300006,19.46820268822245
719,,AM,R3130,00,EHZ,61.1981981981982,-149.90658980942584,2026-09-07T18:55:59.995000Z,2026-09-07T18:56:59.995000Z,100.0,100.0,60.0,,traffic,1,Traffic,timeofday:America/Anchorage:day7-19:night1-5,AM,2.0-20.0,798.177098030734,4352.972337209201,754.6948828744778,4034.793839960925,0.8940139297797929,2.854105251117594,1.5497547978779789,,,2.98,251.24994376300006,16.058884549510108
720,,AM,R3130,00,EHZ,61.1981981981982,-149.90658980942584,2026-09-07T18:57:59.995000Z,2026-09-07T18:58:59.995000Z,100.0,100.0,60.0,,traffic,1,Traffic,timeofday:America/Anchorage:day7-19:night1-5,AM,2.0-20.0,877.0350574511306,7734.028539038427,839.8062025299316,6921.622850168948,0.9169048046544187,4.983712777745206,2.6552632467189463,,,2.98,251.24994376300006,27.548753828570014
721,,AM,R3130,00,EHZ,61.1981981981982,-149.90658980942584,2026-09-07T19:03:59.995000Z,2026-09-07T19:04:59.995000Z,100.0,100.0,60.0,,traffic,1,Traffic,timeofday:America/Anchorage:day7-19:night1-5,AM,2.0-20.0,801.290738248486,4208.032223207021,739.3867252410616,4080.7193922420793,0.8514576509352497,2.4312959117399684,0.7266274521485387,,,2.98,251.24994376300006,16.241672858209093
722,,AM,R3130,00,EHZ,61.1981981981982,-149.90658980942584,2026-09-07T19:06:59.995000Z,2026-09-07T19:07:59.995000Z,100.0,100.0,60.0,,traffic,1,Traffic,timeofday:America/Anchorage:day7-19:night1-5,AM,2.0-20.0,1322.8526103246054,7193.034164751607,1206.995928257704,6856.159973767697,0.8325085314319236,3.512163339422059,2.782992256543321,,,2.98,251.24994376300006,27.288205008455645
723,,AM,R3130,00,EHZ,61.1981981981982,-149.90658980942584,2026-09-07T19:07:59.995000Z,2026-09-07T19:08:59.995000Z,100.0,100.0,60.0,,traffic,1,Traffic,timeofday:America/Anchorage:day7-19:night1-5,AM,2.0-20.0,1577.30548116211,16742.03438221816,1392.9905520364546,16334.501600390471,0.7799463260418289,3.887282069509422,14.21855521990923,,,2.98,251.24994376300006,65.01295624487199
724,,AM,R3130,00,EHZ,61.1981981981982,-149.90658980942584,2026-09-07T19:09:59.995000Z,2026-09-07T19:10:59.995000Z,100.0,100.0,60.0,,traffic,1,Traffic,timeofday:America/Anchorage:day7-19:night1-5,AM,2.0-20.0,1208.3786096264746,6329.036075685355,1158.801786723128,6172.939719881759,0.9196281454504069,3.291875615738791,1.7595154192685598,,,2.98,251.24994376300006,24.5689198072203
725,,AM,R3130,00,EHZ,61.1981981981982,-149.90658980942584,2026-09-07T19:16:59.995000Z,2026-09-07T19:17:59.995000Z,100.0,100.0,60.0,,traffic,1,Traffic,timeofday:America/Anchorage:day7-19:night1-5,AM,2.0-20.0,706.6597906063657,3021.039695640993,654.2833966146202,2589.515157553266,0.8572569967273742,1.850764225698265,-0.012373905681949182,,,2.98,251.24994376300006,10.306530297160636
726,,AM,R3130,00,EHZ,61.1981981981982,-149.90658980942584,2026-09-07T19:28:59.995000Z,2026-09-07T19:29:59.995000Z,100.0,100.0,60.0,,traffic,1,Traffic,timeofday:America/Anchorage:day7-19:night1-5,AM,2.0-20.0,762.3212696652199,3968.952585542709,691.5727730582611,3950.0246070919297,0.8229997425206483,2.311951701952351,0.4271586982705844,,,2.98,251.24994376300006,15.721494492424336
727,,AM,R3130,00,EHZ,61.1981981981982,-149.90658980942584,2026-09-07T19:29:59.995000Z,2026-09-07T19:30:59.995000Z,100.0,100.0,60.0,,traffic,1,Traffic,timeofday:America/Anchorage:day7-19:night1-5,AM,2.0-20.0,997.4273275734228,4921.04755335271,905.5611344664325,4717.505671333722,0.8242767005412817,2.525569225677873,0.9936688071197008,,,2.98,251.24994376300006,18.77614617810091
728,,AM,R3130,00,EHZ,61.1981981981982,-149.90658980942584,2026-09-07T19:34:59.995000Z,2026-09-07T19:35:59.995000Z,100.0,100.0,60.0,,traffic,1,Traffic,timeofday:America/Anchorage:day7-19:night1-5,AM,2.0-20.0,824.3838240197487,9524.949234404052,788.3453353975254,8557.355398670628,0.9144797257936955,6.338787556321987,10.85409346988931,,,2.98,251.24994376300006,34.05913358827511
729,,AM,R3130,00,EHZ,61.1981981981982,-149.90658980942584,2026-09-07T19:35:59.995000Z,2026-09-07T19:36:59.995000Z,100.0,100.0,60.0,,traffic,1,Traffic,timeofday:America/Anchorage:day7-19:night1-5,AM,2.0-20.0,1205.8211528102731,10843.94839076145,1061.4266143569535,9548.343688739511,0.7748437776165473,2.970476834163303,6.0779326239708364,,,2.98,251.24994376300006,38.00336647138241
730,,AM,R3130,00,EHZ,61.1981981981982,-149.90658980942584,2026-09-07T19:36:59.995000Z,2026-09-07T19:37:59.995000Z,100.0,100.0,60.0,,traffic,1,Traffic,timeofday:America/Anchorage:day7-19:night1-5,AM,2.0-20.0,1220.0724315899722,7427.051674348893,1068.631736332705,7093.312589100709,0.7671581575174798,1.7626540663954193,2.8360602849011114,,,2.98,251.24994376300006,28.232096226026282
731,,AM,R3130,00,EHZ,61.1981981981982,-149.90658980942584,2026-09-07T19:38:59.995000Z,2026-09-07T19:39:59.995000Z,100.0,100.0,60.0,,traffic,1,Traffic,timeofday:America/Anchorage:day7-19:night1-5,AM,2.0-20.0,769.7933717604592,3330.0528365635455,727.1219141918356,3536.264425959992,0.8922080406226156,2.6211101917732673,0.37266809165102766,,,2.98,251.24994376300006,14.074687432749007
732,,AM,R3130,00,EHZ,61.1981981981982,-149.90658980942584,2026-09-07T19:42:59.995000Z,2026-09-07T19:43:59.995000Z,100.0,100.0,60.0,,traffic,1,Traffic,timeofday:America/Anchorage:day7-19:night1-5,AM,2.0-20.0,738.1346634860453,2833.0552549192544,702.6597850232176,3033.1389630721483,0.9061894372249407,1.8832713885881867,0.20378960596460294,,,2.98,251.24994376300006,12.072197580005264
733,,AM,R3130,00,EHZ,61.1981981981982,-149.90658980942584,2026-09-07T19:43:59.995000Z,2026-09-07T19:44:59.995000Z,100.0,100.0,60.0,,traffic,1,Traffic,timeofday:America/Anchorage:day7-19:night1-5,AM,2.0-20.0,870.5701060548207,4502.943621653116,771.284505628682,3454.3503514255267,0.7849133460282044,2.674056000493905,0.47303575397164055,,,2.98,251.24994376300006,13.748661192473573
734,,AM,R3130,00,EHZ,61.1981981981982,-149.90658980942584,2026-09-07T19:44:59.995000Z,2026-09-07T19:45:59.995000Z,100.0,100.0,60.0,,traffic,1,Traffic,timeofday:America/Anchorage:day7-19:night1-5,AM,2.0-20.0,809.9017052264365,4240.056484637278,747.9266961502634,3769.127753597677,0.852812276021318,2.633272162227498,0.85993277568187,,,2.98,251.24994376300006,15.001506854676286
735,,AM,R3130,00,EHZ,61.1981981981982,-149.90658980942584,2026-09-07T19:45:59.995000Z,2026-09-07T19:46:59.995000Z,100.0,100.0,60.0,,traffic,1,Traffic,timeofday:America/Anchorage:day7-19:night1-5,AM,2.0-20.0,781.1643836625811,3963.942496430711,735.3655677898786,4105.23692293352,0.8861795302260083,2.8415501496182567,0.6391561140700857,,,2.98,251.24994376300006,16.33925509175804
736,,AM,R3130,00,EHZ,61.1981981981982,-149.90658980942584,2026-09-07T19:46:59.995000Z,2026-09-07T19:47:59.995000Z,100.0,100.0,60.0,,traffic,1,Traffic,timeofday:America/Anchorage:day7-19:night1-5,AM,2.0-20.0,934.1918096718719,5721.0582127036905,888.2010027571658,6411.937611044659,0.9039624853391247,2.9788210773127672,2.597901741421583,,,2.98,251.24994376300006,25.520155407847312
737,,AM,R3130,00,EHZ,61.1981981981982,-149.90658980942584,2026-09-07T19:51:59.995000Z,2026-09-07T19:52:59.995000Z,100.0,100.0,60.0,,traffic,1,Traffic,timeofday:America/Anchorage:day7-19:night1-5,AM,2.0-20.0,725.3482485530948,4309.060694574391,692.1327236123229,3983.6414412516087,0.9105119128832636,2.2435775490447707,0.9067982753501904,,,2.98,251.24994376300006,15.855292867286419
738,,AM,R3130,00,EHZ,61.1981981981982,-149.90658980942584,2026-09-07T19:57:59.995000Z,2026-09-07T19:58:59.995000Z,100.0,100.0,60.0,,traffic,1,Traffic,timeofday:America/Anchorage:day7-19:night1-5,AM,2.0-20.0,873.9192678094483,5207.064454123414,819.8994803425245,5157.92609166498,0.8801943837027313,3.9477946269952913,1.468057539132782,,,2.98,251.24994376300006,20.529063666300228
739,,AM,R3130,00,EHZ,61.1981981981982,-149.90658980942584,2026-09-07T19:58:59.995000Z,2026-09-07T19:59:59.995000Z,100.0,100.0,60.0,,traffic,1,Traffic,timeofday:America/Anchorage:day7-19:night1-5,AM,2.0-20.0,1049.514501989229,6714.06537853076,1012.2700621321791,6581.736899490315,0.930284741347048,5.105498398070031,2.057508393337103,,,2.98,251.24994376300006,26.19597362258023
740,,AM,R3130,00,EHZ,61.1981981981982,-149.90658980942584,2026-09-07T20:04:59.995000Z,2026-09-07T20:05:59.995000Z,100.0,100.0,60.0,,traffic,1,Traffic,timeofday:America/Anchorage:day7-19:night1-5,AM,2.0-20.0,725.3012056444976,3959.931440135966,690.4466206162763,3478.3082798852665,0.9061986646071323,2.5315212055065572,0.3883414645468424,,,2.98,251.24994376300006,13.844016152960009
741,,AM,R3130,00,EHZ,61.1981981981982,-149.90658980942584,2026-09-07T20:09:59.995000Z,2026-09-07T20:10:59.995000Z,100.0,100.0,60.0,,traffic,1,Traffic,timeofday:America/Anchorage:day7-19:night1-5,AM,2.0-20.0,778.1964551257585,4040.0713916155855,743.4698604446969,3450.246120531736,0.9127424271024446,2.2651565838734857,0.6485512257459427,,,2.98,251.24994376300006,13.732325941478802
742,,AM,R3130,00,EHZ,61.1981981981982,-149.90658980942584,2026-09-07T20:14:59.995000Z,2026-09-07T20:15:59.995000Z,100.0,100.0,60.0,,traffic,1,Traffic,timeofday:America/Anchorage:day7-19:night1-5,AM,2.0-20.0,840.2619602970271,6139.0745390476095,778.7894821431628,5989.544044583616,0.8590347832984125,3.1137708490520275,1.6930060990246432,,,2.98,251.24994376300006,23.838986607827678
743,,AM,R3130,00,EHZ,61.1981981981982,-149.90658980942584,2026-09-07T20:16:59.995000Z,2026-09-07T20:17:59.995000Z,100.0,100.0,60.0,,traffic,1,Traffic,timeofday:America/Anchorage:day7-19:night1-5,AM,2.0-20.0,809.5374426911005,5170.076159527405,754.2620356866578,4718.996253932502,0.8681017200860786,2.847826998603726,0.8127886096891559,,,2.98,251.24994376300006,18.782078846488634
744,,AM,R3130,00,EHZ,61.1981981981982,-149.90658980942584,2026-09-07T20:17:59.995000Z,2026-09-07T20:18:59.995000Z,100.0,100.0,60.0,,traffic,1,Traffic,timeofday:America/Anchorage:day7-19:night1-5,AM,2.0-20.0,780.2189951483725,4916.923810659435,741.5751411501664,5013.786543492724,0.903394178002173,3.6770945542377307,0.7619666073991311,,,2.98,251.24994376300006,19.955373793922703
745,,AM,R3130,00,EHZ,61.1981981981982,-149.90658980942584,2026-09-07T20:26:59.995000Z,2026-09-07T20:27:59.995000Z,100.0,100.0,60.0,,traffic,1,Traffic,timeofday:America/Anchorage:day7-19:night1-5,AM,2.0-20.0,949.7812458211172,6991.081803786563,896.3946751035367,6814.971351119642,0.8907408223331429,3.1832668206520514,2.330385944359927,,,2.98,251.24994376300006,27.124270155252624
746,,AM,R3130,00,EHZ,61.1981981981982,-149.90658980942584,2026-09-07T20:28:59.995000Z,2026-09-07T20:29:59.995000Z,100.0,100.0,60.0,,traffic,1,Traffic,timeofday:America/Anchorage:day7-19:night1-5,AM,2.0-20.0,736.9907732674246,3047.0831875558615,691.4966660974364,2552.5641631428125,0.8803514414628901,1.8616926703898034,0.03989174782020566,,,2.98,251.24994376300006,10.159461629772958
747,,AM,R3130,00,EHZ,61.1981981981982,-149.90658980942584,2026-09-07T20:30:59.995000Z,2026-09-07T20:31:59.995000Z,100.0,100.0,60.0,,traffic,1,Traffic,timeofday:America/Anchorage:day7-19:night1-5,AM,2.0-20.0,894.4703520597745,5337.084141178109,862.0754813066457,5769.434636511464,0.9288780201687341,3.6773993896705957,1.6645771375062566,,,2.98,251.24994376300006,22.96292906617992
748,,AM,R3130,00,EHZ,61.1981981981982,-149.90658980942584,2026-09-07T20:35:59.995000Z,2026-09-07T20:36:59.995000Z,100.0,100.0,60.0,,traffic,1,Traffic,timeofday:America/Anchorage:day7-19:night1-5,AM,2.0-20.0,844.154737372875,4459.912978611494,808.9168637544013,4323.330175978788,0.9182557460561125,2.905833518532239,1.477583438795011,,,2.98,251.24994376300006,17.20728813399025
749,,AM,R3130,00,EHZ,61.1981981981982,-149.90658980942584,2026-09-07T20:53:59.995000Z,2026-09-07T20:54:59.995000Z,100.0,100.0,60.0,,traffic,1,Traffic,timeofday:America/Anchorage:day7-19:night1-5,AM,2.0-20.0,911.5598062720527,3963.097986249584,867.2452837847962,3672.7456886040504,0.905135416879511,2.3336485731594863,0.4791396888310562,,,2.98,251.24994376300006,14.617896559883377
750,,AM,R3130,00,EHZ,61.1981981981982,-149.90658980942584,2026-09-07T20:55:59.995000Z,2026-09-07T20:56:59.995000Z,100.0,100.0,60.0,,traffic,1,Traffic,timeofday:America/Anchorage:day7-19:night1-5,AM,2.0-20.0,859.7165451570041,4899.098983843749,789.6043567577675,4404.103309325142,0.8435454793986524,3.464803511338228,1.1657041589792678,,,2.98,251.24994376300006,17.52877331379409
751,,AM,R3130,00,EHZ,61.1981981981982,-149.90658980942584,2026-09-07T20:56:59.995000Z,2026-09-07T20:57:59.995000Z,100.0,100.0,60.0,,traffic,1,Traffic,timeofday:America/Anchorage:day7-19:night1-5,AM,2.0-20.0,1023.4602984914037,7806.099963390483,982.3351910314381,7606.840950040043,0.9212497945809184,6.314257536676331,5.424309694146714,,,2.98,251.24994376300006,30.275990657396726
752,,AM,R3130,00,EHZ,61.1981981981982,-149.90658980942584,2026-09-07T21:00:59.995000Z,2026-09-07T21:01:59.995000Z,100.0,100.0,60.0,,traffic,1,Traffic,timeofday:America/Anchorage:day7-19:night1-5,AM,2.0-20.0,1037.9527938917474,5071.10200245102,998.8657819525275,4976.467584822841,0.926102522477865,3.2145932307914777,0.8238248472249734,,,2.98,251.24994376300006,19.80684059184133
753,,AM,R3130,00,EHZ,61.1981981981982,-149.90658980942584,2026-09-07T21:01:59.995000Z,2026-09-07T21:02:59.995000Z,100.0,100.0,60.0,,traffic,1,Traffic,timeofday:America/Anchorage:day7-19:night1-5,AM,2.0-20.0,712.4502502373143,2782.897427609125,677.7159418794392,2906.8180150783496,0.9048702640383625,1.6718255191523794,0.25056012381616677,,,2.98,251.24994376300006,11.569427525206944
754,,AM,R3130,00,EHZ,61.1981981981982,-149.90658980942584,2026-09-07T21:03:59.995000Z,2026-09-07T21:04:59.995000Z,100.0,100.0,60.0,,traffic,1,Traffic,timeofday:America/Anchorage:day7-19:night1-5,AM,2.0-20.0,742.2698288530069,3399.1036917304136,703.386179980923,3801.1737561188247,0.8979745868251976,2.5136320000384393,0.3935226699828416,,,2.98,251.24994376300006,15.129053161915966
755,,AM,R3130,00,EHZ,61.1981981981982,-149.90658980942584,2026-09-07T21:04:59.995000Z,2026-09-07T21:05:59.995000Z,100.0,100.0,60.0,,traffic,1,Traffic,timeofday:America/Anchorage:day7-19:night1-5,AM,2.0-20.0,882.4952474378264,4162.895506205872,828.6627449657005,4093.274724733489,0.8817203778022323,2.9169848961230045,0.5457843954717205,,,2.98,251.24994376300006,16.29164434199678
756,,AM,R3130,00,EHZ,61.1981981981982,-149.90658980942584,2026-09-07T21:05:59.995000Z,2026-09-07T21:06:59.995000Z,100.0,100.0,60.0,,traffic,1,Traffic,timeofday:America/Anchorage:day7-19:night1-5,AM,2.0-20.0,759.9879415742815,3140.894672334807,724.1903941881541,3220.226873894965,0.9080131054352673,1.7445826357930259,0.350357416214619,,,2.98,251.24994376300006,12.816826247461979
757,,AM,R3130,00,EHZ,61.1981981981982,-149.90658980942584,2026-09-07T21:10:59.995000Z,2026-09-07T21:11:59.995000Z,100.0,100.0,60.0,,traffic,1,Traffic,timeofday:America/Anchorage:day7-19:night1-5,AM,2.0-20.0,718.2968127956699,4827.891918755553,680.7006444226862,4788.251462142147,0.8980581214783169,3.028229633100266,0.7739194173548238,,,2.98,251.24994376300006,19.0577215279253
758,,AM,R3130,00,EHZ,61.1981981981982,-149.90658980942584,2026-09-07T21:13:59.995000Z,2026-09-07T21:14:59.995000Z,100.0,100.0,60.0,,traffic,1,Traffic,timeofday:America/Anchorage:day7-19:night1-5,AM,2.0-20.0,1112.2791561808951,6778.8897487763625,1027.2109930866932,6608.331441312608,0.8528874414182055,3.337053401370076,4.086701681211087,,,2.98,251.24994376300006,26.30182256894807
759,,AM,R3130,00,EHZ,61.1981981981982,-149.90658980942584,2026-09-07T21:14:59.995000Z,2026-09-07T21:15:59.995000Z,100.0,100.0,60.0,,traffic,1,Traffic,timeofday:America/Anchorage:day7-19:night1-5,AM,2.0-20.0,1412.9763781441766,7441.110317630206,1320.8424108281424,7303.609131677917,0.8738405771606172,3.9785011974677484,2.4553076362779214,,,2.98,251.24994376300006,29.069097577857733
760,,AM,R3130,00,EHZ,61.1981981981982,-149.90658980942584,2026-09-07T21:16:59.995000Z,2026-09-07T21:17:59.995000Z,100.0,100.0,60.0,,traffic,1,Traffic,timeofday:America/Anchorage:day7-19:night1-5,AM,2.0-20.0,979.4651308454022,6324.111709077139,891.011315575987,5088.536421902883,0.827539018038413,2.328441526113824,0.9049538040780702,,,2.98,251.24994376300006,20.252885814385756
761,,AM,R3130,00,EHZ,61.1981981981982,-149.90658980942584,2026-09-07T21:19:59.995000Z,2026-09-07T21:20:59.995000Z,100.0,100.0,60.0,,traffic,1,Traffic,timeofday:America/Anchorage:day7-19:night1-5,AM,2.0-20.0,842.2274700518894,4362.1136964881225,799.8943613718644,4211.803520318897,0.9019998519101279,2.418598779135031,1.1219102199554323,,,2.98,251.24994376300006,16.763400847929432
762,,AM,R3130,00,EHZ,61.1981981981982,-149.90658980942584,2026-09-07T21:26:59.995000Z,2026-09-07T21:27:59.995000Z,100.0,100.0,60.0,,traffic,1,Traffic,timeofday:America/Anchorage:day7-19:night1-5,AM,2.0-20.0,862.6092563283905,4182.882272154589,816.3040079890367,3959.4440335467216,0.8955207010562648,2.0018538085374944,0.5286567517635348,,,2.98,251.24994376300006,15.758984755362174
763,,AM,R3130,00,EHZ,61.1981981981982,-149.90658980942584,2026-09-07T21:28:59.995000Z,2026-09-07T21:29:59.995000Z,100.0,100.0,60.0,,traffic,1,Traffic,timeofday:America/Anchorage:day7-19:night1-5,AM,2.0-20.0,780.0989341054401,3312.8808077202575,743.5158097238299,3121.181198754025,0.9084082005845019,1.916247900369751,0.35789344946818025,,,2.98,251.24994376300006,12.422614516874017
764,,AM,R3130,00,EHZ,61.1981981981982,-149.90658980942584,2026-09-07T21:31:59.995000Z,2026-09-07T21:32:59.995000Z,100.0,100.0,60.0,,traffic,1,Traffic,timeofday:America/Anchorage:day7-19:night1-5,AM,2.0-20.0,683.2939990791225,2986.1206819405943,638.0919093848826,2398.4990535713305,0.8720698318908177,1.6588020166346042,0.03612844938566395,,,2.98,251.24994376300006,9.546267026566165
765,,AM,R3130,00,EHZ,61.1981981981982,-149.90658980942584,2026-09-07T21:34:59.995000Z,2026-09-07T21:35:59.995000Z,100.0,100.0,60.0,,traffic,1,Traffic,timeofday:America/Anchorage:day7-19:night1-5,AM,2.0-20.0,850.7099418428362,4332.122790000147,814.3199428664894,4254.845021689968,0.916277717529254,2.3502068722203333,0.4951890884949446,,,2.98,251.24994376300006,16.934710344466758
766,,AM,R3130,00,EHZ,61.1981981981982,-149.90658980942584,2026-09-07T21:35:59.995000Z,2026-09-07T21:36:59.995000Z,100.0,100.0,60.0,,traffic,1,Traffic,timeofday:America/Anchorage:day7-19:night1-5,AM,2.0-20.0,893.1935185247368,6490.1233828732,859.3646419571759,5921.980545445279,0.9256862993111881,4.891287160216583,2.8485336590975905,,,2.98,251.24994376300006,23.570077098331158
767,,AM,R3130,00,EHZ,61.1981981981982,-149.90658980942584,2026-09-07T21:39:59.995000Z,2026-09-07T21:40:59.995000Z,100.0,100.0,60.0,,traffic,1,Traffic,timeofday:America/Anchorage:day7-19:night1-5,AM,2.0-20.0,781.2167338559095,3948.8744347836237,742.6477714992241,3433.4109222270995,0.9036966857530635,2.564705952687491,0.5031608743807818,,,2.98,251.24994376300006,13.665320162084413
768,,AM,R3130,00,EHZ,61.1981981981982,-149.90658980942584,2026-09-07T21:51:59.995000Z,2026-09-07T21:52:59.995000Z,100.0,100.0,60.0,,traffic,1,Traffic,timeofday:America/Anchorage:day7-19:night1-5,AM,2.0-20.0,780.1516758777652,3435.1324452758417,739.4654557041926,3333.2082094543816,0.8984164386459792,2.2234770817069287,0.16409538343545282,,,2.98,251.24994376300006,13.266503305563093
769,,AM,R3130,00,EHZ,61.1981981981982,-149.90658980942584,2026-09-07T21:52:59.995000Z,2026-09-07T21:53:59.995000Z,100.0,100.0,60.0,,traffic,1,Traffic,timeofday:America/Anchorage:day7-19:night1-5,AM,2.0-20.0,745.8491596300825,3225.1332720675273,706.7755795917973,3011.0097500750444,0.8979684154792564,3.313586335619163,0.4743340545092112,,,2.98,251.24994376300006,11.98412109065099
770,,AM,R3130,00,EHZ,61.1981981981982,-149.90658980942584,2026-09-07T21:59:59.995000Z,2026-09-07T22:00:59.995000Z,100.0,100.0,60.0,,traffic,1,Traffic,timeofday:America/Anchorage:day7-19:night1-5,AM,2.0-20.0,1264.1889172609835,7811.1373703299305,1059.153866642224,5716.767965578438,0.7019305663787468,4.049285633999252,1.851734419476485,,,2.98,251.24994376300006,22.753310428483005
771,,AM,R3130,00,EHZ,61.1981981981982,-149.90658980942584,2026-09-07T22:00:59.995000Z,2026-09-07T22:01:59.995000Z,100.0,100.0,60.0,,traffic,1,Traffic,timeofday:America/Anchorage:day7-19:night1-5,AM,2.0-20.0,1024.1882404649502,8506.138348480732,980.0792711155494,9314.935231767613,0.9157202911054185,4.4571438825955125,4.860742923489262,,,2.98,251.24994376300006,37.0743773799776
772,,AM,R3130,00,EHZ,61.1981981981982,-149.90658980942584,2026-09-07T22:08:59.995000Z,2026-09-07T22:09:59.995000Z,100.0,100.0,60.0,,traffic,1,Traffic,timeofday:America/Anchorage:day7-19:night1-5,AM,2.0-20.0,817.078309624622,5324.8573553333845,774.7146137544662,4873.264175119176,0.8989926336138825,3.4314065121445565,1.8399972799846678,,,2.98,251.24994376300006,19.396080660284827
773,,AM,R3130,00,EHZ,61.1981981981982,-149.90658980942584,2026-09-07T22:13:59.995000Z,2026-09-07T22:14:59.995000Z,100.0,100.0,60.0,,traffic,1,Traffic,timeofday:America/Anchorage:day7-19:night1-5,AM,2.0-20.0,824.5673665076969,4441.854120156946,781.6184320548218,4139.970790898233,0.8985397590399532,2.632866545932756,0.7393111076960706,,,2.98,251.24994376300006,16.477499373306923
774,,AM,R3130,00,EHZ,61.1981981981982,-149.90658980942584,2026-09-07T22:14:59.995000Z,2026-09-07T22:15:59.995000Z,100.0,100.0,60.0,,traffic,1,Traffic,timeofday:America/Anchorage:day7-19:night1-5,AM,2.0-20.0,983.3116257912194,7460.853444325538,950.1884090359049,7570.586121795313,0.9337639625497487,6.000583375404588,5.745412609180109,,,2.98,251.24994376300006,30.131692801239083
775,,AM,R3130,00,EHZ,61.1981981981982,-149.90658980942584,2026-09-07T22:15:59.995000Z,2026-09-07T22:16:59.995000Z,100.0,100.0,60.0,,traffic,1,Traffic,timeofday:America/Anchorage:day7-19:night1-5,AM,2.0-20.0,711.0673145061304,3925.8530261436354,674.4736583681525,3638.2253220923244,0.8997224432195471,2.472072814275881,0.2985347374366065,,,2.98,251.24994376300006,14.480502035551508
776,,AM,R3130,00,EHZ,61.1981981981982,-149.90658980942584,2026-09-07T22:16:59.995000Z,2026-09-07T22:17:59.995000Z,100.0,100.0,60.0,,traffic,1,Traffic,timeofday:America/Anchorage:day7-19:night1-5,AM,2.0-20.0,692.441276084308,2917.8521027333845,654.3254819738239,2950.810476363535,0.8929389583575419,2.246026955683766,0.3272047025871845,,,2.98,251.24994376300006,11.744521937672497
777,,AM,R3130,00,EHZ,61.1981981981982,-149.90658980942584,2026-09-07T22:21:59.995000Z,2026-09-07T22:22:59.995000Z,100.0,100.0,60.0,,traffic,1,Traffic,timeofday:America/Anchorage:day7-19:night1-5,AM,2.0-20.0,975.4276691390565,4513.84905800221,915.8429558833383,4410.380413126217,0.8815600025128537,3.1882579382573457,1.5816833567173303,,,2.98,251.24994376300006,17.553756817101842
778,,AM,R3130,00,EHZ,61.1981981981982,-149.90658980942584,2026-09-07T22:22:59.995000Z,2026-09-07T22:23:59.995000Z,100.0,100.0,60.0,,traffic,1,Traffic,timeofday:America/Anchorage:day7-19:night1-5,AM,2.0-20.0,1101.2035023256083,5877.849047133868,977.1748589375937,5192.988113775303,0.7874253671449805,2.058135483298205,1.4176666587866409,,,2.98,251.24994376300006,20.66861403429313
779,,AM,R3130,00,EHZ,61.1981981981982,-149.90658980942584,2026-09-07T22:24:59.995000Z,2026-09-07T22:25:59.995000Z,100.0,100.0,60.0,,traffic,1,Traffic,timeofday:America/Anchorage:day7-19:night1-5,AM,2.0-20.0,1132.5491930930639,7093.1524314592225,1085.7017426647856,6905.119574293922,0.9189818198477903,2.9684777001140716,1.5410895839886587,,,2.98,251.24994376300006,27.483069133768275
780,,AM,R3130,00,EHZ,61.1981981981982,-149.90658980942584,2026-09-07T22:26:59.995000Z,2026-09-07T22:27:59.995000Z,100.0,100.0,60.0,,traffic,1,Traffic,timeofday:America/Anchorage:day7-19:night1-5,AM,2.0-20.0,862.2320690523666,3776.1538439448723,823.393489176526,3378.6625738456205,0.911940522115659,2.229329145118852,0.27791363446202233,,,2.98,251.24994376300006,13.447416239156086
781,,AM,R3130,00,EHZ,61.1981981981982,-149.90658980942584,2026-09-07T22:29:59.995000Z,2026-09-07T22:30:59.995000Z,100.0,100.0,60.0,,traffic,1,Traffic,timeofday:America/Anchorage:day7-19:night1-5,AM,2.0-20.0,1267.1595523972553,12022.84482951912,1211.0541720273495,11680.517368139026,0.9134074228606812,1.897889711151165,13.949391650971066,,,2.98,251.24994376300006,46.489631771448536
782,,AM,R3130,00,EHZ,61.1981981981982,-149.90658980942584,2026-09-07T22:30:59.995000Z,2026-09-07T22:31:59.995000Z,100.0,100.0,60.0,,traffic,1,Traffic,timeofday:America/Anchorage:day7-19:night1-5,AM,2.0-20.0,1028.5870998525002,6741.843829531925,908.1003732053402,6157.7195147481925,0.7794451549238994,2.9145678116538525,2.0724464566333705,,,2.98,251.24994376300006,24.508341862781343
783,,AM,R3130,00,EHZ,61.1981981981982,-149.90658980942584,2026-09-07T22:32:59.995000Z,2026-09-07T22:33:59.995000Z,100.0,100.0,60.0,,traffic,1,Traffic,timeofday:America/Anchorage:day7-19:night1-5,AM,2.0-20.0,809.2887758159484,8008.8428370229485,776.3245710478136,7808.009319287873,0.9201944928468736,2.8505635779560268,3.8972380907668445,,,2.98,251.24994376300006,31.076660962969367
784,,AM,R3130,00,EHZ,61.1981981981982,-149.90658980942584,2026-09-07T22:35:59.995000Z,2026-09-07T22:36:59.995000Z,100.0,100.0,60.0,,traffic,1,Traffic,timeofday:America/Anchorage:day7-19:night1-5,AM,2.0-20.0,874.4981425873426,6622.841086422173,821.9631851423335,6470.8944395849085,0.8834601201475234,4.784972951823915,2.8026931136346427,,,2.98,251.24994376300006,25.754809504310963
785,,AM,R3130,00,EHZ,61.1981981981982,-149.90658980942584,2026-09-07T22:40:59.995000Z,2026-09-07T22:41:59.995000Z,100.0,100.0,60.0,,traffic,1,Traffic,timeofday:America/Anchorage:day7-19:night1-5,AM,2.0-20.0,891.490516805845,4376.1621750775885,852.1880752356616,4143.74667315437,0.9137711665494108,2.5792427163881317,1.0011305404491395,,,2.98,251.24994376300006,16.492527763759814
786,,AM,R3130,00,EHZ,61.1981981981982,-149.90658980942584,2026-09-07T22:41:59.995000Z,2026-09-07T22:42:59.995000Z,100.0,100.0,60.0,,traffic,1,Traffic,timeofday:America/Anchorage:day7-19:night1-5,AM,2.0-20.0,762.115256998283,6586.837451210975,722.885643451187,6097.720497049707,0.8997003459812581,3.5805421450715915,3.096058476795543,,,2.98,251.24994376300006,24.269539748839055
787,,AM,R3130,00,EHZ,61.1981981981982,-149.90658980942584,2026-09-07T22:44:59.995000Z,2026-09-07T22:45:59.995000Z,100.0,100.0,60.0,,traffic,1,Traffic,timeofday:America/Anchorage:day7-19:night1-5,AM,2.0-20.0,934.3372941233148,7759.164567010264,898.0176220602851,7325.509755698384,0.9237668003854975,4.508315428428038,6.31814302275448,,,2.98,251.24994376300006,29.15626426013618
788,,AM,R3130,00,EHZ,61.1981981981982,-149.90658980942584,2026-09-07T22:45:59.995000Z,2026-09-07T22:46:59.995000Z,100.0,100.0,60.0,,traffic,1,Traffic,timeofday:America/Anchorage:day7-19:night1-5,AM,2.0-20.0,883.186656285698,6336.8352089423515,847.0364559789872,6447.2878175011165,0.9198122884720059,2.875384362159758,1.9209393958069958,,,2.98,251.24994376300006,25.66085277846962
789,,AM,R3130,00,EHZ,61.1981981981982,-149.90658980942584,2026-09-07T22:48:59.995000Z,2026-09-07T22:49:59.995000Z,100.0,100.0,60.0,,traffic,1,Traffic,timeofday:America/Anchorage:day7-19:night1-5,AM,2.0-20.0,815.8653316766246,3981.8330548169815,746.6345785892692,3937.9027812702857,0.8374892485136173,2.80906465301761,0.7992080352023576,,,2.98,251.24994376300006,15.673248408703504
790,,AM,R3130,00,EHZ,61.1981981981982,-149.90658980942584,2026-09-07T22:52:59.995000Z,2026-09-07T22:53:59.995000Z,100.0,100.0,60.0,,traffic,1,Traffic,timeofday:America/Anchorage:day7-19:night1-5,AM,2.0-20.0,973.3815801582407,4630.169205399363,874.6449708980128,4365.888848464837,0.8074160153170987,2.470587356842884,0.862802974815883,,,2.98,251.24994376300006,17.376675923092378
791,,AM,R3130,00,EHZ,61.1981981981982,-149.90658980942584,2026-09-07T22:53:59.995000Z,2026-09-07T22:54:59.995000Z,100.0,100.0,60.0,,traffic,1,Traffic,timeofday:America/Anchorage:day7-19:night1-5,AM,2.0-20.0,766.2695787779616,3975.8300881583928,732.472939937484,4619.83254025154,0.913734454971229,2.7739510548880593,1.2231934238645445,,,2.98,251.24994376300006,18.3873973106611
792,,AM,R3130,00,EHZ,61.1981981981982,-149.90658980942584,2026-09-07T23:03:59.995000Z,2026-09-07T23:04:59.995000Z,100.0,100.0,60.0,,traffic,1,Traffic,timeofday:America/Anchorage:day7-19:night1-5,AM,2.0-20.0,803.2990230495462,3440.175887236219,749.3939756956955,2918.126829882289,0.8702938558362078,2.096468410174122,0.19744936583128014,,,2.98,251.24994376300006,11.614437743456412
793,,AM,R3130,00,EHZ,61.1981981981982,-149.90658980942584,2026-09-07T23:06:59.995000Z,2026-09-07T23:07:59.995000Z,100.0,100.0,60.0,,traffic,1,Traffic,timeofday:America/Anchorage:day7-19:night1-5,AM,2.0-20.0,907.034192264928,7598.177530549505,869.8615902688878,7235.9822509275755,0.9197144104914737,5.581519399297452,4.70027070513225,,,2.98,251.24994376300006,28.799935803182343
794,,AM,R3130,00,EHZ,61.1981981981982,-149.90658980942584,2026-09-07T23:08:59.995000Z,2026-09-07T23:09:59.995000Z,100.0,100.0,60.0,,traffic,1,Traffic,timeofday:America/Anchorage:day7-19:night1-5,AM,2.0-20.0,900.4717265959936,5709.179007846371,863.1698625007498,5459.098181802848,0.9188664078481106,2.8291861748311535,1.2429663678472487,,,2.98,251.24994376300006,21.727758820723658
795,,AM,R3130,00,EHZ,61.1981981981982,-149.90658980942584,2026-09-07T23:09:59.995000Z,2026-09-07T23:10:59.995000Z,100.0,100.0,60.0,,traffic,1,Traffic,timeofday:America/Anchorage:day7-19:night1-5,AM,2.0-20.0,766.1903556131974,2972.8207640181517,730.4856164115389,3081.2627406218353,0.9089708914667229,2.1045975320374306,0.22411666145862785,,,2.98,251.24994376300006,12.263735045960209
796,,AM,R3130,00,EHZ,61.1981981981982,-149.90658980942584,2026-09-07T23:11:59.995000Z,2026-09-07T23:12:59.995000Z,100.0,100.0,60.0,,traffic,1,Traffic,timeofday:America/Anchorage:day7-19:night1-5,AM,2.0-20.0,845.1282180736353,5680.180475072571,807.6070833542339,6287.2426303897555,0.9131771451209963,4.326306509332634,2.6944693746525807,,,2.98,251.24994376300006,25.0238568662941
797,,AM,R3130,00,EHZ,61.1981981981982,-149.90658980942584,2026-09-07T23:15:59.995000Z,2026-09-07T23:16:59.995000Z,100.0,100.0,60.0,,traffic,1,Traffic,timeofday:America/Anchorage:day7-19:night1-5,AM,2.0-20.0,731.7221261356104,4455.817279069261,695.4506492766793,4390.678435264121,0.9033171561518522,2.3118752672245195,0.9989078406138296,,,2.98,251.24994376300006,17.47534096726316
798,,AM,R3130,00,EHZ,61.1981981981982,-149.90658980942584,2026-09-07T23:16:59.995000Z,2026-09-07T23:17:59.995000Z,100.0,100.0,60.0,,traffic,1,Traffic,timeofday:America/Anchorage:day7-19:night1-5,AM,2.0-20.0,925.7986286098608,4895.1834860022045,888.5319213723598,4778.635290419323,0.9211131946901266,3.485885488717976,1.4256927692149919,,,2.98,251.24994376300006,19.019448199068776
799,,AM,R3130,00,EHZ,61.1981981981982,-149.90658980942584,2026-09-07T23:17:59.995000Z,2026-09-07T23:18:59.995000Z,100.0,100.0,60.0,,traffic,1,Traffic,timeofday:America/Anchorage:day7-19:night1-5,AM,2.0-20.0,909.3331683479446,5201.815564563349,826.6321862958189,5550.126563633714,0.8263776399409932,2.9433982724849046,1.5183002521231623,,,2.98,251.24994376300006,22.0900609190546
800,,AM,R3130,00,EHZ,61.1981981981982,-149.90658980942584,2026-09-07T23:18:59.995000Z,2026-09-07T23:19:59.995000Z,100.0,100.0,60.0,,traffic,1,Traffic,timeofday:America/Anchorage:day7-19:night1-5,AM,2.0-20.0,1207.7072927042473,10398.815271716367,1171.1608541925732,9894.17062965187,0.9403937150694678,6.341561988171584,5.371645105039558,,,2.98,251.24994376300006,39.37979241493832
801,,AM,R3130,00,EHZ,61.1981981981982,-149.90658980942584,2026-09-07T23:24:59.995000Z,2026-09-07T23:25:59.995000Z,100.0,100.0,60.0,,traffic,1,Traffic,timeofday:America/Anchorage:day7-19:night1-5,AM,2.0-20.0,1126.3554045270573,7177.188381741684,1078.419298492351,6467.272396739977,0.9166940396776532,5.449716533258961,3.047213421418438,,,2.98,251.24994376300006,25.740393410159122
802,,AM,R3130,00,EHZ,61.1981981981982,-149.90658980942584,2026-09-07T23:27:59.995000Z,2026-09-07T23:28:59.995000Z,100.0,100.0,60.0,,traffic,1,Traffic,timeofday:America/Anchorage:day7-19:night1-5,AM,2.0-20.0,727.9936145287124,2976.80960871181,691.1610340932705,2848.3712211950597,0.9013705230267168,1.7770778406332979,0.15779671097168357,,,2.98,251.24994376300006,11.33680341788208
803,,AM,R3130,00,EHZ,61.1981981981982,-149.90658980942584,2026-09-07T23:28:59.995000Z,2026-09-07T23:29:59.995000Z,100.0,100.0,60.0,,traffic,1,Traffic,timeofday:America/Anchorage:day7-19:night1-5,AM,2.0-20.0,701.971490675837,3296.8091152491907,665.6182759442366,3202.4785981408813,0.8991073067391864,2.231167081134669,0.1962107449813426,,,2.98,251.24994376300006,12.746186328151884
804,,AM,R3130,00,EHZ,61.1981981981982,-149.90658980942584,2026-09-07T23:31:59.995000Z,2026-09-07T23:32:59.995000Z,100.0,100.0,60.0,,traffic,1,Traffic,timeofday:America/Anchorage:day7-19:night1-5,AM,2.0-20.0,736.4089303459311,3607.1924745200613,701.6016975817361,3389.6615606818555,0.9077017428751808,1.936963691019885,0.331609810501281,,,2.98,251.24994376300006,13.491193310989424
805,,AM,R3130,00,EHZ,61.1981981981982,-149.90658980942584,2026-09-07T23:35:59.995000Z,2026-09-07T23:36:59.995000Z,100.0,100.0,60.0,,traffic,1,Traffic,timeofday:America/Anchorage:day7-19:night1-5,AM,2.0-20.0,768.1856823762091,3499.8052288696053,730.3375339165187,3466.6064894531637,0.9038884242688693,3.0671178263011942,0.7066495807826678,,,2.98,251.24994376300006,13.79744185225831
806,,AM,R3130,00,EHZ,61.1981981981982,-149.90658980942584,2026-09-07T23:36:59.995000Z,2026-09-07T23:37:59.995000Z,100.0,100.0,60.0,,traffic,1,Traffic,timeofday:America/Anchorage:day7-19:night1-5,AM,2.0-20.0,904.9083861297122,5123.195405382918,860.6413215439235,4798.428973151399,0.9045553812519752,2.7507097176017785,1.024971090405323,,,2.98,251.24994376300006,19.098229043496534
807,,AM,R3130,00,EHZ,61.1981981981982,-149.90658980942584,2026-09-07T23:41:59.995000Z,2026-09-07T23:42:59.995000Z,100.0,100.0,60.0,,traffic,1,Traffic,timeofday:America/Anchorage:day7-19:night1-5,AM,2.0-20.0,680.2952215676074,3031.1987284034785,646.7762803376959,2550.4258496935527,0.9038853089817459,2.523993690048558,0.23036850866026892,,,2.98,251.24994376300006,10.150950927572454
808,,AM,R3130,00,EHZ,61.1981981981982,-149.90658980942584,2026-09-07T23:51:59.995000Z,2026-09-07T23:52:59.995000Z,100.0,100.0,60.0,,traffic,1,Traffic,timeofday:America/Anchorage:day7-19:night1-5,AM,2.0-20.0,744.594860887019,3142.7956810808173,707.4235467944152,2916.2104391730663,0.9026491006708719,2.468696481462598,0.45556045436809534,,,2.98,251.24994376300006,11.606810316040825
809,,AM,R3130,00,EHZ,61.1981981981982,-149.90658980942584,2026-09-07T23:52:59.995000Z,2026-09-07T23:53:59.995000Z,100.0,100.0,60.0,,traffic,1,Traffic,timeofday:America/Anchorage:day7-19:night1-5,AM,2.0-20.0,777.6474397102774,3654.2052078299257,742.1990502540929,3282.814491699872,0.9109096345711708,2.7509581324168813,0.5843830304724933,,,2.98,251.24994376300006,13.065931249706058
810,,AM,R3130,00,EHZ,61.1981981981982,-149.90658980942584,2026-09-07T23:53:59.995000Z,2026-09-07T23:54:59.995000Z,100.0,100.0,60.0,,traffic,1,Traffic,timeofday:America/Anchorage:day7-19:night1-5,AM,2.0-20.0,696.8239880036423,3005.205404656601,662.0901256674555,2849.8824815476123,0.9027926950837533,1.8294190184328136,0.20105357293025028,,,2.98,251.24994376300006,11.342818385805728
811,,AM,R3130,00,EHZ,61.1981981981982,-149.90658980942584,2026-09-08T00:00:59.995000Z,2026-09-08T00:01:59.995000Z,100.0,100.0,60.0,,traffic,1,Traffic,timeofday:America/Anchorage:day7-19:night1-5,AM,2.0-20.0,770.6036253260986,9246.209741723404,742.1081073586686,8396.43176204229,0.9274110297914743,6.901652118777473,15.611948857575811,,,2.98,251.24994376300006,33.41864135883153
812,,AM,R3130,00,EHZ,61.1981981981982,-149.90658980942584,2026-09-08T00:04:59.995000Z,2026-09-08T00:05:59.995000Z,100.0,100.0,60.0,,traffic,1,Traffic,timeofday:America/Anchorage:day7-19:night1-5,AM,2.0-20.0,836.9722553573997,4331.787924773724,792.6852280700293,4045.928808176235,0.8969730741787962,2.3170780471341077,0.6206042820225366,,,2.98,251.24994376300006,16.10320284088379
813,,AM,R3130,00,EHZ,61.1981981981982,-149.90658980942584,2026-09-08T00:14:59.995000Z,2026-09-08T00:15:59.995000Z,100.0,100.0,60.0,,traffic,1,Traffic,timeofday:America/Anchorage:day7-19:night1-5,AM,2.0-20.0,1164.6048594721778,5495.218329408823,1119.8264528505501,5228.4687815079415,0.92457947621028,3.4919337568934234,0.9757389030638999,,,2.98,251.24994376300006,20.809830653892085
814,,AM,R3130,00,EHZ,61.1981981981982,-149.90658980942584,2026-09-08T00:17:59.995000Z,2026-09-08T00:18:59.995000Z,100.0,100.0,60.0,,traffic,1,Traffic,timeofday:America/Anchorage:day7-19:night1-5,AM,2.0-20.0,654.5799188034522,2554.219750469496,622.8794146220778,2428.107512199208,0.9054877945787785,1.931080992274703,0.05161886432137619,,,2.98,251.24994376300006,9.664111664397433
815,,AM,R3130,00,EHZ,61.1981981981982,-149.90658980942584,2026-09-08T00:28:59.995000Z,2026-09-08T00:29:59.995000Z,100.0,100.0,60.0,,traffic,1,Traffic,timeofday:America/Anchorage:day7-19:night1-5,AM,2.0-20.0,888.1394736078231,4886.7733580044405,860.1143556258266,4456.0502864851205,0.9378859865031998,3.5968947744781636,1.3251202558218838,,,2.98,251.24994376300006,17.73552749802181
816,,AM,R3130,00,EHZ,61.1981981981982,-149.90658980942584,2026-09-08T00:29:59.995000Z,2026-09-08T00:30:59.995000Z,100.0,100.0,60.0,,traffic,1,Traffic,timeofday:America/Anchorage:day7-19:night1-5,AM,2.0-20.0,715.5827096701,4465.226941423374,673.97208609922,4337.575470053103,0.8870827676475824,3.0946219173235585,1.4175834474518636,,,2.98,251.24994376300006,17.2639858345388
817,,AM,R3130,00,EHZ,61.1981981981982,-149.90658980942584,2026-09-08T00:33:59.995000Z,2026-09-08T00:34:59.995000Z,100.0,100.0,60.0,,traffic,1,Traffic,timeofday:America/Anchorage:day7-19:night1-5,AM,2.0-20.0,902.0865236063395,6144.229512833259,868.7543127182686,6058.41991615668,0.9274650594315393,3.960877108519114,2.8493368319197447,,,2.98,251.24994376300006,24.11311949136788
818,,AM,R3130,00,EHZ,61.1981981981982,-149.90658980942584,2026-09-08T00:36:59.995000Z,2026-09-08T00:37:59.995000Z,100.0,100.0,60.0,,traffic,1,Traffic,timeofday:America/Anchorage:day7-19:night1-5,AM,2.0-20.0,692.9236681289068,2595.768317087841,659.9438968543328,2317.7676964054767,0.907075093550575,1.8065046288342028,0.05343368767207135,,,2.98,251.24994376300006,9.22494812015476
819,,AM,R3130,00,EHZ,61.1981981981982,-149.90658980942584,2026-09-08T00:39:59.995000Z,2026-09-08T00:40:59.995000Z,100.0,100.0,60.0,,traffic,1,Traffic,timeofday:America/Anchorage:day7-19:night1-5,AM,2.0-20.0,796.666824491734,6029.766863820978,761.4095890000426,5953.67671450243,0.9134467170861217,5.016774999623534,2.257865541412297,,,2.98,251.24994376300006,23.696231033263174
820,,AM,R3130,00,EHZ,61.1981981981982,-149.90658980942584,2026-09-08T00:41:59.995000Z,2026-09-08T00:42:59.995000Z,100.0,100.0,60.0,,traffic,1,Traffic,timeofday:America/Anchorage:day7-19:night1-5,AM,2.0-20.0,759.7088539639293,4920.234646380042,728.1996017360161,4562.008826035736,0.9187693491867673,3.7363632259538333,1.1011931481628832,,,2.98,251.24994376300006,18.157253122965887
821,,AM,R3130,00,EHZ,61.1981981981982,-149.90658980942584,2026-09-08T00:45:59.995000Z,2026-09-08T00:46:59.995000Z,100.0,100.0,60.0,,traffic,1,Traffic,timeofday:America/Anchorage:day7-19:night1-5,AM,2.0-20.0,897.3383660649552,5711.763086224524,858.8310986936369,5634.439230215562,0.9160159819212802,3.9963662943340053,2.294122629383871,,,2.98,251.24994376300006,22.425633796481307
822,,AM,R3130,00,EHZ,61.1981981981982,-149.90658980942584,2026-09-08T00:48:59.995000Z,2026-09-08T00:49:59.995000Z,100.0,100.0,60.0,,traffic,1,Traffic,timeofday:America/Anchorage:day7-19:night1-5,AM,2.0-20.0,872.6185006164578,7893.238809054823,834.7868505511522,7942.851250231553,0.9151712457130314,4.567933741123669,4.659619491278762,,,2.98,251.24994376300006,31.613345385358233
823,,AM,R3130,00,EHZ,61.1981981981982,-149.90658980942584,2026-09-08T00:49:59.995000Z,2026-09-08T00:50:59.995000Z,100.0,100.0,60.0,,traffic,1,Traffic,timeofday:America/Anchorage:day7-19:night1-5,AM,2.0-20.0,727.0020882687165,3261.238937779868,692.9742832122403,3011.302560904949,0.9085794694915584,2.0390895363330417,0.2958962261037117,,,2.98,251.24994376300006,11.98528650715027
824,,AM,R3130,00,EHZ,61.1981981981982,-149.90658980942584,2026-09-08T00:50:59.995000Z,2026-09-08T00:51:59.995000Z,100.0,100.0,60.0,,traffic,1,Traffic,timeofday:America/Anchorage:day7-19:night1-5,AM,2.0-20.0,897.1156222634335,5036.24001314749,855.7369361600825,5056.674213588914,0.9098791572564324,3.097802555554314,1.0875265345484522,,,2.98,251.24994376300006,20.126071026542366
825,,AM,R3130,00,EHZ,61.1981981981982,-149.90658980942584,2026-09-08T00:59:59.995000Z,2026-09-08T01:00:59.995000Z,100.0,100.0,60.0,,traffic,1,Traffic,timeofday:America/Anchorage:day7-19:night1-5,AM,2.0-20.0,860.7555016620231,6637.754905952375,827.5220936621511,6089.308504414722,0.9242715405657489,3.672195926067486,2.344508725361208,,,2.98,251.24994376300006,24.236059173643703
826,,AM,R3130,00,EHZ,61.1981981981982,-149.90658980942584,2026-09-08T01:04:59.995000Z,2026-09-08T01:05:59.995000Z,100.0,100.0,60.0,,traffic,1,Traffic,timeofday:America/Anchorage:day7-19:night1-5,AM,2.0-20.0,894.0571968757521,5439.75175223865,846.5225634830497,5276.801460186627,0.8964921063189281,2.264418430508036,1.2640491290378346,,,2.98,251.24994376300006,21.00219956731273
827,,AM,R3130,00,EHZ,61.1981981981982,-149.90658980942584,2026-09-08T01:09:59.995000Z,2026-09-08T01:10:59.995000Z,100.0,100.0,60.0,,traffic,1,Traffic,timeofday:America/Anchorage:day7-19:night1-5,AM,2.0-20.0,861.7274601577919,5466.251442555416,829.4550694783281,4884.990966257143,0.9265009447394611,2.840760987464729,2.276895871797217,,,2.98,251.24994376300006,19.442754466305768
828,,AM,R3130,00,EHZ,61.1981981981982,-149.90658980942584,2026-09-08T01:10:59.995000Z,2026-09-08T01:11:59.995000Z,100.0,100.0,60.0,,traffic,1,Traffic,timeofday:America/Anchorage:day7-19:night1-5,AM,2.0-20.0,851.6821352149418,4171.748450755353,807.5214038000943,3533.3650034365146,0.8989861676807169,2.5519888072571812,0.684121423595546,,,2.98,251.24994376300006,14.063147440022831
829,,AM,R3130,00,EHZ,61.1981981981982,-149.90658980942584,2026-09-08T01:11:59.995000Z,2026-09-08T01:12:59.995000Z,100.0,100.0,60.0,,traffic,1,Traffic,timeofday:America/Anchorage:day7-19:night1-5,AM,2.0-20.0,722.4618360784671,3078.7477741262683,686.2248186724612,3113.514764707722,0.9022004123012097,2.1472591799824574,0.17807602663892608,,,2.98,251.24994376300006,12.392101339710743
830,,AM,R3130,00,EHZ,61.1981981981982,-149.90658980942584,2026-09-08T01:12:59.995000Z,2026-09-08T01:13:59.995000Z,100.0,100.0,60.0,,traffic,1,Traffic,timeofday:America/Anchorage:day7-19:night1-5,AM,2.0-20.0,807.2718747211002,4041.746811629868,768.4652224089905,3739.2156968875,0.9061681464901649,3.6404742416613782,0.5633666814319249,,,2.98,251.24994376300006,14.882453865998238
831,,AM,R3130,00,EHZ,61.1981981981982,-149.90658980942584,2026-09-08T01:13:59.995000Z,2026-09-08T01:14:59.995000Z,100.0,100.0,60.0,,traffic,1,Traffic,timeofday:America/Anchorage:day7-19:night1-5,AM,2.0-20.0,844.6309664627057,7057.253346708916,811.8557687217472,6883.048374637312,0.9238974369671417,3.734751769611945,4.301863210069911,,,2.98,251.24994376300006,27.39522354333332
832,,AM,R3130,00,EHZ,61.1981981981982,-149.90658980942584,2026-09-08T01:15:59.995000Z,2026-09-08T01:16:59.995000Z,100.0,100.0,60.0,,traffic,1,Traffic,timeofday:America/Anchorage:day7-19:night1-5,AM,2.0-20.0,1061.2577752441637,8192.254749821866,1032.449622762951,7441.957941697963,0.9464462823553574,4.301264946203182,5.916906888113109,,,2.98,251.24994376300006,29.619739731037868
833,,AM,R3130,00,EHZ,61.1981981981982,-149.90658980942584,2026-09-08T01:16:59.995000Z,2026-09-08T01:17:59.995000Z,100.0,100.0,60.0,,traffic,1,Traffic,timeofday:America/Anchorage:day7-19:night1-5,AM,2.0-20.0,673.8022407048518,2719.7444231870286,642.555018408187,2536.211886692537,0.909401650054855,1.9888697184889903,0.15171221549095204,,,2.98,251.24994376300006,10.094377927841066
834,,AM,R3130,00,EHZ,61.1981981981982,-149.90658980942584,2026-09-08T01:28:59.995000Z,2026-09-08T01:29:59.995000Z,100.0,100.0,60.0,,traffic,1,Traffic,timeofday:America/Anchorage:day7-19:night1-5,AM,2.0-20.0,768.2001750473386,7038.737552500263,733.7949809962213,7258.148467702267,0.9124323408860228,5.588757130051024,6.342279311987168,,,2.98,251.24994376300006,28.888159571286348
835,,AM,R3130,00,EHZ,61.1981981981982,-149.90658980942584,2026-09-08T01:30:59.995000Z,2026-09-08T01:31:59.995000Z,100.0,100.0,60.0,,traffic,1,Traffic,timeofday:America/Anchorage:day7-19:night1-5,AM,2.0-20.0,1471.732922708331,8451.736445325289,1154.7108048822809,6512.3622943861665,0.615585595473567,4.977410910377446,2.3684763368192128,,,2.98,251.24994376300006,25.919855729516783
836,,AM,R3130,00,EHZ,61.1981981981982,-149.90658980942584,2026-09-08T01:31:59.995000Z,2026-09-08T01:32:59.995000Z,100.0,100.0,60.0,,traffic,1,Traffic,timeofday:America/Anchorage:day7-19:night1-5,AM,2.0-20.0,765.0195105327278,3440.735459098014,718.7028081763593,2992.958680777689,0.8825791450689914,2.0723002266378874,0.396582754888005,,,2.98,251.24994376300006,11.912276022640219
837,,AM,R3130,00,EHZ,61.1981981981982,-149.90658980942584,2026-09-08T01:32:59.995000Z,2026-09-08T01:33:59.995000Z,100.0,100.0,60.0,,traffic,1,Traffic,timeofday:America/Anchorage:day7-19:night1-5,AM,2.0-20.0,753.5745716695412,3740.2646375205513,699.4627738628703,3594.3193680348763,0.8615425690958632,2.470592563495252,0.7869353732253184,,,2.98,251.24994376300006,14.305751930537102
838,,AM,R3130,00,EHZ,61.1981981981982,-149.90658980942584,2026-09-08T01:37:59.995000Z,2026-09-08T01:38:59.995000Z,100.0,100.0,60.0,,traffic,1,Traffic,timeofday:America/Anchorage:day7-19:night1-5,AM,2.0-20.0,728.5851851740224,3335.2677802662256,697.7351448490608,3355.6225018530085,0.9171080920337534,2.4350312797902536,0.18490790737433205,,,2.98,251.24994376300006,13.355714439555506
839,,AM,R3130,00,EHZ,61.1981981981982,-149.90658980942584,2026-09-08T01:40:59.995000Z,2026-09-08T01:41:59.995000Z,100.0,100.0,60.0,,traffic,1,Traffic,timeofday:America/Anchorage:day7-19:night1-5,AM,2.0-20.0,829.7805216516405,6251.2699336936275,789.2861584095128,6838.95420442033,0.9047789781825134,4.264465311668846,2.5258315308987926,,,2.98,251.24994376300006,27.219724319108316
840,,AM,R3130,00,EHZ,61.1981981981982,-149.90658980942584,2026-09-08T01:43:59.995000Z,2026-09-08T01:44:59.995000Z,100.0,100.0,60.0,,traffic,1,Traffic,timeofday:America/Anchorage:day7-19:night1-5,AM,2.0-20.0,796.9738252592829,3223.2715264541657,755.893335815069,3633.6182419833303,0.8995657597401051,2.146409489161777,0.2713333177412207,,,2.98,251.24994376300006,14.46216539419751
841,,AM,R3130,00,EHZ,61.1981981981982,-149.90658980942584,2026-09-08T01:45:59.995000Z,2026-09-08T01:46:59.995000Z,100.0,100.0,60.0,,traffic,1,Traffic,timeofday:America/Anchorage:day7-19:night1-5,AM,2.0-20.0,899.5673258714459,5087.2726762051225,864.9296097023611,5064.251085354931,0.9244728994854985,2.3292079674823376,1.2236687331285978,,,2.98,251.24994376300006,20.156227736838645
842,,AM,R3130,00,EHZ,61.1981981981982,-149.90658980942584,2026-09-08T01:50:59.995000Z,2026-09-08T01:51:59.995000Z,100.0,100.0,60.0,,traffic,1,Traffic,timeofday:America/Anchorage:day7-19:night1-5,AM,2.0-20.0,808.8811966100909,3829.2756415674867,769.5186406088616,3646.8761115182215,0.9050421573582492,2.622292644727129,0.783705451807009,,,2.98,251.24994376300006,14.5149330459483
843,,AM,R3130,00,EHZ,61.1981981981982,-149.90658980942584,2026-09-08T01:54:59.995000Z,2026-09-08T01:55:59.995000Z,100.0,100.0,60.0,,traffic,1,Traffic,timeofday:America/Anchorage:day7-19:night1-5,AM,2.0-20.0,885.738254687005,9641.721651816462,852.0799657295582,8924.749140999194,0.9254434889264561,6.155148600541397,7.008378123776039,,,2.98,251.24994376300006,35.52139756663095
844,,AM,R3130,00,EHZ,61.1981981981982,-149.90658980942584,2026-09-08T01:57:59.995000Z,2026-09-08T01:58:59.995000Z,100.0,100.0,60.0,,traffic,1,Traffic,timeofday:America/Anchorage:day7-19:night1-5,AM,2.0-20.0,722.4333285890018,3145.720367756727,678.9114743630129,3046.4037194061607,0.8831424302001519,1.8039588709514947,0.2492655652418332,,,2.98,251.24994376300006,12.124992641907944
845,,AM,R3130,00,EHZ,61.1981981981982,-149.90658980942584,2026-09-08T01:58:59.995000Z,2026-09-08T01:59:59.995000Z,100.0,100.0,60.0,,traffic,1,Traffic,timeofday:America/Anchorage:day7-19:night1-5,AM,2.0-20.0,1515.4529734171392,9518.280515869408,1386.6721441926761,9141.223726774417,0.8372644556873526,3.410559717957309,1.8841417306024502,,,2.98,251.24994376300006,36.38298815062495
846,,AM,R3130,00,EHZ,61.1981981981982,-149.90658980942584,2026-09-08T02:01:59.995000Z,2026-09-08T02:02:59.995000Z,100.0,100.0,60.0,,traffic,1,Traffic,timeofday:America/Anchorage:day7-19:night1-5,AM,2.0-20.0,470.07102324436875,2873.282208937766,429.5007093430379,2703.9646047093142,0.8348353099389768,2.930345851215163,1.5878036319301483,,,2.98,251.24994376300006,10.762050586804985
847,,AM,R3130,00,EHZ,61.1981981981982,-149.90658980942584,2026-09-08T02:13:59.995000Z,2026-09-08T02:14:59.995000Z,100.0,100.0,60.0,,traffic,1,Traffic,timeofday:America/Anchorage:day7-19:night1-5,AM,2.0-20.0,596.2998032835369,4695.710711783066,563.987680474548,4953.679341951083,0.8945608815844487,4.6110233221385855,6.093217890335653,,,2.98,251.24994376300006,19.716141097423716
848,,AM,R3130,00,EHZ,61.1981981981982,-149.90658980942584,2026-09-08T02:21:59.995000Z,2026-09-08T02:22:59.995000Z,100.0,100.0,60.0,,traffic,1,Traffic,timeofday:America/Anchorage:day7-19:night1-5,AM,2.0-20.0,604.7166181278972,5955.706053452053,573.8333568369453,5874.096598167253,0.9004669409892289,6.260864149982965,9.157817340978243,,,2.98,251.24994376300006,23.379494180934792
849,,AM,R3130,00,EHZ,61.1981981981982,-149.90658980942584,2026-09-08T02:22:59.995000Z,2026-09-08T02:23:59.995000Z,100.0,100.0,60.0,,traffic,1,Traffic,timeofday:America/Anchorage:day7-19:night1-5,AM,2.0-20.0,592.4678411753956,4458.294910539989,551.6115704104325,3966.6451397870605,0.8668364608167759,5.561564246830927,3.3272129656297222,,,2.98,251.24994376300006,15.787645881141895
850,,AM,R3130,00,EHZ,61.1981981981982,-149.90658980942584,2026-09-08T02:23:59.995000Z,2026-09-08T02:24:59.995000Z,100.0,100.0,60.0,,traffic,1,Traffic,timeofday:America/Anchorage:day7-19:night1-5,AM,2.0-20.0,532.1097402681982,2804.704405751547,503.68339121267667,2690.499745852705,0.8960099723071969,3.3369742642835574,1.0563282217051109,,,2.98,251.24994376300006,10.708459096773407
851,,AM,R3130,00,EHZ,61.1981981981982,-149.90658980942584,2026-09-08T02:24:59.995000Z,2026-09-08T02:25:59.995000Z,100.0,100.0,60.0,,traffic,1,Traffic,timeofday:America/Anchorage:day7-19:night1-5,AM,2.0-20.0,578.1955300871741,3234.2962514341743,542.8264843896478,2938.6377901326887,0.8813990893608257,2.8508761755482723,2.342719276183592,,,2.98,251.24994376300006,11.696073424416992
852,,AM,R3130,00,EHZ,61.1981981981982,-149.90658980942584,2026-09-08T02:28:59.995000Z,2026-09-08T02:29:59.995000Z,100.0,100.0,60.0,,traffic,1,Traffic,timeofday:America/Anchorage:day7-19:night1-5,AM,2.0-20.0,791.44741328045,6277.298219900342,750.3083816742287,5111.559108246787,0.8987428904900286,2.9542975329810743,4.690999402070699,,,2.98,251.24994376300006,20.344518417359076
853,,AM,R3130,00,EHZ,61.1981981981982,-149.90658980942584,2026-09-08T02:30:59.995000Z,2026-09-08T02:31:59.995000Z,100.0,100.0,60.0,,traffic,1,Traffic,timeofday:America/Anchorage:day7-19:night1-5,AM,2.0-20.0,1070.5382538909769,8270.70068130029,953.7605989013093,7451.189320412303,0.7937328834473263,6.480495059284809,6.153220597494755,,,2.98,251.24994376300006,29.656481545089964
854,,AM,R3130,00,EHZ,61.1981981981982,-149.90658980942584,2026-09-08T02:32:59.995000Z,2026-09-08T02:33:59.995000Z,100.0,100.0,60.0,,traffic,1,Traffic,timeofday:America/Anchorage:day7-19:night1-5,AM,2.0-20.0,544.1498110654958,5970.300826407993,502.7057648905075,6437.315043967392,0.8534749244180556,4.364056928387998,10.450262192753604,,,2.98,251.24994376300006,25.621160138605266
855,,AM,R3130,00,EHZ,61.1981981981982,-149.90658980942584,2026-09-08T02:38:59.995000Z,2026-09-08T02:39:59.995000Z,100.0,100.0,60.0,,traffic,1,Traffic,timeofday:America/Anchorage:day7-19:night1-5,AM,2.0-20.0,411.52967606094626,1649.695840101942,379.4071515780625,1624.7838060598206,0.8499800039269856,2.1023635027444145,0.043436080638646235,,,2.98,251.24994376300006,6.466802665605579
856,,AM,R3130,00,EHZ,61.1981981981982,-149.90658980942584,2026-09-08T02:44:59.995000Z,2026-09-08T02:45:59.995000Z,100.0,100.0,60.0,,traffic,1,Traffic,timeofday:America/Anchorage:day7-19:night1-5,AM,2.0-20.0,660.5696094775769,4299.307906783968,630.0461725774726,3779.495326583972,0.909719651748197,3.6028837913861373,3.0631124662340827,,,2.98,251.24994376300006,15.042770835997114
857,,AM,R3130,00,EHZ,61.1981981981982,-149.90658980942584,2026-09-08T02:45:59.995000Z,2026-09-08T02:46:59.995000Z,100.0,100.0,60.0,,traffic,1,Traffic,timeofday:America/Anchorage:day7-19:night1-5,AM,2.0-20.0,622.298918479683,3238.3085481158687,567.309575090872,2754.9865584501595,0.8310786678043434,2.807739005905306,1.2429782686980317,,,2.98,251.24994376300006,10.965123084958352
858,,AM,R3130,00,EHZ,61.1981981981982,-149.90658980942584,2026-09-08T02:46:59.995000Z,2026-09-08T02:47:59.995000Z,100.0,100.0,60.0,,traffic,1,Traffic,timeofday:America/Anchorage:day7-19:night1-5,AM,2.0-20.0,518.2040445876307,3505.309369323819,489.84356439642625,3646.2275578852605,0.8935383906254744,4.077890278448681,3.298598334237197,,,2.98,251.24994376300006,14.512351737378644
859,,AM,R3130,00,EHZ,61.1981981981982,-149.90658980942584,2026-09-08T02:47:59.995000Z,2026-09-08T02:48:59.995000Z,100.0,100.0,60.0,,traffic,1,Traffic,timeofday:America/Anchorage:day7-19:night1-5,AM,2.0-20.0,630.9329890416307,3887.309766167873,592.9156480792906,3806.276987515429,0.8831192538950926,5.365978283134712,4.500984673813502,,,2.98,251.24994376300006,15.149364535204942
860,,AM,R3130,00,EHZ,61.1981981981982,-149.90658980942584,2026-09-08T02:55:59.995000Z,2026-09-08T02:56:59.995000Z,100.0,100.0,60.0,,traffic,1,Traffic,timeofday:America/Anchorage:day7-19:night1-5,AM,2.0-20.0,531.8174697846443,4286.685238083957,492.0278090890988,3399.660776804634,0.8559612417005221,2.9847982927109444,2.7083052803189815,,,2.98,251.24994376300006,13.530991195012877
861,,AM,R4017,00,EHZ,61.13513513513514,-149.931698481745,2026-09-07T09:00:59.998000Z,2026-09-07T09:01:59.998000Z,100.0,100.0,60.0,,noise,0,Noise,timeofday:America/Anchorage:day7-19:night1-5,AM,2.0-20.0,277.6345834866012,1499.5533319288827,242.54229196810527,1417.8492991315134,0.7631814900415499,2.9908289157253916,1.301337370513239,,,2.73,252.03475009304006,5.625610351779294
862,,AM,R4017,00,EHZ,61.13513513513514,-149.931698481745,2026-09-07T09:01:59.998000Z,2026-09-07T09:02:59.998000Z,100.0,100.0,60.0,,noise,0,Noise,timeofday:America/Anchorage:day7-19:night1-5,AM,2.0-20.0,316.0076827557236,2777.441644428663,289.2948484856161,2880.0307811531907,0.8380812370418022,4.628041682052056,9.815374482240253,,,2.73,252.03475009304006,11.427117808516527
863,,AM,R4017,00,EHZ,61.13513513513514,-149.931698481745,2026-09-07T09:02:59.998000Z,2026-09-07T09:03:59.998000Z,100.0,100.0,60.0,,noise,0,Noise,timeofday:America/Anchorage:day7-19:night1-5,AM,2.0-20.0,357.60857936019954,2380.5584670736193,324.0956304742419,2254.6384246308476,0.8213542201294561,2.9713528638207123,4.964496541224982,,,2.73,252.03475009304006,8.945744282479042
864,,AM,R4017,00,EHZ,61.13513513513514,-149.931698481745,2026-09-07T09:03:59.998000Z,2026-09-07T09:04:59.998000Z,100.0,100.0,60.0,,noise,0,Noise,timeofday:America/Anchorage:day7-19:night1-5,AM,2.0-20.0,253.16219205575976,1058.5613345406693,214.75258817713322,788.555377605986,0.7195800567725978,1.7330616055882913,-0.05540244851053666,,,2.73,252.03475009304006,3.1287565596207916
865,,AM,R4017,00,EHZ,61.13513513513514,-149.931698481745,2026-09-07T09:04:59.998000Z,2026-09-07T09:05:59.998000Z,100.0,100.0,60.0,,noise,0,Noise,timeofday:America/Anchorage:day7-19:night1-5,AM,2.0-20.0,282.33126989088106,1154.4337844468807,238.49309851975383,911.2371148764919,0.7135652118766952,2.7684633772549505,0.1187059909769328,,,2.73,252.03475009304006,3.615521726825779
866,,AM,R4017,00,EHZ,61.13513513513514,-149.931698481745,2026-09-07T09:05:59.998000Z,2026-09-07T09:06:59.998000Z,100.0,100.0,60.0,,noise,0,Noise,timeofday:America/Anchorage:day7-19:night1-5,AM,2.0-20.0,246.14461043369437,1037.5694965078021,206.3458049735567,855.4605911795509,0.7027658126362915,1.8058625264599124,-0.04794009682639855,,,2.73,252.03475009304006,3.3942168326540396
867,,AM,R4017,00,EHZ,61.13513513513514,-149.931698481745,2026-09-07T09:06:59.998000Z,2026-09-07T09:07:59.998000Z,100.0,100.0,60.0,,noise,0,Noise,timeofday:America/Anchorage:day7-19:night1-5,AM,2.0-20.0,255.46162692985854,798.5702695903003,217.42813278849948,753.074533160734,0.7244028081120439,1.707121237237772,-0.2078672119895102,,,2.73,252.03475009304006,2.9879789706884954
868,,AM,R4017,00,EHZ,61.13513513513514,-149.931698481745,2026-09-07T09:07:59.998000Z,2026-09-07T09:08:59.998000Z,100.0,100.0,60.0,,noise,0,Noise,timeofday:America/Anchorage:day7-19:night1-5,AM,2.0-20.0,251.2454246069818,1028.572687796068,213.70073532812356,865.681778061447,0.7234619753194732,1.604994960031788,-0.17356611815750478,,,2.73,252.03475009304006,3.4347715056827504
869,,AM,R4017,00,EHZ,61.13513513513514,-149.931698481745,2026-09-07T09:08:59.998000Z,2026-09-07T09:09:59.998000Z,100.0,100.0,60.0,,noise,0,Noise,timeofday:America/Anchorage:day7-19:night1-5,AM,2.0-20.0,257.16701791949055,991.577797388198,220.36781719671225,764.318503251311,0.7342869367863817,1.6908572745781427,-0.10809495964412852,,,2.73,252.03475009304006,3.032591747642571
870,,AM,R4017,00,EHZ,61.13513513513514,-149.931698481745,2026-09-07T09:09:59.998000Z,2026-09-07T09:10:59.998000Z,100.0,100.0,60.0,,noise,0,Noise,timeofday:America/Anchorage:day7-19:night1-5,AM,2.0-20.0,271.207579721097,1558.4197346946,235.57279991084718,1835.6450449828917,0.7544781057935515,3.6753205577453265,2.7015134524902598,,,2.73,252.03475009304006,7.283301387230344
871,,AM,R4017,00,EHZ,61.13513513513514,-149.931698481745,2026-09-07T09:10:59.998000Z,2026-09-07T09:11:59.998000Z,100.0,100.0,60.0,,noise,0,Noise,timeofday:America/Anchorage:day7-19:night1-5,AM,2.0-20.0,249.95106872982296,1217.4190062130162,213.20292695142223,1157.2621053230657,0.7275725895059857,3.754315939740022,0.8139094461782572,,,2.73,252.03475009304006,4.591676762414135
872,,AM,R4017,00,EHZ,61.13513513513514,-149.931698481745,2026-09-07T09:11:59.998000Z,2026-09-07T09:12:59.998000Z,100.0,100.0,60.0,,noise,0,Noise,timeofday:America/Anchorage:day7-19:night1-5,AM,2.0-20.0,275.5455558467751,1582.4150288336548,239.0205227524977,1361.4199430441208,0.7524602491587047,4.601455597583899,1.5500409799621986,,,2.73,252.03475009304006,5.4017152100714085
873,,AM,R4017,00,EHZ,61.13513513513514,-149.931698481745,2026-09-07T09:12:59.998000Z,2026-09-07T09:13:59.998000Z,100.0,100.0,60.0,,noise,0,Noise,timeofday:America/Anchorage:day7-19:night1-5,AM,2.0-20.0,255.01522759337132,916.5881336498553,215.15776650843927,825.8063524104596,0.7118390792749888,1.8396867191056,-0.024481075154969112,,,2.73,252.03475009304006,3.2765575068739863
874,,AM,R4017,00,EHZ,61.13513513513514,-149.931698481745,2026-09-07T09:13:59.998000Z,2026-09-07T09:14:59.998000Z,100.0,100.0,60.0,,noise,0,Noise,timeofday:America/Anchorage:day7-19:night1-5,AM,2.0-20.0,258.52713191521235,1140.4097626737328,218.4137719644742,1064.3822604461466,0.7137527291572305,2.6191146375964953,0.1089061164864904,,,2.73,252.03475009304006,4.223156767283971
875,,AM,R4017,00,EHZ,61.13513513513514,-149.931698481745,2026-09-07T09:14:59.998000Z,2026-09-07T09:15:59.998000Z,100.0,100.0,60.0,,noise,0,Noise,timeofday:America/Anchorage:day7-19:night1-5,AM,2.0-20.0,289.2102070522959,1761.405364373253,250.7900914697946,1674.4158326963795,0.7519578802178924,4.037324603241944,1.7525923855374463,,,2.73,252.03475009304006,6.6435911400243794
876,,AM,R4017,00,EHZ,61.13513513513514,-149.931698481745,2026-09-07T09:15:59.998000Z,2026-09-07T09:16:59.998000Z,100.0,100.0,60.0,,noise,0,Noise,timeofday:America/Anchorage:day7-19:night1-5,AM,2.0-20.0,367.4287514108986,3420.5948697815425,335.5081103127917,3722.7848109069932,0.8337959319844057,6.356724535321234,16.132752393337366,,,2.73,252.03475009304006,14.770918730582613
877,,AM,R4017,00,EHZ,61.13513513513514,-149.931698481745,2026-09-07T09:16:59.998000Z,2026-09-07T09:17:59.998000Z,100.0,100.0,60.0,,noise,0,Noise,timeofday:America/Anchorage:day7-19:night1-5,AM,2.0-20.0,251.4422179419198,880.4017540222392,209.3106525408896,792.7751581645031,0.6929569669816873,1.6104765916260078,-0.17643517140977893,,,2.73,252.03475009304006,3.145499411774946
878,,AM,R4017,00,EHZ,61.13513513513514,-149.931698481745,2026-09-07T09:17:59.998000Z,2026-09-07T09:18:59.998000Z,100.0,100.0,60.0,,noise,0,Noise,timeofday:America/Anchorage:day7-19:night1-5,AM,2.0-20.0,263.7178856579095,976.601583612772,214.29406027574336,794.9183735571075,0.660299695314781,1.945995228880426,-0.1903840473566354,,,2.73,252.03475009304006,3.154003062131944
879,,AM,R4017,00,EHZ,61.13513513513514,-149.931698481745,2026-09-07T09:18:59.998000Z,2026-09-07T09:19:59.998000Z,100.0,100.0,60.0,,noise,0,Noise,timeofday:America/Anchorage:day7-19:night1-5,AM,2.0-20.0,253.86273510300975,908.3965594096205,209.14645894321228,732.2653508630244,0.6787394970292645,1.5465822358607926,-0.20387632244159137,,,2.73,252.03475009304006,2.905414235904789
880,,AM,R4017,00,EHZ,61.13513513513514,-149.931698481745,2026-09-07T09:19:59.998000Z,2026-09-07T09:20:59.998000Z,100.0,100.0,60.0,,noise,0,Noise,timeofday:America/Anchorage:day7-19:night1-5,AM,2.0-20.0,316.4561168618768,2205.608074439437,278.2805539735917,2465.0904918848973,0.7732834744103843,3.974516345228536,5.339833828224812,,,2.73,252.03475009304006,9.780756387660412
881,,AM,R4017,00,EHZ,61.13513513513514,-149.931698481745,2026-09-07T09:20:59.998000Z,2026-09-07T09:21:59.998000Z,100.0,100.0,60.0,,noise,0,Noise,timeofday:America/Anchorage:day7-19:night1-5,AM,2.0-20.0,285.37272223366637,1499.610180438811,247.7569526545058,1505.1831168293318,0.7537490628114875,3.2123768942365096,1.2158196986107814,,,2.73,252.03475009304006,5.972125336977083
882,,AM,R4017,00,EHZ,61.13513513513514,-149.931698481745,2026-09-07T09:21:59.998000Z,2026-09-07T09:22:59.998000Z,100.0,100.0,60.0,,noise,0,Noise,timeofday:America/Anchorage:day7-19:night1-5,AM,2.0-20.0,248.65371570739092,879.3883667793577,209.32389756574497,695.411004663067,0.7086759889003412,1.533521679137522,-0.1876876691495406,,,2.73,252.03475009304006,2.759186994675743
883,,AM,R4017,00,EHZ,61.13513513513514,-149.931698481745,2026-09-07T09:22:59.998000Z,2026-09-07T09:23:59.998000Z,100.0,100.0,60.0,,noise,0,Noise,timeofday:America/Anchorage:day7-19:night1-5,AM,2.0-20.0,250.97295028895954,932.6154261566464,211.81560603881394,788.1459938114974,0.7122985779702902,1.7676169177700949,-0.15724107196000192,,,2.73,252.03475009304006,3.1271322447422385
884,,AM,R4017,00,EHZ,61.13513513513514,-149.931698481745,2026-09-07T09:23:59.998000Z,2026-09-07T09:24:59.998000Z,100.0,100.0,60.0,,noise,0,Noise,timeofday:America/Anchorage:day7-19:night1-5,AM,2.0-20.0,262.9844409108331,1011.6194574287786,224.96701709992743,881.7161652522043,0.7317750366752326,2.1839140253078666,-0.028649964838999065,,,2.73,252.03475009304006,3.4983912532962766
885,,AM,R4017,00,EHZ,61.13513513513514,-149.931698481745,2026-09-07T09:24:59.998000Z,2026-09-07T09:25:59.998000Z,100.0,100.0,60.0,,noise,0,Noise,timeofday:America/Anchorage:day7-19:night1-5,AM,2.0-20.0,257.95564434743255,1124.3782000940898,215.48990983198533,1356.0251281923283,0.6978527730220379,3.1078184728388663,0.552069903967837,,,2.73,252.03475009304006,5.38031016632327
886,,AM,R4017,00,EHZ,61.13513513513514,-149.931698481745,2026-09-07T09:25:59.998000Z,2026-09-07T09:26:59.998000Z,100.0,100.0,60.0,,noise,0,Noise,timeofday:America/Anchorage:day7-19:night1-5,AM,2.0-20.0,259.1001134803355,922.6233079742908,220.0786543573591,814.3811856064722,0.7214739212777607,2.223793327252024,-0.049148783835494925,,,2.73,252.03475009304006,3.2312257944820653
887,,AM,R4017,00,EHZ,61.13513513513514,-149.931698481745,2026-09-07T09:26:59.998000Z,2026-09-07T09:27:59.998000Z,100.0,100.0,60.0,,noise,0,Noise,timeofday:America/Anchorage:day7-19:night1-5,AM,2.0-20.0,296.8245605881356,2172.626574062006,258.3410487795343,2042.0621023686945,0.7575079054698046,5.501916182705774,2.980122721657315,,,2.73,252.03475009304006,8.10230375618781
888,,AM,R4017,00,EHZ,61.13513513513514,-149.931698481745,2026-09-07T09:27:59.998000Z,2026-09-07T09:28:59.998000Z,100.0,100.0,60.0,,noise,0,Noise,timeofday:America/Anchorage:day7-19:night1-5,AM,2.0-20.0,329.4097921349024,3488.628993196961,295.190300529165,3306.1002389485047,0.8030288650459312,7.971568079067897,15.706559852963178,,,2.73,252.03475009304006,13.117636507378602
889,,AM,R4017,00,EHZ,61.13513513513514,-149.931698481745,2026-09-07T09:28:59.998000Z,2026-09-07T09:29:59.998000Z,100.0,100.0,60.0,,noise,0,Noise,timeofday:America/Anchorage:day7-19:night1-5,AM,2.0-20.0,261.4280616237191,996.6329612844622,213.87207445701046,789.657433239744,0.6692736984992164,1.7661035354010577,-0.16381046346615769,,,2.73,252.03475009304006,3.133129193288773
890,,AM,R4017,00,EHZ,61.13513513513514,-149.931698481745,2026-09-07T09:29:59.998000Z,2026-09-07T09:30:59.998000Z,100.0,100.0,60.0,,noise,0,Noise,timeofday:America/Anchorage:day7-19:night1-5,AM,2.0-20.0,363.6523739733412,2746.634826624743,328.69264453162054,2598.186075757561,0.8169718961213298,4.062641517168371,6.763018164161931,,,2.73,252.03475009304006,10.308840645182562
891,,AM,R4017,00,EHZ,61.13513513513514,-149.931698481745,2026-09-07T09:30:59.998000Z,2026-09-07T09:31:59.998000Z,100.0,100.0,60.0,,noise,0,Noise,timeofday:America/Anchorage:day7-19:night1-5,AM,2.0-20.0,248.7383725518988,1010.6388207294497,208.2955285347443,724.1097589181579,0.7012523298439334,2.03804027047102,-0.11308016689161748,,,2.73,252.03475009304006,2.8730552380211405
892,,AM,R4017,00,EHZ,61.13513513513514,-149.931698481745,2026-09-07T09:31:59.998000Z,2026-09-07T09:32:59.998000Z,100.0,100.0,60.0,,noise,0,Noise,timeofday:America/Anchorage:day7-19:night1-5,AM,2.0-20.0,261.4629409595736,1357.6396690759886,223.68459571774784,1376.916446425204,0.7319002073911458,4.4946424343188,2.023785325495827,,,2.73,252.03475009304006,5.463200792418139
893,,AM,R4017,00,EHZ,61.13513513513514,-149.931698481745,2026-09-07T09:32:59.998000Z,2026-09-07T09:33:59.998000Z,100.0,100.0,60.0,,noise,0,Noise,timeofday:America/Anchorage:day7-19:night1-5,AM,2.0-20.0,261.4403042269525,979.6428106528167,218.25054711471478,864.2595677004813,0.6968921968284376,2.430075966156606,-0.04140145775610593,,,2.73,252.03475009304006,3.4291285919161343
894,,AM,R4017,00,EHZ,61.13513513513514,-149.931698481745,2026-09-07T09:33:59.998000Z,2026-09-07T09:34:59.998000Z,100.0,100.0,60.0,,noise,0,Noise,timeofday:America/Anchorage:day7-19:night1-5,AM,2.0-20.0,265.8362103900201,1266.6450657864973,218.7054987852646,1260.0146555807514,0.6768479692862204,2.5107119196358725,0.6586145060966144,,,2.73,252.03475009304006,4.999368758139939
895,,AM,R4017,00,EHZ,61.13513513513514,-149.931698481745,2026-09-07T09:34:59.998000Z,2026-09-07T09:35:59.998000Z,100.0,100.0,60.0,,noise,0,Noise,timeofday:America/Anchorage:day7-19:night1-5,AM,2.0-20.0,346.3223136304082,2663.649901268846,313.5340985766503,2382.3808190882546,0.8196125713354016,3.769030052032925,5.830409305486068,,,2.73,252.03475009304006,9.452588653782009
896,,AM,R4017,00,EHZ,61.13513513513514,-149.931698481745,2026-09-07T09:35:59.998000Z,2026-09-07T09:36:59.998000Z,100.0,100.0,60.0,,noise,0,Noise,timeofday:America/Anchorage:day7-19:night1-5,AM,2.0-20.0,291.2661009668909,2566.650587472481,252.03475009304006,2349.9772006648823,0.7487571196485148,5.054511626746204,6.170618562254944,,,2.73,252.03475009304006,9.324020595562219
897,,AM,R4017,00,EHZ,61.13513513513514,-149.931698481745,2026-09-07T09:36:59.998000Z,2026-09-07T09:37:59.998000Z,100.0,100.0,60.0,,noise,0,Noise,timeofday:America/Anchorage:day7-19:night1-5,AM,2.0-20.0,314.5897820034757,1283.3457078641566,259.77017287328596,1038.8768290730095,0.6818507802874677,2.4910958267761223,0.2788798420574805,,,2.73,252.03475009304006,4.1219586929560394
898,,AM,R4017,00,EHZ,61.13513513513514,-149.931698481745,2026-09-07T09:37:59.998000Z,2026-09-07T09:38:59.998000Z,100.0,100.0,60.0,,noise,0,Noise,timeofday:America/Anchorage:day7-19:night1-5,AM,2.0-20.0,307.422240035157,1710.3434466907727,264.337322245371,1760.9940331839125,0.7393437518723722,3.2374289355503705,1.8362896830988147,,,2.73,252.03475009304006,6.98710805765408
899,,AM,R4017,00,EHZ,61.13513513513514,-149.931698481745,2026-09-07T09:38:59.998000Z,2026-09-07T09:39:59.998000Z,100.0,100.0,60.0,,noise,0,Noise,timeofday:America/Anchorage:day7-19:night1-5,AM,2.0-20.0,267.5954364200098,1221.33847368894,222.84667459971922,1324.3346075046632,0.6935134850678403,3.473796864099824,0.6964993431982287,,,2.73,252.03475009304006,5.254571470861766
900,,AM,R4017,00,EHZ,61.13513513513514,-149.931698481745,2026-09-07T09:39:59.998000Z,2026-09-07T09:40:59.998000Z,100.0,100.0,60.0,,noise,0,Noise,timeofday:America/Anchorage:day7-19:night1-5,AM,2.0-20.0,320.2255913825391,1604.338191681081,277.2834158468247,1501.3972774265885,0.749783222465864,3.595387785018361,1.1348180973090694,,,2.73,252.03475009304006,5.957104236111644
901,,AM,R4017,00,EHZ,61.13513513513514,-149.931698481745,2026-09-07T09:40:59.998000Z,2026-09-07T09:41:59.998000Z,100.0,100.0,60.0,,noise,0,Noise,timeofday:America/Anchorage:day7-19:night1-5,AM,2.0-20.0,288.8187642930955,1330.664567535836,237.44051144773638,1115.4919813239094,0.6758632417737372,2.5203335404807365,0.3742592935155944,,,2.73,252.03475009304006,4.425945156023601
902,,AM,R4017,00,EHZ,61.13513513513514,-149.931698481745,2026-09-07T09:41:59.998000Z,2026-09-07T09:42:59.998000Z,100.0,100.0,60.0,,noise,0,Noise,timeofday:America/Anchorage:day7-19:night1-5,AM,2.0-20.0,289.29994654729506,1073.3313993336612,242.92877899663316,965.882389780192,0.7051170689070085,2.8924628866944877,0.019434870721977582,,,2.73,252.03475009304006,3.8323381574311917
903,,AM,R4017,00,EHZ,61.13513513513514,-149.931698481745,2026-09-07T09:42:59.998000Z,2026-09-07T09:43:59.998000Z,100.0,100.0,60.0,,noise,0,Noise,timeofday:America/Anchorage:day7-19:night1-5,AM,2.0-20.0,299.7194597537634,1673.3292399061081,259.0315936422951,1639.0484467178749,0.7469225869758644,3.4145975397276325,1.7918753957576055,,,2.73,252.03475009304006,6.503263721025815
904,,AM,R4017,00,EHZ,61.13513513513514,-149.931698481745,2026-09-07T09:43:59.998000Z,2026-09-07T09:44:59.998000Z,100.0,100.0,60.0,,noise,0,Noise,timeofday:America/Anchorage:day7-19:night1-5,AM,2.0-20.0,268.52095805687975,1423.675434827119,226.81326299653537,1385.2374944976382,0.7134778861474402,4.389958701679934,1.4243207277496515,,,2.73,252.03475009304006,5.496216271709635
905,,AM,R4017,00,EHZ,61.13513513513514,-149.931698481745,2026-09-07T09:44:59.998000Z,2026-09-07T09:45:59.998000Z,100.0,100.0,60.0,,noise,0,Noise,timeofday:America/Anchorage:day7-19:night1-5,AM,2.0-20.0,255.65265334796263,990.3220554423222,206.27999100444862,710.110554475254,0.651048883678818,1.620052367641931,-0.1871589830081941,,,2.73,252.03475009304006,2.817510498901888
906,,AM,R4017,00,EHZ,61.13513513513514,-149.931698481745,2026-09-07T09:45:59.998000Z,2026-09-07T09:46:59.998000Z,100.0,100.0,60.0,,noise,0,Noise,timeofday:America/Anchorage:day7-19:night1-5,AM,2.0-20.0,259.6858372764785,907.3192270010711,208.15755864056055,809.272447068144,0.6425217621974522,1.5965448590581597,-0.16408967029057742,,,2.73,252.03475009304006,3.2109558176775086
907,,AM,R4017,00,EHZ,61.13513513513514,-149.931698481745,2026-09-07T09:46:59.998000Z,2026-09-07T09:47:59.998000Z,100.0,100.0,60.0,,noise,0,Noise,timeofday:America/Anchorage:day7-19:night1-5,AM,2.0-20.0,319.04258537383157,2983.6829240638094,280.4874258177453,2964.0803310346455,0.7729109880939888,6.965610451259173,9.06264514099863,,,2.73,252.03475009304006,11.7606017818592
908,,AM,R4017,00,EHZ,61.13513513513514,-149.931698481745,2026-09-07T09:47:59.998000Z,2026-09-07T09:48:59.998000Z,100.0,100.0,60.0,,noise,0,Noise,timeofday:America/Anchorage:day7-19:night1-5,AM,2.0-20.0,278.6045252218017,1030.6848563054575,225.70438956884328,841.5903249476987,0.6563019257702623,1.810398825825438,-0.08571855086998603,,,2.73,252.03475009304006,3.339183682555762
909,,AM,R4017,00,EHZ,61.13513513513514,-149.931698481745,2026-09-07T09:48:59.998000Z,2026-09-07T09:49:59.998000Z,100.0,100.0,60.0,,noise,0,Noise,timeofday:America/Anchorage:day7-19:night1-5,AM,2.0-20.0,252.8232837942126,952.6882901111915,206.51987071641992,848.9213135027078,0.6672514915753289,1.6181693557363752,-0.14955741668954392,,,2.73,252.03475009304006,3.3682708959352774
910,,AM,R4017,00,EHZ,61.13513513513514,-149.931698481745,2026-09-07T09:49:59.998000Z,2026-09-07T09:50:59.998000Z,100.0,100.0,60.0,,noise,0,Noise,timeofday:America/Anchorage:day7-19:night1-5,AM,2.0-20.0,275.3633154890813,1254.3084149963377,228.96391832287102,1188.9497031922406,0.6913881523070916,2.351618924625216,0.3337406477475269,,,2.73,252.03475009304006,4.717403860988745
911,,AM,R4017,00,EHZ,61.13513513513514,-149.931698481745,2026-09-07T09:50:59.998000Z,2026-09-07T09:51:59.998000Z,100.0,100.0,60.0,,noise,0,Noise,timeofday:America/Anchorage:day7-19:night1-5,AM,2.0-20.0,262.0183681997402,1188.6930926074476,209.14130302808587,822.7142863400857,0.637112526216671,1.6903139143740913,-0.13821529225806417,,,2.73,252.03475009304006,3.2642890951996737
912,,AM,R4017,00,EHZ,61.13513513513514,-149.931698481745,2026-09-07T09:51:59.998000Z,2026-09-07T09:52:59.998000Z,100.0,100.0,60.0,,noise,0,Noise,timeofday:America/Anchorage:day7-19:night1-5,AM,2.0-20.0,274.76350926966535,1043.6965120108018,226.09185958056077,865.0883202140008,0.6770983300913334,1.6797604760472105,-0.07939006159881368,,,2.73,252.03475009304006,3.432416838926571
913,,AM,R4017,00,EHZ,61.13513513513514,-149.931698481745,2026-09-07T09:52:59.998000Z,2026-09-07T09:53:59.998000Z,100.0,100.0,60.0,,noise,0,Noise,timeofday:America/Anchorage:day7-19:night1-5,AM,2.0-20.0,261.22898021391353,949.2994297706807,213.05165839979392,707.1230752130712,0.6651615369914929,1.7124455003308166,-0.12041383094951019,,,2.73,252.03475009304006,2.8056570570210364
914,,AM,R4017,00,EHZ,61.13513513513514,-149.931698481745,2026-09-07T09:53:59.998000Z,2026-09-07T09:54:59.998000Z,100.0,100.0,60.0,,noise,0,Noise,timeofday:America/Anchorage:day7-19:night1-5,AM,2.0-20.0,266.3425208912461,1120.2988555339232,217.5144514430991,837.1961742196813,0.6669529852343773,1.9432978348522338,-0.058037396301123145,,,2.73,252.03475009304006,3.3217489806886773
915,,AM,R4017,00,EHZ,61.13513513513514,-149.931698481745,2026-09-07T09:57:59.998000Z,2026-09-07T09:58:59.998000Z,100.0,100.0,60.0,,noise,0,Noise,timeofday:America/Anchorage:day7-19:night1-5,AM,2.0-20.0,252.99067587312803,955.2879989282753,203.4899709814316,716.9168292130498,0.6469593431120895,1.585281610567366,-0.2067588502373403,,,2.73,252.03475009304006,2.8445158016836802
916,,AM,R4017,00,EHZ,61.13513513513514,-149.931698481745,2026-09-07T09:58:59.998000Z,2026-09-07T09:59:59.998000Z,100.0,100.0,60.0,,noise,0,Noise,timeofday:America/Anchorage:day7-19:night1-5,AM,2.0-20.0,252.36975576828837,994.7169754673362,197.70449335520416,734.8298403827171,0.6137033090374241,1.6635032069446918,-0.23910646367541988,,,2.73,252.03475009304006,2.915589378494237
917,,AM,R4017,00,EHZ,61.13513513513514,-149.931698481745,2026-09-07T09:59:59.998000Z,2026-09-07T10:00:59.998000Z,100.0,100.0,60.0,,noise,0,Noise,timeofday:America/Anchorage:day7-19:night1-5,AM,2.0-20.0,312.16911316326804,1925.7197634890092,266.8109146235564,1694.5508713368877,0.7305119454527678,4.306365959643351,3.0647145244908653,,,2.73,252.03475009304006,6.723481070413245
918,,AM,R4017,00,EHZ,61.13513513513514,-149.931698481745,2026-09-07T10:00:59.998000Z,2026-09-07T10:01:59.998000Z,100.0,100.0,60.0,,noise,0,Noise,timeofday:America/Anchorage:day7-19:night1-5,AM,2.0-20.0,286.93265022540646,1276.2778963568214,237.98389140612184,1097.0788230839648,0.6879156408525562,2.5387834577620483,0.025099783783665508,,,2.73,252.03475009304006,4.352887142264993
919,,AM,R4017,00,EHZ,61.13513513513514,-149.931698481745,2026-09-07T10:01:59.998000Z,2026-09-07T10:02:59.998000Z,100.0,100.0,60.0,,noise,0,Noise,timeofday:America/Anchorage:day7-19:night1-5,AM,2.0-20.0,325.39895047386744,1986.723440741391,287.49237085277724,1945.0339236479701,0.7805852724036499,3.3125468901432487,3.684476248688399,,,2.73,252.03475009304006,7.717324388521622
920,,AM,R4017,00,EHZ,61.13513513513514,-149.931698481745,2026-09-07T10:02:59.998000Z,2026-09-07T10:03:59.998000Z,100.0,100.0,60.0,,noise,0,Noise,timeofday:America/Anchorage:day7-19:night1-5,AM,2.0-20.0,251.95207165818624,931.7260601158616,199.49486855369312,685.9627090154,0.6269423262372285,1.6379683000880756,-0.1525484913792985,,,2.73,252.03475009304006,2.721698927477949
921,,AM,R4017,00,EHZ,61.13513513513514,-149.931698481745,2026-09-07T10:03:59.998000Z,2026-09-07T10:04:59.998000Z,100.0,100.0,60.0,,noise,0,Noise,timeofday:America/Anchorage:day7-19:night1-5,AM,2.0-20.0,258.96295544185386,1022.7309415929033,203.93690865157257,685.1977553952979,0.6201780311241315,1.715063162445507,-0.1025356378872666,,,2.73,252.03475009304006,2.718663815772838
922,,AM,R4017,00,EHZ,61.13513513513514,-149.931698481745,2026-09-07T10:04:59.998000Z,2026-09-07T10:05:59.998000Z,100.0,100.0,60.0,,noise,0,Noise,timeofday:America/Anchorage:day7-19:night1-5,AM,2.0-20.0,275.4940390652788,1230.2663289241189,223.40810142828565,912.2181321395251,0.6576175926823374,2.0069209400343526,0.06615167300002156,,,2.73,252.03475009304006,3.619414115723227
923,,AM,R4017,00,EHZ,61.13513513513514,-149.931698481745,2026-09-07T10:05:59.998000Z,2026-09-07T10:06:59.998000Z,100.0,100.0,60.0,,noise,0,Noise,timeofday:America/Anchorage:day7-19:night1-5,AM,2.0-20.0,283.995153749659,1535.2643934303212,229.54894159037133,1428.4548958747557,0.6533241786836581,2.2283074425235916,0.3178575659703653,,,2.73,252.03475009304006,5.6676902504413915
924,,AM,R4017,00,EHZ,61.13513513513514,-149.931698481745,2026-09-07T10:06:59.998000Z,2026-09-07T10:07:59.998000Z,100.0,100.0,60.0,,noise,0,Noise,timeofday:America/Anchorage:day7-19:night1-5,AM,2.0-20.0,257.2993404623398,971.2614883312469,204.32891170207256,731.8914217643484,0.6306411387632044,1.6116330330291064,-0.1301941941887388,,,2.73,252.03475009304006,2.9039305948650593
925,,AM,R4017,00,EHZ,61.13513513513514,-149.931698481745,2026-09-07T10:07:59.998000Z,2026-09-07T10:08:59.998000Z,100.0,100.0,60.0,,noise,0,Noise,timeofday:America/Anchorage:day7-19:night1-5,AM,2.0-20.0,278.511759857623,1327.2596030134753,224.65853183872915,1116.0106900819144,0.6506669650856635,2.753253085966156,0.34639067565152626,,,2.73,252.03475009304006,4.428003240306873
926,,AM,R4017,00,EHZ,61.13513513513514,-149.931698481745,2026-09-07T10:08:59.998000Z,2026-09-07T10:09:59.998000Z,100.0,100.0,60.0,,noise,0,Noise,timeofday:America/Anchorage:day7-19:night1-5,AM,2.0-20.0,255.72236626684128,904.742548051405,201.08954552064577,761.5863845986016,0.6183602389054974,2.0446522006733874,-0.16293787177751762,,,2.73,252.03475009304006,3.0217515017967074
927,,AM,R4017,00,EHZ,61.13513513513514,-149.931698481745,2026-09-07T10:09:59.998000Z,2026-09-07T10:10:59.998000Z,100.0,100.0,60.0,,noise,0,Noise,timeofday:America/Anchorage:day7-19:night1-5,AM,2.0-20.0,268.7075116981953,1371.2523214497867,214.39851615371444,1368.3913471994097,0.6366253618575948,3.928365704830075,0.8092642947584405,,,2.73,252.03475009304006,5.429375697971253
928,,AM,R4017,00,EHZ,61.13513513513514,-149.931698481745,2026-09-07T10:10:59.998000Z,2026-09-07T10:11:59.998000Z,100.0,100.0,60.0,,noise,0,Noise,timeofday:America/Anchorage:day7-19:night1-5,AM,2.0-20.0,352.46702433124204,3993.7483150424146,316.36200510325824,4217.027384006238,0.8056226257274253,7.35804436684608,17.988209905079266,,,2.73,252.03475009304006,16.73192836483659
929,,AM,R4017,00,EHZ,61.13513513513514,-149.931698481745,2026-09-07T10:11:59.998000Z,2026-09-07T10:12:59.998000Z,100.0,100.0,60.0,,noise,0,Noise,timeofday:America/Anchorage:day7-19:night1-5,AM,2.0-20.0,250.79058307714575,925.2467073098248,201.67197244532306,713.6212630978662,0.6466490464619464,1.5919439567587284,-0.21738625696775804,,,2.73,252.03475009304006,2.8314399614911387
930,,AM,R4017,00,EHZ,61.13513513513514,-149.931698481745,2026-09-07T10:15:59.998000Z,2026-09-07T10:16:59.998000Z,100.0,100.0,60.0,,noise,0,Noise,timeofday:America/Anchorage:day7-19:night1-5,AM,2.0-20.0,384.7941963715824,3418.762027035695,350.2892805755296,3483.347441799823,0.8286987206829819,3.3377981214732957,13.574114414377323,,,2.73,252.03475009304006,13.820901445193275
931,,AM,R4017,00,EHZ,61.13513513513514,-149.931698481745,2026-09-07T10:16:59.998000Z,2026-09-07T10:17:59.998000Z,100.0,100.0,60.0,,noise,0,Noise,timeofday:America/Anchorage:day7-19:night1-5,AM,2.0-20.0,291.5729483263904,1222.7647397933272,246.83107894407166,970.3773568852175,0.7166468998193921,2.313632272127081,0.41973211965847934,,,2.73,252.03475009304006,3.8501728691261707
932,,AM,R4017,00,EHZ,61.13513513513514,-149.931698481745,2026-09-07T10:17:59.998000Z,2026-09-07T10:18:59.998000Z,100.0,100.0,60.0,,noise,0,Noise,timeofday:America/Anchorage:day7-19:night1-5,AM,2.0-20.0,264.30232999583603,1100.2320870375277,208.2769421372196,757.1122910447682,0.6209839882382509,1.6765783759017623,-0.15288627366090868,,,2.73,252.03475009304006,3.003999610233414
933,,AM,R4017,00,EHZ,61.13513513513514,-149.931698481745,2026-09-07T10:18:59.998000Z,2026-09-07T10:19:59.998000Z,100.0,100.0,60.0,,noise,0,Noise,timeofday:America/Anchorage:day7-19:night1-5,AM,2.0-20.0,286.69722947804894,1418.7712575663775,243.65460359282903,1478.9852051329592,0.7222744469298874,2.9725274006426576,1.1383097642341422,,,2.73,252.03475009304006,5.868179703739201
934,,AM,R4017,00,EHZ,61.13513513513514,-149.931698481745,2026-09-07T10:19:59.998000Z,2026-09-07T10:20:59.998000Z,100.0,100.0,60.0,,noise,0,Noise,timeofday:America/Anchorage:day7-19:night1-5,AM,2.0-20.0,259.9212894674771,1079.7746017056872,202.5937909847875,725.7515884603395,0.6075311584947594,1.877381184217968,-0.12143538726640957,,,2.73,252.03475009304006,2.8795695363136398
935,,AM,R4017,00,EHZ,61.13513513513514,-149.931698481745,2026-09-07T10:20:59.998000Z,2026-09-07T10:21:59.998000Z,100.0,100.0,60.0,,noise,0,Noise,timeofday:America/Anchorage:day7-19:night1-5,AM,2.0-20.0,280.6574824128485,1053.2235510731532,230.0104466847151,851.712409492593,0.6716482267823985,1.8516188032453602,-0.07180734087891905,,,2.73,252.03475009304006,3.379345146564823
936,,AM,R4017,00,EHZ,61.13513513513514,-149.931698481745,2026-09-07T10:21:59.998000Z,2026-09-07T10:22:59.998000Z,100.0,100.0,60.0,,noise,0,Noise,timeofday:America/Anchorage:day7-19:night1-5,AM,2.0-20.0,269.54563313368584,1166.781359208648,209.82387177925247,713.3170635403062,0.605961724144504,1.6541802523714515,-0.20434789378438145,,,2.73,252.03475009304006,2.8302329868281304
937,,AM,R4017,00,EHZ,61.13513513513514,-149.931698481745,2026-09-07T10:22:59.998000Z,2026-09-07T10:23:59.998000Z,100.0,100.0,60.0,,noise,0,Noise,timeofday:America/Anchorage:day7-19:night1-5,AM,2.0-20.0,254.74207576217648,934.2185701732394,203.18372676265867,833.837641427926,0.6361748220191497,1.7896291745648014,-0.1279530156309434,,,2.73,252.03475009304006,3.3084233071832756
938,,AM,R4017,00,EHZ,61.13513513513514,-149.931698481745,2026-09-07T10:23:59.998000Z,2026-09-07T10:24:59.998000Z,100.0,100.0,60.0,,noise,0,Noise,timeofday:America/Anchorage:day7-19:night1-5,AM,2.0-20.0,253.7613424069937,1001.7868808946316,199.97976833573543,723.5928029269605,0.6210423202772687,1.8876149007147067,-0.17214270501710915,,,2.73,252.03475009304006,2.871004108202707
939,,AM,R4017,00,EHZ,61.13513513513514,-149.931698481745,2026-09-07T10:24:59.998000Z,2026-09-07T10:25:59.998000Z,100.0,100.0,60.0,,noise,0,Noise,timeofday:America/Anchorage:day7-19:night1-5,AM,2.0-20.0,252.37299107317259,880.7888814314304,199.15260658987074,712.9562906126629,0.6227105737286013,1.4044662937258239,-0.15928455294227728,,,2.73,252.03475009304006,2.828801545618098
940,,AM,R4017,00,EHZ,61.13513513513514,-149.931698481745,2026-09-07T10:25:59.998000Z,2026-09-07T10:26:59.998000Z,100.0,100.0,60.0,,noise,0,Noise,timeofday:America/Anchorage:day7-19:night1-5,AM,2.0-20.0,259.64560835981877,974.7922060578442,207.30896092382173,782.2628451815738,0.6374911896408506,1.6142033528956334,-0.13842126829853152,,,2.73,252.03475009304006,3.103789635726014
941,,AM,R4017,00,EHZ,61.13513513513514,-149.931698481745,2026-09-07T10:26:59.998000Z,2026-09-07T10:27:59.998000Z,100.0,100.0,60.0,,noise,0,Noise,timeofday:America/Anchorage:day7-19:night1-5,AM,2.0-20.0,255.47207583457256,971.7932932051028,213.39737683959783,849.1469375528361,0.6977362382918288,1.794587641923264,-0.05748038432168734,,,2.73,252.03475009304006,3.3691661060205735
942,,AM,R4017,00,EHZ,61.13513513513514,-149.931698481745,2026-09-07T10:27:59.998000Z,2026-09-07T10:28:59.998000Z,100.0,100.0,60.0,,noise,0,Noise,timeofday:America/Anchorage:day7-19:night1-5,AM,2.0-20.0,264.795169032722,1044.2021217280906,222.35634542468506,894.8409338104273,0.7051458268089615,2.9954655537626924,0.13220076127704017,,,2.73,252.03475009304006,3.5504664871811986
943,,AM,R4017,00,EHZ,61.13513513513514,-149.931698481745,2026-09-07T10:28:59.998000Z,2026-09-07T10:29:59.998000Z,100.0,100.0,60.0,,noise,0,Noise,timeofday:America/Anchorage:day7-19:night1-5,AM,2.0-20.0,304.56453720627076,2430.798472021567,256.71220690465617,2671.186306716576,0.710451397950373,5.760115139172472,5.766055471574697,,,2.73,252.03475009304006,10.598484160340954
944,,AM,R4017,00,EHZ,61.13513513513514,-149.931698481745,2026-09-07T10:29:59.998000Z,2026-09-07T10:30:59.998000Z,100.0,100.0,60.0,,noise,0,Noise,timeofday:America/Anchorage:day7-19:night1-5,AM,2.0-20.0,252.26775081214694,970.8032838096826,202.09794812332237,627.9761396749212,0.64180092426305,1.8350183171691583,-0.22788475464073965,,,2.73,252.03475009304006,2.4916252201059588
945,,AM,R4017,00,EHZ,61.13513513513514,-149.931698481745,2026-09-07T10:30:59.998000Z,2026-09-07T10:31:59.998000Z,100.0,100.0,60.0,,noise,0,Noise,timeofday:America/Anchorage:day7-19:night1-5,AM,2.0-20.0,244.9352321420305,884.193820383103,201.32928330202358,795.164484065355,0.6756338119874411,1.5949086807588793,-0.14778765527796534,,,2.73,252.03475009304006,3.154979556477095
946,,AM,R4017,00,EHZ,61.13513513513514,-149.931698481745,2026-09-07T10:31:59.998000Z,2026-09-07T10:32:59.998000Z,100.0,100.0,60.0,,noise,0,Noise,timeofday:America/Anchorage:day7-19:night1-5,AM,2.0-20.0,244.30621038534017,1079.19256505323,204.08470321171748,754.9388724184381,0.6978336285187051,1.6956585157576722,-0.08440557213828948,,,2.73,252.03475009304006,2.995376122299596
947,,AM,R4017,00,EHZ,61.13513513513514,-149.931698481745,2026-09-07T10:32:59.998000Z,2026-09-07T10:33:59.998000Z,100.0,100.0,60.0,,noise,0,Noise,timeofday:America/Anchorage:day7-19:night1-5,AM,2.0-20.0,245.52832077088718,851.8113728357405,203.53483017657948,768.7548196965971,0.6871859811466948,1.6772468360218016,-0.16336543842498807,,,2.73,252.03475009304006,3.050193750714165
948,,AM,R4017,00,EHZ,61.13513513513514,-149.931698481745,2026-09-07T10:33:59.998000Z,2026-09-07T10:34:59.998000Z,100.0,100.0,60.0,,noise,0,Noise,timeofday:America/Anchorage:day7-19:night1-5,AM,2.0-20.0,251.22556882114006,887.1863357923373,203.6094785595787,774.4686648936408,0.6568531802321516,1.6274866472897531,-0.17207937533284756,,,2.73,252.03475009304006,3.072864613342967
949,,AM,R4017,00,EHZ,61.13513513513514,-149.931698481745,2026-09-07T10:34:59.998000Z,2026-09-07T10:35:59.998000Z,100.0,100.0,60.0,,noise,0,Noise,timeofday:America/Anchorage:day7-19:night1-5,AM,2.0-20.0,251.92533198824455,836.1843951880162,201.66846305197376,731.8026512213095,0.6408144523321202,1.6919066697104925,-0.27553182243731245,,,2.73,252.03475009304006,2.9035783793749093
950,,AM,R4017,00,EHZ,61.13513513513514,-149.931698481745,2026-09-07T10:35:59.998000Z,2026-09-07T10:36:59.998000Z,100.0,100.0,60.0,,noise,0,Noise,timeofday:America/Anchorage:day7-19:night1-5,AM,2.0-20.0,246.4822452370559,930.8180852731914,203.14424145071445,698.5510816438139,0.679262671696382,1.793943304895359,-0.13235084184697277,,,2.73,252.03475009304006,2.7716458995671815
951,,AM,R4017,00,EHZ,61.13513513513514,-149.931698481745,2026-09-07T10:36:59.998000Z,2026-09-07T10:37:59.998000Z,100.0,100.0,60.0,,noise,0,Noise,timeofday:America/Anchorage:day7-19:night1-5,AM,2.0-20.0,246.3719737305192,1034.8215432377494,206.79870963670137,826.0466457497467,0.7045519863465021,2.4128914098779606,0.017860499087854365,,,2.73,252.03475009304006,3.2775109203981074
952,,AM,R4017,00,EHZ,61.13513513513514,-149.931698481745,2026-09-07T10:37:59.998000Z,2026-09-07T10:38:59.998000Z,100.0,100.0,60.0,,noise,0,Noise,timeofday:America/Anchorage:day7-19:night1-5,AM,2.0-20.0,321.1849436876976,2641.1748143543277,289.58627995255915,2178.843467908342,0.8129158791318629,6.581070417641274,5.9536278915685195,,,2.73,252.03475009304006,8.645012114813571
953,,AM,R4017,00,EHZ,61.13513513513514,-149.931698481745,2026-09-07T10:38:59.998000Z,2026-09-07T10:39:59.998000Z,100.0,100.0,60.0,,noise,0,Noise,timeofday:America/Anchorage:day7-19:night1-5,AM,2.0-20.0,357.966602135716,3473.827494207528,325.1301086870139,3306.2873996013977,0.8249532915339823,4.172669874418532,9.965015730041198,,,2.73,252.03475009304006,13.118379105979882
954,,AM,R4017,00,EHZ,61.13513513513514,-149.931698481745,2026-09-07T10:39:59.998000Z,2026-09-07T10:40:59.998000Z,100.0,100.0,60.0,,noise,0,Noise,timeofday:America/Anchorage:day7-19:night1-5,AM,2.0-20.0,248.99360455040642,906.1687830099925,206.16513060731313,746.4045040039442,0.6855735319861073,1.5228593677993063,-0.3018966596418915,,,2.73,252.03475009304006,2.9615142504293743
955,,AM,R4017,00,EHZ,61.13513513513514,-149.931698481745,2026-09-07T10:40:59.998000Z,2026-09-07T10:41:59.998000Z,100.0,100.0,60.0,,noise,0,Noise,timeofday:America/Anchorage:day7-19:night1-5,AM,2.0-20.0,246.28290025334763,996.8331831469352,201.22110827836784,681.973501687839,0.6675419373777576,1.556555286285308,-0.06027947341732087,,,2.73,252.03475009304006,2.705870922307676
956,,AM,R4017,00,EHZ,61.13513513513514,-149.931698481745,2026-09-07T10:41:59.998000Z,2026-09-07T10:42:59.998000Z,100.0,100.0,60.0,,noise,0,Noise,timeofday:America/Anchorage:day7-19:night1-5,AM,2.0-20.0,253.03618201168945,993.8354800939726,201.30232202615045,761.7905959430127,0.6328959506247231,1.7018106483068698,-0.12066335057129596,,,2.73,252.03475009304006,3.0225617525432242
957,,AM,R4017,00,EHZ,61.13513513513514,-149.931698481745,2026-09-07T10:42:59.998000Z,2026-09-07T10:43:59.998000Z,100.0,100.0,60.0,,noise,0,Noise,timeofday:America/Anchorage:day7-19:night1-5,AM,2.0-20.0,252.13486987235748,955.1601685294243,204.84205392656187,819.5230548572356,0.6600432885155281,2.136993320081463,-0.10188218776485103,,,2.73,252.03475009304006,3.2516272242407207
958,,AM,R4017,00,EHZ,61.13513513513514,-149.931698481745,2026-09-07T10:43:59.998000Z,2026-09-07T10:44:59.998000Z,100.0,100.0,60.0,,noise,0,Noise,timeofday:America/Anchorage:day7-19:night1-5,AM,2.0-20.0,248.8816725048129,886.8426826768757,198.43641371634266,715.1877669649191,0.6357068715909501,1.5492042805184736,-0.1778162058300392,,,2.73,252.03475009304006,2.837655389587759
959,,AM,R4017,00,EHZ,61.13513513513514,-149.931698481745,2026-09-07T10:44:59.998000Z,2026-09-07T10:45:59.998000Z,100.0,100.0,60.0,,noise,0,Noise,timeofday:America/Anchorage:day7-19:night1-5,AM,2.0-20.0,245.58364452183014,1138.845014468376,203.3351362662418,643.6830879619422,0.6855292375329567,1.6838427968363499,-0.17798098998380096,,,2.73,252.03475009304006,2.5539457861438666
960,,AM,R4017,00,EHZ,61.13513513513514,-149.931698481745,2026-09-07T10:45:59.998000Z,2026-09-07T10:46:59.998000Z,100.0,100.0,60.0,,noise,0,Noise,timeofday:America/Anchorage:day7-19:night1-5,AM,2.0-20.0,253.01692879053962,1052.8467743460772,206.34769074225446,706.5988110022886,0.6651200907157812,1.6769026759302292,-0.20206589005696696,,,2.73,252.03475009304006,2.80357693032982
961,,AM,R4017,00,EHZ,61.13513513513514,-149.931698481745,2026-09-07T10:46:59.998000Z,2026-09-07T10:47:59.998000Z,100.0,100.0,60.0,,noise,0,Noise,timeofday:America/Anchorage:day7-19:night1-5,AM,2.0-20.0,263.69976165044795,1166.148904011259,216.73713303535166,1049.3056753438498,0.6755339407264381,2.0902267300431334,0.382716104201823,,,2.73,252.03475009304006,4.163337297561121
962,,AM,R4017,00,EHZ,61.13513513513514,-149.931698481745,2026-09-07T10:47:59.998000Z,2026-09-07T10:48:59.998000Z,100.0,100.0,60.0,,noise,0,Noise,timeofday:America/Anchorage:day7-19:night1-5,AM,2.0-20.0,418.28280747285305,4021.851669760907,394.4088510957647,4295.54916912995,0.8891054585155302,5.995812472680042,14.54983199782463,,,2.73,252.03475009304006,17.043479788180893
963,,AM,R4017,00,EHZ,61.13513513513514,-149.931698481745,2026-09-07T10:48:59.998000Z,2026-09-07T10:49:59.998000Z,100.0,100.0,60.0,,noise,0,Noise,timeofday:America/Anchorage:day7-19:night1-5,AM,2.0-20.0,326.7067301947589,1898.145666263708,292.1456297261105,1937.1792898664899,0.7996181177495794,3.207361476672589,2.5517484694899535,,,2.73,252.03475009304006,7.686159504399171
964,,AM,R4017,00,EHZ,61.13513513513514,-149.931698481745,2026-09-07T10:49:59.998000Z,2026-09-07T10:50:59.998000Z,100.0,100.0,60.0,,noise,0,Noise,timeofday:America/Anchorage:day7-19:night1-5,AM,2.0-20.0,400.9780838730791,3362.14311239683,369.60867717883133,3558.3760632997232,0.8496558355496346,5.609560041122919,10.895012520802723,,,2.73,252.03475009304006,14.118593019359944
965,,AM,R4017,00,EHZ,61.13513513513514,-149.931698481745,2026-09-07T10:50:59.998000Z,2026-09-07T10:51:59.998000Z,100.0,100.0,60.0,,noise,0,Noise,timeofday:America/Anchorage:day7-19:night1-5,AM,2.0-20.0,282.1884394465009,2784.139332469427,231.71120125365877,2547.2179716593823,0.6742417199472296,5.864004082880134,7.982354766462059,,,2.73,252.03475009304006,10.106614150306902
966,,AM,R4017,00,EHZ,61.13513513513514,-149.931698481745,2026-09-07T10:51:59.998000Z,2026-09-07T10:52:59.998000Z,100.0,100.0,60.0,,noise,0,Noise,timeofday:America/Anchorage:day7-19:night1-5,AM,2.0-20.0,260.3836350078898,1550.1355771654469,219.78674047641374,1525.804269037262,0.7124848031053298,4.442380178884468,1.5774015234422452,,,2.73,252.03475009304006,6.053944023488835
967,,AM,R4017,00,EHZ,61.13513513513514,-149.931698481745,2026-09-07T10:52:59.998000Z,2026-09-07T10:53:59.998000Z,100.0,100.0,60.0,,noise,0,Noise,timeofday:America/Anchorage:day7-19:night1-5,AM,2.0-20.0,361.36863058698316,3192.865382218783,327.9915135111983,3008.7010328498764,0.823804791912214,6.11330013772487,12.029789427048872,,,2.73,252.03475009304006,11.93764364532747
968,,AM,R4017,00,EHZ,61.13513513513514,-149.931698481745,2026-09-07T10:53:59.998000Z,2026-09-07T10:54:59.998000Z,100.0,100.0,60.0,,traffic,1,Traffic,timeofday:America/Anchorage:day7-19:night1-5+burst>=20x,AM,2.0-20.0,579.757671438547,6808.870166131326,553.752312198865,7390.799805569031,0.9123008873481876,6.375044067338212,29.638082827481753,,,2.73,252.03475009304006,29.324526887029172
969,,AM,R4017,00,EHZ,61.13513513513514,-149.931698481745,2026-09-07T10:54:59.998000Z,2026-09-07T10:55:59.998000Z,100.0,100.0,60.0,,noise,0,Noise,timeofday:America/Anchorage:day7-19:night1-5,AM,2.0-20.0,332.75449664608107,4005.8706270074313,303.18296094671507,4166.150074051417,0.8301598287469973,3.7195737624227676,21.14688474454186,,,2.73,252.03475009304006,16.530062114503888
970,,AM,R4017,00,EHZ,61.13513513513514,-149.931698481745,2026-09-07T10:55:59.998000Z,2026-09-07T10:56:59.998000Z,100.0,100.0,60.0,,noise,0,Noise,timeofday:America/Anchorage:day7-19:night1-5,AM,2.0-20.0,242.67878596193228,990.1241741986139,198.7699063852914,733.8279153257895,0.6708688685560704,1.5329721246076162,-0.16492806591973252,,,2.73,252.03475009304006,2.9116140336000997
971,,AM,R4017,00,EHZ,61.13513513513514,-149.931698481745,2026-09-07T10:56:59.998000Z,2026-09-07T10:57:59.998000Z,100.0,100.0,60.0,,noise,0,Noise,timeofday:America/Anchorage:day7-19:night1-5,AM,2.0-20.0,246.06689177239323,823.8777464282159,198.3860610446581,676.098616046646,0.6500038699218903,1.6150230641861405,-0.2054906697116854,,,2.73,252.03475009304006,2.6825610984082964
972,,AM,R4017,00,EHZ,61.13513513513514,-149.931698481745,2026-09-07T10:57:59.998000Z,2026-09-07T10:58:59.998000Z,100.0,100.0,60.0,,noise,0,Noise,timeofday:America/Anchorage:day7-19:night1-5,AM,2.0-20.0,246.37243908116665,1042.8793306898244,200.15113573975256,734.1660020211102,0.6599816665389273,1.571540927400997,-0.02290391419822635,,,2.73,252.03475009304006,2.9129554624911393
973,,AM,R4017,00,EHZ,61.13513513513514,-149.931698481745,2026-09-07T10:58:59.998000Z,2026-09-07T10:59:59.998000Z,100.0,100.0,60.0,,noise,0,Noise,timeofday:America/Anchorage:day7-19:night1-5,AM,2.0-20.0,256.47807790189506,885.8831942439376,205.37361854347014,748.765868585698,0.6411930548945165,1.6225209287688445,-0.2558607714665895,,,2.73,252.03475009304006,2.970883452814688
974,,AM,R4017,00,EHZ,61.13513513513514,-149.931698481745,2026-09-07T10:59:59.998000Z,2026-09-07T11:00:59.998000Z,100.0,100.0,60.0,,noise,0,Noise,timeofday:America/Anchorage:day7-19:night1-5,AM,2.0-20.0,255.13870987445682,975.8871981050927,216.28307332822075,1095.3129599371946,0.7186085067762784,1.9039741526591598,-0.07912851976252622,,,2.73,252.03475009304006,4.345880714992093
975,,AM,R4017,00,EHZ,61.13513513513514,-149.931698481745,2026-09-07T11:00:59.998000Z,2026-09-07T11:01:59.998000Z,100.0,100.0,60.0,,traffic,1,Traffic,timeofday:America/Anchorage:day7-19:night1-5+burst>=20x,AM,2.0-20.0,442.05729877758637,6786.109901441765,413.36598336431456,6106.873810930874,0.8744044086702059,6.017894804505806,31.1271203333229,,,2.73,252.03475009304006,24.230284945534244
976,,AM,R4017,00,EHZ,61.13513513513514,-149.931698481745,2026-09-07T11:01:59.998000Z,2026-09-07T11:02:59.998000Z,100.0,100.0,60.0,,noise,0,Noise,timeofday:America/Anchorage:day7-19:night1-5,AM,2.0-20.0,404.8760638958469,3781.1097513782747,371.52294381408365,3896.1319475142927,0.8420290484039408,5.468809347555234,13.811252225963326,,,2.73,252.03475009304006,15.45870934891325
977,,AM,R4017,00,EHZ,61.13513513513514,-149.931698481745,2026-09-07T11:02:59.998000Z,2026-09-07T11:03:59.998000Z,100.0,100.0,60.0,,noise,0,Noise,timeofday:America/Anchorage:day7-19:night1-5,AM,2.0-20.0,278.5800828905675,1454.104601366567,224.15554825830563,1066.849040008192,0.64743900400612,2.5380203644135984,0.08621154150544719,,,2.73,252.03475009304006,4.232944225406849
978,,AM,R4017,00,EHZ,61.13513513513514,-149.931698481745,2026-09-07T11:03:59.998000Z,2026-09-07T11:04:59.998000Z,100.0,100.0,60.0,,noise,0,Noise,timeofday:America/Anchorage:day7-19:night1-5,AM,2.0-20.0,269.04651492676885,909.1031318593939,205.1169466574988,750.8475635205602,0.5812304312985291,1.6190875680119723,-0.17123557042930493,,,2.73,252.03475009304006,2.9791430080311567
979,,AM,R4017,00,EHZ,61.13513513513514,-149.931698481745,2026-09-07T11:04:59.998000Z,2026-09-07T11:05:59.998000Z,100.0,100.0,60.0,,noise,0,Noise,timeofday:America/Anchorage:day7-19:night1-5,AM,2.0-20.0,253.97074326812506,983.8988937654196,203.5252430664002,727.3410267413973,0.6421983482699726,1.592226126292968,-0.17972995926343716,,,2.73,252.03475009304006,2.885875961441409
980,,AM,R4017,00,EHZ,61.13513513513514,-149.931698481745,2026-09-07T11:05:59.998000Z,2026-09-07T11:06:59.998000Z,100.0,100.0,60.0,,noise,0,Noise,timeofday:America/Anchorage:day7-19:night1-5,AM,2.0-20.0,258.4329346504068,964.9028934452383,208.00360907806262,825.1078012289445,0.6478075756067077,1.5941748926142065,-0.12287172244982925,,,2.73,252.03475009304006,3.2737858605781596
981,,AM,R4017,00,EHZ,61.13513513513514,-149.931698481745,2026-09-07T11:06:59.998000Z,2026-09-07T11:07:59.998000Z,100.0,100.0,60.0,,noise,0,Noise,timeofday:America/Anchorage:day7-19:night1-5,AM,2.0-20.0,284.9633902308202,1129.095318801488,224.07462714525226,934.0552897918187,0.6183113617264372,2.010199696596281,0.03078653176318502,,,2.73,252.03475009304006,3.706057555345074
982,,AM,R4017,00,EHZ,61.13513513513514,-149.931698481745,2026-09-07T11:07:59.998000Z,2026-09-07T11:08:59.998000Z,100.0,100.0,60.0,,noise,0,Noise,timeofday:America/Anchorage:day7-19:night1-5,AM,2.0-20.0,271.9427267779114,1150.908691099374,209.99565696067108,765.1343880669451,0.5963012641365414,1.7557923401404407,-0.13186736220513762,,,2.73,252.03475009304006,3.0358289394001874
983,,AM,R4017,00,EHZ,61.13513513513514,-149.931698481745,2026-09-07T11:08:59.998000Z,2026-09-07T11:09:59.998000Z,100.0,100.0,60.0,,noise,0,Noise,timeofday:America/Anchorage:day7-19:night1-5,AM,2.0-20.0,358.6389950757362,5184.911697944279,326.1673981261165,4889.436565187523,0.8271153496301287,6.844961911940688,24.45660342578719,,,2.73,252.03475009304006,19.399850867321113
984,,AM,R4017,00,EHZ,61.13513513513514,-149.931698481745,2026-09-07T11:09:59.998000Z,2026-09-07T11:10:59.998000Z,100.0,100.0,60.0,,noise,0,Noise,timeofday:America/Anchorage:day7-19:night1-5,AM,2.0-20.0,252.89383520825882,899.9130025209945,208.783580126356,776.1474816791733,0.6815789912716752,1.6496387822205687,-0.18580776619049644,,,2.73,252.03475009304006,3.079525666173629
985,,AM,R4017,00,EHZ,61.13513513513514,-149.931698481745,2026-09-07T11:10:59.998000Z,2026-09-07T11:11:59.998000Z,100.0,100.0,60.0,,noise,0,Noise,timeofday:America/Anchorage:day7-19:night1-5,AM,2.0-20.0,240.5554713202354,867.0833848050295,202.01863579153357,793.5555752560869,0.7052650941465818,1.7542952457557073,-0.10876662493636013,,,2.73,252.03475009304006,3.148595878001511
986,,AM,R4017,00,EHZ,61.13513513513514,-149.931698481745,2026-09-07T11:11:59.998000Z,2026-09-07T11:12:59.998000Z,100.0,100.0,60.0,,noise,0,Noise,timeofday:America/Anchorage:day7-19:night1-5,AM,2.0-20.0,243.50213176079495,1105.9193186607465,205.31560118541802,834.9989639373352,0.7109488677337269,1.6432030226938286,-0.13183335321560685,,,2.73,252.03475009304006,3.313031094438726
987,,AM,R4017,00,EHZ,61.13513513513514,-149.931698481745,2026-09-07T11:12:59.998000Z,2026-09-07T11:13:59.998000Z,100.0,100.0,60.0,,noise,0,Noise,timeofday:America/Anchorage:day7-19:night1-5,AM,2.0-20.0,247.8082165548805,1042.92231063868,198.8711641153322,680.0677176931279,0.6440390898451466,1.7489502529178642,-0.15396193905146305,,,2.73,252.03475009304006,2.698309330130377
988,,AM,R4017,00,EHZ,61.13513513513514,-149.931698481745,2026-09-07T11:13:59.998000Z,2026-09-07T11:14:59.998000Z,100.0,100.0,60.0,,noise,0,Noise,timeofday:America/Anchorage:day7-19:night1-5,AM,2.0-20.0,241.98543430017992,887.9259386442193,203.09061589831148,687.5925870780496,0.7043706677812928,1.668913181928581,-0.171065939473233,,,2.73,252.03475009304006,2.7281658058034495
989,,AM,R4017,00,EHZ,61.13513513513514,-149.931698481745,2026-09-07T11:14:59.998000Z,2026-09-07T11:15:59.998000Z,100.0,100.0,60.0,,noise,0,Noise,timeofday:America/Anchorage:day7-19:night1-5,AM,2.0-20.0,243.3920132061153,857.0726829088032,200.84030369235094,723.7018784436524,0.6809090287372641,1.5593963394869435,-0.24225417772195845,,,2.73,252.03475009304006,2.871436887875556
990,,AM,R4017,00,EHZ,61.13513513513514,-149.931698481745,2026-09-07T11:15:59.998000Z,2026-09-07T11:16:59.998000Z,100.0,100.0,60.0,,noise,0,Noise,timeofday:America/Anchorage:day7-19:night1-5,AM,2.0-20.0,245.73416562679387,820.0688072752725,200.54272333586476,702.4534930537749,0.6660130379269527,1.5101206877221018,-0.19653635840790606,,,2.73,252.03475009304006,2.78712952398215
991,,AM,R4017,00,EHZ,61.13513513513514,-149.931698481745,2026-09-07T11:16:59.998000Z,2026-09-07T11:17:59.998000Z,100.0,100.0,60.0,,noise,0,Noise,timeofday:America/Anchorage:day7-19:night1-5,AM,2.0-20.0,247.87016006559696,955.0660633899186,197.42079530977506,713.2055071750447,0.6343622046979313,1.6968999135564722,-0.17044453766282164,,,2.73,252.03475009304006,2.829790363875461
992,,AM,R4017,00,EHZ,61.13513513513514,-149.931698481745,2026-09-07T11:17:59.998000Z,2026-09-07T11:18:59.998000Z,100.0,100.0,60.0,,noise,0,Noise,timeofday:America/Anchorage:day7-19:night1-5,AM,2.0-20.0,254.4185941416766,1074.935089264933,207.293916832572,725.5663813492746,0.6638583441199648,1.8088440988817944,-0.10595940685006422,,,2.73,252.03475009304006,2.8788346887936194
993,,AM,R4017,00,EHZ,61.13513513513514,-149.931698481745,2026-09-07T11:21:59.998000Z,2026-09-07T11:22:59.998000Z,100.0,100.0,60.0,,noise,0,Noise,timeofday:America/Anchorage:day7-19:night1-5,AM,2.0-20.0,245.5816133343046,857.946611167534,206.26488292054242,676.242645499434,0.7054380695179746,1.6542136829027845,-0.2559428854275585,,,2.73,252.03475009304006,2.683132565052221
994,,AM,R4017,00,EHZ,61.13513513513514,-149.931698481745,2026-09-07T11:22:59.998000Z,2026-09-07T11:23:59.998000Z,100.0,100.0,60.0,,noise,0,Noise,timeofday:America/Anchorage:day7-19:night1-5,AM,2.0-20.0,248.27096807357037,888.0500772146531,205.12334949155212,680.9505049221553,0.6826189238193052,1.4494912368594548,-0.20712463618112453,,,2.73,252.03475009304006,2.7018119710507325
995,,AM,R4017,00,EHZ,61.13513513513514,-149.931698481745,2026-09-07T11:23:59.998000Z,2026-09-07T11:24:59.998000Z,100.0,100.0,60.0,,noise,0,Noise,timeofday:America/Anchorage:day7-19:night1-5,AM,2.0-20.0,248.92052275924294,1111.0461105209267,205.300148735479,816.5398257349715,0.680232095177395,1.9780752421917827,-0.12656056022804263,,,2.73,252.03475009304006,3.239790645669064
996,,AM,R4017,00,EHZ,61.13513513513514,-149.931698481745,2026-09-07T11:24:59.998000Z,2026-09-07T11:25:59.998000Z,100.0,100.0,60.0,,noise,0,Noise,timeofday:America/Anchorage:day7-19:night1-5,AM,2.0-20.0,255.50487699727947,916.9569251287342,208.8360103400403,760.4566119937253,0.6680552587938212,1.590696684117264,-0.10022319619193576,,,2.73,252.03475009304006,3.017268895313041
997,,AM,R4017,00,EHZ,61.13513513513514,-149.931698481745,2026-09-07T11:25:59.998000Z,2026-09-07T11:26:59.998000Z,100.0,100.0,60.0,,noise,0,Noise,timeofday:America/Anchorage:day7-19:night1-5,AM,2.0-20.0,276.0150455582287,1538.958714740382,235.2556410819611,1301.9044296157954,0.7264648064823248,3.007026200394956,0.38579462568637357,,,2.73,252.03475009304006,5.165575100795386
998,,AM,R4017,00,EHZ,61.13513513513514,-149.931698481745,2026-09-07T11:26:59.998000Z,2026-09-07T11:27:59.998000Z,100.0,100.0,60.0,,noise,0,Noise,timeofday:America/Anchorage:day7-19:night1-5,AM,2.0-20.0,292.83226746035393,1355.9607501216435,253.99398538357332,1294.6953762088388,0.7523310815610144,3.3751935383017417,0.8203090025587918,,,2.73,252.03475009304006,5.136971690335934
999,,AM,R4017,00,EHZ,61.13513513513514,-149.931698481745,2026-09-07T11:27:59.998000Z,2026-09-07T11:28:59.998000Z,100.0,100.0,60.0,,noise,0,Noise,timeofday:America/Anchorage:day7-19:night1-5,AM,2.0-20.0,357.4736048070044,3147.962770171342,322.89599875297057,3219.0496802939856,0.8159008153495466,7.264714484857102,12.269698645603944,,,2.73,252.03475009304006,12.77224541102231
1000,,AM,R4017,00,EHZ,61.13513513513514,-149.931698481745,2026-09-07T11:28:59.998000Z,2026-09-07T11:29:59.998000Z,100.0,100.0,60.0,,noise,0,Noise,timeofday:America/Anchorage:day7-19:night1-5,AM,2.0-20.0,265.5585907215673,1572.0345161418388,222.91027334563063,1608.4170450995646,0.7045948399937971,4.792340783715229,2.132807931966455,,,2.73,252.03475009304006,6.381727299532339
1001,,AM,R4017,00,EHZ,61.13513513513514,-149.931698481745,2026-09-07T11:29:59.998000Z,2026-09-07T11:30:59.998000Z,100.0,100.0,60.0,,noise,0,Noise,timeofday:America/Anchorage:day7-19:night1-5,AM,2.0-20.0,255.3229695955954,977.970747230522,206.6996037619333,778.8534639279084,0.6553895528437915,1.6820895971281755,-0.16357755426127962,,,2.73,252.03475009304006,3.090262210430864
1002,,AM,R4017,00,EHZ,61.13513513513514,-149.931698481745,2026-09-07T11:30:59.998000Z,2026-09-07T11:31:59.998000Z,100.0,100.0,60.0,,noise,0,Noise,timeofday:America/Anchorage:day7-19:night1-5,AM,2.0-20.0,249.9725290482429,875.9712838352627,202.68602673962363,716.8795299779639,0.6574504853540997,1.520430631543119,-0.10456552036421929,,,2.73,252.03475009304006,2.8443678092537783
1003,,AM,R4017,00,EHZ,61.13513513513514,-149.931698481745,2026-09-07T11:31:59.998000Z,2026-09-07T11:32:59.998000Z,100.0,100.0,60.0,,noise,0,Noise,timeofday:America/Anchorage:day7-19:night1-5,AM,2.0-20.0,251.79270515119956,940.9737568629846,209.26584231820905,796.0244122435303,0.6907333168085485,1.537864094178665,-0.21274587521639798,,,2.73,252.03475009304006,3.158391499385197
1004,,AM,R4017,00,EHZ,61.13513513513514,-149.931698481745,2026-09-07T11:32:59.998000Z,2026-09-07T11:33:59.998000Z,100.0,100.0,60.0,,noise,0,Noise,timeofday:America/Anchorage:day7-19:night1-5,AM,2.0-20.0,346.95743777835713,3243.978285714055,311.4208699097129,3679.1022248796003,0.8056437143932956,5.481233314170594,8.99035161562331,,,2.73,252.03475009304006,14.59759903553553
1005,,AM,R4017,00,EHZ,61.13513513513514,-149.931698481745,2026-09-07T11:33:59.998000Z,2026-09-07T11:34:59.998000Z,100.0,100.0,60.0,,noise,0,Noise,timeofday:America/Anchorage:day7-19:night1-5,AM,2.0-20.0,370.49948790909264,2747.979548012822,330.53225716133846,2694.7265844982853,0.7958889492185934,5.018757632167912,9.913434402679835,,,2.73,252.03475009304006,10.691885081337045
1006,,AM,R4017,00,EHZ,61.13513513513514,-149.931698481745,2026-09-07T11:34:59.998000Z,2026-09-07T11:35:59.998000Z,100.0,100.0,60.0,,noise,0,Noise,timeofday:America/Anchorage:day7-19:night1-5,AM,2.0-20.0,261.0858386562425,1113.0155207987025,208.61569330031668,1068.888099520734,0.6384506280373211,2.4661361904636006,0.07796135711384355,,,2.73,252.03475009304006,4.241034615766865
1007,,AM,R4017,00,EHZ,61.13513513513514,-149.931698481745,2026-09-07T11:35:59.998000Z,2026-09-07T11:36:59.998000Z,100.0,100.0,60.0,,noise,0,Noise,timeofday:America/Anchorage:day7-19:night1-5,AM,2.0-20.0,572.9128815029849,5011.985229518747,553.8659215838196,4851.390699105303,0.9346136398731526,7.637541435344428,21.348186447866187,,,2.73,252.03475009304006,19.248896024514018
1008,,AM,R4017,00,EHZ,61.13513513513514,-149.931698481745,2026-09-07T11:36:59.998000Z,2026-09-07T11:37:59.998000Z,100.0,100.0,60.0,,noise,0,Noise,timeofday:America/Anchorage:day7-19:night1-5,AM,2.0-20.0,283.2511590598373,1251.989225017229,236.8188753438738,997.1802483883669,0.699019413417176,1.9703049385112479,0.10527678590585143,,,2.73,252.03475009304006,3.9565188848769948
1009,,AM,R4017,00,EHZ,61.13513513513514,-149.931698481745,2026-09-07T11:37:59.998000Z,2026-09-07T11:38:59.998000Z,100.0,100.0,60.0,,noise,0,Noise,timeofday:America/Anchorage:day7-19:night1-5,AM,2.0-20.0,289.6127679426343,1270.0093119798964,241.01479843566628,970.1955617996772,0.6925513973511844,1.876478053423862,-0.0911368523595173,,,2.73,252.03475009304006,3.8494515595231373
1010,,AM,R4017,00,EHZ,61.13513513513514,-149.931698481745,2026-09-07T11:38:59.998000Z,2026-09-07T11:39:59.998000Z,100.0,100.0,60.0,,noise,0,Noise,timeofday:America/Anchorage:day7-19:night1-5,AM,2.0-20.0,289.72988298377413,1459.9960470985918,246.96814457232634,1279.5051429951313,0.7265998367036534,3.2843041272909317,0.48486801869703555,,,2.73,252.03475009304006,5.076701298224926
1011,,AM,R4017,00,EHZ,61.13513513513514,-149.931698481745,2026-09-07T11:39:59.998000Z,2026-09-07T11:40:59.998000Z,100.0,100.0,60.0,,noise,0,Noise,timeofday:America/Anchorage:day7-19:night1-5,AM,2.0-20.0,375.65728656266043,3020.9968378356193,348.23416055727216,3255.5024367042543,0.8593282888838296,3.754164615217146,6.358187123636913,,,2.73,252.03475009304006,12.9168792616989
1012,,AM,R4017,00,EHZ,61.13513513513514,-149.931698481745,2026-09-07T11:40:59.998000Z,2026-09-07T11:41:59.998000Z,100.0,100.0,60.0,,noise,0,Noise,timeofday:America/Anchorage:day7-19:night1-5,AM,2.0-20.0,306.7334122127932,1188.0014953789089,261.2612127438925,1020.4025919795235,0.7254837766488348,1.807445769547529,-0.009928800750706124,,,2.73,252.03475009304006,4.048658336212908
1013,,AM,R4017,00,EHZ,61.13513513513514,-149.931698481745,2026-09-07T11:41:59.998000Z,2026-09-07T11:42:59.998000Z,100.0,100.0,60.0,,noise,0,Noise,timeofday:America/Anchorage:day7-19:night1-5,AM,2.0-20.0,388.34548619214155,1936.9978569786633,353.88912935073546,1942.394803701257,0.8304202315834098,3.1046974849619757,0.9976160449381308,,,2.73,252.03475009304006,7.7068531342769635
1014,,AM,R4017,00,EHZ,61.13513513513514,-149.931698481745,2026-09-07T11:42:59.998000Z,2026-09-07T11:43:59.998000Z,100.0,100.0,60.0,,noise,0,Noise,timeofday:America/Anchorage:day7-19:night1-5,AM,2.0-20.0,418.35224500497515,1457.9940343087198,388.5218127794523,1260.9120427862795,0.8624751782301883,2.103173075119621,-0.5079420700594901,,,2.73,252.03475009304006,5.002929327486811
1015,,AM,R4017,00,EHZ,61.13513513513514,-149.931698481745,2026-09-07T11:43:59.998000Z,2026-09-07T11:44:59.998000Z,100.0,100.0,60.0,,noise,0,Noise,timeofday:America/Anchorage:day7-19:night1-5,AM,2.0-20.0,429.1789204088408,1445.9908383745258,400.2418913534526,1271.5938637336253,0.8696976936268025,2.115260479616653,-0.33878605642735193,,,2.73,252.03475009304006,5.045311661444341
1016,,AM,R4017,00,EHZ,61.13513513513514,-149.931698481745,2026-09-07T11:44:59.998000Z,2026-09-07T11:45:59.998000Z,100.0,100.0,60.0,,noise,0,Noise,timeofday:America/Anchorage:day7-19:night1-5,AM,2.0-20.0,405.5614445279642,1620.989343314746,369.67613628301245,1307.9054678727198,0.8308631740929165,1.8391220885057644,-0.15407175716108057,,,2.73,252.03475009304006,5.189385461290156
1017,,AM,R4017,00,EHZ,61.13513513513514,-149.931698481745,2026-09-07T11:45:59.998000Z,2026-09-07T11:46:59.998000Z,100.0,100.0,60.0,,noise,0,Noise,timeofday:America/Anchorage:day7-19:night1-5,AM,2.0-20.0,554.5250366373722,4690.984944085079,527.5525012352113,4896.208313857591,0.9050843480118791,6.269070121418313,10.098028542698234,,,2.73,252.03475009304006,19.426719180788076
1018,,AM,R4017,00,EHZ,61.13513513513514,-149.931698481745,2026-09-07T11:46:59.998000Z,2026-09-07T11:47:59.998000Z,100.0,100.0,60.0,,noise,0,Noise,timeofday:America/Anchorage:day7-19:night1-5,AM,2.0-20.0,386.2258112543155,1353.9826759428013,353.1829340467505,1283.2960581584384,0.8362128404926046,1.7613014472765096,0.04311200695286166,,,2.73,252.03475009304006,5.0917425382202355
1019,,AM,R4017,00,EHZ,61.13513513513514,-149.931698481745,2026-09-07T11:47:59.998000Z,2026-09-07T11:48:59.998000Z,100.0,100.0,60.0,,noise,0,Noise,timeofday:America/Anchorage:day7-19:night1-5,AM,2.0-20.0,381.8983981714654,1407.019293001684,345.3527354058093,1179.5862282579499,0.8177680276711505,1.8674392915247375,-0.18314520783499244,,,2.73,252.03475009304006,4.680252337514961
1020,,AM,R4017,00,EHZ,61.13513513513514,-149.931698481745,2026-09-07T11:48:59.998000Z,2026-09-07T11:49:59.998000Z,100.0,100.0,60.0,,noise,0,Noise,timeofday:America/Anchorage:day7-19:night1-5,AM,2.0-20.0,481.7779530610645,1820.0233916397794,453.1702167504654,1793.1561282081611,0.8847669158564546,1.7719598510995305,-0.13446247444172377,,,2.73,252.03475009304006,7.114717821832931
1021,,AM,R4017,00,EHZ,61.13513513513514,-149.931698481745,2026-09-07T11:49:59.998000Z,2026-09-07T11:50:59.998000Z,100.0,100.0,60.0,,noise,0,Noise,timeofday:America/Anchorage:day7-19:night1-5,AM,2.0-20.0,536.3587465999553,1761.0239877124025,512.038951317005,1826.9737008191412,0.9113711245123421,1.615065944791236,-0.350502792955119,,,2.73,252.03475009304006,7.248896035743894
1022,,AM,R4017,00,EHZ,61.13513513513514,-149.931698481745,2026-09-07T11:50:59.998000Z,2026-09-07T11:51:59.998000Z,100.0,100.0,60.0,,noise,0,Noise,timeofday:America/Anchorage:day7-19:night1-5,AM,2.0-20.0,565.0337793333845,2136.971086674233,540.8780783246384,2713.516680940532,0.916325844831948,2.508741533121776,0.00959725423180302,,,2.73,252.03475009304006,10.7664386753764
1023,,AM,R4017,00,EHZ,61.13513513513514,-149.931698481745,2026-09-07T11:51:59.998000Z,2026-09-07T11:52:59.998000Z,100.0,100.0,60.0,,noise,0,Noise,timeofday:America/Anchorage:day7-19:night1-5,AM,2.0-20.0,510.10941374667783,2082.970213239683,484.44178373097475,2034.7080277054965,0.9018961076456041,1.824705386505097,-0.13715718545264188,,,2.73,252.03475009304006,8.073124943899096
1024,,AM,R4017,00,EHZ,61.13513513513514,-149.931698481745,2026-09-07T11:52:59.998000Z,2026-09-07T11:53:59.998000Z,100.0,100.0,60.0,,noise,0,Noise,timeofday:America/Anchorage:day7-19:night1-5,AM,2.0-20.0,468.7087439207035,1598.967636143161,439.06054167394376,1543.796994721797,0.8774910725127332,1.4246453285219849,-0.2838244286713736,,,2.73,252.03475009304006,6.125333884124692
1025,,AM,R4017,00,EHZ,61.13513513513514,-149.931698481745,2026-09-07T11:53:59.998000Z,2026-09-07T11:54:59.998000Z,100.0,100.0,60.0,,noise,0,Noise,timeofday:America/Anchorage:day7-19:night1-5,AM,2.0-20.0,466.5844845751396,1867.9642511196778,441.1855052820157,1752.9266477415176,0.8940913336612174,2.4115335139017526,-0.13659878854030216,,,2.73,252.03475009304006,6.955099037312969
1026,,AM,R4017,00,EHZ,61.13513513513514,-149.931698481745,2026-09-07T11:54:59.998000Z,2026-09-07T11:55:59.998000Z,100.0,100.0,60.0,,noise,0,Noise,timeofday:America/Anchorage:day7-19:night1-5,AM,2.0-20.0,579.7740074876157,3601.960600813681,546.3167022495298,3086.721992992693,0.8879151662798364,3.451505093868782,0.6936981951748873,,,2.73,252.03475009304006,12.247207941973128
1027,,AM,R4017,00,EHZ,61.13513513513514,-149.931698481745,2026-09-07T11:55:59.998000Z,2026-09-07T11:56:59.998000Z,100.0,100.0,60.0,,noise,0,Noise,timeofday:America/Anchorage:day7-19:night1-5,AM,2.0-20.0,610.1008575966882,3757.0423066083554,585.8147087017834,3392.396798618664,0.9219710251518926,3.3730947507826463,1.1149468842861046,,,2.73,252.03475009304006,13.460035956812865
1028,,AM,R4017,00,EHZ,61.13513513513514,-149.931698481745,2026-09-07T11:56:59.998000Z,2026-09-07T11:57:59.998000Z,100.0,100.0,60.0,,noise,0,Noise,timeofday:America/Anchorage:day7-19:night1-5,AM,2.0-20.0,542.6566951906719,2035.0450463123727,515.4702141518765,1727.5758848889004,0.902312178439693,1.5084382806242216,-0.2307562511004626,,,2.73,252.03475009304006,6.854514642330694
1029,,AM,R4017,00,EHZ,61.13513513513514,-149.931698481745,2026-09-07T11:57:59.998000Z,2026-09-07T11:58:59.998000Z,100.0,100.0,60.0,,noise,0,Noise,timeofday:America/Anchorage:day7-19:night1-5,AM,2.0-20.0,564.1812569032161,2451.0467838896207,538.3511933106555,2387.205693857036,0.9105295651774055,1.989668853969361,0.14129708566154653,,,2.73,252.03475009304006,9.471732342368604
1030,,AM,R4017,00,EHZ,61.13513513513514,-149.931698481745,2026-09-07T11:58:59.998000Z,2026-09-07T11:59:59.998000Z,100.0,100.0,60.0,,noise,0,Noise,timeofday:America/Anchorage:day7-19:night1-5,AM,2.0-20.0,601.6618296029785,2956.949561158455,574.8438205338932,2958.8672369333917,0.9128403193243866,2.583852891103642,0.37860368076822404,,,2.73,252.03475009304006,11.739917752774604
1031,,AM,R4017,00,EHZ,61.13513513513514,-149.931698481745,2026-09-07T11:59:59.998000Z,2026-09-07T12:00:59.998000Z,100.0,100.0,60.0,,noise,0,Noise,timeofday:America/Anchorage:day7-19:night1-5,AM,2.0-20.0,543.3240089365701,1796.054259653118,508.8093032994467,1849.913052669886,0.8769852602644894,1.474531046942078,-0.16596735084779546,,,2.73,252.03475009304006,7.339912658817802
1032,,AM,R4017,00,EHZ,61.13513513513514,-149.931698481745,2026-09-07T12:00:59.998000Z,2026-09-07T12:01:59.998000Z,100.0,100.0,60.0,,noise,0,Noise,timeofday:America/Anchorage:day7-19:night1-5,AM,2.0-20.0,537.5841954727241,2402.0566899382998,507.3263355736713,2261.747922646886,0.8905982348544634,3.0196591887590074,0.1349226643718846,,,2.73,252.03475009304006,8.973952686333725
1033,,AM,R4017,00,EHZ,61.13513513513514,-149.931698481745,2026-09-07T12:01:59.998000Z,2026-09-07T12:02:59.998000Z,100.0,100.0,60.0,,noise,0,Noise,timeofday:America/Anchorage:day7-19:night1-5,AM,2.0-20.0,504.43836207241884,1791.0594705264905,478.66898406819087,1597.7415088337875,0.9004391344141482,1.5069522702416351,-0.3529301158994267,,,2.73,252.03475009304006,6.33936990134881
1034,,AM,R4017,00,EHZ,61.13513513513514,-149.931698481745,2026-09-07T12:02:59.998000Z,2026-09-07T12:03:59.998000Z,100.0,100.0,60.0,,noise,0,Noise,timeofday:America/Anchorage:day7-19:night1-5,AM,2.0-20.0,500.72976490981284,1670.0628522978207,476.69699336683743,1681.6865274323252,0.9063125828071116,1.500764012241313,-0.30245850683152176,,,2.73,252.03475009304006,6.672439125206032
1035,,AM,R4017,00,EHZ,61.13513513513514,-149.931698481745,2026-09-07T12:03:59.998000Z,2026-09-07T12:04:59.998000Z,100.0,100.0,60.0,,noise,0,Noise,timeofday:America/Anchorage:day7-19:night1-5,AM,2.0-20.0,491.83843799970896,1738.9354547258424,462.7145023913042,1569.3191593208815,0.8850774778166813,1.615780984791649,-0.27496184894934794,,,2.73,252.03475009304006,6.226598350987546
1036,,AM,R4017,00,EHZ,61.13513513513514,-149.931698481745,2026-09-07T12:04:59.998000Z,2026-09-07T12:05:59.998000Z,100.0,100.0,60.0,,noise,0,Noise,timeofday:America/Anchorage:day7-19:night1-5,AM,2.0-20.0,493.3336234883559,1713.068403717751,462.5067044184873,1571.6627388283587,0.878930697614826,1.714140655167826,-0.31720105862389936,,,2.73,252.03475009304006,6.235896987412135
1037,,AM,R4017,00,EHZ,61.13513513513514,-149.931698481745,2026-09-07T12:05:59.998000Z,2026-09-07T12:06:59.998000Z,100.0,100.0,60.0,,noise,0,Noise,timeofday:America/Anchorage:day7-19:night1-5,AM,2.0-20.0,478.21109480213653,1718.0686601729997,447.7926052344638,1533.95367422772,0.8768282613795892,1.536325791745736,-0.24773108197122262,,,2.73,252.03475009304006,6.086278474144745
1038,,AM,R4017,00,EHZ,61.13513513513514,-149.931698481745,2026-09-07T12:06:59.998000Z,2026-09-07T12:07:59.998000Z,100.0,100.0,60.0,,noise,0,Noise,timeofday:America/Anchorage:day7-19:night1-5,AM,2.0-20.0,480.1887024383945,1709.0739565314564,448.66002197564063,1418.6121546644727,0.8729932192790555,1.6649264606076355,-0.24244963776087625,,,2.73,252.03475009304006,5.6286371388897125
1039,,AM,R4017,00,EHZ,61.13513513513514,-149.931698481745,2026-09-07T12:07:59.998000Z,2026-09-07T12:08:59.998000Z,100.0,100.0,60.0,,noise,0,Noise,timeofday:America/Anchorage:day7-19:night1-5,AM,2.0-20.0,476.370360143685,1767.9236494216036,445.9285759268912,1498.6967550963968,0.8762764572402256,1.5945348012166285,-0.236738968802638,,,2.73,252.03475009304006,5.94638935521052
1040,,AM,R4017,00,EHZ,61.13513513513514,-149.931698481745,2026-09-07T12:08:59.998000Z,2026-09-07T12:09:59.998000Z,100.0,100.0,60.0,,noise,0,Noise,timeofday:America/Anchorage:day7-19:night1-5,AM,2.0-20.0,481.25566586536723,1890.0790020097722,450.0372892547041,1893.9963566140668,0.8744707534382532,2.6119854600603434,-0.08206298533059808,,,2.73,252.03475009304006,7.514822285081273
1041,,AM,R4017,00,EHZ,61.13513513513514,-149.931698481745,2026-09-07T12:09:59.998000Z,2026-09-07T12:10:59.998000Z,100.0,100.0,60.0,,noise,0,Noise,timeofday:America/Anchorage:day7-19:night1-5,AM,2.0-20.0,460.80597045727194,1582.0822207090152,432.67605228565776,1394.6802925493087,0.8816364198720943,1.4723886048226031,-0.2509003551014266,,,2.73,252.03475009304006,5.5336825260582305
1042,,AM,R4017,00,EHZ,61.13513513513514,-149.931698481745,2026-09-07T12:10:59.998000Z,2026-09-07T12:11:59.998000Z,100.0,100.0,60.0,,noise,0,Noise,timeofday:America/Anchorage:day7-19:night1-5,AM,2.0-20.0,455.93998958032296,1511.0831224837295,424.561822763497,1521.8211702168958,0.8670946535706237,1.4411039475583465,-0.22623407472699864,,,2.73,252.03475009304006,6.038140255084296
1043,,AM,R4017,00,EHZ,61.13513513513514,-149.931698481745,2026-09-07T12:11:59.998000Z,2026-09-07T12:12:59.998000Z,100.0,100.0,60.0,,noise,0,Noise,timeofday:America/Anchorage:day7-19:night1-5,AM,2.0-20.0,460.80386677913276,1444.0862464060322,427.94978442491237,1358.40669077349,0.8624886613607649,1.545628060621396,-0.24277975761041937,,,2.73,252.03475009304006,5.389759508448841
1044,,AM,R4017,00,EHZ,61.13513513513514,-149.931698481745,2026-09-07T12:12:59.998000Z,2026-09-07T12:13:59.998000Z,100.0,100.0,60.0,,noise,0,Noise,timeofday:America/Anchorage:day7-19:night1-5,AM,2.0-20.0,492.4746240690454,2292.0886506740158,461.9330619355411,2229.387876550981,0.8798130096654817,2.3923545615308095,0.1332703251089491,,,2.73,252.03475009304006,8.845557510335341
1045,,AM,R4017,00,EHZ,61.13513513513514,-149.931698481745,2026-09-07T12:13:59.998000Z,2026-09-07T12:14:59.998000Z,100.0,100.0,60.0,,noise,0,Noise,timeofday:America/Anchorage:day7-19:night1-5,AM,2.0-20.0,463.34403373821584,1660.0933123986417,427.34918954285064,1387.3775605233786,0.8506651067877044,1.5825580660613592,-0.23783821828165586,,,2.73,252.03475009304006,5.5047074263022076
1046,,AM,R4017,00,EHZ,61.13513513513514,-149.931698481745,2026-09-07T12:14:59.998000Z,2026-09-07T12:15:59.998000Z,100.0,100.0,60.0,,noise,0,Noise,timeofday:America/Anchorage:day7-19:night1-5,AM,2.0-20.0,474.79953075048155,1827.0960079663403,440.2844418053662,1795.0195459380825,0.8598963713224503,1.6257288280067361,-0.1535988381372646,,,2.73,252.03475009304006,7.122111317091952
1047,,AM,R4017,00,EHZ,61.13513513513514,-149.931698481745,2026-09-07T12:15:59.998000Z,2026-09-07T12:16:59.998000Z,100.0,100.0,60.0,,noise,0,Noise,timeofday:America/Anchorage:day7-19:night1-5,AM,2.0-20.0,462.5199484397897,1729.9034856274573,428.5749230606042,1583.5896463551903,0.8586033419894903,1.7268525174564895,-0.08529248264039158,,,2.73,252.03475009304006,6.283219459898285
1048,,AM,R4017,00,EHZ,61.13513513513514,-149.931698481745,2026-09-07T12:16:59.998000Z,2026-09-07T12:17:59.998000Z,100.0,100.0,60.0,,noise,0,Noise,timeofday:America/Anchorage:day7-19:night1-5,AM,2.0-20.0,519.0454424299438,2714.9004862160377,489.415654767012,2725.669451164631,0.8890884117163975,3.228705573807615,0.6262624033064528,,,2.73,252.03475009304006,10.81465730482973
1049,,AM,R4017,00,EHZ,61.13513513513514,-149.931698481745,2026-09-07T12:17:59.998000Z,2026-09-07T12:18:59.998000Z,100.0,100.0,60.0,,noise,0,Noise,timeofday:America/Anchorage:day7-19:night1-5,AM,2.0-20.0,462.18157838536143,1730.8952316709417,431.85733416858966,1357.8779645856475,0.8730826064998323,1.5972482072825338,-0.22970906382998946,,,2.73,252.03475009304006,5.3876616779407565
1050,,AM,R4017,00,EHZ,61.13513513513514,-149.931698481745,2026-09-07T12:18:59.998000Z,2026-09-07T12:19:59.998000Z,100.0,100.0,60.0,,noise,0,Noise,timeofday:America/Anchorage:day7-19:night1-5,AM,2.0-20.0,457.17085067338286,1790.107361221739,425.77216238742216,1468.133169590865,0.8673561509244421,1.6843691958757498,-0.15106760033286504,,,2.73,252.03475009304006,5.825122008171077
1051,,AM,R4017,00,EHZ,61.13513513513514,-149.931698481745,2026-09-07T12:19:59.998000Z,2026-09-07T12:20:59.998000Z,100.0,100.0,60.0,,noise,0,Noise,timeofday:America/Anchorage:day7-19:night1-5,AM,2.0-20.0,486.43784906460087,1875.1077454400204,452.34980724479055,1828.4831805730246,0.8647570280613972,1.824210562171844,-0.1433793578548923,,,2.73,252.03475009304006,7.254885208877068
1052,,AM,R4017,00,EHZ,61.13513513513514,-149.931698481745,2026-09-07T12:20:59.998000Z,2026-09-07T12:21:59.998000Z,100.0,100.0,60.0,,noise,0,Noise,timeofday:America/Anchorage:day7-19:night1-5,AM,2.0-20.0,454.1092861827289,1749.1121033209258,418.8944154248233,1422.736944431712,0.8509193018073448,1.5205813795554315,-0.2685977986140662,,,2.73,252.03475009304006,5.645003095432279
1053,,AM,R4017,00,EHZ,61.13513513513514,-149.931698481745,2026-09-07T12:21:59.998000Z,2026-09-07T12:22:59.998000Z,100.0,100.0,60.0,,noise,0,Noise,timeofday:America/Anchorage:day7-19:night1-5,AM,2.0-20.0,459.52090407800426,1509.1148039991442,425.8336724099341,1454.511310515219,0.8587553475222798,1.5561200163942002,-0.21640178695663703,,,2.73,252.03475009304006,5.771074464843749
1054,,AM,R4017,00,EHZ,61.13513513513514,-149.931698481745,2026-09-07T12:22:59.998000Z,2026-09-07T12:23:59.998000Z,100.0,100.0,60.0,,noise,0,Noise,timeofday:America/Anchorage:day7-19:night1-5,AM,2.0-20.0,457.83733910080707,1657.1170679600857,416.96457946402955,1451.8081094954844,0.8294226864118847,1.6117673085692354,-0.19243776426415504,,,2.73,252.03475009304006,5.760348955687822
1055,,AM,R4017,00,EHZ,61.13513513513514,-149.931698481745,2026-09-07T12:23:59.998000Z,2026-09-07T12:24:59.998000Z,100.0,100.0,60.0,,noise,0,Noise,timeofday:America/Anchorage:day7-19:night1-5,AM,2.0-20.0,451.44955944868207,1565.1197073120513,419.4616870578354,1410.3815292181264,0.8633087274807708,1.5231648631445929,-0.27985422552507044,,,2.73,252.03475009304006,5.595980430069568
1056,,AM,R4017,00,EHZ,61.13513513513514,-149.931698481745,2026-09-07T12:24:59.998000Z,2026-09-07T12:25:59.998000Z,100.0,100.0,60.0,,noise,0,Noise,timeofday:America/Anchorage:day7-19:night1-5,AM,2.0-20.0,444.76648870719265,1621.122588716886,411.8524841246884,1442.1742585813324,0.8574706517131895,1.7167109853328912,-0.16888322900179187,,,2.73,252.03475009304006,5.722124659591368
1057,,AM,R4017,00,EHZ,61.13513513513514,-149.931698481745,2026-09-07T12:25:59.998000Z,2026-09-07T12:26:59.998000Z,100.0,100.0,60.0,,noise,0,Noise,timeofday:America/Anchorage:day7-19:night1-5,AM,2.0-20.0,449.27020047943466,1722.1254673341666,415.8854291186056,1569.5611558235878,0.8569040251448998,1.5453261759419994,-0.226976706151651,,,2.73,252.03475009304006,6.227558522164802
1058,,AM,R4017,00,EHZ,61.13513513513514,-149.931698481745,2026-09-07T12:26:59.998000Z,2026-09-07T12:27:59.998000Z,100.0,100.0,60.0,,noise,0,Noise,timeofday:America/Anchorage:day7-19:night1-5,AM,2.0-20.0,455.49543690863464,1626.1271180325514,420.1804310361273,1487.7534182183144,0.8509490998934689,1.543725575540573,-0.15859481054819335,,,2.73,252.03475009304006,5.902969402707769
1059,,AM,R4017,00,EHZ,61.13513513513514,-149.931698481745,2026-09-07T12:27:59.998000Z,2026-09-07T12:28:59.998000Z,100.0,100.0,60.0,,noise,0,Noise,timeofday:America/Anchorage:day7-19:night1-5,AM,2.0-20.0,489.5834338970397,1748.1317026347626,458.2992829780188,1738.4164111770901,0.8762840914745026,1.977550291596921,0.02803184188158525,,,2.73,252.03475009304006,6.897526672553463
1060,,AM,R4017,00,EHZ,61.13513513513514,-149.931698481745,2026-09-07T12:28:59.998000Z,2026-09-07T12:29:59.998000Z,100.0,100.0,60.0,,noise,0,Noise,timeofday:America/Anchorage:day7-19:night1-5,AM,2.0-20.0,505.1370981770859,2508.134483222954,465.63458997228594,2168.2946996675623,0.8497123672219671,2.141889061331614,0.7262434068215988,,,2.73,252.03475009304006,8.603157694988981
1061,,AM,R4017,00,EHZ,61.13513513513514,-149.931698481745,2026-09-07T12:29:59.998000Z,2026-09-07T12:30:59.998000Z,100.0,100.0,60.0,,noise,0,Noise,timeofday:America/Anchorage:day7-19:night1-5,AM,2.0-20.0,453.10975893984437,1575.864222421378,419.27853628245765,1659.0122046272222,0.8562457505516192,1.5472700060222624,-0.09724855019326428,,,2.73,252.03475009304006,6.5824740596873585
1062,,AM,R4017,00,EHZ,61.13513513513514,-149.931698481745,2026-09-07T12:30:59.998000Z,2026-09-07T12:31:59.998000Z,100.0,100.0,60.0,,noise,0,Noise,timeofday:America/Anchorage:day7-19:night1-5,AM,2.0-20.0,477.54028625366504,1735.8600025245485,437.8616200200079,1541.6269649625542,0.8407245477419135,1.8235175379498483,-0.18219685364653948,,,2.73,252.03475009304006,6.116723842221971
1063,,AM,R4017,00,EHZ,61.13513513513514,-149.931698481745,2026-09-07T12:31:59.998000Z,2026-09-07T12:32:59.998000Z,100.0,100.0,60.0,,noise,0,Noise,timeofday:America/Anchorage:day7-19:night1-5,AM,2.0-20.0,445.0003218367655,1636.8580177839046,402.9362600014769,1360.7360298969206,0.8198833217060579,1.503361232275611,-0.1411314838260953,,,2.73,252.03475009304006,5.399001643204349
1064,,AM,R4017,00,EHZ,61.13513513513514,-149.931698481745,2026-09-07T12:32:59.998000Z,2026-09-07T12:33:59.998000Z,100.0,100.0,60.0,,noise,0,Noise,timeofday:America/Anchorage:day7-19:night1-5,AM,2.0-20.0,455.7626431017778,1481.1462137277433,422.141011569917,1546.398079190319,0.8579019261213442,1.700647550473522,-0.1924950426618106,,,2.73,252.03475009304006,6.135654224742649
1065,,AM,R4017,00,EHZ,61.13513513513514,-149.931698481745,2026-09-07T12:33:59.998000Z,2026-09-07T12:34:59.998000Z,100.0,100.0,60.0,,noise,0,Noise,timeofday:America/Anchorage:day7-19:night1-5,AM,2.0-20.0,466.7379555415647,2309.147265101356,430.9580045619752,2469.485688314163,0.8525574705210546,2.8681952348267234,0.44063826565722763,,,2.73,252.03475009304006,9.798195238563485
1066,,AM,R4017,00,EHZ,61.13513513513514,-149.931698481745,2026-09-07T12:34:59.998000Z,2026-09-07T12:35:59.998000Z,100.0,100.0,60.0,,noise,0,Noise,timeofday:America/Anchorage:day7-19:night1-5,AM,2.0-20.0,425.2871211823502,1627.1495518273462,392.38747494251703,1584.6366475180027,0.8512670230560182,1.5324896388903597,-0.12096024751616019,,,2.73,252.03475009304006,6.287373653565729
1067,,AM,R4017,00,EHZ,61.13513513513514,-149.931698481745,2026-09-07T12:35:59.998000Z,2026-09-07T12:36:59.998000Z,100.0,100.0,60.0,,noise,0,Noise,timeofday:America/Anchorage:day7-19:night1-5,AM,2.0-20.0,459.2475987972761,1513.846914014868,428.86055641875316,1497.3338858108339,0.8720440454186212,1.6418757921474851,-0.23387618378662323,,,2.73,252.03475009304006,5.940981889434233
1068,,AM,R4017,00,EHZ,61.13513513513514,-149.931698481745,2026-09-07T12:36:59.998000Z,2026-09-07T12:37:59.998000Z,100.0,100.0,60.0,,noise,0,Noise,timeofday:America/Anchorage:day7-19:night1-5,AM,2.0-20.0,435.8792614676648,1577.1575674477338,409.30976501196767,1380.7839205366342,0.8818034607521391,1.4655297912191843,-0.30797708465932194,,,2.73,252.03475009304006,5.4785457958750134
1069,,AM,R4017,00,EHZ,61.13513513513514,-149.931698481745,2026-09-07T12:37:59.998000Z,2026-09-07T12:38:59.998000Z,100.0,100.0,60.0,,noise,0,Noise,timeofday:America/Anchorage:day7-19:night1-5,AM,2.0-20.0,462.52555451853164,1588.1601143457212,425.85431872780697,1553.701485777956,0.8477165204947015,1.5440173507177697,-0.21313404758039534,,,2.73,252.03475009304006,6.164632000961765
1070,,AM,R4017,00,EHZ,61.13513513513514,-149.931698481745,2026-09-07T12:38:59.998000Z,2026-09-07T12:39:59.998000Z,100.0,100.0,60.0,,noise,0,Noise,timeofday:America/Anchorage:day7-19:night1-5,AM,2.0-20.0,459.00124212909185,1654.8381438956947,423.3395707272078,1394.9474511276894,0.8506482415105323,1.4700481008523387,-0.19844449236657802,,,2.73,252.03475009304006,5.534742532975063
1071,,AM,R4017,00,EHZ,61.13513513513514,-149.931698481745,2026-09-07T12:39:59.998000Z,2026-09-07T12:40:59.998000Z,100.0,100.0,60.0,,noise,0,Noise,timeofday:America/Anchorage:day7-19:night1-5,AM,2.0-20.0,459.7240341236359,1974.1657145478987,428.8860348719079,1864.6004369907125,0.8703408991649703,1.5275866544659424,-0.14546986109661653,,,2.73,252.03475009304006,7.398187893940755
1072,,AM,R4017,00,EHZ,61.13513513513514,-149.931698481745,2026-09-07T12:40:59.998000Z,2026-09-07T12:41:59.998000Z,100.0,100.0,60.0,,noise,0,Noise,timeofday:America/Anchorage:day7-19:night1-5,AM,2.0-20.0,449.6123421534735,1501.1674800007152,413.71835290878107,1403.9738482400244,0.8467069512377021,1.437389712606818,-0.22830542211768634,,,2.73,252.03475009304006,5.5705566304715495
1073,,AM,R4017,00,EHZ,61.13513513513514,-149.931698481745,2026-09-07T12:41:59.998000Z,2026-09-07T12:42:59.998000Z,100.0,100.0,60.0,,noise,0,Noise,timeofday:America/Anchorage:day7-19:night1-5,AM,2.0-20.0,443.08760179866505,1596.1699181839742,405.7041697538741,1237.2346210071871,0.838377755148389,1.5024429073221857,-0.28708036173588836,,,2.73,252.03475009304006,4.908984259315253
1074,,AM,R4017,00,EHZ,61.13513513513514,-149.931698481745,2026-09-07T12:42:59.998000Z,2026-09-07T12:43:59.998000Z,100.0,100.0,60.0,,noise,0,Noise,timeofday:America/Anchorage:day7-19:night1-5,AM,2.0-20.0,477.8139435189903,2338.173263252475,441.59498531917046,2285.5966976660457,0.8541430818682201,2.3405603479878248,0.13316761401351762,,,2.73,252.03475009304006,9.06857763392669
1075,,AM,R4017,00,EHZ,61.13513513513514,-149.931698481745,2026-09-07T12:43:59.998000Z,2026-09-07T12:44:59.998000Z,100.0,100.0,60.0,,noise,0,Noise,timeofday:America/Anchorage:day7-19:night1-5,AM,2.0-20.0,463.6858923360722,1744.176366268099,423.8983637358326,1759.4696149466658,0.8357487101920575,1.7417698873810878,-0.16750410670426374,,,2.73,252.03475009304006,6.981059612998396
1076,,AM,R4017,00,EHZ,61.13513513513514,-149.931698481745,2026-09-07T12:44:59.998000Z,2026-09-07T12:45:59.998000Z,100.0,100.0,60.0,,noise,0,Noise,timeofday:America/Anchorage:day7-19:night1-5,AM,2.0-20.0,506.74651864373425,3708.1780676071016,472.59635188996174,3551.6681264498293,0.869759502285319,5.791700697888691,3.4574619958360397,,,2.73,252.03475009304006,14.091977892487884
1077,,AM,R4017,00,EHZ,61.13513513513514,-149.931698481745,2026-09-07T12:45:59.998000Z,2026-09-07T12:46:59.998000Z,100.0,100.0,60.0,,noise,0,Noise,timeofday:America/Anchorage:day7-19:night1-5,AM,2.0-20.0,508.5821144269856,2324.1805866295203,409.5436466258484,1508.3779382361972,0.6484525760332671,1.5062389153222862,-0.23237467012860202,,,2.73,252.03475009304006,5.98480145170208
1078,,AM,R4017,00,EHZ,61.13513513513514,-149.931698481745,2026-09-07T12:46:59.998000Z,2026-09-07T12:47:59.998000Z,100.0,100.0,60.0,,noise,0,Noise,timeofday:America/Anchorage:day7-19:night1-5,AM,2.0-20.0,460.64212714584863,1593.8157096363045,397.71076169230247,1517.4436512251,0.7454308795535203,1.5597209404049743,-0.20208038482765822,,,2.73,252.03475009304006,6.020771543070656
1079,,AM,R4017,00,EHZ,61.13513513513514,-149.931698481745,2026-09-07T12:47:59.998000Z,2026-09-07T12:48:59.998000Z,100.0,100.0,60.0,,noise,0,Noise,timeofday:America/Anchorage:day7-19:night1-5,AM,2.0-20.0,452.6576806533032,1636.8130205729083,405.87357973403294,1579.8617435071683,0.8039735779018953,1.5154762698886857,-0.14972290825093948,,,2.73,252.03475009304006,6.268428234296871
1080,,AM,R4017,00,EHZ,61.13513513513514,-149.931698481745,2026-09-07T12:48:59.998000Z,2026-09-07T12:49:59.998000Z,100.0,100.0,60.0,,noise,0,Noise,timeofday:America/Anchorage:day7-19:night1-5,AM,2.0-20.0,495.0462891199643,3168.1905865259564,446.3945737831494,3004.3852427987413,0.8131041822775181,3.7898890515906203,1.394272025714244,,,2.73,252.03475009304006,11.920519855653458
1081,,AM,R4017,00,EHZ,61.13513513513514,-149.931698481745,2026-09-07T12:49:59.998000Z,2026-09-07T12:50:59.998000Z,100.0,100.0,60.0,,noise,0,Noise,timeofday:America/Anchorage:day7-19:night1-5,AM,2.0-20.0,550.2637814259643,4136.806232406821,511.12964257441286,4059.8127949629497,0.8628201519326868,5.1184327440678405,5.5080729182546655,,,2.73,252.03475009304006,16.108146965703128
1082,,AM,R4017,00,EHZ,61.13513513513514,-149.931698481745,2026-09-07T12:50:59.998000Z,2026-09-07T12:51:59.998000Z,100.0,100.0,60.0,,noise,0,Noise,timeofday:America/Anchorage:day7-19:night1-5,AM,2.0-20.0,490.54161816799217,1874.8060186941127,428.0438452643407,1614.2384463754797,0.7614209025375306,1.6696075885986743,-0.14254182233830326,,,2.73,252.03475009304006,6.404824913150168
1083,,AM,R4017,00,EHZ,61.13513513513514,-149.931698481745,2026-09-07T12:51:59.998000Z,2026-09-07T12:52:59.998000Z,100.0,100.0,60.0,,noise,0,Noise,timeofday:America/Anchorage:day7-19:night1-5,AM,2.0-20.0,455.5814818512733,2018.8013653321593,400.24878790180196,1391.0109170775534,0.7718411431939789,1.6227550627213243,-0.13755070691349536,,,2.73,252.03475009304006,5.519123519927525
1084,,AM,R4017,00,EHZ,61.13513513513514,-149.931698481745,2026-09-07T12:52:59.998000Z,2026-09-07T12:53:59.998000Z,100.0,100.0,60.0,,noise,0,Noise,timeofday:America/Anchorage:day7-19:night1-5,AM,2.0-20.0,443.28066737343005,1587.7991283176032,404.0192361470508,1572.8874265897111,0.8307043878169665,1.8045373912008702,-0.0926087602661898,,,2.73,252.03475009304006,6.24075618941067
1085,,AM,R4017,00,EHZ,61.13513513513514,-149.931698481745,2026-09-07T12:53:59.998000Z,2026-09-07T12:54:59.998000Z,100.0,100.0,60.0,,noise,0,Noise,timeofday:America/Anchorage:day7-19:night1-5,AM,2.0-20.0,427.0100434293066,1571.202647820852,396.27311625705136,1382.9197137383735,0.8612178854656776,1.6082625255059173,-0.17298959999649766,,,2.73,252.03475009304006,5.487019997154602
1086,,AM,R4017,00,EHZ,61.13513513513514,-149.931698481745,2026-09-07T12:54:59.998000Z,2026-09-07T12:55:59.998000Z,100.0,100.0,60.0,,noise,0,Noise,timeofday:America/Anchorage:day7-19:night1-5,AM,2.0-20.0,436.9454992480757,1374.207893074092,393.4301628186686,1381.5783700138522,0.8107384394548377,1.6805465928823478,-0.2719986527549323,,,2.73,252.03475009304006,5.481697938493936
1087,,AM,R4017,00,EHZ,61.13513513513514,-149.931698481745,2026-09-07T12:55:59.998000Z,2026-09-07T12:56:59.998000Z,100.0,100.0,60.0,,noise,0,Noise,timeofday:America/Anchorage:day7-19:night1-5,AM,2.0-20.0,437.0435081312319,1802.7899502859125,392.7800100133797,1568.9124038243535,0.8076987421970149,1.959592264630812,-0.21776755200805153,,,2.73,252.03475009304006,6.224984464424769
1088,,AM,R4017,00,EHZ,61.13513513513514,-149.931698481745,2026-09-07T12:56:59.998000Z,2026-09-07T12:57:59.998000Z,100.0,100.0,60.0,,noise,0,Noise,timeofday:America/Anchorage:day7-19:night1-5,AM,2.0-20.0,448.6355937401589,1538.2130700321852,392.58825036182145,1321.8338346110315,0.7657502408791292,1.4897338959920627,-0.19334294548115372,,,2.73,252.03475009304006,5.244649137164891
1089,,AM,R4017,00,EHZ,61.13513513513514,-149.931698481745,2026-09-07T12:57:59.998000Z,2026-09-07T12:58:59.998000Z,100.0,100.0,60.0,,noise,0,Noise,timeofday:America/Anchorage:day7-19:night1-5,AM,2.0-20.0,445.10719038696175,1737.78510783467,401.40022054387094,1491.5176555499138,0.8132535981171604,1.549698552110963,-0.20571314394906448,,,2.73,252.03475009304006,5.917904792887931
1090,,AM,R4017,00,EHZ,61.13513513513514,-149.931698481745,2026-09-07T12:58:59.998000Z,2026-09-07T12:59:59.998000Z,100.0,100.0,60.0,,noise,0,Noise,timeofday:America/Anchorage:day7-19:night1-5,AM,2.0-20.0,433.1982304318216,1603.7813107173295,391.7012900115789,1437.565331263462,0.8175920424299454,1.6011499995437861,-0.12605030042548915,,,2.73,252.03475009304006,5.7038377871812385
1091,,AM,R4017,00,EHZ,61.13513513513514,-149.931698481745,2026-09-07T12:59:59.998000Z,2026-09-07T13:00:59.998000Z,100.0,100.0,60.0,,noise,0,Noise,timeofday:America/Anchorage:day7-19:night1-5,AM,2.0-20.0,427.7599475772007,1691.2211860046284,386.7267864482189,1457.9244280550915,0.8173503875772528,1.4731991342847768,-0.09159170978700848,,,2.73,252.03475009304006,5.784616714627211
1092,,AM,R4017,00,EHZ,61.13513513513514,-149.931698481745,2026-09-07T15:06:59.998000Z,2026-09-07T15:07:59.998000Z,100.0,100.0,60.0,,traffic,1,Traffic,timeofday:America/Anchorage:day7-19:night1-5,AM,2.0-20.0,812.4032830353372,2719.574235684077,764.760085556034,2521.8948892095464,0.8861496834201824,1.8794861426196952,-0.19176253751855654,,,2.73,252.03475009304006,10.006139583047872
1093,,AM,R4017,00,EHZ,61.13513513513514,-149.931698481745,2026-09-07T15:09:59.998000Z,2026-09-07T15:10:59.998000Z,100.0,100.0,60.0,,traffic,1,Traffic,timeofday:America/Anchorage:day7-19:night1-5,AM,2.0-20.0,770.0443215499665,2844.4178866796115,743.4756550198185,2431.004814635505,0.9321848900691893,1.582497749634759,-0.19242100318721267,,,2.73,252.03475009304006,9.645514413143767
1094,,AM,R4017,00,EHZ,61.13513513513514,-149.931698481745,2026-09-07T15:11:59.998000Z,2026-09-07T15:12:59.998000Z,100.0,100.0,60.0,,traffic,1,Traffic,timeofday:America/Anchorage:day7-19:night1-5,AM,2.0-20.0,801.6322661479591,3282.5896536622954,775.4673426502843,2903.079845784357,0.9357862231726868,1.7922400281379411,-0.08916198010933618,,,2.73,252.03475009304006,11.51856973973894
1095,,AM,R4017,00,EHZ,61.13513513513514,-149.931698481745,2026-09-07T15:13:59.998000Z,2026-09-07T15:14:59.998000Z,100.0,100.0,60.0,,traffic,1,Traffic,timeofday:America/Anchorage:day7-19:night1-5,AM,2.0-20.0,755.8513387611985,3093.5936268603205,726.773697233856,3006.758266573897,0.9245398377945568,1.8054541900529453,-0.12011131992573709,,,2.73,252.03475009304006,11.929935318300096
1096,,AM,R4017,00,EHZ,61.13513513513514,-149.931698481745,2026-09-07T15:14:59.998000Z,2026-09-07T15:15:59.998000Z,100.0,100.0,60.0,,traffic,1,Traffic,timeofday:America/Anchorage:day7-19:night1-5,AM,2.0-20.0,769.8091256588311,2693.4030104166536,735.9406884387778,2620.536853596613,0.9139438593140683,1.6493677283772614,-0.16747659077288057,,,2.73,252.03475009304006,10.39752197912878
1097,,AM,R4017,00,EHZ,61.13513513513514,-149.931698481745,2026-09-07T15:15:59.998000Z,2026-09-07T15:16:59.998000Z,100.0,100.0,60.0,,traffic,1,Traffic,timeofday:America/Anchorage:day7-19:night1-5,AM,2.0-20.0,768.5784835753242,2979.600904707268,736.5282874621516,2668.8325936562987,0.9183377096148333,1.9634189216921674,-0.18228292919719102,,,2.73,252.03475009304006,10.589145316949683
1098,,AM,R4017,00,EHZ,61.13513513513514,-149.931698481745,2026-09-07T15:16:59.998000Z,2026-09-07T15:17:59.998000Z,100.0,100.0,60.0,,traffic,1,Traffic,timeofday:America/Anchorage:day7-19:night1-5,AM,2.0-20.0,817.7475278434523,3449.398444398155,784.468981755266,3507.8348285964166,0.9202653546606419,2.038593867892692,0.2794749906166829,,,2.73,252.03475009304006,13.91806021709895
1099,,AM,R4017,00,EHZ,61.13513513513514,-149.931698481745,2026-09-07T15:17:59.998000Z,2026-09-07T15:18:59.998000Z,100.0,100.0,60.0,,traffic,1,Traffic,timeofday:America/Anchorage:day7-19:night1-5,AM,2.0-20.0,768.2568514629056,2971.394581773225,713.1332056926899,2917.776042031484,0.8616451223891297,1.8707624988289702,-0.12698658426663956,,,2.73,252.03475009304006,11.576879938002083
1100,,AM,R4017,00,EHZ,61.13513513513514,-149.931698481745,2026-09-07T15:18:59.998000Z,2026-09-07T15:19:59.998000Z,100.0,100.0,60.0,,traffic,1,Traffic,timeofday:America/Anchorage:day7-19:night1-5,AM,2.0-20.0,847.5853453429932,3616.606688888211,731.3595961685872,2839.282850840061,0.7445520262764587,1.9324148680470432,-0.08043280299281852,,,2.73,252.03475009304006,11.265441966998296
1101,,AM,R4017,00,EHZ,61.13513513513514,-149.931698481745,2026-09-07T15:19:59.998000Z,2026-09-07T15:20:59.998000Z,100.0,100.0,60.0,,traffic,1,Traffic,timeofday:America/Anchorage:day7-19:night1-5,AM,2.0-20.0,733.0589443237164,2445.388894227593,692.7951904847475,2375.5089789016724,0.8931654887801781,1.6700532108764763,-0.1265079742913393,,,2.73,252.03475009304006,9.425323206521083
1102,,AM,R4017,00,EHZ,61.13513513513514,-149.931698481745,2026-09-07T15:20:59.998000Z,2026-09-07T15:21:59.998000Z,100.0,100.0,60.0,,traffic,1,Traffic,timeofday:America/Anchorage:day7-19:night1-5,AM,2.0-20.0,727.5122806587634,2789.6146064795053,701.3820092800316,2801.039237198783,0.9294554669085643,1.5707705843023712,-0.20503210374632497,,,2.73,252.03475009304006,11.113702519849996
1103,,AM,R4017,00,EHZ,61.13513513513514,-149.931698481745,2026-09-07T15:25:59.998000Z,2026-09-07T15:26:59.998000Z,100.0,100.0,60.0,,traffic,1,Traffic,timeofday:America/Anchorage:day7-19:night1-5,AM,2.0-20.0,740.4997961129851,2817.6260782060804,716.289905857261,2613.1060514648916,0.9356809239665701,1.6699270790959457,-0.08594124117739943,,,2.73,252.03475009304006,10.368038734738954
1104,,AM,R4017,00,EHZ,61.13513513513514,-149.931698481745,2026-09-07T15:26:59.998000Z,2026-09-07T15:27:59.998000Z,100.0,100.0,60.0,,traffic,1,Traffic,timeofday:America/Anchorage:day7-19:night1-5,AM,2.0-20.0,801.7598407201217,3704.3698621816234,750.7943461014312,3445.673978687636,0.8769067008304962,1.7287987978604236,-0.024288996947560815,,,2.73,252.03475009304006,13.671424188194866
1105,,AM,R4017,00,EHZ,61.13513513513514,-149.931698481745,2026-09-07T15:27:59.998000Z,2026-09-07T15:28:59.998000Z,100.0,100.0,60.0,,traffic,1,Traffic,timeofday:America/Anchorage:day7-19:night1-5,AM,2.0-20.0,814.8125127929796,4319.633993474412,725.1811649291451,2606.9077846390774,0.7920956932571177,1.6625659280879603,-0.10548005998406529,,,2.73,252.03475009304006,10.343445829103814
1106,,AM,R4017,00,EHZ,61.13513513513514,-149.931698481745,2026-09-07T15:43:59.998000Z,2026-09-07T15:44:59.998000Z,100.0,100.0,60.0,,traffic,1,Traffic,timeofday:America/Anchorage:day7-19:night1-5,AM,2.0-20.0,712.2700190624937,2463.3223673194784,687.7466833893948,2473.0954555046465,0.9323257531865613,1.80382697105069,-0.06673164537986098,,,2.73,252.03475009304006,9.812517736509308
1107,,AM,R4017,00,EHZ,61.13513513513514,-149.931698481745,2026-09-07T15:46:59.998000Z,2026-09-07T15:47:59.998000Z,100.0,100.0,60.0,,traffic,1,Traffic,timeofday:America/Anchorage:day7-19:night1-5,AM,2.0-20.0,815.4226095141761,3839.3134513181553,791.3101810972688,4317.759410860645,0.9417334760165101,2.527991945159889,0.8108034525303118,,,2.73,252.03475009304006,17.13160351604975
1108,,AM,R4017,00,EHZ,61.13513513513514,-149.931698481745,2026-09-07T15:48:59.998000Z,2026-09-07T15:49:59.998000Z,100.0,100.0,60.0,,traffic,1,Traffic,timeofday:America/Anchorage:day7-19:night1-5,AM,2.0-20.0,802.0048555933379,3395.3076829333672,773.8779709203545,3225.5127627937272,0.9310885227553611,2.2606854032549424,0.3379803486484927,,,2.73,252.03475009304006,12.797889027616275
1109,,AM,R4017,00,EHZ,61.13513513513514,-149.931698481745,2026-09-07T15:53:59.998000Z,2026-09-07T15:54:59.998000Z,100.0,100.0,60.0,,traffic,1,Traffic,timeofday:America/Anchorage:day7-19:night1-5,AM,2.0-20.0,721.8975534798385,2658.70533309983,693.3557207036739,2444.745062815391,0.922488724126763,1.8349699429391308,-0.04079039059238321,,,2.73,252.03475009304006,9.700031689728895
1110,,AM,R4017,00,EHZ,61.13513513513514,-149.931698481745,2026-09-07T15:54:59.998000Z,2026-09-07T15:55:59.998000Z,100.0,100.0,60.0,,traffic,1,Traffic,timeofday:America/Anchorage:day7-19:night1-5,AM,2.0-20.0,746.5001915054521,3314.7082772247,723.0647613200309,2871.5165889281084,0.9381980940129606,2.155874413991184,0.25752984951180435,,,2.73,252.03475009304006,11.39333598985089
1111,,AM,R4017,00,EHZ,61.13513513513514,-149.931698481745,2026-09-07T15:56:59.998000Z,2026-09-07T15:57:59.998000Z,100.0,100.0,60.0,,traffic,1,Traffic,timeofday:America/Anchorage:day7-19:night1-5,AM,2.0-20.0,684.2403841451578,2467.7152098791616,656.4169685616905,2739.0091107260946,0.9203270621994378,1.8337621160468596,0.08338437942176435,,,2.73,252.03475009304006,10.867585163216477
1112,,AM,R4017,00,EHZ,61.13513513513514,-149.931698481745,2026-09-07T15:58:59.998000Z,2026-09-07T15:59:59.998000Z,100.0,100.0,60.0,,traffic,1,Traffic,timeofday:America/Anchorage:day7-19:night1-5,AM,2.0-20.0,699.5435879733392,2702.7197080671053,671.6747936596719,2326.7675917501156,0.921910031733209,1.684977127646522,-0.028674219885208352,,,2.73,252.03475009304006,9.231931671688828
1113,,AM,R4017,00,EHZ,61.13513513513514,-149.931698481745,2026-09-07T16:02:59.998000Z,2026-09-07T16:03:59.998000Z,100.0,100.0,60.0,,traffic,1,Traffic,timeofday:America/Anchorage:day7-19:night1-5,AM,2.0-20.0,2202.822467501814,22050.268416475137,2035.5424129045903,18853.129907279235,0.8538887994789637,7.970555778698759,13.676264511088558,,,2.73,252.03475009304006,74.80369234924746
1114,,AM,R4017,00,EHZ,61.13513513513514,-149.931698481745,2026-09-07T16:08:59.998000Z,2026-09-07T16:09:59.998000Z,100.0,100.0,60.0,,traffic,1,Traffic,timeofday:America/Anchorage:day7-19:night1-5,AM,2.0-20.0,1089.1817225698846,5845.746808697046,853.0678139626874,4488.368000125123,0.6134319938974554,3.1459113525618525,1.4891291207115183,,,2.73,252.03475009304006,17.808528381376842
1115,,AM,R4017,00,EHZ,61.13513513513514,-149.931698481745,2026-09-07T16:10:59.998000Z,2026-09-07T16:11:59.998000Z,100.0,100.0,60.0,,traffic,1,Traffic,timeofday:America/Anchorage:day7-19:night1-5,AM,2.0-20.0,868.4300961491123,6880.752260229512,841.4723991546266,6833.986404660151,0.9388798513427865,2.928114263243552,3.8785857848516745,,,2.73,252.03475009304006,27.115254551752667
1116,,AM,R4017,00,EHZ,61.13513513513514,-149.931698481745,2026-09-07T16:15:59.998000Z,2026-09-07T16:16:59.998000Z,100.0,100.0,60.0,,traffic,1,Traffic,timeofday:America/Anchorage:day7-19:night1-5,AM,2.0-20.0,926.5406604734002,6590.232731098569,745.9760916604519,3897.1664282837755,0.648217649754852,2.9514036423530934,0.48802777972399625,,,2.73,252.03475009304006,15.462813865330533
1117,,AM,R4017,00,EHZ,61.13513513513514,-149.931698481745,2026-09-07T16:20:59.998000Z,2026-09-07T16:21:59.998000Z,100.0,100.0,60.0,,traffic,1,Traffic,timeofday:America/Anchorage:day7-19:night1-5,AM,2.0-20.0,649.5280815536736,2653.7797980413256,623.2168927351141,2852.8458100466905,0.9206245869893892,2.0272473126605495,0.06705141796690706,,,2.73,252.03475009304006,11.319255812912887
1118,,AM,R4017,00,EHZ,61.13513513513514,-149.931698481745,2026-09-07T16:22:59.998000Z,2026-09-07T16:23:59.998000Z,100.0,100.0,60.0,,traffic,1,Traffic,timeofday:America/Anchorage:day7-19:night1-5,AM,2.0-20.0,686.5999994103613,2759.213766418559,637.8732327366891,2502.5339635406526,0.8631000837996614,1.7168884348147655,-0.08446700194403034,,,2.73,252.03475009304006,9.929321105985695
1119,,AM,R4017,00,EHZ,61.13513513513514,-149.931698481745,2026-09-07T16:25:59.998000Z,2026-09-07T16:26:59.998000Z,100.0,100.0,60.0,,traffic,1,Traffic,timeofday:America/Anchorage:day7-19:night1-5,AM,2.0-20.0,773.0155946126409,5084.793918876314,729.6549240785725,5166.415644287542,0.890960652292172,4.0745055219234825,1.7403141230953532,,,2.73,252.03475009304006,20.498822651957042
1120,,AM,R4017,00,EHZ,61.13513513513514,-149.931698481745,2026-09-07T16:27:59.998000Z,2026-09-07T16:28:59.998000Z,100.0,100.0,60.0,,traffic,1,Traffic,timeofday:America/Anchorage:day7-19:night1-5,AM,2.0-20.0,874.5924880703233,4290.19877214902,737.9103303843515,3324.452352939647,0.711861810660752,2.3094151671649623,0.4621891397683151,,,2.73,252.03475009304006,13.190452315454145
1121,,AM,R4017,00,EHZ,61.13513513513514,-149.931698481745,2026-09-07T16:30:59.998000Z,2026-09-07T16:31:59.998000Z,100.0,100.0,60.0,,traffic,1,Traffic,timeofday:America/Anchorage:day7-19:night1-5,AM,2.0-20.0,674.491165490599,2836.191750292733,642.4585908350064,2320.7173920351343,0.9072725062063128,1.8613702521888473,-0.05998379598666359,,,2.73,252.03475009304006,9.207926252941027
1122,,AM,R4017,00,EHZ,61.13513513513514,-149.931698481745,2026-09-07T16:33:59.998000Z,2026-09-07T16:34:59.998000Z,100.0,100.0,60.0,,traffic,1,Traffic,timeofday:America/Anchorage:day7-19:night1-5,AM,2.0-20.0,1048.021693518881,6835.8183471682005,1008.4483060349169,7587.161422120347,0.9259056553875297,3.119264420339845,4.096558017908449,,,2.73,252.03475009304006,30.10363221468271
1123,,AM,R4017,00,EHZ,61.13513513513514,-149.931698481745,2026-09-07T16:35:59.998000Z,2026-09-07T16:36:59.998000Z,100.0,100.0,60.0,,traffic,1,Traffic,timeofday:America/Anchorage:day7-19:night1-5,AM,2.0-20.0,685.4316432150418,2832.821647635787,642.0704472899026,2405.731446283706,0.8774796678269156,1.7451845933711985,-0.014488238483663984,,,2.73,252.03475009304006,9.545237096851196
1124,,AM,R4017,00,EHZ,61.13513513513514,-149.931698481745,2026-09-07T16:37:59.998000Z,2026-09-07T16:38:59.998000Z,100.0,100.0,60.0,,traffic,1,Traffic,timeofday:America/Anchorage:day7-19:night1-5,AM,2.0-20.0,700.3865920528227,2733.826783245115,668.3332653885083,2688.209571295274,0.9105640693307171,2.1119747434663,0.09127287273509843,,,2.73,252.03475009304006,10.66602748352323
1125,,AM,R4017,00,EHZ,61.13513513513514,-149.931698481745,2026-09-07T16:40:59.998000Z,2026-09-07T16:41:59.998000Z,100.0,100.0,60.0,,traffic,1,Traffic,timeofday:America/Anchorage:day7-19:night1-5,AM,2.0-20.0,667.8311919707933,2611.8363222654466,630.6526247132923,2246.339908805993,0.8917580041043521,1.8701064466195718,0.06931328291346261,,,2.73,252.03475009304006,8.912818204540223
1126,,AM,R4017,00,EHZ,61.13513513513514,-149.931698481745,2026-09-07T16:45:59.998000Z,2026-09-07T16:46:59.998000Z,100.0,100.0,60.0,,traffic,1,Traffic,timeofday:America/Anchorage:day7-19:night1-5,AM,2.0-20.0,706.0849495127951,3431.851151604528,679.0414816160161,2977.8517375056217,0.9248657613497944,2.884528146700057,0.6016349855110761,,,2.73,252.03475009304006,11.815242685408782
1127,,AM,R4017,00,EHZ,61.13513513513514,-149.931698481745,2026-09-07T16:46:59.998000Z,2026-09-07T16:47:59.998000Z,100.0,100.0,60.0,,traffic,1,Traffic,timeofday:America/Anchorage:day7-19:night1-5,AM,2.0-20.0,667.9893386910038,2586.1462987099308,625.2119873348744,2515.7464628813104,0.876023043694646,1.8910215208336707,-0.07207588851280278,,,2.73,252.03475009304006,9.981744429895514
1128,,AM,R4017,00,EHZ,61.13513513513514,-149.931698481745,2026-09-07T16:55:59.998000Z,2026-09-07T16:56:59.998000Z,100.0,100.0,60.0,,traffic,1,Traffic,timeofday:America/Anchorage:day7-19:night1-5,AM,2.0-20.0,664.5557983676366,2883.878063609775,636.8411712482231,2768.3201561245405,0.9183312463873842,2.0844907500711023,0.15500602922620121,,,2.73,252.03475009304006,10.983882798314912
1129,,AM,R4017,00,EHZ,61.13513513513514,-149.931698481745,2026-09-07T16:56:59.998000Z,2026-09-07T16:57:59.998000Z,100.0,100.0,60.0,,traffic,1,Traffic,timeofday:America/Anchorage:day7-19:night1-5,AM,2.0-20.0,696.9790517190504,3843.1180291643846,673.2364677219043,3422.616727230713,0.9330304447352116,3.4646386505951265,0.8182880124029865,,,2.73,252.03475009304006,13.579939774047961
1130,,AM,R4017,00,EHZ,61.13513513513514,-149.931698481745,2026-09-07T17:03:59.998000Z,2026-09-07T17:04:59.998000Z,100.0,100.0,60.0,,traffic,1,Traffic,timeofday:America/Anchorage:day7-19:night1-5,AM,2.0-20.0,710.6617331896247,4514.900070443744,684.458396505907,4444.427322625454,0.9276160397093732,4.691545228125294,1.5302301276873136,,,2.73,252.03475009304006,17.634184655031767
1131,,AM,R4017,00,EHZ,61.13513513513514,-149.931698481745,2026-09-07T17:05:59.998000Z,2026-09-07T17:06:59.998000Z,100.0,100.0,60.0,,traffic,1,Traffic,timeofday:America/Anchorage:day7-19:night1-5,AM,2.0-20.0,693.4506069226394,4057.094160242284,667.0674872679587,4383.848208168787,0.9253552266031576,2.9804769198926295,0.718990089787173,,,2.73,252.03475009304006,17.393824488688423
1132,,AM,R4017,00,EHZ,61.13513513513514,-149.931698481745,2026-09-07T17:07:59.998000Z,2026-09-07T17:08:59.998000Z,100.0,100.0,60.0,,traffic,1,Traffic,timeofday:America/Anchorage:day7-19:night1-5,AM,2.0-20.0,690.1683772467386,2629.088249692087,662.5315809112653,2574.2451301023743,0.9215163736211303,1.7196424057925856,0.05987213059697316,,,2.73,252.03475009304006,10.213849991527269
1133,,AM,R4017,00,EHZ,61.13513513513514,-149.931698481745,2026-09-07T17:08:59.998000Z,2026-09-07T17:09:59.998000Z,100.0,100.0,60.0,,traffic,1,Traffic,timeofday:America/Anchorage:day7-19:night1-5,AM,2.0-20.0,714.6250660292762,4268.084442353707,689.9480440334386,4165.161804217729,0.9321295689744323,3.4630668425653166,1.116885757734245,,,2.73,252.03475009304006,16.526140949532298
1134,,AM,R4017,00,EHZ,61.13513513513514,-149.931698481745,2026-09-07T17:12:59.998000Z,2026-09-07T17:13:59.998000Z,100.0,100.0,60.0,,traffic,1,Traffic,timeofday:America/Anchorage:day7-19:night1-5,AM,2.0-20.0,967.6625701062459,9932.075686636914,954.8265716266345,10771.715471725514,0.973646053044796,6.121506945043319,9.05159758249573,,,2.73,252.03475009304006,42.73900907612571
1135,,AM,R4017,00,EHZ,61.13513513513514,-149.931698481745,2026-09-07T17:16:59.998000Z,2026-09-07T17:17:59.998000Z,100.0,100.0,60.0,,traffic,1,Traffic,timeofday:America/Anchorage:day7-19:night1-5,AM,2.0-20.0,724.5046859781253,3242.063345657121,697.7611238377661,3205.3548171315215,0.9275367804847681,2.4709337869136387,0.39693263491723085,,,2.73,252.03475009304006,12.717908208880905
1136,,AM,R4017,00,EHZ,61.13513513513514,-149.931698481745,2026-09-07T17:20:59.998000Z,2026-09-07T17:21:59.998000Z,100.0,100.0,60.0,,traffic,1,Traffic,timeofday:America/Anchorage:day7-19:night1-5,AM,2.0-20.0,717.3957834887168,4326.051703889565,693.7506433540632,4401.259736793284,0.9351669678952385,3.0158187929816114,1.1860584670361218,,,2.73,252.03475009304006,17.462908329778074
1137,,AM,R4017,00,EHZ,61.13513513513514,-149.931698481745,2026-09-07T17:21:59.998000Z,2026-09-07T17:22:59.998000Z,100.0,100.0,60.0,,traffic,1,Traffic,timeofday:America/Anchorage:day7-19:night1-5,AM,2.0-20.0,612.9044951001705,2342.048374152631,584.3068450238632,2099.260921036316,0.9088586291217028,2.0601247348513905,0.005572631929884775,,,2.73,252.03475009304006,8.32925189983271
1138,,AM,R4017,00,EHZ,61.13513513513514,-149.931698481745,2026-09-07T17:23:59.998000Z,2026-09-07T17:24:59.998000Z,100.0,100.0,60.0,,traffic,1,Traffic,timeofday:America/Anchorage:day7-19:night1-5,AM,2.0-20.0,689.8462881922654,3402.9550870640765,663.9059718761191,3478.1897240128183,0.9262079121122156,2.5596701616112765,0.7418649660428849,,,2.73,252.03475009304006,13.800437133089087
1139,,AM,R4017,00,EHZ,61.13513513513514,-149.931698481745,2026-09-07T17:25:59.998000Z,2026-09-07T17:26:59.998000Z,100.0,100.0,60.0,,traffic,1,Traffic,timeofday:America/Anchorage:day7-19:night1-5,AM,2.0-20.0,799.9887473550684,3661.9617953201946,777.4787260222523,3446.0975075079273,0.9445158977825563,2.6369389272342456,0.8404322597608256,,,2.73,252.03475009304006,13.673104626388943
1140,,AM,R4017,00,EHZ,61.13513513513514,-149.931698481745,2026-09-07T17:26:59.998000Z,2026-09-07T17:27:59.998000Z,100.0,100.0,60.0,,traffic,1,Traffic,timeofday:America/Anchorage:day7-19:night1-5,AM,2.0-20.0,640.8410439257669,2275.0341255546095,613.2962826154674,2400.0251710911743,0.9158830593855455,2.1931258426299,0.040719272630890035,,,2.73,252.03475009304006,9.522596269781017
1141,,AM,R4017,00,EHZ,61.13513513513514,-149.931698481745,2026-09-07T17:41:59.998000Z,2026-09-07T17:42:59.998000Z,100.0,100.0,60.0,,traffic,1,Traffic,timeofday:America/Anchorage:day7-19:night1-5,AM,2.0-20.0,701.1912658297404,2806.0061695121826,673.1775506067327,2652.9061262326045,0.9216929241892899,2.2462694234313343,0.30870742817162933,,,2.73,252.03475009304006,10.525953763333307
1142,,AM,R4017,00,EHZ,61.13513513513514,-149.931698481745,2026-09-07T17:46:59.998000Z,2026-09-07T17:47:59.998000Z,100.0,100.0,60.0,,traffic,1,Traffic,timeofday:America/Anchorage:day7-19:night1-5,AM,2.0-20.0,715.1820862487782,4525.019151165512,688.5645273498724,3749.4904082895896,0.92694941642144,3.958017350621945,0.9961917613291549,,,2.73,252.03475009304006,14.876878711786546
1143,,AM,R4017,00,EHZ,61.13513513513514,-149.931698481745,2026-09-07T17:48:59.998000Z,2026-09-07T17:49:59.998000Z,100.0,100.0,60.0,,traffic,1,Traffic,timeofday:America/Anchorage:day7-19:night1-5,AM,2.0-20.0,643.62302249,2453.972575829664,616.6306365705451,2477.5584713047883,0.9178824278688925,1.9791372745029847,0.032877159149146795,,,2.73,252.03475009304006,9.830225674793589
1144,,AM,R4017,00,EHZ,61.13513513513514,-149.931698481745,2026-09-07T17:58:59.998000Z,2026-09-07T17:59:59.998000Z,100.0,100.0,60.0,,traffic,1,Traffic,timeofday:America/Anchorage:day7-19:night1-5,AM,2.0-20.0,680.9221031274285,2984.055281157433,655.8567503037781,3039.65446247398,0.9277332497776659,2.3876865974004455,0.09883853181303115,,,2.73,252.03475009304006,12.060457779539822
1145,,AM,R4017,00,EHZ,61.13513513513514,-149.931698481745,2026-09-07T18:03:59.998000Z,2026-09-07T18:04:59.998000Z,100.0,100.0,60.0,,traffic,1,Traffic,timeofday:America/Anchorage:day7-19:night1-5,AM,2.0-20.0,890.5569500869142,8186.931375736005,867.9696484408262,8235.042363718585,0.9499170503640917,6.375412564092856,5.271564079606808,,,2.73,252.03475009304006,32.674233853381615
1146,,AM,R4017,00,EHZ,61.13513513513514,-149.931698481745,2026-09-07T18:07:59.998000Z,2026-09-07T18:08:59.998000Z,100.0,100.0,60.0,,traffic,1,Traffic,timeofday:America/Anchorage:day7-19:night1-5,AM,2.0-20.0,701.3313728185925,3403.0793558941646,674.4475935665006,3332.6924682591807,0.9248043959040588,2.5417693613872667,0.46724884605304284,,,2.73,252.03475009304006,13.223146677308975
1147,,AM,R4017,00,EHZ,61.13513513513514,-149.931698481745,2026-09-07T18:10:59.998000Z,2026-09-07T18:11:59.998000Z,100.0,100.0,60.0,,traffic,1,Traffic,timeofday:America/Anchorage:day7-19:night1-5,AM,2.0-20.0,729.1406189753111,3154.911560851085,695.1899864564048,3131.3879946818474,0.9090430076997708,2.1308553018777845,0.35570397641328233,,,2.73,252.03475009304006,12.424429542060679
1148,,AM,R4017,00,EHZ,61.13513513513514,-149.931698481745,2026-09-07T18:11:59.998000Z,2026-09-07T18:12:59.998000Z,100.0,100.0,60.0,,traffic,1,Traffic,timeofday:America/Anchorage:day7-19:night1-5,AM,2.0-20.0,647.9042034976318,2354.091465971311,618.1839318303328,2224.784380043481,0.9103613889106464,1.8318604712800732,-0.030657537736660245,,,2.73,252.03475009304006,8.827292185788624
1149,,AM,R4017,00,EHZ,61.13513513513514,-149.931698481745,2026-09-07T18:14:59.998000Z,2026-09-07T18:15:59.998000Z,100.0,100.0,60.0,,traffic,1,Traffic,timeofday:America/Anchorage:day7-19:night1-5,AM,2.0-20.0,763.3796821721483,4961.902709428168,724.7721601848901,5162.624417609989,0.9014088391235436,2.2057655342459634,1.834533369079061,,,2.73,252.03475009304006,20.483780175964533
1150,,AM,R4017,00,EHZ,61.13513513513514,-149.931698481745,2026-09-07T18:15:59.998000Z,2026-09-07T18:16:59.998000Z,100.0,100.0,60.0,,traffic,1,Traffic,timeofday:America/Anchorage:day7-19:night1-5,AM,2.0-20.0,765.5330541462864,5106.898533203066,733.4900638741734,4441.116171563862,0.9180378251525603,4.133255770153069,1.561377265532399,,,2.73,252.03475009304006,17.62104697834088
1151,,AM,R4017,00,EHZ,61.13513513513514,-149.931698481745,2026-09-07T18:20:59.998000Z,2026-09-07T18:21:59.998000Z,100.0,100.0,60.0,,traffic,1,Traffic,timeofday:America/Anchorage:day7-19:night1-5,AM,2.0-20.0,633.5478726577679,2116.885702077821,601.0100146780044,2151.7003540730293,0.8999213257204947,1.6206796700783315,-0.005206166970213477,,,2.73,252.03475009304006,8.537316196590815
1152,,AM,R4017,00,EHZ,61.13513513513514,-149.931698481745,2026-09-07T18:21:59.998000Z,2026-09-07T18:22:59.998000Z,100.0,100.0,60.0,,traffic,1,Traffic,timeofday:America/Anchorage:day7-19:night1-5,AM,2.0-20.0,807.9177798975477,4444.880817813222,776.3252721288911,4643.528934303195,0.923321858063115,3.1693498243553537,2.0064305649464487,,,2.73,252.03475009304006,18.42416148006975
1153,,AM,R4017,00,EHZ,61.13513513513514,-149.931698481745,2026-09-07T18:23:59.998000Z,2026-09-07T18:24:59.998000Z,100.0,100.0,60.0,,traffic,1,Traffic,timeofday:America/Anchorage:day7-19:night1-5,AM,2.0-20.0,692.4598385043644,2877.8770792345836,664.6921859303242,2905.736205100828,0.9214079738196796,1.865140517744779,0.0862432213998674,,,2.73,252.03475009304006,11.529109394748776
1154,,AM,R4017,00,EHZ,61.13513513513514,-149.931698481745,2026-09-07T18:24:59.998000Z,2026-09-07T18:25:59.998000Z,100.0,100.0,60.0,,traffic,1,Traffic,timeofday:America/Anchorage:day7-19:night1-5,AM,2.0-20.0,714.1435997693975,3829.8748445429896,687.3936430953898,3768.14236400712,0.9264882724495479,3.397894002498598,1.000078864610769,,,2.73,252.03475009304006,14.95088420392858
1155,,AM,R4017,00,EHZ,61.13513513513514,-149.931698481745,2026-09-07T18:37:59.998000Z,2026-09-07T18:38:59.998000Z,100.0,100.0,60.0,,traffic,1,Traffic,timeofday:America/Anchorage:day7-19:night1-5,AM,2.0-20.0,770.4224199702436,3471.1615061305333,729.9623080009233,3326.853745309869,0.897724434391747,2.6690265308411547,0.19976446817648252,,,2.73,252.03475009304006,13.199980336369258
1156,,AM,R4017,00,EHZ,61.13513513513514,-149.931698481745,2026-09-07T18:39:59.998000Z,2026-09-07T18:40:59.998000Z,100.0,100.0,60.0,,traffic,1,Traffic,timeofday:America/Anchorage:day7-19:night1-5,AM,2.0-20.0,705.4684272950918,3756.83247599832,674.3683949421007,3659.5430303565076,0.9137749594800149,3.080512732092217,0.37730590947079845,,,2.73,252.03475009304006,14.519993885785855
1157,,AM,R4017,00,EHZ,61.13513513513514,-149.931698481745,2026-09-07T18:41:59.998000Z,2026-09-07T18:42:59.998000Z,100.0,100.0,60.0,,traffic,1,Traffic,timeofday:America/Anchorage:day7-19:night1-5,AM,2.0-20.0,679.2682345416237,2870.8249207894455,639.2687297962334,2664.011988930136,0.8856952409879736,2.1699817533441386,0.2086563537278341,,,2.73,252.03475009304006,10.57001857064036
1158,,AM,R4017,00,EHZ,61.13513513513514,-149.931698481745,2026-09-07T18:42:59.998000Z,2026-09-07T18:43:59.998000Z,100.0,100.0,60.0,,traffic,1,Traffic,timeofday:America/Anchorage:day7-19:night1-5,AM,2.0-20.0,866.8972019799639,7139.823452211456,820.2934659875664,7225.440483849745,0.8953715731438397,4.802125874833704,5.691368360235012,,,2.73,252.03475009304006,28.668429576407352
1159,,AM,R4017,00,EHZ,61.13513513513514,-149.931698481745,2026-09-07T18:46:59.998000Z,2026-09-07T18:47:59.998000Z,100.0,100.0,60.0,,traffic,1,Traffic,timeofday:America/Anchorage:day7-19:night1-5,AM,2.0-20.0,713.891472324744,3149.812358663459,686.7153636992978,3257.4840078946004,0.9253140132784841,2.419419261719122,0.6347097876159582,,,2.73,252.03475009304006,12.924741555250145
1160,,AM,R4017,00,EHZ,61.13513513513514,-149.931698481745,2026-09-07T18:47:59.998000Z,2026-09-07T18:48:59.998000Z,100.0,100.0,60.0,,traffic,1,Traffic,timeofday:America/Anchorage:day7-19:night1-5,AM,2.0-20.0,712.5491896201275,4504.191326487004,685.7351667509339,4696.203112022174,0.9261538644104049,5.207955292627034,2.062688802871145,,,2.73,252.03475009304006,18.633157174907602
1161,,AM,R4017,00,EHZ,61.13513513513514,-149.931698481745,2026-09-07T18:49:59.998000Z,2026-09-07T18:50:59.998000Z,100.0,100.0,60.0,,traffic,1,Traffic,timeofday:America/Anchorage:day7-19:night1-5,AM,2.0-20.0,788.1923425548919,5546.8048773248465,760.0338513301215,6086.08604996356,0.9298254931699447,4.406577457496317,3.230737629005108,,,2.73,252.03475009304006,24.147805204309513
1162,,AM,R4017,00,EHZ,61.13513513513514,-149.931698481745,2026-09-07T18:50:59.998000Z,2026-09-07T18:51:59.998000Z,100.0,100.0,60.0,,traffic,1,Traffic,timeofday:America/Anchorage:day7-19:night1-5,AM,2.0-20.0,630.8138613845875,2360.801520641527,600.8284658387397,2174.293231956697,0.9071906070484097,1.534778308731617,-0.09509697338546141,,,2.73,252.03475009304006,8.62695811253823
1163,,AM,R4017,00,EHZ,61.13513513513514,-149.931698481745,2026-09-07T18:52:59.998000Z,2026-09-07T18:53:59.998000Z,100.0,100.0,60.0,,traffic,1,Traffic,timeofday:America/Anchorage:day7-19:night1-5,AM,2.0-20.0,631.9289047959784,2871.796525803829,600.7504927629288,2835.9529627408933,0.9037573243981316,2.5497741799454996,0.2959677287855147,,,2.73,252.03475009304006,11.252229947235392
1164,,AM,R4017,00,EHZ,61.13513513513514,-149.931698481745,2026-09-07T18:53:59.998000Z,2026-09-07T18:54:59.998000Z,100.0,100.0,60.0,,traffic,1,Traffic,timeofday:America/Anchorage:day7-19:night1-5,AM,2.0-20.0,720.5837558571627,4257.7921572372925,688.9914483606805,4541.7580932049,0.9142368617898295,2.308639831711331,0.6792972380287661,,,2.73,252.03475009304006,18.020364618483303
1165,,AM,R4017,00,EHZ,61.13513513513514,-149.931698481745,2026-09-07T18:59:59.998000Z,2026-09-07T19:00:59.998000Z,100.0,100.0,60.0,,traffic,1,Traffic,timeofday:America/Anchorage:day7-19:night1-5,AM,2.0-20.0,816.8470054918531,6265.223389897737,789.8486962670783,6093.106978702729,0.9349887140723251,4.062768508601514,4.220925595557911,,,2.73,252.03475009304006,24.1756621912392
1166,,AM,R4017,00,EHZ,61.13513513513514,-149.931698481745,2026-09-07T19:05:59.998000Z,2026-09-07T19:06:59.998000Z,100.0,100.0,60.0,,traffic,1,Traffic,timeofday:America/Anchorage:day7-19:night1-5,AM,2.0-20.0,649.0905235019734,2697.7606820011,619.7933076147942,2676.130713333677,0.9117656526913284,1.720673438161645,0.1663060341385334,,,2.73,252.03475009304006,10.618102116258841
1167,,AM,R4017,00,EHZ,61.13513513513514,-149.931698481745,2026-09-07T19:06:59.998000Z,2026-09-07T19:07:59.998000Z,100.0,100.0,60.0,,traffic,1,Traffic,timeofday:America/Anchorage:day7-19:night1-5,AM,2.0-20.0,739.1537000266432,4116.755334072839,707.6370400959802,4681.403541513447,0.9165403814032925,4.343387761437012,1.8288882716572719,,,2.73,252.03475009304006,18.574436817880393
1168,,AM,R4017,00,EHZ,61.13513513513514,-149.931698481745,2026-09-07T19:07:59.998000Z,2026-09-07T19:08:59.998000Z,100.0,100.0,60.0,,traffic,1,Traffic,timeofday:America/Anchorage:day7-19:night1-5,AM,2.0-20.0,704.034258267494,3988.754446700504,668.310355485582,3998.1388966621257,0.9010912994649507,3.629906641336329,1.0619059556845851,,,2.73,252.03475009304006,15.863443018021087
1169,,AM,R4017,00,EHZ,61.13513513513514,-149.931698481745,2026-09-07T19:09:59.998000Z,2026-09-07T19:10:59.998000Z,100.0,100.0,60.0,,traffic,1,Traffic,timeofday:America/Anchorage:day7-19:night1-5,AM,2.0-20.0,806.204602952069,4702.749458367105,776.550949049954,4645.486963905174,0.9277893069349584,3.6531400126295703,1.4840425748432278,,,2.73,252.03475009304006,18.431930367499984
1170,,AM,R4017,00,EHZ,61.13513513513514,-149.931698481745,2026-09-07T19:11:59.998000Z,2026-09-07T19:12:59.998000Z,100.0,100.0,60.0,,traffic,1,Traffic,timeofday:America/Anchorage:day7-19:night1-5,AM,2.0-20.0,821.2349334458963,3836.2567657832647,791.532620565919,3648.54121285348,0.9289723875715625,2.6151831335696962,0.8302112271473341,,,2.73,252.03475009304006,14.476341899307933
1171,,AM,R4017,00,EHZ,61.13513513513514,-149.931698481745,2026-09-07T19:14:59.998000Z,2026-09-07T19:15:59.998000Z,100.0,100.0,60.0,,traffic,1,Traffic,timeofday:America/Anchorage:day7-19:night1-5,AM,2.0-20.0,731.7697510004496,3585.2662332562963,701.2303420734236,3858.446467360826,0.918274433532654,2.999692345819473,1.020617456197594,,,2.73,252.03475009304006,15.309184411818046
1172,,AM,R4017,00,EHZ,61.13513513513514,-149.931698481745,2026-09-07T19:15:59.998000Z,2026-09-07T19:16:59.998000Z,100.0,100.0,60.0,,traffic,1,Traffic,timeofday:America/Anchorage:day7-19:night1-5,AM,2.0-20.0,892.2767346521065,5818.731518114326,863.5971268938272,5749.621721353491,0.9367490019645711,3.918782535234184,2.691470432880636,,,2.73,252.03475009304006,22.812813388752883
1173,,AM,R4017,00,EHZ,61.13513513513514,-149.931698481745,2026-09-07T19:16:59.998000Z,2026-09-07T19:17:59.998000Z,100.0,100.0,60.0,,traffic,1,Traffic,timeofday:America/Anchorage:day7-19:night1-5,AM,2.0-20.0,694.9382469950009,3118.270947944506,665.6751991904782,3272.43443427655,0.9175554624088926,3.34302831237074,0.5405516385229925,,,2.73,252.03475009304006,12.984060464156281
1174,,AM,R4017,00,EHZ,61.13513513513514,-149.931698481745,2026-09-07T19:18:59.998000Z,2026-09-07T19:19:59.998000Z,100.0,100.0,60.0,,traffic,1,Traffic,timeofday:America/Anchorage:day7-19:night1-5,AM,2.0-20.0,975.2930800133703,15214.277511247654,943.0577040721797,14711.963774573684,0.934988456395617,6.966446195943324,37.36639808400324,,,2.73,252.03475009304006,58.37275918952715
1175,,AM,R4017,00,EHZ,61.13513513513514,-149.931698481745,2026-09-07T19:25:59.998000Z,2026-09-07T19:26:59.998000Z,100.0,100.0,60.0,,traffic,1,Traffic,timeofday:America/Anchorage:day7-19:night1-5,AM,2.0-20.0,893.1141967305313,5833.702945189651,870.6276131771524,6068.499254219149,0.9502784680228163,3.5472784025590984,3.233476703974115,,,2.73,252.03475009304006,24.07802595467065
1176,,AM,R4017,00,EHZ,61.13513513513514,-149.931698481745,2026-09-07T19:27:59.998000Z,2026-09-07T19:28:59.998000Z,100.0,100.0,60.0,,traffic,1,Traffic,timeofday:America/Anchorage:day7-19:night1-5,AM,2.0-20.0,766.9142594389593,3995.699016592536,738.7267244469849,4092.523046353257,0.9278419313436135,2.5780237585988446,0.8167282622244816,,,2.73,252.03475009304006,16.23793165364093
1177,,AM,R4017,00,EHZ,61.13513513513514,-149.931698481745,2026-09-07T19:32:59.998000Z,2026-09-07T19:33:59.998000Z,100.0,100.0,60.0,,traffic,1,Traffic,timeofday:America/Anchorage:day7-19:night1-5,AM,2.0-20.0,651.9304458105995,2648.3165156755226,619.796354382111,2673.585896611743,0.9038482215127548,2.186551299969843,0.14270372520771524,,,2.73,252.03475009304006,10.608005029563477
1178,,AM,R4017,00,EHZ,61.13513513513514,-149.931698481745,2026-09-07T19:39:59.998000Z,2026-09-07T19:40:59.998000Z,100.0,100.0,60.0,,traffic,1,Traffic,timeofday:America/Anchorage:day7-19:night1-5,AM,2.0-20.0,625.4940528207521,2608.6644620349557,598.1648892767765,2535.3351138639055,0.9145247542290267,1.7345704867831901,0.12164749795474439,,,2.73,252.03475009304006,10.059466454240823
1179,,AM,R4017,00,EHZ,61.13513513513514,-149.931698481745,2026-09-07T19:41:59.998000Z,2026-09-07T19:42:59.998000Z,100.0,100.0,60.0,,traffic,1,Traffic,timeofday:America/Anchorage:day7-19:night1-5,AM,2.0-20.0,821.8244446284056,4960.658642080363,793.8378961056566,4789.221337004328,0.9330513484332339,3.2077849413145842,1.4063047877320791,,,2.73,252.03475009304006,19.002226221726804
1180,,AM,R4017,00,EHZ,61.13513513513514,-149.931698481745,2026-09-07T19:44:59.998000Z,2026-09-07T19:45:59.998000Z,100.0,100.0,60.0,,traffic,1,Traffic,timeofday:America/Anchorage:day7-19:night1-5,AM,2.0-20.0,683.3304774330227,2722.3487756090276,651.9383885031963,2833.304119208506,0.9102307997073397,3.2754165808293885,0.36634453840532855,,,2.73,252.03475009304006,11.241720112653416
1181,,AM,R4017,00,EHZ,61.13513513513514,-149.931698481745,2026-09-07T19:47:59.998000Z,2026-09-07T19:48:59.998000Z,100.0,100.0,60.0,,traffic,1,Traffic,timeofday:America/Anchorage:day7-19:night1-5,AM,2.0-20.0,664.5631101287861,3251.357125736266,632.7457916513467,3318.0596933216148,0.906538119866359,2.9027556705608095,0.6376767418219487,,,2.73,252.03475009304006,13.16508811620911
1182,,AM,R4017,00,EHZ,61.13513513513514,-149.931698481745,2026-09-07T19:48:59.998000Z,2026-09-07T19:49:59.998000Z,100.0,100.0,60.0,,traffic,1,Traffic,timeofday:America/Anchorage:day7-19:night1-5,AM,2.0-20.0,619.7653050884992,2352.361043647745,583.5111097682408,2297.5081944630483,0.8864285544567755,1.729608773636401,-0.11356544483306275,,,2.73,252.03475009304006,9.115838961154802
1183,,AM,R4017,00,EHZ,61.13513513513514,-149.931698481745,2026-09-07T19:49:59.998000Z,2026-09-07T19:50:59.998000Z,100.0,100.0,60.0,,traffic,1,Traffic,timeofday:America/Anchorage:day7-19:night1-5,AM,2.0-20.0,723.3826654085692,4189.363197035587,688.9354151546944,4212.043587410459,0.9070282760046031,3.240787245514687,1.3023985317969702,,,2.73,252.03475009304006,16.712154121031162
1184,,AM,R4017,00,EHZ,61.13513513513514,-149.931698481745,2026-09-07T19:50:59.998000Z,2026-09-07T19:51:59.998000Z,100.0,100.0,60.0,,traffic,1,Traffic,timeofday:America/Anchorage:day7-19:night1-5,AM,2.0-20.0,666.9649559004195,2633.6342323721888,627.9907181177254,2578.1668059366148,0.8865442522938782,2.5234019616640326,0.08616219502545963,,,2.73,252.03475009304006,10.229410051530076
1185,,AM,R4017,00,EHZ,61.13513513513514,-149.931698481745,2026-09-07T19:53:59.998000Z,2026-09-07T19:54:59.998000Z,100.0,100.0,60.0,,traffic,1,Traffic,timeofday:America/Anchorage:day7-19:night1-5,AM,2.0-20.0,667.8862497949812,2687.6252071915455,615.2035364365541,2586.802149256835,0.8484624792504751,2.223570862505921,0.15746465652643282,,,2.73,252.03475009304006,10.26367256222367
1186,,AM,R4017,00,EHZ,61.13513513513514,-149.931698481745,2026-09-07T19:55:59.998000Z,2026-09-07T19:56:59.998000Z,100.0,100.0,60.0,,traffic,1,Traffic,timeofday:America/Anchorage:day7-19:night1-5,AM,2.0-20.0,860.2021654804375,6043.619721743804,791.5273739279558,4827.177106368374,0.8467024469710732,3.7770634740491777,1.816810231619109,,,2.73,252.03475009304006,19.152823587169603
1187,,AM,R4017,00,EHZ,61.13513513513514,-149.931698481745,2026-09-07T19:59:59.998000Z,2026-09-07T20:00:59.998000Z,100.0,100.0,60.0,,traffic,1,Traffic,timeofday:America/Anchorage:day7-19:night1-5,AM,2.0-20.0,1238.5268023990313,7152.60907931546,846.2256495074085,5752.034014417638,0.46683300280673,3.6507603849575476,2.2625365840343816,,,2.73,252.03475009304006,22.82238466042576
1188,,AM,R4017,00,EHZ,61.13513513513514,-149.931698481745,2026-09-07T20:02:59.998000Z,2026-09-07T20:03:59.998000Z,100.0,100.0,60.0,,traffic,1,Traffic,timeofday:America/Anchorage:day7-19:night1-5,AM,2.0-20.0,600.0008374266931,2589.5995649185475,562.2264363071586,2150.82894475097,0.8780491203330726,1.943467083649142,0.1054642539919759,,,2.73,252.03475009304006,8.533858699869679
1189,,AM,R4017,00,EHZ,61.13513513513514,-149.931698481745,2026-09-07T20:03:59.998000Z,2026-09-07T20:04:59.998000Z,100.0,100.0,60.0,,traffic,1,Traffic,timeofday:America/Anchorage:day7-19:night1-5,AM,2.0-20.0,626.3719344710967,2789.5962862868305,579.5165021002607,2370.1865633940383,0.8559867339030987,2.0313709624824523,-0.06025035016360647,,,2.73,252.03475009304006,9.40420542214544
1190,,AM,R4017,00,EHZ,61.13513513513514,-149.931698481745,2026-09-07T20:04:59.998000Z,2026-09-07T20:05:59.998000Z,100.0,100.0,60.0,,traffic,1,Traffic,timeofday:America/Anchorage:day7-19:night1-5,AM,2.0-20.0,774.0746560197109,3283.5934699249897,727.7330717361341,3321.992845361641,0.8838499195935205,3.0148686270218743,0.4929035325437945,,,2.73,252.03475009304006,13.180693710432026
1191,,AM,R4017,00,EHZ,61.13513513513514,-149.931698481745,2026-09-07T20:14:59.998000Z,2026-09-07T20:15:59.998000Z,100.0,100.0,60.0,,traffic,1,Traffic,timeofday:America/Anchorage:day7-19:night1-5,AM,2.0-20.0,729.3866299748296,3845.5672097435067,700.2542713076928,4012.5636589791743,0.921713474918988,2.75482179073113,1.3404129973779808,,,2.73,252.03475009304006,15.920676246025256
1192,,AM,R4017,00,EHZ,61.13513513513514,-149.931698481745,2026-09-07T20:16:59.998000Z,2026-09-07T20:17:59.998000Z,100.0,100.0,60.0,,traffic,1,Traffic,timeofday:America/Anchorage:day7-19:night1-5,AM,2.0-20.0,648.3888029761131,4109.438809521414,614.3287174669878,4015.125811257808,0.8976987530065165,2.9573798653512346,1.0647685246725498,,,2.73,252.03475009304006,15.930842115127383
1193,,AM,R4017,00,EHZ,61.13513513513514,-149.931698481745,2026-09-07T20:24:59.998000Z,2026-09-07T20:25:59.998000Z,100.0,100.0,60.0,,traffic,1,Traffic,timeofday:America/Anchorage:day7-19:night1-5,AM,2.0-20.0,748.959135798028,2985.4608028821954,715.9850382650443,3029.68331770119,0.9138852098082271,2.913680008251403,0.5812182225368172,,,2.73,252.03475009304006,12.020895200295852
1194,,AM,R4017,00,EHZ,61.13513513513514,-149.931698481745,2026-09-07T20:25:59.998000Z,2026-09-07T20:26:59.998000Z,100.0,100.0,60.0,,traffic,1,Traffic,timeofday:America/Anchorage:day7-19:night1-5,AM,2.0-20.0,648.362982129006,3025.5366725202744,605.18140256643,2911.4400935924705,0.8712338181897421,2.0310802189015624,0.28545416084598285,,,2.73,252.03475009304006,11.551740752089527
1195,,AM,R4017,00,EHZ,61.13513513513514,-149.931698481745,2026-09-07T20:27:59.998000Z,2026-09-07T20:28:59.998000Z,100.0,100.0,60.0,,traffic,1,Traffic,timeofday:America/Anchorage:day7-19:night1-5,AM,2.0-20.0,975.3312810372964,6826.469006198093,945.83852884076,6747.822520070189,0.9404369746254201,3.2794708262741974,2.823770746753633,,,2.73,252.03475009304006,26.77338151814062
1196,,AM,R4017,00,EHZ,61.13513513513514,-149.931698481745,2026-09-07T20:29:59.998000Z,2026-09-07T20:30:59.998000Z,100.0,100.0,60.0,,traffic,1,Traffic,timeofday:America/Anchorage:day7-19:night1-5,AM,2.0-20.0,674.9007249555847,3757.4760182979285,640.970033204806,3647.8867563462204,0.9019774129416472,2.466589224760888,0.6314826013999979,,,2.73,252.03475009304006,14.473745207752431
1197,,AM,R4017,00,EHZ,61.13513513513514,-149.931698481745,2026-09-07T20:30:59.998000Z,2026-09-07T20:31:59.998000Z,100.0,100.0,60.0,,traffic,1,Traffic,timeofday:America/Anchorage:day7-19:night1-5,AM,2.0-20.0,726.4349420833934,3958.52148498011,693.9928315419286,4251.329058237559,0.9126757622485828,4.290268580635277,1.543203709401526,,,2.73,252.03475009304006,16.86802735205426
1198,,AM,R4017,00,EHZ,61.13513513513514,-149.931698481745,2026-09-07T20:32:59.998000Z,2026-09-07T20:33:59.998000Z,100.0,100.0,60.0,,traffic,1,Traffic,timeofday:America/Anchorage:day7-19:night1-5,AM,2.0-20.0,656.179798090243,3066.48382252857,620.56183041718,2498.592759722046,0.8943847957684248,2.979706009379688,0.4290203418391374,,,2.73,252.03475009304006,9.91368356466589
1199,,AM,R4017,00,EHZ,61.13513513513514,-149.931698481745,2026-09-07T20:35:59.998000Z,2026-09-07T20:36:59.998000Z,100.0,100.0,60.0,,traffic,1,Traffic,timeofday:America/Anchorage:day7-19:night1-5,AM,2.0-20.0,823.0035152264302,6887.508769073893,797.6271113509771,5637.773188740686,0.9392829393109016,3.8597234479599636,4.727230622163944,,,2.73,252.03475009304006,22.36903120168735
1200,,AM,R4017,00,EHZ,61.13513513513514,-149.931698481745,2026-09-07T20:50:59.998000Z,2026-09-07T20:51:59.998000Z,100.0,100.0,60.0,,traffic,1,Traffic,timeofday:America/Anchorage:day7-19:night1-5,AM,2.0-20.0,627.475479899181,2582.532453784816,576.9097649239983,2440.0246092691277,0.8453221738690111,2.21526256299555,0.21259349095991809,,,2.73,252.03475009304006,9.681302313940355
1201,,AM,R4017,00,EHZ,61.13513513513514,-149.931698481745,2026-09-07T20:51:59.998000Z,2026-09-07T20:52:59.998000Z,100.0,100.0,60.0,,traffic,1,Traffic,timeofday:America/Anchorage:day7-19:night1-5,AM,2.0-20.0,717.6350728027392,3299.4647948963443,665.6814317867603,3091.8396674054784,0.8604498729037698,2.817076061188134,0.5277639912683805,,,2.73,252.03475009304006,12.267513373707825
1202,,AM,R4017,00,EHZ,61.13513513513514,-149.931698481745,2026-09-07T20:55:59.998000Z,2026-09-07T20:56:59.998000Z,100.0,100.0,60.0,,traffic,1,Traffic,timeofday:America/Anchorage:day7-19:night1-5,AM,2.0-20.0,834.2039410552806,4809.546730258409,800.3736662617912,5274.873518316439,0.9205367001382614,3.063684037537582,2.6853375993911257,,,2.73,252.03475009304006,20.92915169979215
1203,,AM,R4017,00,EHZ,61.13513513513514,-149.931698481745,2026-09-07T21:06:59.998000Z,2026-09-07T21:07:59.998000Z,100.0,100.0,60.0,,traffic,1,Traffic,timeofday:America/Anchorage:day7-19:night1-5,AM,2.0-20.0,785.2809585471127,3440.5768056763504,752.0800292805085,3280.9581822780956,0.9172294269569268,2.5427886009781693,0.6604521073175995,,,2.73,252.03475009304006,13.017880197341483
1204,,AM,R4017,00,EHZ,61.13513513513514,-149.931698481745,2026-09-07T21:07:59.998000Z,2026-09-07T21:08:59.998000Z,100.0,100.0,60.0,,traffic,1,Traffic,timeofday:America/Anchorage:day7-19:night1-5,AM,2.0-20.0,857.5109199960378,6612.581913874701,827.5492910080836,6563.120484974465,0.9313403591867645,3.5350421723386978,4.876579315474982,,,2.73,252.03475009304006,26.04053799149384
1205,,AM,R4017,00,EHZ,61.13513513513514,-149.931698481745,2026-09-07T21:11:59.998000Z,2026-09-07T21:12:59.998000Z,100.0,100.0,60.0,,traffic,1,Traffic,timeofday:America/Anchorage:day7-19:night1-5,AM,2.0-20.0,1167.3684107166976,9686.590900029545,1139.1220530917612,11970.597291415655,0.9521922568307335,5.340253260460991,9.863029095227398,,,2.73,252.03475009304006,47.49582066360548
1206,,AM,R4017,00,EHZ,61.13513513513514,-149.931698481745,2026-09-07T21:13:59.998000Z,2026-09-07T21:14:59.998000Z,100.0,100.0,60.0,,traffic,1,Traffic,timeofday:America/Anchorage:day7-19:night1-5,AM,2.0-20.0,615.2717960614477,2937.402575228514,571.2320191034629,2416.165384917667,0.861967855712344,2.137417021333134,0.22676526799458907,,,2.73,252.03475009304006,9.586635906460224
1207,,AM,R4017,00,EHZ,61.13513513513514,-149.931698481745,2026-09-07T21:24:59.998000Z,2026-09-07T21:25:59.998000Z,100.0,100.0,60.0,,traffic,1,Traffic,timeofday:America/Anchorage:day7-19:night1-5,AM,2.0-20.0,797.499830657054,4060.627542467379,764.7533438857745,3908.855000394705,0.9195631730982181,2.6686633997024263,1.0946407047067028,,,2.73,252.03475009304006,15.509190692758553
1208,,AM,R4017,00,EHZ,61.13513513513514,-149.931698481745,2026-09-07T21:25:59.998000Z,2026-09-07T21:26:59.998000Z,100.0,100.0,60.0,,traffic,1,Traffic,timeofday:America/Anchorage:day7-19:night1-5,AM,2.0-20.0,683.894435463453,3760.3698353705927,651.3224980102232,3094.4963280460256,0.9070140604812893,2.7893475536414907,0.691037641003688,,,2.73,252.03475009304006,12.278054224283258
1209,,AM,R4017,00,EHZ,61.13513513513514,-149.931698481745,2026-09-07T21:26:59.998000Z,2026-09-07T21:27:59.998000Z,100.0,100.0,60.0,,traffic,1,Traffic,timeofday:America/Anchorage:day7-19:night1-5,AM,2.0-20.0,586.7016409380437,2363.6340305064864,550.3063597373912,2238.27060951133,0.8797807555803075,2.3201976243794973,0.23593272310589475,,,2.73,252.03475009304006,8.880801590594391
1210,,AM,R4017,00,EHZ,61.13513513513514,-149.931698481745,2026-09-07T21:30:59.998000Z,2026-09-07T21:31:59.998000Z,100.0,100.0,60.0,,traffic,1,Traffic,timeofday:America/Anchorage:day7-19:night1-5,AM,2.0-20.0,730.7384754547454,4159.644143763575,699.9545639213462,4312.7856135988195,0.9175204435187517,2.8007428749684826,1.9191654303011845,,,2.73,252.03475009304006,17.111868946669976
1211,,AM,R4017,00,EHZ,61.13513513513514,-149.931698481745,2026-09-07T21:31:59.998000Z,2026-09-07T21:32:59.998000Z,100.0,100.0,60.0,,traffic,1,Traffic,timeofday:America/Anchorage:day7-19:night1-5,AM,2.0-20.0,649.567140402361,4981.647374542232,610.0227997220453,5096.128082722167,0.8819501531288408,3.811560540347139,2.254471485960603,,,2.73,252.03475009304006,20.219942213686416
1212,,AM,R4017,00,EHZ,61.13513513513514,-149.931698481745,2026-09-07T21:37:59.998000Z,2026-09-07T21:38:59.998000Z,100.0,100.0,60.0,,traffic,1,Traffic,timeofday:America/Anchorage:day7-19:night1-5,AM,2.0-20.0,733.752568979968,3710.6637198477715,693.0819308058072,3937.202043558343,0.8922157462472425,3.069132507909225,1.461543382179335,,,2.73,252.03475009304006,15.62166344960329
1213,,AM,R4017,00,EHZ,61.13513513513514,-149.931698481745,2026-09-07T21:41:59.998000Z,2026-09-07T21:42:59.998000Z,100.0,100.0,60.0,,traffic,1,Traffic,timeofday:America/Anchorage:day7-19:night1-5,AM,2.0-20.0,770.0276424883483,4119.674250309237,735.4331541649361,4010.679515623876,0.9121657837217743,2.6809669703976073,1.7758582595978831,,,2.73,252.03475009304006,15.913200517560815
1214,,AM,R4017,00,EHZ,61.13513513513514,-149.931698481745,2026-09-07T21:46:59.998000Z,2026-09-07T21:47:59.998000Z,100.0,100.0,60.0,,traffic,1,Traffic,timeofday:America/Anchorage:day7-19:night1-5,AM,2.0-20.0,859.217965610135,5694.310608145288,824.0527355427124,5953.89944209508,0.9198209827418969,4.442157602817092,3.049546525060906,,,2.73,252.03475009304006,23.623327497089843
1215,,AM,R4017,00,EHZ,61.13513513513514,-149.931698481745,2026-09-07T21:49:59.998000Z,2026-09-07T21:50:59.998000Z,100.0,100.0,60.0,,traffic,1,Traffic,timeofday:America/Anchorage:day7-19:night1-5,AM,2.0-20.0,668.0812515314736,3015.301523496762,632.2085833765307,3096.281617021695,0.8954930245415919,2.4150638114370535,0.5292892813723902,,,2.73,252.03475009304006,12.28513772755021
1216,,AM,R4017,00,EHZ,61.13513513513514,-149.931698481745,2026-09-07T21:53:59.998000Z,2026-09-07T21:54:59.998000Z,100.0,100.0,60.0,,traffic,1,Traffic,timeofday:America/Anchorage:day7-19:night1-5,AM,2.0-20.0,831.8775597592022,4656.709953804928,793.0567879908564,5041.711529695771,0.9088448593440055,2.880995825720901,1.6394244910421438,,,2.73,252.03475009304006,20.00403328443635
1217,,AM,R4017,00,EHZ,61.13513513513514,-149.931698481745,2026-09-07T21:54:59.998000Z,2026-09-07T21:55:59.998000Z,100.0,100.0,60.0,,traffic,1,Traffic,timeofday:America/Anchorage:day7-19:night1-5,AM,2.0-20.0,711.5461564506364,3340.7105401210997,669.1022586887062,2936.998971517585,0.8842576744132961,2.6168179871934742,0.6832225815914166,,,2.73,252.03475009304006,11.653150886666918
1218,,AM,R4017,00,EHZ,61.13513513513514,-149.931698481745,2026-09-07T22:01:59.998000Z,2026-09-07T22:02:59.998000Z,100.0,100.0,60.0,,traffic,1,Traffic,timeofday:America/Anchorage:day7-19:night1-5,AM,2.0-20.0,668.4522444095142,3475.26804214866,619.1789418485087,3217.6651870945134,0.8580084869414404,2.421235119217464,0.7802149376121137,,,2.73,252.03475009304006,12.766752147895058
1219,,AM,R4017,00,EHZ,61.13513513513514,-149.931698481745,2026-09-07T22:02:59.998000Z,2026-09-07T22:03:59.998000Z,100.0,100.0,60.0,,traffic,1,Traffic,timeofday:America/Anchorage:day7-19:night1-5,AM,2.0-20.0,655.9493784695215,2758.733288445254,541.7917259356327,2163.9394533891173,0.682219434240799,2.231304929202667,0.11673236262631637,,,2.73,252.03475009304006,8.585877354572283
1220,,AM,R4017,00,EHZ,61.13513513513514,-149.931698481745,2026-09-07T22:03:59.998000Z,2026-09-07T22:04:59.998000Z,100.0,100.0,60.0,,traffic,1,Traffic,timeofday:America/Anchorage:day7-19:night1-5,AM,2.0-20.0,737.8389088372104,3874.262200822797,659.9163746646361,3691.933616506313,0.7999350066895793,3.7469284838962373,1.4065282861252335,,,2.73,252.03475009304006,14.64851023576477
1221,,AM,R4017,00,EHZ,61.13513513513514,-149.931698481745,2026-09-07T22:05:59.998000Z,2026-09-07T22:06:59.998000Z,100.0,100.0,60.0,,traffic,1,Traffic,timeofday:America/Anchorage:day7-19:night1-5,AM,2.0-20.0,1097.0145391054534,8278.741751933145,1012.1678822427822,9421.295184181527,0.8512955000014419,5.433183486208892,5.347389184272201,,,2.73,252.03475009304006,37.380937274338564
1222,,AM,R4017,00,EHZ,61.13513513513514,-149.931698481745,2026-09-07T22:06:59.998000Z,2026-09-07T22:07:59.998000Z,100.0,100.0,60.0,,traffic,1,Traffic,timeofday:America/Anchorage:day7-19:night1-5,AM,2.0-20.0,665.7142023697747,3298.2555055752796,608.4128394517761,3246.2074460860076,0.8352588700709043,2.1039507541677556,0.3505349081560589,,,2.73,252.03475009304006,12.879999463913812
1223,,AM,R4017,00,EHZ,61.13513513513514,-149.931698481745,2026-09-07T22:08:59.998000Z,2026-09-07T22:09:59.998000Z,100.0,100.0,60.0,,traffic,1,Traffic,timeofday:America/Anchorage:day7-19:night1-5,AM,2.0-20.0,757.0912719503257,4092.7496212067877,680.5689781355835,4735.353455669741,0.8080678333321445,4.254601979509952,1.5758813634321251,,,2.73,252.03475009304006,18.788494260897192
1224,,AM,R4017,00,EHZ,61.13513513513514,-149.931698481745,2026-09-07T22:09:59.998000Z,2026-09-07T22:10:59.998000Z,100.0,100.0,60.0,,traffic,1,Traffic,timeofday:America/Anchorage:day7-19:night1-5,AM,2.0-20.0,767.7811070836793,5357.7522972615825,725.976851041532,5189.775618371672,0.8940683129683611,4.533937248460976,2.477649617036355,,,2.73,252.03475009304006,20.591508180740302
1225,,AM,R4017,00,EHZ,61.13513513513514,-149.931698481745,2026-09-07T22:14:59.998000Z,2026-09-07T22:15:59.998000Z,100.0,100.0,60.0,,traffic,1,Traffic,timeofday:America/Anchorage:day7-19:night1-5,AM,2.0-20.0,949.5157096904243,4822.231822025724,806.266399596422,4818.055815176118,0.721029134751876,4.448166479148501,2.099550451385447,,,2.73,252.03475009304006,19.116632977783837
1226,,AM,R4017,00,EHZ,61.13513513513514,-149.931698481745,2026-09-07T22:22:59.998000Z,2026-09-07T22:23:59.998000Z,100.0,100.0,60.0,,traffic,1,Traffic,timeofday:America/Anchorage:day7-19:night1-5,AM,2.0-20.0,768.8935861953047,6038.209777559734,704.4449638801751,6040.131292302262,0.8393858831483608,6.384515280845503,4.365617596392398,,,2.73,252.03475009304006,23.96547019834572
1227,,AM,R4017,00,EHZ,61.13513513513514,-149.931698481745,2026-09-07T22:27:59.998000Z,2026-09-07T22:28:59.998000Z,100.0,100.0,60.0,,traffic,1,Traffic,timeofday:America/Anchorage:day7-19:night1-5,AM,2.0-20.0,705.8972371244868,5550.803821537489,663.6080296659384,5824.120339975307,0.8837721273804932,4.0800690073627175,2.698134521094606,,,2.73,252.03475009304006,23.10840206687887
1228,,AM,R4017,00,EHZ,61.13513513513514,-149.931698481745,2026-09-07T22:32:59.998000Z,2026-09-07T22:33:59.998000Z,100.0,100.0,60.0,,traffic,1,Traffic,timeofday:America/Anchorage:day7-19:night1-5,AM,2.0-20.0,670.1971400431735,2903.8191057129648,619.0014482179137,2602.0727663405723,0.8530572724455622,2.296857955056086,0.31221944608845265,,,2.73,252.03475009304006,10.324261893965028
1229,,AM,R4017,00,EHZ,61.13513513513514,-149.931698481745,2026-09-07T22:36:59.998000Z,2026-09-07T22:37:59.998000Z,100.0,100.0,60.0,,traffic,1,Traffic,timeofday:America/Anchorage:day7-19:night1-5,AM,2.0-20.0,759.3840780248779,4158.1705124952805,723.5495509137135,4192.4345056123375,0.9078489225419583,3.5990826756465175,1.6888099959167704,,,2.73,252.03475009304006,16.634351033199493
1230,,AM,R4017,00,EHZ,61.13513513513514,-149.931698481745,2026-09-07T22:38:59.998000Z,2026-09-07T22:39:59.998000Z,100.0,100.0,60.0,,traffic,1,Traffic,timeofday:America/Anchorage:day7-19:night1-5,AM,2.0-20.0,599.2249108314048,2802.165992471471,561.7802248705134,2504.5631481212454,0.8789277496738892,2.8676299052046046,0.34794211975120914,,,2.73,252.03475009304006,9.937372315510745
1231,,AM,R4017,00,EHZ,61.13513513513514,-149.931698481745,2026-09-07T22:43:59.998000Z,2026-09-07T22:44:59.998000Z,100.0,100.0,60.0,,traffic,1,Traffic,timeofday:America/Anchorage:day7-19:night1-5,AM,2.0-20.0,859.6508205905151,7791.151030723433,827.6405449791436,7766.038211459552,0.9269138081801999,3.6988058710887777,3.9043804823626527,,,2.73,252.03475009304006,30.813362873939706
1232,,AM,R4017,00,EHZ,61.13513513513514,-149.931698481745,2026-09-07T22:45:59.998000Z,2026-09-07T22:46:59.998000Z,100.0,100.0,60.0,,traffic,1,Traffic,timeofday:America/Anchorage:day7-19:night1-5,AM,2.0-20.0,1065.6515325944697,7175.146834985431,1039.0430334434518,7185.609307233675,0.9506850007379842,5.9407626902259665,4.670358141551101,,,2.73,252.03475009304006,28.510391144796767
1233,,AM,R4017,00,EHZ,61.13513513513514,-149.931698481745,2026-09-07T22:46:59.998000Z,2026-09-07T22:47:59.998000Z,100.0,100.0,60.0,,traffic,1,Traffic,timeofday:America/Anchorage:day7-19:night1-5,AM,2.0-20.0,856.8221889031256,8836.85656490502,825.8062506236765,9498.823817701266,0.9289127458598616,7.376612148389484,13.672065288191718,,,2.73,252.03475009304006,37.688548163277964
1234,,AM,R4017,00,EHZ,61.13513513513514,-149.931698481745,2026-09-07T22:48:59.998000Z,2026-09-07T22:49:59.998000Z,100.0,100.0,60.0,,traffic,1,Traffic,timeofday:America/Anchorage:day7-19:night1-5,AM,2.0-20.0,1018.3794629253135,5850.137838609544,986.8266956457278,5342.716090142597,0.9389933442004107,4.389457319479765,1.8184773365080789,,,2.73,252.03475009304006,21.198331135568818
1235,,AM,R4017,00,EHZ,61.13513513513514,-149.931698481745,2026-09-07T22:55:59.998000Z,2026-09-07T22:56:59.998000Z,100.0,100.0,60.0,,traffic,1,Traffic,timeofday:America/Anchorage:day7-19:night1-5,AM,2.0-20.0,795.6170022518019,4807.1190179533205,762.616426749879,4827.189802734354,0.918764488378024,3.528557273548543,2.9131501068112398,,,2.73,252.03475009304006,19.152873962627652
1236,,AM,R4017,00,EHZ,61.13513513513514,-149.931698481745,2026-09-07T22:56:59.998000Z,2026-09-07T22:57:59.998000Z,100.0,100.0,60.0,,traffic,1,Traffic,timeofday:America/Anchorage:day7-19:night1-5,AM,2.0-20.0,736.3666159566762,3459.116225750307,702.4655133297579,3488.673869026912,0.9100428332121241,2.842797062449231,0.7034257760863247,,,2.73,252.03475009304006,13.84203514689561
1237,,AM,R4017,00,EHZ,61.13513513513514,-149.931698481745,2026-09-07T22:59:59.998000Z,2026-09-07T23:00:59.998000Z,100.0,100.0,60.0,,traffic,1,Traffic,timeofday:America/Anchorage:day7-19:night1-5,AM,2.0-20.0,622.403536726582,2718.8940793836287,582.6121200574383,2992.9956062460406,0.8762235600290667,2.1165588183665984,0.1597963538618541,,,2.73,252.03475009304006,11.875329116882332
1238,,AM,R4017,00,EHZ,61.13513513513514,-149.931698481745,2026-09-07T23:07:59.998000Z,2026-09-07T23:08:59.998000Z,100.0,100.0,60.0,,traffic,1,Traffic,timeofday:America/Anchorage:day7-19:night1-5,AM,2.0-20.0,875.2739445534816,7410.915226720832,845.4661364491835,7745.377649832396,0.9330489618532811,6.9454086776492066,11.772335277420657,,,2.73,252.03475009304006,30.73138782240602
1239,,AM,R4017,00,EHZ,61.13513513513514,-149.931698481745,2026-09-07T23:09:59.998000Z,2026-09-07T23:10:59.998000Z,100.0,100.0,60.0,,traffic,1,Traffic,timeofday:America/Anchorage:day7-19:night1-5,AM,2.0-20.0,793.546091788946,3581.9210750155894,755.2732425772347,3815.6257771961455,0.9058658421569209,3.0813558808380677,0.8733335200116508,,,2.73,252.03475009304006,15.13928446687445
1240,,AM,R4017,00,EHZ,61.13513513513514,-149.931698481745,2026-09-07T23:11:59.998000Z,2026-09-07T23:12:59.998000Z,100.0,100.0,60.0,,traffic,1,Traffic,timeofday:America/Anchorage:day7-19:night1-5,AM,2.0-20.0,758.1898857627957,4127.926332348243,715.2943889586619,4068.443409243723,0.89004848086722,2.7403609580806276,0.9602740135242525,,,2.73,252.03475009304006,16.1423907129546
1241,,AM,R4017,00,EHZ,61.13513513513514,-149.931698481745,2026-09-07T23:12:59.998000Z,2026-09-07T23:13:59.998000Z,100.0,100.0,60.0,,traffic,1,Traffic,timeofday:America/Anchorage:day7-19:night1-5,AM,2.0-20.0,829.3065567471624,4485.071171858983,791.471722839455,4495.372946514757,0.9108368831373799,3.757810314945834,1.5269880733954935,,,2.73,252.03475009304006,17.836321955029078
1242,,AM,R4017,00,EHZ,61.13513513513514,-149.931698481745,2026-09-07T23:13:59.998000Z,2026-09-07T23:14:59.998000Z,100.0,100.0,60.0,,traffic,1,Traffic,timeofday:America/Anchorage:day7-19:night1-5,AM,2.0-20.0,887.4109406454232,7462.067925748763,850.0012689040487,6406.233512569783,0.917465179870425,5.15380981335679,3.849027190300382,,,2.73,252.03475009304006,25.418056479135853
1243,,AM,R4017,00,EHZ,61.13513513513514,-149.931698481745,2026-09-07T23:16:59.998000Z,2026-09-07T23:17:59.998000Z,100.0,100.0,60.0,,traffic,1,Traffic,timeofday:America/Anchorage:day7-19:night1-5,AM,2.0-20.0,669.0446944559623,3038.0587616548596,631.7463494735157,3168.120191815343,0.8916105936946725,2.7270169254237855,0.6589883365992271,,,2.73,252.03475009304006,12.570172131604128
1244,,AM,R4017,00,EHZ,61.13513513513514,-149.931698481745,2026-09-07T23:25:59.998000Z,2026-09-07T23:26:59.998000Z,100.0,100.0,60.0,,traffic,1,Traffic,timeofday:America/Anchorage:day7-19:night1-5,AM,2.0-20.0,861.8593325249847,6209.965437128163,827.205793781756,6546.479883596528,0.9212009088829859,3.6873784747254796,2.720599614237094,,,2.73,252.03475009304006,25.974512963707816
1245,,AM,R4017,00,EHZ,61.13513513513514,-149.931698481745,2026-09-07T23:26:59.998000Z,2026-09-07T23:27:59.998000Z,100.0,100.0,60.0,,traffic,1,Traffic,timeofday:America/Anchorage:day7-19:night1-5,AM,2.0-20.0,877.6968371228913,5497.03143198064,846.7339790325747,4839.514917807044,0.9306897044289766,2.8745408538292767,2.2106148982632945,,,2.73,252.03475009304006,19.201776405914302
1246,,AM,R4017,00,EHZ,61.13513513513514,-149.931698481745,2026-09-07T23:28:59.998000Z,2026-09-07T23:29:59.998000Z,100.0,100.0,60.0,,traffic,1,Traffic,timeofday:America/Anchorage:day7-19:night1-5,AM,2.0-20.0,795.6586721606584,4158.0275489136275,762.4995438125068,4310.503706695008,0.9183866775064092,3.383898346090237,1.7822164113036916,,,2.73,252.03475009304006,17.102815009056336
1247,,AM,R4017,00,EHZ,61.13513513513514,-149.931698481745,2026-09-07T23:36:59.998000Z,2026-09-07T23:37:59.998000Z,100.0,100.0,60.0,,traffic,1,Traffic,timeofday:America/Anchorage:day7-19:night1-5,AM,2.0-20.0,660.1808965914224,2701.0037013627966,623.5540323076572,2800.7674860036363,0.892117949877776,2.9473971467563183,0.40343839517283,,,2.73,252.03475009304006,11.11262429077624
1248,,AM,R4017,00,EHZ,61.13513513513514,-149.931698481745,2026-09-07T23:37:59.998000Z,2026-09-07T23:38:59.998000Z,100.0,100.0,60.0,,traffic,1,Traffic,timeofday:America/Anchorage:day7-19:night1-5,AM,2.0-20.0,711.975885610021,3197.0002805656673,674.1736769139408,2929.1252057791753,0.8966294805433437,2.5038508048778843,0.3953153387170434,,,2.73,252.03475009304006,11.621910092548239
1249,,AM,R4017,00,EHZ,61.13513513513514,-149.931698481745,2026-09-07T23:39:59.998000Z,2026-09-07T23:40:59.998000Z,100.0,100.0,60.0,,traffic,1,Traffic,timeofday:America/Anchorage:day7-19:night1-5,AM,2.0-20.0,795.7040194123599,4634.995682025668,756.7249674528721,4077.874312662882,0.9044259672125203,3.1277913169305025,1.7897196191681468,,,2.73,252.03475009304006,16.179809772888508
1250,,AM,R4017,00,EHZ,61.13513513513514,-149.931698481745,2026-09-07T23:46:59.998000Z,2026-09-07T23:47:59.998000Z,100.0,100.0,60.0,,traffic,1,Traffic,timeofday:America/Anchorage:day7-19:night1-5,AM,2.0-20.0,702.8288024748244,3773.9759814305885,667.4626417255123,3713.2966348299797,0.9018926012486937,4.511422172809583,2.03388448346982,,,2.73,252.03475009304006,14.733272429532812
1251,,AM,R4017,00,EHZ,61.13513513513514,-149.931698481745,2026-09-07T23:48:59.998000Z,2026-09-07T23:49:59.998000Z,100.0,100.0,60.0,,traffic,1,Traffic,timeofday:America/Anchorage:day7-19:night1-5,AM,2.0-20.0,898.8345595555486,6427.028684475374,865.1687226943225,6272.912181238022,0.9264929017986087,4.984442150250647,4.130554504417994,,,2.73,252.03475009304006,24.889076521877797
1252,,AM,R4017,00,EHZ,61.13513513513514,-149.931698481745,2026-09-07T23:54:59.998000Z,2026-09-07T23:55:59.998000Z,100.0,100.0,60.0,,traffic,1,Traffic,timeofday:America/Anchorage:day7-19:night1-5,AM,2.0-20.0,878.4554503470441,4283.953305582918,844.7085411026336,3796.3972726935226,0.9246434285638762,2.7432164112080244,0.96244970162727,,,2.73,252.03475009304006,15.06299139817847
1253,,AM,R4017,00,EHZ,61.13513513513514,-149.931698481745,2026-09-08T00:00:59.998000Z,2026-09-08T00:01:59.998000Z,100.0,100.0,60.0,,traffic,1,Traffic,timeofday:America/Anchorage:day7-19:night1-5,AM,2.0-20.0,680.2988950087338,3570.0617095933,639.9599600730547,3528.2543151739446,0.8849242046220694,3.3122753868313697,1.172175755416501,,,2.73,252.03475009304006,13.999078753511052
1254,,AM,R4017,00,EHZ,61.13513513513514,-149.931698481745,2026-09-08T00:01:59.998000Z,2026-09-08T00:02:59.998000Z,100.0,100.0,60.0,,traffic,1,Traffic,timeofday:America/Anchorage:day7-19:night1-5,AM,2.0-20.0,957.869285778514,5633.066844738036,920.7004664555975,5542.43178421849,0.9238984336657295,4.99228367491138,3.1665849527181553,,,2.73,252.03475009304006,21.990744459533733
1255,,AM,R4017,00,EHZ,61.13513513513514,-149.931698481745,2026-09-08T00:02:59.998000Z,2026-09-08T00:03:59.998000Z,100.0,100.0,60.0,,traffic,1,Traffic,timeofday:America/Anchorage:day7-19:night1-5,AM,2.0-20.0,709.1060732953938,3563.9311751672517,667.2536124611499,3498.3833781642597,0.8854406523022095,3.838287237297054,1.2607290657943038,,,2.73,252.03475009304006,13.88055963264118
1256,,AM,R4017,00,EHZ,61.13513513513514,-149.931698481745,2026-09-08T00:09:59.998000Z,2026-09-08T00:10:59.998000Z,100.0,100.0,60.0,,traffic,1,Traffic,timeofday:America/Anchorage:day7-19:night1-5,AM,2.0-20.0,653.4875477422189,2510.088708012818,614.2531773287217,2359.5716910668043,0.883527741505108,2.4663607270934467,0.218560201089685,,,2.73,252.03475009304006,9.362088720685362
1257,,AM,R4017,00,EHZ,61.13513513513514,-149.931698481745,2026-09-08T00:11:59.998000Z,2026-09-08T00:12:59.998000Z,100.0,100.0,60.0,,traffic,1,Traffic,timeofday:America/Anchorage:day7-19:night1-5,AM,2.0-20.0,840.7276499481434,7337.093533274123,810.167328434304,7863.524675498658,0.9286216172174744,4.640578625044702,5.788628959183715,,,2.73,252.03475009304006,31.200160583394922
1258,,AM,R4017,00,EHZ,61.13513513513514,-149.931698481745,2026-09-08T00:16:59.998000Z,2026-09-08T00:17:59.998000Z,100.0,100.0,60.0,,traffic,1,Traffic,timeofday:America/Anchorage:day7-19:night1-5,AM,2.0-20.0,808.1864906574968,4137.108534047964,778.6108396720668,3723.961193781041,0.9281490358155288,2.551675458244846,0.856919112698471,,,2.73,252.03475009304006,14.77558627294974
1259,,AM,R4017,00,EHZ,61.13513513513514,-149.931698481745,2026-09-08T00:30:59.998000Z,2026-09-08T00:31:59.998000Z,100.0,100.0,60.0,,traffic,1,Traffic,timeofday:America/Anchorage:day7-19:night1-5,AM,2.0-20.0,747.6446342482221,3904.853293145364,715.4400682589512,3662.1691198597346,0.9157060357639228,3.3239844663418405,1.1954840959243764,,,2.73,252.03475009304006,14.53041343905086
1260,,AM,R4017,00,EHZ,61.13513513513514,-149.931698481745,2026-09-08T00:31:59.998000Z,2026-09-08T00:32:59.998000Z,100.0,100.0,60.0,,traffic,1,Traffic,timeofday:America/Anchorage:day7-19:night1-5,AM,2.0-20.0,686.0424734121754,4032.851815275522,650.119115063907,3753.80721779223,0.8980155624405571,4.160770217191988,1.719688557839925,,,2.73,252.03475009304006,14.894006546345258
1261,,AM,R4017,00,EHZ,61.13513513513514,-149.931698481745,2026-09-08T00:35:59.998000Z,2026-09-08T00:36:59.998000Z,100.0,100.0,60.0,,traffic,1,Traffic,timeofday:America/Anchorage:day7-19:night1-5,AM,2.0-20.0,762.8647171090367,4845.840263174383,731.5833686763732,4706.436336104194,0.9196712071104175,5.22970937778072,1.8642192480315254,,,2.73,252.03475009304006,18.67375960801749
1262,,AM,R4017,00,EHZ,61.13513513513514,-149.931698481745,2026-09-08T00:39:59.998000Z,2026-09-08T00:40:59.998000Z,100.0,100.0,60.0,,traffic,1,Traffic,timeofday:America/Anchorage:day7-19:night1-5,AM,2.0-20.0,766.2649131504552,4133.829354069747,734.4288734181365,4418.516412310106,0.918632074693918,3.4796953471255327,1.7505014930097786,,,2.73,252.03475009304006,17.531377759134347
1263,,AM,R4017,00,EHZ,61.13513513513514,-149.931698481745,2026-09-08T00:54:59.998000Z,2026-09-08T00:55:59.998000Z,100.0,100.0,60.0,,traffic,1,Traffic,timeofday:America/Anchorage:day7-19:night1-5,AM,2.0-20.0,802.465545834517,4621.214177350821,772.6681177740363,4963.950963084957,0.9271141196966702,2.716633570309253,1.5308502090614056,,,2.73,252.03475009304006,19.695502152986787
1264,,AM,R4017,00,EHZ,61.13513513513514,-149.931698481745,2026-09-08T00:56:59.998000Z,2026-09-08T00:57:59.998000Z,100.0,100.0,60.0,,traffic,1,Traffic,timeofday:America/Anchorage:day7-19:night1-5,AM,2.0-20.0,706.8652045056269,3470.2191573215446,676.9577741229858,3542.1934672604957,0.9171702347866034,2.6773139292653587,0.7344583402553448,,,2.73,252.03475009304006,14.054385222485688
1265,,AM,R4017,00,EHZ,61.13513513513514,-149.931698481745,2026-09-08T00:58:59.998000Z,2026-09-08T00:59:59.998000Z,100.0,100.0,60.0,,traffic,1,Traffic,timeofday:America/Anchorage:day7-19:night1-5,AM,2.0-20.0,730.9650352196755,3437.2234492302655,698.2974063585908,3232.7933765536254,0.9126151012789994,2.435695886764247,1.0550540661829775,,,2.73,252.03475009304006,12.826776368577036
1266,,AM,R4017,00,EHZ,61.13513513513514,-149.931698481745,2026-09-08T01:00:59.998000Z,2026-09-08T01:01:59.998000Z,100.0,100.0,60.0,,traffic,1,Traffic,timeofday:America/Anchorage:day7-19:night1-5,AM,2.0-20.0,888.0003052838622,4334.230505001831,858.6539806004619,4371.006421599439,0.934996844133583,3.624468368738085,1.655096076499353,,,2.73,252.03475009304006,17.342872044374268
1267,,AM,R4017,00,EHZ,61.13513513513514,-149.931698481745,2026-09-08T01:07:59.998000Z,2026-09-08T01:08:59.998000Z,100.0,100.0,60.0,,traffic,1,Traffic,timeofday:America/Anchorage:day7-19:night1-5,AM,2.0-20.0,720.7689355731893,4757.251117128073,690.0951480875939,4566.555271046686,0.916697034768094,3.3115588825774904,1.7590904233532347,,,2.73,252.03475009304006,18.11875255043567
1268,,AM,R4017,00,EHZ,61.13513513513514,-149.931698481745,2026-09-08T01:09:59.998000Z,2026-09-08T01:10:59.998000Z,100.0,100.0,60.0,,traffic,1,Traffic,timeofday:America/Anchorage:day7-19:night1-5,AM,2.0-20.0,632.3030978311263,3124.745332917982,597.8436642131165,3165.898584577365,0.8939734955022601,3.104514181476017,0.7547177616727807,,,2.73,252.03475009304006,12.561357445386621
1269,,AM,R4017,00,EHZ,61.13513513513514,-149.931698481745,2026-09-08T01:19:59.998000Z,2026-09-08T01:20:59.998000Z,100.0,100.0,60.0,,traffic,1,Traffic,timeofday:America/Anchorage:day7-19:night1-5,AM,2.0-20.0,692.5240165851224,2986.2827707679194,659.7200048712117,2713.8823205994713,0.9075062580250636,2.1688734180252345,0.4088118389865194,,,2.73,252.03475009304006,10.767889426349447
1270,,AM,R4017,00,EHZ,61.13513513513514,-149.931698481745,2026-09-08T01:20:59.998000Z,2026-09-08T01:21:59.998000Z,100.0,100.0,60.0,,traffic,1,Traffic,timeofday:America/Anchorage:day7-19:night1-5,AM,2.0-20.0,643.6958325464346,3122.7134056329537,607.8258535780723,2660.800048302625,0.8916551914224348,2.1140940727823856,0.2420125981245711,,,2.73,252.03475009304006,10.55727453186664
1271,,AM,R4017,00,EHZ,61.13513513513514,-149.931698481745,2026-09-08T01:23:59.998000Z,2026-09-08T01:24:59.998000Z,100.0,100.0,60.0,,traffic,1,Traffic,timeofday:America/Anchorage:day7-19:night1-5,AM,2.0-20.0,785.409352976206,7103.294872482393,758.4206743632498,6007.245320865162,0.9324556591444993,4.177974942884996,4.065071055209588,,,2.73,252.03475009304006,23.834988304777628
1272,,AM,R4017,00,EHZ,61.13513513513514,-149.931698481745,2026-09-08T01:24:59.998000Z,2026-09-08T01:25:59.998000Z,100.0,100.0,60.0,,traffic,1,Traffic,timeofday:America/Anchorage:day7-19:night1-5,AM,2.0-20.0,624.9532759144329,3005.704008778031,590.9433820075409,2864.618198035251,0.8941217281579125,2.1768831070628964,0.23210735797541027,,,2.73,252.03475009304006,11.365965197171267
1273,,AM,R4017,00,EHZ,61.13513513513514,-149.931698481745,2026-09-08T01:25:59.998000Z,2026-09-08T01:26:59.998000Z,100.0,100.0,60.0,,traffic,1,Traffic,timeofday:America/Anchorage:day7-19:night1-5,AM,2.0-20.0,650.8344690154429,3071.7000221068133,619.7839707593165,3035.7741769785275,0.9068586269262745,2.3402478128812407,0.38151787430650996,,,2.73,252.03475009304006,12.045061944267028
1274,,AM,R4017,00,EHZ,61.13513513513514,-149.931698481745,2026-09-08T01:27:59.998000Z,2026-09-08T01:28:59.998000Z,100.0,100.0,60.0,,traffic,1,Traffic,timeofday:America/Anchorage:day7-19:night1-5,AM,2.0-20.0,743.0019867491876,3729.69470019575,708.123072300389,3378.4969500774296,0.908317203522216,3.2521235929752117,0.7100051958187881,,,2.73,252.03475009304006,13.404885432783528
1275,,AM,R4017,00,EHZ,61.13513513513514,-149.931698481745,2026-09-08T01:30:59.998000Z,2026-09-08T01:31:59.998000Z,100.0,100.0,60.0,,traffic,1,Traffic,timeofday:America/Anchorage:day7-19:night1-5,AM,2.0-20.0,722.9033535976495,3903.6851328352545,691.3485587612621,3904.532000783265,0.9146051546153895,2.324808346617186,0.9972384093983147,,,2.73,252.03475009304006,15.492038297662862
1276,,AM,R4017,00,EHZ,61.13513513513514,-149.931698481745,2026-09-08T01:36:59.998000Z,2026-09-08T01:37:59.998000Z,100.0,100.0,60.0,,traffic,1,Traffic,timeofday:America/Anchorage:day7-19:night1-5,AM,2.0-20.0,842.9466212374231,4669.330903051445,812.1967800336147,4711.550525792974,0.9283727370836974,4.2820982523233315,1.6117511674583067,,,2.73,252.03475009304006,18.694051213388942
1277,,AM,R4017,00,EHZ,61.13513513513514,-149.931698481745,2026-09-08T01:39:59.998000Z,2026-09-08T01:40:59.998000Z,100.0,100.0,60.0,,traffic,1,Traffic,timeofday:America/Anchorage:day7-19:night1-5,AM,2.0-20.0,582.0791661524613,2377.340049955414,534.202806422065,2421.941658614004,0.8422639641428866,1.9218904747549146,0.16299263871169067,,,2.73,252.03475009304006,9.609554467072222
1278,,AM,R4017,00,EHZ,61.13513513513514,-149.931698481745,2026-09-08T01:42:59.998000Z,2026-09-08T01:43:59.998000Z,100.0,100.0,60.0,,traffic,1,Traffic,timeofday:America/Anchorage:day7-19:night1-5,AM,2.0-20.0,764.0864824386778,4016.6532338903903,732.55873647365,4088.6065839295834,0.9191785287368771,2.955613970087485,1.0300241730844908,,,2.73,252.03475009304006,16.22239227892285
1279,,AM,R4017,00,EHZ,61.13513513513514,-149.931698481745,2026-09-08T01:43:59.998000Z,2026-09-08T01:44:59.998000Z,100.0,100.0,60.0,,traffic,1,Traffic,timeofday:America/Anchorage:day7-19:night1-5,AM,2.0-20.0,816.88075707605,5945.350140447457,782.9301840959528,5860.825442499884,0.9186048665638132,4.693238194149551,2.4949294429514044,,,2.73,252.03475009304006,23.254037152957387
1280,,AM,R4017,00,EHZ,61.13513513513514,-149.931698481745,2026-09-08T01:46:59.998000Z,2026-09-08T01:47:59.998000Z,100.0,100.0,60.0,,traffic,1,Traffic,timeofday:America/Anchorage:day7-19:night1-5,AM,2.0-20.0,694.0709688342065,3275.6422616011237,653.0906808821635,3147.8241479369262,0.8853993824342885,3.2236548793163573,0.8576498717216317,,,2.73,252.03475009304006,12.489643379632726
1281,,AM,R4017,00,EHZ,61.13513513513514,-149.931698481745,2026-09-08T01:48:59.998000Z,2026-09-08T01:49:59.998000Z,100.0,100.0,60.0,,traffic,1,Traffic,timeofday:America/Anchorage:day7-19:night1-5,AM,2.0-20.0,724.8596327019443,4372.364338869449,690.8579137773453,4158.140145284213,0.9083843518547526,3.680664421306486,1.488452233308453,,,2.73,252.03475009304006,16.49828106540551
1282,,AM,R4017,00,EHZ,61.13513513513514,-149.931698481745,2026-09-08T01:52:59.998000Z,2026-09-08T01:53:59.998000Z,100.0,100.0,60.0,,traffic,1,Traffic,timeofday:America/Anchorage:day7-19:night1-5,AM,2.0-20.0,880.0658995999233,7913.375918846157,824.6871293751719,7822.996738568618,0.8781082278631935,5.089879190576653,9.268597755574621,,,2.73,252.03475009304006,31.0393576111259
1283,,AM,R4017,00,EHZ,61.13513513513514,-149.931698481745,2026-09-08T01:54:59.998000Z,2026-09-08T01:55:59.998000Z,100.0,100.0,60.0,,traffic,1,Traffic,timeofday:America/Anchorage:day7-19:night1-5,AM,2.0-20.0,614.5459570091014,2290.382139279786,576.1266750713294,2228.233650372378,0.8788752529229826,2.279026100715045,0.12787449527019712,,,2.73,252.03475009304006,8.840977879240118
1284,,AM,R4017,00,EHZ,61.13513513513514,-149.931698481745,2026-09-08T01:58:59.998000Z,2026-09-08T01:59:59.998000Z,100.0,100.0,60.0,,traffic,1,Traffic,timeofday:America/Anchorage:day7-19:night1-5,AM,2.0-20.0,673.5824702205882,6424.606713279447,644.7917233049012,5962.665922041102,0.9163415001296542,5.98849279346013,5.345980718526095,,,2.73,252.03475009304006,23.658110319469635
1285,,AM,R4017,00,EHZ,61.13513513513514,-149.931698481745,2026-09-08T01:59:59.998000Z,2026-09-08T02:00:59.998000Z,100.0,100.0,60.0,,traffic,1,Traffic,timeofday:America/Anchorage:day7-19:night1-5,AM,2.0-20.0,530.7571193125043,3381.6065822642645,504.5600998090469,3231.7994019891917,0.9037205359657039,2.3202945423112373,1.7656231207443938,,,2.73,252.03475009304006,12.82283256890629
1286,,AM,R4017,00,EHZ,61.13513513513514,-149.931698481745,2026-09-08T02:01:59.998000Z,2026-09-08T02:02:59.998000Z,100.0,100.0,60.0,,traffic,1,Traffic,timeofday:America/Anchorage:day7-19:night1-5,AM,2.0-20.0,577.7429158790421,4460.399759892689,557.3324614988027,4537.176222224717,0.9305922257134613,7.563761652160172,8.261330906889627,,,2.73,252.03475009304006,18.00218509768908
1287,,AM,R4017,00,EHZ,61.13513513513514,-149.931698481745,2026-09-08T02:02:59.998000Z,2026-09-08T02:03:59.998000Z,100.0,100.0,60.0,,traffic,1,Traffic,timeofday:America/Anchorage:day7-19:night1-5,AM,2.0-20.0,325.6698511189818,1650.4042436782531,290.5410247722161,1501.189693924678,0.795902404528167,2.4166053034729806,0.8330815884302623,,,2.73,252.03475009304006,5.956280605632776
1288,,AM,R4017,00,EHZ,61.13513513513514,-149.931698481745,2026-09-08T02:05:59.998000Z,2026-09-08T02:06:59.998000Z,100.0,100.0,60.0,,traffic,1,Traffic,timeofday:America/Anchorage:day7-19:night1-5,AM,2.0-20.0,416.37494198797714,3686.5895242733,379.0495748400106,3945.1766363820752,0.8287486945690662,3.8699264164824894,5.840823118528668,,,2.73,252.03475009304006,15.653304296037316
1289,,AM,R4017,00,EHZ,61.13513513513514,-149.931698481745,2026-09-08T02:14:59.998000Z,2026-09-08T02:15:59.998000Z,100.0,100.0,60.0,,traffic,1,Traffic,timeofday:America/Anchorage:day7-19:night1-5,AM,2.0-20.0,545.1247759372999,4102.564347057743,518.3647210589813,4048.1328094255878,0.9042302480529302,3.5944397698208057,8.3005037751933,,,2.73,252.03475009304006,16.06180420728172
1290,,AM,R4017,00,EHZ,61.13513513513514,-149.931698481745,2026-09-08T02:16:59.998000Z,2026-09-08T02:17:59.998000Z,100.0,100.0,60.0,,traffic,1,Traffic,timeofday:America/Anchorage:day7-19:night1-5,AM,2.0-20.0,320.7179971552325,1322.556621343292,291.7490392389314,1177.0438435682972,0.8275080109899751,2.4720897868030454,0.4221618091455208,,,2.73,252.03475009304006,4.670164900410697
1291,,AM,R4017,00,EHZ,61.13513513513514,-149.931698481745,2026-09-08T02:22:59.998000Z,2026-09-08T02:23:59.998000Z,100.0,100.0,60.0,,traffic,1,Traffic,timeofday:America/Anchorage:day7-19:night1-5,AM,2.0-20.0,713.1783981773516,4735.540784766921,695.2739069700766,4429.326606414079,0.9504198577107599,4.490001132342081,4.52720923404033,,,2.73,252.03475009304006,17.57426944014255
1292,,AM,R4017,00,EHZ,61.13513513513514,-149.931698481745,2026-09-08T02:25:59.998000Z,2026-09-08T02:26:59.998000Z,100.0,100.0,60.0,,traffic,1,Traffic,timeofday:America/Anchorage:day7-19:night1-5,AM,2.0-20.0,556.9579957855467,3151.4673776648074,537.5312035070967,3196.9499104780693,0.931456276892907,4.190664096235869,2.8950793665360406,,,2.73,252.03475009304006,12.68456000332453
1293,,AM,R4017,00,EHZ,61.13513513513514,-149.931698481745,2026-09-08T02:30:59.998000Z,2026-09-08T02:31:59.998000Z,100.0,100.0,60.0,,traffic,1,Traffic,timeofday:America/Anchorage:day7-19:night1-5,AM,2.0-20.0,648.2023272482166,6527.5190580824365,628.6363161938921,6628.426360971073,0.940541062988778,7.873829171977011,14.85090964117887,,,2.73,252.03475009304006,26.299652561895343
1294,,AM,R4017,00,EHZ,61.13513513513514,-149.931698481745,2026-09-08T02:31:59.998000Z,2026-09-08T02:32:59.998000Z,100.0,100.0,60.0,,traffic,1,Traffic,timeofday:America/Anchorage:day7-19:night1-5,AM,2.0-20.0,584.2251796931606,3878.516372735781,560.0231361674957,4340.695768305086,0.9188643391407424,5.05797607833564,3.7080252782000027,,,2.73,252.03475009304006,17.222608258197305
1295,,AM,R4017,00,EHZ,61.13513513513514,-149.931698481745,2026-09-08T02:32:59.998000Z,2026-09-08T02:33:59.998000Z,100.0,100.0,60.0,,traffic,1,Traffic,timeofday:America/Anchorage:day7-19:night1-5,AM,2.0-20.0,759.7004586270834,4426.487740304694,742.5686966320283,4399.487951353243,0.9554071730225524,3.8361451435669895,2.2460620398996722,,,2.73,252.03475009304006,17.4558784045817
1296,,AM,R4017,00,EHZ,61.13513513513514,-149.931698481745,2026-09-08T02:33:59.998000Z,2026-09-08T02:34:59.998000Z,100.0,100.0,60.0,,traffic,1,Traffic,timeofday:America/Anchorage:day7-19:night1-5,AM,2.0-20.0,500.94864874389367,2922.4908428557233,477.6096712503916,2801.115823580095,0.9089914657081123,3.382354880220164,2.348971917420399,,,2.73,252.03475009304006,11.11400639215841
1297,,AM,R4017,00,EHZ,61.13513513513514,-149.931698481745,2026-09-08T02:36:59.998000Z,2026-09-08T02:37:59.998000Z,100.0,100.0,60.0,,traffic,1,Traffic,timeofday:America/Anchorage:day7-19:night1-5,AM,2.0-20.0,299.5732935341493,1956.49695039329,261.1618574993468,1822.090671443676,0.7599995050524301,4.353885615077338,4.186387992813984,,,2.73,252.03475009304006,7.229521606727013
1298,,AM,R4017,00,EHZ,61.13513513513514,-149.931698481745,2026-09-08T02:43:59.998000Z,2026-09-08T02:44:59.998000Z,100.0,100.0,60.0,,traffic,1,Traffic,timeofday:America/Anchorage:day7-19:night1-5,AM,2.0-20.0,840.5812191974495,5784.48166950849,827.9886254348288,5963.865967666498,0.9702627900713298,7.181595449286792,7.901233127993752,,,2.73,252.03475009304006,23.66287174869697
1299,,AM,R4017,00,EHZ,61.13513513513514,-149.931698481745,2026-09-08T02:54:59.998000Z,2026-09-08T02:55:59.998000Z,100.0,100.0,60.0,,traffic,1,Traffic,timeofday:America/Anchorage:day7-19:night1-5,AM,2.0-20.0,579.4289051443766,3832.5488393745786,551.227610670332,3996.0082435925315,0.9050271610110179,3.9748029564399068,5.3774208156934264,,,2.73,252.03475009304006,15.85498921127893
1300,,AM,R4017,00,EHZ,61.13513513513514,-149.931698481745,2026-09-08T02:56:59.998000Z,2026-09-08T02:57:59.998000Z,100.0,100.0,60.0,,traffic,1,Traffic,timeofday:America/Anchorage:day7-19:night1-5,AM,2.0-20.0,648.7228049219375,5299.555006380027,606.4434423747936,5382.926547911375,0.8739010842144991,5.69971761579751,7.920182715210489,,,2.73,252.03475009304006,21.357874443600483
1301,,AM,R4017,00,EHZ,61.13513513513514,-149.931698481745,2026-09-08T02:57:59.998000Z,2026-09-08T02:58:59.998000Z,100.0,100.0,60.0,,traffic,1,Traffic,timeofday:America/Anchorage:day7-19:night1-5,AM,2.0-20.0,689.0144248767892,4622.444855171305,666.763933255565,4931.568370367971,0.9364564198795032,5.1301259451349015,4.853880799414548,,,2.73,252.03475009304006,19.567017518605883
1302,,AM,R9EA1,00,EHZ,61.12612612612612,-149.92169953741097,2026-09-07T09:00:59.999000Z,2026-09-07T09:01:59.999000Z,100.0,100.0,60.0,,noise,0,Noise,timeofday:America/Anchorage:day7-19:night1-5,AM,2.0-20.0,617.6557485200041,1927.0499090647882,591.9120801562176,1894.6468691178407,0.9183779151164622,1.4775482022751565,-0.7256899029679191,,,3.86,581.8772427797701,3.256093776870614
1303,,AM,R9EA1,00,EHZ,61.12612612612612,-149.92169953741097,2026-09-07T09:01:59.999000Z,2026-09-07T09:02:59.999000Z,100.0,100.0,60.0,,noise,0,Noise,timeofday:America/Anchorage:day7-19:night1-5,AM,2.0-20.0,622.8517540213868,2502.085296725496,599.8526850765459,2510.939895619178,0.9275126270672728,2.0539964951227563,-0.537804069034848,,,3.86,581.8772427797701,4.315239901158195
1304,,AM,R9EA1,00,EHZ,61.12612612612612,-149.92169953741097,2026-09-07T09:02:59.999000Z,2026-09-07T09:03:59.999000Z,100.0,100.0,60.0,,noise,0,Noise,timeofday:America/Anchorage:day7-19:night1-5,AM,2.0-20.0,622.7653119728818,2016.1873402596302,598.078034463265,1852.217204710848,0.9222886755328054,1.507910783367452,-0.7166273404018746,,,3.86,581.8772427797701,3.1831751932114627
1305,,AM,R9EA1,00,EHZ,61.12612612612612,-149.92169953741097,2026-09-07T09:03:59.999000Z,2026-09-07T09:04:59.999000Z,100.0,100.0,60.0,,noise,0,Noise,timeofday:America/Anchorage:day7-19:night1-5,AM,2.0-20.0,654.2508529901552,3957.777696279112,631.0166052399977,3354.2282142649838,0.9302356531404552,2.550059174628312,-0.060823961496462964,,,3.86,581.8772427797701,5.7644945834984265
1306,,AM,R9EA1,00,EHZ,61.12612612612612,-149.92169953741097,2026-09-07T09:05:59.999000Z,2026-09-07T09:06:59.999000Z,100.0,100.0,60.0,,noise,0,Noise,timeofday:America/Anchorage:day7-19:night1-5,AM,2.0-20.0,645.3716972014405,2502.0504625355284,614.8130449061638,1913.0976852541387,0.9075411296423603,1.8395225008177873,-0.6054869081128826,,,3.86,581.8772427797701,3.287802898279373
1307,,AM,R9EA1,00,EHZ,61.12612612612612,-149.92169953741097,2026-09-07T09:06:59.999000Z,2026-09-07T09:07:59.999000Z,100.0,100.0,60.0,,noise,0,Noise,timeofday:America/Anchorage:day7-19:night1-5,AM,2.0-20.0,621.647554382596,1960.9483571165943,594.1153222090536,1747.947522750202,0.913383258355136,1.360937287816828,-0.712014739932783,,,3.86,581.8772427797701,3.003979867643266
1308,,AM,R9EA1,00,EHZ,61.12612612612612,-149.92169953741097,2026-09-07T09:07:59.999000Z,2026-09-07T09:08:59.999000Z,100.0,100.0,60.0,,noise,0,Noise,timeofday:America/Anchorage:day7-19:night1-5,AM,2.0-20.0,627.1420554804239,1742.9474658631475,597.0569637125011,1622.7260821554346,0.9063578195598879,1.3625278084242487,-0.7188394004981826,,,3.86,581.8772427797701,2.788777362048522
1309,,AM,R9EA1,00,EHZ,61.12612612612612,-149.92169953741097,2026-09-07T09:08:59.999000Z,2026-09-07T09:09:59.999000Z,100.0,100.0,60.0,,noise,0,Noise,timeofday:America/Anchorage:day7-19:night1-5,AM,2.0-20.0,616.6514729016449,2021.054138441476,589.6803502256583,1622.4225684198286,0.9144369488957901,1.4984279520651376,-0.752234136588489,,,3.86,581.8772427797701,2.7882557507647467
1310,,AM,R9EA1,00,EHZ,61.12612612612612,-149.92169953741097,2026-09-07T09:09:59.999000Z,2026-09-07T09:10:59.999000Z,100.0,100.0,60.0,,noise,0,Noise,timeofday:America/Anchorage:day7-19:night1-5,AM,2.0-20.0,626.6209019506554,1956.9442899404598,597.4940054281009,1761.164295092137,0.9091956518775721,1.5445423137697039,-0.7586373976487821,,,3.86,581.8772427797701,3.0266938893822757
1311,,AM,R9EA1,00,EHZ,61.12612612612612,-149.92169953741097,2026-09-07T09:10:59.999000Z,2026-09-07T09:11:59.999000Z,100.0,100.0,60.0,,noise,0,Noise,timeofday:America/Anchorage:day7-19:night1-5,AM,2.0-20.0,624.3988325143808,2067.0576739162902,597.2309226084565,2137.3807405214584,0.9148721498118754,1.8451932168047414,-0.5744511279842,,,3.86,581.8772427797701,3.6732502723610003
1312,,AM,R9EA1,00,EHZ,61.12612612612612,-149.92169953741097,2026-09-07T09:11:59.999000Z,2026-09-07T09:12:59.999000Z,100.0,100.0,60.0,,noise,0,Noise,timeofday:America/Anchorage:day7-19:night1-5,AM,2.0-20.0,634.6787236475936,1984.9418386908324,605.5067016320684,1651.3268203964462,0.9101857440418724,1.3246804655854418,-0.7094243013638604,,,3.86,581.8772427797701,2.837929891376493
1313,,AM,R9EA1,00,EHZ,61.12612612612612,-149.92169953741097,2026-09-07T09:12:59.999000Z,2026-09-07T09:13:59.999000Z,100.0,100.0,60.0,,noise,0,Noise,timeofday:America/Anchorage:day7-19:night1-5,AM,2.0-20.0,624.3293630092148,1893.9403932186647,596.5918704105186,1722.170185290283,0.9131184971845797,1.3527621137042276,-0.7323806799037302,,,3.86,581.8772427797701,2.959679565853193
1314,,AM,R9EA1,00,EHZ,61.12612612612612,-149.92169953741097,2026-09-07T09:13:59.999000Z,2026-09-07T09:14:59.999000Z,100.0,100.0,60.0,,noise,0,Noise,timeofday:America/Anchorage:day7-19:night1-5,AM,2.0-20.0,626.2125401924665,2107.0615486049214,600.8961239476096,1743.4524918815632,0.9207787429227193,1.5979562183632683,-0.7093389354020383,,,3.86,581.8772427797701,2.9962548175155703
1315,,AM,R9EA1,00,EHZ,61.12612612612612,-149.92169953741097,2026-09-07T09:14:59.999000Z,2026-09-07T09:15:59.999000Z,100.0,100.0,60.0,,noise,0,Noise,timeofday:America/Anchorage:day7-19:night1-5,AM,2.0-20.0,633.0218937939371,2012.0627335531321,602.0531939309058,1826.349425706846,0.9045493537459205,1.4383007237105014,-0.7039549402468581,,,3.86,581.8772427797701,3.1387194607954205
1316,,AM,R9EA1,00,EHZ,61.12612612612612,-149.92169953741097,2026-09-07T09:15:59.999000Z,2026-09-07T09:16:59.999000Z,100.0,100.0,60.0,,noise,0,Noise,timeofday:America/Anchorage:day7-19:night1-5,AM,2.0-20.0,627.4900412075888,2038.0645104912005,603.3841066782602,1865.4761952934982,0.924642939764685,1.5706068062217073,-0.654919716301877,,,3.86,581.8772427797701,3.205961770186546
1317,,AM,R9EA1,00,EHZ,61.12612612612612,-149.92169953741097,2026-09-07T09:16:59.999000Z,2026-09-07T09:17:59.999000Z,100.0,100.0,60.0,,noise,0,Noise,timeofday:America/Anchorage:day7-19:night1-5,AM,2.0-20.0,628.4250994387912,2124.0664048587464,603.7852977650293,1852.404562372008,0.9231197066516776,1.4449025592641043,-0.7183417282108953,,,3.86,581.8772427797701,3.183497181506219
1318,,AM,R9EA1,00,EHZ,61.12612612612612,-149.92169953741097,2026-09-07T09:17:59.999000Z,2026-09-07T09:18:59.999000Z,100.0,100.0,60.0,,noise,0,Noise,timeofday:America/Anchorage:day7-19:night1-5,AM,2.0-20.0,628.4517491991011,2805.0666668354465,599.921256987511,2795.5290053316257,0.9112648577930491,1.9818796597587973,-0.5511476641456414,,,3.86,581.8772427797701,4.804327785662658
1319,,AM,R9EA1,00,EHZ,61.12612612612612,-149.92169953741097,2026-09-07T09:18:59.999000Z,2026-09-07T09:19:59.999000Z,100.0,100.0,60.0,,noise,0,Noise,timeofday:America/Anchorage:day7-19:night1-5,AM,2.0-20.0,642.8514239071402,2951.9308555235616,613.2842294432108,2527.856616308002,0.9101277861772611,2.192905548786141,-0.49192707692603754,,,3.86,581.8772427797701,4.3443125636462625
1320,,AM,R9EA1,00,EHZ,61.12612612612612,-149.92169953741097,2026-09-07T09:19:59.999000Z,2026-09-07T09:20:59.999000Z,100.0,100.0,60.0,,noise,0,Noise,timeofday:America/Anchorage:day7-19:night1-5,AM,2.0-20.0,648.3571735759624,1855.0706969668176,623.1865687620746,1746.5587007309825,0.9238629027147304,1.554277139372019,-0.8120874533557618,,,3.86,581.8772427797701,3.001593072083802
1321,,AM,R9EA1,00,EHZ,61.12612612612612,-149.92169953741097,2026-09-07T09:20:59.999000Z,2026-09-07T09:21:59.999000Z,100.0,100.0,60.0,,noise,0,Noise,timeofday:America/Anchorage:day7-19:night1-5,AM,2.0-20.0,668.5271748010495,1965.9280841878058,641.4355302296859,2070.0655985930275,0.9205934788670647,1.420197355477055,-0.8091854605233317,,,3.86,581.8772427797701,3.5575641155921773
1322,,AM,R9EA1,00,EHZ,61.12612612612612,-149.92169953741097,2026-09-07T09:21:59.999000Z,2026-09-07T09:22:59.999000Z,100.0,100.0,60.0,,noise,0,Noise,timeofday:America/Anchorage:day7-19:night1-5,AM,2.0-20.0,668.0525490823518,1873.9265312131824,641.1877250093213,1725.7976883325273,0.9211898586719641,1.3122996680749932,-0.8063632476802343,,,3.86,581.8772427797701,2.965913703873293
1323,,AM,R9EA1,00,EHZ,61.12612612612612,-149.92169953741097,2026-09-07T09:22:59.999000Z,2026-09-07T09:23:59.999000Z,100.0,100.0,60.0,,noise,0,Noise,timeofday:America/Anchorage:day7-19:night1-5,AM,2.0-20.0,660.8665546237339,2008.9252532898786,633.2754856173883,1705.6154034120432,0.9182433804805359,1.393216985443671,-0.7864659037226502,,,3.86,581.8772427797701,2.931228922554009
1324,,AM,R9EA1,00,EHZ,61.12612612612612,-149.92169953741097,2026-09-07T09:23:59.999000Z,2026-09-07T09:24:59.999000Z,100.0,100.0,60.0,,noise,0,Noise,timeofday:America/Anchorage:day7-19:night1-5,AM,2.0-20.0,652.778927764334,3935.0759316583285,622.6110320641798,4043.846533551561,0.9097066515986764,3.6511674309035262,0.6313087866621379,,,3.86,581.8772427797701,6.949655762842891
1325,,AM,R9EA1,00,EHZ,61.12612612612612,-149.92169953741097,2026-09-07T09:24:59.999000Z,2026-09-07T09:25:59.999000Z,100.0,100.0,60.0,,noise,0,Noise,timeofday:America/Anchorage:day7-19:night1-5,AM,2.0-20.0,615.7092555771115,2117.922794292331,585.6425432052883,1711.066964203876,0.9047193345265618,1.417758144322236,-0.7297568002269785,,,3.86,581.8772427797701,2.9405978416163694
1326,,AM,R9EA1,00,EHZ,61.12612612612612,-149.92169953741097,2026-09-07T09:25:59.999000Z,2026-09-07T09:26:59.999000Z,100.0,100.0,60.0,,noise,0,Noise,timeofday:America/Anchorage:day7-19:night1-5,AM,2.0-20.0,620.6824250882581,1928.0784553026247,587.8543543635204,1749.242802027591,0.8970168111263558,1.3449701524660478,-0.6880482978474474,,,3.86,581.8772427797701,3.006205902934148
1327,,AM,R9EA1,00,EHZ,61.12612612612612,-149.92169953741097,2026-09-07T09:26:59.999000Z,2026-09-07T09:27:59.999000Z,100.0,100.0,60.0,,noise,0,Noise,timeofday:America/Anchorage:day7-19:night1-5,AM,2.0-20.0,609.678035713607,2002.0804271494167,579.4422191385061,1865.3096085760776,0.9032732980709371,1.685462545626042,-0.7113859147566934,,,3.86,581.8772427797701,3.20567547832776
1328,,AM,R9EA1,00,EHZ,61.12612612612612,-149.92169953741097,2026-09-07T09:27:59.999000Z,2026-09-07T09:28:59.999000Z,100.0,100.0,60.0,,noise,0,Noise,timeofday:America/Anchorage:day7-19:night1-5,AM,2.0-20.0,618.5149058878593,1922.0825362797482,586.4729580146131,1747.9466832194125,0.8990744228226479,1.4889630855710387,-0.7175079639132047,,,3.86,581.8772427797701,3.003978424846181
1329,,AM,R9EA1,00,EHZ,61.12612612612612,-149.92169953741097,2026-09-07T09:28:59.999000Z,2026-09-07T09:29:59.999000Z,100.0,100.0,60.0,,noise,0,Noise,timeofday:America/Anchorage:day7-19:night1-5,AM,2.0-20.0,645.1435427648494,2461.083790232908,610.4321273710182,2402.5025719442574,0.895286541245612,1.9099708921107064,-0.6273652065712971,,,3.86,581.8772427797701,4.128882168456897
1330,,AM,R9EA1,00,EHZ,61.12612612612612,-149.92169953741097,2026-09-07T09:29:59.999000Z,2026-09-07T09:30:59.999000Z,100.0,100.0,60.0,,noise,0,Noise,timeofday:America/Anchorage:day7-19:night1-5,AM,2.0-20.0,625.0030159961001,2029.9148911671832,591.8748880798224,1896.9258445185133,0.8968000056312201,1.4285710209810232,-0.6832001374847461,,,3.86,581.8772427797701,3.2600103682633024
1331,,AM,R9EA1,00,EHZ,61.12612612612612,-149.92169953741097,2026-09-07T09:30:59.999000Z,2026-09-07T09:31:59.999000Z,100.0,100.0,60.0,,noise,0,Noise,timeofday:America/Anchorage:day7-19:night1-5,AM,2.0-20.0,634.5114238359802,2548.085907595411,597.4030875191966,2638.0869503938698,0.8864536537534892,2.3494170708437783,-0.6050154670931613,,,3.86,581.8772427797701,4.533751720192875
1332,,AM,R9EA1,00,EHZ,61.12612612612612,-149.92169953741097,2026-09-07T09:31:59.999000Z,2026-09-07T09:32:59.999000Z,100.0,100.0,60.0,,noise,0,Noise,timeofday:America/Anchorage:day7-19:night1-5,AM,2.0-20.0,638.119175149507,2038.912245977324,604.4824192738257,1792.1274592339742,0.8973539079538287,1.7287851633380122,-0.7419779868748653,,,3.86,581.8772427797701,3.079906426091769
1333,,AM,R9EA1,00,EHZ,61.12612612612612,-149.92169953741097,2026-09-07T09:32:59.999000Z,2026-09-07T09:33:59.999000Z,100.0,100.0,60.0,,noise,0,Noise,timeofday:America/Anchorage:day7-19:night1-5,AM,2.0-20.0,624.7484205347351,2074.9102874472733,586.1312788071688,1864.5897031234126,0.8801961456156292,1.5778091587385925,-0.6862741760015112,,,3.86,581.8772427797701,3.204438266421644
1334,,AM,R9EA1,00,EHZ,61.12612612612612,-149.92169953741097,2026-09-07T09:33:59.999000Z,2026-09-07T09:34:59.999000Z,100.0,100.0,60.0,,noise,0,Noise,timeofday:America/Anchorage:day7-19:night1-5,AM,2.0-20.0,637.5480062051254,2600.0899152093775,603.2345015377025,1995.2335557153915,0.8952546008281905,2.149490585782748,-0.6751047552416134,,,3.86,581.8772427797701,3.4289595966731268
1335,,AM,R9EA1,00,EHZ,61.12612612612612,-149.92169953741097,2026-09-07T09:34:59.999000Z,2026-09-07T09:35:59.999000Z,100.0,100.0,60.0,,noise,0,Noise,timeofday:America/Anchorage:day7-19:night1-5,AM,2.0-20.0,617.1132025959993,2007.9075316073681,585.1608900802472,1710.5742629545257,0.8991267279678581,1.41921894985588,-0.7346577199251678,,,3.86,581.8772427797701,2.9397510972979344
1336,,AM,R9EA1,00,EHZ,61.12612612612612,-149.92169953741097,2026-09-07T09:35:59.999000Z,2026-09-07T09:36:59.999000Z,100.0,100.0,60.0,,noise,0,Noise,timeofday:America/Anchorage:day7-19:night1-5,AM,2.0-20.0,622.3022628086457,1763.906909836423,593.0383923279248,1747.6076260000011,0.9081610242222659,1.4717712209473774,-0.764938202842333,,,3.86,581.8772427797701,3.003395729400331
1337,,AM,R9EA1,00,EHZ,61.12612612612612,-149.92169953741097,2026-09-07T09:36:59.999000Z,2026-09-07T09:37:59.999000Z,100.0,100.0,60.0,,noise,0,Noise,timeofday:America/Anchorage:day7-19:night1-5,AM,2.0-20.0,633.8321511569736,2189.905672589724,592.4944801534807,1950.652291172726,0.8738161906590504,1.6107100287444698,-0.618542125984411,,,3.86,581.8772427797701,3.3523433256368342
1338,,AM,R9EA1,00,EHZ,61.12612612612612,-149.92169953741097,2026-09-07T09:37:59.999000Z,2026-09-07T09:38:59.999000Z,100.0,100.0,60.0,,noise,0,Noise,timeofday:America/Anchorage:day7-19:night1-5,AM,2.0-20.0,636.3728477427155,1882.903488643496,591.5940929425783,1688.916857158999,0.8642201248360133,1.3593292581718162,-0.7172569086945502,,,3.86,581.8772427797701,2.9025312093159537
1339,,AM,R9EA1,00,EHZ,61.12612612612612,-149.92169953741097,2026-09-07T09:38:59.999000Z,2026-09-07T09:39:59.999000Z,100.0,100.0,60.0,,noise,0,Noise,timeofday:America/Anchorage:day7-19:night1-5,AM,2.0-20.0,624.597628173035,1972.0985645565056,586.1203426429602,1625.0355542726988,0.8805883351333009,1.5791962164233668,-0.7483353228760476,,,3.86,581.8772427797701,2.792746364352567
1340,,AM,R9EA1,00,EHZ,61.12612612612612,-149.92169953741097,2026-09-07T09:39:59.999000Z,2026-09-07T09:40:59.999000Z,100.0,100.0,60.0,,noise,0,Noise,timeofday:America/Anchorage:day7-19:night1-5,AM,2.0-20.0,636.4916298963782,2045.9013661964195,603.5618583434201,1863.783583647042,0.8992038968240443,1.5880504362352075,-0.7176100814344215,,,3.86,581.8772427797701,3.2030528892026973
1341,,AM,R9EA1,00,EHZ,61.12612612612612,-149.92169953741097,2026-09-07T09:40:59.999000Z,2026-09-07T09:41:59.999000Z,100.0,100.0,60.0,,noise,0,Noise,timeofday:America/Anchorage:day7-19:night1-5,AM,2.0-20.0,630.5889422911616,2062.899759954816,592.4333923587625,1833.29949127857,0.882645592877428,1.4763483333461458,-0.6734479623463696,,,3.86,581.8772427797701,3.1506636735275113
1342,,AM,R9EA1,00,EHZ,61.12612612612612,-149.92169953741097,2026-09-07T09:41:59.999000Z,2026-09-07T09:42:59.999000Z,100.0,100.0,60.0,,noise,0,Noise,timeofday:America/Anchorage:day7-19:night1-5,AM,2.0-20.0,668.3528028651747,2942.8972266256164,635.9567734559531,3009.736900138416,0.9054065816280229,2.390263827726769,-0.47937113177145196,,,3.86,581.8772427797701,5.172460235358519
1343,,AM,R9EA1,00,EHZ,61.12612612612612,-149.92169953741097,2026-09-07T09:42:59.999000Z,2026-09-07T09:43:59.999000Z,100.0,100.0,60.0,,noise,0,Noise,timeofday:America/Anchorage:day7-19:night1-5,AM,2.0-20.0,671.6465068216978,2113.8965227750955,636.055675034708,1916.5034118008598,0.8968271409487126,1.4003720203720535,-0.7720051601984155,,,3.86,581.8772427797701,3.2936558966376714
1344,,AM,R9EA1,00,EHZ,61.12612612612612,-149.92169953741097,2026-09-07T09:43:59.999000Z,2026-09-07T09:44:59.999000Z,100.0,100.0,60.0,,noise,0,Noise,timeofday:America/Anchorage:day7-19:night1-5,AM,2.0-20.0,671.6543148655196,1827.105082255894,635.6964239804964,1793.3505638967667,0.8957935241780368,1.3711325460082135,-0.814698483376672,,,3.86,581.8772427797701,3.0820084238549903
1345,,AM,R9EA1,00,EHZ,61.12612612612612,-149.92169953741097,2026-09-07T09:44:59.999000Z,2026-09-07T09:45:59.999000Z,100.0,100.0,60.0,,noise,0,Noise,timeofday:America/Anchorage:day7-19:night1-5,AM,2.0-20.0,671.1164652292528,2258.1068708158496,635.6296405678738,2486.9849807220853,0.8970414145158366,1.8666071642532436,-0.6977677034694207,,,3.86,581.8772427797701,4.274071570218401
1346,,AM,R9EA1,00,EHZ,61.12612612612612,-149.92169953741097,2026-09-07T09:45:59.999000Z,2026-09-07T09:46:59.999000Z,100.0,100.0,60.0,,noise,0,Noise,timeofday:America/Anchorage:day7-19:night1-5,AM,2.0-20.0,660.6841282180857,2021.89225754264,628.977328145293,1886.716368005376,0.9063214009972418,1.4412074873575043,-0.7967945625312987,,,3.86,581.8772427797701,3.2424646115941393
1347,,AM,R9EA1,00,EHZ,61.12612612612612,-149.92169953741097,2026-09-07T09:46:59.999000Z,2026-09-07T09:47:59.999000Z,100.0,100.0,60.0,,noise,0,Noise,timeofday:America/Anchorage:day7-19:night1-5,AM,2.0-20.0,635.9182399599923,1955.1090629942487,591.2583518702573,1675.3060699242355,0.8644741533340055,1.4613597639819063,-0.7369824958124522,,,3.86,581.8772427797701,2.8791400432175145
1348,,AM,R9EA1,00,EHZ,61.12612612612612,-149.92169953741097,2026-09-07T09:47:59.999000Z,2026-09-07T09:48:59.999000Z,100.0,100.0,60.0,,noise,0,Noise,timeofday:America/Anchorage:day7-19:night1-5,AM,2.0-20.0,634.983588829431,2016.888891069429,593.6772628510142,1682.9308563543475,0.8741296074480915,1.4084138554421666,-0.6857310917087966,,,3.86,581.8772427797701,2.8922438147169576
1349,,AM,R9EA1,00,EHZ,61.12612612612612,-149.92169953741097,2026-09-07T09:49:59.999000Z,2026-09-07T09:50:59.999000Z,100.0,100.0,60.0,,noise,0,Noise,timeofday:America/Anchorage:day7-19:night1-5,AM,2.0-20.0,633.1071395366157,1942.3930814108912,595.1956583833698,1778.1878290171237,0.8838225684012699,1.397720869038051,-0.7263511802885034,,,3.86,581.8772427797701,3.0559501184859625
1350,,AM,R9EA1,00,EHZ,61.12612612612612,-149.92169953741097,2026-09-07T09:50:59.999000Z,2026-09-07T09:51:59.999000Z,100.0,100.0,60.0,,noise,0,Noise,timeofday:America/Anchorage:day7-19:night1-5,AM,2.0-20.0,612.6139188892325,1885.5903243509879,578.0162229156998,2004.3634851277752,0.8902384248145404,1.4353782609144492,-0.7039949587514185,,,3.86,581.8772427797701,3.444650070094579
1351,,AM,R9EA1,00,EHZ,61.12612612612612,-149.92169953741097,2026-09-07T09:51:59.999000Z,2026-09-07T09:52:59.999000Z,100.0,100.0,60.0,,noise,0,Noise,timeofday:America/Anchorage:day7-19:night1-5,AM,2.0-20.0,661.4862020905787,2147.4338357140236,623.293194175686,1895.4354052155868,0.8878573416715589,1.4975492898661895,-0.7302567098676676,,,3.86,581.8772427797701,3.257448935725047
1352,,AM,R9EA1,00,EHZ,61.12612612612612,-149.92169953741097,2026-09-07T09:52:59.999000Z,2026-09-07T09:53:59.999000Z,100.0,100.0,60.0,,noise,0,Noise,timeofday:America/Anchorage:day7-19:night1-5,AM,2.0-20.0,703.9259628510803,3955.4584010367776,661.7544543017655,3698.591994799826,0.8837710668038864,3.0695936938456505,-0.05144324239451059,,,3.86,581.8772427797701,6.356309755526348
1353,,AM,R9EA1,00,EHZ,61.12612612612612,-149.92169953741097,2026-09-07T09:53:59.999000Z,2026-09-07T09:54:59.999000Z,100.0,100.0,60.0,,noise,0,Noise,timeofday:America/Anchorage:day7-19:night1-5,AM,2.0-20.0,666.1495083140821,2142.5300110294033,625.65612458647,1753.210333429105,0.8821206263403636,1.4607220361040005,-0.8027796943064058,,,3.86,581.8772427797701,3.013024405377309
1354,,AM,R9EA1,00,EHZ,61.12612612612612,-149.92169953741097,2026-09-07T09:57:59.999000Z,2026-09-07T09:58:59.999000Z,100.0,100.0,60.0,,noise,0,Noise,timeofday:America/Anchorage:day7-19:night1-5,AM,2.0-20.0,680.4175476889498,2077.465928506105,638.9705520761024,1852.2303994469096,0.8818824019110701,1.4225603271251916,-0.8224342070138833,,,3.86,581.8772427797701,3.1831978693621896
1355,,AM,R9EA1,00,EHZ,61.12612612612612,-149.92169953741097,2026-09-07T09:58:59.999000Z,2026-09-07T09:59:59.999000Z,100.0,100.0,60.0,,noise,0,Noise,timeofday:America/Anchorage:day7-19:night1-5,AM,2.0-20.0,644.6249585869775,2114.5556659422195,600.9921484720619,1831.356448014892,0.8692072969922399,1.5912426359335181,-0.6515941034142401,,,3.86,581.8772427797701,3.147324406890453
1356,,AM,R9EA1,00,EHZ,61.12612612612612,-149.92169953741097,2026-09-07T09:59:59.999000Z,2026-09-07T10:00:59.999000Z,100.0,100.0,60.0,,noise,0,Noise,timeofday:America/Anchorage:day7-19:night1-5,AM,2.0-20.0,637.8584976933738,2017.5859353438877,593.2917093200147,1719.5239226429667,0.8651429393131769,1.560580605992139,-0.6914577458478357,,,3.86,581.8772427797701,2.955131763580201
1357,,AM,R9EA1,00,EHZ,61.12612612612612,-149.92169953741097,2026-09-07T10:00:59.999000Z,2026-09-07T10:01:59.999000Z,100.0,100.0,60.0,,noise,0,Noise,timeofday:America/Anchorage:day7-19:night1-5,AM,2.0-20.0,659.7462568722508,3164.5907100723357,615.4018252762753,3525.187784740494,0.8700890242377349,2.159107310299357,0.024842615336634122,,,3.86,581.8772427797701,6.05830152060907
1358,,AM,R9EA1,00,EHZ,61.12612612612612,-149.92169953741097,2026-09-07T10:01:59.999000Z,2026-09-07T10:02:59.999000Z,100.0,100.0,60.0,,noise,0,Noise,timeofday:America/Anchorage:day7-19:night1-5,AM,2.0-20.0,630.8859867867176,2024.3763787330377,586.8726516938127,1933.085177482731,0.8653384108281065,1.5660336150146539,-0.6661698079501082,,,3.86,581.8772427797701,3.322152913641905
1359,,AM,R9EA1,00,EHZ,61.12612612612612,-149.92169953741097,2026-09-07T10:02:59.999000Z,2026-09-07T10:03:59.999000Z,100.0,100.0,60.0,,noise,0,Noise,timeofday:America/Anchorage:day7-19:night1-5,AM,2.0-20.0,632.892490686187,1953.3596748010918,587.9534688607107,1629.171199107428,0.8630302699875781,1.3641053064904947,-0.6994051163048849,,,3.86,581.8772427797701,2.799853782430944
1360,,AM,R9EA1,00,EHZ,61.12612612612612,-149.92169953741097,2026-09-07T10:03:59.999000Z,2026-09-07T10:04:59.999000Z,100.0,100.0,60.0,,noise,0,Noise,timeofday:America/Anchorage:day7-19:night1-5,AM,2.0-20.0,633.3817018196146,2212.6537230808403,583.2325025406245,1873.8557673654295,0.847915182621226,1.314132980040724,-0.6822734523917355,,,3.86,581.8772427797701,3.220362697832212
1361,,AM,R9EA1,00,EHZ,61.12612612612612,-149.92169953741097,2026-09-07T10:04:59.999000Z,2026-09-07T10:05:59.999000Z,100.0,100.0,60.0,,noise,0,Noise,timeofday:America/Anchorage:day7-19:night1-5,AM,2.0-20.0,654.9384851965862,3804.3285430840756,611.0446745552946,2675.377821066747,0.8704521551579337,2.9971999811523564,-0.19039965786961455,,,3.86,581.8772427797701,4.597838898606538
1362,,AM,R9EA1,00,EHZ,61.12612612612612,-149.92169953741097,2026-09-07T10:05:59.999000Z,2026-09-07T10:06:59.999000Z,100.0,100.0,60.0,,noise,0,Noise,timeofday:America/Anchorage:day7-19:night1-5,AM,2.0-20.0,632.8001296848138,1980.690427853589,584.5080154575865,1832.8411881663137,0.8531940600026667,1.3358119996622042,-0.7359890433074403,,,3.86,581.8772427797701,3.1498760450063017
1363,,AM,R9EA1,00,EHZ,61.12612612612612,-149.92169953741097,2026-09-07T10:06:59.999000Z,2026-09-07T10:07:59.999000Z,100.0,100.0,60.0,,noise,0,Noise,timeofday:America/Anchorage:day7-19:night1-5,AM,2.0-20.0,634.2681403805174,1961.698907795691,585.6305237042858,1761.3092063877461,0.8525141867974263,1.2946497794153367,-0.7536113638777118,,,3.86,581.8772427797701,3.026942930391195
1364,,AM,R9EA1,00,EHZ,61.12612612612612,-149.92169953741097,2026-09-07T10:07:59.999000Z,2026-09-07T10:08:59.999000Z,100.0,100.0,60.0,,noise,0,Noise,timeofday:America/Anchorage:day7-19:night1-5,AM,2.0-20.0,626.646387191631,1974.7164679488828,579.9607304225526,1758.9899114555308,0.8565487703638764,1.5181963729362877,-0.6740942938213723,,,3.86,581.8772427797701,3.0229570468375857
1365,,AM,R9EA1,00,EHZ,61.12612612612612,-149.92169953741097,2026-09-07T10:08:59.999000Z,2026-09-07T10:09:59.999000Z,100.0,100.0,60.0,,noise,0,Noise,timeofday:America/Anchorage:day7-19:night1-5,AM,2.0-20.0,615.0798848567415,1870.7479378885305,578.7251975919513,1824.365051785506,0.8852822057993148,1.631520350713903,-0.6517924595788664,,,3.86,581.8772427797701,3.1353091643008195
1366,,AM,R9EA1,00,EHZ,61.12612612612612,-149.92169953741097,2026-09-07T10:09:59.999000Z,2026-09-07T10:10:59.999000Z,100.0,100.0,60.0,,noise,0,Noise,timeofday:America/Anchorage:day7-19:night1-5,AM,2.0-20.0,615.7789370221849,1966.239319345436,569.7853768126475,1657.8716906340542,0.8561954963935537,1.4568695246715855,-0.6838031568527221,,,3.86,581.8772427797701,2.8491777453161684
1367,,AM,R9EA1,00,EHZ,61.12612612612612,-149.92169953741097,2026-09-07T10:10:59.999000Z,2026-09-07T10:11:59.999000Z,100.0,100.0,60.0,,noise,0,Noise,timeofday:America/Anchorage:day7-19:night1-5,AM,2.0-20.0,620.878626455243,2091.7767172824038,579.2150895602274,1876.9896130327784,0.8702946536840822,1.527241887629121,-0.6477829179526022,,,3.86,581.8772427797701,3.225748448359897
1368,,AM,R9EA1,00,EHZ,61.12612612612612,-149.92169953741097,2026-09-07T10:11:59.999000Z,2026-09-07T10:12:59.999000Z,100.0,100.0,60.0,,noise,0,Noise,timeofday:America/Anchorage:day7-19:night1-5,AM,2.0-20.0,613.3498348601352,1928.198165878663,569.2772444693084,1888.2120057739637,0.8614521180545797,1.539078497020283,-0.6794151963135264,,,3.86,581.8772427797701,3.245034978088355
1369,,AM,R9EA1,00,EHZ,61.12612612612612,-149.92169953741097,2026-09-07T10:15:59.999000Z,2026-09-07T10:16:59.999000Z,100.0,100.0,60.0,,noise,0,Noise,timeofday:America/Anchorage:day7-19:night1-5,AM,2.0-20.0,667.6288816760488,2050.130298918392,621.7432665569806,1762.8051680796752,0.8672652577811323,1.438216668631486,-0.7974100915164337,,,3.86,581.8772427797701,3.0295138535721438
1370,,AM,R9EA1,00,EHZ,61.12612612612612,-149.92169953741097,2026-09-07T10:16:59.999000Z,2026-09-07T10:17:59.999000Z,100.0,100.0,60.0,,noise,0,Noise,timeofday:America/Anchorage:day7-19:night1-5,AM,2.0-20.0,658.5996096383008,2071.8917769639424,619.1073458356949,1761.9815876008627,0.8836676904016092,1.5396522920578155,-0.7936263412562288,,,3.86,581.8772427797701,3.0280984683013985
1371,,AM,R9EA1,00,EHZ,61.12612612612612,-149.92169953741097,2026-09-07T10:17:59.999000Z,2026-09-07T10:18:59.999000Z,100.0,100.0,60.0,,noise,0,Noise,timeofday:America/Anchorage:day7-19:night1-5,AM,2.0-20.0,671.6574491841219,2241.8997541426775,633.0431688269026,1942.7000363834513,0.8883231534886895,1.4350532024848763,-0.8166784587924996,,,3.86,581.8772427797701,3.338676775023367
1372,,AM,R9EA1,00,EHZ,61.12612612612612,-149.92169953741097,2026-09-07T10:18:59.999000Z,2026-09-07T10:19:59.999000Z,100.0,100.0,60.0,,noise,0,Noise,timeofday:America/Anchorage:day7-19:night1-5,AM,2.0-20.0,678.3926567484295,2216.93113571785,635.416976762687,1747.7854430841103,0.8773145888846317,1.3877767722250975,-0.7790303510615577,,,3.86,581.8772427797701,3.0037013214926764
1373,,AM,R9EA1,00,EHZ,61.12612612612612,-149.92169953741097,2026-09-07T10:19:59.999000Z,2026-09-07T10:20:59.999000Z,100.0,100.0,60.0,,noise,0,Noise,timeofday:America/Anchorage:day7-19:night1-5,AM,2.0-20.0,670.1226809362122,2197.948881741138,625.9358557036226,1828.9780888697542,0.8724710507165829,1.4058722363005662,-0.7924901180444386,,,3.86,581.8772427797701,3.143237017024893
1374,,AM,R9EA1,00,EHZ,61.12612612612612,-149.92169953741097,2026-09-07T10:20:59.999000Z,2026-09-07T10:21:59.999000Z,100.0,100.0,60.0,,noise,0,Noise,timeofday:America/Anchorage:day7-19:night1-5,AM,2.0-20.0,684.0421504800039,3779.0317420634515,642.5665554373173,3241.0592622733748,0.8824101757587305,2.2161277621184454,-0.5463029169064537,,,3.86,581.8772427797701,5.570005190081058
1375,,AM,R9EA1,00,EHZ,61.12612612612612,-149.92169953741097,2026-09-07T10:21:59.999000Z,2026-09-07T10:22:59.999000Z,100.0,100.0,60.0,,noise,0,Noise,timeofday:America/Anchorage:day7-19:night1-5,AM,2.0-20.0,674.1384743312237,1932.9792029426658,624.8426220733245,1732.0139168329224,0.8590987056373147,1.409210807542204,-0.8072576937092406,,,3.86,581.8772427797701,2.976596762160121
1376,,AM,R9EA1,00,EHZ,61.12612612612612,-149.92169953741097,2026-09-07T10:22:59.999000Z,2026-09-07T10:23:59.999000Z,100.0,100.0,60.0,,noise,0,Noise,timeofday:America/Anchorage:day7-19:night1-5,AM,2.0-20.0,658.7498396535962,1924.991912191142,619.8913248721921,1793.329351197379,0.8855030720622388,1.3404525580044293,-0.8057466437538423,,,3.86,581.8772427797701,3.081971968228566
1377,,AM,R9EA1,00,EHZ,61.12612612612612,-149.92169953741097,2026-09-07T10:23:59.999000Z,2026-09-07T10:24:59.999000Z,100.0,100.0,60.0,,noise,0,Noise,timeofday:America/Anchorage:day7-19:night1-5,AM,2.0-20.0,666.2088149879862,2133.0159229506694,628.3071418554769,2023.2946249058032,0.889453488936279,1.4565243549232183,-0.7833934527644786,,,3.86,581.8772427797701,3.4771846639680035
1378,,AM,R9EA1,00,EHZ,61.12612612612612,-149.92169953741097,2026-09-07T10:24:59.999000Z,2026-09-07T10:25:59.999000Z,100.0,100.0,60.0,,noise,0,Noise,timeofday:America/Anchorage:day7-19:night1-5,AM,2.0-20.0,673.5611508849979,2125.965922721253,635.7917327863072,1864.703255214305,0.8909958727097573,1.5326326343028156,-0.8375392511551167,,,3.86,581.8772427797701,3.204633414268207
1379,,AM,R9EA1,00,EHZ,61.12612612612612,-149.92169953741097,2026-09-07T10:25:59.999000Z,2026-09-07T10:26:59.999000Z,100.0,100.0,60.0,,noise,0,Noise,timeofday:America/Anchorage:day7-19:night1-5,AM,2.0-20.0,677.691688443242,2089.94415459104,632.446732109886,1802.4153912736897,0.8709306753484861,1.4065665086291217,-0.7823473717750886,,,3.86,581.8772427797701,3.097587014510329
1380,,AM,R9EA1,00,EHZ,61.12612612612612,-149.92169953741097,2026-09-07T10:26:59.999000Z,2026-09-07T10:27:59.999000Z,100.0,100.0,60.0,,noise,0,Noise,timeofday:America/Anchorage:day7-19:night1-5,AM,2.0-20.0,673.4875286948475,2008.9254883584422,640.2784855417947,1889.660139637163,0.9038132459186349,1.367170731257342,-0.7934008196299098,,,3.86,581.8772427797701,3.247523705532448
1381,,AM,R9EA1,00,EHZ,61.12612612612612,-149.92169953741097,2026-09-07T10:27:59.999000Z,2026-09-07T10:28:59.999000Z,100.0,100.0,60.0,,noise,0,Noise,timeofday:America/Anchorage:day7-19:night1-5,AM,2.0-20.0,670.4009832068768,2221.098129331543,632.7041378442401,2035.570692025547,0.8907012552068446,1.5952218069389412,-0.7364579535440479,,,3.86,581.8772427797701,3.4982820127165093
1382,,AM,R9EA1,00,EHZ,61.12612612612612,-149.92169953741097,2026-09-07T10:28:59.999000Z,2026-09-07T10:29:59.999000Z,100.0,100.0,60.0,,noise,0,Noise,timeofday:America/Anchorage:day7-19:night1-5,AM,2.0-20.0,689.3662341287516,2768.105512335392,657.7394307407692,2845.0671069834943,0.9103486267386853,2.18645924208714,-0.5198168072814022,,,3.86,581.8772427797701,4.889462755738499
1383,,AM,R9EA1,00,EHZ,61.12612612612612,-149.92169953741097,2026-09-07T10:29:59.999000Z,2026-09-07T10:30:59.999000Z,100.0,100.0,60.0,,noise,0,Noise,timeofday:America/Anchorage:day7-19:night1-5,AM,2.0-20.0,679.3500933799512,2199.8795875866767,637.2092348887209,1825.0773182062765,0.8797855885710457,1.5463774467227018,-0.7689417306611248,,,3.86,581.8772427797701,3.1365332479535293
1384,,AM,R9EA1,00,EHZ,61.12612612612612,-149.92169953741097,2026-09-07T10:30:59.999000Z,2026-09-07T10:31:59.999000Z,100.0,100.0,60.0,,noise,0,Noise,timeofday:America/Anchorage:day7-19:night1-5,AM,2.0-20.0,603.7023264085025,2036.8629963956068,561.8156440097492,1797.1008414381045,0.8660479887097159,1.6764984032117907,-0.6120672854491742,,,3.86,581.8772427797701,3.0884535591268594
1385,,AM,R9EA1,00,EHZ,61.12612612612612,-149.92169953741097,2026-09-07T10:32:59.999000Z,2026-09-07T10:33:59.999000Z,100.0,100.0,60.0,,noise,0,Noise,timeofday:America/Anchorage:day7-19:night1-5,AM,2.0-20.0,605.5546322949409,1814.1509164219856,563.9082062269233,1764.8200007460075,0.8671818268250809,1.7294790593316711,-0.6239836372174752,,,3.86,581.8772427797701,3.0329764957210394
1386,,AM,R9EA1,00,EHZ,61.12612612612612,-149.92169953741097,2026-09-07T10:33:59.999000Z,2026-09-07T10:34:59.999000Z,100.0,100.0,60.0,,noise,0,Noise,timeofday:America/Anchorage:day7-19:night1-5,AM,2.0-20.0,608.1017368115182,1966.168373820015,564.7635388801469,1622.8644454829473,0.8625431175843412,1.4939750931719933,-0.6717604769796184,,,3.86,581.8772427797701,2.789015149879597
1387,,AM,R9EA1,00,EHZ,61.12612612612612,-149.92169953741097,2026-09-07T10:34:59.999000Z,2026-09-07T10:35:59.999000Z,100.0,100.0,60.0,,noise,0,Noise,timeofday:America/Anchorage:day7-19:night1-5,AM,2.0-20.0,619.8426820988749,2874.8155155281825,583.6413722070513,2586.543529276015,0.8866029728735781,2.376244587381972,-0.3912369653567973,,,3.86,581.8772427797701,4.4451704571216135
1388,,AM,R9EA1,00,EHZ,61.12612612612612,-149.92169953741097,2026-09-07T10:35:59.999000Z,2026-09-07T10:36:59.999000Z,100.0,100.0,60.0,,noise,0,Noise,timeofday:America/Anchorage:day7-19:night1-5,AM,2.0-20.0,623.098940974139,2409.198116561805,579.3654321928569,1980.4888316398306,0.864552025719794,1.9045146509702389,-0.5048085576246426,,,3.86,581.8772427797701,3.403619674449804
1389,,AM,R9EA1,00,EHZ,61.12612612612612,-149.92169953741097,2026-09-07T10:36:59.999000Z,2026-09-07T10:37:59.999000Z,100.0,100.0,60.0,,noise,0,Noise,timeofday:America/Anchorage:day7-19:night1-5,AM,2.0-20.0,596.9932098020352,1865.2056574260746,553.8092529389277,1610.4558974261636,0.8605609442966579,1.3976281837494222,-0.637095303076042,,,3.86,581.8772427797701,2.7676901226324326
1390,,AM,R9EA1,00,EHZ,61.12612612612612,-149.92169953741097,2026-09-07T10:37:59.999000Z,2026-09-07T10:38:59.999000Z,100.0,100.0,60.0,,noise,0,Noise,timeofday:America/Anchorage:day7-19:night1-5,AM,2.0-20.0,603.107459019405,2752.774902783742,565.3474812608979,2967.327893654165,0.8787018158299079,2.8089772873526924,-0.29590598195430085,,,3.86,581.8772427797701,5.099577153900216
1391,,AM,R9EA1,00,EHZ,61.12612612612612,-149.92169953741097,2026-09-07T10:38:59.999000Z,2026-09-07T10:39:59.999000Z,100.0,100.0,60.0,,noise,0,Noise,timeofday:America/Anchorage:day7-19:night1-5,AM,2.0-20.0,598.3493161012597,2060.2361775765526,558.7808652369545,2183.1646779393172,0.8721143924372781,1.6897306378268167,-0.5844400797459901,,,3.86,581.8772427797701,3.751933427589993
1392,,AM,R9EA1,00,EHZ,61.12612612612612,-149.92169953741097,2026-09-07T10:39:59.999000Z,2026-09-07T10:40:59.999000Z,100.0,100.0,60.0,,noise,0,Noise,timeofday:America/Anchorage:day7-19:night1-5,AM,2.0-20.0,627.2238567501571,3690.250637378143,585.3398193105148,3243.331298198598,0.8709054356709679,2.5936697644379514,-0.2538541025033991,,,3.86,581.8772427797701,5.573909855460939
1393,,AM,R9EA1,00,EHZ,61.12612612612612,-149.92169953741097,2026-09-07T10:40:59.999000Z,2026-09-07T10:41:59.999000Z,100.0,100.0,60.0,,noise,0,Noise,timeofday:America/Anchorage:day7-19:night1-5,AM,2.0-20.0,616.0218388998333,2530.731130101635,575.9598238442876,2401.338937577147,0.8741624811985694,2.0476372134257934,-0.46846682218681934,,,3.86,581.8772427797701,4.126882374889527
1394,,AM,R9EA1,00,EHZ,61.12612612612612,-149.92169953741097,2026-09-07T10:41:59.999000Z,2026-09-07T10:42:59.999000Z,100.0,100.0,60.0,,noise,0,Noise,timeofday:America/Anchorage:day7-19:night1-5,AM,2.0-20.0,707.5853055321546,4094.275535034612,670.4508091301732,4597.606169700315,0.8977930267231344,3.2127142303215828,0.9509204009145265,,,3.86,581.8772427797701,7.901333531685179
1395,,AM,R9EA1,00,EHZ,61.12612612612612,-149.92169953741097,2026-09-07T10:42:59.999000Z,2026-09-07T10:43:59.999000Z,100.0,100.0,60.0,,noise,0,Noise,timeofday:America/Anchorage:day7-19:night1-5,AM,2.0-20.0,625.6224253966631,2025.7167686193793,589.4819962206658,1811.898172326602,0.887802729507991,1.7089243526226734,-0.5317169481805903,,,3.86,581.8772427797701,3.1138838901324286
1396,,AM,R9EA1,00,EHZ,61.12612612612612,-149.92169953741097,2026-09-07T10:43:59.999000Z,2026-09-07T10:44:59.999000Z,100.0,100.0,60.0,,noise,0,Noise,timeofday:America/Anchorage:day7-19:night1-5,AM,2.0-20.0,612.9856501958583,3185.698204557219,582.5817815614852,3139.2298679599835,0.9032608410027602,2.064496583160096,-0.1819524185131849,,,3.86,581.8772427797701,5.395003683187735
1397,,AM,R9EA1,00,EHZ,61.12612612612612,-149.92169953741097,2026-09-07T10:44:59.999000Z,2026-09-07T10:45:59.999000Z,100.0,100.0,60.0,,noise,0,Noise,timeofday:America/Anchorage:day7-19:night1-5,AM,2.0-20.0,621.8264125434554,2588.3152491860706,584.5434188529432,2289.2411440209244,0.8836803959639538,2.040810157468246,-0.35380774946613336,,,3.86,581.8772427797701,3.9342338481647072
1398,,AM,R9EA1,00,EHZ,61.12612612612612,-149.92169953741097,2026-09-07T10:45:59.999000Z,2026-09-07T10:46:59.999000Z,100.0,100.0,60.0,,noise,0,Noise,timeofday:America/Anchorage:day7-19:night1-5,AM,2.0-20.0,694.1527219752687,3166.6666097535567,645.0892231426972,3198.949449470544,0.8636335620021004,2.5359335171952675,-0.31469628837600494,,,3.86,581.8772427797701,5.49763629556705
1399,,AM,R9EA1,00,EHZ,61.12612612612612,-149.92169953741097,2026-09-07T10:46:59.999000Z,2026-09-07T10:47:59.999000Z,100.0,100.0,60.0,,noise,0,Noise,timeofday:America/Anchorage:day7-19:night1-5,AM,2.0-20.0,835.7514903505328,4881.650544831676,803.1886690974785,5234.906080735421,0.9235934126158182,4.043601626563446,1.5791090509702324,,,3.86,581.8772427797701,8.99658157402237
1400,,AM,R9EA1,00,EHZ,61.12612612612612,-149.92169953741097,2026-09-07T10:47:59.999000Z,2026-09-07T10:48:59.999000Z,100.0,100.0,60.0,,noise,0,Noise,timeofday:America/Anchorage:day7-19:night1-5,AM,2.0-20.0,665.9161524594249,1918.63658577274,633.8781892750759,1870.4107818474245,0.9060924648444891,1.4586471632465252,-0.779084217452843,,,3.86,581.8772427797701,3.2144422299659188
1401,,AM,R9EA1,00,EHZ,61.12612612612612,-149.92169953741097,2026-09-07T10:48:59.999000Z,2026-09-07T10:49:59.999000Z,100.0,100.0,60.0,,noise,0,Noise,timeofday:America/Anchorage:day7-19:night1-5,AM,2.0-20.0,665.0807422403765,2063.6276044159026,628.6541677949193,1721.4290546681732,0.893459462421477,1.4626773193822533,-0.7651172716033297,,,3.86,581.8772427797701,2.9584058768899175
1402,,AM,R9EA1,00,EHZ,61.12612612612612,-149.92169953741097,2026-09-07T10:49:59.999000Z,2026-09-07T10:50:59.999000Z,100.0,100.0,60.0,,noise,0,Noise,timeofday:America/Anchorage:day7-19:night1-5,AM,2.0-20.0,688.4718577232934,4506.612273459284,656.4594685892919,3629.6323004275437,0.9091665495867839,3.0318165007858564,-0.15964738457215422,,,3.86,581.8772427797701,6.237797311144016
1403,,AM,R9EA1,00,EHZ,61.12612612612612,-149.92169953741097,2026-09-07T10:50:59.999000Z,2026-09-07T10:51:59.999000Z,100.0,100.0,60.0,,noise,0,Noise,timeofday:America/Anchorage:day7-19:night1-5,AM,2.0-20.0,591.3393965318238,1845.399851829748,557.7983316439104,1727.5176129497681,0.8897762194369692,1.489817397034082,-0.6825594495055003,,,3.86,581.8772427797701,2.9688695242608105
1404,,AM,R9EA1,00,EHZ,61.12612612612612,-149.92169953741097,2026-09-07T10:51:59.999000Z,2026-09-07T10:52:59.999000Z,100.0,100.0,60.0,,noise,0,Noise,timeofday:America/Anchorage:day7-19:night1-5,AM,2.0-20.0,609.6742113865481,1819.5867927462973,569.7630909375504,1655.2034608062427,0.8733593505691529,1.5122550467741327,-0.630746332552222,,,3.86,581.8772427797701,2.844592190783971
1405,,AM,R9EA1,00,EHZ,61.12612612612612,-149.92169953741097,2026-09-07T10:52:59.999000Z,2026-09-07T10:53:59.999000Z,100.0,100.0,60.0,,noise,0,Noise,timeofday:America/Anchorage:day7-19:night1-5,AM,2.0-20.0,594.8384799966669,1995.566561828448,560.3073520475966,2061.7778995518984,0.8872674139378777,1.825566201808793,-0.5837597749186529,,,3.86,581.8772427797701,3.5433210786905507
1406,,AM,R9EA1,00,EHZ,61.12612612612612,-149.92169953741097,2026-09-07T10:53:59.999000Z,2026-09-07T10:54:59.999000Z,100.0,100.0,60.0,,noise,0,Noise,timeofday:America/Anchorage:day7-19:night1-5,AM,2.0-20.0,598.5676820156415,2052.559309062694,555.3264394023411,1643.2056790924642,0.8607364065289426,1.480678524939206,-0.6551003596204086,,,3.86,581.8772427797701,2.8239730965288627
1407,,AM,R9EA1,00,EHZ,61.12612612612612,-149.92169953741097,2026-09-07T10:54:59.999000Z,2026-09-07T10:55:59.999000Z,100.0,100.0,60.0,,noise,0,Noise,timeofday:America/Anchorage:day7-19:night1-5,AM,2.0-20.0,600.1407775882391,1893.4576224412226,566.0323202784658,1636.089967881198,0.8895619264196766,1.578542348903076,-0.6599538353325869,,,3.86,581.8772427797701,2.8117442092514144
1408,,AM,R9EA1,00,EHZ,61.12612612612612,-149.92169953741097,2026-09-07T10:55:59.999000Z,2026-09-07T10:56:59.999000Z,100.0,100.0,60.0,,noise,0,Noise,timeofday:America/Anchorage:day7-19:night1-5,AM,2.0-20.0,602.8245497405197,1845.526376658789,568.761370027076,1712.8948911732575,0.89018100408276,1.5758009382066864,-0.639010553426457,,,3.86,581.8772427797701,2.9437392722051463
1409,,AM,R9EA1,00,EHZ,61.12612612612612,-149.92169953741097,2026-09-07T10:56:59.999000Z,2026-09-07T10:57:59.999000Z,100.0,100.0,60.0,,noise,0,Noise,timeofday:America/Anchorage:day7-19:night1-5,AM,2.0-20.0,599.4596001842752,1925.5236557283793,564.0414793982536,1636.1470147480022,0.885324018507253,1.38510731987064,-0.673299052190024,,,3.86,581.8772427797701,2.811842248601659
1410,,AM,R9EA1,00,EHZ,61.12612612612612,-149.92169953741097,2026-09-07T10:57:59.999000Z,2026-09-07T10:58:59.999000Z,100.0,100.0,60.0,,noise,0,Noise,timeofday:America/Anchorage:day7-19:night1-5,AM,2.0-20.0,606.1727782815034,2306.4893887320973,562.5389645845833,1855.7678231328841,0.8612165363870152,1.3876832680964362,-0.6912192335043308,,,3.86,581.8772427797701,3.1892771992034383
1411,,AM,R9EA1,00,EHZ,61.12612612612612,-149.92169953741097,2026-09-07T10:58:59.999000Z,2026-09-07T10:59:59.999000Z,100.0,100.0,60.0,,noise,0,Noise,timeofday:America/Anchorage:day7-19:night1-5,AM,2.0-20.0,594.1119861673193,1877.4946721033089,559.4791555798546,1742.5099893366946,0.8868112477828736,1.4582004312070371,-0.6097440172106738,,,3.86,581.8772427797701,2.994635055690265
1412,,AM,R9EA1,00,EHZ,61.12612612612612,-149.92169953741097,2026-09-07T10:59:59.999000Z,2026-09-07T11:00:59.999000Z,100.0,100.0,60.0,,noise,0,Noise,timeofday:America/Anchorage:day7-19:night1-5,AM,2.0-20.0,595.5917035206262,1797.4764761670272,561.0584915713695,1607.6911086887876,0.887399134004903,1.5856137826902994,-0.6538745563124739,,,3.86,581.8772427797701,2.7629386243195446
1413,,AM,R9EA1,00,EHZ,61.12612612612612,-149.92169953741097,2026-09-07T11:00:59.999000Z,2026-09-07T11:01:59.999000Z,100.0,100.0,60.0,,noise,0,Noise,timeofday:America/Anchorage:day7-19:night1-5,AM,2.0-20.0,599.9989146652758,2044.4645909600918,566.8235194662919,1622.9228976589302,0.8924724016017997,1.336665914600106,-0.641005870717795,,,3.86,581.8772427797701,2.7891156043598304
1414,,AM,R9EA1,00,EHZ,61.12612612612612,-149.92169953741097,2026-09-07T11:01:59.999000Z,2026-09-07T11:02:59.999000Z,100.0,100.0,60.0,,noise,0,Noise,timeofday:America/Anchorage:day7-19:night1-5,AM,2.0-20.0,597.2830648092894,2095.4492142735476,562.71128631409,1794.1832088617384,0.8875868302375642,1.4621938304749658,-0.6363809460071952,,,3.86,581.8772427797701,3.0834393871299826
1415,,AM,R9EA1,00,EHZ,61.12612612612612,-149.92169953741097,2026-09-07T11:02:59.999000Z,2026-09-07T11:03:59.999000Z,100.0,100.0,60.0,,noise,0,Noise,timeofday:America/Anchorage:day7-19:night1-5,AM,2.0-20.0,601.3823562654501,1998.4337918570823,566.8382123034195,2537.709290596033,0.8884170295190865,1.7192134827133105,-0.5554365002805222,,,3.86,581.8772427797701,4.361245128736732
1416,,AM,R9EA1,00,EHZ,61.12612612612612,-149.92169953741097,2026-09-07T11:03:59.999000Z,2026-09-07T11:04:59.999000Z,100.0,100.0,60.0,,noise,0,Noise,timeofday:America/Anchorage:day7-19:night1-5,AM,2.0-20.0,612.7700014017877,2459.4221741701954,573.8690323594799,2194.393233267355,0.8770625903336098,2.2951516001175127,-0.5636453503064875,,,3.86,581.8772427797701,3.7712305481895134
1417,,AM,R9EA1,00,EHZ,61.12612612612612,-149.92169953741097,2026-09-07T11:04:59.999000Z,2026-09-07T11:05:59.999000Z,100.0,100.0,60.0,,noise,0,Noise,timeofday:America/Anchorage:day7-19:night1-5,AM,2.0-20.0,616.5161701753628,1825.5949882698328,578.2386510887171,1629.3627648667448,0.8796811618126541,1.4828011958938325,-0.6829714752127996,,,3.86,581.8772427797701,2.800183002660286
1418,,AM,R9EA1,00,EHZ,61.12612612612612,-149.92169953741097,2026-09-07T11:05:59.999000Z,2026-09-07T11:06:59.999000Z,100.0,100.0,60.0,,noise,0,Noise,timeofday:America/Anchorage:day7-19:night1-5,AM,2.0-20.0,598.563461207339,1795.601241836775,564.0975719976619,1666.0007732439033,0.8881535509357932,1.5518290140307585,-0.6410076844448738,,,3.86,581.8772427797701,2.8631481878978624
1419,,AM,R9EA1,00,EHZ,61.12612612612612,-149.92169953741097,2026-09-07T11:06:59.999000Z,2026-09-07T11:07:59.999000Z,100.0,100.0,60.0,,noise,0,Noise,timeofday:America/Anchorage:day7-19:night1-5,AM,2.0-20.0,608.8973619280955,1904.6156170380086,567.3906964881472,1723.4168618914268,0.8683128654723077,1.5249499865712632,-0.6132515034825103,,,3.86,581.8772427797701,2.961822073773228
1420,,AM,R9EA1,00,EHZ,61.12612612612612,-149.92169953741097,2026-09-07T11:07:59.999000Z,2026-09-07T11:08:59.999000Z,100.0,100.0,60.0,,noise,0,Noise,timeofday:America/Anchorage:day7-19:night1-5,AM,2.0-20.0,591.8330143306796,1744.6327177426388,555.4137500218518,1910.2465138723558,0.8807139564148047,1.5112458982170405,-0.608971809313672,,,3.86,581.8772427797701,3.282902944866241
1421,,AM,R9EA1,00,EHZ,61.12612612612612,-149.92169953741097,2026-09-07T11:08:59.999000Z,2026-09-07T11:09:59.999000Z,100.0,100.0,60.0,,noise,0,Noise,timeofday:America/Anchorage:day7-19:night1-5,AM,2.0-20.0,594.5244774847691,2089.351274497884,556.5657086196193,1800.5587756413338,0.8763819211963321,1.5173359195849623,-0.6058186829789767,,,3.86,581.8772427797701,3.094396280286927
1422,,AM,R9EA1,00,EHZ,61.12612612612612,-149.92169953741097,2026-09-07T11:09:59.999000Z,2026-09-07T11:10:59.999000Z,100.0,100.0,60.0,,noise,0,Noise,timeofday:America/Anchorage:day7-19:night1-5,AM,2.0-20.0,595.3096670888907,1760.663690619352,561.2794605697019,1575.3458347860687,0.8889399613816001,1.4382954543494302,-0.6948759819046191,,,3.86,581.8772427797701,2.7073508275736233
1423,,AM,R9EA1,00,EHZ,61.12612612612612,-149.92169953741097,2026-09-07T11:10:59.999000Z,2026-09-07T11:11:59.999000Z,100.0,100.0,60.0,,noise,0,Noise,timeofday:America/Anchorage:day7-19:night1-5,AM,2.0-20.0,615.8823464253334,1994.3307989249483,579.6334410319607,1780.3507640635057,0.8857503966641773,1.314329515482896,-0.6331929946476929,,,3.86,581.8772427797701,3.0596672857634615
1424,,AM,R9EA1,00,EHZ,61.12612612612612,-149.92169953741097,2026-09-07T11:11:59.999000Z,2026-09-07T11:12:59.999000Z,100.0,100.0,60.0,,noise,0,Noise,timeofday:America/Anchorage:day7-19:night1-5,AM,2.0-20.0,600.5852177730534,2290.6879046134777,560.1304592347341,1837.921886079078,0.8698194247856029,1.4357571955931094,-0.7240503234841937,,,3.86,581.8772427797701,3.158607608193912
1425,,AM,R9EA1,00,EHZ,61.12612612612612,-149.92169953741097,2026-09-07T11:12:59.999000Z,2026-09-07T11:13:59.999000Z,100.0,100.0,60.0,,noise,0,Noise,timeofday:America/Anchorage:day7-19:night1-5,AM,2.0-20.0,594.7323536179373,2121.7023255446325,557.6065191588287,1756.871818164791,0.8790479296542579,1.5886601674512522,-0.6603766979077461,,,3.86,581.8772427797701,3.0193169435047573
1426,,AM,R9EA1,00,EHZ,61.12612612612612,-149.92169953741097,2026-09-07T11:13:59.999000Z,2026-09-07T11:14:59.999000Z,100.0,100.0,60.0,,noise,0,Noise,timeofday:America/Anchorage:day7-19:night1-5,AM,2.0-20.0,608.4370832423849,2060.2916655435115,565.5773072856884,1938.4456745316202,0.8640773086051996,1.404094300489573,-0.6567748598111476,,,3.86,581.8772427797701,3.3313653327825477
1427,,AM,R9EA1,00,EHZ,61.12612612612612,-149.92169953741097,2026-09-07T11:14:59.999000Z,2026-09-07T11:15:59.999000Z,100.0,100.0,60.0,,noise,0,Noise,timeofday:America/Anchorage:day7-19:night1-5,AM,2.0-20.0,597.6855901730089,1971.7280943561304,557.9105265122563,1729.202887754272,0.8713317523195822,1.6121886339555571,-0.6613432973953981,,,3.86,581.8772427797701,2.9717657963274977
1428,,AM,R9EA1,00,EHZ,61.12612612612612,-149.92169953741097,2026-09-07T11:16:59.999000Z,2026-09-07T11:17:59.999000Z,100.0,100.0,60.0,,noise,0,Noise,timeofday:America/Anchorage:day7-19:night1-5,AM,2.0-20.0,615.500400507879,2215.169731294876,576.8129679721749,1736.679739562364,0.8782402794479723,1.4178012556713173,-0.646997059706099,,,3.86,581.8772427797701,2.9846153310031847
1429,,AM,R9EA1,00,EHZ,61.12612612612612,-149.92169953741097,2026-09-07T11:17:59.999000Z,2026-09-07T11:18:59.999000Z,100.0,100.0,60.0,,noise,0,Noise,timeofday:America/Anchorage:day7-19:night1-5,AM,2.0-20.0,606.4022136945254,1994.8294557769755,568.7814757503792,1889.7506266027287,0.8797703703713174,1.4938397597598254,-0.6957713632016089,,,3.86,581.8772427797701,3.247679214218668
1430,,AM,R9EA1,00,EHZ,61.12612612612612,-149.92169953741097,2026-09-07T11:21:59.999000Z,2026-09-07T11:22:59.999000Z,100.0,100.0,60.0,,noise,0,Noise,timeofday:America/Anchorage:day7-19:night1-5,AM,2.0-20.0,618.6834612290959,1969.1733131827436,583.2028897681719,1884.4749064554248,0.888591841357249,1.5971796989498441,-0.6103074731708769,,,3.86,581.8772427797701,3.238612490587923
1431,,AM,R9EA1,00,EHZ,61.12612612612612,-149.92169953741097,2026-09-07T11:22:59.999000Z,2026-09-07T11:23:59.999000Z,100.0,100.0,60.0,,noise,0,Noise,timeofday:America/Anchorage:day7-19:night1-5,AM,2.0-20.0,622.2067755525215,2291.1737200936054,580.2426591618774,1943.7458836376431,0.8696606852815126,1.6461763798599836,-0.6871693272463166,,,3.86,581.8772427797701,3.340474142538885
1432,,AM,R9EA1,00,EHZ,61.12612612612612,-149.92169953741097,2026-09-07T11:23:59.999000Z,2026-09-07T11:24:59.999000Z,100.0,100.0,60.0,,noise,0,Noise,timeofday:America/Anchorage:day7-19:night1-5,AM,2.0-20.0,629.6785916564262,2212.825686462142,590.1368725908447,2080.6525495494034,0.8783500807531666,1.74598619918702,-0.5495357150453279,,,3.86,581.8772427797701,3.5757585906085905
1433,,AM,R9EA1,00,EHZ,61.12612612612612,-149.92169953741097,2026-09-07T11:24:59.999000Z,2026-09-07T11:25:59.999000Z,100.0,100.0,60.0,,noise,0,Noise,timeofday:America/Anchorage:day7-19:night1-5,AM,2.0-20.0,605.9242714432482,1933.1752084513405,569.7495760373747,1803.348360153715,0.8841609354119377,1.4981420489079487,-0.6640581301129029,,,3.86,581.8772427797701,3.0991903920123742
1434,,AM,R9EA1,00,EHZ,61.12612612612612,-149.92169953741097,2026-09-07T11:25:59.999000Z,2026-09-07T11:26:59.999000Z,100.0,100.0,60.0,,noise,0,Noise,timeofday:America/Anchorage:day7-19:night1-5,AM,2.0-20.0,616.2599909958811,1946.8242576387188,576.47260843232,1718.641801768888,0.8750430222475933,1.5353479602788531,-0.7218616619799669,,,3.86,581.8772427797701,2.953615772217719
1435,,AM,R9EA1,00,EHZ,61.12612612612612,-149.92169953741097,2026-09-07T11:26:59.999000Z,2026-09-07T11:27:59.999000Z,100.0,100.0,60.0,,noise,0,Noise,timeofday:America/Anchorage:day7-19:night1-5,AM,2.0-20.0,604.8152869778581,1941.8234044997757,565.5069346772167,1803.3167509553623,0.874239350440149,1.415457456094492,-0.6160931454603507,,,3.86,581.8772427797701,3.099136069217068
1436,,AM,R9EA1,00,EHZ,61.12612612612612,-149.92169953741097,2026-09-07T11:27:59.999000Z,2026-09-07T11:28:59.999000Z,100.0,100.0,60.0,,noise,0,Noise,timeofday:America/Anchorage:day7-19:night1-5,AM,2.0-20.0,624.9351332848921,2815.82247641239,591.5765258462658,3000.0674958618756,0.8960907270124541,2.2086997621666584,-0.5176886101419442,,,3.86,581.8772427797701,5.155842633628046
1437,,AM,R9EA1,00,EHZ,61.12612612612612,-149.92169953741097,2026-09-07T11:28:59.999000Z,2026-09-07T11:29:59.999000Z,100.0,100.0,60.0,,noise,0,Noise,timeofday:America/Anchorage:day7-19:night1-5,AM,2.0-20.0,599.5894290406978,1788.1781586947086,564.1304572668032,1657.017452148238,0.8852198841341113,1.3830204414045535,-0.6541559487358777,,,3.86,581.8772427797701,2.8477096719443087
1438,,AM,R9EA1,00,EHZ,61.12612612612612,-149.92169953741097,2026-09-07T11:29:59.999000Z,2026-09-07T11:30:59.999000Z,100.0,100.0,60.0,,noise,0,Noise,timeofday:America/Anchorage:day7-19:night1-5,AM,2.0-20.0,621.2021582187551,2333.1785747646913,584.5319139192356,2634.1495911119214,0.8854224781062201,1.8417765103880237,-0.5270587365065413,,,3.86,581.8772427797701,4.526985070816559
1439,,AM,R9EA1,00,EHZ,61.12612612612612,-149.92169953741097,2026-09-07T11:30:59.999000Z,2026-09-07T11:31:59.999000Z,100.0,100.0,60.0,,noise,0,Noise,timeofday:America/Anchorage:day7-19:night1-5,AM,2.0-20.0,600.7511215034442,1992.179306601081,569.7487829529384,1735.2960893822376,0.8994512544626498,1.432516522793489,-0.6632888198705831,,,3.86,581.8772427797701,2.982237423639913
1440,,AM,R9EA1,00,EHZ,61.12612612612612,-149.92169953741097,2026-09-07T11:31:59.999000Z,2026-09-07T11:32:59.999000Z,100.0,100.0,60.0,,noise,0,Noise,timeofday:America/Anchorage:day7-19:night1-5,AM,2.0-20.0,606.4411676311677,2000.1798651959812,568.7017876656237,1699.836990826401,0.8794108839659538,1.4732180803001904,-0.64798152085636,,,3.86,581.8772427797701,2.921298283991763
1441,,AM,R9EA1,00,EHZ,61.12612612612612,-149.92169953741097,2026-09-07T11:32:59.999000Z,2026-09-07T11:33:59.999000Z,100.0,100.0,60.0,,noise,0,Noise,timeofday:America/Anchorage:day7-19:night1-5,AM,2.0-20.0,622.7676986324988,2012.819148410987,580.1955882872585,1810.452430115248,0.8679539558647418,1.56645099204481,-0.587664926038133,,,3.86,581.8772427797701,3.1113992729227102
1442,,AM,R9EA1,00,EHZ,61.12612612612612,-149.92169953741097,2026-09-07T11:33:59.999000Z,2026-09-07T11:34:59.999000Z,100.0,100.0,60.0,,noise,0,Noise,timeofday:America/Anchorage:day7-19:night1-5,AM,2.0-20.0,628.1750361897576,3255.818909938657,585.5695001279558,2405.704744799429,0.8689515239332258,2.270231032505001,-0.5294960068164447,,,3.86,581.8772427797701,4.134385344418676
1443,,AM,R9EA1,00,EHZ,61.12612612612612,-149.92169953741097,2026-09-07T11:34:59.999000Z,2026-09-07T11:35:59.999000Z,100.0,100.0,60.0,,noise,0,Noise,timeofday:America/Anchorage:day7-19:night1-5,AM,2.0-20.0,621.6954254183746,2176.818423053001,580.402446751529,2055.8192265980324,0.8715717109733675,1.7481542307169269,-0.5774083595147173,,,3.86,581.8772427797701,3.533080649067629
1444,,AM,R9EA1,00,EHZ,61.12612612612612,-149.92169953741097,2026-09-07T11:35:59.999000Z,2026-09-07T11:36:59.999000Z,100.0,100.0,60.0,,noise,0,Noise,timeofday:America/Anchorage:day7-19:night1-5,AM,2.0-20.0,611.5236262621602,1938.1824443831078,574.1765981906468,1723.6644557501616,0.8815856136321967,1.422785629492138,-0.6495544922057666,,,3.86,581.8772427797701,2.962247582524098
1445,,AM,R9EA1,00,EHZ,61.12612612612612,-149.92169953741097,2026-09-07T11:36:59.999000Z,2026-09-07T11:37:59.999000Z,100.0,100.0,60.0,,noise,0,Noise,timeofday:America/Anchorage:day7-19:night1-5,AM,2.0-20.0,611.4811055219022,1956.816749949025,578.4476081328866,1664.9866798463163,0.8948741750409019,1.75480859007145,-0.6964941781841136,,,3.86,581.8772427797701,2.8614053917837845
1446,,AM,R9EA1,00,EHZ,61.12612612612612,-149.92169953741097,2026-09-07T11:37:59.999000Z,2026-09-07T11:38:59.999000Z,100.0,100.0,60.0,,noise,0,Noise,timeofday:America/Anchorage:day7-19:night1-5,AM,2.0-20.0,611.420056731701,1962.816130032667,573.8105648665581,1735.0155881011517,0.8807602746197942,1.5576634806542178,-0.6508099964012759,,,3.86,581.8772427797701,2.9817553609977208
1447,,AM,R9EA1,00,EHZ,61.12612612612612,-149.92169953741097,2026-09-07T11:38:59.999000Z,2026-09-07T11:39:59.999000Z,100.0,100.0,60.0,,noise,0,Noise,timeofday:America/Anchorage:day7-19:night1-5,AM,2.0-20.0,617.0396996787022,2141.815151346704,573.9625560519611,1628.4847942184579,0.8652486054835711,1.4643927653370772,-0.6634685172442039,,,3.86,581.8772427797701,2.798674143774359
1448,,AM,R9EA1,00,EHZ,61.12612612612612,-149.92169953741097,2026-09-07T11:39:59.999000Z,2026-09-07T11:40:59.999000Z,100.0,100.0,60.0,,noise,0,Noise,timeofday:America/Anchorage:day7-19:night1-5,AM,2.0-20.0,613.3254477541186,1909.814557455668,561.915117214488,1747.71690005765,0.8393816351584173,1.4219243744334835,-0.6997935333544674,,,3.86,581.8772427797701,3.0035835251235783
1449,,AM,R9EA1,00,EHZ,61.12612612612612,-149.92169953741097,2026-09-07T11:40:59.999000Z,2026-09-07T11:41:59.999000Z,100.0,100.0,60.0,,noise,0,Noise,timeofday:America/Anchorage:day7-19:night1-5,AM,2.0-20.0,610.2748530799842,1918.8141475289945,573.9080838207142,1792.7283597644905,0.8843694556031525,1.4639621674266117,-0.6885536032344883,,,3.86,581.8772427797701,3.08093911904887
1450,,AM,R9EA1,00,EHZ,61.12612612612612,-149.92169953741097,2026-09-07T11:41:59.999000Z,2026-09-07T11:42:59.999000Z,100.0,100.0,60.0,,noise,0,Noise,timeofday:America/Anchorage:day7-19:night1-5,AM,2.0-20.0,612.8005549381114,1916.1867442569833,569.1822317653904,1743.7211859782042,0.8627090791385833,1.4934676595101368,-0.6513470551255733,,,3.86,581.8772427797701,2.9967165886193126
1451,,AM,R9EA1,00,EHZ,61.12612612612612,-149.92169953741097,2026-09-07T11:42:59.999000Z,2026-09-07T11:43:59.999000Z,100.0,100.0,60.0,,noise,0,Noise,timeofday:America/Anchorage:day7-19:night1-5,AM,2.0-20.0,605.0360016854128,1913.1870366787857,566.6739883224931,1664.4565068693587,0.8772111052514561,1.4179012410786251,-0.6782474530703309,,,3.86,581.8772427797701,2.8604942494706314
1452,,AM,R9EA1,00,EHZ,61.12612612612612,-149.92169953741097,2026-09-07T11:43:59.999000Z,2026-09-07T11:44:59.999000Z,100.0,100.0,60.0,,noise,0,Noise,timeofday:America/Anchorage:day7-19:night1-5,AM,2.0-20.0,615.9779547810597,2042.812400928628,577.6566506417557,1901.0236859155625,0.8794460783423188,1.4932829451442455,-0.6833030441439827,,,3.86,581.8772427797701,3.267052818278142
1453,,AM,R9EA1,00,EHZ,61.12612612612612,-149.92169953741097,2026-09-07T11:44:59.999000Z,2026-09-07T11:45:59.999000Z,100.0,100.0,60.0,,noise,0,Noise,timeofday:America/Anchorage:day7-19:night1-5,AM,2.0-20.0,601.0179086221355,1969.8117179036694,565.0756234656924,1678.1136163030073,0.8839716153439282,1.5241728705843158,-0.6742603151487296,,,3.86,581.8772427797701,2.8839650237672942
1454,,AM,R9EA1,00,EHZ,61.12612612612612,-149.92169953741097,2026-09-07T11:45:59.999000Z,2026-09-07T11:46:59.999000Z,100.0,100.0,60.0,,noise,0,Noise,timeofday:America/Anchorage:day7-19:night1-5,AM,2.0-20.0,617.7485872883926,2024.8109101135656,580.270873676932,1658.1269442742232,0.8823441734146161,1.526430775114648,-0.6640348909442975,,,3.86,581.8772427797701,2.849616417980096
1455,,AM,R9EA1,00,EHZ,61.12612612612612,-149.92169953741097,2026-09-07T11:46:59.999000Z,2026-09-07T11:47:59.999000Z,100.0,100.0,60.0,,noise,0,Noise,timeofday:America/Anchorage:day7-19:night1-5,AM,2.0-20.0,619.8364212843373,2000.8103997716157,581.8772427797701,1875.0994830116497,0.8812691378965056,1.4611364302744376,-0.6632945714744793,,,3.86,581.8772427797701,3.222500117127524
1456,,AM,R9EA1,00,EHZ,61.12612612612612,-149.92169953741097,2026-09-07T11:47:59.999000Z,2026-09-07T11:48:59.999000Z,100.0,100.0,60.0,,noise,0,Noise,timeofday:America/Anchorage:day7-19:night1-5,AM,2.0-20.0,601.2206326832924,1844.190375067979,553.943613724414,1621.8710746650918,0.8489133574591564,1.4407444083948122,-0.6551440373625184,,,3.86,581.8772427797701,2.7873079670842884
1457,,AM,R9EA1,00,EHZ,61.12612612612612,-149.92169953741097,2026-09-07T11:48:59.999000Z,2026-09-07T11:49:59.999000Z,100.0,100.0,60.0,,noise,0,Noise,timeofday:America/Anchorage:day7-19:night1-5,AM,2.0-20.0,619.3798585479192,1881.191307399838,567.1450100443546,1832.3559156562314,0.8384440239397012,1.5597249311720494,-0.6632594454885203,,,3.86,581.8772427797701,3.1490420675375077
1458,,AM,R9EA1,00,EHZ,61.12612612612612,-149.92169953741097,2026-09-07T11:49:59.999000Z,2026-09-07T11:50:59.999000Z,100.0,100.0,60.0,,noise,0,Noise,timeofday:America/Anchorage:day7-19:night1-5,AM,2.0-20.0,607.3892371594094,2163.19177942984,564.5444491573718,1654.6795886647867,0.8638972651176037,1.5045659200114925,-0.559686446291642,,,3.86,581.8772427797701,2.8436918769326276
1459,,AM,R9EA1,00,EHZ,61.12612612612612,-149.92169953741097,2026-09-07T11:50:59.999000Z,2026-09-07T11:51:59.999000Z,100.0,100.0,60.0,,noise,0,Noise,timeofday:America/Anchorage:day7-19:night1-5,AM,2.0-20.0,621.5769043166175,2623.807347660912,584.8047168546933,2092.359455846999,0.8851808204329594,1.8330346656940053,-0.6027739086234769,,,3.86,581.8772427797701,3.595877793486622
1460,,AM,R9EA1,00,EHZ,61.12612612612612,-149.92169953741097,2026-09-07T11:51:59.999000Z,2026-09-07T11:52:59.999000Z,100.0,100.0,60.0,,noise,0,Noise,timeofday:America/Anchorage:day7-19:night1-5,AM,2.0-20.0,609.7080817700687,1925.1933135831982,566.4693103825249,1672.8095349448863,0.863194905908144,1.4480334703186468,-0.6432114352679621,,,3.86,581.8772427797701,2.874849559253195
1461,,AM,R9EA1,00,EHZ,61.12612612612612,-149.92169953741097,2026-09-07T11:52:59.999000Z,2026-09-07T11:53:59.999000Z,100.0,100.0,60.0,,noise,0,Noise,timeofday:America/Anchorage:day7-19:night1-5,AM,2.0-20.0,610.3199496310399,2184.193870502649,554.8609073226465,1735.117903998617,0.8265195362234456,1.5842620839314971,-0.6069963157993468,,,3.86,581.8772427797701,2.981931198597034
1462,,AM,R9EA1,00,EHZ,61.12612612612612,-149.92169953741097,2026-09-07T11:53:59.999000Z,2026-09-07T11:54:59.999000Z,100.0,100.0,60.0,,noise,0,Noise,timeofday:America/Anchorage:day7-19:night1-5,AM,2.0-20.0,623.6291710017397,2274.1943771586098,582.7247706309792,1957.0916380328986,0.873120360833204,1.6312414993949051,-0.6445795626569173,,,3.86,581.8772427797701,3.363409829680557
1463,,AM,R9EA1,00,EHZ,61.12612612612612,-149.92169953741097,2026-09-07T11:54:59.999000Z,2026-09-07T11:55:59.999000Z,100.0,100.0,60.0,,noise,0,Noise,timeofday:America/Anchorage:day7-19:night1-5,AM,2.0-20.0,622.6548046311462,1994.8047331776456,580.130710309162,1737.3750595737463,0.868074552860667,1.4184708349594977,-0.6315517060528926,,,3.86,581.8772427797701,2.9858102909711337
1464,,AM,R9EA1,00,EHZ,61.12612612612612,-149.92169953741097,2026-09-07T11:55:59.999000Z,2026-09-07T11:56:59.999000Z,100.0,100.0,60.0,,noise,0,Noise,timeofday:America/Anchorage:day7-19:night1-5,AM,2.0-20.0,628.0738540551235,1951.8040075962695,580.793076825011,1691.7517436171524,0.8551089114373863,1.3934544666691975,-0.6171707019314665,,,3.86,581.8772427797701,2.9074031758575747
1465,,AM,R9EA1,00,EHZ,61.12612612612612,-149.92169953741097,2026-09-07T11:56:59.999000Z,2026-09-07T11:57:59.999000Z,100.0,100.0,60.0,,noise,0,Noise,timeofday:America/Anchorage:day7-19:night1-5,AM,2.0-20.0,626.9708761433161,2065.8030601853666,577.7212918563899,1972.1526962769062,0.8490670985658378,1.557045032523332,-0.6193948808011425,,,3.86,581.8772427797701,3.38929339607002
1466,,AM,R9EA1,00,EHZ,61.12612612612612,-149.92169953741097,2026-09-07T11:57:59.999000Z,2026-09-07T11:58:59.999000Z,100.0,100.0,60.0,,noise,0,Noise,timeofday:America/Anchorage:day7-19:night1-5,AM,2.0-20.0,622.8607308341373,2009.802526387119,575.6571657731774,1734.711224600636,0.8541731745901925,1.365407791128803,-0.6976889638282815,,,3.86,581.8772427797701,2.981232289328752
1467,,AM,R9EA1,00,EHZ,61.12612612612612,-149.92169953741097,2026-09-07T11:58:59.999000Z,2026-09-07T11:59:59.999000Z,100.0,100.0,60.0,,noise,0,Noise,timeofday:America/Anchorage:day7-19:night1-5,AM,2.0-20.0,631.2194026320234,1903.198023830531,577.940818531025,1894.1900628594049,0.8383127232736844,1.5455611000538791,-0.6953737430394766,,,3.86,581.8772427797701,3.2553087208057754
1468,,AM,R9EA1,00,EHZ,61.12612612612612,-149.92169953741097,2026-09-07T12:00:59.999000Z,2026-09-07T12:01:59.999000Z,100.0,100.0,60.0,,noise,0,Noise,timeofday:America/Anchorage:day7-19:night1-5,AM,2.0-20.0,623.9391627646069,2105.3686399050225,581.5139935336987,1783.8071877033206,0.8686320477781442,1.6757821470509646,-0.6234300294618933,,,3.86,581.8772427797701,3.065607410906185
1469,,AM,R9EA1,00,EHZ,61.12612612612612,-149.92169953741097,2026-09-07T12:01:59.999000Z,2026-09-07T12:02:59.999000Z,100.0,100.0,60.0,,noise,0,Noise,timeofday:America/Anchorage:day7-19:night1-5,AM,2.0-20.0,628.326926241473,1901.3611706270156,580.9774982240153,1960.3104423838763,0.8549629237888945,1.4627207890929643,-0.6555381423192754,,,3.86,581.8772427797701,3.368941588124315
1470,,AM,R9EA1,00,EHZ,61.12612612612612,-149.92169953741097,2026-09-07T12:02:59.999000Z,2026-09-07T12:03:59.999000Z,100.0,100.0,60.0,,noise,0,Noise,timeofday:America/Anchorage:day7-19:night1-5,AM,2.0-20.0,618.0785542335009,1911.3457393269916,575.6361113063783,1882.4596065362475,0.8673786168641078,1.555221511915377,-0.6836943474249932,,,3.86,581.8772427797701,3.2351490454297145
1471,,AM,R9EA1,00,EHZ,61.12612612612612,-149.92169953741097,2026-09-07T12:03:59.999000Z,2026-09-07T12:04:59.999000Z,100.0,100.0,60.0,,noise,0,Noise,timeofday:America/Anchorage:day7-19:night1-5,AM,2.0-20.0,614.7991706633971,2155.6691751927333,571.7517622729795,1778.6426719315662,0.8648653100183555,1.3927732052635275,-0.6463574873765827,,,3.86,581.8772427797701,3.0567318003958266
1472,,AM,R9EA1,00,EHZ,61.12612612612612,-149.92169953741097,2026-09-07T12:04:59.999000Z,2026-09-07T12:05:59.999000Z,100.0,100.0,60.0,,noise,0,Noise,timeofday:America/Anchorage:day7-19:night1-5,AM,2.0-20.0,633.8464801921267,3360.3191992536144,578.2774733647193,2784.0668863800092,0.8323469330771534,2.1171164153575277,-0.44629163233264135,,,3.86,581.8772427797701,4.784629268331306
1473,,AM,R9EA1,00,EHZ,61.12612612612612,-149.92169953741097,2026-09-07T12:05:59.999000Z,2026-09-07T12:06:59.999000Z,100.0,100.0,60.0,,noise,0,Noise,timeofday:America/Anchorage:day7-19:night1-5,AM,2.0-20.0,626.020110424671,2062.690150864311,577.7987770109785,1665.1046870467355,0.8518765568917263,1.5622059175121414,-0.7249501967955427,,,3.86,581.8772427797701,2.861608196072633
1474,,AM,R9EA1,00,EHZ,61.12612612612612,-149.92169953741097,2026-09-07T12:06:59.999000Z,2026-09-07T12:07:59.999000Z,100.0,100.0,60.0,,noise,0,Noise,timeofday:America/Anchorage:day7-19:night1-5,AM,2.0-20.0,612.9802969366222,2078.3018069927007,554.5994460787174,1628.5310338412446,0.8185888646199833,1.375683815758183,-0.6525661336913462,,,3.86,581.8772427797701,2.7987536100593196
1475,,AM,R9EA1,00,EHZ,61.12612612612612,-149.92169953741097,2026-09-07T12:07:59.999000Z,2026-09-07T12:08:59.999000Z,100.0,100.0,60.0,,noise,0,Noise,timeofday:America/Anchorage:day7-19:night1-5,AM,2.0-20.0,614.6349952398722,1851.712472568289,574.3022006079666,1968.5664327164386,0.8730646276222124,1.4495966027736515,-0.6200187449964516,,,3.86,581.8772427797701,3.3831301312148154
1476,,AM,R9EA1,00,EHZ,61.12612612612612,-149.92169953741097,2026-09-07T12:08:59.999000Z,2026-09-07T12:09:59.999000Z,100.0,100.0,60.0,,noise,0,Noise,timeofday:America/Anchorage:day7-19:night1-5,AM,2.0-20.0,630.0652061722539,2224.280304525701,580.3291589512336,1935.0122867689033,0.8483553248617526,2.0590073947119576,-0.5510200989294125,,,3.86,581.8772427797701,3.325464796534877
1477,,AM,R9EA1,00,EHZ,61.12612612612612,-149.92169953741097,2026-09-07T12:09:59.999000Z,2026-09-07T12:10:59.999000Z,100.0,100.0,60.0,,noise,0,Noise,timeofday:America/Anchorage:day7-19:night1-5,AM,2.0-20.0,619.5191255740705,1880.739717706257,573.2839996445949,1611.4822441466204,0.8563084013556391,1.433416373940033,-0.7204838259195516,,,3.86,581.8772427797701,2.7694539770075473
1478,,AM,R9EA1,00,EHZ,61.12612612612612,-149.92169953741097,2026-09-07T12:10:59.999000Z,2026-09-07T12:11:59.999000Z,100.0,100.0,60.0,,noise,0,Noise,timeofday:America/Anchorage:day7-19:night1-5,AM,2.0-20.0,623.9534676584448,1950.2491554931682,572.091193254916,2014.6726218286676,0.8406711028321957,1.5006938839803399,-0.5809854040339943,,,3.86,581.8772427797701,3.4623671003252903
1479,,AM,R9EA1,00,EHZ,61.12612612612612,-149.92169953741097,2026-09-07T12:11:59.999000Z,2026-09-07T12:12:59.999000Z,100.0,100.0,60.0,,noise,0,Noise,timeofday:America/Anchorage:day7-19:night1-5,AM,2.0-20.0,633.2956570451255,3125.756593186879,587.2359073076408,3120.3106097278524,0.8598291943116279,2.7443531364200746,-0.24367041699629421,,,3.86,581.8772427797701,5.362489508648533
1480,,AM,R9EA1,00,EHZ,61.12612612612612,-149.92169953741097,2026-09-07T12:12:59.999000Z,2026-09-07T12:13:59.999000Z,100.0,100.0,60.0,,noise,0,Noise,timeofday:America/Anchorage:day7-19:night1-5,AM,2.0-20.0,618.6416470617388,1965.7754576707314,573.9900701492036,1777.7814485581107,0.8608558830166884,1.794681781332824,-0.6660857465635956,,,3.86,581.8772427797701,3.055251722966881
1481,,AM,R9EA1,00,EHZ,61.12612612612612,-149.92169953741097,2026-09-07T12:13:59.999000Z,2026-09-07T12:14:59.999000Z,100.0,100.0,60.0,,noise,0,Noise,timeofday:America/Anchorage:day7-19:night1-5,AM,2.0-20.0,623.8740505032443,2206.2196429315723,576.7452653143505,2114.8789214114986,0.8546223221029019,2.1197617228205785,-0.5901448232006685,,,3.86,581.8772427797701,3.6345791963064307
1482,,AM,R9EA1,00,EHZ,61.12612612612612,-149.92169953741097,2026-09-07T12:14:59.999000Z,2026-09-07T12:15:59.999000Z,100.0,100.0,60.0,,noise,0,Noise,timeofday:America/Anchorage:day7-19:night1-5,AM,2.0-20.0,623.8704520907055,2047.199716844784,571.7310252364518,1860.0643574108717,0.8398363852290825,1.5155383383395773,-0.5935133754686457,,,3.86,581.8772427797701,3.196661117944549
1483,,AM,R9EA1,00,EHZ,61.12612612612612,-149.92169953741097,2026-09-07T12:15:59.999000Z,2026-09-07T12:16:59.999000Z,100.0,100.0,60.0,,noise,0,Noise,timeofday:America/Anchorage:day7-19:night1-5,AM,2.0-20.0,644.2665374117314,2076.805715357406,569.6560434327856,1686.40280005155,0.7817974833561496,1.5251404774058237,-0.6697404097605828,,,3.86,581.8772427797701,2.8982106122507747
1484,,AM,R9EA1,00,EHZ,61.12612612612612,-149.92169953741097,2026-09-07T12:16:59.999000Z,2026-09-07T12:17:59.999000Z,100.0,100.0,60.0,,noise,0,Noise,timeofday:America/Anchorage:day7-19:night1-5,AM,2.0-20.0,622.7603770925092,1964.817879724623,570.9702604997876,1723.0686507615887,0.8405915704683946,1.420121515301286,-0.6481143442963453,,,3.86,581.8772427797701,2.9612236466407724
1485,,AM,R9EA1,00,EHZ,61.12612612612612,-149.92169953741097,2026-09-07T12:17:59.999000Z,2026-09-07T12:18:59.999000Z,100.0,100.0,60.0,,noise,0,Noise,timeofday:America/Anchorage:day7-19:night1-5,AM,2.0-20.0,616.5395648628052,1867.1668392021845,573.3777620042977,1718.905502543551,0.8648878321753726,1.5833979543909358,-0.7025129472433531,,,3.86,581.8772427797701,2.954068961920419
1486,,AM,R9EA1,00,EHZ,61.12612612612612,-149.92169953741097,2026-09-07T12:18:59.999000Z,2026-09-07T12:19:59.999000Z,100.0,100.0,60.0,,noise,0,Noise,timeofday:America/Anchorage:day7-19:night1-5,AM,2.0-20.0,635.2631667435177,2025.8430717625754,575.316633447701,1697.0163439842129,0.8201749683031601,1.4830562423348794,-0.6735249119597779,,,3.86,581.8772427797701,2.91645078930592
1487,,AM,R9EA1,00,EHZ,61.12612612612612,-149.92169953741097,2026-09-07T12:19:59.999000Z,2026-09-07T12:20:59.999000Z,100.0,100.0,60.0,,noise,0,Noise,timeofday:America/Anchorage:day7-19:night1-5,AM,2.0-20.0,632.8516968363273,2262.1385144340625,582.3352938413342,1916.4957222086546,0.8467248912682972,1.529704616290336,-0.5675660055017202,,,3.86,581.8772427797701,3.293642681492552
1488,,AM,R9EA1,00,EHZ,61.12612612612612,-149.92169953741097,2026-09-07T12:20:59.999000Z,2026-09-07T12:21:59.999000Z,100.0,100.0,60.0,,noise,0,Noise,timeofday:America/Anchorage:day7-19:night1-5,AM,2.0-20.0,638.4102924253309,2027.863316330245,574.1623688555214,1825.0586332170783,0.8088531662765515,1.4576652147017817,-0.6386115216165833,,,3.86,581.8772427797701,3.1365011363880226
1489,,AM,R9EA1,00,EHZ,61.12612612612612,-149.92169953741097,2026-09-07T12:21:59.999000Z,2026-09-07T12:22:59.999000Z,100.0,100.0,60.0,,noise,0,Noise,timeofday:America/Anchorage:day7-19:night1-5,AM,2.0-20.0,650.0385440042945,2178.119673986503,595.6743220823271,2012.7886457340464,0.8397297520222131,1.4485603655517645,-0.623781646475305,,,3.86,581.8772427797701,3.4591293450805227
1490,,AM,R9EA1,00,EHZ,61.12612612612612,-149.92169953741097,2026-09-07T12:22:59.999000Z,2026-09-07T12:23:59.999000Z,100.0,100.0,60.0,,noise,0,Noise,timeofday:America/Anchorage:day7-19:night1-5,AM,2.0-20.0,645.9797042720492,1943.1095346769605,586.7791967701859,1790.1059275500006,0.8251096567451021,1.4909578543227144,-0.6453042967651386,,,3.86,581.8772427797701,3.0764322711749754
1491,,AM,R9EA1,00,EHZ,61.12612612612612,-149.92169953741097,2026-09-07T12:23:59.999000Z,2026-09-07T12:24:59.999000Z,100.0,100.0,60.0,,noise,0,Noise,timeofday:America/Anchorage:day7-19:night1-5,AM,2.0-20.0,626.2222046678871,2048.1002446497646,577.9884879691873,1661.4416134802761,0.8518859416910128,1.534535851115408,-0.7043384695650992,,,3.86,581.8772427797701,2.855312927419472
1492,,AM,R9EA1,00,EHZ,61.12612612612612,-149.92169953741097,2026-09-07T12:24:59.999000Z,2026-09-07T12:25:59.999000Z,100.0,100.0,60.0,,noise,0,Noise,timeofday:America/Anchorage:day7-19:night1-5,AM,2.0-20.0,627.2058830637401,2112.9213779986944,573.8067387332015,1819.6043439446535,0.8369722169039238,1.4844302773177833,-0.6657252741310575,,,3.86,581.8772427797701,3.1271275282256408
1493,,AM,R9EA1,00,EHZ,61.12612612612612,-149.92169953741097,2026-09-07T12:25:59.999000Z,2026-09-07T12:26:59.999000Z,100.0,100.0,60.0,,noise,0,Noise,timeofday:America/Anchorage:day7-19:night1-5,AM,2.0-20.0,637.3848662293807,2082.9256524527786,578.7121075227628,1760.3172362630955,0.8243689809641429,1.5012189422071391,-0.6496168107275344,,,3.86,581.8772427797701,3.0252381547929748
1494,,AM,R9EA1,00,EHZ,61.12612612612612,-149.92169953741097,2026-09-07T12:26:59.999000Z,2026-09-07T12:27:59.999000Z,100.0,100.0,60.0,,noise,0,Noise,timeofday:America/Anchorage:day7-19:night1-5,AM,2.0-20.0,627.9002995148734,1974.053195609499,581.8183964974368,1682.7463965418203,0.8586052065571087,1.575690357896748,-0.6534792817599828,,,3.86,581.8772427797701,2.8919268065939967
1495,,AM,R9EA1,00,EHZ,61.12612612612612,-149.92169953741097,2026-09-07T12:27:59.999000Z,2026-09-07T12:28:59.999000Z,100.0,100.0,60.0,,noise,0,Noise,timeofday:America/Anchorage:day7-19:night1-5,AM,2.0-20.0,647.9733983517066,2390.954972724028,601.4957033815498,2560.2725808620244,0.8616893098184689,1.5418899312762702,-0.6400064923330624,,,3.86,581.8772427797701,4.400021847616819
1496,,AM,R9EA1,00,EHZ,61.12612612612612,-149.92169953741097,2026-09-07T12:28:59.999000Z,2026-09-07T12:29:59.999000Z,100.0,100.0,60.0,,noise,0,Noise,timeofday:America/Anchorage:day7-19:night1-5,AM,2.0-20.0,636.2099191058513,2315.969304363652,575.5628671966582,1758.0486469897673,0.8184358847844302,1.3354043868923349,-0.6710478286982875,,,3.86,581.8772427797701,3.021339412744754
1497,,AM,R9EA1,00,EHZ,61.12612612612612,-149.92169953741097,2026-09-07T12:29:59.999000Z,2026-09-07T12:30:59.999000Z,100.0,100.0,60.0,,noise,0,Noise,timeofday:America/Anchorage:day7-19:night1-5,AM,2.0-20.0,654.4364103429132,2558.9779854714266,596.7215365999791,2236.396745586033,0.8313971230028897,2.588965257025943,-0.4994582571481616,,,3.86,581.8772427797701,3.843416757290967
1498,,AM,R9EA1,00,EHZ,61.12612612612612,-149.92169953741097,2026-09-07T12:30:59.999000Z,2026-09-07T12:31:59.999000Z,100.0,100.0,60.0,,noise,0,Noise,timeofday:America/Anchorage:day7-19:night1-5,AM,2.0-20.0,646.3137316059825,2030.0070519362623,584.3571060215628,1675.420445213943,0.8174663661837223,1.3959317861042617,-0.706283708069829,,,3.86,581.8772427797701,2.87933660579343
1499,,AM,R9EA1,00,EHZ,61.12612612612612,-149.92169953741097,2026-09-07T12:31:59.999000Z,2026-09-07T12:32:59.999000Z,100.0,100.0,60.0,,noise,0,Noise,timeofday:America/Anchorage:day7-19:night1-5,AM,2.0-20.0,627.2042666769103,2051.002929712033,576.172874615278,1904.510503152776,0.8438934359435961,1.5018665523784935,-0.6846435928374959,,,3.86,581.8772427797701,3.2730451771140987
1500,,AM,R9EA1,00,EHZ,61.12612612612612,-149.92169953741097,2026-09-07T12:32:59.999000Z,2026-09-07T12:33:59.999000Z,100.0,100.0,60.0,,noise,0,Noise,timeofday:America/Anchorage:day7-19:night1-5,AM,2.0-20.0,636.1742449177559,2175.9901444072516,577.6392677089078,1660.8516412720749,0.824444170387884,1.4802091301813813,-0.6724535819727864,,,3.86,581.8772427797701,2.8542990156098558
1501,,AM,R9EA1,00,EHZ,61.12612612612612,-149.92169953741097,2026-09-07T12:33:59.999000Z,2026-09-07T12:34:59.999000Z,100.0,100.0,60.0,,noise,0,Noise,timeofday:America/Anchorage:day7-19:night1-5,AM,2.0-20.0,651.6176307048676,2283.0287681491877,586.693974154358,2010.1041415385776,0.8106578685441715,1.4679029833465396,-0.6199675805680913,,,3.86,581.8772427797701,3.4545158218180485
1502,,AM,R9EA1,00,EHZ,61.12612612612612,-149.92169953741097,2026-09-07T12:34:59.999000Z,2026-09-07T12:35:59.999000Z,100.0,100.0,60.0,,noise,0,Noise,timeofday:America/Anchorage:day7-19:night1-5,AM,2.0-20.0,647.7791961094729,2333.9603954887775,584.4787334603479,1811.2638982803471,0.814110648097475,1.5100431517195891,-0.6983273191634032,,,3.86,581.8772427797701,3.112793842267307
1503,,AM,R9EA1,00,EHZ,61.12612612612612,-149.92169953741097,2026-09-07T12:35:59.999000Z,2026-09-07T12:36:59.999000Z,100.0,100.0,60.0,,noise,0,Noise,timeofday:America/Anchorage:day7-19:night1-5,AM,2.0-20.0,624.3545018096861,1877.9465105235965,577.1845802997415,1591.898639230146,0.8546079834406057,1.5375710117275296,-0.6877704687404713,,,3.86,581.8772427797701,2.7357980725028126
1504,,AM,R9EA1,00,EHZ,61.12612612612612,-149.92169953741097,2026-09-07T12:36:59.999000Z,2026-09-07T12:37:59.999000Z,100.0,100.0,60.0,,noise,0,Noise,timeofday:America/Anchorage:day7-19:night1-5,AM,2.0-20.0,631.9413740524341,2050.938442341287,576.0582951817481,1810.2166107319022,0.8309584132833681,1.378210011363072,-0.667509091171218,,,3.86,581.8772427797701,3.1109939994973064
1505,,AM,R9EA1,00,EHZ,61.12612612612612,-149.92169953741097,2026-09-07T12:37:59.999000Z,2026-09-07T12:38:59.999000Z,100.0,100.0,60.0,,noise,0,Noise,timeofday:America/Anchorage:day7-19:night1-5,AM,2.0-20.0,617.2274774183213,1965.0695256897973,561.0048691399994,1571.4257056472243,0.8261192807636207,1.390851322219784,-0.6804759190286935,,,3.86,581.8772427797701,2.700613789499893
1506,,AM,R9EA1,00,EHZ,61.12612612612612,-149.92169953741097,2026-09-07T12:38:59.999000Z,2026-09-07T12:39:59.999000Z,100.0,100.0,60.0,,noise,0,Noise,timeofday:America/Anchorage:day7-19:night1-5,AM,2.0-20.0,658.5678835480144,3178.0811191950575,607.627237958643,3048.380498089023,0.8512818462339973,2.7994382864768768,-0.2626985454467423,,,3.86,581.8772427797701,5.238872177791595
1507,,AM,R9EA1,00,EHZ,61.12612612612612,-149.92169953741097,2026-09-07T12:39:59.999000Z,2026-09-07T12:40:59.999000Z,100.0,100.0,60.0,,noise,0,Noise,timeofday:America/Anchorage:day7-19:night1-5,AM,2.0-20.0,639.3092191138562,2305.096913042498,579.4162685626947,1814.7567665728345,0.8214089593161837,1.4881822296058504,-0.6547094987559814,,,3.86,581.8772427797701,3.1187966002988827
1508,,AM,R9EA1,00,EHZ,61.12612612612612,-149.92169953741097,2026-09-07T12:40:59.999000Z,2026-09-07T12:41:59.999000Z,100.0,100.0,60.0,,noise,0,Noise,timeofday:America/Anchorage:day7-19:night1-5,AM,2.0-20.0,640.5247162866089,1956.890740315065,586.7206157350678,1839.806529455172,0.8390559302595084,1.3760631583470542,-0.6700766513176601,,,3.86,581.8772427797701,3.1618465102123015
1509,,AM,R9EA1,00,EHZ,61.12612612612612,-149.92169953741097,2026-09-07T12:42:59.999000Z,2026-09-07T12:43:59.999000Z,100.0,100.0,60.0,,noise,0,Noise,timeofday:America/Anchorage:day7-19:night1-5,AM,2.0-20.0,646.9093889306671,2205.89511853482,576.9307778841517,1837.2501823968985,0.7953540697408626,1.587852923321516,-0.6567569791335428,,,3.86,581.8772427797701,3.157453234671809
1510,,AM,R9EA1,00,EHZ,61.12612612612612,-149.92169953741097,2026-09-07T12:43:59.999000Z,2026-09-07T12:44:59.999000Z,100.0,100.0,60.0,,noise,0,Noise,timeofday:America/Anchorage:day7-19:night1-5,AM,2.0-20.0,630.4488898341511,2115.893844065177,573.8137870648956,1775.0222606473908,0.8284040035514281,1.4625926453910596,-0.6716384172247674,,,3.86,581.8772427797701,3.0505098500977197
1511,,AM,R9EA1,00,EHZ,61.12612612612612,-149.92169953741097,2026-09-07T12:44:59.999000Z,2026-09-07T12:45:59.999000Z,100.0,100.0,60.0,,noise,0,Noise,timeofday:America/Anchorage:day7-19:night1-5,AM,2.0-20.0,647.3826181973262,3869.892161167722,595.2463153535424,3573.387243610177,0.8454177505225798,2.458520648725285,-0.07758217838502102,,,3.86,581.8772427797701,6.141135931935112
1512,,AM,R9EA1,00,EHZ,61.12612612612612,-149.92169953741097,2026-09-07T12:45:59.999000Z,2026-09-07T12:46:59.999000Z,100.0,100.0,60.0,,noise,0,Noise,timeofday:America/Anchorage:day7-19:night1-5,AM,2.0-20.0,643.671549156581,2040.1112549064344,576.4490805401854,1775.6622030197373,0.802034915081412,1.3600158834523544,-0.7115659161562862,,,3.86,581.8772427797701,3.0516096394094467
1513,,AM,R9EA1,00,EHZ,61.12612612612612,-149.92169953741097,2026-09-07T12:46:59.999000Z,2026-09-07T12:47:59.999000Z,100.0,100.0,60.0,,noise,0,Noise,timeofday:America/Anchorage:day7-19:night1-5,AM,2.0-20.0,634.2625794456865,2062.887743880707,581.9043991762856,1677.6147238948995,0.8417150685489092,1.5601272914788717,-0.6940365998118723,,,3.86,581.8772427797701,2.8831076394748196
1514,,AM,R9EA1,00,EHZ,61.12612612612612,-149.92169953741097,2026-09-07T12:47:59.999000Z,2026-09-07T12:48:59.999000Z,100.0,100.0,60.0,,noise,0,Noise,timeofday:America/Anchorage:day7-19:night1-5,AM,2.0-20.0,640.6644744996607,2211.885382577741,574.1528770507341,1673.2457331046787,0.8031447145085263,1.4806586581780092,-0.6766604146091812,,,3.86,581.8772427797701,2.875599198743663
1515,,AM,R9EA1,00,EHZ,61.12612612612612,-149.92169953741097,2026-09-07T12:48:59.999000Z,2026-09-07T12:49:59.999000Z,100.0,100.0,60.0,,noise,0,Noise,timeofday:America/Anchorage:day7-19:night1-5,AM,2.0-20.0,639.95912531059,2188.882110418825,575.6493187672525,1893.551889604565,0.8091173572847685,1.5660623234266828,-0.6774171047716977,,,3.86,581.8772427797701,3.254211971856132
1516,,AM,R9EA1,00,EHZ,61.12612612612612,-149.92169953741097,2026-09-07T12:49:59.999000Z,2026-09-07T12:50:59.999000Z,100.0,100.0,60.0,,noise,0,Noise,timeofday:America/Anchorage:day7-19:night1-5,AM,2.0-20.0,645.307501544255,2284.8804931029995,573.9881716349582,1861.0285308327839,0.7911748224668561,1.542180307498503,-0.6649258303547758,,,3.86,581.8772427797701,3.198318122809194
1517,,AM,R9EA1,00,EHZ,61.12612612612612,-149.92169953741097,2026-09-07T12:50:59.999000Z,2026-09-07T12:51:59.999000Z,100.0,100.0,60.0,,noise,0,Noise,timeofday:America/Anchorage:day7-19:night1-5,AM,2.0-20.0,651.8230069864394,2106.1213304306107,587.7137927332028,1690.7962204716184,0.8129660232718705,1.5087859114259956,-0.5898726374892824,,,3.86,581.8772427797701,2.9057610371463762
1518,,AM,R9EA1,00,EHZ,61.12612612612612,-149.92169953741097,2026-09-07T12:51:59.999000Z,2026-09-07T12:52:59.999000Z,100.0,100.0,60.0,,noise,0,Noise,timeofday:America/Anchorage:day7-19:night1-5,AM,2.0-20.0,626.6590623869524,2057.123858238046,569.1675175368887,1782.349667246221,0.8249308867817371,1.4279652559075309,-0.6291454070134819,,,3.86,581.8772427797701,3.063102551891358
1519,,AM,R9EA1,00,EHZ,61.12612612612612,-149.92169953741097,2026-09-07T12:52:59.999000Z,2026-09-07T12:53:59.999000Z,100.0,100.0,60.0,,noise,0,Noise,timeofday:America/Anchorage:day7-19:night1-5,AM,2.0-20.0,659.4520586163444,4118.127068094414,607.583200379203,3571.4685008060237,0.848877568672223,4.071862388977345,0.5587377511385738,,,3.86,581.8772427797701,6.1378384274735405
1520,,AM,R9EA1,00,EHZ,61.12612612612612,-149.92169953741097,2026-09-07T12:53:59.999000Z,2026-09-07T12:54:59.999000Z,100.0,100.0,60.0,,noise,0,Noise,timeofday:America/Anchorage:day7-19:night1-5,AM,2.0-20.0,633.7172159873625,2204.1271850483167,585.6743322833736,1761.561980646647,0.854124876504546,3.770784243785033,-0.6820877156596947,,,3.86,581.8772427797701,3.027377342051107
1521,,AM,R9EA1,00,EHZ,61.12612612612612,-149.92169953741097,2026-09-07T12:54:59.999000Z,2026-09-07T12:55:59.999000Z,100.0,100.0,60.0,,noise,0,Noise,timeofday:America/Anchorage:day7-19:night1-5,AM,2.0-20.0,628.6585351063229,2101.131188078048,582.7731512640764,1701.1758412622607,0.8593487275393855,1.669619129123795,-0.6854587249180124,,,3.86,581.8772427797701,2.9235991996100883
1522,,AM,R9EA1,00,EHZ,61.12612612612612,-149.92169953741097,2026-09-07T12:55:59.999000Z,2026-09-07T12:56:59.999000Z,100.0,100.0,60.0,,noise,0,Noise,timeofday:America/Anchorage:day7-19:night1-5,AM,2.0-20.0,645.4654766446582,2476.132830533497,599.4918209407007,2363.353038908018,0.8626219153035872,2.2790088665450954,-0.5218968461810554,,,3.86,581.8772427797701,4.061600738357977
1523,,AM,R9EA1,00,EHZ,61.12612612612612,-149.92169953741097,2026-09-07T12:56:59.999000Z,2026-09-07T12:57:59.999000Z,100.0,100.0,60.0,,noise,0,Noise,timeofday:America/Anchorage:day7-19:night1-5,AM,2.0-20.0,648.7379229887712,2237.8646872018694,581.286273170105,1818.114625641781,0.8028632196951427,1.3775479255935932,-0.6026541578136015,,,3.86,581.8772427797701,3.1245673347804463
1524,,AM,R9EA1,00,EHZ,61.12612612612612,-149.92169953741097,2026-09-07T12:57:59.999000Z,2026-09-07T12:58:59.999000Z,100.0,100.0,60.0,,noise,0,Noise,timeofday:America/Anchorage:day7-19:night1-5,AM,2.0-20.0,617.0558348614647,2060.1378821405956,568.7852087154662,1921.8141242883205,0.8496648679345125,1.4820319523658074,-0.6681038272772346,,,3.86,581.8772427797701,3.3027827572484942
1525,,AM,R9EA1,00,EHZ,61.12612612612612,-149.92169953741097,2026-09-07T12:58:59.999000Z,2026-09-07T12:59:59.999000Z,100.0,100.0,60.0,,noise,0,Noise,timeofday:America/Anchorage:day7-19:night1-5,AM,2.0-20.0,640.8677682135567,2120.8605442646626,583.8028594109194,1832.0562270364178,0.8298423143683996,1.5090904419501294,-0.6582584946227161,,,3.86,581.8772427797701,3.148527030004192
1526,,AM,R9EA1,00,EHZ,61.12612612612612,-149.92169953741097,2026-09-07T12:59:59.999000Z,2026-09-07T13:00:59.999000Z,100.0,100.0,60.0,,noise,0,Noise,timeofday:America/Anchorage:day7-19:night1-5,AM,2.0-20.0,629.9084268213079,2060.140293358468,568.4131220295808,1769.102984592792,0.8142792234809062,1.4025485134031563,-0.6336027122802808,,,3.86,581.8772427797701,3.0403371270224517
1527,,AM,R9EA1,00,EHZ,61.12612612612612,-149.92169953741097,2026-09-07T15:00:59.999000Z,2026-09-07T15:01:59.999000Z,100.0,100.0,60.0,,traffic,1,Traffic,timeofday:America/Anchorage:day7-19:night1-5,AM,2.0-20.0,2358.3723954658026,7552.409469695787,2323.15480240739,6819.480169614921,0.9703569793879251,1.2207531024534648,-0.9365857067190948,,,3.86,581.8772427797701,11.719791853409825
1528,,AM,R9EA1,00,EHZ,61.12612612612612,-149.92169953741097,2026-09-07T15:04:59.999000Z,2026-09-07T15:05:59.999000Z,100.0,100.0,60.0,,traffic,1,Traffic,timeofday:America/Anchorage:day7-19:night1-5,AM,2.0-20.0,2391.0824487475747,6489.486015750768,2356.6164210449833,5839.569192778128,0.9713789676287837,1.2330268469749897,-0.9296501503064709,,,3.86,581.8772427797701,10.03574081172358
1529,,AM,R9EA1,00,EHZ,61.12612612612612,-149.92169953741097,2026-09-07T15:05:59.999000Z,2026-09-07T15:06:59.999000Z,100.0,100.0,60.0,,traffic,1,Traffic,timeofday:America/Anchorage:day7-19:night1-5,AM,2.0-20.0,2416.8806604501,6788.490495434948,2371.4290563202085,6698.742023903191,0.9627418715227887,1.242694934253566,-0.9441782907068985,,,3.86,581.8772427797701,11.512294228764919
1530,,AM,R9EA1,00,EHZ,61.12612612612612,-149.92169953741097,2026-09-07T15:16:59.999000Z,2026-09-07T15:17:59.999000Z,100.0,100.0,60.0,,traffic,1,Traffic,timeofday:America/Anchorage:day7-19:night1-5,AM,2.0-20.0,2315.7258667704496,6810.711823825652,2282.1737700545928,6493.387259683662,0.9712323187057377,1.312118800902876,-0.9129709398929413,,,3.86,581.8772427797701,11.159376552798594
1531,,AM,R9EA1,00,EHZ,61.12612612612612,-149.92169953741097,2026-09-07T15:18:59.999000Z,2026-09-07T15:19:59.999000Z,100.0,100.0,60.0,,traffic,1,Traffic,timeofday:America/Anchorage:day7-19:night1-5,AM,2.0-20.0,2367.9992996239366,7016.250639324269,2333.596830640766,6562.5193538036,0.9711549169955034,1.3645410393385402,-0.8926603679716596,,,3.86,581.8772427797701,11.278185279171321
1532,,AM,R9EA1,00,EHZ,61.12612612612612,-149.92169953741097,2026-09-07T15:24:59.999000Z,2026-09-07T15:25:59.999000Z,100.0,100.0,60.0,,traffic,1,Traffic,timeofday:America/Anchorage:day7-19:night1-5,AM,2.0-20.0,2332.9902716705155,6664.874609211478,2299.6588290426776,6738.0154805363145,0.9716301093978493,1.3006300170340566,-0.8838847527108853,,,3.86,581.8772427797701,11.579788630926972
1533,,AM,R9EA1,00,EHZ,61.12612612612612,-149.92169953741097,2026-09-07T15:25:59.999000Z,2026-09-07T15:26:59.999000Z,100.0,100.0,60.0,,traffic,1,Traffic,timeofday:America/Anchorage:day7-19:night1-5,AM,2.0-20.0,2245.9208206956573,7075.110083545038,2212.6554333407744,6591.884415673919,0.9705964409623618,1.2756117637669173,-0.845113033447217,,,3.86,581.8772427797701,11.328651356397566
1534,,AM,R9EA1,00,EHZ,61.12612612612612,-149.92169953741097,2026-09-07T15:26:59.999000Z,2026-09-07T15:27:59.999000Z,100.0,100.0,60.0,,traffic,1,Traffic,timeofday:America/Anchorage:day7-19:night1-5,AM,2.0-20.0,2300.1664075400113,6628.905282723808,2266.7941074117366,6190.140604731947,0.9711932088257327,1.3621646869430841,-0.8939524806602988,,,3.86,581.8772427797701,10.63822426730444
1535,,AM,R9EA1,00,EHZ,61.12612612612612,-149.92169953741097,2026-09-07T15:29:59.999000Z,2026-09-07T15:30:59.999000Z,100.0,100.0,60.0,,traffic,1,Traffic,timeofday:America/Anchorage:day7-19:night1-5,AM,2.0-20.0,2170.7795497230313,6146.020378113855,2137.5414751595335,6356.014337507785,0.9696112755681514,1.3127781250495447,-0.8114736843637185,,,3.86,581.8772427797701,10.923290808115382
1536,,AM,R9EA1,00,EHZ,61.12612612612612,-149.92169953741097,2026-09-07T15:34:59.999000Z,2026-09-07T15:35:59.999000Z,100.0,100.0,60.0,,traffic,1,Traffic,timeofday:America/Anchorage:day7-19:night1-5,AM,2.0-20.0,2330.6942681809683,6465.070229093664,2296.6597945700278,6582.690384620115,0.9710078012856859,1.4444409116846564,-0.8621279980386762,,,3.86,581.8772427797701,11.312850719462736
1537,,AM,R9EA1,00,EHZ,61.12612612612612,-149.92169953741097,2026-09-07T15:37:59.999000Z,2026-09-07T15:38:59.999000Z,100.0,100.0,60.0,,traffic,1,Traffic,timeofday:America/Anchorage:day7-19:night1-5,AM,2.0-20.0,2384.688049286655,7451.871004601606,2352.4220076581105,6831.545694590324,0.9731220579019974,1.3527176713908462,-0.9038688825101024,,,3.86,581.8772427797701,11.740527369577745
1538,,AM,R9EA1,00,EHZ,61.12612612612612,-149.92169953741097,2026-09-07T15:47:59.999000Z,2026-09-07T15:48:59.999000Z,100.0,100.0,60.0,,traffic,1,Traffic,timeofday:America/Anchorage:day7-19:night1-5,AM,2.0-20.0,2354.455086216699,6675.3812031597445,2320.7641561719593,6158.894038843416,0.9715858832081031,1.312797500137803,-0.9314344713859111,,,3.86,581.8772427797701,10.584524683283488
1539,,AM,R9EA1,00,EHZ,61.12612612612612,-149.92169953741097,2026-09-07T15:48:59.999000Z,2026-09-07T15:49:59.999000Z,100.0,100.0,60.0,,traffic,1,Traffic,timeofday:America/Anchorage:day7-19:night1-5,AM,2.0-20.0,2417.1019209174156,7703.5535539890225,2374.874515372214,6865.618108524876,0.9653646846673442,1.3772788740709327,-0.8322983741390737,,,3.86,581.8772427797701,11.799083386946252
1540,,AM,R9EA1,00,EHZ,61.12612612612612,-149.92169953741097,2026-09-07T15:49:59.999000Z,2026-09-07T15:50:59.999000Z,100.0,100.0,60.0,,traffic,1,Traffic,timeofday:America/Anchorage:day7-19:night1-5,AM,2.0-20.0,2344.7872934650454,7970.487560396283,2312.2090878333347,7102.328348969184,0.9724052695131498,1.6556049566055178,-0.8332937291253986,,,3.86,581.8772427797701,12.205887817574068
1541,,AM,R9EA1,00,EHZ,61.12612612612612,-149.92169953741097,2026-09-07T15:54:59.999000Z,2026-09-07T15:55:59.999000Z,100.0,100.0,60.0,,traffic,1,Traffic,timeofday:America/Anchorage:day7-19:night1-5,AM,2.0-20.0,2299.662324613038,7274.289011310808,2265.0249553939925,7196.61769443676,0.970102987805325,1.5265406626207425,-0.88440523325094,,,3.86,581.8772427797701,12.367931180908116
1542,,AM,R9EA1,00,EHZ,61.12612612612612,-149.92169953741097,2026-09-07T16:03:59.999000Z,2026-09-07T16:04:59.999000Z,100.0,100.0,60.0,,traffic,1,Traffic,timeofday:America/Anchorage:day7-19:night1-5,AM,2.0-20.0,2227.4110452889363,6285.854796544292,2192.297195931307,6317.852729826996,0.9687196715231607,1.3466140965037543,-0.8551147443660492,,,3.86,581.8772427797701,10.857707202373248
1543,,AM,R9EA1,00,EHZ,61.12612612612612,-149.92169953741097,2026-09-07T16:04:59.999000Z,2026-09-07T16:05:59.999000Z,100.0,100.0,60.0,,traffic,1,Traffic,timeofday:America/Anchorage:day7-19:night1-5,AM,2.0-20.0,2249.904221401992,6243.76540895709,2218.0817089845386,5803.95256361705,0.9719121691947027,1.251377519315549,-0.8610936136783987,,,3.86,581.8772427797701,9.974530943829574
1544,,AM,R9EA1,00,EHZ,61.12612612612612,-149.92169953741097,2026-09-07T16:06:59.999000Z,2026-09-07T16:07:59.999000Z,100.0,100.0,60.0,,traffic,1,Traffic,timeofday:America/Anchorage:day7-19:night1-5,AM,2.0-20.0,2205.258730749462,6281.328729481123,2169.45486037817,6066.416982714028,0.9677922414969348,1.4034993381965646,-0.8296974242743347,,,3.86,581.8772427797701,10.425595876087657
1545,,AM,R9EA1,00,EHZ,61.12612612612612,-149.92169953741097,2026-09-07T16:07:59.999000Z,2026-09-07T16:08:59.999000Z,100.0,100.0,60.0,,traffic,1,Traffic,timeofday:America/Anchorage:day7-19:night1-5,AM,2.0-20.0,2237.3185839387374,6804.636298072808,2202.5821059986883,6677.640826343514,0.9691891714291587,1.5763618514182356,-0.8270826903329063,,,3.86,581.8772427797701,11.476030226655348
1546,,AM,R9EA1,00,EHZ,61.12612612612612,-149.92169953741097,2026-09-07T16:09:59.999000Z,2026-09-07T16:10:59.999000Z,100.0,100.0,60.0,,traffic,1,Traffic,timeofday:America/Anchorage:day7-19:night1-5,AM,2.0-20.0,2226.975786625789,6392.538970707203,2192.952960207744,6245.078086956299,0.9696782217405026,1.3447768260011173,-0.8614982083556555,,,3.86,581.8772427797701,10.7326384807937
1547,,AM,R9EA1,00,EHZ,61.12612612612612,-149.92169953741097,2026-09-07T16:16:59.999000Z,2026-09-07T16:17:59.999000Z,100.0,100.0,60.0,,traffic,1,Traffic,timeofday:America/Anchorage:day7-19:night1-5,AM,2.0-20.0,2173.227517575843,6584.1871067365755,2132.975912327691,6408.61779877018,0.9632998908015826,1.2552805150132131,-0.7615240913899668,,,3.86,581.8772427797701,11.013693830256436
1548,,AM,R9EA1,00,EHZ,61.12612612612612,-149.92169953741097,2026-09-07T16:19:59.999000Z,2026-09-07T16:20:59.999000Z,100.0,100.0,60.0,,traffic,1,Traffic,timeofday:America/Anchorage:day7-19:night1-5,AM,2.0-20.0,2145.682794515059,6018.0354618500605,2108.706508065833,5697.2057393230625,0.9658312191761241,1.2254085863657145,-0.9082154572112588,,,3.86,581.8772427797701,9.79107846202425
1549,,AM,R9EA1,00,EHZ,61.12612612612612,-149.92169953741097,2026-09-07T16:24:59.999000Z,2026-09-07T16:25:59.999000Z,100.0,100.0,60.0,,traffic,1,Traffic,timeofday:America/Anchorage:day7-19:night1-5,AM,2.0-20.0,2185.126230916743,6393.185745582701,2150.8270236333788,6288.905516611405,0.9688530437118417,1.3512932838748506,-0.8460628302533899,,,3.86,581.8772427797701,10.80795922962679
1550,,AM,R9EA1,00,EHZ,61.12612612612612,-149.92169953741097,2026-09-07T16:26:59.999000Z,2026-09-07T16:27:59.999000Z,100.0,100.0,60.0,,traffic,1,Traffic,timeofday:America/Anchorage:day7-19:night1-5,AM,2.0-20.0,2221.8713558185946,6230.726990070016,2188.0397272239425,5868.939781056622,0.9697785764753009,1.4118584509885581,-0.8421077173801628,,,3.86,581.8772427797701,10.086216386499771
1551,,AM,R9EA1,00,EHZ,61.12612612612612,-149.92169953741097,2026-09-07T16:27:59.999000Z,2026-09-07T16:28:59.999000Z,100.0,100.0,60.0,,traffic,1,Traffic,timeofday:America/Anchorage:day7-19:night1-5,AM,2.0-20.0,2259.4899766958574,6585.671346541036,2222.988046999768,7394.067970185167,0.9679510980003772,1.492196713743035,-0.798534559448393,,,3.86,581.8772427797701,12.707264396287254
1552,,AM,R9EA1,00,EHZ,61.12612612612612,-149.92169953741097,2026-09-07T16:29:59.999000Z,2026-09-07T16:30:59.999000Z,100.0,100.0,60.0,,traffic,1,Traffic,timeofday:America/Anchorage:day7-19:night1-5,AM,2.0-20.0,2210.1054030403056,5887.628187583997,2176.0924260140014,5654.858810338085,0.9694573378117276,1.2533233272599011,-0.88714451503927,,,3.86,581.8772427797701,9.718302065438133
1553,,AM,R9EA1,00,EHZ,61.12612612612612,-149.92169953741097,2026-09-07T16:33:59.999000Z,2026-09-07T16:34:59.999000Z,100.0,100.0,60.0,,traffic,1,Traffic,timeofday:America/Anchorage:day7-19:night1-5,AM,2.0-20.0,2224.2408328693946,6471.248770429184,2188.0118986104467,5873.741636079392,0.967688857052942,1.3667777081847923,-0.8437938299216379,,,3.86,581.8772427797701,10.094468737115564
1554,,AM,R9EA1,00,EHZ,61.12612612612612,-149.92169953741097,2026-09-07T16:34:59.999000Z,2026-09-07T16:35:59.999000Z,100.0,100.0,60.0,,traffic,1,Traffic,timeofday:America/Anchorage:day7-19:night1-5,AM,2.0-20.0,2253.433514357633,6496.779930737249,2222.0361329942198,6629.387873581676,0.9723278727578987,1.3307422613315631,-0.8288535476476309,,,3.86,581.8772427797701,11.393103882034408
1555,,AM,R9EA1,00,EHZ,61.12612612612612,-149.92169953741097,2026-09-07T16:36:59.999000Z,2026-09-07T16:37:59.999000Z,100.0,100.0,60.0,,traffic,1,Traffic,timeofday:America/Anchorage:day7-19:night1-5,AM,2.0-20.0,2216.536936370931,7007.8413989887895,2183.9830916752767,6780.284138800134,0.9708420931871732,1.3357611614376874,-0.8398119162098565,,,3.86,581.8772427797701,11.652430513365768
1556,,AM,R9EA1,00,EHZ,61.12612612612612,-149.92169953741097,2026-09-07T16:41:59.999000Z,2026-09-07T16:42:59.999000Z,100.0,100.0,60.0,,traffic,1,Traffic,timeofday:America/Anchorage:day7-19:night1-5,AM,2.0-20.0,2200.6982192528017,6847.98212868075,2166.650840347859,6785.102655501389,0.9692970147424624,1.2426638081342825,-0.7946291438489816,,,3.86,581.8772427797701,11.660711498334754
1557,,AM,R9EA1,00,EHZ,61.12612612612612,-149.92169953741097,2026-09-07T16:42:59.999000Z,2026-09-07T16:43:59.999000Z,100.0,100.0,60.0,,traffic,1,Traffic,timeofday:America/Anchorage:day7-19:night1-5,AM,2.0-20.0,2250.0174600561827,6199.995683341208,2217.6000756575486,6359.629919123897,0.9713923501664573,1.4174976123302876,-0.8483151425645841,,,3.86,581.8772427797701,10.929504458264061
1558,,AM,R9EA1,00,EHZ,61.12612612612612,-149.92169953741097,2026-09-07T16:46:59.999000Z,2026-09-07T16:47:59.999000Z,100.0,100.0,60.0,,traffic,1,Traffic,timeofday:America/Anchorage:day7-19:night1-5,AM,2.0-20.0,2267.7644999623485,6827.116270433738,2233.4927436912235,6929.191007942632,0.970003244107073,1.3455556689030006,-0.8903374628028229,,,3.86,581.8772427797701,11.90833821725041
1559,,AM,R9EA1,00,EHZ,61.12612612612612,-149.92169953741097,2026-09-07T16:53:59.999000Z,2026-09-07T16:54:59.999000Z,100.0,100.0,60.0,,traffic,1,Traffic,timeofday:America/Anchorage:day7-19:night1-5,AM,2.0-20.0,2499.491169712171,6809.309324854949,2468.486348047104,7512.659172844327,0.9753449637221081,1.3005270308172845,-0.9473580472095926,,,3.86,581.8772427797701,12.911072337104153
1560,,AM,R9EA1,00,EHZ,61.12612612612612,-149.92169953741097,2026-09-07T16:55:59.999000Z,2026-09-07T16:56:59.999000Z,100.0,100.0,60.0,,traffic,1,Traffic,timeofday:America/Anchorage:day7-19:night1-5,AM,2.0-20.0,2320.8798261519773,6676.369838958123,2292.9745933751906,5971.543487986053,0.9760974503079493,1.3015338147335052,-0.903403244463941,,,3.86,581.8772427797701,10.26254860811969
1561,,AM,R9EA1,00,EHZ,61.12612612612612,-149.92169953741097,2026-09-07T17:01:59.999000Z,2026-09-07T17:02:59.999000Z,100.0,100.0,60.0,,traffic,1,Traffic,timeofday:America/Anchorage:day7-19:night1-5,AM,2.0-20.0,2260.058729275546,6026.543119972991,2231.356404191133,5776.309992423459,0.9747616576307587,1.2414992524064279,-0.8910595254072322,,,3.86,581.8772427797701,9.927025096957928
1562,,AM,R9EA1,00,EHZ,61.12612612612612,-149.92169953741097,2026-09-07T17:02:59.999000Z,2026-09-07T17:03:59.999000Z,100.0,100.0,60.0,,traffic,1,Traffic,timeofday:America/Anchorage:day7-19:night1-5,AM,2.0-20.0,2294.384757884689,6771.586977234835,2265.930154402365,6964.8338680617835,0.9753501163235614,1.2652114670744672,-0.9137450463489687,,,3.86,581.8772427797701,11.9695931650275
1563,,AM,R9EA1,00,EHZ,61.12612612612612,-149.92169953741097,2026-09-07T17:05:59.999000Z,2026-09-07T17:06:59.999000Z,100.0,100.0,60.0,,traffic,1,Traffic,timeofday:America/Anchorage:day7-19:night1-5,AM,2.0-20.0,2300.0902446819778,7826.33970677185,2269.2520741982094,7568.667261614199,0.9733650093862716,1.6813609129368494,-0.7132753401269354,,,3.86,581.8772427797701,13.007326468821537
1564,,AM,R9EA1,00,EHZ,61.12612612612612,-149.92169953741097,2026-09-07T17:06:59.999000Z,2026-09-07T17:07:59.999000Z,100.0,100.0,60.0,,traffic,1,Traffic,timeofday:America/Anchorage:day7-19:night1-5,AM,2.0-20.0,2397.366997896278,8603.678815213772,2361.4414150659104,8383.552936865095,0.970253696949936,1.702221574858055,-0.7243629894325512,,,3.86,581.8772427797701,14.407769062792024
1565,,AM,R9EA1,00,EHZ,61.12612612612612,-149.92169953741097,2026-09-07T17:08:59.999000Z,2026-09-07T17:09:59.999000Z,100.0,100.0,60.0,,traffic,1,Traffic,timeofday:America/Anchorage:day7-19:night1-5,AM,2.0-20.0,2194.8619910391203,6409.744752140073,2166.47360235374,6401.821341831286,0.9742992490568081,1.4894232799580833,-0.8562715149538338,,,3.86,581.8772427797701,11.002013605564324
1566,,AM,R9EA1,00,EHZ,61.12612612612612,-149.92169953741097,2026-09-07T17:09:59.999000Z,2026-09-07T17:10:59.999000Z,100.0,100.0,60.0,,traffic,1,Traffic,timeofday:America/Anchorage:day7-19:night1-5,AM,2.0-20.0,2251.150295107708,6008.232717492224,2222.580797956069,5997.031077602083,0.9747789309978824,1.4116063773671808,-0.8624225638612741,,,3.86,581.8772427797701,10.306350956350856
1567,,AM,R9EA1,00,EHZ,61.12612612612612,-149.92169953741097,2026-09-07T17:15:59.999000Z,2026-09-07T17:16:59.999000Z,100.0,100.0,60.0,,traffic,1,Traffic,timeofday:America/Anchorage:day7-19:night1-5,AM,2.0-20.0,2415.335380251157,6573.666232612325,2382.085708995647,6611.052993772377,0.9726573684908486,1.2777073509193193,-0.8760762839258374,,,3.86,581.8772427797701,11.361594005962079
1568,,AM,R9EA1,00,EHZ,61.12612612612612,-149.92169953741097,2026-09-07T17:19:59.999000Z,2026-09-07T17:20:59.999000Z,100.0,100.0,60.0,,traffic,1,Traffic,timeofday:America/Anchorage:day7-19:night1-5,AM,2.0-20.0,2241.4332784540766,7061.539268573803,2213.7370594423674,6968.092079724055,0.9754397282952028,1.277431852176867,-0.8279758518456433,,,3.86,581.8772427797701,11.975192647912767
1569,,AM,R9EA1,00,EHZ,61.12612612612612,-149.92169953741097,2026-09-07T17:20:59.999000Z,2026-09-07T17:21:59.999000Z,100.0,100.0,60.0,,traffic,1,Traffic,timeofday:America/Anchorage:day7-19:night1-5,AM,2.0-20.0,2283.909599944107,8581.535954021283,2252.2183711422476,7990.042428492463,0.9724408031349566,1.8001964370812953,-0.7810330834524288,,,3.86,581.8772427797701,13.731491526154338
1570,,AM,R9EA1,00,EHZ,61.12612612612612,-149.92169953741097,2026-09-07T17:21:59.999000Z,2026-09-07T17:22:59.999000Z,100.0,100.0,60.0,,traffic,1,Traffic,timeofday:America/Anchorage:day7-19:night1-5,AM,2.0-20.0,2343.7562121252085,6908.48811710684,2312.530196137622,6374.073433932285,0.9735313743731193,1.3498865952960775,-0.8428404953514588,,,3.86,581.8772427797701,10.954326729606704
1571,,AM,R9EA1,00,EHZ,61.12612612612612,-149.92169953741097,2026-09-07T17:28:59.999000Z,2026-09-07T17:29:59.999000Z,100.0,100.0,60.0,,traffic,1,Traffic,timeofday:America/Anchorage:day7-19:night1-5,AM,2.0-20.0,2255.185064378056,5961.269705815054,2218.0804308680254,6405.300959311318,0.9673646369711476,1.302450192961271,-0.8677620309358849,,,3.86,581.8772427797701,11.007993591073655
1572,,AM,R9EA1,00,EHZ,61.12612612612612,-149.92169953741097,2026-09-07T17:31:59.999000Z,2026-09-07T17:32:59.999000Z,100.0,100.0,60.0,,traffic,1,Traffic,timeofday:America/Anchorage:day7-19:night1-5,AM,2.0-20.0,2255.113446097144,6496.807420069771,2223.4189810196754,5815.356580806072,0.9720885524487413,1.3445160452372786,-0.8807922915809021,,,3.86,581.8772427797701,9.994129608892573
1573,,AM,R9EA1,00,EHZ,61.12612612612612,-149.92169953741097,2026-09-07T17:34:59.999000Z,2026-09-07T17:35:59.999000Z,100.0,100.0,60.0,,traffic,1,Traffic,timeofday:America/Anchorage:day7-19:night1-5,AM,2.0-20.0,2205.859550179364,6322.077091748076,2169.943997214045,5712.768235027215,0.9677013284919913,1.269270666270776,-0.8694825619869939,,,3.86,581.8772427797701,9.817823786570381
1574,,AM,R9EA1,00,EHZ,61.12612612612612,-149.92169953741097,2026-09-07T17:36:59.999000Z,2026-09-07T17:37:59.999000Z,100.0,100.0,60.0,,traffic,1,Traffic,timeofday:America/Anchorage:day7-19:night1-5,AM,2.0-20.0,2211.3750643525564,7025.0368376542565,2179.187997588999,6287.526813858616,0.9711013999915294,1.3238578142304172,-0.7661106806862854,,,3.86,581.8772427797701,10.805589824791156
1575,,AM,R9EA1,00,EHZ,61.12612612612612,-149.92169953741097,2026-09-07T17:40:59.999000Z,2026-09-07T17:41:59.999000Z,100.0,100.0,60.0,,traffic,1,Traffic,timeofday:America/Anchorage:day7-19:night1-5,AM,2.0-20.0,2128.3138811800254,6191.906225523339,2097.2579502110884,5838.507923650774,0.971029320185044,1.3552437919833942,-0.7966582648548868,,,3.86,581.8772427797701,10.033916940553976
1576,,AM,R9EA1,00,EHZ,61.12612612612612,-149.92169953741097,2026-09-07T17:41:59.999000Z,2026-09-07T17:42:59.999000Z,100.0,100.0,60.0,,traffic,1,Traffic,timeofday:America/Anchorage:day7-19:night1-5,AM,2.0-20.0,2184.6548196560598,6201.857283758057,2154.2053852983663,6235.620166098809,0.9723185246837232,1.3651287410637483,-0.7928170982591385,,,3.86,581.8772427797701,10.716384329295513
1577,,AM,R9EA1,00,EHZ,61.12612612612612,-149.92169953741097,2026-09-07T17:44:59.999000Z,2026-09-07T17:45:59.999000Z,100.0,100.0,60.0,,traffic,1,Traffic,timeofday:America/Anchorage:day7-19:night1-5,AM,2.0-20.0,2287.321280054909,6715.756601619471,2256.4911324599534,7007.40549302377,0.9732242492535981,1.3316255465956242,-0.83419129137221,,,3.86,581.8772427797701,12.042755718624907
1578,,AM,R9EA1,00,EHZ,61.12612612612612,-149.92169953741097,2026-09-07T17:45:59.999000Z,2026-09-07T17:46:59.999000Z,100.0,100.0,60.0,,traffic,1,Traffic,timeofday:America/Anchorage:day7-19:night1-5,AM,2.0-20.0,2231.2513831414253,6374.747429272872,2197.9750406881985,5830.764109415044,0.9703949048064683,1.2586078900784938,-0.8688448501971804,,,3.86,581.8772427797701,10.020608610778549
1579,,AM,R9EA1,00,EHZ,61.12612612612612,-149.92169953741097,2026-09-07T17:46:59.999000Z,2026-09-07T17:47:59.999000Z,100.0,100.0,60.0,,traffic,1,Traffic,timeofday:America/Anchorage:day7-19:night1-5,AM,2.0-20.0,2230.518643046225,6844.300261717873,2194.720863036733,7399.7618662761915,0.9681594060291927,1.5227047368615911,-0.8178844268318328,,,3.86,581.8772427797701,12.717049786868648
1580,,AM,R9EA1,00,EHZ,61.12612612612612,-149.92169953741097,2026-09-07T17:47:59.999000Z,2026-09-07T17:48:59.999000Z,100.0,100.0,60.0,,traffic,1,Traffic,timeofday:America/Anchorage:day7-19:night1-5,AM,2.0-20.0,2252.3490119746534,6627.69138415054,2217.6559179397705,7142.917918380629,0.9694311105970418,1.417321183346132,-0.8627278228286102,,,3.86,581.8772427797701,12.275644058972235
1581,,AM,R9EA1,00,EHZ,61.12612612612612,-149.92169953741097,2026-09-07T17:53:59.999000Z,2026-09-07T17:54:59.999000Z,100.0,100.0,60.0,,traffic,1,Traffic,timeofday:America/Anchorage:day7-19:night1-5,AM,2.0-20.0,2175.754052831459,6034.477626782339,2140.539097024691,5779.094186911218,0.9678916137741802,1.3351611983656082,-0.859453452508538,,,3.86,581.8772427797701,9.931809945518868
1582,,AM,R9EA1,00,EHZ,61.12612612612612,-149.92169953741097,2026-09-07T17:54:59.999000Z,2026-09-07T17:55:59.999000Z,100.0,100.0,60.0,,traffic,1,Traffic,timeofday:America/Anchorage:day7-19:night1-5,AM,2.0-20.0,2247.8403324929327,6581.446545035123,2213.478639295724,5984.974937821921,0.9696606052784347,1.3096057163348085,-0.8496819018685406,,,3.86,581.8772427797701,10.285631569349972
1583,,AM,R9EA1,00,EHZ,61.12612612612612,-149.92169953741097,2026-09-07T18:05:59.999000Z,2026-09-07T18:06:59.999000Z,100.0,100.0,60.0,,traffic,1,Traffic,timeofday:America/Anchorage:day7-19:night1-5,AM,2.0-20.0,2299.0903807134073,6682.496320304964,2268.619275352278,6383.241810199061,0.9736685599817864,1.3157016639666366,-0.829178357827991,,,3.86,581.8772427797701,10.97008327685192
1584,,AM,R9EA1,00,EHZ,61.12612612612612,-149.92169953741097,2026-09-07T18:06:59.999000Z,2026-09-07T18:07:59.999000Z,100.0,100.0,60.0,,traffic,1,Traffic,timeofday:America/Anchorage:day7-19:night1-5,AM,2.0-20.0,2267.005691906315,6729.4274671534995,2233.7562024771723,7496.004679256748,0.970881714655305,1.6833967161675627,-0.8146822181631146,,,3.86,581.8772427797701,12.882450331699687
1585,,AM,R9EA1,00,EHZ,61.12612612612612,-149.92169953741097,2026-09-07T18:07:59.999000Z,2026-09-07T18:08:59.999000Z,100.0,100.0,60.0,,traffic,1,Traffic,timeofday:America/Anchorage:day7-19:night1-5,AM,2.0-20.0,2255.144749854032,6223.603595906213,2224.273266317821,6319.350434365909,0.972808682772938,1.345181682309642,-0.8259577435926211,,,3.86,581.8772427797701,10.860281120768402
1586,,AM,R9EA1,00,EHZ,61.12612612612612,-149.92169953741097,2026-09-07T18:08:59.999000Z,2026-09-07T18:09:59.999000Z,100.0,100.0,60.0,,traffic,1,Traffic,timeofday:America/Anchorage:day7-19:night1-5,AM,2.0-20.0,2241.7803801692544,6557.629296443428,2207.7095137379647,6236.469543287521,0.9698347259827719,1.2895729815958878,-0.8109033570973496,,,3.86,581.8772427797701,10.71784404816105
1587,,AM,R9EA1,00,EHZ,61.12612612612612,-149.92169953741097,2026-09-07T18:13:59.999000Z,2026-09-07T18:14:59.999000Z,100.0,100.0,60.0,,traffic,1,Traffic,timeofday:America/Anchorage:day7-19:night1-5,AM,2.0-20.0,2359.0272888136456,7327.137706729806,2324.7211727048325,7857.131359139343,0.9711265162538859,1.5413408694252655,-0.7385753700034301,,,3.86,581.8772427797701,13.503073812620514
1588,,AM,R9EA1,00,EHZ,61.12612612612612,-149.92169953741097,2026-09-07T18:16:59.999000Z,2026-09-07T18:17:59.999000Z,100.0,100.0,60.0,,traffic,1,Traffic,timeofday:America/Anchorage:day7-19:night1-5,AM,2.0-20.0,2232.3477509997856,6408.96944820449,2196.5622223677983,6199.910769341637,0.9681960844716045,1.2608418240093426,-0.8679383489360815,,,3.86,581.8772427797701,10.655015033279433
1589,,AM,R9EA1,00,EHZ,61.12612612612612,-149.92169953741097,2026-09-07T18:17:59.999000Z,2026-09-07T18:18:59.999000Z,100.0,100.0,60.0,,traffic,1,Traffic,timeofday:America/Anchorage:day7-19:night1-5,AM,2.0-20.0,2176.1831577919893,6535.012410641158,2143.6876748118293,6032.193672908255,0.9703583163554368,1.3420067017481574,-0.8272084690334154,,,3.86,581.8772427797701,10.366780532764933
1590,,AM,R9EA1,00,EHZ,61.12612612612612,-149.92169953741097,2026-09-07T18:19:59.999000Z,2026-09-07T18:20:59.999000Z,100.0,100.0,60.0,,traffic,1,Traffic,timeofday:America/Anchorage:day7-19:night1-5,AM,2.0-20.0,2274.1865817278335,8049.070271814514,2241.8313377519476,7157.373792425509,0.9717480681478241,1.4887365380406512,-0.7999466826522399,,,3.86,581.8772427797701,12.300487570596475
1591,,AM,R9EA1,00,EHZ,61.12612612612612,-149.92169953741097,2026-09-07T18:23:59.999000Z,2026-09-07T18:24:59.999000Z,100.0,100.0,60.0,,traffic,1,Traffic,timeofday:America/Anchorage:day7-19:night1-5,AM,2.0-20.0,2305.0141054596857,10195.253088802889,2271.847344486869,8925.882386647114,0.971429117714416,1.6952988163956615,-0.7052460577635578,,,3.86,581.8772427797701,15.339803192862446
1592,,AM,R9EA1,00,EHZ,61.12612612612612,-149.92169953741097,2026-09-07T18:26:59.999000Z,2026-09-07T18:27:59.999000Z,100.0,100.0,60.0,,traffic,1,Traffic,timeofday:America/Anchorage:day7-19:night1-5,AM,2.0-20.0,2279.3368585010453,6711.357951361154,2245.68217629671,6161.862581574922,0.9706877687961534,1.2548274775807329,-0.8410583795653541,,,3.86,581.8772427797701,10.589626348228013
1593,,AM,R9EA1,00,EHZ,61.12612612612612,-149.92169953741097,2026-09-07T18:30:59.999000Z,2026-09-07T18:31:59.999000Z,100.0,100.0,60.0,,traffic,1,Traffic,timeofday:America/Anchorage:day7-19:night1-5,AM,2.0-20.0,2317.219099250497,6852.537957459873,2284.580496133349,6373.933458937636,0.9720279003948623,1.390021073684819,-0.8374546637093756,,,3.86,581.8772427797701,10.954086172003901
1594,,AM,R9EA1,00,EHZ,61.12612612612612,-149.92169953741097,2026-09-07T18:32:59.999000Z,2026-09-07T18:33:59.999000Z,100.0,100.0,60.0,,traffic,1,Traffic,timeofday:America/Anchorage:day7-19:night1-5,AM,2.0-20.0,2249.358169962109,7072.395515877431,2213.668168563159,6481.58697759123,0.9685182558069031,1.4814974598415338,-0.8362106589653711,,,3.86,581.8772427797701,11.139096876563004
1595,,AM,R9EA1,00,EHZ,61.12612612612612,-149.92169953741097,2026-09-07T18:33:59.999000Z,2026-09-07T18:34:59.999000Z,100.0,100.0,60.0,,traffic,1,Traffic,timeofday:America/Anchorage:day7-19:night1-5,AM,2.0-20.0,2203.0077973629586,6551.654234140452,2170.3815536986826,6699.172323855815,0.9705996060444052,1.378556587191912,-0.8322297101543907,,,3.86,581.8772427797701,11.513033731740785
1596,,AM,R9EA1,00,EHZ,61.12612612612612,-149.92169953741097,2026-09-07T18:34:59.999000Z,2026-09-07T18:35:59.999000Z,100.0,100.0,60.0,,traffic,1,Traffic,timeofday:America/Anchorage:day7-19:night1-5,AM,2.0-20.0,2166.7160437443013,5914.286819047354,2132.972739947204,6155.95368601328,0.9690955779824906,1.4494077453512104,-0.7842954873591128,,,3.86,581.8772427797701,10.579471464814095
1597,,AM,R9EA1,00,EHZ,61.12612612612612,-149.92169953741097,2026-09-07T18:36:59.999000Z,2026-09-07T18:37:59.999000Z,100.0,100.0,60.0,,traffic,1,Traffic,timeofday:America/Anchorage:day7-19:night1-5,AM,2.0-20.0,2257.673360478311,6386.209908467045,2222.65998833001,6445.67955488777,0.969223300042468,1.3601762410611342,-0.7731840650778938,,,3.86,581.8772427797701,11.077387257998234
1598,,AM,R9EA1,00,EHZ,61.12612612612612,-149.92169953741097,2026-09-07T18:42:59.999000Z,2026-09-07T18:43:59.999000Z,100.0,100.0,60.0,,traffic,1,Traffic,timeofday:America/Anchorage:day7-19:night1-5,AM,2.0-20.0,2298.9760421330475,7375.957344573454,2266.6480616052713,6829.61256001234,0.9720739290368889,1.387257561520546,-0.7790777328085077,,,3.86,581.8772427797701,11.737205131765608
1599,,AM,R9EA1,00,EHZ,61.12612612612612,-149.92169953741097,2026-09-07T18:43:59.999000Z,2026-09-07T18:44:59.999000Z,100.0,100.0,60.0,,traffic,1,Traffic,timeofday:America/Anchorage:day7-19:night1-5,AM,2.0-20.0,2295.3579005048073,6656.941495795131,2260.584940955425,6685.529482024691,0.9699309921595757,1.2443605217075109,-0.7630785025095155,,,3.86,581.8772427797701,11.489587477396915
1600,,AM,R9EA1,00,EHZ,61.12612612612612,-149.92169953741097,2026-09-07T18:52:59.999000Z,2026-09-07T18:53:59.999000Z,100.0,100.0,60.0,,traffic,1,Traffic,timeofday:America/Anchorage:day7-19:night1-5,AM,2.0-20.0,2258.520931765058,6751.000260510895,2222.7810588076227,6670.461040932574,0.9686014945683037,1.2471967129420989,-0.8301819728653559,,,3.86,581.8772427797701,11.463691223025235
1601,,AM,R9EA1,00,EHZ,61.12612612612612,-149.92169953741097,2026-09-07T18:54:59.999000Z,2026-09-07T18:55:59.999000Z,100.0,100.0,60.0,,traffic,1,Traffic,timeofday:America/Anchorage:day7-19:night1-5,AM,2.0-20.0,2239.6635735745326,7115.058807099018,2205.9339885247377,6845.902111323723,0.9701065822791044,1.4440301787288274,-0.7627801660013636,,,3.86,581.8772427797701,11.765199956298638
1602,,AM,R9EA1,00,EHZ,61.12612612612612,-149.92169953741097,2026-09-07T18:56:59.999000Z,2026-09-07T18:57:59.999000Z,100.0,100.0,60.0,,traffic,1,Traffic,timeofday:America/Anchorage:day7-19:night1-5,AM,2.0-20.0,2215.3176808759313,7067.13456477018,2180.908418966341,6722.698642489023,0.9691764007335183,1.279299605877283,-0.84293641009645,,,3.86,581.8772427797701,11.553465487622518
1603,,AM,R9EA1,00,EHZ,61.12612612612612,-149.92169953741097,2026-09-07T18:59:59.999000Z,2026-09-07T19:00:59.999000Z,100.0,100.0,60.0,,traffic,1,Traffic,timeofday:America/Anchorage:day7-19:night1-5,AM,2.0-20.0,2258.7633707440655,6644.7926391527635,2223.2294713613624,6700.439495390632,0.9687843376735596,1.243861361990616,-0.8378154168336649,,,3.86,581.8772427797701,11.51521146175264
1604,,AM,R9EA1,00,EHZ,61.12612612612612,-149.92169953741097,2026-09-07T19:00:59.999000Z,2026-09-07T19:01:59.999000Z,100.0,100.0,60.0,,traffic,1,Traffic,timeofday:America/Anchorage:day7-19:night1-5,AM,2.0-20.0,2127.2483417024464,5883.22027734008,2094.2063255190074,6195.011202747424,0.9691757667817783,1.3047576367501694,-0.8204408118033863,,,3.86,581.8772427797701,10.646594757946433
1605,,AM,R9EA1,00,EHZ,61.12612612612612,-149.92169953741097,2026-09-07T19:02:59.999000Z,2026-09-07T19:03:59.999000Z,100.0,100.0,60.0,,traffic,1,Traffic,timeofday:America/Anchorage:day7-19:night1-5,AM,2.0-20.0,2215.794681128989,6355.284564114254,2181.8587173538563,6206.55718247078,0.9696035997928208,1.2248629569964347,-0.843365694231029,,,3.86,581.8772427797701,10.666437396349334
1606,,AM,R9EA1,00,EHZ,61.12612612612612,-149.92169953741097,2026-09-07T19:05:59.999000Z,2026-09-07T19:06:59.999000Z,100.0,100.0,60.0,,traffic,1,Traffic,timeofday:America/Anchorage:day7-19:night1-5,AM,2.0-20.0,2304.9023947942333,6984.612230667282,2272.906075796571,6262.757610749026,0.9724289974692717,1.3409034227869885,-0.883501707890566,,,3.86,581.8772427797701,10.763022078042267
1607,,AM,R9EA1,00,EHZ,61.12612612612612,-149.92169953741097,2026-09-07T19:06:59.999000Z,2026-09-07T19:07:59.999000Z,100.0,100.0,60.0,,traffic,1,Traffic,timeofday:America/Anchorage:day7-19:night1-5,AM,2.0-20.0,2360.1995449047954,8542.604101537336,2329.3679943528223,7966.820608458902,0.9740444212676759,1.5798971474636805,-0.8337848285035689,,,3.86,581.8772427797701,13.691583074119634
1608,,AM,R9EA1,00,EHZ,61.12612612612612,-149.92169953741097,2026-09-07T19:09:59.999000Z,2026-09-07T19:10:59.999000Z,100.0,100.0,60.0,,traffic,1,Traffic,timeofday:America/Anchorage:day7-19:night1-5,AM,2.0-20.0,2356.0105241128276,6685.522218857755,2328.7152368013944,6467.518074248639,0.9769634525505718,1.2751441522039264,-0.8694749624976237,,,3.86,581.8772427797701,11.114918403324594
1609,,AM,R9EA1,00,EHZ,61.12612612612612,-149.92169953741097,2026-09-07T19:20:59.999000Z,2026-09-07T19:21:59.999000Z,100.0,100.0,60.0,,traffic,1,Traffic,timeofday:America/Anchorage:day7-19:night1-5,AM,2.0-20.0,2344.0544800098673,6528.290037446217,2314.051441908797,6515.305406167236,0.9745645637416278,1.3412848460985007,-0.8451750898089605,,,3.86,581.8772427797701,11.197044543350804
1610,,AM,R9EA1,00,EHZ,61.12612612612612,-149.92169953741097,2026-09-07T19:22:59.999000Z,2026-09-07T19:23:59.999000Z,100.0,100.0,60.0,,traffic,1,Traffic,timeofday:America/Anchorage:day7-19:night1-5,AM,2.0-20.0,2387.5849971079792,6977.657555103606,2356.3504101896783,6653.433800145511,0.9740069733938376,1.3715723782916254,-0.819742199026873,,,3.86,581.8772427797701,11.434428623399032
1611,,AM,R9EA1,00,EHZ,61.12612612612612,-149.92169953741097,2026-09-07T19:23:59.999000Z,2026-09-07T19:24:59.999000Z,100.0,100.0,60.0,,traffic,1,Traffic,timeofday:America/Anchorage:day7-19:night1-5,AM,2.0-20.0,2403.0763757046643,8878.358395157115,2372.541317363143,8139.11901673615,0.9747481524528596,1.5946567036264747,-0.7331812615771018,,,3.86,581.8772427797701,13.98769090513591
1612,,AM,R9EA1,00,EHZ,61.12612612612612,-149.92169953741097,2026-09-07T19:24:59.999000Z,2026-09-07T19:25:59.999000Z,100.0,100.0,60.0,,traffic,1,Traffic,timeofday:America/Anchorage:day7-19:night1-5,AM,2.0-20.0,2355.821613911997,10987.373753243255,2324.572016732087,11099.882250835995,0.9736462756427791,2.872382787355194,-0.5344648141138437,,,3.86,581.8772427797701,19.075986195660686
1613,,AM,R9EA1,00,EHZ,61.12612612612612,-149.92169953741097,2026-09-07T19:25:59.999000Z,2026-09-07T19:26:59.999000Z,100.0,100.0,60.0,,traffic,1,Traffic,timeofday:America/Anchorage:day7-19:night1-5,AM,2.0-20.0,2323.910243571475,6808.598791389935,2292.8081152113127,6161.542491933495,0.9734120538672537,1.3815264006784054,-0.8442470715138626,,,3.86,581.8772427797701,10.589076249997847
1614,,AM,R9EA1,00,EHZ,61.12612612612612,-149.92169953741097,2026-09-07T19:29:59.999000Z,2026-09-07T19:30:59.999000Z,100.0,100.0,60.0,,traffic,1,Traffic,timeofday:America/Anchorage:day7-19:night1-5,AM,2.0-20.0,2341.65809401949,7114.495479997766,2307.7163777318847,6720.677358615319,0.9712206250244771,1.3833927450600794,-0.8488707407379921,,,3.86,581.8772427797701,11.549991758586394
1615,,AM,R9EA1,00,EHZ,61.12612612612612,-149.92169953741097,2026-09-07T19:40:59.999000Z,2026-09-07T19:41:59.999000Z,100.0,100.0,60.0,,traffic,1,Traffic,timeofday:America/Anchorage:day7-19:night1-5,AM,2.0-20.0,2276.679085966489,6409.257956467251,2247.043370164771,6465.377060142656,0.9741352826330002,1.3085345364459153,-0.8405267494917177,,,3.86,581.8772427797701,11.111238908839201
1616,,AM,R9EA1,00,EHZ,61.12612612612612,-149.92169953741097,2026-09-07T19:43:59.999000Z,2026-09-07T19:44:59.999000Z,100.0,100.0,60.0,,traffic,1,Traffic,timeofday:America/Anchorage:day7-19:night1-5,AM,2.0-20.0,2307.500603076977,6874.173129381559,2275.965419250635,6834.650866192219,0.9728540067497368,1.275441437742848,-0.8453896561764496,,,3.86,581.8772427797701,11.745863841557744
1617,,AM,R9EA1,00,EHZ,61.12612612612612,-149.92169953741097,2026-09-07T19:46:59.999000Z,2026-09-07T19:47:59.999000Z,100.0,100.0,60.0,,traffic,1,Traffic,timeofday:America/Anchorage:day7-19:night1-5,AM,2.0-20.0,2308.535169964425,6814.107440301554,2276.855938717152,6707.812955049043,0.9727430016409244,1.741940172038559,-0.7666709628259016,,,3.86,581.8772427797701,11.527883309208276
1618,,AM,R9EA1,00,EHZ,61.12612612612612,-149.92169953741097,2026-09-07T19:47:59.999000Z,2026-09-07T19:48:59.999000Z,100.0,100.0,60.0,,traffic,1,Traffic,timeofday:America/Anchorage:day7-19:night1-5,AM,2.0-20.0,2251.6633561971707,6726.095016171281,2219.5853477401706,6026.805219357916,0.9717102372971936,1.2232651519670599,-0.8292016965355336,,,3.86,581.8772427797701,10.357520068264556
1619,,AM,R9EA1,00,EHZ,61.12612612612612,-149.92169953741097,2026-09-07T19:48:59.999000Z,2026-09-07T19:49:59.999000Z,100.0,100.0,60.0,,traffic,1,Traffic,timeofday:America/Anchorage:day7-19:night1-5,AM,2.0-20.0,2329.0060305646257,7283.054721382932,2295.4857162158937,6078.247104228574,0.9714220636049629,1.2778436639755686,-0.8409734979062624,,,3.86,581.8772427797701,10.445926833624391
1620,,AM,R9EA1,00,EHZ,61.12612612612612,-149.92169953741097,2026-09-07T19:50:59.999000Z,2026-09-07T19:51:59.999000Z,100.0,100.0,60.0,,traffic,1,Traffic,timeofday:America/Anchorage:day7-19:night1-5,AM,2.0-20.0,2292.715426712854,7031.030288413645,2257.786960705068,6587.336136985812,0.9697630102375148,1.2830499319829303,-0.8246199844999813,,,3.86,581.8772427797701,11.320834795869477
1621,,AM,R9EA1,00,EHZ,61.12612612612612,-149.92169953741097,2026-09-07T19:55:59.999000Z,2026-09-07T19:56:59.999000Z,100.0,100.0,60.0,,traffic,1,Traffic,timeofday:America/Anchorage:day7-19:night1-5,AM,2.0-20.0,2218.637793160695,7327.097367506156,2188.7207955009144,7039.718707661897,0.9732130306425991,1.5561466810118676,-0.7273015211356775,,,3.86,581.8772427797701,12.09828841910269
1622,,AM,R9EA1,00,EHZ,61.12612612612612,-149.92169953741097,2026-09-07T19:56:59.999000Z,2026-09-07T19:57:59.999000Z,100.0,100.0,60.0,,traffic,1,Traffic,timeofday:America/Anchorage:day7-19:night1-5,AM,2.0-20.0,2277.576782621159,6355.108461166275,2245.6186110861127,6050.555481406946,0.9721335774413502,1.2963607387669929,-0.8250711806206126,,,3.86,581.8772427797701,10.398336687824326
1623,,AM,R9EA1,00,EHZ,61.12612612612612,-149.92169953741097,2026-09-07T19:58:59.999000Z,2026-09-07T19:59:59.999000Z,100.0,100.0,60.0,,traffic,1,Traffic,timeofday:America/Anchorage:day7-19:night1-5,AM,2.0-20.0,2263.167873617623,7258.154904572484,2231.7542833852076,7118.193891754834,0.9724319396825203,1.4610170444523147,-0.7772000900859308,,,3.86,581.8772427797701,12.233153951423635
1624,,AM,R9EA1,00,EHZ,61.12612612612612,-149.92169953741097,2026-09-07T19:59:59.999000Z,2026-09-07T20:00:59.999000Z,100.0,100.0,60.0,,traffic,1,Traffic,timeofday:America/Anchorage:day7-19:night1-5,AM,2.0-20.0,2246.4613583368123,9488.188873859655,2213.0670209013447,8246.817557454737,0.9704903636327267,2.1953812382467666,-0.6533896562785011,,,3.86,581.8772427797701,14.172778983514924
1625,,AM,R9EA1,00,EHZ,61.12612612612612,-149.92169953741097,2026-09-07T20:01:59.999000Z,2026-09-07T20:02:59.999000Z,100.0,100.0,60.0,,traffic,1,Traffic,timeofday:America/Anchorage:day7-19:night1-5,AM,2.0-20.0,2257.9294450274806,7003.766036276027,2221.2323738029545,6331.814223940057,0.9677590802165356,1.4463790649843267,-0.7684804700238081,,,3.86,581.8772427797701,10.881701084736411
1626,,AM,R9EA1,00,EHZ,61.12612612612612,-149.92169953741097,2026-09-07T20:10:59.999000Z,2026-09-07T20:11:59.999000Z,100.0,100.0,60.0,,traffic,1,Traffic,timeofday:America/Anchorage:day7-19:night1-5,AM,2.0-20.0,2281.112259298783,6674.563031909076,2245.800901592714,7112.015115209451,0.969279854888768,1.3294911408459975,-0.7517514456349281,,,3.86,581.8772427797701,12.222535257150827
1627,,AM,R9EA1,00,EHZ,61.12612612612612,-149.92169953741097,2026-09-07T20:16:59.999000Z,2026-09-07T20:17:59.999000Z,100.0,100.0,60.0,,traffic,1,Traffic,timeofday:America/Anchorage:day7-19:night1-5,AM,2.0-20.0,2244.0228340583685,7479.751163219169,2212.986487448664,6753.160888731293,0.9725299409994287,1.5678015806265506,-0.7268226843007732,,,3.86,581.8772427797701,11.605817159079448
1628,,AM,R9EA1,00,EHZ,61.12612612612612,-149.92169953741097,2026-09-07T20:17:59.999000Z,2026-09-07T20:18:59.999000Z,100.0,100.0,60.0,,traffic,1,Traffic,timeofday:America/Anchorage:day7-19:night1-5,AM,2.0-20.0,2290.550386021125,7820.239204776784,2258.4358362075886,6620.607645066439,0.9721556707334779,1.3158791936470724,-0.770256212453091,,,3.86,581.8772427797701,11.378014396023076
1629,,AM,R9EA1,00,EHZ,61.12612612612612,-149.92169953741097,2026-09-07T20:18:59.999000Z,2026-09-07T20:19:59.999000Z,100.0,100.0,60.0,,traffic,1,Traffic,timeofday:America/Anchorage:day7-19:night1-5,AM,2.0-20.0,2186.185512094997,7212.221467690661,2156.9112879320705,6258.3545742747265,0.9733982088565606,1.4674466256812888,-0.8108287264814642,,,3.86,581.8772427797701,10.755455127231018
1630,,AM,R9EA1,00,EHZ,61.12612612612612,-149.92169953741097,2026-09-07T20:23:59.999000Z,2026-09-07T20:24:59.999000Z,100.0,100.0,60.0,,traffic,1,Traffic,timeofday:America/Anchorage:day7-19:night1-5,AM,2.0-20.0,2199.4424779612914,6075.13685593007,2169.2984046787783,6363.21054311182,0.9727771865582437,1.3849292311414776,-0.8451355032071355,,,3.86,581.8772427797701,10.935658031087803
1631,,AM,R9EA1,00,EHZ,61.12612612612612,-149.92169953741097,2026-09-07T20:27:59.999000Z,2026-09-07T20:28:59.999000Z,100.0,100.0,60.0,,traffic,1,Traffic,timeofday:America/Anchorage:day7-19:night1-5,AM,2.0-20.0,2277.1204198605387,6546.926753610534,2245.0455977798133,6415.82025542235,0.972027018216574,1.4021267823299617,-0.8131037557300713,,,3.86,581.8772427797701,11.026071796127315
1632,,AM,R9EA1,00,EHZ,61.12612612612612,-149.92169953741097,2026-09-07T20:28:59.999000Z,2026-09-07T20:29:59.999000Z,100.0,100.0,60.0,,traffic,1,Traffic,timeofday:America/Anchorage:day7-19:night1-5,AM,2.0-20.0,2193.2444714918365,6597.057540503962,2162.286195576905,6171.908875317918,0.9719686666630216,1.30889762849402,-0.775919701884022,,,3.86,581.8772427797701,10.606891662978942
1633,,AM,R9EA1,00,EHZ,61.12612612612612,-149.92169953741097,2026-09-07T20:35:59.999000Z,2026-09-07T20:36:59.999000Z,100.0,100.0,60.0,,traffic,1,Traffic,timeofday:America/Anchorage:day7-19:night1-5,AM,2.0-20.0,2226.898119766472,6569.0661655298445,2197.4763402698636,6416.650667603322,0.9737505555807314,1.3333565461067163,-0.801654248689228,,,3.86,581.8772427797701,11.02749892219433
1634,,AM,R9EA1,00,EHZ,61.12612612612612,-149.92169953741097,2026-09-07T20:36:59.999000Z,2026-09-07T20:37:59.999000Z,100.0,100.0,60.0,,traffic,1,Traffic,timeofday:America/Anchorage:day7-19:night1-5,AM,2.0-20.0,2220.537304038358,6251.084091368319,2188.754404346687,6378.016856556089,0.9715785518999025,1.2668028684870378,-0.7909709307382875,,,3.86,581.8772427797701,10.961103799294058
1635,,AM,R9EA1,00,EHZ,61.12612612612612,-149.92169953741097,2026-09-07T20:37:59.999000Z,2026-09-07T20:38:59.999000Z,100.0,100.0,60.0,,traffic,1,Traffic,timeofday:America/Anchorage:day7-19:night1-5,AM,2.0-20.0,2260.3261938597634,7215.098839406097,2226.1191970632794,6399.142180084778,0.9699617175213736,1.3868981134274352,-0.7620798529481521,,,3.86,581.8772427797701,10.997409263703988
1636,,AM,R9EA1,00,EHZ,61.12612612612612,-149.92169953741097,2026-09-07T20:53:59.999000Z,2026-09-07T20:54:59.999000Z,100.0,100.0,60.0,,traffic,1,Traffic,timeofday:America/Anchorage:day7-19:night1-5,AM,2.0-20.0,2226.9676571023238,7738.369676485008,2191.2310286062248,7657.640690503073,0.9681630833703527,1.4817291561215993,-0.7251082292931712,,,3.86,581.8772427797701,13.160234027920817
1637,,AM,R9EA1,00,EHZ,61.12612612612612,-149.92169953741097,2026-09-07T20:56:59.999000Z,2026-09-07T20:57:59.999000Z,100.0,100.0,60.0,,traffic,1,Traffic,timeofday:America/Anchorage:day7-19:night1-5,AM,2.0-20.0,2355.366199892206,9228.418969019307,2321.9276042986344,8530.70649831336,0.9718080054424999,1.662255998944797,-0.6255141298419282,,,3.86,581.8772427797701,14.660663574949394
1638,,AM,R9EA1,00,EHZ,61.12612612612612,-149.92169953741097,2026-09-07T20:58:59.999000Z,2026-09-07T20:59:59.999000Z,100.0,100.0,60.0,,traffic,1,Traffic,timeofday:America/Anchorage:day7-19:night1-5,AM,2.0-20.0,2239.035407319365,6186.449003179916,2205.7300486678882,6030.593909711717,0.9704715234802893,1.330173490998856,-0.8270250894117179,,,3.86,581.8772427797701,10.364031218856564
1639,,AM,R9EA1,00,EHZ,61.12612612612612,-149.92169953741097,2026-09-07T21:02:59.999000Z,2026-09-07T21:03:59.999000Z,100.0,100.0,60.0,,traffic,1,Traffic,timeofday:America/Anchorage:day7-19:night1-5,AM,2.0-20.0,2211.078095316445,6881.4418557358895,2178.1010989558627,6240.711158667607,0.9703935562678467,1.3851107955602822,-0.8324933480406775,,,3.86,581.8772427797701,10.725133584627235
1640,,AM,R9EA1,00,EHZ,61.12612612612612,-149.92169953741097,2026-09-07T21:06:59.999000Z,2026-09-07T21:07:59.999000Z,100.0,100.0,60.0,,traffic,1,Traffic,timeofday:America/Anchorage:day7-19:night1-5,AM,2.0-20.0,2245.9037088127106,6899.3601101278855,2212.9860805957032,6588.984911600556,0.9709013387183443,1.3552173264137486,-0.82044021898029,,,3.86,581.8772427797701,11.323668339602632
1641,,AM,R9EA1,00,EHZ,61.12612612612612,-149.92169953741097,2026-09-07T21:10:59.999000Z,2026-09-07T21:11:59.999000Z,100.0,100.0,60.0,,traffic,1,Traffic,timeofday:America/Anchorage:day7-19:night1-5,AM,2.0-20.0,2292.333198553502,7046.277712035653,2259.553737977531,6214.247201715681,0.9716052675780478,1.3812165598279087,-0.823056490072597,,,3.86,581.8772427797701,10.679653275369045
1642,,AM,R9EA1,00,EHZ,61.12612612612612,-149.92169953741097,2026-09-07T21:15:59.999000Z,2026-09-07T21:16:59.999000Z,100.0,100.0,60.0,,traffic,1,Traffic,timeofday:America/Anchorage:day7-19:night1-5,AM,2.0-20.0,2286.381123124934,8797.804256295332,2254.5084282481157,9926.33068330881,0.9723138560798462,1.5473372218951964,-0.7043025422040454,,,3.86,581.8772427797701,17.059149170172557
1643,,AM,R9EA1,00,EHZ,61.12612612612612,-149.92169953741097,2026-09-07T21:16:59.999000Z,2026-09-07T21:17:59.999000Z,100.0,100.0,60.0,,traffic,1,Traffic,timeofday:America/Anchorage:day7-19:night1-5,AM,2.0-20.0,2263.1384889188366,6748.172379750244,2229.828893730041,6507.513955059112,0.9707799900715796,1.289231399136992,-0.8757022837694848,,,3.86,581.8772427797701,11.18365434601141
1644,,AM,R9EA1,00,EHZ,61.12612612612612,-149.92169953741097,2026-09-07T21:19:59.999000Z,2026-09-07T21:20:59.999000Z,100.0,100.0,60.0,,traffic,1,Traffic,timeofday:America/Anchorage:day7-19:night1-5,AM,2.0-20.0,2332.5603951621197,6898.122063178142,2299.8723302390226,7474.260132351656,0.9721687611796034,1.5747276666470855,-0.7466461437280723,,,3.86,581.8772427797701,12.845080685137788
1645,,AM,R9EA1,00,EHZ,61.12612612612612,-149.92169953741097,2026-09-07T21:22:59.999000Z,2026-09-07T21:23:59.999000Z,100.0,100.0,60.0,,traffic,1,Traffic,timeofday:America/Anchorage:day7-19:night1-5,AM,2.0-20.0,2323.1517637226257,11960.059531348446,2288.5056269240727,10049.755497955744,0.9703955710947585,2.295482106653954,-0.5703400274255723,,,3.86,581.8772427797701,17.27126403834871
1646,,AM,R9EA1,00,EHZ,61.12612612612612,-149.92169953741097,2026-09-07T21:23:59.999000Z,2026-09-07T21:24:59.999000Z,100.0,100.0,60.0,,traffic,1,Traffic,timeofday:America/Anchorage:day7-19:night1-5,AM,2.0-20.0,2295.8307774082177,6257.963311873375,2263.7437218271225,6161.865136920573,0.9722428779298377,1.3274552452658468,-0.8508503444333071,,,3.86,581.8772427797701,10.58963073978256
1647,,AM,R9EA1,00,EHZ,61.12612612612612,-149.92169953741097,2026-09-07T21:26:59.999000Z,2026-09-07T21:27:59.999000Z,100.0,100.0,60.0,,traffic,1,Traffic,timeofday:America/Anchorage:day7-19:night1-5,AM,2.0-20.0,2302.0345636611964,7008.0193784627245,2268.3102964893023,6389.992310766776,0.9709150840801541,1.4215150483097927,-0.7840466451564936,,,3.86,581.8772427797701,10.98168452204836
1648,,AM,R9EA1,00,EHZ,61.12612612612612,-149.92169953741097,2026-09-07T21:33:59.999000Z,2026-09-07T21:34:59.999000Z,100.0,100.0,60.0,,traffic,1,Traffic,timeofday:America/Anchorage:day7-19:night1-5,AM,2.0-20.0,2274.8073187152886,7506.144790322827,2243.1083864078087,6912.774642286901,0.9723246243540304,1.4545140586208776,-0.7596678956978695,,,3.86,581.8772427797701,11.88012545268635
1649,,AM,R9EA1,00,EHZ,61.12612612612612,-149.92169953741097,2026-09-07T21:35:59.999000Z,2026-09-07T21:36:59.999000Z,100.0,100.0,60.0,,traffic,1,Traffic,timeofday:America/Anchorage:day7-19:night1-5,AM,2.0-20.0,2345.2718765202717,8939.179585298994,2310.717315658758,9059.73783667424,0.9707496578734193,1.765442175387203,-0.7554429883736833,,,3.86,581.8772427797701,15.569843895928381
1650,,AM,R9EA1,00,EHZ,61.12612612612612,-149.92169953741097,2026-09-07T21:37:59.999000Z,2026-09-07T21:38:59.999000Z,100.0,100.0,60.0,,traffic,1,Traffic,timeofday:America/Anchorage:day7-19:night1-5,AM,2.0-20.0,2264.0495450664625,7702.230086950758,2229.170815202859,7116.893856946921,0.9694264037106429,1.460741410479748,-0.7912788637241075,,,3.86,581.8772427797701,12.230919743394287
1651,,AM,R9EA1,00,EHZ,61.12612612612612,-149.92169953741097,2026-09-07T21:39:59.999000Z,2026-09-07T21:40:59.999000Z,100.0,100.0,60.0,,traffic,1,Traffic,timeofday:America/Anchorage:day7-19:night1-5,AM,2.0-20.0,2299.5365517990986,7444.748202263987,2264.650473014374,7762.0200997868615,0.9698883221924925,1.3979945269435758,-0.7342763547471773,,,3.86,581.8772427797701,13.339617928183255
1652,,AM,R9EA1,00,EHZ,61.12612612612612,-149.92169953741097,2026-09-07T21:40:59.999000Z,2026-09-07T21:41:59.999000Z,100.0,100.0,60.0,,traffic,1,Traffic,timeofday:America/Anchorage:day7-19:night1-5,AM,2.0-20.0,2247.7659856685013,6332.2780382675355,2215.924675687832,6295.112138646657,0.9718691518338985,1.2926511755639847,-0.8139608148439574,,,3.86,581.8772427797701,10.818625778477543
1653,,AM,R9EA1,00,EHZ,61.12612612612612,-149.92169953741097,2026-09-07T21:41:59.999000Z,2026-09-07T21:42:59.999000Z,100.0,100.0,60.0,,traffic,1,Traffic,timeofday:America/Anchorage:day7-19:night1-5,AM,2.0-20.0,2265.668752441973,6971.710157414456,2229.9729053190945,6498.226595822631,0.9687380150426125,1.4776109397579087,-0.8114403034052406,,,3.86,581.8772427797701,11.167693317544112
1654,,AM,R9EA1,00,EHZ,61.12612612612612,-149.92169953741097,2026-09-07T21:44:59.999000Z,2026-09-07T21:45:59.999000Z,100.0,100.0,60.0,,traffic,1,Traffic,timeofday:America/Anchorage:day7-19:night1-5,AM,2.0-20.0,2251.958178630373,6488.642484134534,2216.927132136533,6569.789679484606,0.9691303519120761,1.351889032828798,-0.8184074751536694,,,3.86,581.8772427797701,11.290679883095464
1655,,AM,R9EA1,00,EHZ,61.12612612612612,-149.92169953741097,2026-09-07T21:51:59.999000Z,2026-09-07T21:52:59.999000Z,100.0,100.0,60.0,,traffic,1,Traffic,timeofday:America/Anchorage:day7-19:night1-5,AM,2.0-20.0,2332.6841517728885,8404.362732677766,2296.9299914305125,8621.789894539555,0.9695799795285536,1.5792805807821884,-0.7549264580201847,,,3.86,581.8772427797701,14.817197272316672
1656,,AM,R9EA1,00,EHZ,61.12612612612612,-149.92169953741097,2026-09-07T21:53:59.999000Z,2026-09-07T21:54:59.999000Z,100.0,100.0,60.0,,traffic,1,Traffic,timeofday:America/Anchorage:day7-19:night1-5,AM,2.0-20.0,2281.1536930260154,7075.403671836835,2243.002590935725,7107.146326505328,0.9668307544604029,1.5601226663868166,-0.6980889039735159,,,3.86,581.8772427797701,12.21416787594708
1657,,AM,R9EA1,00,EHZ,61.12612612612612,-149.92169953741097,2026-09-07T22:00:59.999000Z,2026-09-07T22:01:59.999000Z,100.0,100.0,60.0,,traffic,1,Traffic,timeofday:America/Anchorage:day7-19:night1-5,AM,2.0-20.0,2341.280469363747,6702.486316541259,2303.9370406968997,6163.809482634526,0.9683543981452317,1.2558068619821372,-0.8289588165571273,,,3.86,581.8772427797701,10.59297224477881
1658,,AM,R9EA1,00,EHZ,61.12612612612612,-149.92169953741097,2026-09-07T22:01:59.999000Z,2026-09-07T22:02:59.999000Z,100.0,100.0,60.0,,traffic,1,Traffic,timeofday:America/Anchorage:day7-19:night1-5,AM,2.0-20.0,2265.3600088279036,6779.536800561162,2230.3992337089076,7278.394521546474,0.9693726346182263,1.3640687132256177,-0.7681412925638171,,,3.86,581.8772427797701,12.508470836178093
1659,,AM,R9EA1,00,EHZ,61.12612612612612,-149.92169953741097,2026-09-07T22:05:59.999000Z,2026-09-07T22:06:59.999000Z,100.0,100.0,60.0,,traffic,1,Traffic,timeofday:America/Anchorage:day7-19:night1-5,AM,2.0-20.0,2256.5188827416714,7435.613425810117,2219.5590848312127,6744.022147278723,0.9675100317815744,1.3014542023160314,-0.8571904936661987,,,3.86,581.8772427797701,11.590111541501225
1660,,AM,R9EA1,00,EHZ,61.12612612612612,-149.92169953741097,2026-09-07T22:07:59.999000Z,2026-09-07T22:08:59.999000Z,100.0,100.0,60.0,,traffic,1,Traffic,timeofday:America/Anchorage:day7-19:night1-5,AM,2.0-20.0,2339.312184051552,7164.354492089247,2302.7423157865555,7459.649948460534,0.9689788948906222,1.5623787577409753,-0.7882122561498179,,,3.86,581.8772427797701,12.819971980385345
1661,,AM,R9EA1,00,EHZ,61.12612612612612,-149.92169953741097,2026-09-07T22:08:59.999000Z,2026-09-07T22:09:59.999000Z,100.0,100.0,60.0,,traffic,1,Traffic,timeofday:America/Anchorage:day7-19:night1-5,AM,2.0-20.0,2307.1679602802255,7269.337428609369,2266.046269620212,7339.601107906625,0.964670777176297,1.2323026983938161,-0.8339009918102578,,,3.86,581.8772427797701,12.613658978728147
1662,,AM,R9EA1,00,EHZ,61.12612612612612,-149.92169953741097,2026-09-07T22:09:59.999000Z,2026-09-07T22:10:59.999000Z,100.0,100.0,60.0,,traffic,1,Traffic,timeofday:America/Anchorage:day7-19:night1-5,AM,2.0-20.0,2217.0101176186863,6676.69190402526,2180.6857992427986,6112.596929969779,0.9674997037513744,1.483400600758927,-0.8840450241710225,,,3.86,581.8772427797701,10.50495960413988
1663,,AM,R9EA1,00,EHZ,61.12612612612612,-149.92169953741097,2026-09-07T22:19:59.999000Z,2026-09-07T22:20:59.999000Z,100.0,100.0,60.0,,traffic,1,Traffic,timeofday:America/Anchorage:day7-19:night1-5,AM,2.0-20.0,2168.057376917558,7117.870928143455,2131.6905472159206,6764.755995527729,0.9667335164958976,1.3786802130486073,-0.8439050172062346,,,3.86,581.8772427797701,11.625744226068772
1664,,AM,R9EA1,00,EHZ,61.12612612612612,-149.92169953741097,2026-09-07T22:20:59.999000Z,2026-09-07T22:21:59.999000Z,100.0,100.0,60.0,,traffic,1,Traffic,timeofday:America/Anchorage:day7-19:night1-5,AM,2.0-20.0,2198.677437005566,8373.887092125186,2161.4339478291495,7094.281076782898,0.9664088473884253,1.3147690851363325,-0.786922799166923,,,3.86,581.8772427797701,12.192057972385687
1665,,AM,R9EA1,00,EHZ,61.12612612612612,-149.92169953741097,2026-09-07T22:25:59.999000Z,2026-09-07T22:26:59.999000Z,100.0,100.0,60.0,,traffic,1,Traffic,timeofday:America/Anchorage:day7-19:night1-5,AM,2.0-20.0,2253.4421942050626,6056.96751325633,2216.7542789834747,5676.55528529844,0.9677034002368466,1.2823624384419317,-0.820813867189004,,,3.86,581.8772427797701,9.755589096731375
1666,,AM,R9EA1,00,EHZ,61.12612612612612,-149.92169953741097,2026-09-07T22:29:59.999000Z,2026-09-07T22:30:59.999000Z,100.0,100.0,60.0,,traffic,1,Traffic,timeofday:America/Anchorage:day7-19:night1-5,AM,2.0-20.0,2163.9435487073697,6676.963078468196,2126.4006273314335,6832.334200373772,0.9656023840730764,1.2553366485578863,-0.759689915996943,,,3.86,581.8772427797701,11.741882476334764
1667,,AM,R9EA1,00,EHZ,61.12612612612612,-149.92169953741097,2026-09-07T22:30:59.999000Z,2026-09-07T22:31:59.999000Z,100.0,100.0,60.0,,traffic,1,Traffic,timeofday:America/Anchorage:day7-19:night1-5,AM,2.0-20.0,2304.885215740111,7235.059169119346,2271.3374509710206,7160.578285999498,0.9711017108220033,1.303576751612952,-0.8240998148869849,,,3.86,581.8772427797701,12.305994734888861
1668,,AM,R9EA1,00,EHZ,61.12612612612612,-149.92169953741097,2026-09-07T22:56:59.999000Z,2026-09-07T22:57:59.999000Z,100.0,100.0,60.0,,traffic,1,Traffic,timeofday:America/Anchorage:day7-19:night1-5,AM,2.0-20.0,2336.35658939675,7375.934333469506,2302.387280638057,6980.637526431687,0.9711325218039205,1.3696690126088518,-0.7523927449223136,,,3.86,581.8772427797701,11.996752945833508
1669,,AM,R9EA1,00,EHZ,61.12612612612612,-149.92169953741097,2026-09-07T22:59:59.999000Z,2026-09-07T23:00:59.999000Z,100.0,100.0,60.0,,traffic,1,Traffic,timeofday:America/Anchorage:day7-19:night1-5,AM,2.0-20.0,2390.6461061679574,6969.0091043431985,2355.659433344647,8016.157967762255,0.9709445401196587,1.6245363764499934,-0.8285024550358635,,,3.86,581.8772427797701,13.776373053304345
1670,,AM,R9EA1,00,EHZ,61.12612612612612,-149.92169953741097,2026-09-07T23:02:59.999000Z,2026-09-07T23:03:59.999000Z,100.0,100.0,60.0,,traffic,1,Traffic,timeofday:America/Anchorage:day7-19:night1-5,AM,2.0-20.0,2343.4652904621853,7059.0501953482035,2307.9520613289496,6626.097241499274,0.9699213443944099,1.266733008245987,-0.8840016799676875,,,3.86,581.8772427797701,11.387448682207925
1671,,AM,R9EA1,00,EHZ,61.12612612612612,-149.92169953741097,2026-09-07T23:10:59.999000Z,2026-09-07T23:11:59.999000Z,100.0,100.0,60.0,,traffic,1,Traffic,timeofday:America/Anchorage:day7-19:night1-5,AM,2.0-20.0,2286.680735205204,6724.1981398721855,2251.086324334128,6518.4495425888645,0.9691103532681086,1.2745786585289243,-0.8399466365680954,,,3.86,581.8772427797701,11.20244797931714
1672,,AM,R9EA1,00,EHZ,61.12612612612612,-149.92169953741097,2026-09-07T23:17:59.999000Z,2026-09-07T23:18:59.999000Z,100.0,100.0,60.0,,traffic,1,Traffic,timeofday:America/Anchorage:day7-19:night1-5,AM,2.0-20.0,2278.2126406475795,7192.658429744881,2245.972897914215,6487.217478269333,0.971897596812746,1.423514539461884,-0.7930518319379609,,,3.86,581.8772427797701,11.148773317338046
1673,,AM,R9EA1,00,EHZ,61.12612612612612,-149.92169953741097,2026-09-07T23:29:59.999000Z,2026-09-07T23:30:59.999000Z,100.0,100.0,60.0,,traffic,1,Traffic,timeofday:America/Anchorage:day7-19:night1-5,AM,2.0-20.0,2368.567983559765,7406.6282977844985,2333.716162989675,7524.533985367652,0.9707879100507681,1.3784755161197624,-0.8624901038608774,,,3.86,581.8772427797701,12.931480099515683
1674,,AM,R9EA1,00,EHZ,61.12612612612612,-149.92169953741097,2026-09-07T23:34:59.999000Z,2026-09-07T23:35:59.999000Z,100.0,100.0,60.0,,traffic,1,Traffic,timeofday:America/Anchorage:day7-19:night1-5,AM,2.0-20.0,2295.9071124977163,6656.756807305746,2259.694769219306,6590.922146070687,0.9687036445675338,1.232768573889244,-0.8644884666705823,,,3.86,581.8772427797701,11.326997623389149
1675,,AM,R9EA1,00,EHZ,61.12612612612612,-149.92169953741097,2026-09-07T23:38:59.999000Z,2026-09-07T23:39:59.999000Z,100.0,100.0,60.0,,traffic,1,Traffic,timeofday:America/Anchorage:day7-19:night1-5,AM,2.0-20.0,2247.5040889344896,6663.119330772986,2213.1221077750124,6619.137608877666,0.9696383235726983,1.394993183685955,-0.8183228784259633,,,3.86,581.8772427797701,11.37548802777786
1676,,AM,R9EA1,00,EHZ,61.12612612612612,-149.92169953741097,2026-09-07T23:39:59.999000Z,2026-09-07T23:40:59.999000Z,100.0,100.0,60.0,,traffic,1,Traffic,timeofday:America/Anchorage:day7-19:night1-5,AM,2.0-20.0,2349.2647494515713,7057.905631959957,2314.028376476704,7281.077581241318,0.9702271788045307,1.4321811167306726,-0.7745914547764783,,,3.86,581.8772427797701,12.513081876957116
1677,,AM,R9EA1,00,EHZ,61.12612612612612,-149.92169953741097,2026-09-07T23:42:59.999000Z,2026-09-07T23:43:59.999000Z,100.0,100.0,60.0,,traffic,1,Traffic,timeofday:America/Anchorage:day7-19:night1-5,AM,2.0-20.0,2316.3972647418523,7114.007574794841,2281.647737655692,6426.980329647304,0.9702219654682186,1.2382101310737594,-0.8459730758433874,,,3.86,581.8772427797701,11.045251226777738
1678,,AM,R9EA1,00,EHZ,61.12612612612612,-149.92169953741097,2026-09-07T23:43:59.999000Z,2026-09-07T23:44:59.999000Z,100.0,100.0,60.0,,traffic,1,Traffic,timeofday:America/Anchorage:day7-19:night1-5,AM,2.0-20.0,2201.4205463172652,5981.974119845161,2166.0991580568275,6042.2265106974955,0.9681678035339165,1.4184806012678424,-0.8064267115706207,,,3.86,581.8772427797701,10.384022722442795
1679,,AM,R9EA1,00,EHZ,61.12612612612612,-149.92169953741097,2026-09-07T23:45:59.999000Z,2026-09-07T23:46:59.999000Z,100.0,100.0,60.0,,traffic,1,Traffic,timeofday:America/Anchorage:day7-19:night1-5,AM,2.0-20.0,2254.81987914038,6392.911961818829,2216.63028353314,6568.037493467708,0.9664131136931491,1.3768436793118712,-0.8139537536766372,,,3.86,581.8772427797701,11.28766861905543
1680,,AM,R9EA1,00,EHZ,61.12612612612612,-149.92169953741097,2026-09-07T23:48:59.999000Z,2026-09-07T23:49:59.999000Z,100.0,100.0,60.0,,traffic,1,Traffic,timeofday:America/Anchorage:day7-19:night1-5,AM,2.0-20.0,2252.9688382002437,6469.16270414549,2218.8555420085163,6134.064502932961,0.9699462925373669,1.2790160018976915,-0.8316449983087741,,,3.86,581.8772427797701,10.541853250058436
1681,,AM,R9EA1,00,EHZ,61.12612612612612,-149.92169953741097,2026-09-07T23:50:59.999000Z,2026-09-07T23:51:59.999000Z,100.0,100.0,60.0,,traffic,1,Traffic,timeofday:America/Anchorage:day7-19:night1-5,AM,2.0-20.0,2346.899069007966,6761.229350342694,2311.758446461615,6420.210678685389,0.9702777686760611,1.2797740123839056,-0.8435410089688347,,,3.86,581.8772427797701,11.03361707018214
1682,,AM,R9EA1,00,EHZ,61.12612612612612,-149.92169953741097,2026-09-07T23:55:59.999000Z,2026-09-07T23:56:59.999000Z,100.0,100.0,60.0,,traffic,1,Traffic,timeofday:America/Anchorage:day7-19:night1-5,AM,2.0-20.0,2193.7863513953744,6060.611471773622,2160.1355532629573,6106.356149302337,0.969557007278496,1.260346270404808,-0.8267119930480971,,,3.86,581.8772427797701,10.494234351099173
1683,,AM,R9EA1,00,EHZ,61.12612612612612,-149.92169953741097,2026-09-08T00:00:59.999000Z,2026-09-08T00:01:59.999000Z,100.0,100.0,60.0,,traffic,1,Traffic,timeofday:America/Anchorage:day7-19:night1-5,AM,2.0-20.0,2325.4138930456847,6809.46610141669,2288.810811906543,6049.381926878021,0.9687668448134125,1.279860862607927,-0.8661630732040404,,,3.86,581.8772427797701,10.396319845709453
1684,,AM,R9EA1,00,EHZ,61.12612612612612,-149.92169953741097,2026-09-08T00:06:59.999000Z,2026-09-08T00:07:59.999000Z,100.0,100.0,60.0,,traffic,1,Traffic,timeofday:America/Anchorage:day7-19:night1-5,AM,2.0-20.0,2386.267969687349,9167.695632163866,2351.367993410694,8612.616590070731,0.9709632239653804,1.5456292970287655,-0.7771961429660434,,,3.86,581.8772427797701,14.801432255583931
1685,,AM,R9EA1,00,EHZ,61.12612612612612,-149.92169953741097,2026-09-08T00:16:59.999000Z,2026-09-08T00:17:59.999000Z,100.0,100.0,60.0,,traffic,1,Traffic,timeofday:America/Anchorage:day7-19:night1-5,AM,2.0-20.0,2393.123840337482,6596.8698879329095,2361.0776536824806,6693.108246867216,0.9733974299386166,1.3780006440567025,-0.8077565126337447,,,3.86,581.8772427797701,11.50261215732136
1686,,AM,R9EA1,00,EHZ,61.12612612612612,-149.92169953741097,2026-09-08T00:24:59.999000Z,2026-09-08T00:25:59.999000Z,100.0,100.0,60.0,,traffic,1,Traffic,timeofday:America/Anchorage:day7-19:night1-5,AM,2.0-20.0,2231.302983476372,6470.18885978411,2199.0418931018935,6263.5653183482245,0.9712922282653081,1.2654715623237447,-0.8676855607169052,,,3.86,581.8772427797701,10.76441018457027
1687,,AM,R9EA1,00,EHZ,61.12612612612612,-149.92169953741097,2026-09-08T00:30:59.999000Z,2026-09-08T00:31:59.999000Z,100.0,100.0,60.0,,traffic,1,Traffic,timeofday:America/Anchorage:day7-19:night1-5,AM,2.0-20.0,2256.5098222194133,7411.763213408041,2220.380611179547,5840.794759305313,0.9682341495450387,1.3091040093870094,-0.8407683184642547,,,3.86,581.8772427797701,10.037847040386742
1688,,AM,R9EA1,00,EHZ,61.12612612612612,-149.92169953741097,2026-09-08T00:32:59.999000Z,2026-09-08T00:33:59.999000Z,100.0,100.0,60.0,,traffic,1,Traffic,timeofday:America/Anchorage:day7-19:night1-5,AM,2.0-20.0,2348.6795781369196,6867.250199400125,2315.030716113887,7040.6855687890065,0.9715518255342612,1.3301502029806125,-0.8537681277737224,,,3.86,581.8772427797701,12.099950042991761
1689,,AM,R9EA1,00,EHZ,61.12612612612612,-149.92169953741097,2026-09-08T00:42:59.999000Z,2026-09-08T00:43:59.999000Z,100.0,100.0,60.0,,traffic,1,Traffic,timeofday:America/Anchorage:day7-19:night1-5,AM,2.0-20.0,2333.520038023393,7080.320391182468,2302.2487347295946,6351.358160253341,0.9733777548496992,1.3150802217741773,-0.8606572770680176,,,3.86,581.8772427797701,10.915288815749776
1690,,AM,R9EA1,00,EHZ,61.12612612612612,-149.92169953741097,2026-09-08T00:46:59.999000Z,2026-09-08T00:47:59.999000Z,100.0,100.0,60.0,,traffic,1,Traffic,timeofday:America/Anchorage:day7-19:night1-5,AM,2.0-20.0,2366.594536050632,7689.34510931102,2330.9509817265302,6892.62124583812,0.9701046056382773,1.331298966915463,-0.8143028023027448,,,3.86,581.8772427797701,11.845490318388086
1691,,AM,R9EA1,00,EHZ,61.12612612612612,-149.92169953741097,2026-09-08T00:47:59.999000Z,2026-09-08T00:48:59.999000Z,100.0,100.0,60.0,,traffic,1,Traffic,timeofday:America/Anchorage:day7-19:night1-5,AM,2.0-20.0,2309.7644962671516,6557.35199991097,2277.2623974099733,6235.21252168563,0.9720547956086472,1.23048658970532,-0.8267209926931498,,,3.86,581.8772427797701,10.715683761575711
1692,,AM,R9EA1,00,EHZ,61.12612612612612,-149.92169953741097,2026-09-08T00:53:59.999000Z,2026-09-08T00:54:59.999000Z,100.0,100.0,60.0,,traffic,1,Traffic,timeofday:America/Anchorage:day7-19:night1-5,AM,2.0-20.0,2342.704144499266,7674.400249659622,2308.1472817188987,7837.996875072944,0.9707158998977454,1.3733408754814698,-0.837285877775082,,,3.86,581.8772427797701,13.470189756225752
1693,,AM,R9EA1,00,EHZ,61.12612612612612,-149.92169953741097,2026-09-08T00:54:59.999000Z,2026-09-08T00:55:59.999000Z,100.0,100.0,60.0,,traffic,1,Traffic,timeofday:America/Anchorage:day7-19:night1-5,AM,2.0-20.0,2167.490326177304,7002.408845865462,2136.515783460339,6180.657389938194,0.9716231981887061,1.3059728857127055,-0.8469715017591715,,,3.86,581.8772427797701,10.621926646265937
1694,,AM,R9EA1,00,EHZ,61.12612612612612,-149.92169953741097,2026-09-08T00:56:59.999000Z,2026-09-08T00:57:59.999000Z,100.0,100.0,60.0,,traffic,1,Traffic,timeofday:America/Anchorage:day7-19:night1-5,AM,2.0-20.0,2299.05920357393,6515.580128696187,2264.1285680575816,5752.0008056995875,0.9698439456692067,1.2563843190252402,-0.848192493531462,,,3.86,581.8772427797701,9.885247923120126
1695,,AM,R9EA1,00,EHZ,61.12612612612612,-149.92169953741097,2026-09-08T00:58:59.999000Z,2026-09-08T00:59:59.999000Z,100.0,100.0,60.0,,traffic,1,Traffic,timeofday:America/Anchorage:day7-19:night1-5,AM,2.0-20.0,2195.367356233606,5959.563381225173,2163.542707259627,6168.242864540694,0.9712175919421953,1.4658641918847437,-0.7963136544097145,,,3.86,581.8772427797701,10.60059134650719
1696,,AM,R9EA1,00,EHZ,61.12612612612612,-149.92169953741097,2026-09-08T00:59:59.999000Z,2026-09-08T01:00:59.999000Z,100.0,100.0,60.0,,traffic,1,Traffic,timeofday:America/Anchorage:day7-19:night1-5,AM,2.0-20.0,2358.374705066279,8177.440456986118,2326.1293476382502,7317.206508954473,0.9728415363699104,1.2738726991659592,-0.7627388569840141,,,3.86,581.8772427797701,12.575172168614785
1697,,AM,R9EA1,00,EHZ,61.12612612612612,-149.92169953741097,2026-09-08T01:00:59.999000Z,2026-09-08T01:01:59.999000Z,100.0,100.0,60.0,,traffic,1,Traffic,timeofday:America/Anchorage:day7-19:night1-5,AM,2.0-20.0,2318.831591247072,6494.449367760222,2286.9758746822044,6081.648546786046,0.972713065960728,1.22652085808388,-0.8601652198357805,,,3.86,581.8772427797701,10.451772469623526
1698,,AM,R9EA1,00,EHZ,61.12612612612612,-149.92169953741097,2026-09-08T01:01:59.999000Z,2026-09-08T01:02:59.999000Z,100.0,100.0,60.0,,traffic,1,Traffic,timeofday:America/Anchorage:day7-19:night1-5,AM,2.0-20.0,2310.6716480366745,6579.544251168656,2274.8574873877055,6307.824004086464,0.9692413150778159,1.3046730585565036,-0.8597639168057851,,,3.86,581.8772427797701,10.840472079561737
1699,,AM,R9EA1,00,EHZ,61.12612612612612,-149.92169953741097,2026-09-08T01:02:59.999000Z,2026-09-08T01:03:59.999000Z,100.0,100.0,60.0,,traffic,1,Traffic,timeofday:America/Anchorage:day7-19:night1-5,AM,2.0-20.0,2284.6246337534008,7317.464641664297,2252.755522501635,6784.960722319798,0.9722958130500186,1.5235524730216634,-0.7909275308781418,,,3.86,581.8772427797701,11.66046757543976
1700,,AM,R9EA1,00,EHZ,61.12612612612612,-149.92169953741097,2026-09-08T01:11:59.999000Z,2026-09-08T01:12:59.999000Z,100.0,100.0,60.0,,traffic,1,Traffic,timeofday:America/Anchorage:day7-19:night1-5,AM,2.0-20.0,2322.686668237481,7253.974443979235,2288.446638377704,6884.890487632158,0.9707341893673663,1.2934593472688314,-0.86532364541796,,,3.86,581.8772427797701,11.83220442638614
1701,,AM,R9EA1,00,EHZ,61.12612612612612,-149.92169953741097,2026-09-08T01:15:59.999000Z,2026-09-08T01:16:59.999000Z,100.0,100.0,60.0,,traffic,1,Traffic,timeofday:America/Anchorage:day7-19:night1-5,AM,2.0-20.0,2176.3824016497015,6328.842538707865,2141.2186763328195,6303.756702627059,0.9679471256307481,1.432447314694556,-0.7630887234942922,,,3.86,581.8772427797701,10.833482114736897
1702,,AM,R9EA1,00,EHZ,61.12612612612612,-149.92169953741097,2026-09-08T01:23:59.999000Z,2026-09-08T01:24:59.999000Z,100.0,100.0,60.0,,traffic,1,Traffic,timeofday:America/Anchorage:day7-19:night1-5,AM,2.0-20.0,2286.209695034577,6772.6520602579885,2254.0047356444343,6471.128431406986,0.9720251996112329,1.2810952259163921,-0.8543187133631864,,,3.86,581.8772427797701,11.12112307484792
1703,,AM,R9EA1,00,EHZ,61.12612612612612,-149.92169953741097,2026-09-08T01:24:59.999000Z,2026-09-08T01:25:59.999000Z,100.0,100.0,60.0,,traffic,1,Traffic,timeofday:America/Anchorage:day7-19:night1-5,AM,2.0-20.0,2255.361536433062,6598.382939966347,2224.8030845352805,7039.165325373986,0.9730850868990375,1.3155325864386203,-0.8528801409384896,,,3.86,581.8772427797701,12.097337389835301
1704,,AM,R9EA1,00,EHZ,61.12612612612612,-149.92169953741097,2026-09-08T01:29:59.999000Z,2026-09-08T01:30:59.999000Z,100.0,100.0,60.0,,traffic,1,Traffic,timeofday:America/Anchorage:day7-19:night1-5,AM,2.0-20.0,2271.2672225942906,6929.525473272485,2238.9016574972343,6378.039370586294,0.9717030562718973,1.3275902042912313,-0.7985181672361614,,,3.86,581.8772427797701,10.961142491355803
1705,,AM,R9EA1,00,EHZ,61.12612612612612,-149.92169953741097,2026-09-08T01:31:59.999000Z,2026-09-08T01:32:59.999000Z,100.0,100.0,60.0,,traffic,1,Traffic,timeofday:America/Anchorage:day7-19:night1-5,AM,2.0-20.0,2343.4121901720423,6834.574886674515,2308.5758839450805,6838.4022385562175,0.9704897205062825,1.413760502543738,-0.7566405221001187,,,3.86,581.8772427797701,11.752310858365066
1706,,AM,R9EA1,00,EHZ,61.12612612612612,-149.92169953741097,2026-09-08T01:34:59.999000Z,2026-09-08T01:35:59.999000Z,100.0,100.0,60.0,,traffic,1,Traffic,timeofday:America/Anchorage:day7-19:night1-5,AM,2.0-20.0,2280.9618578226377,6751.343218637649,2249.1461863286418,6074.290468410378,0.9722978416274746,1.3498115222075266,-0.8073968181681801,,,3.86,581.8772427797701,10.439127056064274
1707,,AM,R9EA1,00,EHZ,61.12612612612612,-149.92169953741097,2026-09-08T01:35:59.999000Z,2026-09-08T01:36:59.999000Z,100.0,100.0,60.0,,traffic,1,Traffic,timeofday:America/Anchorage:day7-19:night1-5,AM,2.0-20.0,2317.7823805009803,6407.329074865146,2285.3582466339963,6586.6809698385205,0.9722171168405471,1.3311268353192127,-0.8171567829073445,,,3.86,581.8772427797701,11.31970884163184
1708,,AM,R9EA1,00,EHZ,61.12612612612612,-149.92169953741097,2026-09-08T01:37:59.999000Z,2026-09-08T01:38:59.999000Z,100.0,100.0,60.0,,traffic,1,Traffic,timeofday:America/Anchorage:day7-19:night1-5,AM,2.0-20.0,2335.4695197353703,6920.72967791682,2304.334125232262,7152.100246656131,0.9735146590993781,1.3896708210513324,-0.7949640045544117,,,3.86,581.8772427797701,12.291424583798461
1709,,AM,R9EA1,00,EHZ,61.12612612612612,-149.92169953741097,2026-09-08T01:38:59.999000Z,2026-09-08T01:39:59.999000Z,100.0,100.0,60.0,,traffic,1,Traffic,timeofday:America/Anchorage:day7-19:night1-5,AM,2.0-20.0,2392.7731164574657,6899.2320620560395,2362.636610074626,6587.4063977937485,0.9749690227676697,1.4605869498744164,-0.7984635902918065,,,3.86,581.8772427797701,11.320955544375812
1710,,AM,R9EA1,00,EHZ,61.12612612612612,-149.92169953741097,2026-09-08T01:42:59.999000Z,2026-09-08T01:43:59.999000Z,100.0,100.0,60.0,,traffic,1,Traffic,timeofday:America/Anchorage:day7-19:night1-5,AM,2.0-20.0,2338.1794904220988,7357.875093858495,2308.2127768439273,7122.545371717009,0.9745317387983742,1.5047898397778858,-0.7770772410310345,,,3.86,581.8772427797701,12.240632298473928
1711,,AM,R9EA1,00,EHZ,61.12612612612612,-149.92169953741097,2026-09-08T01:44:59.999000Z,2026-09-08T01:45:59.999000Z,100.0,100.0,60.0,,traffic,1,Traffic,timeofday:America/Anchorage:day7-19:night1-5,AM,2.0-20.0,2324.07288726034,6649.069053955421,2293.3154151350404,7210.595442499631,0.9737065515253511,1.439142206204532,-0.8137091321339018,,,3.86,581.8772427797701,12.391952996911945
1712,,AM,R9EA1,00,EHZ,61.12612612612612,-149.92169953741097,2026-09-08T01:45:59.999000Z,2026-09-08T01:46:59.999000Z,100.0,100.0,60.0,,traffic,1,Traffic,timeofday:America/Anchorage:day7-19:night1-5,AM,2.0-20.0,2350.311826995512,7488.047977489351,2318.500000705041,7104.816844563415,0.9731128976284542,1.3396892872053763,-0.7991103188437032,,,3.86,581.8772427797701,12.210164485247722
1713,,AM,R9EA1,00,EHZ,61.12612612612612,-149.92169953741097,2026-09-08T01:47:59.999000Z,2026-09-08T01:48:59.999000Z,100.0,100.0,60.0,,traffic,1,Traffic,timeofday:America/Anchorage:day7-19:night1-5,AM,2.0-20.0,2332.483317867243,7322.005528211496,2299.723564660328,7086.861231350484,0.972107240883379,1.3127444239155177,-0.7933686377772724,,,3.86,581.8772427797701,12.179306407473184
1714,,AM,R9EA1,00,EHZ,61.12612612612612,-149.92169953741097,2026-09-08T01:49:59.999000Z,2026-09-08T01:50:59.999000Z,100.0,100.0,60.0,,traffic,1,Traffic,timeofday:America/Anchorage:day7-19:night1-5,AM,2.0-20.0,2339.4214552349854,6929.0608173067585,2309.0033338281014,6775.256124327858,0.9741642388829663,1.5085972414436961,-0.799930234176562,,,3.86,581.8772427797701,11.64378949065064
1715,,AM,R9EA1,00,EHZ,61.12612612612612,-149.92169953741097,2026-09-08T01:50:59.999000Z,2026-09-08T01:51:59.999000Z,100.0,100.0,60.0,,traffic,1,Traffic,timeofday:America/Anchorage:day7-19:night1-5,AM,2.0-20.0,2375.5838603419406,6942.089306905657,2342.3029577929005,6809.9891330136925,0.972177132893821,1.3242591504062748,-0.7898973312673552,,,3.86,581.8772427797701,11.703480790004274
1716,,AM,R9EA1,00,EHZ,61.12612612612612,-149.92169953741097,2026-09-08T01:54:59.999000Z,2026-09-08T01:55:59.999000Z,100.0,100.0,60.0,,traffic,1,Traffic,timeofday:America/Anchorage:day7-19:night1-5,AM,2.0-20.0,2404.178829045443,6540.511725588987,2372.793441804709,6318.554883477082,0.9740613914667566,1.2876442890782205,-0.9001727442727168,,,3.86,581.8772427797701,10.85891390646556
1717,,AM,R9EA1,00,EHZ,61.12612612612612,-149.92169953741097,2026-09-08T01:55:59.999000Z,2026-09-08T01:56:59.999000Z,100.0,100.0,60.0,,traffic,1,Traffic,timeofday:America/Anchorage:day7-19:night1-5,AM,2.0-20.0,2428.371719297571,6525.791427745693,2396.912650180987,6166.808511628055,0.9742582275198606,1.3193453374821786,-0.921105862358591,,,3.86,581.8772427797701,10.598126302667726
1718,,AM,R9EA1,00,EHZ,61.12612612612612,-149.92169953741097,2026-09-08T01:59:59.999000Z,2026-09-08T02:00:59.999000Z,100.0,100.0,60.0,,traffic,1,Traffic,timeofday:America/Anchorage:day7-19:night1-5,AM,2.0-20.0,1585.1005338151847,7998.713640690168,1560.7285165125472,8798.88132012798,0.9694850282701526,1.5693243513337942,1.8610425376703246,,,3.86,581.8772427797701,15.12154226567372
1719,,AM,R9EA1,00,EHZ,61.12612612612612,-149.92169953741097,2026-09-08T02:01:59.999000Z,2026-09-08T02:02:59.999000Z,100.0,100.0,60.0,,traffic,1,Traffic,timeofday:America/Anchorage:day7-19:night1-5,AM,2.0-20.0,789.6939518593963,5803.299670073355,771.3670540907299,5132.349292420002,0.954123401575187,3.6460153931747836,1.2017652340244647,,,3.86,581.8772427797701,8.820329985585126
1720,,AM,R9EA1,00,EHZ,61.12612612612612,-149.92169953741097,2026-09-08T02:02:59.999000Z,2026-09-08T02:03:59.999000Z,100.0,100.0,60.0,,traffic,1,Traffic,timeofday:America/Anchorage:day7-19:night1-5,AM,2.0-20.0,745.1030232474432,4036.139332084344,725.8500330827852,4154.397281371856,0.9489889396866876,3.5843149733377717,0.2223463696731538,,,3.86,581.8772427797701,7.1396455745979726
1721,,AM,R9EA1,00,EHZ,61.12612612612612,-149.92169953741097,2026-09-08T02:07:59.999000Z,2026-09-08T02:08:59.999000Z,100.0,100.0,60.0,,traffic,1,Traffic,timeofday:America/Anchorage:day7-19:night1-5,AM,2.0-20.0,730.3510249978639,2755.3630105951947,711.743084295863,3175.7024595995335,0.9496929756053423,2.158517009633619,-0.5587406923646223,,,3.86,581.8772427797701,5.45768458726522
1722,,AM,R9EA1,00,EHZ,61.12612612612612,-149.92169953741097,2026-09-08T02:13:59.999000Z,2026-09-08T02:14:59.999000Z,100.0,100.0,60.0,,traffic,1,Traffic,timeofday:America/Anchorage:day7-19:night1-5,AM,2.0-20.0,759.9416905481753,3005.4891046737007,741.2613458837449,3526.3250050154575,0.9514416660150781,2.1045933919407216,-0.3026909135237097,,,3.86,581.8772427797701,6.060255919563617
1723,,AM,R9EA1,00,EHZ,61.12612612612612,-149.92169953741097,2026-09-08T02:14:59.999000Z,2026-09-08T02:15:59.999000Z,100.0,100.0,60.0,,traffic,1,Traffic,timeofday:America/Anchorage:day7-19:night1-5,AM,2.0-20.0,818.8935480730772,4589.66338622548,802.6237387262317,5354.631701848892,0.9606586600236531,3.550046041924274,1.1205230158977564,,,3.86,581.8772427797701,9.20233909865336
1724,,AM,R9EA1,00,EHZ,61.12612612612612,-149.92169953741097,2026-09-08T02:16:59.999000Z,2026-09-08T02:17:59.999000Z,100.0,100.0,60.0,,traffic,1,Traffic,timeofday:America/Anchorage:day7-19:night1-5,AM,2.0-20.0,784.2620712287041,3119.9795701432463,766.3892411451942,3436.4874646148255,0.9549406364046701,2.919890740721904,-0.1667363902572232,,,3.86,581.8772427797701,5.905863319551532
1725,,AM,R9EA1,00,EHZ,61.12612612612612,-149.92169953741097,2026-09-08T02:19:59.999000Z,2026-09-08T02:20:59.999000Z,100.0,100.0,60.0,,traffic,1,Traffic,timeofday:America/Anchorage:day7-19:night1-5,AM,2.0-20.0,783.2726975753765,3581.406627455844,765.1181898663835,3630.0227920877246,0.9541816857899522,2.2318862537760897,-0.13349164574697658,,,3.86,581.8772427797701,6.238468400561976
1726,,AM,R9EA1,00,EHZ,61.12612612612612,-149.92169953741097,2026-09-08T02:20:59.999000Z,2026-09-08T02:21:59.999000Z,100.0,100.0,60.0,,traffic,1,Traffic,timeofday:America/Anchorage:day7-19:night1-5,AM,2.0-20.0,730.7606445169176,2213.577014157688,713.8807727001006,2383.39131379394,0.9543354790752193,1.7068127154295012,-0.769771909918195,,,3.86,581.8772427797701,4.096038027553536
1727,,AM,R9EA1,00,EHZ,61.12612612612612,-149.92169953741097,2026-09-08T02:25:59.999000Z,2026-09-08T02:26:59.999000Z,100.0,100.0,60.0,,traffic,1,Traffic,timeofday:America/Anchorage:day7-19:night1-5,AM,2.0-20.0,723.1175516624697,3129.636537743331,705.9476826688874,3220.4597119284244,0.9530753297277004,1.7967954913790132,-0.6041260157433115,,,3.86,581.8772427797701,5.534603306607249
1728,,AM,R9EA1,00,EHZ,61.12612612612612,-149.92169953741097,2026-09-08T02:27:59.999000Z,2026-09-08T02:28:59.999000Z,100.0,100.0,60.0,,traffic,1,Traffic,timeofday:America/Anchorage:day7-19:night1-5,AM,2.0-20.0,729.1326331817634,3601.305839018138,711.8681097494158,3095.928160955685,0.9532043237918977,2.2783349848624312,-0.5177418926556627,,,3.86,581.8772427797701,5.320586428446107
1729,,AM,R9EA1,00,EHZ,61.12612612612612,-149.92169953741097,2026-09-08T02:31:59.999000Z,2026-09-08T02:32:59.999000Z,100.0,100.0,60.0,,traffic,1,Traffic,timeofday:America/Anchorage:day7-19:night1-5,AM,2.0-20.0,784.9375734577364,4136.720702729492,766.7685085603596,3852.882760819233,0.9542414976619049,2.4176904482345067,0.2426927563469441,,,3.86,581.8772427797701,6.621470092923842
1730,,AM,R9EA1,00,EHZ,61.12612612612612,-149.92169953741097,2026-09-08T02:32:59.999000Z,2026-09-08T02:33:59.999000Z,100.0,100.0,60.0,,traffic,1,Traffic,timeofday:America/Anchorage:day7-19:night1-5,AM,2.0-20.0,693.3302019864255,2955.5549379162353,675.2669714458838,3092.517434936567,0.9485730431610918,2.8052603414186006,-0.29325187363169425,,,3.86,581.8772427797701,5.314724838116806
1731,,AM,R9EA1,00,EHZ,61.12612612612612,-149.92169953741097,2026-09-08T02:33:59.999000Z,2026-09-08T02:34:59.999000Z,100.0,100.0,60.0,,traffic,1,Traffic,timeofday:America/Anchorage:day7-19:night1-5,AM,2.0-20.0,753.4911118971052,3356.4204617307937,736.6932376057109,3201.305291880837,0.9559102072645508,2.5124319711709657,-0.07723604278425134,,,3.86,581.8772427797701,5.5016849887227375
1732,,AM,R9EA1,00,EHZ,61.12612612612612,-149.92169953741097,2026-09-08T02:36:59.999000Z,2026-09-08T02:37:59.999000Z,100.0,100.0,60.0,,traffic,1,Traffic,timeofday:America/Anchorage:day7-19:night1-5,AM,2.0-20.0,714.797807683888,3302.0687833524403,694.7590939032216,3136.368848259013,0.9447177092391101,2.144190852786786,-0.2924830448245386,,,3.86,581.8772427797701,5.39008680469408
1733,,AM,R9EA1,00,EHZ,61.12612612612612,-149.92169953741097,2026-09-08T02:40:59.999000Z,2026-09-08T02:41:59.999000Z,100.0,100.0,60.0,,traffic,1,Traffic,timeofday:America/Anchorage:day7-19:night1-5,AM,2.0-20.0,701.946230575011,4048.680929624856,684.7519997203141,4108.637815339592,0.9516098439938662,2.8504651305043485,-0.005038115016475775,,,3.86,581.8772427797701,7.0610044752938315
1734,,AM,R9EA1,00,EHZ,61.12612612612612,-149.92169953741097,2026-09-08T02:41:59.999000Z,2026-09-08T02:42:59.999000Z,100.0,100.0,60.0,,traffic,1,Traffic,timeofday:America/Anchorage:day7-19:night1-5,AM,2.0-20.0,744.5842703317776,5434.687295575672,729.1270168439077,5652.762552369259,0.9589118086808595,3.343511816119275,1.6151092841817585,,,3.86,581.8772427797701,9.714699487755574
1735,,AM,RF528,00,EHZ,61.21621621621622,-149.80600087454445,2026-09-07T09:00:59.995000Z,2026-09-07T09:01:59.995000Z,100.0,100.0,60.0,,noise,0,Noise,timeofday:America/Anchorage:day7-19:night1-5,AM,2.0-20.0,498.15613759365067,1673.0392302502191,485.91659539290146,1565.6820345366905,0.9514642883803311,1.538637929091555,-0.2928598391717445,,,2.49,372.60784775197345,4.201956679073725
1736,,AM,RF528,00,EHZ,61.21621621621622,-149.80600087454445,2026-09-07T09:01:59.995000Z,2026-09-07T09:02:59.995000Z,100.0,100.0,60.0,,noise,0,Noise,timeofday:America/Anchorage:day7-19:night1-5,AM,2.0-20.0,457.39957624970566,1677.0411172090576,446.1442968605709,1691.731813591577,0.9513912996616776,2.470968342499485,-0.1455216145612721,,,2.49,372.60784775197345,4.540247404337224
1737,,AM,RF528,00,EHZ,61.21621621621622,-149.80600087454445,2026-09-07T09:02:59.995000Z,2026-09-07T09:03:59.995000Z,100.0,100.0,60.0,,noise,0,Noise,timeofday:America/Anchorage:day7-19:night1-5,AM,2.0-20.0,424.5305110922535,1350.043444238067,408.1715701242147,1334.7394057723095,0.9244164965842331,1.9163572817229628,-0.26112987656167386,,,2.49,372.60784775197345,3.582155914925279
1738,,AM,RF528,00,EHZ,61.21621621621622,-149.80600087454445,2026-09-07T09:03:59.995000Z,2026-09-07T09:04:59.995000Z,100.0,100.0,60.0,,noise,0,Noise,timeofday:America/Anchorage:day7-19:night1-5,AM,2.0-20.0,426.7827868150872,1880.044512815763,410.53566557139476,1380.2900147665628,0.925311576333703,1.6491423460137564,-0.24420128390620865,,,2.49,372.60784775197345,3.7044040352186927
1739,,AM,RF528,00,EHZ,61.21621621621622,-149.80600087454445,2026-09-07T09:04:59.995000Z,2026-09-07T09:05:59.995000Z,100.0,100.0,60.0,,noise,0,Noise,timeofday:America/Anchorage:day7-19:night1-5,AM,2.0-20.0,399.9789882154249,1443.0472543495075,388.5738759538964,1506.5045891221666,0.9437845070909779,2.273006905524758,-0.1158320467831433,,,2.49,372.60784775197345,4.043137035924621
1740,,AM,RF528,00,EHZ,61.21621621621622,-149.80600087454445,2026-09-07T09:05:59.995000Z,2026-09-07T09:06:59.995000Z,100.0,100.0,60.0,,noise,0,Noise,timeofday:America/Anchorage:day7-19:night1-5,AM,2.0-20.0,397.6694944025421,1604.9512594082894,385.87214437925064,1628.5596759052296,0.9415476479516806,1.9807196334356416,-0.2242992217245896,,,2.49,372.60784775197345,4.37070685904952
1741,,AM,RF528,00,EHZ,61.21621621621622,-149.80600087454445,2026-09-07T09:06:59.995000Z,2026-09-07T09:07:59.995000Z,100.0,100.0,60.0,,noise,0,Noise,timeofday:America/Anchorage:day7-19:night1-5,AM,2.0-20.0,435.2330070081347,2495.950025373402,423.51032603349347,2355.9321047411104,0.9468569254040407,2.6196096771464634,0.6922782785247468,,,2.49,372.60784775197345,6.322819336616167
1742,,AM,RF528,00,EHZ,61.21621621621622,-149.80600087454445,2026-09-07T09:07:59.995000Z,2026-09-07T09:08:59.995000Z,100.0,100.0,60.0,,noise,0,Noise,timeofday:America/Anchorage:day7-19:night1-5,AM,2.0-20.0,413.29697897270074,1412.9477101217285,402.62773687070404,1320.4741052281638,0.9490365057287425,1.4997605582383255,-0.33919853838626723,,,2.49,372.60784775197345,3.54387089052171
1743,,AM,RF528,00,EHZ,61.21621621621622,-149.80600087454445,2026-09-07T09:08:59.995000Z,2026-09-07T09:09:59.995000Z,100.0,100.0,60.0,,noise,0,Noise,timeofday:America/Anchorage:day7-19:night1-5,AM,2.0-20.0,515.3902487577268,3392.0536497295657,504.56985947929127,3152.220127430741,0.9584516599931473,4.269283194356204,1.4194725284946346,,,2.49,372.60784775197345,8.459886570958691
1744,,AM,RF528,00,EHZ,61.21621621621622,-149.80600087454445,2026-09-07T09:09:59.995000Z,2026-09-07T09:10:59.995000Z,100.0,100.0,60.0,,noise,0,Noise,timeofday:America/Anchorage:day7-19:night1-5,AM,2.0-20.0,405.8955980139447,1252.0552580538974,393.18002003358083,1347.154705842814,0.9383269676747676,1.7561393891477066,-0.2357170538152551,,,2.49,372.60784775197345,3.6154759325937444
1745,,AM,RF528,00,EHZ,61.21621621621622,-149.80600087454445,2026-09-07T09:10:59.995000Z,2026-09-07T09:11:59.995000Z,100.0,100.0,60.0,,noise,0,Noise,timeofday:America/Anchorage:day7-19:night1-5,AM,2.0-20.0,409.7862220865488,1392.0573868789802,398.1737934414335,1457.754503828568,0.9441274847771047,1.786364793750959,-0.20283634103224957,,,2.49,372.60784775197345,3.9123022035728106
1746,,AM,RF528,00,EHZ,61.21621621621622,-149.80600087454445,2026-09-07T09:11:59.995000Z,2026-09-07T09:12:59.995000Z,100.0,100.0,60.0,,noise,0,Noise,timeofday:America/Anchorage:day7-19:night1-5,AM,2.0-20.0,433.20946916216775,2321.0582489224385,417.03430218589546,1976.3354028637432,0.9267181626132724,2.291074652334232,0.09829502504106458,,,2.49,372.60784775197345,5.30406274260571
1747,,AM,RF528,00,EHZ,61.21621621621622,-149.80600087454445,2026-09-07T09:12:59.995000Z,2026-09-07T09:13:59.995000Z,100.0,100.0,60.0,,noise,0,Noise,timeofday:America/Anchorage:day7-19:night1-5,AM,2.0-20.0,419.2447804901193,1502.0609203666777,406.66212724886793,1422.9121287419466,0.9408754296374533,1.8904201938728393,-0.25951898567401743,,,2.49,372.60784775197345,3.818792699420299
1748,,AM,RF528,00,EHZ,61.21621621621622,-149.80600087454445,2026-09-07T09:13:59.995000Z,2026-09-07T09:14:59.995000Z,100.0,100.0,60.0,,noise,0,Noise,timeofday:America/Anchorage:day7-19:night1-5,AM,2.0-20.0,437.43551993892794,1502.062138315449,422.99184562372403,1256.2593557159319,0.9350522946714148,1.4481931215836241,-0.36551311002652254,,,2.49,372.60784775197345,3.3715321974435746
1749,,AM,RF528,00,EHZ,61.21621621621622,-149.80600087454445,2026-09-07T09:14:59.995000Z,2026-09-07T09:15:59.995000Z,100.0,100.0,60.0,,noise,0,Noise,timeofday:America/Anchorage:day7-19:night1-5,AM,2.0-20.0,411.172433136588,1556.9357791070538,393.2080713616972,1469.1778032741213,0.9145277082174268,1.5239403410633021,-0.31058254327083334,,,2.49,372.60784775197345,3.9429599031206664
1750,,AM,RF528,00,EHZ,61.21621621621622,-149.80600087454445,2026-09-07T09:15:59.995000Z,2026-09-07T09:16:59.995000Z,100.0,100.0,60.0,,noise,0,Noise,timeofday:America/Anchorage:day7-19:night1-5,AM,2.0-20.0,438.49294449155224,1728.9334342684156,406.63599183037854,1440.9150038137807,0.8599761603951248,1.6241264025322797,-0.2607487861422557,,,2.49,372.60784775197345,3.867108576770842
1751,,AM,RF528,00,EHZ,61.21621621621622,-149.80600087454445,2026-09-07T09:16:59.995000Z,2026-09-07T09:17:59.995000Z,100.0,100.0,60.0,,noise,0,Noise,timeofday:America/Anchorage:day7-19:night1-5,AM,2.0-20.0,517.5920675227524,2594.9322433213397,503.0664888719815,2455.140470065241,0.9446600580432836,3.010540361062914,1.1437428633651576,,,2.49,372.60784775197345,6.589073431699448
1752,,AM,RF528,00,EHZ,61.21621621621622,-149.80600087454445,2026-09-07T09:17:59.995000Z,2026-09-07T09:18:59.995000Z,100.0,100.0,60.0,,noise,0,Noise,timeofday:America/Anchorage:day7-19:night1-5,AM,2.0-20.0,412.3856105464788,1572.0691374993553,396.2724945229073,1645.9291875193371,0.9233808248658265,1.8233391461219175,-0.16342956932824126,,,2.49,372.60784775197345,4.4173229239523435
1753,,AM,RF528,00,EHZ,61.21621621621622,-149.80600087454445,2026-09-07T09:18:59.995000Z,2026-09-07T09:19:59.995000Z,100.0,100.0,60.0,,noise,0,Noise,timeofday:America/Anchorage:day7-19:night1-5,AM,2.0-20.0,402.92838230299947,1365.071123847411,388.1286486846441,1310.140989849504,0.9278882602939729,1.4713498586653806,-0.3418273391947424,,,2.49,372.60784775197345,3.516139012513767
1754,,AM,RF528,00,EHZ,61.21621621621622,-149.80600087454445,2026-09-07T09:19:59.995000Z,2026-09-07T09:20:59.995000Z,100.0,100.0,60.0,,noise,0,Noise,timeofday:America/Anchorage:day7-19:night1-5,AM,2.0-20.0,393.49645384280166,1959.072017775849,381.4614640409673,1820.1915225007792,0.9397659311937625,2.0660108320285024,0.024402647592024262,,,2.49,372.60784775197345,4.88500586738149
1755,,AM,RF528,00,EHZ,61.21621621621622,-149.80600087454445,2026-09-07T09:20:59.995000Z,2026-09-07T09:21:59.995000Z,100.0,100.0,60.0,,noise,0,Noise,timeofday:America/Anchorage:day7-19:night1-5,AM,2.0-20.0,418.99675829896967,1918.0747874602953,406.47343545835884,1886.3823799632887,0.9411156823381516,2.412217070094928,-0.03629337219917472,,,2.49,372.60784775197345,5.062648012767997
1756,,AM,RF528,00,EHZ,61.21621621621622,-149.80600087454445,2026-09-07T09:21:59.995000Z,2026-09-07T09:22:59.995000Z,100.0,100.0,60.0,,noise,0,Noise,timeofday:America/Anchorage:day7-19:night1-5,AM,2.0-20.0,408.3470848658502,1412.9233591893567,396.3973431071406,1256.8042154945547,0.9423289870954846,1.4619236658992016,-0.33887690348087807,,,2.49,372.60784775197345,3.372994484891115
1757,,AM,RF528,00,EHZ,61.21621621621622,-149.80600087454445,2026-09-07T09:22:59.995000Z,2026-09-07T09:23:59.995000Z,100.0,100.0,60.0,,noise,0,Noise,timeofday:America/Anchorage:day7-19:night1-5,AM,2.0-20.0,470.3558090089469,1661.077257253583,449.92810116615055,1631.481649487297,0.9150255342142063,1.6013958081928914,-0.16179969054351107,,,2.49,372.60784775197345,4.37854881299573
1758,,AM,RF528,00,EHZ,61.21621621621622,-149.80600087454445,2026-09-07T09:23:59.995000Z,2026-09-07T09:24:59.995000Z,100.0,100.0,60.0,,noise,0,Noise,timeofday:America/Anchorage:day7-19:night1-5,AM,2.0-20.0,527.2038973270998,1956.0789620946093,506.46843581866835,2024.7578385521867,0.9228849092564576,1.6511600454069457,-0.22627501194632016,,,2.49,372.60784775197345,5.434018233292734
1759,,AM,RF528,00,EHZ,61.21621621621622,-149.80600087454445,2026-09-07T09:24:59.995000Z,2026-09-07T09:25:59.995000Z,100.0,100.0,60.0,,noise,0,Noise,timeofday:America/Anchorage:day7-19:night1-5,AM,2.0-20.0,451.30898287924504,1582.9183543965642,434.59801208930975,1606.6247597100669,0.9273154919688198,1.9590486520238044,-0.122926165760882,,,2.49,372.60784775197345,4.311838221881782
1760,,AM,RF528,00,EHZ,61.21621621621622,-149.80600087454445,2026-09-07T09:25:59.995000Z,2026-09-07T09:26:59.995000Z,100.0,100.0,60.0,,noise,0,Noise,timeofday:America/Anchorage:day7-19:night1-5,AM,2.0-20.0,525.1455470070372,1719.0824993165847,510.608568314476,1712.394774004814,0.9454026646861107,1.8925737611503168,-0.30206012538823046,,,2.49,372.60784775197345,4.595702383447034
1761,,AM,RF528,00,EHZ,61.21621621621622,-149.80600087454445,2026-09-07T09:26:59.995000Z,2026-09-07T09:27:59.995000Z,100.0,100.0,60.0,,noise,0,Noise,timeofday:America/Anchorage:day7-19:night1-5,AM,2.0-20.0,609.4829618029203,2145.9143995100817,599.5723083237858,2037.7460718754958,0.9677429009891688,1.5101538257606686,-0.34848242034459576,,,2.49,372.60784775197345,5.468875881626418
1762,,AM,RF528,00,EHZ,61.21621621621622,-149.80600087454445,2026-09-07T09:27:59.995000Z,2026-09-07T09:28:59.995000Z,100.0,100.0,60.0,,noise,0,Noise,timeofday:America/Anchorage:day7-19:night1-5,AM,2.0-20.0,688.8787416947288,2114.9130175403784,679.175588918399,1870.5700240301023,0.9720275408218519,1.7469350790627218,-0.6591993834135361,,,2.49,372.60784775197345,5.020211021629496
1763,,AM,RF528,00,EHZ,61.21621621621622,-149.80600087454445,2026-09-07T09:28:59.995000Z,2026-09-07T09:29:59.995000Z,100.0,100.0,60.0,,noise,0,Noise,timeofday:America/Anchorage:day7-19:night1-5,AM,2.0-20.0,541.8775418525345,2361.0874368923946,530.7811335328738,2115.855205386825,0.9594639268667069,1.9684676927463611,-0.3736855895149329,,,2.49,372.60784775197345,5.678504138203887
1764,,AM,RF528,00,EHZ,61.21621621621622,-149.80600087454445,2026-09-07T09:29:59.995000Z,2026-09-07T09:30:59.995000Z,100.0,100.0,60.0,,noise,0,Noise,timeofday:America/Anchorage:day7-19:night1-5,AM,2.0-20.0,475.8522152501083,2578.089584963364,461.8459613191945,2373.5423286820114,0.9419982794752305,2.187315821490664,-0.08319900093462351,,,2.49,372.60784775197345,6.370081422069137
1765,,AM,RF528,00,EHZ,61.21621621621622,-149.80600087454445,2026-09-07T09:30:59.995000Z,2026-09-07T09:31:59.995000Z,100.0,100.0,60.0,,noise,0,Noise,timeofday:America/Anchorage:day7-19:night1-5,AM,2.0-20.0,498.2818705757294,1751.0920383832822,486.4382935257143,1643.1527019214795,0.9530272973727538,1.5858215964732423,-0.29748255294360915,,,2.49,372.60784775197345,4.4098714287285885
1766,,AM,RF528,00,EHZ,61.21621621621622,-149.80600087454445,2026-09-07T09:31:59.995000Z,2026-09-07T09:32:59.995000Z,100.0,100.0,60.0,,noise,0,Noise,timeofday:America/Anchorage:day7-19:night1-5,AM,2.0-20.0,423.3197321608388,1890.0934668878203,411.05336921524844,1743.95016785801,0.9428864598876389,2.296775384744306,-0.04915036690531327,,,2.49,372.60784775197345,4.680390330959618
1767,,AM,RF528,00,EHZ,61.21621621621622,-149.80600087454445,2026-09-07T09:32:59.995000Z,2026-09-07T09:33:59.995000Z,100.0,100.0,60.0,,noise,0,Noise,timeofday:America/Anchorage:day7-19:night1-5,AM,2.0-20.0,394.32935751859577,1565.904738648505,379.5042508846056,1356.9142037993338,0.9262219468072849,1.7280448159827015,-0.11597069862429965,,,2.49,372.60784775197345,3.6416683437718795
1768,,AM,RF528,00,EHZ,61.21621621621622,-149.80600087454445,2026-09-07T09:33:59.995000Z,2026-09-07T09:34:59.995000Z,100.0,100.0,60.0,,noise,0,Noise,timeofday:America/Anchorage:day7-19:night1-5,AM,2.0-20.0,395.05068647514474,1859.0977509651734,379.4241878993257,1617.7776865792111,0.9224532916363286,1.7053537016468487,-0.08097828327099643,,,2.49,372.60784775197345,4.341770299094949
1769,,AM,RF528,00,EHZ,61.21621621621622,-149.80600087454445,2026-09-07T09:34:59.995000Z,2026-09-07T09:35:59.995000Z,100.0,100.0,60.0,,noise,0,Noise,timeofday:America/Anchorage:day7-19:night1-5,AM,2.0-20.0,413.03388324502686,1681.900553960369,396.91239081375204,1619.0589856957008,0.9234597115351674,1.9203898736061178,-0.09144375277390937,,,2.49,372.60784775197345,4.345209032670262
1770,,AM,RF528,00,EHZ,61.21621621621622,-149.80600087454445,2026-09-07T09:35:59.995000Z,2026-09-07T09:36:59.995000Z,100.0,100.0,60.0,,noise,0,Noise,timeofday:America/Anchorage:day7-19:night1-5,AM,2.0-20.0,397.83828449921106,1409.9005011059885,384.35068522693564,1439.5281603742126,0.9333449291330843,1.7788240458616982,-0.36325906890981585,,,2.49,372.60784775197345,3.8633865847410576
1771,,AM,RF528,00,EHZ,61.21621621621622,-149.80600087454445,2026-09-07T09:36:59.995000Z,2026-09-07T09:37:59.995000Z,100.0,100.0,60.0,,noise,0,Noise,timeofday:America/Anchorage:day7-19:night1-5,AM,2.0-20.0,397.9927542734254,1421.8976228402585,385.606666336173,1401.705313240902,0.9387257598719727,1.831920003498881,-0.05968150852044607,,,2.49,372.60784775197345,3.7618781292388332
1772,,AM,RF528,00,EHZ,61.21621621621622,-149.80600087454445,2026-09-07T09:37:59.995000Z,2026-09-07T09:38:59.995000Z,100.0,100.0,60.0,,noise,0,Noise,timeofday:America/Anchorage:day7-19:night1-5,AM,2.0-20.0,432.99278266003614,1946.8964195413423,421.05462076125514,1890.6627607528376,0.9456176305275394,3.158983274108564,0.3630572719641063,,,2.49,372.60784775197345,5.074135641961459
1773,,AM,RF528,00,EHZ,61.21621621621622,-149.80600087454445,2026-09-07T09:38:59.995000Z,2026-09-07T09:39:59.995000Z,100.0,100.0,60.0,,noise,0,Noise,timeofday:America/Anchorage:day7-19:night1-5,AM,2.0-20.0,415.07113861015347,1722.8953299942455,400.92738626948824,1579.880263241185,0.9330101594484851,2.0135909529561107,-0.06930471337418975,,,2.49,372.60784775197345,4.240061696963594
1774,,AM,RF528,00,EHZ,61.21621621621622,-149.80600087454445,2026-09-07T09:39:59.995000Z,2026-09-07T09:40:59.995000Z,100.0,100.0,60.0,,noise,0,Noise,timeofday:America/Anchorage:day7-19:night1-5,AM,2.0-20.0,397.39636842743516,1623.1065184728163,382.72496831644054,1572.8719599201654,0.9275253829409353,1.6117213066716594,-0.2345510617325295,,,2.49,372.60784775197345,4.221252905459866
1775,,AM,RF528,00,EHZ,61.21621621621622,-149.80600087454445,2026-09-07T09:40:59.995000Z,2026-09-07T09:41:59.995000Z,100.0,100.0,60.0,,noise,0,Noise,timeofday:America/Anchorage:day7-19:night1-5,AM,2.0-20.0,378.4604381795483,1612.8902858479191,361.73950447974863,1305.7780033125196,0.9135890865154552,1.5877815849712387,-0.21451074672781578,,,2.49,372.60784775197345,3.5044296871109144
1776,,AM,RF528,00,EHZ,61.21621621621622,-149.80600087454445,2026-09-07T09:41:59.995000Z,2026-09-07T09:42:59.995000Z,100.0,100.0,60.0,,noise,0,Noise,timeofday:America/Anchorage:day7-19:night1-5,AM,2.0-20.0,366.10966887187385,1419.111101866824,351.0989184480985,1613.471357058203,0.9196796693280187,1.8756905747172203,-0.20181272585092902,,,2.49,372.60784775197345,4.330213029040148
1777,,AM,RF528,00,EHZ,61.21621621621622,-149.80600087454445,2026-09-07T09:42:59.995000Z,2026-09-07T09:43:59.995000Z,100.0,100.0,60.0,,noise,0,Noise,timeofday:America/Anchorage:day7-19:night1-5,AM,2.0-20.0,368.37329259893124,1425.8872381034703,352.6061007223194,1204.4677158823938,0.9162276047718376,1.809009594576493,-0.17929074712173598,,,2.49,372.60784775197345,3.2325344813567862
1778,,AM,RF528,00,EHZ,61.21621621621622,-149.80600087454445,2026-09-07T09:43:59.995000Z,2026-09-07T09:44:59.995000Z,100.0,100.0,60.0,,noise,0,Noise,timeofday:America/Anchorage:day7-19:night1-5,AM,2.0-20.0,397.6806958093055,1313.1149550660743,381.6931550541734,1333.891086751924,0.9212122904786046,2.073497495746162,-0.2162536593712221,,,2.49,372.60784775197345,3.579879207589393
1779,,AM,RF528,00,EHZ,61.21621621621622,-149.80600087454445,2026-09-07T09:44:59.995000Z,2026-09-07T09:45:59.995000Z,100.0,100.0,60.0,,noise,0,Noise,timeofday:America/Anchorage:day7-19:night1-5,AM,2.0-20.0,384.53628410190163,1548.1164973224318,370.98047619999295,1300.2946301474615,0.9307380270412544,1.8743506062131754,-0.25927117024043467,,,2.49,372.60784775197345,3.4897134829350214
1780,,AM,RF528,00,EHZ,61.21621621621622,-149.80600087454445,2026-09-07T09:45:59.995000Z,2026-09-07T09:46:59.995000Z,100.0,100.0,60.0,,noise,0,Noise,timeofday:America/Anchorage:day7-19:night1-5,AM,2.0-20.0,394.0705574348846,1372.1177017703562,381.391951765818,1300.6171920056913,0.9366882490936653,1.7250853070457302,-0.32113493535728477,,,2.49,372.60784775197345,3.4905791701720883
1781,,AM,RF528,00,EHZ,61.21621621621622,-149.80600087454445,2026-09-07T09:46:59.995000Z,2026-09-07T09:47:59.995000Z,100.0,100.0,60.0,,noise,0,Noise,timeofday:America/Anchorage:day7-19:night1-5,AM,2.0-20.0,368.27173184017215,1337.118837565035,351.3237206081401,1131.0411390885122,0.9100770833085525,1.5711492497415493,-0.3133305325622975,,,2.49,372.60784775197345,3.0354732083941243
1782,,AM,RF528,00,EHZ,61.21621621621622,-149.80600087454445,2026-09-07T09:47:59.995000Z,2026-09-07T09:48:59.995000Z,100.0,100.0,60.0,,noise,0,Noise,timeofday:America/Anchorage:day7-19:night1-5,AM,2.0-20.0,366.89707883088096,1227.1212154376612,351.25414849099866,1277.1229453206397,0.9165463165137114,1.9376653890106308,-0.16809478993433258,,,2.49,372.60784775197345,3.4275256225165633
1783,,AM,RF528,00,EHZ,61.21621621621622,-149.80600087454445,2026-09-07T09:48:59.995000Z,2026-09-07T09:49:59.995000Z,100.0,100.0,60.0,,noise,0,Noise,timeofday:America/Anchorage:day7-19:night1-5,AM,2.0-20.0,372.9196785303591,1263.8775266855296,357.92641902212216,1378.7989035767541,0.9212063193459263,1.7483821978878717,-0.22889589520390308,,,2.49,372.60784775197345,3.7004022107836874
1784,,AM,RF528,00,EHZ,61.21621621621622,-149.80600087454445,2026-09-07T09:49:59.995000Z,2026-09-07T09:50:59.995000Z,100.0,100.0,60.0,,noise,0,Noise,timeofday:America/Anchorage:day7-19:night1-5,AM,2.0-20.0,399.1541124765751,1379.8761691322538,384.04131342838116,1421.0657566424024,0.9257094055004221,1.6414160871816839,-0.2378506994242775,,,2.49,372.60784775197345,3.8138374304674745
1785,,AM,RF528,00,EHZ,61.21621621621622,-149.80600087454445,2026-09-07T09:50:59.995000Z,2026-09-07T09:51:59.995000Z,100.0,100.0,60.0,,noise,0,Noise,timeofday:America/Anchorage:day7-19:night1-5,AM,2.0-20.0,416.991967364529,1578.8742247229998,400.7380100669187,1628.1176165142606,0.9235612361382495,2.119607792635527,-0.144866668399787,,,2.49,372.60784775197345,4.369520465918951
1786,,AM,RF528,00,EHZ,61.21621621621622,-149.80600087454445,2026-09-07T09:51:59.995000Z,2026-09-07T09:52:59.995000Z,100.0,100.0,60.0,,noise,0,Noise,timeofday:America/Anchorage:day7-19:night1-5,AM,2.0-20.0,408.8304001482043,2522.127244858583,394.90694641682984,2224.0477191267228,0.9330462724326699,3.2399817876608017,0.5664949537983714,,,2.49,372.60784775197345,5.9688697716510815
1787,,AM,RF528,00,EHZ,61.21621621621622,-149.80600087454445,2026-09-07T09:52:59.995000Z,2026-09-07T09:53:59.995000Z,100.0,100.0,60.0,,noise,0,Noise,timeofday:America/Anchorage:day7-19:night1-5,AM,2.0-20.0,396.6953296122262,1328.8710215751812,377.59364026933207,1353.1944699560127,0.9060145391308745,1.5260672202998067,-0.31589716456108086,,,2.49,372.60784775197345,3.6316853714169945
1788,,AM,RF528,00,EHZ,61.21621621621622,-149.80600087454445,2026-09-07T09:53:59.995000Z,2026-09-07T09:54:59.995000Z,100.0,100.0,60.0,,noise,0,Noise,timeofday:America/Anchorage:day7-19:night1-5,AM,2.0-20.0,371.0137599617977,1214.8681384261686,353.4583145731992,1260.2275188043081,0.907603936553986,1.7890280013822553,-0.3038407889089356,,,2.49,372.60784775197345,3.3821819009114886
1789,,AM,RF528,00,EHZ,61.21621621621622,-149.80600087454445,2026-09-07T09:57:59.995000Z,2026-09-07T09:58:59.995000Z,100.0,100.0,60.0,,noise,0,Noise,timeofday:America/Anchorage:day7-19:night1-5,AM,2.0-20.0,384.43740488177053,1461.8621561145842,367.39195053827666,1516.1388754177187,0.9132885224074985,1.7930452063551996,-0.206923315453162,,,2.49,372.60784775197345,4.0689934057077
1790,,AM,RF528,00,EHZ,61.21621621621622,-149.80600087454445,2026-09-07T09:58:59.995000Z,2026-09-07T09:59:59.995000Z,100.0,100.0,60.0,,noise,0,Noise,timeofday:America/Anchorage:day7-19:night1-5,AM,2.0-20.0,381.03598873310636,1511.8595849213175,359.62117121270256,1599.6648913713043,0.8907554926839307,1.9958453881618512,-0.15042791718387472,,,2.49,372.60784775197345,4.293159419541055
1791,,AM,RF528,00,EHZ,61.21621621621622,-149.80600087454445,2026-09-07T09:59:59.995000Z,2026-09-07T10:00:59.995000Z,100.0,100.0,60.0,,noise,0,Noise,timeofday:America/Anchorage:day7-19:night1-5,AM,2.0-20.0,411.5549971077421,2004.8576149466294,386.1455501603804,1705.331735253697,0.8803316387149615,2.0545961121199747,-0.16244227611583106,,,2.49,372.60784775197345,4.576746693721952
1792,,AM,RF528,00,EHZ,61.21621621621622,-149.80600087454445,2026-09-07T10:00:59.995000Z,2026-09-07T10:01:59.995000Z,100.0,100.0,60.0,,noise,0,Noise,timeofday:America/Anchorage:day7-19:night1-5,AM,2.0-20.0,376.8540092904347,1179.8565722216204,356.70289342491526,1297.5881709304233,0.8959153638866586,1.6540273769984393,-0.2463213717919368,,,2.49,372.60784775197345,3.4824499235833684
1793,,AM,RF528,00,EHZ,61.21621621621622,-149.80600087454445,2026-09-07T10:01:59.995000Z,2026-09-07T10:02:59.995000Z,100.0,100.0,60.0,,noise,0,Noise,timeofday:America/Anchorage:day7-19:night1-5,AM,2.0-20.0,368.816554285732,1373.1448784013269,349.77680063306747,1198.470909568426,0.8994172026955295,1.6843542127541646,-0.24024105192209655,,,2.49,372.60784775197345,3.2164403321053734
1794,,AM,RF528,00,EHZ,61.21621621621622,-149.80600087454445,2026-09-07T10:02:59.995000Z,2026-09-07T10:03:59.995000Z,100.0,100.0,60.0,,noise,0,Noise,timeofday:America/Anchorage:day7-19:night1-5,AM,2.0-20.0,372.79610044937823,1423.1463497064237,356.8298413923844,1197.5149856493867,0.9161774793001105,1.7388715239372077,-0.27085409120617854,,,2.49,372.60784775197345,3.2138748361696154
1795,,AM,RF528,00,EHZ,61.21621621621622,-149.80600087454445,2026-09-07T10:03:59.995000Z,2026-09-07T10:04:59.995000Z,100.0,100.0,60.0,,noise,0,Noise,timeofday:America/Anchorage:day7-19:night1-5,AM,2.0-20.0,417.27181248696377,1884.8510061382835,400.25053493866056,1998.113724956349,0.920080328522697,2.6319593258234084,0.18152428407450572,,,2.49,372.60784775197345,5.362511114597871
1796,,AM,RF528,00,EHZ,61.21621621621622,-149.80600087454445,2026-09-07T10:04:59.995000Z,2026-09-07T10:05:59.995000Z,100.0,100.0,60.0,,noise,0,Noise,timeofday:America/Anchorage:day7-19:night1-5,AM,2.0-20.0,446.70054543593255,2599.149475296183,432.90184703601784,2787.2914675928305,0.9391736777091783,3.4077732491733275,0.7227909139204862,,,2.49,372.60784775197345,7.480495873635469
1797,,AM,RF528,00,EHZ,61.21621621621622,-149.80600087454445,2026-09-07T10:05:59.995000Z,2026-09-07T10:06:59.995000Z,100.0,100.0,60.0,,noise,0,Noise,timeofday:America/Anchorage:day7-19:night1-5,AM,2.0-20.0,402.759957952994,1407.8487647103916,386.81612053842633,1512.9241767724684,0.9223941847484296,2.382124133051594,-0.21724617359133624,,,2.49,372.60784775197345,4.060365840119253
1798,,AM,RF528,00,EHZ,61.21621621621622,-149.80600087454445,2026-09-07T10:06:59.995000Z,2026-09-07T10:07:59.995000Z,100.0,100.0,60.0,,noise,0,Noise,timeofday:America/Anchorage:day7-19:night1-5,AM,2.0-20.0,383.16583360347335,1315.1533509010937,367.9050685882837,1299.073634341965,0.9219300881853787,1.542568765016437,-0.25026299540679675,,,2.49,372.60784775197345,3.486436590585966
1799,,AM,RF528,00,EHZ,61.21621621621622,-149.80600087454445,2026-09-07T10:07:59.995000Z,2026-09-07T10:08:59.995000Z,100.0,100.0,60.0,,noise,0,Noise,timeofday:America/Anchorage:day7-19:night1-5,AM,2.0-20.0,405.223186791485,2371.8448227502518,390.1193475390642,2275.2251066321633,0.9268434883969368,2.8699507564128397,0.6555921831305374,,,2.49,372.60784775197345,6.106218965486383
1800,,AM,RF528,00,EHZ,61.21621621621622,-149.80600087454445,2026-09-07T10:08:59.995000Z,2026-09-07T10:09:59.995000Z,100.0,100.0,60.0,,noise,0,Noise,timeofday:America/Anchorage:day7-19:night1-5,AM,2.0-20.0,368.7159621304619,1180.8420955791112,352.2093443842408,1131.3725597961559,0.912468476658245,1.6871294276892503,-0.34463106469068006,,,2.49,372.60784775197345,3.0363626708937552
1801,,AM,RF528,00,EHZ,61.21621621621622,-149.80600087454445,2026-09-07T10:09:59.995000Z,2026-09-07T10:10:59.995000Z,100.0,100.0,60.0,,noise,0,Noise,timeofday:America/Anchorage:day7-19:night1-5,AM,2.0-20.0,392.0613734184298,2194.15979856103,375.88024506048316,2096.497919383522,0.9191595180820208,2.6674566381573634,0.0658886202437361,,,2.49,372.60784775197345,5.626553310758652
1802,,AM,RF528,00,EHZ,61.21621621621622,-149.80600087454445,2026-09-07T10:10:59.995000Z,2026-09-07T10:11:59.995000Z,100.0,100.0,60.0,,noise,0,Noise,timeofday:America/Anchorage:day7-19:night1-5,AM,2.0-20.0,404.5279723740356,1593.160985486577,384.1338328382399,1534.0109343248137,0.9017123210035882,2.562097953742631,-0.09967056930707363,,,2.49,372.60784775197345,4.116958200370296
1803,,AM,RF528,00,EHZ,61.21621621621622,-149.80600087454445,2026-09-07T10:11:59.995000Z,2026-09-07T10:12:59.995000Z,100.0,100.0,60.0,,noise,0,Noise,timeofday:America/Anchorage:day7-19:night1-5,AM,2.0-20.0,403.4332851580287,1391.1629072029177,387.30617018572997,1216.0767265422273,0.9216486221954482,1.5424335838713201,-0.30702425330184324,,,2.49,372.60784775197345,3.26369059019849
1804,,AM,RF528,00,EHZ,61.21621621621622,-149.80600087454445,2026-09-07T10:15:59.995000Z,2026-09-07T10:16:59.995000Z,100.0,100.0,60.0,,noise,0,Noise,timeofday:America/Anchorage:day7-19:night1-5,AM,2.0-20.0,391.07038990231365,1714.169236802251,372.60784775197345,1859.3098328337983,0.9078082527628446,2.6129962610813084,-0.007075131344459695,,,2.49,372.60784775197345,4.989991069837715
1805,,AM,RF528,00,EHZ,61.21621621621622,-149.80600087454445,2026-09-07T10:16:59.995000Z,2026-09-07T10:17:59.995000Z,100.0,100.0,60.0,,noise,0,Noise,timeofday:America/Anchorage:day7-19:night1-5,AM,2.0-20.0,438.08833570176733,1957.171279451712,417.0371293173148,1911.6930299311985,0.9062041877658037,2.939524676565352,0.21354177282561615,,,2.49,372.60784775197345,5.1305763994635925
1806,,AM,RF528,00,EHZ,61.21621621621622,-149.80600087454445,2026-09-07T10:17:59.995000Z,2026-09-07T10:18:59.995000Z,100.0,100.0,60.0,,noise,0,Noise,timeofday:America/Anchorage:day7-19:night1-5,AM,2.0-20.0,398.82180004435025,1469.1734700359889,384.22950515673193,1372.283350676662,0.9281617016319578,1.5928312569177279,-0.28878884854582054,,,2.49,372.60784775197345,3.6829158563244295
1807,,AM,RF528,00,EHZ,61.21621621621622,-149.80600087454445,2026-09-07T10:18:59.995000Z,2026-09-07T10:19:59.995000Z,100.0,100.0,60.0,,noise,0,Noise,timeofday:America/Anchorage:day7-19:night1-5,AM,2.0-20.0,388.6214204509378,1323.8262889595258,373.8237510538864,1384.722420708405,0.9252952065973921,1.7224396647234175,-0.22537890520511894,,,2.49,372.60784775197345,3.7162996674996123
1808,,AM,RF528,00,EHZ,61.21621621621622,-149.80600087454445,2026-09-07T10:19:59.995000Z,2026-09-07T10:20:59.995000Z,100.0,100.0,60.0,,noise,0,Noise,timeofday:America/Anchorage:day7-19:night1-5,AM,2.0-20.0,388.0940069483088,1349.8231122388984,374.77479293819744,1292.2682095251416,0.9325387198972412,1.5246093175415978,-0.3190641920410511,,,2.49,372.60784775197345,3.4681722817210776
1809,,AM,RF528,00,EHZ,61.21621621621622,-149.80600087454445,2026-09-07T10:20:59.995000Z,2026-09-07T10:21:59.995000Z,100.0,100.0,60.0,,noise,0,Noise,timeofday:America/Anchorage:day7-19:night1-5,AM,2.0-20.0,425.5596888775412,3266.178219174441,412.2560899915824,2967.435102800642,0.9384544422221325,4.714720232906661,2.833064091457648,,,2.49,372.60784775197345,7.963962972610058
1810,,AM,RF528,00,EHZ,61.21621621621622,-149.80600087454445,2026-09-07T10:21:59.995000Z,2026-09-07T10:22:59.995000Z,100.0,100.0,60.0,,noise,0,Noise,timeofday:America/Anchorage:day7-19:night1-5,AM,2.0-20.0,413.21710984376784,2143.1803324879115,399.7397632784139,2235.904986870445,0.9358324715569916,2.5042950556743127,0.34313811189368204,,,2.49,372.60784775197345,6.00069214956196
1811,,AM,RF528,00,EHZ,61.21621621621622,-149.80600087454445,2026-09-07T10:22:59.995000Z,2026-09-07T10:23:59.995000Z,100.0,100.0,60.0,,noise,0,Noise,timeofday:America/Anchorage:day7-19:night1-5,AM,2.0-20.0,392.1852094859012,1487.1815645120337,377.9630606487589,1427.356881250172,0.9287873509515496,1.5861977431265026,-0.1829346340000142,,,2.49,372.60784775197345,3.8307214672523284
1812,,AM,RF528,00,EHZ,61.21621621621622,-149.80600087454445,2026-09-07T10:23:59.995000Z,2026-09-07T10:24:59.995000Z,100.0,100.0,60.0,,noise,0,Noise,timeofday:America/Anchorage:day7-19:night1-5,AM,2.0-20.0,387.033990607332,2211.183223105478,372.6846320875605,1830.346416173792,0.927224190800543,2.150192297622347,0.08878951717754546,,,2.49,372.60784775197345,4.912259436339523
1813,,AM,RF528,00,EHZ,61.21621621621622,-149.80600087454445,2026-09-07T10:24:59.995000Z,2026-09-07T10:25:59.995000Z,100.0,100.0,60.0,,noise,0,Noise,timeofday:America/Anchorage:day7-19:night1-5,AM,2.0-20.0,418.72205823033744,1840.184497642908,405.0691964545697,1674.6786523724304,0.9358511034343788,2.161476555082016,-0.0184299120154634,,,2.49,372.60784775197345,4.494480356428727
1814,,AM,RF528,00,EHZ,61.21621621621622,-149.80600087454445,2026-09-07T10:25:59.995000Z,2026-09-07T10:26:59.995000Z,100.0,100.0,60.0,,noise,0,Noise,timeofday:America/Anchorage:day7-19:night1-5,AM,2.0-20.0,385.08332486994306,1469.1861094142646,371.79329635067484,1404.4136874165674,0.9321669136135323,1.8802902702529911,-0.21861126162707478,,,2.49,372.60784775197345,3.7691468279310527
1815,,AM,RF528,00,EHZ,61.21621621621622,-149.80600087454445,2026-09-07T10:26:59.995000Z,2026-09-07T10:27:59.995000Z,100.0,100.0,60.0,,noise,0,Noise,timeofday:America/Anchorage:day7-19:night1-5,AM,2.0-20.0,378.98580209529825,1412.8110054259573,364.9208210226154,1310.8039318423596,0.927152995734998,1.7674310825191173,-0.2103080768400991,,,2.49,372.60784775197345,3.5179182074417734
1816,,AM,RF528,00,EHZ,61.21621621621622,-149.80600087454445,2026-09-07T10:27:59.995000Z,2026-09-07T10:28:59.995000Z,100.0,100.0,60.0,,noise,0,Noise,timeofday:America/Anchorage:day7-19:night1-5,AM,2.0-20.0,393.18919333879245,2488.1894309099357,380.22973686959557,2440.0030695140094,0.9351666535068056,2.759312280016152,0.11864631488980582,,,2.49,372.60784775197345,6.548447876863287
1817,,AM,RF528,00,EHZ,61.21621621621622,-149.80600087454445,2026-09-07T10:28:59.995000Z,2026-09-07T10:29:59.995000Z,100.0,100.0,60.0,,noise,0,Noise,timeofday:America/Anchorage:day7-19:night1-5,AM,2.0-20.0,375.9705879146047,1313.8089343385413,360.19620048789983,1156.501097546873,0.9178474627907057,1.7529362955809162,-0.2631724131270077,,,2.49,372.60784775197345,3.1038023072361547
1818,,AM,RF528,00,EHZ,61.21621621621622,-149.80600087454445,2026-09-07T10:29:59.995000Z,2026-09-07T10:30:59.995000Z,100.0,100.0,60.0,,noise,0,Noise,timeofday:America/Anchorage:day7-19:night1-5,AM,2.0-20.0,416.6126906788032,1573.8073466963574,401.32987619102994,1511.2084227477576,0.9279786659958071,2.0849371856175076,-0.10537055195539269,,,2.49,372.60784775197345,4.055761122223314
1819,,AM,RF528,00,EHZ,61.21621621621622,-149.80600087454445,2026-09-07T10:30:59.995000Z,2026-09-07T10:31:59.995000Z,100.0,100.0,60.0,,noise,0,Noise,timeofday:America/Anchorage:day7-19:night1-5,AM,2.0-20.0,366.3509138665438,1411.8045207105056,351.01050613269916,1397.8914033414565,0.9180063233530409,1.8076436067331545,-0.2809720696329019,,,2.49,372.60784775197345,3.7516424084335536
1820,,AM,RF528,00,EHZ,61.21621621621622,-149.80600087454445,2026-09-07T10:31:59.995000Z,2026-09-07T10:32:59.995000Z,100.0,100.0,60.0,,noise,0,Noise,timeofday:America/Anchorage:day7-19:night1-5,AM,2.0-20.0,379.5043009095137,1445.1965277595468,363.5646806633314,1288.9289864979182,0.9177617805564162,2.0122720682728175,-0.19605474725343708,,,2.49,372.60784775197345,3.459210519247824
1821,,AM,RF528,00,EHZ,61.21621621621622,-149.80600087454445,2026-09-07T10:32:59.995000Z,2026-09-07T10:33:59.995000Z,100.0,100.0,60.0,,noise,0,Noise,timeofday:America/Anchorage:day7-19:night1-5,AM,2.0-20.0,364.47410704689605,1259.1985017557622,348.6697262076306,1230.402519152262,0.9151559763760819,1.667627351859985,-0.1882748993576273,,,2.49,372.60784775197345,3.302137962406202
1822,,AM,RF528,00,EHZ,61.21621621621622,-149.80600087454445,2026-09-07T10:33:59.995000Z,2026-09-07T10:34:59.995000Z,100.0,100.0,60.0,,noise,0,Noise,timeofday:America/Anchorage:day7-19:night1-5,AM,2.0-20.0,411.71986805225794,2888.799039079278,398.25258516899686,2834.2481749933104,0.9356502918129801,3.119229974787301,1.4512159166180005,,,2.49,372.60784775197345,7.606517662182813
1823,,AM,RF528,00,EHZ,61.21621621621622,-149.80600087454445,2026-09-07T10:34:59.995000Z,2026-09-07T10:35:59.995000Z,100.0,100.0,60.0,,noise,0,Noise,timeofday:America/Anchorage:day7-19:night1-5,AM,2.0-20.0,368.00903645825196,1351.798769924089,353.15200288201163,1235.8329593068947,0.9208870835149074,2.005729813295447,-0.1429155900366621,,,2.49,372.60784775197345,3.3167121056707516
1824,,AM,RF528,00,EHZ,61.21621621621622,-149.80600087454445,2026-09-07T10:35:59.995000Z,2026-09-07T10:36:59.995000Z,100.0,100.0,60.0,,noise,0,Noise,timeofday:America/Anchorage:day7-19:night1-5,AM,2.0-20.0,383.7500219166826,1508.7959502577828,368.5913125229635,1511.7888301081048,0.9225573289410915,1.74109942460173,-0.2281322048856702,,,2.49,372.60784775197345,4.057318811799228
1825,,AM,RF528,00,EHZ,61.21621621621622,-149.80600087454445,2026-09-07T10:36:59.995000Z,2026-09-07T10:37:59.995000Z,100.0,100.0,60.0,,noise,0,Noise,timeofday:America/Anchorage:day7-19:night1-5,AM,2.0-20.0,382.08722100137464,1496.7946441226263,367.28420614759574,1381.3701266956032,0.9240159778136405,1.8769486804594053,-0.21526538305238407,,,2.49,372.60784775197345,3.70730282528862
1826,,AM,RF528,00,EHZ,61.21621621621622,-149.80600087454445,2026-09-07T10:37:59.995000Z,2026-09-07T10:38:59.995000Z,100.0,100.0,60.0,,noise,0,Noise,timeofday:America/Anchorage:day7-19:night1-5,AM,2.0-20.0,388.4065949699298,1287.2080658133914,376.09533803100624,1185.8462322907856,0.9376110333834413,1.519459837234762,-0.33162498585478195,,,2.49,372.60784775197345,3.18255839066531
1827,,AM,RF528,00,EHZ,61.21621621621622,-149.80600087454445,2026-09-07T10:38:59.995000Z,2026-09-07T10:39:59.995000Z,100.0,100.0,60.0,,noise,0,Noise,timeofday:America/Anchorage:day7-19:night1-5,AM,2.0-20.0,393.6292566636555,1322.2086767985406,380.2763496532073,1243.2386030026225,0.9333056449461018,1.6816047627707973,-0.33413695987216174,,,2.49,372.60784775197345,3.3365872740023037
1828,,AM,RF528,00,EHZ,61.21621621621622,-149.80600087454445,2026-09-07T10:39:59.995000Z,2026-09-07T10:40:59.995000Z,100.0,100.0,60.0,,noise,0,Noise,timeofday:America/Anchorage:day7-19:night1-5,AM,2.0-20.0,393.8030200502358,1421.2110247969508,379.0866950150078,1561.0453559603175,0.9266569755955976,2.0320022061301657,0.029073469524813156,,,2.49,372.60784775197345,4.189512822605464
1829,,AM,RF528,00,EHZ,61.21621621621622,-149.80600087454445,2026-09-07T10:40:59.995000Z,2026-09-07T10:41:59.995000Z,100.0,100.0,60.0,,noise,0,Noise,timeofday:America/Anchorage:day7-19:night1-5,AM,2.0-20.0,386.9839157354836,1408.7876167880163,372.405675411691,1408.084047775533,0.9260762625581342,1.7326315545666962,-0.23450658763748278,,,2.49,372.60784775197345,3.7789972923834516
1830,,AM,RF528,00,EHZ,61.21621621621622,-149.80600087454445,2026-09-07T10:41:59.995000Z,2026-09-07T10:42:59.995000Z,100.0,100.0,60.0,,noise,0,Noise,timeofday:America/Anchorage:day7-19:night1-5,AM,2.0-20.0,376.2917463575949,1394.7860047294066,360.71117558405103,1410.4551385551454,0.9189032989100173,1.7207288255316078,-0.12437019110489178,,,2.49,372.60784775197345,3.7853607943706415
1831,,AM,RF528,00,EHZ,61.21621621621622,-149.80600087454445,2026-09-07T10:42:59.995000Z,2026-09-07T10:43:59.995000Z,100.0,100.0,60.0,,noise,0,Noise,timeofday:America/Anchorage:day7-19:night1-5,AM,2.0-20.0,403.3197939638114,1990.216250199334,386.6833791023369,1874.5523643394486,0.9192040662997312,3.0009150155503352,0.45426718928840826,,,2.49,372.60784775197345,5.030898773735021
1832,,AM,RF528,00,EHZ,61.21621621621622,-149.80600087454445,2026-09-07T10:43:59.995000Z,2026-09-07T10:44:59.995000Z,100.0,100.0,60.0,,noise,0,Noise,timeofday:America/Anchorage:day7-19:night1-5,AM,2.0-20.0,391.36170636542937,1677.2176758313512,374.90066074744766,1748.2756425157372,0.9176472212892965,2.5214654235594356,0.2612847186543754,,,2.49,372.60784775197345,4.69199898247843
1833,,AM,RF528,00,EHZ,61.21621621621622,-149.80600087454445,2026-09-07T10:44:59.995000Z,2026-09-07T10:45:59.995000Z,100.0,100.0,60.0,,noise,0,Noise,timeofday:America/Anchorage:day7-19:night1-5,AM,2.0-20.0,368.67668704170404,1632.7812087688667,351.74765877333124,1512.8322836735742,0.9102717787394644,1.815931125315235,-0.14095341336246037,,,2.49,372.60784775197345,4.060119218639194
1834,,AM,RF528,00,EHZ,61.21621621621622,-149.80600087454445,2026-09-07T10:45:59.995000Z,2026-09-07T10:46:59.995000Z,100.0,100.0,60.0,,noise,0,Noise,timeofday:America/Anchorage:day7-19:night1-5,AM,2.0-20.0,369.52309725976215,1316.2211432510726,352.9176264126404,1357.4295056617698,0.9121442410756437,1.819167204100928,-0.1423316682593807,,,2.49,372.60784775197345,3.6430513040759767
1835,,AM,RF528,00,EHZ,61.21621621621622,-149.80600087454445,2026-09-07T10:46:59.995000Z,2026-09-07T10:47:59.995000Z,100.0,100.0,60.0,,noise,0,Noise,timeofday:America/Anchorage:day7-19:night1-5,AM,2.0-20.0,375.8460919853806,1899.2221535165977,358.7033773269663,1611.395486049381,0.9108583706501077,1.6222411382327915,-0.21017033788457162,,,2.49,372.60784775197345,4.324641833958384
1836,,AM,RF528,00,EHZ,61.21621621621622,-149.80600087454445,2026-09-07T10:47:59.995000Z,2026-09-07T10:48:59.995000Z,100.0,100.0,60.0,,noise,0,Noise,timeofday:America/Anchorage:day7-19:night1-5,AM,2.0-20.0,370.2924774944142,1199.2251857494362,350.15254931167266,1168.4229068260463,0.8941797004689196,1.6302044716173227,-0.2197887215833063,,,2.49,372.60784775197345,3.135797900863879
1837,,AM,RF528,00,EHZ,61.21621621621622,-149.80600087454445,2026-09-07T10:48:59.995000Z,2026-09-07T10:49:59.995000Z,100.0,100.0,60.0,,noise,0,Noise,timeofday:America/Anchorage:day7-19:night1-5,AM,2.0-20.0,466.9066095470483,1824.7736152604298,436.6688804582746,1748.7237640498083,0.8746704241473396,2.4208115643424506,0.23918182116318043,,,2.49,372.60784775197345,4.693201645108256
1838,,AM,RF528,00,EHZ,61.21621621621622,-149.80600087454445,2026-09-07T10:49:59.995000Z,2026-09-07T10:50:59.995000Z,100.0,100.0,60.0,,noise,0,Noise,timeofday:America/Anchorage:day7-19:night1-5,AM,2.0-20.0,388.2838924602827,1470.77191156841,373.095266310672,1326.6586587502477,0.9232955203814132,1.684226024922947,-0.22661608685085977,,,2.49,372.60784775197345,3.5604689132402236
1839,,AM,RF528,00,EHZ,61.21621621621622,-149.80600087454445,2026-09-07T10:50:59.995000Z,2026-09-07T10:51:59.995000Z,100.0,100.0,60.0,,noise,0,Noise,timeofday:America/Anchorage:day7-19:night1-5,AM,2.0-20.0,386.8611174762942,1371.769891899115,370.29872907168266,1155.6571300021644,0.9162084207769534,1.5782592756144609,-0.25043915390004656,,,2.49,372.60784775197345,3.101537278332978
1840,,AM,RF528,00,EHZ,61.21621621621622,-149.80600087454445,2026-09-07T10:51:59.995000Z,2026-09-07T10:52:59.995000Z,100.0,100.0,60.0,,noise,0,Noise,timeofday:America/Anchorage:day7-19:night1-5,AM,2.0-20.0,418.2635135299342,1476.7684665543488,398.0455780035588,1357.2735615147478,0.9056609544577976,1.5137761882065397,-0.2563899847194908,,,2.49,372.60784775197345,3.6426327832424437
1841,,AM,RF528,00,EHZ,61.21621621621622,-149.80600087454445,2026-09-07T10:52:59.995000Z,2026-09-07T10:53:59.995000Z,100.0,100.0,60.0,,noise,0,Noise,timeofday:America/Anchorage:day7-19:night1-5,AM,2.0-20.0,414.41302546622524,1741.7661840494106,398.3404610318648,1582.5151364207723,0.923936339425754,1.9920359296454526,-0.12027012077329724,,,2.49,372.60784775197345,4.247133134657362
1842,,AM,RF528,00,EHZ,61.21621621621622,-149.80600087454445,2026-09-07T10:53:59.995000Z,2026-09-07T10:54:59.995000Z,100.0,100.0,60.0,,noise,0,Noise,timeofday:America/Anchorage:day7-19:night1-5,AM,2.0-20.0,376.99576721919885,1889.7648506253076,362.73900431716584,1826.6717279660188,0.9257965646113104,1.9038973623864686,-0.19062120111235847,,,2.49,372.60784775197345,4.902397356863894
1843,,AM,RF528,00,EHZ,61.21621621621622,-149.80600087454445,2026-09-07T10:54:59.995000Z,2026-09-07T10:55:59.995000Z,100.0,100.0,60.0,,noise,0,Noise,timeofday:America/Anchorage:day7-19:night1-5,AM,2.0-20.0,395.2711938144624,2490.236196982986,381.7413180233768,2185.693929770653,0.9327129496079662,3.3833887999836114,0.49869339780659017,,,2.49,372.60784775197345,5.865936380453159
1844,,AM,RF528,00,EHZ,61.21621621621622,-149.80600087454445,2026-09-07T10:55:59.995000Z,2026-09-07T10:56:59.995000Z,100.0,100.0,60.0,,noise,0,Noise,timeofday:America/Anchorage:day7-19:night1-5,AM,2.0-20.0,376.5212214695097,1250.7619281227612,361.8428292022652,1439.4062829197737,0.923551298092592,1.7555927859020377,-0.26874844415515753,,,2.49,372.60784775197345,3.863059491645262
1845,,AM,RF528,00,EHZ,61.21621621621622,-149.80600087454445,2026-09-07T10:56:59.995000Z,2026-09-07T10:57:59.995000Z,100.0,100.0,60.0,,noise,0,Noise,timeofday:America/Anchorage:day7-19:night1-5,AM,2.0-20.0,373.5156199899143,1467.2392711546258,357.7482462690584,1392.023228136104,0.91735512268567,1.7836991013117003,-0.15587210895375048,,,2.49,372.60784775197345,3.7358934776454436
1846,,AM,RF528,00,EHZ,61.21621621621622,-149.80600087454445,2026-09-07T10:57:59.995000Z,2026-09-07T10:58:59.995000Z,100.0,100.0,60.0,,noise,0,Noise,timeofday:America/Anchorage:day7-19:night1-5,AM,2.0-20.0,405.693578974031,2585.7589826400485,389.7302156078837,2364.5561455380202,0.9228516379796216,3.0017894885253487,0.5595488421016057,,,2.49,372.60784775197345,6.345964422928601
1847,,AM,RF528,00,EHZ,61.21621621621622,-149.80600087454445,2026-09-07T10:58:59.995000Z,2026-09-07T10:59:59.995000Z,100.0,100.0,60.0,,noise,0,Noise,timeofday:America/Anchorage:day7-19:night1-5,AM,2.0-20.0,389.37134386601286,1679.7563258456644,375.75231881900805,1672.8148447690173,0.9312694720558855,2.183170922563389,-0.1339895065529464,,,2.49,372.60784775197345,4.489478294301861
1848,,AM,RF528,00,EHZ,61.21621621621622,-149.80600087454445,2026-09-07T10:59:59.995000Z,2026-09-07T11:00:59.995000Z,100.0,100.0,60.0,,noise,0,Noise,timeofday:America/Anchorage:day7-19:night1-5,AM,2.0-20.0,401.5904201554234,2552.2456530338372,387.77925035967803,2485.022251985934,0.9324003866740259,1.9001867702202526,0.1479272975499426,,,2.49,372.60784775197345,6.669269761704241
1849,,AM,RF528,00,EHZ,61.21621621621622,-149.80600087454445,2026-09-07T11:00:59.995000Z,2026-09-07T11:01:59.995000Z,100.0,100.0,60.0,,noise,0,Noise,timeofday:America/Anchorage:day7-19:night1-5,AM,2.0-20.0,396.2089773741336,2705.7526352310847,383.68674296730586,2788.385690144629,0.9377886331891288,3.560146252457805,0.6341658601277733,,,2.49,372.60784775197345,7.483432533607608
1850,,AM,RF528,00,EHZ,61.21621621621622,-149.80600087454445,2026-09-07T11:01:59.995000Z,2026-09-07T11:02:59.995000Z,100.0,100.0,60.0,,noise,0,Noise,timeofday:America/Anchorage:day7-19:night1-5,AM,2.0-20.0,366.5912681805003,1640.2488044762836,350.56375608810265,1473.6663206450323,0.9144706983608566,2.3109019668315156,-0.11687463186570834,,,2.49,372.60784775197345,3.95500612651073
1851,,AM,RF528,00,EHZ,61.21621621621622,-149.80600087454445,2026-09-07T11:02:59.995000Z,2026-09-07T11:03:59.995000Z,100.0,100.0,60.0,,noise,0,Noise,timeofday:America/Anchorage:day7-19:night1-5,AM,2.0-20.0,367.4583009178481,1469.2507704294408,350.99530725572,1235.363853723823,0.9124025596428725,1.9494513840759609,-0.10525243027228148,,,2.49,372.60784775197345,3.315453126328524
1852,,AM,RF528,00,EHZ,61.21621621621622,-149.80600087454445,2026-09-07T11:03:59.995000Z,2026-09-07T11:04:59.995000Z,100.0,100.0,60.0,,noise,0,Noise,timeofday:America/Anchorage:day7-19:night1-5,AM,2.0-20.0,378.80522194905933,1676.7482842240001,361.25829879312977,1576.7005734023928,0.9095021926092441,2.6462186111469443,-0.05642241164261774,,,2.49,372.60784775197345,4.231528087545607
1853,,AM,RF528,00,EHZ,61.21621621621622,-149.80600087454445,2026-09-07T11:04:59.995000Z,2026-09-07T11:05:59.995000Z,100.0,100.0,60.0,,noise,0,Noise,timeofday:America/Anchorage:day7-19:night1-5,AM,2.0-20.0,367.0519655184315,1146.7459862074497,352.435135424491,1120.4349106070601,0.9219413379631259,1.6440467256491686,-0.2944599860405783,,,2.49,372.60784775197345,3.0070083530631324
1854,,AM,RF528,00,EHZ,61.21621621621622,-149.80600087454445,2026-09-07T11:05:59.995000Z,2026-09-07T11:06:59.995000Z,100.0,100.0,60.0,,noise,0,Noise,timeofday:America/Anchorage:day7-19:night1-5,AM,2.0-20.0,369.87409426594166,1272.7447935368614,354.9194109601833,1312.329032161468,0.9207710894548239,1.9117622083653032,-0.18861555785730033,,,2.49,372.60784775197345,3.5220112514512047
1855,,AM,RF528,00,EHZ,61.21621621621622,-149.80600087454445,2026-09-07T11:06:59.995000Z,2026-09-07T11:07:59.995000Z,100.0,100.0,60.0,,noise,0,Noise,timeofday:America/Anchorage:day7-19:night1-5,AM,2.0-20.0,378.4867106215662,1797.2564295824473,354.38345747440394,1582.8714773538836,0.8766891091076742,2.065955833785791,-0.1425178391416697,,,2.49,372.60784775197345,4.248089477727594
1856,,AM,RF528,00,EHZ,61.21621621621622,-149.80600087454445,2026-09-07T11:07:59.995000Z,2026-09-07T11:08:59.995000Z,100.0,100.0,60.0,,noise,0,Noise,timeofday:America/Anchorage:day7-19:night1-5,AM,2.0-20.0,373.1060467213377,1481.7402227819434,355.2530836254498,1564.029084813621,0.9065904454533846,2.4731345418349564,-0.050466967709514865,,,2.49,372.60784775197345,4.197520514529574
1857,,AM,RF528,00,EHZ,61.21621621621622,-149.80600087454445,2026-09-07T11:08:59.995000Z,2026-09-07T11:09:59.995000Z,100.0,100.0,60.0,,noise,0,Noise,timeofday:America/Anchorage:day7-19:night1-5,AM,2.0-20.0,399.2812961084106,1775.2612838551581,384.5408257722749,1797.9114279440078,0.9275278869140567,3.1492785621735675,0.3502530332812088,,,2.49,372.60784775197345,4.825210845104873
1858,,AM,RF528,00,EHZ,61.21621621621622,-149.80600087454445,2026-09-07T11:09:59.995000Z,2026-09-07T11:10:59.995000Z,100.0,100.0,60.0,,noise,0,Noise,timeofday:America/Anchorage:day7-19:night1-5,AM,2.0-20.0,397.71735160535627,1420.7370477848267,381.9186720041483,1480.3058805211342,0.9221311767257228,1.7642880519068271,-0.2657154422099195,,,2.49,372.60784775197345,3.972825289247532
1859,,AM,RF528,00,EHZ,61.21621621621622,-149.80600087454445,2026-09-07T11:10:59.995000Z,2026-09-07T11:11:59.995000Z,100.0,100.0,60.0,,noise,0,Noise,timeofday:America/Anchorage:day7-19:night1-5,AM,2.0-20.0,387.12915095923773,1379.735414182312,370.5891889084648,1233.5171662699313,0.9163760731105024,1.5977654686512768,-0.3493995252412425,,,2.49,372.60784775197345,3.3104970110318837
1860,,AM,RF528,00,EHZ,61.21621621621622,-149.80600087454445,2026-09-07T11:11:59.995000Z,2026-09-07T11:12:59.995000Z,100.0,100.0,60.0,,noise,0,Noise,timeofday:America/Anchorage:day7-19:night1-5,AM,2.0-20.0,417.6470782064839,2216.2659568718123,403.672257816931,2322.8529940267845,0.9341979555467139,4.6714539414577905,0.9400780695845379,,,2.49,372.60784775197345,6.234042058000325
1861,,AM,RF528,00,EHZ,61.21621621621622,-149.80600087454445,2026-09-07T11:12:59.995000Z,2026-09-07T11:13:59.995000Z,100.0,100.0,60.0,,noise,0,Noise,timeofday:America/Anchorage:day7-19:night1-5,AM,2.0-20.0,390.64376331757126,1411.2675014261845,374.50965449008805,1507.7583147623213,0.919103130797757,2.1186818883004896,-0.2318531264975845,,,2.49,372.60784775197345,4.046501768169846
1862,,AM,RF528,00,EHZ,61.21621621621622,-149.80600087454445,2026-09-07T11:13:59.995000Z,2026-09-07T11:14:59.995000Z,100.0,100.0,60.0,,noise,0,Noise,timeofday:America/Anchorage:day7-19:night1-5,AM,2.0-20.0,364.3864706517658,1388.730708706174,349.7933225391021,1302.7218832791827,0.9215067951906544,1.7895636375763602,-0.1318682050147677,,,2.49,372.60784775197345,3.4962277126979355
1863,,AM,RF528,00,EHZ,61.21621621621622,-149.80600087454445,2026-09-07T11:14:59.995000Z,2026-09-07T11:15:59.995000Z,100.0,100.0,60.0,,noise,0,Noise,timeofday:America/Anchorage:day7-19:night1-5,AM,2.0-20.0,355.16950610191213,1613.2708562430967,341.1599186779428,1419.3186193624729,0.9226663069071466,2.1681125568401467,-0.12573608893217214,,,2.49,372.60784775197345,3.8091484866074072
1864,,AM,RF528,00,EHZ,61.21621621621622,-149.80600087454445,2026-09-07T11:15:59.995000Z,2026-09-07T11:16:59.995000Z,100.0,100.0,60.0,,noise,0,Noise,timeofday:America/Anchorage:day7-19:night1-5,AM,2.0-20.0,364.7641519325284,1443.2721055023435,350.7839376400104,1416.6634637438667,0.9248154933775882,1.802370085147503,-0.16143619202946002,,,2.49,372.60784775197345,3.8020226151728003
1865,,AM,RF528,00,EHZ,61.21621621621622,-149.80600087454445,2026-09-07T11:16:59.995000Z,2026-09-07T11:17:59.995000Z,100.0,100.0,60.0,,noise,0,Noise,timeofday:America/Anchorage:day7-19:night1-5,AM,2.0-20.0,353.88561795605125,1271.7255505207754,339.0113183259789,1214.2589939544257,0.9177038836980487,1.6637341117395228,-0.24175933219598322,,,2.49,372.60784775197345,3.258812183587442
1866,,AM,RF528,00,EHZ,61.21621621621622,-149.80600087454445,2026-09-07T11:17:59.995000Z,2026-09-07T11:18:59.995000Z,100.0,100.0,60.0,,noise,0,Noise,timeofday:America/Anchorage:day7-19:night1-5,AM,2.0-20.0,367.3511136519694,1411.724386862646,353.27827112082406,1309.6223226061857,0.9248496385501314,1.9457958073655857,-0.24112707621120988,,,2.49,372.60784775197345,3.514747020245092
1867,,AM,RF528,00,EHZ,61.21621621621622,-149.80600087454445,2026-09-07T11:21:59.995000Z,2026-09-07T11:22:59.995000Z,100.0,100.0,60.0,,noise,0,Noise,timeofday:America/Anchorage:day7-19:night1-5,AM,2.0-20.0,370.6274375709209,1613.7164770896811,355.1562358225398,1382.5051965513012,0.9182559577335755,1.7669888991450535,-0.1763857979738841,,,2.49,372.60784775197345,3.710349110713219
1868,,AM,RF528,00,EHZ,61.21621621621622,-149.80600087454445,2026-09-07T11:22:59.995000Z,2026-09-07T11:23:59.995000Z,100.0,100.0,60.0,,noise,0,Noise,timeofday:America/Anchorage:day7-19:night1-5,AM,2.0-20.0,369.1674371750013,1433.7152999307032,354.73053414631204,1376.3680864369242,0.9233160234541478,1.6143494745860139,-0.21001670614344947,,,2.49,372.60784775197345,3.6938784159830798
1869,,AM,RF528,00,EHZ,61.21621621621622,-149.80600087454445,2026-09-07T11:23:59.995000Z,2026-09-07T11:24:59.995000Z,100.0,100.0,60.0,,noise,0,Noise,timeofday:America/Anchorage:day7-19:night1-5,AM,2.0-20.0,386.66544358825246,1829.2870905810128,370.00150372700136,1414.1272241485772,0.9156642460886619,1.8509651041120314,-0.15922272890141853,,,2.49,372.60784775197345,3.7952158889844196
1870,,AM,RF528,00,EHZ,61.21621621621622,-149.80600087454445,2026-09-07T11:24:59.995000Z,2026-09-07T11:25:59.995000Z,100.0,100.0,60.0,,noise,0,Noise,timeofday:America/Anchorage:day7-19:night1-5,AM,2.0-20.0,381.1360255558681,1260.7111336266985,365.08297441350896,1165.4481623548663,0.9175360962039529,1.5977674926844578,-0.2894655046488541,,,2.49,372.60784775197345,3.127814321105355
1871,,AM,RF528,00,EHZ,61.21621621621622,-149.80600087454445,2026-09-07T11:25:59.995000Z,2026-09-07T11:26:59.995000Z,100.0,100.0,60.0,,noise,0,Noise,timeofday:America/Anchorage:day7-19:night1-5,AM,2.0-20.0,387.79739553561063,1517.7099705430714,373.42786406981025,1399.0549884833333,0.9272645679879982,2.0602654511466993,-0.11588362696710419,,,2.49,372.60784775197345,3.7547652228050086
1872,,AM,RF528,00,EHZ,61.21621621621622,-149.80600087454445,2026-09-07T11:26:59.995000Z,2026-09-07T11:27:59.995000Z,100.0,100.0,60.0,,noise,0,Noise,timeofday:America/Anchorage:day7-19:night1-5,AM,2.0-20.0,389.191492605583,2296.291419469688,375.11292450900794,2321.415762896871,0.9289607809461788,3.2999547710700017,0.514963911031519,,,2.49,372.60784775197345,6.23018483615547
1873,,AM,RF528,00,EHZ,61.21621621621622,-149.80600087454445,2026-09-07T11:27:59.995000Z,2026-09-07T11:28:59.995000Z,100.0,100.0,60.0,,noise,0,Noise,timeofday:America/Anchorage:day7-19:night1-5,AM,2.0-20.0,398.6942230302803,1548.7060504140895,384.9313169168777,1442.041781647376,0.9321517198328007,1.5758221949247395,-0.2595083424465048,,,2.49,372.60784775197345,3.8701326081764966
1874,,AM,RF528,00,EHZ,61.21621621621622,-149.80600087454445,2026-09-07T11:28:59.995000Z,2026-09-07T11:29:59.995000Z,100.0,100.0,60.0,,noise,0,Noise,timeofday:America/Anchorage:day7-19:night1-5,AM,2.0-20.0,382.0442682183081,1378.705140112284,370.015222763218,1439.023501513873,0.9380193700924021,1.849070105895552,-0.2164024578994721,,,2.49,372.60784775197345,3.8620321879848314
1875,,AM,RF528,00,EHZ,61.21621621621622,-149.80600087454445,2026-09-07T11:29:59.995000Z,2026-09-07T11:30:59.995000Z,100.0,100.0,60.0,,noise,0,Noise,timeofday:America/Anchorage:day7-19:night1-5,AM,2.0-20.0,375.1922701500709,1677.703708447974,360.8992859832408,1716.1608345830089,0.9252610514305976,2.2127110048608905,0.17054217133774507,,,2.49,372.60784775197345,4.605809686878554
1876,,AM,RF528,00,EHZ,61.21621621621622,-149.80600087454445,2026-09-07T11:30:59.995000Z,2026-09-07T11:31:59.995000Z,100.0,100.0,60.0,,noise,0,Noise,timeofday:America/Anchorage:day7-19:night1-5,AM,2.0-20.0,370.3090947277066,1197.7017597299396,356.8022662507447,1280.004731836127,0.9283814443047274,1.8023280010248475,-0.33457293586278647,,,2.49,372.60784775197345,3.4352597229464754
1877,,AM,RF528,00,EHZ,61.21621621621622,-149.80600087454445,2026-09-07T11:31:59.995000Z,2026-09-07T11:32:59.995000Z,100.0,100.0,60.0,,noise,0,Noise,timeofday:America/Anchorage:day7-19:night1-5,AM,2.0-20.0,359.0719936696115,1168.7003139902768,343.97577811191513,1205.6414789905152,0.917682938564594,1.68713205458993,-0.2959001345717458,,,2.49,372.60784775197345,3.2356846112190607
1878,,AM,RF528,00,EHZ,61.21621621621622,-149.80600087454445,2026-09-07T11:32:59.995000Z,2026-09-07T11:33:59.995000Z,100.0,100.0,60.0,,noise,0,Noise,timeofday:America/Anchorage:day7-19:night1-5,AM,2.0-20.0,351.48387375979763,1201.3016533991417,334.07225439532795,1125.1551827731619,0.903379034386516,1.7384915606328055,-0.26456797305193946,,,2.49,372.60784775197345,3.019676556898828
1879,,AM,RF528,00,EHZ,61.21621621621622,-149.80600087454445,2026-09-07T11:33:59.995000Z,2026-09-07T11:34:59.995000Z,100.0,100.0,60.0,,noise,0,Noise,timeofday:America/Anchorage:day7-19:night1-5,AM,2.0-20.0,361.5398920082966,1309.696467397825,345.2738063311626,1190.7962396360438,0.9120419555377254,1.6998028491881414,-0.26706076566534476,,,2.49,372.60784775197345,3.1958431547279105
1880,,AM,RF528,00,EHZ,61.21621621621622,-149.80600087454445,2026-09-07T11:34:59.995000Z,2026-09-07T11:35:59.995000Z,100.0,100.0,60.0,,noise,0,Noise,timeofday:America/Anchorage:day7-19:night1-5,AM,2.0-20.0,359.2004091302701,1397.6952256071322,341.8192151463334,1430.8069065498598,0.9055643145400566,1.760619844098819,-0.14768374736115097,,,2.49,372.60784775197345,3.839980599394882
1881,,AM,RF528,00,EHZ,61.21621621621622,-149.80600087454445,2026-09-07T11:35:59.995000Z,2026-09-07T11:36:59.995000Z,100.0,100.0,60.0,,noise,0,Noise,timeofday:America/Anchorage:day7-19:night1-5,AM,2.0-20.0,353.9481515992479,1335.6932136936425,339.4364699226833,1214.6659755561805,0.9196820433446644,1.6548779944817213,-0.19697252154089284,,,2.49,372.60784775197345,3.259904435412545
1882,,AM,RF528,00,EHZ,61.21621621621622,-149.80600087454445,2026-09-07T11:36:59.995000Z,2026-09-07T11:37:59.995000Z,100.0,100.0,60.0,,noise,0,Noise,timeofday:America/Anchorage:day7-19:night1-5,AM,2.0-20.0,356.9065767781996,1616.6909016017412,342.40775647699365,1853.8003828469207,0.9204031290850035,2.670493129340343,0.08102583888802384,,,2.49,372.60784775197345,4.975204881033272
1883,,AM,RF528,00,EHZ,61.21621621621622,-149.80600087454445,2026-09-07T11:37:59.995000Z,2026-09-07T11:38:59.995000Z,100.0,100.0,60.0,,noise,0,Noise,timeofday:America/Anchorage:day7-19:night1-5,AM,2.0-20.0,373.83462226629274,1433.688596691141,361.13719374669034,1281.6870327851457,0.9332229205433974,1.7596427622799868,-0.32103221974738405,,,2.49,372.60784775197345,3.4397746599215515
1884,,AM,RF528,00,EHZ,61.21621621621622,-149.80600087454445,2026-09-07T11:38:59.995000Z,2026-09-07T11:39:59.995000Z,100.0,100.0,60.0,,noise,0,Noise,timeofday:America/Anchorage:day7-19:night1-5,AM,2.0-20.0,385.4934248600232,1824.6869179900527,372.6968382725865,1751.6523441045447,0.934711244170079,1.922963689509296,-0.06361789853301003,,,2.49,372.60784775197345,4.701061329418195
1885,,AM,RF528,00,EHZ,61.21621621621622,-149.80600087454445,2026-09-07T11:39:59.995000Z,2026-09-07T11:40:59.995000Z,100.0,100.0,60.0,,noise,0,Noise,timeofday:America/Anchorage:day7-19:night1-5,AM,2.0-20.0,371.14060549175406,1255.6860292321521,355.39446309039755,1285.5076395445362,0.9169472891186019,1.9605042362071525,-0.24571752285999393,,,2.49,372.60784775197345,3.4500283536707332
1886,,AM,RF528,00,EHZ,61.21621621621622,-149.80600087454445,2026-09-07T11:40:59.995000Z,2026-09-07T11:41:59.995000Z,100.0,100.0,60.0,,noise,0,Noise,timeofday:America/Anchorage:day7-19:night1-5,AM,2.0-20.0,424.8391191338703,2163.684401087426,411.6604876117221,2216.639104708374,0.9389216836682552,3.8207917617018197,1.26012727921833,,,2.49,372.60784775197345,5.948986630533559
1887,,AM,RF528,00,EHZ,61.21621621621622,-149.80600087454445,2026-09-07T11:41:59.995000Z,2026-09-07T11:42:59.995000Z,100.0,100.0,60.0,,noise,0,Noise,timeofday:America/Anchorage:day7-19:night1-5,AM,2.0-20.0,392.14944369266243,1515.6818365009563,377.69952209738756,1473.2743530099426,0.9276617805364276,2.3854211128747487,-0.2441189318100636,,,2.49,372.60784775197345,3.9539541689702364
1888,,AM,RF528,00,EHZ,61.21621621621622,-149.80600087454445,2026-09-07T11:42:59.995000Z,2026-09-07T11:43:59.995000Z,100.0,100.0,60.0,,noise,0,Noise,timeofday:America/Anchorage:day7-19:night1-5,AM,2.0-20.0,385.91851701966135,1505.3188793311988,370.6832559892856,1496.1075295494452,0.9226026627380126,2.1724130858211974,-0.07329397638725288,,,2.49,372.60784775197345,4.015233545336731
1889,,AM,RF528,00,EHZ,61.21621621621622,-149.80600087454445,2026-09-07T11:43:59.995000Z,2026-09-07T11:44:59.995000Z,100.0,100.0,60.0,,noise,0,Noise,timeofday:America/Anchorage:day7-19:night1-5,AM,2.0-20.0,375.6692010015882,1438.3202880153444,360.5284588903381,1377.9919420195442,0.9210175843067132,1.8218843224839816,-0.17460780156489397,,,2.49,372.60784775197345,3.6982364980589595
1890,,AM,RF528,00,EHZ,61.21621621621622,-149.80600087454445,2026-09-07T11:44:59.995000Z,2026-09-07T11:45:59.995000Z,100.0,100.0,60.0,,noise,0,Noise,timeofday:America/Anchorage:day7-19:night1-5,AM,2.0-20.0,374.94573653826325,1263.6764838459071,361.5572006820238,1260.4765089248876,0.9298591975912601,1.8573825234522539,-0.1963922283623858,,,2.49,372.60784775197345,3.3828501372948114
1891,,AM,RF528,00,EHZ,61.21621621621622,-149.80600087454445,2026-09-07T11:45:59.995000Z,2026-09-07T11:46:59.995000Z,100.0,100.0,60.0,,noise,0,Noise,timeofday:America/Anchorage:day7-19:night1-5,AM,2.0-20.0,384.30039196368244,1719.3251825033444,370.60882561152334,1526.5673780618147,0.9300147998757009,2.177595531603421,-0.12144497562568635,,,2.49,372.60784775197345,4.096981282793525
1892,,AM,RF528,00,EHZ,61.21621621621622,-149.80600087454445,2026-09-07T11:46:59.995000Z,2026-09-07T11:47:59.995000Z,100.0,100.0,60.0,,noise,0,Noise,timeofday:America/Anchorage:day7-19:night1-5,AM,2.0-20.0,444.07054885278626,2655.3261746719895,431.2354412658241,2788.332336621749,0.943028786351615,3.3843766067822596,1.1221126356623978,,,2.49,372.60784775197345,7.483289344130518
1893,,AM,RF528,00,EHZ,61.21621621621622,-149.80600087454445,2026-09-07T11:47:59.995000Z,2026-09-07T11:48:59.995000Z,100.0,100.0,60.0,,noise,0,Noise,timeofday:America/Anchorage:day7-19:night1-5,AM,2.0-20.0,387.5905258237265,1380.671444008361,374.575541717769,1364.0296757875276,0.9339691411235355,1.8196231024481495,-0.27138693324475893,,,2.49,372.60784775197345,3.6607647531232206
1894,,AM,RF528,00,EHZ,61.21621621621622,-149.80600087454445,2026-09-07T11:48:59.995000Z,2026-09-07T11:49:59.995000Z,100.0,100.0,60.0,,noise,0,Noise,timeofday:America/Anchorage:day7-19:night1-5,AM,2.0-20.0,385.7811431664793,1498.670546632898,369.3721544525387,1385.310417835568,0.9167402795907635,1.5575014950391932,-0.30330230620015497,,,2.49,372.60784775197345,3.7178777263910456
1895,,AM,RF528,00,EHZ,61.21621621621622,-149.80600087454445,2026-09-07T11:49:59.995000Z,2026-09-07T11:50:59.995000Z,100.0,100.0,60.0,,noise,0,Noise,timeofday:America/Anchorage:day7-19:night1-5,AM,2.0-20.0,424.63365410416884,1814.3319401082613,409.43259840636915,1634.1055771196334,0.929685405304358,2.2074095992061706,0.056733209861064005,,,2.49,372.60784775197345,4.385590875174954
1896,,AM,RF528,00,EHZ,61.21621621621622,-149.80600087454445,2026-09-07T11:50:59.995000Z,2026-09-07T11:51:59.995000Z,100.0,100.0,60.0,,noise,0,Noise,timeofday:America/Anchorage:day7-19:night1-5,AM,2.0-20.0,470.83091217393985,2338.6674009354933,457.9679547698897,2202.836427013125,0.9461069737231951,2.5298129761844095,1.3050682301027816,,,2.49,372.60784775197345,5.9119431871962185
1897,,AM,RF528,00,EHZ,61.21621621621622,-149.80600087454445,2026-09-07T11:51:59.995000Z,2026-09-07T11:52:59.995000Z,100.0,100.0,60.0,,noise,0,Noise,timeofday:America/Anchorage:day7-19:night1-5,AM,2.0-20.0,430.41621641637767,1835.334747422729,403.11509552985285,1640.5339256577768,0.8771641470318479,2.220897322388857,0.26503702517099414,,,2.49,372.60784775197345,4.402843191724182
1898,,AM,RF528,00,EHZ,61.21621621621622,-149.80600087454445,2026-09-07T11:52:59.995000Z,2026-09-07T11:53:59.995000Z,100.0,100.0,60.0,,noise,0,Noise,timeofday:America/Anchorage:day7-19:night1-5,AM,2.0-20.0,373.889960131843,1210.3373028171322,357.61913640481396,1181.5165896033827,0.9148584280284865,2.1337960674173893,-0.2721101066961529,,,2.49,372.60784775197345,3.1709385530437344
1899,,AM,RF528,00,EHZ,61.21621621621622,-149.80600087454445,2026-09-07T11:53:59.995000Z,2026-09-07T11:54:59.995000Z,100.0,100.0,60.0,,noise,0,Noise,timeofday:America/Anchorage:day7-19:night1-5,AM,2.0-20.0,391.06902093956995,1298.6609710851876,376.0832966617068,1152.6842733744186,0.9248286221017158,1.5859017639793525,-0.3525784877262037,,,2.49,372.60784775197345,3.0935587651436243
1900,,AM,RF528,00,EHZ,61.21621621621622,-149.80600087454445,2026-09-07T11:54:59.995000Z,2026-09-07T11:55:59.995000Z,100.0,100.0,60.0,,noise,0,Noise,timeofday:America/Anchorage:day7-19:night1-5,AM,2.0-20.0,379.74353539999123,1357.6604327748096,365.7268239300054,1281.234349243704,0.9275404329033853,1.6485294713022074,-0.337005708179134,,,2.49,372.60784775197345,3.438559753836849
1901,,AM,RF528,00,EHZ,61.21621621621622,-149.80600087454445,2026-09-07T11:55:59.995000Z,2026-09-07T11:56:59.995000Z,100.0,100.0,60.0,,noise,0,Noise,timeofday:America/Anchorage:day7-19:night1-5,AM,2.0-20.0,377.97642925956126,1296.3410790328276,363.69274129940516,1292.51962689161,0.9258482943817842,1.7783581527547065,-0.24652174125717563,,,2.49,372.60784775197345,3.468847032314725
1902,,AM,RF528,00,EHZ,61.21621621621622,-149.80600087454445,2026-09-07T11:56:59.995000Z,2026-09-07T11:57:59.995000Z,100.0,100.0,60.0,,noise,0,Noise,timeofday:America/Anchorage:day7-19:night1-5,AM,2.0-20.0,363.47388027610924,1395.3431886120202,348.0513478015533,1203.1730454562448,0.9169385359196649,1.659770708114587,-0.274563760943467,,,2.49,372.60784775197345,3.22905986203795
1903,,AM,RF528,00,EHZ,61.21621621621622,-149.80600087454445,2026-09-07T11:57:59.995000Z,2026-09-07T11:58:59.995000Z,100.0,100.0,60.0,,noise,0,Noise,timeofday:America/Anchorage:day7-19:night1-5,AM,2.0-20.0,363.00862542520713,1310.3449540632341,348.41629991630504,1215.104036336125,0.9212193251018228,2.14832621666491,-0.22154137227500792,,,2.49,372.60784775197345,3.261080097123879
1904,,AM,RF528,00,EHZ,61.21621621621622,-149.80600087454445,2026-09-07T11:58:59.995000Z,2026-09-07T11:59:59.995000Z,100.0,100.0,60.0,,noise,0,Noise,timeofday:America/Anchorage:day7-19:night1-5,AM,2.0-20.0,380.1040635653958,1312.3468637149876,360.1942367951988,1233.6258422101885,0.8979837844622913,1.7840480454024235,-0.3206098611511421,,,2.49,372.60784775197345,3.3107886740790065
1905,,AM,RF528,00,EHZ,61.21621621621622,-149.80600087454445,2026-09-07T11:59:59.995000Z,2026-09-07T12:00:59.995000Z,100.0,100.0,60.0,,noise,0,Noise,timeofday:America/Anchorage:day7-19:night1-5,AM,2.0-20.0,369.71650831815276,1267.6521277429997,350.57562953430397,1219.6741539512284,0.8991367723218258,1.5343146736459403,-0.23381940947176405,,,2.49,372.60784775197345,3.2733453181670638
1906,,AM,RF528,00,EHZ,61.21621621621622,-149.80600087454445,2026-09-07T12:00:59.995000Z,2026-09-07T12:01:59.995000Z,100.0,100.0,60.0,,noise,0,Noise,timeofday:America/Anchorage:day7-19:night1-5,AM,2.0-20.0,353.6238401424607,1356.6495938925013,336.5266698977408,1308.5191278534753,0.9056406419879999,1.7114633490753244,-0.19459573131777708,,,2.49,372.60784775197345,3.5117862807991407
1907,,AM,RF528,00,EHZ,61.21621621621622,-149.80600087454445,2026-09-07T12:01:59.995000Z,2026-09-07T12:02:59.995000Z,100.0,100.0,60.0,,noise,0,Noise,timeofday:America/Anchorage:day7-19:night1-5,AM,2.0-20.0,376.4291639247869,1587.35126843821,359.6607222407707,1231.2768995035403,0.9128922032261751,1.9373875485242722,-0.17893930361911536,,,2.49,372.60784775197345,3.3044846127962937
1908,,AM,RF528,00,EHZ,61.21621621621622,-149.80600087454445,2026-09-07T12:02:59.995000Z,2026-09-07T12:03:59.995000Z,100.0,100.0,60.0,,noise,0,Noise,timeofday:America/Anchorage:day7-19:night1-5,AM,2.0-20.0,372.153364247769,1256.3536618224466,356.76525681542654,1144.0209536249386,0.9190120593533077,1.4828305090771003,-0.358412780279894,,,2.49,372.60784775197345,3.0703082624992284
1909,,AM,RF528,00,EHZ,61.21621621621622,-149.80600087454445,2026-09-07T12:03:59.995000Z,2026-09-07T12:04:59.995000Z,100.0,100.0,60.0,,noise,0,Noise,timeofday:America/Anchorage:day7-19:night1-5,AM,2.0-20.0,453.0921256182293,2327.643823285692,429.00148260222255,2332.790014077083,0.8964881577121439,2.59462258742429,0.2868115403937166,,,2.49,372.60784775197345,6.2607109006193165
1910,,AM,RF528,00,EHZ,61.21621621621622,-149.80600087454445,2026-09-07T12:04:59.995000Z,2026-09-07T12:05:59.995000Z,100.0,100.0,60.0,,noise,0,Noise,timeofday:America/Anchorage:day7-19:night1-5,AM,2.0-20.0,490.94596562443127,2617.642013023154,475.9740620019913,2673.0796724776396,0.9399379449769047,3.3013681013429275,2.497892651280952,,,2.49,372.60784775197345,7.173975772665358
1911,,AM,RF528,00,EHZ,61.21621621621622,-149.80600087454445,2026-09-07T12:05:59.995000Z,2026-09-07T12:06:59.995000Z,100.0,100.0,60.0,,noise,0,Noise,timeofday:America/Anchorage:day7-19:night1-5,AM,2.0-20.0,417.66809141548725,2031.358074301474,400.8204572946774,1695.7820256111931,0.9209523552379476,2.096332157594269,0.22802303349497022,,,2.49,372.60784775197345,4.551117309638607
1912,,AM,RF528,00,EHZ,61.21621621621622,-149.80600087454445,2026-09-07T12:06:59.995000Z,2026-09-07T12:07:59.995000Z,100.0,100.0,60.0,,noise,0,Noise,timeofday:America/Anchorage:day7-19:night1-5,AM,2.0-20.0,423.8961556797919,2337.360116663682,408.46090488807516,2261.140389909708,0.9285002699351081,5.060454557586228,1.1517798955768948,,,2.49,372.60784775197345,6.0684185895484335
1913,,AM,RF528,00,EHZ,61.21621621621622,-149.80600087454445,2026-09-07T12:07:59.995000Z,2026-09-07T12:08:59.995000Z,100.0,100.0,60.0,,noise,0,Noise,timeofday:America/Anchorage:day7-19:night1-5,AM,2.0-20.0,433.91995314404704,2108.6377088381573,395.7078493066244,1680.2717261794548,0.8316298863678755,1.9470090699436249,0.18753132307863574,,,2.49,372.60784775197345,4.509490973732599
1914,,AM,RF528,00,EHZ,61.21621621621622,-149.80600087454445,2026-09-07T12:08:59.995000Z,2026-09-07T12:09:59.995000Z,100.0,100.0,60.0,,noise,0,Noise,timeofday:America/Anchorage:day7-19:night1-5,AM,2.0-20.0,370.11842356839924,1338.6363254321946,346.4674401007946,1170.8446391651833,0.876281104695082,1.8079549792118146,-0.23471005767829478,,,2.49,372.60784775197345,3.1422973139968766
1915,,AM,RF528,00,EHZ,61.21621621621622,-149.80600087454445,2026-09-07T12:09:59.995000Z,2026-09-07T12:10:59.995000Z,100.0,100.0,60.0,,noise,0,Noise,timeofday:America/Anchorage:day7-19:night1-5,AM,2.0-20.0,460.4025197577902,2461.634154381059,440.5063923378802,2414.8451015034516,0.9154382322862462,2.665742932996289,0.9903738389210339,,,2.49,372.60784775197345,6.480929255979853
1916,,AM,RF528,00,EHZ,61.21621621621622,-149.80600087454445,2026-09-07T12:10:59.995000Z,2026-09-07T12:11:59.995000Z,100.0,100.0,60.0,,noise,0,Noise,timeofday:America/Anchorage:day7-19:night1-5,AM,2.0-20.0,419.15902212564026,2067.6331087835274,397.7224974526423,2346.064948591652,0.9003319842378541,2.7518993799174063,0.2962752118524308,,,2.49,372.60784775197345,6.296337993807664
1917,,AM,RF528,00,EHZ,61.21621621621622,-149.80600087454445,2026-09-07T12:11:59.995000Z,2026-09-07T12:12:59.995000Z,100.0,100.0,60.0,,noise,0,Noise,timeofday:America/Anchorage:day7-19:night1-5,AM,2.0-20.0,367.7745602347428,1319.6314622546702,352.42176605961356,1253.1552284424704,0.9182524097014856,1.6920130361945451,-0.2801519744592045,,,2.49,372.60784775197345,3.363201381836256
1918,,AM,RF528,00,EHZ,61.21621621621622,-149.80600087454445,2026-09-07T12:12:59.995000Z,2026-09-07T12:13:59.995000Z,100.0,100.0,60.0,,noise,0,Noise,timeofday:America/Anchorage:day7-19:night1-5,AM,2.0-20.0,365.7717092814981,1349.6295330697772,347.8613237156744,1320.2350719433352,0.9044656272992293,2.1647580236333637,-0.17973941935194038,,,2.49,372.60784775197345,3.5432293761621203
1919,,AM,RF528,00,EHZ,61.21621621621622,-149.80600087454445,2026-09-07T12:13:59.995000Z,2026-09-07T12:14:59.995000Z,100.0,100.0,60.0,,noise,0,Noise,timeofday:America/Anchorage:day7-19:night1-5,AM,2.0-20.0,380.72373585118686,1291.6275220180428,365.11197389689534,1348.2739381167562,0.9196704772071491,1.877941761708404,-0.19584592480139884,,,2.49,372.60784775197345,3.6184797133264763
1920,,AM,RF528,00,EHZ,61.21621621621622,-149.80600087454445,2026-09-07T12:14:59.995000Z,2026-09-07T12:15:59.995000Z,100.0,100.0,60.0,,noise,0,Noise,timeofday:America/Anchorage:day7-19:night1-5,AM,2.0-20.0,375.78969289500554,1217.624779909796,361.507403161227,1205.5619588982674,0.9254323195119957,2.175600074892908,-0.32734366099066925,,,2.49,372.60784775197345,3.2354711962501397
1921,,AM,RF528,00,EHZ,61.21621621621622,-149.80600087454445,2026-09-07T12:15:59.995000Z,2026-09-07T12:16:59.995000Z,100.0,100.0,60.0,,noise,0,Noise,timeofday:America/Anchorage:day7-19:night1-5,AM,2.0-20.0,373.9227460870057,1718.375278402375,356.8413382306129,1447.7507684467419,0.9107235139501118,1.8208545689233826,-0.12337642115165837,,,2.49,372.60784775197345,3.8854543112318924
1922,,AM,RF528,00,EHZ,61.21621621621622,-149.80600087454445,2026-09-07T12:16:59.995000Z,2026-09-07T12:17:59.995000Z,100.0,100.0,60.0,,noise,0,Noise,timeofday:America/Anchorage:day7-19:night1-5,AM,2.0-20.0,365.9168950973122,1548.6229986597168,351.15690031945456,1396.489455642033,0.9209530474459849,2.084626101251533,-0.00858606565566511,,,2.49,372.60784775197345,3.7478798797914923
1923,,AM,RF528,00,EHZ,61.21621621621622,-149.80600087454445,2026-09-07T12:17:59.995000Z,2026-09-07T12:18:59.995000Z,100.0,100.0,60.0,,noise,0,Noise,timeofday:America/Anchorage:day7-19:night1-5,AM,2.0-20.0,373.20892578664495,1507.3794768786106,358.1495393891609,1402.8158639846786,0.9209260333221672,2.1614710685970646,-0.1711602702170687,,,2.49,372.60784775197345,3.764858610596048
1924,,AM,RF528,00,EHZ,61.21621621621622,-149.80600087454445,2026-09-07T12:18:59.995000Z,2026-09-07T12:19:59.995000Z,100.0,100.0,60.0,,noise,0,Noise,timeofday:America/Anchorage:day7-19:night1-5,AM,2.0-20.0,360.1902890196044,1253.381317015363,341.8052835639204,1251.9299057068831,0.9005203756486875,1.5700462584066375,-0.2491873973004517,,,2.49,372.60784775197345,3.35991287692961
1925,,AM,RF528,00,EHZ,61.21621621621622,-149.80600087454445,2026-09-07T12:19:59.995000Z,2026-09-07T12:20:59.995000Z,100.0,100.0,60.0,,noise,0,Noise,timeofday:America/Anchorage:day7-19:night1-5,AM,2.0-20.0,394.7442544850699,1608.6163005159774,380.276845407533,1495.2513048036467,0.9280430655764436,2.2105595741833124,-0.12729447080619494,,,2.49,372.60784775197345,4.0129356207198335
1926,,AM,RF528,00,EHZ,61.21621621621622,-149.80600087454445,2026-09-07T12:20:59.995000Z,2026-09-07T12:21:59.995000Z,100.0,100.0,60.0,,noise,0,Noise,timeofday:America/Anchorage:day7-19:night1-5,AM,2.0-20.0,384.88453081900263,1309.3854468383565,369.87028499528003,1340.4777023483548,0.9235022780848092,1.6080953140139278,-0.24365725288820883,,,2.49,372.60784775197345,3.5975562791705995
1927,,AM,RF528,00,EHZ,61.21621621621622,-149.80600087454445,2026-09-07T12:21:59.995000Z,2026-09-07T12:22:59.995000Z,100.0,100.0,60.0,,noise,0,Noise,timeofday:America/Anchorage:day7-19:night1-5,AM,2.0-20.0,395.9498599808745,1409.3867613038224,380.05549284481594,1248.8875744617906,0.921326663298411,1.4780070948774948,-0.28168766263050715,,,2.49,372.60784775197345,3.351747908683644
1928,,AM,RF528,00,EHZ,61.21621621621622,-149.80600087454445,2026-09-07T12:22:59.995000Z,2026-09-07T12:23:59.995000Z,100.0,100.0,60.0,,noise,0,Noise,timeofday:America/Anchorage:day7-19:night1-5,AM,2.0-20.0,380.15656956358043,1525.3889929651436,363.6117578238077,1411.6316481141644,0.9148519884959244,1.7340353867763623,-0.3167043869632926,,,2.49,372.60784775197345,3.78851829512141
1929,,AM,RF528,00,EHZ,61.21621621621622,-149.80600087454445,2026-09-07T12:23:59.995000Z,2026-09-07T12:24:59.995000Z,100.0,100.0,60.0,,noise,0,Noise,timeofday:America/Anchorage:day7-19:night1-5,AM,2.0-20.0,371.137978241328,1245.6098654951343,350.63256267011167,1110.0692789792865,0.8925523472820568,1.734930217649541,-0.3187315091444973,,,2.49,372.60784775197345,2.9791892083770724
1930,,AM,RF528,00,EHZ,61.21621621621622,-149.80600087454445,2026-09-07T12:24:59.995000Z,2026-09-07T12:25:59.995000Z,100.0,100.0,60.0,,noise,0,Noise,timeofday:America/Anchorage:day7-19:night1-5,AM,2.0-20.0,394.55742138722655,1336.6075226672615,379.85547019017145,1279.441826779901,0.9268646881490544,1.8667772976995642,-0.27695308152532494,,,2.49,372.60784775197345,3.4337490058222335
1931,,AM,RF528,00,EHZ,61.21621621621622,-149.80600087454445,2026-09-07T12:25:59.995000Z,2026-09-07T12:26:59.995000Z,100.0,100.0,60.0,,noise,0,Noise,timeofday:America/Anchorage:day7-19:night1-5,AM,2.0-20.0,375.4420504501574,1572.607455450277,355.23277623797435,1711.6201687953376,0.8952415568067519,1.8836682967500153,-0.12416939794146753,,,2.49,372.60784775197345,4.59362350825922
1932,,AM,RF528,00,EHZ,61.21621621621622,-149.80600087454445,2026-09-07T12:26:59.995000Z,2026-09-07T12:27:59.995000Z,100.0,100.0,60.0,,noise,0,Noise,timeofday:America/Anchorage:day7-19:night1-5,AM,2.0-20.0,372.6625089031305,1316.6047638983941,354.3577349616032,1127.3962528847928,0.9041748590245366,1.7895142132753297,-0.2720611239307891,,,2.49,372.60784775197345,3.0256911111417186
1933,,AM,RF528,00,EHZ,61.21621621621622,-149.80600087454445,2026-09-07T12:27:59.995000Z,2026-09-07T12:28:59.995000Z,100.0,100.0,60.0,,noise,0,Noise,timeofday:America/Anchorage:day7-19:night1-5,AM,2.0-20.0,388.6807157576596,1387.3975967391075,367.49994556642605,1294.6480690556139,0.8939815801426564,1.7333408118323237,-0.27759577779414357,,,2.49,372.60784775197345,3.474559317165528
1934,,AM,RF528,00,EHZ,61.21621621621622,-149.80600087454445,2026-09-07T12:28:59.995000Z,2026-09-07T12:29:59.995000Z,100.0,100.0,60.0,,noise,0,Noise,timeofday:America/Anchorage:day7-19:night1-5,AM,2.0-20.0,418.36782344890145,1646.3986242397573,396.08523298670053,1486.1264921593624,0.896315178482247,1.7731606720337973,0.021430743247957462,,,2.49,372.60784775197345,3.9884465695650166
1935,,AM,RF528,00,EHZ,61.21621621621622,-149.80600087454445,2026-09-07T12:29:59.995000Z,2026-09-07T12:30:59.995000Z,100.0,100.0,60.0,,noise,0,Noise,timeofday:America/Anchorage:day7-19:night1-5,AM,2.0-20.0,385.3781459865346,1692.399520753463,360.0070443430525,1466.144818496778,0.8726655493980396,2.6872694219210387,-0.19541556966915818,,,2.49,372.60784775197345,3.9348200188008864
1936,,AM,RF528,00,EHZ,61.21621621621622,-149.80600087454445,2026-09-07T12:30:59.995000Z,2026-09-07T12:31:59.995000Z,100.0,100.0,60.0,,noise,0,Noise,timeofday:America/Anchorage:day7-19:night1-5,AM,2.0-20.0,376.74466114162175,1247.4027149964681,359.56615453401196,1132.047279510866,0.9108846795956311,1.7713128365018789,-0.3152590756727718,,,2.49,372.60784775197345,3.03817347471547
1937,,AM,RF528,00,EHZ,61.21621621621622,-149.80600087454445,2026-09-07T12:31:59.995000Z,2026-09-07T12:32:59.995000Z,100.0,100.0,60.0,,noise,0,Noise,timeofday:America/Anchorage:day7-19:night1-5,AM,2.0-20.0,355.92556370031747,1289.5963965328842,339.88739827762436,1350.3067272375324,0.9119095476106628,1.5922151113524925,-0.23666564809044122,,,2.49,372.60784775197345,3.6239352858084852
1938,,AM,RF528,00,EHZ,61.21621621621622,-149.80600087454445,2026-09-07T12:32:59.995000Z,2026-09-07T12:33:59.995000Z,100.0,100.0,60.0,,noise,0,Noise,timeofday:America/Anchorage:day7-19:night1-5,AM,2.0-20.0,429.95151126218394,1750.4055360990355,412.0993053215816,1646.5864973734251,0.9186811496995869,2.5516036891115057,0.25040780197052914,,,2.49,372.60784775197345,4.419087003421023
1939,,AM,RF528,00,EHZ,61.21621621621622,-149.80600087454445,2026-09-07T12:33:59.995000Z,2026-09-07T12:34:59.995000Z,100.0,100.0,60.0,,noise,0,Noise,timeofday:America/Anchorage:day7-19:night1-5,AM,2.0-20.0,366.42570993090095,1272.5923775891893,344.9112736640206,1087.0825261632222,0.8860187320010374,1.5842127173846112,-0.21616958837202205,,,2.49,372.60784775197345,2.917497666036382
1940,,AM,RF528,00,EHZ,61.21621621621622,-149.80600087454445,2026-09-07T12:34:59.995000Z,2026-09-07T12:35:59.995000Z,100.0,100.0,60.0,,noise,0,Noise,timeofday:America/Anchorage:day7-19:night1-5,AM,2.0-20.0,356.94047868314533,1230.4080673642643,341.12317381315273,1128.0163105709387,0.9133365632921101,1.7211351866532107,-0.27781416710716345,,,2.49,372.60784775197345,3.02735521373614
1941,,AM,RF528,00,EHZ,61.21621621621622,-149.80600087454445,2026-09-07T12:35:59.995000Z,2026-09-07T12:36:59.995000Z,100.0,100.0,60.0,,noise,0,Noise,timeofday:America/Anchorage:day7-19:night1-5,AM,2.0-20.0,373.47615189041426,1403.4106845178635,355.21937103461215,1201.5313325695704,0.9046228034380707,1.9039950288166843,-0.052942215462280284,,,2.49,372.60784775197345,3.2246538547662853
1942,,AM,RF528,00,EHZ,61.21621621621622,-149.80600087454445,2026-09-07T12:36:59.995000Z,2026-09-07T12:37:59.995000Z,100.0,100.0,60.0,,noise,0,Noise,timeofday:America/Anchorage:day7-19:night1-5,AM,2.0-20.0,378.75323564659647,1832.4129380103427,357.83342202663175,1769.4824365340767,0.8925840050330457,1.9185953508303646,0.18508373029140168,,,2.49,372.60784775197345,4.748913495004897
1943,,AM,RF528,00,EHZ,61.21621621621622,-149.80600087454445,2026-09-07T12:37:59.995000Z,2026-09-07T12:38:59.995000Z,100.0,100.0,60.0,,noise,0,Noise,timeofday:America/Anchorage:day7-19:night1-5,AM,2.0-20.0,431.59535834636443,1983.4136136272086,391.66650149185807,1442.2784794288677,0.8235298146485205,2.0578330425009037,-0.16214227047489693,,,2.49,372.60784775197345,3.870767854543206
1944,,AM,RF528,00,EHZ,61.21621621621622,-149.80600087454445,2026-09-07T12:38:59.995000Z,2026-09-07T12:39:59.995000Z,100.0,100.0,60.0,,noise,0,Noise,timeofday:America/Anchorage:day7-19:night1-5,AM,2.0-20.0,391.36683529252537,1527.4149074105248,368.6645347731423,1307.4586363920284,0.887349442483746,1.5010554264150888,-0.19290094221871223,,,2.49,372.60784775197345,3.50894014787992
1945,,AM,RF528,00,EHZ,61.21621621621622,-149.80600087454445,2026-09-07T12:39:59.995000Z,2026-09-07T12:40:59.995000Z,100.0,100.0,60.0,,noise,0,Noise,timeofday:America/Anchorage:day7-19:night1-5,AM,2.0-20.0,399.02168913424254,1766.5825662075308,370.9620110900216,1391.5718659475133,0.8643026989498359,1.8234169612396813,-0.14475617126516127,,,2.49,372.60784775197345,3.734682117789998
1946,,AM,RF528,00,EHZ,61.21621621621622,-149.80600087454445,2026-09-07T12:40:59.995000Z,2026-09-07T12:41:59.995000Z,100.0,100.0,60.0,,noise,0,Noise,timeofday:America/Anchorage:day7-19:night1-5,AM,2.0-20.0,370.67540278569396,1391.5800719978174,352.8687979569985,1222.7526302513897,0.9062311366824615,1.5975066374246407,-0.2516548394492881,,,2.49,372.60784775197345,3.281607292032441
1947,,AM,RF528,00,EHZ,61.21621621621622,-149.80600087454445,2026-09-07T12:41:59.995000Z,2026-09-07T12:42:59.995000Z,100.0,100.0,60.0,,noise,0,Noise,timeofday:America/Anchorage:day7-19:night1-5,AM,2.0-20.0,405.2973480230915,1671.4212642988064,382.81866860012167,1563.264853295907,0.8921516703227865,2.278078019205406,-0.12624180834177512,,,2.49,372.60784775197345,4.1954694801181285
1948,,AM,RF528,00,EHZ,61.21621621621622,-149.80600087454445,2026-09-07T12:42:59.995000Z,2026-09-07T12:43:59.995000Z,100.0,100.0,60.0,,noise,0,Noise,timeofday:America/Anchorage:day7-19:night1-5,AM,2.0-20.0,381.71391456497514,1375.5773543059945,363.82050894728576,1432.4664686618398,0.9084444397035715,1.497139601607735,-0.26946185701574255,,,2.49,372.60784775197345,3.8444345101806916
1949,,AM,RF528,00,EHZ,61.21621621621622,-149.80600087454445,2026-09-07T12:43:59.995000Z,2026-09-07T12:44:59.995000Z,100.0,100.0,60.0,,noise,0,Noise,timeofday:America/Anchorage:day7-19:night1-5,AM,2.0-20.0,363.6414941990907,1241.5755664491185,345.29973731892915,1205.1489180451608,0.9016658652584103,1.5264714900314857,-0.2725064244657598,,,2.49,372.60784775197345,3.234362682686621
1950,,AM,RF528,00,EHZ,61.21621621621622,-149.80600087454445,2026-09-07T12:44:59.995000Z,2026-09-07T12:45:59.995000Z,100.0,100.0,60.0,,noise,0,Noise,timeofday:America/Anchorage:day7-19:night1-5,AM,2.0-20.0,402.2162368487668,1740.5733459906273,386.53121649256394,1687.2610402934306,0.9235277514978318,2.0399239246390297,0.11813462905816952,,,2.49,372.60784775197345,4.5282488022543115
1951,,AM,RF528,00,EHZ,61.21621621621622,-149.80600087454445,2026-09-07T12:45:59.995000Z,2026-09-07T12:46:59.995000Z,100.0,100.0,60.0,,noise,0,Noise,timeofday:America/Anchorage:day7-19:night1-5,AM,2.0-20.0,388.0270223727725,1571.5714432329237,371.969636570272,1645.0718010066353,0.9189482151535964,1.999066184667726,-0.14365550858444864,,,2.49,372.60784775197345,4.415021881400839
1952,,AM,RF528,00,EHZ,61.21621621621622,-149.80600087454445,2026-09-07T12:46:59.995000Z,2026-09-07T12:47:59.995000Z,100.0,100.0,60.0,,noise,0,Noise,timeofday:America/Anchorage:day7-19:night1-5,AM,2.0-20.0,376.1625931112649,1336.4301969763878,360.98466141912724,1210.1008003865547,0.9209292906238407,1.5208831101490514,-0.26589666012897295,,,2.49,372.60784775197345,3.2476524788389822
1953,,AM,RF528,00,EHZ,61.21621621621622,-149.80600087454445,2026-09-07T12:47:59.995000Z,2026-09-07T12:48:59.995000Z,100.0,100.0,60.0,,noise,0,Noise,timeofday:America/Anchorage:day7-19:night1-5,AM,2.0-20.0,389.24682570129073,2030.43191618002,369.98799206727585,1889.1925986176714,0.9034936392802115,2.543220688527233,0.17412119782042002,,,2.49,372.60784775197345,5.070190040321462
1954,,AM,RF528,00,EHZ,61.21621621621622,-149.80600087454445,2026-09-07T12:48:59.995000Z,2026-09-07T12:49:59.995000Z,100.0,100.0,60.0,,noise,0,Noise,timeofday:America/Anchorage:day7-19:night1-5,AM,2.0-20.0,364.85078945124644,1258.5663473812251,347.2471780132251,1157.0626563041046,0.9058303536510421,1.7268178806562795,-0.2106416936790385,,,2.49,372.60784775197345,3.1053094111810116
1955,,AM,RF528,00,EHZ,61.21621621621622,-149.80600087454445,2026-09-07T12:49:59.995000Z,2026-09-07T12:50:59.995000Z,100.0,100.0,60.0,,noise,0,Noise,timeofday:America/Anchorage:day7-19:night1-5,AM,2.0-20.0,384.72070727663504,1807.4348602264713,367.8377893969468,1893.2224578314263,0.9141586287524588,1.9554200238732697,0.018360964304999783,,,2.49,372.60784775197345,5.081005323032408
1956,,AM,RF528,00,EHZ,61.21621621621622,-149.80600087454445,2026-09-07T12:50:59.995000Z,2026-09-07T12:51:59.995000Z,100.0,100.0,60.0,,noise,0,Noise,timeofday:America/Anchorage:day7-19:night1-5,AM,2.0-20.0,449.41748929581314,2511.436665892976,430.37582320205195,2491.83655916028,0.9170558686244442,3.9231326856821527,2.7193674448717644,,,2.49,372.60784775197345,6.687557908922445
1957,,AM,RF528,00,EHZ,61.21621621621622,-149.80600087454445,2026-09-07T12:51:59.995000Z,2026-09-07T12:52:59.995000Z,100.0,100.0,60.0,,noise,0,Noise,timeofday:America/Anchorage:day7-19:night1-5,AM,2.0-20.0,401.66431535359555,2331.4376046327366,386.93835690276205,2289.804922727333,0.9280194243635561,3.0328137664552424,0.8029577535199048,,,2.49,372.60784775197345,6.145348082554457
1958,,AM,RF528,00,EHZ,61.21621621621622,-149.80600087454445,2026-09-07T12:52:59.995000Z,2026-09-07T12:53:59.995000Z,100.0,100.0,60.0,,noise,0,Noise,timeofday:America/Anchorage:day7-19:night1-5,AM,2.0-20.0,392.0543524139633,1632.4403625398486,375.738722973172,1515.9866559500815,0.9185004023079067,2.1931202082842827,-0.06137402952718585,,,2.49,372.60784775197345,4.068584881119301
1959,,AM,RF528,00,EHZ,61.21621621621622,-149.80600087454445,2026-09-07T12:53:59.995000Z,2026-09-07T12:54:59.995000Z,100.0,100.0,60.0,,noise,0,Noise,timeofday:America/Anchorage:day7-19:night1-5,AM,2.0-20.0,358.78296547046705,1174.5581328338153,344.66806771339645,1128.8102014528736,0.9228656226419013,1.5291666966873043,-0.29742418199741083,,,2.49,372.60784775197345,3.0294858475559177
1960,,AM,RF528,00,EHZ,61.21621621621622,-149.80600087454445,2026-09-07T12:54:59.995000Z,2026-09-07T12:55:59.995000Z,100.0,100.0,60.0,,noise,0,Noise,timeofday:America/Anchorage:day7-19:night1-5,AM,2.0-20.0,368.792446941779,1335.5560738109866,353.7858332280642,1173.7863299400644,0.9202733399587097,1.7342650699730568,-0.2163032139183665,,,2.49,372.60784775197345,3.1501921846836565
1961,,AM,RF528,00,EHZ,61.21621621621622,-149.80600087454445,2026-09-07T12:55:59.995000Z,2026-09-07T12:56:59.995000Z,100.0,100.0,60.0,,noise,0,Noise,timeofday:America/Anchorage:day7-19:night1-5,AM,2.0-20.0,362.8938465919513,1302.5556397731102,342.4426779642786,1229.1948021637158,0.8904643991394515,1.7777309608239675,-0.15427959920609435,,,2.49,372.60784775197345,3.2988967075699644
1962,,AM,RF528,00,EHZ,61.21621621621622,-149.80600087454445,2026-09-07T12:56:59.995000Z,2026-09-07T12:57:59.995000Z,100.0,100.0,60.0,,noise,0,Noise,timeofday:America/Anchorage:day7-19:night1-5,AM,2.0-20.0,378.9098379036947,1764.4474392818142,358.54641132524597,1929.6832115942007,0.8954039325050113,2.6408638839741334,0.12176454253866797,,,2.49,372.60784775197345,5.178858210411862
1963,,AM,RF528,00,EHZ,61.21621621621622,-149.80600087454445,2026-09-07T12:57:59.995000Z,2026-09-07T12:58:59.995000Z,100.0,100.0,60.0,,noise,0,Noise,timeofday:America/Anchorage:day7-19:night1-5,AM,2.0-20.0,391.80675884230686,1890.4488542855038,376.31821008579175,1635.7717024223489,0.9225005245756293,2.2672745151628613,-0.02841955086581871,,,2.49,372.60784775197345,4.390062400165014
1964,,AM,RF528,00,EHZ,61.21621621621622,-149.80600087454445,2026-09-07T12:58:59.995000Z,2026-09-07T12:59:59.995000Z,100.0,100.0,60.0,,noise,0,Noise,timeofday:America/Anchorage:day7-19:night1-5,AM,2.0-20.0,359.4994603360756,1258.4494374072042,340.59361445441635,1338.8354835054552,0.8975869242520809,1.6042663680301403,-0.17132403266651997,,,2.49,372.60784775197345,3.593148914020328
1965,,AM,RF528,00,EHZ,61.21621621621622,-149.80600087454445,2026-09-07T12:59:59.995000Z,2026-09-07T13:00:59.995000Z,100.0,100.0,60.0,,noise,0,Noise,timeofday:America/Anchorage:day7-19:night1-5,AM,2.0-20.0,362.93574770431417,1214.548096533786,343.3120758585743,1204.1239768451399,0.8947849412123946,1.5135842148516208,-0.2763475692405275,,,2.49,372.60784775197345,3.2316119590875214
1966,,AM,RF528,00,EHZ,61.21621621621622,-149.80600087454445,2026-09-07T15:03:59.995000Z,2026-09-07T15:04:59.995000Z,100.0,100.0,60.0,,traffic,1,Traffic,timeofday:America/Anchorage:day7-19:night1-5,AM,2.0-20.0,1006.3557841000596,3724.334642968533,992.4610763432754,3770.1538667895256,0.9725767244921013,1.6898131413157378,-0.2225328716663313,,,2.49,372.60784775197345,10.118288945162341
1967,,AM,RF528,00,EHZ,61.21621621621622,-149.80600087454445,2026-09-07T15:06:59.995000Z,2026-09-07T15:07:59.995000Z,100.0,100.0,60.0,,traffic,1,Traffic,timeofday:America/Anchorage:day7-19:night1-5,AM,2.0-20.0,1001.1017197342543,3765.6710271000525,988.9091043931273,3676.9155929106482,0.9757899382880898,1.5682553282846041,-0.2599903167690578,,,2.49,372.60784775197345,9.868057302320128
1968,,AM,RF528,00,EHZ,61.21621621621622,-149.80600087454445,2026-09-07T15:08:59.995000Z,2026-09-07T15:09:59.995000Z,100.0,100.0,60.0,,traffic,1,Traffic,timeofday:America/Anchorage:day7-19:night1-5,AM,2.0-20.0,963.0688946051075,3591.673525331293,949.1332704581846,3492.4903187419313,0.9712693456117762,1.5595263810007751,-0.2595959126542673,,,2.49,372.60784775197345,9.373099197488479
1969,,AM,RF528,00,EHZ,61.21621621621622,-149.80600087454445,2026-09-07T15:10:59.995000Z,2026-09-07T15:11:59.995000Z,100.0,100.0,60.0,,traffic,1,Traffic,timeofday:America/Anchorage:day7-19:night1-5,AM,2.0-20.0,922.3363763689858,3029.321534220376,910.4866807035648,3023.2837570042634,0.9744701030578699,1.5178381222323492,-0.3256562766481359,,,2.49,372.60784775197345,8.113848850056195
1970,,AM,RF528,00,EHZ,61.21621621621622,-149.80600087454445,2026-09-07T15:12:59.995000Z,2026-09-07T15:13:59.995000Z,100.0,100.0,60.0,,traffic,1,Traffic,timeofday:America/Anchorage:day7-19:night1-5,AM,2.0-20.0,989.616045182162,3482.3184511439226,979.5842258532266,3478.9913970699663,0.9798285957704936,1.6999456051996158,-0.25213712326497895,,,2.49,372.60784775197345,9.336870970537792
1971,,AM,RF528,00,EHZ,61.21621621621622,-149.80600087454445,2026-09-07T15:14:59.995000Z,2026-09-07T15:15:59.995000Z,100.0,100.0,60.0,,traffic,1,Traffic,timeofday:America/Anchorage:day7-19:night1-5,AM,2.0-20.0,942.6409274311314,3052.315589538813,928.5970222263644,3128.17983192084,0.9704250293688276,1.617687992400339,-0.3860473512340157,,,2.49,372.60784775197345,8.395367544709133
1972,,AM,RF528,00,EHZ,61.21621621621622,-149.80600087454445,2026-09-07T15:16:59.995000Z,2026-09-07T15:17:59.995000Z,100.0,100.0,60.0,,traffic,1,Traffic,timeofday:America/Anchorage:day7-19:night1-5,AM,2.0-20.0,982.3878167674218,3261.3127603931894,955.1329496691388,3047.2126003189887,0.9452827201929157,1.586643643915751,-0.23813483495103238,,,2.49,372.60784775197345,8.1780687623825
1973,,AM,RF528,00,EHZ,61.21621621621622,-149.80600087454445,2026-09-07T15:18:59.995000Z,2026-09-07T15:19:59.995000Z,100.0,100.0,60.0,,traffic,1,Traffic,timeofday:America/Anchorage:day7-19:night1-5,AM,2.0-20.0,988.0227444293338,3063.6914613504655,977.182922941274,3098.537372922866,0.9781779144670167,1.5926586627711659,-0.409310139118237,,,2.49,372.60784775197345,8.315813506390258
1974,,AM,RF528,00,EHZ,61.21621621621622,-149.80600087454445,2026-09-07T15:19:59.995000Z,2026-09-07T15:20:59.995000Z,100.0,100.0,60.0,,traffic,1,Traffic,timeofday:America/Anchorage:day7-19:night1-5,AM,2.0-20.0,1035.4905927981874,3360.307541310352,1024.8719649710595,3531.017960252415,0.9795957924307147,1.8253731955232424,-0.30251871295172394,,,2.49,372.60784775197345,9.476499170792662
1975,,AM,RF528,00,EHZ,61.21621621621622,-149.80600087454445,2026-09-07T15:20:59.995000Z,2026-09-07T15:21:59.995000Z,100.0,100.0,60.0,,traffic,1,Traffic,timeofday:America/Anchorage:day7-19:night1-5,AM,2.0-20.0,1016.7648505563103,3156.3043999217275,1007.4834781343519,3236.68191711518,0.9818266521147522,1.5146743458133618,-0.47127347250966345,,,2.49,372.60784775197345,8.686564001919999
1976,,AM,RF528,00,EHZ,61.21621621621622,-149.80600087454445,2026-09-07T15:21:59.995000Z,2026-09-07T15:22:59.995000Z,100.0,100.0,60.0,,traffic,1,Traffic,timeofday:America/Anchorage:day7-19:night1-5,AM,2.0-20.0,1022.3550328346722,3635.696789589089,1011.2969364352647,3553.8301793505248,0.9784843968781815,1.6921493601762636,-0.3454688735038616,,,2.49,372.60784775197345,9.537722301855899
1977,,AM,RF528,00,EHZ,61.21621621621622,-149.80600087454445,2026-09-07T15:22:59.995000Z,2026-09-07T15:23:59.995000Z,100.0,100.0,60.0,,traffic,1,Traffic,timeofday:America/Anchorage:day7-19:night1-5,AM,2.0-20.0,1028.0973885588573,3063.698650407989,1018.3499426515232,3115.2193761906183,0.9811277842171438,1.5995129065269302,-0.4366371674009484,,,2.49,372.60784775197345,8.360584445511371
1978,,AM,RF528,00,EHZ,61.21621621621622,-149.80600087454445,2026-09-07T15:25:59.995000Z,2026-09-07T15:26:59.995000Z,100.0,100.0,60.0,,traffic,1,Traffic,timeofday:America/Anchorage:day7-19:night1-5,AM,2.0-20.0,984.4643609018175,2960.7040872278944,975.0736476767573,3184.3860517234334,0.9810131782727874,1.5079299106720514,-0.5368267211769555,,,2.49,372.60784775197345,8.546213051967497
1979,,AM,RF528,00,EHZ,61.21621621621622,-149.80600087454445,2026-09-07T15:28:59.995000Z,2026-09-07T15:29:59.995000Z,100.0,100.0,60.0,,traffic,1,Traffic,timeofday:America/Anchorage:day7-19:night1-5,AM,2.0-20.0,1011.7176278031869,3639.709249434822,1000.3046572859784,3305.0522643864724,0.9775656832228764,1.5233919406904297,-0.40139811756217547,,,2.49,372.60784775197345,8.870055433149336
1980,,AM,RF528,00,EHZ,61.21621621621622,-149.80600087454445,2026-09-07T15:30:59.995000Z,2026-09-07T15:31:59.995000Z,100.0,100.0,60.0,,traffic,1,Traffic,timeofday:America/Anchorage:day7-19:night1-5,AM,2.0-20.0,1043.4518979231827,3452.71276224037,1030.3302363334124,3541.6588748997183,0.975007649951879,1.4729947956107836,-0.38773830801943676,,,2.49,372.60784775197345,9.505057116395532
1981,,AM,RF528,00,EHZ,61.21621621621622,-149.80600087454445,2026-09-07T15:31:59.995000Z,2026-09-07T15:32:59.995000Z,100.0,100.0,60.0,,traffic,1,Traffic,timeofday:America/Anchorage:day7-19:night1-5,AM,2.0-20.0,998.1719996845704,3709.7130733343606,987.042012541891,3737.1176350650303,0.977823590706445,1.4157798692801824,-0.4846180939355538,,,2.49,372.60784775197345,10.029626744610715
1982,,AM,RF528,00,EHZ,61.21621621621622,-149.80600087454445,2026-09-07T15:37:59.995000Z,2026-09-07T15:38:59.995000Z,100.0,100.0,60.0,,traffic,1,Traffic,timeofday:America/Anchorage:day7-19:night1-5,AM,2.0-20.0,1077.779898657728,3779.2758125958476,1066.9642435266242,3650.2326753106327,0.9800304553401025,1.5932909328774243,-0.3144711068438695,,,2.49,372.60784775197345,9.7964460419535
1983,,AM,RF528,00,EHZ,61.21621621621622,-149.80600087454445,2026-09-07T15:39:59.995000Z,2026-09-07T15:40:59.995000Z,100.0,100.0,60.0,,traffic,1,Traffic,timeofday:America/Anchorage:day7-19:night1-5,AM,2.0-20.0,1011.3596892048587,3203.7271452387035,1000.1527060762504,3269.1608553055817,0.9779605804582497,1.4884834833133518,-0.44469252971968665,,,2.49,372.60784775197345,8.773730545476058
1984,,AM,RF528,00,EHZ,61.21621621621622,-149.80600087454445,2026-09-07T15:40:59.995000Z,2026-09-07T15:41:59.995000Z,100.0,100.0,60.0,,traffic,1,Traffic,timeofday:America/Anchorage:day7-19:night1-5,AM,2.0-20.0,1050.0708542328155,3414.2702088824913,1040.3640833736467,3536.272087497745,0.9815976102677306,1.5266288081219925,-0.35449345254857034,,,2.49,372.60784775197345,9.490600127809616
1985,,AM,RF528,00,EHZ,61.21621621621622,-149.80600087454445,2026-09-07T15:41:59.995000Z,2026-09-07T15:42:59.995000Z,100.0,100.0,60.0,,traffic,1,Traffic,timeofday:America/Anchorage:day7-19:night1-5,AM,2.0-20.0,1036.1064107377654,3857.730820916175,1026.8146208722233,3509.4806276411327,0.9821444487947598,1.5368865633996784,-0.3388844634146899,,,2.49,372.60784775197345,9.4186975631743
1986,,AM,RF528,00,EHZ,61.21621621621622,-149.80600087454445,2026-09-07T15:44:59.995000Z,2026-09-07T15:45:59.995000Z,100.0,100.0,60.0,,traffic,1,Traffic,timeofday:America/Anchorage:day7-19:night1-5,AM,2.0-20.0,1000.265244026378,4232.736879062305,990.4117441134358,3587.6720796871864,0.9803952659271506,1.8738808128392677,-0.3465578026904321,,,2.49,372.60784775197345,9.628546745143494
1987,,AM,RF528,00,EHZ,61.21621621621622,-149.80600087454445,2026-09-07T15:48:59.995000Z,2026-09-07T15:49:59.995000Z,100.0,100.0,60.0,,traffic,1,Traffic,timeofday:America/Anchorage:day7-19:night1-5,AM,2.0-20.0,1016.6705189234593,3329.2566164018494,1005.6348400699277,3301.7791176403052,0.9784083751423693,1.564911396874509,-0.42621035940944774,,,2.49,372.60784775197345,8.861271005322829
1988,,AM,RF528,00,EHZ,61.21621621621622,-149.80600087454445,2026-09-07T15:50:59.995000Z,2026-09-07T15:51:59.995000Z,100.0,100.0,60.0,,traffic,1,Traffic,timeofday:America/Anchorage:day7-19:night1-5,AM,2.0-20.0,974.0715246138412,3390.2529685878303,963.6950949966736,3232.171364551932,0.9788082061916307,1.617960196795675,-0.5061057152773714,,,2.49,372.60784775197345,8.674458640772988
1989,,AM,RF528,00,EHZ,61.21621621621622,-149.80600087454445,2026-09-07T15:52:59.995000Z,2026-09-07T15:53:59.995000Z,100.0,100.0,60.0,,traffic,1,Traffic,timeofday:America/Anchorage:day7-19:night1-5,AM,2.0-20.0,983.4662474007545,3452.749641097215,970.8708443142344,3284.7451068551413,0.9745497163935967,1.5918230221270675,-0.3555392069276979,,,2.49,372.60784775197345,8.815555353095068
1990,,AM,RF528,00,EHZ,61.21621621621622,-149.80600087454445,2026-09-07T15:53:59.995000Z,2026-09-07T15:54:59.995000Z,100.0,100.0,60.0,,traffic,1,Traffic,timeofday:America/Anchorage:day7-19:night1-5,AM,2.0-20.0,956.3988085954697,3390.248882427151,945.1641799200173,3447.8333697059306,0.9766443807990793,1.633981101617955,-0.2058256463609851,,,2.49,372.60784775197345,9.253249469938654
1991,,AM,RF528,00,EHZ,61.21621621621622,-149.80600087454445,2026-09-07T15:55:59.995000Z,2026-09-07T15:56:59.995000Z,100.0,100.0,60.0,,traffic,1,Traffic,timeofday:America/Anchorage:day7-19:night1-5,AM,2.0-20.0,945.2158375098592,3183.755640931175,931.7431136732042,3354.1125845996266,0.9716959747593377,1.5748556168001895,-0.4239778496407025,,,2.49,372.60784775197345,9.001722869863688
1992,,AM,RF528,00,EHZ,61.21621621621622,-149.80600087454445,2026-09-07T15:56:59.995000Z,2026-09-07T15:57:59.995000Z,100.0,100.0,60.0,,traffic,1,Traffic,timeofday:America/Anchorage:day7-19:night1-5,AM,2.0-20.0,944.8055410902897,3466.7570050912495,931.3034626510296,3247.0947282405396,0.9716225196877124,1.5412944508408755,-0.35182207103776264,,,2.49,372.60784775197345,8.71450976631595
1993,,AM,RF528,00,EHZ,61.21621621621622,-149.80600087454445,2026-09-07T15:58:59.995000Z,2026-09-07T15:59:59.995000Z,100.0,100.0,60.0,,traffic,1,Traffic,timeofday:America/Anchorage:day7-19:night1-5,AM,2.0-20.0,1026.4321388881006,3467.239995997153,1015.5421825418019,3559.177309271292,0.9788935141259836,1.6176287264594142,-0.290920792775744,,,2.49,372.60784775197345,9.552072858219722
1994,,AM,RF528,00,EHZ,61.21621621621622,-149.80600087454445,2026-09-07T16:01:59.995000Z,2026-09-07T16:02:59.995000Z,100.0,100.0,60.0,,traffic,1,Traffic,timeofday:America/Anchorage:day7-19:night1-5,AM,2.0-20.0,1004.2406309568563,3254.2346195001824,993.5104619640117,2981.917985891503,0.9787444492974724,1.4448987100793627,-0.49120809669970766,,,2.49,372.60784775197345,8.002831942166763
1995,,AM,RF528,00,EHZ,61.21621621621622,-149.80600087454445,2026-09-07T16:03:59.995000Z,2026-09-07T16:04:59.995000Z,100.0,100.0,60.0,,traffic,1,Traffic,timeofday:America/Anchorage:day7-19:night1-5,AM,2.0-20.0,1004.1812119527305,3192.7686830368516,992.5873998173081,3406.650274867494,0.9770422238533829,1.6487049741313564,-0.3664956834837181,,,2.49,372.60784775197345,9.142722826211465
1996,,AM,RF528,00,EHZ,61.21621621621622,-149.80600087454445,2026-09-07T16:05:59.995000Z,2026-09-07T16:06:59.995000Z,100.0,100.0,60.0,,traffic,1,Traffic,timeofday:America/Anchorage:day7-19:night1-5,AM,2.0-20.0,998.0183052155032,3217.77279016693,985.2769087461485,3355.597752175294,0.9746295962018394,1.578998562757115,-0.3501366028693633,,,2.49,372.60784775197345,9.00570874290589
1997,,AM,RF528,00,EHZ,61.21621621621622,-149.80600087454445,2026-09-07T16:06:59.995000Z,2026-09-07T16:07:59.995000Z,100.0,100.0,60.0,,traffic,1,Traffic,timeofday:America/Anchorage:day7-19:night1-5,AM,2.0-20.0,995.2373998656939,3252.7746124940536,983.2666483235633,3347.3123124757794,0.9760886011179309,1.5595565697391167,-0.3902772408385786,,,2.49,372.60784775197345,8.98347238972787
1998,,AM,RF528,00,EHZ,61.21621621621622,-149.80600087454445,2026-09-07T16:19:59.995000Z,2026-09-07T16:20:59.995000Z,100.0,100.0,60.0,,traffic,1,Traffic,timeofday:America/Anchorage:day7-19:night1-5,AM,2.0-20.0,927.9782907626118,3333.20372410393,914.3554801451877,3327.230928392848,0.9708553127447699,1.5391296872690496,-0.35129026597491686,,,2.49,372.60784775197345,8.929578237460046
1999,,AM,RF528,00,EHZ,61.21621621621622,-149.80600087454445,2026-09-07T16:27:59.995000Z,2026-09-07T16:28:59.995000Z,100.0,100.0,60.0,,traffic,1,Traffic,timeofday:America/Anchorage:day7-19:night1-5,AM,2.0-20.0,1042.417770637506,4792.8100056832,1026.7390529885756,4220.947877980698,0.9701447760056996,1.938765868964127,-0.11540318706517372,,,2.49,372.60784775197345,11.328123933638599
2000,,AM,RF528,00,EHZ,61.21621621621622,-149.80600087454445,2026-09-07T16:30:59.995000Z,2026-09-07T16:31:59.995000Z,100.0,100.0,60.0,,traffic,1,Traffic,timeofday:America/Anchorage:day7-19:night1-5,AM,2.0-20.0,1100.0257610152028,3843.184600871958,1067.3281737304164,3990.2879211709287,0.9414347724957614,1.594257288993651,-0.227571492863214,,,2.49,372.60784775197345,10.709081800732939
2001,,AM,RF528,00,EHZ,61.21621621621622,-149.80600087454445,2026-09-07T16:31:59.995000Z,2026-09-07T16:32:59.995000Z,100.0,100.0,60.0,,traffic,1,Traffic,timeofday:America/Anchorage:day7-19:night1-5,AM,2.0-20.0,1037.5146376584999,3386.1830715419433,1014.9899047935038,3797.870637567802,0.9570507770547608,1.7856902528263174,-0.3127414654961247,,,2.49,372.60784775197345,10.192674846977072
2002,,AM,RF528,00,EHZ,61.21621621621622,-149.80600087454445,2026-09-07T16:32:59.995000Z,2026-09-07T16:33:59.995000Z,100.0,100.0,60.0,,traffic,1,Traffic,timeofday:America/Anchorage:day7-19:night1-5,AM,2.0-20.0,938.4770822063451,3212.8198529713686,911.191095745596,3193.3882895847983,0.9426958412637089,1.6311368020318118,-0.3997923561698542,,,2.49,372.60784775197345,8.570373138545591
2003,,AM,RF528,00,EHZ,61.21621621621622,-149.80600087454445,2026-09-07T16:41:59.995000Z,2026-09-07T16:42:59.995000Z,100.0,100.0,60.0,,traffic,1,Traffic,timeofday:America/Anchorage:day7-19:night1-5,AM,2.0-20.0,924.6295293086077,4162.166028589453,900.7263769959384,3882.316162521033,0.9489651061227286,1.9604687822072575,-0.18162357372700066,,,2.49,372.60784775197345,10.419308626868478
2004,,AM,RF528,00,EHZ,61.21621621621622,-149.80600087454445,2026-09-07T16:47:59.995000Z,2026-09-07T16:48:59.995000Z,100.0,100.0,60.0,,traffic,1,Traffic,timeofday:America/Anchorage:day7-19:night1-5,AM,2.0-20.0,966.4192780220736,3217.845447417944,950.0200803821701,2928.683851813238,0.9663498881448029,1.8061785562203254,-0.33920043698844227,,,2.49,372.60784775197345,7.8599628791573855
2005,,AM,RF528,00,EHZ,61.21621621621622,-149.80600087454445,2026-09-07T16:52:59.995000Z,2026-09-07T16:53:59.995000Z,100.0,100.0,60.0,,traffic,1,Traffic,timeofday:America/Anchorage:day7-19:night1-5,AM,2.0-20.0,902.312588926592,3480.853204947313,887.3570207027244,3314.364976883174,0.9671253037732451,1.6682216603134106,-0.20827069597332448,,,2.49,372.60784775197345,8.895048767436005
2006,,AM,RF528,00,EHZ,61.21621621621622,-149.80600087454445,2026-09-07T16:54:59.995000Z,2026-09-07T16:55:59.995000Z,100.0,100.0,60.0,,traffic,1,Traffic,timeofday:America/Anchorage:day7-19:night1-5,AM,2.0-20.0,890.4977521784574,3254.8565715415575,867.3785561222185,3218.812348330747,0.9487498210887217,1.450466263987472,-0.26122399579745936,,,2.49,372.60784775197345,8.638605890215578
2007,,AM,RF528,00,EHZ,61.21621621621622,-149.80600087454445,2026-09-07T16:57:59.995000Z,2026-09-07T16:58:59.995000Z,100.0,100.0,60.0,,traffic,1,Traffic,timeofday:America/Anchorage:day7-19:night1-5,AM,2.0-20.0,936.5686830416086,3970.1380444929177,917.3337858488673,3931.461359941391,0.9593465423805628,3.214453817907579,-0.03399197872908788,,,2.49,372.60784775197345,10.55120385590582
2008,,AM,RF528,00,EHZ,61.21621621621622,-149.80600087454445,2026-09-07T17:01:59.995000Z,2026-09-07T17:02:59.995000Z,100.0,100.0,60.0,,traffic,1,Traffic,timeofday:America/Anchorage:day7-19:night1-5,AM,2.0-20.0,916.4918499601151,3825.8687771692116,895.8578829369043,3669.596945686491,0.9554787319171347,1.8875602582786875,-0.17677675241485913,,,2.49,372.60784775197345,9.848415613965166
2009,,AM,RF528,00,EHZ,61.21621621621622,-149.80600087454445,2026-09-07T17:02:59.995000Z,2026-09-07T17:03:59.995000Z,100.0,100.0,60.0,,traffic,1,Traffic,timeofday:America/Anchorage:day7-19:night1-5,AM,2.0-20.0,899.0406778009988,3422.1293197858336,880.0793145042503,3154.808347596397,0.9582634915074965,1.5885083064743901,-0.17549608781452086,,,2.49,372.60784775197345,8.46683280191242
2010,,AM,RF528,00,EHZ,61.21621621621622,-149.80600087454445,2026-09-07T17:06:59.995000Z,2026-09-07T17:07:59.995000Z,100.0,100.0,60.0,,traffic,1,Traffic,timeofday:America/Anchorage:day7-19:night1-5,AM,2.0-20.0,1169.2954673412214,7791.12201841275,1154.1536075825845,7215.8335824868345,0.9742685745709568,3.5289367127758053,2.3082852887004544,,,2.49,372.60784775197345,19.365758467035985
2011,,AM,RF528,00,EHZ,61.21621621621622,-149.80600087454445,2026-09-07T17:09:59.995000Z,2026-09-07T17:10:59.995000Z,100.0,100.0,60.0,,traffic,1,Traffic,timeofday:America/Anchorage:day7-19:night1-5,AM,2.0-20.0,865.45739891653,2892.8831067386604,839.1516290786954,3016.149909386142,0.9401334253720425,1.7943632459213883,-0.1702183666638888,,,2.49,372.60784775197345,8.094703124432964
2012,,AM,RF528,00,EHZ,61.21621621621622,-149.80600087454445,2026-09-07T17:16:59.995000Z,2026-09-07T17:17:59.995000Z,100.0,100.0,60.0,,traffic,1,Traffic,timeofday:America/Anchorage:day7-19:night1-5,AM,2.0-20.0,965.0359532625889,4198.894277109856,888.8562741991411,3659.026360139168,0.8483520181614704,2.956213171730152,0.20870404216627847,,,2.49,372.60784775197345,9.820046416668069
2013,,AM,RF528,00,EHZ,61.21621621621622,-149.80600087454445,2026-09-07T17:17:59.995000Z,2026-09-07T17:18:59.995000Z,100.0,100.0,60.0,,traffic,1,Traffic,timeofday:America/Anchorage:day7-19:night1-5,AM,2.0-20.0,868.0462156993568,3799.1033326656793,839.4537634828962,3369.205118273071,0.9352072497369198,1.8320682708089935,0.014391393324058033,,,2.49,372.60784775197345,9.042228011568302
2014,,AM,RF528,00,EHZ,61.21621621621622,-149.80600087454445,2026-09-07T17:18:59.995000Z,2026-09-07T17:19:59.995000Z,100.0,100.0,60.0,,traffic,1,Traffic,timeofday:America/Anchorage:day7-19:night1-5,AM,2.0-20.0,836.4473548765948,2748.897918604331,800.8801690775106,2716.444176844768,0.9167646438963034,1.5432705291920936,-0.2688816065585464,,,2.49,372.60784775197345,7.290356854354206
2015,,AM,RF528,00,EHZ,61.21621621621622,-149.80600087454445,2026-09-07T17:21:59.995000Z,2026-09-07T17:22:59.995000Z,100.0,100.0,60.0,,traffic,1,Traffic,timeofday:America/Anchorage:day7-19:night1-5,AM,2.0-20.0,879.2944503842305,3241.9032649398346,860.725957593896,3458.460473111065,0.9582109660966205,1.648035206057029,-0.13095544725257025,,,2.49,372.60784775197345,9.281770349112964
2016,,AM,RF528,00,EHZ,61.21621621621622,-149.80600087454445,2026-09-07T17:22:59.995000Z,2026-09-07T17:23:59.995000Z,100.0,100.0,60.0,,traffic,1,Traffic,timeofday:America/Anchorage:day7-19:night1-5,AM,2.0-20.0,869.5374558423607,3262.0941291093964,858.4140936656531,2972.5174407092127,0.9745790924841163,1.6108373340256792,-0.20059298914003953,,,2.49,372.60784775197345,7.977602883683411
2017,,AM,RF528,00,EHZ,61.21621621621622,-149.80600087454445,2026-09-07T17:28:59.995000Z,2026-09-07T17:29:59.995000Z,100.0,100.0,60.0,,traffic,1,Traffic,timeofday:America/Anchorage:day7-19:night1-5,AM,2.0-20.0,774.0832761618566,3311.084844835284,760.7224832686601,3119.9708071780797,0.965777614214772,1.549309941958451,-0.1872659598302886,,,2.49,372.60784775197345,8.37333627297858
2018,,AM,RF528,00,EHZ,61.21621621621622,-149.80600087454445,2026-09-07T17:33:59.995000Z,2026-09-07T17:34:59.995000Z,100.0,100.0,60.0,,traffic,1,Traffic,timeofday:America/Anchorage:day7-19:night1-5,AM,2.0-20.0,926.7290974838477,3851.075735210428,886.2075301853943,3076.641910032863,0.9144611790821929,1.8783070212074313,-0.23452769714734334,,,2.49,372.60784775197345,8.25705075347965
2019,,AM,RF528,00,EHZ,61.21621621621622,-149.80600087454445,2026-09-07T17:46:59.995000Z,2026-09-07T17:47:59.995000Z,100.0,100.0,60.0,,traffic,1,Traffic,timeofday:America/Anchorage:day7-19:night1-5,AM,2.0-20.0,937.3257431819457,3186.947409837758,913.5528289223589,2958.9741750422463,0.9499182769982999,1.818276412766219,-0.3076419205401115,,,2.49,372.60784775197345,7.941255646907063
2020,,AM,RF528,00,EHZ,61.21621621621622,-149.80600087454445,2026-09-07T17:56:59.995000Z,2026-09-07T17:57:59.995000Z,100.0,100.0,60.0,,traffic,1,Traffic,timeofday:America/Anchorage:day7-19:night1-5,AM,2.0-20.0,804.357261390814,2832.964069308737,782.2255836801273,2684.3162418282222,0.9457275886636949,1.5530683674937542,-0.2070992245357064,,,2.49,372.60784775197345,7.204132328460882
2021,,AM,RF528,00,EHZ,61.21621621621622,-149.80600087454445,2026-09-07T18:09:59.995000Z,2026-09-07T18:10:59.995000Z,100.0,100.0,60.0,,traffic,1,Traffic,timeofday:America/Anchorage:day7-19:night1-5,AM,2.0-20.0,964.0668740796042,5304.014565169643,947.762285924872,4769.623334903852,0.9664614259723876,3.4196101771020175,0.5878470575023069,,,2.49,372.60784775197345,12.800651847995304
2022,,AM,RF528,00,EHZ,61.21621621621622,-149.80600087454445,2026-09-07T18:16:59.995000Z,2026-09-07T18:17:59.995000Z,100.0,100.0,60.0,,traffic,1,Traffic,timeofday:America/Anchorage:day7-19:night1-5,AM,2.0-20.0,1007.48879343305,4632.997738123714,989.0908333473313,3808.830734469881,0.9638110602562387,1.7411032536267972,-0.14200628085158273,,,2.49,372.60784775197345,10.22208940968208
2023,,AM,RF528,00,EHZ,61.21621621621622,-149.80600087454445,2026-09-07T18:19:59.995000Z,2026-09-07T18:20:59.995000Z,100.0,100.0,60.0,,traffic,1,Traffic,timeofday:America/Anchorage:day7-19:night1-5,AM,2.0-20.0,933.4010780812674,3779.003313686368,911.2044851975751,3161.379644820663,0.9530048289829457,1.6760609979398677,-0.1401001575595937,,,2.49,372.60784775197345,8.484468762249572
2024,,AM,RF528,00,EHZ,61.21621621621622,-149.80600087454445,2026-09-07T18:20:59.995000Z,2026-09-07T18:21:59.995000Z,100.0,100.0,60.0,,traffic,1,Traffic,timeofday:America/Anchorage:day7-19:night1-5,AM,2.0-20.0,876.5990452602775,3419.9950978096927,861.1206131836544,2949.891220020294,0.9649970463174327,1.808896146488045,-0.25788589176600274,,,2.49,372.60784775197345,7.916878932683915
2025,,AM,RF528,00,EHZ,61.21621621621622,-149.80600087454445,2026-09-07T18:24:59.995000Z,2026-09-07T18:25:59.995000Z,100.0,100.0,60.0,,traffic,1,Traffic,timeofday:America/Anchorage:day7-19:night1-5,AM,2.0-20.0,979.9985264575173,3403.0125979604804,962.7506644490725,3196.3726966270333,0.9651099846636176,1.9549729637896904,-0.22788083015967286,,,2.49,372.60784775197345,8.57838265058416
2026,,AM,RF528,00,EHZ,61.21621621621622,-149.80600087454445,2026-09-07T18:29:59.995000Z,2026-09-07T18:30:59.995000Z,100.0,100.0,60.0,,traffic,1,Traffic,timeofday:America/Anchorage:day7-19:night1-5,AM,2.0-20.0,935.8539512690705,3993.9785357171654,923.1502444555991,3527.060099993165,0.97303535695553,1.6953653479215258,-0.14940687274793296,,,2.49,372.60784775197345,9.465877117920913
2027,,AM,RF528,00,EHZ,61.21621621621622,-149.80600087454445,2026-09-07T18:31:59.995000Z,2026-09-07T18:32:59.995000Z,100.0,100.0,60.0,,traffic,1,Traffic,timeofday:America/Anchorage:day7-19:night1-5,AM,2.0-20.0,938.3620228836477,2974.975817163587,926.0612994456816,2900.883011112075,0.9739544018606231,1.6950306474083723,-0.2731869704492924,,,2.49,372.60784775197345,7.785351351598608
2028,,AM,RF528,00,EHZ,61.21621621621622,-149.80600087454445,2026-09-07T18:33:59.995000Z,2026-09-07T18:34:59.995000Z,100.0,100.0,60.0,,traffic,1,Traffic,timeofday:America/Anchorage:day7-19:night1-5,AM,2.0-20.0,948.927986753507,3381.027568963799,934.0572339914283,3252.3754914275896,0.9689033680461774,1.8476138956804808,-0.1403941088905296,,,2.49,372.60784775197345,8.728682208520027
2029,,AM,RF528,00,EHZ,61.21621621621622,-149.80600087454445,2026-09-07T18:35:59.995000Z,2026-09-07T18:36:59.995000Z,100.0,100.0,60.0,,traffic,1,Traffic,timeofday:America/Anchorage:day7-19:night1-5,AM,2.0-20.0,933.7559826616966,3128.0303869065942,918.7760620606598,3157.2298204485523,0.968172066227467,1.7273504428279998,-0.2562325465175599,,,2.49,372.60784775197345,8.473331518637695
2030,,AM,RF528,00,EHZ,61.21621621621622,-149.80600087454445,2026-09-07T18:39:59.995000Z,2026-09-07T18:40:59.995000Z,100.0,100.0,60.0,,traffic,1,Traffic,timeofday:America/Anchorage:day7-19:night1-5,AM,2.0-20.0,852.9575624707065,3030.9613238604593,838.845675486041,3199.873411950661,0.9671844193356699,1.6904705136729492,-0.20229676910118588,,,2.49,372.60784775197345,8.587777823940677
2031,,AM,RF528,00,EHZ,61.21621621621622,-149.80600087454445,2026-09-07T18:40:59.995000Z,2026-09-07T18:41:59.995000Z,100.0,100.0,60.0,,traffic,1,Traffic,timeofday:America/Anchorage:day7-19:night1-5,AM,2.0-20.0,857.3893057009517,3091.0395077342805,837.9224624511279,2904.204053398266,0.9551059295050243,1.6570773822161697,-0.11921821374875297,,,2.49,372.60784775197345,7.794264320840205
2032,,AM,RF528,00,EHZ,61.21621621621622,-149.80600087454445,2026-09-07T18:47:59.995000Z,2026-09-07T18:48:59.995000Z,100.0,100.0,60.0,,traffic,1,Traffic,timeofday:America/Anchorage:day7-19:night1-5,AM,2.0-20.0,883.7666734557166,3518.948500640859,866.5792258398379,3784.2479617922017,0.9614823282205762,2.259348214207481,0.09067335323574843,,,2.49,372.60784775197345,10.156114490404367
2033,,AM,RF528,00,EHZ,61.21621621621622,-149.80600087454445,2026-09-07T18:55:59.995000Z,2026-09-07T18:56:59.995000Z,100.0,100.0,60.0,,traffic,1,Traffic,timeofday:America/Anchorage:day7-19:night1-5,AM,2.0-20.0,916.3395104196745,3707.0647313384366,900.4476652313906,3173.5734996249184,0.9656152749583097,1.8721840193995054,-0.2926865633676017,,,2.49,372.60784775197345,8.517194468049446
2034,,AM,RF528,00,EHZ,61.21621621621622,-149.80600087454445,2026-09-07T19:00:59.995000Z,2026-09-07T19:01:59.995000Z,100.0,100.0,60.0,,traffic,1,Traffic,timeofday:America/Anchorage:day7-19:night1-5,AM,2.0-20.0,941.5274437149436,3533.9255859688305,916.8055980632611,3417.9919621913746,0.9481751000056735,1.9041650493413904,-0.08798277020098544,,,2.49,372.60784775197345,9.173161496229575
2035,,AM,RF528,00,EHZ,61.21621621621622,-149.80600087454445,2026-09-07T19:01:59.995000Z,2026-09-07T19:02:59.995000Z,100.0,100.0,60.0,,traffic,1,Traffic,timeofday:America/Anchorage:day7-19:night1-5,AM,2.0-20.0,925.3839599260518,3045.9247785032653,890.48116152057,2976.1269521318577,0.925988381607017,1.7199253887135626,-0.21662740389997426,,,2.49,372.60784775197345,7.987290042567535
2036,,AM,RF528,00,EHZ,61.21621621621622,-149.80600087454445,2026-09-07T19:02:59.995000Z,2026-09-07T19:03:59.995000Z,100.0,100.0,60.0,,traffic,1,Traffic,timeofday:America/Anchorage:day7-19:night1-5,AM,2.0-20.0,908.4919621536083,2948.077500554648,886.8834504644408,2803.564993895225,0.9529956609585808,1.9041512866356118,-0.33459294858595046,,,2.49,372.60784775197345,7.524170547694474
2037,,AM,RF528,00,EHZ,61.21621621621622,-149.80600087454445,2026-09-07T19:04:59.995000Z,2026-09-07T19:05:59.995000Z,100.0,100.0,60.0,,traffic,1,Traffic,timeofday:America/Anchorage:day7-19:night1-5,AM,2.0-20.0,890.230981723861,3062.9191250953004,877.4646295329778,2968.4940202053613,0.9715246614606781,2.2143593616870896,-0.20674295198712356,,,2.49,372.60784775197345,7.966804881096708
2038,,AM,RF528,00,EHZ,61.21621621621622,-149.80600087454445,2026-09-07T19:08:59.995000Z,2026-09-07T19:09:59.995000Z,100.0,100.0,60.0,,traffic,1,Traffic,timeofday:America/Anchorage:day7-19:night1-5,AM,2.0-20.0,845.2108645404724,2868.0872981482084,829.2486563433011,2834.9538389613153,0.9625857122219168,1.5704578884735396,-0.23063948809248647,,,2.49,372.60784775197345,7.608411513781115
2039,,AM,RF528,00,EHZ,61.21621621621622,-149.80600087454445,2026-09-07T19:10:59.995000Z,2026-09-07T19:11:59.995000Z,100.0,100.0,60.0,,traffic,1,Traffic,timeofday:America/Anchorage:day7-19:night1-5,AM,2.0-20.0,931.6115726000929,3922.9093659935183,899.7427704755196,3148.9289914956425,0.9327537032356323,1.9097223424176093,-0.206788448791694,,,2.49,372.60784775197345,8.451053863985518
2040,,AM,RF528,00,EHZ,61.21621621621622,-149.80600087454445,2026-09-07T19:12:59.995000Z,2026-09-07T19:13:59.995000Z,100.0,100.0,60.0,,traffic,1,Traffic,timeofday:America/Anchorage:day7-19:night1-5,AM,2.0-20.0,995.8875797781047,3507.0950125897657,981.1025276665597,3552.056178358583,0.9705281957772542,1.963489607912035,-0.16600159447801266,,,2.49,372.60784775197345,9.53296126152182
2041,,AM,RF528,00,EHZ,61.21621621621622,-149.80600087454445,2026-09-07T19:13:59.995000Z,2026-09-07T19:14:59.995000Z,100.0,100.0,60.0,,traffic,1,Traffic,timeofday:America/Anchorage:day7-19:night1-5,AM,2.0-20.0,928.2431796963804,4550.903320199227,908.7163518734403,3712.548143647714,0.9583698714520151,1.646007371514976,-0.17759355917288877,,,2.49,372.60784775197345,9.963687469403416
2042,,AM,RF528,00,EHZ,61.21621621621622,-149.80600087454445,2026-09-07T19:14:59.995000Z,2026-09-07T19:15:59.995000Z,100.0,100.0,60.0,,traffic,1,Traffic,timeofday:America/Anchorage:day7-19:night1-5,AM,2.0-20.0,887.6895312779363,3317.0985989318438,869.0630774915737,3295.594417711104,0.9584741443446279,1.6367900083265385,-0.19713719281706155,,,2.49,372.60784775197345,8.844672589678835
2043,,AM,RF528,00,EHZ,61.21621621621622,-149.80600087454445,2026-09-07T19:16:59.995000Z,2026-09-07T19:17:59.995000Z,100.0,100.0,60.0,,traffic,1,Traffic,timeofday:America/Anchorage:day7-19:night1-5,AM,2.0-20.0,906.6278657175802,3083.89904244142,892.3244810032645,3020.545058376896,0.9686959626731677,1.848814015493965,-0.20625119507062273,,,2.49,372.60784775197345,8.106498767002682
2044,,AM,RF528,00,EHZ,61.21621621621622,-149.80600087454445,2026-09-07T19:20:59.995000Z,2026-09-07T19:21:59.995000Z,100.0,100.0,60.0,,traffic,1,Traffic,timeofday:America/Anchorage:day7-19:night1-5,AM,2.0-20.0,898.2702603890954,3353.108345394536,879.0200773644598,3207.107135470176,0.9575986972738336,2.070279259889407,-0.17031522213935268,,,2.49,372.60784775197345,8.607191595183439
2045,,AM,RF528,00,EHZ,61.21621621621622,-149.80600087454445,2026-09-07T19:21:59.995000Z,2026-09-07T19:22:59.995000Z,100.0,100.0,60.0,,traffic,1,Traffic,timeofday:America/Anchorage:day7-19:night1-5,AM,2.0-20.0,1001.0277668736936,3578.110331455339,978.420188393653,3700.8558428721594,0.9553413196019853,1.7521678254083295,-0.24189887980330083,,,2.49,372.60784775197345,9.932307827653794
2046,,AM,RF528,00,EHZ,61.21621621621622,-149.80600087454445,2026-09-07T19:23:59.995000Z,2026-09-07T19:24:59.995000Z,100.0,100.0,60.0,,traffic,1,Traffic,timeofday:America/Anchorage:day7-19:night1-5,AM,2.0-20.0,891.0792547980051,3263.885798110286,875.0288841753738,3151.327938356572,0.9642998787417607,1.6575142251250572,-0.15273775539936452,,,2.49,372.60784775197345,8.457492125754298
2047,,AM,RF528,00,EHZ,61.21621621621622,-149.80600087454445,2026-09-07T19:27:59.995000Z,2026-09-07T19:28:59.995000Z,100.0,100.0,60.0,,traffic,1,Traffic,timeofday:America/Anchorage:day7-19:night1-5,AM,2.0-20.0,1010.8708310598485,3387.1203120284686,989.141719480208,3408.1431465312385,0.9574711772651465,1.9801436089973747,-0.2318010680764795,,,2.49,372.60784775197345,9.146729375383071
2048,,AM,RF528,00,EHZ,61.21621621621622,-149.80600087454445,2026-09-07T19:29:59.995000Z,2026-09-07T19:30:59.995000Z,100.0,100.0,60.0,,traffic,1,Traffic,timeofday:America/Anchorage:day7-19:night1-5,AM,2.0-20.0,862.361311066985,3161.12447373644,849.3192171430551,2974.3067519328524,0.9699813259276711,1.6872071774333803,-0.23648691195569782,,,2.49,372.60784775197345,7.982405013414266
2049,,AM,RF528,00,EHZ,61.21621621621622,-149.80600087454445,2026-09-07T19:31:59.995000Z,2026-09-07T19:32:59.995000Z,100.0,100.0,60.0,,traffic,1,Traffic,timeofday:America/Anchorage:day7-19:night1-5,AM,2.0-20.0,920.696904581019,3390.127274444109,907.9413664981762,3215.7929372848303,0.9724834980976746,1.7162686302445385,-0.2611496561651152,,,2.49,372.60784775197345,8.630502434896176
2050,,AM,RF528,00,EHZ,61.21621621621622,-149.80600087454445,2026-09-07T19:34:59.995000Z,2026-09-07T19:35:59.995000Z,100.0,100.0,60.0,,traffic,1,Traffic,timeofday:America/Anchorage:day7-19:night1-5,AM,2.0-20.0,867.5867384042049,3096.133252734164,855.6485680473143,3004.3317369638216,0.9726689355579828,1.7600797128715497,-0.22593299422500035,,,2.49,372.60784775197345,8.062985670027155
2051,,AM,RF528,00,EHZ,61.21621621621622,-149.80600087454445,2026-09-07T19:35:59.995000Z,2026-09-07T19:36:59.995000Z,100.0,100.0,60.0,,traffic,1,Traffic,timeofday:America/Anchorage:day7-19:night1-5,AM,2.0-20.0,881.8523660142804,3153.1342994807023,869.575334361368,3147.529589635079,0.9723500837106879,1.6615140055665587,-0.23663513349947918,,,2.49,372.60784775197345,8.447298167832024
2052,,AM,RF528,00,EHZ,61.21621621621622,-149.80600087454445,2026-09-07T19:37:59.995000Z,2026-09-07T19:38:59.995000Z,100.0,100.0,60.0,,traffic,1,Traffic,timeofday:America/Anchorage:day7-19:night1-5,AM,2.0-20.0,951.0327348485366,3586.861614645871,935.465191644534,3644.6408433185593,0.9675297613685979,2.3998960546109953,0.021113757717939663,,,2.49,372.60784775197345,9.781438757416124
2053,,AM,RF528,00,EHZ,61.21621621621622,-149.80600087454445,2026-09-07T19:38:59.995000Z,2026-09-07T19:39:59.995000Z,100.0,100.0,60.0,,traffic,1,Traffic,timeofday:America/Anchorage:day7-19:night1-5,AM,2.0-20.0,904.5293810319564,3418.8605210772453,893.5840584693343,3369.0041829215706,0.9759452805824984,1.6570992372531144,-0.12156667743137684,,,2.49,372.60784775197345,9.041688743936895
2054,,AM,RF528,00,EHZ,61.21621621621622,-149.80600087454445,2026-09-07T19:41:59.995000Z,2026-09-07T19:42:59.995000Z,100.0,100.0,60.0,,traffic,1,Traffic,timeofday:America/Anchorage:day7-19:night1-5,AM,2.0-20.0,845.8352064417917,3220.1455422394215,830.7281631092177,3151.0109331225904,0.9645979890351482,1.860927392635109,-0.18028419020017017,,,2.49,372.60784775197345,8.456641351311694
2055,,AM,RF528,00,EHZ,61.21621621621622,-149.80600087454445,2026-09-07T19:43:59.995000Z,2026-09-07T19:44:59.995000Z,100.0,100.0,60.0,,traffic,1,Traffic,timeofday:America/Anchorage:day7-19:night1-5,AM,2.0-20.0,999.81208988601,3894.1477221953705,983.0362908860213,3613.2916554428857,0.9667236293585103,2.089421908077764,-0.15241768084804352,,,2.49,372.60784775197345,9.69730422277116
2056,,AM,RF528,00,EHZ,61.21621621621622,-149.80600087454445,2026-09-07T19:45:59.995000Z,2026-09-07T19:46:59.995000Z,100.0,100.0,60.0,,traffic,1,Traffic,timeofday:America/Anchorage:day7-19:night1-5,AM,2.0-20.0,904.0319166096974,3501.8482330082493,892.3358488177274,3271.123717696046,0.9742920407164701,1.5762084061329198,-0.12557360047956356,,,2.49,372.60784775197345,8.778998449526673
2057,,AM,RF528,00,EHZ,61.21621621621622,-149.80600087454445,2026-09-07T19:48:59.995000Z,2026-09-07T19:49:59.995000Z,100.0,100.0,60.0,,traffic,1,Traffic,timeofday:America/Anchorage:day7-19:night1-5,AM,2.0-20.0,870.9785669588636,3069.84254972607,851.3116009351021,3049.1693893412075,0.9553492504480081,1.6442805086056853,-0.2488273131379506,,,2.49,372.60784775197345,8.183320366807969
2058,,AM,RF528,00,EHZ,61.21621621621622,-149.80600087454445,2026-09-07T19:49:59.995000Z,2026-09-07T19:50:59.995000Z,100.0,100.0,60.0,,traffic,1,Traffic,timeofday:America/Anchorage:day7-19:night1-5,AM,2.0-20.0,848.4960124213568,2886.840997415891,830.6768479104998,2683.431489677778,0.9584392733297086,1.6362191815107026,-0.2518257357198208,,,2.49,372.60784775197345,7.2017578423737465
2059,,AM,RF528,00,EHZ,61.21621621621622,-149.80600087454445,2026-09-07T19:59:59.995000Z,2026-09-07T20:00:59.995000Z,100.0,100.0,60.0,,traffic,1,Traffic,timeofday:America/Anchorage:day7-19:night1-5,AM,2.0-20.0,944.8488873179498,3487.175857386496,927.7380382608889,3234.0990922978103,0.964108729247538,1.8238539569390952,-0.20327474640627718,,,2.49,372.60784775197345,8.679632250930446
2060,,AM,RF528,00,EHZ,61.21621621621622,-149.80600087454445,2026-09-07T20:01:59.995000Z,2026-09-07T20:02:59.995000Z,100.0,100.0,60.0,,traffic,1,Traffic,timeofday:America/Anchorage:day7-19:night1-5,AM,2.0-20.0,987.0707864490839,6758.17920990539,973.8870098840697,5530.1034649874755,0.9734654648508597,3.7616557901234557,0.7874281933588567,,,2.49,372.60784775197345,14.841618335072187
2061,,AM,RF528,00,EHZ,61.21621621621622,-149.80600087454445,2026-09-07T20:02:59.995000Z,2026-09-07T20:03:59.995000Z,100.0,100.0,60.0,,traffic,1,Traffic,timeofday:America/Anchorage:day7-19:night1-5,AM,2.0-20.0,1044.5897091988218,3912.8195437078843,1031.3792790541181,3691.8895202070944,0.9748668840792907,1.799093644112141,-0.22299384480218265,,,2.49,372.60784775197345,9.908244129803197
2062,,AM,RF528,00,EHZ,61.21621621621622,-149.80600087454445,2026-09-07T20:05:59.995000Z,2026-09-07T20:06:59.995000Z,100.0,100.0,60.0,,traffic,1,Traffic,timeofday:America/Anchorage:day7-19:night1-5,AM,2.0-20.0,873.2661131528266,4106.186750559446,859.4579978768193,4318.85407784375,0.9686259483534108,1.9637246794564063,0.0615754299837481,,,2.49,372.60784775197345,11.590883294327705
2063,,AM,RF528,00,EHZ,61.21621621621622,-149.80600087454445,2026-09-07T20:06:59.995000Z,2026-09-07T20:07:59.995000Z,100.0,100.0,60.0,,traffic,1,Traffic,timeofday:America/Anchorage:day7-19:night1-5,AM,2.0-20.0,838.866560580427,3605.1878717042696,824.6399713492083,3010.141052185991,0.966369018863436,1.9112293949673167,-0.1876181432987778,,,2.49,372.60784775197345,8.078576633173043
2064,,AM,RF528,00,EHZ,61.21621621621622,-149.80600087454445,2026-09-07T20:09:59.995000Z,2026-09-07T20:10:59.995000Z,100.0,100.0,60.0,,traffic,1,Traffic,timeofday:America/Anchorage:day7-19:night1-5,AM,2.0-20.0,835.3746722211979,3269.806320633404,821.654079182442,3278.310215042169,0.9674208072112396,1.747817378252209,-0.16490357254446586,,,2.49,372.60784775197345,8.798285475791635
2065,,AM,RF528,00,EHZ,61.21621621621622,-149.80600087454445,2026-09-07T20:10:59.995000Z,2026-09-07T20:11:59.995000Z,100.0,100.0,60.0,,traffic,1,Traffic,timeofday:America/Anchorage:day7-19:night1-5,AM,2.0-20.0,806.7625171596081,3556.1956323934105,776.0912237634566,3381.603666981772,0.9254098547776612,1.6189249257098823,-0.05016958684257933,,,2.49,372.60784775197345,9.075503072154127
2066,,AM,RF528,00,EHZ,61.21621621621622,-149.80600087454445,2026-09-07T20:16:59.995000Z,2026-09-07T20:17:59.995000Z,100.0,100.0,60.0,,traffic,1,Traffic,timeofday:America/Anchorage:day7-19:night1-5,AM,2.0-20.0,933.6799420609614,4778.205043058436,911.9954393892651,5025.63477660031,0.9540898483436179,2.48565871967205,0.18210609144327083,,,2.49,372.60784775197345,13.487731959809997
2067,,AM,RF528,00,EHZ,61.21621621621622,-149.80600087454445,2026-09-07T20:19:59.995000Z,2026-09-07T20:20:59.995000Z,100.0,100.0,60.0,,traffic,1,Traffic,timeofday:America/Anchorage:day7-19:night1-5,AM,2.0-20.0,972.8776030204643,3240.7896152020944,946.6126118669404,3373.9887830365055,0.9467344089441913,1.7088270489582602,-0.22908580006309798,,,2.49,372.60784775197345,9.05506634761596
2068,,AM,RF528,00,EHZ,61.21621621621622,-149.80600087454445,2026-09-07T20:31:59.995000Z,2026-09-07T20:32:59.995000Z,100.0,100.0,60.0,,traffic,1,Traffic,timeofday:America/Anchorage:day7-19:night1-5,AM,2.0-20.0,993.7874805910707,3750.230210648437,961.4864603392774,3673.5684150796765,0.9360505505994362,2.0463367337885523,-0.05849712160132414,,,2.49,372.60784775197345,9.859074190850077
2069,,AM,RF528,00,EHZ,61.21621621621622,-149.80600087454445,2026-09-07T20:32:59.995000Z,2026-09-07T20:33:59.995000Z,100.0,100.0,60.0,,traffic,1,Traffic,timeofday:America/Anchorage:day7-19:night1-5,AM,2.0-20.0,975.388279553343,3280.2320246452514,952.9280603404601,3395.9042146794363,0.9544763362815352,2.0333602596633087,-0.22745844357642264,,,2.49,372.60784775197345,9.113882692400836
2070,,AM,RF528,00,EHZ,61.21621621621622,-149.80600087454445,2026-09-07T20:35:59.995000Z,2026-09-07T20:36:59.995000Z,100.0,100.0,60.0,,traffic,1,Traffic,timeofday:America/Anchorage:day7-19:night1-5,AM,2.0-20.0,835.0681770565766,2862.237495073649,817.061523525972,2679.2988777252585,0.9573387791814404,1.8233769722208621,-0.21857578147864265,,,2.49,372.60784775197345,7.190666793225286
2071,,AM,RF528,00,EHZ,61.21621621621622,-149.80600087454445,2026-09-07T20:37:59.995000Z,2026-09-07T20:38:59.995000Z,100.0,100.0,60.0,,traffic,1,Traffic,timeofday:America/Anchorage:day7-19:night1-5,AM,2.0-20.0,995.1849224780295,4324.241244574902,981.7826686275953,4383.399825799898,0.9732471648028298,1.971742207967592,-0.22747458171608326,,,2.49,372.60784775197345,11.76411031663968
2072,,AM,RF528,00,EHZ,61.21621621621622,-149.80600087454445,2026-09-07T20:40:59.995000Z,2026-09-07T20:41:59.995000Z,100.0,100.0,60.0,,traffic,1,Traffic,timeofday:America/Anchorage:day7-19:night1-5,AM,2.0-20.0,964.9600788317493,3537.2457733910164,944.6365354521924,3440.70320926736,0.9583205123610957,1.9842976688838547,-0.020929331951007324,,,2.49,372.60784775197345,9.234113639918998
2073,,AM,RF528,00,EHZ,61.21621621621622,-149.80600087454445,2026-09-07T20:42:59.995000Z,2026-09-07T20:43:59.995000Z,100.0,100.0,60.0,,traffic,1,Traffic,timeofday:America/Anchorage:day7-19:night1-5,AM,2.0-20.0,984.1499783664227,3668.7497454767104,969.8925554606953,3568.3780477299397,0.9712357887139297,1.6267510293183687,-0.11889348442606984,,,2.49,372.60784775197345,9.576765678068144
2074,,AM,RF528,00,EHZ,61.21621621621622,-149.80600087454445,2026-09-07T20:44:59.995000Z,2026-09-07T20:45:59.995000Z,100.0,100.0,60.0,,traffic,1,Traffic,timeofday:America/Anchorage:day7-19:night1-5,AM,2.0-20.0,872.9668541926831,2929.253486109063,857.3212111933792,2963.6171075317834,0.9644764532549679,1.697135499652912,-0.3414075142110522,,,2.49,372.60784775197345,7.9537162875445295
2075,,AM,RF528,00,EHZ,61.21621621621622,-149.80600087454445,2026-09-07T20:47:59.995000Z,2026-09-07T20:48:59.995000Z,100.0,100.0,60.0,,traffic,1,Traffic,timeofday:America/Anchorage:day7-19:night1-5,AM,2.0-20.0,900.4732842677907,3187.742258826043,884.22679367132,3061.285100039144,0.9642411831234291,1.637704097182815,-0.25416771914340064,,,2.49,372.60784775197345,8.215836350491708
2076,,AM,RF528,00,EHZ,61.21621621621622,-149.80600087454445,2026-09-07T20:48:59.995000Z,2026-09-07T20:49:59.995000Z,100.0,100.0,60.0,,traffic,1,Traffic,timeofday:America/Anchorage:day7-19:night1-5,AM,2.0-20.0,966.2498822550355,3470.2600064437706,947.2211382384704,3703.4501788778016,0.9610010328739919,1.676883167722992,-0.18122659828955578,,,2.49,372.60784775197345,9.939270472217764
2077,,AM,RF528,00,EHZ,61.21621621621622,-149.80600087454445,2026-09-07T20:49:59.995000Z,2026-09-07T20:50:59.995000Z,100.0,100.0,60.0,,traffic,1,Traffic,timeofday:America/Anchorage:day7-19:night1-5,AM,2.0-20.0,941.0941965868066,3305.738477152559,921.7598809778656,3549.383495420724,0.959333064225973,1.7683967848704936,-0.10337298924448612,,,2.49,372.60784775197345,9.525788350500262
2078,,AM,RF528,00,EHZ,61.21621621621622,-149.80600087454445,2026-09-07T21:01:59.995000Z,2026-09-07T21:02:59.995000Z,100.0,100.0,60.0,,traffic,1,Traffic,timeofday:America/Anchorage:day7-19:night1-5,AM,2.0-20.0,888.5008169270927,3338.7168059947358,874.8191993989037,3056.1831121519913,0.9694400302497495,1.8122877046392027,-0.12554373820859732,,,2.49,372.60784775197345,8.202143703066449
2079,,AM,RF528,00,EHZ,61.21621621621622,-149.80600087454445,2026-09-07T21:02:59.995000Z,2026-09-07T21:03:59.995000Z,100.0,100.0,60.0,,traffic,1,Traffic,timeofday:America/Anchorage:day7-19:night1-5,AM,2.0-20.0,874.8305358727847,3084.714990561662,856.7257815608442,2831.7776501693097,0.9590379777091305,1.958187082704633,-0.1929192075489361,,,2.49,372.60784775197345,7.59988730042606
2080,,AM,RF528,00,EHZ,61.21621621621622,-149.80600087454445,2026-09-07T21:09:59.995000Z,2026-09-07T21:10:59.995000Z,100.0,100.0,60.0,,traffic,1,Traffic,timeofday:America/Anchorage:day7-19:night1-5,AM,2.0-20.0,901.2575314778126,3147.7032379305215,882.878804767205,3254.0604025341363,0.9596312181793085,1.8888424865027542,-0.224420958427495,,,2.49,372.60784775197345,8.733204150601258
2081,,AM,RF528,00,EHZ,61.21621621621622,-149.80600087454445,2026-09-07T21:11:59.995000Z,2026-09-07T21:12:59.995000Z,100.0,100.0,60.0,,traffic,1,Traffic,timeofday:America/Anchorage:day7-19:night1-5,AM,2.0-20.0,1053.5201713058152,3800.7006403100636,1030.86586055731,3748.6717914035667,0.9574555124407651,2.010379627870439,-0.13094588799225715,,,2.49,372.60784775197345,10.060635636152439
2082,,AM,RF528,00,EHZ,61.21621621621622,-149.80600087454445,2026-09-07T21:20:59.995000Z,2026-09-07T21:21:59.995000Z,100.0,100.0,60.0,,traffic,1,Traffic,timeofday:America/Anchorage:day7-19:night1-5,AM,2.0-20.0,1001.7036766324385,3229.6838831733835,983.9958551699216,3200.585702746176,0.9649570924904858,1.628370962877024,-0.2504089870636861,,,2.49,372.60784775197345,8.58968946053076
2083,,AM,RF528,00,EHZ,61.21621621621622,-149.80600087454445,2026-09-07T21:21:59.995000Z,2026-09-07T21:22:59.995000Z,100.0,100.0,60.0,,traffic,1,Traffic,timeofday:America/Anchorage:day7-19:night1-5,AM,2.0-20.0,956.5847097976877,3397.3178400517777,933.8532124051538,3126.4557884930205,0.9530383231140601,1.7026462634263126,-0.20155055349989537,,,2.49,372.60784775197345,8.390740579823072
2084,,AM,RF528,00,EHZ,61.21621621621622,-149.80600087454445,2026-09-07T21:23:59.995000Z,2026-09-07T21:24:59.995000Z,100.0,100.0,60.0,,traffic,1,Traffic,timeofday:America/Anchorage:day7-19:night1-5,AM,2.0-20.0,972.4346568668858,3938.6797145713604,956.1724777785979,3628.9906046354736,0.9668333466447461,1.9359423148528299,-0.10286328249701526,,,2.49,372.60784775197345,9.739436854403326
2085,,AM,RF528,00,EHZ,61.21621621621622,-149.80600087454445,2026-09-07T21:27:59.995000Z,2026-09-07T21:28:59.995000Z,100.0,100.0,60.0,,traffic,1,Traffic,timeofday:America/Anchorage:day7-19:night1-5,AM,2.0-20.0,944.9612552940295,3290.3277068730863,930.3391386597534,3011.638108630892,0.9692918902421207,1.9756590492182293,-0.2267342271452697,,,2.49,372.60784775197345,8.082594413404813
2086,,AM,RF528,00,EHZ,61.21621621621622,-149.80600087454445,2026-09-07T21:29:59.995000Z,2026-09-07T21:30:59.995000Z,100.0,100.0,60.0,,traffic,1,Traffic,timeofday:America/Anchorage:day7-19:night1-5,AM,2.0-20.0,924.8560115649049,3667.6690477530406,910.6093123935041,3320.423449851907,0.969428820821959,1.701450727620479,-0.20615367363404946,,,2.49,372.60784775197345,8.911308416837608
2087,,AM,RF528,00,EHZ,61.21621621621622,-149.80600087454445,2026-09-07T21:32:59.995000Z,2026-09-07T21:33:59.995000Z,100.0,100.0,60.0,,traffic,1,Traffic,timeofday:America/Anchorage:day7-19:night1-5,AM,2.0-20.0,915.2190718976485,3114.33616903178,899.0049905706712,3122.895643698233,0.9648817273277053,1.8130479977788048,-0.27628084673667264,,,2.49,372.60784775197345,8.381185910440054
2088,,AM,RF528,00,EHZ,61.21621621621622,-149.80600087454445,2026-09-07T21:33:59.995000Z,2026-09-07T21:34:59.995000Z,100.0,100.0,60.0,,traffic,1,Traffic,timeofday:America/Anchorage:day7-19:night1-5,AM,2.0-20.0,980.6753441755787,3593.338475953144,964.218361602322,4002.5121207460356,0.9667190613170995,2.330499811288252,-0.18666794172282541,,,2.49,372.60784775197345,10.74188894542637
2089,,AM,RF528,00,EHZ,61.21621621621622,-149.80600087454445,2026-09-07T21:34:59.995000Z,2026-09-07T21:35:59.995000Z,100.0,100.0,60.0,,traffic,1,Traffic,timeofday:America/Anchorage:day7-19:night1-5,AM,2.0-20.0,983.066405759339,3479.6599240528335,969.7391826641219,3625.332009449001,0.9730702100143802,1.7536406789607146,-0.24076892404788497,,,2.49,372.60784775197345,9.729617965164826
2090,,AM,RF528,00,EHZ,61.21621621621622,-149.80600087454445,2026-09-07T21:37:59.995000Z,2026-09-07T21:38:59.995000Z,100.0,100.0,60.0,,traffic,1,Traffic,timeofday:America/Anchorage:day7-19:night1-5,AM,2.0-20.0,844.369068450898,3131.344739771754,826.6598104075911,2926.1018223474143,0.9584931581244143,1.759840783440828,-0.24323831960316644,,,2.49,372.60784775197345,7.853033262721764
2091,,AM,RF528,00,EHZ,61.21621621621622,-149.80600087454445,2026-09-07T21:38:59.995000Z,2026-09-07T21:39:59.995000Z,100.0,100.0,60.0,,traffic,1,Traffic,timeofday:America/Anchorage:day7-19:night1-5,AM,2.0-20.0,1009.14816833388,3312.34594996472,993.7373830269827,3234.5729619154336,0.9696910402317066,2.10159832373973,-0.30779464008002044,,,2.49,372.60784775197345,8.68090401592542
2092,,AM,RF528,00,EHZ,61.21621621621622,-149.80600087454445,2026-09-07T21:40:59.995000Z,2026-09-07T21:41:59.995000Z,100.0,100.0,60.0,,traffic,1,Traffic,timeofday:America/Anchorage:day7-19:night1-5,AM,2.0-20.0,974.6054651221318,3326.649443948357,959.5309355902439,3176.1713307343143,0.9693046082330955,1.9123658793524114,-0.14144798355730437,,,2.49,372.60784775197345,8.524166492726513
2093,,AM,RF528,00,EHZ,61.21621621621622,-149.80600087454445,2026-09-07T21:47:59.995000Z,2026-09-07T21:48:59.995000Z,100.0,100.0,60.0,,traffic,1,Traffic,timeofday:America/Anchorage:day7-19:night1-5,AM,2.0-20.0,845.4668023183226,3130.36263729915,831.4376097009566,3054.4975488989166,0.9670884856045587,1.7458444227382746,-0.2603638097549501,,,2.49,372.60784775197345,8.197620010763016
2094,,AM,RF528,00,EHZ,61.21621621621622,-149.80600087454445,2026-09-07T21:48:59.995000Z,2026-09-07T21:49:59.995000Z,100.0,100.0,60.0,,traffic,1,Traffic,timeofday:America/Anchorage:day7-19:night1-5,AM,2.0-20.0,857.3530074536388,3081.6363064749944,839.7073968238693,2927.8962455911515,0.9592605988119959,1.6437970640137822,-0.11608459139458649,,,2.49,372.60784775197345,7.857849112024357
2095,,AM,RF528,00,EHZ,61.21621621621622,-149.80600087454445,2026-09-07T21:50:59.995000Z,2026-09-07T21:51:59.995000Z,100.0,100.0,60.0,,traffic,1,Traffic,timeofday:America/Anchorage:day7-19:night1-5,AM,2.0-20.0,906.5155343579266,2850.6330665589117,891.7113459535943,2945.499736642023,0.9676049550150607,1.9223546187928084,-0.2996851659126887,,,2.49,372.60784775197345,7.905093127836363
2096,,AM,RF528,00,EHZ,61.21621621621622,-149.80600087454445,2026-09-07T21:57:59.995000Z,2026-09-07T21:58:59.995000Z,100.0,100.0,60.0,,traffic,1,Traffic,timeofday:America/Anchorage:day7-19:night1-5,AM,2.0-20.0,1022.0524502282775,3933.3793740409333,1007.0587104430398,3646.1113413098133,0.970874764771581,2.4541504298918606,-0.11298967488497436,,,2.49,372.60784775197345,9.785385260422235
2097,,AM,RF528,00,EHZ,61.21621621621622,-149.80600087454445,2026-09-07T22:02:59.995000Z,2026-09-07T22:03:59.995000Z,100.0,100.0,60.0,,traffic,1,Traffic,timeofday:America/Anchorage:day7-19:night1-5,AM,2.0-20.0,935.2905446169605,4186.387055161252,920.5184257608287,4322.011480640077,0.9686611558037717,2.8148375968400035,0.014521686485908347,,,2.49,372.60784775197345,11.599357090076712
2098,,AM,RF528,00,EHZ,61.21621621621622,-149.80600087454445,2026-09-07T22:05:59.995000Z,2026-09-07T22:06:59.995000Z,100.0,100.0,60.0,,traffic,1,Traffic,timeofday:America/Anchorage:day7-19:night1-5,AM,2.0-20.0,962.1937024318217,3834.606234630422,947.0220203162953,3638.9146902663833,0.9687130148133105,1.8207762875762263,-0.1830215986008401,,,2.49,372.60784775197345,9.766070983799107
2099,,AM,RF528,00,EHZ,61.21621621621622,-149.80600087454445,2026-09-07T22:07:59.995000Z,2026-09-07T22:08:59.995000Z,100.0,100.0,60.0,,traffic,1,Traffic,timeofday:America/Anchorage:day7-19:night1-5,AM,2.0-20.0,913.6116523840191,3665.395912866043,893.1825648775125,3215.7048517353796,0.9557784052270898,1.666257297149745,-0.19667138204981605,,,2.49,372.60784775197345,8.630266032066814
2100,,AM,RF528,00,EHZ,61.21621621621622,-149.80600087454445,2026-09-07T22:08:59.995000Z,2026-09-07T22:09:59.995000Z,100.0,100.0,60.0,,traffic,1,Traffic,timeofday:America/Anchorage:day7-19:night1-5,AM,2.0-20.0,911.4793998766439,4497.3988523164635,895.354432450733,4112.505087070074,0.9649310030304973,2.7716454967590503,0.22936800903710575,,,2.49,372.60784775197345,11.03708660963997
2101,,AM,RF528,00,EHZ,61.21621621621622,-149.80600087454445,2026-09-07T22:10:59.995000Z,2026-09-07T22:11:59.995000Z,100.0,100.0,60.0,,traffic,1,Traffic,timeofday:America/Anchorage:day7-19:night1-5,AM,2.0-20.0,930.191041551995,3567.597613334084,916.734340419246,3436.838604521523,0.9712760837635762,2.052825183426776,-0.044880861316441756,,,2.49,372.60784775197345,9.223741864957326
2102,,AM,RF528,00,EHZ,61.21621621621622,-149.80600087454445,2026-09-07T22:12:59.995000Z,2026-09-07T22:13:59.995000Z,100.0,100.0,60.0,,traffic,1,Traffic,timeofday:America/Anchorage:day7-19:night1-5,AM,2.0-20.0,936.3959608843528,3450.4058184663813,915.425704447373,3134.7233543021057,0.9557122273819806,1.835778764201796,-0.2862703393621744,,,2.49,372.60784775197345,8.412928963291014
2103,,AM,RF528,00,EHZ,61.21621621621622,-149.80600087454445,2026-09-07T22:14:59.995000Z,2026-09-07T22:15:59.995000Z,100.0,100.0,60.0,,traffic,1,Traffic,timeofday:America/Anchorage:day7-19:night1-5,AM,2.0-20.0,890.0941587058926,3285.40774966204,874.3339599533462,3265.0616262836857,0.9649010795899705,1.7620324278004782,-0.12421578007522216,,,2.49,372.60784775197345,8.762729088994055
2104,,AM,RF528,00,EHZ,61.21621621621622,-149.80600087454445,2026-09-07T22:16:59.995000Z,2026-09-07T22:17:59.995000Z,100.0,100.0,60.0,,traffic,1,Traffic,timeofday:America/Anchorage:day7-19:night1-5,AM,2.0-20.0,964.6952032190578,3799.4115675292855,949.4476068680924,3684.073166909291,0.9686385968993579,2.0862695272006504,-0.2357981812520813,,,2.49,372.60784775197345,9.887266704488725
2105,,AM,RF528,00,EHZ,61.21621621621622,-149.80600087454445,2026-09-07T22:19:59.995000Z,2026-09-07T22:20:59.995000Z,100.0,100.0,60.0,,traffic,1,Traffic,timeofday:America/Anchorage:day7-19:night1-5,AM,2.0-20.0,909.8665344312469,4147.417314581425,895.0629496798023,4309.870832027966,0.9677245912969282,3.2399345097795793,0.06283093464373435,,,2.49,372.60784775197345,11.566774178349654
2106,,AM,RF528,00,EHZ,61.21621621621622,-149.80600087454445,2026-09-07T22:24:59.995000Z,2026-09-07T22:25:59.995000Z,100.0,100.0,60.0,,traffic,1,Traffic,timeofday:America/Anchorage:day7-19:night1-5,AM,2.0-20.0,861.9120137542311,3076.425161446187,846.3875075917949,3140.9781673165653,0.9643010087034964,1.899696941750058,-0.23252743337210235,,,2.49,372.60784775197345,8.429715547503333
2107,,AM,RF528,00,EHZ,61.21621621621622,-149.80600087454445,2026-09-07T22:27:59.995000Z,2026-09-07T22:28:59.995000Z,100.0,100.0,60.0,,traffic,1,Traffic,timeofday:America/Anchorage:day7-19:night1-5,AM,2.0-20.0,971.8334226510922,3345.430539379417,954.3564449707158,3291.7035295028254,0.9643563833866758,1.8600802019901306,-0.3422745989199587,,,2.49,372.60784775197345,8.83423027550925
2108,,AM,RF528,00,EHZ,61.21621621621622,-149.80600087454445,2026-09-07T22:33:59.995000Z,2026-09-07T22:34:59.995000Z,100.0,100.0,60.0,,traffic,1,Traffic,timeofday:America/Anchorage:day7-19:night1-5,AM,2.0-20.0,903.719725130545,3727.440822716226,890.5420305576253,3613.013122957098,0.9710493902833325,1.7594295781513907,-0.12271216671790386,,,2.49,372.60784775197345,9.696556700979905
2109,,AM,RF528,00,EHZ,61.21621621621622,-149.80600087454445,2026-09-07T22:35:59.995000Z,2026-09-07T22:36:59.995000Z,100.0,100.0,60.0,,traffic,1,Traffic,timeofday:America/Anchorage:day7-19:night1-5,AM,2.0-20.0,891.1537498515108,3218.4439445717094,876.6351471027963,3250.421766125568,0.9676815929527404,1.830716570957539,-0.24132296818764276,,,2.49,372.60784775197345,8.72343882646619
2110,,AM,RF528,00,EHZ,61.21621621621622,-149.80600087454445,2026-09-07T22:39:59.995000Z,2026-09-07T22:40:59.995000Z,100.0,100.0,60.0,,traffic,1,Traffic,timeofday:America/Anchorage:day7-19:night1-5,AM,2.0-20.0,949.994307229358,3155.5488904999397,936.28734187318,3294.758376267962,0.9713512386837825,2.118767754640974,-0.17731122653689768,,,2.49,372.60784775197345,8.842428832741922
2111,,AM,RF528,00,EHZ,61.21621621621622,-149.80600087454445,2026-09-07T22:40:59.995000Z,2026-09-07T22:41:59.995000Z,100.0,100.0,60.0,,traffic,1,Traffic,timeofday:America/Anchorage:day7-19:night1-5,AM,2.0-20.0,940.6530329624088,4112.453115668507,927.005319029004,4127.136816208589,0.9711929739860458,2.6558236135216253,-0.005813001298890619,,,2.49,372.60784775197345,11.076355050245263
2112,,AM,RF528,00,EHZ,61.21621621621622,-149.80600087454445,2026-09-07T22:46:59.995000Z,2026-09-07T22:47:59.995000Z,100.0,100.0,60.0,,traffic,1,Traffic,timeofday:America/Anchorage:day7-19:night1-5,AM,2.0-20.0,938.582707885495,3255.4640895592897,923.1066803105364,3314.3153095208204,0.9672944376613329,1.8494354139461473,-0.2694025498581878,,,2.49,372.60784775197345,8.894915470827645
2113,,AM,RF528,00,EHZ,61.21621621621622,-149.80600087454445,2026-09-07T22:48:59.995000Z,2026-09-07T22:49:59.995000Z,100.0,100.0,60.0,,traffic,1,Traffic,timeofday:America/Anchorage:day7-19:night1-5,AM,2.0-20.0,943.023371135376,3850.4676213234748,927.6929566616834,3869.1786297728404,0.9677509503211653,1.9595317722701087,-0.03548029885871484,,,2.49,372.60784775197345,10.384050290718408
2114,,AM,RF528,00,EHZ,61.21621621621622,-149.80600087454445,2026-09-07T22:50:59.995000Z,2026-09-07T22:51:59.995000Z,100.0,100.0,60.0,,traffic,1,Traffic,timeofday:America/Anchorage:day7-19:night1-5,AM,2.0-20.0,975.033482939143,4271.4709612032775,961.6052736528719,4091.214316031598,0.9726455705596881,1.9349887711579479,-0.09430348848830494,,,2.49,372.60784775197345,10.979946720700624
2115,,AM,RF528,00,EHZ,61.21621621621622,-149.80600087454445,2026-09-07T22:51:59.995000Z,2026-09-07T22:52:59.995000Z,100.0,100.0,60.0,,traffic,1,Traffic,timeofday:America/Anchorage:day7-19:night1-5,AM,2.0-20.0,949.9381216435239,3541.4715658688824,933.1845851372473,3643.9214476783636,0.9650381437050674,1.8004205169651901,-0.20409652572936388,,,2.49,372.60784775197345,9.779508052938116
2116,,AM,RF528,00,EHZ,61.21621621621622,-149.80600087454445,2026-09-07T22:54:59.995000Z,2026-09-07T22:55:59.995000Z,100.0,100.0,60.0,,traffic,1,Traffic,timeofday:America/Anchorage:day7-19:night1-5,AM,2.0-20.0,951.8406809465495,3555.4767323845904,919.2743056143182,3447.643692349046,0.9327423983677448,2.130782933325297,-0.12771020262976984,,,2.49,372.60784775197345,9.252740416363885
2117,,AM,RF528,00,EHZ,61.21621621621622,-149.80600087454445,2026-09-07T22:55:59.995000Z,2026-09-07T22:56:59.995000Z,100.0,100.0,60.0,,traffic,1,Traffic,timeofday:America/Anchorage:day7-19:night1-5,AM,2.0-20.0,1004.5580313658373,3418.5201922947613,990.9822014161332,3481.7681692004103,0.9731541711414596,2.057858748513898,-0.20711101938823173,,,2.49,372.60784775197345,9.344323234753903
2118,,AM,RF528,00,EHZ,61.21621621621622,-149.80600087454445,2026-09-07T22:58:59.995000Z,2026-09-07T22:59:59.995000Z,100.0,100.0,60.0,,traffic,1,Traffic,timeofday:America/Anchorage:day7-19:night1-5,AM,2.0-20.0,989.5454186304449,3824.484644168319,975.6037641180417,3807.076329127406,0.9720206013285406,1.6578693051128388,-0.2521371848484484,,,2.49,372.60784775197345,10.217380959892148
2119,,AM,RF528,00,EHZ,61.21621621621622,-149.80600087454445,2026-09-07T23:00:59.995000Z,2026-09-07T23:01:59.995000Z,100.0,100.0,60.0,,traffic,1,Traffic,timeofday:America/Anchorage:day7-19:night1-5,AM,2.0-20.0,973.2112470007042,4032.512332503656,955.5637774592767,3367.6373342022857,0.9640623415986903,1.789372263378908,-0.10067298157876703,,,2.49,372.60784775197345,9.038020413472221
2120,,AM,RF528,00,EHZ,61.21621621621622,-149.80600087454445,2026-09-07T23:03:59.995000Z,2026-09-07T23:04:59.995000Z,100.0,100.0,60.0,,traffic,1,Traffic,timeofday:America/Anchorage:day7-19:night1-5,AM,2.0-20.0,898.2878595909638,3138.506261431184,874.4573378958362,3015.461319936471,0.9476461279741215,2.1618360982586586,-0.16198199527699764,,,2.49,372.60784775197345,8.092855097200513
2121,,AM,RF528,00,EHZ,61.21621621621622,-149.80600087454445,2026-09-07T23:04:59.995000Z,2026-09-07T23:05:59.995000Z,100.0,100.0,60.0,,traffic,1,Traffic,timeofday:America/Anchorage:day7-19:night1-5,AM,2.0-20.0,932.9207723328068,3309.5060925269677,915.3122351559434,3226.240690802329,0.9626069858108375,1.7861623416934678,-0.24562912801638737,,,2.49,372.60784775197345,8.65854197722072
2122,,AM,RF528,00,EHZ,61.21621621621622,-149.80600087454445,2026-09-07T23:05:59.995000Z,2026-09-07T23:06:59.995000Z,100.0,100.0,60.0,,traffic,1,Traffic,timeofday:America/Anchorage:day7-19:night1-5,AM,2.0-20.0,966.309219301018,4406.503633362007,931.6627236232179,4715.150309972569,0.9295766214503217,2.613227751855278,0.18009906958634936,,,2.49,372.60784775197345,12.65445786614567
2123,,AM,RF528,00,EHZ,61.21621621621622,-149.80600087454445,2026-09-07T23:06:59.995000Z,2026-09-07T23:07:59.995000Z,100.0,100.0,60.0,,traffic,1,Traffic,timeofday:America/Anchorage:day7-19:night1-5,AM,2.0-20.0,905.1150254841218,3179.502281841023,891.8891866157619,2965.7305186870926,0.9709888614334278,1.8108002302237092,-0.3113721843823005,,,2.49,372.60784775197345,7.959388232373549
2124,,AM,RF528,00,EHZ,61.21621621621622,-149.80600087454445,2026-09-07T23:14:59.995000Z,2026-09-07T23:15:59.995000Z,100.0,100.0,60.0,,traffic,1,Traffic,timeofday:America/Anchorage:day7-19:night1-5,AM,2.0-20.0,991.0562649772753,4408.511455127408,979.9452333452681,4523.632468887812,0.9777030882023253,3.3324509720910545,-0.006183189705940784,,,2.49,372.60784775197345,12.140464824291543
2125,,AM,RF528,00,EHZ,61.21621621621622,-149.80600087454445,2026-09-07T23:15:59.995000Z,2026-09-07T23:16:59.995000Z,100.0,100.0,60.0,,traffic,1,Traffic,timeofday:America/Anchorage:day7-19:night1-5,AM,2.0-20.0,912.1355920577522,3201.5136006131092,898.5538068891501,3474.4570713231406,0.9704415259011537,1.9665497945418369,-0.2322884615249392,,,2.49,372.60784775197345,9.324701807235993
2126,,AM,RF528,00,EHZ,61.21621621621622,-149.80600087454445,2026-09-07T23:17:59.995000Z,2026-09-07T23:18:59.995000Z,100.0,100.0,60.0,,traffic,1,Traffic,timeofday:America/Anchorage:day7-19:night1-5,AM,2.0-20.0,953.3288573460861,3223.5167615348732,939.5702955594178,3156.452671622361,0.971344035092041,1.9081218567787175,-0.1957875591927709,,,2.49,372.60784775197345,8.471245816925077
2127,,AM,RF528,00,EHZ,61.21621621621622,-149.80600087454445,2026-09-07T23:24:59.995000Z,2026-09-07T23:25:59.995000Z,100.0,100.0,60.0,,traffic,1,Traffic,timeofday:America/Anchorage:day7-19:night1-5,AM,2.0-20.0,890.4121278560689,3324.52862763058,876.7490635597529,3291.765167789834,0.9695461542171986,1.9164804337311871,-0.13324502415123796,,,2.49,372.60784775197345,8.834395699526432
2128,,AM,RF528,00,EHZ,61.21621621621622,-149.80600087454445,2026-09-07T23:29:59.995000Z,2026-09-07T23:30:59.995000Z,100.0,100.0,60.0,,traffic,1,Traffic,timeofday:America/Anchorage:day7-19:night1-5,AM,2.0-20.0,1046.9395910214175,3813.462231434088,1022.284245751644,3597.8558841011186,0.9534547556422796,1.8813562888400883,-0.19523298749160123,,,2.49,372.60784775197345,9.655877904364571
2129,,AM,RF528,00,EHZ,61.21621621621622,-149.80600087454445,2026-09-07T23:36:59.995000Z,2026-09-07T23:37:59.995000Z,100.0,100.0,60.0,,traffic,1,Traffic,timeofday:America/Anchorage:day7-19:night1-5,AM,2.0-20.0,1003.7485869867016,3586.4505371151185,989.2575769447647,3239.4565309317977,0.9713346396612001,1.910311825576609,-0.23896938987048566,,,2.49,372.60784775197345,8.694010473682088
2130,,AM,RF528,00,EHZ,61.21621621621622,-149.80600087454445,2026-09-07T23:38:59.995000Z,2026-09-07T23:39:59.995000Z,100.0,100.0,60.0,,traffic,1,Traffic,timeofday:America/Anchorage:day7-19:night1-5,AM,2.0-20.0,958.9327039662692,3295.554011234139,939.496336746265,3151.1518800646436,0.9598733222746069,1.8264243885423834,-0.3030300857114283,,,2.49,372.60784775197345,8.457019622845435
2131,,AM,RF528,00,EHZ,61.21621621621622,-149.80600087454445,2026-09-07T23:44:59.995000Z,2026-09-07T23:45:59.995000Z,100.0,100.0,60.0,,traffic,1,Traffic,timeofday:America/Anchorage:day7-19:night1-5,AM,2.0-20.0,950.6757078937219,3244.562992170068,934.2978419100942,3136.724898345371,0.9658415795368143,1.8467272527188965,-0.2628953207217539,,,2.49,372.60784775197345,8.418300680648393
2132,,AM,RF528,00,EHZ,61.21621621621622,-149.80600087454445,2026-09-07T23:45:59.995000Z,2026-09-07T23:46:59.995000Z,100.0,100.0,60.0,,traffic,1,Traffic,timeofday:America/Anchorage:day7-19:night1-5,AM,2.0-20.0,1009.2898308255593,3759.564703330642,993.6225770330353,3820.923808266008,0.9691948703795112,1.9746037003815184,-0.042301155814608915,,,2.49,372.60784775197345,10.254544640748971
2133,,AM,RF528,00,EHZ,61.21621621621622,-149.80600087454445,2026-09-07T23:46:59.995000Z,2026-09-07T23:47:59.995000Z,100.0,100.0,60.0,,traffic,1,Traffic,timeofday:America/Anchorage:day7-19:night1-5,AM,2.0-20.0,987.3785390091274,3667.5678478790383,972.579914526889,3644.776622309827,0.9702490492819302,2.261472624779703,-0.18175944011607204,,,2.49,372.60784775197345,9.781803159272087
2134,,AM,RF528,00,EHZ,61.21621621621622,-149.80600087454445,2026-09-07T23:49:59.995000Z,2026-09-07T23:50:59.995000Z,100.0,100.0,60.0,,traffic,1,Traffic,timeofday:America/Anchorage:day7-19:night1-5,AM,2.0-20.0,947.5875778585216,4196.5718613649415,930.6623395925527,3527.370637774158,0.9645962347864521,1.9198827978126336,-0.06296151947999062,,,2.49,372.60784775197345,9.466710535098963
2135,,AM,RF528,00,EHZ,61.21621621621622,-149.80600087454445,2026-09-07T23:51:59.995000Z,2026-09-07T23:52:59.995000Z,100.0,100.0,60.0,,traffic,1,Traffic,timeofday:America/Anchorage:day7-19:night1-5,AM,2.0-20.0,992.3998575358166,3863.424712292382,966.1985643094984,3533.3950953800368,0.9478931594169963,1.7848720602703443,-0.08655468163703306,,,2.49,372.60784775197345,9.482878894520876
2136,,AM,RF528,00,EHZ,61.21621621621622,-149.80600087454445,2026-09-07T23:53:59.995000Z,2026-09-07T23:54:59.995000Z,100.0,100.0,60.0,,traffic,1,Traffic,timeofday:America/Anchorage:day7-19:night1-5,AM,2.0-20.0,978.395326394704,3343.5799222324954,957.7438720855347,3375.8494478156,0.9582305766671154,1.7329594379530655,-0.25122200368118763,,,2.49,372.60784775197345,9.060059975072601
2137,,AM,RF528,00,EHZ,61.21621621621622,-149.80600087454445,2026-09-07T23:57:59.995000Z,2026-09-07T23:58:59.995000Z,100.0,100.0,60.0,,traffic,1,Traffic,timeofday:America/Anchorage:day7-19:night1-5,AM,2.0-20.0,893.2683902409657,3231.5852717277708,876.9952738023702,3668.095459300964,0.9638968783187742,1.6599580900592414,-0.14828708155739356,,,2.49,372.60784775197345,9.844385944717496
2138,,AM,RF528,00,EHZ,61.21621621621622,-149.80600087454445,2026-09-08T00:03:59.995000Z,2026-09-08T00:04:59.995000Z,100.0,100.0,60.0,,traffic,1,Traffic,timeofday:America/Anchorage:day7-19:night1-5,AM,2.0-20.0,913.863833951773,4926.5964711114275,899.1328759393263,4572.5120041097725,0.9680209891334162,2.277390102972315,-0.05628707400854216,,,2.49,372.60784775197345,12.271647072644232
2139,,AM,RF528,00,EHZ,61.21621621621622,-149.80600087454445,2026-09-08T00:05:59.995000Z,2026-09-08T00:06:59.995000Z,100.0,100.0,60.0,,traffic,1,Traffic,timeofday:America/Anchorage:day7-19:night1-5,AM,2.0-20.0,924.5912815609717,3423.599370059305,900.0893354715737,2920.524980536836,0.9477016664251748,2.034146522861808,-0.2835099033277313,,,2.49,372.60784775197345,7.8380662086346735
2140,,AM,RF528,00,EHZ,61.21621621621622,-149.80600087454445,2026-09-08T00:07:59.995000Z,2026-09-08T00:08:59.995000Z,100.0,100.0,60.0,,traffic,1,Traffic,timeofday:America/Anchorage:day7-19:night1-5,AM,2.0-20.0,1002.0845142362379,3699.6038672776926,987.4422872134647,3695.977140496168,0.9709899666148376,1.9647159637215392,-0.11358619377190227,,,2.49,372.60784775197345,9.919214430922015
2141,,AM,RF528,00,EHZ,61.21621621621622,-149.80600087454445,2026-09-08T00:08:59.995000Z,2026-09-08T00:09:59.995000Z,100.0,100.0,60.0,,traffic,1,Traffic,timeofday:America/Anchorage:day7-19:night1-5,AM,2.0-20.0,1045.3752018123039,3822.6045141693508,1031.0178195462715,3871.2498631589265,0.972720246799308,2.0487653863035113,-0.1246074697820636,,,2.49,372.60784775197345,10.38960903940978
2142,,AM,RF528,00,EHZ,61.21621621621622,-149.80600087454445,2026-09-08T00:13:59.995000Z,2026-09-08T00:14:59.995000Z,100.0,100.0,60.0,,traffic,1,Traffic,timeofday:America/Anchorage:day7-19:night1-5,AM,2.0-20.0,1060.7438058517102,3442.386691608564,1049.003650310514,3756.320123464796,0.9779867931835992,1.6893595475410008,-0.3185161478194485,,,2.49,372.60784775197345,10.081162128300614
2143,,AM,RF528,00,EHZ,61.21621621621622,-149.80600087454445,2026-09-08T00:14:59.995000Z,2026-09-08T00:15:59.995000Z,100.0,100.0,60.0,,traffic,1,Traffic,timeofday:America/Anchorage:day7-19:night1-5,AM,2.0-20.0,1038.2026412466641,3791.384972979438,1025.0803562147955,3794.896819758488,0.9748809038983135,1.9161110867319886,-0.18220929902502547,,,2.49,372.60784775197345,10.184693754181373
2144,,AM,RF528,00,EHZ,61.21621621621622,-149.80600087454445,2026-09-08T00:20:59.995000Z,2026-09-08T00:21:59.995000Z,100.0,100.0,60.0,,traffic,1,Traffic,timeofday:America/Anchorage:day7-19:night1-5,AM,2.0-20.0,988.2204130885666,3858.3751435008976,976.2476383780007,3458.5854158993047,0.9759158047420701,1.9639229156172266,-0.16852440517085698,,,2.49,372.60784775197345,9.28210566891096
2145,,AM,RF528,00,EHZ,61.21621621621622,-149.80600087454445,2026-09-08T00:24:59.995000Z,2026-09-08T00:25:59.995000Z,100.0,100.0,60.0,,traffic,1,Traffic,timeofday:America/Anchorage:day7-19:night1-5,AM,2.0-20.0,985.6253384980263,3429.3671676599565,968.0471922643584,3662.0192821750616,0.9646490471999692,2.0165709684076374,-0.25138477080506494,,,2.49,372.60784775197345,9.828078781133687
2146,,AM,RF528,00,EHZ,61.21621621621622,-149.80600087454445,2026-09-08T00:27:59.995000Z,2026-09-08T00:28:59.995000Z,100.0,100.0,60.0,,traffic,1,Traffic,timeofday:America/Anchorage:day7-19:night1-5,AM,2.0-20.0,954.8956964965212,3338.6380241339343,938.7611826571481,3399.310259096368,0.9664922472921762,2.0699819361990017,-0.3011878897097824,,,2.49,372.60784775197345,9.123023789233555
2147,,AM,RF528,00,EHZ,61.21621621621622,-149.80600087454445,2026-09-08T00:33:59.995000Z,2026-09-08T00:34:59.995000Z,100.0,100.0,60.0,,traffic,1,Traffic,timeofday:America/Anchorage:day7-19:night1-5,AM,2.0-20.0,1055.8223422128249,3844.3511522081167,1043.8012928772914,4034.180126158679,0.977358659464186,2.0524149483999357,-0.28369194833069145,,,2.49,372.60784775197345,10.826879118348662
2148,,AM,RF528,00,EHZ,61.21621621621622,-149.80600087454445,2026-09-08T00:34:59.995000Z,2026-09-08T00:35:59.995000Z,100.0,100.0,60.0,,traffic,1,Traffic,timeofday:America/Anchorage:day7-19:night1-5,AM,2.0-20.0,967.6768686536524,3372.3498173477524,953.094789582037,3216.789830622408,0.9700887565101243,1.8720765801842272,-0.30334500837272316,,,2.49,372.60784775197345,8.63317788401404
2149,,AM,RF528,00,EHZ,61.21621621621622,-149.80600087454445,2026-09-08T00:37:59.995000Z,2026-09-08T00:38:59.995000Z,100.0,100.0,60.0,,traffic,1,Traffic,timeofday:America/Anchorage:day7-19:night1-5,AM,2.0-20.0,1061.9403424384477,4041.3443828258637,1047.918104727543,3666.015600781988,0.9737656441722592,1.8527834422340055,-0.34996230339106393,,,2.49,372.60784775197345,9.838804048008866
2150,,AM,RF528,00,EHZ,61.21621621621622,-149.80600087454445,2026-09-08T00:39:59.995000Z,2026-09-08T00:40:59.995000Z,100.0,100.0,60.0,,traffic,1,Traffic,timeofday:America/Anchorage:day7-19:night1-5,AM,2.0-20.0,1026.0529944474492,3556.65852675034,1013.2114950043509,3474.6308106737156,0.9751257663354871,1.85214061603478,-0.2849789915914669,,,2.49,372.60784775197345,9.325168086600808
2151,,AM,RF528,00,EHZ,61.21621621621622,-149.80600087454445,2026-09-08T00:40:59.995000Z,2026-09-08T00:41:59.995000Z,100.0,100.0,60.0,,traffic,1,Traffic,timeofday:America/Anchorage:day7-19:night1-5,AM,2.0-20.0,1018.2133606799918,4017.3394081945385,1007.744294140097,3908.5751934467125,0.9795421146179688,2.059955464390083,-0.3079239953457811,,,2.49,372.60784775197345,10.489782265800416
2152,,AM,RF528,00,EHZ,61.21621621621622,-149.80600087454445,2026-09-08T00:48:59.995000Z,2026-09-08T00:49:59.995000Z,100.0,100.0,60.0,,traffic,1,Traffic,timeofday:America/Anchorage:day7-19:night1-5,AM,2.0-20.0,991.9769044176825,3626.3253440460007,979.9532004102944,3822.7669275043936,0.975905014346117,2.306265486684244,-0.22053917111760057,,,2.49,372.60784775197345,10.25949117971616
2153,,AM,RF528,00,EHZ,61.21621621621622,-149.80600087454445,2026-09-08T00:55:59.995000Z,2026-09-08T00:56:59.995000Z,100.0,100.0,60.0,,traffic,1,Traffic,timeofday:America/Anchorage:day7-19:night1-5,AM,2.0-20.0,995.9826760042181,3357.6866906666714,984.9654443900841,3182.6579406549863,0.9779990206892317,1.8769488840400013,-0.3386157430628294,,,2.49,372.60784775197345,8.541575170401467
2154,,AM,RF528,00,EHZ,61.21621621621622,-149.80600087454445,2026-09-08T00:58:59.995000Z,2026-09-08T00:59:59.995000Z,100.0,100.0,60.0,,traffic,1,Traffic,timeofday:America/Anchorage:day7-19:night1-5,AM,2.0-20.0,986.7775308489355,3401.308176426113,973.0001295019904,3589.239233516786,0.9722709105417123,1.9055538807313666,-0.2871994428506337,,,2.49,372.60784775197345,9.632752651806637
2155,,AM,RF528,00,EHZ,61.21621621621622,-149.80600087454445,2026-09-08T01:00:59.995000Z,2026-09-08T01:01:59.995000Z,100.0,100.0,60.0,,traffic,1,Traffic,timeofday:America/Anchorage:day7-19:night1-5,AM,2.0-20.0,1004.7301717875824,3377.695386648548,992.8447463748425,3197.007804287704,0.9764809963851008,1.9705073499808408,-0.2804111608308335,,,2.49,372.60784775197345,8.580087144100608
2156,,AM,RF528,00,EHZ,61.21621621621622,-149.80600087454445,2026-09-08T01:01:59.995000Z,2026-09-08T01:02:59.995000Z,100.0,100.0,60.0,,traffic,1,Traffic,timeofday:America/Anchorage:day7-19:night1-5,AM,2.0-20.0,972.4881786138607,3945.697051274287,960.4831601754769,3600.2038018200515,0.9754631061370271,1.8236120585089186,-0.2955399360455395,,,2.49,372.60784775197345,9.662179214798847
2157,,AM,RF528,00,EHZ,61.21621621621622,-149.80600087454445,2026-09-08T01:05:59.995000Z,2026-09-08T01:06:59.995000Z,100.0,100.0,60.0,,traffic,1,Traffic,timeofday:America/Anchorage:day7-19:night1-5,AM,2.0-20.0,1006.659269514498,3565.702973550188,995.1108002718089,3348.6470544513168,0.9771874612477481,2.0950250686500387,-0.23193870415006357,,,2.49,372.60784775197345,8.987054552539497
2158,,AM,RF528,00,EHZ,61.21621621621622,-149.80600087454445,2026-09-08T01:07:59.995000Z,2026-09-08T01:08:59.995000Z,100.0,100.0,60.0,,traffic,1,Traffic,timeofday:America/Anchorage:day7-19:night1-5,AM,2.0-20.0,938.9805018019316,3093.292953215479,926.9466796271333,3208.3339572041605,0.9745325693282185,1.9333897022973772,-0.33773220971146545,,,2.49,372.60784775197345,8.610484123082102
2159,,AM,RF528,00,EHZ,61.21621621621622,-149.80600087454445,2026-09-08T01:09:59.995000Z,2026-09-08T01:10:59.995000Z,100.0,100.0,60.0,,traffic,1,Traffic,timeofday:America/Anchorage:day7-19:night1-5,AM,2.0-20.0,1016.5996765979532,4267.710002608309,1002.8728838205665,4069.196384214921,0.9731770154354746,2.0736496920503713,-0.27534064108132883,,,2.49,372.60784775197345,10.920855287308878
2160,,AM,RF528,00,EHZ,61.21621621621622,-149.80600087454445,2026-09-08T01:10:59.995000Z,2026-09-08T01:11:59.995000Z,100.0,100.0,60.0,,traffic,1,Traffic,timeofday:America/Anchorage:day7-19:night1-5,AM,2.0-20.0,996.9891886055939,3703.7126407313085,977.4195335352372,3445.4210178061758,0.9611277808753607,1.9805863870049918,-0.28784923051446576,,,2.49,372.60784775197345,9.24677523190446
2161,,AM,RF528,00,EHZ,61.21621621621622,-149.80600087454445,2026-09-08T01:12:59.995000Z,2026-09-08T01:13:59.995000Z,100.0,100.0,60.0,,traffic,1,Traffic,timeofday:America/Anchorage:day7-19:night1-5,AM,2.0-20.0,1050.664978498573,3406.2846639825307,1038.583458909116,3544.0544106176053,0.9771343718861899,1.8526969086126652,-0.26215642406728623,,,2.49,372.60784775197345,9.511486223383857
2162,,AM,RF528,00,EHZ,61.21621621621622,-149.80600087454445,2026-09-08T01:14:59.995000Z,2026-09-08T01:15:59.995000Z,100.0,100.0,60.0,,traffic,1,Traffic,timeofday:America/Anchorage:day7-19:night1-5,AM,2.0-20.0,1020.4868657231324,4006.2816196851068,1007.4877717733237,3601.6445030126642,0.9746860007473906,2.109826881629301,-0.15389094626257238,,,2.49,372.60784775197345,9.666045749551953
2163,,AM,RF528,00,EHZ,61.21621621621622,-149.80600087454445,2026-09-08T01:18:59.995000Z,2026-09-08T01:19:59.995000Z,100.0,100.0,60.0,,traffic,1,Traffic,timeofday:America/Anchorage:day7-19:night1-5,AM,2.0-20.0,997.8804554285325,3191.274201113179,986.3787100945725,3183.5509405502007,0.9770805015697608,1.7738776199208084,-0.40103948290319513,,,2.49,372.60784775197345,8.543971791676627
2164,,AM,RF528,00,EHZ,61.21621621621622,-149.80600087454445,2026-09-08T01:21:59.995000Z,2026-09-08T01:22:59.995000Z,100.0,100.0,60.0,,traffic,1,Traffic,timeofday:America/Anchorage:day7-19:night1-5,AM,2.0-20.0,1041.9042768193863,3428.2693094977,1030.65601078878,3497.9273368758068,0.9785248052917522,1.7623497204702534,-0.27971985966550417,,,2.49,372.60784775197345,9.387690994646476
2165,,AM,RF528,00,EHZ,61.21621621621622,-149.80600087454445,2026-09-08T01:22:59.995000Z,2026-09-08T01:23:59.995000Z,100.0,100.0,60.0,,traffic,1,Traffic,timeofday:America/Anchorage:day7-19:night1-5,AM,2.0-20.0,960.7338785138082,3796.266908644909,949.7845280038417,3548.9282802407815,0.9773361663613092,1.9546520638637777,-0.2756583805074868,,,2.49,372.60784775197345,9.524566650037729
2166,,AM,RF528,00,EHZ,61.21621621621622,-149.80600087454445,2026-09-08T01:24:59.995000Z,2026-09-08T01:25:59.995000Z,100.0,100.0,60.0,,traffic,1,Traffic,timeofday:America/Anchorage:day7-19:night1-5,AM,2.0-20.0,944.2118488695043,3095.73583087807,932.4902573473511,2998.363600261842,0.975325802755846,1.8755191657533155,-0.3549552608673494,,,2.49,372.60784775197345,8.046968463900159
2167,,AM,RF528,00,EHZ,61.21621621621622,-149.80600087454445,2026-09-08T01:27:59.995000Z,2026-09-08T01:28:59.995000Z,100.0,100.0,60.0,,traffic,1,Traffic,timeofday:America/Anchorage:day7-19:night1-5,AM,2.0-20.0,991.9942229194434,4063.2591784044885,979.5438051873839,4008.071752564815,0.9750557301881081,1.8719719160102768,-0.2098283757274766,,,2.49,372.60784775197345,10.756809811565724
2168,,AM,RF528,00,EHZ,61.21621621621622,-149.80600087454445,2026-09-08T01:32:59.995000Z,2026-09-08T01:33:59.995000Z,100.0,100.0,60.0,,traffic,1,Traffic,timeofday:America/Anchorage:day7-19:night1-5,AM,2.0-20.0,964.3486685873213,3452.2510793324104,953.2406983251235,3178.90037916097,0.9770954295839547,1.8333914173493522,-0.31472554897792904,,,2.49,372.60784775197345,8.531490676699343
2169,,AM,RF528,00,EHZ,61.21621621621622,-149.80600087454445,2026-09-08T01:35:59.995000Z,2026-09-08T01:36:59.995000Z,100.0,100.0,60.0,,traffic,1,Traffic,timeofday:America/Anchorage:day7-19:night1-5,AM,2.0-20.0,997.7120524862522,3043.2453601437223,985.7727357672079,2893.8027549561075,0.9762098100282387,2.0597269207916717,-0.3811704184861253,,,2.49,372.60784775197345,7.766349454030738
2170,,AM,RF528,00,EHZ,61.21621621621622,-149.80600087454445,2026-09-08T01:37:59.995000Z,2026-09-08T01:38:59.995000Z,100.0,100.0,60.0,,traffic,1,Traffic,timeofday:America/Anchorage:day7-19:night1-5,AM,2.0-20.0,991.8305704787495,3681.2416830299894,978.4302464405118,3728.4336895241368,0.9731611415016824,1.9593392347156935,-0.18345435079759254,,,2.49,372.60784775197345,10.006320886740877
2171,,AM,RF528,00,EHZ,61.21621621621622,-149.80600087454445,2026-09-08T01:39:59.995000Z,2026-09-08T01:40:59.995000Z,100.0,100.0,60.0,,traffic,1,Traffic,timeofday:America/Anchorage:day7-19:night1-5,AM,2.0-20.0,958.1451417846948,3094.2386565421943,940.7609188981974,3089.7290447923806,0.9640419478128028,1.7786829645813442,-0.39044713631280636,,,2.49,372.60784775197345,8.292173832176127
2172,,AM,RF528,00,EHZ,61.21621621621622,-149.80600087454445,2026-09-08T01:50:59.995000Z,2026-09-08T01:51:59.995000Z,100.0,100.0,60.0,,traffic,1,Traffic,timeofday:America/Anchorage:day7-19:night1-5,AM,2.0-20.0,1062.7360984657976,3903.781117315714,1048.7587366979897,3494.006261032106,0.9738684985493,2.1274742743762634,-0.2682775195413538,,,2.49,372.60784775197345,9.377167663301318
2173,,AM,RF528,00,EHZ,61.21621621621622,-149.80600087454445,2026-09-08T01:53:59.995000Z,2026-09-08T01:54:59.995000Z,100.0,100.0,60.0,,traffic,1,Traffic,timeofday:America/Anchorage:day7-19:night1-5,AM,2.0-20.0,955.1685502989554,3326.213864390645,943.4709936457459,3450.2212442789933,0.975656800958738,1.9267919358408667,-0.20862440185837094,,,2.49,372.60784775197345,9.259658016048107
2174,,AM,RF528,00,EHZ,61.21621621621622,-149.80600087454445,2026-09-08T01:54:59.995000Z,2026-09-08T01:55:59.995000Z,100.0,100.0,60.0,,traffic,1,Traffic,timeofday:America/Anchorage:day7-19:night1-5,AM,2.0-20.0,903.351374103657,2905.7871033615743,890.9307438740304,2962.34782184102,0.9726900476336147,1.8263466940479471,-0.29077196655572113,,,2.49,372.60784775197345,7.95030979544185
2175,,AM,RF528,00,EHZ,61.21621621621622,-149.80600087454445,2026-09-08T01:57:59.995000Z,2026-09-08T01:58:59.995000Z,100.0,100.0,60.0,,traffic,1,Traffic,timeofday:America/Anchorage:day7-19:night1-5,AM,2.0-20.0,1085.8073851255538,4299.206787935932,1074.25503328148,4217.995925144485,0.9788343735959952,2.0796882827501912,-0.2090862167920431,,,2.49,372.60784775197345,11.320201521767721
2176,,AM,RF528,00,EHZ,61.21621621621622,-149.80600087454445,2026-09-08T02:07:59.995000Z,2026-09-08T02:08:59.995000Z,100.0,100.0,60.0,,traffic,1,Traffic,timeofday:America/Anchorage:day7-19:night1-5,AM,2.0-20.0,649.3967037245964,2859.8102458244925,627.5688215568975,3038.612419067302,0.9339046946068094,3.688779375879273,0.48606166201360734,,,2.49,372.60784775197345,8.154987710001095
2177,,AM,RF528,00,EHZ,61.21621621621622,-149.80600087454445,2026-09-08T02:08:59.995000Z,2026-09-08T02:09:59.995000Z,100.0,100.0,60.0,,traffic,1,Traffic,timeofday:America/Anchorage:day7-19:night1-5,AM,2.0-20.0,631.5807769928019,3109.188672958722,612.9083183397897,2969.2676756874444,0.9417447868618458,2.2920553912869717,0.13165917724662757,,,2.49,372.60784775197345,7.9688812074187405
2178,,AM,RF528,00,EHZ,61.21621621621622,-149.80600087454445,2026-09-08T02:15:59.995000Z,2026-09-08T02:16:59.995000Z,100.0,100.0,60.0,,traffic,1,Traffic,timeofday:America/Anchorage:day7-19:night1-5,AM,2.0-20.0,599.9728181764285,2554.176498067039,582.7713734589134,2312.37594853173,0.943481243541505,1.765593762084054,0.05168517792909766,,,2.49,372.60784775197345,6.205923902254908
2179,,AM,RF528,00,EHZ,61.21621621621622,-149.80600087454445,2026-09-08T02:16:59.995000Z,2026-09-08T02:17:59.995000Z,100.0,100.0,60.0,,traffic,1,Traffic,timeofday:America/Anchorage:day7-19:night1-5,AM,2.0-20.0,580.6557214583869,3112.824798876051,566.0696717627017,2761.786497031757,0.9503910883647335,2.1038940848885175,0.33539633461140506,,,2.49,372.60784775197345,7.412045971909161
2180,,AM,RF528,00,EHZ,61.21621621621622,-149.80600087454445,2026-09-08T02:20:59.995000Z,2026-09-08T02:21:59.995000Z,100.0,100.0,60.0,,traffic,1,Traffic,timeofday:America/Anchorage:day7-19:night1-5,AM,2.0-20.0,520.2956533053684,2420.1670753374287,507.3757374499838,2298.2093353521786,0.9509528749043877,2.22663404414907,0.2728515458433094,,,2.49,372.60784775197345,6.167903733691574
2181,,AM,RF528,00,EHZ,61.21621621621622,-149.80600087454445,2026-09-08T02:24:59.995000Z,2026-09-08T02:25:59.995000Z,100.0,100.0,60.0,,traffic,1,Traffic,timeofday:America/Anchorage:day7-19:night1-5,AM,2.0-20.0,575.9910933874974,2658.1609591663814,565.050978638752,2389.2092257100185,0.9623736579496079,2.8094971835735096,0.24132383082129039,,,2.49,372.60784775197345,6.412128032527099
2182,,AM,RF528,00,EHZ,61.21621621621622,-149.80600087454445,2026-09-08T02:28:59.995000Z,2026-09-08T02:29:59.995000Z,100.0,100.0,60.0,,traffic,1,Traffic,timeofday:America/Anchorage:day7-19:night1-5,AM,2.0-20.0,538.6140559986792,2099.154010251586,526.191534696986,2087.5238256672333,0.9544042139472139,1.9148012714028435,0.09292222868162492,,,2.49,372.60784775197345,5.602468757063845
2183,,AM,RF528,00,EHZ,61.21621621621622,-149.80600087454445,2026-09-08T02:29:59.995000Z,2026-09-08T02:30:59.995000Z,100.0,100.0,60.0,,traffic,1,Traffic,timeofday:America/Anchorage:day7-19:night1-5,AM,2.0-20.0,527.1555756786262,1778.8485603671766,514.9220929839373,1970.692914284768,0.9541253681033717,1.7369473941944091,-0.08967969679581245,,,2.49,372.60784775197345,5.288919506592251
2184,,AM,RF528,00,EHZ,61.21621621621622,-149.80600087454445,2026-09-08T02:30:59.995000Z,2026-09-08T02:31:59.995000Z,100.0,100.0,60.0,,traffic,1,Traffic,timeofday:America/Anchorage:day7-19:night1-5,AM,2.0-20.0,602.8549897493984,2515.1507203536435,591.6047455329144,2561.8500839885155,0.9630250372790603,2.624143643640118,0.3594534116702661,,,2.49,372.60784775197345,6.875459278286087
2185,,AM,RF528,00,EHZ,61.21621621621622,-149.80600087454445,2026-09-08T02:33:59.995000Z,2026-09-08T02:34:59.995000Z,100.0,100.0,60.0,,traffic,1,Traffic,timeofday:America/Anchorage:day7-19:night1-5,AM,2.0-20.0,487.2567526750073,2272.1458666554386,473.35159390915237,2033.7297790823918,0.9437391130271369,2.0958210283338867,0.19464080017960406,,,2.49,372.60784775197345,5.458097008295287
2186,,AM,RF528,00,EHZ,61.21621621621622,-149.80600087454445,2026-09-08T02:35:59.995000Z,2026-09-08T02:36:59.995000Z,100.0,100.0,60.0,,traffic,1,Traffic,timeofday:America/Anchorage:day7-19:night1-5,AM,2.0-20.0,494.7198417896661,2043.8579279443898,479.86289360433165,1820.2408878624592,0.9408397958027601,2.480632477174391,0.06873266006212564,,,2.49,372.60784775197345,4.8851383534844475
2187,,AM,RF528,00,EHZ,61.21621621621622,-149.80600087454445,2026-09-08T02:38:59.995000Z,2026-09-08T02:39:59.995000Z,100.0,100.0,60.0,,traffic,1,Traffic,timeofday:America/Anchorage:day7-19:night1-5,AM,2.0-20.0,545.2079146893736,2122.1371689500497,530.3501706535326,2409.6589014628184,0.9462396066107712,2.301127840413816,0.22093685844876543,,,2.49,372.60784775197345,6.467010601093965
2188,,AM,RF528,00,EHZ,61.21621621621622,-149.80600087454445,2026-09-08T02:39:59.995000Z,2026-09-08T02:40:59.995000Z,100.0,100.0,60.0,,traffic,1,Traffic,timeofday:America/Anchorage:day7-19:night1-5,AM,2.0-20.0,511.5332124858292,2183.865911541136,498.0944549209868,2076.3604187853944,0.9481471430841099,2.490888805416587,0.06350594013612909,,,2.49,372.60784775197345,5.572508553731602
2189,,AM,RF528,00,EHZ,61.21621621621622,-149.80600087454445,2026-09-08T02:40:59.995000Z,2026-09-08T02:41:59.995000Z,100.0,100.0,60.0,,traffic,1,Traffic,timeofday:America/Anchorage:day7-19:night1-5,AM,2.0-20.0,540.4750284702471,1968.8662953098997,520.9384986614481,2021.0367032095137,0.9290126806710819,2.030092828231383,0.029672974984674028,,,2.49,372.60784775197345,5.424031499612476
2190,,AM,RF528,00,EHZ,61.21621621621622,-149.80600087454445,2026-09-08T02:41:59.995000Z,2026-09-08T02:42:59.995000Z,100.0,100.0,60.0,,traffic,1,Traffic,timeofday:America/Anchorage:day7-19:night1-5,AM,2.0-20.0,510.7490382678637,1864.1309697631527,491.97711058138714,1977.5128492043214,0.9278433938830198,1.7671147804169987,-0.01693623102217101,,,2.49,372.60784775197345,5.307222757478403
2191,,AM,RF528,00,EHZ,61.21621621621622,-149.80600087454445,2026-09-08T02:43:59.995000Z,2026-09-08T02:44:59.995000Z,100.0,100.0,60.0,,traffic,1,Traffic,timeofday:America/Anchorage:day7-19:night1-5,AM,2.0-20.0,596.3074297582878,2350.1274928641137,548.1499581677938,2431.0405831830185,0.845003153208956,1.6394286311121955,0.05532285833395134,,,2.49,372.60784775197345,6.524394474915197
2192,,AM,RF528,00,EHZ,61.21621621621622,-149.80600087454445,2026-09-08T02:44:59.995000Z,2026-09-08T02:45:59.995000Z,100.0,100.0,60.0,,traffic,1,Traffic,timeofday:America/Anchorage:day7-19:night1-5,AM,2.0-20.0,599.4470729227077,2434.1253959240125,542.616403279691,1909.05111541211,0.819377716534419,1.921529451215656,-0.09831458845341157,,,2.49,372.60784775197345,5.123486064316258
2193,,AM,RF528,00,EHZ,61.21621621621622,-149.80600087454445,2026-09-08T02:47:59.995000Z,2026-09-08T02:48:59.995000Z,100.0,100.0,60.0,,traffic,1,Traffic,timeofday:America/Anchorage:day7-19:night1-5,AM,2.0-20.0,551.9239062332227,2271.120790124341,524.1872586553731,2063.7941073378606,0.9020165573355484,1.629229495970569,-0.11783033649643482,,,2.49,372.60784775197345,5.538783253732288
2194,,AM,RF528,00,EHZ,61.21621621621622,-149.80600087454445,2026-09-08T02:52:59.995000Z,2026-09-08T02:53:59.995000Z,100.0,100.0,60.0,,traffic,1,Traffic,timeofday:America/Anchorage:day7-19:night1-5,AM,2.0-20.0,465.43433277980535,1997.888290488056,451.75941793803577,2095.434851733573,0.9421012902479144,2.3070617808255727,0.1048072405804703,,,2.49,372.60784775197345,5.623700263898897
2195,,AM,RF528,00,EHZ,61.21621621621622,-149.80600087454445,2026-09-08T02:53:59.995000Z,2026-09-08T02:54:59.995000Z,100.0,100.0,60.0,,traffic,1,Traffic,timeofday:America/Anchorage:day7-19:night1-5,AM,2.0-20.0,514.2332571250004,3477.8889175593217,501.21341677955456,3338.621345845416,0.9500031711401501,5.439196173068245,1.9627711842829774,,,2.49,372.60784775197345,8.960147688751231
2196,,AM,RF528,00,EHZ,61.21621621621622,-149.80600087454445,2026-09-08T02:57:59.995000Z,2026-09-08T02:58:59.995000Z,100.0,100.0,60.0,,traffic,1,Traffic,timeofday:America/Anchorage:day7-19:night1-5,AM,2.0-20.0,500.7734244781695,3291.8966742269336,484.9399169251238,2993.812970271668,0.9377634913278725,3.3189360794270426,0.7083956507937055,,,2.49,372.60784775197345,8.0347555434863
2197,,AM,RF528,00,EHZ,61.21621621621622,-149.80600087454445,2026-09-08T02:59:59.995000Z,2026-09-08T03:00:59.995000Z,100.0,100.0,60.0,,traffic,1,Traffic,timeofday:America/Anchorage:day7-19:night1-5,AM,2.0-20.0,557.4394172603222,3092.1002495906628,519.8801609601422,2537.4583840092323,0.8697834494199863,2.667118796472458,0.2350627857843821,,,2.49,372.60784775197345,6.809997157382183
