window_id,event_id,network,station,location,channel,latitude,longitude,start_time,end_time,sampling_rate,native_sampling_rate,window_len_sec,p_offset_sec,window_type,label,label_name,label_method,source,bandpass_hz,rms,peak,rms_band,peak_band,band_ratio,stalta_band_max,kurtosis_band,reviewed,review_label,day_night_ratio,night_rms_ref,burst_ratio
0,,AM,R1796,00,EHZ,61.1981981981982,-149.91291617029023,2026-09-13T09:00:59.996000Z,2026-09-13T09:01:59.996000Z,100.0,100.0,60.0,,noise,0,Noise,timeofday:America/Anchorage:day7-19:night1-5,AM,2.0-20.0,285.4699898990269,2345.6060696273084,260.3116923483379,2134.6149040512105,0.8315079999421584,4.74654488948771,4.236525451114682,,,2.6,286.6914073743851,7.445688462032123
1,,AM,R1796,00,EHZ,61.1981981981982,-149.91291617029023,2026-09-13T09:01:59.996000Z,2026-09-13T09:02:59.996000Z,100.0,100.0,60.0,,noise,0,Noise,timeofday:America/Anchorage:day7-19:night1-5,AM,2.0-20.0,267.8428765064204,1400.393296435818,239.88979980738884,1319.823930079403,0.8021643612246511,2.6534002062378192,1.2669798430755135,,,2.6,286.6914073743851,4.6036396492200025
2,,AM,R1796,00,EHZ,61.1981981981982,-149.91291617029023,2026-09-13T09:02:59.996000Z,2026-09-13T09:03:59.996000Z,100.0,100.0,60.0,,noise,0,Noise,timeofday:America/Anchorage:day7-19:night1-5,AM,2.0-20.0,275.51735454256965,1716.392971830989,251.37626372563614,1547.6358356093606,0.832435541009303,3.499274726229227,1.2077060022709647,,,2.6,286.6914073743851,5.398263763058413
3,,AM,R1796,00,EHZ,61.1981981981982,-149.91291617029023,2026-09-13T09:03:59.996000Z,2026-09-13T09:04:59.996000Z,100.0,100.0,60.0,,noise,0,Noise,timeofday:America/Anchorage:day7-19:night1-5,AM,2.0-20.0,339.55807045842823,2383.607606364097,309.31848919376966,2307.64086815026,0.8298195197985971,4.825023026190363,3.578873899557136,,,2.6,286.6914073743851,8.04921531930238
4,,AM,R1796,00,EHZ,61.1981981981982,-149.91291617029023,2026-09-13T09:04:59.996000Z,2026-09-13T09:05:59.996000Z,100.0,100.0,60.0,,noise,0,Noise,timeofday:America/Anchorage:day7-19:night1-5,AM,2.0-20.0,369.11937232378733,2431.3917998579277,344.2451666975077,2383.9710929524,0.8697651962889198,4.346012560793834,2.6228391333547654,,,2.6,286.6914073743851,8.315460567114993
5,,AM,R1796,00,EHZ,61.1981981981982,-149.91291617029023,2026-09-13T09:05:59.996000Z,2026-09-13T09:06:59.996000Z,100.0,100.0,60.0,,noise,0,Noise,timeofday:America/Anchorage:day7-19:night1-5,AM,2.0-20.0,360.9100161898185,2498.608299996627,334.42377190558557,2634.4235315033648,0.8586109281319,5.051592772692702,4.7961718145996,,,2.6,286.6914073743851,9.18905646887114
6,,AM,R1796,00,EHZ,61.1981981981982,-149.91291617029023,2026-09-13T09:06:59.996000Z,2026-09-13T09:07:59.996000Z,100.0,100.0,60.0,,noise,0,Noise,timeofday:America/Anchorage:day7-19:night1-5,AM,2.0-20.0,506.8032241962379,4845.60886276387,485.93446249549805,4694.711000018332,0.9193410710741142,6.632380048431194,11.670286338900153,,,2.6,286.6914073743851,16.375485554359827
7,,AM,R1796,00,EHZ,61.1981981981982,-149.91291617029023,2026-09-13T09:07:59.996000Z,2026-09-13T09:08:59.996000Z,100.0,100.0,60.0,,noise,0,Noise,timeofday:America/Anchorage:day7-19:night1-5,AM,2.0-20.0,312.95511771407297,2595.6096079517442,284.824013238648,2503.1798513030553,0.8283027192235679,7.375621834937776,10.180646601975408,,,2.6,286.6914073743851,8.731269186711963
8,,AM,R1796,00,EHZ,61.1981981981982,-149.91291617029023,2026-09-13T09:08:59.996000Z,2026-09-13T09:09:59.996000Z,100.0,100.0,60.0,,noise,0,Noise,timeofday:America/Anchorage:day7-19:night1-5,AM,2.0-20.0,400.87132927452177,2848.6098208404105,373.31096545730003,2800.9553602126016,0.8672244256089658,3.5675615471348197,2.9186397596656333,,,2.6,286.6914073743851,9.769931320455953
9,,AM,R1796,00,EHZ,61.1981981981982,-149.91291617029023,2026-09-13T09:09:59.996000Z,2026-09-13T09:10:59.996000Z,100.0,100.0,60.0,,noise,0,Noise,timeofday:America/Anchorage:day7-19:night1-5,AM,2.0-20.0,467.50299392353986,5685.610379963894,446.7651609484223,5420.177764711747,0.913250261892403,6.429601495020549,20.047899167130318,,,2.6,286.6914073743851,18.90596517820862
10,,AM,R1796,00,EHZ,61.1981981981982,-149.91291617029023,2026-09-13T09:10:59.996000Z,2026-09-13T09:11:59.996000Z,100.0,100.0,60.0,,noise,0,Noise,timeofday:America/Anchorage:day7-19:night1-5,AM,2.0-20.0,448.39285902312565,2968.389219377456,424.25255343351813,2992.57982222637,0.8952236661399731,6.070407706118198,5.131816541688194,,,2.6,286.6914073743851,10.438331059983303
11,,AM,R1796,00,EHZ,61.1981981981982,-149.91291617029023,2026-09-13T09:11:59.996000Z,2026-09-13T09:12:59.996000Z,100.0,100.0,60.0,,noise,0,Noise,timeofday:America/Anchorage:day7-19:night1-5,AM,2.0-20.0,410.46878586043425,4556.388484888289,386.26821687703836,4469.537504511493,0.8855593565772206,6.8922986526107834,20.52995418421343,,,2.6,286.6914073743851,15.590064402156306
12,,AM,R1796,00,EHZ,61.1981981981982,-149.91291617029023,2026-09-13T09:12:59.996000Z,2026-09-13T09:13:59.996000Z,100.0,100.0,60.0,,noise,0,Noise,timeofday:America/Anchorage:day7-19:night1-5,AM,2.0-20.0,426.9069179741804,3136.611554727922,391.51279397724784,3078.7602641489457,0.841057198370185,5.45379045489069,6.583864352660655,,,2.6,286.6914073743851,10.738934565026739
13,,AM,R1796,00,EHZ,61.1981981981982,-149.91291617029023,2026-09-13T09:13:59.996000Z,2026-09-13T09:14:59.996000Z,100.0,100.0,60.0,,noise,0,Noise,timeofday:America/Anchorage:day7-19:night1-5,AM,2.0-20.0,356.9531898135248,2924.6120512872544,334.6105893804988,2495.8921305381573,0.8787327795652877,4.5895324600366845,4.974763777431441,,,2.6,286.6914073743851,8.705849098849402
14,,AM,R1796,00,EHZ,61.1981981981982,-149.91291617029023,2026-09-13T09:14:59.996000Z,2026-09-13T09:15:59.996000Z,100.0,100.0,60.0,,noise,0,Noise,timeofday:America/Anchorage:day7-19:night1-5,AM,2.0-20.0,408.8416737753219,2528.612846092295,384.91715019395997,2347.9277953532833,0.8863886947653099,3.8485205162558636,3.556642519582941,,,2.6,286.6914073743851,8.18973898400508
15,,AM,R1796,00,EHZ,61.1981981981982,-149.91291617029023,2026-09-13T09:15:59.996000Z,2026-09-13T09:16:59.996000Z,100.0,100.0,60.0,,noise,0,Noise,timeofday:America/Anchorage:day7-19:night1-5,AM,2.0-20.0,322.50056341273023,2128.386761854534,286.36960232205826,1551.4957718446544,0.788483986277825,4.469852611399921,1.993301792614317,,,2.6,286.6914073743851,5.4117274949178515
16,,AM,R1796,00,EHZ,61.1981981981982,-149.91291617029023,2026-09-13T09:16:59.996000Z,2026-09-13T09:17:59.996000Z,100.0,100.0,60.0,,noise,0,Noise,timeofday:America/Anchorage:day7-19:night1-5,AM,2.0-20.0,348.9210040673925,3502.6135406551507,327.124700668007,3502.6384003915473,0.878966755539599,5.937809254013113,10.608201856849789,,,2.6,286.6914073743851,12.217451623227463
17,,AM,R1796,00,EHZ,61.1981981981982,-149.91291617029023,2026-09-13T09:17:59.996000Z,2026-09-13T09:18:59.996000Z,100.0,100.0,60.0,,noise,0,Noise,timeofday:America/Anchorage:day7-19:night1-5,AM,2.0-20.0,427.93065964342054,3468.3857583472713,402.85722101301184,3723.4996046343263,0.8862484706366529,4.511331036646283,9.872518934776211,,,2.6,286.6914073743851,12.987831197088777
18,,AM,R1796,00,EHZ,61.1981981981982,-149.91291617029023,2026-09-13T09:18:59.996000Z,2026-09-13T09:19:59.996000Z,100.0,100.0,60.0,,noise,0,Noise,timeofday:America/Anchorage:day7-19:night1-5,AM,2.0-20.0,334.30861913772037,2590.3852872167377,312.1381323879024,2763.8824537793444,0.8717631510077777,5.88065894909948,7.37903082405624,,,2.6,286.6914073743851,9.64061838857291
19,,AM,R1796,00,EHZ,61.1981981981982,-149.91291617029023,2026-09-13T09:19:59.996000Z,2026-09-13T09:20:59.996000Z,100.0,100.0,60.0,,noise,0,Noise,timeofday:America/Anchorage:day7-19:night1-5,AM,2.0-20.0,297.4486444157296,2071.385092701927,274.5315640354848,1963.8737524830747,0.851845003814473,6.036831745287582,5.627922638819014,,,2.6,286.6914073743851,6.850131193218803
20,,AM,R1796,00,EHZ,61.1981981981982,-149.91291617029023,2026-09-13T09:20:59.996000Z,2026-09-13T09:21:59.996000Z,100.0,100.0,60.0,,noise,0,Noise,timeofday:America/Anchorage:day7-19:night1-5,AM,2.0-20.0,267.22120343285883,1927.6156109315664,241.52142981908278,1920.6970141555512,0.8169011569025167,4.836831394456718,4.782724793952195,,,2.6,286.6914073743851,6.699527661976098
21,,AM,R1796,00,EHZ,61.1981981981982,-149.91291617029023,2026-09-13T09:21:59.996000Z,2026-09-13T09:22:59.996000Z,100.0,100.0,60.0,,noise,0,Noise,timeofday:America/Anchorage:day7-19:night1-5,AM,2.0-20.0,323.0489010622117,2909.6159446070337,286.04032009275926,2983.25553109681,0.784003451651601,5.4940760304976735,9.45372440418628,,,2.6,286.6914073743851,10.405807269978729
22,,AM,R1796,00,EHZ,61.1981981981982,-149.91291617029023,2026-09-13T09:22:59.996000Z,2026-09-13T09:23:59.996000Z,100.0,100.0,60.0,,noise,0,Noise,timeofday:America/Anchorage:day7-19:night1-5,AM,2.0-20.0,300.5503111345984,2835.3833513718423,274.6420199452815,2405.1506986501436,0.8350252447190829,5.498650158580958,4.856938538079041,,,2.6,286.6914073743851,8.389336536721872
23,,AM,R1796,00,EHZ,61.1981981981982,-149.91291617029023,2026-09-13T09:23:59.996000Z,2026-09-13T09:24:59.996000Z,100.0,100.0,60.0,,noise,0,Noise,timeofday:America/Anchorage:day7-19:night1-5,AM,2.0-20.0,311.1890741059946,1675.3829259046076,277.1267872208327,1575.4448231095275,0.7930641768605424,3.6895242396999395,1.584070831438579,,,2.6,286.6914073743851,5.495263487447961
24,,AM,R1796,00,EHZ,61.1981981981982,-149.91291617029023,2026-09-13T09:24:59.996000Z,2026-09-13T09:25:59.996000Z,100.0,100.0,60.0,,noise,0,Noise,timeofday:America/Anchorage:day7-19:night1-5,AM,2.0-20.0,353.8803278862925,2650.6173527268106,328.1744014650399,2658.8110843103086,0.8599962582602277,4.270700922130492,5.51811074911862,,,2.6,286.6914073743851,9.274121985938056
25,,AM,R1796,00,EHZ,61.1981981981982,-149.91291617029023,2026-09-13T09:25:59.996000Z,2026-09-13T09:26:59.996000Z,100.0,100.0,60.0,,noise,0,Noise,timeofday:America/Anchorage:day7-19:night1-5,AM,2.0-20.0,363.40244082664594,2375.617890840527,337.2049462857178,2201.8366590575342,0.8610179252060116,3.3183843110629,3.3522910581507626,,,2.6,286.6914073743851,7.680162719987613
26,,AM,R1796,00,EHZ,61.1981981981982,-149.91291617029023,2026-09-13T09:26:59.996000Z,2026-09-13T09:27:59.996000Z,100.0,100.0,60.0,,noise,0,Noise,timeofday:America/Anchorage:day7-19:night1-5,AM,2.0-20.0,417.91964145992347,3474.618107605536,399.48990517816713,3411.302827081954,0.9137471883475011,7.876641223613456,10.594589733511206,,,2.6,286.6914073743851,11.89886665360429
27,,AM,R1796,00,EHZ,61.1981981981982,-149.91291617029023,2026-09-13T09:27:59.996000Z,2026-09-13T09:28:59.996000Z,100.0,100.0,60.0,,noise,0,Noise,timeofday:America/Anchorage:day7-19:night1-5,AM,2.0-20.0,277.0671436090359,1564.6186840950315,247.17373927150172,1372.9205104252974,0.7958561937400604,3.2509397263110555,1.3390939277916267,,,2.6,286.6914073743851,4.788844294284779
28,,AM,R1796,00,EHZ,61.1981981981982,-149.91291617029023,2026-09-13T09:28:59.996000Z,2026-09-13T09:29:59.996000Z,100.0,100.0,60.0,,traffic,1,Traffic,timeofday:America/Anchorage:day7-19:night1-5+burst>=20x,AM,2.0-20.0,536.5326342990605,7347.380703675609,506.3832775030523,6244.712772353411,0.8907717289711726,6.028856821499461,17.646176157453585,,,2.6,286.6914073743851,21.782001872831
29,,AM,R1796,00,EHZ,61.1981981981982,-149.91291617029023,2026-09-13T09:29:59.996000Z,2026-09-13T09:30:59.996000Z,100.0,100.0,60.0,,noise,0,Noise,timeofday:America/Anchorage:day7-19:night1-5,AM,2.0-20.0,370.81729773040337,2872.3803265075917,348.6679284109779,2729.944319778072,0.8841053800176013,6.218319172700511,7.051142804394718,,,2.6,286.6914073743851,9.522239765676295
30,,AM,R1796,00,EHZ,61.1981981981982,-149.91291617029023,2026-09-13T09:31:59.996000Z,2026-09-13T09:32:59.996000Z,100.0,100.0,60.0,,noise,0,Noise,timeofday:America/Anchorage:day7-19:night1-5,AM,2.0-20.0,452.91297710438874,2885.3795061186943,431.9385930459379,2675.010137965355,0.9095246831080315,2.805472111321017,3.097490041214657,,,2.6,286.6914073743851,9.330625436123057
31,,AM,R1796,00,EHZ,61.1981981981982,-149.91291617029023,2026-09-13T09:32:59.996000Z,2026-09-13T09:33:59.996000Z,100.0,100.0,60.0,,noise,0,Noise,timeofday:America/Anchorage:day7-19:night1-5,AM,2.0-20.0,323.23062396312065,3560.6209302798193,294.08822761218,3432.776282169153,0.8278092574267123,6.712803524048421,21.948372711384785,,,2.6,286.6914073743851,11.973767590761284
32,,AM,R1796,00,EHZ,61.1981981981982,-149.91291617029023,2026-09-13T09:33:59.996000Z,2026-09-13T09:34:59.996000Z,100.0,100.0,60.0,,noise,0,Noise,timeofday:America/Anchorage:day7-19:night1-5,AM,2.0-20.0,238.95645555340187,1550.6213584604914,209.96479552996203,1554.360459151206,0.7720677842893365,3.200910900887275,3.198482890747127,,,2.6,286.6914073743851,5.421719727795661
33,,AM,R1796,00,EHZ,61.1981981981982,-149.91291617029023,2026-09-13T09:34:59.996000Z,2026-09-13T09:35:59.996000Z,100.0,100.0,60.0,,noise,0,Noise,timeofday:America/Anchorage:day7-19:night1-5,AM,2.0-20.0,339.90008833721106,2169.3780110913435,314.08220326091543,2141.3620188269297,0.8538549543960788,3.749670661469392,5.366707665385082,,,2.6,286.6914073743851,7.469222877791255
34,,AM,R1796,00,EHZ,61.1981981981982,-149.91291617029023,2026-09-13T09:35:59.996000Z,2026-09-13T09:36:59.996000Z,100.0,100.0,60.0,,noise,0,Noise,timeofday:America/Anchorage:day7-19:night1-5,AM,2.0-20.0,292.2139207642367,1574.6224792658425,259.2926886142882,1558.9769391479383,0.7873697744266028,2.582290272784304,1.0410818062660745,,,2.6,286.6914073743851,5.437822338051794
35,,AM,R1796,00,EHZ,61.1981981981982,-149.91291617029023,2026-09-13T09:36:59.996000Z,2026-09-13T09:37:59.996000Z,100.0,100.0,60.0,,noise,0,Noise,timeofday:America/Anchorage:day7-19:night1-5,AM,2.0-20.0,354.80480212171676,2307.6228008471257,333.0597128179047,2288.7109904944164,0.881181210603484,5.259078838612097,5.122845779082393,,,2.6,286.6914073743851,7.983186560961801
36,,AM,R1796,00,EHZ,61.1981981981982,-149.91291617029023,2026-09-13T09:37:59.996000Z,2026-09-13T09:38:59.996000Z,100.0,100.0,60.0,,noise,0,Noise,timeofday:America/Anchorage:day7-19:night1-5,AM,2.0-20.0,354.3689180609295,1761.6233182611752,317.0013192620307,1652.2565452415354,0.8002227499478557,3.667397725329296,0.6976630269894919,,,2.6,286.6914073743851,5.763188232160315
37,,AM,R1796,00,EHZ,61.1981981981982,-149.91291617029023,2026-09-13T09:38:59.996000Z,2026-09-13T09:39:59.996000Z,100.0,100.0,60.0,,noise,0,Noise,timeofday:America/Anchorage:day7-19:night1-5,AM,2.0-20.0,325.28356778211685,3026.3760312112104,301.95412820930056,2568.9376452680385,0.8617031757116932,7.767887942244033,8.462053914826916,,,2.6,286.6914073743851,8.96063704453238
38,,AM,R1796,00,EHZ,61.1981981981982,-149.91291617029023,2026-09-13T09:39:59.996000Z,2026-09-13T09:40:59.996000Z,100.0,100.0,60.0,,noise,0,Noise,timeofday:America/Anchorage:day7-19:night1-5,AM,2.0-20.0,333.86301000834595,3482.6243699901274,310.8592285891137,3743.219993451918,0.8669437516412074,4.988443833874305,12.81775471601119,,,2.6,286.6914073743851,13.05661731453191
39,,AM,R1796,00,EHZ,61.1981981981982,-149.91291617029023,2026-09-13T09:40:59.996000Z,2026-09-13T09:41:59.996000Z,100.0,100.0,60.0,,noise,0,Noise,timeofday:America/Anchorage:day7-19:night1-5,AM,2.0-20.0,282.54005247578846,2057.6247746801705,257.8177035210462,2197.355246238688,0.8326556404841309,5.392314446064946,7.247758188315883,,,2.6,286.6914073743851,7.6645312336452465
40,,AM,R1796,00,EHZ,61.1981981981982,-149.91291617029023,2026-09-13T09:41:59.996000Z,2026-09-13T09:42:59.996000Z,100.0,100.0,60.0,,noise,0,Noise,timeofday:America/Anchorage:day7-19:night1-5,AM,2.0-20.0,324.263073602195,3758.6251494448547,302.12182906861943,3353.2509911875773,0.8680989295205791,5.581279562130402,19.51668351016067,,,2.6,286.6914073743851,11.696377725086919
41,,AM,R1796,00,EHZ,61.1981981981982,-149.91291617029023,2026-09-13T09:42:59.996000Z,2026-09-13T09:43:59.996000Z,100.0,100.0,60.0,,noise,0,Noise,timeofday:America/Anchorage:day7-19:night1-5,AM,2.0-20.0,278.7394281261962,2828.3742956956344,249.50997005169452,2607.687042751792,0.801270213939035,5.7759202483001655,9.612568077570312,,,2.6,286.6914073743851,9.095797696323912
42,,AM,R1796,00,EHZ,61.1981981981982,-149.91291617029023,2026-09-13T09:43:59.996000Z,2026-09-13T09:44:59.996000Z,100.0,100.0,60.0,,noise,0,Noise,timeofday:America/Anchorage:day7-19:night1-5,AM,2.0-20.0,317.12718612382287,1478.3739766727383,285.4439193834982,1599.6978211959336,0.8101671761591058,3.9527303704311323,1.9576725388624174,,,2.6,286.6914073743851,5.579859668088751
43,,AM,R1796,00,EHZ,61.1981981981982,-149.91291617029023,2026-09-13T09:44:59.996000Z,2026-09-13T09:45:59.996000Z,100.0,100.0,60.0,,noise,0,Noise,timeofday:America/Anchorage:day7-19:night1-5,AM,2.0-20.0,391.8650651637049,2932.6265961729946,366.6328183152593,3169.75554575977,0.875365808021245,5.77983938001905,5.042465421928821,,,2.6,286.6914073743851,11.056332573024918
44,,AM,R1796,00,EHZ,61.1981981981982,-149.91291617029023,2026-09-13T09:45:59.996000Z,2026-09-13T09:46:59.996000Z,100.0,100.0,60.0,,noise,0,Noise,timeofday:America/Anchorage:day7-19:night1-5,AM,2.0-20.0,361.0816624514191,2235.6269420977,337.8297258075919,2176.5968310244334,0.8753562859499874,3.560876920075091,2.553883175657056,,,2.6,286.6914073743851,7.592124406372791
45,,AM,R1796,00,EHZ,61.1981981981982,-149.91291617029023,2026-09-13T09:46:59.996000Z,2026-09-13T09:47:59.996000Z,100.0,100.0,60.0,,noise,0,Noise,timeofday:America/Anchorage:day7-19:night1-5,AM,2.0-20.0,395.29844878375934,3114.627461062289,373.83208873780245,3255.9471594916495,0.8943405747334409,5.212574274706972,5.062419593935665,,,2.6,286.6914073743851,11.356975046133027
46,,AM,R1796,00,EHZ,61.1981981981982,-149.91291617029023,2026-09-13T09:47:59.996000Z,2026-09-13T09:48:59.996000Z,100.0,100.0,60.0,,noise,0,Noise,timeofday:America/Anchorage:day7-19:night1-5,AM,2.0-20.0,197.81776068301048,781.6278525727715,167.18141812297668,717.6395999019755,0.714242102591558,1.8338306256049932,0.25255391165983676,,,2.6,286.6914073743851,2.5031779168910457
47,,AM,R1796,00,EHZ,61.1981981981982,-149.91291617029023,2026-09-13T09:48:59.996000Z,2026-09-13T09:49:59.996000Z,100.0,100.0,60.0,,noise,0,Noise,timeofday:America/Anchorage:day7-19:night1-5,AM,2.0-20.0,289.0699134480837,2639.371507675846,264.6364270018156,2534.0348105225166,0.8380954129711775,4.246335666850002,12.256758827228174,,,2.6,286.6914073743851,8.838893476892268
48,,AM,R1796,00,EHZ,61.1981981981982,-149.91291617029023,2026-09-13T09:49:59.996000Z,2026-09-13T09:50:59.996000Z,100.0,100.0,60.0,,noise,0,Noise,timeofday:America/Anchorage:day7-19:night1-5,AM,2.0-20.0,345.56374927659806,2189.628857087882,322.11367041235593,2218.2688356088806,0.8688843169002733,5.010833901106695,3.639639859259762,,,2.6,286.6914073743851,7.737479319399634
49,,AM,R1796,00,EHZ,61.1981981981982,-149.91291617029023,2026-09-13T09:50:59.996000Z,2026-09-13T09:51:59.996000Z,100.0,100.0,60.0,,noise,0,Noise,timeofday:America/Anchorage:day7-19:night1-5,AM,2.0-20.0,362.3368771037786,2203.370325469245,335.67498209508494,2463.2332229020303,0.8582481481052034,4.137638212188166,2.8248342901563257,,,2.6,286.6914073743851,8.591932508410824
50,,AM,R1796,00,EHZ,61.1981981981982,-149.91291617029023,2026-09-13T09:51:59.996000Z,2026-09-13T09:52:59.996000Z,100.0,100.0,60.0,,noise,0,Noise,timeofday:America/Anchorage:day7-19:night1-5,AM,2.0-20.0,363.0178072030683,1894.3700490861017,341.0328729503638,1951.044431116398,0.8825445331696471,3.2326661249746795,2.4198284286732017,,,2.6,286.6914073743851,6.805381608694552
51,,AM,R1796,00,EHZ,61.1981981981982,-149.91291617029023,2026-09-13T09:52:59.996000Z,2026-09-13T09:53:59.996000Z,100.0,100.0,60.0,,noise,0,Noise,timeofday:America/Anchorage:day7-19:night1-5,AM,2.0-20.0,361.476917679566,3465.3696709102337,330.0937551954556,3522.045806543498,0.8338990437773425,6.123048880225364,10.221495864761117,,,2.6,286.6914073743851,12.285146034893618
52,,AM,R1796,00,EHZ,61.1981981981982,-149.91291617029023,2026-09-13T09:53:59.996000Z,2026-09-13T09:54:59.996000Z,100.0,100.0,60.0,,noise,0,Noise,timeofday:America/Anchorage:day7-19:night1-5,AM,2.0-20.0,214.8744523291617,1162.3690193747723,181.55940366494997,1043.7833245121233,0.713950216637202,2.7549600462250727,0.791407091794317,,,2.6,286.6914073743851,3.6407904027240887
53,,AM,R1796,00,EHZ,61.1981981981982,-149.91291617029023,2026-09-13T09:54:59.996000Z,2026-09-13T09:55:59.996000Z,100.0,100.0,60.0,,noise,0,Noise,timeofday:America/Anchorage:day7-19:night1-5,AM,2.0-20.0,247.75907165621908,1582.3684611816104,221.85574101545586,1750.7948693290973,0.8018298372680276,5.055715033793441,3.2273571944589756,,,2.6,286.6914073743851,6.106896908294032
54,,AM,R1796,00,EHZ,61.1981981981982,-149.91291617029023,2026-09-13T09:56:59.996000Z,2026-09-13T09:57:59.996000Z,100.0,100.0,60.0,,noise,0,Noise,timeofday:America/Anchorage:day7-19:night1-5,AM,2.0-20.0,354.75594168214155,3312.6322346216725,328.9928420722116,3264.6222171102536,0.8600298837112418,4.733475116552851,5.172192730886707,,,2.6,286.6914073743851,11.387234263519598
55,,AM,R1796,00,EHZ,61.1981981981982,-149.91291617029023,2026-09-13T09:57:59.996000Z,2026-09-13T09:58:59.996000Z,100.0,100.0,60.0,,noise,0,Noise,timeofday:America/Anchorage:day7-19:night1-5,AM,2.0-20.0,353.5508444623907,2428.632525967492,324.2871326379605,2069.2348405814064,0.841309272567038,3.3275444617348104,2.9533675206182366,,,2.6,286.6914073743851,7.217638155018822
56,,AM,R1796,00,EHZ,61.1981981981982,-149.91291617029023,2026-09-13T09:58:59.996000Z,2026-09-13T09:59:59.996000Z,100.0,100.0,60.0,,noise,0,Noise,timeofday:America/Anchorage:day7-19:night1-5,AM,2.0-20.0,294.87550764390073,1509.3668424214418,260.79950253177884,1708.2631919685405,0.7822329651498663,2.080186265218601,0.95610106526382,,,2.6,286.6914073743851,5.958543395539409
57,,AM,R1796,00,EHZ,61.1981981981982,-149.91291617029023,2026-09-13T09:59:59.996000Z,2026-09-13T10:00:59.996000Z,100.0,100.0,60.0,,noise,0,Noise,timeofday:America/Anchorage:day7-19:night1-5,AM,2.0-20.0,304.8093336238164,3597.366175613192,273.5250936745615,3518.7219201374824,0.8052631542701789,5.454477718012134,9.876807396879178,,,2.6,286.6914073743851,12.273552082928134
58,,AM,R1796,00,EHZ,61.1981981981982,-149.91291617029023,2026-09-13T10:00:59.996000Z,2026-09-13T10:01:59.996000Z,100.0,100.0,60.0,,noise,0,Noise,timeofday:America/Anchorage:day7-19:night1-5,AM,2.0-20.0,241.7557257504955,1075.634307456475,209.6698254478707,1018.0163549559489,0.7521740216787115,3.1771651919534865,0.7055057743989646,,,2.6,286.6914073743851,3.5509133820203402
59,,AM,R1796,00,EHZ,61.1981981981982,-149.91291617029023,2026-09-13T10:01:59.996000Z,2026-09-13T10:02:59.996000Z,100.0,100.0,60.0,,noise,0,Noise,timeofday:America/Anchorage:day7-19:night1-5,AM,2.0-20.0,269.85994674272393,3196.6345105767646,241.1743068495507,2960.9405130629807,0.7987028192159654,5.5064022110760895,20.195079752747063,,,2.6,286.6914073743851,10.327970901465987
60,,AM,R1796,00,EHZ,61.1981981981982,-149.91291617029023,2026-09-13T10:02:59.996000Z,2026-09-13T10:03:59.996000Z,100.0,100.0,60.0,,noise,0,Noise,timeofday:America/Anchorage:day7-19:night1-5,AM,2.0-20.0,306.42261967942505,2475.6352050620876,261.93064005630873,2512.0420606815405,0.7306863024782402,4.761843779712937,9.75254766861026,,,2.6,286.6914073743851,8.762181202735214
61,,AM,R1796,00,EHZ,61.1981981981982,-149.91291617029023,2026-09-13T10:03:59.996000Z,2026-09-13T10:04:59.996000Z,100.0,100.0,60.0,,noise,0,Noise,timeofday:America/Anchorage:day7-19:night1-5,AM,2.0-20.0,305.5662034301356,2378.3646755465966,280.9817417844846,2308.012842479957,0.8455622080599692,5.418044241759633,7.036574332930526,,,2.6,286.6914073743851,8.050512792195285
62,,AM,R1796,00,EHZ,61.1981981981982,-149.91291617029023,2026-09-13T10:04:59.996000Z,2026-09-13T10:05:59.996000Z,100.0,100.0,60.0,,noise,0,Noise,timeofday:America/Anchorage:day7-19:night1-5,AM,2.0-20.0,324.8100880094276,2209.6360421192508,296.92546781901837,2392.9198559119995,0.8356720567400507,5.573769222997975,5.744846152240273,,,2.6,286.6914073743851,8.346674488179302
63,,AM,R1796,00,EHZ,61.1981981981982,-149.91291617029023,2026-09-13T10:05:59.996000Z,2026-09-13T10:06:59.996000Z,100.0,100.0,60.0,,noise,0,Noise,timeofday:America/Anchorage:day7-19:night1-5,AM,2.0-20.0,309.38486285567444,4735.636666055164,274.1091913754619,3349.5977472992327,0.7849627974106133,4.419999375342909,15.194429316156878,,,2.6,286.6914073743851,11.683634950820322
64,,AM,R1796,00,EHZ,61.1981981981982,-149.91291617029023,2026-09-13T10:07:59.996000Z,2026-09-13T10:08:59.996000Z,100.0,100.0,60.0,,noise,0,Noise,timeofday:America/Anchorage:day7-19:night1-5,AM,2.0-20.0,220.31206703386434,1473.3626609344435,195.83491651793545,1233.303486831278,0.7901393377240684,4.528107204186479,2.488846676853428,,,2.6,286.6914073743851,4.301850195393995
65,,AM,R1796,00,EHZ,61.1981981981982,-149.91291617029023,2026-09-13T10:08:59.996000Z,2026-09-13T10:09:59.996000Z,100.0,100.0,60.0,,noise,0,Noise,timeofday:America/Anchorage:day7-19:night1-5,AM,2.0-20.0,274.54417949748876,2608.3622978763055,254.70841628309407,2579.829019377993,0.8607204257971287,4.4236122197534895,13.082561961997737,,,2.6,286.6914073743851,8.998626931322853
66,,AM,R1796,00,EHZ,61.1981981981982,-149.91291617029023,2026-09-13T10:09:59.996000Z,2026-09-13T10:10:59.996000Z,100.0,100.0,60.0,,noise,0,Noise,timeofday:America/Anchorage:day7-19:night1-5,AM,2.0-20.0,254.06842179996778,1421.3617630187189,223.2568822680319,1279.6623661844765,0.7721618335336152,3.987889216679696,1.5236688187691199,,,2.6,286.6914073743851,4.46355326064373
67,,AM,R1796,00,EHZ,61.1981981981982,-149.91291617029023,2026-09-13T10:10:59.996000Z,2026-09-13T10:11:59.996000Z,100.0,100.0,60.0,,noise,0,Noise,timeofday:America/Anchorage:day7-19:night1-5,AM,2.0-20.0,383.75746967483786,2353.6386628361465,355.5603097970057,2578.944755770408,0.8584457759780748,4.750315456295451,2.8696808904927114,,,2.6,286.6914073743851,8.995542557027566
68,,AM,R1796,00,EHZ,61.1981981981982,-149.91291617029023,2026-09-13T10:11:59.996000Z,2026-09-13T10:12:59.996000Z,100.0,100.0,60.0,,noise,0,Noise,timeofday:America/Anchorage:day7-19:night1-5,AM,2.0-20.0,344.3249787148234,2716.639160248276,324.2554965904315,2337.8968060577663,0.8868244022195102,5.451908302522855,5.5091677165653135,,,2.6,286.6914073743851,8.154750180582669
69,,AM,R1796,00,EHZ,61.1981981981982,-149.91291617029023,2026-09-13T10:12:59.996000Z,2026-09-13T10:13:59.996000Z,100.0,100.0,60.0,,noise,0,Noise,timeofday:America/Anchorage:day7-19:night1-5,AM,2.0-20.0,346.03076796364667,2668.6398962104536,328.04388099631603,2892.2635174397633,0.8987407826113233,5.016483389014448,8.469047229057132,,,2.6,286.6914073743851,10.088420660835533
70,,AM,R1796,00,EHZ,61.1981981981982,-149.91291617029023,2026-09-13T10:13:59.996000Z,2026-09-13T10:14:59.996000Z,100.0,100.0,60.0,,noise,0,Noise,timeofday:America/Anchorage:day7-19:night1-5,AM,2.0-20.0,348.6991898553355,3012.639977381044,327.025605662337,2618.677211304984,0.8795522432557942,4.978634595551269,6.591480923559631,,,2.6,286.6914073743851,9.134132185152312
71,,AM,R1796,00,EHZ,61.1981981981982,-149.91291617029023,2026-09-13T10:14:59.996000Z,2026-09-13T10:15:59.996000Z,100.0,100.0,60.0,,noise,0,Noise,timeofday:America/Anchorage:day7-19:night1-5,AM,2.0-20.0,358.4334560055621,3515.640633490591,340.95196306182334,3462.7377864660784,0.9048348331000224,6.104343117238567,13.80951743155416,,,2.6,286.6914073743851,12.07827544668666
72,,AM,R1796,00,EHZ,61.1981981981982,-149.91291617029023,2026-09-13T10:15:59.996000Z,2026-09-13T10:16:59.996000Z,100.0,100.0,60.0,,noise,0,Noise,timeofday:America/Anchorage:day7-19:night1-5,AM,2.0-20.0,334.47791413497833,2142.641274017245,306.059269242886,2041.3859735018773,0.8372905344319356,4.819284578265009,2.7884093840877426,,,2.6,286.6914073743851,7.120499327822785
73,,AM,R1796,00,EHZ,61.1981981981982,-149.91291617029023,2026-09-13T10:16:59.996000Z,2026-09-13T10:17:59.996000Z,100.0,100.0,60.0,,traffic,1,Traffic,timeofday:America/Anchorage:day7-19:night1-5+burst>=20x,AM,2.0-20.0,530.5117490269087,5690.358422465227,516.082317270593,5880.763710497448,0.9463416290228184,6.230322340759842,19.842589973495866,,,2.6,286.6914073743851,20.512521684397278
74,,AM,R1796,00,EHZ,61.1981981981982,-149.91291617029023,2026-09-13T10:17:59.996000Z,2026-09-13T10:18:59.996000Z,100.0,100.0,60.0,,noise,0,Noise,timeofday:America/Anchorage:day7-19:night1-5,AM,2.0-20.0,290.58809202610604,2390.357916292564,269.6873272134305,2591.2933498322955,0.8613218240357425,6.453379754530331,8.899266459164322,,,2.6,286.6914073743851,9.038615330554265
75,,AM,R1796,00,EHZ,61.1981981981982,-149.91291617029023,2026-09-13T10:18:59.996000Z,2026-09-13T10:19:59.996000Z,100.0,100.0,60.0,,noise,0,Noise,timeofday:America/Anchorage:day7-19:night1-5,AM,2.0-20.0,273.9207516398544,2230.3576602989783,250.4670068289597,1909.4061815324962,0.8360864444807761,2.8200187152162917,4.0578248169332936,,,2.6,286.6914073743851,6.660144435508098
76,,AM,R1796,00,EHZ,61.1981981981982,-149.91291617029023,2026-09-13T10:19:59.996000Z,2026-09-13T10:20:59.996000Z,100.0,100.0,60.0,,noise,0,Noise,timeofday:America/Anchorage:day7-19:night1-5,AM,2.0-20.0,254.1346030083362,2337.357111331509,232.38957396878214,2338.8499970489834,0.8361913567524825,6.327668329303176,12.498621527758146,,,2.6,286.6914073743851,8.15807497848975
77,,AM,R1796,00,EHZ,61.1981981981982,-149.91291617029023,2026-09-13T10:20:59.996000Z,2026-09-13T10:21:59.996000Z,100.0,100.0,60.0,,noise,0,Noise,timeofday:America/Anchorage:day7-19:night1-5,AM,2.0-20.0,244.47327110167353,2028.3563797883587,214.14061575297646,2162.632133236035,0.7672472266186231,5.382241757254798,6.614795127583882,,,2.6,286.6914073743851,7.543414548214529
78,,AM,R1796,00,EHZ,61.1981981981982,-149.91291617029023,2026-09-13T10:21:59.996000Z,2026-09-13T10:22:59.996000Z,100.0,100.0,60.0,,noise,0,Noise,timeofday:America/Anchorage:day7-19:night1-5,AM,2.0-20.0,248.00868740812217,1279.3560558812721,226.99476617174605,1243.5817342630453,0.8377181015384147,2.221472145684295,1.6546260101797046,,,2.6,286.6914073743851,4.337701452764764
79,,AM,R1796,00,EHZ,61.1981981981982,-149.91291617029023,2026-09-13T10:22:59.996000Z,2026-09-13T10:23:59.996000Z,100.0,100.0,60.0,,noise,0,Noise,timeofday:America/Anchorage:day7-19:night1-5,AM,2.0-20.0,204.27650966919865,958.644547820138,175.58724956679396,895.4303678893892,0.7388377796600296,2.3679357672047665,0.7357134082333472,,,2.6,286.6914073743851,3.1233247486907167
80,,AM,R1796,00,EHZ,61.1981981981982,-149.91291617029023,2026-09-13T10:23:59.996000Z,2026-09-13T10:24:59.996000Z,100.0,100.0,60.0,,noise,0,Noise,timeofday:America/Anchorage:day7-19:night1-5,AM,2.0-20.0,284.8665592216393,2488.644910413113,259.1885077573188,2437.7438683571645,0.8278440709400517,4.869762028254185,7.026988017260766,,,2.6,286.6914073743851,8.503023828592669
81,,AM,R1796,00,EHZ,61.1981981981982,-149.91291617029023,2026-09-13T10:24:59.996000Z,2026-09-13T10:25:59.996000Z,100.0,100.0,60.0,,noise,0,Noise,timeofday:America/Anchorage:day7-19:night1-5,AM,2.0-20.0,330.0874501167395,2114.354813436327,310.35661825117006,2111.336557124163,0.8840238793145536,5.954906358074092,5.996795080928372,,,2.6,286.6914073743851,7.364491933889762
82,,AM,R1796,00,EHZ,61.1981981981982,-149.91291617029023,2026-09-13T10:25:59.996000Z,2026-09-13T10:26:59.996000Z,100.0,100.0,60.0,,noise,0,Noise,timeofday:America/Anchorage:day7-19:night1-5,AM,2.0-20.0,245.74754015102187,2074.354370292975,220.66087629444579,2052.0032232534672,0.8062548094317229,5.564980912767864,6.036599003723689,,,2.6,286.6914073743851,7.157533049373166
83,,AM,R1796,00,EHZ,61.1981981981982,-149.91291617029023,2026-09-13T10:26:59.996000Z,2026-09-13T10:27:59.996000Z,100.0,100.0,60.0,,noise,0,Noise,timeofday:America/Anchorage:day7-19:night1-5,AM,2.0-20.0,281.99789471780883,3342.353763180385,261.03790729016526,2977.048191077499,0.8568709630973279,4.897395884571766,12.159942503809706,,,2.6,286.6914073743851,10.38415562692406
84,,AM,R1796,00,EHZ,61.1981981981982,-149.91291617029023,2026-09-13T10:27:59.996000Z,2026-09-13T10:28:59.996000Z,100.0,100.0,60.0,,noise,0,Noise,timeofday:America/Anchorage:day7-19:night1-5,AM,2.0-20.0,403.62093658484406,3477.6468029980383,385.2270341119423,3205.6190046643687,0.9109323855603588,4.803777440211342,9.069004249411925,,,2.6,286.6914073743851,11.181426865989774
85,,AM,R1796,00,EHZ,61.1981981981982,-149.91291617029023,2026-09-13T10:28:59.996000Z,2026-09-13T10:29:59.996000Z,100.0,100.0,60.0,,noise,0,Noise,timeofday:America/Anchorage:day7-19:night1-5,AM,2.0-20.0,282.21106240558,1943.3526363279386,254.38389914527934,1975.9030361157234,0.8125145976553269,3.4658998362209332,4.044251293104642,,,2.6,286.6914073743851,6.89209018927947
86,,AM,R1796,00,EHZ,61.1981981981982,-149.91291617029023,2026-09-13T10:29:59.996000Z,2026-09-13T10:30:59.996000Z,100.0,100.0,60.0,,noise,0,Noise,timeofday:America/Anchorage:day7-19:night1-5,AM,2.0-20.0,305.2524517754679,2108.6473649124887,286.3662644547557,2245.1816321024153,0.8800865561499349,5.354381507256864,4.906128295636371,,,2.6,286.6914073743851,7.831353065878509
87,,AM,R1796,00,EHZ,61.1981981981982,-149.91291617029023,2026-09-13T10:30:59.996000Z,2026-09-13T10:31:59.996000Z,100.0,100.0,60.0,,noise,0,Noise,timeofday:America/Anchorage:day7-19:night1-5,AM,2.0-20.0,240.8893145793724,2691.3519590535693,218.11890891658112,2854.9862779912337,0.8198823955126653,5.80476297942353,21.263507808529482,,,2.6,286.6914073743851,9.958395000876182
88,,AM,R1796,00,EHZ,61.1981981981982,-149.91291617029023,2026-09-13T10:31:59.996000Z,2026-09-13T10:32:59.996000Z,100.0,100.0,60.0,,noise,0,Noise,timeofday:America/Anchorage:day7-19:night1-5,AM,2.0-20.0,301.45391680301117,1913.6485720052035,276.0545902634726,2051.741207032433,0.838586919671239,4.149249796420962,3.499611353354698,,,2.6,286.6914073743851,7.156619118176435
89,,AM,R1796,00,EHZ,61.1981981981982,-149.91291617029023,2026-09-13T10:32:59.996000Z,2026-09-13T10:33:59.996000Z,100.0,100.0,60.0,,noise,0,Noise,timeofday:America/Anchorage:day7-19:night1-5,AM,2.0-20.0,331.65572722455846,3422.649072440879,303.2659421244959,3563.9937507021496,0.8361270575507884,7.195621610446821,16.28381437073141,,,2.6,286.6914073743851,12.431463444762384
90,,AM,R1796,00,EHZ,61.1981981981982,-149.91291617029023,2026-09-13T10:33:59.996000Z,2026-09-13T10:34:59.996000Z,100.0,100.0,60.0,,noise,0,Noise,timeofday:America/Anchorage:day7-19:night1-5,AM,2.0-20.0,342.6632259137712,2705.3506119474046,311.41804347332373,2495.432476827806,0.825947694937161,5.821768590677755,5.08338495074806,,,2.6,286.6914073743851,8.704245794046649
91,,AM,R1796,00,EHZ,61.1981981981982,-149.91291617029023,2026-09-13T10:35:59.996000Z,2026-09-13T10:36:59.996000Z,100.0,100.0,60.0,,noise,0,Noise,timeofday:America/Anchorage:day7-19:night1-5,AM,2.0-20.0,279.3931932209936,1869.3494831567884,255.6272037085717,1938.1170164381888,0.8371099345713677,4.045581867346323,3.7036732573013404,,,2.6,286.6914073743851,6.760289867729579
92,,AM,R1796,00,EHZ,61.1981981981982,-149.91291617029023,2026-09-13T10:36:59.996000Z,2026-09-13T10:37:59.996000Z,100.0,100.0,60.0,,noise,0,Noise,timeofday:America/Anchorage:day7-19:night1-5,AM,2.0-20.0,270.1461918093504,1784.6508224539677,242.06673311331292,1553.483487188073,0.8029204486666133,3.8101198580396467,1.080640968759611,,,2.6,286.6914073743851,5.418660787274336
93,,AM,R1796,00,EHZ,61.1981981981982,-149.91291617029023,2026-09-13T10:37:59.996000Z,2026-09-13T10:38:59.996000Z,100.0,100.0,60.0,,noise,0,Noise,timeofday:America/Anchorage:day7-19:night1-5,AM,2.0-20.0,416.7585226617753,6602.651202102846,365.4689462334478,4618.080760701053,0.7690099911789492,7.855141447611711,20.4151262086299,,,2.6,286.6914073743851,16.108193834600648
94,,AM,R1796,00,EHZ,61.1981981981982,-149.91291617029023,2026-09-13T10:38:59.996000Z,2026-09-13T10:39:59.996000Z,100.0,100.0,60.0,,noise,0,Noise,timeofday:America/Anchorage:day7-19:night1-5,AM,2.0-20.0,340.1132827422691,1968.6518031683438,307.3975854068314,1927.3944047759485,0.8168714495959273,4.256681197116134,1.9914099364168294,,,2.6,286.6914073743851,6.722888636348277
95,,AM,R1796,00,EHZ,61.1981981981982,-149.91291617029023,2026-09-13T10:40:59.996000Z,2026-09-13T10:41:59.996000Z,100.0,100.0,60.0,,noise,0,Noise,timeofday:America/Anchorage:day7-19:night1-5,AM,2.0-20.0,269.42609852267327,1248.6526364266895,239.5072990017565,1235.5874123567999,0.7902384949424062,2.854960784482028,1.3444743740616785,,,2.6,286.6914073743851,4.309816689913098
96,,AM,R1796,00,EHZ,61.1981981981982,-149.91291617029023,2026-09-13T10:41:59.996000Z,2026-09-13T10:42:59.996000Z,100.0,100.0,60.0,,noise,0,Noise,timeofday:America/Anchorage:day7-19:night1-5,AM,2.0-20.0,299.0221133379671,2819.6533175774016,273.39642426609277,2885.8144844110666,0.8359475845797456,5.165078764020644,10.234164889891945,,,2.6,286.6914073743851,10.065925975390444
97,,AM,R1796,00,EHZ,61.1981981981982,-149.91291617029023,2026-09-13T10:42:59.996000Z,2026-09-13T10:43:59.996000Z,100.0,100.0,60.0,,noise,0,Noise,timeofday:America/Anchorage:day7-19:night1-5,AM,2.0-20.0,335.9434004960434,2575.346211059485,314.7198936291878,2210.103617552686,0.8776395048184705,4.234797895942269,4.198342838774383,,,2.6,286.6914073743851,7.708998458633787
98,,AM,R1796,00,EHZ,61.1981981981982,-149.91291617029023,2026-09-13T10:43:59.996000Z,2026-09-13T10:44:59.996000Z,100.0,100.0,60.0,,noise,0,Noise,timeofday:America/Anchorage:day7-19:night1-5,AM,2.0-20.0,335.28524905083987,2694.6539067037697,310.9531453934673,2520.009263532466,0.8601238980821091,4.412695626675705,3.2916108591878768,,,2.6,286.6914073743851,8.789971372394959
99,,AM,R1796,00,EHZ,61.1981981981982,-149.91291617029023,2026-09-13T10:44:59.996000Z,2026-09-13T10:45:59.996000Z,100.0,100.0,60.0,,noise,0,Noise,timeofday:America/Anchorage:day7-19:night1-5,AM,2.0-20.0,352.8953857187021,3234.654568860405,328.5271320732806,3286.0037063689824,0.8666635378174512,5.684980351465628,11.698153085781373,,,2.6,286.6914073743851,11.461814417332187
100,,AM,R1796,00,EHZ,61.1981981981982,-149.91291617029023,2026-09-13T10:45:59.996000Z,2026-09-13T10:46:59.996000Z,100.0,100.0,60.0,,noise,0,Noise,timeofday:America/Anchorage:day7-19:night1-5,AM,2.0-20.0,296.73653566446916,2937.6548148530305,275.45832162293107,2716.0123936663203,0.861727097507231,5.6415962837722695,13.393464148554035,,,2.6,286.6914073743851,9.473644217454794
101,,AM,R1796,00,EHZ,61.1981981981982,-149.91291617029023,2026-09-13T10:46:59.996000Z,2026-09-13T10:47:59.996000Z,100.0,100.0,60.0,,noise,0,Noise,timeofday:America/Anchorage:day7-19:night1-5,AM,2.0-20.0,363.6241778033092,2478.344373751185,338.9087957983841,2469.0200348438934,0.8686807070770634,5.3091681830205655,5.728757874303346,,,2.6,286.6914073743851,8.61211731965041
102,,AM,R1796,00,EHZ,61.1981981981982,-149.91291617029023,2026-09-13T10:47:59.996000Z,2026-09-13T10:48:59.996000Z,100.0,100.0,60.0,,noise,0,Noise,timeofday:America/Anchorage:day7-19:night1-5,AM,2.0-20.0,415.4786264831076,3577.6560122548904,392.4722626387022,3560.8517471869463,0.8923198696513728,4.218556329111866,8.570941733844002,,,2.6,286.6914073743851,12.420503913243882
103,,AM,R1796,00,EHZ,61.1981981981982,-149.91291617029023,2026-09-13T10:48:59.996000Z,2026-09-13T10:49:59.996000Z,100.0,100.0,60.0,,noise,0,Noise,timeofday:America/Anchorage:day7-19:night1-5,AM,2.0-20.0,347.34406250656104,3557.3436799636006,312.98347869745123,3854.4963028643483,0.8119383740410534,6.174836351295423,13.962804231045222,,,2.6,286.6914073743851,13.444756988586098
104,,AM,R1796,00,EHZ,61.1981981981982,-149.91291617029023,2026-09-13T10:49:59.996000Z,2026-09-13T10:50:59.996000Z,100.0,100.0,60.0,,noise,0,Noise,timeofday:America/Anchorage:day7-19:night1-5,AM,2.0-20.0,350.071975085896,2470.343317913314,320.1154444517108,2596.7299342596298,0.8361776707999559,4.039480248753574,1.908870847263394,,,2.6,286.6914073743851,9.05757852333749
105,,AM,R1796,00,EHZ,61.1981981981982,-149.91291617029023,2026-09-13T10:50:59.996000Z,2026-09-13T10:51:59.996000Z,100.0,100.0,60.0,,noise,0,Noise,timeofday:America/Anchorage:day7-19:night1-5,AM,2.0-20.0,411.51315227967467,3780.342436820913,385.45527743361333,3588.5049586452114,0.8773654980627239,5.182463490530872,9.946345014678432,,,2.6,286.6914073743851,12.51696027973049
106,,AM,R1796,00,EHZ,61.1981981981982,-149.91291617029023,2026-09-13T10:51:59.996000Z,2026-09-13T10:52:59.996000Z,100.0,100.0,60.0,,noise,0,Noise,timeofday:America/Anchorage:day7-19:night1-5,AM,2.0-20.0,296.60982282821857,1790.342119503607,272.49932750584,2024.8899247672405,0.8440337457699794,3.8841919385647006,3.689049620464826,,,2.6,286.6914073743851,7.0629599376969585
107,,AM,R1796,00,EHZ,61.1981981981982,-149.91291617029023,2026-09-13T10:52:59.996000Z,2026-09-13T10:53:59.996000Z,100.0,100.0,60.0,,noise,0,Noise,timeofday:America/Anchorage:day7-19:night1-5,AM,2.0-20.0,304.3430470885692,1574.3416296891053,269.01189000281767,1554.5439126167423,0.7812970463899368,3.4338502020622963,2.095294227843432,,,2.6,286.6914073743851,5.422359626518878
108,,AM,R1796,00,EHZ,61.1981981981982,-149.91291617029023,2026-09-13T10:53:59.996000Z,2026-09-13T10:54:59.996000Z,100.0,100.0,60.0,,noise,0,Noise,timeofday:America/Anchorage:day7-19:night1-5,AM,2.0-20.0,292.5719887984305,1443.658653826503,261.76408683721354,1525.6845296676095,0.800487652449614,3.299261565976592,1.374122875854093,,,2.6,286.6914073743851,5.3216960481666815
109,,AM,R1796,00,EHZ,61.1981981981982,-149.91291617029023,2026-09-13T10:54:59.996000Z,2026-09-13T10:55:59.996000Z,100.0,100.0,60.0,,noise,0,Noise,timeofday:America/Anchorage:day7-19:night1-5,AM,2.0-20.0,306.97460546759265,1789.6590509964437,280.42394325636724,1817.4558064197277,0.8344979692976325,3.4457819989723477,3.6933438183843146,,,2.6,286.6914073743851,6.339414993510235
110,,AM,R1796,00,EHZ,61.1981981981982,-149.91291617029023,2026-09-13T10:55:59.996000Z,2026-09-13T10:56:59.996000Z,100.0,100.0,60.0,,noise,0,Noise,timeofday:America/Anchorage:day7-19:night1-5,AM,2.0-20.0,518.133499766312,4308.659779981207,497.6060324158816,4381.342619606514,0.922333384419243,6.3011819628785535,8.400039654988912,,,2.6,286.6914073743851,15.282434376852454
111,,AM,R1796,00,EHZ,61.1981981981982,-149.91291617029023,2026-09-13T11:00:59.996000Z,2026-09-13T11:01:59.996000Z,100.0,100.0,60.0,,noise,0,Noise,timeofday:America/Anchorage:day7-19:night1-5,AM,2.0-20.0,282.59718595948505,2553.662082605529,255.94039906831182,2654.7121456932723,0.8202420309562776,6.139993876211927,8.04398199839324,,,2.6,286.6914073743851,9.2598245967886
112,,AM,R1796,00,EHZ,61.1981981981982,-149.91291617029023,2026-09-13T11:01:59.996000Z,2026-09-13T11:02:59.996000Z,100.0,100.0,60.0,,noise,0,Noise,timeofday:America/Anchorage:day7-19:night1-5,AM,2.0-20.0,325.06300759499476,1753.6623968992892,299.8603794247134,2068.34700716305,0.8509481017261525,4.187029064365191,2.402163011247241,,,2.6,286.6914073743851,7.21454132896991
113,,AM,R1796,00,EHZ,61.1981981981982,-149.91291617029023,2026-09-13T11:02:59.996000Z,2026-09-13T11:03:59.996000Z,100.0,100.0,60.0,,noise,0,Noise,timeofday:America/Anchorage:day7-19:night1-5,AM,2.0-20.0,446.6618701774704,2944.663145808448,424.1354961483633,2591.9044549439477,0.9016780150127426,5.49728338995962,3.9335898642646265,,,2.6,286.6914073743851,9.040746908606252
114,,AM,R1796,00,EHZ,61.1981981981982,-149.91291617029023,2026-09-13T11:03:59.996000Z,2026-09-13T11:04:59.996000Z,100.0,100.0,60.0,,noise,0,Noise,timeofday:America/Anchorage:day7-19:night1-5,AM,2.0-20.0,368.9544269969583,2042.3364760932134,340.07474945333473,1914.0527948688862,0.8495781259481865,3.806571749940604,2.0751413177714086,,,2.6,286.6914073743851,6.676352152994105
115,,AM,R1796,00,EHZ,61.1981981981982,-149.91291617029023,2026-09-13T11:04:59.996000Z,2026-09-13T11:05:59.996000Z,100.0,100.0,60.0,,noise,0,Noise,timeofday:America/Anchorage:day7-19:night1-5,AM,2.0-20.0,334.9174288221109,2308.33612319109,309.32573801720133,2033.9046837210205,0.8530149027611262,5.873098304022724,3.237266407429888,,,2.6,286.6914073743851,7.094404057478365
116,,AM,R1796,00,EHZ,61.1981981981982,-149.91291617029023,2026-09-13T11:05:59.996000Z,2026-09-13T11:06:59.996000Z,100.0,100.0,60.0,,noise,0,Noise,timeofday:America/Anchorage:day7-19:night1-5,AM,2.0-20.0,266.9826049930134,2252.335795252606,239.49411599525934,2184.8241638495174,0.8046810304763969,6.019401914273047,7.046050692646018,,,2.6,286.6914073743851,7.620821927866136
117,,AM,R1796,00,EHZ,61.1981981981982,-149.91291617029023,2026-09-13T11:06:59.996000Z,2026-09-13T11:07:59.996000Z,100.0,100.0,60.0,,noise,0,Noise,timeofday:America/Anchorage:day7-19:night1-5,AM,2.0-20.0,382.5515930334092,4353.3351798446465,358.6484744020582,4249.763077672051,0.8789374026095764,7.987262587949825,22.718881725258665,,,2.6,286.6914073743851,14.823475585099633
118,,AM,R1796,00,EHZ,61.1981981981982,-149.91291617029023,2026-09-13T11:07:59.996000Z,2026-09-13T11:08:59.996000Z,100.0,100.0,60.0,,noise,0,Noise,timeofday:America/Anchorage:day7-19:night1-5,AM,2.0-20.0,284.87653941815336,1923.3345614131401,262.33404265747976,1919.7556477616222,0.8480001591801088,4.30193773290018,4.591429638747521,,,2.6,286.6914073743851,6.696244109104561
119,,AM,R1796,00,EHZ,61.1981981981982,-149.91291617029023,2026-09-13T11:08:59.996000Z,2026-09-13T11:09:59.996000Z,100.0,100.0,60.0,,noise,0,Noise,timeofday:America/Anchorage:day7-19:night1-5,AM,2.0-20.0,263.98895590030975,1555.6655162687414,233.63271902721394,1400.3096606733914,0.7832417155919736,3.19425634819678,1.4772853129175028,,,2.6,286.6914073743851,4.884379596507238
120,,AM,R1796,00,EHZ,61.1981981981982,-149.91291617029023,2026-09-13T11:09:59.996000Z,2026-09-13T11:10:59.996000Z,100.0,100.0,60.0,,noise,0,Noise,timeofday:America/Anchorage:day7-19:night1-5,AM,2.0-20.0,249.2866963410858,1681.6661671064642,220.3119541389183,1543.4387516632755,0.7810483529831178,3.2978961651206413,2.1116228706437097,,,2.6,286.6914073743851,5.383624036027445
121,,AM,R1796,00,EHZ,61.1981981981982,-149.91291617029023,2026-09-13T11:10:59.996000Z,2026-09-13T11:11:59.996000Z,100.0,100.0,60.0,,noise,0,Noise,timeofday:America/Anchorage:day7-19:night1-5,AM,2.0-20.0,210.17411577551908,1069.6667991826937,184.12272260240164,883.8566525067254,0.7674610055173401,2.066907796435044,0.9571143284220085,,,2.6,286.6914073743851,3.0829548070567494
122,,AM,R1796,00,EHZ,61.1981981981982,-149.91291617029023,2026-09-13T11:11:59.996000Z,2026-09-13T11:12:59.996000Z,100.0,100.0,60.0,,noise,0,Noise,timeofday:America/Anchorage:day7-19:night1-5,AM,2.0-20.0,263.394435038497,2590.667327528026,238.17704673960753,2498.9890893684114,0.8176861126626669,4.863593864420558,6.216419434967291,,,2.6,286.6914073743851,8.716651511306116
123,,AM,R1796,00,EHZ,61.1981981981982,-149.91291617029023,2026-09-13T11:12:59.996000Z,2026-09-13T11:13:59.996000Z,100.0,100.0,60.0,,noise,0,Noise,timeofday:America/Anchorage:day7-19:night1-5,AM,2.0-20.0,202.77037449863658,942.3323539917625,178.28181028883887,883.0385558613791,0.7730455136028161,2.7132488103773515,0.5535334283104998,,,2.6,286.6914073743851,3.080101227827296
124,,AM,R1796,00,EHZ,61.1981981981982,-149.91291617029023,2026-09-13T11:13:59.996000Z,2026-09-13T11:14:59.996000Z,100.0,100.0,60.0,,noise,0,Noise,timeofday:America/Anchorage:day7-19:night1-5,AM,2.0-20.0,367.1501876285433,2227.332113270961,346.02878533182036,2098.8473545798774,0.8882535411050929,6.4606799312037815,3.29142039921879,,,2.6,286.6914073743851,7.320928707985415
125,,AM,R1796,00,EHZ,61.1981981981982,-149.91291617029023,2026-09-13T11:14:59.996000Z,2026-09-13T11:15:59.996000Z,100.0,100.0,60.0,,noise,0,Noise,timeofday:America/Anchorage:day7-19:night1-5,AM,2.0-20.0,472.2374537120518,3977.33163260463,449.1678376920854,4079.972895730749,0.904683033798601,6.46775821611444,12.094854042721886,,,2.6,286.6914073743851,14.231235365916588
126,,AM,R1796,00,EHZ,61.1981981981982,-149.91291617029023,2026-09-13T11:15:59.996000Z,2026-09-13T11:16:59.996000Z,100.0,100.0,60.0,,noise,0,Noise,timeofday:America/Anchorage:day7-19:night1-5,AM,2.0-20.0,257.14884581926884,2039.6690180005128,232.32268736287907,1781.4721725191557,0.8162328824634023,3.5703288018740444,2.6849466506352506,,,2.6,286.6914073743851,6.213901521620296
127,,AM,R1796,00,EHZ,61.1981981981982,-149.91291617029023,2026-09-13T11:16:59.996000Z,2026-09-13T11:17:59.996000Z,100.0,100.0,60.0,,noise,0,Noise,timeofday:America/Anchorage:day7-19:night1-5,AM,2.0-20.0,247.31616762185658,1290.6696506969558,216.8166096771957,1369.3086204844726,0.7685640780343947,2.460662928698203,1.9789935306575677,,,2.6,286.6914073743851,4.776245765525569
128,,AM,R1796,00,EHZ,61.1981981981982,-149.91291617029023,2026-09-13T11:17:59.996000Z,2026-09-13T11:18:59.996000Z,100.0,100.0,60.0,,noise,0,Noise,timeofday:America/Anchorage:day7-19:night1-5,AM,2.0-20.0,339.83747327171017,2804.669828931135,315.5215958764104,2512.3073210352713,0.8620166366781229,5.086280293659722,6.11368261803236,,,2.6,286.6914073743851,8.763106449697304
129,,AM,R1796,00,EHZ,61.1981981981982,-149.91291617029023,2026-09-13T11:19:59.996000Z,2026-09-13T11:20:59.996000Z,100.0,100.0,60.0,,noise,0,Noise,timeofday:America/Anchorage:day7-19:night1-5,AM,2.0-20.0,368.66170943629305,2395.3289685502355,342.7703551696282,2161.059019630408,0.8644710301626949,5.023942382298417,3.78654355782587,,,2.6,286.6914073743851,7.537927416179307
130,,AM,R1796,00,EHZ,61.1981981981982,-149.91291617029023,2026-09-13T11:20:59.996000Z,2026-09-13T11:21:59.996000Z,100.0,100.0,60.0,,noise,0,Noise,timeofday:America/Anchorage:day7-19:night1-5,AM,2.0-20.0,261.6989019194562,2870.6715217294254,235.2676192476441,2489.1940739824354,0.8082031052713864,4.204458374614196,6.54108182607694,,,2.6,286.6914073743851,8.682485801647491
131,,AM,R1796,00,EHZ,61.1981981981982,-149.91291617029023,2026-09-13T11:21:59.996000Z,2026-09-13T11:22:59.996000Z,100.0,100.0,60.0,,noise,0,Noise,timeofday:America/Anchorage:day7-19:night1-5,AM,2.0-20.0,353.13756536383306,2525.6715960776523,329.88167815721044,2714.464098740708,0.872626813096593,4.08861999433716,2.948567070631359,,,2.6,286.6914073743851,9.468243654738973
132,,AM,R1796,00,EHZ,61.1981981981982,-149.91291617029023,2026-09-13T11:22:59.996000Z,2026-09-13T11:23:59.996000Z,100.0,100.0,60.0,,noise,0,Noise,timeofday:America/Anchorage:day7-19:night1-5,AM,2.0-20.0,292.6978920912333,1902.327861699713,260.95042049203886,1948.8170992199969,0.7948346883075837,2.528685617866819,1.313606429073439,,,2.6,286.6914073743851,6.797612516775126
133,,AM,R1796,00,EHZ,61.1981981981982,-149.91291617029023,2026-09-13T11:23:59.996000Z,2026-09-13T11:24:59.996000Z,100.0,100.0,60.0,,noise,0,Noise,timeofday:America/Anchorage:day7-19:night1-5,AM,2.0-20.0,321.390270902357,2487.6727188211767,298.44324408182126,2366.5370656741943,0.8622993383336833,5.588059743927369,7.0792323275102405,,,2.6,286.6914073743851,8.254649441180414
134,,AM,R1796,00,EHZ,61.1981981981982,-149.91291617029023,2026-09-13T11:24:59.996000Z,2026-09-13T11:25:59.996000Z,100.0,100.0,60.0,,noise,0,Noise,timeofday:America/Anchorage:day7-19:night1-5,AM,2.0-20.0,402.05677215410407,3260.673039937297,375.76336791289435,3255.2685545592312,0.8734823142620718,5.989289354544951,5.772964610541983,,,2.6,286.6914073743851,11.354608023909957
135,,AM,R1796,00,EHZ,61.1981981981982,-149.91291617029023,2026-09-13T11:25:59.996000Z,2026-09-13T11:26:59.996000Z,100.0,100.0,60.0,,noise,0,Noise,timeofday:America/Anchorage:day7-19:night1-5,AM,2.0-20.0,321.5527503941565,2339.3262444125507,288.8092749542732,2243.9411443840854,0.8067106959778619,3.88892816086172,4.791975400619853,,,2.6,286.6914073743851,7.827026156573166
136,,AM,R1796,00,EHZ,61.1981981981982,-149.91291617029023,2026-09-13T11:26:59.996000Z,2026-09-13T11:27:59.996000Z,100.0,100.0,60.0,,noise,0,Noise,timeofday:America/Anchorage:day7-19:night1-5,AM,2.0-20.0,290.8874966336179,2334.6743039347016,265.4008716535751,2362.514429681396,0.8324431452642953,6.266071847185602,5.595298587135131,,,2.6,286.6914073743851,8.240618201006043
137,,AM,R1796,00,EHZ,61.1981981981982,-149.91291617029023,2026-09-13T11:27:59.996000Z,2026-09-13T11:28:59.996000Z,100.0,100.0,60.0,,noise,0,Noise,timeofday:America/Anchorage:day7-19:night1-5,AM,2.0-20.0,321.49056658777096,2113.674701027117,294.7578526474126,2189.768668388372,0.8406095116372443,3.185305741752964,3.2376273917617393,,,2.6,286.6914073743851,7.638068711033229
138,,AM,R1796,00,EHZ,61.1981981981982,-149.91291617029023,2026-09-13T11:28:59.996000Z,2026-09-13T11:29:59.996000Z,100.0,100.0,60.0,,noise,0,Noise,timeofday:America/Anchorage:day7-19:night1-5,AM,2.0-20.0,223.38047511835592,1028.6751119968314,193.66722298430193,1075.7759332493679,0.751660675196344,3.6163278261169136,0.7044611538099899,,,2.6,286.6914073743851,3.7523828952589833
139,,AM,R1796,00,EHZ,61.1981981981982,-149.91291617029023,2026-09-13T11:29:59.996000Z,2026-09-13T11:30:59.996000Z,100.0,100.0,60.0,,noise,0,Noise,timeofday:America/Anchorage:day7-19:night1-5,AM,2.0-20.0,238.46318029681078,1885.675542038148,214.33691946376027,2105.730938590505,0.8078882760524561,4.622730989165863,6.139759666601554,,,2.6,286.6914073743851,7.344939138132833
140,,AM,R1796,00,EHZ,61.1981981981982,-149.91291617029023,2026-09-13T11:30:59.996000Z,2026-09-13T11:31:59.996000Z,100.0,100.0,60.0,,noise,0,Noise,timeofday:America/Anchorage:day7-19:night1-5,AM,2.0-20.0,291.8886408115926,2233.3240446663335,268.29480849189196,2679.68325198768,0.8448705068662244,5.624237611519575,8.278662399412232,,,2.6,286.6914073743851,9.346925589884632
141,,AM,R1796,00,EHZ,61.1981981981982,-149.91291617029023,2026-09-13T11:31:59.996000Z,2026-09-13T11:32:59.996000Z,100.0,100.0,60.0,,noise,0,Noise,timeofday:America/Anchorage:day7-19:night1-5,AM,2.0-20.0,378.95602625341445,3912.323622920387,359.43509295901777,3642.5450757427234,0.899628732922102,6.923388417384815,11.66515589556181,,,2.6,286.6914073743851,12.705456048028639
142,,AM,R1796,00,EHZ,61.1981981981982,-149.91291617029023,2026-09-13T11:32:59.996000Z,2026-09-13T11:33:59.996000Z,100.0,100.0,60.0,,noise,0,Noise,timeofday:America/Anchorage:day7-19:night1-5,AM,2.0-20.0,364.81997621582684,4559.323216447229,342.7612118585437,4642.641183095202,0.8827264051249133,6.295852678541982,31.29040093522522,,,2.6,286.6914073743851,16.193862333071117
143,,AM,R1796,00,EHZ,61.1981981981982,-149.91291617029023,2026-09-13T11:33:59.996000Z,2026-09-13T11:34:59.996000Z,100.0,100.0,60.0,,noise,0,Noise,timeofday:America/Anchorage:day7-19:night1-5,AM,2.0-20.0,287.0228713201305,2557.677333605617,260.0847829416359,2683.9014585478308,0.8211015594932326,6.571341186676655,9.762294605304628,,,2.6,286.6914073743851,9.361638994094346
144,,AM,R1796,00,EHZ,61.1981981981982,-149.91291617029023,2026-09-13T11:34:59.996000Z,2026-09-13T11:35:59.996000Z,100.0,100.0,60.0,,noise,0,Noise,timeofday:America/Anchorage:day7-19:night1-5,AM,2.0-20.0,247.61253122745174,1758.3220593593185,222.51381992897745,1665.6130139618683,0.8075487314426482,4.340701101604031,3.703701014629072,,,2.6,286.6914073743851,5.8097765441109805
145,,AM,R1796,00,EHZ,61.1981981981982,-149.91291617029023,2026-09-13T11:35:59.996000Z,2026-09-13T11:36:59.996000Z,100.0,100.0,60.0,,noise,0,Noise,timeofday:America/Anchorage:day7-19:night1-5,AM,2.0-20.0,198.7286057807085,901.6783888232743,170.99567037372924,851.0017615195036,0.7403710983124664,3.2673180366456633,0.18705947929016187,,,2.6,286.6914073743851,2.9683546127638065
146,,AM,R1796,00,EHZ,61.1981981981982,-149.91291617029023,2026-09-13T11:36:59.996000Z,2026-09-13T11:37:59.996000Z,100.0,100.0,60.0,,noise,0,Noise,timeofday:America/Anchorage:day7-19:night1-5,AM,2.0-20.0,352.3418028458165,2520.321344329383,332.63328333616107,2430.348280387539,0.8912572196482964,3.1913205788901573,6.2638250822383625,,,2.6,286.6914073743851,8.477227492255432
147,,AM,R1796,00,EHZ,61.1981981981982,-149.91291617029023,2026-09-13T11:37:59.996000Z,2026-09-13T11:38:59.996000Z,100.0,100.0,60.0,,noise,0,Noise,timeofday:America/Anchorage:day7-19:night1-5,AM,2.0-20.0,476.73652330299655,5096.6792181277515,457.4174387143632,4651.436577469227,0.9205949443941717,6.620308498808592,16.54328343388268,,,2.6,286.6914073743851,16.224541293611217
148,,AM,R1796,00,EHZ,61.1981981981982,-149.91291617029023,2026-09-13T11:38:59.996000Z,2026-09-13T11:39:59.996000Z,100.0,100.0,60.0,,noise,0,Noise,timeofday:America/Anchorage:day7-19:night1-5,AM,2.0-20.0,315.6072748147862,2080.6794967591736,296.66480643978883,2054.3197523727854,0.8835640698060194,4.226572204500859,3.7302163583366257,,,2.6,286.6914073743851,7.165613267544104
149,,AM,R1796,00,EHZ,61.1981981981982,-149.91291617029023,2026-09-13T11:39:59.996000Z,2026-09-13T11:40:59.996000Z,100.0,100.0,60.0,,noise,0,Noise,timeofday:America/Anchorage:day7-19:night1-5,AM,2.0-20.0,260.6092520762153,1501.319691534937,235.83753569270635,1215.9847355908942,0.81892889817427,3.131712359262719,0.9864760698139361,,,2.6,286.6914073743851,4.241441160470365
150,,AM,R1796,00,EHZ,61.1981981981982,-149.91291617029023,2026-09-13T11:40:59.996000Z,2026-09-13T11:41:59.996000Z,100.0,100.0,60.0,,noise,0,Noise,timeofday:America/Anchorage:day7-19:night1-5,AM,2.0-20.0,224.35021456603877,968.6808318486795,192.14355084533244,1002.1874829262135,0.7334975137470441,2.3657045986875715,0.4211388398666198,,,2.6,286.6914073743851,3.495701151647964
151,,AM,R1796,00,EHZ,61.1981981981982,-149.91291617029023,2026-09-13T11:41:59.996000Z,2026-09-13T11:42:59.996000Z,100.0,100.0,60.0,,noise,0,Noise,timeofday:America/Anchorage:day7-19:night1-5,AM,2.0-20.0,263.14561704364695,2375.6810794693697,242.3535607488175,2548.348415008508,0.848216132604406,5.774347478504865,8.737573049980616,,,2.6,286.6914073743851,8.888820346403566
152,,AM,R1796,00,EHZ,61.1981981981982,-149.91291617029023,2026-09-13T11:42:59.996000Z,2026-09-13T11:43:59.996000Z,100.0,100.0,60.0,,noise,0,Noise,timeofday:America/Anchorage:day7-19:night1-5,AM,2.0-20.0,302.68194919679587,2287.3184701772884,282.7870080138856,1959.7489164116482,0.8728625524211502,5.902477596118356,5.62037031009179,,,2.6,286.6914073743851,6.835743471908272
153,,AM,R1796,00,EHZ,61.1981981981982,-149.91291617029023,2026-09-13T11:43:59.996000Z,2026-09-13T11:44:59.996000Z,100.0,100.0,60.0,,noise,0,Noise,timeofday:America/Anchorage:day7-19:night1-5,AM,2.0-20.0,275.0691314342682,1415.318130067092,253.3370163456039,1247.344898597052,0.8482299260008572,4.00669115915905,1.4396581692348835,,,2.6,286.6914073743851,4.350827637356312
154,,AM,R1796,00,EHZ,61.1981981981982,-149.91291617029023,2026-09-13T11:44:59.996000Z,2026-09-13T11:45:59.996000Z,100.0,100.0,60.0,,noise,0,Noise,timeofday:America/Anchorage:day7-19:night1-5,AM,2.0-20.0,240.63684196816016,1490.3176975449212,213.1852898722436,1234.63486028863,0.7848564467680336,3.020987646826926,0.9166176128048424,,,2.6,286.6914073743851,4.306494120615002
155,,AM,R1796,00,EHZ,61.1981981981982,-149.91291617029023,2026-09-13T11:45:59.996000Z,2026-09-13T11:46:59.996000Z,100.0,100.0,60.0,,noise,0,Noise,timeofday:America/Anchorage:day7-19:night1-5,AM,2.0-20.0,295.5705979489578,2625.6828042087104,271.2925405436718,2411.767996738443,0.8424676721642257,4.372146067707043,6.405966341482747,,,2.6,286.6914073743851,8.41241814265106
156,,AM,R1796,00,EHZ,61.1981981981982,-149.91291617029023,2026-09-13T11:47:59.996000Z,2026-09-13T11:48:59.996000Z,100.0,100.0,60.0,,noise,0,Noise,timeofday:America/Anchorage:day7-19:night1-5,AM,2.0-20.0,276.14676486454846,1458.683806087912,240.78583829708995,1497.3200658081046,0.7602946975042242,3.457485513608318,1.5300214588067682,,,2.6,286.6914073743851,5.222758782765964
157,,AM,R1796,00,EHZ,61.1981981981982,-149.91291617029023,2026-09-13T11:48:59.996000Z,2026-09-13T11:49:59.996000Z,100.0,100.0,60.0,,noise,0,Noise,timeofday:America/Anchorage:day7-19:night1-5,AM,2.0-20.0,252.3612749025459,2318.315689910178,228.77381368159104,2544.4942560102795,0.8218020086785969,5.258526032795855,12.691720323207935,,,2.6,286.6914073743851,8.875376765957519
158,,AM,R1796,00,EHZ,61.1981981981982,-149.91291617029023,2026-09-13T11:49:59.996000Z,2026-09-13T11:50:59.996000Z,100.0,100.0,60.0,,noise,0,Noise,timeofday:America/Anchorage:day7-19:night1-5,AM,2.0-20.0,198.2123240159608,930.6850227164244,167.96189144358192,723.5041685700423,0.7180591259054517,2.23601157686283,0.207173593123545,,,2.6,286.6914073743851,2.523633949116694
159,,AM,R1796,00,EHZ,61.1981981981982,-149.91291617029023,2026-09-13T11:50:59.996000Z,2026-09-13T11:51:59.996000Z,100.0,100.0,60.0,,noise,0,Noise,timeofday:America/Anchorage:day7-19:night1-5,AM,2.0-20.0,244.70719596030008,1207.6851695522375,223.64542273420255,1303.8192873338505,0.8352693530496093,3.250730620845231,1.2853593389768765,,,2.6,286.6914073743851,4.547814318101333
160,,AM,R1796,00,EHZ,61.1981981981982,-149.91291617029023,2026-09-13T11:51:59.996000Z,2026-09-13T11:52:59.996000Z,100.0,100.0,60.0,,noise,0,Noise,timeofday:America/Anchorage:day7-19:night1-5,AM,2.0-20.0,236.5860309712221,1474.6855645514254,211.59435345941725,1394.4460398526787,0.7998894175729804,3.539612429469482,2.247662939221505,,,2.6,286.6914073743851,4.863926870440512
161,,AM,R1796,00,EHZ,61.1981981981982,-149.91291617029023,2026-09-13T11:52:59.996000Z,2026-09-13T11:53:59.996000Z,100.0,100.0,60.0,,noise,0,Noise,timeofday:America/Anchorage:day7-19:night1-5,AM,2.0-20.0,300.0573111702643,2875.31398780867,279.43170921212146,2858.486017741129,0.8672472832294085,6.680601698084243,13.512967937282262,,,2.6,286.6914073743851,9.970602341800515
162,,AM,R1796,00,EHZ,61.1981981981982,-149.91291617029023,2026-09-13T11:53:59.996000Z,2026-09-13T11:54:59.996000Z,100.0,100.0,60.0,,noise,0,Noise,timeofday:America/Anchorage:day7-19:night1-5,AM,2.0-20.0,220.18027390984267,1916.6864947183087,197.4042996940852,1985.3806857402815,0.8038155443705898,6.512124237277973,9.257844645629868,,,2.6,286.6914073743851,6.925148904611602
163,,AM,R1796,00,EHZ,61.1981981981982,-149.91291617029023,2026-09-13T11:54:59.996000Z,2026-09-13T11:55:59.996000Z,100.0,100.0,60.0,,noise,0,Noise,timeofday:America/Anchorage:day7-19:night1-5,AM,2.0-20.0,352.71766032237815,3245.687157262582,333.4916980544476,3511.7397025417595,0.8939549717413701,6.951768600662359,9.268348963839742,,,2.6,286.6914073743851,12.249197611827418
164,,AM,R1796,00,EHZ,61.1981981981982,-149.91291617029023,2026-09-13T11:55:59.996000Z,2026-09-13T11:56:59.996000Z,100.0,100.0,60.0,,noise,0,Noise,timeofday:America/Anchorage:day7-19:night1-5,AM,2.0-20.0,271.202005275584,2047.3126191500457,249.56401133472173,2054.3022733712655,0.8467946829250733,4.622285937372428,6.28852354756277,,,2.6,286.6914073743851,7.165552299544818
165,,AM,R1796,00,EHZ,61.1981981981982,-149.91291617029023,2026-09-13T11:56:59.996000Z,2026-09-13T11:57:59.996000Z,100.0,100.0,60.0,,noise,0,Noise,timeofday:America/Anchorage:day7-19:night1-5,AM,2.0-20.0,228.7492180215362,1042.6881639484411,195.986680713942,901.2314024248394,0.7340639208234979,3.133828579955712,0.5656948294191211,,,2.6,286.6914073743851,3.1435591693473315
166,,AM,R1796,00,EHZ,61.1981981981982,-149.91291617029023,2026-09-13T11:57:59.996000Z,2026-09-13T11:58:59.996000Z,100.0,100.0,60.0,,noise,0,Noise,timeofday:America/Anchorage:day7-19:night1-5,AM,2.0-20.0,242.64502168130355,1865.3113897296068,209.3392296012766,1737.825750656143,0.7443179153893876,4.924396934805041,3.227412683944702,,,2.6,286.6914073743851,6.06165970083208
167,,AM,R1796,00,EHZ,61.1981981981982,-149.91291617029023,2026-09-13T11:58:59.996000Z,2026-09-13T11:59:59.996000Z,100.0,100.0,60.0,,noise,0,Noise,timeofday:America/Anchorage:day7-19:night1-5,AM,2.0-20.0,260.23702369110515,1656.6890267445117,233.92321074410506,1423.5426485713226,0.8079946142198632,4.321105882650997,2.303560221337305,,,2.6,286.6914073743851,4.965417909133022
168,,AM,R1796,00,EHZ,61.1981981981982,-149.91291617029023,2026-09-13T11:59:59.996000Z,2026-09-13T12:00:59.996000Z,100.0,100.0,60.0,,noise,0,Noise,timeofday:America/Anchorage:day7-19:night1-5,AM,2.0-20.0,351.8428503715576,3206.689404300166,322.4643045390719,3330.3224210189833,0.8399739805294415,5.597790987630024,11.928385405087479,,,2.6,286.6914073743851,11.616401243131698
169,,AM,R1796,00,EHZ,61.1981981981982,-149.91291617029023,2026-09-13T12:00:59.996000Z,2026-09-13T12:01:59.996000Z,100.0,100.0,60.0,,noise,0,Noise,timeofday:America/Anchorage:day7-19:night1-5,AM,2.0-20.0,322.88793514703275,3194.689902332509,297.51051804986207,3098.1270464465374,0.8489869466797996,5.002904713225702,12.177491614542971,,,2.6,286.6914073743851,10.80648727780233
170,,AM,R1796,00,EHZ,61.1981981981982,-149.91291617029023,2026-09-13T12:03:59.996000Z,2026-09-13T12:04:59.996000Z,100.0,100.0,60.0,,noise,0,Noise,timeofday:America/Anchorage:day7-19:night1-5,AM,2.0-20.0,293.7890812524608,2055.3084763489355,270.85738377137784,1979.0990136306518,0.8499826411183425,4.535866031639666,3.8841312136794555,,,2.6,286.6914073743851,6.903237985944177
171,,AM,R1796,00,EHZ,61.1981981981982,-149.91291617029023,2026-09-13T12:04:59.996000Z,2026-09-13T12:05:59.996000Z,100.0,100.0,60.0,,noise,0,Noise,timeofday:America/Anchorage:day7-19:night1-5,AM,2.0-20.0,248.7472487266527,1782.691974081935,218.10754141854457,1834.8776297325346,0.768820212774688,3.4023816907478874,4.260963468800941,,,2.6,286.6914073743851,6.400183551146342
172,,AM,R1796,00,EHZ,61.1981981981982,-149.91291617029023,2026-09-13T12:05:59.996000Z,2026-09-13T12:06:59.996000Z,100.0,100.0,60.0,,noise,0,Noise,timeofday:America/Anchorage:day7-19:night1-5,AM,2.0-20.0,426.1159383248767,4255.692393424549,391.43397919568974,4554.17076332696,0.843842681169987,7.093044141293366,15.221674217105793,,,2.6,286.6914073743851,15.885271222585862
173,,AM,R1796,00,EHZ,61.1981981981982,-149.91291617029023,2026-09-13T12:06:59.996000Z,2026-09-13T12:07:59.996000Z,100.0,100.0,60.0,,noise,0,Noise,timeofday:America/Anchorage:day7-19:night1-5,AM,2.0-20.0,399.7298492925684,2307.692763227518,354.1381534328781,2111.4011053360227,0.7848962916548473,3.688002913637402,2.281996467818402,,,2.6,286.6914073743851,7.364717082639252
174,,AM,R1796,00,EHZ,61.1981981981982,-149.91291617029023,2026-09-13T12:07:59.996000Z,2026-09-13T12:08:59.996000Z,100.0,100.0,60.0,,noise,0,Noise,timeofday:America/Anchorage:day7-19:night1-5,AM,2.0-20.0,437.70115454161567,2004.306893096055,359.6215264418969,1575.906157792057,0.6750500532491667,2.266896107597246,0.7608737743870178,,,2.6,286.6914073743851,5.496872655601114
175,,AM,R1796,00,EHZ,61.1981981981982,-149.91291617029023,2026-09-13T12:08:59.996000Z,2026-09-13T12:09:59.996000Z,100.0,100.0,60.0,,noise,0,Noise,timeofday:America/Anchorage:day7-19:night1-5,AM,2.0-20.0,267.16327234811376,1415.3061844233205,233.70980496675105,1395.7411521643278,0.7652447476043455,4.266727892306359,2.3651873714362646,,,2.6,286.6914073743851,4.868444314208744
176,,AM,R1796,00,EHZ,61.1981981981982,-149.91291617029023,2026-09-13T12:09:59.996000Z,2026-09-13T12:10:59.996000Z,100.0,100.0,60.0,,noise,0,Noise,timeofday:America/Anchorage:day7-19:night1-5,AM,2.0-20.0,324.99594004304015,2676.694171502349,302.81059937279565,2871.144994839263,0.8681330182906545,6.034763600737633,6.074478395278911,,,2.6,286.6914073743851,10.014757753412145
177,,AM,R1796,00,EHZ,61.1981981981982,-149.91291617029023,2026-09-13T12:10:59.996000Z,2026-09-13T12:11:59.996000Z,100.0,100.0,60.0,,noise,0,Noise,timeofday:America/Anchorage:day7-19:night1-5,AM,2.0-20.0,396.99695595315114,3149.694689614141,378.82019856483186,2956.8433353692044,0.9105250559734398,6.192610693683687,5.729334881060858,,,2.6,286.6914073743851,10.313679654541987
178,,AM,R1796,00,EHZ,61.1981981981982,-149.91291617029023,2026-09-13T12:11:59.996000Z,2026-09-13T12:12:59.996000Z,100.0,100.0,60.0,,noise,0,Noise,timeofday:America/Anchorage:day7-19:night1-5,AM,2.0-20.0,334.7527017154381,2401.69508391559,316.60847385700436,2347.6875412621903,0.8945340719833798,5.925174654305207,6.033886414766204,,,2.6,286.6914073743851,8.18890096066391
179,,AM,R1796,00,EHZ,61.1981981981982,-149.91291617029023,2026-09-13T12:12:59.996000Z,2026-09-13T12:13:59.996000Z,100.0,100.0,60.0,,noise,0,Noise,timeofday:America/Anchorage:day7-19:night1-5,AM,2.0-20.0,294.1211532254635,2113.695600011684,273.5259232637577,2165.3627754451604,0.864857318867398,4.798742285917369,3.928314843149968,,,2.6,286.6914073743851,7.552939222267839
180,,AM,R1796,00,EHZ,61.1981981981982,-149.91291617029023,2026-09-13T12:13:59.996000Z,2026-09-13T12:14:59.996000Z,100.0,100.0,60.0,,noise,0,Noise,timeofday:America/Anchorage:day7-19:night1-5,AM,2.0-20.0,308.7881766314501,2380.6961801449356,290.14246986390646,2387.3183246263557,0.8828791920003147,5.491850502893252,7.559863297907157,,,2.6,286.6914073743851,8.327135949033869
181,,AM,R1796,00,EHZ,61.1981981981982,-149.91291617029023,2026-09-13T12:14:59.996000Z,2026-09-13T12:15:59.996000Z,100.0,100.0,60.0,,noise,0,Noise,timeofday:America/Anchorage:day7-19:night1-5,AM,2.0-20.0,205.05866738511364,992.6963304694576,182.2447575336377,948.296961680305,0.7898667404929998,2.2059639579690637,0.9573773413032058,,,2.6,286.6914073743851,3.307727184309857
182,,AM,R1796,00,EHZ,61.1981981981982,-149.91291617029023,2026-09-13T12:15:59.996000Z,2026-09-13T12:16:59.996000Z,100.0,100.0,60.0,,noise,0,Noise,timeofday:America/Anchorage:day7-19:night1-5,AM,2.0-20.0,292.2264404551133,2235.696825245675,269.8179990677955,2134.3952885566823,0.8525165494747938,5.192774353801242,5.606574322484107,,,2.6,286.6914073743851,7.444922427582262
183,,AM,R1796,00,EHZ,61.1981981981982,-149.91291617029023,2026-09-13T12:16:59.996000Z,2026-09-13T12:17:59.996000Z,100.0,100.0,60.0,,noise,0,Noise,timeofday:America/Anchorage:day7-19:night1-5,AM,2.0-20.0,500.77843791041477,5407.302514380805,486.69801084305755,4969.2907241466,0.9445564114827654,6.831126957253545,20.088607429163634,,,2.6,286.6914073743851,17.333239142592415
184,,AM,R1796,00,EHZ,61.1981981981982,-149.91291617029023,2026-09-13T12:17:59.996000Z,2026-09-13T12:18:59.996000Z,100.0,100.0,60.0,,noise,0,Noise,timeofday:America/Anchorage:day7-19:night1-5,AM,2.0-20.0,278.03823131985394,2901.6977662663116,257.2744807930608,2757.595051771995,0.8562180647882706,6.530410067623702,15.798798236100865,,,2.6,286.6914073743851,9.618687483615096
185,,AM,R1796,00,EHZ,61.1981981981982,-149.91291617029023,2026-09-13T12:18:59.996000Z,2026-09-13T12:19:59.996000Z,100.0,100.0,60.0,,noise,0,Noise,timeofday:America/Anchorage:day7-19:night1-5,AM,2.0-20.0,257.6297844235649,1522.698194912143,229.51421111355216,1324.8514588326311,0.7936463489329557,6.519998949629738,1.8477775300359545,,,2.6,286.6914073743851,4.621176026746179
186,,AM,R1796,00,EHZ,61.1981981981982,-149.91291617029023,2026-09-13T12:20:59.996000Z,2026-09-13T12:21:59.996000Z,100.0,100.0,60.0,,noise,0,Noise,timeofday:America/Anchorage:day7-19:night1-5,AM,2.0-20.0,215.86832560054353,1374.3009413614643,193.2208920509073,1367.0582802595536,0.8011804066334238,4.36582652917941,2.9512788170992392,,,2.6,286.6914073743851,4.768396418921398
187,,AM,R1796,00,EHZ,61.1981981981982,-149.91291617029023,2026-09-13T12:21:59.996000Z,2026-09-13T12:22:59.996000Z,100.0,100.0,60.0,,noise,0,Noise,timeofday:America/Anchorage:day7-19:night1-5,AM,2.0-20.0,212.97526599545012,1089.699585433332,190.95108423149196,1108.4177716155596,0.8038701801895936,2.3542349414495694,1.5401807872250686,,,2.6,286.6914073743851,3.866239946871156
188,,AM,R1796,00,EHZ,61.1981981981982,-149.91291617029023,2026-09-13T12:22:59.996000Z,2026-09-13T12:23:59.996000Z,100.0,100.0,60.0,,noise,0,Noise,timeofday:America/Anchorage:day7-19:night1-5,AM,2.0-20.0,276.6959746364239,2348.2998890898275,257.8582236162902,2507.653520113054,0.8684729392299213,6.884642516265153,8.972951528165051,,,2.6,286.6914073743851,8.746873661401212
189,,AM,R1796,00,EHZ,61.1981981981982,-149.91291617029023,2026-09-13T12:23:59.996000Z,2026-09-13T12:24:59.996000Z,100.0,100.0,60.0,,noise,0,Noise,timeofday:America/Anchorage:day7-19:night1-5,AM,2.0-20.0,215.1731855816561,1199.2991446772255,190.51249720955505,1045.587583522283,0.7839180067821738,3.951659221572945,1.5695742852298693,,,2.6,286.6914073743851,3.6470837863545356
190,,AM,R1796,00,EHZ,61.1981981981982,-149.91291617029023,2026-09-13T12:24:59.996000Z,2026-09-13T12:25:59.996000Z,100.0,100.0,60.0,,noise,0,Noise,timeofday:America/Anchorage:day7-19:night1-5,AM,2.0-20.0,387.4899162534716,4553.298892172345,363.77863025539756,4309.463745325156,0.8813604461203742,4.433136322260306,12.864367068289573,,,2.6,286.6914073743851,15.03171575595046
191,,AM,R1796,00,EHZ,61.1981981981982,-149.91291617029023,2026-09-13T12:25:59.996000Z,2026-09-13T12:26:59.996000Z,100.0,100.0,60.0,,noise,0,Noise,timeofday:America/Anchorage:day7-19:night1-5,AM,2.0-20.0,182.06404546857698,816.7013419586759,155.6704882442233,832.5391017711885,0.7310788129346789,1.635242009117438,0.23981195556636248,,,2.6,286.6914073743851,2.9039555436832147
192,,AM,R1796,00,EHZ,61.1981981981982,-149.91291617029023,2026-09-13T12:26:59.996000Z,2026-09-13T12:27:59.996000Z,100.0,100.0,60.0,,noise,0,Noise,timeofday:America/Anchorage:day7-19:night1-5,AM,2.0-20.0,196.08172080095198,911.2978332333993,173.20282135948304,914.25089031954,0.7802534632560703,2.6649728197383054,0.5213673709507622,,,2.6,286.6914073743851,3.188972068233759
193,,AM,R1796,00,EHZ,61.1981981981982,-149.91291617029023,2026-09-13T12:27:59.996000Z,2026-09-13T12:28:59.996000Z,100.0,100.0,60.0,,noise,0,Noise,timeofday:America/Anchorage:day7-19:night1-5,AM,2.0-20.0,238.67216348008063,1878.7023318987442,219.617563349245,2027.1886970248281,0.8467020237127091,4.719433202716215,8.30629508095615,,,2.6,286.6914073743851,7.070978218672453
194,,AM,R1796,00,EHZ,61.1981981981982,-149.91291617029023,2026-09-13T12:28:59.996000Z,2026-09-13T12:29:59.996000Z,100.0,100.0,60.0,,noise,0,Noise,timeofday:America/Anchorage:day7-19:night1-5,AM,2.0-20.0,248.11149054220195,1709.7030118090254,226.63363245385858,1823.376844837164,0.8343628593012593,5.181592572615479,5.526808571743651,,,2.6,286.6914073743851,6.360067996234186
195,,AM,R1796,00,EHZ,61.1981981981982,-149.91291617029023,2026-09-13T12:29:59.996000Z,2026-09-13T12:30:59.996000Z,100.0,100.0,60.0,,noise,0,Noise,timeofday:America/Anchorage:day7-19:night1-5,AM,2.0-20.0,323.51033542601215,1926.703328040959,303.8102381019478,2074.499160220794,0.8819185757940663,3.9304022867521233,2.8490945315702643,,,2.6,286.6914073743851,7.23600047598128
196,,AM,R1796,00,EHZ,61.1981981981982,-149.91291617029023,2026-09-13T12:31:59.996000Z,2026-09-13T12:32:59.996000Z,100.0,100.0,60.0,,noise,0,Noise,timeofday:America/Anchorage:day7-19:night1-5,AM,2.0-20.0,282.9952134608694,3044.7045269933546,255.11937737770987,2823.2389340667405,0.8126971049538184,5.70139306331861,9.61612807054141,,,2.6,286.6914073743851,9.847658009435644
197,,AM,R1796,00,EHZ,61.1981981981982,-149.91291617029023,2026-09-13T12:32:59.996000Z,2026-09-13T12:33:59.996000Z,100.0,100.0,60.0,,noise,0,Noise,timeofday:America/Anchorage:day7-19:night1-5,AM,2.0-20.0,291.49531238425726,2445.7050220021515,266.2389901920509,2706.9092382060826,0.8342191680344307,5.84885578593041,7.583369227674291,,,2.6,286.6914073743851,9.441891764377782
198,,AM,R1796,00,EHZ,61.1981981981982,-149.91291617029023,2026-09-13T12:33:59.996000Z,2026-09-13T12:34:59.996000Z,100.0,100.0,60.0,,noise,0,Noise,timeofday:America/Anchorage:day7-19:night1-5,AM,2.0-20.0,252.20996044551705,1206.7054535940035,222.75587105735602,1081.2131452686713,0.7800704930783401,2.8323802871750132,1.228803041528483,,,2.6,286.6914073743851,3.77134827712759
199,,AM,R1796,00,EHZ,61.1981981981982,-149.91291617029023,2026-09-13T12:35:59.996000Z,2026-09-13T12:36:59.996000Z,100.0,100.0,60.0,,noise,0,Noise,timeofday:America/Anchorage:day7-19:night1-5,AM,2.0-20.0,272.68812907334245,1802.2937065578706,246.63153576254976,1769.3329339325155,0.8180215597745434,5.835041631041291,5.466202472796917,,,2.6,286.6914073743851,6.171558994867174
200,,AM,R1796,00,EHZ,61.1981981981982,-149.91291617029023,2026-09-13T12:36:59.996000Z,2026-09-13T12:37:59.996000Z,100.0,100.0,60.0,,noise,0,Noise,timeofday:America/Anchorage:day7-19:night1-5,AM,2.0-20.0,782.6458603811163,4475.706786977919,718.2589388625801,3986.84937410073,0.8422315269300376,6.565148491389888,4.699397650253818,,,2.6,286.6914073743851,13.906413905507728
201,,AM,R1796,00,EHZ,61.1981981981982,-149.91291617029023,2026-09-13T12:37:59.996000Z,2026-09-13T12:38:59.996000Z,100.0,100.0,60.0,,traffic,1,Traffic,timeofday:America/Anchorage:day7-19:night1-5+burst>=20x,AM,2.0-20.0,626.9192984107643,7210.706937379963,560.829936068671,7768.288009599796,0.8002747180048526,4.654515638852171,24.577109725963144,,,2.6,286.6914073743851,27.096340559155056
202,,AM,R1796,00,EHZ,61.1981981981982,-149.91291617029023,2026-09-13T12:38:59.996000Z,2026-09-13T12:39:59.996000Z,100.0,100.0,60.0,,noise,0,Noise,timeofday:America/Anchorage:day7-19:night1-5,AM,2.0-20.0,467.12736954025735,3266.292512334611,388.1227398367226,2746.484064985746,0.6903471706708325,5.03895242833634,4.607976265591136,,,2.6,286.6914073743851,9.579931572204961
203,,AM,R1796,00,EHZ,61.1981981981982,-149.91291617029023,2026-09-13T12:39:59.996000Z,2026-09-13T12:40:59.996000Z,100.0,100.0,60.0,,noise,0,Noise,timeofday:America/Anchorage:day7-19:night1-5,AM,2.0-20.0,285.7011450223937,3092.2920850842606,259.64534929656986,3215.485945078355,0.8259183860150902,4.715599428737239,11.26366760719944,,,2.6,286.6914073743851,11.215843455256788
204,,AM,R1796,00,EHZ,61.1981981981982,-149.91291617029023,2026-09-13T12:41:59.996000Z,2026-09-13T12:42:59.996000Z,100.0,100.0,60.0,,noise,0,Noise,timeofday:America/Anchorage:day7-19:night1-5,AM,2.0-20.0,320.28703326927723,2422.7088783416325,293.65889438118904,2368.925769756929,0.8406352656850704,5.039624913131673,7.0134430148716636,,,2.6,286.6914073743851,8.262981410752197
205,,AM,R1796,00,EHZ,61.1981981981982,-149.91291617029023,2026-09-13T12:42:59.996000Z,2026-09-13T12:43:59.996000Z,100.0,100.0,60.0,,noise,0,Noise,timeofday:America/Anchorage:day7-19:night1-5,AM,2.0-20.0,338.77252325773213,1918.2904165518673,299.0972616313175,1955.58454144348,0.7794863528971525,3.5155066662780072,2.190278549480718,,,2.6,286.6914073743851,6.82121783611644
206,,AM,R1796,00,EHZ,61.1981981981982,-149.91291617029023,2026-09-13T12:43:59.996000Z,2026-09-13T12:44:59.996000Z,100.0,100.0,60.0,,noise,0,Noise,timeofday:America/Anchorage:day7-19:night1-5,AM,2.0-20.0,399.8325777188844,3331.709758348657,373.2524655782105,3502.6954220201214,0.8714631281798263,6.337670340697546,9.865174354333544,,,2.6,286.6914073743851,12.217650518719646
207,,AM,R1796,00,EHZ,61.1981981981982,-149.91291617029023,2026-09-13T12:44:59.996000Z,2026-09-13T12:45:59.996000Z,100.0,100.0,60.0,,noise,0,Noise,timeofday:America/Anchorage:day7-19:night1-5,AM,2.0-20.0,314.38137344582276,3321.7103397223395,287.0132124267119,3306.835522037467,0.833470370253151,5.97831385261995,14.30431111042066,,,2.6,286.6914073743851,11.534477270604523
208,,AM,R1796,00,EHZ,61.1981981981982,-149.91291617029023,2026-09-13T12:45:59.996000Z,2026-09-13T12:46:59.996000Z,100.0,100.0,60.0,,noise,0,Noise,timeofday:America/Anchorage:day7-19:night1-5,AM,2.0-20.0,250.01706481994384,2067.7110828169893,220.97668568492958,1853.0843373564735,0.7811844800409843,3.2447155622592696,3.543364869953118,,,2.6,286.6914073743851,6.463689841030234
209,,AM,R1796,00,EHZ,61.1981981981982,-149.91291617029023,2026-09-13T12:46:59.996000Z,2026-09-13T12:47:59.996000Z,100.0,100.0,60.0,,noise,0,Noise,timeofday:America/Anchorage:day7-19:night1-5,AM,2.0-20.0,223.99966075611925,1318.288443881728,194.20167119265273,1439.3594221750134,0.751642285743648,3.6904029536911533,1.6622628916512054,,,2.6,286.6914073743851,5.020587939335692
210,,AM,R1796,00,EHZ,61.1981981981982,-149.91291617029023,2026-09-13T12:47:59.996000Z,2026-09-13T12:48:59.996000Z,100.0,100.0,60.0,,noise,0,Noise,timeofday:America/Anchorage:day7-19:night1-5,AM,2.0-20.0,339.64330749954763,2271.7117855201573,309.94023277243224,2190.398324821366,0.8327406915768096,5.964552629920195,4.9590898071043075,,,2.6,286.6914073743851,7.640264997412233
211,,AM,R1796,00,EHZ,61.1981981981982,-149.91291617029023,2026-09-13T12:48:59.996000Z,2026-09-13T12:49:59.996000Z,100.0,100.0,60.0,,noise,0,Noise,timeofday:America/Anchorage:day7-19:night1-5,AM,2.0-20.0,377.8750371203758,2772.287702957831,359.68362052044404,3008.8467014048897,0.9060348785887351,5.875023634638107,6.8437552422238515,,,2.6,286.6914073743851,10.495071090413573
212,,AM,R1796,00,EHZ,61.1981981981982,-149.91291617029023,2026-09-13T12:49:59.996000Z,2026-09-13T12:50:59.996000Z,100.0,100.0,60.0,,noise,0,Noise,timeofday:America/Anchorage:day7-19:night1-5,AM,2.0-20.0,324.025382540348,3009.287499372382,300.1414362440195,3092.5056205422275,0.8580129619943381,4.409652337477066,13.899447701848224,,,2.6,286.6914073743851,10.78687934481336
213,,AM,R1796,00,EHZ,61.1981981981982,-149.91291617029023,2026-09-13T12:50:59.996000Z,2026-09-13T12:51:59.996000Z,100.0,100.0,60.0,,noise,0,Noise,timeofday:America/Anchorage:day7-19:night1-5,AM,2.0-20.0,255.20434848992784,1405.2866549501712,230.13960156245528,1289.0416969277435,0.8132172332920078,4.353431331837976,2.2514275465730167,,,2.6,286.6914073743851,4.496269032731795
214,,AM,R1796,00,EHZ,61.1981981981982,-149.91291617029023,2026-09-13T12:51:59.996000Z,2026-09-13T12:52:59.996000Z,100.0,100.0,60.0,,noise,0,Noise,timeofday:America/Anchorage:day7-19:night1-5,AM,2.0-20.0,302.71362678096807,3163.286417795604,282.6862529648924,2995.5409468594885,0.8720581311119118,4.123224709111187,12.518993436176842,,,2.6,286.6914073743851,10.448659673108605
215,,AM,R1796,00,EHZ,61.1981981981982,-149.91291617029023,2026-09-13T12:52:59.996000Z,2026-09-13T12:53:59.996000Z,100.0,100.0,60.0,,noise,0,Noise,timeofday:America/Anchorage:day7-19:night1-5,AM,2.0-20.0,385.5671440211629,2569.286002251804,361.84396556276954,2239.16447835549,0.8807296791038574,5.723343913697718,5.645124257587051,,,2.6,286.6914073743851,7.810364806055752
216,,AM,R1796,00,EHZ,61.1981981981982,-149.91291617029023,2026-09-13T12:53:59.996000Z,2026-09-13T12:54:59.996000Z,100.0,100.0,60.0,,noise,0,Noise,timeofday:America/Anchorage:day7-19:night1-5,AM,2.0-20.0,317.7301933199098,2655.2855771722066,295.72709525874103,2675.457274886281,0.8662939093168149,5.137734060475832,10.290411445379556,,,2.6,286.6914073743851,9.332185081474904
217,,AM,R1796,00,EHZ,61.1981981981982,-149.91291617029023,2026-09-13T12:54:59.996000Z,2026-09-13T12:55:59.996000Z,100.0,100.0,60.0,,noise,0,Noise,timeofday:America/Anchorage:day7-19:night1-5,AM,2.0-20.0,253.7893340424311,2457.284859351305,228.01857747653185,2314.3755874119133,0.8072233791414304,6.3783603708901095,7.506058264764604,,,2.6,286.6914073743851,8.072706498627676
218,,AM,R1796,00,EHZ,61.1981981981982,-149.91291617029023,2026-09-13T12:55:59.996000Z,2026-09-13T12:56:59.996000Z,100.0,100.0,60.0,,noise,0,Noise,timeofday:America/Anchorage:day7-19:night1-5,AM,2.0-20.0,275.0627189454335,2750.7153229142673,253.37688530790078,2754.5541127962074,0.8485364898893174,6.4785309061216125,12.203338480731414,,,2.6,286.6914073743851,9.608080472391295
219,,AM,R1796,00,EHZ,61.1981981981982,-149.91291617029023,2026-09-13T12:56:59.996000Z,2026-09-13T12:57:59.996000Z,100.0,100.0,60.0,,noise,0,Noise,timeofday:America/Anchorage:day7-19:night1-5,AM,2.0-20.0,298.35304502300426,2222.2838718920943,270.37389064877493,1898.6655317274017,0.8212370830216813,4.03245709889841,5.698462498509377,,,2.6,286.6914073743851,6.622680285802807
220,,AM,R1796,00,EHZ,61.1981981981982,-149.91291617029023,2026-09-13T12:57:59.996000Z,2026-09-13T12:58:59.996000Z,100.0,100.0,60.0,,noise,0,Noise,timeofday:America/Anchorage:day7-19:night1-5,AM,2.0-20.0,289.6815927645153,2184.283357269011,258.2431685941007,2044.8479529446176,0.7947231867947581,5.345132617251363,6.179399946683553,,,2.6,286.6914073743851,7.132574958112671
221,,AM,R1796,00,EHZ,61.1981981981982,-149.91291617029023,2026-09-13T12:58:59.996000Z,2026-09-13T12:59:59.996000Z,100.0,100.0,60.0,,noise,0,Noise,timeofday:America/Anchorage:day7-19:night1-5,AM,2.0-20.0,290.5787460133684,2401.2831726776353,257.21902178102977,2209.26066493341,0.783571215875425,3.6385433291303517,3.3916444371008607,,,2.6,286.6914073743851,7.706058180001108
222,,AM,R1796,00,EHZ,61.1981981981982,-149.91291617029023,2026-09-13T12:59:59.996000Z,2026-09-13T13:00:59.996000Z,100.0,100.0,60.0,,noise,0,Noise,timeofday:America/Anchorage:day7-19:night1-5,AM,2.0-20.0,302.4147398435014,3450.7175058371645,273.9346257907563,3382.365083247673,0.8205176969903858,6.965476423892354,18.234512391645563,,,2.6,286.6914073743851,11.797929746916703
223,,AM,R1796,00,EHZ,61.1981981981982,-149.91291617029023,2026-09-13T15:02:59.996000Z,2026-09-13T15:03:59.996000Z,100.0,100.0,60.0,,traffic,1,Traffic,timeofday:America/Anchorage:day7-19:night1-5,AM,2.0-20.0,729.7819320532632,9059.225381001397,696.5238245476185,8217.927403348978,0.9109315378131753,5.1187586115196755,20.546945854606832,,,2.6,286.6914073743851,28.664714714024672
224,,AM,R1796,00,EHZ,61.1981981981982,-149.91291617029023,2026-09-13T15:13:59.996000Z,2026-09-13T15:14:59.996000Z,100.0,100.0,60.0,,traffic,1,Traffic,timeofday:America/Anchorage:day7-19:night1-5,AM,2.0-20.0,440.11706961878116,3024.220436417833,412.8697855504732,2898.688270645999,0.8800143985717617,5.556025991542054,4.051171946863795,,,2.6,286.6914073743851,10.110830656534658
225,,AM,R1796,00,EHZ,61.1981981981982,-149.91291617029023,2026-09-13T15:14:59.996000Z,2026-09-13T15:15:59.996000Z,100.0,100.0,60.0,,traffic,1,Traffic,timeofday:America/Anchorage:day7-19:night1-5,AM,2.0-20.0,375.95609070832256,2112.2200584745447,345.1758396810472,2100.3603541870357,0.842959151526354,3.8242062508385377,2.759575644332809,,,2.6,286.6914073743851,7.326206158122532
226,,AM,R1796,00,EHZ,61.1981981981982,-149.91291617029023,2026-09-13T15:17:59.996000Z,2026-09-13T15:18:59.996000Z,100.0,100.0,60.0,,traffic,1,Traffic,timeofday:America/Anchorage:day7-19:night1-5,AM,2.0-20.0,484.1137187445033,3726.218292645983,457.13077510163146,3713.642135571234,0.891633013796684,6.00189527177145,7.539080354457081,,,2.6,286.6914073743851,12.953447644566676
227,,AM,R1796,00,EHZ,61.1981981981982,-149.91291617029023,2026-09-13T15:18:59.996000Z,2026-09-13T15:19:59.996000Z,100.0,100.0,60.0,,traffic,1,Traffic,timeofday:America/Anchorage:day7-19:night1-5,AM,2.0-20.0,402.17224447354084,2756.782066148178,360.3717842117547,2488.529202081857,0.8029294182690662,3.2064747359346653,1.414318772266662,,,2.6,286.6914073743851,8.68016668121529
228,,AM,R1796,00,EHZ,61.1981981981982,-149.91291617029023,2026-09-13T15:20:59.996000Z,2026-09-13T15:21:59.996000Z,100.0,100.0,60.0,,traffic,1,Traffic,timeofday:America/Anchorage:day7-19:night1-5,AM,2.0-20.0,400.6531159226959,2372.7829742974423,376.79662619747097,2504.934669684337,0.8844574851627787,4.889943842774578,4.8680996160686005,,,2.6,286.6914073743851,8.737390117915842
229,,AM,R1796,00,EHZ,61.1981981981982,-149.91291617029023,2026-09-13T15:23:59.996000Z,2026-09-13T15:24:59.996000Z,100.0,100.0,60.0,,traffic,1,Traffic,timeofday:America/Anchorage:day7-19:night1-5,AM,2.0-20.0,400.13281423473137,3123.7842770582606,376.43722719176617,3488.6728076471654,0.8850683166664083,4.268789830957122,5.748336377988965,,,2.6,286.6914073743851,12.168738643399141
230,,AM,R1796,00,EHZ,61.1981981981982,-149.91291617029023,2026-09-13T15:25:59.996000Z,2026-09-13T15:26:59.996000Z,100.0,100.0,60.0,,traffic,1,Traffic,timeofday:America/Anchorage:day7-19:night1-5,AM,2.0-20.0,323.5309205617516,4484.214566551572,296.6945335768507,4222.504438261379,0.8409835533097302,7.531428508357182,38.72237900406843,,,2.6,286.6914073743851,14.72839551395165
231,,AM,R1796,00,EHZ,61.1981981981982,-149.91291617029023,2026-09-13T15:26:59.996000Z,2026-09-13T15:27:59.996000Z,100.0,100.0,60.0,,traffic,1,Traffic,timeofday:America/Anchorage:day7-19:night1-5,AM,2.0-20.0,384.6105428146785,5518.214324435289,362.3928530630645,5623.757910847886,0.8878035528822551,6.45311181058748,36.29262654847904,,,2.6,286.6914073743851,19.616067193475118
232,,AM,R1796,00,EHZ,61.1981981981982,-149.91291617029023,2026-09-13T15:27:59.996000Z,2026-09-13T15:28:59.996000Z,100.0,100.0,60.0,,traffic,1,Traffic,timeofday:America/Anchorage:day7-19:night1-5,AM,2.0-20.0,298.24210300764764,2586.2138946265554,269.8849709647786,2396.8826241162365,0.8188785504131505,5.803470115891487,6.498958308102155,,,2.6,286.6914073743851,8.36049690525322
233,,AM,R1796,00,EHZ,61.1981981981982,-149.91291617029023,2026-09-13T15:28:59.996000Z,2026-09-13T15:29:59.996000Z,100.0,100.0,60.0,,traffic,1,Traffic,timeofday:America/Anchorage:day7-19:night1-5,AM,2.0-20.0,414.8251497579785,3382.786678529286,388.8575584068548,3159.7424241357417,0.8787208526344472,3.88525433175976,5.835121679492584,,,2.6,286.6914073743851,11.021406093310258
234,,AM,R1796,00,EHZ,61.1981981981982,-149.91291617029023,2026-09-13T15:29:59.996000Z,2026-09-13T15:30:59.996000Z,100.0,100.0,60.0,,traffic,1,Traffic,timeofday:America/Anchorage:day7-19:night1-5,AM,2.0-20.0,523.1898626675865,7050.787133069079,504.8489222566502,6756.8794007624,0.9311169357319307,6.401712552764501,29.321282946235698,,,2.6,286.6914073743851,23.568475465114705
235,,AM,R1796,00,EHZ,61.1981981981982,-149.91291617029023,2026-09-13T15:30:59.996000Z,2026-09-13T15:31:59.996000Z,100.0,100.0,60.0,,traffic,1,Traffic,timeofday:America/Anchorage:day7-19:night1-5,AM,2.0-20.0,603.9778078577131,5466.787818793872,580.8317482115722,5077.390727283286,0.9248232315359172,7.74588621389451,16.286319209285608,,,2.6,286.6914073743851,17.710299634661926
236,,AM,R1796,00,EHZ,61.1981981981982,-149.91291617029023,2026-09-13T15:31:59.996000Z,2026-09-13T15:32:59.996000Z,100.0,100.0,60.0,,traffic,1,Traffic,timeofday:America/Anchorage:day7-19:night1-5,AM,2.0-20.0,858.3642489880127,11369.21204723977,833.9857895936291,10374.91175707754,0.9440044892136153,6.883577375462696,34.265251009547924,,,2.6,286.6914073743851,36.188429406009824
237,,AM,R1796,00,EHZ,61.1981981981982,-149.91291617029023,2026-09-13T15:32:59.996000Z,2026-09-13T15:33:59.996000Z,100.0,100.0,60.0,,traffic,1,Traffic,timeofday:America/Anchorage:day7-19:night1-5,AM,2.0-20.0,417.2515656224302,2796.211313370816,381.2600891009238,2780.4938782676495,0.8349236061335193,5.478641716982283,5.510627423205344,,,2.6,286.6914073743851,9.698560217525644
238,,AM,R1796,00,EHZ,61.1981981981982,-149.91291617029023,2026-09-13T15:40:59.996000Z,2026-09-13T15:41:59.996000Z,100.0,100.0,60.0,,traffic,1,Traffic,timeofday:America/Anchorage:day7-19:night1-5,AM,2.0-20.0,438.90588491802754,3788.2079353718623,418.0931422061199,4113.661362087701,0.907409413205619,5.910597079876849,9.729443291543458,,,2.6,286.6914073743851,14.348743130329487
239,,AM,R1796,00,EHZ,61.1981981981982,-149.91291617029023,2026-09-13T15:41:59.996000Z,2026-09-13T15:42:59.996000Z,100.0,100.0,60.0,,traffic,1,Traffic,timeofday:America/Anchorage:day7-19:night1-5,AM,2.0-20.0,325.36464610049114,2144.7926907348005,295.35803107572815,2072.1497715477226,0.8240562288288809,5.180534134541318,3.3084540362984285,,,2.6,286.6914073743851,7.227805641351991
240,,AM,R1796,00,EHZ,61.1981981981982,-149.91291617029023,2026-09-13T15:42:59.996000Z,2026-09-13T15:43:59.996000Z,100.0,100.0,60.0,,traffic,1,Traffic,timeofday:America/Anchorage:day7-19:night1-5,AM,2.0-20.0,896.4202617591553,7727.793107363977,867.0263706240046,6734.576765201189,0.9354945998337177,5.069074158244864,5.964457893452405,,,2.6,286.6914073743851,23.4906822875463
241,,AM,R1796,00,EHZ,61.1981981981982,-149.91291617029023,2026-09-13T15:43:59.996000Z,2026-09-13T15:44:59.996000Z,100.0,100.0,60.0,,traffic,1,Traffic,timeofday:America/Anchorage:day7-19:night1-5,AM,2.0-20.0,877.8541208934666,6720.793606481692,804.8645124493653,6150.643135465612,0.840622197909336,5.490238459007731,6.174163738401937,,,2.6,286.6914073743851,21.453880295176056
242,,AM,R1796,00,EHZ,61.1981981981982,-149.91291617029023,2026-09-13T15:46:59.996000Z,2026-09-13T15:47:59.996000Z,100.0,100.0,60.0,,traffic,1,Traffic,timeofday:America/Anchorage:day7-19:night1-5,AM,2.0-20.0,719.0440055349377,8478.204889963003,684.7996343200886,8521.177343899548,0.9070184043300004,6.274362320140472,20.76643453319817,,,2.6,286.6914073743851,29.722472054322495
243,,AM,R1796,00,EHZ,61.1981981981982,-149.91291617029023,2026-09-13T15:49:59.996000Z,2026-09-13T15:50:59.996000Z,100.0,100.0,60.0,,traffic,1,Traffic,timeofday:America/Anchorage:day7-19:night1-5,AM,2.0-20.0,1225.7263509545405,20500.203501147404,1205.0475562970767,20070.229622875115,0.9665433278231567,6.580371810568522,47.13423525800697,,,2.6,286.6914073743851,70.00638703016922
244,,AM,R1796,00,EHZ,61.1981981981982,-149.91291617029023,2026-09-13T15:51:59.996000Z,2026-09-13T15:52:59.996000Z,100.0,100.0,60.0,,traffic,1,Traffic,timeofday:America/Anchorage:day7-19:night1-5,AM,2.0-20.0,1429.7997991354086,10052.797373820376,1386.4530019000563,8772.405085925231,0.9402857217428754,6.103979656482764,5.134920559830865,,,2.6,286.6914073743851,30.598772269688244
245,,AM,R1796,00,EHZ,61.1981981981982,-149.91291617029023,2026-09-13T15:53:59.996000Z,2026-09-13T15:54:59.996000Z,100.0,100.0,60.0,,traffic,1,Traffic,timeofday:America/Anchorage:day7-19:night1-5,AM,2.0-20.0,422.05592363132655,4292.798200178836,393.63365798862884,4562.5017121022365,0.8698501687352638,5.603733881878675,16.438388157701933,,,2.6,286.6914073743851,15.91433016387599
246,,AM,R1796,00,EHZ,61.1981981981982,-149.91291617029023,2026-09-13T16:01:59.996000Z,2026-09-13T16:02:59.996000Z,100.0,100.0,60.0,,traffic,1,Traffic,timeofday:America/Anchorage:day7-19:night1-5,AM,2.0-20.0,1109.6152082602125,16895.198096442113,1088.274553370445,15406.831647581152,0.9619049237098496,7.155364300705851,37.29362100351294,,,2.6,286.6914073743851,53.740123531019016
247,,AM,R1796,00,EHZ,61.1981981981982,-149.91291617029023,2026-09-13T16:08:59.996000Z,2026-09-13T16:09:59.996000Z,100.0,100.0,60.0,,traffic,1,Traffic,timeofday:America/Anchorage:day7-19:night1-5,AM,2.0-20.0,319.8549157013067,1997.1948972975522,275.5491130440884,1890.294370065952,0.7421504851799664,3.335865365464074,2.6231166641371075,,,2.6,286.6914073743851,6.593481079108349
248,,AM,R1796,00,EHZ,61.1981981981982,-149.91291617029023,2026-09-13T16:09:59.996000Z,2026-09-13T16:10:59.996000Z,100.0,100.0,60.0,,traffic,1,Traffic,timeofday:America/Anchorage:day7-19:night1-5,AM,2.0-20.0,627.6576265640044,4362.194248010369,604.269871333092,4335.39282423286,0.9268645279687773,5.52170941972037,6.0334971581913415,,,2.6,286.6914073743851,15.122158225591146
249,,AM,R1796,00,EHZ,61.1981981981982,-149.91291617029023,2026-09-13T16:12:59.996000Z,2026-09-13T16:13:59.996000Z,100.0,100.0,60.0,,traffic,1,Traffic,timeofday:America/Anchorage:day7-19:night1-5,AM,2.0-20.0,1113.2459887307311,11348.192638320837,963.8715018246114,11498.838981204317,0.7496456099046612,4.4839325636377705,22.055067650064252,,,2.6,286.6914073743851,40.10876742527617
250,,AM,R1796,00,EHZ,61.1981981981982,-149.91291617029023,2026-09-13T16:18:59.996000Z,2026-09-13T16:19:59.996000Z,100.0,100.0,60.0,,traffic,1,Traffic,timeofday:America/Anchorage:day7-19:night1-5,AM,2.0-20.0,933.8256158692369,5894.810080389968,743.6808123475922,5452.3008499086745,0.634222414974659,3.945843592560409,5.625426238960257,,,2.6,286.6914073743851,19.018012781905995
251,,AM,R1796,00,EHZ,61.1981981981982,-149.91291617029023,2026-09-13T16:29:59.996000Z,2026-09-13T16:30:59.996000Z,100.0,100.0,60.0,,traffic,1,Traffic,timeofday:America/Anchorage:day7-19:night1-5,AM,2.0-20.0,727.0582319814223,6399.184887266097,699.5642973065937,7573.099986878386,0.9257993717299463,4.991190303013532,13.118888397239644,,,2.6,286.6914073743851,26.41551086666791
252,,AM,R1796,00,EHZ,61.1981981981982,-149.91291617029023,2026-09-13T16:31:59.996000Z,2026-09-13T16:32:59.996000Z,100.0,100.0,60.0,,traffic,1,Traffic,timeofday:America/Anchorage:day7-19:night1-5,AM,2.0-20.0,493.0997660970087,2279.815876760796,453.75903322016296,2472.3889380671917,0.8468002443643475,1.9331803993195162,1.2781967616194718,,,2.6,286.6914073743851,8.623868293473281
253,,AM,R1796,00,EHZ,61.1981981981982,-149.91291617029023,2026-09-13T16:34:59.996000Z,2026-09-13T16:35:59.996000Z,100.0,100.0,60.0,,traffic,1,Traffic,timeofday:America/Anchorage:day7-19:night1-5,AM,2.0-20.0,459.27473582745745,3433.8173120924907,423.65614688718085,3214.1197801155495,0.8509066386708948,4.65999181835019,5.343518029694012,,,2.6,286.6914073743851,11.211078174792622
254,,AM,R1796,00,EHZ,61.1981981981982,-149.91291617029023,2026-09-13T16:36:59.996000Z,2026-09-13T16:37:59.996000Z,100.0,100.0,60.0,,traffic,1,Traffic,timeofday:America/Anchorage:day7-19:night1-5,AM,2.0-20.0,960.0408039004377,10179.81822086197,937.6080344041948,11043.727236708655,0.9538130420462494,3.938221886674601,16.076877867372865,,,2.6,286.6914073743851,38.52130532216074
255,,AM,R1796,00,EHZ,61.1981981981982,-149.91291617029023,2026-09-13T16:38:59.996000Z,2026-09-13T16:39:59.996000Z,100.0,100.0,60.0,,traffic,1,Traffic,timeofday:America/Anchorage:day7-19:night1-5,AM,2.0-20.0,454.11540641200537,3953.819157541107,425.22248899642824,4079.5092367405227,0.876798863625583,4.671556260400539,6.363341513091049,,,2.6,286.6914073743851,14.229618090413034
256,,AM,R1796,00,EHZ,61.1981981981982,-149.91291617029023,2026-09-13T16:40:59.996000Z,2026-09-13T16:41:59.996000Z,100.0,100.0,60.0,,traffic,1,Traffic,timeofday:America/Anchorage:day7-19:night1-5,AM,2.0-20.0,482.4783276475213,3836.820155854071,364.0851648106996,3892.865261359403,0.5694431150308933,4.827196784673276,5.883964426779057,,,2.6,286.6914073743851,13.578590642152665
257,,AM,R1796,00,EHZ,61.1981981981982,-149.91291617029023,2026-09-13T16:47:59.996000Z,2026-09-13T16:48:59.996000Z,100.0,100.0,60.0,,traffic,1,Traffic,timeofday:America/Anchorage:day7-19:night1-5,AM,2.0-20.0,535.2016953080176,3617.176529331344,498.038561339238,3362.5977361249634,0.8659463360238219,6.214421037599552,6.476957008869562,,,2.6,286.6914073743851,11.72897983556866
258,,AM,R1796,00,EHZ,61.1981981981982,-149.91291617029023,2026-09-13T16:49:59.996000Z,2026-09-13T16:50:59.996000Z,100.0,100.0,60.0,,traffic,1,Traffic,timeofday:America/Anchorage:day7-19:night1-5,AM,2.0-20.0,953.772112950396,12328.175520087094,925.816540624679,11603.805096929002,0.9422380345572405,8.210424514430594,31.07428098023152,,,2.6,286.6914073743851,40.47489669537184
259,,AM,R1796,00,EHZ,61.1981981981982,-149.91291617029023,2026-09-13T16:51:59.996000Z,2026-09-13T16:52:59.996000Z,100.0,100.0,60.0,,traffic,1,Traffic,timeofday:America/Anchorage:day7-19:night1-5,AM,2.0-20.0,1878.176315720159,19998.825064775298,1660.115459422902,19903.914145099945,0.781274893475486,8.830695817774787,22.887061760594886,,,2.6,286.6914073743851,69.42626682601542
260,,AM,R1796,00,EHZ,61.1981981981982,-149.91291617029023,2026-09-13T17:01:59.996000Z,2026-09-13T17:02:59.996000Z,100.0,100.0,60.0,,traffic,1,Traffic,timeofday:America/Anchorage:day7-19:night1-5,AM,2.0-20.0,497.99299599925024,3533.1701910479865,452.129785088134,3439.6716870534574,0.8242894983724998,4.699099080586709,5.536829675955879,,,2.6,286.6914073743851,11.997819252956027
261,,AM,R1796,00,EHZ,61.1981981981982,-149.91291617029023,2026-09-13T17:02:59.996000Z,2026-09-13T17:03:59.996000Z,100.0,100.0,60.0,,traffic,1,Traffic,timeofday:America/Anchorage:day7-19:night1-5,AM,2.0-20.0,700.507101646517,4367.169569825514,672.1467456405541,4468.906080713261,0.9206681421639961,3.80688706712722,3.446186406972342,,,2.6,286.6914073743851,15.58786195108177
262,,AM,R1796,00,EHZ,61.1981981981982,-149.91291617029023,2026-09-13T17:03:59.996000Z,2026-09-13T17:04:59.996000Z,100.0,100.0,60.0,,traffic,1,Traffic,timeofday:America/Anchorage:day7-19:night1-5,AM,2.0-20.0,370.8652554721168,1874.831019610959,327.33007708769964,1876.6633383946214,0.779003715146937,2.8094227461484405,1.037954913397619,,,2.6,286.6914073743851,6.5459350720753235
263,,AM,R1796,00,EHZ,61.1981981981982,-149.91291617029023,2026-09-13T17:11:59.996000Z,2026-09-13T17:12:59.996000Z,100.0,100.0,60.0,,traffic,1,Traffic,timeofday:America/Anchorage:day7-19:night1-5,AM,2.0-20.0,525.0405897376478,3793.8344541269685,450.00804071729897,3350.1912865310196,0.7346065383725643,4.537375402197458,5.633859405240157,,,2.6,286.6914073743851,11.68570525783518
264,,AM,R1796,00,EHZ,61.1981981981982,-149.91291617029023,2026-09-13T17:14:59.996000Z,2026-09-13T17:15:59.996000Z,100.0,100.0,60.0,,traffic,1,Traffic,timeofday:America/Anchorage:day7-19:night1-5,AM,2.0-20.0,1553.9245426528494,13523.836135993977,1475.2884121440757,11815.575549134044,0.9013511360379727,5.1031685306245045,7.896185852384258,,,2.6,286.6914073743851,41.21356708017516
265,,AM,R1796,00,EHZ,61.1981981981982,-149.91291617029023,2026-09-13T17:15:59.996000Z,2026-09-13T17:16:59.996000Z,100.0,100.0,60.0,,traffic,1,Traffic,timeofday:America/Anchorage:day7-19:night1-5,AM,2.0-20.0,780.9659610822313,7206.163355430032,730.9597239645168,7824.44845949937,0.8760374759951324,5.641680627531152,9.71921888059737,,,2.6,286.6914073743851,27.292232198928673
266,,AM,R1796,00,EHZ,61.1981981981982,-149.91291617029023,2026-09-13T17:28:59.996000Z,2026-09-13T17:29:59.996000Z,100.0,100.0,60.0,,traffic,1,Traffic,timeofday:America/Anchorage:day7-19:night1-5,AM,2.0-20.0,665.2846350912317,5984.1574504441205,591.7485717756424,6368.959251983521,0.7911511249615354,3.959899667883438,8.04289181739081,,,2.6,286.6914073743851,22.21538242220986
267,,AM,R1796,00,EHZ,61.1981981981982,-149.91291617029023,2026-09-13T17:31:59.996000Z,2026-09-13T17:32:59.996000Z,100.0,100.0,60.0,,traffic,1,Traffic,timeofday:America/Anchorage:day7-19:night1-5,AM,2.0-20.0,557.7203326091185,2881.8441073024364,489.9842468358683,3220.3610962476014,0.771847105183353,4.20928098154908,2.3619343782385087,,,2.6,286.6914073743851,11.232848328942731
268,,AM,R1796,00,EHZ,61.1981981981982,-149.91291617029023,2026-09-13T17:34:59.996000Z,2026-09-13T17:35:59.996000Z,100.0,100.0,60.0,,traffic,1,Traffic,timeofday:America/Anchorage:day7-19:night1-5,AM,2.0-20.0,989.6023956323079,7486.154940202953,813.3287187884889,7725.385836923094,0.6754772696577622,3.8230746663677677,11.056340248358245,,,2.6,286.6914073743851,26.94669473241189
269,,AM,R1796,00,EHZ,61.1981981981982,-149.91291617029023,2026-09-13T17:37:59.996000Z,2026-09-13T17:38:59.996000Z,100.0,100.0,60.0,,traffic,1,Traffic,timeofday:America/Anchorage:day7-19:night1-5,AM,2.0-20.0,566.3155062630648,3172.8466346770324,500.5254512773144,3658.1623570066536,0.7811517775421262,4.1905027944019775,2.829193061468237,,,2.6,286.6914073743851,12.759930234775142
270,,AM,R1796,00,EHZ,61.1981981981982,-149.91291617029023,2026-09-13T17:43:59.996000Z,2026-09-13T17:44:59.996000Z,100.0,100.0,60.0,,traffic,1,Traffic,timeofday:America/Anchorage:day7-19:night1-5,AM,2.0-20.0,465.07155316681116,3019.849321446785,424.30218280060456,3099.356764256277,0.8323595752651564,3.8174584916340866,3.8438365757158603,,,2.6,286.6914073743851,10.810776620901244
271,,AM,R1796,00,EHZ,61.1981981981982,-149.91291617029023,2026-09-13T17:46:59.996000Z,2026-09-13T17:47:59.996000Z,100.0,100.0,60.0,,traffic,1,Traffic,timeofday:America/Anchorage:day7-19:night1-5,AM,2.0-20.0,751.4657551505895,4201.850936795773,699.896420933013,3934.544764137311,0.8674593986306852,3.1656112697510093,2.1171517340659483,,,2.6,286.6914073743851,13.72397170941109
272,,AM,R1796,00,EHZ,61.1981981981982,-149.91291617029023,2026-09-13T17:48:59.996000Z,2026-09-13T17:49:59.996000Z,100.0,100.0,60.0,,traffic,1,Traffic,timeofday:America/Anchorage:day7-19:night1-5,AM,2.0-20.0,593.0513035294271,3780.851597401877,551.3897569266135,3575.432485398882,0.8644360265664481,3.0292106601939532,2.8777890099299617,,,2.6,286.6914073743851,12.471362564172667
273,,AM,R1796,00,EHZ,61.1981981981982,-149.91291617029023,2026-09-13T17:52:59.996000Z,2026-09-13T17:53:59.996000Z,100.0,100.0,60.0,,traffic,1,Traffic,timeofday:America/Anchorage:day7-19:night1-5,AM,2.0-20.0,1165.658445996094,5302.853569529328,899.5588863394321,5005.874676399591,0.5955477204471373,3.8606069521399484,1.0879987454831017,,,2.6,286.6914073743851,17.460846567551677
274,,AM,R1796,00,EHZ,61.1981981981982,-149.91291617029023,2026-09-13T17:54:59.996000Z,2026-09-13T17:55:59.996000Z,100.0,100.0,60.0,,traffic,1,Traffic,timeofday:America/Anchorage:day7-19:night1-5,AM,2.0-20.0,945.8514526461784,10554.854533808018,898.2035170661937,11302.662106695416,0.901786297984348,6.749748263109704,11.428178012267844,,,2.6,286.6914073743851,39.424488547490625
275,,AM,R1796,00,EHZ,61.1981981981982,-149.91291617029023,2026-09-13T17:55:59.996000Z,2026-09-13T17:56:59.996000Z,100.0,100.0,60.0,,traffic,1,Traffic,timeofday:America/Anchorage:day7-19:night1-5,AM,2.0-20.0,1545.5377842502055,12566.855073317212,1279.0851852353953,9531.4614641323,0.6849197412422522,5.300578211127014,7.409461860225482,,,2.6,286.6914073743851,33.24641485220845
276,,AM,R1796,00,EHZ,61.1981981981982,-149.91291617029023,2026-09-13T17:56:59.996000Z,2026-09-13T17:57:59.996000Z,100.0,100.0,60.0,,traffic,1,Traffic,timeofday:America/Anchorage:day7-19:night1-5,AM,2.0-20.0,622.8059399335813,4744.855545300542,585.2904921352301,4679.850727318653,0.8831560461464767,5.23373856608305,5.434191105883151,,,2.6,286.6914073743851,16.32365186727526
277,,AM,R1796,00,EHZ,61.1981981981982,-149.91291617029023,2026-09-13T17:58:59.996000Z,2026-09-13T17:59:59.996000Z,100.0,100.0,60.0,,traffic,1,Traffic,timeofday:America/Anchorage:day7-19:night1-5,AM,2.0-20.0,1050.3208842953986,8499.143436849732,1017.1770595904738,7434.362098524323,0.9378839676103765,4.238038661889678,5.79711377283796,,,2.6,286.6914073743851,25.931583253961723
278,,AM,R1796,00,EHZ,61.1981981981982,-149.91291617029023,2026-09-13T18:01:59.996000Z,2026-09-13T18:02:59.996000Z,100.0,100.0,60.0,,traffic,1,Traffic,timeofday:America/Anchorage:day7-19:night1-5,AM,2.0-20.0,1599.7768999499037,11907.1422204538,1410.4971877548721,12915.475659695738,0.7773661153569381,5.7648166208789275,9.992937919390323,,,2.6,286.6914073743851,45.05009682006148
279,,AM,R1796,00,EHZ,61.1981981981982,-149.91291617029023,2026-09-13T18:02:59.996000Z,2026-09-13T18:03:59.996000Z,100.0,100.0,60.0,,traffic,1,Traffic,timeofday:America/Anchorage:day7-19:night1-5,AM,2.0-20.0,970.6974082906432,7682.141574112634,917.8571539496688,8027.253088512762,0.8940925050373885,5.95063303804684,9.492574312384102,,,2.6,286.6914073743851,27.999629155366062
280,,AM,R1796,00,EHZ,61.1981981981982,-149.91291617029023,2026-09-13T18:03:59.996000Z,2026-09-13T18:04:59.996000Z,100.0,100.0,60.0,,traffic,1,Traffic,timeofday:America/Anchorage:day7-19:night1-5,AM,2.0-20.0,1553.3232891526488,16917.141344323114,1439.1746220820737,17617.80158427155,0.8584268181110521,5.252188500783764,16.58593136141582,,,2.6,286.6914073743851,61.45214377236211
281,,AM,R1796,00,EHZ,61.1981981981982,-149.91291617029023,2026-09-13T18:06:59.996000Z,2026-09-13T18:07:59.996000Z,100.0,100.0,60.0,,traffic,1,Traffic,timeofday:America/Anchorage:day7-19:night1-5,AM,2.0-20.0,675.9338786130297,3601.1398335578165,633.7121484551338,3409.0275161979384,0.8789732065726334,4.051263159022873,2.973074779584361,,,2.6,286.6914073743851,11.890930207566882
282,,AM,R1796,00,EHZ,61.1981981981982,-149.91291617029023,2026-09-13T18:08:59.996000Z,2026-09-13T18:09:59.996000Z,100.0,100.0,60.0,,traffic,1,Traffic,timeofday:America/Anchorage:day7-19:night1-5,AM,2.0-20.0,642.0423297430036,4269.860882247386,592.3092049572334,3509.5513146402095,0.8510785402180375,4.8805658565296115,2.627412124082732,,,2.6,286.6914073743851,12.241564359329228
283,,AM,R1796,00,EHZ,61.1981981981982,-149.91291617029023,2026-09-13T18:14:59.996000Z,2026-09-13T18:15:59.996000Z,100.0,100.0,60.0,,traffic,1,Traffic,timeofday:America/Anchorage:day7-19:night1-5,AM,2.0-20.0,1046.5136398611853,13903.135926670846,1021.0697983117624,13724.220689447391,0.9519652050882873,5.824555255687843,24.97319614064086,,,2.6,286.6914073743851,47.8710569498345
284,,AM,R1796,00,EHZ,61.1981981981982,-149.91291617029023,2026-09-13T18:15:59.996000Z,2026-09-13T18:16:59.996000Z,100.0,100.0,60.0,,traffic,1,Traffic,timeofday:America/Anchorage:day7-19:night1-5,AM,2.0-20.0,590.2010166266004,4458.135864804438,540.4669793855186,4867.970520879145,0.8385682673015501,3.532132066067746,7.175598655599359,,,2.6,286.6914073743851,16.979827074210668
285,,AM,R1796,00,EHZ,61.1981981981982,-149.91291617029023,2026-09-13T18:16:59.996000Z,2026-09-13T18:17:59.996000Z,100.0,100.0,60.0,,traffic,1,Traffic,timeofday:America/Anchorage:day7-19:night1-5,AM,2.0-20.0,807.243111007141,7028.86492914781,766.8411206382071,6490.823544365607,0.9024062436228377,3.636606631033701,4.710444654726778,,,2.6,286.6914073743851,22.640453733199468
286,,AM,R1796,00,EHZ,61.1981981981982,-149.91291617029023,2026-09-13T18:21:59.996000Z,2026-09-13T18:22:59.996000Z,100.0,100.0,60.0,,traffic,1,Traffic,timeofday:America/Anchorage:day7-19:night1-5,AM,2.0-20.0,1074.7564350532095,8513.133062907342,1022.4844719038015,8152.126050744536,0.9050932672161892,5.134593348062154,5.99580103062835,,,2.6,286.6914073743851,28.43519492057473
287,,AM,R1796,00,EHZ,61.1981981981982,-149.91291617029023,2026-09-13T18:23:59.996000Z,2026-09-13T18:24:59.996000Z,100.0,100.0,60.0,,traffic,1,Traffic,timeofday:America/Anchorage:day7-19:night1-5,AM,2.0-20.0,787.195279572023,4353.132039320634,734.9975605730104,4515.218791344856,0.8717798627101219,3.664224230996778,2.5963028520217266,,,2.6,286.6914073743851,15.749403976549997
288,,AM,R1796,00,EHZ,61.1981981981982,-149.91291617029023,2026-09-13T18:24:59.996000Z,2026-09-13T18:25:59.996000Z,100.0,100.0,60.0,,traffic,1,Traffic,timeofday:America/Anchorage:day7-19:night1-5,AM,2.0-20.0,605.0921167554357,3543.868428863883,557.768116326473,2955.6322187641717,0.8496975780497132,3.746751728123296,1.3252209645314679,,,2.6,286.6914073743851,10.309455193766812
289,,AM,R1796,00,EHZ,61.1981981981982,-149.91291617029023,2026-09-13T18:28:59.996000Z,2026-09-13T18:29:59.996000Z,100.0,100.0,60.0,,traffic,1,Traffic,timeofday:America/Anchorage:day7-19:night1-5,AM,2.0-20.0,861.6151125574081,6505.129645369708,751.6482027643564,6224.2062300540465,0.7610314965858096,3.841634204554256,5.0861979798449095,,,2.6,286.6914073743851,21.710473596182702
290,,AM,R1796,00,EHZ,61.1981981981982,-149.91291617029023,2026-09-13T18:30:59.996000Z,2026-09-13T18:31:59.996000Z,100.0,100.0,60.0,,traffic,1,Traffic,timeofday:America/Anchorage:day7-19:night1-5,AM,2.0-20.0,1327.3507884343662,18273.871112997724,1252.1121576400972,19430.99694805732,0.8898463853438205,6.669680975556731,54.06434470740074,,,2.6,286.6914073743851,67.77669803923608
291,,AM,R1796,00,EHZ,61.1981981981982,-149.91291617029023,2026-09-13T18:33:59.996000Z,2026-09-13T18:34:59.996000Z,100.0,100.0,60.0,,traffic,1,Traffic,timeofday:America/Anchorage:day7-19:night1-5,AM,2.0-20.0,603.5830738209951,4359.872682295775,526.4331180736681,3990.1522369385966,0.7606980470433553,3.3758153291098907,1.9017676807102264,,,2.6,286.6914073743851,13.917934525773664
292,,AM,R1796,00,EHZ,61.1981981981982,-149.91291617029023,2026-09-13T18:34:59.996000Z,2026-09-13T18:35:59.996000Z,100.0,100.0,60.0,,traffic,1,Traffic,timeofday:America/Anchorage:day7-19:night1-5,AM,2.0-20.0,761.2604967572715,4855.873397480765,701.7339141058499,4870.146265028372,0.8497248985297957,5.723629508402457,5.145535915294767,,,2.6,286.6914073743851,16.987416224402345
293,,AM,R1796,00,EHZ,61.1981981981982,-149.91291617029023,2026-09-13T18:35:59.996000Z,2026-09-13T18:36:59.996000Z,100.0,100.0,60.0,,traffic,1,Traffic,timeofday:America/Anchorage:day7-19:night1-5,AM,2.0-20.0,1993.377351250025,9523.873729140538,1633.8202708013866,10138.234940598733,0.6717837913853035,2.923125735475937,2.84252182328348,,,2.6,286.6914073743851,35.362883852878774
294,,AM,R1796,00,EHZ,61.1981981981982,-149.91291617029023,2026-09-13T18:41:59.996000Z,2026-09-13T18:42:59.996000Z,100.0,100.0,60.0,,traffic,1,Traffic,timeofday:America/Anchorage:day7-19:night1-5,AM,2.0-20.0,872.8272164537016,8757.12345407722,819.5594897567963,8593.294950358599,0.8816666367285767,6.03384241727232,14.791838110691955,,,2.6,286.6914073743851,29.974023390023582
295,,AM,R1796,00,EHZ,61.1981981981982,-149.91291617029023,2026-09-13T18:48:59.996000Z,2026-09-13T18:49:59.996000Z,100.0,100.0,60.0,,traffic,1,Traffic,timeofday:America/Anchorage:day7-19:night1-5,AM,2.0-20.0,889.7353790029304,6601.879884305522,805.1212426933673,6903.0463144548285,0.8188433961807534,5.147033362093401,5.841739413537923,,,2.6,286.6914073743851,24.07831604607621
296,,AM,R1796,00,EHZ,61.1981981981982,-149.91291617029023,2026-09-13T18:52:59.996000Z,2026-09-13T18:53:59.996000Z,100.0,100.0,60.0,,traffic,1,Traffic,timeofday:America/Anchorage:day7-19:night1-5,AM,2.0-20.0,977.897003940022,10640.118212720954,936.1546729202818,10520.683574902701,0.9164504479789111,5.470852802012319,18.18740953731812,,,2.6,286.6914073743851,36.696891864512466
297,,AM,R1796,00,EHZ,61.1981981981982,-149.91291617029023,2026-09-13T18:53:59.996000Z,2026-09-13T18:54:59.996000Z,100.0,100.0,60.0,,traffic,1,Traffic,timeofday:America/Anchorage:day7-19:night1-5,AM,2.0-20.0,1664.387320546026,13617.881926517228,1343.2816336122764,13116.04575458257,0.651366406097405,6.269112957945511,14.540108957806769,,,2.6,286.6914073743851,45.749699562688896
298,,AM,R1796,00,EHZ,61.1981981981982,-149.91291617029023,2026-09-13T18:54:59.996000Z,2026-09-13T18:55:59.996000Z,100.0,100.0,60.0,,traffic,1,Traffic,timeofday:America/Anchorage:day7-19:night1-5,AM,2.0-20.0,712.1837407541786,4119.882606505037,674.8774633848457,3664.168047915229,0.8979780945095338,5.392984641104004,2.3625788817565656,,,2.6,286.6914073743851,12.780878511403234
299,,AM,R1796,00,EHZ,61.1981981981982,-149.91291617029023,2026-09-13T19:01:59.996000Z,2026-09-13T19:02:59.996000Z,100.0,100.0,60.0,,traffic,1,Traffic,timeofday:America/Anchorage:day7-19:night1-5,AM,2.0-20.0,744.7695768410528,5391.885529654089,694.6773001834915,4716.324008458965,0.8700062247204541,4.6749985406618775,4.272969692603392,,,2.6,286.6914073743851,16.450873263529672
300,,AM,R1796,00,EHZ,61.1981981981982,-149.91291617029023,2026-09-13T19:04:59.996000Z,2026-09-13T19:05:59.996000Z,100.0,100.0,60.0,,traffic,1,Traffic,timeofday:America/Anchorage:day7-19:night1-5,AM,2.0-20.0,1255.6132786213384,8126.887269898797,1217.7671963178125,7546.130825186852,0.940625487365741,4.504620070847457,5.294941046932969,,,2.6,286.6914073743851,26.32144051437334
301,,AM,R1796,00,EHZ,61.1981981981982,-149.91291617029023,2026-09-13T19:07:59.996000Z,2026-09-13T19:08:59.996000Z,100.0,100.0,60.0,,traffic,1,Traffic,timeofday:America/Anchorage:day7-19:night1-5,AM,2.0-20.0,1159.000036255512,9180.11164860195,1126.5904315014573,8365.187746614758,0.9448551129248107,4.192151666806911,6.089086741242946,,,2.6,286.6914073743851,29.178369255032507
302,,AM,R1796,00,EHZ,61.1981981981982,-149.91291617029023,2026-09-13T19:29:59.996000Z,2026-09-13T19:30:59.996000Z,100.0,100.0,60.0,,traffic,1,Traffic,timeofday:America/Anchorage:day7-19:night1-5,AM,2.0-20.0,1206.516449123745,10060.101223957015,1151.1828614782414,9550.152645472575,0.9103788006979442,6.349321620080973,6.626935370064391,,,2.6,286.6914073743851,33.31161102083958
303,,AM,R1796,00,EHZ,61.1981981981982,-149.91291617029023,2026-09-13T19:30:59.996000Z,2026-09-13T19:31:59.996000Z,100.0,100.0,60.0,,traffic,1,Traffic,timeofday:America/Anchorage:day7-19:night1-5,AM,2.0-20.0,971.3994509837514,6089.100661189773,789.4596553629585,5969.580878763254,0.6604868478127257,5.053381599873466,4.041109007365946,,,2.6,286.6914073743851,20.822322278280517
304,,AM,R1796,00,EHZ,61.1981981981982,-149.91291617029023,2026-09-13T19:32:59.996000Z,2026-09-13T19:33:59.996000Z,100.0,100.0,60.0,,traffic,1,Traffic,timeofday:America/Anchorage:day7-19:night1-5,AM,2.0-20.0,436.63964253327185,2056.0996325638157,355.80331989864897,1583.0897861697745,0.664008542358478,2.701034779743175,0.483838767216223,,,2.6,286.6914073743851,5.521929661820824
305,,AM,R1796,00,EHZ,61.1981981981982,-149.91291617029023,2026-09-13T19:33:59.996000Z,2026-09-13T19:34:59.996000Z,100.0,100.0,60.0,,traffic,1,Traffic,timeofday:America/Anchorage:day7-19:night1-5,AM,2.0-20.0,1014.5841198350383,9288.900666069527,964.1946301455595,9305.187057179382,0.9031362949211857,5.784056646765396,11.08925433690093,,,2.6,286.6914073743851,32.457153642654895
306,,AM,R1796,00,EHZ,61.1981981981982,-149.91291617029023,2026-09-13T19:35:59.996000Z,2026-09-13T19:36:59.996000Z,100.0,100.0,60.0,,traffic,1,Traffic,timeofday:America/Anchorage:day7-19:night1-5,AM,2.0-20.0,1084.4101702387807,9313.098614248931,1044.4793081088997,9657.390480662782,0.9277105969394512,5.951656240780885,9.76758012134873,,,2.6,286.6914073743851,33.68566420984976
307,,AM,R1796,00,EHZ,61.1981981981982,-149.91291617029023,2026-09-13T19:38:59.996000Z,2026-09-13T19:39:59.996000Z,100.0,100.0,60.0,,traffic,1,Traffic,timeofday:America/Anchorage:day7-19:night1-5,AM,2.0-20.0,1080.1786453955722,14730.902891322072,1049.0638553158396,13748.919136916284,0.9432192889033213,5.8769913391977795,25.168953108575828,,,2.6,286.6914073743851,47.95720688957315
308,,AM,R1796,00,EHZ,61.1981981981982,-149.91291617029023,2026-09-13T19:42:59.996000Z,2026-09-13T19:43:59.996000Z,100.0,100.0,60.0,,traffic,1,Traffic,timeofday:America/Anchorage:day7-19:night1-5,AM,2.0-20.0,624.4922322891354,2646.9050368770363,522.2061269337105,3293.8230843290876,0.699245764475867,2.3957708912423965,1.5841262482061609,,,2.6,286.6914073743851,11.48908896326894
309,,AM,R1796,00,EHZ,61.1981981981982,-149.91291617029023,2026-09-13T19:44:59.996000Z,2026-09-13T19:45:59.996000Z,100.0,100.0,60.0,,traffic,1,Traffic,timeofday:America/Anchorage:day7-19:night1-5,AM,2.0-20.0,777.2738204199692,7610.905965415858,699.087846436121,7722.360032911289,0.8089383472025189,4.081802362155209,9.37318427139439,,,2.6,286.6914073743851,26.936140513017882
310,,AM,R1796,00,EHZ,61.1981981981982,-149.91291617029023,2026-09-13T19:54:59.996000Z,2026-09-13T19:55:59.996000Z,100.0,100.0,60.0,,traffic,1,Traffic,timeofday:America/Anchorage:day7-19:night1-5,AM,2.0-20.0,717.0690731838446,3963.089646720728,680.2190018855405,4236.850723440879,0.8998612188320795,3.1343764330288426,2.582679485879643,,,2.6,286.6914073743851,14.77843637604406
311,,AM,R1796,00,EHZ,61.1981981981982,-149.91291617029023,2026-09-13T19:55:59.996000Z,2026-09-13T19:56:59.996000Z,100.0,100.0,60.0,,traffic,1,Traffic,timeofday:America/Anchorage:day7-19:night1-5,AM,2.0-20.0,815.7770287503646,4596.089109459809,675.0892413470402,3836.1436324240776,0.6848247218215829,4.14464680557651,2.6907368515836643,,,2.6,286.6914073743851,13.38074157002734
312,,AM,R1796,00,EHZ,61.1981981981982,-149.91291617029023,2026-09-13T19:57:59.996000Z,2026-09-13T19:58:59.996000Z,100.0,100.0,60.0,,traffic,1,Traffic,timeofday:America/Anchorage:day7-19:night1-5,AM,2.0-20.0,951.9888158199489,8549.911880170152,905.9529969196687,8356.690972618359,0.9056234083420783,5.996229787241606,9.178113467741674,,,2.6,286.6914073743851,29.148731903588263
313,,AM,R1796,00,EHZ,61.1981981981982,-149.91291617029023,2026-09-13T19:58:59.996000Z,2026-09-13T19:59:59.996000Z,100.0,100.0,60.0,,traffic,1,Traffic,timeofday:America/Anchorage:day7-19:night1-5,AM,2.0-20.0,909.213265492012,6859.087890427964,866.8491693109964,6682.959337476707,0.908982553524702,5.616880655552409,5.068512008261477,,,2.6,286.6914073743851,23.310637031927335
314,,AM,R1796,00,EHZ,61.1981981981982,-149.91291617029023,2026-09-13T20:04:59.996000Z,2026-09-13T20:05:59.996000Z,100.0,100.0,60.0,,traffic,1,Traffic,timeofday:America/Anchorage:day7-19:night1-5,AM,2.0-20.0,793.5999675232404,4493.91483882649,711.2653190535046,4635.650329970146,0.8032671075864719,6.094658517350631,3.319439347571686,,,2.6,286.6914073743851,16.169477740630484
315,,AM,R1796,00,EHZ,61.1981981981982,-149.91291617029023,2026-09-13T20:07:59.996000Z,2026-09-13T20:08:59.996000Z,100.0,100.0,60.0,,traffic,1,Traffic,timeofday:America/Anchorage:day7-19:night1-5,AM,2.0-20.0,1448.3492457073269,19684.083545436886,1327.36397366244,19571.764558085546,0.839911364074797,6.11096409076474,29.54237215167708,,,2.6,286.6914073743851,68.26770546536518
316,,AM,R1796,00,EHZ,61.1981981981982,-149.91291617029023,2026-09-13T20:11:59.996000Z,2026-09-13T20:12:59.996000Z,100.0,100.0,60.0,,traffic,1,Traffic,timeofday:America/Anchorage:day7-19:night1-5,AM,2.0-20.0,570.1923656452011,6493.081890781797,534.7826552382606,6579.159834785728,0.8796538949737353,3.5881289890952517,19.19689845783282,,,2.6,286.6914073743851,22.948576990987814
317,,AM,R1796,00,EHZ,61.1981981981982,-149.91291617029023,2026-09-13T20:12:59.996000Z,2026-09-13T20:13:59.996000Z,100.0,100.0,60.0,,traffic,1,Traffic,timeofday:America/Anchorage:day7-19:night1-5,AM,2.0-20.0,762.3925830891596,4430.91886549241,722.0323857233327,4262.690883769542,0.8969247950854363,3.920560295790602,2.024656773906522,,,2.6,286.6914073743851,14.868568691362874
318,,AM,R1796,00,EHZ,61.1981981981982,-149.91291617029023,2026-09-13T20:14:59.996000Z,2026-09-13T20:15:59.996000Z,100.0,100.0,60.0,,traffic,1,Traffic,timeofday:America/Anchorage:day7-19:night1-5,AM,2.0-20.0,547.8242945350148,3371.9196146341524,500.3482829744534,2803.231358602039,0.8341847599170912,3.1776943745683144,1.8254762850642594,,,2.6,286.6914073743851,9.777870164561124
319,,AM,R1796,00,EHZ,61.1981981981982,-149.91291617029023,2026-09-13T20:15:59.996000Z,2026-09-13T20:16:59.996000Z,100.0,100.0,60.0,,traffic,1,Traffic,timeofday:America/Anchorage:day7-19:night1-5,AM,2.0-20.0,965.8219510019915,7751.079610330148,931.8605909632245,7904.6658600645405,0.9309101113496597,5.2427503399452,6.73193821632529,,,2.6,286.6914073743851,27.572036192008994
320,,AM,R1796,00,EHZ,61.1981981981982,-149.91291617029023,2026-09-13T20:16:59.996000Z,2026-09-13T20:17:59.996000Z,100.0,100.0,60.0,,traffic,1,Traffic,timeofday:America/Anchorage:day7-19:night1-5,AM,2.0-20.0,892.7087157741606,8911.920457583354,858.82369203882,9261.830873250005,0.9255257014209414,3.2873843940228014,14.900686269470405,,,2.6,286.6914073743851,32.30592419240228
321,,AM,R1796,00,EHZ,61.1981981981982,-149.91291617029023,2026-09-13T20:20:59.996000Z,2026-09-13T20:21:59.996000Z,100.0,100.0,60.0,,traffic,1,Traffic,timeofday:America/Anchorage:day7-19:night1-5,AM,2.0-20.0,1463.562808541935,15477.922583213924,1433.801611775174,14820.366859086578,0.9597439847265482,6.686935787479877,16.176914948681684,,,2.6,286.6914073743851,51.69449267704396
322,,AM,R1796,00,EHZ,61.1981981981982,-149.91291617029023,2026-09-13T20:21:59.996000Z,2026-09-13T20:22:59.996000Z,100.0,100.0,60.0,,traffic,1,Traffic,timeofday:America/Anchorage:day7-19:night1-5,AM,2.0-20.0,587.1832297220047,3816.9229585212993,488.6138274499237,2555.7003745980564,0.6924433030136707,3.400185354220226,1.3464900709067873,,,2.6,286.6914073743851,8.914464503851047
323,,AM,R1796,00,EHZ,61.1981981981982,-149.91291617029023,2026-09-13T20:27:59.996000Z,2026-09-13T20:28:59.996000Z,100.0,100.0,60.0,,traffic,1,Traffic,timeofday:America/Anchorage:day7-19:night1-5,AM,2.0-20.0,748.2755733651951,3781.0743250161727,706.6652228282034,3700.7757865662197,0.891875637667763,2.4064782371125144,1.9665028183083768,,,2.6,286.6914073743851,12.908568905008876
324,,AM,R1796,00,EHZ,61.1981981981982,-149.91291617029023,2026-09-13T20:42:59.996000Z,2026-09-13T20:43:59.996000Z,100.0,100.0,60.0,,traffic,1,Traffic,timeofday:America/Anchorage:day7-19:night1-5,AM,2.0-20.0,1074.7515410421997,10988.067132464697,1037.144267566898,11541.890615380464,0.93124121664662,6.5364445050515805,19.43637664252462,,,2.6,286.6914073743851,40.2589345843495
325,,AM,R1796,00,EHZ,61.1981981981982,-149.91291617029023,2026-09-13T20:46:59.996000Z,2026-09-13T20:47:59.996000Z,100.0,100.0,60.0,,traffic,1,Traffic,timeofday:America/Anchorage:day7-19:night1-5,AM,2.0-20.0,693.415105000481,3153.934542967581,636.4060703922473,3140.110109494917,0.8423295398338817,3.638497412092801,1.4665068848542662,,,2.6,286.6914073743851,10.952927184853868
326,,AM,R1796,00,EHZ,61.1981981981982,-149.91291617029023,2026-09-13T20:48:59.996000Z,2026-09-13T20:49:59.996000Z,100.0,100.0,60.0,,traffic,1,Traffic,timeofday:America/Anchorage:day7-19:night1-5,AM,2.0-20.0,2084.454444531807,13139.93560624803,1742.6568267136931,10331.377933597098,0.6989384421256125,5.445247050264264,4.62094182940235,,,2.6,286.6914073743851,36.03658033638078
327,,AM,R1796,00,EHZ,61.1981981981982,-149.91291617029023,2026-09-13T20:49:59.996000Z,2026-09-13T20:50:59.996000Z,100.0,100.0,60.0,,traffic,1,Traffic,timeofday:America/Anchorage:day7-19:night1-5,AM,2.0-20.0,580.0956690634454,2977.0642315658483,511.82459790221407,2509.6145070308467,0.7784721167737216,2.34140635034195,0.7383973995093207,,,2.6,286.6914073743851,8.753713723109904
328,,AM,R1796,00,EHZ,61.1981981981982,-149.91291617029023,2026-09-13T20:54:59.996000Z,2026-09-13T20:55:59.996000Z,100.0,100.0,60.0,,traffic,1,Traffic,timeofday:America/Anchorage:day7-19:night1-5,AM,2.0-20.0,822.1184724872182,6199.938483191089,758.8787853709994,5475.601438701768,0.8520714446699216,4.6711883194934805,5.561748751592043,,,2.6,286.6914073743851,19.099286891257535
329,,AM,R1796,00,EHZ,61.1981981981982,-149.91291617029023,2026-09-13T20:55:59.996000Z,2026-09-13T20:56:59.996000Z,100.0,100.0,60.0,,traffic,1,Traffic,timeofday:America/Anchorage:day7-19:night1-5,AM,2.0-20.0,1490.6272303541095,27098.061208484713,1468.9742419813751,26100.28535192513,0.9711588232338835,9.15040287780792,83.65438311654457,,,2.6,286.6914073743851,91.03964988333689
330,,AM,R1796,00,EHZ,61.1981981981982,-149.91291617029023,2026-09-13T21:07:59.996000Z,2026-09-13T21:08:59.996000Z,100.0,100.0,60.0,,traffic,1,Traffic,timeofday:America/Anchorage:day7-19:night1-5,AM,2.0-20.0,1004.7962094941954,8116.055690125094,958.2770305009151,6800.917603249162,0.9095491675515202,4.447934210831324,4.902963153918508,,,2.6,286.6914073743851,23.72208384455683
331,,AM,R1796,00,EHZ,61.1981981981982,-149.91291617029023,2026-09-13T21:14:59.996000Z,2026-09-13T21:15:59.996000Z,100.0,100.0,60.0,,traffic,1,Traffic,timeofday:America/Anchorage:day7-19:night1-5,AM,2.0-20.0,1566.0294968382877,22807.9476333725,1540.2636740636838,20959.66627330619,0.96736477724954,8.794506286828577,31.773814265907966,,,2.6,286.6914073743851,73.10880526647713
332,,AM,R1796,00,EHZ,61.1981981981982,-149.91291617029023,2026-09-13T21:18:59.996000Z,2026-09-13T21:19:59.996000Z,100.0,100.0,60.0,,traffic,1,Traffic,timeofday:America/Anchorage:day7-19:night1-5,AM,2.0-20.0,680.5598357704246,3668.949649535188,639.6230338981752,3720.7498502649364,0.8833149076658117,3.0696506246312976,2.226320195693189,,,2.6,286.6914073743851,12.978239858462436
333,,AM,R1796,00,EHZ,61.1981981981982,-149.91291617029023,2026-09-13T21:19:59.996000Z,2026-09-13T21:20:59.996000Z,100.0,100.0,60.0,,traffic,1,Traffic,timeofday:America/Anchorage:day7-19:night1-5,AM,2.0-20.0,1311.3217324088419,5973.950080584352,1075.2152585443307,6418.185745043153,0.672314255866287,4.6352528513233135,1.4368775120655837,,,2.6,286.6914073743851,22.387087927828127
334,,AM,R1796,00,EHZ,61.1981981981982,-149.91291617029023,2026-09-13T21:27:59.996000Z,2026-09-13T21:28:59.996000Z,100.0,100.0,60.0,,traffic,1,Traffic,timeofday:America/Anchorage:day7-19:night1-5,AM,2.0-20.0,624.0695675616906,3900.9534840896335,577.5005244084433,3604.411925805315,0.8563252617445478,3.9814019411296164,3.2206872512354314,,,2.6,286.6914073743851,12.572444911466702
335,,AM,R1796,00,EHZ,61.1981981981982,-149.91291617029023,2026-09-13T21:32:59.996000Z,2026-09-13T21:33:59.996000Z,100.0,100.0,60.0,,traffic,1,Traffic,timeofday:America/Anchorage:day7-19:night1-5,AM,2.0-20.0,1421.9252905600047,12971.956162331437,1239.5754876550975,12665.709051666567,0.7599629181808043,4.461542965630522,8.92459244899312,,,2.6,286.6914073743851,44.17889314389757
336,,AM,R1796,00,EHZ,61.1981981981982,-149.91291617029023,2026-09-13T21:34:59.996000Z,2026-09-13T21:35:59.996000Z,100.0,100.0,60.0,,traffic,1,Traffic,timeofday:America/Anchorage:day7-19:night1-5,AM,2.0-20.0,966.1467290892252,9937.04294347413,908.6594067125335,10092.969557499715,0.8845371505312111,4.120836649233751,12.068797092695306,,,2.6,286.6914073743851,35.20499498026283
337,,AM,R1796,00,EHZ,61.1981981981982,-149.91291617029023,2026-09-13T21:35:59.996000Z,2026-09-13T21:36:59.996000Z,100.0,100.0,60.0,,traffic,1,Traffic,timeofday:America/Anchorage:day7-19:night1-5,AM,2.0-20.0,2061.674441449891,14107.957376091454,1918.0337695755613,12451.416970790297,0.8655104671871,4.8803903013057655,3.1241513605994715,,,2.6,286.6914073743851,43.43142713911274
338,,AM,R1796,00,EHZ,61.1981981981982,-149.91291617029023,2026-09-13T21:42:59.996000Z,2026-09-13T21:43:59.996000Z,100.0,100.0,60.0,,traffic,1,Traffic,timeofday:America/Anchorage:day7-19:night1-5,AM,2.0-20.0,2481.2799326900818,13836.039313823094,2138.0346504540635,12792.431801495914,0.7424683622122774,4.685610132125752,2.740698949927162,,,2.6,286.6914073743851,44.62091109968465
339,,AM,R1796,00,EHZ,61.1981981981982,-149.91291617029023,2026-09-13T21:43:59.996000Z,2026-09-13T21:44:59.996000Z,100.0,100.0,60.0,,traffic,1,Traffic,timeofday:America/Anchorage:day7-19:night1-5,AM,2.0-20.0,1003.083011042034,10830.038930607981,956.5602237742488,10568.319026258228,0.9093914899697382,5.833729549192807,12.98196702156809,,,2.6,286.6914073743851,36.86304770361412
340,,AM,R1796,00,EHZ,61.1981981981982,-149.91291617029023,2026-09-13T21:46:59.996000Z,2026-09-13T21:47:59.996000Z,100.0,100.0,60.0,,traffic,1,Traffic,timeofday:America/Anchorage:day7-19:night1-5,AM,2.0-20.0,1300.455385787001,12645.962703269917,1175.1464400238958,11697.772413911025,0.8165693287521311,6.189710925397715,12.33473819805043,,,2.6,286.6914073743851,40.80266137392502
341,,AM,R1796,00,EHZ,61.1981981981982,-149.91291617029023,2026-09-13T21:49:59.996000Z,2026-09-13T21:50:59.996000Z,100.0,100.0,60.0,,traffic,1,Traffic,timeofday:America/Anchorage:day7-19:night1-5,AM,2.0-20.0,1519.875550542023,11876.963861443204,1316.6287922661763,9412.833850889536,0.7504307794067074,4.96357121646906,4.340479301888514,,,2.6,286.6914073743851,32.832633308041515
342,,AM,R1796,00,EHZ,61.1981981981982,-149.91291617029023,2026-09-13T21:53:59.996000Z,2026-09-13T21:54:59.996000Z,100.0,100.0,60.0,,traffic,1,Traffic,timeofday:America/Anchorage:day7-19:night1-5,AM,2.0-20.0,1163.9413837684608,12544.965631845847,1133.4367452215577,13033.117991209005,0.9482707542479647,6.4511426978693205,14.02795256426949,,,2.6,286.6914073743851,45.460441631545976
343,,AM,R1796,00,EHZ,61.1981981981982,-149.91291617029023,2026-09-13T21:57:59.996000Z,2026-09-13T21:58:59.996000Z,100.0,100.0,60.0,,traffic,1,Traffic,timeofday:America/Anchorage:day7-19:night1-5,AM,2.0-20.0,666.3734508856849,2687.9674872954233,609.5995459927491,2743.422457936886,0.836862096200435,2.9872107719975394,0.9489998705729001,,,2.6,286.6914073743851,9.569252469273698
344,,AM,R1796,00,EHZ,61.1981981981982,-149.91291617029023,2026-09-13T22:00:59.996000Z,2026-09-13T22:01:59.996000Z,100.0,100.0,60.0,,traffic,1,Traffic,timeofday:America/Anchorage:day7-19:night1-5,AM,2.0-20.0,2003.072217606802,17740.969244285927,1784.4257042671331,15712.751539398134,0.7936037774030668,5.706621284310857,12.693037720796992,,,2.6,286.6914073743851,54.807193851049526
345,,AM,R1796,00,EHZ,61.1981981981982,-149.91291617029023,2026-09-13T22:02:59.996000Z,2026-09-13T22:03:59.996000Z,100.0,100.0,60.0,,traffic,1,Traffic,timeofday:America/Anchorage:day7-19:night1-5,AM,2.0-20.0,703.7303608510546,5161.970057542355,660.786292246283,5000.956290381202,0.881676923780661,3.7065324763008114,3.7310535169207437,,,2.6,286.6914073743851,17.44369088763984
346,,AM,R1796,00,EHZ,61.1981981981982,-149.91291617029023,2026-09-13T22:03:59.996000Z,2026-09-13T22:04:59.996000Z,100.0,100.0,60.0,,traffic,1,Traffic,timeofday:America/Anchorage:day7-19:night1-5,AM,2.0-20.0,986.5576170244483,10831.970207866874,954.3908114570667,10825.295365323374,0.9358529007661059,5.772232801356354,14.39410762799524,,,2.6,286.6914073743851,37.7593994339245
347,,AM,R1796,00,EHZ,61.1981981981982,-149.91291617029023,2026-09-13T22:08:59.996000Z,2026-09-13T22:09:59.996000Z,100.0,100.0,60.0,,traffic,1,Traffic,timeofday:America/Anchorage:day7-19:night1-5,AM,2.0-20.0,1221.320463618533,16654.972913785754,1185.9213177169224,16816.785680544905,0.9428714464147115,6.610194810458722,26.111431274097285,,,2.6,286.6914073743851,58.65814338336332
348,,AM,R1796,00,EHZ,61.1981981981982,-149.91291617029023,2026-09-13T22:10:59.996000Z,2026-09-13T22:11:59.996000Z,100.0,100.0,60.0,,traffic,1,Traffic,timeofday:America/Anchorage:day7-19:night1-5,AM,2.0-20.0,728.8850639513186,6627.026487784661,687.8211377213205,7083.857877877304,0.8904979715461517,3.291692317167482,5.447456956779773,,,2.6,286.6914073743851,24.708999626998317
349,,AM,R1796,00,EHZ,61.1981981981982,-149.91291617029023,2026-09-13T22:18:59.996000Z,2026-09-13T22:19:59.996000Z,100.0,100.0,60.0,,traffic,1,Traffic,timeofday:America/Anchorage:day7-19:night1-5,AM,2.0-20.0,763.307039847411,4833.022372583099,717.2854260283565,4660.771549802928,0.8830503723903642,4.14031159416041,3.0559567646993298,,,2.6,286.6914073743851,16.257102340414797
350,,AM,R1796,00,EHZ,61.1981981981982,-149.91291617029023,2026-09-13T22:20:59.996000Z,2026-09-13T22:21:59.996000Z,100.0,100.0,60.0,,traffic,1,Traffic,timeofday:America/Anchorage:day7-19:night1-5,AM,2.0-20.0,761.6149122867065,8629.021457533949,664.4872474433557,7045.132041858743,0.761206386569358,4.025492182807213,8.886890153512129,,,2.6,286.6914073743851,24.573921159271553
351,,AM,R1796,00,EHZ,61.1981981981982,-149.91291617029023,2026-09-13T22:21:59.996000Z,2026-09-13T22:22:59.996000Z,100.0,100.0,60.0,,traffic,1,Traffic,timeofday:America/Anchorage:day7-19:night1-5,AM,2.0-20.0,1595.5484839656187,11930.978891956991,1501.452140318058,12156.112286817304,0.8855293814017974,5.555981121972934,5.755060416082676,,,2.6,286.6914073743851,42.40138341831382
352,,AM,R1796,00,EHZ,61.1981981981982,-149.91291617029023,2026-09-13T22:22:59.996000Z,2026-09-13T22:23:59.996000Z,100.0,100.0,60.0,,traffic,1,Traffic,timeofday:America/Anchorage:day7-19:night1-5,AM,2.0-20.0,680.6874551859153,8813.020893293695,636.4403236005412,8307.09826239361,0.8742182775637778,6.212157848706145,28.282140428127203,,,2.6,286.6914073743851,28.975749006476228
353,,AM,R1796,00,EHZ,61.1981981981982,-149.91291617029023,2026-09-13T22:30:59.996000Z,2026-09-13T22:31:59.996000Z,100.0,100.0,60.0,,traffic,1,Traffic,timeofday:America/Anchorage:day7-19:night1-5,AM,2.0-20.0,1440.3302143798003,13914.016885776899,1321.4013137255545,12699.658200492384,0.841676741367691,5.5419593480031075,7.935545614361157,,,2.6,286.6914073743851,44.297310187284864
354,,AM,R1796,00,EHZ,61.1981981981982,-149.91291617029023,2026-09-13T22:32:59.996000Z,2026-09-13T22:33:59.996000Z,100.0,100.0,60.0,,traffic,1,Traffic,timeofday:America/Anchorage:day7-19:night1-5,AM,2.0-20.0,701.6501356875758,4424.984140910884,606.2823160269255,3995.9090596714846,0.7466353960816706,2.649549717999494,2.1994636620778607,,,2.6,286.6914073743851,13.938014732521436
355,,AM,R1796,00,EHZ,61.1981981981982,-149.91291617029023,2026-09-13T22:39:59.996000Z,2026-09-13T22:40:59.996000Z,100.0,100.0,60.0,,traffic,1,Traffic,timeofday:America/Anchorage:day7-19:night1-5,AM,2.0-20.0,916.6679407563604,6153.987338039747,873.1720591805722,6464.026190448279,0.9073515278823419,5.0500418702374965,5.412552047010745,,,2.6,286.6914073743851,22.54698265862926
356,,AM,R1796,00,EHZ,61.1981981981982,-149.91291617029023,2026-09-13T22:40:59.996000Z,2026-09-13T22:41:59.996000Z,100.0,100.0,60.0,,traffic,1,Traffic,timeofday:America/Anchorage:day7-19:night1-5,AM,2.0-20.0,717.0507562386304,4479.012446125563,667.505032051514,4327.886870901952,0.8665812572233972,2.376291189808085,2.001174693004285,,,2.6,286.6914073743851,15.095976927031659
357,,AM,R1796,00,EHZ,61.1981981981982,-149.91291617029023,2026-09-13T22:42:59.996000Z,2026-09-13T22:43:59.996000Z,100.0,100.0,60.0,,traffic,1,Traffic,timeofday:America/Anchorage:day7-19:night1-5,AM,2.0-20.0,1123.8255530017402,9246.988714606108,1079.4660950243924,8983.649803847311,0.9226143537403674,5.655633646982815,7.0161106642897355,,,2.6,286.6914073743851,31.33560885595614
358,,AM,R1796,00,EHZ,61.1981981981982,-149.91291617029023,2026-09-13T22:44:59.996000Z,2026-09-13T22:45:59.996000Z,100.0,100.0,60.0,,traffic,1,Traffic,timeofday:America/Anchorage:day7-19:night1-5,AM,2.0-20.0,1305.0222240130356,16574.010332201542,1278.350797992526,14879.782053705736,0.959542639888531,5.957845415394404,27.784358255028714,,,2.6,286.6914073743851,51.90173709766787
359,,AM,R1796,00,EHZ,61.1981981981982,-149.91291617029023,2026-09-13T22:55:59.996000Z,2026-09-13T22:56:59.996000Z,100.0,100.0,60.0,,traffic,1,Traffic,timeofday:America/Anchorage:day7-19:night1-5,AM,2.0-20.0,772.6949529737626,4243.005491581452,669.0110822105894,4557.5528571011,0.7496360657955532,7.683795097898969,2.5171532493551947,,,2.6,286.6914073743851,15.897068205987333
360,,AM,R1796,00,EHZ,61.1981981981982,-149.91291617029023,2026-09-13T22:57:59.996000Z,2026-09-13T22:58:59.996000Z,100.0,100.0,60.0,,traffic,1,Traffic,timeofday:America/Anchorage:day7-19:night1-5,AM,2.0-20.0,1056.3630150025247,12248.995336637654,1019.583689550188,13565.6825594492,0.931578343439404,5.787765685169691,27.656931100455427,,,2.6,286.6914073743851,47.31806468735221
361,,AM,R1796,00,EHZ,61.1981981981982,-149.91291617029023,2026-09-13T23:02:59.996000Z,2026-09-13T23:03:59.996000Z,100.0,100.0,60.0,,traffic,1,Traffic,timeofday:America/Anchorage:day7-19:night1-5,AM,2.0-20.0,976.2624570966784,4579.002115365617,799.5323332132929,4243.80269697,0.6707163384033654,4.011507960322531,1.6180908529875824,,,2.6,286.6914073743851,14.802685353691453
362,,AM,R1796,00,EHZ,61.1981981981982,-149.91291617029023,2026-09-13T23:04:59.996000Z,2026-09-13T23:05:59.996000Z,100.0,100.0,60.0,,traffic,1,Traffic,timeofday:America/Anchorage:day7-19:night1-5,AM,2.0-20.0,715.2913333868,6095.001012934122,669.720992827594,5828.522758866728,0.8766412424588375,5.73226144546875,5.084734908823709,,,2.6,286.6914073743851,20.33030153308838
363,,AM,R1796,00,EHZ,61.1981981981982,-149.91291617029023,2026-09-13T23:05:59.996000Z,2026-09-13T23:06:59.996000Z,100.0,100.0,60.0,,traffic,1,Traffic,timeofday:America/Anchorage:day7-19:night1-5,AM,2.0-20.0,1003.1007831935293,8630.999286086855,967.3658101911756,9215.559946797088,0.9300200874038945,5.491588249203744,6.349205134315497,,,2.6,286.6914073743851,32.14452791311829
364,,AM,R1796,00,EHZ,61.1981981981982,-149.91291617029023,2026-09-13T23:06:59.996000Z,2026-09-13T23:07:59.996000Z,100.0,100.0,60.0,,traffic,1,Traffic,timeofday:America/Anchorage:day7-19:night1-5,AM,2.0-20.0,1387.9233653835015,10908.000238983797,1339.3652452036154,10144.472144418689,0.9312516957462772,4.719145708724272,6.020957869852385,,,2.6,286.6914073743851,35.384639662992086
365,,AM,R1796,00,EHZ,61.1981981981982,-149.91291617029023,2026-09-13T23:07:59.996000Z,2026-09-13T23:08:59.996000Z,100.0,100.0,60.0,,traffic,1,Traffic,timeofday:America/Anchorage:day7-19:night1-5,AM,2.0-20.0,715.7799351612069,5631.999684124291,653.4214255648328,5264.793930015609,0.8333505023785783,4.649514148487219,3.8057260039360754,,,2.6,286.6914073743851,18.36397532187077
366,,AM,R1796,00,EHZ,61.1981981981982,-149.91291617029023,2026-09-13T23:11:59.996000Z,2026-09-13T23:12:59.996000Z,100.0,100.0,60.0,,traffic,1,Traffic,timeofday:America/Anchorage:day7-19:night1-5,AM,2.0-20.0,532.9621791170002,3349.9980274535014,486.6760545945276,3352.668720014205,0.8338485448075076,4.8182226876512475,3.9574351681378275,,,2.6,286.6914073743851,11.69434672186047
367,,AM,R1796,00,EHZ,61.1981981981982,-149.91291617029023,2026-09-13T23:12:59.996000Z,2026-09-13T23:13:59.996000Z,100.0,100.0,60.0,,traffic,1,Traffic,timeofday:America/Anchorage:day7-19:night1-5,AM,2.0-20.0,874.1041148525818,4156.997305291098,806.3222576507243,4043.9862034602174,0.8509243802404373,4.2319835362902145,2.376663542408237,,,2.6,286.6914073743851,14.105711226214915
368,,AM,R1796,00,EHZ,61.1981981981982,-149.91291617029023,2026-09-13T23:14:59.996000Z,2026-09-13T23:15:59.996000Z,100.0,100.0,60.0,,traffic,1,Traffic,timeofday:America/Anchorage:day7-19:night1-5,AM,2.0-20.0,587.9320134564193,3332.9965067647686,541.9477628972619,3172.849501545371,0.8496902574341284,3.222655321850926,1.9273177143103588,,,2.6,286.6914073743851,11.067124510648497
369,,AM,R1796,00,EHZ,61.1981981981982,-149.91291617029023,2026-09-13T23:16:59.996000Z,2026-09-13T23:17:59.996000Z,100.0,100.0,60.0,,traffic,1,Traffic,timeofday:America/Anchorage:day7-19:night1-5,AM,2.0-20.0,482.77012505375734,2691.004544809129,430.87566083965083,2270.414147386709,0.796568541091877,3.4045394461127,1.1554571798435802,,,2.6,286.6914073743851,7.919365872105878
370,,AM,R1796,00,EHZ,61.1981981981982,-149.91291617029023,2026-09-13T23:20:59.996000Z,2026-09-13T23:21:59.996000Z,100.0,100.0,60.0,,traffic,1,Traffic,timeofday:America/Anchorage:day7-19:night1-5,AM,2.0-20.0,841.4338595146229,5179.006070692157,784.5563730077871,4800.285019904815,0.8693773891139573,2.6780840508096793,1.9851724368800179,,,2.6,286.6914073743851,16.743735237366952
371,,AM,R1796,00,EHZ,61.1981981981982,-149.91291617029023,2026-09-13T23:21:59.996000Z,2026-09-13T23:22:59.996000Z,100.0,100.0,60.0,,traffic,1,Traffic,timeofday:America/Anchorage:day7-19:night1-5,AM,2.0-20.0,711.5120361144042,7421.993066356718,659.0855256628635,7042.776501313001,0.8580627442009845,5.35704404260291,14.381802526668057,,,2.6,286.6914073743851,24.565704866473265
372,,AM,R1796,00,EHZ,61.1981981981982,-149.91291617029023,2026-09-13T23:23:59.996000Z,2026-09-13T23:24:59.996000Z,100.0,100.0,60.0,,traffic,1,Traffic,timeofday:America/Anchorage:day7-19:night1-5,AM,2.0-20.0,817.1371994151002,8900.992208289787,767.5752172636842,8120.752000068246,0.8823724194807944,5.24686124213884,8.772736809955116,,,2.6,286.6914073743851,28.325760002508563
373,,AM,R1796,00,EHZ,61.1981981981982,-149.91291617029023,2026-09-13T23:30:59.996000Z,2026-09-13T23:31:59.996000Z,100.0,100.0,60.0,,traffic,1,Traffic,timeofday:America/Anchorage:day7-19:night1-5,AM,2.0-20.0,595.628634177877,4588.989126055684,542.3472425693745,4482.782484435397,0.8290939332211335,5.319737793478136,5.100538598775659,,,2.6,286.6914073743851,15.636263833263104
374,,AM,R1796,00,EHZ,61.1981981981982,-149.91291617029023,2026-09-13T23:32:59.996000Z,2026-09-13T23:33:59.996000Z,100.0,100.0,60.0,,traffic,1,Traffic,timeofday:America/Anchorage:day7-19:night1-5,AM,2.0-20.0,736.0839553636458,5267.988333809027,678.8240560085692,5614.777433493217,0.8504714633408017,4.402435094092655,4.41499018731346,,,2.6,286.6914073743851,19.584742650347316
375,,AM,R1796,00,EHZ,61.1981981981982,-149.91291617029023,2026-09-13T23:35:59.996000Z,2026-09-13T23:36:59.996000Z,100.0,100.0,60.0,,traffic,1,Traffic,timeofday:America/Anchorage:day7-19:night1-5,AM,2.0-20.0,590.7055186478661,4041.013432794803,521.6198178082907,4231.06967002558,0.7797692586226921,3.390166748940269,4.047891590908816,,,2.6,286.6914073743851,14.758271650954308
376,,AM,R1796,00,EHZ,61.1981981981982,-149.91291617029023,2026-09-13T23:38:59.996000Z,2026-09-13T23:39:59.996000Z,100.0,100.0,60.0,,traffic,1,Traffic,timeofday:America/Anchorage:day7-19:night1-5,AM,2.0-20.0,1012.206015976557,9237.98516094606,878.6698188784151,8938.435109458187,0.7535526303038678,5.423948207182072,8.712307305785979,,,2.6,286.6914073743851,31.177896789162038
377,,AM,R1796,00,EHZ,61.1981981981982,-149.91291617029023,2026-09-13T23:41:59.996000Z,2026-09-13T23:42:59.996000Z,100.0,100.0,60.0,,traffic,1,Traffic,timeofday:America/Anchorage:day7-19:night1-5,AM,2.0-20.0,1235.0448279391624,10697.015904970296,1178.1454673798848,11103.169563703354,0.9099811390507261,5.614166516543707,8.120427242990589,,,2.6,286.6914073743851,38.72864438243845
378,,AM,R1796,00,EHZ,61.1981981981982,-149.91291617029023,2026-09-13T23:42:59.996000Z,2026-09-13T23:43:59.996000Z,100.0,100.0,60.0,,traffic,1,Traffic,timeofday:America/Anchorage:day7-19:night1-5,AM,2.0-20.0,606.6404234260658,2997.0163853265253,544.4565379735211,2780.3699621417604,0.805496657060487,2.061630312160891,1.2226696047222045,,,2.6,286.6914073743851,9.698127989273587
379,,AM,R1796,00,EHZ,61.1981981981982,-149.91291617029023,2026-09-13T23:43:59.996000Z,2026-09-13T23:44:59.996000Z,100.0,100.0,60.0,,traffic,1,Traffic,timeofday:America/Anchorage:day7-19:night1-5,AM,2.0-20.0,1024.7237586099789,11972.982910109662,992.622102612077,12458.734822368826,0.9383271260531592,8.798086664039964,26.890664768396395,,,2.6,286.6914073743851,43.45695232539422
380,,AM,R1796,00,EHZ,61.1981981981982,-149.91291617029023,2026-09-13T23:45:59.996000Z,2026-09-13T23:46:59.996000Z,100.0,100.0,60.0,,traffic,1,Traffic,timeofday:America/Anchorage:day7-19:night1-5,AM,2.0-20.0,914.6058950793195,10575.98203080038,865.3542235734984,10279.63494214007,0.895199524451662,4.2739476934972584,12.85995027162644,,,2.6,286.6914073743851,35.85609710554067
381,,AM,R1796,00,EHZ,61.1981981981982,-149.91291617029023,2026-09-13T23:46:59.996000Z,2026-09-13T23:47:59.996000Z,100.0,100.0,60.0,,traffic,1,Traffic,timeofday:America/Anchorage:day7-19:night1-5,AM,2.0-20.0,685.6107937346701,4048.018313883898,616.1959020307005,4066.1006225478245,0.8077599551669374,4.069102795284175,3.049093472232115,,,2.6,286.6914073743851,14.182847891349521
382,,AM,R1796,00,EHZ,61.1981981981982,-149.91291617029023,2026-09-13T23:47:59.996000Z,2026-09-13T23:48:59.996000Z,100.0,100.0,60.0,,traffic,1,Traffic,timeofday:America/Anchorage:day7-19:night1-5,AM,2.0-20.0,797.4892963990214,4654.981033262681,723.1567369739997,5057.5726190296045,0.8222713285491637,3.092950549500722,1.932278959560934,,,2.6,286.6914073743851,17.64117266488218
383,,AM,R1796,00,EHZ,61.1981981981982,-149.91291617029023,2026-09-13T23:48:59.996000Z,2026-09-13T23:49:59.996000Z,100.0,100.0,60.0,,traffic,1,Traffic,timeofday:America/Anchorage:day7-19:night1-5,AM,2.0-20.0,706.9388239949524,3582.9808247155165,661.2675554438874,3634.456285040004,0.8749651666948193,2.5218231031339466,1.4007855883599323,,,2.6,286.6914073743851,12.677241771302317
384,,AM,R1796,00,EHZ,61.1981981981982,-149.91291617029023,2026-09-13T23:50:59.996000Z,2026-09-13T23:51:59.996000Z,100.0,100.0,60.0,,traffic,1,Traffic,timeofday:America/Anchorage:day7-19:night1-5,AM,2.0-20.0,1600.8426567097124,10042.02022274946,1394.0495448235115,9517.137918634573,0.7583315440741201,5.425074254640889,5.259173283769774,,,2.6,286.6914073743851,33.19645330774185
385,,AM,R1796,00,EHZ,61.1981981981982,-149.91291617029023,2026-09-13T23:54:59.996000Z,2026-09-13T23:55:59.996000Z,100.0,100.0,60.0,,traffic,1,Traffic,timeofday:America/Anchorage:day7-19:night1-5,AM,2.0-20.0,1418.3610895671343,10094.977779771816,1216.8845603908464,9685.900574973064,0.7360802150816976,6.4134247640021345,5.818881300264659,,,2.6,286.6914073743851,33.785109444610676
386,,AM,R1796,00,EHZ,61.1981981981982,-149.91291617029023,2026-09-13T23:57:59.996000Z,2026-09-13T23:58:59.996000Z,100.0,100.0,60.0,,traffic,1,Traffic,timeofday:America/Anchorage:day7-19:night1-5,AM,2.0-20.0,1510.7962196603917,14699.023546634686,1343.047059754769,13605.47123226302,0.7902612405933168,4.647225716536033,10.616311860722375,,,2.6,286.6914073743851,47.45685040534153
387,,AM,R1796,00,EHZ,61.1981981981982,-149.91291617029023,2026-09-14T00:00:59.996000Z,2026-09-14T00:01:59.996000Z,100.0,100.0,60.0,,traffic,1,Traffic,timeofday:America/Anchorage:day7-19:night1-5,AM,2.0-20.0,777.4002229780886,4875.975211618109,733.4335232010575,4726.304996059775,0.8900864530628938,3.4404945695503883,2.246903569124547,,,2.6,286.6914073743851,16.485687657488036
388,,AM,R1796,00,EHZ,61.1981981981982,-149.91291617029023,2026-09-14T00:10:59.996000Z,2026-09-14T00:11:59.996000Z,100.0,100.0,60.0,,traffic,1,Traffic,timeofday:America/Anchorage:day7-19:night1-5,AM,2.0-20.0,578.633156474861,3597.970415110784,512.457777470425,3328.3280515070473,0.784349359150766,3.6561343102019226,1.9178881175774558,,,2.6,286.6914073743851,11.609444740562608
389,,AM,R1796,00,EHZ,61.1981981981982,-149.91291617029023,2026-09-14T00:13:59.996000Z,2026-09-14T00:14:59.996000Z,100.0,100.0,60.0,,traffic,1,Traffic,timeofday:America/Anchorage:day7-19:night1-5,AM,2.0-20.0,1057.8717500163766,9441.031108601495,1019.272746587375,9311.543416203893,0.9283565053345354,3.5056901576432606,9.30821660843742,,,2.6,286.6914073743851,32.47932507458836
390,,AM,R1796,00,EHZ,61.1981981981982,-149.91291617029023,2026-09-14T00:14:59.996000Z,2026-09-14T00:15:59.996000Z,100.0,100.0,60.0,,traffic,1,Traffic,timeofday:America/Anchorage:day7-19:night1-5,AM,2.0-20.0,925.5471221738317,5874.968770146549,872.0967782804566,5467.991291560439,0.8878350674113897,3.6594971865411976,4.325777675693327,,,2.6,286.6914073743851,19.07274215728373
391,,AM,R1796,00,EHZ,61.1981981981982,-149.91291617029023,2026-09-14T00:16:59.996000Z,2026-09-14T00:17:59.996000Z,100.0,100.0,60.0,,traffic,1,Traffic,timeofday:America/Anchorage:day7-19:night1-5,AM,2.0-20.0,1553.0789501451623,16596.967770283045,1525.4965514661944,16507.765302648935,0.9647957761665872,5.893791843207506,21.576553083770474,,,2.6,286.6914073743851,57.58025834758188
392,,AM,R1796,00,EHZ,61.1981981981982,-149.91291617029023,2026-09-14T00:17:59.996000Z,2026-09-14T00:18:59.996000Z,100.0,100.0,60.0,,traffic,1,Traffic,timeofday:America/Anchorage:day7-19:night1-5,AM,2.0-20.0,689.9817894560506,3208.0329780058996,612.298720988676,3610.1826030187426,0.7875016043103723,3.3163890677501144,1.5205738815392396,,,2.6,286.6914073743851,12.592573443627037
393,,AM,R1796,00,EHZ,61.1981981981982,-149.91291617029023,2026-09-14T00:24:59.996000Z,2026-09-14T00:25:59.996000Z,100.0,100.0,60.0,,traffic,1,Traffic,timeofday:America/Anchorage:day7-19:night1-5,AM,2.0-20.0,724.556499232165,4109.963941000428,670.473738028922,3785.7927124969992,0.8562863681723049,3.733358320186335,2.3746446325133563,,,2.6,286.6914073743851,13.205113983598403
394,,AM,R1796,00,EHZ,61.1981981981982,-149.91291617029023,2026-09-14T00:25:59.996000Z,2026-09-14T00:26:59.996000Z,100.0,100.0,60.0,,traffic,1,Traffic,timeofday:America/Anchorage:day7-19:night1-5,AM,2.0-20.0,840.6454083900115,4974.963668261048,799.4826068609718,4487.228367584259,0.9044662156671907,3.5106854979461732,2.1607793716194346,,,2.6,286.6914073743851,15.651771389591977
395,,AM,R1796,00,EHZ,61.1981981981982,-149.91291617029023,2026-09-14T00:27:59.996000Z,2026-09-14T00:28:59.996000Z,100.0,100.0,60.0,,traffic,1,Traffic,timeofday:America/Anchorage:day7-19:night1-5,AM,2.0-20.0,779.4718882370242,4799.0375328621,743.1861251760002,5541.817596918116,0.909063608025224,4.406616587371294,3.6287629541015978,,,2.6,286.6914073743851,19.330253556156137
396,,AM,R1796,00,EHZ,61.1981981981982,-149.91291617029023,2026-09-14T00:30:59.996000Z,2026-09-14T00:31:59.996000Z,100.0,100.0,60.0,,traffic,1,Traffic,timeofday:America/Anchorage:day7-19:night1-5,AM,2.0-20.0,2349.8568611989986,15183.038815465945,2134.981742960485,16229.497027987663,0.8254780204892536,6.6116993183910155,7.169377573673595,,,2.6,286.6914073743851,56.60963883299738
397,,AM,R1796,00,EHZ,61.1981981981982,-149.91291617029023,2026-09-14T00:31:59.996000Z,2026-09-14T00:32:59.996000Z,100.0,100.0,60.0,,traffic,1,Traffic,timeofday:America/Anchorage:day7-19:night1-5,AM,2.0-20.0,684.6909474137296,4051.960562381261,629.8846914117787,4274.248605303914,0.8463167475738615,3.0160864863934944,2.642329565808142,,,2.6,286.6914073743851,14.908882845317544
398,,AM,R1796,00,EHZ,61.1981981981982,-149.91291617029023,2026-09-14T00:34:59.996000Z,2026-09-14T00:35:59.996000Z,100.0,100.0,60.0,,traffic,1,Traffic,timeofday:America/Anchorage:day7-19:night1-5,AM,2.0-20.0,1098.9267758769154,7719.959221167134,1057.1718613512608,6936.8782997856415,0.9254515336297051,5.658779230953705,3.2613555070516647,,,2.6,286.6914073743851,24.19632441486779
399,,AM,R1796,00,EHZ,61.1981981981982,-149.91291617029023,2026-09-14T00:39:59.996000Z,2026-09-14T00:40:59.996000Z,100.0,100.0,60.0,,traffic,1,Traffic,timeofday:America/Anchorage:day7-19:night1-5,AM,2.0-20.0,802.8690704694778,4861.042895005164,761.4789353954128,4515.690606611396,0.8995521231828557,2.952374639300893,2.6899164494476917,,,2.6,286.6914073743851,15.751049701724884
400,,AM,R1796,00,EHZ,61.1981981981982,-149.91291617029023,2026-09-14T00:40:59.996000Z,2026-09-14T00:41:59.996000Z,100.0,100.0,60.0,,traffic,1,Traffic,timeofday:America/Anchorage:day7-19:night1-5,AM,2.0-20.0,609.3556136693556,3668.0432965941322,550.8319460027963,3507.521701806674,0.8171402561860062,3.7532666170999236,2.626537410918706,,,2.6,286.6914073743851,12.23448492555016
401,,AM,R1796,00,EHZ,61.1981981981982,-149.91291617029023,2026-09-14T00:42:59.996000Z,2026-09-14T00:43:59.996000Z,100.0,100.0,60.0,,traffic,1,Traffic,timeofday:America/Anchorage:day7-19:night1-5,AM,2.0-20.0,975.4286173368647,10466.955388163227,856.8852853936503,9905.376847863887,0.7717104557678451,3.7827839206435914,11.370286942466794,,,2.6,286.6914073743851,34.550658279509
402,,AM,R1796,00,EHZ,61.1981981981982,-149.91291617029023,2026-09-14T00:45:59.996000Z,2026-09-14T00:46:59.996000Z,100.0,100.0,60.0,,traffic,1,Traffic,timeofday:America/Anchorage:day7-19:night1-5,AM,2.0-20.0,1628.213759275059,11111.045835907858,1552.2461012379877,10452.718550383064,0.9088627718131629,5.79882987131933,2.214142326728439,,,2.6,286.6914073743851,36.45982502968095
403,,AM,R1796,00,EHZ,61.1981981981982,-149.91291617029023,2026-09-14T00:47:59.996000Z,2026-09-14T00:48:59.996000Z,100.0,100.0,60.0,,traffic,1,Traffic,timeofday:America/Anchorage:day7-19:night1-5,AM,2.0-20.0,572.6702594714885,3053.9533516109846,512.3857221901852,2851.583647998699,0.8005432132087807,2.9248052079914815,1.0331089819948192,,,2.6,286.6914073743851,9.946526385685733
404,,AM,R1796,00,EHZ,61.1981981981982,-149.91291617029023,2026-09-14T00:49:59.996000Z,2026-09-14T00:50:59.996000Z,100.0,100.0,60.0,,traffic,1,Traffic,timeofday:America/Anchorage:day7-19:night1-5,AM,2.0-20.0,1282.2059695996097,13964.95252478736,1252.9941821564903,15144.189852584985,0.9549541490958949,6.564578755093562,24.30109415592666,,,2.6,286.6914073743851,52.82401028785792
405,,AM,R1796,00,EHZ,61.1981981981982,-149.91291617029023,2026-09-14T01:00:59.996000Z,2026-09-14T01:01:59.996000Z,100.0,100.0,60.0,,traffic,1,Traffic,timeofday:America/Anchorage:day7-19:night1-5,AM,2.0-20.0,1094.6826170337308,6643.05279952261,994.2163123229484,6555.3285536203375,0.824869651317808,4.976392503800141,3.1819126240005895,,,2.6,286.6914073743851,22.865451788932944
406,,AM,R1796,00,EHZ,61.1981981981982,-149.91291617029023,2026-09-14T01:04:59.996000Z,2026-09-14T01:05:59.996000Z,100.0,100.0,60.0,,traffic,1,Traffic,timeofday:America/Anchorage:day7-19:night1-5,AM,2.0-20.0,783.8343586964397,4822.054678152707,737.5288145979297,4879.075436675381,0.885338584727701,3.849291109591397,3.361518394370912,,,2.6,286.6914073743851,17.018561809576262
407,,AM,R1796,00,EHZ,61.1981981981982,-149.91291617029023,2026-09-14T01:08:59.996000Z,2026-09-14T01:09:59.996000Z,100.0,100.0,60.0,,traffic,1,Traffic,timeofday:America/Anchorage:day7-19:night1-5,AM,2.0-20.0,599.3033545975196,4332.943352433283,557.0218336965684,4073.859051099462,0.8638752266923065,3.212612113237732,2.467418587215983,,,2.6,286.6914073743851,14.209909841418732
408,,AM,R1796,00,EHZ,61.1981981981982,-149.91291617029023,2026-09-14T01:10:59.996000Z,2026-09-14T01:11:59.996000Z,100.0,100.0,60.0,,traffic,1,Traffic,timeofday:America/Anchorage:day7-19:night1-5,AM,2.0-20.0,576.2797012887202,3961.057597580471,537.7910954326094,4304.416195629611,0.8708845165713192,4.824778633979911,3.6459211896646817,,,2.6,286.6914073743851,15.014109543954877
409,,AM,R1796,00,EHZ,61.1981981981982,-149.91291617029023,2026-09-14T01:11:59.996000Z,2026-09-14T01:12:59.996000Z,100.0,100.0,60.0,,traffic,1,Traffic,timeofday:America/Anchorage:day7-19:night1-5,AM,2.0-20.0,906.347232313614,9463.057988470737,871.5487685465712,10287.149485872409,0.9246857424755777,5.504106784609335,13.96619157385787,,,2.6,286.6914073743851,35.88230836803074
410,,AM,R1796,00,EHZ,61.1981981981982,-149.91291617029023,2026-09-14T01:14:59.996000Z,2026-09-14T01:15:59.996000Z,100.0,100.0,60.0,,traffic,1,Traffic,timeofday:America/Anchorage:day7-19:night1-5,AM,2.0-20.0,690.0704072333167,4183.05929239446,661.3455719845674,3728.5889033162375,0.9184808225444129,3.8715173456784373,2.4353339507249183,,,2.6,286.6914073743851,13.00558303251531
411,,AM,R1796,00,EHZ,61.1981981981982,-149.91291617029023,2026-09-14T01:24:59.996000Z,2026-09-14T01:25:59.996000Z,100.0,100.0,60.0,,traffic,1,Traffic,timeofday:America/Anchorage:day7-19:night1-5,AM,2.0-20.0,616.9925985803828,5896.063685917331,579.7802932360386,4942.434795656751,0.8830127827252425,3.5038531842102176,5.803741681236417,,,2.6,286.6914073743851,17.239563755751195
412,,AM,R1796,00,EHZ,61.1981981981982,-149.91291617029023,2026-09-14T01:28:59.996000Z,2026-09-14T01:29:59.996000Z,100.0,100.0,60.0,,traffic,1,Traffic,timeofday:America/Anchorage:day7-19:night1-5,AM,2.0-20.0,1284.5029456092436,15013.065945901897,1235.9291751406688,14507.474645904987,0.9257995373957694,6.301039900457065,18.279090692716377,,,2.6,286.6914073743851,50.60310240467005
413,,AM,R1796,00,EHZ,61.1981981981982,-149.91291617029023,2026-09-14T01:29:59.996000Z,2026-09-14T01:30:59.996000Z,100.0,100.0,60.0,,traffic,1,Traffic,timeofday:America/Anchorage:day7-19:night1-5,AM,2.0-20.0,782.3241842075264,12841.933844543088,750.4574790809979,11823.489590179735,0.9201924559760011,8.12440023848976,45.90084633412799,,,2.6,286.6914073743851,41.241171817680794
414,,AM,R1796,00,EHZ,61.1981981981982,-149.91291617029023,2026-09-14T01:31:59.996000Z,2026-09-14T01:32:59.996000Z,100.0,100.0,60.0,,traffic,1,Traffic,timeofday:America/Anchorage:day7-19:night1-5,AM,2.0-20.0,450.27076996723,3039.0674042590576,387.1116220646694,2428.3055849512384,0.7391369445386262,4.657601418033518,1.7292134942684587,,,2.6,286.6914073743851,8.470102425428323
415,,AM,R1796,00,EHZ,61.1981981981982,-149.91291617029023,2026-09-14T01:44:59.996000Z,2026-09-14T01:45:59.996000Z,100.0,100.0,60.0,,traffic,1,Traffic,timeofday:America/Anchorage:day7-19:night1-5,AM,2.0-20.0,980.7184993535544,12057.073419410593,945.7032882128086,10398.488147704029,0.9298674878074674,5.2096249951509686,18.27970135688781,,,2.6,286.6914073743851,36.270665531753565
416,,AM,R1796,00,EHZ,61.1981981981982,-149.91291617029023,2026-09-14T01:47:59.996000Z,2026-09-14T01:48:59.996000Z,100.0,100.0,60.0,,traffic,1,Traffic,timeofday:America/Anchorage:day7-19:night1-5,AM,2.0-20.0,498.0449636721711,2592.9254714906024,444.1684560525902,2695.937665940228,0.7953500626284974,4.1262278198456865,1.8415167557320853,,,2.6,286.6914073743851,9.403622140720987
417,,AM,R1796,00,EHZ,61.1981981981982,-149.91291617029023,2026-09-14T01:48:59.996000Z,2026-09-14T01:49:59.996000Z,100.0,100.0,60.0,,traffic,1,Traffic,timeofday:America/Anchorage:day7-19:night1-5,AM,2.0-20.0,626.7636351079343,3866.0752492763163,583.9717646011333,3524.3670306501745,0.8681127144699797,4.347333281544978,2.8435091422449412,,,2.6,286.6914073743851,12.293242629514067
418,,AM,R1796,00,EHZ,61.1981981981982,-149.91291617029023,2026-09-14T01:55:59.996000Z,2026-09-14T01:56:59.996000Z,100.0,100.0,60.0,,traffic,1,Traffic,timeofday:America/Anchorage:day7-19:night1-5,AM,2.0-20.0,557.5527473562378,3765.0783284868735,516.0173320400104,4180.302410928885,0.8565577673926245,4.272577185669929,3.2835313526121945,,,2.6,286.6914073743851,14.581191843918448
419,,AM,R1796,00,EHZ,61.1981981981982,-149.91291617029023,2026-09-14T01:56:59.996000Z,2026-09-14T01:57:59.996000Z,100.0,100.0,60.0,,traffic,1,Traffic,timeofday:America/Anchorage:day7-19:night1-5,AM,2.0-20.0,836.7730573913375,8016.0786389818195,795.841303473107,7387.6522999371045,0.9045604044239552,5.878288305308824,10.4485021602788,,,2.6,286.6914073743851,25.76865615748889
420,,AM,R1796,00,EHZ,61.1981981981982,-149.91291617029023,2026-09-14T01:59:59.996000Z,2026-09-14T02:00:59.996000Z,100.0,100.0,60.0,,traffic,1,Traffic,timeofday:America/Anchorage:day7-19:night1-5,AM,2.0-20.0,628.6357019978813,2743.0802515398423,578.045038130138,2458.943497972658,0.8455226982541687,3.5252483445468057,1.0837590809302728,,,2.6,286.6914073743851,8.576969643047475
421,,AM,R1796,00,EHZ,61.1981981981982,-149.91291617029023,2026-09-14T02:00:59.996000Z,2026-09-14T02:01:59.996000Z,100.0,100.0,60.0,,traffic,1,Traffic,timeofday:America/Anchorage:day7-19:night1-5,AM,2.0-20.0,836.059311380807,4510.9194113735075,770.7837050768857,4875.82912154459,0.8499450978861591,3.495938579224913,1.7202554974326025,,,2.6,286.6914073743851,17.00723843173065
422,,AM,R1796,00,EHZ,61.1981981981982,-149.91291617029023,2026-09-14T02:01:59.996000Z,2026-09-14T02:02:59.996000Z,100.0,100.0,60.0,,traffic,1,Traffic,timeofday:America/Anchorage:day7-19:night1-5,AM,2.0-20.0,936.2172294046421,9391.91904397387,897.0055797814211,7714.581698547797,0.9179880559146062,3.536953234093927,10.075112790513394,,,2.6,286.6914073743851,26.9090091300625
423,,AM,R1796,00,EHZ,61.1981981981982,-149.91291617029023,2026-09-14T02:04:59.996000Z,2026-09-14T02:05:59.996000Z,100.0,100.0,60.0,,traffic,1,Traffic,timeofday:America/Anchorage:day7-19:night1-5,AM,2.0-20.0,581.986052485929,3546.917278377889,538.0777037713042,3266.71443309183,0.8548006422276286,3.1504305713461807,2.018929047318818,,,2.6,286.6914073743851,11.39453206152735
424,,AM,R1796,00,EHZ,61.1981981981982,-149.91291617029023,2026-09-14T02:05:59.996000Z,2026-09-14T02:06:59.996000Z,100.0,100.0,60.0,,traffic,1,Traffic,timeofday:America/Anchorage:day7-19:night1-5,AM,2.0-20.0,896.6819341084724,5860.917073164373,853.635065880949,5670.184527322968,0.9062909722576775,4.518661432137768,3.6964663528345003,,,2.6,286.6914073743851,19.778006530619095
425,,AM,R1796,00,EHZ,61.1981981981982,-149.91291617029023,2026-09-14T02:10:59.996000Z,2026-09-14T02:11:59.996000Z,100.0,100.0,60.0,,traffic,1,Traffic,timeofday:America/Anchorage:day7-19:night1-5,AM,2.0-20.0,888.9237584885573,5696.085255431432,846.2681222434611,5746.849084278224,0.906331211452563,4.253510935344649,3.9757366528356046,,,2.6,286.6914073743851,20.045417952738003
426,,AM,R1796,00,EHZ,61.1981981981982,-149.91291617029023,2026-09-14T02:14:59.996000Z,2026-09-14T02:15:59.996000Z,100.0,100.0,60.0,,traffic,1,Traffic,timeofday:America/Anchorage:day7-19:night1-5,AM,2.0-20.0,731.8556824792456,6458.087383232755,696.0964190995855,6199.556923565102,0.9046652338850759,4.354550885033006,7.849349238424951,,,2.6,286.6914073743851,21.62449506367386
427,,AM,R1796,00,EHZ,61.1981981981982,-149.91291617029023,2026-09-14T02:15:59.996000Z,2026-09-14T02:16:59.996000Z,100.0,100.0,60.0,,traffic,1,Traffic,timeofday:America/Anchorage:day7-19:night1-5,AM,2.0-20.0,1047.074054146373,10150.08749851515,1012.8054182549462,10514.296120982817,0.935615128917336,3.9404788205633157,15.336405519415724,,,2.6,286.6914073743851,36.67461197137446
428,,AM,R1796,00,EHZ,61.1981981981982,-149.91291617029023,2026-09-14T02:22:59.996000Z,2026-09-14T02:23:59.996000Z,100.0,100.0,60.0,,traffic,1,Traffic,timeofday:America/Anchorage:day7-19:night1-5,AM,2.0-20.0,1533.6980605656827,10240.909108910855,1119.127979480601,8549.712057972047,0.5324511516179398,4.392213517075807,5.399320018508972,,,2.6,286.6914073743851,29.822003164563398
429,,AM,R1796,00,EHZ,61.1981981981982,-149.91291617029023,2026-09-14T02:23:59.996000Z,2026-09-14T02:24:59.996000Z,100.0,100.0,60.0,,traffic,1,Traffic,timeofday:America/Anchorage:day7-19:night1-5,AM,2.0-20.0,666.4221425211397,4397.091574410609,544.638501431821,2980.0782308779158,0.66790983918709,2.5749550210377468,1.5117539684421102,,,2.6,286.6914073743851,10.394724621049718
430,,AM,R1796,00,EHZ,61.1981981981982,-149.91291617029023,2026-09-14T02:26:59.996000Z,2026-09-14T02:27:59.996000Z,100.0,100.0,60.0,,traffic,1,Traffic,timeofday:America/Anchorage:day7-19:night1-5,AM,2.0-20.0,851.4997498868988,9670.907451619849,815.8828352960533,9713.725484170616,0.9180927195046696,5.985196044431236,18.735419865964747,,,2.6,286.6914073743851,33.88216470501203
431,,AM,R1796,00,EHZ,61.1981981981982,-149.91291617029023,2026-09-14T02:30:59.996000Z,2026-09-14T02:31:59.996000Z,100.0,100.0,60.0,,traffic,1,Traffic,timeofday:America/Anchorage:day7-19:night1-5,AM,2.0-20.0,555.6715097158263,3355.0947795247334,506.03425981757573,2861.7329691441673,0.8293227531813965,3.709156294593195,1.7518683367615049,,,2.6,286.6914073743851,9.981927939008937
432,,AM,R1796,00,EHZ,61.1981981981982,-149.91291617029023,2026-09-14T02:31:59.996000Z,2026-09-14T02:32:59.996000Z,100.0,100.0,60.0,,traffic,1,Traffic,timeofday:America/Anchorage:day7-19:night1-5,AM,2.0-20.0,1079.4989261969342,10021.095255151824,1051.173269241958,10045.734891306629,0.9482092499808028,4.849802144871655,10.533805454675473,,,2.6,286.6914073743851,35.040237108285865
433,,AM,R1796,00,EHZ,61.1981981981982,-149.91291617029023,2026-09-14T02:32:59.996000Z,2026-09-14T02:33:59.996000Z,100.0,100.0,60.0,,traffic,1,Traffic,timeofday:America/Anchorage:day7-19:night1-5,AM,2.0-20.0,770.2404086741599,8203.095341361659,731.624984285823,7966.93930189799,0.9022449450461029,6.841888062075815,11.752399593650326,,,2.6,286.6914073743851,27.789250382011303
434,,AM,R1796,00,EHZ,61.1981981981982,-149.91291617029023,2026-09-14T02:36:59.996000Z,2026-09-14T02:37:59.996000Z,100.0,100.0,60.0,,traffic,1,Traffic,timeofday:America/Anchorage:day7-19:night1-5,AM,2.0-20.0,878.7038186178539,5465.09728806031,808.5929012393002,5999.680480665862,0.846788245993464,4.34739264028099,3.2968922929088693,,,2.6,286.6914073743851,20.927311828467143
435,,AM,R1796,00,EHZ,61.1981981981982,-149.91291617029023,2026-09-14T02:41:59.996000Z,2026-09-14T02:42:59.996000Z,100.0,100.0,60.0,,traffic,1,Traffic,timeofday:America/Anchorage:day7-19:night1-5,AM,2.0-20.0,774.8821867962217,5572.099539749502,744.5355837763466,5684.725156678607,0.9232080085571334,4.352686677408437,5.5454588139056575,,,2.6,286.6914073743851,19.828725279007152
436,,AM,R1796,00,EHZ,61.1981981981982,-149.91291617029023,2026-09-14T02:43:59.996000Z,2026-09-14T02:44:59.996000Z,100.0,100.0,60.0,,traffic,1,Traffic,timeofday:America/Anchorage:day7-19:night1-5,AM,2.0-20.0,690.6239062175798,4413.100461233381,656.5110917693935,4672.549097266296,0.9036513894720838,3.5331006645228507,4.565584161322075,,,2.6,286.6914073743851,16.298183262829703
437,,AM,R1796,00,EHZ,61.1981981981982,-149.91291617029023,2026-09-14T02:45:59.996000Z,2026-09-14T02:46:59.996000Z,100.0,100.0,60.0,,traffic,1,Traffic,timeofday:America/Anchorage:day7-19:night1-5,AM,2.0-20.0,880.5562241290667,7610.101661736316,849.9712151473082,7940.049926878186,0.9317389569970236,6.061047055103328,9.420965759893775,,,2.6,286.6914073743851,27.695458331297033
438,,AM,R1796,00,EHZ,61.1981981981982,-149.91291617029023,2026-09-14T02:46:59.996000Z,2026-09-14T02:47:59.996000Z,100.0,100.0,60.0,,traffic,1,Traffic,timeofday:America/Anchorage:day7-19:night1-5,AM,2.0-20.0,583.6920243839114,3052.89801823294,543.8367520709031,3133.9830406938913,0.8680996654123135,3.366613122971538,1.84521305237599,,,2.6,286.6914073743851,10.93155553351231
439,,AM,R1796,00,EHZ,61.1981981981982,-149.91291617029023,2026-09-14T02:48:59.996000Z,2026-09-14T02:49:59.996000Z,100.0,100.0,60.0,,traffic,1,Traffic,timeofday:America/Anchorage:day7-19:night1-5,AM,2.0-20.0,631.1544833934341,6411.102992484316,598.2964676723349,5910.694917036535,0.8985899032192606,4.536154857645472,8.541348187171444,,,2.6,286.6914073743851,20.616923859590482
440,,AM,R1796,00,EHZ,61.1981981981982,-149.91291617029023,2026-09-14T02:51:59.996000Z,2026-09-14T02:52:59.996000Z,100.0,100.0,60.0,,traffic,1,Traffic,timeofday:America/Anchorage:day7-19:night1-5,AM,2.0-20.0,775.7937018753157,5623.895648935549,685.039111688574,5795.565873709691,0.7797192145095063,7.237774903504715,5.006694674946788,,,2.6,286.6914073743851,20.215345575883852
441,,AM,R1796,00,EHZ,61.1981981981982,-149.91291617029023,2026-09-14T02:57:59.996000Z,2026-09-14T02:58:59.996000Z,100.0,100.0,60.0,,traffic,1,Traffic,timeofday:America/Anchorage:day7-19:night1-5,AM,2.0-20.0,665.22536299789,4590.106974959947,635.9956789901729,4797.002316930348,0.9140516389292818,2.289222485094951,2.9195120801934786,,,2.6,286.6914073743851,16.732284936137027
442,,AM,R1796,00,EHZ,61.1981981981982,-149.91291617029023,2026-09-14T02:58:59.996000Z,2026-09-14T02:59:59.996000Z,100.0,100.0,60.0,,traffic,1,Traffic,timeofday:America/Anchorage:day7-19:night1-5,AM,2.0-20.0,823.7887427315657,8957.107535478917,794.9302562517327,9529.46400586132,0.931164367317253,6.007494421129689,16.25046072333901,,,2.6,286.6914073743851,33.23944757582834
443,,AM,R1796,00,EHZ,61.1981981981982,-149.91291617029023,2026-09-14T02:59:59.996000Z,2026-09-14T03:00:59.996000Z,100.0,100.0,60.0,,traffic,1,Traffic,timeofday:America/Anchorage:day7-19:night1-5,AM,2.0-20.0,830.485548938705,6098.108195232223,804.58473630426,6171.74295157638,0.938597556152814,5.414741609004857,6.654963521461555,,,2.6,286.6914073743851,21.527477953034055
444,,AM,R3130,00,EHZ,61.1981981981982,-149.90658980942584,2026-09-13T09:00:59.995000Z,2026-09-13T09:01:59.995000Z,100.0,100.0,60.0,,noise,0,Noise,timeofday:America/Anchorage:day7-19:night1-5,AM,2.0-20.0,225.89204650663746,1041.8506092299963,200.04990868946592,1083.858164745936,0.7842866723770308,2.98617358592148,0.8672439020674472,,,2.49,236.70959536996122,4.5788518334119
445,,AM,R3130,00,EHZ,61.1981981981982,-149.90658980942584,2026-09-13T09:01:59.995000Z,2026-09-13T09:02:59.995000Z,100.0,100.0,60.0,,noise,0,Noise,timeofday:America/Anchorage:day7-19:night1-5,AM,2.0-20.0,232.9353424419444,1000.8540239326926,205.91632293870208,869.9607711399066,0.7814672350422218,2.4198452871518468,0.2756709783851363,,,2.49,236.70959536996122,3.6752239375012077
446,,AM,R3130,00,EHZ,61.1981981981982,-149.90658980942584,2026-09-13T09:02:59.995000Z,2026-09-13T09:03:59.995000Z,100.0,100.0,60.0,,noise,0,Noise,timeofday:America/Anchorage:day7-19:night1-5,AM,2.0-20.0,235.01467903567405,1334.1451149040618,211.90099513834747,1080.644790427361,0.8129727975880383,2.2952742934986077,0.5464403027369817,,,2.49,236.70959536996122,4.565276657832081
447,,AM,R3130,00,EHZ,61.1981981981982,-149.90658980942584,2026-09-13T09:03:59.995000Z,2026-09-13T09:04:59.995000Z,100.0,100.0,60.0,,noise,0,Noise,timeofday:America/Anchorage:day7-19:night1-5,AM,2.0-20.0,340.6853863851735,2982.857981068399,310.1202867027913,2789.6692038805977,0.8286160545684614,4.341807106265784,7.93559893962364,,,2.49,236.70959536996122,11.785196960522583
448,,AM,R3130,00,EHZ,61.1981981981982,-149.90658980942584,2026-09-13T09:04:59.995000Z,2026-09-13T09:05:59.995000Z,100.0,100.0,60.0,,noise,0,Noise,timeofday:America/Anchorage:day7-19:night1-5,AM,2.0-20.0,490.97324247658827,4743.860151539957,470.6269821883699,4039.8466997638816,0.9188359884743819,5.879175007722301,10.697633336134075,,,2.49,236.70959536996122,17.066679081808545
449,,AM,R3130,00,EHZ,61.1981981981982,-149.90658980942584,2026-09-13T09:06:59.995000Z,2026-09-13T09:07:59.995000Z,100.0,100.0,60.0,,noise,0,Noise,timeofday:America/Anchorage:day7-19:night1-5,AM,2.0-20.0,383.7864689766826,2199.8650042262802,360.7493915367676,2290.643263542769,0.8835515573550696,4.5814243284542995,2.100343634620123,,,2.49,236.70959536996122,9.67701904928124
450,,AM,R3130,00,EHZ,61.1981981981982,-149.90658980942584,2026-09-13T09:07:59.995000Z,2026-09-13T09:08:59.995000Z,100.0,100.0,60.0,,noise,0,Noise,timeofday:America/Anchorage:day7-19:night1-5,AM,2.0-20.0,288.49896394902413,3732.1326448609157,267.72040306140497,3789.7082251898205,0.8611413124832051,8.036083441120974,30.605224270631155,,,2.49,236.70959536996122,16.009947629147693
451,,AM,R3130,00,EHZ,61.1981981981982,-149.90658980942584,2026-09-13T09:08:59.995000Z,2026-09-13T09:09:59.995000Z,100.0,100.0,60.0,,noise,0,Noise,timeofday:America/Anchorage:day7-19:night1-5,AM,2.0-20.0,468.1403845535537,4651.868221109167,441.5563206364943,4581.58921180435,0.8896516664085328,4.939579543091579,12.054217441874368,,,2.49,236.70959536996122,19.35531681613343
452,,AM,R3130,00,EHZ,61.1981981981982,-149.90658980942584,2026-09-13T09:09:59.995000Z,2026-09-13T09:10:59.995000Z,100.0,100.0,60.0,,noise,0,Noise,timeofday:America/Anchorage:day7-19:night1-5,AM,2.0-20.0,317.9124880852437,1840.871268643507,298.5578920750769,1815.999855003835,0.8819458796870865,4.2681770274488535,2.373840719022014,,,2.49,236.70959536996122,7.671847236127243
453,,AM,R3130,00,EHZ,61.1981981981982,-149.90658980942584,2026-09-13T09:10:59.995000Z,2026-09-13T09:11:59.995000Z,100.0,100.0,60.0,,noise,0,Noise,timeofday:America/Anchorage:day7-19:night1-5,AM,2.0-20.0,547.7784738426063,3686.1273529036876,526.5032983327942,3514.5287787231764,0.9238304420776351,5.370671279199685,4.7942927412021765,,,2.49,236.70959536996122,14.847428441716541
454,,AM,R3130,00,EHZ,61.1981981981982,-149.90658980942584,2026-09-13T09:11:59.995000Z,2026-09-13T09:12:59.995000Z,100.0,100.0,60.0,,noise,0,Noise,timeofday:America/Anchorage:day7-19:night1-5,AM,2.0-20.0,299.5426418892019,2191.8751181800276,274.32096629119343,1871.8868817587938,0.8386885078662213,3.8847606786717743,3.448826449334458,,,2.49,236.70959536996122,7.907946776864538
455,,AM,R3130,00,EHZ,61.1981981981982,-149.90658980942584,2026-09-13T09:12:59.995000Z,2026-09-13T09:13:59.995000Z,100.0,100.0,60.0,,noise,0,Noise,timeofday:America/Anchorage:day7-19:night1-5,AM,2.0-20.0,593.1768976776176,3924.878339869751,557.1549622290063,3880.8360376438936,0.8822335088940251,5.5678185737825325,6.086923259348758,,,2.49,236.70959536996122,16.39492489342651
456,,AM,R3130,00,EHZ,61.1981981981982,-149.90658980942584,2026-09-13T09:13:59.995000Z,2026-09-13T09:14:59.995000Z,100.0,100.0,60.0,,noise,0,Noise,timeofday:America/Anchorage:day7-19:night1-5,AM,2.0-20.0,268.2803083530837,1642.8811178514902,247.39957277017098,1729.6935584179157,0.8503942146702266,4.32831942954196,1.4896203666663022,,,2.49,236.70959536996122,7.307238879414756
457,,AM,R3130,00,EHZ,61.1981981981982,-149.90658980942584,2026-09-13T09:15:59.995000Z,2026-09-13T09:16:59.995000Z,100.0,100.0,60.0,,noise,0,Noise,timeofday:America/Anchorage:day7-19:night1-5,AM,2.0-20.0,283.51247455687707,1844.8846593807198,252.8527796500298,1429.018673284973,0.7954101329555635,3.391729200903063,1.6449191230717428,,,2.49,236.70959536996122,6.037012023325512
458,,AM,R3130,00,EHZ,61.1981981981982,-149.90658980942584,2026-09-13T09:16:59.995000Z,2026-09-13T09:17:59.995000Z,100.0,100.0,60.0,,noise,0,Noise,timeofday:America/Anchorage:day7-19:night1-5,AM,2.0-20.0,243.85143093161645,1084.113648243077,221.51830397531856,919.5842116006703,0.8252178595030893,2.080135645836098,0.4924034903915251,,,2.49,236.70959536996122,3.8848624203992315
459,,AM,R3130,00,EHZ,61.1981981981982,-149.90658980942584,2026-09-13T09:17:59.995000Z,2026-09-13T09:18:59.995000Z,100.0,100.0,60.0,,traffic,1,Traffic,timeofday:America/Anchorage:day7-19:night1-5+burst>=20x,AM,2.0-20.0,459.8796199882584,5742.889632607712,442.84396507456313,5537.962110935159,0.927284784472298,7.196184501640245,22.570489819351955,,,2.49,236.70959536996122,23.3955962041999
460,,AM,R3130,00,EHZ,61.1981981981982,-149.90658980942584,2026-09-13T09:18:59.995000Z,2026-09-13T09:19:59.995000Z,100.0,100.0,60.0,,traffic,1,Traffic,timeofday:America/Anchorage:day7-19:night1-5+burst>=20x,AM,2.0-20.0,633.3283832218006,14697.891864828629,597.8440730527635,14411.316514632656,0.8910825778075359,9.299797110246985,209.49346583523533,,,2.49,236.70959536996122,60.881843391725354
461,,AM,R3130,00,EHZ,61.1981981981982,-149.90658980942584,2026-09-13T09:19:59.995000Z,2026-09-13T09:20:59.995000Z,100.0,100.0,60.0,,noise,0,Noise,timeofday:America/Anchorage:day7-19:night1-5,AM,2.0-20.0,217.60376629762436,773.893512464278,194.1914610538888,766.0339307343503,0.7963930159930593,1.8275743263412758,0.14779932077175584,,,2.49,236.70959536996122,3.236176081231902
462,,AM,R3130,00,EHZ,61.1981981981982,-149.90658980942584,2026-09-13T09:20:59.995000Z,2026-09-13T09:21:59.995000Z,100.0,100.0,60.0,,noise,0,Noise,timeofday:America/Anchorage:day7-19:night1-5,AM,2.0-20.0,221.75897833658544,1675.1036751666138,197.7506213308669,1450.4006359467828,0.7951943565519614,3.2188606649967872,1.4395433708616112,,,2.49,236.70959536996122,6.127341959585136
463,,AM,R3130,00,EHZ,61.1981981981982,-149.90658980942584,2026-09-13T09:21:59.995000Z,2026-09-13T09:22:59.995000Z,100.0,100.0,60.0,,noise,0,Noise,timeofday:America/Anchorage:day7-19:night1-5,AM,2.0-20.0,310.31349970478135,1913.8980771101692,276.45187931307584,1953.9529546381762,0.7936659611342909,3.859497924761483,3.284908727318779,,,2.49,236.70959536996122,8.254641944633798
464,,AM,R3130,00,EHZ,61.1981981981982,-149.90658980942584,2026-09-13T09:22:59.995000Z,2026-09-13T09:23:59.995000Z,100.0,100.0,60.0,,noise,0,Noise,timeofday:America/Anchorage:day7-19:night1-5,AM,2.0-20.0,211.66896033201976,895.0996218941759,187.4017446153812,776.7290778983765,0.7838498976215544,2.1744863044694136,0.15079995848188155,,,2.49,236.70959536996122,3.2813586482812456
465,,AM,R3130,00,EHZ,61.1981981981982,-149.90658980942584,2026-09-13T09:23:59.995000Z,2026-09-13T09:24:59.995000Z,100.0,100.0,60.0,,noise,0,Noise,timeofday:America/Anchorage:day7-19:night1-5,AM,2.0-20.0,240.810155428061,956.0968934598272,211.61203259178504,926.2714182499258,0.7722023544320414,2.0834633139276706,0.18109881616679013,,,2.49,236.70959536996122,3.913113098783451
466,,AM,R3130,00,EHZ,61.1981981981982,-149.90658980942584,2026-09-13T09:24:59.995000Z,2026-09-13T09:25:59.995000Z,100.0,100.0,60.0,,noise,0,Noise,timeofday:America/Anchorage:day7-19:night1-5,AM,2.0-20.0,364.4242035921746,3695.9038087080576,340.8223154192209,3366.1714724879243,0.8746647381081806,4.975229496334736,9.808844752991805,,,2.49,236.70959536996122,14.220680269537972
467,,AM,R3130,00,EHZ,61.1981981981982,-149.90658980942584,2026-09-13T09:25:59.995000Z,2026-09-13T09:26:59.995000Z,100.0,100.0,60.0,,traffic,1,Traffic,timeofday:America/Anchorage:day7-19:night1-5+burst>=20x,AM,2.0-20.0,370.8018719535098,5543.90655969756,348.5261192952352,5226.592210678829,0.8834598664549397,7.105971477591762,32.996112575387755,,,2.49,236.70959536996122,22.080187338878325
468,,AM,R3130,00,EHZ,61.1981981981982,-149.90658980942584,2026-09-13T09:26:59.995000Z,2026-09-13T09:27:59.995000Z,100.0,100.0,60.0,,noise,0,Noise,timeofday:America/Anchorage:day7-19:night1-5,AM,2.0-20.0,264.7656980631312,1430.908364479787,244.37873967568686,1409.305250504212,0.851929002533815,3.5461852605231776,2.222177034376367,,,2.49,236.70959536996122,5.953730976987065
469,,AM,R3130,00,EHZ,61.1981981981982,-149.90658980942584,2026-09-13T09:27:59.995000Z,2026-09-13T09:28:59.995000Z,100.0,100.0,60.0,,noise,0,Noise,timeofday:America/Anchorage:day7-19:night1-5,AM,2.0-20.0,231.48262721725095,980.9106458783413,207.2611957023454,1072.2291102886072,0.8016765738782431,2.0124972466276048,0.36823050962205706,,,2.49,236.70959536996122,4.529723894854305
470,,AM,R3130,00,EHZ,61.1981981981982,-149.90658980942584,2026-09-13T09:28:59.995000Z,2026-09-13T09:29:59.995000Z,100.0,100.0,60.0,,noise,0,Noise,timeofday:America/Anchorage:day7-19:night1-5,AM,2.0-20.0,380.60131732669004,2360.087523456468,356.3761244342787,2224.513245371468,0.8767517208308748,4.706521781566656,3.1961039256857084,,,2.49,236.70959536996122,9.397647112254589
471,,AM,R3130,00,EHZ,61.1981981981982,-149.90658980942584,2026-09-13T09:30:59.995000Z,2026-09-13T09:31:59.995000Z,100.0,100.0,60.0,,noise,0,Noise,timeofday:America/Anchorage:day7-19:night1-5,AM,2.0-20.0,281.3258127397351,2932.0811177921983,262.03284313451786,2847.3360402487137,0.8675455646523631,5.301378867190239,14.075460612511968,,,2.49,236.70959536996122,12.028815459713488
472,,AM,R3130,00,EHZ,61.1981981981982,-149.90658980942584,2026-09-13T09:32:59.995000Z,2026-09-13T09:33:59.995000Z,100.0,100.0,60.0,,noise,0,Noise,timeofday:America/Anchorage:day7-19:night1-5,AM,2.0-20.0,223.50391458445623,1327.9218284288186,198.12136663367357,1303.2768627092162,0.785764424205847,3.9405291283821864,1.532139803519735,,,2.49,236.70959536996122,5.5058049534167885
473,,AM,R3130,00,EHZ,61.1981981981982,-149.90658980942584,2026-09-13T09:33:59.995000Z,2026-09-13T09:34:59.995000Z,100.0,100.0,60.0,,noise,0,Noise,timeofday:America/Anchorage:day7-19:night1-5,AM,2.0-20.0,209.69862516283757,1064.076343494287,186.1901696008937,1027.4884248703409,0.7883559119887402,3.1316510060621763,1.164427200077533,,,2.49,236.70959536996122,4.340713029670155
474,,AM,R3130,00,EHZ,61.1981981981982,-149.90658980942584,2026-09-13T09:34:59.995000Z,2026-09-13T09:35:59.995000Z,100.0,100.0,60.0,,noise,0,Noise,timeofday:America/Anchorage:day7-19:night1-5,AM,2.0-20.0,292.29550435390877,1959.074214435475,269.1574133642524,2106.21873320399,0.8479464387662854,3.617624847301869,3.9967445559086974,,,2.49,236.70959536996122,8.897901793596965
475,,AM,R3130,00,EHZ,61.1981981981982,-149.90658980942584,2026-09-13T09:35:59.995000Z,2026-09-13T09:36:59.995000Z,100.0,100.0,60.0,,noise,0,Noise,timeofday:America/Anchorage:day7-19:night1-5,AM,2.0-20.0,293.8663459559968,2308.071563650024,264.89399284567423,2138.83348082713,0.81253955827842,3.3562097477484167,4.551505326525333,,,2.49,236.70959536996122,9.035685593920588
476,,AM,R3130,00,EHZ,61.1981981981982,-149.90658980942584,2026-09-13T09:37:59.995000Z,2026-09-13T09:38:59.995000Z,100.0,100.0,60.0,,noise,0,Noise,timeofday:America/Anchorage:day7-19:night1-5,AM,2.0-20.0,403.37875680630736,2435.0675972704007,374.63294616026917,2555.630722775106,0.8625531966029938,3.3937360107133037,3.397354778379766,,,2.49,236.70959536996122,10.796481311967208
477,,AM,R3130,00,EHZ,61.1981981981982,-149.90658980942584,2026-09-13T09:38:59.995000Z,2026-09-13T09:39:59.995000Z,100.0,100.0,60.0,,noise,0,Noise,timeofday:America/Anchorage:day7-19:night1-5,AM,2.0-20.0,238.5198428303058,1437.9345321581682,211.89000589927142,1437.051020240403,0.7891724527120847,2.4488979196793923,1.672983102142946,,,2.49,236.70959536996122,6.070945362372778
478,,AM,R3130,00,EHZ,61.1981981981982,-149.90658980942584,2026-09-13T09:39:59.995000Z,2026-09-13T09:40:59.995000Z,100.0,100.0,60.0,,noise,0,Noise,timeofday:America/Anchorage:day7-19:night1-5,AM,2.0-20.0,309.90220450685257,2413.0622794302067,289.5108927251563,2121.226000461458,0.8727311669944467,4.455598027772611,5.736742145555139,,,2.49,236.70959536996122,8.961301282046147
479,,AM,R3130,00,EHZ,61.1981981981982,-149.90658980942584,2026-09-13T09:40:59.995000Z,2026-09-13T09:41:59.995000Z,100.0,100.0,60.0,,noise,0,Noise,timeofday:America/Anchorage:day7-19:night1-5,AM,2.0-20.0,220.44294012835027,1196.0599063320037,195.3184517845451,1029.5016706663005,0.78504428581899,2.963151514891738,0.5060763323292741,,,2.49,236.70959536996122,4.349218159311448
480,,AM,R3130,00,EHZ,61.1981981981982,-149.90658980942584,2026-09-13T09:41:59.995000Z,2026-09-13T09:42:59.995000Z,100.0,100.0,60.0,,noise,0,Noise,timeofday:America/Anchorage:day7-19:night1-5,AM,2.0-20.0,240.0541570221794,1512.0583137900953,217.06861265952654,1570.7980867002075,0.8176653591954195,2.615365128018367,2.537424466942233,,,2.49,236.70959536996122,6.635971322772765
481,,AM,R3130,00,EHZ,61.1981981981982,-149.90658980942584,2026-09-13T09:42:59.995000Z,2026-09-13T09:43:59.995000Z,100.0,100.0,60.0,,noise,0,Noise,timeofday:America/Anchorage:day7-19:night1-5,AM,2.0-20.0,238.5764745794619,1276.0546739055967,212.84806488098664,1083.1609559182762,0.7959470522705556,3.3053549215670546,0.6738778030916803,,,2.49,236.70959536996122,4.57590641488516
482,,AM,R3130,00,EHZ,61.1981981981982,-149.90658980942584,2026-09-13T09:43:59.995000Z,2026-09-13T09:44:59.995000Z,100.0,100.0,60.0,,noise,0,Noise,timeofday:America/Anchorage:day7-19:night1-5,AM,2.0-20.0,276.7827816606437,1535.9460977765398,250.88238359631183,1571.0039049539039,0.8216033380316137,3.0804676482352145,1.829908715032535,,,2.49,236.70959536996122,6.636840819648778
483,,AM,R3130,00,EHZ,61.1981981981982,-149.90658980942584,2026-09-13T09:44:59.995000Z,2026-09-13T09:45:59.995000Z,100.0,100.0,60.0,,noise,0,Noise,timeofday:America/Anchorage:day7-19:night1-5,AM,2.0-20.0,315.0397056929794,1993.9490059126206,294.81774331991954,1942.1228742642215,0.8757429483275807,5.024137159388841,3.6811553075863834,,,2.49,236.70959536996122,8.204664754839422
484,,AM,R3130,00,EHZ,61.1981981981982,-149.90658980942584,2026-09-13T09:45:59.995000Z,2026-09-13T09:46:59.995000Z,100.0,100.0,60.0,,noise,0,Noise,timeofday:America/Anchorage:day7-19:night1-5,AM,2.0-20.0,370.5282972861351,3886.0480988927807,347.8000285828465,3067.95954498467,0.8810822766686971,4.068765930544216,11.500260011973301,,,2.49,236.70959536996122,12.96085838932577
485,,AM,R3130,00,EHZ,61.1981981981982,-149.90658980942584,2026-09-13T09:46:59.995000Z,2026-09-13T09:47:59.995000Z,100.0,100.0,60.0,,noise,0,Noise,timeofday:America/Anchorage:day7-19:night1-5,AM,2.0-20.0,436.2383098917557,3802.0467877356873,421.679225310041,3717.0294044099896,0.9343655259483133,4.269277858570267,7.803851635709242,,,2.49,236.70959536996122,15.702909713484669
486,,AM,R3130,00,EHZ,61.1981981981982,-149.90658980942584,2026-09-13T09:47:59.995000Z,2026-09-13T09:48:59.995000Z,100.0,100.0,60.0,,noise,0,Noise,timeofday:America/Anchorage:day7-19:night1-5,AM,2.0-20.0,195.05638160980504,978.9564886780213,169.1402895980048,929.0939275407109,0.7519237673309787,2.0755258946566433,0.2712334841620856,,,2.49,236.70959536996122,3.92503703150943
487,,AM,R3130,00,EHZ,61.1981981981982,-149.90658980942584,2026-09-13T09:48:59.995000Z,2026-09-13T09:49:59.995000Z,100.0,100.0,60.0,,noise,0,Noise,timeofday:America/Anchorage:day7-19:night1-5,AM,2.0-20.0,298.8155933975128,2067.957320630491,275.97554954585945,2059.6234403169265,0.8529718519772133,5.072444216741849,4.458716940212188,,,2.49,236.70959536996122,8.701055979998923
488,,AM,R3130,00,EHZ,61.1981981981982,-149.90658980942584,2026-09-13T09:49:59.995000Z,2026-09-13T09:50:59.995000Z,100.0,100.0,60.0,,noise,0,Noise,timeofday:America/Anchorage:day7-19:night1-5,AM,2.0-20.0,337.4416810337291,2673.040961480095,312.41015239330073,2927.659633851849,0.8571420976540663,4.73334489481838,8.239709048074024,,,2.49,236.70959536996122,12.368149374241096
489,,AM,R3130,00,EHZ,61.1981981981982,-149.90658980942584,2026-09-13T09:50:59.995000Z,2026-09-13T09:51:59.995000Z,100.0,100.0,60.0,,noise,0,Noise,timeofday:America/Anchorage:day7-19:night1-5,AM,2.0-20.0,320.62287703612225,3519.0369633013993,294.44664335364047,3110.33929339562,0.8433817555513056,6.216545159299452,9.604608546805089,,,2.49,236.70959536996122,13.139895273507474
490,,AM,R3130,00,EHZ,61.1981981981982,-149.90658980942584,2026-09-13T09:51:59.995000Z,2026-09-13T09:52:59.995000Z,100.0,100.0,60.0,,noise,0,Noise,timeofday:America/Anchorage:day7-19:night1-5,AM,2.0-20.0,259.93719262960235,1277.0358181650422,239.12939459464442,1250.9269403767312,0.8463092357793428,3.0174922069231775,1.3785501005651453,,,2.49,236.70959536996122,5.284648213865671
491,,AM,R3130,00,EHZ,61.1981981981982,-149.90658980942584,2026-09-13T09:52:59.995000Z,2026-09-13T09:53:59.995000Z,100.0,100.0,60.0,,noise,0,Noise,timeofday:America/Anchorage:day7-19:night1-5,AM,2.0-20.0,376.36727388474185,4228.966050954841,350.86586069715503,4000.370741718515,0.8690775271911159,8.324489655294702,20.4404475346925,,,2.49,236.70959536996122,16.899909509228824
492,,AM,R3130,00,EHZ,61.1981981981982,-149.90658980942584,2026-09-13T09:53:59.995000Z,2026-09-13T09:54:59.995000Z,100.0,100.0,60.0,,noise,0,Noise,timeofday:America/Anchorage:day7-19:night1-5,AM,2.0-20.0,193.85673742430603,773.9684957858358,168.29010848697882,679.804194263772,0.753625147826243,1.8570942120220193,0.1573676692371233,,,2.49,236.70959536996122,2.8718911592970437
493,,AM,R3130,00,EHZ,61.1981981981982,-149.90658980942584,2026-09-13T09:54:59.995000Z,2026-09-13T09:55:59.995000Z,100.0,100.0,60.0,,noise,0,Noise,timeofday:America/Anchorage:day7-19:night1-5,AM,2.0-20.0,217.76370721401753,1447.0282144892167,193.49382087759622,1507.2680166782488,0.7895201136917375,3.9117883808003118,1.6251433679313667,,,2.49,236.70959536996122,6.367583089829925
494,,AM,R3130,00,EHZ,61.1981981981982,-149.90658980942584,2026-09-13T09:55:59.995000Z,2026-09-13T09:56:59.995000Z,100.0,100.0,60.0,,noise,0,Noise,timeofday:America/Anchorage:day7-19:night1-5,AM,2.0-20.0,449.4322572350662,3299.026511390069,432.8426926147222,4093.0953490080337,0.9275379765569679,5.816415584378394,6.868083010833338,,,2.49,236.70959536996122,17.291632570326524
495,,AM,R3130,00,EHZ,61.1981981981982,-149.90658980942584,2026-09-13T09:56:59.995000Z,2026-09-13T09:57:59.995000Z,100.0,100.0,60.0,,noise,0,Noise,timeofday:America/Anchorage:day7-19:night1-5,AM,2.0-20.0,294.4555186413376,2569.9764825295556,270.9940467796637,2889.8696138381792,0.8469935522945139,3.65434091385708,5.682789331067465,,,2.49,236.70959536996122,12.20850219156307
496,,AM,R3130,00,EHZ,61.1981981981982,-149.90658980942584,2026-09-13T09:57:59.995000Z,2026-09-13T09:58:59.995000Z,100.0,100.0,60.0,,noise,0,Noise,timeofday:America/Anchorage:day7-19:night1-5,AM,2.0-20.0,422.69685528451834,4599.022963574978,400.7128410656068,4679.751719449336,0.8986870550689158,4.8729321708813895,16.404482663962767,,,2.49,236.70959536996122,19.770012753962074
497,,AM,R3130,00,EHZ,61.1981981981982,-149.90658980942584,2026-09-13T09:58:59.995000Z,2026-09-13T09:59:59.995000Z,100.0,100.0,60.0,,noise,0,Noise,timeofday:America/Anchorage:day7-19:night1-5,AM,2.0-20.0,456.51109747622286,4738.979834743377,432.95791493371985,4418.479305807314,0.8994741528278974,6.24188884176358,16.48196768577605,,,2.49,236.70959536996122,18.666245020196698
498,,AM,R3130,00,EHZ,61.1981981981982,-149.90658980942584,2026-09-13T09:59:59.995000Z,2026-09-13T10:00:59.995000Z,100.0,100.0,60.0,,noise,0,Noise,timeofday:America/Anchorage:day7-19:night1-5,AM,2.0-20.0,199.56098861424874,791.9825642869951,176.81623147920163,1000.8154261285362,0.7850421346679737,2.2295840320607048,0.2435026012321937,,,2.49,236.70959536996122,4.228030657415171
499,,AM,R3130,00,EHZ,61.1981981981982,-149.90658980942584,2026-09-13T10:00:59.995000Z,2026-09-13T10:01:59.995000Z,100.0,100.0,60.0,,noise,0,Noise,timeofday:America/Anchorage:day7-19:night1-5,AM,2.0-20.0,212.84943770788018,816.9833522384238,188.03827144206133,752.74121206832,0.7804543149015682,1.9288781527253063,0.16312228375288917,,,2.49,236.70959536996122,3.1800198504493915
500,,AM,R3130,00,EHZ,61.1981981981982,-149.90658980942584,2026-09-13T10:01:59.995000Z,2026-09-13T10:02:59.995000Z,100.0,100.0,60.0,,noise,0,Noise,timeofday:America/Anchorage:day7-19:night1-5,AM,2.0-20.0,203.50851896960572,820.0138409388178,178.06444698508741,775.7202203686966,0.7655776442464061,2.817585353166152,0.3550793341440217,,,2.49,236.70959536996122,3.277096643067206
501,,AM,R3130,00,EHZ,61.1981981981982,-149.90658980942584,2026-09-13T10:02:59.995000Z,2026-09-13T10:03:59.995000Z,100.0,100.0,60.0,,noise,0,Noise,timeofday:America/Anchorage:day7-19:night1-5,AM,2.0-20.0,354.53212468080727,2763.011139126949,315.1425846616686,2557.812829222821,0.7901380903726215,4.454381223945559,5.78807599738489,,,2.49,236.70959536996122,10.805699807923423
502,,AM,R3130,00,EHZ,61.1981981981982,-149.90658980942584,2026-09-13T10:03:59.995000Z,2026-09-13T10:04:59.995000Z,100.0,100.0,60.0,,noise,0,Noise,timeofday:America/Anchorage:day7-19:night1-5,AM,2.0-20.0,259.35919622421136,2521.0086181260845,234.1829583442294,2213.9180023090075,0.8152809089432747,6.048186664708595,6.468041828638672,,,2.49,236.70959536996122,9.352886598656054
503,,AM,R3130,00,EHZ,61.1981981981982,-149.90658980942584,2026-09-13T10:04:59.995000Z,2026-09-13T10:05:59.995000Z,100.0,100.0,60.0,,noise,0,Noise,timeofday:America/Anchorage:day7-19:night1-5,AM,2.0-20.0,229.36120971150115,964.9938019312144,202.36581916356036,818.8878467674133,0.778456550796395,2.4387340676758065,0.2592597463673685,,,2.49,236.70959536996122,3.4594619854237276
504,,AM,R3130,00,EHZ,61.1981981981982,-149.90658980942584,2026-09-13T10:05:59.995000Z,2026-09-13T10:06:59.995000Z,100.0,100.0,60.0,,noise,0,Noise,timeofday:America/Anchorage:day7-19:night1-5,AM,2.0-20.0,214.9161886243809,1411.9965580973098,187.59352561712453,1282.3997184520094,0.7618990481073173,4.145319577689693,2.4864788046033857,,,2.49,236.70959536996122,5.417607665830803
505,,AM,R3130,00,EHZ,61.1981981981982,-149.90658980942584,2026-09-13T10:06:59.995000Z,2026-09-13T10:07:59.995000Z,100.0,100.0,60.0,,noise,0,Noise,timeofday:America/Anchorage:day7-19:night1-5,AM,2.0-20.0,460.2430575620284,4701.001895580364,441.6298903260171,4050.5300031941924,0.9207514823840053,5.524304825572636,5.842832555971347,,,2.49,236.70959536996122,17.11181161398838
506,,AM,R3130,00,EHZ,61.1981981981982,-149.90658980942584,2026-09-13T10:07:59.995000Z,2026-09-13T10:08:59.995000Z,100.0,100.0,60.0,,noise,0,Noise,timeofday:America/Anchorage:day7-19:night1-5,AM,2.0-20.0,194.70410598578533,1061.9989730237735,172.24327932073453,969.4782567335234,0.78259010141251,3.227191579891108,0.5182873288511618,,,2.49,236.70959536996122,4.095644095957724
507,,AM,R3130,00,EHZ,61.1981981981982,-149.90658980942584,2026-09-13T10:08:59.995000Z,2026-09-13T10:09:59.995000Z,100.0,100.0,60.0,,noise,0,Noise,timeofday:America/Anchorage:day7-19:night1-5,AM,2.0-20.0,204.94059593766357,1057.998440574192,181.76693471818922,1128.5220518110027,0.7866359267693117,3.2928180051478746,1.01839993428404,,,2.49,236.70959536996122,4.767538257362142
508,,AM,R3130,00,EHZ,61.1981981981982,-149.90658980942584,2026-09-13T10:09:59.995000Z,2026-09-13T10:10:59.995000Z,100.0,100.0,60.0,,noise,0,Noise,timeofday:America/Anchorage:day7-19:night1-5,AM,2.0-20.0,195.3647830306084,771.9950964950162,167.42444036009277,623.5011182818553,0.734421112501077,2.0016950881287037,0.017039851798986927,,,2.49,236.70959536996122,2.6340339828952217
509,,AM,R3130,00,EHZ,61.1981981981982,-149.90658980942584,2026-09-13T10:10:59.995000Z,2026-09-13T10:11:59.995000Z,100.0,100.0,60.0,,noise,0,Noise,timeofday:America/Anchorage:day7-19:night1-5,AM,2.0-20.0,356.5938040080863,2671.0065474430653,329.2982150835338,2376.40495073346,0.8527685352060513,3.1789885492133574,4.134691799028369,,,2.49,236.70959536996122,10.039326656865338
510,,AM,R3130,00,EHZ,61.1981981981982,-149.90658980942584,2026-09-13T10:11:59.995000Z,2026-09-13T10:12:59.995000Z,100.0,100.0,60.0,,noise,0,Noise,timeofday:America/Anchorage:day7-19:night1-5,AM,2.0-20.0,235.66582913838772,1189.0089497520444,213.0803773508977,1168.9878699121446,0.8175111470710756,2.712103316620962,1.0079920849260189,,,2.49,236.70959536996122,4.938489578697031
511,,AM,R3130,00,EHZ,61.1981981981982,-149.90658980942584,2026-09-13T10:12:59.995000Z,2026-09-13T10:13:59.995000Z,100.0,100.0,60.0,,noise,0,Noise,timeofday:America/Anchorage:day7-19:night1-5,AM,2.0-20.0,338.3059478919168,2924.011836072483,321.3365968421634,2854.778971299782,0.9021964484104251,6.173602893472187,10.385854124999154,,,2.49,236.70959536996122,12.060258760689248
512,,AM,R3130,00,EHZ,61.1981981981982,-149.90658980942584,2026-09-13T10:13:59.995000Z,2026-09-13T10:14:59.995000Z,100.0,100.0,60.0,,noise,0,Noise,timeofday:America/Anchorage:day7-19:night1-5,AM,2.0-20.0,363.1322255135531,3417.0121514749085,345.4646529181614,3208.998109583523,0.9050605882019493,3.7800456356877623,11.700010006895399,,,2.49,236.70959536996122,13.556687909368753
513,,AM,R3130,00,EHZ,61.1981981981982,-149.90658980942584,2026-09-13T10:14:59.995000Z,2026-09-13T10:15:59.995000Z,100.0,100.0,60.0,,noise,0,Noise,timeofday:America/Anchorage:day7-19:night1-5,AM,2.0-20.0,230.5376493822737,913.0164140296133,207.47673127062052,1032.5544067764404,0.8099441501626709,2.8930211358868125,0.7156592880956625,,,2.49,236.70959536996122,4.362114704993801
514,,AM,R3130,00,EHZ,61.1981981981982,-149.90658980942584,2026-09-13T10:16:59.995000Z,2026-09-13T10:17:59.995000Z,100.0,100.0,60.0,,noise,0,Noise,timeofday:America/Anchorage:day7-19:night1-5,AM,2.0-20.0,304.36027948193754,3130.0200420818987,284.61339069293695,3096.0158283313986,0.874449452152486,4.614235863062818,7.523744932773315,,,2.49,236.70959536996122,13.0793845661074
515,,AM,R3130,00,EHZ,61.1981981981982,-149.90658980942584,2026-09-13T10:17:59.995000Z,2026-09-13T10:18:59.995000Z,100.0,100.0,60.0,,noise,0,Noise,timeofday:America/Anchorage:day7-19:night1-5,AM,2.0-20.0,373.10585299393466,4321.022958352625,354.8373785886411,4027.5080134779228,0.904470903680709,4.044997970587416,22.364266587313097,,,2.49,236.70959536996122,17.01455324269047
516,,AM,R3130,00,EHZ,61.1981981981982,-149.90658980942584,2026-09-13T10:18:59.995000Z,2026-09-13T10:19:59.995000Z,100.0,100.0,60.0,,noise,0,Noise,timeofday:America/Anchorage:day7-19:night1-5,AM,2.0-20.0,232.89721828306395,1948.9767606323162,211.14085478116266,2074.907512352412,0.821894261321974,1.7535644635079828,4.5255186581259546,,,2.49,236.70959536996122,8.765624853988157
517,,AM,R3130,00,EHZ,61.1981981981982,-149.90658980942584,2026-09-13T10:20:59.995000Z,2026-09-13T10:21:59.995000Z,100.0,100.0,60.0,,noise,0,Noise,timeofday:America/Anchorage:day7-19:night1-5,AM,2.0-20.0,272.35722836992954,3259.02950267564,249.72233416916376,3331.9162937750907,0.8406920865290081,6.583747215059448,27.913658772945983,,,2.49,236.70959536996122,14.075966327294545
518,,AM,R3130,00,EHZ,61.1981981981982,-149.90658980942584,2026-09-13T10:21:59.995000Z,2026-09-13T10:22:59.995000Z,100.0,100.0,60.0,,noise,0,Noise,timeofday:America/Anchorage:day7-19:night1-5,AM,2.0-20.0,212.20466795350072,936.9699837323674,190.8599505727313,829.921813699644,0.8089464025253986,2.1159388389239804,0.3664714250115435,,,2.49,236.70959536996122,3.5060759256612806
519,,AM,R3130,00,EHZ,61.1981981981982,-149.90658980942584,2026-09-13T10:22:59.995000Z,2026-09-13T10:23:59.995000Z,100.0,100.0,60.0,,noise,0,Noise,timeofday:America/Anchorage:day7-19:night1-5,AM,2.0-20.0,201.5964799461758,857.0329695140249,174.46370716637824,670.0161351740151,0.7489353048165684,1.9913005571836284,0.09045002862637963,,,2.49,236.70959536996122,2.8305406636635273
520,,AM,R3130,00,EHZ,61.1981981981982,-149.90658980942584,2026-09-13T10:23:59.995000Z,2026-09-13T10:24:59.995000Z,100.0,100.0,60.0,,noise,0,Noise,timeofday:America/Anchorage:day7-19:night1-5,AM,2.0-20.0,211.63111681963,842.0344489103959,188.6939068241482,670.5491758123144,0.7949809196743245,1.8758267500050212,-0.024834352128217052,,,2.49,236.70959536996122,2.8327925395854403
521,,AM,R3130,00,EHZ,61.1981981981982,-149.90658980942584,2026-09-13T10:24:59.995000Z,2026-09-13T10:25:59.995000Z,100.0,100.0,60.0,,noise,0,Noise,timeofday:America/Anchorage:day7-19:night1-5,AM,2.0-20.0,232.8484964803038,956.0380972992975,213.1596755328655,896.657694905055,0.8380370607402627,2.4194790291205823,0.5280388581714415,,,2.49,236.70959536996122,3.7880073830705476
522,,AM,R3130,00,EHZ,61.1981981981982,-149.90658980942584,2026-09-13T10:25:59.995000Z,2026-09-13T10:26:59.995000Z,100.0,100.0,60.0,,noise,0,Noise,timeofday:America/Anchorage:day7-19:night1-5,AM,2.0-20.0,255.64415927227975,1718.0397094383084,236.35757407648765,1499.0017451376282,0.85480548069789,4.684723092999507,4.033653164895554,,,2.49,236.70959536996122,6.33266151629717
523,,AM,R3130,00,EHZ,61.1981981981982,-149.90658980942584,2026-09-13T10:26:59.995000Z,2026-09-13T10:27:59.995000Z,100.0,100.0,60.0,,noise,0,Noise,timeofday:America/Anchorage:day7-19:night1-5,AM,2.0-20.0,241.88992859078903,3131.957771039853,224.24492498185487,3170.7043242968966,0.8594283456776349,7.479812681602694,27.56315882054098,,,2.49,236.70959536996122,13.39491252706211
524,,AM,R3130,00,EHZ,61.1981981981982,-149.90658980942584,2026-09-13T10:27:59.995000Z,2026-09-13T10:28:59.995000Z,100.0,100.0,60.0,,noise,0,Noise,timeofday:America/Anchorage:day7-19:night1-5,AM,2.0-20.0,294.90810583467464,1459.0440940127069,273.95088845394196,1743.7960083283888,0.8629229252637036,4.003050855105302,1.807702453162488,,,2.49,236.70959536996122,7.366815889330352
525,,AM,R3130,00,EHZ,61.1981981981982,-149.90658980942584,2026-09-13T10:28:59.995000Z,2026-09-13T10:29:59.995000Z,100.0,100.0,60.0,,noise,0,Noise,timeofday:America/Anchorage:day7-19:night1-5,AM,2.0-20.0,288.19875343414105,2223.0475194383475,268.8485250869508,2056.973083419614,0.8702241281524534,3.3690344403823587,5.003935407071127,,,2.49,236.70959536996122,8.689859319833245
526,,AM,R3130,00,EHZ,61.1981981981982,-149.90658980942584,2026-09-13T10:29:59.995000Z,2026-09-13T10:30:59.995000Z,100.0,100.0,60.0,,noise,0,Noise,timeofday:America/Anchorage:day7-19:night1-5,AM,2.0-20.0,324.1905942119411,2811.9521466713936,303.4777739014297,3194.1764888678217,0.8763002963364419,4.0222527818480565,8.893860541162287,,,2.49,236.70959536996122,13.494072700667408
527,,AM,R3130,00,EHZ,61.1981981981982,-149.90658980942584,2026-09-13T10:30:59.995000Z,2026-09-13T10:31:59.995000Z,100.0,100.0,60.0,,noise,0,Noise,timeofday:America/Anchorage:day7-19:night1-5,AM,2.0-20.0,190.9566116262408,782.9495077181577,163.57276462073588,751.7758512424157,0.7337575588764037,2.2747772225281118,0.2737512745694497,,,2.49,236.70959536996122,3.1759416007933283
528,,AM,R3130,00,EHZ,61.1981981981982,-149.90658980942584,2026-09-13T10:31:59.995000Z,2026-09-13T10:32:59.995000Z,100.0,100.0,60.0,,noise,0,Noise,timeofday:America/Anchorage:day7-19:night1-5,AM,2.0-20.0,263.08857798193503,1404.9462568176582,241.34606146618606,1317.1171418091906,0.8415432575780815,2.9771090299827936,1.8511419670038496,,,2.49,236.70959536996122,5.564274400243999
529,,AM,R3130,00,EHZ,61.1981981981982,-149.90658980942584,2026-09-13T10:32:59.995000Z,2026-09-13T10:33:59.995000Z,100.0,100.0,60.0,,noise,0,Noise,timeofday:America/Anchorage:day7-19:night1-5,AM,2.0-20.0,217.3815187909464,752.0547137935578,193.501445806871,690.4243460736085,0.792361182033363,2.387557549659875,0.08375182662330394,,,2.49,236.70959536996122,2.9167569020365294
530,,AM,R3130,00,EHZ,61.1981981981982,-149.90658980942584,2026-09-13T10:33:59.995000Z,2026-09-13T10:34:59.995000Z,100.0,100.0,60.0,,noise,0,Noise,timeofday:America/Anchorage:day7-19:night1-5,AM,2.0-20.0,241.63843978140963,2358.0584723699435,215.0656918288631,1986.2050483274722,0.7921551045820828,4.078294809378388,3.741029393136216,,,2.49,236.70959536996122,8.390893682291024
531,,AM,R3130,00,EHZ,61.1981981981982,-149.90658980942584,2026-09-13T10:34:59.995000Z,2026-09-13T10:35:59.995000Z,100.0,100.0,60.0,,noise,0,Noise,timeofday:America/Anchorage:day7-19:night1-5,AM,2.0-20.0,213.89881114076056,1139.9410998216094,190.76293441507323,1113.6303075270457,0.7953737381010537,2.559289341301575,0.5877255746102379,,,2.49,236.70959536996122,4.704626805628712
532,,AM,R3130,00,EHZ,61.1981981981982,-149.90658980942584,2026-09-13T10:35:59.995000Z,2026-09-13T10:36:59.995000Z,100.0,100.0,60.0,,noise,0,Noise,timeofday:America/Anchorage:day7-19:night1-5,AM,2.0-20.0,214.44490012174205,917.0629619552315,192.77245419679556,1007.345494334257,0.80808772171977,2.949394871270244,0.3725050500160334,,,2.49,236.70959536996122,4.255617490959095
533,,AM,R3130,00,EHZ,61.1981981981982,-149.90658980942584,2026-09-13T10:36:59.995000Z,2026-09-13T10:37:59.995000Z,100.0,100.0,60.0,,noise,0,Noise,timeofday:America/Anchorage:day7-19:night1-5,AM,2.0-20.0,331.4700483603613,3777.9359084381917,312.0535564519366,3917.934717921544,0.8862774303071301,3.8514517231447525,17.32556896422132,,,2.49,236.70959536996122,16.55165145205911
534,,AM,R3130,00,EHZ,61.1981981981982,-149.90658980942584,2026-09-13T10:37:59.995000Z,2026-09-13T10:38:59.995000Z,100.0,100.0,60.0,,noise,0,Noise,timeofday:America/Anchorage:day7-19:night1-5,AM,2.0-20.0,216.31216834754744,1491.0675879807263,193.47993084046706,1327.0968555452976,0.8000367656075426,2.75771303953712,1.4124292149458437,,,2.49,236.70959536996122,5.606434557378775
535,,AM,R3130,00,EHZ,61.1981981981982,-149.90658980942584,2026-09-13T10:38:59.995000Z,2026-09-13T10:39:59.995000Z,100.0,100.0,60.0,,noise,0,Noise,timeofday:America/Anchorage:day7-19:night1-5,AM,2.0-20.0,287.6689753487965,2371.0686477032946,262.80824201470136,2406.44266480729,0.8346259997144069,5.553734901209543,4.840677384681743,,,2.49,236.70959536996122,10.166223557799512
536,,AM,R3130,00,EHZ,61.1981981981982,-149.90658980942584,2026-09-13T10:39:59.995000Z,2026-09-13T10:40:59.995000Z,100.0,100.0,60.0,,noise,0,Noise,timeofday:America/Anchorage:day7-19:night1-5,AM,2.0-20.0,670.6339189828568,4121.071875309124,637.0047605437896,3941.2506191340817,0.9022238962099908,4.591272801478542,4.348546606221137,,,2.49,236.70959536996122,16.650151477696422
537,,AM,R3130,00,EHZ,61.1981981981982,-149.90658980942584,2026-09-13T10:40:59.995000Z,2026-09-13T10:41:59.995000Z,100.0,100.0,60.0,,noise,0,Noise,timeofday:America/Anchorage:day7-19:night1-5,AM,2.0-20.0,365.6607863194619,3922.072091986524,342.6636684059416,3171.183365003533,0.8781715075062088,2.956706550135169,7.691690062729133,,,2.49,236.70959536996122,13.396936275638451
538,,AM,R3130,00,EHZ,61.1981981981982,-149.90658980942584,2026-09-13T10:41:59.995000Z,2026-09-13T10:42:59.995000Z,100.0,100.0,60.0,,noise,0,Noise,timeofday:America/Anchorage:day7-19:night1-5,AM,2.0-20.0,217.95172750318068,1162.076230302992,194.21501147266156,1003.2807904337949,0.7940447129475604,2.2815299020374313,0.5922140413833179,,,2.49,236.70959536996122,4.238445800499698
539,,AM,R3130,00,EHZ,61.1981981981982,-149.90658980942584,2026-09-13T10:42:59.995000Z,2026-09-13T10:43:59.995000Z,100.0,100.0,60.0,,noise,0,Noise,timeofday:America/Anchorage:day7-19:night1-5,AM,2.0-20.0,336.60484017605796,3539.0781397263513,317.6108390931188,3603.7698540039687,0.8903277650749958,5.209109359075087,10.587579447162462,,,2.49,236.70959536996122,15.22443502288751
540,,AM,R3130,00,EHZ,61.1981981981982,-149.90658980942584,2026-09-13T10:43:59.995000Z,2026-09-13T10:44:59.995000Z,100.0,100.0,60.0,,noise,0,Noise,timeofday:America/Anchorage:day7-19:night1-5,AM,2.0-20.0,242.9096220474117,976.0788629703661,219.99437595628692,1085.0815973371684,0.8202263563602296,2.1531274998644037,0.33815037232886924,,,2.49,236.70959536996122,4.584020329388247
541,,AM,R3130,00,EHZ,61.1981981981982,-149.90658980942584,2026-09-13T10:44:59.995000Z,2026-09-13T10:45:59.995000Z,100.0,100.0,60.0,,noise,0,Noise,timeofday:America/Anchorage:day7-19:night1-5,AM,2.0-20.0,232.83906278977753,1148.0830364137169,208.31605107704257,1130.2942319801145,0.8004492159696006,3.90616052732562,1.008299124959839,,,2.49,236.70959536996122,4.775024984574624
542,,AM,R3130,00,EHZ,61.1981981981982,-149.90658980942584,2026-09-13T10:45:59.995000Z,2026-09-13T10:46:59.995000Z,100.0,100.0,60.0,,noise,0,Noise,timeofday:America/Anchorage:day7-19:night1-5,AM,2.0-20.0,223.04585480706442,1136.916566097881,198.46928359819205,838.7592234473883,0.7917686302508982,2.080188559313746,0.43722671310271455,,,2.49,236.70959536996122,3.5434103215649704
543,,AM,R3130,00,EHZ,61.1981981981982,-149.90658980942584,2026-09-13T10:46:59.995000Z,2026-09-13T10:47:59.995000Z,100.0,100.0,60.0,,noise,0,Noise,timeofday:America/Anchorage:day7-19:night1-5,AM,2.0-20.0,286.6383824087767,2505.912530204006,264.84508210425105,2372.221261326741,0.8537193740836068,3.416540352649415,6.828975305968562,,,2.49,236.70959536996122,10.021652301923453
544,,AM,R3130,00,EHZ,61.1981981981982,-149.90658980942584,2026-09-13T10:47:59.995000Z,2026-09-13T10:48:59.995000Z,100.0,100.0,60.0,,noise,0,Noise,timeofday:America/Anchorage:day7-19:night1-5,AM,2.0-20.0,408.8156092543238,2553.0889451250428,383.233689429637,2675.1784205792683,0.878764332425822,3.129326726651917,3.465890970668638,,,2.49,236.70959536996122,11.301520820895089
545,,AM,R3130,00,EHZ,61.1981981981982,-149.90658980942584,2026-09-13T10:48:59.995000Z,2026-09-13T10:49:59.995000Z,100.0,100.0,60.0,,noise,0,Noise,timeofday:America/Anchorage:day7-19:night1-5,AM,2.0-20.0,326.40422673502206,2268.0911181848955,292.50126431433347,1678.3103872311203,0.8030525164083628,3.314181963026235,1.2322795309491914,,,2.49,236.70959536996122,7.090166263044951
546,,AM,R3130,00,EHZ,61.1981981981982,-149.90658980942584,2026-09-13T10:49:59.995000Z,2026-09-13T10:50:59.995000Z,100.0,100.0,60.0,,noise,0,Noise,timeofday:America/Anchorage:day7-19:night1-5,AM,2.0-20.0,325.45619666291896,2599.092513646507,300.4191590555382,2232.522636066972,0.8520599697629458,3.224243819624941,2.187467188645596,,,2.49,236.70959536996122,9.431483470611695
547,,AM,R3130,00,EHZ,61.1981981981982,-149.90658980942584,2026-09-13T10:50:59.995000Z,2026-09-13T10:51:59.995000Z,100.0,100.0,60.0,,noise,0,Noise,timeofday:America/Anchorage:day7-19:night1-5,AM,2.0-20.0,276.39199616007096,2055.905117692369,250.55392855629975,1821.3074385471107,0.821772319378196,4.5146162615015095,2.146750469736852,,,2.49,236.70959536996122,7.694269578301333
548,,AM,R3130,00,EHZ,61.1981981981982,-149.90658980942584,2026-09-13T10:51:59.995000Z,2026-09-13T10:52:59.995000Z,100.0,100.0,60.0,,noise,0,Noise,timeofday:America/Anchorage:day7-19:night1-5,AM,2.0-20.0,266.84028293679876,1363.9017004013763,243.39140464702896,1592.90756072709,0.8319700438009285,2.5631832287667544,1.7065518724017643,,,2.49,236.70959536996122,6.729374693228985
549,,AM,R3130,00,EHZ,61.1981981981982,-149.90658980942584,2026-09-13T10:52:59.995000Z,2026-09-13T10:53:59.995000Z,100.0,100.0,60.0,,noise,0,Noise,timeofday:America/Anchorage:day7-19:night1-5,AM,2.0-20.0,347.4450502641824,2603.0999039727435,315.77684194584106,2385.911057742671,0.826015688704723,3.8566393377957375,3.964984038600199,,,2.49,236.70959536996122,10.07948602173753
550,,AM,R3130,00,EHZ,61.1981981981982,-149.90658980942584,2026-09-13T10:53:59.995000Z,2026-09-13T10:54:59.995000Z,100.0,100.0,60.0,,noise,0,Noise,timeofday:America/Anchorage:day7-19:night1-5,AM,2.0-20.0,308.0801990397271,2745.101120102378,283.07123905664736,2291.7891371521364,0.8442361010022726,3.8467732258936693,5.341533382939851,,,2.49,236.70959536996122,9.681859890682604
551,,AM,R3130,00,EHZ,61.1981981981982,-149.90658980942584,2026-09-13T10:54:59.995000Z,2026-09-13T10:55:59.995000Z,100.0,100.0,60.0,,noise,0,Noise,timeofday:America/Anchorage:day7-19:night1-5,AM,2.0-20.0,238.1939669832154,1266.1033996521478,212.1836169032285,1225.325083629936,0.7935278645758619,3.4353818446994033,1.3368671523460538,,,2.49,236.70959536996122,5.176490972893748
552,,AM,R3130,00,EHZ,61.1981981981982,-149.90658980942584,2026-09-13T10:55:59.995000Z,2026-09-13T10:56:59.995000Z,100.0,100.0,60.0,,noise,0,Noise,timeofday:America/Anchorage:day7-19:night1-5,AM,2.0-20.0,383.6734783582499,1758.1065033894997,359.5464175748377,1803.5351567579337,0.8781857244527042,3.1249044811414524,1.3152083423088214,,,2.49,236.70959536996122,7.619189048670077
553,,AM,R3130,00,EHZ,61.1981981981982,-149.90658980942584,2026-09-13T10:56:59.995000Z,2026-09-13T10:57:59.995000Z,100.0,100.0,60.0,,noise,0,Noise,timeofday:America/Anchorage:day7-19:night1-5,AM,2.0-20.0,473.9950630498606,4422.109633379572,452.09996732587297,3770.4883390914943,0.909748430026451,4.022979235954733,6.29691984861212,,,2.49,236.70959536996122,15.928751570879388
554,,AM,R3130,00,EHZ,61.1981981981982,-149.90658980942584,2026-09-13T10:57:59.995000Z,2026-09-13T10:58:59.995000Z,100.0,100.0,60.0,,noise,0,Noise,timeofday:America/Anchorage:day7-19:night1-5,AM,2.0-20.0,450.69090853730233,4504.8901625147555,434.0400861542757,4513.978712716221,0.92747473315719,2.910759404085484,10.235021537763012,,,2.49,236.70959536996122,19.069690460419125
555,,AM,R3130,00,EHZ,61.1981981981982,-149.90658980942584,2026-09-13T10:58:59.995000Z,2026-09-13T10:59:59.995000Z,100.0,100.0,60.0,,noise,0,Noise,timeofday:America/Anchorage:day7-19:night1-5,AM,2.0-20.0,336.7922405520762,1916.1128754059123,313.5403797870917,1752.2160219258935,0.8666880447987163,3.5738618684389447,2.4551114827333267,,,2.49,236.70959536996122,7.4023869593765195
556,,AM,R3130,00,EHZ,61.1981981981982,-149.90658980942584,2026-09-13T10:59:59.995000Z,2026-09-13T11:00:59.995000Z,100.0,100.0,60.0,,noise,0,Noise,timeofday:America/Anchorage:day7-19:night1-5,AM,2.0-20.0,279.5618128237705,1721.8850554358537,246.44066040308314,1648.7425851305338,0.7770859053211581,3.4252987497488108,1.6240452047046467,,,2.49,236.70959536996122,6.9652545455694765
557,,AM,R3130,00,EHZ,61.1981981981982,-149.90658980942584,2026-09-13T11:00:59.995000Z,2026-09-13T11:01:59.995000Z,100.0,100.0,60.0,,noise,0,Noise,timeofday:America/Anchorage:day7-19:night1-5,AM,2.0-20.0,236.17713266587435,1121.882861299871,213.641440063407,1194.493447887598,0.818267499639415,2.429602667592316,0.9082935524320748,,,2.49,236.70959536996122,5.0462400817368005
558,,AM,R3130,00,EHZ,61.1981981981982,-149.90658980942584,2026-09-13T11:01:59.995000Z,2026-09-13T11:02:59.995000Z,100.0,100.0,60.0,,noise,0,Noise,timeofday:America/Anchorage:day7-19:night1-5,AM,2.0-20.0,399.37927501565696,3310.8793611833876,380.82558694341276,2882.2797074211676,0.9092455655655447,3.633042391053394,7.751040573451284,,,2.49,236.70959536996122,12.176437980540491
559,,AM,R3130,00,EHZ,61.1981981981982,-149.90658980942584,2026-09-13T11:03:59.995000Z,2026-09-13T11:04:59.995000Z,100.0,100.0,60.0,,noise,0,Noise,timeofday:America/Anchorage:day7-19:night1-5,AM,2.0-20.0,372.2463621705384,4000.125044467141,350.1343282332533,3749.852791069745,0.8847253276940745,4.674058687444931,13.507853268404794,,,2.49,236.70959536996122,15.841574927323823
560,,AM,R3130,00,EHZ,61.1981981981982,-149.90658980942584,2026-09-13T11:04:59.995000Z,2026-09-13T11:05:59.995000Z,100.0,100.0,60.0,,noise,0,Noise,timeofday:America/Anchorage:day7-19:night1-5,AM,2.0-20.0,275.6408636155507,1638.1252970109367,249.16705163745098,1418.45148798528,0.8171353947798686,2.795841160570691,1.5045900874238267,,,2.49,236.70959536996122,5.992370042153701
561,,AM,R3130,00,EHZ,61.1981981981982,-149.90658980942584,2026-09-13T11:05:59.995000Z,2026-09-13T11:06:59.995000Z,100.0,100.0,60.0,,noise,0,Noise,timeofday:America/Anchorage:day7-19:night1-5,AM,2.0-20.0,228.2519335712631,1044.8708504944893,199.13508734441206,938.7901105195734,0.7611436829556998,1.9892976065065082,0.2943671498257525,,,2.49,236.70959536996122,3.9659993886276874
562,,AM,R3130,00,EHZ,61.1981981981982,-149.90658980942584,2026-09-13T11:06:59.995000Z,2026-09-13T11:07:59.995000Z,100.0,100.0,60.0,,noise,0,Noise,timeofday:America/Anchorage:day7-19:night1-5,AM,2.0-20.0,258.61601746956643,1481.8691045035698,234.23382927275537,1392.5782903495233,0.8203296284784425,4.669646623800166,1.9036832502688856,,,2.49,236.70959536996122,5.883066498309952
563,,AM,R3130,00,EHZ,61.1981981981982,-149.90658980942584,2026-09-13T11:07:59.995000Z,2026-09-13T11:08:59.995000Z,100.0,100.0,60.0,,noise,0,Noise,timeofday:America/Anchorage:day7-19:night1-5,AM,2.0-20.0,229.23076866327196,1237.1338587262512,203.83368918688416,1131.8128674369907,0.7906897488851682,2.427292212434046,0.6826846328595844,,,2.49,236.70959536996122,4.781440590391121
564,,AM,R3130,00,EHZ,61.1981981981982,-149.90658980942584,2026-09-13T11:08:59.995000Z,2026-09-13T11:09:59.995000Z,100.0,100.0,60.0,,noise,0,Noise,timeofday:America/Anchorage:day7-19:night1-5,AM,2.0-20.0,222.33704056913243,926.8655836807134,193.82438752093694,913.263621532505,0.7599643137601098,1.978801836505354,0.10577941043368355,,,2.49,236.70959536996122,3.858160545224773
565,,AM,R3130,00,EHZ,61.1981981981982,-149.90658980942584,2026-09-13T11:09:59.995000Z,2026-09-13T11:10:59.995000Z,100.0,100.0,60.0,,noise,0,Noise,timeofday:America/Anchorage:day7-19:night1-5,AM,2.0-20.0,241.33916753107854,1219.8617592876449,217.51246198685567,1164.0482418698928,0.8122929193146423,4.636470811433227,1.0470438547882583,,,2.49,236.70959536996122,4.9176216961148675
566,,AM,R3130,00,EHZ,61.1981981981982,-149.90658980942584,2026-09-13T11:10:59.995000Z,2026-09-13T11:11:59.995000Z,100.0,100.0,60.0,,noise,0,Noise,timeofday:America/Anchorage:day7-19:night1-5,AM,2.0-20.0,201.64231355075452,994.8597755431979,177.0094497372895,784.9858050350217,0.7706009864791985,1.8515467777145609,0.13754289623521165,,,2.49,236.70959536996122,3.316239900660307
567,,AM,R3130,00,EHZ,61.1981981981982,-149.90658980942584,2026-09-13T11:11:59.995000Z,2026-09-13T11:12:59.995000Z,100.0,100.0,60.0,,noise,0,Noise,timeofday:America/Anchorage:day7-19:night1-5,AM,2.0-20.0,216.20675461657393,885.857611357505,192.19087940374712,718.2795765467399,0.7901818178275656,2.054571234797058,-0.016461716513552993,,,2.49,236.70959536996122,3.034433713699342
568,,AM,R3130,00,EHZ,61.1981981981982,-149.90658980942584,2026-09-13T11:12:59.995000Z,2026-09-13T11:13:59.995000Z,100.0,100.0,60.0,,noise,0,Noise,timeofday:America/Anchorage:day7-19:night1-5,AM,2.0-20.0,238.9049004740205,1001.8561619114221,217.0577569852989,795.2261921693673,0.8254685001482472,2.0260432957251275,-0.15211076974661175,,,2.49,236.70959536996122,3.3595012949368703
569,,AM,R3130,00,EHZ,61.1981981981982,-149.90658980942584,2026-09-13T11:13:59.995000Z,2026-09-13T11:14:59.995000Z,100.0,100.0,60.0,,noise,0,Noise,timeofday:America/Anchorage:day7-19:night1-5,AM,2.0-20.0,333.57133696795296,1565.852845194238,313.8691557230505,1444.1338893970415,0.8853598576775634,2.6922315281712312,0.760222799674251,,,2.49,236.70959536996122,6.100867550975097
570,,AM,R3130,00,EHZ,61.1981981981982,-149.90658980942584,2026-09-13T11:14:59.995000Z,2026-09-13T11:15:59.995000Z,100.0,100.0,60.0,,noise,0,Noise,timeofday:America/Anchorage:day7-19:night1-5,AM,2.0-20.0,557.2207585289655,4245.148906712786,534.9690581905875,4220.260493334837,0.921727942253368,4.913917692421185,7.4510687269243885,,,2.49,236.70959536996122,17.828852635816695
571,,AM,R3130,00,EHZ,61.1981981981982,-149.90658980942584,2026-09-13T11:15:59.995000Z,2026-09-13T11:16:59.995000Z,100.0,100.0,60.0,,noise,0,Noise,timeofday:America/Anchorage:day7-19:night1-5,AM,2.0-20.0,252.76624939819655,1314.8487516183245,230.73975752211823,1278.96185630586,0.8333101949754448,3.0069633835117315,0.8405859696389042,,,2.49,236.70959536996122,5.403084122157906
572,,AM,R3130,00,EHZ,61.1981981981982,-149.90658980942584,2026-09-13T11:16:59.995000Z,2026-09-13T11:17:59.995000Z,100.0,100.0,60.0,,noise,0,Noise,timeofday:America/Anchorage:day7-19:night1-5,AM,2.0-20.0,221.23480181393086,1107.8469460965857,193.1826579114521,838.9692180781849,0.7624816262200521,2.464010682244164,0.23324629926173568,,,2.49,236.70959536996122,3.5442974619044585
573,,AM,R3130,00,EHZ,61.1981981981982,-149.90658980942584,2026-09-13T11:17:59.995000Z,2026-09-13T11:18:59.995000Z,100.0,100.0,60.0,,noise,0,Noise,timeofday:America/Anchorage:day7-19:night1-5,AM,2.0-20.0,324.74480237678654,1872.8458020694993,300.4045544961658,2244.502949505876,0.8557139421508515,5.310985769851614,2.632714527797705,,,2.49,236.70959536996122,9.482095332881917
574,,AM,R3130,00,EHZ,61.1981981981982,-149.90658980942584,2026-09-13T11:18:59.995000Z,2026-09-13T11:19:59.995000Z,100.0,100.0,60.0,,noise,0,Noise,timeofday:America/Anchorage:day7-19:night1-5,AM,2.0-20.0,635.1753511942316,3826.843438954725,621.545541055441,3879.6564637238635,0.9575437757546127,6.766442866694927,5.045554674415225,,,2.49,236.70959536996122,16.389941682170598
575,,AM,R3130,00,EHZ,61.1981981981982,-149.90658980942584,2026-09-13T11:19:59.995000Z,2026-09-13T11:20:59.995000Z,100.0,100.0,60.0,,traffic,1,Traffic,timeofday:America/Anchorage:day7-19:night1-5+burst>=20x,AM,2.0-20.0,517.6755378704224,6337.159249176146,496.54142682729423,6077.137643727645,0.9200166539085066,7.938733555938592,26.006330967994856,,,2.49,236.70959536996122,25.673389514394152
576,,AM,R3130,00,EHZ,61.1981981981982,-149.90658980942584,2026-09-13T11:20:59.995000Z,2026-09-13T11:21:59.995000Z,100.0,100.0,60.0,,noise,0,Noise,timeofday:America/Anchorage:day7-19:night1-5,AM,2.0-20.0,229.36716677871087,1025.8376389518558,205.93654916211875,1055.4105455068766,0.8061286605431278,2.904087862777065,0.4842389655110799,,,2.49,236.70959536996122,4.458672424568766
577,,AM,R3130,00,EHZ,61.1981981981982,-149.90658980942584,2026-09-13T11:21:59.995000Z,2026-09-13T11:22:59.995000Z,100.0,100.0,60.0,,noise,0,Noise,timeofday:America/Anchorage:day7-19:night1-5,AM,2.0-20.0,251.1762842097172,1094.1651286766978,229.48705219692053,939.5888937308521,0.834755159441541,2.730270409171967,0.26414093417657636,,,2.49,236.70959536996122,3.9693739168551136
578,,AM,R3130,00,EHZ,61.1981981981982,-149.90658980942584,2026-09-13T11:22:59.995000Z,2026-09-13T11:23:59.995000Z,100.0,100.0,60.0,,noise,0,Noise,timeofday:America/Anchorage:day7-19:night1-5,AM,2.0-20.0,303.699407741397,2987.166144767982,278.3874121768179,3133.706364890638,0.8402553723036913,5.278244258061594,12.505117230929292,,,2.49,236.70959536996122,13.238611472394538
579,,AM,R3130,00,EHZ,61.1981981981982,-149.90658980942584,2026-09-13T11:23:59.995000Z,2026-09-13T11:24:59.995000Z,100.0,100.0,60.0,,noise,0,Noise,timeofday:America/Anchorage:day7-19:night1-5,AM,2.0-20.0,232.86918278754362,979.1679240369999,208.80597590251529,854.3891273203021,0.8040106644744816,2.3194243559811065,0.2737391142440435,,,2.49,236.70959536996122,3.6094401918306236
580,,AM,R3130,00,EHZ,61.1981981981982,-149.90658980942584,2026-09-13T11:24:59.995000Z,2026-09-13T11:25:59.995000Z,100.0,100.0,60.0,,noise,0,Noise,timeofday:America/Anchorage:day7-19:night1-5,AM,2.0-20.0,332.1377664474383,2814.8292473245997,304.2636211090353,2372.0222357901175,0.8391962559251024,2.9089325119643608,3.5518293233961478,,,2.49,236.70959536996122,10.020811501463664
581,,AM,R3130,00,EHZ,61.1981981981982,-149.90658980942584,2026-09-13T11:25:59.995000Z,2026-09-13T11:26:59.995000Z,100.0,100.0,60.0,,noise,0,Noise,timeofday:America/Anchorage:day7-19:night1-5,AM,2.0-20.0,258.6011597053553,1603.826975909476,231.6054042978346,1725.052650900467,0.8021146376083907,2.8252965500242126,1.435524266068441,,,2.49,236.70959536996122,7.287632967325745
582,,AM,R3130,00,EHZ,61.1981981981982,-149.90658980942584,2026-09-13T11:26:59.995000Z,2026-09-13T11:27:59.995000Z,100.0,100.0,60.0,,noise,0,Noise,timeofday:America/Anchorage:day7-19:night1-5,AM,2.0-20.0,231.33861984653086,1098.8248686663078,208.73546460770726,1202.3792284070068,0.8141345868709567,2.88393573081622,0.607966687744367,,,2.49,236.70959536996122,5.079554238296799
583,,AM,R3130,00,EHZ,61.1981981981982,-149.90658980942584,2026-09-13T11:27:59.995000Z,2026-09-13T11:28:59.995000Z,100.0,100.0,60.0,,noise,0,Noise,timeofday:America/Anchorage:day7-19:night1-5,AM,2.0-20.0,242.61991963604916,1156.8229499990316,218.58625650459794,909.8304474936016,0.8116948599192879,2.0922596973732444,0.36645179847638465,,,2.49,236.70959536996122,3.843656806863269
584,,AM,R3130,00,EHZ,61.1981981981982,-149.90658980942584,2026-09-13T11:28:59.995000Z,2026-09-13T11:29:59.995000Z,100.0,100.0,60.0,,noise,0,Noise,timeofday:America/Anchorage:day7-19:night1-5,AM,2.0-20.0,212.1067225910688,746.8206449360528,186.11647909344873,688.7042969667882,0.7699469257468567,2.000250573577767,0.05499486898288941,,,2.49,236.70959536996122,2.909490406970573
585,,AM,R3130,00,EHZ,61.1981981981982,-149.90658980942584,2026-09-13T11:29:59.995000Z,2026-09-13T11:30:59.995000Z,100.0,100.0,60.0,,noise,0,Noise,timeofday:America/Anchorage:day7-19:night1-5,AM,2.0-20.0,205.4532611650327,877.8179619817724,182.40279365373735,753.0404368871771,0.7882008390170809,2.4251612527009967,0.16336225031261487,,,2.49,236.70959536996122,3.1812839513760536
586,,AM,R3130,00,EHZ,61.1981981981982,-149.90658980942584,2026-09-13T11:30:59.995000Z,2026-09-13T11:31:59.995000Z,100.0,100.0,60.0,,noise,0,Noise,timeofday:America/Anchorage:day7-19:night1-5,AM,2.0-20.0,223.62779730181285,1018.8155922113797,200.8124239611933,1028.8740246398402,0.8063611298866432,2.0683376390483037,0.2781315115007117,,,2.49,236.70959536996122,4.346566614808238
587,,AM,R3130,00,EHZ,61.1981981981982,-149.90658980942584,2026-09-13T11:31:59.995000Z,2026-09-13T11:32:59.995000Z,100.0,100.0,60.0,,noise,0,Noise,timeofday:America/Anchorage:day7-19:night1-5,AM,2.0-20.0,392.5629375813297,3200.1872020396518,377.7986315303314,3243.687232262745,0.9261944436105667,6.777647306081657,9.94474114327783,,,2.49,236.70959536996122,13.703235085139154
588,,AM,R3130,00,EHZ,61.1981981981982,-149.90658980942584,2026-09-13T11:32:59.995000Z,2026-09-13T11:33:59.995000Z,100.0,100.0,60.0,,noise,0,Noise,timeofday:America/Anchorage:day7-19:night1-5,AM,2.0-20.0,304.5505859924173,1855.187953385172,283.1161237255101,1878.4162315732913,0.8641921721152896,2.899630997348892,4.486091817300566,,,2.49,236.70959536996122,7.935530575503087
589,,AM,R3130,00,EHZ,61.1981981981982,-149.90658980942584,2026-09-13T11:33:59.995000Z,2026-09-13T11:34:59.995000Z,100.0,100.0,60.0,,noise,0,Noise,timeofday:America/Anchorage:day7-19:night1-5,AM,2.0-20.0,220.96857543602684,846.1910722825455,194.2549675813349,864.7907401146358,0.7728286888572315,2.272450375607366,0.3833262849654737,,,2.49,236.70959536996122,3.6533826977441533
590,,AM,R3130,00,EHZ,61.1981981981982,-149.90658980942584,2026-09-13T11:34:59.995000Z,2026-09-13T11:35:59.995000Z,100.0,100.0,60.0,,noise,0,Noise,timeofday:America/Anchorage:day7-19:night1-5,AM,2.0-20.0,221.19646197860206,1090.8068145581778,198.6927730482914,1017.2221314103846,0.8068778427342395,2.471951991986575,0.8793778778873342,,,2.49,236.70959536996122,4.297342191897775
591,,AM,R3130,00,EHZ,61.1981981981982,-149.90658980942584,2026-09-13T11:35:59.995000Z,2026-09-13T11:36:59.995000Z,100.0,100.0,60.0,,noise,0,Noise,timeofday:America/Anchorage:day7-19:night1-5,AM,2.0-20.0,206.91012007877154,998.8037514940584,182.96227525652122,1001.2634921099112,0.7819151704503088,2.5126416240753793,0.4743392476102679,,,2.49,236.70959536996122,4.229923550606403
592,,AM,R3130,00,EHZ,61.1981981981982,-149.90658980942584,2026-09-13T11:36:59.995000Z,2026-09-13T11:37:59.995000Z,100.0,100.0,60.0,,noise,0,Noise,timeofday:America/Anchorage:day7-19:night1-5,AM,2.0-20.0,270.33387407400033,1439.8036390880366,250.7296037807565,1380.6381683067507,0.8602214988627416,2.9883998707383053,1.6014574546330476,,,2.49,236.70959536996122,5.832624428041904
593,,AM,R3130,00,EHZ,61.1981981981982,-149.90658980942584,2026-09-13T11:37:59.995000Z,2026-09-13T11:38:59.995000Z,100.0,100.0,60.0,,noise,0,Noise,timeofday:America/Anchorage:day7-19:night1-5,AM,2.0-20.0,413.933416206931,2471.8004296002814,394.79560459980524,2764.8218632251173,0.9096695180451745,4.367915685056232,3.4799665787680674,,,2.49,236.70959536996122,11.680227237530808
594,,AM,R3130,00,EHZ,61.1981981981982,-149.90658980942584,2026-09-13T11:38:59.995000Z,2026-09-13T11:39:59.995000Z,100.0,100.0,60.0,,noise,0,Noise,timeofday:America/Anchorage:day7-19:night1-5,AM,2.0-20.0,255.99985071766542,1364.7990955182754,235.1763784125889,1293.310382158651,0.8439330057861106,2.8728188073711225,1.5871512603395725,,,2.49,236.70959536996122,5.463700701010002
595,,AM,R3130,00,EHZ,61.1981981981982,-149.90658980942584,2026-09-13T11:39:59.995000Z,2026-09-13T11:40:59.995000Z,100.0,100.0,60.0,,noise,0,Noise,timeofday:America/Anchorage:day7-19:night1-5,AM,2.0-20.0,233.25619421610793,1346.2038000460784,211.25745698845233,1177.8405359818694,0.8202716926818635,3.0525815275135115,0.9781445927320207,,,2.49,236.70959536996122,4.975888426242221
596,,AM,R3130,00,EHZ,61.1981981981982,-149.90658980942584,2026-09-13T11:40:59.995000Z,2026-09-13T11:41:59.995000Z,100.0,100.0,60.0,,noise,0,Noise,timeofday:America/Anchorage:day7-19:night1-5,AM,2.0-20.0,197.0739276643902,742.7943156740143,170.9303806721464,625.2618977542977,0.7522811424277935,1.717125185942081,-0.0726336572573345,,,2.49,236.70959536996122,2.6414725468862184
597,,AM,R3130,00,EHZ,61.1981981981982,-149.90658980942584,2026-09-13T11:41:59.995000Z,2026-09-13T11:42:59.995000Z,100.0,100.0,60.0,,noise,0,Noise,timeofday:America/Anchorage:day7-19:night1-5,AM,2.0-20.0,219.0164384256169,1080.7908614073544,197.29338986969907,1184.9598535337036,0.8114684612371434,2.0553778142207033,0.5516650841415136,,,2.49,236.70959536996122,5.005964594218037
598,,AM,R3130,00,EHZ,61.1981981981982,-149.90658980942584,2026-09-13T11:42:59.995000Z,2026-09-13T11:43:59.995000Z,100.0,100.0,60.0,,noise,0,Noise,timeofday:America/Anchorage:day7-19:night1-5,AM,2.0-20.0,232.28067876706905,1196.2106002406967,210.65619417597736,1211.4268943221607,0.8224742208383334,3.0910727075196247,0.6683281021840237,,,2.49,236.70959536996122,5.117776879423843
599,,AM,R3130,00,EHZ,61.1981981981982,-149.90658980942584,2026-09-13T11:43:59.995000Z,2026-09-13T11:44:59.995000Z,100.0,100.0,60.0,,noise,0,Noise,timeofday:America/Anchorage:day7-19:night1-5,AM,2.0-20.0,223.98363204560874,869.7879602966509,201.2681430081557,819.6844238602212,0.8074534858044856,2.0137902551180007,0.15102084996699583,,,2.49,236.70959536996122,3.4628271937143458
600,,AM,R3130,00,EHZ,61.1981981981982,-149.90658980942584,2026-09-13T11:44:59.995000Z,2026-09-13T11:45:59.995000Z,100.0,100.0,60.0,,noise,0,Noise,timeofday:America/Anchorage:day7-19:night1-5,AM,2.0-20.0,229.77322235441153,1262.7855202724927,204.6059126795936,1058.973744034996,0.7929348938023043,2.505338685583516,0.5003666371256608,,,2.49,236.70959536996122,4.473725462543633
601,,AM,R3130,00,EHZ,61.1981981981982,-149.90658980942584,2026-09-13T11:45:59.995000Z,2026-09-13T11:46:59.995000Z,100.0,100.0,60.0,,noise,0,Noise,timeofday:America/Anchorage:day7-19:night1-5,AM,2.0-20.0,462.9152085668736,4407.783380120982,447.79178407705234,4295.340541103743,0.9357273931527529,4.936212123375209,14.310561340042877,,,2.49,236.70959536996122,18.14603474096778
602,,AM,R3130,00,EHZ,61.1981981981982,-149.90658980942584,2026-09-13T11:46:59.995000Z,2026-09-13T11:47:59.995000Z,100.0,100.0,60.0,,noise,0,Noise,timeofday:America/Anchorage:day7-19:night1-5,AM,2.0-20.0,342.88095329663156,2435.781149009333,325.1435425291372,2291.8126785555037,0.8992150025214111,5.296305755444644,4.452304779823679,,,2.49,236.70959536996122,9.681959343361447
603,,AM,R3130,00,EHZ,61.1981981981982,-149.90658980942584,2026-09-13T11:47:59.995000Z,2026-09-13T11:48:59.995000Z,100.0,100.0,60.0,,noise,0,Noise,timeofday:America/Anchorage:day7-19:night1-5,AM,2.0-20.0,229.23623330170108,1084.7792462415923,200.7954536206419,1064.0423586315244,0.7672576428701421,2.3212125304820166,0.32873363588308635,,,2.49,236.70959536996122,4.495138259893933
604,,AM,R3130,00,EHZ,61.1981981981982,-149.90658980942584,2026-09-13T11:48:59.995000Z,2026-09-13T11:49:59.995000Z,100.0,100.0,60.0,,noise,0,Noise,timeofday:America/Anchorage:day7-19:night1-5,AM,2.0-20.0,213.72853118261514,954.2240993166092,188.00618160722527,915.4554342384475,0.7737831277472332,2.061010143771854,0.24512670541845916,,,2.49,236.70959536996122,3.867420046101858
605,,AM,R3130,00,EHZ,61.1981981981982,-149.90658980942584,2026-09-13T11:49:59.995000Z,2026-09-13T11:50:59.995000Z,100.0,100.0,60.0,,noise,0,Noise,timeofday:America/Anchorage:day7-19:night1-5,AM,2.0-20.0,205.05863814867638,749.7727666259939,175.14724405400742,727.2320803308345,0.729542300943953,2.07006030126657,0.14795390058884594,,,2.49,236.70959536996122,3.072254334236935
606,,AM,R3130,00,EHZ,61.1981981981982,-149.90658980942584,2026-09-13T11:50:59.995000Z,2026-09-13T11:51:59.995000Z,100.0,100.0,60.0,,noise,0,Noise,timeofday:America/Anchorage:day7-19:night1-5,AM,2.0-20.0,261.75281514275133,2511.7726612453475,238.19660770458123,2850.763016343973,0.8281107490421518,6.032470668688166,11.012072713851133,,,2.49,236.70959536996122,12.04329301433016
607,,AM,R3130,00,EHZ,61.1981981981982,-149.90658980942584,2026-09-13T11:51:59.995000Z,2026-09-13T11:52:59.995000Z,100.0,100.0,60.0,,noise,0,Noise,timeofday:America/Anchorage:day7-19:night1-5,AM,2.0-20.0,213.16004687628785,893.2300535080035,188.77721486589004,832.4802638901574,0.7843096069454393,1.883746168119752,0.13629120785613225,,,2.49,236.70959536996122,3.5168843180566745
608,,AM,R3130,00,EHZ,61.1981981981982,-149.90658980942584,2026-09-13T11:52:59.995000Z,2026-09-13T11:53:59.995000Z,100.0,100.0,60.0,,noise,0,Noise,timeofday:America/Anchorage:day7-19:night1-5,AM,2.0-20.0,295.0028757098669,2310.2322646527923,276.5447440225803,1910.1596283624106,0.8787762648314581,4.089217700386267,3.5695441546300986,,,2.49,236.70959536996122,8.069633279449272
609,,AM,R3130,00,EHZ,61.1981981981982,-149.90658980942584,2026-09-13T11:53:59.995000Z,2026-09-13T11:54:59.995000Z,100.0,100.0,60.0,,noise,0,Noise,timeofday:America/Anchorage:day7-19:night1-5,AM,2.0-20.0,217.8731680263624,1939.763860667233,193.4441674135184,1832.2608689644953,0.7883222467056181,5.837239255510106,6.578614050912696,,,2.49,236.70959536996122,7.740543285120295
610,,AM,R3130,00,EHZ,61.1981981981982,-149.90658980942584,2026-09-13T11:55:59.995000Z,2026-09-13T11:56:59.995000Z,100.0,100.0,60.0,,noise,0,Noise,timeofday:America/Anchorage:day7-19:night1-5,AM,2.0-20.0,262.5142189528688,2342.7615382256913,240.5555052497474,2421.885030675618,0.8397015162796193,3.12607494138157,8.7619258651628,,,2.49,236.70959536996122,10.231461157670326
611,,AM,R3130,00,EHZ,61.1981981981982,-149.90658980942584,2026-09-13T11:56:59.995000Z,2026-09-13T11:57:59.995000Z,100.0,100.0,60.0,,noise,0,Noise,timeofday:America/Anchorage:day7-19:night1-5,AM,2.0-20.0,202.42935027980386,789.7575004830337,177.61238311905555,714.4596431909545,0.769838312050385,1.9189869714507841,0.08878489451110916,,,2.49,236.70959536996122,3.0182960774120793
612,,AM,R3130,00,EHZ,61.1981981981982,-149.90658980942584,2026-09-13T11:57:59.995000Z,2026-09-13T11:58:59.995000Z,100.0,100.0,60.0,,noise,0,Noise,timeofday:America/Anchorage:day7-19:night1-5,AM,2.0-20.0,217.04237980200787,931.2448781615208,192.40474966695393,922.4299442071435,0.7858551292228337,2.3130471048577537,0.5242762723103191,,,2.49,236.70959536996122,3.8968844620153544
613,,AM,R3130,00,EHZ,61.1981981981982,-149.90658980942584,2026-09-13T11:58:59.995000Z,2026-09-13T11:59:59.995000Z,100.0,100.0,60.0,,noise,0,Noise,timeofday:America/Anchorage:day7-19:night1-5,AM,2.0-20.0,231.29749339875383,935.7534043188239,206.38320742343927,874.1241462720063,0.7961719311929034,2.616239688026083,0.23381705160480415,,,2.49,236.70959536996122,3.692812473046599
614,,AM,R3130,00,EHZ,61.1981981981982,-149.90658980942584,2026-09-13T11:59:59.995000Z,2026-09-13T12:00:59.995000Z,100.0,100.0,60.0,,noise,0,Noise,timeofday:America/Anchorage:day7-19:night1-5,AM,2.0-20.0,240.1077121829606,987.7518310042628,211.81407802327413,942.45742452231,0.778211105346697,2.9643316521745855,0.34247847104886997,,,2.49,236.70959536996122,3.981492271360239
615,,AM,R3130,00,EHZ,61.1981981981982,-149.90658980942584,2026-09-13T12:00:59.995000Z,2026-09-13T12:01:59.995000Z,100.0,100.0,60.0,,noise,0,Noise,timeofday:America/Anchorage:day7-19:night1-5,AM,2.0-20.0,276.2729597632192,1758.2512327993704,251.49127224653748,1282.0645875056505,0.828646070059606,3.060504166636923,1.290556775363095,,,2.49,236.70959536996122,5.416191876387054
616,,AM,R3130,00,EHZ,61.1981981981982,-149.90658980942584,2026-09-13T12:02:59.995000Z,2026-09-13T12:03:59.995000Z,100.0,100.0,60.0,,noise,0,Noise,timeofday:America/Anchorage:day7-19:night1-5,AM,2.0-20.0,274.7044549418819,1601.7454530717437,244.34084368387326,1557.2579211137584,0.7911534626143221,3.3151148703042486,1.0064148456627606,,,2.49,236.70959536996122,6.5787697312391105
617,,AM,R3130,00,EHZ,61.1981981981982,-149.90658980942584,2026-09-13T12:03:59.995000Z,2026-09-13T12:04:59.995000Z,100.0,100.0,60.0,,noise,0,Noise,timeofday:America/Anchorage:day7-19:night1-5,AM,2.0-20.0,257.9261719235196,1389.7423119889695,228.67788825795728,1228.8462692759317,0.7860633015000525,3.4564891471200614,0.6569894957939533,,,2.49,236.70959536996122,5.191366523842548
618,,AM,R3130,00,EHZ,61.1981981981982,-149.90658980942584,2026-09-13T12:04:59.995000Z,2026-09-13T12:05:59.995000Z,100.0,100.0,60.0,,noise,0,Noise,timeofday:America/Anchorage:day7-19:night1-5,AM,2.0-20.0,250.39402468910342,1108.260588751979,210.33914797433226,914.6588655287818,0.7056547985201626,2.198580287542551,0.30412890042480134,,,2.49,236.70959536996122,3.864054873226543
619,,AM,R3130,00,EHZ,61.1981981981982,-149.90658980942584,2026-09-13T12:05:59.995000Z,2026-09-13T12:06:59.995000Z,100.0,100.0,60.0,,noise,0,Noise,timeofday:America/Anchorage:day7-19:night1-5,AM,2.0-20.0,357.89339105776696,2612.7392041842954,315.88103393280477,2679.249550996942,0.7790041016811108,4.342455211517901,4.855754749633839,,,2.49,236.70959536996122,11.318719660727968
620,,AM,R3130,00,EHZ,61.1981981981982,-149.90658980942584,2026-09-13T12:06:59.995000Z,2026-09-13T12:07:59.995000Z,100.0,100.0,60.0,,noise,0,Noise,timeofday:America/Anchorage:day7-19:night1-5,AM,2.0-20.0,327.0318199566111,2512.7366129296674,293.2851796943127,2462.2345866477835,0.8042669324202135,5.334674147978758,5.133114931496882,,,2.49,236.70959536996122,10.401921319663767
621,,AM,R3130,00,EHZ,61.1981981981982,-149.90658980942584,2026-09-13T12:07:59.995000Z,2026-09-13T12:08:59.995000Z,100.0,100.0,60.0,,noise,0,Noise,timeofday:America/Anchorage:day7-19:night1-5,AM,2.0-20.0,323.58717283216,1524.2656063497693,271.93749308011087,1409.0802755604086,0.7062453216142428,2.0523939587542666,0.7212318162918803,,,2.49,236.70959536996122,5.952780551029672
622,,AM,R3130,00,EHZ,61.1981981981982,-149.90658980942584,2026-09-13T12:08:59.995000Z,2026-09-13T12:09:59.995000Z,100.0,100.0,60.0,,noise,0,Noise,timeofday:America/Anchorage:day7-19:night1-5,AM,2.0-20.0,248.928443337335,1492.2694447935905,215.5936582495843,1376.5243840011806,0.7501064796464112,2.889486634558991,0.8823542202935539,,,2.49,236.70959536996122,5.81524539319906
623,,AM,R3130,00,EHZ,61.1981981981982,-149.90658980942584,2026-09-13T12:09:59.995000Z,2026-09-13T12:10:59.995000Z,100.0,100.0,60.0,,noise,0,Noise,timeofday:America/Anchorage:day7-19:night1-5,AM,2.0-20.0,297.36356950503705,2166.2695679225567,271.2474393391673,2216.6110646972375,0.8320621589854112,4.562496154613113,3.739584891850442,,,2.49,236.70959536996122,9.364263671833088
624,,AM,R3130,00,EHZ,61.1981981981982,-149.90658980942584,2026-09-13T12:10:59.995000Z,2026-09-13T12:11:59.995000Z,100.0,100.0,60.0,,noise,0,Noise,timeofday:America/Anchorage:day7-19:night1-5,AM,2.0-20.0,278.3085935629869,1814.7266442902833,253.06255554302467,1774.7819074126055,0.8268039554756975,3.2563682110794243,2.2806830236840865,,,2.49,236.70959536996122,7.497718479213909
625,,AM,R3130,00,EHZ,61.1981981981982,-149.90658980942584,2026-09-13T12:11:59.995000Z,2026-09-13T12:12:59.995000Z,100.0,100.0,60.0,,noise,0,Noise,timeofday:America/Anchorage:day7-19:night1-5,AM,2.0-20.0,251.51046885971604,1230.7257224869459,226.92662209737378,1234.137610634426,0.8140644008287636,2.4905192015006357,0.43657445365810776,,,2.49,236.70959536996122,5.213720249513129
626,,AM,R3130,00,EHZ,61.1981981981982,-149.90658980942584,2026-09-13T12:12:59.995000Z,2026-09-13T12:13:59.995000Z,100.0,100.0,60.0,,noise,0,Noise,timeofday:America/Anchorage:day7-19:night1-5,AM,2.0-20.0,236.71824310818766,1213.2764616656082,211.78321723260868,1048.1221711890655,0.8004231209492038,3.0422890694288105,0.6804642008717448,,,2.49,236.70959536996122,4.427882061776671
627,,AM,R3130,00,EHZ,61.1981981981982,-149.90658980942584,2026-09-13T12:13:59.995000Z,2026-09-13T12:14:59.995000Z,100.0,100.0,60.0,,noise,0,Noise,timeofday:America/Anchorage:day7-19:night1-5,AM,2.0-20.0,236.9223420137668,1010.7199879310042,212.22755669011377,1002.936732044979,0.8024010979737184,2.404919291252183,0.5634759814047636,,,2.49,236.70959536996122,4.236992296309138
628,,AM,R3130,00,EHZ,61.1981981981982,-149.90658980942584,2026-09-13T12:14:59.995000Z,2026-09-13T12:15:59.995000Z,100.0,100.0,60.0,,noise,0,Noise,timeofday:America/Anchorage:day7-19:night1-5,AM,2.0-20.0,259.4269028170742,2146.2827800673062,237.06161666343476,2120.638332058945,0.8350115099184333,4.374737016262879,8.50357910875907,,,2.49,236.70959536996122,8.95881862644617
629,,AM,R3130,00,EHZ,61.1981981981982,-149.90658980942584,2026-09-13T12:15:59.995000Z,2026-09-13T12:16:59.995000Z,100.0,100.0,60.0,,noise,0,Noise,timeofday:America/Anchorage:day7-19:night1-5,AM,2.0-20.0,299.6713879445634,3563.7170417099874,268.6176114764668,3154.192058939222,0.8034861730651746,3.9939660962071932,14.183601441177316,,,2.49,236.70959536996122,13.325155044980038
630,,AM,R3130,00,EHZ,61.1981981981982,-149.90658980942584,2026-09-13T12:16:59.995000Z,2026-09-13T12:17:59.995000Z,100.0,100.0,60.0,,noise,0,Noise,timeofday:America/Anchorage:day7-19:night1-5,AM,2.0-20.0,275.9397502316279,1523.2869294764737,253.37088276247422,1301.1628912923861,0.8431112326308593,2.7858307235429187,1.324584601592922,,,2.49,236.70959536996122,5.49687429974588
631,,AM,R3130,00,EHZ,61.1981981981982,-149.90658980942584,2026-09-13T12:17:59.995000Z,2026-09-13T12:18:59.995000Z,100.0,100.0,60.0,,noise,0,Noise,timeofday:America/Anchorage:day7-19:night1-5,AM,2.0-20.0,233.53534457106258,1038.7121243162505,208.57724455004094,857.6845546803833,0.797679837355442,2.0965075995503963,0.37400443685893325,,,2.49,236.70959536996122,3.623362007526057
632,,AM,R3130,00,EHZ,61.1981981981982,-149.90658980942584,2026-09-13T12:18:59.995000Z,2026-09-13T12:19:59.995000Z,100.0,100.0,60.0,,noise,0,Noise,timeofday:America/Anchorage:day7-19:night1-5,AM,2.0-20.0,230.2574746300277,1022.7094395131876,203.00201947739214,1045.1633044324699,0.7772723920625989,3.1353720943798544,0.4321220273904296,,,2.49,236.70959536996122,4.415382075234212
633,,AM,R3130,00,EHZ,61.1981981981982,-149.90658980942584,2026-09-13T12:19:59.995000Z,2026-09-13T12:20:59.995000Z,100.0,100.0,60.0,,noise,0,Noise,timeofday:America/Anchorage:day7-19:night1-5,AM,2.0-20.0,342.91818158763647,2148.70708564233,319.71297210978076,1923.4645046028588,0.8692395762020316,4.213369072875742,2.5466878211392467,,,2.49,236.70959536996122,8.125840870948272
634,,AM,R3130,00,EHZ,61.1981981981982,-149.90658980942584,2026-09-13T12:20:59.995000Z,2026-09-13T12:21:59.995000Z,100.0,100.0,60.0,,noise,0,Noise,timeofday:America/Anchorage:day7-19:night1-5,AM,2.0-20.0,207.55418194705587,878.7039852327885,179.9452835186759,756.7501608980351,0.7516539766577908,2.118070084986688,0.08363016393977363,,,2.49,236.70959536996122,3.1969559988275313
635,,AM,R3130,00,EHZ,61.1981981981982,-149.90658980942584,2026-09-13T12:21:59.995000Z,2026-09-13T12:22:59.995000Z,100.0,100.0,60.0,,noise,0,Noise,timeofday:America/Anchorage:day7-19:night1-5,AM,2.0-20.0,213.81489458716848,850.7022880497493,187.44463781959024,781.3349943001517,0.7685464690699121,2.018770642536443,0.17834928998892208,,,2.49,236.70959536996122,3.300816737399164
636,,AM,R3130,00,EHZ,61.1981981981982,-149.90658980942584,2026-09-13T12:22:59.995000Z,2026-09-13T12:23:59.995000Z,100.0,100.0,60.0,,noise,0,Noise,timeofday:America/Anchorage:day7-19:night1-5,AM,2.0-20.0,215.2627295644327,867.7005572188532,188.76468391195763,754.8036364319794,0.7689600981351813,2.270463177425594,0.2653247387439417,,,2.49,236.70959536996122,3.1887327391704248
637,,AM,R3130,00,EHZ,61.1981981981982,-149.90658980942584,2026-09-13T12:23:59.995000Z,2026-09-13T12:24:59.995000Z,100.0,100.0,60.0,,noise,0,Noise,timeofday:America/Anchorage:day7-19:night1-5,AM,2.0-20.0,208.98518887395346,809.3025017779423,180.69654147518222,715.6855532100403,0.7475989185204168,1.8571244311339434,-0.017124907969761516,,,2.49,236.70959536996122,3.023475039495006
638,,AM,R3130,00,EHZ,61.1981981981982,-149.90658980942584,2026-09-13T12:24:59.995000Z,2026-09-13T12:25:59.995000Z,100.0,100.0,60.0,,noise,0,Noise,timeofday:America/Anchorage:day7-19:night1-5,AM,2.0-20.0,271.7375266674147,1182.6960169769022,242.44145174253413,1032.6988696239468,0.7960026534907932,2.301016715013135,0.37619097287351666,,,2.49,236.70959536996122,4.362725000690858
639,,AM,R3130,00,EHZ,61.1981981981982,-149.90658980942584,2026-09-13T12:25:59.995000Z,2026-09-13T12:26:59.995000Z,100.0,100.0,60.0,,noise,0,Noise,timeofday:America/Anchorage:day7-19:night1-5,AM,2.0-20.0,199.38736311800585,781.6930633607531,172.1483147052344,719.7966520741603,0.7454358770120726,1.9174445820811217,-0.04233365867654504,,,2.49,236.70959536996122,3.04084272945998
640,,AM,R3130,00,EHZ,61.1981981981982,-149.90658980942584,2026-09-13T12:26:59.995000Z,2026-09-13T12:27:59.995000Z,100.0,100.0,60.0,,noise,0,Noise,timeofday:America/Anchorage:day7-19:night1-5,AM,2.0-20.0,200.66468923867376,883.6913702450361,174.59088014754704,631.4243222591299,0.7570092652551145,1.7951332311825055,0.03175988587709089,,,2.49,236.70959536996122,2.6675062380646466
641,,AM,R3130,00,EHZ,61.1981981981982,-149.90658980942584,2026-09-13T12:27:59.995000Z,2026-09-13T12:28:59.995000Z,100.0,100.0,60.0,,noise,0,Noise,timeofday:America/Anchorage:day7-19:night1-5,AM,2.0-20.0,209.4812185312323,818.6885086982925,182.75937032852315,713.6845900726322,0.7611480221595646,2.127488967914282,0.09313492810085222,,,2.49,236.70959536996122,3.0150217989988577
642,,AM,R3130,00,EHZ,61.1981981981982,-149.90658980942584,2026-09-13T12:28:59.995000Z,2026-09-13T12:29:59.995000Z,100.0,100.0,60.0,,noise,0,Noise,timeofday:America/Anchorage:day7-19:night1-5,AM,2.0-20.0,222.81659213600466,1012.687578760309,198.1426961209888,1100.9702664225929,0.790789840149721,2.7174541734314217,0.5110370116877054,,,2.49,236.70959536996122,4.651143375501319
643,,AM,R3130,00,EHZ,61.1981981981982,-149.90658980942584,2026-09-13T12:29:59.995000Z,2026-09-13T12:30:59.995000Z,100.0,100.0,60.0,,noise,0,Noise,timeofday:America/Anchorage:day7-19:night1-5,AM,2.0-20.0,275.9612488370058,1453.685928536364,253.13342689784085,1306.7421721025512,0.8414005546047628,3.519492567006264,0.8553456072008037,,,2.49,236.70959536996122,5.520444450340937
644,,AM,R3130,00,EHZ,61.1981981981982,-149.90658980942584,2026-09-13T12:30:59.995000Z,2026-09-13T12:31:59.995000Z,100.0,100.0,60.0,,noise,0,Noise,timeofday:America/Anchorage:day7-19:night1-5,AM,2.0-20.0,463.996001944943,2785.3172458245085,415.3930335254608,2630.7961812788226,0.8014749271561723,3.9261641552665774,4.0626470614740535,,,2.49,236.70959536996122,11.11402424209743
645,,AM,R3130,00,EHZ,61.1981981981982,-149.90658980942584,2026-09-13T12:31:59.995000Z,2026-09-13T12:32:59.995000Z,100.0,100.0,60.0,,noise,0,Noise,timeofday:America/Anchorage:day7-19:night1-5,AM,2.0-20.0,217.6206071653856,1018.3202815266345,189.63230266781673,1023.4035827411715,0.759319585434093,1.9933687472626107,0.3756992286106491,,,2.49,236.70959536996122,4.323456263535326
646,,AM,R3130,00,EHZ,61.1981981981982,-149.90658980942584,2026-09-13T12:32:59.995000Z,2026-09-13T12:33:59.995000Z,100.0,100.0,60.0,,noise,0,Noise,timeofday:America/Anchorage:day7-19:night1-5,AM,2.0-20.0,240.32759296655763,1202.6786343468552,212.99728553489453,971.0682266137032,0.7854903682478248,2.6597991043966456,0.423918391621779,,,2.49,236.70959536996122,4.10236106016737
647,,AM,R3130,00,EHZ,61.1981981981982,-149.90658980942584,2026-09-13T12:33:59.995000Z,2026-09-13T12:34:59.995000Z,100.0,100.0,60.0,,noise,0,Noise,timeofday:America/Anchorage:day7-19:night1-5,AM,2.0-20.0,223.2250583447181,820.3240730113616,197.11841655499745,853.9334429164944,0.7797735743606538,2.3840301017833463,0.14194089372524354,,,2.49,236.70959536996122,3.6075151139600137
648,,AM,R3130,00,EHZ,61.1981981981982,-149.90658980942584,2026-09-13T12:35:59.995000Z,2026-09-13T12:36:59.995000Z,100.0,100.0,60.0,,noise,0,Noise,timeofday:America/Anchorage:day7-19:night1-5,AM,2.0-20.0,223.30402278005954,928.6723921150292,193.4953941654921,756.1543503863188,0.7508413292815073,1.9306447419346204,0.1399966460796631,,,2.49,236.70959536996122,3.1944389461884732
649,,AM,R3130,00,EHZ,61.1981981981982,-149.90658980942584,2026-09-13T12:37:59.995000Z,2026-09-13T12:38:59.995000Z,100.0,100.0,60.0,,noise,0,Noise,timeofday:America/Anchorage:day7-19:night1-5,AM,2.0-20.0,330.5268865333658,1907.3318086903132,292.91026379473976,1770.7047325088774,0.7853361598595419,2.4792335390464975,3.0699626894170047,,,2.49,236.70959536996122,7.4804941039309565
650,,AM,R3130,00,EHZ,61.1981981981982,-149.90658980942584,2026-09-13T12:38:59.995000Z,2026-09-13T12:39:59.995000Z,100.0,100.0,60.0,,noise,0,Noise,timeofday:America/Anchorage:day7-19:night1-5,AM,2.0-20.0,330.05423335081196,1922.3344583664934,263.24364946830957,1814.8867843201654,0.6361289945436803,2.8333784321555373,1.348843288056151,,,2.49,236.70959536996122,7.667144973500626
651,,AM,R3130,00,EHZ,61.1981981981982,-149.90658980942584,2026-09-13T12:39:59.995000Z,2026-09-13T12:40:59.995000Z,100.0,100.0,60.0,,noise,0,Noise,timeofday:America/Anchorage:day7-19:night1-5,AM,2.0-20.0,245.45510626505867,1383.661965716908,218.26169738998198,1279.5800294891849,0.7906984985406812,2.8395897829574657,0.967575295758393,,,2.49,236.70959536996122,5.405695647822333
652,,AM,R3130,00,EHZ,61.1981981981982,-149.90658980942584,2026-09-13T12:41:59.995000Z,2026-09-13T12:42:59.995000Z,100.0,100.0,60.0,,noise,0,Noise,timeofday:America/Anchorage:day7-19:night1-5,AM,2.0-20.0,264.5197360981354,2125.340915057181,228.20594163807797,1636.9293822891295,0.7442823732957646,4.065878740478074,1.2437922471904566,,,2.49,236.70959536996122,6.915348656359784
653,,AM,R3130,00,EHZ,61.1981981981982,-149.90658980942584,2026-09-13T12:42:59.995000Z,2026-09-13T12:43:59.995000Z,100.0,100.0,60.0,,noise,0,Noise,timeofday:America/Anchorage:day7-19:night1-5,AM,2.0-20.0,274.13983083661157,1307.343822823505,237.14403323263073,1156.1939614555845,0.7483075427701514,2.5679742870291804,0.7297237416750302,,,2.49,236.70959536996122,4.884440614452198
654,,AM,R3130,00,EHZ,61.1981981981982,-149.90658980942584,2026-09-13T12:43:59.995000Z,2026-09-13T12:44:59.995000Z,100.0,100.0,60.0,,noise,0,Noise,timeofday:America/Anchorage:day7-19:night1-5,AM,2.0-20.0,297.6340565424491,2527.6550346284344,272.10766462879064,2233.071898184229,0.8358268205582977,5.8443246470990005,4.492929443432191,,,2.49,236.70959536996122,9.433803875563589
655,,AM,R3130,00,EHZ,61.1981981981982,-149.90658980942584,2026-09-13T12:44:59.995000Z,2026-09-13T12:45:59.995000Z,100.0,100.0,60.0,,noise,0,Noise,timeofday:America/Anchorage:day7-19:night1-5,AM,2.0-20.0,244.38045654550876,970.65173565957,214.13426775966406,938.385989968897,0.7677846086153353,2.3363725515864084,0.35299685585760887,,,2.49,236.70959536996122,3.9642921466798278
656,,AM,R3130,00,EHZ,61.1981981981982,-149.90658980942584,2026-09-13T12:45:59.995000Z,2026-09-13T12:46:59.995000Z,100.0,100.0,60.0,,noise,0,Noise,timeofday:America/Anchorage:day7-19:night1-5,AM,2.0-20.0,227.62962816734716,1026.3500554416592,197.0797175876512,899.2994479769637,0.7495943157421631,2.916356551261562,0.27145821399593917,,,2.49,236.70959536996122,3.7991676956374287
657,,AM,R3130,00,EHZ,61.1981981981982,-149.90658980942584,2026-09-13T12:46:59.995000Z,2026-09-13T12:47:59.995000Z,100.0,100.0,60.0,,noise,0,Noise,timeofday:America/Anchorage:day7-19:night1-5,AM,2.0-20.0,236.81646734774748,1117.353766689192,208.3518653945624,1172.4314299058135,0.7740535192223146,2.421922414513192,0.752421451089142,,,2.49,236.70959536996122,4.953037193415763
658,,AM,R3130,00,EHZ,61.1981981981982,-149.90658980942584,2026-09-13T12:47:59.995000Z,2026-09-13T12:48:59.995000Z,100.0,100.0,60.0,,traffic,1,Traffic,timeofday:America/Anchorage:day7-19:night1-5+burst>=20x,AM,2.0-20.0,391.85153494194753,6816.35402662812,359.92280807302706,7156.668651518226,0.8436758784320266,6.876638337369059,65.27435330212016,,,2.49,236.70959536996122,30.233960901892605
659,,AM,R3130,00,EHZ,61.1981981981982,-149.90658980942584,2026-09-13T12:48:59.995000Z,2026-09-13T12:49:59.995000Z,100.0,100.0,60.0,,noise,0,Noise,timeofday:America/Anchorage:day7-19:night1-5,AM,2.0-20.0,282.90160302159074,1424.6432142477292,257.5334977342169,1351.5497459713004,0.8286986588559812,3.6459750802774273,1.0222830375508893,,,2.49,236.70959536996122,5.709737891524502
660,,AM,R3130,00,EHZ,61.1981981981982,-149.90658980942584,2026-09-13T12:49:59.995000Z,2026-09-13T12:50:59.995000Z,100.0,100.0,60.0,,noise,0,Noise,timeofday:America/Anchorage:day7-19:night1-5,AM,2.0-20.0,253.76615859545777,1098.6417684992134,225.74747019952193,1079.9034201624704,0.7913677962523246,2.0410634535394894,0.4112998717678349,,,2.49,236.70959536996122,4.562144675523837
661,,AM,R3130,00,EHZ,61.1981981981982,-149.90658980942584,2026-09-13T12:50:59.995000Z,2026-09-13T12:51:59.995000Z,100.0,100.0,60.0,,noise,0,Noise,timeofday:America/Anchorage:day7-19:night1-5,AM,2.0-20.0,237.5138247247754,1051.6381422957106,209.71235177691335,1270.180219540661,0.7795971354909043,2.682818738585562,0.7765038512254372,,,2.49,236.70959536996122,5.365985344005403
662,,AM,R3130,00,EHZ,61.1981981981982,-149.90658980942584,2026-09-13T12:51:59.995000Z,2026-09-13T12:52:59.995000Z,100.0,100.0,60.0,,noise,0,Noise,timeofday:America/Anchorage:day7-19:night1-5,AM,2.0-20.0,236.8519492926276,985.3634739106224,210.7621665027794,1002.9294737189775,0.7918289606353258,2.6614607798969665,0.3504514724868075,,,2.49,236.70959536996122,4.236961632888037
663,,AM,R3130,00,EHZ,61.1981981981982,-149.90658980942584,2026-09-13T12:52:59.995000Z,2026-09-13T12:53:59.995000Z,100.0,100.0,60.0,,noise,0,Noise,timeofday:America/Anchorage:day7-19:night1-5,AM,2.0-20.0,288.13909791620364,1499.365438057967,260.23119822465094,1353.2924759848229,0.8156697164826525,3.2677335656363784,1.0685831911531034,,,2.49,236.70959536996122,5.717100204027291
664,,AM,R3130,00,EHZ,61.1981981981982,-149.90658980942584,2026-09-13T12:53:59.995000Z,2026-09-13T12:54:59.995000Z,100.0,100.0,60.0,,noise,0,Noise,timeofday:America/Anchorage:day7-19:night1-5,AM,2.0-20.0,232.6873382237289,1042.6328906419599,203.83132783371084,1046.8866652665731,0.7673550649732136,1.8816681831100746,0.4254534460432575,,,2.49,236.70959536996122,4.422662560976286
665,,AM,R3130,00,EHZ,61.1981981981982,-149.90658980942584,2026-09-13T12:54:59.995000Z,2026-09-13T12:55:59.995000Z,100.0,100.0,60.0,,noise,0,Noise,timeofday:America/Anchorage:day7-19:night1-5,AM,2.0-20.0,230.45208288404527,1141.6291054430944,203.37444879788285,1018.4982658706451,0.778809969550073,2.392666761671406,0.36568149362440305,,,2.49,236.70959536996122,4.302733331442693
666,,AM,R3130,00,EHZ,61.1981981981982,-149.90658980942584,2026-09-13T12:55:59.995000Z,2026-09-13T12:56:59.995000Z,100.0,100.0,60.0,,noise,0,Noise,timeofday:America/Anchorage:day7-19:night1-5,AM,2.0-20.0,232.81881934145449,1100.37178677971,204.8837027749997,938.3110132445643,0.7744237503581822,2.4846362877182697,0.4608896392955213,,,2.49,236.70959536996122,3.9639754010734
667,,AM,R3130,00,EHZ,61.1981981981982,-149.90658980942584,2026-09-13T12:56:59.995000Z,2026-09-13T12:57:59.995000Z,100.0,100.0,60.0,,noise,0,Noise,timeofday:America/Anchorage:day7-19:night1-5,AM,2.0-20.0,286.8562012982072,3483.6241625361486,259.7449444525,3568.16748641443,0.8199091270594849,3.943691958810348,13.242404940177313,,,2.49,236.70959536996122,15.074029765619022
668,,AM,R3130,00,EHZ,61.1981981981982,-149.90658980942584,2026-09-13T12:57:59.995000Z,2026-09-13T12:58:59.995000Z,100.0,100.0,60.0,,noise,0,Noise,timeofday:America/Anchorage:day7-19:night1-5,AM,2.0-20.0,263.1306003644006,1163.6238371502945,225.93541739849138,1096.4315658098917,0.7372689064267565,1.90624238680319,0.46819992492151874,,,2.49,236.70959536996122,4.631969245252786
669,,AM,R3130,00,EHZ,61.1981981981982,-149.90658980942584,2026-09-13T12:58:59.995000Z,2026-09-13T12:59:59.995000Z,100.0,100.0,60.0,,noise,0,Noise,timeofday:America/Anchorage:day7-19:night1-5,AM,2.0-20.0,265.9352505128211,1204.6213098635649,224.53090018663005,1101.2070645125355,0.7128537173879744,2.4986546732823527,0.4019391410567432,,,2.49,236.70959536996122,4.652143749354236
670,,AM,R3130,00,EHZ,61.1981981981982,-149.90658980942584,2026-09-13T12:59:59.995000Z,2026-09-13T13:00:59.995000Z,100.0,100.0,60.0,,noise,0,Noise,timeofday:America/Anchorage:day7-19:night1-5,AM,2.0-20.0,246.7431180076752,1050.3821832275412,213.2484026287588,1028.9014772695916,0.7469327062292207,1.786843055558292,0.12978045895174617,,,2.49,236.70959536996122,4.3466825907986015
671,,AM,R3130,00,EHZ,61.1981981981982,-149.90658980942584,2026-09-13T15:01:59.995000Z,2026-09-13T15:02:59.995000Z,100.0,100.0,60.0,,traffic,1,Traffic,timeofday:America/Anchorage:day7-19:night1-5,AM,2.0-20.0,290.30828806392105,1429.652782239406,260.19683998316196,1607.2564052838607,0.8033136862882545,2.776576235071074,0.8042677275476215,,,2.49,236.70959536996122,6.789992618473394
672,,AM,R3130,00,EHZ,61.1981981981982,-149.90658980942584,2026-09-13T15:02:59.995000Z,2026-09-13T15:03:59.995000Z,100.0,100.0,60.0,,traffic,1,Traffic,timeofday:America/Anchorage:day7-19:night1-5,AM,2.0-20.0,485.44799402275487,3107.6545803660124,453.07579128931036,2917.2476874871036,0.8710764922034232,4.450757983604191,3.2049128257646347,,,2.49,236.70959536996122,12.324163213272538
673,,AM,R3130,00,EHZ,61.1981981981982,-149.90658980942584,2026-09-13T15:04:59.995000Z,2026-09-13T15:05:59.995000Z,100.0,100.0,60.0,,traffic,1,Traffic,timeofday:America/Anchorage:day7-19:night1-5,AM,2.0-20.0,291.18804659870847,1194.6597628752702,260.50018304721647,1265.4718839008751,0.8003297844587817,4.161566870670013,0.7031110024245151,,,2.49,236.70959536996122,5.346094576026914
674,,AM,R3130,00,EHZ,61.1981981981982,-149.90658980942584,2026-09-13T15:10:59.995000Z,2026-09-13T15:11:59.995000Z,100.0,100.0,60.0,,traffic,1,Traffic,timeofday:America/Anchorage:day7-19:night1-5,AM,2.0-20.0,386.1759307333195,2308.6722148003396,356.44245060785875,2128.1890473561834,0.8519388785176654,4.030562141128715,3.004176218004364,,,2.49,236.70959536996122,8.990717271219896
675,,AM,R3130,00,EHZ,61.1981981981982,-149.90658980942584,2026-09-13T15:11:59.995000Z,2026-09-13T15:12:59.995000Z,100.0,100.0,60.0,,traffic,1,Traffic,timeofday:America/Anchorage:day7-19:night1-5,AM,2.0-20.0,300.0617690610645,1420.6742969000575,270.1802310604517,1249.5325663894455,0.8107478520265574,2.3001746076396126,0.6775636593166459,,,2.49,236.70959536996122,5.278757561291547
676,,AM,R3130,00,EHZ,61.1981981981982,-149.90658980942584,2026-09-13T15:14:59.995000Z,2026-09-13T15:15:59.995000Z,100.0,100.0,60.0,,traffic,1,Traffic,timeofday:America/Anchorage:day7-19:night1-5,AM,2.0-20.0,299.5883394297718,1426.3188958799487,268.4451524507964,1402.4236000953988,0.8028997456852713,3.1851784593512567,0.5033023900892584,,,2.49,236.70959536996122,5.924658854253478
677,,AM,R3130,00,EHZ,61.1981981981982,-149.90658980942584,2026-09-13T15:20:59.995000Z,2026-09-13T15:21:59.995000Z,100.0,100.0,60.0,,traffic,1,Traffic,timeofday:America/Anchorage:day7-19:night1-5,AM,2.0-20.0,270.36861964002844,1204.30574881237,238.8229441641408,1098.85902418778,0.7802603322961494,2.2906516408530084,0.6071409816324298,,,2.49,236.70959536996122,4.64222425149406
678,,AM,R3130,00,EHZ,61.1981981981982,-149.90658980942584,2026-09-13T15:25:59.995000Z,2026-09-13T15:26:59.995000Z,100.0,100.0,60.0,,traffic,1,Traffic,timeofday:America/Anchorage:day7-19:night1-5,AM,2.0-20.0,258.3799745268989,1631.7061614192012,223.76538727519892,1497.773131871416,0.7500118351187697,3.5636573243281564,0.9062832987533942,,,2.49,236.70959536996122,6.3274711341147665
679,,AM,R3130,00,EHZ,61.1981981981982,-149.90658980942584,2026-09-13T15:26:59.995000Z,2026-09-13T15:27:59.995000Z,100.0,100.0,60.0,,traffic,1,Traffic,timeofday:America/Anchorage:day7-19:night1-5,AM,2.0-20.0,343.8919913990897,2640.7085851740653,314.1581066098036,2647.6216936509472,0.8345501078498191,3.077757758349616,3.4874150519886795,,,2.49,236.70959536996122,11.185105063074829
680,,AM,R3130,00,EHZ,61.1981981981982,-149.90658980942584,2026-09-13T15:27:59.995000Z,2026-09-13T15:28:59.995000Z,100.0,100.0,60.0,,traffic,1,Traffic,timeofday:America/Anchorage:day7-19:night1-5,AM,2.0-20.0,254.0089562161772,1019.2912114597743,220.95328964323534,873.1196445844164,0.7566636726860337,2.0096043497455622,0.2371199015953671,,,2.49,236.70959536996122,3.688568869461286
681,,AM,R3130,00,EHZ,61.1981981981982,-149.90658980942584,2026-09-13T15:30:59.995000Z,2026-09-13T15:31:59.995000Z,100.0,100.0,60.0,,traffic,1,Traffic,timeofday:America/Anchorage:day7-19:night1-5,AM,2.0-20.0,334.6973211204721,2978.7169768013214,304.43831172433573,2856.5071296443853,0.827359269733693,4.06195665655986,5.51118188309731,,,2.49,236.70959536996122,12.067559513926152
682,,AM,R3130,00,EHZ,61.1981981981982,-149.90658980942584,2026-09-13T15:35:59.995000Z,2026-09-13T15:36:59.995000Z,100.0,100.0,60.0,,traffic,1,Traffic,timeofday:America/Anchorage:day7-19:night1-5,AM,2.0-20.0,367.19969344071245,2138.727473822963,321.05117603574917,1644.243667645739,0.764440891515953,3.10528487912571,1.5561087616935279,,,2.49,236.70959536996122,6.946248482558961
683,,AM,R3130,00,EHZ,61.1981981981982,-149.90658980942584,2026-09-13T15:36:59.995000Z,2026-09-13T15:37:59.995000Z,100.0,100.0,60.0,,traffic,1,Traffic,timeofday:America/Anchorage:day7-19:night1-5,AM,2.0-20.0,579.392032077951,5113.270476985663,554.2817198803423,4795.164839309272,0.9152001337932331,7.39909952542908,8.128216673621717,,,2.49,236.70959536996122,20.257585383536103
684,,AM,R3130,00,EHZ,61.1981981981982,-149.90658980942584,2026-09-13T15:38:59.995000Z,2026-09-13T15:39:59.995000Z,100.0,100.0,60.0,,traffic,1,Traffic,timeofday:America/Anchorage:day7-19:night1-5,AM,2.0-20.0,287.55881538852555,1648.2668382104343,255.05699409105344,1620.3380654528964,0.786721651333513,2.018581874620507,1.5471774049793163,,,2.49,236.70959536996122,6.845257214522364
685,,AM,R3130,00,EHZ,61.1981981981982,-149.90658980942584,2026-09-13T15:40:59.995000Z,2026-09-13T15:41:59.995000Z,100.0,100.0,60.0,,traffic,1,Traffic,timeofday:America/Anchorage:day7-19:night1-5,AM,2.0-20.0,352.9209002671175,2916.738385341813,323.451492840851,2355.0310331771007,0.8399695894583082,3.1378422143486557,2.5301611203777483,,,2.49,236.70959536996122,9.94903070784412
686,,AM,R3130,00,EHZ,61.1981981981982,-149.90658980942584,2026-09-13T15:41:59.995000Z,2026-09-13T15:42:59.995000Z,100.0,100.0,60.0,,traffic,1,Traffic,timeofday:America/Anchorage:day7-19:night1-5,AM,2.0-20.0,349.8892858731201,4521.742025596068,319.48644496992426,4294.862217293713,0.8337648570062534,5.564348455205364,24.30640531045034,,,2.49,236.70959536996122,18.144014020982677
687,,AM,R3130,00,EHZ,61.1981981981982,-149.90658980942584,2026-09-13T15:42:59.995000Z,2026-09-13T15:43:59.995000Z,100.0,100.0,60.0,,traffic,1,Traffic,timeofday:America/Anchorage:day7-19:night1-5,AM,2.0-20.0,545.1239179817409,3353.2579585043964,516.573736387273,3412.4644569705006,0.8979955173550188,5.858966364907163,2.7781540044554847,,,2.49,236.70959536996122,14.416248955337224
688,,AM,R3130,00,EHZ,61.1981981981982,-149.90658980942584,2026-09-13T15:44:59.995000Z,2026-09-13T15:45:59.995000Z,100.0,100.0,60.0,,traffic,1,Traffic,timeofday:America/Anchorage:day7-19:night1-5,AM,2.0-20.0,572.374457745206,3514.7465702750983,531.333324462569,3325.737249967051,0.8617347767680348,6.573442030459075,4.449220530314305,,,2.49,236.70959536996122,14.049862426443452
689,,AM,R3130,00,EHZ,61.1981981981982,-149.90658980942584,2026-09-13T15:45:59.995000Z,2026-09-13T15:46:59.995000Z,100.0,100.0,60.0,,traffic,1,Traffic,timeofday:America/Anchorage:day7-19:night1-5,AM,2.0-20.0,285.06673412824165,1422.2501987912615,251.45011883408762,1406.2499328980089,0.7780555588398604,2.352203372837872,0.5924080062272457,,,2.49,236.70959536996122,5.94082352555305
690,,AM,R3130,00,EHZ,61.1981981981982,-149.90658980942584,2026-09-13T15:49:59.995000Z,2026-09-13T15:50:59.995000Z,100.0,100.0,60.0,,traffic,1,Traffic,timeofday:America/Anchorage:day7-19:night1-5,AM,2.0-20.0,668.2921790695717,4584.240879814319,640.9158836466934,4641.8219366629955,0.9197489741546595,4.823324179769459,5.119276833262823,,,2.49,236.70959536996122,19.609775131456498
691,,AM,R3130,00,EHZ,61.1981981981982,-149.90658980942584,2026-09-13T15:51:59.995000Z,2026-09-13T15:52:59.995000Z,100.0,100.0,60.0,,traffic,1,Traffic,timeofday:America/Anchorage:day7-19:night1-5,AM,2.0-20.0,890.2161011239351,5615.763591652894,857.5709641686719,4961.5256099290045,0.928002713954337,4.550638901249361,3.698399810930834,,,2.49,236.70959536996122,20.960390736059825
692,,AM,R3130,00,EHZ,61.1981981981982,-149.90658980942584,2026-09-13T15:53:59.995000Z,2026-09-13T15:54:59.995000Z,100.0,100.0,60.0,,traffic,1,Traffic,timeofday:America/Anchorage:day7-19:night1-5,AM,2.0-20.0,351.61890340686216,2124.7669357320706,314.71161122160214,1983.0439711369972,0.8010896163834249,4.068960747961908,2.4130550808074647,,,2.49,236.70959536996122,8.37753944041699
693,,AM,R3130,00,EHZ,61.1981981981982,-149.90658980942584,2026-09-13T15:56:59.995000Z,2026-09-13T15:57:59.995000Z,100.0,100.0,60.0,,traffic,1,Traffic,timeofday:America/Anchorage:day7-19:night1-5,AM,2.0-20.0,333.3529027711336,2225.225442474027,298.0798068934406,2240.372078561568,0.7995702559004875,2.9882354601508703,1.4084165550420993,,,2.49,236.70959536996122,9.464644114067351
694,,AM,R3130,00,EHZ,61.1981981981982,-149.90658980942584,2026-09-13T15:57:59.995000Z,2026-09-13T15:58:59.995000Z,100.0,100.0,60.0,,traffic,1,Traffic,timeofday:America/Anchorage:day7-19:night1-5,AM,2.0-20.0,379.3218284850717,2411.775329577866,345.9954803315921,2350.0591116571845,0.8320035526386923,4.142206340321665,2.2709356318719323,,,2.49,236.70959536996122,9.928026398694145
695,,AM,R3130,00,EHZ,61.1981981981982,-149.90658980942584,2026-09-13T15:58:59.995000Z,2026-09-13T15:59:59.995000Z,100.0,100.0,60.0,,traffic,1,Traffic,timeofday:America/Anchorage:day7-19:night1-5,AM,2.0-20.0,438.4420083788669,2425.7781615440767,412.50848267130283,2419.949461513454,0.8852000919586668,3.631027426796529,3.0636261192864422,,,2.49,236.70959536996122,10.223284179634692
696,,AM,R3130,00,EHZ,61.1981981981982,-149.90658980942584,2026-09-13T16:00:59.995000Z,2026-09-13T16:01:59.995000Z,100.0,100.0,60.0,,traffic,1,Traffic,timeofday:America/Anchorage:day7-19:night1-5,AM,2.0-20.0,422.5300241652983,2324.7823009698136,390.47477255534693,2430.9042833335343,0.854025448678914,2.2106562342814966,3.028719165073692,,,2.49,236.70959536996122,10.269563764553752
697,,AM,R3130,00,EHZ,61.1981981981982,-149.90658980942584,2026-09-13T16:06:59.995000Z,2026-09-13T16:07:59.995000Z,100.0,100.0,60.0,,traffic,1,Traffic,timeofday:America/Anchorage:day7-19:night1-5,AM,2.0-20.0,1379.4900576652874,14439.796767698888,1311.9461104605139,15269.71357448461,0.9044714091345963,7.892258935206945,16.554412132506457,,,2.49,236.70959536996122,64.50821543849572
698,,AM,R3130,00,EHZ,61.1981981981982,-149.90658980942584,2026-09-13T16:12:59.995000Z,2026-09-13T16:13:59.995000Z,100.0,100.0,60.0,,traffic,1,Traffic,timeofday:America/Anchorage:day7-19:night1-5,AM,2.0-20.0,479.4723969534611,3943.8107430213718,421.36696622450694,3611.060432271959,0.7723137209606574,6.527286664152177,7.356724332395293,,,2.49,236.70959536996122,15.255234696456279
699,,AM,R3130,00,EHZ,61.1981981981982,-149.90658980942584,2026-09-13T16:20:59.995000Z,2026-09-13T16:21:59.995000Z,100.0,100.0,60.0,,traffic,1,Traffic,timeofday:America/Anchorage:day7-19:night1-5,AM,2.0-20.0,283.78110435729985,1258.1736469619805,237.514505994845,1184.2336972701635,0.7005083702079914,2.1018278118752374,0.23919786194646653,,,2.49,236.70959536996122,5.002896884764159
700,,AM,R3130,00,EHZ,61.1981981981982,-149.90658980942584,2026-09-13T16:22:59.995000Z,2026-09-13T16:23:59.995000Z,100.0,100.0,60.0,,traffic,1,Traffic,timeofday:America/Anchorage:day7-19:night1-5,AM,2.0-20.0,474.7986539872997,4138.831912329308,432.44338815087934,3732.742844098642,0.829544263640368,4.3121046661105815,5.135350249620094,,,2.49,236.70959536996122,15.769292487972931
701,,AM,R3130,00,EHZ,61.1981981981982,-149.90658980942584,2026-09-13T16:23:59.995000Z,2026-09-13T16:24:59.995000Z,100.0,100.0,60.0,,traffic,1,Traffic,timeofday:America/Anchorage:day7-19:night1-5,AM,2.0-20.0,668.5520930081841,5271.833512636105,623.8134479560143,4928.289211359636,0.8706406897836162,6.41365732325472,6.010371032492097,,,2.49,236.70959536996122,20.81998071796393
702,,AM,R3130,00,EHZ,61.1981981981982,-149.90658980942584,2026-09-13T16:42:59.995000Z,2026-09-13T16:43:59.995000Z,100.0,100.0,60.0,,traffic,1,Traffic,timeofday:America/Anchorage:day7-19:night1-5,AM,2.0-20.0,314.18587328071794,1583.1248505461494,266.6945665678802,1419.281959603919,0.720534910557062,2.1074011796073595,0.9150675034865174,,,2.49,236.70959536996122,5.9958784407775125
703,,AM,R3130,00,EHZ,61.1981981981982,-149.90658980942584,2026-09-13T16:43:59.995000Z,2026-09-13T16:44:59.995000Z,100.0,100.0,60.0,,traffic,1,Traffic,timeofday:America/Anchorage:day7-19:night1-5,AM,2.0-20.0,318.6565903157558,2362.8782317453156,275.8479439289611,1962.1274557153508,0.7493654967441729,3.3258918843633367,2.2259736638265517,,,2.49,236.70959536996122,8.289175825968007
704,,AM,R3130,00,EHZ,61.1981981981982,-149.90658980942584,2026-09-13T16:46:59.995000Z,2026-09-13T16:47:59.995000Z,100.0,100.0,60.0,,traffic,1,Traffic,timeofday:America/Anchorage:day7-19:night1-5,AM,2.0-20.0,668.7841085866133,3082.1147998207903,630.0825826030335,2997.341337244552,0.8876117835895938,3.7129561483135016,1.345375652590251,,,2.49,236.70959536996122,12.662525710290318
705,,AM,R3130,00,EHZ,61.1981981981982,-149.90658980942584,2026-09-13T16:49:59.995000Z,2026-09-13T16:50:59.995000Z,100.0,100.0,60.0,,traffic,1,Traffic,timeofday:America/Anchorage:day7-19:night1-5,AM,2.0-20.0,573.7191448721318,4349.892258463971,538.7100327384492,3787.9121482177816,0.8816809202367876,6.787411637977278,4.491005636004119,,,2.49,236.70959536996122,16.00235994784043
706,,AM,R3130,00,EHZ,61.1981981981982,-149.90658980942584,2026-09-13T16:54:59.995000Z,2026-09-13T16:55:59.995000Z,100.0,100.0,60.0,,traffic,1,Traffic,timeofday:America/Anchorage:day7-19:night1-5,AM,2.0-20.0,298.227569285006,1304.9029200273258,247.07051601559147,1061.5524595339689,0.6863509939446812,2.8285324647110857,0.4223229199396705,,,2.49,236.70959536996122,4.484619467473777
707,,AM,R3130,00,EHZ,61.1981981981982,-149.90658980942584,2026-09-13T16:59:59.995000Z,2026-09-13T17:00:59.995000Z,100.0,100.0,60.0,,traffic,1,Traffic,timeofday:America/Anchorage:day7-19:night1-5,AM,2.0-20.0,481.11348676886365,4136.913767578273,436.67262250437074,3605.661447332362,0.8237906643266331,3.785060791008801,3.2328021152006423,,,2.49,236.70959536996122,15.232426221239384
708,,AM,R3130,00,EHZ,61.1981981981982,-149.90658980942584,2026-09-13T17:00:59.995000Z,2026-09-13T17:01:59.995000Z,100.0,100.0,60.0,,traffic,1,Traffic,timeofday:America/Anchorage:day7-19:night1-5,AM,2.0-20.0,362.34768151855945,5979.915092416364,325.20403562051536,5975.505638227591,0.805491346334573,6.7583568331272,47.63432641902476,,,2.49,236.70959536996122,25.24403638512531
709,,AM,R3130,00,EHZ,61.1981981981982,-149.90658980942584,2026-09-13T17:03:59.995000Z,2026-09-13T17:04:59.995000Z,100.0,100.0,60.0,,traffic,1,Traffic,timeofday:America/Anchorage:day7-19:night1-5,AM,2.0-20.0,290.57583501892975,1916.9232022890487,255.49820699795197,1688.2251116011516,0.7731374748016134,2.859844580921415,0.6113985474970223,,,2.49,236.70959536996122,7.132051867025369
710,,AM,R3130,00,EHZ,61.1981981981982,-149.90658980942584,2026-09-13T17:08:59.995000Z,2026-09-13T17:09:59.995000Z,100.0,100.0,60.0,,traffic,1,Traffic,timeofday:America/Anchorage:day7-19:night1-5,AM,2.0-20.0,937.9342926485868,12745.067140036914,887.7909311641494,12810.289081835846,0.8959351576192853,5.023411296889249,30.58581501537536,,,2.49,236.70959536996122,54.118165602092404
711,,AM,R3130,00,EHZ,61.1981981981982,-149.90658980942584,2026-09-13T17:14:59.995000Z,2026-09-13T17:15:59.995000Z,100.0,100.0,60.0,,traffic,1,Traffic,timeofday:America/Anchorage:day7-19:night1-5,AM,2.0-20.0,919.8724528620841,8426.948117231886,874.0736306121686,8370.454546921173,0.9029024057885149,3.2423043866864893,6.365641137386316,,,2.49,236.70959536996122,35.36170358383113
712,,AM,R3130,00,EHZ,61.1981981981982,-149.90658980942584,2026-09-13T17:15:59.995000Z,2026-09-13T17:16:59.995000Z,100.0,100.0,60.0,,traffic,1,Traffic,timeofday:America/Anchorage:day7-19:night1-5,AM,2.0-20.0,884.4488636923044,4376.948689615187,826.6187958769794,4528.293496494636,0.8735043975212111,4.30963611981962,3.779236989646094,,,2.49,236.70959536996122,19.130164492982285
713,,AM,R3130,00,EHZ,61.1981981981982,-149.90658980942584,2026-09-13T17:22:59.995000Z,2026-09-13T17:23:59.995000Z,100.0,100.0,60.0,,traffic,1,Traffic,timeofday:America/Anchorage:day7-19:night1-5,AM,2.0-20.0,754.9549923389006,4673.965577880588,693.0155973531073,4040.3578452949264,0.8426435399222967,5.819026478573558,4.825291949083537,,,2.49,236.70959536996122,17.068838459970827
714,,AM,R3130,00,EHZ,61.1981981981982,-149.90658980942584,2026-09-13T17:26:59.995000Z,2026-09-13T17:27:59.995000Z,100.0,100.0,60.0,,traffic,1,Traffic,timeofday:America/Anchorage:day7-19:night1-5,AM,2.0-20.0,367.6128061193523,2232.026838410445,318.54261040603393,1864.9228593427388,0.7508510724361919,3.1567962083866523,1.0703507545936857,,,2.49,236.70959536996122,7.878526666517213
715,,AM,R3130,00,EHZ,61.1981981981982,-149.90658980942584,2026-09-13T17:35:59.995000Z,2026-09-13T17:36:59.995000Z,100.0,100.0,60.0,,traffic,1,Traffic,timeofday:America/Anchorage:day7-19:night1-5,AM,2.0-20.0,473.15766613451507,4520.994861128533,436.0696601744672,4448.993140766905,0.8493759912387837,5.5168818601415195,12.19812495372011,,,2.49,236.70959536996122,18.795153334673344
716,,AM,R3130,00,EHZ,61.1981981981982,-149.90658980942584,2026-09-13T17:38:59.995000Z,2026-09-13T17:39:59.995000Z,100.0,100.0,60.0,,traffic,1,Traffic,timeofday:America/Anchorage:day7-19:night1-5,AM,2.0-20.0,1142.8841267245755,14168.000283240102,1076.5826145263836,11986.139274188652,0.8873405378588517,6.302562382435802,21.76963296096299,,,2.49,236.70959536996122,50.636474011351844
717,,AM,R3130,00,EHZ,61.1981981981982,-149.90658980942584,2026-09-13T17:41:59.995000Z,2026-09-13T17:42:59.995000Z,100.0,100.0,60.0,,traffic,1,Traffic,timeofday:America/Anchorage:day7-19:night1-5,AM,2.0-20.0,423.9149289935967,2493.993582497012,392.9169851340676,2566.0712641000146,0.8591009184378358,3.161284649758457,1.64922716062416,,,2.49,236.70959536996122,10.84058827479899
718,,AM,R3130,00,EHZ,61.1981981981982,-149.90658980942584,2026-09-13T17:45:59.995000Z,2026-09-13T17:46:59.995000Z,100.0,100.0,60.0,,traffic,1,Traffic,timeofday:America/Anchorage:day7-19:night1-5,AM,2.0-20.0,1235.7558343009223,6581.983727372923,1215.9111873137315,7260.277505942609,0.9681404583237275,5.370283394536095,4.85790158851544,,,2.49,236.70959536996122,30.671665399094966
719,,AM,R3130,00,EHZ,61.1981981981982,-149.90658980942584,2026-09-13T17:49:59.995000Z,2026-09-13T17:50:59.995000Z,100.0,100.0,60.0,,traffic,1,Traffic,timeofday:America/Anchorage:day7-19:night1-5,AM,2.0-20.0,552.093661112199,4312.0258526522175,516.9213356510146,3710.096749213323,0.8766442610103816,4.586600559830168,4.769488708166683,,,2.49,236.70959536996122,15.673622116647577
720,,AM,R3130,00,EHZ,61.1981981981982,-149.90658980942584,2026-09-13T17:52:59.995000Z,2026-09-13T17:53:59.995000Z,100.0,100.0,60.0,,traffic,1,Traffic,timeofday:America/Anchorage:day7-19:night1-5,AM,2.0-20.0,923.8605447004028,5981.969166355901,809.3070175481271,4455.3692008026155,0.7673858240728931,3.8041432123757875,2.9537933458332732,,,2.49,236.70959536996122,18.82208954748612
721,,AM,R3130,00,EHZ,61.1981981981982,-149.90658980942584,2026-09-13T17:53:59.995000Z,2026-09-13T17:54:59.995000Z,100.0,100.0,60.0,,traffic,1,Traffic,timeofday:America/Anchorage:day7-19:night1-5,AM,2.0-20.0,1047.3809879334567,5636.033936272181,914.4453941581247,4497.12941132155,0.7622653540903482,3.6461611847116178,1.8374609962664339,,,2.49,236.70959536996122,18.99850914067441
722,,AM,R3130,00,EHZ,61.1981981981982,-149.90658980942584,2026-09-13T17:54:59.995000Z,2026-09-13T17:55:59.995000Z,100.0,100.0,60.0,,traffic,1,Traffic,timeofday:America/Anchorage:day7-19:night1-5,AM,2.0-20.0,551.1284913191184,2668.0362380073498,501.9637700141716,2354.5997127020637,0.8295432212667853,3.4146741121937305,0.8542885819978103,,,2.49,236.70959536996122,9.94720855748151
723,,AM,R3130,00,EHZ,61.1981981981982,-149.90658980942584,2026-09-13T17:56:59.995000Z,2026-09-13T17:57:59.995000Z,100.0,100.0,60.0,,traffic,1,Traffic,timeofday:America/Anchorage:day7-19:night1-5,AM,2.0-20.0,406.9012407021377,1999.958551381887,369.8495827460539,2026.3928521093399,0.8261753593025405,3.1235016550375927,1.052342110642721,,,2.49,236.70959536996122,8.560670508275019
724,,AM,R3130,00,EHZ,61.1981981981982,-149.90658980942584,2026-09-13T18:01:59.995000Z,2026-09-13T18:02:59.995000Z,100.0,100.0,60.0,,traffic,1,Traffic,timeofday:America/Anchorage:day7-19:night1-5,AM,2.0-20.0,979.7614976286083,5141.948345728488,860.853140376749,5030.43797534931,0.7720001751068172,4.5073774417075745,3.073108781803464,,,2.49,236.70959536996122,21.251516937820256
725,,AM,R3130,00,EHZ,61.1981981981982,-149.90658980942584,2026-09-13T18:07:59.995000Z,2026-09-13T18:08:59.995000Z,100.0,100.0,60.0,,traffic,1,Traffic,timeofday:America/Anchorage:day7-19:night1-5,AM,2.0-20.0,1534.1419693706223,22931.934591520483,1483.0262866794815,23499.658700176326,0.9344726517678553,5.3795289538294755,36.88898318367289,,,2.49,236.70959536996122,99.27632491385884
726,,AM,R3130,00,EHZ,61.1981981981982,-149.90658980942584,2026-09-13T18:11:59.995000Z,2026-09-13T18:12:59.995000Z,100.0,100.0,60.0,,traffic,1,Traffic,timeofday:America/Anchorage:day7-19:night1-5,AM,2.0-20.0,540.0419770034497,3825.0736207747946,499.8872979651292,3505.58440371094,0.8568191533624918,2.7002051904058617,1.8214409402786211,,,2.49,236.70959536996122,14.809642161873272
727,,AM,R3130,00,EHZ,61.1981981981982,-149.90658980942584,2026-09-13T18:15:59.995000Z,2026-09-13T18:16:59.995000Z,100.0,100.0,60.0,,traffic,1,Traffic,timeofday:America/Anchorage:day7-19:night1-5,AM,2.0-20.0,604.2088571376771,4233.916648709108,571.6554823003153,3916.860393953666,0.8951474338188825,3.3568610094472895,3.057987982456548,,,2.49,236.70959536996122,16.547112878258595
728,,AM,R3130,00,EHZ,61.1981981981982,-149.90658980942584,2026-09-13T18:18:59.995000Z,2026-09-13T18:19:59.995000Z,100.0,100.0,60.0,,traffic,1,Traffic,timeofday:America/Anchorage:day7-19:night1-5,AM,2.0-20.0,768.8304789892048,4383.911365256285,726.0183107178937,3992.222622658042,0.8917312047752481,3.240618912273583,1.8925845411927087,,,2.49,236.70959536996122,16.86548708098827
729,,AM,R3130,00,EHZ,61.1981981981982,-149.90658980942584,2026-09-13T18:19:59.995000Z,2026-09-13T18:20:59.995000Z,100.0,100.0,60.0,,traffic,1,Traffic,timeofday:America/Anchorage:day7-19:night1-5,AM,2.0-20.0,1163.4398872590755,8068.09078672744,1079.5437483262958,7214.711818934046,0.8609790726442239,4.785907067576579,1.5681882309795654,,,2.49,236.70959536996122,30.47916924389117
730,,AM,R3130,00,EHZ,61.1981981981982,-149.90658980942584,2026-09-13T18:21:59.995000Z,2026-09-13T18:22:59.995000Z,100.0,100.0,60.0,,traffic,1,Traffic,timeofday:America/Anchorage:day7-19:night1-5,AM,2.0-20.0,736.0688845363728,4919.904005250093,691.8802409449024,4179.001483828084,0.8835373985763447,3.432219158134202,2.8671269017949834,,,2.49,236.70959536996122,17.654550409317313
731,,AM,R3130,00,EHZ,61.1981981981982,-149.90658980942584,2026-09-13T18:27:59.995000Z,2026-09-13T18:28:59.995000Z,100.0,100.0,60.0,,traffic,1,Traffic,timeofday:America/Anchorage:day7-19:night1-5,AM,2.0-20.0,430.03516250676864,2289.889754458903,381.38344425197477,2062.4048046723146,0.786530806260162,3.060620961097441,1.3752271403194811,,,2.49,236.70959536996122,8.712806092414269
732,,AM,R3130,00,EHZ,61.1981981981982,-149.90658980942584,2026-09-13T18:30:59.995000Z,2026-09-13T18:31:59.995000Z,100.0,100.0,60.0,,traffic,1,Traffic,timeofday:America/Anchorage:day7-19:night1-5,AM,2.0-20.0,777.1060096428146,6526.883115108429,716.6591717687332,5650.111356014974,0.8504813442606546,7.065241609512541,7.444066197352253,,,2.49,236.70959536996122,23.869380314660372
733,,AM,R3130,00,EHZ,61.1981981981982,-149.90658980942584,2026-09-13T18:31:59.995000Z,2026-09-13T18:32:59.995000Z,100.0,100.0,60.0,,traffic,1,Traffic,timeofday:America/Anchorage:day7-19:night1-5,AM,2.0-20.0,473.1095558713975,1942.1183391444906,416.2301769337688,1825.5525779703587,0.7740048592246049,2.187778296277626,0.3505407151977371,,,2.49,236.70959536996122,7.712203534111672
734,,AM,R3130,00,EHZ,61.1981981981982,-149.90658980942584,2026-09-13T18:33:59.995000Z,2026-09-13T18:34:59.995000Z,100.0,100.0,60.0,,traffic,1,Traffic,timeofday:America/Anchorage:day7-19:night1-5,AM,2.0-20.0,464.5216232698889,2090.8785390000826,398.4568938056375,1936.8169317350503,0.7357848140184401,1.895401057905742,0.6746283170227882,,,2.49,236.70959536996122,8.182249345270247
735,,AM,R3130,00,EHZ,61.1981981981982,-149.90658980942584,2026-09-13T18:40:59.995000Z,2026-09-13T18:41:59.995000Z,100.0,100.0,60.0,,traffic,1,Traffic,timeofday:America/Anchorage:day7-19:night1-5,AM,2.0-20.0,470.16668880726604,4237.1388484368,422.45800133807654,4188.447535209501,0.8073528220186859,5.258264954911055,5.703762826805342,,,2.49,236.70959536996122,17.69445606403593
736,,AM,R3130,00,EHZ,61.1981981981982,-149.90658980942584,2026-09-13T18:52:59.995000Z,2026-09-13T18:53:59.995000Z,100.0,100.0,60.0,,traffic,1,Traffic,timeofday:America/Anchorage:day7-19:night1-5,AM,2.0-20.0,692.2831255067503,6052.165342610306,661.0483370513201,5752.788792551522,0.9117986452288449,6.7003467424582315,11.479078540026888,,,2.49,236.70959536996122,24.303149957061517
737,,AM,R3130,00,EHZ,61.1981981981982,-149.90658980942584,2026-09-13T18:53:59.995000Z,2026-09-13T18:54:59.995000Z,100.0,100.0,60.0,,traffic,1,Traffic,timeofday:America/Anchorage:day7-19:night1-5,AM,2.0-20.0,1067.3321144309907,5498.833188716266,885.1933682446465,5690.0939769337765,0.6878237211788256,3.2894609209234837,1.605881796332767,,,2.49,236.70959536996122,24.0382903280306
738,,AM,R3130,00,EHZ,61.1981981981982,-149.90658980942584,2026-09-13T18:58:59.995000Z,2026-09-13T18:59:59.995000Z,100.0,100.0,60.0,,traffic,1,Traffic,timeofday:America/Anchorage:day7-19:night1-5,AM,2.0-20.0,857.0216845952631,5761.177977195162,785.162070083082,5334.252685915249,0.8393343581784094,4.2536638455325795,3.1753229264398035,,,2.49,236.70959536996122,22.535008255910242
739,,AM,R3130,00,EHZ,61.1981981981982,-149.90658980942584,2026-09-13T18:59:59.995000Z,2026-09-13T19:00:59.995000Z,100.0,100.0,60.0,,traffic,1,Traffic,timeofday:America/Anchorage:day7-19:night1-5,AM,2.0-20.0,393.76148085654756,2057.8193187744287,346.6806724082582,2050.2940252448043,0.7751625829075539,3.9158763528853835,1.0261970787604984,,,2.49,236.70959536996122,8.661643065378623
740,,AM,R3130,00,EHZ,61.1981981981982,-149.90658980942584,2026-09-13T19:00:59.995000Z,2026-09-13T19:01:59.995000Z,100.0,100.0,60.0,,traffic,1,Traffic,timeofday:America/Anchorage:day7-19:night1-5,AM,2.0-20.0,884.472583352254,6122.818192865419,796.8922609511783,5872.730591370656,0.811765271708638,7.44978766968091,3.270714135139137,,,2.49,236.70959536996122,24.809854379548796
741,,AM,R3130,00,EHZ,61.1981981981982,-149.90658980942584,2026-09-13T19:02:59.995000Z,2026-09-13T19:03:59.995000Z,100.0,100.0,60.0,,traffic,1,Traffic,timeofday:America/Anchorage:day7-19:night1-5,AM,2.0-20.0,898.3472737374472,4560.813302833674,841.3229054552398,5433.6161115169925,0.8770753745915457,3.955402695876757,2.2222101938434617,,,2.49,236.70959536996122,22.9547775747097
742,,AM,R3130,00,EHZ,61.1981981981982,-149.90658980942584,2026-09-13T19:06:59.995000Z,2026-09-13T19:07:59.995000Z,100.0,100.0,60.0,,traffic,1,Traffic,timeofday:America/Anchorage:day7-19:night1-5,AM,2.0-20.0,683.1084357821045,6811.803318294755,645.0938667268725,6038.180574213426,0.8917980710127635,5.335147545875559,8.040918771997827,,,2.49,236.70959536996122,25.50881203094515
743,,AM,R3130,00,EHZ,61.1981981981982,-149.90658980942584,2026-09-13T19:07:59.995000Z,2026-09-13T19:08:59.995000Z,100.0,100.0,60.0,,traffic,1,Traffic,timeofday:America/Anchorage:day7-19:night1-5,AM,2.0-20.0,848.8759452747091,4851.802962588854,819.1883633747262,4731.896089167126,0.9312774666341411,4.2691502262237835,4.384976516326797,,,2.49,236.70959536996122,19.99030111885194
744,,AM,R3130,00,EHZ,61.1981981981982,-149.90658980942584,2026-09-13T19:08:59.995000Z,2026-09-13T19:09:59.995000Z,100.0,100.0,60.0,,traffic,1,Traffic,timeofday:America/Anchorage:day7-19:night1-5,AM,2.0-20.0,1573.42965331901,10931.200803012907,1399.526963612774,10724.918950847048,0.7911664796921755,6.515083498237077,7.317950997478373,,,2.49,236.70959536996122,45.308340517775456
745,,AM,R3130,00,EHZ,61.1981981981982,-149.90658980942584,2026-09-13T19:09:59.995000Z,2026-09-13T19:10:59.995000Z,100.0,100.0,60.0,,traffic,1,Traffic,timeofday:America/Anchorage:day7-19:night1-5,AM,2.0-20.0,919.2522647817824,7105.201285175583,875.4559918695512,6208.911034408993,0.9069831566353093,4.435359595543821,4.150202921628341,,,2.49,236.70959536996122,26.23007751208768
746,,AM,R3130,00,EHZ,61.1981981981982,-149.90658980942584,2026-09-13T19:10:59.995000Z,2026-09-13T19:11:59.995000Z,100.0,100.0,60.0,,traffic,1,Traffic,timeofday:America/Anchorage:day7-19:night1-5,AM,2.0-20.0,487.28872630075676,3838.7943387544196,451.8170834795314,3940.8921291963857,0.859711167069963,4.774636539767721,7.366973604081204,,,2.49,236.70959536996122,16.648637006189105
747,,AM,R3130,00,EHZ,61.1981981981982,-149.90658980942584,2026-09-13T19:15:59.995000Z,2026-09-13T19:16:59.995000Z,100.0,100.0,60.0,,traffic,1,Traffic,timeofday:America/Anchorage:day7-19:night1-5,AM,2.0-20.0,661.6895023372584,5943.783412075547,625.1363711812595,5477.122784254178,0.8925674510649517,5.297738263094773,6.156610651950567,,,2.49,236.70959536996122,23.138575247419958
748,,AM,R3130,00,EHZ,61.1981981981982,-149.90658980942584,2026-09-13T19:21:59.995000Z,2026-09-13T19:22:59.995000Z,100.0,100.0,60.0,,traffic,1,Traffic,timeofday:America/Anchorage:day7-19:night1-5,AM,2.0-20.0,849.4327612729354,4512.771243014318,759.392705873329,4763.445594359093,0.7992356154187418,5.864900024844914,3.0550666143262335,,,2.49,236.70959536996122,20.123584711106226
749,,AM,R3130,00,EHZ,61.1981981981982,-149.90658980942584,2026-09-13T19:22:59.995000Z,2026-09-13T19:23:59.995000Z,100.0,100.0,60.0,,traffic,1,Traffic,timeofday:America/Anchorage:day7-19:night1-5,AM,2.0-20.0,489.3791352226242,4321.2321524610325,437.79391696465603,4695.423330200721,0.800292132331669,3.221830233974106,7.951770022362478,,,2.49,236.70959536996122,19.836218818515103
750,,AM,R3130,00,EHZ,61.1981981981982,-149.90658980942584,2026-09-13T19:28:59.995000Z,2026-09-13T19:29:59.995000Z,100.0,100.0,60.0,,traffic,1,Traffic,timeofday:America/Anchorage:day7-19:night1-5,AM,2.0-20.0,858.3903217159337,5264.756230154666,821.4893389693397,5453.07207860405,0.9158708541522634,4.809167079723548,2.0760377288835308,,,2.49,236.70959536996122,23.03697097737531
751,,AM,R3130,00,EHZ,61.1981981981982,-149.90658980942584,2026-09-13T19:33:59.995000Z,2026-09-13T19:34:59.995000Z,100.0,100.0,60.0,,traffic,1,Traffic,timeofday:America/Anchorage:day7-19:night1-5,AM,2.0-20.0,727.3398380916626,3851.744945181595,674.0635950481475,3501.608966417757,0.8588691304084124,4.872748664529851,1.6604160766152534,,,2.49,236.70959536996122,14.792847585857164
752,,AM,R3130,00,EHZ,61.1981981981982,-149.90658980942584,2026-09-13T19:35:59.995000Z,2026-09-13T19:36:59.995000Z,100.0,100.0,60.0,,traffic,1,Traffic,timeofday:America/Anchorage:day7-19:night1-5,AM,2.0-20.0,2140.075372845571,23463.7408027978,2116.983465381242,25543.755915375124,0.978535967238573,6.403820820091019,32.76554484314582,,,2.49,236.70959536996122,107.91178902338939
753,,AM,R3130,00,EHZ,61.1981981981982,-149.90658980942584,2026-09-13T19:37:59.995000Z,2026-09-13T19:38:59.995000Z,100.0,100.0,60.0,,traffic,1,Traffic,timeofday:America/Anchorage:day7-19:night1-5,AM,2.0-20.0,1039.7927885340205,8153.263872775082,1007.2305979808432,8120.5716124007495,0.9383486180956795,5.159419523942443,5.12706079273941,,,2.49,236.70959536996122,34.30605168205725
754,,AM,R3130,00,EHZ,61.1981981981982,-149.90658980942584,2026-09-13T19:38:59.995000Z,2026-09-13T19:39:59.995000Z,100.0,100.0,60.0,,traffic,1,Traffic,timeofday:America/Anchorage:day7-19:night1-5,AM,2.0-20.0,674.9899340520157,4993.733446489179,636.4534578527607,4762.950446497524,0.8890756336854071,3.6483370202389667,4.016405160693533,,,2.49,236.70959536996122,20.121492916471563
755,,AM,R3130,00,EHZ,61.1981981981982,-149.90658980942584,2026-09-13T19:47:59.995000Z,2026-09-13T19:48:59.995000Z,100.0,100.0,60.0,,traffic,1,Traffic,timeofday:America/Anchorage:day7-19:night1-5,AM,2.0-20.0,710.2917768549131,4008.2868368818167,676.8604966621742,3969.6863858366987,0.9080813638500946,4.280008991525742,2.2353550789272116,,,2.49,236.70959536996122,16.770280814482174
756,,AM,R3130,00,EHZ,61.1981981981982,-149.90658980942584,2026-09-13T19:49:59.995000Z,2026-09-13T19:50:59.995000Z,100.0,100.0,60.0,,traffic,1,Traffic,timeofday:America/Anchorage:day7-19:night1-5,AM,2.0-20.0,846.3535710578604,4069.709700347122,744.7168993817952,3612.2367849641196,0.7742456183866592,5.630791087675847,2.1273391329138676,,,2.49,236.70959536996122,15.260204299358612
757,,AM,R3130,00,EHZ,61.1981981981982,-149.90658980942584,2026-09-13T19:51:59.995000Z,2026-09-13T19:52:59.995000Z,100.0,100.0,60.0,,traffic,1,Traffic,timeofday:America/Anchorage:day7-19:night1-5,AM,2.0-20.0,807.554091567491,6604.703547966163,777.3239805041546,6217.043061890505,0.9265329915886849,5.750251024526277,5.961737385501598,,,2.49,236.70959536996122,26.26443196007193
758,,AM,R3130,00,EHZ,61.1981981981982,-149.90658980942584,2026-09-13T19:56:59.995000Z,2026-09-13T19:57:59.995000Z,100.0,100.0,60.0,,traffic,1,Traffic,timeofday:America/Anchorage:day7-19:night1-5,AM,2.0-20.0,615.9649692994186,4644.694323277166,561.2275452241006,3720.0980826671257,0.8301678843877569,3.5344504617443,2.900883823551367,,,2.49,236.70959536996122,15.715873608135158
759,,AM,R3130,00,EHZ,61.1981981981982,-149.90658980942584,2026-09-13T20:14:59.995000Z,2026-09-13T20:15:59.995000Z,100.0,100.0,60.0,,traffic,1,Traffic,timeofday:America/Anchorage:day7-19:night1-5,AM,2.0-20.0,369.5726221794545,1485.3462889448915,324.291174678155,1701.368849798507,0.7699644556585157,2.2369529554156644,0.5742261839726934,,,2.49,236.70959536996122,7.187578717032495
760,,AM,R3130,00,EHZ,61.1981981981982,-149.90658980942584,2026-09-13T20:16:59.995000Z,2026-09-13T20:17:59.995000Z,100.0,100.0,60.0,,traffic,1,Traffic,timeofday:America/Anchorage:day7-19:night1-5,AM,2.0-20.0,576.1197845107855,4285.350012764151,542.593186637691,4201.0911084616255,0.8869989237294419,3.550251948248575,3.601333425098395,,,2.49,236.70959536996122,17.747869924307892
761,,AM,R3130,00,EHZ,61.1981981981982,-149.90658980942584,2026-09-13T20:17:59.995000Z,2026-09-13T20:18:59.995000Z,100.0,100.0,60.0,,traffic,1,Traffic,timeofday:America/Anchorage:day7-19:night1-5,AM,2.0-20.0,599.2045627739438,7549.354178072854,570.3550971425742,7593.340794663138,0.9060255202432593,5.60809264000469,15.059473388365554,,,2.49,236.70959536996122,32.07871984570484
762,,AM,R3130,00,EHZ,61.1981981981982,-149.90658980942584,2026-09-13T20:21:59.995000Z,2026-09-13T20:22:59.995000Z,100.0,100.0,60.0,,traffic,1,Traffic,timeofday:America/Anchorage:day7-19:night1-5,AM,2.0-20.0,454.96329238093534,3033.6371400409166,396.93485656932353,2806.874556160584,0.7611771797891178,3.4118646473896175,2.057989081271349,,,2.49,236.70959536996122,11.85788244778851
763,,AM,R3130,00,EHZ,61.1981981981982,-149.90658980942584,2026-09-13T20:22:59.995000Z,2026-09-13T20:23:59.995000Z,100.0,100.0,60.0,,traffic,1,Traffic,timeofday:America/Anchorage:day7-19:night1-5,AM,2.0-20.0,718.4983999056946,6170.365005287187,666.9752749538413,5158.618892597264,0.8617233455584857,4.923030406345015,4.74802915029533,,,2.49,236.70959536996122,21.793028223189214
764,,AM,R3130,00,EHZ,61.1981981981982,-149.90658980942584,2026-09-13T20:24:59.995000Z,2026-09-13T20:25:59.995000Z,100.0,100.0,60.0,,traffic,1,Traffic,timeofday:America/Anchorage:day7-19:night1-5,AM,2.0-20.0,606.4961443884915,4367.630330602384,569.9535703588289,3838.756461117083,0.8831264016227864,5.028367047360609,6.596806865854729,,,2.49,236.70959536996122,16.217156111130027
765,,AM,R3130,00,EHZ,61.1981981981982,-149.90658980942584,2026-09-13T20:25:59.995000Z,2026-09-13T20:26:59.995000Z,100.0,100.0,60.0,,traffic,1,Traffic,timeofday:America/Anchorage:day7-19:night1-5,AM,2.0-20.0,1291.4895155750726,10981.62991314712,1233.7753414974811,9960.672462734536,0.9126208833025131,4.113983095205528,6.790055550465937,,,2.49,236.70959536996122,42.0797156412974
766,,AM,R3130,00,EHZ,61.1981981981982,-149.90658980942584,2026-09-13T20:26:59.995000Z,2026-09-13T20:27:59.995000Z,100.0,100.0,60.0,,traffic,1,Traffic,timeofday:America/Anchorage:day7-19:night1-5,AM,2.0-20.0,646.5733104150777,4185.3724255637135,585.5735715842096,4151.664498457847,0.8202143971285462,3.5125686295316,2.8804334138272036,,,2.49,236.70959536996122,17.539062968567343
767,,AM,R3130,00,EHZ,61.1981981981982,-149.90658980942584,2026-09-13T20:31:59.995000Z,2026-09-13T20:32:59.995000Z,100.0,100.0,60.0,,traffic,1,Traffic,timeofday:America/Anchorage:day7-19:night1-5,AM,2.0-20.0,653.5989629449882,4062.6156701208215,618.1343336693769,3894.7739426278954,0.8944231360324674,3.694596486664759,3.2655380651930344,,,2.49,236.70959536996122,16.45380676917902
768,,AM,R3130,00,EHZ,61.1981981981982,-149.90658980942584,2026-09-13T20:34:59.995000Z,2026-09-13T20:35:59.995000Z,100.0,100.0,60.0,,traffic,1,Traffic,timeofday:America/Anchorage:day7-19:night1-5,AM,2.0-20.0,1619.7960930657403,21595.610108610992,1613.0218321547836,20478.78313859402,0.991653152655317,6.929231766649119,39.65612847726174,,,2.49,236.70959536996122,86.5143768531523
769,,AM,R3130,00,EHZ,61.1981981981982,-149.90658980942584,2026-09-13T20:35:59.995000Z,2026-09-13T20:36:59.995000Z,100.0,100.0,60.0,,traffic,1,Traffic,timeofday:America/Anchorage:day7-19:night1-5,AM,2.0-20.0,425.8897173871711,2416.393800826107,389.1533520182159,2241.8608727322876,0.8349245707502662,2.4433584393693875,0.8839901922148474,,,2.49,236.70959536996122,9.470933652809508
770,,AM,R3130,00,EHZ,61.1981981981982,-149.90658980942584,2026-09-13T20:37:59.995000Z,2026-09-13T20:38:59.995000Z,100.0,100.0,60.0,,traffic,1,Traffic,timeofday:America/Anchorage:day7-19:night1-5,AM,2.0-20.0,752.966454131845,4256.398006808042,720.2265306210285,4132.007915409302,0.9149281168731525,3.6887948754825044,1.586827491586888,,,2.49,236.70959536996122,17.456022046555614
771,,AM,R3130,00,EHZ,61.1981981981982,-149.90658980942584,2026-09-13T20:40:59.995000Z,2026-09-13T20:41:59.995000Z,100.0,100.0,60.0,,traffic,1,Traffic,timeofday:America/Anchorage:day7-19:night1-5,AM,2.0-20.0,579.3999016987631,4898.595589376473,544.4968091617664,4639.74687458465,0.8831487198680065,5.133746052417031,5.750732787439702,,,2.49,236.70959536996122,19.601008853625206
772,,AM,R3130,00,EHZ,61.1981981981982,-149.90658980942584,2026-09-13T20:47:59.995000Z,2026-09-13T20:48:59.995000Z,100.0,100.0,60.0,,traffic,1,Traffic,timeofday:America/Anchorage:day7-19:night1-5,AM,2.0-20.0,991.7176999661216,6600.419464156412,940.80377174254,4961.449421426305,0.8999574380392478,3.1446394412967744,1.6872002670566477,,,2.49,236.70959536996122,20.96006887119169
773,,AM,R3130,00,EHZ,61.1981981981982,-149.90658980942584,2026-09-13T20:49:59.995000Z,2026-09-13T20:50:59.995000Z,100.0,100.0,60.0,,traffic,1,Traffic,timeofday:America/Anchorage:day7-19:night1-5,AM,2.0-20.0,570.7319488422451,3696.5758643380245,513.8659321926883,4112.685436506417,0.8106535397742827,3.1297204361137956,2.59737337343186,,,2.49,236.70959536996122,17.374392576179964
774,,AM,R3130,00,EHZ,61.1981981981982,-149.90658980942584,2026-09-13T20:52:59.995000Z,2026-09-13T20:53:59.995000Z,100.0,100.0,60.0,,traffic,1,Traffic,timeofday:America/Anchorage:day7-19:night1-5,AM,2.0-20.0,786.7092857850747,5830.4304784676115,754.3515071309779,5346.789242882738,0.9194306391103515,5.046695488480749,3.792636180704612,,,2.49,236.70959536996122,22.587970016703654
775,,AM,R3130,00,EHZ,61.1981981981982,-149.90658980942584,2026-09-13T20:55:59.995000Z,2026-09-13T20:56:59.995000Z,100.0,100.0,60.0,,traffic,1,Traffic,timeofday:America/Anchorage:day7-19:night1-5,AM,2.0-20.0,737.1641037226437,6545.437884693385,707.7612465419166,6786.147704086243,0.9218180340622162,7.00746741661553,9.319342317616398,,,2.49,236.70959536996122,28.668663361449074
776,,AM,R3130,00,EHZ,61.1981981981982,-149.90658980942584,2026-09-13T20:56:59.995000Z,2026-09-13T20:57:59.995000Z,100.0,100.0,60.0,,traffic,1,Traffic,timeofday:America/Anchorage:day7-19:night1-5,AM,2.0-20.0,854.9012623252863,6505.439797074798,820.2370538796058,7075.374535840447,0.9205488763933893,5.7570528293940555,6.8401394389934005,,,2.49,236.70959536996122,29.890526933570694
777,,AM,R3130,00,EHZ,61.1981981981982,-149.90658980942584,2026-09-13T21:00:59.995000Z,2026-09-13T21:01:59.995000Z,100.0,100.0,60.0,,traffic,1,Traffic,timeofday:America/Anchorage:day7-19:night1-5,AM,2.0-20.0,868.2005613123409,6467.448644242249,819.7938235984413,5979.341573432308,0.891598151452908,3.543862387060774,4.0195345009860555,,,2.49,236.70959536996122,25.26024162259666
778,,AM,R3130,00,EHZ,61.1981981981982,-149.90658980942584,2026-09-13T21:12:59.995000Z,2026-09-13T21:13:59.995000Z,100.0,100.0,60.0,,traffic,1,Traffic,timeofday:America/Anchorage:day7-19:night1-5,AM,2.0-20.0,788.8478327421049,5389.474350834083,745.91150140204,4175.822384241446,0.8941041980287634,3.7475123876347505,2.298923203482256,,,2.49,236.70959536996122,17.64112003028401
779,,AM,R3130,00,EHZ,61.1981981981982,-149.90658980942584,2026-09-13T21:13:59.995000Z,2026-09-13T21:14:59.995000Z,100.0,100.0,60.0,,traffic,1,Traffic,timeofday:America/Anchorage:day7-19:night1-5,AM,2.0-20.0,545.7077668952875,3133.4783031629563,504.7555606352279,3406.5155802382565,0.85554322022578,3.62514173419349,2.824252347655995,,,2.49,236.70959536996122,14.391117415050713
780,,AM,R3130,00,EHZ,61.1981981981982,-149.90658980942584,2026-09-13T21:20:59.995000Z,2026-09-13T21:21:59.995000Z,100.0,100.0,60.0,,traffic,1,Traffic,timeofday:America/Anchorage:day7-19:night1-5,AM,2.0-20.0,494.13005452683655,4345.493342645088,431.91338846089076,3229.112390376539,0.7640306714956635,5.058221388131589,3.9827558850559166,,,2.49,236.70959536996122,13.641662414781509
781,,AM,R3130,00,EHZ,61.1981981981982,-149.90658980942584,2026-09-13T21:21:59.995000Z,2026-09-13T21:22:59.995000Z,100.0,100.0,60.0,,traffic,1,Traffic,timeofday:America/Anchorage:day7-19:night1-5,AM,2.0-20.0,544.6502921566077,2995.504394444191,496.0240095449745,3046.3020660936563,0.829411237681449,2.9292564497222844,2.154116467092435,,,2.49,236.70959536996122,12.869364511111138
782,,AM,R3130,00,EHZ,61.1981981981982,-149.90658980942584,2026-09-13T21:29:59.995000Z,2026-09-13T21:30:59.995000Z,100.0,100.0,60.0,,traffic,1,Traffic,timeofday:America/Anchorage:day7-19:night1-5,AM,2.0-20.0,951.2433872898257,5491.513579426743,801.1479893597108,4240.051676313921,0.7093199792679478,4.603451257174417,1.7689224922066318,,,2.49,236.70959536996122,17.91246218678632
783,,AM,R3130,00,EHZ,61.1981981981982,-149.90658980942584,2026-09-13T21:34:59.995000Z,2026-09-13T21:35:59.995000Z,100.0,100.0,60.0,,traffic,1,Traffic,timeofday:America/Anchorage:day7-19:night1-5,AM,2.0-20.0,837.6200248547742,4359.524611486262,795.3633171703659,4252.860733528238,0.9016479743816189,3.355217530857224,1.9939637824399048,,,2.49,236.70959536996122,17.96657514825836
784,,AM,R3130,00,EHZ,61.1981981981982,-149.90658980942584,2026-09-13T21:35:59.995000Z,2026-09-13T21:36:59.995000Z,100.0,100.0,60.0,,traffic,1,Traffic,timeofday:America/Anchorage:day7-19:night1-5,AM,2.0-20.0,2988.5246166121956,22963.527069998254,2911.0464690458,23402.17563515033,0.9488216839384812,6.626528572171803,11.58223720551673,,,2.49,236.70959536996122,98.86449933968372
785,,AM,R3130,00,EHZ,61.1981981981982,-149.90658980942584,2026-09-13T21:36:59.995000Z,2026-09-13T21:37:59.995000Z,100.0,100.0,60.0,,traffic,1,Traffic,timeofday:America/Anchorage:day7-19:night1-5,AM,2.0-20.0,807.9460274430505,5517.527500394997,756.3672315323814,5054.842301702173,0.87639665442454,3.740380229189244,5.418146182654123,,,2.49,236.70959536996122,21.354615108871247
786,,AM,R3130,00,EHZ,61.1981981981982,-149.90658980942584,2026-09-13T21:37:59.995000Z,2026-09-13T21:38:59.995000Z,100.0,100.0,60.0,,traffic,1,Traffic,timeofday:America/Anchorage:day7-19:night1-5,AM,2.0-20.0,971.2537648875109,4531.531142498037,855.1852655870728,4423.532115627227,0.7752735878913326,2.922870062557994,1.4631528967033791,,,2.49,236.70959536996122,18.687591048911823
787,,AM,R3130,00,EHZ,61.1981981981982,-149.90658980942584,2026-09-13T21:42:59.995000Z,2026-09-13T21:43:59.995000Z,100.0,100.0,60.0,,traffic,1,Traffic,timeofday:America/Anchorage:day7-19:night1-5,AM,2.0-20.0,1581.2045554539538,8589.542464077016,1267.853108257491,6073.714958689137,0.6429271496642984,3.7301361721544497,1.1277399348266055,,,2.49,236.70959536996122,25.658930087714985
788,,AM,R3130,00,EHZ,61.1981981981982,-149.90658980942584,2026-09-13T21:43:59.995000Z,2026-09-13T21:44:59.995000Z,100.0,100.0,60.0,,traffic,1,Traffic,timeofday:America/Anchorage:day7-19:night1-5,AM,2.0-20.0,829.4227765737559,5601.457003473402,788.9312179061311,5416.539806540812,0.9047453678394429,3.502652720351519,3.5862435911831714,,,2.49,236.70959536996122,22.882637258853507
789,,AM,R3130,00,EHZ,61.1981981981982,-149.90658980942584,2026-09-13T21:45:59.995000Z,2026-09-13T21:46:59.995000Z,100.0,100.0,60.0,,traffic,1,Traffic,timeofday:America/Anchorage:day7-19:night1-5,AM,2.0-20.0,701.2030401601307,4880.548502942684,647.6191582106597,4859.714235563966,0.8530054282045145,3.2459663084743666,2.4454881727795597,,,2.49,236.70959536996122,20.530279847627465
790,,AM,R3130,00,EHZ,61.1981981981982,-149.90658980942584,2026-09-13T21:47:59.995000Z,2026-09-13T21:48:59.995000Z,100.0,100.0,60.0,,traffic,1,Traffic,timeofday:America/Anchorage:day7-19:night1-5,AM,2.0-20.0,1078.7528040932934,9076.553680645105,964.7017647476397,7469.09432623806,0.7997279428606054,5.1447809642613045,3.1566216033026775,,,2.49,236.70959536996122,31.553829977041556
791,,AM,R3130,00,EHZ,61.1981981981982,-149.90658980942584,2026-09-13T21:50:59.995000Z,2026-09-13T21:51:59.995000Z,100.0,100.0,60.0,,traffic,1,Traffic,timeofday:America/Anchorage:day7-19:night1-5,AM,2.0-20.0,800.4122349843782,3709.5596514755493,747.9749829146456,3569.7655443541826,0.8732663143509121,3.93944627125503,1.6580370474997599,,,2.49,236.70959536996122,15.080780898530447
792,,AM,R3130,00,EHZ,61.1981981981982,-149.90658980942584,2026-09-13T21:51:59.995000Z,2026-09-13T21:52:59.995000Z,100.0,100.0,60.0,,traffic,1,Traffic,timeofday:America/Anchorage:day7-19:night1-5,AM,2.0-20.0,805.1653865123191,6143.560819167062,775.8042823077421,6392.588939569843,0.9283979050521661,3.8152869800532843,4.193390530494945,,,2.49,236.70959536996122,27.0060405856326
793,,AM,R3130,00,EHZ,61.1981981981982,-149.90658980942584,2026-09-13T21:53:59.995000Z,2026-09-13T21:54:59.995000Z,100.0,100.0,60.0,,traffic,1,Traffic,timeofday:America/Anchorage:day7-19:night1-5,AM,2.0-20.0,662.7625468684047,3296.434210933757,629.3172595743456,3234.7369310325503,0.9016196521975115,4.511254934162231,1.198259556028436,,,2.49,236.70959536996122,13.665423769479531
794,,AM,R3130,00,EHZ,61.1981981981982,-149.90658980942584,2026-09-13T21:56:59.995000Z,2026-09-13T21:57:59.995000Z,100.0,100.0,60.0,,traffic,1,Traffic,timeofday:America/Anchorage:day7-19:night1-5,AM,2.0-20.0,634.8194353492593,4770.5717865191655,600.4455339934603,4028.418746712573,0.8946369041366133,4.499027612235434,3.432205565730439,,,2.49,236.70959536996122,17.018400713399153
795,,AM,R3130,00,EHZ,61.1981981981982,-149.90658980942584,2026-09-13T22:01:59.995000Z,2026-09-13T22:02:59.995000Z,100.0,100.0,60.0,,traffic,1,Traffic,timeofday:America/Anchorage:day7-19:night1-5,AM,2.0-20.0,1048.2691692457263,8223.583710801491,823.2874815167967,6622.1718743593365,0.6168185098509872,4.214756060782843,5.118822206301338,,,2.49,236.70959536996122,27.975933396402144
796,,AM,R3130,00,EHZ,61.1981981981982,-149.90658980942584,2026-09-13T22:02:59.995000Z,2026-09-13T22:03:59.995000Z,100.0,100.0,60.0,,traffic,1,Traffic,timeofday:America/Anchorage:day7-19:night1-5,AM,2.0-20.0,555.2286224054818,4017.58660266828,509.5633839028145,3012.407421401635,0.8422727178311885,3.174626443448748,2.5147522049983584,,,2.49,236.70959536996122,12.726173675779574
797,,AM,R3130,00,EHZ,61.1981981981982,-149.90658980942584,2026-09-13T22:05:59.995000Z,2026-09-13T22:06:59.995000Z,100.0,100.0,60.0,,traffic,1,Traffic,timeofday:America/Anchorage:day7-19:night1-5,AM,2.0-20.0,917.3673913855488,5298.406522816016,873.6175839507372,5938.325820901375,0.9068931806238064,3.740726321546861,2.5952318361995363,,,2.49,236.70959536996122,25.086967056067877
798,,AM,R3130,00,EHZ,61.1981981981982,-149.90658980942584,2026-09-13T22:06:59.995000Z,2026-09-13T22:07:59.995000Z,100.0,100.0,60.0,,traffic,1,Traffic,timeofday:America/Anchorage:day7-19:night1-5,AM,2.0-20.0,793.6700147023222,4825.594267353954,758.0876019886065,5016.872682187769,0.9123444673801833,4.895864248008012,2.6060122713077023,,,2.49,236.70959536996122,21.194209192689183
799,,AM,R3130,00,EHZ,61.1981981981982,-149.90658980942584,2026-09-13T22:09:59.995000Z,2026-09-13T22:10:59.995000Z,100.0,100.0,60.0,,traffic,1,Traffic,timeofday:America/Anchorage:day7-19:night1-5,AM,2.0-20.0,776.5227499964908,5494.602056277863,744.564153116975,5622.92247781758,0.9193817506928336,4.240354452398191,4.329261554545559,,,2.49,236.70959536996122,23.754518565372603
800,,AM,R3130,00,EHZ,61.1981981981982,-149.90658980942584,2026-09-13T22:13:59.995000Z,2026-09-13T22:14:59.995000Z,100.0,100.0,60.0,,traffic,1,Traffic,timeofday:America/Anchorage:day7-19:night1-5,AM,2.0-20.0,999.245077713006,8619.60951833689,860.2206660621074,8402.133178673088,0.7410981149304642,4.855850956456922,7.294595694449976,,,2.49,236.70959536996122,35.49553268231952
801,,AM,R3130,00,EHZ,61.1981981981982,-149.90658980942584,2026-09-13T22:14:59.995000Z,2026-09-13T22:15:59.995000Z,100.0,100.0,60.0,,traffic,1,Traffic,timeofday:America/Anchorage:day7-19:night1-5,AM,2.0-20.0,504.8122289839582,3152.3864638873106,470.4105416459783,3469.070551503354,0.868349096659269,3.411148149312475,2.5296083561325826,,,2.49,236.70959536996122,14.655386259612458
802,,AM,R3130,00,EHZ,61.1981981981982,-149.90658980942584,2026-09-13T22:24:59.995000Z,2026-09-13T22:25:59.995000Z,100.0,100.0,60.0,,traffic,1,Traffic,timeofday:America/Anchorage:day7-19:night1-5,AM,2.0-20.0,568.026241259573,2942.3640248350252,511.88278191192205,2342.7962227116423,0.8120901526038797,2.9173986738132545,1.1907471930699929,,,2.49,236.70959536996122,9.897343701044349
803,,AM,R3130,00,EHZ,61.1981981981982,-149.90658980942584,2026-09-13T22:27:59.995000Z,2026-09-13T22:28:59.995000Z,100.0,100.0,60.0,,traffic,1,Traffic,timeofday:America/Anchorage:day7-19:night1-5,AM,2.0-20.0,1069.8139688762583,6664.641117370758,867.8216824424328,5386.864232891279,0.6580281379092535,6.614414545584896,5.200042275089082,,,2.49,236.70959536996122,22.75727025122058
804,,AM,R3130,00,EHZ,61.1981981981982,-149.90658980942584,2026-09-13T22:29:59.995000Z,2026-09-13T22:30:59.995000Z,100.0,100.0,60.0,,traffic,1,Traffic,timeofday:America/Anchorage:day7-19:night1-5,AM,2.0-20.0,862.5014223038089,7780.646027369363,832.9244038586488,6484.169701353712,0.9325916732812909,4.9092091566479965,5.932282010291077,,,2.49,236.70959536996122,27.39293137322714
805,,AM,R3130,00,EHZ,61.1981981981982,-149.90658980942584,2026-09-13T22:30:59.995000Z,2026-09-13T22:31:59.995000Z,100.0,100.0,60.0,,traffic,1,Traffic,timeofday:America/Anchorage:day7-19:night1-5,AM,2.0-20.0,947.3907858809512,6351.351706392108,862.3499074049969,5681.792617292354,0.8285309362173908,5.0748685083942835,3.259880670552292,,,2.49,236.70959536996122,24.00322052180476
806,,AM,R3130,00,EHZ,61.1981981981982,-149.90658980942584,2026-09-13T22:32:59.995000Z,2026-09-13T22:33:59.995000Z,100.0,100.0,60.0,,traffic,1,Traffic,timeofday:America/Anchorage:day7-19:night1-5,AM,2.0-20.0,560.1681639099389,2955.3466828782107,513.2553508518438,2871.8923191527674,0.8395182192954745,3.27106042741814,1.4714695272011422,,,2.49,236.70959536996122,12.132555567357514
807,,AM,R3130,00,EHZ,61.1981981981982,-149.90658980942584,2026-09-13T22:36:59.995000Z,2026-09-13T22:37:59.995000Z,100.0,100.0,60.0,,traffic,1,Traffic,timeofday:America/Anchorage:day7-19:night1-5,AM,2.0-20.0,705.9325272355625,5086.662558080079,674.4492103816744,4676.849936026734,0.9127926080569402,4.9367959725108355,2.9683441216819446,,,2.49,236.70959536996122,19.757753920862953
808,,AM,R3130,00,EHZ,61.1981981981982,-149.90658980942584,2026-09-13T22:37:59.995000Z,2026-09-13T22:38:59.995000Z,100.0,100.0,60.0,,traffic,1,Traffic,timeofday:America/Anchorage:day7-19:night1-5,AM,2.0-20.0,769.7693918213317,6352.3369597572455,739.9775288068568,5968.470190229063,0.9240932253623851,3.410962613130557,6.363204076078063,,,2.49,236.70959536996122,25.2143145312751
809,,AM,R3130,00,EHZ,61.1981981981982,-149.90658980942584,2026-09-13T22:38:59.995000Z,2026-09-13T22:39:59.995000Z,100.0,100.0,60.0,,traffic,1,Traffic,timeofday:America/Anchorage:day7-19:night1-5,AM,2.0-20.0,1186.5211605458464,7024.334307862526,1073.82731434166,6727.82617115931,0.8190641501499765,4.726404072754346,3.668518582108918,,,2.49,236.70959536996122,28.422279040459554
810,,AM,R3130,00,EHZ,61.1981981981982,-149.90658980942584,2026-09-13T22:39:59.995000Z,2026-09-13T22:40:59.995000Z,100.0,100.0,60.0,,traffic,1,Traffic,timeofday:America/Anchorage:day7-19:night1-5,AM,2.0-20.0,929.8155887972987,5913.667772388408,899.562113985494,5795.696467472706,0.935984521107278,7.251196103191321,3.7847747734777446,,,2.49,236.70959536996122,24.484417112092228
811,,AM,R3130,00,EHZ,61.1981981981982,-149.90658980942584,2026-09-13T22:42:59.995000Z,2026-09-13T22:43:59.995000Z,100.0,100.0,60.0,,traffic,1,Traffic,timeofday:America/Anchorage:day7-19:night1-5,AM,2.0-20.0,709.6553284517432,4885.675680004204,639.9175138418241,4213.958505472012,0.8131170297924023,3.533646954222935,2.158574109288036,,,2.49,236.70959536996122,17.802229347255135
812,,AM,R3130,00,EHZ,61.1981981981982,-149.90658980942584,2026-09-13T22:45:59.995000Z,2026-09-13T22:46:59.995000Z,100.0,100.0,60.0,,traffic,1,Traffic,timeofday:America/Anchorage:day7-19:night1-5,AM,2.0-20.0,661.5275598675673,3478.3183107106593,627.1267715438877,3292.674095378286,0.898700115843673,3.9359554911073893,1.3011931513222112,,,2.49,236.70959536996122,13.91018429241137
813,,AM,R3130,00,EHZ,61.1981981981982,-149.90658980942584,2026-09-13T22:46:59.995000Z,2026-09-13T22:47:59.995000Z,100.0,100.0,60.0,,traffic,1,Traffic,timeofday:America/Anchorage:day7-19:night1-5,AM,2.0-20.0,500.98879699591726,2918.684232475604,459.13653959685246,3026.0170785619734,0.8399002000459737,3.7884790341043217,3.372132774642127,,,2.49,236.70959536996122,12.783668840430874
814,,AM,R3130,00,EHZ,61.1981981981982,-149.90658980942584,2026-09-13T22:49:59.995000Z,2026-09-13T22:50:59.995000Z,100.0,100.0,60.0,,traffic,1,Traffic,timeofday:America/Anchorage:day7-19:night1-5,AM,2.0-20.0,999.560678932692,6675.689358042337,929.5732994489483,5675.143775429229,0.8648662600635209,3.9718436133331547,2.158265695675329,,,2.49,236.70959536996122,23.975131918752005
815,,AM,R3130,00,EHZ,61.1981981981982,-149.90658980942584,2026-09-13T22:53:59.995000Z,2026-09-13T22:54:59.995000Z,100.0,100.0,60.0,,traffic,1,Traffic,timeofday:America/Anchorage:day7-19:night1-5,AM,2.0-20.0,493.70499066018937,3194.3008533897696,459.3819758588418,3188.4533907916793,0.8657906034861732,4.239612730581918,2.930212685609405,,,2.49,236.70959536996122,13.469894981689865
816,,AM,R3130,00,EHZ,61.1981981981982,-149.90658980942584,2026-09-13T22:54:59.995000Z,2026-09-13T22:55:59.995000Z,100.0,100.0,60.0,,traffic,1,Traffic,timeofday:America/Anchorage:day7-19:night1-5,AM,2.0-20.0,875.2000158712186,6187.701787042493,848.6680174333133,5876.868158133482,0.9402883123868612,3.870376129412551,2.590714116291906,,,2.49,236.70959536996122,24.827333885423325
817,,AM,R3130,00,EHZ,61.1981981981982,-149.90658980942584,2026-09-13T22:59:59.995000Z,2026-09-13T23:00:59.995000Z,100.0,100.0,60.0,,traffic,1,Traffic,timeofday:America/Anchorage:day7-19:night1-5,AM,2.0-20.0,549.0243729818521,2865.713277230507,511.5564815529166,2579.576588308583,0.868168319902708,2.197895697526264,0.9854380876316831,,,2.49,236.70959536996122,10.897642675941707
818,,AM,R3130,00,EHZ,61.1981981981982,-149.90658980942584,2026-09-13T23:09:59.995000Z,2026-09-13T23:10:59.995000Z,100.0,100.0,60.0,,traffic,1,Traffic,timeofday:America/Anchorage:day7-19:night1-5,AM,2.0-20.0,454.96202743551055,3398.2645876571764,418.50220886626886,3818.431884723364,0.8461458094569437,3.5344106023130806,4.677861092157495,,,2.49,236.70959536996122,16.131293193904586
819,,AM,R3130,00,EHZ,61.1981981981982,-149.90658980942584,2026-09-13T23:10:59.995000Z,2026-09-13T23:11:59.995000Z,100.0,100.0,60.0,,traffic,1,Traffic,timeofday:America/Anchorage:day7-19:night1-5,AM,2.0-20.0,439.00370978474086,2171.2625362472622,407.0566891689923,1948.3602817719182,0.8597524286793561,2.5656982167644573,0.6900813793272884,,,2.49,236.70959536996122,8.231015218148473
820,,AM,R3130,00,EHZ,61.1981981981982,-149.90658980942584,2026-09-13T23:11:59.995000Z,2026-09-13T23:12:59.995000Z,100.0,100.0,60.0,,traffic,1,Traffic,timeofday:America/Anchorage:day7-19:night1-5,AM,2.0-20.0,481.43492051312796,3487.2614284563274,443.47244352145094,3539.311415841808,0.8485122195873696,5.573394142369791,4.512026533359569,,,2.49,236.70959536996122,14.952124819064059
821,,AM,R3130,00,EHZ,61.1981981981982,-149.90658980942584,2026-09-13T23:18:59.995000Z,2026-09-13T23:19:59.995000Z,100.0,100.0,60.0,,traffic,1,Traffic,timeofday:America/Anchorage:day7-19:night1-5,AM,2.0-20.0,916.000716929409,4707.246259559368,871.5640700331157,4261.460137987144,0.9053302033454831,2.5821074992207476,1.8721272559866362,,,2.49,236.70959536996122,18.002904070393797
822,,AM,R3130,00,EHZ,61.1981981981982,-149.90658980942584,2026-09-13T23:22:59.995000Z,2026-09-13T23:23:59.995000Z,100.0,100.0,60.0,,traffic,1,Traffic,timeofday:America/Anchorage:day7-19:night1-5,AM,2.0-20.0,819.7219575280764,5306.763723130769,786.1369873387614,6206.753779743044,0.9197362908870538,5.127817795909366,3.173733125867521,,,2.49,236.70959536996122,26.220964004616306
823,,AM,R3130,00,EHZ,61.1981981981982,-149.90658980942584,2026-09-13T23:32:59.995000Z,2026-09-13T23:33:59.995000Z,100.0,100.0,60.0,,traffic,1,Traffic,timeofday:America/Anchorage:day7-19:night1-5,AM,2.0-20.0,705.863535267082,4751.784778923413,624.8793192041386,4231.514642847667,0.7837017371413165,3.9543959350656506,4.214508431367193,,,2.49,236.70959536996122,17.876396756262007
824,,AM,R3130,00,EHZ,61.1981981981982,-149.90658980942584,2026-09-13T23:35:59.995000Z,2026-09-13T23:36:59.995000Z,100.0,100.0,60.0,,traffic,1,Traffic,timeofday:America/Anchorage:day7-19:night1-5,AM,2.0-20.0,544.175902958783,3363.79237816216,495.04061862402864,3853.9985933756593,0.8275667939898007,3.749781341449208,2.970785530127758,,,2.49,236.70959536996122,16.281547806932448
825,,AM,R3130,00,EHZ,61.1981981981982,-149.90658980942584,2026-09-13T23:46:59.995000Z,2026-09-13T23:47:59.995000Z,100.0,100.0,60.0,,traffic,1,Traffic,timeofday:America/Anchorage:day7-19:night1-5,AM,2.0-20.0,561.9475153266706,3024.817644004063,497.8746921807906,3006.0654771530167,0.7849619243433646,4.177065227635982,2.0153140144474797,,,2.49,236.70959536996122,12.69938158803718
826,,AM,R3130,00,EHZ,61.1981981981982,-149.90658980942584,2026-09-13T23:47:59.995000Z,2026-09-13T23:48:59.995000Z,100.0,100.0,60.0,,traffic,1,Traffic,timeofday:America/Anchorage:day7-19:night1-5,AM,2.0-20.0,642.7101462641815,3834.1809686689735,590.0149279244114,3475.7086149482047,0.8427440356959656,3.711257843553703,1.9091990726324184,,,2.49,236.70959536996122,14.68342932831221
827,,AM,R3130,00,EHZ,61.1981981981982,-149.90658980942584,2026-09-13T23:51:59.995000Z,2026-09-13T23:52:59.995000Z,100.0,100.0,60.0,,traffic,1,Traffic,timeofday:America/Anchorage:day7-19:night1-5,AM,2.0-20.0,773.2477144764921,7940.828402073901,720.3571188371021,8457.624875487376,0.8678774709457038,5.3891162214155655,8.97724975396398,,,2.49,236.70959536996122,35.72996211779533
828,,AM,R3130,00,EHZ,61.1981981981982,-149.90658980942584,2026-09-13T23:54:59.995000Z,2026-09-13T23:55:59.995000Z,100.0,100.0,60.0,,traffic,1,Traffic,timeofday:America/Anchorage:day7-19:night1-5,AM,2.0-20.0,912.3987166916678,5277.1660933587955,723.0209605372189,4359.603216216047,0.627960669801198,5.083592093910379,2.74286081754843,,,2.49,236.70959536996122,18.41751792698678
829,,AM,R3130,00,EHZ,61.1981981981982,-149.90658980942584,2026-09-13T23:57:59.995000Z,2026-09-13T23:58:59.995000Z,100.0,100.0,60.0,,traffic,1,Traffic,timeofday:America/Anchorage:day7-19:night1-5,AM,2.0-20.0,895.0166674056059,4570.158187591784,780.20419208213,4659.258660814193,0.7598962702632042,5.265137497336419,2.588400274867219,,,2.49,236.70959536996122,19.683438069048634
830,,AM,R3130,00,EHZ,61.1981981981982,-149.90658980942584,2026-09-13T23:59:59.995000Z,2026-09-14T00:00:59.995000Z,100.0,100.0,60.0,,traffic,1,Traffic,timeofday:America/Anchorage:day7-19:night1-5,AM,2.0-20.0,620.1038874714887,4040.846116745423,580.4180756854905,3616.215878258089,0.8760985268151947,4.094745100119304,1.9630759055639366,,,2.49,236.70959536996122,15.277014320463799
831,,AM,R3130,00,EHZ,61.1981981981982,-149.90658980942584,2026-09-14T00:03:59.995000Z,2026-09-14T00:04:59.995000Z,100.0,100.0,60.0,,traffic,1,Traffic,timeofday:America/Anchorage:day7-19:night1-5,AM,2.0-20.0,504.4106964722695,2556.1445823957106,464.3195360694226,2599.459547269081,0.8473548868690396,3.275255526535026,1.5381870749898514,,,2.49,236.70959536996122,10.981639942421008
832,,AM,R3130,00,EHZ,61.1981981981982,-149.90658980942584,2026-09-14T00:06:59.995000Z,2026-09-14T00:07:59.995000Z,100.0,100.0,60.0,,traffic,1,Traffic,timeofday:America/Anchorage:day7-19:night1-5,AM,2.0-20.0,659.1534054030222,4912.860198188064,609.7644146995355,5022.257362753279,0.8557583614035346,3.0439458528388235,2.9117128699626162,,,2.49,236.70959536996122,21.21695723785015
833,,AM,R3130,00,EHZ,61.1981981981982,-149.90658980942584,2026-09-14T00:07:59.995000Z,2026-09-14T00:08:59.995000Z,100.0,100.0,60.0,,traffic,1,Traffic,timeofday:America/Anchorage:day7-19:night1-5,AM,2.0-20.0,816.9956225451722,5384.137341451162,771.7367581146298,4926.4760606654345,0.8922753873710894,4.240619094359356,1.4723206904303092,,,2.49,236.70959536996122,20.812320907252126
834,,AM,R3130,00,EHZ,61.1981981981982,-149.90658980942584,2026-09-14T00:08:59.995000Z,2026-09-14T00:09:59.995000Z,100.0,100.0,60.0,,traffic,1,Traffic,timeofday:America/Anchorage:day7-19:night1-5,AM,2.0-20.0,1249.0607618863132,15929.866108748174,1221.2735509639965,16646.87152071053,0.9560019370045766,7.703295734678162,26.20001690307998,,,2.49,236.70959536996122,70.32613736968536
835,,AM,R3130,00,EHZ,61.1981981981982,-149.90658980942584,2026-09-14T00:17:59.995000Z,2026-09-14T00:18:59.995000Z,100.0,100.0,60.0,,traffic,1,Traffic,timeofday:America/Anchorage:day7-19:night1-5,AM,2.0-20.0,591.5790757658729,3867.884678297078,545.4475646205452,3587.856576037251,0.8501203354691603,3.385482764526736,3.278586553615477,,,2.49,236.70959536996122,15.157208014443487
836,,AM,R3130,00,EHZ,61.1981981981982,-149.90658980942584,2026-09-14T00:22:59.995000Z,2026-09-14T00:23:59.995000Z,100.0,100.0,60.0,,traffic,1,Traffic,timeofday:America/Anchorage:day7-19:night1-5,AM,2.0-20.0,666.8307271786642,5522.102418304978,638.2974067725368,5921.153779059968,0.9162520360349409,4.867810634328524,7.009030499063988,,,2.49,236.70959536996122,25.014422291608422
837,,AM,R3130,00,EHZ,61.1981981981982,-149.90658980942584,2026-09-14T00:27:59.995000Z,2026-09-14T00:28:59.995000Z,100.0,100.0,60.0,,traffic,1,Traffic,timeofday:America/Anchorage:day7-19:night1-5,AM,2.0-20.0,520.1666483530075,3700.9074771225883,480.67074316118743,3435.1776693103934,0.8539066028201598,4.689265998810708,3.117775516549246,,,2.49,236.70959536996122,14.512202870109432
838,,AM,R3130,00,EHZ,61.1981981981982,-149.90658980942584,2026-09-14T00:28:59.995000Z,2026-09-14T00:29:59.995000Z,100.0,100.0,60.0,,traffic,1,Traffic,timeofday:America/Anchorage:day7-19:night1-5,AM,2.0-20.0,918.5725433396784,8084.90940947086,891.6981963588864,7860.609497230551,0.942342669364194,8.215414296885577,10.625119014152931,,,2.49,236.70959536996122,33.20781941663559
839,,AM,R3130,00,EHZ,61.1981981981982,-149.90658980942584,2026-09-14T00:29:59.995000Z,2026-09-14T00:30:59.995000Z,100.0,100.0,60.0,,traffic,1,Traffic,timeofday:America/Anchorage:day7-19:night1-5,AM,2.0-20.0,531.6235484669967,2829.0884148809905,480.4992784870531,2926.8224960469825,0.8169153561301923,3.5108217756515443,1.984081350633497,,,2.49,236.70959536996122,12.364612813741475
840,,AM,R3130,00,EHZ,61.1981981981982,-149.90658980942584,2026-09-14T00:30:59.995000Z,2026-09-14T00:31:59.995000Z,100.0,100.0,60.0,,traffic,1,Traffic,timeofday:America/Anchorage:day7-19:night1-5,AM,2.0-20.0,1407.3168830094326,6905.085985949532,1234.5880776236452,6061.7292637554565,0.7695916763378968,3.4483847704317028,1.9637401503093521,,,2.49,236.70959536996122,25.60829549085824
841,,AM,R3130,00,EHZ,61.1981981981982,-149.90658980942584,2026-09-14T00:31:59.995000Z,2026-09-14T00:32:59.995000Z,100.0,100.0,60.0,,traffic,1,Traffic,timeofday:America/Anchorage:day7-19:night1-5,AM,2.0-20.0,525.4845050384503,2784.083138083786,481.4814828570338,2507.7446859016163,0.8395360502080952,3.355105695142968,0.924364418808457,,,2.49,236.70959536996122,10.594182639627174
842,,AM,R3130,00,EHZ,61.1981981981982,-149.90658980942584,2026-09-14T00:33:59.995000Z,2026-09-14T00:34:59.995000Z,100.0,100.0,60.0,,traffic,1,Traffic,timeofday:America/Anchorage:day7-19:night1-5,AM,2.0-20.0,459.6175858678111,3305.0788514948995,420.92970370541565,3320.0065703013056,0.8387371367849134,4.823232011928223,3.784393058441882,,,2.49,236.70959536996122,14.025652678389983
843,,AM,R3130,00,EHZ,61.1981981981982,-149.90658980942584,2026-09-14T00:34:59.995000Z,2026-09-14T00:35:59.995000Z,100.0,100.0,60.0,,traffic,1,Traffic,timeofday:America/Anchorage:day7-19:night1-5,AM,2.0-20.0,972.4985162925415,8000.922544706225,936.0599469131284,7259.234933270465,0.9264658814767628,6.938245299021883,6.629956935334734,,,2.49,236.70959536996122,30.66726096136816
844,,AM,R3130,00,EHZ,61.1981981981982,-149.90658980942584,2026-09-14T00:46:59.995000Z,2026-09-14T00:47:59.995000Z,100.0,100.0,60.0,,traffic,1,Traffic,timeofday:America/Anchorage:day7-19:night1-5,AM,2.0-20.0,661.5508074395642,9292.949187521906,629.2605215430851,8731.033792341892,0.90476244202285,6.476647159789739,24.040607803773476,,,2.49,236.70959536996122,36.88500155093363
845,,AM,R3130,00,EHZ,61.1981981981982,-149.90658980942584,2026-09-14T00:48:59.995000Z,2026-09-14T00:49:59.995000Z,100.0,100.0,60.0,,traffic,1,Traffic,timeofday:America/Anchorage:day7-19:night1-5,AM,2.0-20.0,1053.5170565233761,9229.954601129073,1014.1860530414431,10094.751794503001,0.9267276592998293,4.9483173396997735,5.451543970962639,,,2.49,236.70959536996122,42.64614528500875
846,,AM,R3130,00,EHZ,61.1981981981982,-149.90658980942584,2026-09-14T00:49:59.995000Z,2026-09-14T00:50:59.995000Z,100.0,100.0,60.0,,traffic,1,Traffic,timeofday:America/Anchorage:day7-19:night1-5,AM,2.0-20.0,816.6435453198451,7113.955931883269,788.8325075386161,6754.847611278137,0.9330491709044381,3.6305926071074652,6.910397944860991,,,2.49,236.70959536996122,28.53643343321492
847,,AM,R3130,00,EHZ,61.1981981981982,-149.90658980942584,2026-09-14T00:50:59.995000Z,2026-09-14T00:51:59.995000Z,100.0,100.0,60.0,,traffic,1,Traffic,timeofday:America/Anchorage:day7-19:night1-5,AM,2.0-20.0,680.7502002915045,8057.95906113383,645.1216704376919,8106.2088983557405,0.8980648647173318,5.254547506141662,9.615360940577013,,,2.49,236.70959536996122,34.245375163969506
848,,AM,R3130,00,EHZ,61.1981981981982,-149.90658980942584,2026-09-14T00:55:59.995000Z,2026-09-14T00:56:59.995000Z,100.0,100.0,60.0,,traffic,1,Traffic,timeofday:America/Anchorage:day7-19:night1-5,AM,2.0-20.0,830.9738454714759,8075.970504362747,785.0727037280367,7642.254419042562,0.8925756721639702,4.287411767782294,7.241224196477239,,,2.49,236.70959536996122,32.28535964965101
849,,AM,R3130,00,EHZ,61.1981981981982,-149.90658980942584,2026-09-14T00:58:59.995000Z,2026-09-14T00:59:59.995000Z,100.0,100.0,60.0,,traffic,1,Traffic,timeofday:America/Anchorage:day7-19:night1-5,AM,2.0-20.0,737.035218958073,4616.975827379534,700.8442914480062,4591.126719411403,0.9042043636582183,3.8044067022497012,3.120307294730547,,,2.49,236.70959536996122,19.395608835525998
850,,AM,R3130,00,EHZ,61.1981981981982,-149.90658980942584,2026-09-14T01:01:59.995000Z,2026-09-14T01:02:59.995000Z,100.0,100.0,60.0,,traffic,1,Traffic,timeofday:America/Anchorage:day7-19:night1-5,AM,2.0-20.0,709.5789494593708,5786.982815780288,663.2083910597107,5013.082330422329,0.8735717446076051,5.170652049683444,4.840690669905356,,,2.49,236.70959536996122,21.178196526369018
851,,AM,R3130,00,EHZ,61.1981981981982,-149.90658980942584,2026-09-14T01:03:59.995000Z,2026-09-14T01:04:59.995000Z,100.0,100.0,60.0,,traffic,1,Traffic,timeofday:America/Anchorage:day7-19:night1-5,AM,2.0-20.0,861.8970601171825,6950.013187150285,818.8197150979443,6917.384626365662,0.902538595711442,5.0857962317855145,5.472418062462529,,,2.49,236.70959536996122,29.223085002339065
852,,AM,R3130,00,EHZ,61.1981981981982,-149.90658980942584,2026-09-14T01:08:59.995000Z,2026-09-14T01:09:59.995000Z,100.0,100.0,60.0,,traffic,1,Traffic,timeofday:America/Anchorage:day7-19:night1-5,AM,2.0-20.0,586.2030327220875,5528.000357703673,551.7733803980311,5051.804509802037,0.8859829563969086,5.159150218180608,6.354604256835334,,,2.49,236.70959536996122,21.34178169628656
853,,AM,R3130,00,EHZ,61.1981981981982,-149.90658980942584,2026-09-14T01:12:59.995000Z,2026-09-14T01:13:59.995000Z,100.0,100.0,60.0,,traffic,1,Traffic,timeofday:America/Anchorage:day7-19:night1-5,AM,2.0-20.0,564.1653148426877,3869.0068958126035,529.0043571021109,4281.044860165935,0.8792365513653486,3.412788572315653,3.5835696929092204,,,2.49,236.70959536996122,18.085641409994167
854,,AM,R3130,00,EHZ,61.1981981981982,-149.90658980942584,2026-09-14T01:15:59.995000Z,2026-09-14T01:16:59.995000Z,100.0,100.0,60.0,,traffic,1,Traffic,timeofday:America/Anchorage:day7-19:night1-5,AM,2.0-20.0,552.1636136677001,4126.985094149008,524.246612861707,3983.749015158007,0.9014376599650359,3.494346102814248,5.088205844786058,,,2.49,236.70959536996122,16.82968959890145
855,,AM,R3130,00,EHZ,61.1981981981982,-149.90658980942584,2026-09-14T01:16:59.995000Z,2026-09-14T01:17:59.995000Z,100.0,100.0,60.0,,traffic,1,Traffic,timeofday:America/Anchorage:day7-19:night1-5,AM,2.0-20.0,504.9086871259299,4035.016620042838,473.3972549242189,3859.522974486492,0.8790747071323828,2.878955294734718,3.344913739388206,,,2.49,236.70959536996122,16.304886029036197
856,,AM,R3130,00,EHZ,61.1981981981982,-149.90658980942584,2026-09-14T01:19:59.995000Z,2026-09-14T01:20:59.995000Z,100.0,100.0,60.0,,traffic,1,Traffic,timeofday:America/Anchorage:day7-19:night1-5,AM,2.0-20.0,719.5615067593048,3621.9765834601108,683.0233583749934,3601.43192663142,0.9010217346350761,3.043058273444032,1.4678437863274274,,,2.49,236.70959536996122,15.214558248061822
857,,AM,R3130,00,EHZ,61.1981981981982,-149.90658980942584,2026-09-14T01:31:59.995000Z,2026-09-14T01:32:59.995000Z,100.0,100.0,60.0,,traffic,1,Traffic,timeofday:America/Anchorage:day7-19:night1-5,AM,2.0-20.0,384.6095028549646,1719.9508010681616,330.08565728515373,1482.4289482536324,0.736568746039123,3.097160874633987,0.9027749422917939,,,2.49,236.70959536996122,6.262648313587353
858,,AM,R3130,00,EHZ,61.1981981981982,-149.90658980942584,2026-09-14T01:39:59.995000Z,2026-09-14T01:40:59.995000Z,100.0,100.0,60.0,,traffic,1,Traffic,timeofday:America/Anchorage:day7-19:night1-5,AM,2.0-20.0,507.68195428358104,4613.0680971944075,465.82274042761844,4066.0797467600464,0.8418949780214425,5.089654116807408,4.89435521376543,,,2.49,236.70959536996122,17.17750284015752
859,,AM,R3130,00,EHZ,61.1981981981982,-149.90658980942584,2026-09-14T01:40:59.995000Z,2026-09-14T01:41:59.995000Z,100.0,100.0,60.0,,traffic,1,Traffic,timeofday:America/Anchorage:day7-19:night1-5,AM,2.0-20.0,410.0689693755776,1947.0687952949688,376.7465897457743,1627.8820345165243,0.8440824026427063,2.2780308542152943,0.613638277630697,,,2.49,236.70959536996122,6.877127359253239
860,,AM,R3130,00,EHZ,61.1981981981982,-149.90658980942584,2026-09-14T01:41:59.995000Z,2026-09-14T01:42:59.995000Z,100.0,100.0,60.0,,traffic,1,Traffic,timeofday:America/Anchorage:day7-19:night1-5,AM,2.0-20.0,429.6221700264122,3347.9271799038556,399.54763442536586,3074.4603905032486,0.8648957411921855,4.534272205420166,1.7550405952980022,,,2.49,236.70959536996122,12.988321769119977
861,,AM,R3130,00,EHZ,61.1981981981982,-149.90658980942584,2026-09-14T01:42:59.995000Z,2026-09-14T01:43:59.995000Z,100.0,100.0,60.0,,traffic,1,Traffic,timeofday:America/Anchorage:day7-19:night1-5,AM,2.0-20.0,710.0635703044381,4859.074224431915,674.5503221549196,4075.344674309071,0.9024730557049215,2.6416605125116877,1.4343624760985296,,,2.49,236.70959536996122,17.21664332170219
862,,AM,R3130,00,EHZ,61.1981981981982,-149.90658980942584,2026-09-14T01:46:59.995000Z,2026-09-14T01:47:59.995000Z,100.0,100.0,60.0,,traffic,1,Traffic,timeofday:America/Anchorage:day7-19:night1-5,AM,2.0-20.0,441.3239403983072,2477.9161711390057,410.4074035682086,2306.1814161582133,0.8647994385530184,2.296871436381017,1.659926552355449,,,2.49,236.70959536996122,9.742661308485642
863,,AM,R3130,00,EHZ,61.1981981981982,-149.90658980942584,2026-09-14T01:48:59.995000Z,2026-09-14T01:49:59.995000Z,100.0,100.0,60.0,,traffic,1,Traffic,timeofday:America/Anchorage:day7-19:night1-5,AM,2.0-20.0,427.98121356889186,2337.9114171777087,388.5436654393064,2183.3652204009513,0.8241955285555655,2.8853217785564778,1.4010974926378532,,,2.49,236.70959536996122,9.223813749453198
864,,AM,R3130,00,EHZ,61.1981981981982,-149.90658980942584,2026-09-14T01:53:59.995000Z,2026-09-14T01:54:59.995000Z,100.0,100.0,60.0,,traffic,1,Traffic,timeofday:America/Anchorage:day7-19:night1-5,AM,2.0-20.0,479.87983924671795,4056.9003914040527,452.2367460036723,4027.285230701881,0.8881098477573475,4.512009668675886,7.4973345365046224,,,2.49,236.70959536996122,17.013612077733917
865,,AM,R3130,00,EHZ,61.1981981981982,-149.90658980942584,2026-09-14T01:59:59.995000Z,2026-09-14T02:00:59.995000Z,100.0,100.0,60.0,,traffic,1,Traffic,timeofday:America/Anchorage:day7-19:night1-5,AM,2.0-20.0,713.668397374278,6745.112550448583,682.3045660636856,5944.18867725383,0.9140366790371994,4.894952051545175,5.523550944792136,,,2.49,236.70959536996122,25.111735195877724
866,,AM,R3130,00,EHZ,61.1981981981982,-149.90658980942584,2026-09-14T02:05:59.995000Z,2026-09-14T02:06:59.995000Z,100.0,100.0,60.0,,traffic,1,Traffic,timeofday:America/Anchorage:day7-19:night1-5,AM,2.0-20.0,701.3857003620701,4796.1263301697945,658.1522169688576,5353.493109924941,0.8805193054484045,4.484524365082548,3.076074844563757,,,2.49,236.70959536996122,22.61629107834767
867,,AM,R3130,00,EHZ,61.1981981981982,-149.90658980942584,2026-09-14T02:06:59.995000Z,2026-09-14T02:07:59.995000Z,100.0,100.0,60.0,,traffic,1,Traffic,timeofday:America/Anchorage:day7-19:night1-5,AM,2.0-20.0,716.9974088869325,4509.873290090121,687.3781384222438,4480.212228223785,0.9190862286161465,3.583404196482978,2.4050595227153577,,,2.49,236.70959536996122,18.92704104884939
868,,AM,R3130,00,EHZ,61.1981981981982,-149.90658980942584,2026-09-14T02:07:59.995000Z,2026-09-14T02:08:59.995000Z,100.0,100.0,60.0,,traffic,1,Traffic,timeofday:America/Anchorage:day7-19:night1-5,AM,2.0-20.0,644.5320927306803,3118.1287982954586,613.0554616172815,3315.7941696399457,0.9047121821000873,2.5538526164666804,1.6598361797727827,,,2.49,236.70959536996122,14.007857030288873
869,,AM,R3130,00,EHZ,61.1981981981982,-149.90658980942584,2026-09-14T02:08:59.995000Z,2026-09-14T02:09:59.995000Z,100.0,100.0,60.0,,traffic,1,Traffic,timeofday:America/Anchorage:day7-19:night1-5,AM,2.0-20.0,1268.2189931284584,9642.132059549143,1233.8071638007275,9733.308834921765,0.9464682920535692,6.053419512511901,9.021073965940152,,,2.49,236.70959536996122,41.1191984833114
870,,AM,R3130,00,EHZ,61.1981981981982,-149.90658980942584,2026-09-14T02:19:59.995000Z,2026-09-14T02:20:59.995000Z,100.0,100.0,60.0,,traffic,1,Traffic,timeofday:America/Anchorage:day7-19:night1-5,AM,2.0-20.0,548.4118290944218,3800.8430011040778,515.1353462613567,3683.7003621578397,0.8823259914190812,5.260121927844689,2.3181851703682215,,,2.49,236.70959536996122,15.562108314200204
871,,AM,R3130,00,EHZ,61.1981981981982,-149.90658980942584,2026-09-14T02:28:59.995000Z,2026-09-14T02:29:59.995000Z,100.0,100.0,60.0,,traffic,1,Traffic,timeofday:America/Anchorage:day7-19:night1-5,AM,2.0-20.0,629.9549702621146,6391.822986176414,596.2445539565284,6407.860463823994,0.8958387350200655,6.8422563497313185,13.55449687716306,,,2.49,236.70959536996122,27.070556450442737
872,,AM,R3130,00,EHZ,61.1981981981982,-149.90658980942584,2026-09-14T02:38:59.995000Z,2026-09-14T02:39:59.995000Z,100.0,100.0,60.0,,traffic,1,Traffic,timeofday:America/Anchorage:day7-19:night1-5,AM,2.0-20.0,446.9871521292886,4606.800462449855,408.767097487277,3495.3270710493025,0.8362993938309446,4.930044685190288,9.132514208857701,,,2.49,236.70959536996122,14.766309179762404
873,,AM,R3130,00,EHZ,61.1981981981982,-149.90658980942584,2026-09-14T02:39:59.995000Z,2026-09-14T02:40:59.995000Z,100.0,100.0,60.0,,traffic,1,Traffic,timeofday:America/Anchorage:day7-19:night1-5,AM,2.0-20.0,409.7841344349877,2693.7991853103736,371.8424508010015,2414.250505118007,0.823393923931105,4.016142533690778,2.1501634502222755,,,2.49,236.70959536996122,10.199208449259082
874,,AM,R3130,00,EHZ,61.1981981981982,-149.90658980942584,2026-09-14T02:42:59.995000Z,2026-09-14T02:43:59.995000Z,100.0,100.0,60.0,,traffic,1,Traffic,timeofday:America/Anchorage:day7-19:night1-5,AM,2.0-20.0,442.75426624130307,2289.2078178806482,399.62945301647676,2099.6778186444144,0.8146845269450906,2.989731278600447,1.3619593157653505,,,2.49,236.70959536996122,8.870269138700351
875,,AM,R3130,00,EHZ,61.1981981981982,-149.90658980942584,2026-09-14T02:45:59.995000Z,2026-09-14T02:46:59.995000Z,100.0,100.0,60.0,,traffic,1,Traffic,timeofday:America/Anchorage:day7-19:night1-5,AM,2.0-20.0,645.8219652112447,3075.213775399851,614.2846371998372,3101.773171800697,0.904718944713147,3.764378687734503,1.7395685751312335,,,2.49,236.70959536996122,13.103706957687262
876,,AM,R3130,00,EHZ,61.1981981981982,-149.90658980942584,2026-09-14T02:47:59.995000Z,2026-09-14T02:48:59.995000Z,100.0,100.0,60.0,,traffic,1,Traffic,timeofday:America/Anchorage:day7-19:night1-5,AM,2.0-20.0,986.1652725515924,7350.781157824724,952.6953936744742,7672.334366196872,0.9332730412860512,4.267330311641157,5.947190994466338,,,2.49,236.70959536996122,32.4124349678581
877,,AM,R3130,00,EHZ,61.1981981981982,-149.90658980942584,2026-09-14T02:49:59.995000Z,2026-09-14T02:50:59.995000Z,100.0,100.0,60.0,,traffic,1,Traffic,timeofday:America/Anchorage:day7-19:night1-5,AM,2.0-20.0,348.67563557571737,1668.7764415786055,319.3787965979277,1516.203968043501,0.8390135175010147,2.7204507728446736,0.5762248285613221,,,2.49,236.70959536996122,6.405333783253593
878,,AM,R3130,00,EHZ,61.1981981981982,-149.90658980942584,2026-09-14T02:50:59.995000Z,2026-09-14T02:51:59.995000Z,100.0,100.0,60.0,,traffic,1,Traffic,timeofday:America/Anchorage:day7-19:night1-5,AM,2.0-20.0,1034.1038233904058,8569.773844038113,995.0361598983485,9104.653198310032,0.9258687780164988,4.788027122314331,8.17447039555536,,,2.49,236.70959536996122,38.46338879537211
879,,AM,R3130,00,EHZ,61.1981981981982,-149.90658980942584,2026-09-14T02:51:59.995000Z,2026-09-14T02:52:59.995000Z,100.0,100.0,60.0,,traffic,1,Traffic,timeofday:America/Anchorage:day7-19:night1-5,AM,2.0-20.0,782.6688054440443,5535.227483388273,755.033833881589,5351.17246151642,0.9306294188955959,4.174834843118668,7.416683528728635,,,2.49,236.70959536996122,22.606487299988395
880,,AM,R3130,00,EHZ,61.1981981981982,-149.90658980942584,2026-09-14T02:53:59.995000Z,2026-09-14T02:54:59.995000Z,100.0,100.0,60.0,,traffic,1,Traffic,timeofday:America/Anchorage:day7-19:night1-5,AM,2.0-20.0,463.6544845242957,2775.7684862642013,431.0171238895308,2843.6077742334505,0.8641718590649885,4.455699405277761,3.646522817741004,,,2.49,236.70959536996122,12.01306507997313
881,,AM,R3130,00,EHZ,61.1981981981982,-149.90658980942584,2026-09-14T02:55:59.995000Z,2026-09-14T02:56:59.995000Z,100.0,100.0,60.0,,traffic,1,Traffic,timeofday:America/Anchorage:day7-19:night1-5,AM,2.0-20.0,529.9974908921741,3529.7636583515737,503.1733736127479,3843.406702367433,0.9013379891584692,4.373926744344794,4.409225494143566,,,2.49,236.70959536996122,16.2368014543747
882,,AM,R3130,00,EHZ,61.1981981981982,-149.90658980942584,2026-09-14T02:59:59.995000Z,2026-09-14T03:00:59.995000Z,100.0,100.0,60.0,,traffic,1,Traffic,timeofday:America/Anchorage:day7-19:night1-5,AM,2.0-20.0,623.6826976129927,5118.75412528553,591.3666524740652,5087.724035559668,0.8990550187365475,5.838746285671721,4.940606099451834,,,2.49,236.70959536996122,21.493526815454594
883,,AM,R4017,00,EHZ,61.13513513513514,-149.931698481745,2026-09-13T09:00:59.998000Z,2026-09-13T09:01:59.998000Z,100.0,100.0,60.0,,noise,0,Noise,timeofday:America/Anchorage:day7-19:night1-5,AM,2.0-20.0,218.61338589709868,779.1451552567224,196.713883996113,698.2917766716091,0.8096858047010701,1.8770809375334556,-0.0839475883362133,,,2.41,216.84805143400808,3.2201893079224444
884,,AM,R4017,00,EHZ,61.13513513513514,-149.931698481745,2026-09-13T09:01:59.998000Z,2026-09-13T09:02:59.998000Z,100.0,100.0,60.0,,noise,0,Noise,timeofday:America/Anchorage:day7-19:night1-5,AM,2.0-20.0,227.0232069101548,1145.1442777242694,203.40470988329915,1086.785535338275,0.8027521943694428,3.2673858876321566,0.5397203090055749,,,2.41,216.84805143400808,5.011737611435301
885,,AM,R4017,00,EHZ,61.13513513513514,-149.931698481745,2026-09-13T09:02:59.998000Z,2026-09-13T09:03:59.998000Z,100.0,100.0,60.0,,noise,0,Noise,timeofday:America/Anchorage:day7-19:night1-5,AM,2.0-20.0,282.73338091110884,1956.8558888514642,262.17501634810645,1920.508026178816,0.859861362480102,4.239984406470798,5.7256398682275815,,,2.41,216.84805143400808,8.85646891211873
886,,AM,R4017,00,EHZ,61.13513513513514,-149.931698481745,2026-09-13T09:03:59.998000Z,2026-09-13T09:04:59.998000Z,100.0,100.0,60.0,,noise,0,Noise,timeofday:America/Anchorage:day7-19:night1-5,AM,2.0-20.0,222.38204299789587,846.1434821319773,193.3137950783822,741.4771082439756,0.7556597012607519,1.511379848229737,-0.17649772721517376,,,2.41,216.84805143400808,3.419339502202649
887,,AM,R4017,00,EHZ,61.13513513513514,-149.931698481745,2026-09-13T09:04:59.998000Z,2026-09-13T09:05:59.998000Z,100.0,100.0,60.0,,noise,0,Noise,timeofday:America/Anchorage:day7-19:night1-5,AM,2.0-20.0,212.21364902070377,720.1430316407597,189.8626072998514,678.5065131980242,0.800446398358064,1.5601088996599302,-0.22729902203933827,,,2.41,216.84805143400808,3.1289490899783785
888,,AM,R4017,00,EHZ,61.13513513513514,-149.931698481745,2026-09-13T09:05:59.998000Z,2026-09-13T09:06:59.998000Z,100.0,100.0,60.0,,noise,0,Noise,timeofday:America/Anchorage:day7-19:night1-5,AM,2.0-20.0,217.8012037723298,901.1420622850084,194.21583358027098,722.4451103111318,0.7951493620789654,1.8641398685080157,-0.09564330615993688,,,2.41,216.84805143400808,3.3315729864005195
889,,AM,R4017,00,EHZ,61.13513513513514,-149.931698481745,2026-09-13T09:06:59.998000Z,2026-09-13T09:07:59.998000Z,100.0,100.0,60.0,,noise,0,Noise,timeofday:America/Anchorage:day7-19:night1-5,AM,2.0-20.0,333.6414577522086,2880.8584709549987,317.72583047105553,2882.724334993543,0.9068699825290323,7.4366515536701385,14.939304116606827,,,2.41,216.84805143400808,13.293752542068948
890,,AM,R4017,00,EHZ,61.13513513513514,-149.931698481745,2026-09-13T09:07:59.998000Z,2026-09-13T09:08:59.998000Z,100.0,100.0,60.0,,noise,0,Noise,timeofday:America/Anchorage:day7-19:night1-5,AM,2.0-20.0,286.21725558035683,1059.8588554987589,256.8410247220055,1055.9389131692133,0.8052619189037851,2.393559064509681,0.19643452346726464,,,2.41,216.84805143400808,4.869487672064972
891,,AM,R4017,00,EHZ,61.13513513513514,-149.931698481745,2026-09-13T09:08:59.998000Z,2026-09-13T09:09:59.998000Z,100.0,100.0,60.0,,noise,0,Noise,timeofday:America/Anchorage:day7-19:night1-5,AM,2.0-20.0,447.62966743792833,4197.140581701685,433.41019246531175,4252.760392746415,0.9374767717934837,6.45618712888043,8.069534313497853,,,2.41,216.84805143400808,19.611706744068343
892,,AM,R4017,00,EHZ,61.13513513513514,-149.931698481745,2026-09-13T09:09:59.998000Z,2026-09-13T09:10:59.998000Z,100.0,100.0,60.0,,noise,0,Noise,timeofday:America/Anchorage:day7-19:night1-5,AM,2.0-20.0,249.60610887412886,1401.8596600757126,226.45796425014447,1294.4574614377298,0.8231230768372321,4.17259252659064,1.1795924446040482,,,2.41,216.84805143400808,5.9694216889546885
893,,AM,R4017,00,EHZ,61.13513513513514,-149.931698481745,2026-09-13T09:10:59.998000Z,2026-09-13T09:11:59.998000Z,100.0,100.0,60.0,,noise,0,Noise,timeofday:America/Anchorage:day7-19:night1-5,AM,2.0-20.0,303.93465446129284,1337.860167170337,277.0409615582251,1402.039800987099,0.8308593852732093,3.204800831178525,0.8253580087082653,,,2.41,216.84805143400808,6.465540232967103
894,,AM,R4017,00,EHZ,61.13513513513514,-149.931698481745,2026-09-13T09:11:59.998000Z,2026-09-13T09:12:59.998000Z,100.0,100.0,60.0,,noise,0,Noise,timeofday:America/Anchorage:day7-19:night1-5,AM,2.0-20.0,248.22005385505705,973.8607488376955,224.62012966508843,824.6515957288307,0.8188863203661212,2.4675396190273826,-0.11149102372533015,,,2.41,216.84805143400808,3.802900649904117
895,,AM,R4017,00,EHZ,61.13513513513514,-149.931698481745,2026-09-13T09:12:59.998000Z,2026-09-13T09:13:59.998000Z,100.0,100.0,60.0,,noise,0,Noise,timeofday:America/Anchorage:day7-19:night1-5,AM,2.0-20.0,543.1486167847966,4369.86151999169,531.0392509041882,4315.545497328743,0.9559075441535461,4.445553956379507,9.321171817555408,,,2.41,216.84805143400808,19.901241762562318
896,,AM,R4017,00,EHZ,61.13513513513514,-149.931698481745,2026-09-13T09:13:59.998000Z,2026-09-13T09:14:59.998000Z,100.0,100.0,60.0,,noise,0,Noise,timeofday:America/Anchorage:day7-19:night1-5,AM,2.0-20.0,241.43708175264447,1047.8619190906109,220.5273675481548,1008.6982758775555,0.8342900042837096,2.9517862003182627,0.3157003852226583,,,2.41,216.84805143400808,4.65163633801213
897,,AM,R4017,00,EHZ,61.13513513513514,-149.931698481745,2026-09-13T09:14:59.998000Z,2026-09-13T09:15:59.998000Z,100.0,100.0,60.0,,noise,0,Noise,timeofday:America/Anchorage:day7-19:night1-5,AM,2.0-20.0,233.89161231533532,952.1373761520873,209.66167459341997,959.4201114767026,0.8035424134888919,2.1362472852907435,0.18415834811127274,,,2.41,216.84805143400808,4.4243888987338975
898,,AM,R4017,00,EHZ,61.13513513513514,-149.931698481745,2026-09-13T09:15:59.998000Z,2026-09-13T09:16:59.998000Z,100.0,100.0,60.0,,noise,0,Noise,timeofday:America/Anchorage:day7-19:night1-5,AM,2.0-20.0,256.87021569618656,1168.8631416342912,229.22063339687622,1240.5126623452043,0.7963058673903338,2.2784657203017225,0.4076809294904544,,,2.41,216.84805143400808,5.720653951657579
899,,AM,R4017,00,EHZ,61.13513513513514,-149.931698481745,2026-09-13T09:16:59.998000Z,2026-09-13T09:17:59.998000Z,100.0,100.0,60.0,,noise,0,Noise,timeofday:America/Anchorage:day7-19:night1-5,AM,2.0-20.0,305.7189658329673,3334.8638493565313,287.56560925414755,3142.7898350574965,0.8847674342398631,6.034261545614411,13.661568969086638,,,2.41,216.84805143400808,14.493050844931943
900,,AM,R4017,00,EHZ,61.13513513513514,-149.931698481745,2026-09-13T09:17:59.998000Z,2026-09-13T09:18:59.998000Z,100.0,100.0,60.0,,noise,0,Noise,timeofday:America/Anchorage:day7-19:night1-5,AM,2.0-20.0,264.60564033194856,1888.1360885594179,245.34066078937133,1531.6702604888108,0.8596880037656958,2.0404083877277635,1.857061340985135,,,2.41,216.84805143400808,7.063334211951329
901,,AM,R4017,00,EHZ,61.13513513513514,-149.931698481745,2026-09-13T09:18:59.998000Z,2026-09-13T09:19:59.998000Z,100.0,100.0,60.0,,noise,0,Noise,timeofday:America/Anchorage:day7-19:night1-5,AM,2.0-20.0,325.038385025859,2607.1353005142473,293.658496006347,2731.9117455026126,0.8162361729113964,6.84828888451502,8.970215901159357,,,2.41,216.84805143400808,12.59827666163741
902,,AM,R4017,00,EHZ,61.13513513513514,-149.931698481745,2026-09-13T09:19:59.998000Z,2026-09-13T09:20:59.998000Z,100.0,100.0,60.0,,noise,0,Noise,timeofday:America/Anchorage:day7-19:night1-5,AM,2.0-20.0,360.3770427498156,3595.1347364568346,343.4837260234448,2998.8008431124026,0.9084438652229109,6.733323391517311,10.287514989278334,,,2.41,216.84805143400808,13.829042148552613
903,,AM,R4017,00,EHZ,61.13513513513514,-149.931698481745,2026-09-13T09:20:59.998000Z,2026-09-13T09:21:59.998000Z,100.0,100.0,60.0,,noise,0,Noise,timeofday:America/Anchorage:day7-19:night1-5,AM,2.0-20.0,242.2371945795506,973.134199533116,208.11117472406895,771.433757062893,0.7380897004150566,2.2205837024928354,0.0021099305155196646,,,2.41,216.84805143400808,3.5574853080829194
904,,AM,R4017,00,EHZ,61.13513513513514,-149.931698481745,2026-09-13T09:21:59.998000Z,2026-09-13T09:22:59.998000Z,100.0,100.0,60.0,,noise,0,Noise,timeofday:America/Anchorage:day7-19:night1-5,AM,2.0-20.0,485.9949505653447,4178.133656499826,473.86892157128585,3879.84651206432,0.9507206768614721,5.181210050873021,10.934245485863958,,,2.41,216.84805143400808,17.892005422262454
905,,AM,R4017,00,EHZ,61.13513513513514,-149.931698481745,2026-09-13T09:22:59.998000Z,2026-09-13T09:23:59.998000Z,100.0,100.0,60.0,,noise,0,Noise,timeofday:America/Anchorage:day7-19:night1-5,AM,2.0-20.0,359.06738459815836,2851.1329425781614,343.07165951672295,2704.802393010241,0.9128885709641137,4.4069499636641725,5.681995131917434,,,2.41,216.84805143400808,12.473261231186923
906,,AM,R4017,00,EHZ,61.13513513513514,-149.931698481745,2026-09-13T09:23:59.998000Z,2026-09-13T09:24:59.998000Z,100.0,100.0,60.0,,noise,0,Noise,timeofday:America/Anchorage:day7-19:night1-5,AM,2.0-20.0,347.23975857298046,2071.13264994755,328.06756417074604,1937.8681736360222,0.892622227161489,4.068534464205557,2.8905488797171186,,,2.41,216.84805143400808,8.936525649278249
907,,AM,R4017,00,EHZ,61.13513513513514,-149.931698481745,2026-09-13T09:24:59.998000Z,2026-09-13T09:25:59.998000Z,100.0,100.0,60.0,,noise,0,Noise,timeofday:America/Anchorage:day7-19:night1-5,AM,2.0-20.0,227.1429443092012,986.8677732302793,205.14092111001085,867.3587518365,0.815654244510294,1.8379525498859859,-0.055442237086901436,,,2.41,216.84805143400808,3.9998457265384166
908,,AM,R4017,00,EHZ,61.13513513513514,-149.931698481745,2026-09-13T09:25:59.998000Z,2026-09-13T09:26:59.998000Z,100.0,100.0,60.0,,noise,0,Noise,timeofday:America/Anchorage:day7-19:night1-5,AM,2.0-20.0,212.28500608313198,775.131703053462,188.51830504559027,644.3261468682613,0.7886211344526385,1.6174564802158766,-0.13545035682829498,,,2.41,216.84805143400808,2.9713255093018196
909,,AM,R4017,00,EHZ,61.13513513513514,-149.931698481745,2026-09-13T09:26:59.998000Z,2026-09-13T09:27:59.998000Z,100.0,100.0,60.0,,noise,0,Noise,timeofday:America/Anchorage:day7-19:night1-5,AM,2.0-20.0,269.71059021032835,1596.1307161776087,243.2687463563417,1829.2938428464577,0.813535736970686,4.195470272928798,3.375646324222364,,,2.41,216.84805143400808,8.435832513824337
910,,AM,R4017,00,EHZ,61.13513513513514,-149.931698481745,2026-09-13T09:27:59.998000Z,2026-09-13T09:28:59.998000Z,100.0,100.0,60.0,,noise,0,Noise,timeofday:America/Anchorage:day7-19:night1-5,AM,2.0-20.0,432.1336067337807,2596.8693071825264,391.9024477758247,2373.2287431564373,0.8224696239935544,4.300118999918043,2.451088115255832,,,2.41,216.84805143400808,10.944201377242562
911,,AM,R4017,00,EHZ,61.13513513513514,-149.931698481745,2026-09-13T09:28:59.998000Z,2026-09-13T09:29:59.998000Z,100.0,100.0,60.0,,noise,0,Noise,timeofday:America/Anchorage:day7-19:night1-5,AM,2.0-20.0,255.7569014437914,1205.8702370955914,225.39160682646013,1041.1327700115187,0.7766417905524917,2.6309617000468855,0.261199777300817,,,2.41,216.84805143400808,4.801208787104825
912,,AM,R4017,00,EHZ,61.13513513513514,-149.931698481745,2026-09-13T09:29:59.998000Z,2026-09-13T09:30:59.998000Z,100.0,100.0,60.0,,noise,0,Noise,timeofday:America/Anchorage:day7-19:night1-5,AM,2.0-20.0,228.10411285905508,921.8703727640685,203.31240996458627,775.1738293871231,0.7944408084889294,1.656796192307549,-0.08643886723547523,,,2.41,216.84805143400808,3.5747327414792407
913,,AM,R4017,00,EHZ,61.13513513513514,-149.931698481745,2026-09-13T09:30:59.998000Z,2026-09-13T09:31:59.998000Z,100.0,100.0,60.0,,noise,0,Noise,timeofday:America/Anchorage:day7-19:night1-5,AM,2.0-20.0,270.2052208325769,1777.1285911240986,251.55203714114904,1705.8245201467466,0.8666988199654231,3.2364738415897616,1.2875522404391555,,,2.41,216.84805143400808,7.866450765253331
914,,AM,R4017,00,EHZ,61.13513513513514,-149.931698481745,2026-09-13T09:31:59.998000Z,2026-09-13T09:32:59.998000Z,100.0,100.0,60.0,,noise,0,Noise,timeofday:America/Anchorage:day7-19:night1-5,AM,2.0-20.0,295.03170012536424,2163.87159683514,276.88886476318686,2135.4871159107097,0.8807925195874543,5.094537629705059,4.450298888817265,,,2.41,216.84805143400808,9.847850150318681
915,,AM,R4017,00,EHZ,61.13513513513514,-149.931698481745,2026-09-13T09:32:59.998000Z,2026-09-13T09:33:59.998000Z,100.0,100.0,60.0,,noise,0,Noise,timeofday:America/Anchorage:day7-19:night1-5,AM,2.0-20.0,312.88318157709654,2004.872283263722,292.17772545091225,1794.6842079217258,0.8720266738078023,4.039034311082418,2.4497611953251495,,,2.41,216.84805143400808,8.276229350706847
916,,AM,R4017,00,EHZ,61.13513513513514,-149.931698481745,2026-09-13T09:33:59.998000Z,2026-09-13T09:34:59.998000Z,100.0,100.0,60.0,,noise,0,Noise,timeofday:America/Anchorage:day7-19:night1-5,AM,2.0-20.0,347.8740100162754,2970.872970141537,323.3052809954971,3122.3674439870683,0.8637372117038903,5.103180685459209,11.372700307140134,,,2.41,216.84805143400808,14.398872497764996
917,,AM,R4017,00,EHZ,61.13513513513514,-149.931698481745,2026-09-13T09:34:59.998000Z,2026-09-13T09:35:59.998000Z,100.0,100.0,60.0,,noise,0,Noise,timeofday:America/Anchorage:day7-19:night1-5,AM,2.0-20.0,287.65893029437393,1346.8734190155126,204.9482208813062,732.3815553325089,0.5076128213414745,1.6771338151074975,-0.06875515623144812,,,2.41,216.84805143400808,3.3773951413872387
918,,AM,R4017,00,EHZ,61.13513513513514,-149.931698481745,2026-09-13T09:35:59.998000Z,2026-09-13T09:36:59.998000Z,100.0,100.0,60.0,,noise,0,Noise,timeofday:America/Anchorage:day7-19:night1-5,AM,2.0-20.0,269.40074801328416,1097.874127636224,240.544153747299,1081.2543115562235,0.7972453921373368,2.4904843528608964,0.3501447549746395,,,2.41,216.84805143400808,4.986230240050252
919,,AM,R4017,00,EHZ,61.13513513513514,-149.931698481745,2026-09-13T09:36:59.998000Z,2026-09-13T09:37:59.998000Z,100.0,100.0,60.0,,noise,0,Noise,timeofday:America/Anchorage:day7-19:night1-5,AM,2.0-20.0,325.9348812656963,3066.1257888962164,308.45922420746365,2966.1383621355535,0.8956407447714729,3.520271578141746,9.95300966485026,,,2.41,216.84805143400808,13.678418332655475
920,,AM,R4017,00,EHZ,61.13513513513514,-149.931698481745,2026-09-13T09:37:59.998000Z,2026-09-13T09:38:59.998000Z,100.0,100.0,60.0,,noise,0,Noise,timeofday:America/Anchorage:day7-19:night1-5,AM,2.0-20.0,360.48266225095864,2997.1250976159163,344.1676218169633,2973.195328728962,0.9115306121456918,6.776025973710055,10.327800356122491,,,2.41,216.84805143400808,13.710961703678368
921,,AM,R4017,00,EHZ,61.13513513513514,-149.931698481745,2026-09-13T09:38:59.998000Z,2026-09-13T09:39:59.998000Z,100.0,100.0,60.0,,noise,0,Noise,timeofday:America/Anchorage:day7-19:night1-5,AM,2.0-20.0,228.91310876731725,894.124317297562,205.3853251863814,811.2577829287015,0.8050029894857366,1.6320447635985704,-0.01883594439416214,,,2.41,216.84805143400808,3.741134760325878
922,,AM,R4017,00,EHZ,61.13513513513514,-149.931698481745,2026-09-13T09:39:59.998000Z,2026-09-13T09:40:59.998000Z,100.0,100.0,60.0,,noise,0,Noise,timeofday:America/Anchorage:day7-19:night1-5,AM,2.0-20.0,256.52923983829874,1734.1237225125872,235.68313128852162,1634.417215299949,0.8440793016123722,5.234439903593572,2.6506743843225955,,,2.41,216.84805143400808,7.537154263050136
923,,AM,R4017,00,EHZ,61.13513513513514,-149.931698481745,2026-09-13T09:40:59.998000Z,2026-09-13T09:41:59.998000Z,100.0,100.0,60.0,,noise,0,Noise,timeofday:America/Anchorage:day7-19:night1-5,AM,2.0-20.0,245.80950999364157,1138.8763041718746,222.0157027781432,1135.9887784297189,0.8157743064663169,2.666281024087768,0.4457343644224916,,,2.41,216.84805143400808,5.238639549294851
924,,AM,R4017,00,EHZ,61.13513513513514,-149.931698481745,2026-09-13T09:41:59.998000Z,2026-09-13T09:42:59.998000Z,100.0,100.0,60.0,,noise,0,Noise,timeofday:America/Anchorage:day7-19:night1-5,AM,2.0-20.0,222.12703024963636,903.876857357839,194.93420849300813,678.4329394731761,0.7701464137143361,1.6820879189546634,-0.16289176666061067,,,2.41,216.84805143400808,3.1286098029782807
925,,AM,R4017,00,EHZ,61.13513513513514,-149.931698481745,2026-09-13T09:42:59.998000Z,2026-09-13T09:43:59.998000Z,100.0,100.0,60.0,,noise,0,Noise,timeofday:America/Anchorage:day7-19:night1-5,AM,2.0-20.0,352.9768569141797,1815.8778650781248,325.5769757235598,2001.408378792298,0.8507753653438489,3.3923329322846554,1.5624925691482057,,,2.41,216.84805143400808,9.22954283221389
926,,AM,R4017,00,EHZ,61.13513513513514,-149.931698481745,2026-09-13T09:43:59.998000Z,2026-09-13T09:44:59.998000Z,100.0,100.0,60.0,,noise,0,Noise,timeofday:America/Anchorage:day7-19:night1-5,AM,2.0-20.0,234.82880851317148,998.1220156953415,207.4552795634124,963.4265531596274,0.780452065525731,1.9557962398011688,0.06554798588568023,,,2.41,216.84805143400808,4.442864700828638
927,,AM,R4017,00,EHZ,61.13513513513514,-149.931698481745,2026-09-13T09:44:59.998000Z,2026-09-13T09:45:59.998000Z,100.0,100.0,60.0,,noise,0,Noise,timeofday:America/Anchorage:day7-19:night1-5,AM,2.0-20.0,376.95788524783626,3108.8786127821377,358.6145797036467,3203.05488433832,0.9050450959777602,3.8894493566643167,6.933120287435729,,,2.41,216.84805143400808,14.770964567846644
928,,AM,R4017,00,EHZ,61.13513513513514,-149.931698481745,2026-09-13T09:45:59.998000Z,2026-09-13T09:46:59.998000Z,100.0,100.0,60.0,,noise,0,Noise,timeofday:America/Anchorage:day7-19:night1-5,AM,2.0-20.0,219.47668349317547,801.8790726174092,195.16101230974377,704.5849107460076,0.7906956442568059,1.5842232652179533,-0.21872580650713447,,,2.41,216.84805143400808,3.2492102469291924
929,,AM,R4017,00,EHZ,61.13513513513514,-149.931698481745,2026-09-13T09:46:59.998000Z,2026-09-13T09:47:59.998000Z,100.0,100.0,60.0,,noise,0,Noise,timeofday:America/Anchorage:day7-19:night1-5,AM,2.0-20.0,217.9949398203758,855.1202086092081,189.8813432040842,696.2019697301373,0.7587029365594127,1.5931301367555477,-0.222996239881454,,,2.41,216.84805143400808,3.2105521129942356
930,,AM,R4017,00,EHZ,61.13513513513514,-149.931698481745,2026-09-13T09:47:59.998000Z,2026-09-13T09:48:59.998000Z,100.0,100.0,60.0,,noise,0,Noise,timeofday:America/Anchorage:day7-19:night1-5,AM,2.0-20.0,220.83129686231965,710.8802165452479,188.08632730958857,712.4088987963635,0.7254261495815616,1.7371311441817654,-0.20304491447810014,,,2.41,216.84805143400808,3.28529075583216
931,,AM,R4017,00,EHZ,61.13513513513514,-149.931698481745,2026-09-13T09:48:59.998000Z,2026-09-13T09:49:59.998000Z,100.0,100.0,60.0,,noise,0,Noise,timeofday:America/Anchorage:day7-19:night1-5,AM,2.0-20.0,333.6437525801594,2950.8811381025744,298.9347168363934,2513.1627603575835,0.8027618318432066,4.891262889546819,9.223953558271552,,,2.41,216.84805143400808,11.589510460150008
932,,AM,R4017,00,EHZ,61.13513513513514,-149.931698481745,2026-09-13T09:49:59.998000Z,2026-09-13T09:50:59.998000Z,100.0,100.0,60.0,,noise,0,Noise,timeofday:America/Anchorage:day7-19:night1-5,AM,2.0-20.0,232.34588704167956,845.8812924591556,208.54225551297483,766.8296717559824,0.8055975832266431,1.710548597280836,-0.10225677842147629,,,2.41,216.84805143400808,3.536253458054921
933,,AM,R4017,00,EHZ,61.13513513513514,-149.931698481745,2026-09-13T09:50:59.998000Z,2026-09-13T09:51:59.998000Z,100.0,100.0,60.0,,noise,0,Noise,timeofday:America/Anchorage:day7-19:night1-5,AM,2.0-20.0,238.12551090940678,898.1180982905527,215.86204481057896,858.6204734828877,0.8217519130308295,2.162098372782221,-0.02357429773711628,,,2.41,216.84805143400808,3.959548945931783
934,,AM,R4017,00,EHZ,61.13513513513514,-149.931698481745,2026-09-13T09:51:59.998000Z,2026-09-13T09:52:59.998000Z,100.0,100.0,60.0,,noise,0,Noise,timeofday:America/Anchorage:day7-19:night1-5,AM,2.0-20.0,375.936604468146,2669.117377899928,353.7600321059963,3403.9381828615415,0.8854994593291846,6.745307945725347,7.909421873144291,,,2.41,216.84805143400808,15.69734272616897
935,,AM,R4017,00,EHZ,61.13513513513514,-149.931698481745,2026-09-13T09:52:59.998000Z,2026-09-13T09:53:59.998000Z,100.0,100.0,60.0,,noise,0,Noise,timeofday:America/Anchorage:day7-19:night1-5,AM,2.0-20.0,521.9069370020841,3938.883187145796,505.71710125055546,4049.771408997555,0.9389211911690384,5.461587186781619,9.871342926570842,,,2.41,216.84805143400808,18.67561816772882
936,,AM,R4017,00,EHZ,61.13513513513514,-149.931698481745,2026-09-13T09:55:59.998000Z,2026-09-13T09:56:59.998000Z,100.0,100.0,60.0,,noise,0,Noise,timeofday:America/Anchorage:day7-19:night1-5,AM,2.0-20.0,280.16516397791116,1746.1152837536786,249.6125164449256,1926.2854156383823,0.7937878548809937,5.07556761913097,2.397401712368157,,,2.41,216.84805143400808,8.883111482440947
937,,AM,R4017,00,EHZ,61.13513513513514,-149.931698481745,2026-09-13T09:56:59.998000Z,2026-09-13T09:57:59.998000Z,100.0,100.0,60.0,,noise,0,Noise,timeofday:America/Anchorage:day7-19:night1-5,AM,2.0-20.0,264.62483286955603,1044.1146116107186,202.41910627426788,794.3967077828836,0.5851157824195521,1.9683577070883176,-0.03715772760047864,,,2.41,216.84805143400808,3.6633795071229267
938,,AM,R4017,00,EHZ,61.13513513513514,-149.931698481745,2026-09-13T09:57:59.998000Z,2026-09-13T09:58:59.998000Z,100.0,100.0,60.0,,noise,0,Noise,timeofday:America/Anchorage:day7-19:night1-5,AM,2.0-20.0,229.84180500888408,812.1144947201966,204.15774082065317,808.3978125513659,0.7889939175682827,2.0442642180461643,-0.1105569103179489,,,2.41,216.84805143400808,3.727945938206321
939,,AM,R4017,00,EHZ,61.13513513513514,-149.931698481745,2026-09-13T09:58:59.998000Z,2026-09-13T09:59:59.998000Z,100.0,100.0,60.0,,noise,0,Noise,timeofday:America/Anchorage:day7-19:night1-5,AM,2.0-20.0,273.43291406812176,1601.886534114056,252.40733469232964,1629.834251919466,0.8521231418351208,3.5868591371236525,3.160731338310341,,,2.41,216.84805143400808,7.5160198172934125
940,,AM,R4017,00,EHZ,61.13513513513514,-149.931698481745,2026-09-13T10:00:59.998000Z,2026-09-13T10:01:59.998000Z,100.0,100.0,60.0,,noise,0,Noise,timeofday:America/Anchorage:day7-19:night1-5,AM,2.0-20.0,227.89744471923197,798.8874111972772,199.3978627298866,733.2643188845816,0.7655297739468628,1.6794533958697335,-0.04943831381924424,,,2.41,216.84805143400808,3.3814660267202403
941,,AM,R4017,00,EHZ,61.13513513513514,-149.931698481745,2026-09-13T10:01:59.998000Z,2026-09-13T10:02:59.998000Z,100.0,100.0,60.0,,noise,0,Noise,timeofday:America/Anchorage:day7-19:night1-5,AM,2.0-20.0,242.4919047841601,1172.887653513754,207.83436985752846,1023.8195929775025,0.7345819423383392,3.107771490959971,0.28138239240516594,,,2.41,216.84805143400808,4.721368655180536
942,,AM,R4017,00,EHZ,61.13513513513514,-149.931698481745,2026-09-13T10:02:59.998000Z,2026-09-13T10:03:59.998000Z,100.0,100.0,60.0,,noise,0,Noise,timeofday:America/Anchorage:day7-19:night1-5,AM,2.0-20.0,416.65692534672394,2741.8884723763304,401.01149953078215,2637.8738171311115,0.9263101952909258,6.713733472080681,5.388938357083143,,,2.41,216.84805143400808,12.164618495241024
943,,AM,R4017,00,EHZ,61.13513513513514,-149.931698481745,2026-09-13T10:04:59.998000Z,2026-09-13T10:05:59.998000Z,100.0,100.0,60.0,,noise,0,Noise,timeofday:America/Anchorage:day7-19:night1-5,AM,2.0-20.0,293.9049590548121,1613.8897326556114,256.72798251233166,1448.055034273087,0.7630141428673952,4.396977708977331,0.8741033410200942,,,2.41,216.84805143400808,6.677740587001603
944,,AM,R4017,00,EHZ,61.13513513513514,-149.931698481745,2026-09-13T10:05:59.998000Z,2026-09-13T10:06:59.998000Z,100.0,100.0,60.0,,noise,0,Noise,timeofday:America/Anchorage:day7-19:night1-5,AM,2.0-20.0,276.18636085576134,2301.1101325743793,256.8375793989956,2527.9174401924943,0.8647940265208016,6.692240824017352,8.067679193382125,,,2.41,216.84805143400808,11.657552020760484
945,,AM,R4017,00,EHZ,61.13513513513514,-149.931698481745,2026-09-13T10:06:59.998000Z,2026-09-13T10:07:59.998000Z,100.0,100.0,60.0,,noise,0,Noise,timeofday:America/Anchorage:day7-19:night1-5,AM,2.0-20.0,213.88103542160968,811.1095713920578,191.66656064513535,615.3338192862393,0.8030602759058864,1.719051416077926,-0.25339850036462774,,,2.41,216.84805143400808,2.8376266939779247
946,,AM,R4017,00,EHZ,61.13513513513514,-149.931698481745,2026-09-13T10:07:59.998000Z,2026-09-13T10:08:59.998000Z,100.0,100.0,60.0,,noise,0,Noise,timeofday:America/Anchorage:day7-19:night1-5,AM,2.0-20.0,222.93731921661933,822.1086297090798,201.43317881567978,787.2174880179359,0.8163877205021383,1.754856336795856,0.04833241815404721,,,2.41,216.84805143400808,3.6302723626617626
947,,AM,R4017,00,EHZ,61.13513513513514,-149.931698481745,2026-09-13T10:08:59.998000Z,2026-09-13T10:09:59.998000Z,100.0,100.0,60.0,,noise,0,Noise,timeofday:America/Anchorage:day7-19:night1-5,AM,2.0-20.0,228.47390460754656,800.8914397423986,207.50280524208003,723.2677558826722,0.8248495409154165,1.8257107739657032,-0.11243542671457085,,,2.41,216.84805143400808,3.3353666362216745
948,,AM,R4017,00,EHZ,61.13513513513514,-149.931698481745,2026-09-13T10:09:59.998000Z,2026-09-13T10:10:59.998000Z,100.0,100.0,60.0,,noise,0,Noise,timeofday:America/Anchorage:day7-19:night1-5,AM,2.0-20.0,258.32863493997326,1675.1075390603175,237.357827478763,1591.7594499593147,0.8442324055996434,4.8875678202773365,2.9394539375073547,,,2.41,216.84805143400808,7.3404369531248665
949,,AM,R4017,00,EHZ,61.13513513513514,-149.931698481745,2026-09-13T10:10:59.998000Z,2026-09-13T10:11:59.998000Z,100.0,100.0,60.0,,noise,0,Noise,timeofday:America/Anchorage:day7-19:night1-5,AM,2.0-20.0,573.4351039247467,3978.8925825022316,549.8844485419347,3822.2042668546023,0.9195478296435499,4.408228029505012,5.470660746986695,,,2.41,216.84805143400808,17.626186823347076
950,,AM,R4017,00,EHZ,61.13513513513514,-149.931698481745,2026-09-13T10:11:59.998000Z,2026-09-13T10:12:59.998000Z,100.0,100.0,60.0,,noise,0,Noise,timeofday:America/Anchorage:day7-19:night1-5,AM,2.0-20.0,340.8663374457294,3031.893032094985,297.173898763056,2733.082519729087,0.7600691325667208,4.279947783165484,9.331510941764073,,,2.41,216.84805143400808,12.603675715116248
951,,AM,R4017,00,EHZ,61.13513513513514,-149.931698481745,2026-09-13T10:12:59.998000Z,2026-09-13T10:13:59.998000Z,100.0,100.0,60.0,,noise,0,Noise,timeofday:America/Anchorage:day7-19:night1-5,AM,2.0-20.0,216.86149594061123,825.1061680899357,193.5199173260016,744.0386494613302,0.7963178321328469,1.6443060356254724,-0.09840513760095071,,,2.41,216.84805143400808,3.431152111079765
952,,AM,R4017,00,EHZ,61.13513513513514,-149.931698481745,2026-09-13T10:13:59.998000Z,2026-09-13T10:14:59.998000Z,100.0,100.0,60.0,,noise,0,Noise,timeofday:America/Anchorage:day7-19:night1-5,AM,2.0-20.0,224.3001457037839,1185.1053901974403,202.83479856490064,952.9888526179221,0.8177599156326273,3.3995248920233627,0.11518807297068134,,,2.41,216.84805143400808,4.394730993964863
953,,AM,R4017,00,EHZ,61.13513513513514,-149.931698481745,2026-09-13T10:15:59.998000Z,2026-09-13T10:16:59.998000Z,100.0,100.0,60.0,,noise,0,Noise,timeofday:America/Anchorage:day7-19:night1-5,AM,2.0-20.0,379.97604526899073,2862.1043900242757,366.70129922499905,3004.1370034659208,0.931349017191176,7.645689539248641,11.094603701015217,,,2.41,216.84805143400808,13.853649980249648
954,,AM,R4017,00,EHZ,61.13513513513514,-149.931698481745,2026-09-13T10:16:59.998000Z,2026-09-13T10:17:59.998000Z,100.0,100.0,60.0,,noise,0,Noise,timeofday:America/Anchorage:day7-19:night1-5,AM,2.0-20.0,247.7314303654824,1751.8957126704706,222.60453277992875,1816.4377931146532,0.8074316822284193,3.497459525629858,4.3179673063210915,,,2.41,216.84805143400808,8.37654653155801
955,,AM,R4017,00,EHZ,61.13513513513514,-149.931698481745,2026-09-13T10:17:59.998000Z,2026-09-13T10:18:59.998000Z,100.0,100.0,60.0,,noise,0,Noise,timeofday:America/Anchorage:day7-19:night1-5,AM,2.0-20.0,248.69292254197293,1252.8967579466632,196.55798699506917,690.8983705574917,0.624675595493309,1.653794571550757,-0.08139637387461374,,,2.41,216.84805143400808,3.186094437965232
956,,AM,R4017,00,EHZ,61.13513513513514,-149.931698481745,2026-09-13T10:18:59.998000Z,2026-09-13T10:19:59.998000Z,100.0,100.0,60.0,,noise,0,Noise,timeofday:America/Anchorage:day7-19:night1-5,AM,2.0-20.0,219.19487965322037,905.1032092593006,191.07520155010553,699.9824548723909,0.7598849496437736,1.615942071438203,-0.11100308824148186,,,2.41,216.84805143400808,3.2279859110719835
957,,AM,R4017,00,EHZ,61.13513513513514,-149.931698481745,2026-09-13T10:19:59.998000Z,2026-09-13T10:20:59.998000Z,100.0,100.0,60.0,,noise,0,Noise,timeofday:America/Anchorage:day7-19:night1-5,AM,2.0-20.0,214.93245174992018,1023.1026154626408,194.51718647446998,898.2711356052699,0.8190529389221838,2.281896518245325,0.018079512780777574,,,2.41,216.84805143400808,4.142398927106037
958,,AM,R4017,00,EHZ,61.13513513513514,-149.931698481745,2026-09-13T10:20:59.998000Z,2026-09-13T10:21:59.998000Z,100.0,100.0,60.0,,noise,0,Noise,timeofday:America/Anchorage:day7-19:night1-5,AM,2.0-20.0,236.65878189747923,823.8980122062175,209.56028523535628,830.4282820386818,0.7841022717622104,1.8405451330619458,-0.016669842705971938,,,2.41,216.84805143400808,3.829539977634526
959,,AM,R4017,00,EHZ,61.13513513513514,-149.931698481745,2026-09-13T10:21:59.998000Z,2026-09-13T10:22:59.998000Z,100.0,100.0,60.0,,noise,0,Noise,timeofday:America/Anchorage:day7-19:night1-5,AM,2.0-20.0,221.0369662149634,1022.10114530153,197.3009165215856,946.1374858704294,0.796761577991141,3.4697839469909293,0.30225120914007686,,,2.41,216.84805143400808,4.36313575157193
960,,AM,R4017,00,EHZ,61.13513513513514,-149.931698481745,2026-09-13T10:22:59.998000Z,2026-09-13T10:23:59.998000Z,100.0,100.0,60.0,,noise,0,Noise,timeofday:America/Anchorage:day7-19:night1-5,AM,2.0-20.0,262.5151246403865,1841.100705142678,239.92195980805755,1848.5420877477752,0.8352785724204884,3.951196843668688,2.543432059976462,,,2.41,216.84805143400808,8.52459625771795
961,,AM,R4017,00,EHZ,61.13513513513514,-149.931698481745,2026-09-13T10:23:59.998000Z,2026-09-13T10:24:59.998000Z,100.0,100.0,60.0,,noise,0,Noise,timeofday:America/Anchorage:day7-19:night1-5,AM,2.0-20.0,233.87334918075445,1003.8999429213735,198.76714442706447,858.0600481903298,0.7223168182715018,1.9601335473819557,-0.07591927996280967,,,2.41,216.84805143400808,3.9569645312282526
962,,AM,R4017,00,EHZ,61.13513513513514,-149.931698481745,2026-09-13T10:24:59.998000Z,2026-09-13T10:25:59.998000Z,100.0,100.0,60.0,,noise,0,Noise,timeofday:America/Anchorage:day7-19:night1-5,AM,2.0-20.0,263.0938979342536,1208.9003014095986,230.18337852599495,1151.9602131195404,0.7654668182941862,2.704780014634509,0.4950454443941368,,,2.41,216.84805143400808,5.312292204157107
963,,AM,R4017,00,EHZ,61.13513513513514,-149.931698481745,2026-09-13T10:25:59.998000Z,2026-09-13T10:26:59.998000Z,100.0,100.0,60.0,,noise,0,Noise,timeofday:America/Anchorage:day7-19:night1-5,AM,2.0-20.0,343.49785654956713,2464.9006825391853,316.63511400596053,2629.921262769366,0.8497087449104175,6.2476462426854615,6.974911671394921,,,2.41,216.84805143400808,12.127945099703663
964,,AM,R4017,00,EHZ,61.13513513513514,-149.931698481745,2026-09-13T10:26:59.998000Z,2026-09-13T10:27:59.998000Z,100.0,100.0,60.0,,noise,0,Noise,timeofday:America/Anchorage:day7-19:night1-5,AM,2.0-20.0,296.1268694368075,1456.9014049962796,228.60746621645455,1022.2972016642561,0.5959710850965502,2.318994146974046,0.1628491441652251,,,2.41,216.84805143400808,4.714348111056765
965,,AM,R4017,00,EHZ,61.13513513513514,-149.931698481745,2026-09-13T10:27:59.998000Z,2026-09-13T10:28:59.998000Z,100.0,100.0,60.0,,noise,0,Noise,timeofday:America/Anchorage:day7-19:night1-5,AM,2.0-20.0,229.00123968837113,917.9016740870655,203.5146043286965,770.1993879628048,0.7897970241805214,1.681749638709461,-0.17362879402595377,,,2.41,216.84805143400808,3.5517929853162387
966,,AM,R4017,00,EHZ,61.13513513513514,-149.931698481745,2026-09-13T10:28:59.998000Z,2026-09-13T10:29:59.998000Z,100.0,100.0,60.0,,noise,0,Noise,timeofday:America/Anchorage:day7-19:night1-5,AM,2.0-20.0,242.6778058534915,1064.0975612278992,221.00607300934536,906.401423197126,0.8293699508647282,1.877449281743127,0.13321371937119686,,,2.41,216.84805143400808,4.179891943704945
967,,AM,R4017,00,EHZ,61.13513513513514,-149.931698481745,2026-09-13T10:29:59.998000Z,2026-09-13T10:30:59.998000Z,100.0,100.0,60.0,,noise,0,Noise,timeofday:America/Anchorage:day7-19:night1-5,AM,2.0-20.0,214.2344186515439,889.9029661720714,192.50353869737265,697.8509933502457,0.8074189610928748,1.6346654712669202,-0.12199818717159383,,,2.41,216.84805143400808,3.2181566250440485
968,,AM,R4017,00,EHZ,61.13513513513514,-149.931698481745,2026-09-13T10:30:59.998000Z,2026-09-13T10:31:59.998000Z,100.0,100.0,60.0,,noise,0,Noise,timeofday:America/Anchorage:day7-19:night1-5,AM,2.0-20.0,242.71119648995648,1101.0962348214664,221.11357200489596,1114.8258393142985,0.8299485654534646,2.9024711428098273,0.6618698422197489,,,2.41,216.84805143400808,5.141046147023212
969,,AM,R4017,00,EHZ,61.13513513513514,-149.931698481745,2026-09-13T10:31:59.998000Z,2026-09-13T10:32:59.998000Z,100.0,100.0,60.0,,noise,0,Noise,timeofday:America/Anchorage:day7-19:night1-5,AM,2.0-20.0,391.6978790138285,2917.096100500693,377.4864336182165,2962.799615892925,0.9287530579127204,5.053853641544501,4.565384424951062,,,2.41,216.84805143400808,13.66302162412824
970,,AM,R4017,00,EHZ,61.13513513513514,-149.931698481745,2026-09-13T10:32:59.998000Z,2026-09-13T10:33:59.998000Z,100.0,100.0,60.0,,noise,0,Noise,timeofday:America/Anchorage:day7-19:night1-5,AM,2.0-20.0,242.08422026628332,896.9047216862135,216.86854485757917,852.7303724317451,0.8025279510157589,2.1329002376364388,0.05573804428416862,,,2.41,216.84805143400808,3.932386603396576
971,,AM,R4017,00,EHZ,61.13513513513514,-149.931698481745,2026-09-13T10:33:59.998000Z,2026-09-13T10:34:59.998000Z,100.0,100.0,60.0,,noise,0,Noise,timeofday:America/Anchorage:day7-19:night1-5,AM,2.0-20.0,219.26074309403148,819.0949509125122,194.55183833876464,759.9834855114225,0.7873157046271442,1.7857270540741597,-0.19556373901302582,,,2.41,216.84805143400808,3.5046821056757484
972,,AM,R4017,00,EHZ,61.13513513513514,-149.931698481745,2026-09-13T10:34:59.998000Z,2026-09-13T10:35:59.998000Z,100.0,100.0,60.0,,noise,0,Noise,timeofday:America/Anchorage:day7-19:night1-5,AM,2.0-20.0,220.9115688306773,961.0943822729197,196.9060281973942,1140.219666926462,0.7944765892972041,2.2434931761423833,0.16627059805518174,,,2.41,216.84805143400808,5.258150393264923
973,,AM,R4017,00,EHZ,61.13513513513514,-149.931698481745,2026-09-13T10:35:59.998000Z,2026-09-13T10:36:59.998000Z,100.0,100.0,60.0,,noise,0,Noise,timeofday:America/Anchorage:day7-19:night1-5,AM,2.0-20.0,212.52613273663087,839.9061474630661,191.45828443978513,679.5825151715266,0.8115656314077683,2.00794928594061,-0.008324895847044544,,,2.41,216.84805143400808,3.1339110989352807
974,,AM,R4017,00,EHZ,61.13513513513514,-149.931698481745,2026-09-13T10:36:59.998000Z,2026-09-13T10:37:59.998000Z,100.0,100.0,60.0,,noise,0,Noise,timeofday:America/Anchorage:day7-19:night1-5,AM,2.0-20.0,217.48479087535816,724.0933412195183,196.00612366506343,660.6206968883246,0.8122346211245283,1.6606054493988855,-0.14068253617456206,,,2.41,216.84805143400808,3.0464682182738767
975,,AM,R4017,00,EHZ,61.13513513513514,-149.931698481745,2026-09-13T10:37:59.998000Z,2026-09-13T10:38:59.998000Z,100.0,100.0,60.0,,noise,0,Noise,timeofday:America/Anchorage:day7-19:night1-5,AM,2.0-20.0,271.6840514297404,1652.0924900121383,239.03435478339466,1311.9462387884812,0.7740916046716456,3.2809391452556316,1.3461093547610785,,,2.41,216.84805143400808,6.05007160595924
976,,AM,R4017,00,EHZ,61.13513513513514,-149.931698481745,2026-09-13T10:38:59.998000Z,2026-09-13T10:39:59.998000Z,100.0,100.0,60.0,,noise,0,Noise,timeofday:America/Anchorage:day7-19:night1-5,AM,2.0-20.0,266.0562133518228,1284.9075951625061,238.4639930177319,935.8027771939903,0.8033389277602863,1.5862651513204442,0.1477001023255351,,,2.41,216.84805143400808,4.315476994169702
977,,AM,R4017,00,EHZ,61.13513513513514,-149.931698481745,2026-09-13T10:39:59.998000Z,2026-09-13T10:40:59.998000Z,100.0,100.0,60.0,,noise,0,Noise,timeofday:America/Anchorage:day7-19:night1-5,AM,2.0-20.0,220.4798239317763,842.9085389119581,198.7223039222588,758.8142627797519,0.8123730740499702,1.7494091219775352,-0.05250093893309593,,,2.41,216.84805143400808,3.4992902069524785
978,,AM,R4017,00,EHZ,61.13513513513514,-149.931698481745,2026-09-13T10:40:59.998000Z,2026-09-13T10:41:59.998000Z,100.0,100.0,60.0,,noise,0,Noise,timeofday:America/Anchorage:day7-19:night1-5,AM,2.0-20.0,367.9133876749451,3633.090931352056,353.5318589776967,3905.4350420639257,0.9233491022064133,7.565549579856584,21.148705958559447,,,2.41,216.84805143400808,18.010007543242512
979,,AM,R4017,00,EHZ,61.13513513513514,-149.931698481745,2026-09-13T10:41:59.998000Z,2026-09-13T10:42:59.998000Z,100.0,100.0,60.0,,noise,0,Noise,timeofday:America/Anchorage:day7-19:night1-5,AM,2.0-20.0,259.27484665386805,1679.9092992843514,236.14218036054402,1583.5910067953062,0.8295190528666487,4.535210146140392,1.5110670622317874,,,2.41,216.84805143400808,7.302767981188108
980,,AM,R4017,00,EHZ,61.13513513513514,-149.931698481745,2026-09-13T10:42:59.998000Z,2026-09-13T10:43:59.998000Z,100.0,100.0,60.0,,noise,0,Noise,timeofday:America/Anchorage:day7-19:night1-5,AM,2.0-20.0,235.95808944544842,1144.0902535487578,207.5988138412727,1060.6185559516603,0.7740695673637965,3.1119723116962748,0.394214493223902,,,2.41,216.84805143400808,4.891067957207036
981,,AM,R4017,00,EHZ,61.13513513513514,-149.931698481745,2026-09-13T10:43:59.998000Z,2026-09-13T10:44:59.998000Z,100.0,100.0,60.0,,noise,0,Noise,timeofday:America/Anchorage:day7-19:night1-5,AM,2.0-20.0,298.84241234386485,3398.0893705356566,282.02738046470637,3519.43407049654,0.890631559298246,7.482132431061316,18.9072258486462,,,2.41,216.84805143400808,16.22995478733912
982,,AM,R4017,00,EHZ,61.13513513513514,-149.931698481745,2026-09-13T10:44:59.998000Z,2026-09-13T10:45:59.998000Z,100.0,100.0,60.0,,noise,0,Noise,timeofday:America/Anchorage:day7-19:night1-5,AM,2.0-20.0,342.6922194177796,2303.9109586625536,325.84988563629105,2270.9735768342716,0.9041212096666545,6.615083242082195,6.443536530296168,,,2.41,216.84805143400808,10.472649220578225
983,,AM,R4017,00,EHZ,61.13513513513514,-149.931698481745,2026-09-13T10:45:59.998000Z,2026-09-13T10:46:59.998000Z,100.0,100.0,60.0,,noise,0,Noise,timeofday:America/Anchorage:day7-19:night1-5,AM,2.0-20.0,240.54212380687844,1055.0885488878296,213.48436214645918,1114.3271322051658,0.7876800647217224,2.8611886615959445,0.4623447822691462,,,2.41,216.84805143400808,5.138746347205621
984,,AM,R4017,00,EHZ,61.13513513513514,-149.931698481745,2026-09-13T10:46:59.998000Z,2026-09-13T10:47:59.998000Z,100.0,100.0,60.0,,noise,0,Noise,timeofday:America/Anchorage:day7-19:night1-5,AM,2.0-20.0,332.4153863819825,2703.0877114269924,310.53592389937745,2998.3636157739156,0.8726929370258246,5.202573962572301,8.14178370488497,,,2.41,216.84805143400808,13.8270258641747
985,,AM,R4017,00,EHZ,61.13513513513514,-149.931698481745,2026-09-13T10:47:59.998000Z,2026-09-13T10:48:59.998000Z,100.0,100.0,60.0,,noise,0,Noise,timeofday:America/Anchorage:day7-19:night1-5,AM,2.0-20.0,370.82930220900295,3590.912660717925,344.30286671651356,3869.4381779191317,0.8620514557302122,7.300699482070609,13.67737214980766,,,2.41,216.84805143400808,17.844007139241885
986,,AM,R4017,00,EHZ,61.13513513513514,-149.931698481745,2026-09-13T10:48:59.998000Z,2026-09-13T10:49:59.998000Z,100.0,100.0,60.0,,noise,0,Noise,timeofday:America/Anchorage:day7-19:night1-5,AM,2.0-20.0,260.3975942664873,1281.9129596378086,222.86708149188237,819.2804932130202,0.7325173516559758,1.8622822977034905,0.13063141624207564,,,2.41,216.84805143400808,3.778131681586018
987,,AM,R4017,00,EHZ,61.13513513513514,-149.931698481745,2026-09-13T10:49:59.998000Z,2026-09-13T10:50:59.998000Z,100.0,100.0,60.0,,traffic,1,Traffic,timeofday:America/Anchorage:day7-19:night1-5+burst>=20x,AM,2.0-20.0,508.04392719545336,5407.086261121999,496.1297412313474,5354.386767376598,0.9536477655356326,5.250112804526578,22.565430469421834,,,2.41,216.84805143400808,24.691883242520454
988,,AM,R4017,00,EHZ,61.13513513513514,-149.931698481745,2026-09-13T10:50:59.998000Z,2026-09-13T10:51:59.998000Z,100.0,100.0,60.0,,noise,0,Noise,timeofday:America/Anchorage:day7-19:night1-5,AM,2.0-20.0,305.463831449767,1809.914105182889,269.87151124701325,1668.9468674393675,0.7805387929006925,2.6491106564278954,0.7876003723524692,,,2.41,216.84805143400808,7.696388583631183
989,,AM,R4017,00,EHZ,61.13513513513514,-149.931698481745,2026-09-13T10:53:59.998000Z,2026-09-13T10:54:59.998000Z,100.0,100.0,60.0,,noise,0,Noise,timeofday:America/Anchorage:day7-19:night1-5,AM,2.0-20.0,342.106330953955,1366.0843276215958,284.6718478823606,1241.9605288130406,0.6924155595443493,1.9578579391164919,0.5606003814546172,,,2.41,216.84805143400808,5.727330822665926
990,,AM,R4017,00,EHZ,61.13513513513514,-149.931698481745,2026-09-13T10:54:59.998000Z,2026-09-13T10:55:59.998000Z,100.0,100.0,60.0,,noise,0,Noise,timeofday:America/Anchorage:day7-19:night1-5,AM,2.0-20.0,247.08815260188143,1031.9163412868845,197.86353065315998,671.7854604610864,0.6412504220726527,1.6908159257362838,-0.19316264239485204,,,2.41,216.84805143400808,3.0979547937765366
991,,AM,R4017,00,EHZ,61.13513513513514,-149.931698481745,2026-09-13T10:55:59.998000Z,2026-09-13T10:56:59.998000Z,100.0,100.0,60.0,,noise,0,Noise,timeofday:America/Anchorage:day7-19:night1-5,AM,2.0-20.0,238.10103577124235,816.917266078687,204.73782431620236,770.1373185318287,0.7393900440018117,2.011445572762719,-0.06363601180143075,,,2.41,216.84805143400808,3.5515067506437767
992,,AM,R4017,00,EHZ,61.13513513513514,-149.931698481745,2026-09-13T10:56:59.998000Z,2026-09-13T10:57:59.998000Z,100.0,100.0,60.0,,noise,0,Noise,timeofday:America/Anchorage:day7-19:night1-5,AM,2.0-20.0,371.71458787053956,2696.0826597079604,356.6747468572898,2910.1088952266964,0.9207156239076352,4.660533617155531,6.779935888562376,,,2.41,216.84805143400808,13.420037099629232
993,,AM,R4017,00,EHZ,61.13513513513514,-149.931698481745,2026-09-13T10:57:59.998000Z,2026-09-13T10:58:59.998000Z,100.0,100.0,60.0,,noise,0,Noise,timeofday:America/Anchorage:day7-19:night1-5,AM,2.0-20.0,295.66801524556854,2976.9179120762683,277.09284858388276,2973.8389317357614,0.8782980988662376,6.69303442669694,12.363211161234174,,,2.41,216.84805143400808,13.713929694409867
994,,AM,R4017,00,EHZ,61.13513513513514,-149.931698481745,2026-09-13T10:58:59.998000Z,2026-09-13T10:59:59.998000Z,100.0,100.0,60.0,,noise,0,Noise,timeofday:America/Anchorage:day7-19:night1-5,AM,2.0-20.0,238.49567836149558,1130.0811175796655,210.64467371024796,1036.639009687887,0.7800814247783859,2.198960506456257,0.21136257337864262,,,2.41,216.84805143400808,4.780485703388303
995,,AM,R4017,00,EHZ,61.13513513513514,-149.931698481745,2026-09-13T10:59:59.998000Z,2026-09-13T11:00:59.998000Z,100.0,100.0,60.0,,noise,0,Noise,timeofday:America/Anchorage:day7-19:night1-5,AM,2.0-20.0,393.49520424484496,2745.0810929616773,347.50997994902406,2307.2762459876917,0.779930088878391,4.7573382191925075,3.0865922677410937,,,2.41,216.84805143400808,10.64005985172456
996,,AM,R4017,00,EHZ,61.13513513513514,-149.931698481745,2026-09-13T11:00:59.998000Z,2026-09-13T11:01:59.998000Z,100.0,100.0,60.0,,noise,0,Noise,timeofday:America/Anchorage:day7-19:night1-5,AM,2.0-20.0,360.74619412833687,3088.080388833302,344.0386041374362,3095.2439926516045,0.909517035471551,5.648401527924526,8.992574605935058,,,2.41,216.84805143400808,14.273792050160798
997,,AM,R4017,00,EHZ,61.13513513513514,-149.931698481745,2026-09-13T11:01:59.998000Z,2026-09-13T11:02:59.998000Z,100.0,100.0,60.0,,noise,0,Noise,timeofday:America/Anchorage:day7-19:night1-5,AM,2.0-20.0,216.6859864307245,807.079959276357,192.770440675374,617.9424799343689,0.7914422477223875,1.5079160346090725,-0.1823492166504015,,,2.41,216.84805143400808,2.8496565952423287
998,,AM,R4017,00,EHZ,61.13513513513514,-149.931698481745,2026-09-13T11:02:59.998000Z,2026-09-13T11:03:59.998000Z,100.0,100.0,60.0,,noise,0,Noise,timeofday:America/Anchorage:day7-19:night1-5,AM,2.0-20.0,227.86819750029667,938.0793548777903,204.52396647394062,783.8611962727673,0.8056028231728213,1.6316100572410637,-0.09725076537206467,,,2.41,216.84805143400808,3.614794742627948
999,,AM,R4017,00,EHZ,61.13513513513514,-149.931698481745,2026-09-13T11:03:59.998000Z,2026-09-13T11:04:59.998000Z,100.0,100.0,60.0,,noise,0,Noise,timeofday:America/Anchorage:day7-19:night1-5,AM,2.0-20.0,234.17800154147238,794.9213273279973,207.47695610529502,654.1903436018505,0.7849600329963485,1.6403348716306505,-0.19550592058333827,,,2.41,216.84805143400808,3.016814489573294
1000,,AM,R4017,00,EHZ,61.13513513513514,-149.931698481745,2026-09-13T11:04:59.998000Z,2026-09-13T11:05:59.998000Z,100.0,100.0,60.0,,noise,0,Noise,timeofday:America/Anchorage:day7-19:night1-5,AM,2.0-20.0,288.8511411947001,1165.0780060995342,252.79597175113503,1106.7755494284936,0.7659353664169742,2.717088291913968,0.5893600692910517,,,2.41,216.84805143400808,5.103922041768087
1001,,AM,R4017,00,EHZ,61.13513513513514,-149.931698481745,2026-09-13T11:05:59.998000Z,2026-09-13T11:06:59.998000Z,100.0,100.0,60.0,,noise,0,Noise,timeofday:America/Anchorage:day7-19:night1-5,AM,2.0-20.0,244.21025034771128,974.077723441903,209.5746930231694,782.0420629084789,0.7364612482929676,1.7507650192568256,-0.037587788366841846,,,2.41,216.84805143400808,3.6064057654051482
1002,,AM,R4017,00,EHZ,61.13513513513514,-149.931698481745,2026-09-13T11:06:59.998000Z,2026-09-13T11:07:59.998000Z,100.0,100.0,60.0,,noise,0,Noise,timeofday:America/Anchorage:day7-19:night1-5,AM,2.0-20.0,264.6312101881617,1767.077084003132,237.45257459871786,1727.1052191328085,0.8051404386308058,4.013152810443149,2.2509478619802827,,,2.41,216.84805143400808,7.964587219998179
1003,,AM,R4017,00,EHZ,61.13513513513514,-149.931698481745,2026-09-13T11:07:59.998000Z,2026-09-13T11:08:59.998000Z,100.0,100.0,60.0,,noise,0,Noise,timeofday:America/Anchorage:day7-19:night1-5,AM,2.0-20.0,211.89378560785508,764.9234652295826,188.03362827054903,609.1442404980367,0.7874710786712865,1.580972709633185,-0.2495070076845951,,,2.41,216.84805143400808,2.8090833026618798
1004,,AM,R4017,00,EHZ,61.13513513513514,-149.931698481745,2026-09-13T11:08:59.998000Z,2026-09-13T11:09:59.998000Z,100.0,100.0,60.0,,noise,0,Noise,timeofday:America/Anchorage:day7-19:night1-5,AM,2.0-20.0,232.18110395144396,1162.0759408839106,202.79982185501183,1151.4290254438417,0.7629242066085307,3.4367452172390283,0.36773775787720053,,,2.41,216.84805143400808,5.309842619426297
1005,,AM,R4017,00,EHZ,61.13513513513514,-149.931698481745,2026-09-13T11:09:59.998000Z,2026-09-13T11:10:59.998000Z,100.0,100.0,60.0,,noise,0,Noise,timeofday:America/Anchorage:day7-19:night1-5,AM,2.0-20.0,237.73812293944871,1000.9244048460868,204.02979019842533,796.7670137573899,0.7365284162205988,1.9648042369410967,-0.03555031290226918,,,2.41,216.84805143400808,3.674310230082306
1006,,AM,R4017,00,EHZ,61.13513513513514,-149.931698481745,2026-09-13T11:10:59.998000Z,2026-09-13T11:11:59.998000Z,100.0,100.0,60.0,,noise,0,Noise,timeofday:America/Anchorage:day7-19:night1-5,AM,2.0-20.0,341.02879548340877,2483.0747487084072,309.4689096052797,2552.4901289586014,0.8234778978729296,4.336485325158589,6.594401373110452,,,2.41,216.84805143400808,11.770869565481817
1007,,AM,R4017,00,EHZ,61.13513513513514,-149.931698481745,2026-09-13T11:11:59.998000Z,2026-09-13T11:12:59.998000Z,100.0,100.0,60.0,,noise,0,Noise,timeofday:America/Anchorage:day7-19:night1-5,AM,2.0-20.0,241.32243657071726,1399.0746123211568,209.98467466016297,1165.975782974998,0.7571462856864003,2.773620661363043,0.4680243615155639,,,2.41,216.84805143400808,5.376925341336681
1008,,AM,R4017,00,EHZ,61.13513513513514,-149.931698481745,2026-09-13T11:12:59.998000Z,2026-09-13T11:13:59.998000Z,100.0,100.0,60.0,,noise,0,Noise,timeofday:America/Anchorage:day7-19:night1-5,AM,2.0-20.0,261.9107701821426,1191.0738809692405,197.0608024728043,703.4066734570082,0.5661008130923679,1.6378224468067972,-0.24945798656262141,,,2.41,216.84805143400808,3.2437767773581827
1009,,AM,R4017,00,EHZ,61.13513513513514,-149.931698481745,2026-09-13T11:13:59.998000Z,2026-09-13T11:14:59.998000Z,100.0,100.0,60.0,,noise,0,Noise,timeofday:America/Anchorage:day7-19:night1-5,AM,2.0-20.0,297.9717620716041,1657.0730748648923,207.67378074451292,856.0121242523828,0.48575034801568934,2.214490837378438,-0.0405301758637604,,,2.41,216.84805143400808,3.947520480777238
1010,,AM,R4017,00,EHZ,61.13513513513514,-149.931698481745,2026-09-13T11:14:59.998000Z,2026-09-13T11:15:59.998000Z,100.0,100.0,60.0,,noise,0,Noise,timeofday:America/Anchorage:day7-19:night1-5,AM,2.0-20.0,312.6484241137032,3337.9274202801253,282.1198023767833,3134.3644718912083,0.8142441629481636,5.8707406341325985,10.250860360131206,,,2.41,216.84805143400808,14.454197080230939
1011,,AM,R4017,00,EHZ,61.13513513513514,-149.931698481745,2026-09-13T11:15:59.998000Z,2026-09-13T11:16:59.998000Z,100.0,100.0,60.0,,noise,0,Noise,timeofday:America/Anchorage:day7-19:night1-5,AM,2.0-20.0,215.94714600293287,801.0722511505948,191.11858568517002,659.8563868952496,0.7832689456586737,1.61104992486212,-0.13341895362593048,,,2.41,216.84805143400808,3.042943584374606
1012,,AM,R4017,00,EHZ,61.13513513513514,-149.931698481745,2026-09-13T11:16:59.998000Z,2026-09-13T11:17:59.998000Z,100.0,100.0,60.0,,noise,0,Noise,timeofday:America/Anchorage:day7-19:night1-5,AM,2.0-20.0,217.94196043058727,916.071472808867,192.94969960164335,741.5775301882113,0.7838022525414595,1.8031787409190123,-0.1303723102139278,,,2.41,216.84805143400808,3.4198026004116095
1013,,AM,R4017,00,EHZ,61.13513513513514,-149.931698481745,2026-09-13T11:17:59.998000Z,2026-09-13T11:18:59.998000Z,100.0,100.0,60.0,,noise,0,Noise,timeofday:America/Anchorage:day7-19:night1-5,AM,2.0-20.0,237.15642592078513,881.0709518778559,213.24216259966113,867.1096521848166,0.8084931845545715,2.548051819225314,0.01305172022432144,,,2.41,216.84805143400808,3.9986969975088673
1014,,AM,R4017,00,EHZ,61.13513513513514,-149.931698481745,2026-09-13T11:18:59.998000Z,2026-09-13T11:19:59.998000Z,100.0,100.0,60.0,,noise,0,Noise,timeofday:America/Anchorage:day7-19:night1-5,AM,2.0-20.0,221.14821641914733,1032.0703656283142,200.24510805904728,981.0965147618203,0.8198925650453137,2.731511821807664,0.12849198619211366,,,2.41,216.84805143400808,4.524350153362531
1015,,AM,R4017,00,EHZ,61.13513513513514,-149.931698481745,2026-09-13T11:19:59.998000Z,2026-09-13T11:20:59.998000Z,100.0,100.0,60.0,,noise,0,Noise,timeofday:America/Anchorage:day7-19:night1-5,AM,2.0-20.0,241.93393045558065,1467.0697986059633,223.74493338069672,1414.7377838084117,0.8552889423299171,3.6451981999107055,1.4260117896017404,,,2.41,216.84805143400808,6.524097285877385
1016,,AM,R4017,00,EHZ,61.13513513513514,-149.931698481745,2026-09-13T11:20:59.998000Z,2026-09-13T11:21:59.998000Z,100.0,100.0,60.0,,noise,0,Noise,timeofday:America/Anchorage:day7-19:night1-5,AM,2.0-20.0,321.6777037639149,2828.0697760544454,308.09775773920285,2714.872888692184,0.9173501901640359,5.934184237425743,11.601528178656975,,,2.41,216.84805143400808,12.519701564016051
1017,,AM,R4017,00,EHZ,61.13513513513514,-149.931698481745,2026-09-13T11:21:59.998000Z,2026-09-13T11:22:59.998000Z,100.0,100.0,60.0,,noise,0,Noise,timeofday:America/Anchorage:day7-19:night1-5,AM,2.0-20.0,233.5346311539398,1009.0689140654678,208.25686014129474,721.8976461736482,0.7952360309696275,1.9311965494050185,-0.17302014325727288,,,2.41,216.84805143400808,3.3290483423750685
1018,,AM,R4017,00,EHZ,61.13513513513514,-149.931698481745,2026-09-13T11:23:59.998000Z,2026-09-13T11:24:59.998000Z,100.0,100.0,60.0,,noise,0,Noise,timeofday:America/Anchorage:day7-19:night1-5,AM,2.0-20.0,235.00368477827874,1183.0681499195155,207.94065988482222,955.3727986599201,0.7829418214252025,2.3520738660531197,0.2288126160964179,,,2.41,216.84805143400808,4.405724618423248
1019,,AM,R4017,00,EHZ,61.13513513513514,-149.931698481745,2026-09-13T11:24:59.998000Z,2026-09-13T11:25:59.998000Z,100.0,100.0,60.0,,noise,0,Noise,timeofday:America/Anchorage:day7-19:night1-5,AM,2.0-20.0,312.5859595680932,1582.9324967069922,271.7546607528748,1210.0404982910718,0.7558142375964044,3.9876638080323215,1.4892977502165667,,,2.41,216.84805143400808,5.580130834882394
1020,,AM,R4017,00,EHZ,61.13513513513514,-149.931698481745,2026-09-13T11:25:59.998000Z,2026-09-13T11:26:59.998000Z,100.0,100.0,60.0,,noise,0,Noise,timeofday:America/Anchorage:day7-19:night1-5,AM,2.0-20.0,488.5800249464014,3513.933254114444,458.6722632588308,3769.266253854484,0.8813198299937033,3.104047663670286,4.7926471146115714,,,2.41,216.84805143400808,17.382061904307957
1021,,AM,R4017,00,EHZ,61.13513513513514,-149.931698481745,2026-09-13T11:26:59.998000Z,2026-09-13T11:27:59.998000Z,100.0,100.0,60.0,,noise,0,Noise,timeofday:America/Anchorage:day7-19:night1-5,AM,2.0-20.0,328.32916658861814,1989.0662880269113,308.19008583757136,2158.5681348270823,0.8810861996892833,4.780177840391214,2.5536938605739925,,,2.41,216.84805143400808,9.954288823683457
1022,,AM,R4017,00,EHZ,61.13513513513514,-149.931698481745,2026-09-13T11:27:59.998000Z,2026-09-13T11:28:59.998000Z,100.0,100.0,60.0,,noise,0,Noise,timeofday:America/Anchorage:day7-19:night1-5,AM,2.0-20.0,242.20545211289343,1263.9340196080964,219.7489335150333,939.6510818561898,0.8231627740204568,2.865597910428116,0.27935310171899763,,,2.41,216.84805143400808,4.33322354359337
1023,,AM,R4017,00,EHZ,61.13513513513514,-149.931698481745,2026-09-13T11:28:59.998000Z,2026-09-13T11:29:59.998000Z,100.0,100.0,60.0,,noise,0,Noise,timeofday:America/Anchorage:day7-19:night1-5,AM,2.0-20.0,236.48896838295414,1705.0649513779565,216.62343443359583,1671.0735962875253,0.839052431851274,5.917114202214372,3.9693697991969508,,,2.41,216.84805143400808,7.7061960448193005
1024,,AM,R4017,00,EHZ,61.13513513513514,-149.931698481745,2026-09-13T11:29:59.998000Z,2026-09-13T11:30:59.998000Z,100.0,100.0,60.0,,noise,0,Noise,timeofday:America/Anchorage:day7-19:night1-5,AM,2.0-20.0,296.84950116595536,2493.064785431153,280.63505825707546,2763.065154250733,0.8937400122064426,5.468887065512985,6.486068388406602,,,2.41,216.84805143400808,12.741941354689084
1025,,AM,R4017,00,EHZ,61.13513513513514,-149.931698481745,2026-09-13T11:30:59.998000Z,2026-09-13T11:31:59.998000Z,100.0,100.0,60.0,,noise,0,Noise,timeofday:America/Anchorage:day7-19:night1-5,AM,2.0-20.0,217.4770440948926,904.0643223614017,195.80624306327906,906.8287542273254,0.8106366339722102,2.0056943402341325,0.058930822057757126,,,2.41,216.84805143400808,4.1818625910193825
1026,,AM,R4017,00,EHZ,61.13513513513514,-149.931698481745,2026-09-13T11:31:59.998000Z,2026-09-13T11:32:59.998000Z,100.0,100.0,60.0,,noise,0,Noise,timeofday:America/Anchorage:day7-19:night1-5,AM,2.0-20.0,217.78905713627282,834.9363064754624,198.1847923575311,709.8279462128769,0.8280728439528676,2.417799622067699,-0.18176379856123193,,,2.41,216.84805143400808,3.2733886309736757
1027,,AM,R4017,00,EHZ,61.13513513513514,-149.931698481745,2026-09-13T11:32:59.998000Z,2026-09-13T11:33:59.998000Z,100.0,100.0,60.0,,noise,0,Noise,timeofday:America/Anchorage:day7-19:night1-5,AM,2.0-20.0,364.7792520380582,2945.936864962384,345.5438237247141,3267.2517018104218,0.8973172413846725,3.798305556844575,6.043072242480081,,,2.41,216.84805143400808,15.067009734254968
1028,,AM,R4017,00,EHZ,61.13513513513514,-149.931698481745,2026-09-13T11:33:59.998000Z,2026-09-13T11:34:59.998000Z,100.0,100.0,60.0,,noise,0,Noise,timeofday:America/Anchorage:day7-19:night1-5,AM,2.0-20.0,242.478366943431,962.9373814909058,217.7689844531375,849.5215010712254,0.8065774105411395,1.7807711720789443,-0.1263612162483958,,,2.41,216.84805143400808,3.9175888160090504
1029,,AM,R4017,00,EHZ,61.13513513513514,-149.931698481745,2026-09-13T11:34:59.998000Z,2026-09-13T11:35:59.998000Z,100.0,100.0,60.0,,noise,0,Noise,timeofday:America/Anchorage:day7-19:night1-5,AM,2.0-20.0,208.3271072079328,812.0621522048633,188.7395639776381,661.6640481319096,0.8207942929628045,1.5890119314578128,-0.0374842130903037,,,2.41,216.84805143400808,3.051279657605175
1030,,AM,R4017,00,EHZ,61.13513513513514,-149.931698481745,2026-09-13T11:35:59.998000Z,2026-09-13T11:36:59.998000Z,100.0,100.0,60.0,,noise,0,Noise,timeofday:America/Anchorage:day7-19:night1-5,AM,2.0-20.0,207.2717673373871,811.0616908421972,186.51094698785442,722.2689231212191,0.8097078567510906,1.5050187197665246,-0.2496275394142078,,,2.41,216.84805143400808,3.330760494940497
1031,,AM,R4017,00,EHZ,61.13513513513514,-149.931698481745,2026-09-13T11:36:59.998000Z,2026-09-13T11:37:59.998000Z,100.0,100.0,60.0,,noise,0,Noise,timeofday:America/Anchorage:day7-19:night1-5,AM,2.0-20.0,213.01617391742573,802.0610136678216,191.55818492331062,712.4397292614524,0.8086791890525288,1.8569358765606923,-0.16104620907089728,,,2.41,216.84805143400808,3.2854329312627666
1032,,AM,R4017,00,EHZ,61.13513513513514,-149.931698481745,2026-09-13T11:37:59.998000Z,2026-09-13T11:38:59.998000Z,100.0,100.0,60.0,,noise,0,Noise,timeofday:America/Anchorage:day7-19:night1-5,AM,2.0-20.0,287.9931999820612,2314.0603834832573,268.115619509535,2206.229265372799,0.8667218866963947,4.948126414379231,5.5067052998681465,,,2.41,216.84805143400808,10.174079272481755
1033,,AM,R4017,00,EHZ,61.13513513513514,-149.931698481745,2026-09-13T11:38:59.998000Z,2026-09-13T11:39:59.998000Z,100.0,100.0,60.0,,noise,0,Noise,timeofday:America/Anchorage:day7-19:night1-5,AM,2.0-20.0,219.81806431776434,968.0598470986216,198.82309200836872,772.89841399118,0.8181009340254802,1.77486817248435,-0.0773164906215329,,,2.41,216.84805143400808,3.564239608703106
1034,,AM,R4017,00,EHZ,61.13513513513514,-149.931698481745,2026-09-13T11:39:59.998000Z,2026-09-13T11:40:59.998000Z,100.0,100.0,60.0,,noise,0,Noise,timeofday:America/Anchorage:day7-19:night1-5,AM,2.0-20.0,222.6599215031153,765.9409210904313,201.44165041130026,689.7334366070172,0.8184919994559032,1.9358090537362929,-0.1756751420690006,,,2.41,216.84805143400808,3.1807223170595065
1035,,AM,R4017,00,EHZ,61.13513513513514,-149.931698481745,2026-09-13T11:40:59.998000Z,2026-09-13T11:41:59.998000Z,100.0,100.0,60.0,,noise,0,Noise,timeofday:America/Anchorage:day7-19:night1-5,AM,2.0-20.0,228.74339150031048,1004.9411641256819,200.80969922926607,803.7280013784059,0.7706767538228604,1.749622596637481,-0.12174219257098251,,,2.41,216.84805143400808,3.7064109917676573
1036,,AM,R4017,00,EHZ,61.13513513513514,-149.931698481745,2026-09-13T11:41:59.998000Z,2026-09-13T11:42:59.998000Z,100.0,100.0,60.0,,noise,0,Noise,timeofday:America/Anchorage:day7-19:night1-5,AM,2.0-20.0,212.86240687163337,773.9416305197636,189.65980149240082,700.2626660812,0.7938759516771539,1.5807280862592596,-0.23312052870781352,,,2.41,216.84805143400808,3.2292781117948217
1037,,AM,R4017,00,EHZ,61.13513513513514,-149.931698481745,2026-09-13T11:42:59.998000Z,2026-09-13T11:43:59.998000Z,100.0,100.0,60.0,,noise,0,Noise,timeofday:America/Anchorage:day7-19:night1-5,AM,2.0-20.0,237.3960666759379,1099.0575284255312,217.00840460831193,1120.0524234292766,0.8356146977591778,2.8795834613488807,0.7923508056772852,,,2.41,216.84805143400808,5.165148665263126
1038,,AM,R4017,00,EHZ,61.13513513513514,-149.931698481745,2026-09-13T11:43:59.998000Z,2026-09-13T11:44:59.998000Z,100.0,100.0,60.0,,noise,0,Noise,timeofday:America/Anchorage:day7-19:night1-5,AM,2.0-20.0,223.2906435691201,874.0572597839811,201.8826519567171,881.5424863289958,0.8174420062293699,3.2341377361105645,0.16116872997037301,,,2.41,216.84805143400808,4.065254358982653
1039,,AM,R4017,00,EHZ,61.13513513513514,-149.931698481745,2026-09-13T11:44:59.998000Z,2026-09-13T11:45:59.998000Z,100.0,100.0,60.0,,noise,0,Noise,timeofday:America/Anchorage:day7-19:night1-5,AM,2.0-20.0,217.90506758391624,806.0563912361932,195.87098033050816,732.5088149896344,0.8079891582390974,1.817088240680618,-0.1367915237837245,,,2.41,216.84805143400808,3.377982002354095
1040,,AM,R4017,00,EHZ,61.13513513513514,-149.931698481745,2026-09-13T11:45:59.998000Z,2026-09-13T11:46:59.998000Z,100.0,100.0,60.0,,noise,0,Noise,timeofday:America/Anchorage:day7-19:night1-5,AM,2.0-20.0,202.45577970238952,744.0558904308374,182.77084434333784,573.1218628116562,0.8149922468939292,1.544657538705167,-0.23604311786055687,,,2.41,216.84805143400808,2.6429652423511425
1041,,AM,R4017,00,EHZ,61.13513513513514,-149.931698481745,2026-09-13T11:46:59.998000Z,2026-09-13T11:47:59.998000Z,100.0,100.0,60.0,,noise,0,Noise,timeofday:America/Anchorage:day7-19:night1-5,AM,2.0-20.0,331.5350550398251,2533.944413250917,317.72960624450167,2559.6014662521507,0.9184519869388562,4.864677252925434,8.06970698054326,,,2.41,216.84805143400808,11.803663668294925
1042,,AM,R4017,00,EHZ,61.13513513513514,-149.931698481745,2026-09-13T11:47:59.998000Z,2026-09-13T11:48:59.998000Z,100.0,100.0,60.0,,noise,0,Noise,timeofday:America/Anchorage:day7-19:night1-5,AM,2.0-20.0,229.1314507817657,919.9452374144465,202.98979440994674,765.1130561301525,0.7848361480181242,2.0590400347439126,-0.05039397239111709,,,2.41,216.84805143400808,3.5283372438465013
1043,,AM,R4017,00,EHZ,61.13513513513514,-149.931698481745,2026-09-13T11:48:59.998000Z,2026-09-13T11:49:59.998000Z,100.0,100.0,60.0,,noise,0,Noise,timeofday:America/Anchorage:day7-19:night1-5,AM,2.0-20.0,348.59550288615486,2824.0543072426144,332.10444286161027,2780.796479862114,0.9076236649096676,4.111845326911824,4.846215223273798,,,2.41,216.84805143400808,12.823709788825912
1044,,AM,R4017,00,EHZ,61.13513513513514,-149.931698481745,2026-09-13T11:49:59.998000Z,2026-09-13T11:50:59.998000Z,100.0,100.0,60.0,,noise,0,Noise,timeofday:America/Anchorage:day7-19:night1-5,AM,2.0-20.0,246.12438324347488,1041.9458901505247,226.5738195279219,1162.9734316123438,0.8474423628576134,2.6266913869156836,0.314807172338055,,,2.41,216.84805143400808,5.363079925881943
1045,,AM,R4017,00,EHZ,61.13513513513514,-149.931698481745,2026-09-13T11:50:59.998000Z,2026-09-13T11:51:59.998000Z,100.0,100.0,60.0,,noise,0,Noise,timeofday:America/Anchorage:day7-19:night1-5,AM,2.0-20.0,413.14537427123383,3820.946845220661,400.6315832862081,3661.162693923371,0.9403392792012117,3.7953051980407992,11.443050729285808,,,2.41,216.84805143400808,16.883539739980318
1046,,AM,R4017,00,EHZ,61.13513513513514,-149.931698481745,2026-09-13T11:51:59.998000Z,2026-09-13T11:52:59.998000Z,100.0,100.0,60.0,,noise,0,Noise,timeofday:America/Anchorage:day7-19:night1-5,AM,2.0-20.0,246.01962216963005,1130.9470567197284,227.58177818305353,1154.572706605519,0.8557274794507047,3.2598010355350393,1.0109217943001312,,,2.41,216.84805143400808,5.324339780645354
1047,,AM,R4017,00,EHZ,61.13513513513514,-149.931698481745,2026-09-13T11:52:59.998000Z,2026-09-13T11:53:59.998000Z,100.0,100.0,60.0,,noise,0,Noise,timeofday:America/Anchorage:day7-19:night1-5,AM,2.0-20.0,271.7221564007621,1410.9478284128024,255.67200099839417,1420.4959540386235,0.8853525364283725,5.039519477177529,2.0998599739283312,,,2.41,216.84805143400808,6.5506512262616
1048,,AM,R4017,00,EHZ,61.13513513513514,-149.931698481745,2026-09-13T11:53:59.998000Z,2026-09-13T11:54:59.998000Z,100.0,100.0,60.0,,noise,0,Noise,timeofday:America/Anchorage:day7-19:night1-5,AM,2.0-20.0,230.81303736625753,937.0519262159352,210.04867331738396,890.8667296575834,0.8281694643944132,1.9905916843313711,0.03173907165934153,,,2.41,216.84805143400808,4.108253331151998
1049,,AM,R4017,00,EHZ,61.13513513513514,-149.931698481745,2026-09-13T11:54:59.998000Z,2026-09-13T11:55:59.998000Z,100.0,100.0,60.0,,noise,0,Noise,timeofday:America/Anchorage:day7-19:night1-5,AM,2.0-20.0,427.3254785366738,3549.0512227164863,413.20133543931286,3257.747000976083,0.9349876138508563,5.772516297591197,11.032559293420512,,,2.41,216.84805143400808,15.023178577961497
1050,,AM,R4017,00,EHZ,61.13513513513514,-149.931698481745,2026-09-13T11:55:59.998000Z,2026-09-13T11:56:59.998000Z,100.0,100.0,60.0,,noise,0,Noise,timeofday:America/Anchorage:day7-19:night1-5,AM,2.0-20.0,325.5533455920112,2089.949086176378,308.7313615731181,2240.818408391531,0.8993260448396726,7.414175900444154,7.121774773434055,,,2.41,216.84805143400808,10.33358793668231
1051,,AM,R4017,00,EHZ,61.13513513513514,-149.931698481745,2026-09-13T11:56:59.998000Z,2026-09-13T11:57:59.998000Z,100.0,100.0,60.0,,noise,0,Noise,timeofday:America/Anchorage:day7-19:night1-5,AM,2.0-20.0,223.62554062928453,896.9498801514245,201.7110453518934,768.3671173653172,0.8136105158095631,1.4600623516892783,-0.11709641888134215,,,2.41,216.84805143400808,3.5433434254268557
1052,,AM,R4017,00,EHZ,61.13513513513514,-149.931698481745,2026-09-13T11:57:59.998000Z,2026-09-13T11:58:59.998000Z,100.0,100.0,60.0,,noise,0,Noise,timeofday:America/Anchorage:day7-19:night1-5,AM,2.0-20.0,217.45322144350862,781.9502708047593,197.52990487478053,796.1985936702442,0.8251521155032117,1.767719208521733,-0.03145656578269218,,,2.41,216.84805143400808,3.671688947191421
1053,,AM,R4017,00,EHZ,61.13513513513514,-149.931698481745,2026-09-13T11:58:59.998000Z,2026-09-13T11:59:59.998000Z,100.0,100.0,60.0,,noise,0,Noise,timeofday:America/Anchorage:day7-19:night1-5,AM,2.0-20.0,220.16270157342882,792.0487941609164,198.55413818145828,714.2900930050952,0.813336746784781,1.6026332595109514,-0.20406120087645574,,,2.41,216.84805143400808,3.2939659281304183
1054,,AM,R4017,00,EHZ,61.13513513513514,-149.931698481745,2026-09-13T11:59:59.998000Z,2026-09-13T12:00:59.998000Z,100.0,100.0,60.0,,noise,0,Noise,timeofday:America/Anchorage:day7-19:night1-5,AM,2.0-20.0,229.1311155506971,1376.9515055675845,208.16036878716736,1462.8506715524845,0.8253306207014455,5.152871894976555,2.400010094329807,,,2.41,216.84805143400808,6.745971023851529
1055,,AM,R4017,00,EHZ,61.13513513513514,-149.931698481745,2026-09-13T12:00:59.998000Z,2026-09-13T12:01:59.998000Z,100.0,100.0,60.0,,noise,0,Noise,timeofday:America/Anchorage:day7-19:night1-5,AM,2.0-20.0,269.5873686311578,1160.0479138432158,238.0860320966984,1120.3418007430466,0.7799535784622141,1.9643386802305405,0.45549824376354264,,,2.41,216.84805143400808,5.166483135699251
1056,,AM,R4017,00,EHZ,61.13513513513514,-149.931698481745,2026-09-13T12:01:59.998000Z,2026-09-13T12:02:59.998000Z,100.0,100.0,60.0,,noise,0,Noise,timeofday:America/Anchorage:day7-19:night1-5,AM,2.0-20.0,224.8985082346768,934.0476249861596,200.55039620804246,713.9473129890339,0.7951954732798332,1.5434633223955592,-0.15864778534871693,,,2.41,216.84805143400808,3.292385189849422
1057,,AM,R4017,00,EHZ,61.13513513513514,-149.931698481745,2026-09-13T12:02:59.998000Z,2026-09-13T12:03:59.998000Z,100.0,100.0,60.0,,noise,0,Noise,timeofday:America/Anchorage:day7-19:night1-5,AM,2.0-20.0,205.58796406782724,791.9530857908693,184.82325768028537,730.772587579494,0.8081981837577689,1.5571744159797092,-0.11958895952104909,,,2.41,216.84805143400808,3.369975347931061
1058,,AM,R4017,00,EHZ,61.13513513513514,-149.931698481745,2026-09-13T12:03:59.998000Z,2026-09-13T12:04:59.998000Z,100.0,100.0,60.0,,noise,0,Noise,timeofday:America/Anchorage:day7-19:night1-5,AM,2.0-20.0,209.22195039870815,785.0464277792445,188.3303533886425,782.7010030438282,0.8102632655340739,1.9618889913561965,-0.10001192574500095,,,2.41,216.84805143400808,3.6094444836735016
1059,,AM,R4017,00,EHZ,61.13513513513514,-149.931698481745,2026-09-13T12:04:59.998000Z,2026-09-13T12:05:59.998000Z,100.0,100.0,60.0,,noise,0,Noise,timeofday:America/Anchorage:day7-19:night1-5,AM,2.0-20.0,209.00267329319254,736.0456634535977,186.7946070385361,674.385484620271,0.798775958231682,1.5466901495833274,-0.1424980035555925,,,2.41,216.84805143400808,3.1099448676646384
1060,,AM,R4017,00,EHZ,61.13513513513514,-149.931698481745,2026-09-13T12:05:59.998000Z,2026-09-13T12:06:59.998000Z,100.0,100.0,60.0,,noise,0,Noise,timeofday:America/Anchorage:day7-19:night1-5,AM,2.0-20.0,210.34364305632053,799.9549784110358,188.4388081282904,787.1472525230008,0.8025681384701518,1.6231196502483907,-0.04704425470794993,,,2.41,216.84805143400808,3.6299484699891256
1061,,AM,R4017,00,EHZ,61.13513513513514,-149.931698481745,2026-09-13T12:06:59.998000Z,2026-09-13T12:07:59.998000Z,100.0,100.0,60.0,,noise,0,Noise,timeofday:America/Anchorage:day7-19:night1-5,AM,2.0-20.0,213.33795763995948,772.0446097318155,193.1631455295586,707.1657297466381,0.8198082259491561,1.5151148223044757,-0.13301020174989375,,,2.41,216.84805143400808,3.261111755767126
1062,,AM,R4017,00,EHZ,61.13513513513514,-149.931698481745,2026-09-13T12:07:59.998000Z,2026-09-13T12:08:59.998000Z,100.0,100.0,60.0,,noise,0,Noise,timeofday:America/Anchorage:day7-19:night1-5,AM,2.0-20.0,211.49331733773226,782.0444534884547,190.32427124003112,683.8139554066914,0.8098322215668982,1.5574319910953398,-0.16972266582639728,,,2.41,216.84805143400808,3.153424487260343
1063,,AM,R4017,00,EHZ,61.13513513513514,-149.931698481745,2026-09-13T12:08:59.998000Z,2026-09-13T12:09:59.998000Z,100.0,100.0,60.0,,noise,0,Noise,timeofday:America/Anchorage:day7-19:night1-5,AM,2.0-20.0,275.58790824171666,1657.9565148789886,249.49344914014614,1405.4500422757415,0.8195925028770908,3.881485463913539,1.2696246441600891,,,2.41,216.84805143400808,6.481266642617043
1064,,AM,R4017,00,EHZ,61.13513513513514,-149.931698481745,2026-09-13T12:09:59.998000Z,2026-09-13T12:10:59.998000Z,100.0,100.0,60.0,,noise,0,Noise,timeofday:America/Anchorage:day7-19:night1-5,AM,2.0-20.0,264.2525079074212,1162.0432782041237,238.00108207649166,1082.2960762135963,0.8111844703839378,1.6960484783696994,0.2391369566649857,,,2.41,216.84805143400808,4.991034362801107
1065,,AM,R4017,00,EHZ,61.13513513513514,-149.931698481745,2026-09-13T12:10:59.998000Z,2026-09-13T12:11:59.998000Z,100.0,100.0,60.0,,noise,0,Noise,timeofday:America/Anchorage:day7-19:night1-5,AM,2.0-20.0,209.40507947812227,780.042825556585,188.40665435685452,661.8080732209996,0.8095022332133921,1.5559228112287933,-0.23831793769339082,,,2.41,216.84805143400808,3.051943832764406
1066,,AM,R4017,00,EHZ,61.13513513513514,-149.931698481745,2026-09-13T12:11:59.998000Z,2026-09-13T12:12:59.998000Z,100.0,100.0,60.0,,noise,0,Noise,timeofday:America/Anchorage:day7-19:night1-5,AM,2.0-20.0,210.08884806043486,849.9580521555625,189.5367043128229,735.9551907095541,0.8139179941487514,1.7098099012069001,-0.09110788717293117,,,2.41,216.84805143400808,3.393875046802173
1067,,AM,R4017,00,EHZ,61.13513513513514,-149.931698481745,2026-09-13T12:12:59.998000Z,2026-09-13T12:13:59.998000Z,100.0,100.0,60.0,,noise,0,Noise,timeofday:America/Anchorage:day7-19:night1-5,AM,2.0-20.0,214.94354035714628,725.9583542200752,191.84931276749435,654.6942474605598,0.7966575931039539,1.6447646729794019,-0.22329925884917268,,,2.41,216.84805143400808,3.0191382543264336
1068,,AM,R4017,00,EHZ,61.13513513513514,-149.931698481745,2026-09-13T12:13:59.998000Z,2026-09-13T12:14:59.998000Z,100.0,100.0,60.0,,noise,0,Noise,timeofday:America/Anchorage:day7-19:night1-5,AM,2.0-20.0,212.2399594377523,700.0411759716691,191.50799195778964,647.8527542376288,0.8141782513036901,1.795575766920199,-0.22455526763417,,,2.41,216.84805143400808,2.987588543929275
1069,,AM,R4017,00,EHZ,61.13513513513514,-149.931698481745,2026-09-13T12:14:59.998000Z,2026-09-13T12:15:59.998000Z,100.0,100.0,60.0,,noise,0,Noise,timeofday:America/Anchorage:day7-19:night1-5,AM,2.0-20.0,235.34753242044636,1020.0401847831737,217.72955007867617,957.6910598079415,0.8558850725863675,2.6320673269960055,0.3494006148801061,,,2.41,216.84805143400808,4.416415335414666
1070,,AM,R4017,00,EHZ,61.13513513513514,-149.931698481745,2026-09-13T12:16:59.998000Z,2026-09-13T12:17:59.998000Z,100.0,100.0,60.0,,noise,0,Noise,timeofday:America/Anchorage:day7-19:night1-5,AM,2.0-20.0,282.43875100981944,1979.960519974128,266.29649158743405,2084.694011642162,0.8889602151353693,6.324799388166596,5.59768364180718,,,2.41,216.84805143400808,9.613616529436895
1071,,AM,R4017,00,EHZ,61.13513513513514,-149.931698481745,2026-09-13T12:17:59.998000Z,2026-09-13T12:18:59.998000Z,100.0,100.0,60.0,,noise,0,Noise,timeofday:America/Anchorage:day7-19:night1-5,AM,2.0-20.0,206.98842552180577,751.0385593670136,185.81002120469438,650.5379207142043,0.8058350323185243,1.6698620672884512,-0.18295086691047358,,,2.41,216.84805143400808,2.9999712536599765
1072,,AM,R4017,00,EHZ,61.13513513513514,-149.931698481745,2026-09-13T12:18:59.998000Z,2026-09-13T12:19:59.998000Z,100.0,100.0,60.0,,noise,0,Noise,timeofday:America/Anchorage:day7-19:night1-5,AM,2.0-20.0,222.60772999790885,1062.03812936084,194.72289374372903,799.2519145298579,0.7651622715078998,2.6902013421539115,0.08497182072938214,,,2.41,216.84805143400808,3.6857694097061735
1073,,AM,R4017,00,EHZ,61.13513513513514,-149.931698481745,2026-09-13T12:19:59.998000Z,2026-09-13T12:20:59.998000Z,100.0,100.0,60.0,,noise,0,Noise,timeofday:America/Anchorage:day7-19:night1-5,AM,2.0-20.0,210.02364186462842,781.9620456604797,187.8222420297144,682.7748466863,0.7997563017542282,1.6897685050398712,-0.18736771602123303,,,2.41,216.84805143400808,3.1486326124266983
1074,,AM,R4017,00,EHZ,61.13513513513514,-149.931698481745,2026-09-13T12:20:59.998000Z,2026-09-13T12:21:59.998000Z,100.0,100.0,60.0,,noise,0,Noise,timeofday:America/Anchorage:day7-19:night1-5,AM,2.0-20.0,212.74464250773545,828.0374280177085,186.2092195211802,619.5365806697237,0.7660993524772133,1.5873298418426156,-0.27512197155785056,,,2.41,216.84805143400808,2.8570078290893153
1075,,AM,R4017,00,EHZ,61.13513513513514,-149.931698481745,2026-09-13T12:21:59.998000Z,2026-09-13T12:22:59.998000Z,100.0,100.0,60.0,,noise,0,Noise,timeofday:America/Anchorage:day7-19:night1-5,AM,2.0-20.0,210.78557342122684,821.036409605672,191.38592291915245,789.189909560148,0.8244004390518361,1.6517677396510675,-0.19567547074703873,,,2.41,216.84805143400808,3.639368232000539
1076,,AM,R4017,00,EHZ,61.13513513513514,-149.931698481745,2026-09-13T12:22:59.998000Z,2026-09-13T12:23:59.998000Z,100.0,100.0,60.0,,noise,0,Noise,timeofday:America/Anchorage:day7-19:night1-5,AM,2.0-20.0,247.76628825343934,1621.0358918192971,230.19616474639747,1711.0419778399578,0.8632006083397953,6.35627322145274,4.197869474899191,,,2.41,216.84805143400808,7.890511196779961
1077,,AM,R4017,00,EHZ,61.13513513513514,-149.931698481745,2026-09-13T12:23:59.998000Z,2026-09-13T12:24:59.998000Z,100.0,100.0,60.0,,noise,0,Noise,timeofday:America/Anchorage:day7-19:night1-5,AM,2.0-20.0,485.9896542599443,3036.0353971235154,474.9398545754979,2737.954259435255,0.9550435627051513,3.5468550470140645,3.2444061223896625,,,2.41,216.84805143400808,12.626141859838102
1078,,AM,R4017,00,EHZ,61.13513513513514,-149.931698481745,2026-09-13T12:24:59.998000Z,2026-09-13T12:25:59.998000Z,100.0,100.0,60.0,,noise,0,Noise,timeofday:America/Anchorage:day7-19:night1-5,AM,2.0-20.0,239.39973170007383,1316.9647580416902,222.61431231043642,1186.116041211179,0.8646868341277585,2.3947301007192983,0.49817171373372826,,,2.41,216.84805143400808,5.4698026261589066
1079,,AM,R4017,00,EHZ,61.13513513513514,-149.931698481745,2026-09-13T12:25:59.998000Z,2026-09-13T12:26:59.998000Z,100.0,100.0,60.0,,noise,0,Noise,timeofday:America/Anchorage:day7-19:night1-5,AM,2.0-20.0,221.43308922843437,796.9656931658618,201.97659708464886,719.356027122808,0.8319880028732816,1.7827831218018686,-0.1108275884043306,,,2.41,216.84805143400808,3.3173276050475593
1080,,AM,R4017,00,EHZ,61.13513513513514,-149.931698481745,2026-09-13T12:26:59.998000Z,2026-09-13T12:27:59.998000Z,100.0,100.0,60.0,,noise,0,Noise,timeofday:America/Anchorage:day7-19:night1-5,AM,2.0-20.0,211.0827386524902,752.0341911116221,192.29170067489895,660.116137058958,0.8298806539380323,1.8255663257275636,-0.23473740903700202,,,2.41,216.84805143400808,3.0441414284962884
1081,,AM,R4017,00,EHZ,61.13513513513514,-149.931698481745,2026-09-13T12:27:59.998000Z,2026-09-13T12:28:59.998000Z,100.0,100.0,60.0,,noise,0,Noise,timeofday:America/Anchorage:day7-19:night1-5,AM,2.0-20.0,205.08967655025816,696.9666528181741,186.88452379810155,639.6556311453784,0.8303459585402422,1.6590501884500077,-0.276885832591522,,,2.41,216.84805143400808,2.949787313814256
1082,,AM,R4017,00,EHZ,61.13513513513514,-149.931698481745,2026-09-13T12:28:59.998000Z,2026-09-13T12:29:59.998000Z,100.0,100.0,60.0,,noise,0,Noise,timeofday:America/Anchorage:day7-19:night1-5,AM,2.0-20.0,211.68378132545968,876.9671005241479,192.44715018746416,790.4327510332121,0.8265094036429589,1.6442826520876923,-0.1275805949607749,,,2.41,216.84805143400808,3.6450996253187875
1083,,AM,R4017,00,EHZ,61.13513513513514,-149.931698481745,2026-09-13T12:29:59.998000Z,2026-09-13T12:30:59.998000Z,100.0,100.0,60.0,,noise,0,Noise,timeofday:America/Anchorage:day7-19:night1-5,AM,2.0-20.0,222.41215747081006,1094.9677705107867,199.18501997949338,1072.672257484503,0.8020405039561124,2.552000294509214,0.173749637236015,,,2.41,216.84805143400808,4.946653891473598
1084,,AM,R4017,00,EHZ,61.13513513513514,-149.931698481745,2026-09-13T12:30:59.998000Z,2026-09-13T12:31:59.998000Z,100.0,100.0,60.0,,noise,0,Noise,timeofday:America/Anchorage:day7-19:night1-5,AM,2.0-20.0,269.5255496472682,1357.0317743259686,250.82853884212716,1441.3456317269224,0.8660720351265444,2.9227223141971814,1.5176940013935711,,,2.41,216.84805143400808,6.646800015934464
1085,,AM,R4017,00,EHZ,61.13513513513514,-149.931698481745,2026-09-13T12:31:59.998000Z,2026-09-13T12:32:59.998000Z,100.0,100.0,60.0,,noise,0,Noise,timeofday:America/Anchorage:day7-19:night1-5,AM,2.0-20.0,235.48008803396323,778.9688901800263,216.827558010437,832.1313268315489,0.8478530334213549,1.767717424328179,-0.1262698887175473,,,2.41,216.84805143400808,3.8373936096206327
1086,,AM,R4017,00,EHZ,61.13513513513514,-149.931698481745,2026-09-13T12:32:59.998000Z,2026-09-13T12:33:59.998000Z,100.0,100.0,60.0,,noise,0,Noise,timeofday:America/Anchorage:day7-19:night1-5,AM,2.0-20.0,475.74476271497485,2935.030725635602,461.19660815030124,3297.1493882268037,0.9397756265831327,5.603268683091284,5.156567239471137,,,2.41,216.84805143400808,15.204883633599092
1087,,AM,R4017,00,EHZ,61.13513513513514,-149.931698481745,2026-09-13T12:33:59.998000Z,2026-09-13T12:34:59.998000Z,100.0,100.0,60.0,,noise,0,Noise,timeofday:America/Anchorage:day7-19:night1-5,AM,2.0-20.0,247.75098456493052,1424.030379456369,228.51952721290726,1356.0662917292539,0.8507772253161273,4.009779349166569,2.1234867271148117,,,2.41,216.84805143400808,6.2535322902910035
1088,,AM,R4017,00,EHZ,61.13513513513514,-149.931698481745,2026-09-13T12:34:59.998000Z,2026-09-13T12:35:59.998000Z,100.0,100.0,60.0,,noise,0,Noise,timeofday:America/Anchorage:day7-19:night1-5,AM,2.0-20.0,209.4615828971111,765.0294987792832,188.5291274321753,634.0956489302516,0.810117758973666,1.6068497280063236,-0.29909578777539503,,,2.41,216.84805143400808,2.9241473222240213
1089,,AM,R4017,00,EHZ,61.13513513513514,-149.931698481745,2026-09-13T12:35:59.998000Z,2026-09-13T12:36:59.998000Z,100.0,100.0,60.0,,noise,0,Noise,timeofday:America/Anchorage:day7-19:night1-5,AM,2.0-20.0,204.9008769910884,736.0290906956935,183.76256188162017,719.6180870055944,0.8043155021391917,1.634402122749199,-0.09683481635347668,,,2.41,216.84805143400808,3.3185361004942715
1090,,AM,R4017,00,EHZ,61.13513513513514,-149.931698481745,2026-09-13T12:36:59.998000Z,2026-09-13T12:37:59.998000Z,100.0,100.0,60.0,,noise,0,Noise,timeofday:America/Anchorage:day7-19:night1-5,AM,2.0-20.0,215.42298179850147,867.971486389485,189.5131784120145,648.0028525669146,0.7739176743928278,1.7766819870799002,-0.19944979712164423,,,2.41,216.84805143400808,2.9882807259816073
1091,,AM,R4017,00,EHZ,61.13513513513514,-149.931698481745,2026-09-13T12:37:59.998000Z,2026-09-13T12:38:59.998000Z,100.0,100.0,60.0,,noise,0,Noise,timeofday:America/Anchorage:day7-19:night1-5,AM,2.0-20.0,205.34860947148366,763.0278506319147,184.57568688649891,676.2710645524627,0.8079145952670558,1.7406198863178597,-0.09934386330657219,,,2.41,216.84805143400808,3.118640264832021
1092,,AM,R4017,00,EHZ,61.13513513513514,-149.931698481745,2026-09-13T12:38:59.998000Z,2026-09-13T12:39:59.998000Z,100.0,100.0,60.0,,noise,0,Noise,timeofday:America/Anchorage:day7-19:night1-5,AM,2.0-20.0,206.41533779921218,705.0277468590058,186.17034387422044,691.8421506018915,0.813461629984829,1.5671395081642683,-0.18112136685855829,,,2.41,216.84805143400808,3.1904467023188134
1093,,AM,R4017,00,EHZ,61.13513513513514,-149.931698481745,2026-09-13T12:39:59.998000Z,2026-09-13T12:40:59.998000Z,100.0,100.0,60.0,,noise,0,Noise,timeofday:America/Anchorage:day7-19:night1-5,AM,2.0-20.0,224.5220306521151,1301.0267374316347,204.05700981699388,1239.7474863357374,0.8260096361259808,3.5974776851604107,0.5854937009828189,,,2.41,216.84805143400808,5.717125324102907
1094,,AM,R4017,00,EHZ,61.13513513513514,-149.931698481745,2026-09-13T12:40:59.998000Z,2026-09-13T12:41:59.998000Z,100.0,100.0,60.0,,noise,0,Noise,timeofday:America/Anchorage:day7-19:night1-5,AM,2.0-20.0,206.890643096329,789.9738474702034,186.48003074600075,674.299420532866,0.8124244126502302,1.396943870021858,-0.18046773140530803,,,2.41,216.84805143400808,3.1095479810574687
1095,,AM,R4017,00,EHZ,61.13513513513514,-149.931698481745,2026-09-13T12:41:59.998000Z,2026-09-13T12:42:59.998000Z,100.0,100.0,60.0,,noise,0,Noise,timeofday:America/Anchorage:day7-19:night1-5,AM,2.0-20.0,431.64072833231364,3982.0256755338078,411.2690853867373,4264.618373245579,0.9078357841172737,4.979530588808163,17.110843770573496,,,2.41,216.84805143400808,19.66639010608496
1096,,AM,R4017,00,EHZ,61.13513513513514,-149.931698481745,2026-09-13T12:42:59.998000Z,2026-09-13T12:43:59.998000Z,100.0,100.0,60.0,,noise,0,Noise,timeofday:America/Anchorage:day7-19:night1-5,AM,2.0-20.0,223.87914923834668,1065.9744241959968,199.99167443663274,1166.735606012878,0.7979883248567378,3.0230901598791964,0.39045400271236197,,,2.41,216.84805143400808,5.380429283534248
1097,,AM,R4017,00,EHZ,61.13513513513514,-149.931698481745,2026-09-13T12:43:59.998000Z,2026-09-13T12:44:59.998000Z,100.0,100.0,60.0,,noise,0,Noise,timeofday:America/Anchorage:day7-19:night1-5,AM,2.0-20.0,209.99867722851812,726.0247790437053,189.5658699162206,665.549967177868,0.8148678400662726,1.689330364939411,-0.19226272042277825,,,2.41,216.84805143400808,3.069199666663412
1098,,AM,R4017,00,EHZ,61.13513513513514,-149.931698481745,2026-09-13T12:44:59.998000Z,2026-09-13T12:45:59.998000Z,100.0,100.0,60.0,,noise,0,Noise,timeofday:America/Anchorage:day7-19:night1-5,AM,2.0-20.0,297.8648301954077,1454.9759396398301,262.007621975023,1159.6042717868884,0.773729927147725,2.6103510051929932,0.6662267681660343,,,2.41,216.84805143400808,5.347542964386669
1099,,AM,R4017,00,EHZ,61.13513513513514,-149.931698481745,2026-09-13T12:45:59.998000Z,2026-09-13T12:46:59.998000Z,100.0,100.0,60.0,,noise,0,Noise,timeofday:America/Anchorage:day7-19:night1-5,AM,2.0-20.0,249.7208173029704,1859.976492286715,223.93434991770624,1793.3455325302161,0.8041405032512657,4.735976208772589,2.6354347130879674,,,2.41,216.84805143400808,8.270056016970818
1100,,AM,R4017,00,EHZ,61.13513513513514,-149.931698481745,2026-09-13T12:46:59.998000Z,2026-09-13T12:47:59.998000Z,100.0,100.0,60.0,,noise,0,Noise,timeofday:America/Anchorage:day7-19:night1-5,AM,2.0-20.0,233.93645103072856,936.0231352988259,212.800559321876,983.8088250109461,0.8274651961472695,2.9696928274551997,0.3597254601990847,,,2.41,216.84805143400808,4.536858037252606
1101,,AM,R4017,00,EHZ,61.13513513513514,-149.931698481745,2026-09-13T12:47:59.998000Z,2026-09-13T12:48:59.998000Z,100.0,100.0,60.0,,noise,0,Noise,timeofday:America/Anchorage:day7-19:night1-5,AM,2.0-20.0,339.8873920219695,1839.0224505773288,309.7607376300618,1611.9803204405762,0.8305822194655197,3.551962394343196,1.6013578669668362,,,2.41,216.84805143400808,7.433685983252376
1102,,AM,R4017,00,EHZ,61.13513513513514,-149.931698481745,2026-09-13T12:48:59.998000Z,2026-09-13T12:49:59.998000Z,100.0,100.0,60.0,,noise,0,Noise,timeofday:America/Anchorage:day7-19:night1-5,AM,2.0-20.0,335.3507093310607,2915.9778546318166,312.9642509008786,2612.235516595508,0.8709455519522766,5.674127984793111,9.793414303725593,,,2.41,216.84805143400808,12.046386856238238
1103,,AM,R4017,00,EHZ,61.13513513513514,-149.931698481745,2026-09-13T12:49:59.998000Z,2026-09-13T12:50:59.998000Z,100.0,100.0,60.0,,noise,0,Noise,timeofday:America/Anchorage:day7-19:night1-5,AM,2.0-20.0,213.1723247548821,899.978362085826,191.46684348380006,790.8341761165789,0.8067249936458261,1.7556690737865277,-0.13339336931299606,,,2.41,216.84805143400808,3.6469508067368923
1104,,AM,R4017,00,EHZ,61.13513513513514,-149.931698481745,2026-09-13T12:50:59.998000Z,2026-09-13T12:51:59.998000Z,100.0,100.0,60.0,,noise,0,Noise,timeofday:America/Anchorage:day7-19:night1-5,AM,2.0-20.0,230.70463538934553,943.0209808654537,182.64954742711453,657.6566456517829,0.6267936091555356,1.5578671345012864,-0.22494918855383972,,,2.41,216.84805143400808,3.0327994247710506
1105,,AM,R4017,00,EHZ,61.13513513513514,-149.931698481745,2026-09-13T12:51:59.998000Z,2026-09-13T12:52:59.998000Z,100.0,100.0,60.0,,noise,0,Noise,timeofday:America/Anchorage:day7-19:night1-5,AM,2.0-20.0,217.25960481471887,1214.0203965026951,194.66731644752147,989.8031881814421,0.8028383571699514,3.3561077930021033,0.26770087769614115,,,2.41,216.84805143400808,4.5645011870566075
1106,,AM,R4017,00,EHZ,61.13513513513514,-149.931698481745,2026-09-13T12:52:59.998000Z,2026-09-13T12:53:59.998000Z,100.0,100.0,60.0,,noise,0,Noise,timeofday:America/Anchorage:day7-19:night1-5,AM,2.0-20.0,213.5302846279047,826.9799395238632,192.37948639968607,896.3303072547677,0.8117056407293634,1.6625553161432103,-0.07766110525751602,,,2.41,216.84805143400808,4.133448750530008
1107,,AM,R4017,00,EHZ,61.13513513513514,-149.931698481745,2026-09-13T12:53:59.998000Z,2026-09-13T12:54:59.998000Z,100.0,100.0,60.0,,noise,0,Noise,timeofday:America/Anchorage:day7-19:night1-5,AM,2.0-20.0,290.26018442674984,2322.980686329408,274.97791669839404,2194.4763873120737,0.8974715719768492,4.22846548199871,6.705058499224233,,,2.41,216.84805143400808,10.119880592885586
1108,,AM,R4017,00,EHZ,61.13513513513514,-149.931698481745,2026-09-13T12:54:59.998000Z,2026-09-13T12:55:59.998000Z,100.0,100.0,60.0,,noise,0,Noise,timeofday:America/Anchorage:day7-19:night1-5,AM,2.0-20.0,213.91647300095013,879.9811272070336,194.06308385763674,732.5355670369654,0.8229953815538729,1.8503196110013154,-0.0753439229020123,,,2.41,216.84805143400808,3.3781053700632078
1109,,AM,R4017,00,EHZ,61.13513513513514,-149.931698481745,2026-09-13T12:55:59.998000Z,2026-09-13T12:56:59.998000Z,100.0,100.0,60.0,,noise,0,Noise,timeofday:America/Anchorage:day7-19:night1-5,AM,2.0-20.0,216.99962883982306,777.0185713573802,197.07673068975174,695.3826860962574,0.82480771819693,1.8452909888363367,-0.1755615180490686,,,2.41,216.84805143400808,3.2067739668293886
1110,,AM,R4017,00,EHZ,61.13513513513514,-149.931698481745,2026-09-13T12:56:59.998000Z,2026-09-13T12:57:59.998000Z,100.0,100.0,60.0,,noise,0,Noise,timeofday:America/Anchorage:day7-19:night1-5,AM,2.0-20.0,219.9610808802217,790.0179727988426,199.0652009742649,687.4442552422317,0.8190284789262805,1.5479281241459075,-0.25671776335269847,,,2.41,216.84805143400808,3.170165702187262
1111,,AM,R4017,00,EHZ,61.13513513513514,-149.931698481745,2026-09-13T12:57:59.998000Z,2026-09-13T12:58:59.998000Z,100.0,100.0,60.0,,noise,0,Noise,timeofday:America/Anchorage:day7-19:night1-5,AM,2.0-20.0,248.57978113709873,1141.9830196475057,224.26711294636425,1067.7663815085161,0.8139534756376443,3.378799805705743,0.8482368289246693,,,2.41,216.84805143400808,4.924030326523189
1112,,AM,R4017,00,EHZ,61.13513513513514,-149.931698481745,2026-09-13T12:58:59.998000Z,2026-09-13T12:59:59.998000Z,100.0,100.0,60.0,,noise,0,Noise,timeofday:America/Anchorage:day7-19:night1-5,AM,2.0-20.0,292.8422931490343,1218.016944503673,255.84305990718045,1163.8179802598818,0.7632726191941173,2.3433315108079076,0.5410876728512584,,,2.41,216.84805143400808,5.366974582264387
1113,,AM,R4017,00,EHZ,61.13513513513514,-149.931698481745,2026-09-13T12:59:59.998000Z,2026-09-13T13:00:59.998000Z,100.0,100.0,60.0,,noise,0,Noise,timeofday:America/Anchorage:day7-19:night1-5,AM,2.0-20.0,255.262488421334,1438.9840607009035,235.4829685715575,1213.2596452656633,0.8510302683491299,3.763230466682103,1.2321190723668618,,,2.41,216.84805143400808,5.594976008511132
1114,,AM,R4017,00,EHZ,61.13513513513514,-149.931698481745,2026-09-13T15:01:59.998000Z,2026-09-13T15:02:59.998000Z,100.0,100.0,60.0,,traffic,1,Traffic,timeofday:America/Anchorage:day7-19:night1-5,AM,2.0-20.0,245.59010098443596,1259.049838797863,221.82699558206534,1298.7507354420184,0.815843915545114,2.939765693349816,1.066508909289115,,,2.41,216.84805143400808,5.989220225191917
1115,,AM,R4017,00,EHZ,61.13513513513514,-149.931698481745,2026-09-13T15:03:59.998000Z,2026-09-13T15:04:59.998000Z,100.0,100.0,60.0,,traffic,1,Traffic,timeofday:America/Anchorage:day7-19:night1-5,AM,2.0-20.0,239.91024746410858,874.9492749545562,209.25800717724647,779.5102016656651,0.7607931134131002,1.833173638508125,-0.04037405109143499,,,2.41,216.84805143400808,3.5947300264438313
1116,,AM,R4017,00,EHZ,61.13513513513514,-149.931698481745,2026-09-13T15:08:59.998000Z,2026-09-13T15:09:59.998000Z,100.0,100.0,60.0,,traffic,1,Traffic,timeofday:America/Anchorage:day7-19:night1-5,AM,2.0-20.0,247.01022840883303,918.9466751512256,216.99006227703433,920.4214675560956,0.7717023351060814,2.64527914016494,0.1987747330226819,,,2.41,216.84805143400808,4.244545715164986
1117,,AM,R4017,00,EHZ,61.13513513513514,-149.931698481745,2026-09-13T15:09:59.998000Z,2026-09-13T15:10:59.998000Z,100.0,100.0,60.0,,traffic,1,Traffic,timeofday:America/Anchorage:day7-19:night1-5,AM,2.0-20.0,408.59017782836764,4370.946213698716,351.94832160604943,4647.724734421561,0.7419624937572491,8.288711693164926,23.099406435303226,,,2.41,216.84805143400808,21.433094296611525
1118,,AM,R4017,00,EHZ,61.13513513513514,-149.931698481745,2026-09-13T15:11:59.998000Z,2026-09-13T15:12:59.998000Z,100.0,100.0,60.0,,traffic,1,Traffic,timeofday:America/Anchorage:day7-19:night1-5,AM,2.0-20.0,253.80731834766496,1104.054947839072,199.0165326195387,756.6642861604844,0.6148512069319413,2.134701958739202,-0.09026565530206154,,,2.41,216.84805143400808,3.4893755381092504
1119,,AM,R4017,00,EHZ,61.13513513513514,-149.931698481745,2026-09-13T15:13:59.998000Z,2026-09-13T15:14:59.998000Z,100.0,100.0,60.0,,traffic,1,Traffic,timeofday:America/Anchorage:day7-19:night1-5,AM,2.0-20.0,275.66016208192354,1314.0561751446264,243.60491349384563,1099.8222878605866,0.7809515174868543,3.3413090167601855,0.2243315446921108,,,2.41,216.84805143400808,5.071856908962302
1120,,AM,R4017,00,EHZ,61.13513513513514,-149.931698481745,2026-09-13T15:17:59.998000Z,2026-09-13T15:18:59.998000Z,100.0,100.0,60.0,,traffic,1,Traffic,timeofday:America/Anchorage:day7-19:night1-5,AM,2.0-20.0,292.75243680316186,1204.9419676348,254.4523154204827,1098.1284408005974,0.7554605262400896,2.496450138848075,0.027787035953923844,,,2.41,216.84805143400808,5.064045692542382
1121,,AM,R4017,00,EHZ,61.13513513513514,-149.931698481745,2026-09-13T15:23:59.998000Z,2026-09-13T15:24:59.998000Z,100.0,100.0,60.0,,traffic,1,Traffic,timeofday:America/Anchorage:day7-19:night1-5,AM,2.0-20.0,242.43116761563866,949.9386797856488,217.48498628935556,938.2564745877812,0.8047883050658683,2.5727629625457995,0.08363499497630267,,,2.41,216.84805143400808,4.326792278662991
1122,,AM,R4017,00,EHZ,61.13513513513514,-149.931698481745,2026-09-13T15:25:59.998000Z,2026-09-13T15:26:59.998000Z,100.0,100.0,60.0,,traffic,1,Traffic,timeofday:America/Anchorage:day7-19:night1-5,AM,2.0-20.0,384.91441311334296,2998.937195338919,365.4709886894705,2787.8373340136127,0.901524365936639,4.770102931326922,9.824574794049555,,,2.41,216.84805143400808,12.85617885693576
1123,,AM,R4017,00,EHZ,61.13513513513514,-149.931698481745,2026-09-13T15:30:59.998000Z,2026-09-13T15:31:59.998000Z,100.0,100.0,60.0,,traffic,1,Traffic,timeofday:America/Anchorage:day7-19:night1-5,AM,2.0-20.0,364.7451532598507,1780.934844860108,328.9250655207071,1976.4924792281356,0.8132327882167619,2.8890912410268204,1.6637190333397243,,,2.41,216.84805143400808,9.114642562650042
1124,,AM,R4017,00,EHZ,61.13513513513514,-149.931698481745,2026-09-13T15:35:59.998000Z,2026-09-13T15:36:59.998000Z,100.0,100.0,60.0,,traffic,1,Traffic,timeofday:America/Anchorage:day7-19:night1-5,AM,2.0-20.0,315.091800635705,1394.0680196315195,287.8763095135577,1300.0371255511468,0.8347139064384062,3.3876437587963206,1.2540474553839847,,,2.41,216.84805143400808,5.995152444091841
1125,,AM,R4017,00,EHZ,61.13513513513514,-149.931698481745,2026-09-13T15:37:59.998000Z,2026-09-13T15:38:59.998000Z,100.0,100.0,60.0,,traffic,1,Traffic,timeofday:America/Anchorage:day7-19:night1-5,AM,2.0-20.0,253.3480882952719,1001.9311959171783,217.54486020569297,939.6057730494739,0.7373308255159683,2.758464069661098,0.4072873844877991,,,2.41,216.84805143400808,4.333014600942438
1126,,AM,R4017,00,EHZ,61.13513513513514,-149.931698481745,2026-09-13T15:40:59.998000Z,2026-09-13T15:41:59.998000Z,100.0,100.0,60.0,,traffic,1,Traffic,timeofday:America/Anchorage:day7-19:night1-5,AM,2.0-20.0,327.43284431844677,2500.0707927490776,304.4802541143891,2303.34457830437,0.8647165783738214,6.163138837395042,5.124984077121939,,,2.41,216.84805143400808,10.62192887172579
1127,,AM,R4017,00,EHZ,61.13513513513514,-149.931698481745,2026-09-13T15:42:59.998000Z,2026-09-13T15:43:59.998000Z,100.0,100.0,60.0,,traffic,1,Traffic,timeofday:America/Anchorage:day7-19:night1-5,AM,2.0-20.0,320.97233206015005,1648.9283726651768,296.8689410426094,1762.4175025481118,0.8554494103566359,3.6576084034900944,2.2682034570661465,,,2.41,216.84805143400808,8.127430663514431
1128,,AM,R4017,00,EHZ,61.13513513513514,-149.931698481745,2026-09-13T15:45:59.998000Z,2026-09-13T15:46:59.998000Z,100.0,100.0,60.0,,traffic,1,Traffic,timeofday:America/Anchorage:day7-19:night1-5,AM,2.0-20.0,362.02876555593446,2481.9267894769537,338.7235407409107,2298.2848671704614,0.8753960890919592,4.734447871515376,3.7259474376715582,,,2.41,216.84805143400808,10.598595892248001
1129,,AM,R4017,00,EHZ,61.13513513513514,-149.931698481745,2026-09-13T15:48:59.998000Z,2026-09-13T15:49:59.998000Z,100.0,100.0,60.0,,traffic,1,Traffic,timeofday:America/Anchorage:day7-19:night1-5,AM,2.0-20.0,499.5360284287625,3298.924830999177,482.8799093438056,3351.7709737430996,0.9344254100807975,6.427423366108066,6.558263734317752,,,2.41,216.84805143400808,15.456772387752451
1130,,AM,R4017,00,EHZ,61.13513513513514,-149.931698481745,2026-09-13T15:50:59.998000Z,2026-09-13T15:51:59.998000Z,100.0,100.0,60.0,,traffic,1,Traffic,timeofday:America/Anchorage:day7-19:night1-5,AM,2.0-20.0,369.4617326386793,2192.9242062054136,346.0661835486422,2079.458839650247,0.8773631746314088,5.355255943110934,3.5936576300176775,,,2.41,216.84805143400808,9.58947440799612
1131,,AM,R4017,00,EHZ,61.13513513513514,-149.931698481745,2026-09-13T15:52:59.998000Z,2026-09-13T15:53:59.998000Z,100.0,100.0,60.0,,traffic,1,Traffic,timeofday:America/Anchorage:day7-19:night1-5,AM,2.0-20.0,248.4513207994117,1118.0773449973974,219.86918006115926,1009.2988295005225,0.7831520588058115,2.0107529923997234,0.34608924633857674,,,2.41,216.84805143400808,4.654405805475617
1132,,AM,R4017,00,EHZ,61.13513513513514,-149.931698481745,2026-09-13T15:55:59.998000Z,2026-09-13T15:56:59.998000Z,100.0,100.0,60.0,,traffic,1,Traffic,timeofday:America/Anchorage:day7-19:night1-5,AM,2.0-20.0,378.3225181811636,2509.07847257314,354.19971070550577,2518.9229918360884,0.876540567761586,2.5933432904761915,5.689364370785292,,,2.41,216.84805143400808,11.616073906030257
1133,,AM,R4017,00,EHZ,61.13513513513514,-149.931698481745,2026-09-13T16:00:59.998000Z,2026-09-13T16:01:59.998000Z,100.0,100.0,60.0,,traffic,1,Traffic,timeofday:America/Anchorage:day7-19:night1-5,AM,2.0-20.0,364.83205957651086,3501.081163031763,341.5625778128193,3275.7612798802456,0.8765053581411171,5.189979915596647,10.326857614621108,,,2.41,216.84805143400808,15.106251858007292
1134,,AM,R4017,00,EHZ,61.13513513513514,-149.931698481745,2026-09-13T16:01:59.998000Z,2026-09-13T16:02:59.998000Z,100.0,100.0,60.0,,traffic,1,Traffic,timeofday:America/Anchorage:day7-19:night1-5,AM,2.0-20.0,260.76769983783186,1886.081849370498,231.50134217255513,1968.40161736467,0.7881328581107759,5.886598650098649,5.3375974709544725,,,2.41,216.84805143400808,9.077331358744999
1135,,AM,R4017,00,EHZ,61.13513513513514,-149.931698481745,2026-09-13T16:07:59.998000Z,2026-09-13T16:08:59.998000Z,100.0,100.0,60.0,,traffic,1,Traffic,timeofday:America/Anchorage:day7-19:night1-5,AM,2.0-20.0,1178.6233195907707,13459.085325807813,1160.3214782797727,13551.585239462991,0.9691848207513499,7.500361906369124,24.541095433786413,,,2.41,216.84805143400808,62.49346097346443
1136,,AM,R4017,00,EHZ,61.13513513513514,-149.931698481745,2026-09-13T16:08:59.998000Z,2026-09-13T16:09:59.998000Z,100.0,100.0,60.0,,traffic,1,Traffic,timeofday:America/Anchorage:day7-19:night1-5,AM,2.0-20.0,460.7139067649579,4309.914364760246,424.86358535792334,4052.329689084125,0.8504256996480171,5.8993548359628845,10.18295556330555,,,2.41,216.84805143400808,18.68741573782296
1137,,AM,R4017,00,EHZ,61.13513513513514,-149.931698481745,2026-09-13T16:15:59.998000Z,2026-09-13T16:16:59.998000Z,100.0,100.0,60.0,,traffic,1,Traffic,timeofday:America/Anchorage:day7-19:night1-5,AM,2.0-20.0,360.41457806655404,1775.0896114042669,290.7470592941856,1581.0049622016795,0.6507676617151541,4.893289533508387,2.0703695366311026,,,2.41,216.84805143400808,7.290842374402502
1138,,AM,R4017,00,EHZ,61.13513513513514,-149.931698481745,2026-09-13T16:17:59.998000Z,2026-09-13T16:18:59.998000Z,100.0,100.0,60.0,,traffic,1,Traffic,timeofday:America/Anchorage:day7-19:night1-5,AM,2.0-20.0,663.8204364947006,7075.090359557512,650.8819352569792,7104.582509957906,0.9613979667012389,5.187610573483421,15.750205866192577,,,2.41,216.84805143400808,32.76295296626171
1139,,AM,R4017,00,EHZ,61.13513513513514,-149.931698481745,2026-09-13T16:19:59.998000Z,2026-09-13T16:20:59.998000Z,100.0,100.0,60.0,,traffic,1,Traffic,timeofday:America/Anchorage:day7-19:night1-5,AM,2.0-20.0,367.67539398895707,2732.091582730115,343.24876437810764,2409.778766010121,0.8715430261906426,5.742922342223644,4.488575054043893,,,2.41,216.84805143400808,11.112752685921519
1140,,AM,R4017,00,EHZ,61.13513513513514,-149.931698481745,2026-09-13T16:20:59.998000Z,2026-09-13T16:21:59.998000Z,100.0,100.0,60.0,,traffic,1,Traffic,timeofday:America/Anchorage:day7-19:night1-5,AM,2.0-20.0,304.2441890058265,1754.9080528517763,280.83737658791256,1828.5434144193232,0.852050294358175,3.9412558722966495,2.174386377991026,,,2.41,216.84805143400808,8.432371895099973
1141,,AM,R4017,00,EHZ,61.13513513513514,-149.931698481745,2026-09-13T16:24:59.998000Z,2026-09-13T16:25:59.998000Z,100.0,100.0,60.0,,traffic,1,Traffic,timeofday:America/Anchorage:day7-19:night1-5,AM,2.0-20.0,344.6567394952772,2352.0943378783422,316.28858884525533,2322.603594617737,0.8421578414356415,5.458338245584107,3.3797056626380817,,,2.41,216.84805143400808,10.710742288244907
1142,,AM,R4017,00,EHZ,61.13513513513514,-149.931698481745,2026-09-13T16:28:59.998000Z,2026-09-13T16:29:59.998000Z,100.0,100.0,60.0,,traffic,1,Traffic,timeofday:America/Anchorage:day7-19:night1-5,AM,2.0-20.0,384.27228848556047,3344.09626499963,359.2600292738779,3359.3068692359075,0.8740568251040104,5.656437305706289,9.12639106469844,,,2.41,216.84805143400808,15.491524350903484
1143,,AM,R4017,00,EHZ,61.13513513513514,-149.931698481745,2026-09-13T16:32:59.998000Z,2026-09-13T16:33:59.998000Z,100.0,100.0,60.0,,traffic,1,Traffic,timeofday:America/Anchorage:day7-19:night1-5,AM,2.0-20.0,340.6645243071745,2468.9012774243265,311.40531008868106,2176.117171857125,0.8355995702727613,4.2568401816163215,3.462027204607403,,,2.41,216.84805143400808,10.035216629647088
1144,,AM,R4017,00,EHZ,61.13513513513514,-149.931698481745,2026-09-13T16:33:59.998000Z,2026-09-13T16:34:59.998000Z,100.0,100.0,60.0,,traffic,1,Traffic,timeofday:America/Anchorage:day7-19:night1-5,AM,2.0-20.0,840.3554176207615,5488.098943418799,815.255472074103,5639.134218953489,0.9411556127175356,8.209530145226907,7.503885006439697,,,2.41,216.84805143400808,26.005002957887353
1145,,AM,R4017,00,EHZ,61.13513513513514,-149.931698481745,2026-09-13T16:35:59.998000Z,2026-09-13T16:36:59.998000Z,100.0,100.0,60.0,,traffic,1,Traffic,timeofday:America/Anchorage:day7-19:night1-5,AM,2.0-20.0,521.7344195952827,5208.100161470143,492.6428343686822,5130.760037952448,0.8915903576326116,3.448347226969157,9.476732314794154,,,2.41,216.84805143400808,23.660623206078743
1146,,AM,R4017,00,EHZ,61.13513513513514,-149.931698481745,2026-09-13T16:37:59.998000Z,2026-09-13T16:38:59.998000Z,100.0,100.0,60.0,,traffic,1,Traffic,timeofday:America/Anchorage:day7-19:night1-5,AM,2.0-20.0,525.3388346121079,4356.898862076217,498.6009094612717,4913.274307026458,0.9007973917260796,3.8980725078071297,8.114270648052967,,,2.41,216.84805143400808,22.657682531778164
1147,,AM,R4017,00,EHZ,61.13513513513514,-149.931698481745,2026-09-13T16:38:59.998000Z,2026-09-13T16:39:59.998000Z,100.0,100.0,60.0,,traffic,1,Traffic,timeofday:America/Anchorage:day7-19:night1-5,AM,2.0-20.0,581.0017274196231,3733.898321738324,445.16396974506574,3159.629142341379,0.5870636168490376,6.103904848632357,7.644721280450419,,,2.41,216.84805143400808,14.570705715116503
1148,,AM,R4017,00,EHZ,61.13513513513514,-149.931698481745,2026-09-13T16:50:59.998000Z,2026-09-13T16:51:59.998000Z,100.0,100.0,60.0,,traffic,1,Traffic,timeofday:America/Anchorage:day7-19:night1-5,AM,2.0-20.0,366.08783402512177,2369.108438954275,324.33257491808695,2290.752227687212,0.7848931647637545,4.971580864253883,3.185952084799225,,,2.41,216.84805143400808,10.563858944263288
1149,,AM,R4017,00,EHZ,61.13513513513514,-149.931698481745,2026-09-13T16:55:59.998000Z,2026-09-13T16:56:59.998000Z,100.0,100.0,60.0,,traffic,1,Traffic,timeofday:America/Anchorage:day7-19:night1-5,AM,2.0-20.0,479.29475832672085,3228.889200144701,440.24469541378585,3435.4835638954964,0.843690005880314,3.8351385249672014,5.2943844829799875,,,2.41,216.84805143400808,15.84281500883578
1150,,AM,R4017,00,EHZ,61.13513513513514,-149.931698481745,2026-09-13T16:57:59.998000Z,2026-09-13T16:58:59.998000Z,100.0,100.0,60.0,,traffic,1,Traffic,timeofday:America/Anchorage:day7-19:night1-5,AM,2.0-20.0,525.710654020312,3215.1120828657886,485.11561455705555,3197.310855780925,0.8515241123159439,3.8064408529203595,1.9230855004405818,,,2.41,216.84805143400808,14.744475842126445
1151,,AM,R4017,00,EHZ,61.13513513513514,-149.931698481745,2026-09-13T17:07:59.998000Z,2026-09-13T17:08:59.998000Z,100.0,100.0,60.0,,traffic,1,Traffic,timeofday:America/Anchorage:day7-19:night1-5,AM,2.0-20.0,532.8400180955869,3462.1176804033576,497.14836022413976,3495.5980681219207,0.8705191991089963,4.687544701202915,4.625491846513683,,,2.41,216.84805143400808,16.120034489614554
1152,,AM,R4017,00,EHZ,61.13513513513514,-149.931698481745,2026-09-13T17:09:59.998000Z,2026-09-13T17:10:59.998000Z,100.0,100.0,60.0,,traffic,1,Traffic,timeofday:America/Anchorage:day7-19:night1-5,AM,2.0-20.0,506.5100345671285,2853.118841042681,456.0458501468112,2708.115974316406,0.8106640404890479,4.477038041305401,3.131040803324427,,,2.41,216.84805143400808,12.488541891004951
1153,,AM,R4017,00,EHZ,61.13513513513514,-149.931698481745,2026-09-13T17:13:59.998000Z,2026-09-13T17:14:59.998000Z,100.0,100.0,60.0,,traffic,1,Traffic,timeofday:America/Anchorage:day7-19:night1-5,AM,2.0-20.0,490.2156741918982,3088.879014586778,460.35240840541417,3251.2369371283444,0.8818738251889948,5.763374188393419,5.072910966471511,,,2.41,216.84805143400808,14.993157262092215
1154,,AM,R4017,00,EHZ,61.13513513513514,-149.931698481745,2026-09-13T17:16:59.998000Z,2026-09-13T17:17:59.998000Z,100.0,100.0,60.0,,traffic,1,Traffic,timeofday:America/Anchorage:day7-19:night1-5,AM,2.0-20.0,504.0975527601194,3388.8777045324377,474.11962554974156,3396.5451184632625,0.8845994954244688,6.472578436807577,5.976955316613413,,,2.41,216.84805143400808,15.663249432042559
1155,,AM,R4017,00,EHZ,61.13513513513514,-149.931698481745,2026-09-13T17:17:59.998000Z,2026-09-13T17:18:59.998000Z,100.0,100.0,60.0,,traffic,1,Traffic,timeofday:America/Anchorage:day7-19:night1-5,AM,2.0-20.0,442.8203267630028,2232.8772307709323,411.86154392645136,2154.8123072356034,0.865062309261573,4.6255173584711535,2.0733176275365466,,,2.41,216.84805143400808,9.936968734493624
1156,,AM,R4017,00,EHZ,61.13513513513514,-149.931698481745,2026-09-13T17:20:59.998000Z,2026-09-13T17:21:59.998000Z,100.0,100.0,60.0,,traffic,1,Traffic,timeofday:America/Anchorage:day7-19:night1-5,AM,2.0-20.0,369.12835472389213,2863.8756340158607,328.47015351611515,2574.585881536391,0.791839227913768,4.745089414070068,4.008536292219082,,,2.41,216.84805143400808,11.872764659450478
1157,,AM,R4017,00,EHZ,61.13513513513514,-149.931698481745,2026-09-13T17:21:59.998000Z,2026-09-13T17:22:59.998000Z,100.0,100.0,60.0,,traffic,1,Traffic,timeofday:America/Anchorage:day7-19:night1-5,AM,2.0-20.0,655.9015500091651,4537.874653698814,631.2928764475421,4345.752650207073,0.9263699591394018,4.459250064456595,7.252180025785169,,,2.41,216.84805143400808,20.040542773932128
1158,,AM,R4017,00,EHZ,61.13513513513514,-149.931698481745,2026-09-13T17:26:59.998000Z,2026-09-13T17:27:59.998000Z,100.0,100.0,60.0,,traffic,1,Traffic,timeofday:America/Anchorage:day7-19:night1-5,AM,2.0-20.0,355.67369910155986,2635.127867937911,316.06991494221603,2730.0159790545304,0.7897012322312067,5.861463143871294,4.301272416331582,,,2.41,216.84805143400808,12.589534289107219
1159,,AM,R4017,00,EHZ,61.13513513513514,-149.931698481745,2026-09-13T17:27:59.998000Z,2026-09-13T17:28:59.998000Z,100.0,100.0,60.0,,traffic,1,Traffic,timeofday:America/Anchorage:day7-19:night1-5,AM,2.0-20.0,471.1225768195631,2312.128493719986,419.6262063517106,2190.647287427438,0.7933363836089145,3.0439801545311735,1.0967868943362982,,,2.41,216.84805143400808,10.102222606755141
1160,,AM,R4017,00,EHZ,61.13513513513514,-149.931698481745,2026-09-13T17:29:59.998000Z,2026-09-13T17:30:59.998000Z,100.0,100.0,60.0,,traffic,1,Traffic,timeofday:America/Anchorage:day7-19:night1-5,AM,2.0-20.0,521.5398129030779,4091.8707637871075,473.41763084462247,4073.690131430746,0.82397478492921,3.4710121338165427,9.156515312538607,,,2.41,216.84805143400808,18.78591993099124
1161,,AM,R4017,00,EHZ,61.13513513513514,-149.931698481745,2026-09-13T17:30:59.998000Z,2026-09-13T17:31:59.998000Z,100.0,100.0,60.0,,traffic,1,Traffic,timeofday:America/Anchorage:day7-19:night1-5,AM,2.0-20.0,534.9727461865481,3400.130001706545,497.29953669973804,3401.607266673212,0.8641174865629735,7.219474089318931,3.62376980472414,,,2.41,216.84805143400808,15.686593650155073
1162,,AM,R4017,00,EHZ,61.13513513513514,-149.931698481745,2026-09-13T17:43:59.998000Z,2026-09-13T17:44:59.998000Z,100.0,100.0,60.0,,traffic,1,Traffic,timeofday:America/Anchorage:day7-19:night1-5,AM,2.0-20.0,423.1331107437429,2901.1369788397797,380.9399128342737,2791.6191889592997,0.8105110396407175,4.971870615030972,5.750017677964653,,,2.41,216.84805143400808,12.873618971894956
1163,,AM,R4017,00,EHZ,61.13513513513514,-149.931698481745,2026-09-13T17:45:59.998000Z,2026-09-13T17:46:59.998000Z,100.0,100.0,60.0,,traffic,1,Traffic,timeofday:America/Anchorage:day7-19:night1-5,AM,2.0-20.0,524.8719915799701,3733.1381660737143,487.63534598884337,3649.3768083370273,0.8631446014678024,4.116208282640432,5.409794575724332,,,2.41,216.84805143400808,16.829188845386593
1164,,AM,R4017,00,EHZ,61.13513513513514,-149.931698481745,2026-09-13T17:47:59.998000Z,2026-09-13T17:48:59.998000Z,100.0,100.0,60.0,,traffic,1,Traffic,timeofday:America/Anchorage:day7-19:night1-5,AM,2.0-20.0,433.4907900915653,1873.860911740033,384.78534676026214,1757.000225612617,0.787911247755387,3.447719780181562,0.8207084014561952,,,2.41,216.84805143400808,8.102448760750397
1165,,AM,R4017,00,EHZ,61.13513513513514,-149.931698481745,2026-09-13T17:48:59.998000Z,2026-09-13T17:49:59.998000Z,100.0,100.0,60.0,,traffic,1,Traffic,timeofday:America/Anchorage:day7-19:night1-5,AM,2.0-20.0,375.53538001983134,2315.1396330003454,326.7765528098869,2294.5518348994474,0.7571816071546387,5.501011556773446,3.4624194900542156,,,2.41,216.84805143400808,10.581380924226258
1166,,AM,R4017,00,EHZ,61.13513513513514,-149.931698481745,2026-09-13T17:52:59.998000Z,2026-09-13T17:53:59.998000Z,100.0,100.0,60.0,,traffic,1,Traffic,timeofday:America/Anchorage:day7-19:night1-5,AM,2.0-20.0,592.5640432617492,3485.8580821987625,566.0307553104018,3652.1636577932923,0.9124508256646712,3.8903531305593217,4.407568812602444,,,2.41,216.84805143400808,16.842040468621555
1167,,AM,R4017,00,EHZ,61.13513513513514,-149.931698481745,2026-09-13T17:53:59.998000Z,2026-09-13T17:54:59.998000Z,100.0,100.0,60.0,,traffic,1,Traffic,timeofday:America/Anchorage:day7-19:night1-5,AM,2.0-20.0,391.108283818168,3980.142146820407,356.6501352072507,4025.881479155407,0.83155457421054,6.568605036115944,14.030324665883743,,,2.41,216.84805143400808,18.565449182191873
1168,,AM,R4017,00,EHZ,61.13513513513514,-149.931698481745,2026-09-13T17:55:59.998000Z,2026-09-13T17:56:59.998000Z,100.0,100.0,60.0,,traffic,1,Traffic,timeofday:America/Anchorage:day7-19:night1-5,AM,2.0-20.0,610.5843448124698,3920.143490657095,571.2972419445306,3843.262042931753,0.8754531807632377,4.580606852707384,4.686090567190432,,,2.41,216.84805143400808,17.72329526374069
1169,,AM,R4017,00,EHZ,61.13513513513514,-149.931698481745,2026-09-13T17:56:59.998000Z,2026-09-13T17:57:59.998000Z,100.0,100.0,60.0,,traffic,1,Traffic,timeofday:America/Anchorage:day7-19:night1-5,AM,2.0-20.0,651.2203183038894,4695.143945101566,616.1371035562847,4360.282503425702,0.8951562346355217,2.7606135828522493,2.7430621977889054,,,2.41,216.84805143400808,20.107547541199086
1170,,AM,R4017,00,EHZ,61.13513513513514,-149.931698481745,2026-09-13T17:58:59.998000Z,2026-09-13T17:59:59.998000Z,100.0,100.0,60.0,,traffic,1,Traffic,timeofday:America/Anchorage:day7-19:night1-5,AM,2.0-20.0,471.3137340555354,3449.854747090262,413.1566023922642,3408.41473326447,0.7684386566921881,3.8110552547830814,5.10465870595246,,,2.41,216.84805143400808,15.71798644592262
1171,,AM,R4017,00,EHZ,61.13513513513514,-149.931698481745,2026-09-13T17:59:59.998000Z,2026-09-13T18:00:59.998000Z,100.0,100.0,60.0,,traffic,1,Traffic,timeofday:America/Anchorage:day7-19:night1-5,AM,2.0-20.0,510.54795750170473,4681.145299989393,471.06934168380496,4322.140097910162,0.8513273664585043,5.081420894260983,13.88687151880168,,,2.41,216.84805143400808,19.931652921610365
1172,,AM,R4017,00,EHZ,61.13513513513514,-149.931698481745,2026-09-13T18:05:59.998000Z,2026-09-13T18:06:59.998000Z,100.0,100.0,60.0,,traffic,1,Traffic,timeofday:America/Anchorage:day7-19:night1-5,AM,2.0-20.0,448.0421505790928,3113.1490140711585,393.8533842470223,3417.107074355489,0.7727364827501404,4.966310627273124,6.988836979498696,,,2.41,216.84805143400808,15.758071385738942
1173,,AM,R4017,00,EHZ,61.13513513513514,-149.931698481745,2026-09-13T18:11:59.998000Z,2026-09-13T18:12:59.998000Z,100.0,100.0,60.0,,traffic,1,Traffic,timeofday:America/Anchorage:day7-19:night1-5,AM,2.0-20.0,422.94267573462145,1855.1521264497576,367.34143991580527,1930.6396693399563,0.7543568372792641,4.875017286745635,1.3259483023097385,,,2.41,216.84805143400808,8.903191228017537
1174,,AM,R4017,00,EHZ,61.13513513513514,-149.931698481745,2026-09-13T18:12:59.998000Z,2026-09-13T18:13:59.998000Z,100.0,100.0,60.0,,traffic,1,Traffic,timeofday:America/Anchorage:day7-19:night1-5,AM,2.0-20.0,509.19938348530656,3124.152327975845,470.9950362949287,2938.298570109361,0.855572707248633,4.958979966500777,3.596511481541927,,,2.41,216.84805143400808,13.55003446274247
1175,,AM,R4017,00,EHZ,61.13513513513514,-149.931698481745,2026-09-13T18:13:59.998000Z,2026-09-13T18:14:59.998000Z,100.0,100.0,60.0,,traffic,1,Traffic,timeofday:America/Anchorage:day7-19:night1-5,AM,2.0-20.0,1199.2300475403188,13150.846863583793,1178.099220773049,14686.200758437517,0.9650698199880658,7.411238614288402,23.0178940346454,,,2.41,216.84805143400808,67.72576770378252
1176,,AM,R4017,00,EHZ,61.13513513513514,-149.931698481745,2026-09-13T18:15:59.998000Z,2026-09-13T18:16:59.998000Z,100.0,100.0,60.0,,traffic,1,Traffic,timeofday:America/Anchorage:day7-19:night1-5,AM,2.0-20.0,512.1201688715649,2918.154412867888,474.40481456140475,2903.6111680608556,0.8581326292324302,5.8615730580638745,2.9803006003502652,,,2.41,216.84805143400808,13.39007267466497
1177,,AM,R4017,00,EHZ,61.13513513513514,-149.931698481745,2026-09-13T18:17:59.998000Z,2026-09-13T18:18:59.998000Z,100.0,100.0,60.0,,traffic,1,Traffic,timeofday:America/Anchorage:day7-19:night1-5,AM,2.0-20.0,575.9662069207899,4263.155538736549,543.2894344629965,4340.08146090285,0.8897510557122753,3.8124151949591294,3.811726089990838,,,2.41,216.84805143400808,20.014389948178245
1178,,AM,R4017,00,EHZ,61.13513513513514,-149.931698481745,2026-09-13T18:20:59.998000Z,2026-09-13T18:21:59.998000Z,100.0,100.0,60.0,,traffic,1,Traffic,timeofday:America/Anchorage:day7-19:night1-5,AM,2.0-20.0,713.7175967225551,4276.8431055670035,688.837927321327,4708.500033536112,0.9314966422457104,4.3367328145073465,3.4274824814077256,,,2.41,216.84805143400808,21.713361048895653
1179,,AM,R4017,00,EHZ,61.13513513513514,-149.931698481745,2026-09-13T18:21:59.998000Z,2026-09-13T18:22:59.998000Z,100.0,100.0,60.0,,traffic,1,Traffic,timeofday:America/Anchorage:day7-19:night1-5,AM,2.0-20.0,555.454310668877,4325.842748875714,514.7718364711109,3956.811608054596,0.8588807590427763,5.865769645353095,5.4843092009022545,,,2.41,216.84805143400808,18.246931811876326
1180,,AM,R4017,00,EHZ,61.13513513513514,-149.931698481745,2026-09-13T18:22:59.998000Z,2026-09-13T18:23:59.998000Z,100.0,100.0,60.0,,traffic,1,Traffic,timeofday:America/Anchorage:day7-19:night1-5,AM,2.0-20.0,452.1237746504531,2383.1581757363974,400.8521075868675,2502.802097343741,0.7860563008040223,4.560720291411328,1.8529886896676313,,,2.41,216.84805143400808,11.541732013697168
1181,,AM,R4017,00,EHZ,61.13513513513514,-149.931698481745,2026-09-13T18:24:59.998000Z,2026-09-13T18:25:59.998000Z,100.0,100.0,60.0,,traffic,1,Traffic,timeofday:America/Anchorage:day7-19:night1-5,AM,2.0-20.0,1102.190290039802,7379.840959489374,1065.530167635311,7123.256118131516,0.9345839938565834,5.493513805557251,4.76898238108541,,,2.41,216.84805143400808,32.8490667590771
1182,,AM,R4017,00,EHZ,61.13513513513514,-149.931698481745,2026-09-13T18:31:59.998000Z,2026-09-13T18:32:59.998000Z,100.0,100.0,60.0,,traffic,1,Traffic,timeofday:America/Anchorage:day7-19:night1-5,AM,2.0-20.0,400.7737376916772,1810.1625552226258,368.39172395479375,1789.5095155509664,0.8449309531456707,2.9074136417398986,0.8996797727459116,,,2.41,216.84805143400808,8.252366132492345
1183,,AM,R4017,00,EHZ,61.13513513513514,-149.931698481745,2026-09-13T18:33:59.998000Z,2026-09-13T18:34:59.998000Z,100.0,100.0,60.0,,traffic,1,Traffic,timeofday:America/Anchorage:day7-19:night1-5,AM,2.0-20.0,925.2738986232936,8868.163646500314,903.4741141655976,9452.565552727683,0.953434374135455,3.2934819662747206,18.833387671045333,,,2.41,216.84805143400808,43.59073318952243
1184,,AM,R4017,00,EHZ,61.13513513513514,-149.931698481745,2026-09-13T18:38:59.998000Z,2026-09-13T18:39:59.998000Z,100.0,100.0,60.0,,traffic,1,Traffic,timeofday:America/Anchorage:day7-19:night1-5,AM,2.0-20.0,509.7729012800369,2879.1667541170364,449.21749585280264,2748.6147043716273,0.7765328532903569,3.5643130378894456,1.5949764534552129,,,2.41,216.84805143400808,12.675302757830382
1185,,AM,R4017,00,EHZ,61.13513513513514,-149.931698481745,2026-09-13T18:45:59.998000Z,2026-09-13T18:46:59.998000Z,100.0,100.0,60.0,,traffic,1,Traffic,timeofday:America/Anchorage:day7-19:night1-5,AM,2.0-20.0,533.5934096996806,4115.829633327939,501.60988063314693,3945.9096969814564,0.8837130146963527,5.82755759355738,7.545419915812724,,,2.41,216.84805143400808,18.196657386991962
1186,,AM,R4017,00,EHZ,61.13513513513514,-149.931698481745,2026-09-13T18:47:59.998000Z,2026-09-13T18:48:59.998000Z,100.0,100.0,60.0,,traffic,1,Traffic,timeofday:America/Anchorage:day7-19:night1-5,AM,2.0-20.0,606.9295793945639,4956.828491915802,571.2655591870662,5167.99901526563,0.8859301380442806,6.193555424695409,6.280908928435254,,,2.41,216.84805143400808,23.8323516448031
1187,,AM,R4017,00,EHZ,61.13513513513514,-149.931698481745,2026-09-13T18:50:59.998000Z,2026-09-13T18:51:59.998000Z,100.0,100.0,60.0,,traffic,1,Traffic,timeofday:America/Anchorage:day7-19:night1-5,AM,2.0-20.0,578.5519324610448,4629.826969823319,551.020802573433,5060.5121698364965,0.9070919084156555,7.586752282420201,9.424161333902905,,,2.41,216.84805143400808,23.336673474220856
1188,,AM,R4017,00,EHZ,61.13513513513514,-149.931698481745,2026-09-13T18:53:59.998000Z,2026-09-13T18:54:59.998000Z,100.0,100.0,60.0,,traffic,1,Traffic,timeofday:America/Anchorage:day7-19:night1-5,AM,2.0-20.0,544.5253082045454,4774.1747309741995,512.5251274790216,4741.815924756811,0.8859193461636449,6.928089028800661,12.133911869570637,,,2.41,216.84805143400808,21.86699808183361
1189,,AM,R4017,00,EHZ,61.13513513513514,-149.931698481745,2026-09-13T18:54:59.998000Z,2026-09-13T18:55:59.998000Z,100.0,100.0,60.0,,traffic,1,Traffic,timeofday:America/Anchorage:day7-19:night1-5,AM,2.0-20.0,668.7081120369613,4726.175021538341,641.2465084650823,4345.4893822674185,0.9195531652030215,3.710733072247683,6.199812352027955,,,2.41,216.84805143400808,20.03932870750214
1190,,AM,R4017,00,EHZ,61.13513513513514,-149.931698481745,2026-09-13T18:55:59.998000Z,2026-09-13T18:56:59.998000Z,100.0,100.0,60.0,,traffic,1,Traffic,timeofday:America/Anchorage:day7-19:night1-5,AM,2.0-20.0,397.6826966259371,1982.8243211434012,361.9033583160177,2181.9549336149585,0.8281553968072708,2.6243341208196735,1.889879989993247,,,2.41,216.84805143400808,10.062137608273497
1191,,AM,R4017,00,EHZ,61.13513513513514,-149.931698481745,2026-09-13T18:56:59.998000Z,2026-09-13T18:57:59.998000Z,100.0,100.0,60.0,,traffic,1,Traffic,timeofday:America/Anchorage:day7-19:night1-5,AM,2.0-20.0,554.6205772035574,4047.823444868797,504.89892956304004,4082.354634262736,0.82873740844956,3.927769052043169,4.561783668024313,,,2.41,216.84805143400808,18.8258764940071
1192,,AM,R4017,00,EHZ,61.13513513513514,-149.931698481745,2026-09-13T18:59:59.998000Z,2026-09-13T19:00:59.998000Z,100.0,100.0,60.0,,traffic,1,Traffic,timeofday:America/Anchorage:day7-19:night1-5,AM,2.0-20.0,614.9489618214825,4444.177902022676,590.8521583342527,4543.434273308049,0.923165375421907,5.922234158186467,6.688947200175392,,,2.41,216.84805143400808,20.952156329109197
1193,,AM,R4017,00,EHZ,61.13513513513514,-149.931698481745,2026-09-13T19:01:59.998000Z,2026-09-13T19:02:59.998000Z,100.0,100.0,60.0,,traffic,1,Traffic,timeofday:America/Anchorage:day7-19:night1-5,AM,2.0-20.0,583.7855248454548,4587.178998691165,554.7669218980643,4119.821158611089,0.9030555621779959,4.404502707820915,4.366786776226904,,,2.41,216.84805143400808,18.998654271352063
1194,,AM,R4017,00,EHZ,61.13513513513514,-149.931698481745,2026-09-13T19:05:59.998000Z,2026-09-13T19:06:59.998000Z,100.0,100.0,60.0,,traffic,1,Traffic,timeofday:America/Anchorage:day7-19:night1-5,AM,2.0-20.0,521.9856270418417,2661.818799616113,494.4522235950306,2717.683963611782,0.8972874200354181,5.572498701121203,2.244120593432749,,,2.41,216.84805143400808,12.532664903557302
1195,,AM,R4017,00,EHZ,61.13513513513514,-149.931698481745,2026-09-13T19:08:59.998000Z,2026-09-13T19:09:59.998000Z,100.0,100.0,60.0,,traffic,1,Traffic,timeofday:America/Anchorage:day7-19:night1-5,AM,2.0-20.0,496.8427582877231,3430.182614390823,463.7716363870059,3326.108837061784,0.8713054694551273,4.924278821206209,3.098291905650858,,,2.41,216.84805143400808,15.338430827790935
1196,,AM,R4017,00,EHZ,61.13513513513514,-149.931698481745,2026-09-13T19:09:59.998000Z,2026-09-13T19:10:59.998000Z,100.0,100.0,60.0,,traffic,1,Traffic,timeofday:America/Anchorage:day7-19:night1-5,AM,2.0-20.0,427.8926096801427,2854.8164593798238,388.95417318043235,2792.3278013244126,0.8262801119358005,3.3312201751060178,2.682234089219514,,,2.41,216.84805143400808,12.876886754844477
1197,,AM,R4017,00,EHZ,61.13513513513514,-149.931698481745,2026-09-13T19:10:59.998000Z,2026-09-13T19:11:59.998000Z,100.0,100.0,60.0,,traffic,1,Traffic,timeofday:America/Anchorage:day7-19:night1-5,AM,2.0-20.0,804.861227528969,8258.18377844432,778.2950929963687,8109.283987974565,0.935075269829194,6.88439107009135,15.667577527192414,,,2.41,216.84805143400808,37.39615797489612
1198,,AM,R4017,00,EHZ,61.13513513513514,-149.931698481745,2026-09-13T19:17:59.998000Z,2026-09-13T19:18:59.998000Z,100.0,100.0,60.0,,traffic,1,Traffic,timeofday:America/Anchorage:day7-19:night1-5,AM,2.0-20.0,387.5536445445632,2354.187877968311,333.26478630503885,2444.523055026737,0.7394608811173162,4.146123710974237,2.774226574142225,,,2.41,216.84805143400808,11.272976809619442
1199,,AM,R4017,00,EHZ,61.13513513513514,-149.931698481745,2026-09-13T19:19:59.998000Z,2026-09-13T19:20:59.998000Z,100.0,100.0,60.0,,traffic,1,Traffic,timeofday:America/Anchorage:day7-19:night1-5,AM,2.0-20.0,821.712580514689,6045.8115588727405,795.542273172771,5501.936842805642,0.9373173405690898,3.981793164680881,4.485269657154687,,,2.41,216.84805143400808,25.372313960958095
1200,,AM,R4017,00,EHZ,61.13513513513514,-149.931698481745,2026-09-13T19:27:59.998000Z,2026-09-13T19:28:59.998000Z,100.0,100.0,60.0,,traffic,1,Traffic,timeofday:America/Anchorage:day7-19:night1-5,AM,2.0-20.0,563.2854633096593,3818.8072371579283,531.8860176125525,3555.8164224367342,0.8916205306612343,4.560149171359559,4.31636846313799,,,2.41,216.84805143400808,16.39773287757143
1201,,AM,R4017,00,EHZ,61.13513513513514,-149.931698481745,2026-09-13T19:28:59.998000Z,2026-09-13T19:29:59.998000Z,100.0,100.0,60.0,,traffic,1,Traffic,timeofday:America/Anchorage:day7-19:night1-5,AM,2.0-20.0,1096.767051459351,6640.193535074229,1076.2237588628966,6870.39122833959,0.9628892995760743,7.46691643462599,6.351170493781492,,,2.41,216.84805143400808,31.682974243512678
1202,,AM,R4017,00,EHZ,61.13513513513514,-149.931698481745,2026-09-13T19:30:59.998000Z,2026-09-13T19:31:59.998000Z,100.0,100.0,60.0,,traffic,1,Traffic,timeofday:America/Anchorage:day7-19:night1-5,AM,2.0-20.0,464.5279033005153,3160.194513774034,427.8451542602077,2837.780135769858,0.8483003036102322,4.192458921310413,1.868155820985609,,,2.41,216.84805143400808,13.086491287349478
1203,,AM,R4017,00,EHZ,61.13513513513514,-149.931698481745,2026-09-13T19:32:59.998000Z,2026-09-13T19:33:59.998000Z,100.0,100.0,60.0,,traffic,1,Traffic,timeofday:America/Anchorage:day7-19:night1-5,AM,2.0-20.0,534.6350033952584,5267.804551640874,503.98327182109483,4977.8134344487025,0.8886228257742224,2.9743947363503063,12.620717660021468,,,2.41,216.84805143400808,22.955306268747208
1204,,AM,R4017,00,EHZ,61.13513513513514,-149.931698481745,2026-09-13T19:33:59.998000Z,2026-09-13T19:34:59.998000Z,100.0,100.0,60.0,,traffic,1,Traffic,timeofday:America/Anchorage:day7-19:night1-5,AM,2.0-20.0,508.75645380639594,3885.8039902788614,448.2427793194619,3653.5573625461443,0.7762591665272686,5.737847439883204,4.065759561189491,,,2.41,216.84805143400808,16.848467571579757
1205,,AM,R4017,00,EHZ,61.13513513513514,-149.931698481745,2026-09-13T19:35:59.998000Z,2026-09-13T19:36:59.998000Z,100.0,100.0,60.0,,traffic,1,Traffic,timeofday:America/Anchorage:day7-19:night1-5,AM,2.0-20.0,1750.4599427891637,14808.802722901692,1732.4911797864252,14837.38747176079,0.9795750403736526,5.094261626724532,11.519014668192721,,,2.41,216.84805143400808,68.42296886525703
1206,,AM,R4017,00,EHZ,61.13513513513514,-149.931698481745,2026-09-13T19:38:59.998000Z,2026-09-13T19:39:59.998000Z,100.0,100.0,60.0,,traffic,1,Traffic,timeofday:America/Anchorage:day7-19:night1-5,AM,2.0-20.0,562.2617719456551,4273.801224708422,533.4701966485675,4221.675302236079,0.9002087078341986,4.27208744972874,4.258994366383857,,,2.41,216.84805143400808,19.468357102211883
1207,,AM,R4017,00,EHZ,61.13513513513514,-149.931698481745,2026-09-13T19:53:59.998000Z,2026-09-13T19:54:59.998000Z,100.0,100.0,60.0,,traffic,1,Traffic,timeofday:America/Anchorage:day7-19:night1-5,AM,2.0-20.0,553.504838131586,2962.792956298802,498.04456068252483,3124.0815805664015,0.8096429899934687,3.614698668347911,2.2017345188430113,,,2.41,216.84805143400808,14.406777279790925
1208,,AM,R4017,00,EHZ,61.13513513513514,-149.931698481745,2026-09-13T19:54:59.998000Z,2026-09-13T19:55:59.998000Z,100.0,100.0,60.0,,traffic,1,Traffic,timeofday:America/Anchorage:day7-19:night1-5,AM,2.0-20.0,605.9115667970309,3286.7926102094198,572.0055870278903,3147.348054330262,0.8912141126651033,4.308983011457494,2.857407472319215,,,2.41,216.84805143400808,14.514071182641333
1209,,AM,R4017,00,EHZ,61.13513513513514,-149.931698481745,2026-09-13T19:58:59.998000Z,2026-09-13T19:59:59.998000Z,100.0,100.0,60.0,,traffic,1,Traffic,timeofday:America/Anchorage:day7-19:night1-5,AM,2.0-20.0,683.5772311562118,4310.790316603553,654.6918611459549,4426.864898164422,0.9172732037695462,4.829298267299449,4.101012631565021,,,2.41,216.84805143400808,20.414593854497326
1210,,AM,R4017,00,EHZ,61.13513513513514,-149.931698481745,2026-09-13T20:09:59.998000Z,2026-09-13T20:10:59.998000Z,100.0,100.0,60.0,,traffic,1,Traffic,timeofday:America/Anchorage:day7-19:night1-5,AM,2.0-20.0,912.6863210193807,5354.215619745822,887.0656025018815,5154.958101357993,0.9446444884630616,5.471102345697902,3.6429347420473794,,,2.41,216.84805143400808,23.77221315694767
1211,,AM,R4017,00,EHZ,61.13513513513514,-149.931698481745,2026-09-13T20:10:59.998000Z,2026-09-13T20:11:59.998000Z,100.0,100.0,60.0,,traffic,1,Traffic,timeofday:America/Anchorage:day7-19:night1-5,AM,2.0-20.0,760.0691347358065,4458.78377828147,727.1170581793873,4555.977560308,0.9151714704151465,4.306291882268419,3.4131160281951587,,,2.41,216.84805143400808,21.00999999852196
1212,,AM,R4017,00,EHZ,61.13513513513514,-149.931698481745,2026-09-13T20:14:59.998000Z,2026-09-13T20:15:59.998000Z,100.0,100.0,60.0,,traffic,1,Traffic,timeofday:America/Anchorage:day7-19:night1-5,AM,2.0-20.0,600.1197069412113,4805.218601756897,560.5858259213855,4343.195160491016,0.8725864170525047,5.861659587875575,5.880191731949539,,,2.41,216.84805143400808,20.028748848650604
1213,,AM,R4017,00,EHZ,61.13513513513514,-149.931698481745,2026-09-13T20:16:59.998000Z,2026-09-13T20:17:59.998000Z,100.0,100.0,60.0,,traffic,1,Traffic,timeofday:America/Anchorage:day7-19:night1-5,AM,2.0-20.0,537.2529809783373,4112.21933966762,501.06609639745636,3839.496721868877,0.8698259667621409,4.833368258710936,5.8015537266960795,,,2.41,216.84805143400808,17.70593139517938
1214,,AM,R4017,00,EHZ,61.13513513513514,-149.931698481745,2026-09-13T20:27:59.998000Z,2026-09-13T20:28:59.998000Z,100.0,100.0,60.0,,traffic,1,Traffic,timeofday:America/Anchorage:day7-19:night1-5,AM,2.0-20.0,788.0887180864592,8702.225349781114,754.5574307906284,8290.815033994335,0.9167150891438324,7.175781400248199,16.569429150866608,,,2.41,216.84805143400808,38.23329275576831
1215,,AM,R4017,00,EHZ,61.13513513513514,-149.931698481745,2026-09-13T20:28:59.998000Z,2026-09-13T20:29:59.998000Z,100.0,100.0,60.0,,traffic,1,Traffic,timeofday:America/Anchorage:day7-19:night1-5,AM,2.0-20.0,589.5770108096939,3622.7739134761678,545.8582943626199,3456.3052267621906,0.8571932567189251,3.360341701649002,2.7668538885037295,,,2.41,216.84805143400808,15.938834607485624
1216,,AM,R4017,00,EHZ,61.13513513513514,-149.931698481745,2026-09-13T20:29:59.998000Z,2026-09-13T20:30:59.998000Z,100.0,100.0,60.0,,traffic,1,Traffic,timeofday:America/Anchorage:day7-19:night1-5,AM,2.0-20.0,556.6504873052595,3561.7737327046625,520.7143690826176,3826.863360647326,0.8750521519115996,5.298461764425738,3.2157669393481614,,,2.41,216.84805143400808,17.647672346329244
1217,,AM,R4017,00,EHZ,61.13513513513514,-149.931698481745,2026-09-13T20:33:59.998000Z,2026-09-13T20:34:59.998000Z,100.0,100.0,60.0,,traffic,1,Traffic,timeofday:America/Anchorage:day7-19:night1-5,AM,2.0-20.0,1697.4614171474338,12421.771153476224,1677.8662143576905,13003.14230920945,0.9770456037860566,6.63218981673022,13.121342028183275,,,2.41,216.84805143400808,59.96430322163448
1218,,AM,R4017,00,EHZ,61.13513513513514,-149.931698481745,2026-09-13T20:34:59.998000Z,2026-09-13T20:35:59.998000Z,100.0,100.0,60.0,,traffic,1,Traffic,timeofday:America/Anchorage:day7-19:night1-5,AM,2.0-20.0,1863.6515735635696,20037.2288621571,1850.2799825711434,20428.84400324217,0.9857015968113929,6.521235662780254,21.53610388651844,,,2.41,216.84805143400808,94.20810502168217
1219,,AM,R4017,00,EHZ,61.13513513513514,-149.931698481745,2026-09-13T20:40:59.998000Z,2026-09-13T20:41:59.998000Z,100.0,100.0,60.0,,traffic,1,Traffic,timeofday:America/Anchorage:day7-19:night1-5,AM,2.0-20.0,588.1703568893668,2825.7674458634165,555.7184275871688,2865.376633165757,0.8926954697936019,4.646431192175177,1.4749526885518103,,,2.41,216.84805143400808,13.213753198228567
1220,,AM,R4017,00,EHZ,61.13513513513514,-149.931698481745,2026-09-13T20:44:59.998000Z,2026-09-13T20:45:59.998000Z,100.0,100.0,60.0,,traffic,1,Traffic,timeofday:America/Anchorage:day7-19:night1-5,AM,2.0-20.0,588.8102404056767,2989.2342577193494,553.2454845490226,3166.218211472873,0.8828461897600677,3.4856804215038273,2.024860733823922,,,2.41,216.84805143400808,14.601091365750303
1221,,AM,R4017,00,EHZ,61.13513513513514,-149.931698481745,2026-09-13T20:49:59.998000Z,2026-09-13T20:50:59.998000Z,100.0,100.0,60.0,,traffic,1,Traffic,timeofday:America/Anchorage:day7-19:night1-5,AM,2.0-20.0,624.620794972463,3554.2371547354714,593.6442746696998,3437.7098941579657,0.9032743748882344,5.554613748670142,3.4394161148883384,,,2.41,216.84805143400808,15.853081784339395
1222,,AM,R4017,00,EHZ,61.13513513513514,-149.931698481745,2026-09-13T20:52:59.998000Z,2026-09-13T20:53:59.998000Z,100.0,100.0,60.0,,traffic,1,Traffic,timeofday:America/Anchorage:day7-19:night1-5,AM,2.0-20.0,573.9780165458964,2799.7610765429263,537.2595270327153,2818.8769088073323,0.8761485216795564,3.8896587966747322,1.7381167424083355,,,2.41,216.84805143400808,12.999318601971307
1223,,AM,R4017,00,EHZ,61.13513513513514,-149.931698481745,2026-09-13T20:56:59.998000Z,2026-09-13T20:57:59.998000Z,100.0,100.0,60.0,,traffic,1,Traffic,timeofday:America/Anchorage:day7-19:night1-5,AM,2.0-20.0,666.1892010088537,4801.241205562569,625.9995998754108,4977.033501084785,0.8829842038323985,3.681357312241173,3.3341208366962203,,,2.41,216.84805143400808,22.95170958729787
1224,,AM,R4017,00,EHZ,61.13513513513514,-149.931698481745,2026-09-13T20:57:59.998000Z,2026-09-13T20:58:59.998000Z,100.0,100.0,60.0,,traffic,1,Traffic,timeofday:America/Anchorage:day7-19:night1-5,AM,2.0-20.0,649.1883823152215,3745.2415244284102,604.6479181531316,3337.761425054752,0.8674883385375844,3.742946251000776,2.6039003809954817,,,2.41,216.84805143400808,15.392167017329694
1225,,AM,R4017,00,EHZ,61.13513513513514,-149.931698481745,2026-09-13T21:04:59.998000Z,2026-09-13T21:05:59.998000Z,100.0,100.0,60.0,,traffic,1,Traffic,timeofday:America/Anchorage:day7-19:night1-5,AM,2.0-20.0,571.6624021492593,3177.245075258773,527.8191980762433,3034.3299704271303,0.85249355680187,3.36575515229658,1.9399589631067569,,,2.41,216.84805143400808,13.992885572921773
1226,,AM,R4017,00,EHZ,61.13513513513514,-149.931698481745,2026-09-13T21:05:59.998000Z,2026-09-13T21:06:59.998000Z,100.0,100.0,60.0,,traffic,1,Traffic,timeofday:America/Anchorage:day7-19:night1-5,AM,2.0-20.0,581.5574560124434,3793.2459133485363,537.0420604587033,3620.645458830091,0.8527688826966009,4.395338065213973,3.048509737278742,,,2.41,216.84805143400808,16.696693536727203
1227,,AM,R4017,00,EHZ,61.13513513513514,-149.931698481745,2026-09-13T21:06:59.998000Z,2026-09-13T21:07:59.998000Z,100.0,100.0,60.0,,traffic,1,Traffic,timeofday:America/Anchorage:day7-19:night1-5,AM,2.0-20.0,460.4116005719877,2803.246519094807,414.7217380951238,2208.1904713907848,0.8113739959778671,3.3488985720346323,1.2645166350025168,,,2.41,216.84805143400808,10.183123421161055
1228,,AM,R4017,00,EHZ,61.13513513513514,-149.931698481745,2026-09-13T21:08:59.998000Z,2026-09-13T21:09:59.998000Z,100.0,100.0,60.0,,traffic,1,Traffic,timeofday:America/Anchorage:day7-19:night1-5,AM,2.0-20.0,600.2699380729965,3243.7527022939275,550.005112457511,3179.0320141251423,0.8395378185833792,4.389926787973918,2.9394502211754716,,,2.41,216.84805143400808,14.660182524594166
1229,,AM,R4017,00,EHZ,61.13513513513514,-149.931698481745,2026-09-13T21:09:59.998000Z,2026-09-13T21:10:59.998000Z,100.0,100.0,60.0,,traffic,1,Traffic,timeofday:America/Anchorage:day7-19:night1-5,AM,2.0-20.0,729.5287872582369,4381.248022499182,690.7067270964747,4702.4901746219475,0.8964013540967424,5.800169476025027,5.248557008999352,,,2.41,216.84805143400808,21.685646440097365
1230,,AM,R4017,00,EHZ,61.13513513513514,-149.931698481745,2026-09-13T21:11:59.998000Z,2026-09-13T21:12:59.998000Z,100.0,100.0,60.0,,traffic,1,Traffic,timeofday:America/Anchorage:day7-19:night1-5,AM,2.0-20.0,477.737170387575,2813.751137883656,426.9333024650565,2939.536144170846,0.7986233424084668,5.429270090190342,4.040697283457262,,,2.41,216.84805143400808,13.555741565265645
1231,,AM,R4017,00,EHZ,61.13513513513514,-149.931698481745,2026-09-13T21:12:59.998000Z,2026-09-13T21:13:59.998000Z,100.0,100.0,60.0,,traffic,1,Traffic,timeofday:America/Anchorage:day7-19:night1-5,AM,2.0-20.0,742.8986710400832,4736.75040518404,705.7668670634372,5006.185965665115,0.9025335798490397,5.980907372493038,4.935665949980765,,,2.41,216.84805143400808,23.08614687823752
1232,,AM,R4017,00,EHZ,61.13513513513514,-149.931698481745,2026-09-13T21:17:59.998000Z,2026-09-13T21:18:59.998000Z,100.0,100.0,60.0,,traffic,1,Traffic,timeofday:America/Anchorage:day7-19:night1-5,AM,2.0-20.0,597.8113385628594,4188.252353558052,554.2456703152103,3524.455612555426,0.8595602477914467,5.714813774985795,3.8446926769179175,,,2.41,216.84805143400808,16.25311174921025
1233,,AM,R4017,00,EHZ,61.13513513513514,-149.931698481745,2026-09-13T21:25:59.998000Z,2026-09-13T21:26:59.998000Z,100.0,100.0,60.0,,traffic,1,Traffic,timeofday:America/Anchorage:day7-19:night1-5,AM,2.0-20.0,429.82314289935607,2049.256883896841,378.548978848604,1774.1874450357805,0.7756478037475769,2.76922413016248,0.8262362143693109,,,2.41,216.84805143400808,8.181708036125503
1234,,AM,R4017,00,EHZ,61.13513513513514,-149.931698481745,2026-09-13T21:30:59.998000Z,2026-09-13T21:31:59.998000Z,100.0,100.0,60.0,,traffic,1,Traffic,timeofday:America/Anchorage:day7-19:night1-5,AM,2.0-20.0,516.215434576785,3177.7407924885038,485.8383589630881,3172.3457954896094,0.8857713543648248,3.3618412714454324,3.521131653900892,,,2.41,216.84805143400808,14.629348866688009
1235,,AM,R4017,00,EHZ,61.13513513513514,-149.931698481745,2026-09-13T21:35:59.998000Z,2026-09-13T21:36:59.998000Z,100.0,100.0,60.0,,traffic,1,Traffic,timeofday:America/Anchorage:day7-19:night1-5,AM,2.0-20.0,865.5734140268676,5777.261912884668,835.8757467653725,6232.1099678922665,0.9325575254677893,3.457434859388884,3.5393245746292292,,,2.41,216.84805143400808,28.73952487319833
1236,,AM,R4017,00,EHZ,61.13513513513514,-149.931698481745,2026-09-13T21:39:59.998000Z,2026-09-13T21:40:59.998000Z,100.0,100.0,60.0,,traffic,1,Traffic,timeofday:America/Anchorage:day7-19:night1-5,AM,2.0-20.0,783.4478761242249,4479.735885512461,756.8653900552085,4298.21963218446,0.9332909991871705,4.817257969581587,2.5845616791321007,,,2.41,216.84805143400808,19.82134311911264
1237,,AM,R4017,00,EHZ,61.13513513513514,-149.931698481745,2026-09-13T21:41:59.998000Z,2026-09-13T21:42:59.998000Z,100.0,100.0,60.0,,traffic,1,Traffic,timeofday:America/Anchorage:day7-19:night1-5,AM,2.0-20.0,422.2904001124097,1827.7346703362084,380.5741497732025,2013.2257889514099,0.8121872249354369,3.092723770742563,0.9384472418125243,,,2.41,216.84805143400808,9.284039103132459
1238,,AM,R4017,00,EHZ,61.13513513513514,-149.931698481745,2026-09-13T21:46:59.998000Z,2026-09-13T21:47:59.998000Z,100.0,100.0,60.0,,traffic,1,Traffic,timeofday:America/Anchorage:day7-19:night1-5,AM,2.0-20.0,510.1743750636065,2974.7322028770277,464.9800533471679,3029.666064879125,0.83067542749155,5.411745541906045,3.3292473470457074,,,2.41,216.84805143400808,13.971377860414497
1239,,AM,R4017,00,EHZ,61.13513513513514,-149.931698481745,2026-09-13T21:48:59.998000Z,2026-09-13T21:49:59.998000Z,100.0,100.0,60.0,,traffic,1,Traffic,timeofday:America/Anchorage:day7-19:night1-5,AM,2.0-20.0,511.6408819063148,2645.7307266961934,470.4208624006492,2716.1434736412502,0.845361898599914,4.029109536856109,2.0911163472808267,,,2.41,216.84805143400808,12.525560897040553
1240,,AM,R4017,00,EHZ,61.13513513513514,-149.931698481745,2026-09-13T21:49:59.998000Z,2026-09-13T21:50:59.998000Z,100.0,100.0,60.0,,traffic,1,Traffic,timeofday:America/Anchorage:day7-19:night1-5,AM,2.0-20.0,547.0914571679249,4286.730703605596,511.88730779873276,4337.300348564048,0.875444978817084,4.780797137951759,6.187006608956789,,,2.41,216.84805143400808,20.001564781798326
1241,,AM,R4017,00,EHZ,61.13513513513514,-149.931698481745,2026-09-13T21:51:59.998000Z,2026-09-13T21:52:59.998000Z,100.0,100.0,60.0,,traffic,1,Traffic,timeofday:America/Anchorage:day7-19:night1-5,AM,2.0-20.0,429.8878792765625,2721.729166598564,374.3102227537894,3002.578996986241,0.758146223276874,3.602513123100728,3.2857331567983916,,,2.41,216.84805143400808,13.846465195930042
1242,,AM,R4017,00,EHZ,61.13513513513514,-149.931698481745,2026-09-13T21:58:59.998000Z,2026-09-13T21:59:59.998000Z,100.0,100.0,60.0,,traffic,1,Traffic,timeofday:America/Anchorage:day7-19:night1-5,AM,2.0-20.0,837.9945055963698,5747.274337331834,809.8121470929362,5676.926322681507,0.9338695855025803,6.0830647597594725,5.369898026612436,,,2.41,216.84805143400808,26.17928215236524
1243,,AM,R4017,00,EHZ,61.13513513513514,-149.931698481745,2026-09-13T21:59:59.998000Z,2026-09-13T22:00:59.998000Z,100.0,100.0,60.0,,traffic,1,Traffic,timeofday:America/Anchorage:day7-19:night1-5,AM,2.0-20.0,657.4812630922684,3797.7248760605426,614.5631062063204,3886.8588818622907,0.8737077905278793,4.236884304768539,2.3698388666654404,,,2.41,216.84805143400808,17.924343134091533
1244,,AM,R4017,00,EHZ,61.13513513513514,-149.931698481745,2026-09-13T22:02:59.998000Z,2026-09-13T22:03:59.998000Z,100.0,100.0,60.0,,traffic,1,Traffic,timeofday:America/Anchorage:day7-19:night1-5,AM,2.0-20.0,594.3478187723853,4024.2763951800307,542.7612169295243,3619.456203499104,0.8339428099413618,3.9593079579509407,2.774743600919992,,,2.41,216.84805143400808,16.691209257190806
1245,,AM,R4017,00,EHZ,61.13513513513514,-149.931698481745,2026-09-13T22:10:59.998000Z,2026-09-13T22:11:59.998000Z,100.0,100.0,60.0,,traffic,1,Traffic,timeofday:America/Anchorage:day7-19:night1-5,AM,2.0-20.0,421.8218398337972,2212.280670623809,375.62471822730106,2009.9472806626577,0.7929580346227937,3.890967438963904,1.3401346023076783,,,2.41,216.84805143400808,9.268920183377029
1246,,AM,R4017,00,EHZ,61.13513513513514,-149.931698481745,2026-09-13T22:12:59.998000Z,2026-09-13T22:13:59.998000Z,100.0,100.0,60.0,,traffic,1,Traffic,timeofday:America/Anchorage:day7-19:night1-5,AM,2.0-20.0,570.3000665202851,4107.717992278004,534.7202902419783,3817.28016549386,0.8791166054037312,6.054597992900497,4.071431584966401,,,2.41,216.84805143400808,17.603479211596916
1247,,AM,R4017,00,EHZ,61.13513513513514,-149.931698481745,2026-09-13T22:14:59.998000Z,2026-09-13T22:15:59.998000Z,100.0,100.0,60.0,,traffic,1,Traffic,timeofday:America/Anchorage:day7-19:night1-5,AM,2.0-20.0,724.281708254197,3968.7169737761205,677.7014392630707,4031.840851576948,0.8755113518239152,4.435087394492926,2.3515023737292378,,,2.41,216.84805143400808,18.59293097131625
1248,,AM,R4017,00,EHZ,61.13513513513514,-149.931698481745,2026-09-13T22:15:59.998000Z,2026-09-13T22:16:59.998000Z,100.0,100.0,60.0,,traffic,1,Traffic,timeofday:America/Anchorage:day7-19:night1-5,AM,2.0-20.0,584.2906402356263,4362.716488693931,536.1721527428562,3895.5767748984135,0.8420747589356701,4.183800650931663,3.551570568777077,,,2.41,216.84805143400808,17.96454590731671
1249,,AM,R4017,00,EHZ,61.13513513513514,-149.931698481745,2026-09-13T22:16:59.998000Z,2026-09-13T22:17:59.998000Z,100.0,100.0,60.0,,traffic,1,Traffic,timeofday:America/Anchorage:day7-19:night1-5,AM,2.0-20.0,600.3225041976907,4479.715946289568,547.7136285197404,3764.4269744316807,0.8324110694753347,3.552960249650977,3.193374544615329,,,2.41,216.84805143400808,17.359745450962855
1250,,AM,R4017,00,EHZ,61.13513513513514,-149.931698481745,2026-09-13T22:19:59.998000Z,2026-09-13T22:20:59.998000Z,100.0,100.0,60.0,,traffic,1,Traffic,timeofday:America/Anchorage:day7-19:night1-5,AM,2.0-20.0,666.448421906217,4054.7144892460738,621.5136394704907,4038.877489327139,0.8696975366945242,3.627844168993203,3.9424824177182707,,,2.41,216.84805143400808,18.625380595390148
1251,,AM,R4017,00,EHZ,61.13513513513514,-149.931698481745,2026-09-13T22:25:59.998000Z,2026-09-13T22:26:59.998000Z,100.0,100.0,60.0,,traffic,1,Traffic,timeofday:America/Anchorage:day7-19:night1-5,AM,2.0-20.0,638.0359539873305,3469.289106148238,592.0464087147351,4060.666791011783,0.8610357773920485,3.912714346957447,2.1108621014230424,,,2.41,216.84805143400808,18.72586248370112
1252,,AM,R4017,00,EHZ,61.13513513513514,-149.931698481745,2026-09-13T22:26:59.998000Z,2026-09-13T22:27:59.998000Z,100.0,100.0,60.0,,traffic,1,Traffic,timeofday:America/Anchorage:day7-19:night1-5,AM,2.0-20.0,826.5588530245589,5197.710681903459,794.7016883030759,4706.102137914758,0.9244016406839098,3.3467622555044443,2.755706338303532,,,2.41,216.84805143400808,21.70230309561686
1253,,AM,R4017,00,EHZ,61.13513513513514,-149.931698481745,2026-09-13T22:28:59.998000Z,2026-09-13T22:29:59.998000Z,100.0,100.0,60.0,,traffic,1,Traffic,timeofday:America/Anchorage:day7-19:night1-5,AM,2.0-20.0,572.2403515424041,5081.70922584828,530.8827966945873,5336.699544231338,0.8606772959975568,4.685607898406177,8.56533917478862,,,2.41,216.84805143400808,24.61031818796592
1254,,AM,R4017,00,EHZ,61.13513513513514,-149.931698481745,2026-09-13T22:36:59.998000Z,2026-09-13T22:37:59.998000Z,100.0,100.0,60.0,,traffic,1,Traffic,timeofday:America/Anchorage:day7-19:night1-5,AM,2.0-20.0,648.3069024536228,3674.7050758304567,556.4289106998668,3347.142883387992,0.7366447237842144,4.043207074098667,3.08492142952094,,,2.41,216.84805143400808,15.435429837867856
1255,,AM,R4017,00,EHZ,61.13513513513514,-149.931698481745,2026-09-13T22:37:59.998000Z,2026-09-13T22:38:59.998000Z,100.0,100.0,60.0,,traffic,1,Traffic,timeofday:America/Anchorage:day7-19:night1-5,AM,2.0-20.0,535.0940300447761,3007.2954441122392,440.98542543255,2861.128346542653,0.6791852743454558,4.476625013694361,2.76888912460035,,,2.41,216.84805143400808,13.194162122380709
1256,,AM,R4017,00,EHZ,61.13513513513514,-149.931698481745,2026-09-13T22:39:59.998000Z,2026-09-13T22:40:59.998000Z,100.0,100.0,60.0,,traffic,1,Traffic,timeofday:America/Anchorage:day7-19:night1-5,AM,2.0-20.0,655.475311447862,3299.703624357454,588.900351016203,3498.8806077345134,0.8071810345363202,3.9822326326567286,1.9368220468805175,,,2.41,216.84805143400808,16.135171999916746
1257,,AM,R4017,00,EHZ,61.13513513513514,-149.931698481745,2026-09-13T22:46:59.998000Z,2026-09-13T22:47:59.998000Z,100.0,100.0,60.0,,traffic,1,Traffic,timeofday:America/Anchorage:day7-19:night1-5,AM,2.0-20.0,557.5827634400289,3269.699689522414,516.7279231111127,3286.2643724455274,0.8588259956673187,2.9234486632949745,2.915206515447527,,,2.41,216.84805143400808,15.154687121759148
1258,,AM,R4017,00,EHZ,61.13513513513514,-149.931698481745,2026-09-13T22:48:59.998000Z,2026-09-13T22:49:59.998000Z,100.0,100.0,60.0,,traffic,1,Traffic,timeofday:America/Anchorage:day7-19:night1-5,AM,2.0-20.0,672.8225917491393,4062.30109331165,640.488649372666,3849.9823777508677,0.9061951722312235,5.261911568249477,3.303096170953996,,,2.41,216.84805143400808,17.75428624924724
1259,,AM,R4017,00,EHZ,61.13513513513514,-149.931698481745,2026-09-13T22:54:59.998000Z,2026-09-13T22:55:59.998000Z,100.0,100.0,60.0,,traffic,1,Traffic,timeofday:America/Anchorage:day7-19:night1-5,AM,2.0-20.0,391.9458322513153,1842.6956714893524,348.6423571351427,1433.6170128084286,0.7912399316741588,2.880854116328579,0.6889087760018167,,,2.41,216.84805143400808,6.6111593040747785
1260,,AM,R4017,00,EHZ,61.13513513513514,-149.931698481745,2026-09-13T23:00:59.998000Z,2026-09-13T23:01:59.998000Z,100.0,100.0,60.0,,traffic,1,Traffic,timeofday:America/Anchorage:day7-19:night1-5,AM,2.0-20.0,498.2486566464031,3232.3080586749684,460.4223672166073,3892.6760926013276,0.8539266231298361,2.8819576744162854,3.2574087712682163,,,2.41,216.84805143400808,17.951169341200927
1261,,AM,R4017,00,EHZ,61.13513513513514,-149.931698481745,2026-09-13T23:01:59.998000Z,2026-09-13T23:02:59.998000Z,100.0,100.0,60.0,,traffic,1,Traffic,timeofday:America/Anchorage:day7-19:night1-5,AM,2.0-20.0,596.5268078262847,4422.691788585688,564.923686749358,4465.003178619113,0.8968496402157394,4.634559788787964,4.273846583829492,,,2.41,216.84805143400808,20.59046945126882
1262,,AM,R4017,00,EHZ,61.13513513513514,-149.931698481745,2026-09-13T23:02:59.998000Z,2026-09-13T23:03:59.998000Z,100.0,100.0,60.0,,traffic,1,Traffic,timeofday:America/Anchorage:day7-19:night1-5,AM,2.0-20.0,687.7552896984072,4707.691196945346,661.7260463663923,4660.737410648206,0.9257390420638499,7.135674502853541,4.2527707196033955,,,2.41,216.84805143400808,21.49310256572251
1263,,AM,R4017,00,EHZ,61.13513513513514,-149.931698481745,2026-09-13T23:09:59.998000Z,2026-09-13T23:10:59.998000Z,100.0,100.0,60.0,,traffic,1,Traffic,timeofday:America/Anchorage:day7-19:night1-5,AM,2.0-20.0,1185.8188842021307,9499.687213323563,1165.3234222217163,10025.03178884069,0.965731120544201,4.67304992952173,5.43879234854723,,,2.41,216.84805143400808,46.23067499359818
1264,,AM,R4017,00,EHZ,61.13513513513514,-149.931698481745,2026-09-13T23:11:59.998000Z,2026-09-13T23:12:59.998000Z,100.0,100.0,60.0,,traffic,1,Traffic,timeofday:America/Anchorage:day7-19:night1-5,AM,2.0-20.0,1184.0648770088685,16948.31364372385,1163.6843093043522,16758.00002160244,0.9658715174847595,8.958997532338852,33.37861367911833,,,2.41,216.84805143400808,77.2799197907586
1265,,AM,R4017,00,EHZ,61.13513513513514,-149.931698481745,2026-09-13T23:16:59.998000Z,2026-09-13T23:17:59.998000Z,100.0,100.0,60.0,,traffic,1,Traffic,timeofday:America/Anchorage:day7-19:night1-5,AM,2.0-20.0,588.7422976746741,3627.316313517739,554.885802367377,3543.5661064486344,0.8882940411942589,4.052241461193569,2.7273375293038518,,,2.41,216.84805143400808,16.341240251019844
1266,,AM,R4017,00,EHZ,61.13513513513514,-149.931698481745,2026-09-13T23:30:59.998000Z,2026-09-13T23:31:59.998000Z,100.0,100.0,60.0,,traffic,1,Traffic,timeofday:America/Anchorage:day7-19:night1-5,AM,2.0-20.0,666.5890774318278,4830.675810433065,638.9110223122489,4741.402482740528,0.9186802391189224,6.386694024462232,5.373835968162602,,,2.41,216.84805143400808,21.8650914840406
1267,,AM,R4017,00,EHZ,61.13513513513514,-149.931698481745,2026-09-13T23:31:59.998000Z,2026-09-13T23:32:59.998000Z,100.0,100.0,60.0,,traffic,1,Traffic,timeofday:America/Anchorage:day7-19:night1-5,AM,2.0-20.0,603.8141517436434,5767.324497830869,566.0978879397607,4750.270067881182,0.8789749418076491,5.882303223296711,4.646755705460293,,,2.41,216.84805143400808,21.90598456600289
1268,,AM,R4017,00,EHZ,61.13513513513514,-149.931698481745,2026-09-13T23:35:59.998000Z,2026-09-13T23:36:59.998000Z,100.0,100.0,60.0,,traffic,1,Traffic,timeofday:America/Anchorage:day7-19:night1-5,AM,2.0-20.0,747.9264397553793,5012.673181249876,722.0349941382854,5526.449849062443,0.9319631077648409,3.831823228295394,4.808798640583768,,,2.41,216.84805143400808,25.485356278353603
1269,,AM,R4017,00,EHZ,61.13513513513514,-149.931698481745,2026-09-13T23:39:59.998000Z,2026-09-13T23:40:59.998000Z,100.0,100.0,60.0,,traffic,1,Traffic,timeofday:America/Anchorage:day7-19:night1-5,AM,2.0-20.0,668.1387694617731,7726.328661235847,645.0060147060899,6789.654647842794,0.9319533701292767,6.264110536457592,11.591003712374158,,,2.41,216.84805143400808,31.31065556246902
1270,,AM,R4017,00,EHZ,61.13513513513514,-149.931698481745,2026-09-13T23:54:59.998000Z,2026-09-13T23:55:59.998000Z,100.0,100.0,60.0,,traffic,1,Traffic,timeofday:America/Anchorage:day7-19:night1-5,AM,2.0-20.0,560.2877119946971,4492.6632375591935,530.2669039231496,4041.80920813593,0.8957088148626265,2.9983266896985294,4.881054068009835,,,2.41,216.84805143400808,18.638900287125463
1271,,AM,R4017,00,EHZ,61.13513513513514,-149.931698481745,2026-09-13T23:56:59.998000Z,2026-09-13T23:57:59.998000Z,100.0,100.0,60.0,,traffic,1,Traffic,timeofday:America/Anchorage:day7-19:night1-5,AM,2.0-20.0,392.4262456490794,2890.661843767756,353.24945642996505,3012.9839903417733,0.8103020049464119,5.9916526132747645,4.555338564956617,,,2.41,216.84805143400808,13.894448072818836
1272,,AM,R4017,00,EHZ,61.13513513513514,-149.931698481745,2026-09-13T23:58:59.998000Z,2026-09-13T23:59:59.998000Z,100.0,100.0,60.0,,traffic,1,Traffic,timeofday:America/Anchorage:day7-19:night1-5,AM,2.0-20.0,680.812182291855,4770.339260178313,658.4952131984027,5410.369275007912,0.9355146825218649,6.108116003800069,5.061776698929714,,,2.41,216.84805143400808,24.950047921709885
1273,,AM,R4017,00,EHZ,61.13513513513514,-149.931698481745,2026-09-14T00:00:59.998000Z,2026-09-14T00:01:59.998000Z,100.0,100.0,60.0,,traffic,1,Traffic,timeofday:America/Anchorage:day7-19:night1-5,AM,2.0-20.0,722.1420952310752,8088.659984570556,697.2269141294215,7989.3153533119,0.9321868304627668,8.68154026481974,18.73670931570257,,,2.41,216.84805143400808,36.842919733328735
1274,,AM,R4017,00,EHZ,61.13513513513514,-149.931698481745,2026-09-14T00:07:59.998000Z,2026-09-14T00:08:59.998000Z,100.0,100.0,60.0,,traffic,1,Traffic,timeofday:America/Anchorage:day7-19:night1-5,AM,2.0-20.0,932.8549834982064,7099.344137325262,909.9072705996731,7031.5637215831175,0.9514062467951966,4.914448497636269,6.643543431794196,,,2.41,216.84805143400808,32.42622506904558
1275,,AM,R4017,00,EHZ,61.13513513513514,-149.931698481745,2026-09-14T00:09:59.998000Z,2026-09-14T00:10:59.998000Z,100.0,100.0,60.0,,traffic,1,Traffic,timeofday:America/Anchorage:day7-19:night1-5,AM,2.0-20.0,773.846586206199,5443.344805604812,749.8966153681317,4947.441668360951,0.9390593576285422,4.124767172285234,3.7283564321269083,,,2.41,216.84805143400808,22.81524613960653
1276,,AM,R4017,00,EHZ,61.13513513513514,-149.931698481745,2026-09-14T00:19:59.998000Z,2026-09-14T00:20:59.998000Z,100.0,100.0,60.0,,traffic,1,Traffic,timeofday:America/Anchorage:day7-19:night1-5,AM,2.0-20.0,485.6065311067708,2950.350564147623,452.31572720687257,2617.381352814529,0.8675896032734856,2.842574215530565,1.4793882737604607,,,2.41,216.84805143400808,12.07011700361559
1277,,AM,R4017,00,EHZ,61.13513513513514,-149.931698481745,2026-09-14T00:20:59.998000Z,2026-09-14T00:21:59.998000Z,100.0,100.0,60.0,,traffic,1,Traffic,timeofday:America/Anchorage:day7-19:night1-5,AM,2.0-20.0,690.7748467016506,6310.648972243546,664.6054503280513,5438.843980987535,0.9256669688096126,4.826115557009008,6.760542907509093,,,2.41,216.84805143400808,25.081359712575985
1278,,AM,R4017,00,EHZ,61.13513513513514,-149.931698481745,2026-09-14T00:23:59.998000Z,2026-09-14T00:24:59.998000Z,100.0,100.0,60.0,,traffic,1,Traffic,timeofday:America/Anchorage:day7-19:night1-5,AM,2.0-20.0,668.7020156916145,5343.64759974577,640.342892613927,5865.257383738469,0.9169801243383453,7.903134562382278,7.387977010764507,,,2.41,216.84805143400808,27.04777536598434
1279,,AM,R4017,00,EHZ,61.13513513513514,-149.931698481745,2026-09-14T00:24:59.998000Z,2026-09-14T00:25:59.998000Z,100.0,100.0,60.0,,traffic,1,Traffic,timeofday:America/Anchorage:day7-19:night1-5,AM,2.0-20.0,666.7484530193998,4005.352853530695,634.376607481361,4161.921082681266,0.9052536544606127,4.704487572740089,3.0595232520993987,,,2.41,216.84805143400808,19.19279908285381
1280,,AM,R4017,00,EHZ,61.13513513513514,-149.931698481745,2026-09-14T00:25:59.998000Z,2026-09-14T00:26:59.998000Z,100.0,100.0,60.0,,traffic,1,Traffic,timeofday:America/Anchorage:day7-19:night1-5,AM,2.0-20.0,651.1616732732144,5583.646579536798,619.0571356663547,5509.780877812966,0.9038238700102564,3.457453682375065,8.695860352977395,,,2.41,216.84805143400808,25.40848691688484
1281,,AM,R4017,00,EHZ,61.13513513513514,-149.931698481745,2026-09-14T00:27:59.998000Z,2026-09-14T00:28:59.998000Z,100.0,100.0,60.0,,traffic,1,Traffic,timeofday:America/Anchorage:day7-19:night1-5,AM,2.0-20.0,751.759422476771,5708.354965646283,717.5635216281597,5222.215882768635,0.9110934927390183,4.619337669260213,6.154176107173194,,,2.41,216.84805143400808,24.082374032112885
1282,,AM,R4017,00,EHZ,61.13513513513514,-149.931698481745,2026-09-14T00:30:59.998000Z,2026-09-14T00:31:59.998000Z,100.0,100.0,60.0,,traffic,1,Traffic,timeofday:America/Anchorage:day7-19:night1-5,AM,2.0-20.0,833.6266670408027,6197.6435149566305,804.4665176671708,5724.188163441517,0.9312638584083267,5.765551820680575,3.666438383562973,,,2.41,216.84805143400808,26.3972312667219
1283,,AM,R4017,00,EHZ,61.13513513513514,-149.931698481745,2026-09-14T00:36:59.998000Z,2026-09-14T00:37:59.998000Z,100.0,100.0,60.0,,traffic,1,Traffic,timeofday:America/Anchorage:day7-19:night1-5,AM,2.0-20.0,1849.1505957181967,14888.64035657654,1831.903267213532,14576.245360245824,0.9814326705194595,6.4461276566985255,8.207485936376786,,,2.41,216.84805143400808,67.21870574281695
1284,,AM,R4017,00,EHZ,61.13513513513514,-149.931698481745,2026-09-14T00:39:59.998000Z,2026-09-14T00:40:59.998000Z,100.0,100.0,60.0,,traffic,1,Traffic,timeofday:America/Anchorage:day7-19:night1-5,AM,2.0-20.0,617.8505013442558,4994.361250421055,584.286512267927,4109.323207069316,0.8943034690891684,4.372392332357826,3.828489742900855,,,2.41,216.84805143400808,18.950242715553653
1285,,AM,R4017,00,EHZ,61.13513513513514,-149.931698481745,2026-09-14T00:42:59.998000Z,2026-09-14T00:43:59.998000Z,100.0,100.0,60.0,,traffic,1,Traffic,timeofday:America/Anchorage:day7-19:night1-5,AM,2.0-20.0,836.3460938289242,5513.3628691885615,803.9293232494183,5148.222112752251,0.9239823468344371,4.316861416574832,4.068127691139074,,,2.41,216.84805143400808,23.741149983627935
1286,,AM,R4017,00,EHZ,61.13513513513514,-149.931698481745,2026-09-14T00:43:59.998000Z,2026-09-14T00:44:59.998000Z,100.0,100.0,60.0,,traffic,1,Traffic,timeofday:America/Anchorage:day7-19:night1-5,AM,2.0-20.0,667.4911574849975,4126.363120040472,642.0615677881143,4139.172147371482,0.925256865302937,4.3114774681925185,3.9291879330127086,,,2.41,216.84805143400808,19.087891821020715
1287,,AM,R4017,00,EHZ,61.13513513513514,-149.931698481745,2026-09-14T00:46:59.998000Z,2026-09-14T00:47:59.998000Z,100.0,100.0,60.0,,traffic,1,Traffic,timeofday:America/Anchorage:day7-19:night1-5,AM,2.0-20.0,540.6831757042888,3414.3651176913963,501.7768067244876,3787.855697197979,0.8612623347332,4.173807172450989,3.5395039414551226,,,2.41,216.84805143400808,17.46778756898681
1288,,AM,R4017,00,EHZ,61.13513513513514,-149.931698481745,2026-09-14T00:48:59.998000Z,2026-09-14T00:49:59.998000Z,100.0,100.0,60.0,,traffic,1,Traffic,timeofday:America/Anchorage:day7-19:night1-5,AM,2.0-20.0,648.120749039119,3961.3660510186355,613.5331719854845,3990.037262598787,0.8961160317282043,3.885336367089331,2.1845706608569406,,,2.41,216.84805143400808,18.4001527162122
1289,,AM,R4017,00,EHZ,61.13513513513514,-149.931698481745,2026-09-14T00:52:59.998000Z,2026-09-14T00:53:59.998000Z,100.0,100.0,60.0,,traffic,1,Traffic,timeofday:America/Anchorage:day7-19:night1-5,AM,2.0-20.0,465.8165864457735,3104.631817458895,417.5022880521877,2829.6276526079796,0.8033186001632195,5.837669965208309,3.4220535096061298,,,2.41,216.84805143400808,13.048895915346057
1290,,AM,R4017,00,EHZ,61.13513513513514,-149.931698481745,2026-09-14T00:54:59.998000Z,2026-09-14T00:55:59.998000Z,100.0,100.0,60.0,,traffic,1,Traffic,timeofday:America/Anchorage:day7-19:night1-5,AM,2.0-20.0,593.7432062296889,5424.369430601238,569.0153323550627,5308.965216493902,0.9184396637426361,6.036659231853196,9.954970245777677,,,2.41,216.84805143400808,24.482420669154795
1291,,AM,R4017,00,EHZ,61.13513513513514,-149.931698481745,2026-09-14T00:58:59.998000Z,2026-09-14T00:59:59.998000Z,100.0,100.0,60.0,,traffic,1,Traffic,timeofday:America/Anchorage:day7-19:night1-5,AM,2.0-20.0,452.06457158327913,1935.371676139134,412.760713327237,1919.294850621939,0.8336730520892565,3.463873002177824,0.5121555906406674,,,2.41,216.84805143400808,8.850874323885844
1292,,AM,R4017,00,EHZ,61.13513513513514,-149.931698481745,2026-09-14T00:59:59.998000Z,2026-09-14T01:00:59.998000Z,100.0,100.0,60.0,,traffic,1,Traffic,timeofday:America/Anchorage:day7-19:night1-5,AM,2.0-20.0,694.5086905432772,4267.6277545025,671.4277389986645,4439.151674765688,0.9346374739371399,3.1968138778789257,2.9360028406743837,,,2.41,216.84805143400808,20.471254620042668
1293,,AM,R4017,00,EHZ,61.13513513513514,-149.931698481745,2026-09-14T01:01:59.998000Z,2026-09-14T01:02:59.998000Z,100.0,100.0,60.0,,traffic,1,Traffic,timeofday:America/Anchorage:day7-19:night1-5,AM,2.0-20.0,611.267020451282,2945.626921354301,581.3771871216679,2836.365491484524,0.904594707683651,2.95465020367725,1.6802971383435796,,,2.41,216.84805143400808,13.07996762123406
1294,,AM,R4017,00,EHZ,61.13513513513514,-149.931698481745,2026-09-14T01:02:59.998000Z,2026-09-14T01:03:59.998000Z,100.0,100.0,60.0,,traffic,1,Traffic,timeofday:America/Anchorage:day7-19:night1-5,AM,2.0-20.0,876.4759621853988,5325.373640546794,854.4869751976569,5381.843533817744,0.9504535010702002,2.8203272372154387,2.0979747526796073,,,2.41,216.84805143400808,24.818500780743996
1295,,AM,R4017,00,EHZ,61.13513513513514,-149.931698481745,2026-09-14T01:05:59.998000Z,2026-09-14T01:06:59.998000Z,100.0,100.0,60.0,,traffic,1,Traffic,timeofday:America/Anchorage:day7-19:night1-5,AM,2.0-20.0,524.2566015910439,3466.375305765029,496.7227289199769,2724.274062907941,0.8977186541843843,3.2465595739607913,2.4977961631622385,,,2.41,216.84805143400808,12.563055304820208
1296,,AM,R4017,00,EHZ,61.13513513513514,-149.931698481745,2026-09-14T01:14:59.998000Z,2026-09-14T01:15:59.998000Z,100.0,100.0,60.0,,traffic,1,Traffic,timeofday:America/Anchorage:day7-19:night1-5,AM,2.0-20.0,746.8661218043784,5046.619696244247,717.7180113641429,4627.926272932948,0.9234686787695995,4.216593542285148,3.451424970037248,,,2.41,216.84805143400808,21.341793215704012
1297,,AM,R4017,00,EHZ,61.13513513513514,-149.931698481745,2026-09-14T01:16:59.998000Z,2026-09-14T01:17:59.998000Z,100.0,100.0,60.0,,traffic,1,Traffic,timeofday:America/Anchorage:day7-19:night1-5,AM,2.0-20.0,501.21332728809097,2514.380933940317,462.6165536642901,2423.050513214438,0.8519166712779571,2.1627008908747065,0.8468957029774971,,,2.41,216.84805143400808,11.17395566707146
1298,,AM,R4017,00,EHZ,61.13513513513514,-149.931698481745,2026-09-14T01:22:59.998000Z,2026-09-14T01:23:59.998000Z,100.0,100.0,60.0,,traffic,1,Traffic,timeofday:America/Anchorage:day7-19:night1-5,AM,2.0-20.0,776.9969568067404,4735.6157522448475,742.8300168268175,4686.7155813150985,0.9139874948016947,5.647139344508787,3.374412810016639,,,2.41,216.84805143400808,21.612901524002744
1299,,AM,R4017,00,EHZ,61.13513513513514,-149.931698481745,2026-09-14T01:25:59.998000Z,2026-09-14T01:26:59.998000Z,100.0,100.0,60.0,,traffic,1,Traffic,timeofday:America/Anchorage:day7-19:night1-5,AM,2.0-20.0,944.9915048307903,7356.614024583173,919.9983581273488,6710.623331742135,0.9478034732485485,4.420851904159076,5.3467112127639815,,,2.41,216.84805143400808,30.946200749165293
1300,,AM,R4017,00,EHZ,61.13513513513514,-149.931698481745,2026-09-14T01:30:59.998000Z,2026-09-14T01:31:59.998000Z,100.0,100.0,60.0,,traffic,1,Traffic,timeofday:America/Anchorage:day7-19:night1-5,AM,2.0-20.0,557.3481800033652,2660.6114666483945,526.7218925771926,3077.5862035651885,0.8931194857642856,3.983609050218402,1.2528723272487365,,,2.41,216.84805143400808,14.192362731475914
1301,,AM,R4017,00,EHZ,61.13513513513514,-149.931698481745,2026-09-14T01:31:59.998000Z,2026-09-14T01:32:59.998000Z,100.0,100.0,60.0,,traffic,1,Traffic,timeofday:America/Anchorage:day7-19:night1-5,AM,2.0-20.0,484.3512305359673,2409.6106727631914,451.9999541170644,2382.661171370414,0.8708752868237521,3.0220058522475224,1.1550139030064734,,,2.41,216.84805143400808,10.98769924661054
1302,,AM,R4017,00,EHZ,61.13513513513514,-149.931698481745,2026-09-14T01:32:59.998000Z,2026-09-14T01:33:59.998000Z,100.0,100.0,60.0,,traffic,1,Traffic,timeofday:America/Anchorage:day7-19:night1-5,AM,2.0-20.0,606.2372123316663,5564.389582670899,581.0023827576961,5251.494671988929,0.9184819905425508,7.521165029494458,8.956848631688503,,,2.41,216.84805143400808,24.21739387216528
1303,,AM,R4017,00,EHZ,61.13513513513514,-149.931698481745,2026-09-14T01:33:59.998000Z,2026-09-14T01:34:59.998000Z,100.0,100.0,60.0,,traffic,1,Traffic,timeofday:America/Anchorage:day7-19:night1-5,AM,2.0-20.0,914.3542568795283,6231.390559573775,886.1958097982116,6284.58001975559,0.9393564076365495,5.080866951723491,6.210852138049441,,,2.41,216.84805143400808,28.981491778210117
1304,,AM,R4017,00,EHZ,61.13513513513514,-149.931698481745,2026-09-14T01:36:59.998000Z,2026-09-14T01:37:59.998000Z,100.0,100.0,60.0,,traffic,1,Traffic,timeofday:America/Anchorage:day7-19:night1-5,AM,2.0-20.0,513.3197934853965,2964.391804219734,480.0381250062861,2746.766425116922,0.8745314651484424,3.8616726968836588,2.5397309353918054,,,2.41,216.84805143400808,12.666779373633556
1305,,AM,R4017,00,EHZ,61.13513513513514,-149.931698481745,2026-09-14T01:43:59.998000Z,2026-09-14T01:44:59.998000Z,100.0,100.0,60.0,,traffic,1,Traffic,timeofday:America/Anchorage:day7-19:night1-5,AM,2.0-20.0,586.4675700773628,4061.6043915822875,558.8385989249248,3734.8587861008955,0.9079977795385864,3.2469043343029202,3.396883334753329,,,2.41,216.84805143400808,17.223391039958226
1306,,AM,R4017,00,EHZ,61.13513513513514,-149.931698481745,2026-09-14T01:57:59.998000Z,2026-09-14T01:58:59.998000Z,100.0,100.0,60.0,,traffic,1,Traffic,timeofday:America/Anchorage:day7-19:night1-5,AM,2.0-20.0,803.1097160692011,6307.403445024219,775.984143999561,6322.865566303848,0.9335894478811597,6.534653847530746,6.9747597288169025,,,2.41,216.84805143400808,29.158046496110863
1307,,AM,R4017,00,EHZ,61.13513513513514,-149.931698481745,2026-09-14T01:59:59.998000Z,2026-09-14T02:00:59.998000Z,100.0,100.0,60.0,,traffic,1,Traffic,timeofday:America/Anchorage:day7-19:night1-5,AM,2.0-20.0,664.6942413402053,5238.404171344723,635.5911513260039,5004.389196126954,0.9143487010173311,3.894171503563589,5.119140155624695,,,2.41,216.84805143400808,23.077861032336305
1308,,AM,R4017,00,EHZ,61.13513513513514,-149.931698481745,2026-09-14T02:00:59.998000Z,2026-09-14T02:01:59.998000Z,100.0,100.0,60.0,,traffic,1,Traffic,timeofday:America/Anchorage:day7-19:night1-5,AM,2.0-20.0,368.4509419412373,2031.4046145583604,331.3480769288006,2176.1315231019394,0.8087411970443645,3.7150232588958643,1.5803321506206123,,,2.41,216.84805143400808,10.035282810757407
1309,,AM,R4017,00,EHZ,61.13513513513514,-149.931698481745,2026-09-14T02:03:59.998000Z,2026-09-14T02:04:59.998000Z,100.0,100.0,60.0,,traffic,1,Traffic,timeofday:America/Anchorage:day7-19:night1-5,AM,2.0-20.0,671.6478920396064,6783.406712118788,650.2903848439814,6226.738578673421,0.9374138225624317,8.87116785550611,17.823559510746435,,,2.41,216.84805143400808,28.714754582742298
1310,,AM,R4017,00,EHZ,61.13513513513514,-149.931698481745,2026-09-14T02:04:59.998000Z,2026-09-14T02:05:59.998000Z,100.0,100.0,60.0,,traffic,1,Traffic,timeofday:America/Anchorage:day7-19:night1-5,AM,2.0-20.0,464.0395514449374,3004.4072078927284,434.3498884468261,2595.427608489244,0.8761317762963989,2.8653552167717615,1.4185499560494712,,,2.41,216.84805143400808,11.96887678411578
1311,,AM,R4017,00,EHZ,61.13513513513514,-149.931698481745,2026-09-14T02:05:59.998000Z,2026-09-14T02:06:59.998000Z,100.0,100.0,60.0,,traffic,1,Traffic,timeofday:America/Anchorage:day7-19:night1-5,AM,2.0-20.0,530.1955521995302,3447.407804744177,500.12885477068033,3632.5688496984603,0.8897984876228963,5.947158732201851,5.577754390139795,,,2.41,216.84805143400808,16.751678540233208
1312,,AM,R4017,00,EHZ,61.13513513513514,-149.931698481745,2026-09-14T02:08:59.998000Z,2026-09-14T02:09:59.998000Z,100.0,100.0,60.0,,traffic,1,Traffic,timeofday:America/Anchorage:day7-19:night1-5,AM,2.0-20.0,839.8128676362139,5758.409437797306,792.9045771177904,6608.542792905135,0.8914085605661504,3.959137838059547,4.567550302069951,,,2.41,216.84805143400808,30.475453891345058
1313,,AM,R4017,00,EHZ,61.13513513513514,-149.931698481745,2026-09-14T02:09:59.998000Z,2026-09-14T02:10:59.998000Z,100.0,100.0,60.0,,traffic,1,Traffic,timeofday:America/Anchorage:day7-19:night1-5,AM,2.0-20.0,687.7402087243205,6633.590549174928,656.7137316482156,7605.786413098405,0.9118079247306305,4.475513248522614,9.799576570604184,,,2.41,216.84805143400808,35.074266809416194
1314,,AM,R4017,00,EHZ,61.13513513513514,-149.931698481745,2026-09-14T02:14:59.998000Z,2026-09-14T02:15:59.998000Z,100.0,100.0,60.0,,traffic,1,Traffic,timeofday:America/Anchorage:day7-19:night1-5,AM,2.0-20.0,317.9297859733974,1442.4123305007859,280.18983621183014,1311.812287519809,0.7766803530233269,3.0055736796487897,0.3958604377816397,,,2.41,216.84805143400808,6.049453886464938
1315,,AM,R4017,00,EHZ,61.13513513513514,-149.931698481745,2026-09-14T02:18:59.998000Z,2026-09-14T02:19:59.998000Z,100.0,100.0,60.0,,traffic,1,Traffic,timeofday:America/Anchorage:day7-19:night1-5,AM,2.0-20.0,464.34047764429806,2683.58522836511,445.7200044546296,3727.55677578324,0.9214062733756363,5.049811786751992,4.364037843946026,,,2.41,216.84805143400808,17.18971764391262
1316,,AM,R4017,00,EHZ,61.13513513513514,-149.931698481745,2026-09-14T02:20:59.998000Z,2026-09-14T02:21:59.998000Z,100.0,100.0,60.0,,traffic,1,Traffic,timeofday:America/Anchorage:day7-19:night1-5,AM,2.0-20.0,484.66831394607044,2440.5842817405637,454.6976998776056,2455.015533455311,0.8801491195089286,3.226547916922258,1.2318071291981258,,,2.41,216.84805143400808,11.321363126024812
1317,,AM,R4017,00,EHZ,61.13513513513514,-149.931698481745,2026-09-14T02:25:59.998000Z,2026-09-14T02:26:59.998000Z,100.0,100.0,60.0,,traffic,1,Traffic,timeofday:America/Anchorage:day7-19:night1-5,AM,2.0-20.0,584.4797847973505,4949.41855426967,536.1115845702014,4543.867671721663,0.8413397219639217,4.343816266449033,11.226857065021552,,,2.41,216.84805143400808,20.95415495630805
1318,,AM,R4017,00,EHZ,61.13513513513514,-149.931698481745,2026-09-14T02:28:59.998000Z,2026-09-14T02:29:59.998000Z,100.0,100.0,60.0,,traffic,1,Traffic,timeofday:America/Anchorage:day7-19:night1-5,AM,2.0-20.0,558.419090302607,3632.4201317975503,528.4704593359018,3583.6902949820496,0.89561409186118,5.481670433645598,2.47152316291767,,,2.41,216.84805143400808,16.526273910617316
1319,,AM,R4017,00,EHZ,61.13513513513514,-149.931698481745,2026-09-14T02:35:59.998000Z,2026-09-14T02:36:59.998000Z,100.0,100.0,60.0,,traffic,1,Traffic,timeofday:America/Anchorage:day7-19:night1-5,AM,2.0-20.0,592.3164690518055,3251.576158792711,570.506096509889,3154.634853925998,0.9277115490348582,3.585934228348828,2.5806147309517513,,,2.41,216.84805143400808,14.547674434077296
1320,,AM,R4017,00,EHZ,61.13513513513514,-149.931698481745,2026-09-14T02:37:59.998000Z,2026-09-14T02:38:59.998000Z,100.0,100.0,60.0,,traffic,1,Traffic,timeofday:America/Anchorage:day7-19:night1-5,AM,2.0-20.0,593.7445636048243,5715.424676511809,566.6819560785628,5897.337107833206,0.9109184034084054,7.0271232910049175,9.350725829551717,,,2.41,216.84805143400808,27.195711784516092
1321,,AM,R4017,00,EHZ,61.13513513513514,-149.931698481745,2026-09-14T02:41:59.998000Z,2026-09-14T02:42:59.998000Z,100.0,100.0,60.0,,traffic,1,Traffic,timeofday:America/Anchorage:day7-19:night1-5,AM,2.0-20.0,736.5211506873819,3753.572968337353,710.7805652926615,3751.969220853055,0.9313236744809327,3.217152876216205,1.7118465213848904,,,2.41,216.84805143400808,17.30229622097788
1322,,AM,R4017,00,EHZ,61.13513513513514,-149.931698481745,2026-09-14T02:42:59.998000Z,2026-09-14T02:43:59.998000Z,100.0,100.0,60.0,,traffic,1,Traffic,timeofday:America/Anchorage:day7-19:night1-5,AM,2.0-20.0,465.64951076517616,2038.5725085919287,432.924950489526,2131.106466317913,0.8643844190405802,2.5755722824631597,0.7282005222693106,,,2.41,216.84805143400808,9.827648679455432
1323,,AM,R4017,00,EHZ,61.13513513513514,-149.931698481745,2026-09-14T02:44:59.998000Z,2026-09-14T02:45:59.998000Z,100.0,100.0,60.0,,traffic,1,Traffic,timeofday:America/Anchorage:day7-19:night1-5,AM,2.0-20.0,1047.7706105033021,9686.571247054795,1030.2892193872722,10333.266720589148,0.9669096308764743,6.725198092488047,11.646813107742481,,,2.41,216.84805143400808,47.652107788175364
1324,,AM,R4017,00,EHZ,61.13513513513514,-149.931698481745,2026-09-14T02:45:59.998000Z,2026-09-14T02:46:59.998000Z,100.0,100.0,60.0,,traffic,1,Traffic,timeofday:America/Anchorage:day7-19:night1-5,AM,2.0-20.0,646.0306810832822,4163.571046337324,619.1478354553722,4229.136775263456,0.9185069149216786,5.659541485247913,6.705492216736008,,,2.41,216.84805143400808,19.502765864375224
